v -0.282636225 2.6013069e-07 0.868580222
v -0.279744804 -0.0402209647 0.868580222
v -0.279373616 -0.0401675925 0.86789757
v -0.282261193 2.59823679e-07 0.867897511
v -0.280858368 -0.0403810665 0.868807852
v -0.271187574 -0.0796275735 0.868580222
v -0.272267044 -0.0799445435 0.868807852
v -0.27082774 -0.0795219168 0.86789757
v -0.25810498 -0.11787229 0.868807852
v -0.25674051 -0.117249168 0.86789757
v -0.257081658 -0.117404953 0.868580222
v -0.273346543 -0.0802615061 0.868580222
v -0.237768888 -0.152804464 0.868580222
v -0.259128302 -0.118339635 0.868580222
v -0.281971902 -0.0405411683 0.868580222
v -0.237453401 -0.152601719 0.86789757
v -0.237453401 -0.152601719 0.866375208
v -0.25674051 -0.117249168 0.863628864
v -0.28488633 2.62091788e-07 0.868580222
v -0.283761263 2.60065264e-07 0.868807852
v -0.280858248 0.0403815582 0.868807852
v -0.279744714 0.0402214564 0.868580222
v -0.279373527 0.0401680879 0.867897511
v -0.271187395 0.0796280205 0.868580222
v -0.281971812 0.04054166 0.868580222
v -0.28234309 -0.0405945368 0.86789757
v -0.282343 0.040595036 0.867897511
v -0.285261363 2.62634273e-07 0.867897511
v -0.273346364 0.0802619532 0.868580222
v -0.272266865 0.0799449757 0.868807852
v -0.273706377 -0.0803671628 0.86789757
v -0.25946942 -0.11849542 0.86789757
v -0.28234309 -0.0405945368 0.862470865
v -0.273706377 -0.0803671628 0.862470865
v -0.273706198 0.0803676099 0.867897511
v -0.282343 0.040595036 0.862470806
v -0.285261363 2.62445894e-07 0.862470865
v -0.284949183 2.62315666e-07 0.859003127
v -0.259469181 0.118495815 0.867897511
v -0.273706198 0.0803676099 0.862470806
v -0.259128064 0.11834003 0.868580222
v -0.258104742 0.117872678 0.868807852
v -0.273406655 0.0802796558 0.859003127
v -0.28203401 0.0405506082 0.859003127
v -0.259469181 0.118495815 0.862470806
v -0.239977002 0.154224068 0.867897511
v -0.2396615 0.154021323 0.868580222
v -0.215574682 0.186796829 0.867897511
v -0.238715038 0.153413057 0.868807852
v -0.239977002 0.154224068 0.862470806
v -0.23776859 0.152804822 0.868580222
v -0.257081389 0.11740534 0.868580222
v -0.214441046 0.185814545 0.868807852
v -0.215291262 0.186551258 0.868580222
v -0.256740272 0.117249548 0.867897511
v 0.152593702 -0.237440959 0.57452029
v 0.152593702 -0.237440959 0.571853817
v 0.117255218 -0.256753951 0.571853757
v 0.152593702 -0.237440959 0.570251524
v 0.117136657 -0.256494224 0.576976776
v 0.152439356 -0.237200812 0.576976836
v 0.184841558 -0.213318944 0.571853817
v 0.152796447 -0.237756416 0.569448948
v 0.117411047 -0.257095069 0.569448888
v 0.153404668 -0.238702849 0.569181383
v 0.117878422 -0.25811848 0.569181383
v 0.185087144 -0.213602364 0.569448948
v 0.118345797 -0.259141862 0.569448948
v 0.154012889 -0.239649236 0.569448948
v 0.154215634 -0.239964709 0.570251524
v 0.18656069 -0.21530287 0.569448948
v 0.186806276 -0.215586305 0.570251524
v 0.184841558 -0.213318944 0.570251524
v 0.185823917 -0.214452639 0.569181383
v 0.213307455 -0.184832305 0.570251524
v 0.214441106 -0.185814589 0.569181383
v 0.213590875 -0.185077876 0.569448948
v 0.213307455 -0.184832305 0.571853817
v 0.237768561 -0.152804911 0.569448948
v 0.215291277 -0.186551318 0.569448948
v 0.215574682 -0.186796889 0.570251524
v 0.186817914 -0.215599731 0.572157085
v 0.239661485 -0.154021427 0.569448948
v 0.215588108 -0.186808527 0.572157085
v 0.215628386 -0.18684344 0.575733125
v 0.239991844 -0.154233783 0.572157085
v 0.238715023 -0.153413162 0.569181383
v 0.259469211 -0.118495889 0.570251524
v 0.258104771 -0.117872767 0.569181383
v 0.259128064 -0.118340105 0.569448948
v 0.240036741 -0.154262602 0.575733125
v 0.239826441 -0.154127434 0.579132259
v 0.215439484 -0.186679766 0.579132259
v 0.259533793 -0.118525416 0.575733125
v 0.214765355 -0.186095625 0.580506802
v 0.239075974 -0.153645173 0.580506802
v 0.23831059 -0.15315327 0.58107394
v 0.258495033 -0.118051015 0.580506802
v 0.257667512 -0.117673099 0.58107394
v 0.259306431 -0.118421569 0.579132259
v 0.273723245 -0.0803726763 0.572157085
v 0.273534566 -0.0803172514 0.579132259
v -0.237768874 -0.152804464 0.569448948
v -0.238715321 -0.153412715 0.569181383
v -0.25810495 -0.117872298 0.569181383
v -0.273346543 -0.0802615136 0.569448948
v -0.272267044 -0.079944551 0.569181383
v -0.280858338 -0.0403810814 0.569181383
v -0.283761263 2.46916841e-07 0.569181383
v -0.282636225 2.46757224e-07 0.569449008
v -0.280858278 0.0403815433 0.569181383
v -0.279744714 0.0402214415 0.569448948
v -0.28488633 2.48718322e-07 0.569448948
v -0.271187425 0.0796280131 0.569448948
v -0.281971902 -0.0405411832 0.569448948
v -0.272266895 0.0799449757 0.569181383
v -0.258104771 0.117872678 0.569181383
v -0.257081419 0.11740534 0.569448948
v -0.273346364 0.0802619383 0.569448948
v -0.281971812 0.0405416489 0.569448948
v -0.28234309 -0.0405945517 0.570251524
v -0.282343 0.0405950211 0.570251524
v -0.285261363 2.49492587e-07 0.570251584
v -0.273706347 -0.0803671703 0.570251584
v -0.273706228 0.080367595 0.570251584
v -0.282413393 -0.0406046584 0.575733125
v -0.273774534 -0.08038719 0.575733125
v -0.25946939 -0.11849542 0.570251524
v -0.259128302 -0.118339635 0.569448948
v -0.239661783 -0.154020965 0.569448948
v -0.259534031 -0.118524939 0.575733125
v -0.239992216 -0.154233336 0.572157085
v -0.239977285 -0.154223725 0.570251584
v -0.215575039 -0.186796501 0.570251524
v -0.214441419 -0.185814187 0.569181383
v -0.215291634 -0.18655093 0.569448948
v -0.213591203 -0.185077474 0.569448948
v -0.213307783 -0.184831902 0.570251524
v -0.186561093 -0.215302572 0.569448948
v -0.185087577 -0.213602036 0.569448948
v -0.18582432 -0.214452311 0.569181383
v -0.186806679 -0.215585992 0.570251524
v -0.18484199 -0.213318631 0.570251524
v -0.15340513 -0.238702551 0.569181383
v -0.186818317 -0.215599418 0.572157025
v -0.154216081 -0.239964426 0.570251524
v -0.154013351 -0.239648953 0.569448948
v -0.152796909 -0.237756148 0.569448948
v -0.118346289 -0.259141654 0.569448888
v -0.152594179 -0.23744069 0.570251524
v -0.117411569 -0.25709489 0.569448948
v -0.117878929 -0.258118272 0.569181383
v -2.70360431e-07 -0.28224647 0.570251524
v -2.7049154e-07 -0.282621443 0.569448888
v -0.0402235836 -0.279759347 0.569448888
v -2.70884954e-07 -0.283746421 0.569181383
v -2.70360431e-07 -0.28224647 0.571853817
v 0.0401696749 -0.279388249 0.574520171
v -2.70360431e-07 -0.28224647 0.574520171
v 0.0402230434 -0.279759437 0.569448888
v 0.0401696749 -0.279388249 0.570251524
v 0.0795177072 -0.270813555 0.570251524
v 0.0403831825 -0.28087306 0.569181383
v 0.0405432843 -0.281986684 0.569448888
v -2.71278338e-07 -0.284871429 0.569448888
v 0.0799402967 -0.272252798 0.569181383
v 0.0796233788 -0.271173358 0.569448888
v -2.71409476e-07 -0.285246432 0.570251524
v 0.0405966528 -0.282357872 0.570251524
v 0.0802572221 -0.273332238 0.569448888
v 0.0803628936 -0.273692012 0.570251524
v 0.0405991711 -0.282375455 0.572156966
v -2.71415701e-07 -0.285264194 0.572156966
v -0.0405997299 -0.282375365 0.572156966
v -2.71434345e-07 -0.28531751 0.575733125
v -0.0406073034 -0.282428145 0.575733125
v -0.0405717306 -0.282180727 0.579132259
v -2.7134692e-07 -0.285067528 0.579132259
v -2.71034992e-07 -0.284175515 0.580506802
v 0.0406067632 -0.282428205 0.575733125
v 0.0405711718 -0.282180786 0.579132259
v 0.0803679302 -0.273709089 0.572156966
v 0.0404442176 -0.281297803 0.580506802
v 0.118508957 -0.259499133 0.572156966
v 0.0803125352 -0.27352038 0.579132259
v 0.118501551 -0.25948298 0.570251524
v 0.0403147489 -0.280397236 0.581073821
v -2.70716868e-07 -0.283265769 0.581073821
v 0.0800612271 -0.272664487 0.580506802
v 0.118531078 -0.259547621 0.575733125
v 0.118427202 -0.259320229 0.579132259
v 0.154254079 -0.240024492 0.575733125
v 0.118056685 -0.258508801 0.580506802
v 0.154225245 -0.239979669 0.572157085
v 0.154118896 -0.239814222 0.579132259
v 0.153636634 -0.239063829 0.580506802
v 0.117678687 -0.257681191 0.581073821
v -0.0795177296 0.270813495 0.86789757
v -0.0796233565 0.271173298 0.868580341
v -0.117411047 0.257095009 0.868580341
v -0.0799402967 0.272252738 0.868807912
v -0.117878407 0.258118421 0.868807912
v -0.040223062 0.279759377 0.868580341
v -0.118345782 0.259141803 0.868580341
v -0.0401696749 0.279388189 0.86789757
v 2.70360403e-07 0.282246351 0.86789757
v 2.51418044e-07 0.282621354 0.868580341
v 2.32737946e-07 0.283746362 0.868807912
v 2.70360403e-07 0.282246351 0.863628924
v -0.0403831638 0.280872971 0.868807912
v -0.0401696749 0.279388189 0.863628924
v -0.0795177296 0.270813495 0.863628924
v -0.0401290506 0.279105574 0.861052394
v 2.70260557e-07 0.281960875 0.861052394
v -0.0405432843 0.281986564 0.868580341
v 2.3313136e-07 0.28487137 0.868580341
v -0.0794372931 0.270539552 0.861052394
v 2.69961049e-07 0.281104386 0.860039771
v 2.5233598e-07 0.285246372 0.86789757
v -0.0802572593 0.273332149 0.868580341
v -0.0405966528 0.282357782 0.86789757
v -0.0803629309 0.273691982 0.86789757
v -0.118501574 0.25948295 0.86789757
v -0.0405966528 0.282357782 0.862470865
v -0.118501574 0.25948295 0.862470865
v 2.5233598e-07 0.285246372 0.862470865
v -0.0803629309 0.273691982 0.862470865
v -0.0405522324 0.282048762 0.859003246
v 2.52226812e-07 0.284934223 0.859003246
v 2.51899337e-07 0.283997715 0.857632995
v -0.0802749619 0.273392469 0.859003246
v -0.118371889 0.259198964 0.859003127
v -0.154215589 0.239964694 0.862470865
v -0.154046819 0.239702076 0.859003127
v -0.186601773 0.215350389 0.859003127
v -0.0404189453 0.281121761 0.857632995
v -0.0800111368 0.272493899 0.857632995
v -0.153540507 0.238914222 0.857632875
v -0.185988471 0.214642569 0.857632875
v -0.0402894765 0.280221164 0.857153237
v 2.51581156e-07 0.28308785 0.857153237
v -0.117982849 0.258347034 0.857632875
v 2.51499984e-07 0.282855749 0.856357276
v -0.0797548071 0.271620899 0.857153237
v -0.117604874 0.257519394 0.857153237
v -0.040256422 0.279991359 0.856357276
v -0.0796894059 0.271398157 0.856357276
v -0.0402678289 0.280070603 0.838358402
v 2.32454497e-07 0.282935768 0.838358402
v -0.15304862 0.238148823 0.857153237
v -0.0797119513 0.271474957 0.838358402
v -0.117508419 0.257308215 0.856357276
v -0.117541678 0.257381022 0.838358402
v 2.32463833e-07 0.282962471 0.582050502
v -0.152923122 0.237953544 0.856357276
v -0.0797195062 0.271500587 0.582050502
v -0.0402716435 0.280097008 0.582050502
v -0.2156284 0.186843351 0.575733125
v -0.215439498 0.186679661 0.579132259
v -0.186689079 0.215451092 0.579132318
v -0.239826515 0.15412733 0.579132259
v -0.21476537 0.186095536 0.580506802
v -0.186104923 0.214776903 0.580506861
v -0.153636664 0.23906377 0.580506861
v -0.239076063 0.153645054 0.580506861
v -0.258495063 0.118050933 0.580506802
v -0.185509115 0.214089319 0.58107394
v -0.23831068 0.153153181 0.58107394
v -0.118056744 0.258508742 0.580506921
v -0.118427299 0.259320199 0.579132318
v -0.0800612643 0.272664428 0.580506921
v -0.117678784 0.257681191 0.58107394
v -0.0798049569 0.271791548 0.58107394
v -0.153144807 0.238298431 0.58107394
v -0.117552802 0.257405281 0.582050502
v -0.152980849 0.238043323 0.582050443
v -0.185310513 0.213860124 0.582050443
v -0.213848636 0.185301185 0.582050383
v -0.152966395 0.238020867 0.838358402
v -0.185293004 0.213839978 0.838358402
v -0.185240597 0.213779479 0.856357217
v -0.213828444 0.18528372 0.838358283
v -0.238033086 0.152974799 0.838358283
v -0.213767961 0.185231298 0.856357217
v -0.257391661 0.117547028 0.582050383
v -0.257367373 0.117535949 0.838358402
v -0.151359424 -0.23551932 0.857605994
v -0.151359409 -0.23551932 0.786269963
v -0.183346286 -0.211592451 0.857605994
v -0.152594209 -0.237440705 0.863628745
v -0.117255837 -0.256753743 0.863628745
v -0.117137216 -0.256494075 0.861052275
v -0.117255814 -0.256753743 0.866375148
v -0.0795183182 -0.270813435 0.863628745
v -0.0795183182 -0.270813435 0.866375148
v -0.0791965872 -0.269717753 0.860039592
v -0.116781399 -0.255714923 0.860039592
v -0.116425581 -0.254935801 0.859315813
v -0.0794378817 -0.270539492 0.861052275
v -0.0401702709 -0.279388219 0.866375148
v -0.0795183182 -0.270813435 0.867897511
v -0.0401296243 -0.279105633 0.861052275
v -0.0401702709 -0.279388189 0.863628745
v -0.0401702709 -0.279388189 0.867897511
v -0.0402236581 -0.279759407 0.868580163
v -3.08507396e-07 -0.2822465 0.863628745
v -3.08507396e-07 -0.2822465 0.867897511
v -3.08507396e-07 -0.2822465 0.866375148
v -3.08638533e-07 -0.282621503 0.868580163
v -3.08407579e-07 -0.281960994 0.861052275
v -3.09031947e-07 -0.283746481 0.868807733
v -0.0403837599 -0.28087303 0.868807733
v -0.0405438654 -0.281986624 0.868580163
v -3.08108071e-07 -0.281104535 0.860039592
v -3.09425332e-07 -0.284871489 0.868580163
v -3.09556469e-07 -0.285246491 0.867897511
v 0.0402230062 -0.279759526 0.868580163
v 0.0405432098 -0.281986713 0.868580163
v 0.040383108 -0.28087309 0.868807733
v 0.0401696377 -0.279388279 0.867897511
v 0.0405966155 -0.282357931 0.867897511
v 0.0799402967 -0.272252828 0.868807733
v 0.0401696377 -0.279388279 0.866375148
v 0.0795177072 -0.270813584 0.867897511
v 0.0796233788 -0.271173388 0.868580163
v 0.0401696377 -0.279388279 0.863628745
v 0.0401290096 -0.279105693 0.861052275
v 0.0795177072 -0.270813584 0.863628745
v 0.0795177072 -0.270813584 0.866375148
v 0.11741101 -0.257095098 0.868580163
v 0.117255218 -0.256753981 0.866375148
v 0.117255218 -0.256753981 0.867897511
v 0.117878385 -0.25811851 0.868807733
v 0.152593702 -0.237441003 0.867897511
v 0.117255218 -0.256753981 0.863628745
v 0.152796417 -0.237756476 0.868580222
v 0.153404623 -0.238702878 0.868807852
v 0.11834576 -0.259141892 0.868580163
v 0.0802572221 -0.273332268 0.868580163
v 0.0803628936 -0.273692071 0.867897511
v 0.154012889 -0.239649296 0.868580222
v 0.185087144 -0.213602424 0.868580222
v 0.18656069 -0.215302959 0.868580222
v 0.185823917 -0.214452714 0.868807852
v 0.154215634 -0.239964768 0.867897511
v 0.118501551 -0.25948301 0.867897511
v 0.118501551 -0.25948301 0.866085649
v 0.0405966155 -0.282357931 0.866085649
v -3.09556469e-07 -0.285246491 0.866085649
v 0.0803628936 -0.273692071 0.866085649
v -3.09556469e-07 -0.285246491 0.862470806
v 0.0405966155 -0.282357931 0.862470806
v 0.0803628936 -0.273692071 0.862470806
v 0.0405521728 -0.282048881 0.859003067
v 0.118501551 -0.25948301 0.862470806
v -3.0944733e-07 -0.284934342 0.859003067
v -0.0405527912 -0.282048792 0.859003067
v 0.0802749246 -0.273392558 0.859003067
v -3.09119827e-07 -0.283997834 0.857632816
v -0.040419504 -0.281121761 0.857632816
v -0.0800117105 -0.272493809 0.857632816
v 0.118371889 -0.259199023 0.859003067
v 0.0800110996 -0.272493988 0.857632816
v 0.0404188894 -0.28112188 0.857632816
v -0.0402899943 -0.280221164 0.857153177
v 0.0402894169 -0.280221254 0.857153177
v -3.08801674e-07 -0.283087969 0.857153177
v -0.0797553807 -0.27162087 0.857153177
v -3.08720502e-07 -0.282855868 0.856357217
v 0.0797547549 -0.271621019 0.857153177
v -0.117605396 -0.257519215 0.857153177
v -0.117983371 -0.258346885 0.857632816
v -0.153541043 -0.238913998 0.857632816
v -0.0796899796 -0.271398127 0.856357217
v -0.153049156 -0.238148615 0.857153177
v -0.0402569994 -0.279991388 0.856357217
v -0.18539311 -0.213954613 0.857153177
v -0.152923644 -0.23795332 0.856357217
v -0.117508978 -0.257308066 0.856357217
v -0.04027218 -0.280097008 0.786269903
v -0.117542207 -0.257380873 0.838358283
v -0.079712525 -0.271474898 0.838358283
v -3.08748469e-07 -0.282935888 0.838358283
v -0.0797200426 -0.271500498 0.786269903
v -0.152966917 -0.238020658 0.838358283
v -3.08757819e-07 -0.282962561 0.786269903
v 0.0402677506 -0.280070692 0.838358283
v 0.0402563848 -0.279991478 0.856357217
v 0.0796893686 -0.271398276 0.856357217
v 0.0402715653 -0.280097097 0.786269903
v -0.0402721614 -0.280097008 0.717681944
v 0.0402715653 -0.280097097 0.717681944
v -3.08757791e-07 -0.282962531 0.717681944
v 0.0797194317 -0.271500647 0.786269903
v 0.0797119141 -0.271475047 0.838358283
v 0.117541589 -0.257381111 0.838358283
v 0.117604837 -0.257519454 0.857153177
v 0.117508359 -0.257308304 0.856357217
v 0.11798279 -0.258347124 0.857632816
v 0.152923137 -0.237953618 0.856357217
v 0.153540552 -0.238914311 0.857632816
v 0.153048635 -0.238148913 0.857153177
v 0.152966395 -0.238020957 0.838358283
v 0.185392663 -0.213955015 0.857153177
v 0.154046878 -0.239702165 0.859003067
v 0.154215634 -0.239964768 0.862470806
v 0.186601847 -0.215350464 0.859003127
v 0.154215634 -0.239964768 0.866085649
v 0.186806276 -0.215586379 0.866085649
v 0.186806276 -0.215586409 0.862470865
v 0.185988516 -0.214642644 0.857632875
v 0.215574682 -0.186796963 0.862470865
v 0.186806276 -0.215586409 0.867897511
v 0.215574682 -0.186796963 0.86789757
v 0.215574682 -0.186796963 0.866085768
v 0.215338781 -0.186592534 0.859003127
v 0.214630991 -0.185979247 0.857632875
v 0.23971428 -0.154055461 0.859003127
v 0.239976928 -0.154224247 0.866085768
v 0.239976957 -0.154224247 0.862470865
v 0.213943392 -0.185383439 0.857153237
v 0.215291277 -0.186551392 0.868580222
v 0.214441106 -0.185814664 0.868807852
v 0.239661485 -0.154021487 0.868580222
v 0.239976957 -0.154224247 0.86789757
v 0.259469211 -0.118495971 0.86789757
v 0.213590875 -0.18507795 0.868580222
v 0.238715023 -0.153413236 0.868807852
v 0.237768516 -0.152804986 0.868580222
v 0.258104712 -0.117872864 0.868807852
v 0.118502118 0.259482712 0.570251644
v 0.118531644 0.259547353 0.575733185
v 0.154254481 0.240024149 0.575733185
v 0.0803834572 0.273760021 0.575733185
v 0.118427731 0.259319931 0.579132318
v 0.154119372 0.239813864 0.579132318
v 0.1868532 0.215639636 0.575733125
v 0.186818376 0.215599373 0.572157085
v 0.153637111 0.239063472 0.580506861
v 0.118057206 0.258508533 0.580506921
v 0.186689541 0.215450704 0.579132259
v 0.117679209 0.257680923 0.58107394
v 0.153145239 0.238298133 0.58107394
v 0.152981281 0.238043025 0.582050443
v 0.185509592 0.214088961 0.58107394
v 0.186105371 0.214776561 0.580506861
v 0.215628743 0.186842963 0.575733125
v 0.214765787 0.186095148 0.580506802
v 0.215439886 0.186679274 0.579132259
v 0.215588465 0.18680805 0.572157085
v 0.215575069 0.186796442 0.570251524
v 0.239826813 0.154126942 0.579132259
v 0.239992291 0.154233262 0.572157085
v 0.240037069 0.154262081 0.575733125
v 0.239076376 0.153644666 0.580506861
v 0.259534031 0.118524909 0.575733125
v 0.23997733 0.154223666 0.570251584
v 0.239661828 0.154020905 0.569448948
v 0.215291679 0.186550871 0.569448948
v 0.25946939 0.11849539 0.570251524
v 0.214441419 0.185814127 0.569181383
v 0.238715366 0.153412655 0.569181383
v 0.237768933 0.152804404 0.569448948
v 0.25810495 0.117872275 0.569181383
v 0.257081628 0.117404923 0.569448948
v 0.259485573 0.118502766 0.572157085
v 0.259128302 0.118339613 0.569448948
v 0.273723394 0.0803721696 0.572157085
v 0.273346543 0.0802615136 0.569448948
v 0.273706377 0.0803671628 0.570251584
v 0.273774505 0.0803871825 0.575733125
v 0.28234306 0.0405945405 0.570251524
v 0.272267044 0.0799445435 0.569181383
v 0.280858338 0.0403810702 0.569181383
v 0.281971842 0.040541172 0.569448948
v 0.271187574 0.0796275735 0.569448948
v 0.25674051 0.117249139 0.570251524
v 0.270827711 0.0795219168 0.570251584
v 0.28488633 -2.71347432e-07 0.569448948
v 0.285261363 -2.7204311e-07 0.570251584
v 0.28234303 -0.0405950658 0.570251524
v 0.285279095 -2.72711418e-07 0.572157085
v 0.282360613 -0.040597599 0.572157085
v 0.282360643 0.04059707 0.572157085
v 0.282413363 -0.04060518 0.575733125
v 0.282413363 0.040604651 0.575733125
v 0.285332441 -2.73778767e-07 0.575733125
v 0.285082519 -2.7464543e-07 0.579132259
v 0.282165915 -0.0405696109 0.579132259
v 0.281282991 -0.0404426605 0.580506802
v 0.272678643 -0.0800659359 0.580506861
v 0.282165945 0.0405690745 0.579132259
v 0.273534656 0.0803167522 0.579132259
v 0.281283021 0.0404421315 0.580506802
v 0.284190387 -2.75527924e-07 0.580506861
v 0.271805704 -0.0798096284 0.58107394
v 0.259306639 0.11842107 0.579132259
v 0.258495241 0.118050516 0.580506802
v 0.272678763 0.0800654292 0.580506861
v 0.271805823 0.0798091069 0.58107394
v 0.238311008 0.153152779 0.58107394
v 0.257667691 0.117672592 0.58107394
v 0.280382544 0.040312659 0.58107394
v 0.214078218 0.185499385 0.58107394
v 0.25739184 0.117546611 0.582050383
v 0.213849038 0.185300797 0.582050383
v 0.23805587 0.152988821 0.582050383
v 0.271514833 0.0797236711 0.582050383
v 0.18531096 0.213859782 0.582050443
v 0.18531096 0.213859767 0.650184333
v 0.18531099 0.213859737 0.717682064
v 0.213849038 0.185300767 0.599674523
v 0.213849038 0.185300753 0.650184333
v 0.213849038 0.185300753 0.717682064
v 0.23805587 0.152988777 0.717682064
v 0.25739184 0.117546596 0.650184333
v 0.25739184 0.117546611 0.599674523
v 0.271514744 0.0797236562 0.599674523
v 0.271514833 0.0797236487 0.650184333
v 0.280082345 0.0402694754 0.650184333
v 0.280082345 0.0402694978 0.599674523
v 0.282977343 -2.79940167e-07 0.599674523
v 0.282977313 -2.95092804e-07 0.650184333
v 0.282977343 -3.12630874e-07 0.717682064
v 0.280082375 -0.0402700529 0.650184333
v 0.280082375 -0.0402700678 0.717682064
v 0.282977313 -2.7364419e-07 0.582050383
v 0.271514744 -0.0797242224 0.717682064
v 0.271514684 -0.0797241926 0.650184333
v 0.257391691 -0.117547117 0.599674523
v 0.280082375 -0.0402700342 0.599674523
v 0.271514744 -0.0797241852 0.599674523
v 0.257391691 -0.117547117 0.582050383
v 0.280082375 -0.0402700268 0.582050383
v 0.271514684 -0.0797241777 0.582050383
v 0.280382544 -0.040313188 0.58107394
v 0.283280581 -2.74122812e-07 0.58107394
v -0.271514684 0.0797241032 0.582050383
v -0.238055557 0.152989224 0.582050383
v -0.21407783 0.185499787 0.58107394
v -0.257667512 0.11767301 0.58107394
v -0.271805674 0.0798095465 0.58107394
v -0.280082315 0.0402699821 0.582050383
v -0.280382484 0.0403131433 0.58107394
v -0.283280581 2.49529762e-07 0.58107394
v -0.282977313 2.49471753e-07 0.582050383
v -0.280082405 -0.040269509 0.582050383
v -0.28005591 0.0402661972 0.838358402
v -0.271412283 0.0796940476 0.856357217
v -0.28295064 2.59638085e-07 0.838358402
v -0.280056 -0.0402657017 0.838358402
v -0.271514833 -0.0797236785 0.582050383
v -0.279976666 0.0402548052 0.856357217
v -0.282870591 2.60413884e-07 0.856357217
v -0.257294565 0.117502704 0.856357217
v -0.237965763 0.152931526 0.856357217
v -0.238161057 0.153057024 0.857153177
v -0.279976785 -0.0402543098 0.856357217
v -0.213943392 0.185383305 0.857153177
v -0.214630991 0.185979113 0.857632875
v -0.185392603 0.213954955 0.857153177
v -0.271489233 -0.079716146 0.838358402
v -0.271514833 -0.0797236711 0.786269963
v -0.271412432 -0.0796936005 0.856357217
v -0.271635205 -0.0797590092 0.857153177
v -0.257367611 -0.117535546 0.838358402
v -0.257294804 -0.117502302 0.856357217
v -0.257505983 -0.117598742 0.857153177
v -0.258333594 -0.117976703 0.857632875
v -0.238161355 -0.153056681 0.857153237
v -0.238926783 -0.153548598 0.857632875
v -0.214631394 -0.18597877 0.857632875
v -0.213943779 -0.185382962 0.857153237
v -0.237966061 -0.152931169 0.856357217
v -0.213768363 -0.185230941 0.856357217
v -0.185241088 -0.213779181 0.856357217
v -0.185293496 -0.213839635 0.838358402
v -0.23805581 -0.152988866 0.786269963
v -0.23805581 -0.152988851 0.717682064
v -0.18531093 -0.213859811 0.650184333
v -0.152981326 -0.238043085 0.786269963
v -0.25739187 -0.11754664 0.582050383
v -0.23805581 -0.152988866 0.599674523
v -0.213848978 -0.185300842 0.650184333
v -0.23805581 -0.152988881 0.582050383
v -0.238310948 -0.153152838 0.58107394
v -0.213848978 -0.185300842 0.582050383
v -0.213848978 -0.185300842 0.599674523
v -0.214078143 -0.185499445 0.58107394
v -0.214765713 -0.186095178 0.580506802
v -0.18531093 -0.213859797 0.599674523
v -0.185509533 -0.214089006 0.58107394
v -0.186105341 -0.214776605 0.580506802
v -0.186689496 -0.215450779 0.579132259
v -0.153637111 -0.239063516 0.580506802
v -0.154119372 -0.239813924 0.579132259
v -0.18531093 -0.213859841 0.582050383
v -0.152981311 -0.238043085 0.582050383
v -0.153145269 -0.238298193 0.58107388
v -0.118427768 -0.259320021 0.579132259
v -0.154254496 -0.240024224 0.575733125
v -0.117679246 -0.257681012 0.581073821
v -0.118057191 -0.258508593 0.580506802
v -0.118502095 -0.259482771 0.570251524
v -0.0800617635 -0.272664368 0.580506802
v -0.0803834945 -0.273760051 0.575733006
v -0.0803130716 -0.273520231 0.579132199
v -0.117553264 -0.257405132 0.582050383
v -0.0803684592 -0.27370894 0.572156966
v -0.0803634673 -0.273691863 0.570251524
v -0.0798054487 -0.271791458 0.581073821
v -0.0405971929 -0.282357782 0.570251524
v -0.0797199979 -0.271500498 0.582050383
v -0.0403153263 -0.280397177 0.581073821
v -0.0405438058 -0.281986594 0.569448888
v -0.0802578181 -0.273332059 0.569448888
v -0.0404447764 -0.281297714 0.580506802
v -0.0799408704 -0.272252679 0.569181383
v -0.040383704 -0.280872971 0.569181383
v -0.0796239302 -0.271173209 0.569448888
v -0.0795182809 -0.270813406 0.570251524
v -0.117255799 -0.256753743 0.570251524
v -0.0401702151 -0.27938816 0.570251524
v -0.117255777 -0.256753743 0.571853817
v -0.152594179 -0.23744069 0.571853817
v -0.18484199 -0.213318631 0.571853817
v -0.213307783 -0.184831902 0.571853817
v -0.213307783 -0.184831902 0.57452029
v -0.18484199 -0.213318631 0.57452029
v -0.152594179 -0.23744069 0.57452029
v -0.184655011 -0.213102847 0.576976836
v -0.117255799 -0.256753743 0.574520171
v -0.213092029 -0.184644952 0.576976836
v -0.237213194 -0.152447373 0.576976836
v -0.212444752 -0.184084088 0.577949584
v -0.236492649 -0.151984289 0.577949584
v -0.152439833 -0.237200513 0.576976836
v -0.235772088 -0.151521236 0.578754067
v -0.211797476 -0.183523223 0.578754067
v -0.211581707 -0.183336258 0.580706
v -0.184094116 -0.212455526 0.577949584
v -0.183533207 -0.21180822 0.578754067
v -0.151976779 -0.236479998 0.577949524
v -0.183346257 -0.211592451 0.580706
v -0.151359379 -0.23551932 0.580705941
v -0.15151374 -0.235759497 0.578754067
v -0.117137179 -0.256494045 0.576976776
v -0.116425544 -0.254935801 0.578753948
v -0.0795182809 -0.270813406 0.574520171
v -0.07919655 -0.269717693 0.577949524
v -0.0794378445 -0.270539492 0.576976776
v -0.0795182809 -0.270813406 0.571853817
v -0.0401702337 -0.27938816 0.571853757
v -0.0401295871 -0.279105544 0.576976776
v -0.0401702151 -0.27938816 0.574520171
v 0.214631438 0.185978666 0.857632875
v 0.185988978 0.214642137 0.857632875
v 0.186602265 0.215349913 0.859003127
v 0.258333623 0.117976591 0.857632875
v 0.257505983 0.117598638 0.857153177
v 0.23816143 0.153056562 0.857153177
v 0.271635145 0.0797589272 0.857153177
v 0.272508204 0.0800152719 0.857632875
v 0.281107098 0.0404167511 0.857632875
v 0.280206561 0.0402872711 0.857153177
v 0.283102751 -3.52522591e-07 0.857153237
v 0.257294804 0.117502205 0.856357217
v 0.279976755 0.040254239 0.856357217
v 0.271412432 0.0796935335 0.856357217
v 0.213943839 0.185382858 0.857153177
v 0.28287062 -3.52289391e-07 0.856357217
v 0.279976726 -0.0402549244 0.856357217
v 0.28295064 -3.46079219e-07 0.838358402
v 0.28005594 -0.0402663052 0.838358402
v 0.280082375 -0.0402700938 0.786269963
v 0.282977313 -3.31730178e-07 0.786269963
v 0.271514833 0.0797236115 0.786269963
v 0.280082345 0.0402694456 0.786269963
v 0.257367611 0.117535464 0.838358283
v 0.25739187 0.117546551 0.786269963
v 0.271514833 0.0797236264 0.717682064
v 0.238033444 0.152974322 0.838358283
v 0.23796612 0.152931049 0.856357217
v 0.213768393 0.185230851 0.856357217
v 0.25739184 0.117546573 0.717682064
v 0.213849038 0.185300738 0.786269963
v 0.185293481 0.213839546 0.838358402
v 0.185241103 0.213779062 0.856357217
v 0.185393155 0.213954493 0.857153177
v 0.152923644 0.237953216 0.856357276
v 0.153541058 0.238913879 0.857632875
v 0.153049156 0.238148481 0.857153237
v 0.15404734 0.239701718 0.859003127
v 0.154216141 0.239964321 0.862470865
v 0.117605358 0.257519096 0.857153237
v 0.118372455 0.259198695 0.859003246
v 0.117983393 0.258346766 0.857632875
v 0.117509 0.257307976 0.856357276
v 0.0800116733 0.27249372 0.857632995
v 0.118502155 0.259482652 0.862470865
v 0.0797553286 0.271620721 0.857153237
v 0.0796899423 0.271398008 0.856357276
v 0.117542185 0.257380754 0.838358402
v 0.152966946 0.238020539 0.838358402
v 0.152981326 0.23804298 0.786269963
v 0.18531096 0.213859722 0.786269963
v 0.0797124878 0.271474808 0.838358402
v 0.0402569212 0.279991269 0.856357276
v 0.0402899571 0.280221075 0.857153237
v 2.51499984e-07 0.282855749 0.856357276
v 2.32454497e-07 0.282935768 0.838358402
v 2.51581156e-07 0.28308785 0.857153237
v 2.51899337e-07 0.283997715 0.857632995
v 0.0402720682 0.280096948 0.582050502
v 2.32463833e-07 0.282962471 0.582050502
v 0.0404194668 0.281121671 0.857632995
v 0.0797199979 0.271500438 0.582050502
v 0.117553286 0.257405072 0.582050502
v 0.0403152108 0.280397117 0.58107394
v 2.13496392e-07 0.28326571 0.58107394
v 1.94741048e-07 0.284175485 0.580506921
v 0.0404447205 0.281297684 0.580506921
v 0.0798054487 0.271791399 0.58107394
v 0.0405716747 0.282180637 0.579132318
v 1.95052976e-07 0.285067499 0.579132318
v 0.0800617188 0.272664309 0.580506921
v 1.95140387e-07 0.285317481 0.575733185
v 0.0406072251 0.282428086 0.575733185
v 0.0803130344 0.273520172 0.579132318
v 0.0405971184 0.282357752 0.570251644
v 1.95115533e-07 0.285246402 0.570251644
v 0.0803634673 0.273691863 0.570251644
v 0.0405437499 0.281986505 0.569449008
v 1.94984395e-07 0.284871399 0.569449008
v 1.94590996e-07 0.283746421 0.569181442
v 0.0403836071 0.280872941 0.569181442
v 0.0802577958 0.273332059 0.569449008
v 0.0402235053 0.279759347 0.569449008
v 1.94197597e-07 0.282621413 0.569449008
v 0.0799408332 0.272252619 0.569181442
v 2.13139955e-07 0.282246411 0.570251644
v 0.118346363 0.259141594 0.569449008
v 0.0401701368 0.27938816 0.570251644
v 0.0796238706 0.271173149 0.569449008
v 0.0795182437 0.270813376 0.570251644
v 2.13139955e-07 0.282246411 0.57452035
v 0.117411606 0.2570948 0.569449008
v 0.0401701368 0.27938816 0.57452035
v 0.0401295125 0.279105544 0.576976955
v 1.93966628e-07 0.281960934 0.576976955
v 0.0795182437 0.270813376 0.57452035
v 2.12740616e-07 0.281104445 0.577949584
v 0.117255777 0.256753683 0.570251644
v 0.0400076322 0.278257728 0.577949584
v 0.0794377923 0.270539433 0.576976955
v 0.0398857147 0.277409971 0.578754127
v 2.12441108e-07 0.280247986 0.578754127
v 0.0791965127 0.269717664 0.577949584
v 2.12341291e-07 0.27996251 0.580706
v 0.117137216 0.256493986 0.576976955
v 0.0398451239 0.277127355 0.580706
v 0.0789552331 0.268895894 0.578754127
v 0.0788747743 0.268621981 0.580706
v 0.116425626 0.254935771 0.578754127
v 0.0398451611 0.277127296 0.857606053
v 2.31414759e-07 0.27996248 0.717682064
v 2.69561724e-07 0.27996245 0.857606053
v 0.078874819 0.268621922 0.857606053
v -0.238926485 0.153548941 0.857632875
v -0.239714354 0.154055282 0.859003127
v -0.258333355 0.11797709 0.857632875
v -0.272508055 0.0800158009 0.857632875
v -0.281107038 0.0404173322 0.857632875
v -0.271635026 0.0797594488 0.857153177
v -0.257505745 0.11759913 0.857153177
v -0.284012616 2.62491881e-07 0.857632875
v -0.280206442 0.0402878448 0.857153177
v -0.283102751 2.61168111e-07 0.857153177
v -0.281107128 -0.0404168293 0.857632875
v -0.282034099 -0.040550109 0.859003127
v -0.273406833 -0.0802791938 0.859003127
v -0.280206531 -0.0402873456 0.857153177
v -0.272508204 -0.0800153464 0.857632875
v -0.25946942 -0.11849542 0.862470865
v -0.259185463 -0.118365742 0.859003127
v -0.239714682 -0.154054955 0.859003127
v -0.2399773 -0.154223725 0.862470865
v -0.215575069 -0.186796501 0.862470865
v -0.2399773 -0.154223725 0.86789757
v -0.239661828 -0.15402095 0.868580222
v -0.215575069 -0.186796501 0.86789757
v -0.238715366 -0.153412715 0.868807852
v -0.214441463 -0.185814187 0.868807852
v -0.215291679 -0.18655093 0.868580222
v -0.215575069 -0.186796501 0.866085768
v -0.186561123 -0.215302587 0.868580222
v -0.186806709 -0.215586007 0.866085649
v -0.186806709 -0.215585992 0.867897511
v -0.213591233 -0.185077474 0.868580222
v -0.213307828 -0.184831902 0.86789757
v -0.185087606 -0.213602051 0.868580222
v -0.18582435 -0.214452296 0.868807852
v -0.154216126 -0.239964455 0.867897511
v -0.153405175 -0.238702565 0.868807852
v -0.15401338 -0.239648998 0.868580222
v -0.154216126 -0.23996447 0.866085649
v -0.118346341 -0.259141654 0.868580163
v -0.152796954 -0.237756178 0.868580222
v -0.118502133 -0.259482771 0.867897511
v -0.118502133 -0.259482771 0.866085649
v -0.154216126 -0.239964455 0.862470806
v -0.186806709 -0.215585992 0.862470865
v -0.186602265 -0.215350062 0.859003127
v -0.215339154 -0.186592072 0.859003127
v -0.154047355 -0.239701852 0.859003067
v -0.118502133 -0.259482771 0.862470806
v -0.118372433 -0.259198785 0.859003067
v -0.185988963 -0.214642256 0.857632875
v -0.0803635046 -0.273691922 0.862470806
v -0.0803635046 -0.273691922 0.866085649
v -0.0803635046 -0.273691922 0.867897511
v -0.0405972116 -0.282357842 0.866085649
v -0.0802755579 -0.273392409 0.859003067
v -0.0802578554 -0.273332089 0.868580163
v -0.0405972339 -0.282357812 0.862470806
v -0.0405972339 -0.282357812 0.867897511
v -0.0799409077 -0.272252679 0.868807733
v -0.117878966 -0.258118242 0.868807733
v -0.117411606 -0.25709489 0.868580163
v -0.0796239674 -0.271173239 0.868580163
v -0.117255837 -0.256753743 0.867897511
v -0.152594209 -0.237440705 0.867897511
v -0.184842035 -0.213318631 0.867897511
v -0.152594209 -0.237440705 0.866375208
v -0.213307828 -0.184831902 0.866375208
v -0.213307828 -0.184831902 0.863628864
v -0.184842035 -0.213318631 0.863628864
v -0.237453401 -0.152601719 0.863628864
v -0.184655055 -0.213102862 0.861052334
v -0.237213224 -0.152447373 0.861052334
v -0.213092074 -0.184644967 0.861052334
v -0.256480843 -0.117130578 0.861052334
v -0.270553797 -0.0794414878 0.861052334
v -0.255701751 -0.116774783 0.860039651
v -0.269731969 -0.0792001709 0.860039651
v -0.212444782 -0.184084088 0.860039651
v -0.236492664 -0.151984289 0.860039651
v -0.26891014 -0.078958869 0.859315872
v -0.278243273 -0.040005073 0.860039651
v -0.235772133 -0.151521236 0.859315872
v -0.254922688 -0.116418988 0.859315872
v -0.277395517 -0.0398831852 0.859315872
v -0.280262649 2.57971436e-07 0.859315872
v -0.254662991 -0.116300389 0.857606053
v -0.277112931 -0.0398425572 0.857605994
v 0.079804875 -0.271791577 0.581073821
v 0.186689094 -0.215451121 0.579132259
v 0.186852813 -0.215640038 0.575733125
v 0.186104953 -0.214776963 0.580506802
v 0.18550913 -0.214089364 0.58107388
v 0.153144777 -0.238298491 0.58107388
v 0.152980849 -0.238043368 0.582050383
v 0.117552727 -0.257405311 0.582050383
v 0.0797194317 -0.271500587 0.582050383
v 0.214077786 -0.185499832 0.58107394
v 0.0402715653 -0.280097067 0.582050383
v 0.117552727 -0.25740537 0.650184274
v 0.185310543 -0.213860154 0.582050383
v -2.70610826e-07 -0.282962501 0.582050383
v 0.0402715653 -0.280097067 0.599674463
v -0.0402721427 -0.280097008 0.582050383
v -0.0402721614 -0.280097008 0.599674463
v -2.70610826e-07 -0.282962501 0.599674463
v 0.0797194317 -0.271500617 0.599674463
v -2.89684294e-07 -0.282962501 0.650184274
v 0.0797194317 -0.271500647 0.650184274
v 0.0402715653 -0.280097067 0.650184274
v -0.0797199979 -0.271500498 0.599674463
v -0.117553264 -0.257405132 0.599674463
v -0.0797200203 -0.271500498 0.650184274
v -0.152981311 -0.238043085 0.599674523
v -0.152981311 -0.238043085 0.650184274
v -0.117553264 -0.257405132 0.650184274
v -0.0797200426 -0.271500468 0.717681944
v 0.0797194317 -0.271500647 0.717681944
v -0.117553286 -0.257405132 0.786269903
v -0.152981326 -0.238043085 0.717681944
v 0.117552683 -0.257405311 0.717681944
v 0.117552683 -0.25740537 0.786269903
v 0.152980819 -0.238043383 0.786269963
v 0.152980849 -0.238043368 0.650184274
v 0.152980819 -0.238043383 0.717681944
v 0.185293034 -0.213840052 0.838358402
v 0.185310543 -0.213860214 0.786269963
v 0.152980849 -0.238043338 0.599674523
v 0.185310543 -0.213860154 0.599674523
v 0.185310543 -0.213860169 0.650184333
v 0.213848606 -0.185301244 0.599674523
v 0.213848606 -0.185301289 0.786269963
v 0.213848606 -0.185301259 0.717682064
v 0.213848606 -0.185301244 0.582050383
v 0.238055468 -0.152989343 0.599674523
v 0.238055497 -0.152989313 0.582050383
v 0.238055497 -0.152989343 0.650184333
v 0.238055468 -0.152989358 0.717682064
v 0.238055497 -0.152989373 0.786269963
v 0.257391691 -0.117547154 0.717682064
v 0.257391691 -0.117547169 0.786269963
v 0.238032997 -0.152974963 0.838358402
v 0.213828459 -0.185283825 0.838358402
v 0.213767961 -0.185231417 0.856357276
v 0.257367432 -0.117536098 0.838358402
v 0.185240656 -0.213779569 0.856357217
v 0.237965733 -0.15293169 0.856357276
v 0.238160983 -0.153057218 0.857153237
v 0.257294625 -0.117502868 0.856357276
v 0.23892644 -0.15354912 0.857632875
v 0.258333296 -0.117977262 0.857632875
v 0.257505745 -0.117599301 0.857153237
v 0.271489084 -0.0797167271 0.838358402
v 0.271635056 -0.0797595978 0.857153177
v 0.271412313 -0.0796941817 0.856357217
v 0.271514684 -0.0797242373 0.786269963
v 0.272508055 -0.0800159425 0.857632875
v 0.280206531 -0.0402879603 0.857153177
v 0.281107068 -0.0404174402 0.857632875
v 0.273406625 -0.0802798048 0.859003127
v 0.259185195 -0.118366294 0.859003127
v 0.259469211 -0.118495971 0.862470865
v 0.259469151 -0.118495971 0.866085768
v 0.273706198 -0.080367744 0.862470865
v 0.273706168 -0.0803677589 0.866085768
v 0.273706228 -0.080367744 0.86789757
v 0.273346364 -0.0802621022 0.868580222
v 0.28234303 -0.0405951478 0.862470865
v 0.28234303 -0.0405951478 0.86789757
v 0.28234303 -0.0405951478 0.866085768
v 0.28203401 -0.0405507199 0.859003127
v 0.285261273 -3.54919678e-07 0.866085649
v 0.284949124 -3.54402459e-07 0.859003127
v 0.285261363 -3.54707481e-07 0.862470865
v 0.281971812 -0.0405417867 0.868580222
v 0.284012616 -3.53460024e-07 0.857632875
v 0.280858308 -0.0403816812 0.868807852
v 0.272266865 -0.0799451321 0.868807852
v 0.28488633 -3.56917667e-07 0.868580222
v 0.285261363 -3.55221601e-07 0.867897511
v 0.28234306 0.0405944586 0.867897511
v 0.28234306 0.0405944586 0.866085649
v 0.28234306 0.0405944586 0.862470865
v 0.282034069 0.0405500345 0.859003127
v 0.273706287 0.0803670883 0.866085649
v 0.273406774 0.0802791193 0.859003127
v 0.273706377 0.0803670809 0.862470865
v 0.273706377 0.0803670809 0.867897511
v 0.25946939 0.118495315 0.862470865
v 0.25946939 0.118495315 0.866085649
v 0.25946939 0.118495315 0.867897511
v 0.273346543 0.0802614316 0.868580222
v 0.281971842 0.0405410938 0.868580222
v 0.280858338 0.0403809845 0.868807852
v 0.283761322 -3.5658789e-07 0.868807852
v 0.282636255 -3.55254627e-07 0.868580222
v 0.272267044 0.0799444616 0.868807852
v 0.279744714 -0.0402215756 0.868580222
v 0.271187395 -0.0796281695 0.868580222
v 0.279373556 -0.0401682034 0.86789757
v 0.279744744 0.040220879 0.868580222
v 0.270827591 -0.0795225054 0.86789757
v 0.256740272 -0.117249735 0.86789757
v 0.270827502 -0.0795225054 0.866375208
v 0.256740272 -0.117249735 0.866375208
v 0.282261223 -3.54094965e-07 0.867897511
v 0.256740272 -0.117249735 0.863628864
v 0.279373586 0.0401675105 0.867897511
v 0.282261193 -3.53583658e-07 0.866375208
v 0.279373556 -0.0401682034 0.866375208
v 0.270827591 -0.0795225054 0.863628864
v 0.279373556 -0.0401682034 0.863628864
v 0.270553619 -0.0794420764 0.861052334
v 0.256480575 -0.117131129 0.861052334
v 0.237212867 -0.152447879 0.861052334
v 0.282261223 -3.53586074e-07 0.863628864
v 0.25492242 -0.116419539 0.859315872
v 0.279090971 -0.0401275717 0.861052334
v 0.236492321 -0.151984796 0.860039651
v 0.21244438 -0.18408455 0.860039651
v 0.281975657 -3.51817192e-07 0.861052334
v 0.278243214 -0.0400056802 0.860039651
v 0.26973179 -0.0792007521 0.860039651
v 0.23577176 -0.151521742 0.859315872
v 0.268909931 -0.0789594501 0.859315872
v 0.211797103 -0.18352367 0.859315872
v 0.183532819 -0.211808607 0.859315872
v 0.211581334 -0.18333672 0.857606053
v 0.235531583 -0.151367381 0.857606053
v 0.18334581 -0.211592838 0.857605994
v 0.151358888 -0.235519648 0.857605994
v 0.235531583 -0.151367381 0.838670552
v 0.183345854 -0.211592853 0.838670552
v -0.1868532 -0.215639696 0.575733125
v -0.215628743 -0.186843008 0.575733125
v -0.240037054 -0.15426214 0.575733125
v -0.239826754 -0.154127002 0.579132259
v -0.215439826 -0.186679333 0.579132259
v -0.259306669 -0.1184211 0.579132259
v -0.273534685 -0.0803167596 0.579132259
v -0.258495271 -0.118050545 0.580506802
v -0.239076331 -0.153644711 0.580506861
v -0.282165974 -0.0405690819 0.579132259
v -0.272678763 -0.0800654516 0.580506861
v -0.281283081 -0.0404421426 0.580506802
v -0.271805823 -0.0798091143 0.58107394
v -0.25766772 -0.117672622 0.58107394
v -0.28508243 2.50180619e-07 0.579132318
v -0.285332412 2.50960539e-07 0.575733125
v -0.282413334 0.0406051353 0.575733125
v -0.273774385 0.0803876147 0.575733125
v -0.282165915 0.0405695625 0.579132259
v -0.284190387 2.49112503e-07 0.580506861
v -0.273534536 0.0803171843 0.579132259
v -0.281282991 0.040442612 0.580506802
v -0.280382544 -0.0403126702 0.58107394
v -0.272678614 0.0800658613 0.580506861
v -0.259306461 0.11842148 0.579132259
v -0.259533852 0.118525319 0.575733125
v -0.259469211 0.1184958 0.570251524
v -0.239977017 0.154224068 0.570251584
v -0.259128094 0.118340023 0.569448948
v -0.23966153 0.154021323 0.569448948
v -0.240036801 0.154262483 0.575733125
v -0.215574712 0.186796829 0.570251524
v -0.238715082 0.153413057 0.569181383
v -0.23776862 0.152804807 0.569448948
v -0.214441076 0.185814545 0.569181383
v -0.215291306 0.186551258 0.569448948
v -0.21359086 0.185077816 0.569448948
v -0.21330747 0.184832245 0.570251524
v -0.185087174 0.213602364 0.569448948
v -0.184841573 0.213318929 0.570251584
v -0.152593702 0.237440929 0.570251584
v -0.185823902 0.214452624 0.569181383
v -0.186560676 0.21530287 0.569448948
v -0.153404668 0.238702804 0.569181442
v -0.152796447 0.237756401 0.569448948
v -0.117411122 0.257095009 0.569449008
v -0.117255315 0.256753892 0.570251644
v -0.117878482 0.258118421 0.569181442
v -0.0799403787 0.272252738 0.569181442
v -0.154012889 0.239649221 0.569448948
v -0.118345834 0.259141803 0.569449008
v -0.0802573189 0.273332179 0.569449008
v -0.0803629681 0.273691982 0.570251644
v -0.118501611 0.25948295 0.570251644
v -0.118531138 0.259547561 0.575733185
v -0.154215634 0.239964694 0.570251584
v -0.186806262 0.215586305 0.570251584
v -0.154254049 0.240024462 0.575733185
v -0.186852798 0.215639994 0.575733125
v -0.15411891 0.239814177 0.579132318
v 0.152594179 0.237440631 0.570251644
v 0.152594179 0.237440631 0.57452029
v 0.184842005 0.213318571 0.57452029
v 0.213307843 0.184831873 0.570251524
v 0.213307843 0.184831843 0.57452029
v 0.237453416 0.152601674 0.571853817
v 0.184842005 0.213318586 0.570251584
v 0.237453416 0.152601659 0.570251584
v 0.152796924 0.237756088 0.569448948
v 0.185087562 0.213602006 0.569448948
v 0.213591233 0.185077414 0.569448948
v 0.153405145 0.238702506 0.569181442
v 0.185824335 0.214452252 0.569181383
v 0.117878944 0.258118212 0.569181442
v 0.154013351 0.239648923 0.569448948
v 0.186561108 0.215302542 0.569448948
v 0.154216111 0.239964396 0.570251584
v 0.186806664 0.215585947 0.570251584
v -0.270827562 0.0795223564 0.867897511
v -0.237453103 0.152602062 0.867897511
v -0.279373527 0.0401680879 0.863628864
v -0.256740272 0.117249548 0.863628864
v -0.270827562 0.0795223564 0.863628864
v -0.282261193 2.5963709e-07 0.863628864
v -0.270553619 0.0794419199 0.861052334
v -0.279373616 -0.0401675925 0.863628864
v -0.281975687 2.59611454e-07 0.861052334
v -0.27082774 -0.0795219168 0.863628864
v -0.279090941 0.0401274562 0.861052334
v -0.27909103 -0.0401269607 0.861052334
v -0.278243184 0.0400055684 0.860039651
v -0.281119168 2.58636106e-07 0.860039651
v -0.26973179 0.079200618 0.860039651
v -0.277395427 0.0398836732 0.859315872
v -0.268909991 0.0789593011 0.859315872
v -0.255701512 0.11677517 0.860039651
v -0.256480604 0.117130958 0.861052334
v -0.237212926 0.152447701 0.861052334
v -0.237453103 0.152602062 0.863628864
v -0.213307425 0.18483226 0.863628864
v -0.23577182 0.151521549 0.859315872
v -0.213307425 0.18483226 0.867897511
v -0.213590845 0.185077831 0.868580222
v -0.184841543 0.213318959 0.866375208
v -0.185087115 0.213602379 0.868580222
v -0.184841543 0.213318944 0.867897511
v -0.184841543 0.213318944 0.863628864
v -0.152593657 0.237440929 0.86789757
v -0.185823858 0.214452639 0.868807852
v -0.186560631 0.215302899 0.868580222
v -0.153404623 0.238702804 0.868807852
v -0.152796403 0.237756401 0.868580222
v -0.186806217 0.215586305 0.867897511
v -0.154012844 0.239649221 0.868580222
v -0.154215589 0.239964694 0.86789757
v -0.215574682 0.186796829 0.862470806
v -0.186806217 0.215586305 0.862470865
v -0.215338752 0.1865924 0.859003127
v -0.259185225 0.11836613 0.859003127
v -0.281975687 2.47194123e-07 0.576976836
v -0.282261193 2.46999747e-07 0.57452029
v -0.279373527 0.040168073 0.57452029
v -0.279373616 -0.0401676074 0.57452029
v -0.270553648 0.0794419125 0.576976836
v -0.256480604 0.117130958 0.576976836
v -0.255701542 0.116775163 0.577949584
v -0.237212941 0.152447701 0.576976836
v -0.23649241 0.151984632 0.577949584
v -0.256740302 0.117249556 0.57452029
v -0.212444425 0.184084415 0.577949584
v -0.213091716 0.184645295 0.576976836
v -0.184654593 0.213103175 0.576976836
v -0.21330747 0.184832245 0.57452029
v -0.184841573 0.213318929 0.57452029
v -0.270827562 0.0795223564 0.57452029
v -0.237453133 0.152602062 0.57452029
v -0.256740302 0.117249556 0.570251524
v -0.237453133 0.152602062 0.570251584
v -0.270827562 0.0795223489 0.570251584
v -0.279373527 0.040168073 0.570251524
v -0.282261193 2.46813158e-07 0.570251584
v -0.279373616 -0.0401676074 0.570251524
v -0.270827711 -0.0795219317 0.57452029
v -0.270553797 -0.0794414952 0.576976836
v -0.25674051 -0.117249168 0.57452029
v -0.256480813 -0.11713057 0.576976836
v -0.255701721 -0.116774783 0.577949584
v -0.25674051 -0.117249168 0.571853817
v -0.270827711 -0.0795219317 0.570251584
v -0.25674051 -0.117249168 0.570251524
v -0.237453386 -0.152601719 0.57452029
v -0.271187544 -0.0796275884 0.569448948
v -0.237453386 -0.152601719 0.570251584
v -0.279744804 -0.0402209796 0.569448948
v -0.257081598 -0.117404953 0.569448948
v 0.273706228 -0.080367662 0.570251584
v 0.273346394 -0.0802620128 0.569448948
v 0.272266924 -0.0799450427 0.569181383
v 0.281971812 -0.0405416936 0.569448948
v 0.280858308 -0.0403815918 0.569181383
v 0.271187425 -0.0796280801 0.569448948
v 0.257081389 -0.117405429 0.569448948
v 0.256740272 -0.117249645 0.570251524
v 0.237453043 -0.152602151 0.570251584
v 0.237453088 -0.152602136 0.571853817
v 0.270827591 -0.0795224234 0.570251584
v 0.279744714 -0.0402214825 0.569448948
v 0.279373556 -0.0401681177 0.570251524
v 0.270827502 -0.0795224234 0.571853817
v 0.256740272 -0.117249645 0.571853817
v 0.256740272 -0.117249645 0.57452029
v 0.282636195 -2.69982365e-07 0.569448948
v 0.279373556 -0.0401681177 0.571853817
v 0.283761322 -2.69560246e-07 0.569181383
v 0.282261223 -2.70929092e-07 0.570251584
v 0.282261193 -2.70494127e-07 0.571853817
v 0.279373556 -0.0401681177 0.57452029
v 0.270827591 -0.0795224234 0.57452029
v 0.279373586 0.0401675962 0.570251524
v 0.279744744 0.0402209684 0.569448948
v 0.279373586 0.0401675962 0.571853817
v 0.270827711 0.0795219168 0.57452029
v 0.279373586 0.0401675962 0.57452029
v 0.282261223 -2.71437926e-07 0.57452029
v 0.281975657 -2.71847284e-07 0.576976836
v 0.279090971 -0.0401274897 0.576976836
v 0.270553589 -0.079441987 0.576976836
v 0.278243214 -0.0400055982 0.577949584
v 0.256480575 -0.117131047 0.576976836
v 0.279091001 0.0401269682 0.576976836
v 0.270553738 0.0794414878 0.576976836
v 0.278243244 0.0400050804 0.577949584
v 0.281119168 -2.71053096e-07 0.577949584
v 0.237212867 -0.15244779 0.576976836
v 0.237453043 -0.152602151 0.57452029
v 0.213307455 -0.184832305 0.57452029
v 0.184841558 -0.213318944 0.57452029
v 0.184654638 -0.21310319 0.576976836
v 0.213091686 -0.18464534 0.576976836
v 0.21244441 -0.18408449 0.577949584
v 0.151976332 -0.236480266 0.577949524
v 0.184093729 -0.212455869 0.577949584
v 0.236492321 -0.151984721 0.577949584
v 0.116780818 -0.255715132 0.577949524
v 0.0791959763 -0.269717842 0.577949524
v 0.183532849 -0.211808532 0.578754067
v 0.116424985 -0.25493598 0.578754008
v 0.151513308 -0.23575975 0.578754067
v 0.211797133 -0.18352361 0.578754067
v 0.0789546594 -0.268896073 0.578753948
v 0.0398852527 -0.27741003 0.578753948
v 0.151358962 -0.235519573 0.580705941
v 0.0788742453 -0.26862213 0.580705941
v 0.116306424 -0.254676282 0.580705941
v 0.183345899 -0.211592779 0.580706
v 0.0398446247 -0.277127445 0.580705941
v -2.69561752e-07 -0.27996251 0.580705941
v 0.0398446247 -0.277127445 0.599338353
v -2.69561752e-07 -0.27996251 0.599338353
v -2.69561752e-07 -0.27996251 0.650184274
v 0.0398446247 -0.277127475 0.650184274
v 0.0398445874 -0.277127445 0.717681944
v 0.0788742453 -0.26862216 0.650184274
v 0.116306424 -0.254676282 0.599338353
v -0.254662752 0.116300777 0.857605994
v -0.254662782 0.116300777 0.580706
v -0.235531643 0.151367217 0.857605994
v -0.268636048 0.0788788646 0.857605994
v -0.211581349 0.183336601 0.857605994
v -0.235531673 0.151367202 0.580706
v -0.268636048 0.0788788572 0.580706
v -0.211581379 0.183336601 0.580706
v -0.183345839 0.211592764 0.580706
v -0.277112842 0.0398430377 0.580706
v -0.277112931 -0.0398425683 0.580706
v -0.279977143 2.57685656e-07 0.857605994
v -0.116425082 0.25493598 0.578754127
v -0.116306484 0.254676253 0.580706
v -0.151358917 0.235519558 0.580706
v -0.151513264 0.23575975 0.578754067
v -0.183532789 0.211808532 0.578754067
v -0.151976317 0.236480251 0.577949584
v -0.116780899 0.255715072 0.577949584
v -0.0791960508 0.269717783 0.577949584
v -0.117136732 0.256494194 0.576976955
v -0.0794373527 0.270539582 0.576976955
v -0.0795177817 0.270813495 0.57452035
v -0.117255315 0.256753892 0.57452035
v -0.152439356 0.237200752 0.576976836
v -0.152593702 0.237440929 0.57452029
v -0.184093699 0.212455839 0.577949584
v -0.211797133 0.183523536 0.578754067
v -0.23577185 0.151521549 0.578754067
v -0.25492245 0.116419367 0.578754067
v -0.268909991 0.0789592937 0.578754067
v -0.277395457 0.0398836695 0.578754067
v -0.279977143 2.46178018e-07 0.580706
v -0.280262649 2.46452743e-07 0.578754067
v -0.268636227 -0.0788784251 0.857605994
v -0.268636197 -0.07887844 0.580706
v -0.254662961 -0.116300397 0.580706
v -0.235531941 -0.15136686 0.838670552
v -0.235531941 -0.15136686 0.857606053
v -0.235531941 -0.15136686 0.786269963
v -0.235531941 -0.151366875 0.717682064
v -0.211581752 -0.183336258 0.857606053
v -0.211797506 -0.183523223 0.859315872
v -0.183533251 -0.211808234 0.859315872
v -0.184094161 -0.212455556 0.860039651
v -0.151976809 -0.236480027 0.860039651
v -0.15151377 -0.235759497 0.859315872
v -0.152439862 -0.237200528 0.861052334
v 0.235531956 0.15136677 0.717681944
v 0.235531956 0.151366815 0.599338412
v 0.254662961 0.116300322 0.717682064
v 0.235532001 0.15136674 0.838670492
v 0.211581767 0.183336139 0.857605994
v 0.211581767 0.183336169 0.786269963
v 0.235532001 0.15136674 0.857605994
v 0.235772163 0.151521087 0.859315872
v 0.25466302 0.116300292 0.857605994
v 0.254922658 0.116418883 0.859315872
v 0.26891011 0.078958787 0.859315872
v 0.255701721 0.116774678 0.860039651
v 0.269731939 0.079200089 0.860039651
v 0.278243244 0.0400049947 0.860039651
v 0.236492693 0.151984155 0.860039651
v 0.270553738 0.0794414133 0.861052334
v 0.279091001 0.0401268825 0.861052334
v 0.279373586 0.0401675105 0.863628864
v 0.256480813 0.117130473 0.861052334
v 0.279373586 0.0401675105 0.866375208
v 0.270827711 0.0795218423 0.863628864
v 0.270827681 0.0795218423 0.866375208
v 0.25674051 0.117249064 0.863628864
v 0.237213239 0.152447224 0.861052334
v 0.270827711 0.0795218349 0.867897511
v 0.25674051 0.117249057 0.866375208
v 0.271187574 0.0796274915 0.868580222
v 0.25674051 0.117249057 0.867897511
v 0.237453461 0.152601585 0.866375208
v 0.257081628 0.117404841 0.868580222
v 0.25810501 0.117872186 0.868807852
v 0.237768978 0.152804315 0.868580222
v 0.259128302 0.118339524 0.868580222
v 0.237453461 0.152601585 0.867897511
v 0.239661828 0.154020831 0.868580222
v 0.238715395 0.15341258 0.868807852
v 0.213307843 0.184831798 0.867897511
v 0.214441463 0.185814083 0.868807852
v 0.213591278 0.185077369 0.868580222
v 0.213307887 0.184831798 0.866375208
v 0.23997733 0.154223591 0.867897511
v 0.185087606 0.213601902 0.868580222
v 0.215291679 0.186550796 0.868580222
v 0.23997733 0.154223591 0.866085649
v 0.215575114 0.186796367 0.867897511
v 0.186561108 0.215302438 0.868580222
v 0.185824379 0.214452177 0.868807852
v 0.23997733 0.154223591 0.862470806
v 0.215575114 0.186796367 0.862470806
v 0.239714697 0.154054791 0.859003127
v 0.259185433 0.118365638 0.859003127
v 0.186806738 0.215585858 0.866085649
v 0.215339214 0.186591938 0.859003127
v 0.186806738 0.215585858 0.867897511
v 0.186806738 0.215585858 0.862470865
v 0.238926843 0.153548479 0.857632875
v 0.259128064 -0.118340202 0.868580222
v 0.213307455 -0.184832379 0.86789757
v 0.184841558 -0.213319004 0.867897511
v 0.184841558 -0.213318989 0.866375208
v 0.152593702 -0.237441003 0.866375208
v 0.152593702 -0.237441003 0.863628745
v 0.213307455 -0.184832379 0.866375208
v 0.184841558 -0.213319018 0.863628864
v 0.237453043 -0.152602226 0.86789757
v 0.213307455 -0.184832379 0.863628864
v 0.237453088 -0.152602226 0.866375208
v 0.257081389 -0.117405511 0.868580222
v 0.237453043 -0.152602226 0.863628864
v 0.213091686 -0.184645429 0.861052334
v 0.184654593 -0.21310322 0.861052334
v 0.152439356 -0.237200826 0.861052334
v 0.11713662 -0.256494284 0.861052275
v 0.151976287 -0.236480311 0.860039651
v 0.0794372931 -0.270539641 0.861052275
v 0.0791959763 -0.269717902 0.860039592
v 0.116780818 -0.255715162 0.860039592
v 0.184093684 -0.212455928 0.860039651
v 0.116425022 -0.254936039 0.859315813
v 0.151513234 -0.235759825 0.859315872
v 0.040007133 -0.278257906 0.860039592
v 0.0398852155 -0.27741006 0.859315813
v 0.0789546594 -0.268896103 0.859315813
v 0.0788742453 -0.26862219 0.857605994
v 0.116306387 -0.254676342 0.857605994
v -3.07808563e-07 -0.280248046 0.859315813
v -0.0398858264 -0.27741003 0.859315813
v -3.07708746e-07 -0.279962569 0.857605994
v -0.0789552703 -0.268895954 0.859315813
v -0.0788748339 -0.268622041 0.857605994
v -0.0398452021 -0.277127415 0.857605994
v 0.0398446247 -0.277127504 0.857605994
v -0.0398451835 -0.277127385 0.838670492
v -0.116306983 -0.254676104 0.857605994
v -0.116306983 -0.254676074 0.838670492
v -0.0788748339 -0.268622011 0.838670492
v -0.0788748339 -0.268622011 0.786269903
v -0.116306983 -0.254676104 0.786269903
v -0.116306968 -0.254676104 0.717681944
v -0.151359394 -0.23551932 0.717681944
v -0.151359394 -0.23551932 0.650184274
v -0.183346257 -0.211592451 0.650184333
v -0.235531911 -0.15136686 0.650184333
v -0.235531911 -0.15136686 0.580706
v -0.26891014 -0.0789588764 0.578754067
v -0.254922658 -0.116418995 0.578754067
v -0.277395517 -0.0398831964 0.578754067
v -0.278243273 -0.0400050841 0.577949584
v -0.269731969 -0.0792001858 0.577949584
v -0.281119168 2.47497667e-07 0.577949584
v -0.278243214 0.0400055572 0.577949584
v -0.26973182 0.0792006031 0.577949584
v -0.279090941 0.040127445 0.576976836
v -0.27909103 -0.0401269756 0.576976836
v 0.254662752 -0.116300941 0.838670552
v 0.151358888 -0.235519648 0.838670492
v 0.11630635 -0.254676342 0.838670492
v 0.151358888 -0.235519618 0.786269963
v 0.18334581 -0.211592838 0.786269963
v 0.0398445874 -0.277127475 0.838670492
v 0.0788742453 -0.26862219 0.786269903
v -3.07708746e-07 -0.279962569 0.838670492
v -3.07708717e-07 -0.27996254 0.786269903
v 0.0398446247 -0.277127475 0.786269903
v 0.116306424 -0.254676282 0.717681944
v -0.0398451835 -0.277127355 0.717681944
v -3.07708717e-07 -0.27996251 0.717681944
v -0.0788747966 -0.268622041 0.650184274
v -0.0398451611 -0.277127355 0.650184274
v -0.116306946 -0.254676104 0.650184274
v -0.0398451611 -0.277127355 0.599338353
v -0.116306946 -0.254676104 0.599338353
v -0.0788747966 -0.268622041 0.599338353
v -0.151359394 -0.23551932 0.599338353
v -0.116306946 -0.254676104 0.580705941
v -0.0788747966 -0.268622011 0.580705941
v -0.0789552331 -0.268895924 0.578753948
v -0.0398451611 -0.277127385 0.580705941
v -0.0398857892 -0.277409971 0.578753948
v -0.0400077067 -0.278257787 0.577949524
v -2.69661598e-07 -0.280248016 0.578753948
v -2.70260585e-07 -0.281960964 0.576976776
v 0.0401290506 -0.279105633 0.576976776
v 0.040007133 -0.278257847 0.577949524
v 0.0795177072 -0.270813555 0.574520171
v 0.0794372931 -0.270539641 0.576976776
v 0.0795177072 -0.270813555 0.571853817
v 0.117255256 -0.256753951 0.574520171
v 0.117255256 -0.256753951 0.570251524
v -0.277112842 0.0398430452 0.857605994
v -0.25492245 0.116419375 0.859315872
v -0.212444395 0.18408443 0.860039651
v -0.211797118 0.183523551 0.859315872
v -0.213091671 0.18464531 0.861052334
v -0.184654564 0.213103175 0.861052334
v -0.18353276 0.211808562 0.859315872
v -0.184093669 0.212455854 0.860039651
v -0.152593657 0.237440929 0.863628864
v -0.151976272 0.236480236 0.860039651
v -0.152439326 0.237200752 0.861052394
v -0.117136672 0.256494194 0.861052394
v -0.11725527 0.256753892 0.86789757
v -0.11725527 0.256753892 0.863628864
v 0.116306983 0.254676044 0.580706
v 0.0398857892 0.277409881 0.859315932
v 2.6966157e-07 0.280247927 0.859315932
v 2.69961049e-07 0.281104386 0.860039771
v 0.0400076695 0.278257668 0.860039771
v 0.0789552331 0.268895835 0.859315932
v 0.0401295498 0.279105484 0.861052394
v 2.70260557e-07 0.281960875 0.861052394
v 0.07919655 0.269717634 0.860039771
v 2.70360403e-07 0.282246351 0.863628924
v 0.116425626 0.254935652 0.859315932
v 0.0401702151 0.27938807 0.863628924
v 0.0794378668 0.270539403 0.861052394
v 2.70360403e-07 0.282246351 0.86789757
v 0.0795182809 0.270813346 0.863628924
v 0.117137253 0.256493896 0.861052394
v 0.0401702151 0.27938807 0.86789757
v 0.0402235426 0.279759288 0.868580341
v 2.51418044e-07 0.282621354 0.868580341
v 0.0795182809 0.270813316 0.86789757
v 2.32737946e-07 0.283746362 0.868807912
v 0.117255852 0.256753623 0.866375268
v 0.0403836854 0.280872881 0.868807912
v 0.0796239451 0.271173149 0.868580341
v 0.0405437499 0.281986475 0.868580341
v 2.3313136e-07 0.28487137 0.868580341
v 0.0799408704 0.27225256 0.868807912
v 2.5233598e-07 0.285246372 0.86789757
v 0.117411606 0.257094741 0.868580341
v 0.0405971557 0.282357693 0.86789757
v 0.0802577958 0.273332 0.868580341
v 0.0405971557 0.282357693 0.862470865
v 0.0803634673 0.273691803 0.86789757
v 2.5233598e-07 0.285246372 0.862470865
v 0.118346363 0.259141505 0.868580341
v 0.0803634673 0.273691803 0.862470865
v 0.040552713 0.282048702 0.859003246
v 2.52226812e-07 0.284934223 0.859003246
v 0.0802754983 0.27339229 0.859003246
v 0.154216141 0.239964321 0.866085768
v 0.118502155 0.259482652 0.86789757
v 0.154216141 0.239964321 0.86789757
v 0.154013395 0.239648849 0.868580222
v 0.153405175 0.238702431 0.868807852
v 0.117879026 0.258118153 0.868807912
v 0.152796969 0.237756029 0.868580222
v 0.152594179 0.237440571 0.86789757
v 0.184842005 0.213318512 0.867897511
v 0.184842095 0.213318467 0.866375208
v 0.117255852 0.256753623 0.86789757
v 0.152594179 0.237440571 0.863628864
v 0.117255852 0.256753623 0.863628864
v 0.152439833 0.237200424 0.861052394
v 0.184842005 0.213318497 0.863628864
v 0.213307843 0.184831798 0.863628864
v 0.184655085 0.213102713 0.861052334
v 0.237453461 0.152601585 0.863628864
v 0.213092119 0.184644833 0.861052334
v 0.212444812 0.184083953 0.860039651
v 0.211797565 0.183523089 0.859315872
v 0.184094146 0.212455437 0.860039651
v 0.183533266 0.21180816 0.859315872
v 0.151976809 0.236479893 0.860039651
v 0.116781421 0.255714804 0.860039771
v 0.15151377 0.235759377 0.859315872
v 0.151359424 0.235519201 0.857606053
v 0.183346272 0.211592361 0.857605994
v 0.116306983 0.254675984 0.857606053
v 0.151359349 0.235519275 0.650184333
v 0.183346272 0.211592361 0.786269963
v 0.116306424 -0.254676312 0.650184274
v 0.151358962 -0.235519573 0.599338353
v 0.151358917 -0.235519603 0.650184274
v 0.151358888 -0.235519618 0.717681944
v 0.183345854 -0.211592793 0.717682064
v 0.183345854 -0.211592764 0.599338412
v 0.183345854 -0.211592793 0.650184333
v 0.211581379 -0.183336675 0.717682064
v 0.211581379 -0.183336675 0.599338412
v 0.235531583 -0.151367351 0.717682064
v 0.211581379 -0.18333666 0.580706
v 0.235531613 -0.151367351 0.786269963
v 0.254662752 -0.116300918 0.786269963
v 0.23577179 -0.151521653 0.578754067
v 0.235531583 -0.151367307 0.599338412
v 0.254662752 -0.116300888 0.650184333
v 0.235531613 -0.151367307 0.580706
v 0.254662752 -0.116300873 0.580706
v 0.254662752 -0.116300873 0.599338412
v 0.254662752 -0.116300911 0.717682064
v 0.268636048 -0.0788789466 0.599338412
v 0.268636048 -0.0788789764 0.717682064
v 0.268636048 -0.0788789541 0.650184333
v 0.25492242 -0.116419472 0.578754067
v 0.268636048 -0.0788789913 0.786269963
v 0.255701512 -0.116775259 0.577949584
v 0.26973179 -0.079200685 0.577949584
v 0.268909931 -0.0789593682 0.578754067
v 0.268636048 -0.0788789317 0.580706
v 0.277395487 -0.0398837104 0.578754067
v 0.277112901 -0.0398430824 0.580706
v 0.280262619 -2.71248553e-07 0.578754067
v 0.277112901 -0.0398430899 0.599338412
v 0.277112901 -0.0398431048 0.650184333
v 0.279977173 -2.72376184e-07 0.580706
v 0.279977143 -2.78035401e-07 0.599338412
v 0.277112931 0.0398425572 0.580706
v 0.277395517 0.0398831889 0.578754067
v 0.268910021 0.078958869 0.578754067
v 0.279977173 -2.91983497e-07 0.650184333
v 0.277112931 0.0398425534 0.599338412
v 0.277112931 0.0398425385 0.650184333
v 0.279977143 -3.11009387e-07 0.717682064
v 0.277112901 -0.0398431234 0.717682064
v 0.277112901 -0.039843142 0.786269963
v 0.268636137 0.0788784251 0.599338412
v 0.277112931 0.0398424864 0.838670552
v 0.268636167 0.0788784251 0.580706
v 0.268636167 0.0788784102 0.650184333
v 0.268636167 0.0788783953 0.717682064
v 0.279977173 -3.29663862e-07 0.786269963
v 0.279977143 -3.44463842e-07 0.838670552
v 0.268636167 0.0788783655 0.786269963
v 0.277112901 -0.0398431569 0.838670552
v 0.268636048 -0.0788789988 0.838670552
v 0.268636048 -0.0788790062 0.857605994
v 0.277112901 -0.0398431607 0.857605994
v 0.277395487 -0.0398837887 0.859315872
v 0.279977173 -3.49492666e-07 0.857605994
v 0.280262619 -3.50328918e-07 0.859315872
v 0.281119168 -3.51172474e-07 0.860039651
v 0.277112931 0.0398424827 0.857605994
v 0.277395517 0.0398831107 0.859315872
v 0.268636167 0.078878358 0.838670552
v 0.268636227 0.0788783506 0.857605994
v 0.254662961 0.116300315 0.786269963
v 0.254662991 0.116300292 0.838670492
v 0.235532001 0.151366755 0.786269963
v 0.183346227 0.211592376 0.717682064
v 0.211581737 0.183336183 0.650184333
v 0.183346272 0.211592406 0.650184333
v 0.151359349 0.235519275 0.580706
v 0.183346227 0.211592421 0.599338412
v 0.211581737 0.183336198 0.580706
v 0.151513696 0.235759452 0.578754067
v 0.254662961 0.116300352 0.599338412
v 0.254662961 0.116300359 0.580706
v 0.235531956 0.151366815 0.580706
v 0.254922658 0.116418965 0.578754067
v 0.235772163 0.151521176 0.578754067
v 0.256480813 0.11713054 0.576976836
v 0.183346272 0.211592421 0.580706
v 0.211797491 0.183523148 0.578754067
v 0.183533221 0.211808175 0.578754067
v 0.212444812 0.184084013 0.577949584
v 0.236492693 0.15198423 0.577949584
v 0.237213239 0.152447313 0.576976836
v 0.25674051 0.117249139 0.57452029
v 0.237453416 0.152601659 0.57452029
v 0.25674051 0.117249139 0.571853817
v 0.213092044 0.184644893 0.576976836
v 0.184655055 0.213102818 0.576976836
v 0.151976764 0.236479953 0.577949584
v 0.116781384 0.255714864 0.577949584
v 0.152439833 0.237200439 0.576976836
v 0.117255777 0.256753683 0.57452035
v -0.0403147861 0.280397177 0.58107394
v 2.13496392e-07 0.28326571 0.58107394
v 1.94741048e-07 0.284175485 0.580506921
v -0.0404442959 0.281297743 0.580506921
v -0.0405712277 0.282180727 0.579132318
v 1.95052976e-07 0.285067499 0.579132318
v 1.95140387e-07 0.285317481 0.575733185
v -0.0406068191 0.282428145 0.575733185
v -0.0803829953 0.27376017 0.575733185
v 1.95115533e-07 0.285246402 0.570251644
v -0.0803125724 0.273520321 0.579132318
v -0.04059669 0.282357812 0.570251644
v -0.0405433439 0.281986594 0.569449008
v 1.94984395e-07 0.284871399 0.569449008
v 1.94590996e-07 0.283746421 0.569181442
v -0.0403832234 0.280873001 0.569181442
v -0.0402231179 0.279759377 0.569449008
v 1.94197597e-07 0.282621413 0.569449008
v 2.13139955e-07 0.282246411 0.570251644
v -0.0401697531 0.279388189 0.570251644
v -0.0401697531 0.279388189 0.57452035
v -0.0795177817 0.270813495 0.570251644
v 2.13139955e-07 0.282246411 0.57452035
v -0.079623431 0.271173328 0.569449008
v -0.0401290879 0.279105604 0.576976955
v 1.93966628e-07 0.281960934 0.576976955
v 2.12740616e-07 0.281104445 0.577949584
v -0.0400072075 0.278257787 0.577949584
v -0.0398853272 0.277410001 0.578754127
v 2.12441108e-07 0.280247986 0.578754127
v 2.12341291e-07 0.27996251 0.580706
v -0.0398446843 0.277127415 0.580706
v -0.0398446247 0.277127355 0.857606053
v -0.0788743421 0.268622071 0.580706
v -0.0789547712 0.268896013 0.578754127
v 2.31414759e-07 0.27996248 0.717682064
v 2.69561724e-07 0.27996245 0.857606053
v -0.03988529 0.277409971 0.859315932
v 2.6966157e-07 0.280247927 0.859315932
v -0.0788742825 0.268622071 0.857606053
v -0.0400071517 0.278257757 0.860039771
v -0.0791959986 0.269717783 0.860039771
v -0.078954719 0.268895984 0.859315932
v -0.116780862 0.255715072 0.860039771
v -0.116425045 0.25493595 0.859315932
v -0.151513234 0.235759705 0.859315872
v -0.116306446 0.254676253 0.857606053
v -0.151358888 0.235519558 0.857606053
v -0.183345795 0.211592764 0.857605994
vt 0.499999911 0.998741269
vt 0.545454443 0.998741269
vt 0.545454443 0.996464968
vt 0.499999911 0.996464968
vt 0.545454443 0.999500036
vt 0.590909004 0.998741329
vt 0.590909004 0.999500036
vt 0.590908945 0.996464968
vt 0.636363566 0.999500096
vt 0.636363566 0.996465027
vt 0.636363566 0.998741329
vt 0.590909004 0.998741329
vt 0.681818068 0.998741329
vt 0.636363566 0.998741329
vt 0.545454443 0.998741269
vt 0.681818068 0.996465027
vt 0.681818068 0.991389394
vt 0.636363566 0.982232511
vt 0.499999911 0.998741269
vt 0.499999911 0.999500036
vt 0.454545438 0.999500036
vt 0.454545438 0.998741269
vt 0.454545438 0.996464968
vt 0.409090906 0.998741269
vt 0.454545438 0.998741269
vt 0.545454443 0.996464968
vt 0.454545438 0.996464968
vt 0.499999911 0.996464968
vt 0.409090906 0.998741269
vt 0.409090906 0.999500036
vt 0.590909004 0.996464968
vt 0.636363566 0.996465027
vt 0.545454443 0.978371501
vt 0.590909004 0.978371501
vt 0.409090906 0.996464968
vt 0.454545438 0.978371501
vt 0.499999911 0.978371501
vt 0.499999911 0.96680969
vt 0.363636404 0.996464968
vt 0.409090906 0.978371501
vt 0.363636404 0.998741269
vt 0.363636404 0.999500036
vt 0.409090906 0.96680969
vt 0.454545438 0.96680969
vt 0.363636404 0.978371501
vt 0.318181843 0.996464968
vt 0.318181843 0.998741269
vt 0.272727251 0.996464968
vt 0.318181843 0.999500036
vt 0.318181843 0.978371501
vt 0.318181843 0.998741269
vt 0.363636404 0.998741269
vt 0.272727251 0.999500036
vt 0.272727251 0.998741269
vt 0.363636404 0.996464968
vt 1.18181813 0.0183005333
vt 1.18181813 0.0094101429
vt 1.13636351 0.00940990448
vt 1.18181813 0.00406801701
vt 1.13636363 0.0264909267
vt 1.18181813 0.0264911652
vt 1.22727275 0.00941026211
vt 1.18181813 0.00139200687
vt 1.13636363 0.00139176846
vt 1.18181813 0.00049996376
vt 1.13636363 0.000499725342
vt 1.22727275 0.00139212608
vt 1.13636363 0.00139188766
vt 1.18181813 0.00139200687
vt 1.18181813 0.00406801701
vt 1.22727275 0.00139212608
vt 1.22727275 0.00406813622
vt 1.22727275 0.00406813622
vt 1.22727275 0.00050008297
vt 1.27272725 0.00406801701
vt 1.27272725 0.00049996376
vt 1.27272725 0.00139200687
vt 1.27272725 0.00941026211
vt 1.31818187 0.00139212608
vt 1.27272725 0.00139200687
vt 1.27272725 0.00406801701
vt 1.22727275 0.0104213953
vt 1.31818187 0.00139212608
vt 1.27272725 0.0104212761
vt 1.27272725 0.02234447
vt 1.31818163 0.0104213953
vt 1.31818187 0.00050008297
vt 1.36363626 0.00406813622
vt 1.36363626 0.00050008297
vt 1.36363626 0.00139212608
vt 1.31818163 0.0223445892
vt 1.31818163 0.0336778164
vt 1.27272725 0.0336776972
vt 1.36363626 0.0223445892
vt 1.27272725 0.0382606983
vt 1.31818163 0.0382608175
vt 1.31818163 0.0401514769
vt 1.36363626 0.0382608175
vt 1.36363626 0.0401514769
vt 1.36363626 0.0336778164
vt 1.40909088 0.0104213953
vt 1.40909088 0.0336778164
vt 0.681818128 0.00139188766
vt 0.681818128 0.000499725342
vt 0.636363566 0.000499725342
vt 0.590909004 0.00139176846
vt 0.590909064 0.000499725342
vt 0.545454502 0.000499725342
vt 0.49999997 0.000499725342
vt 0.49999997 0.00139188766
vt 0.454545438 0.000499725342
vt 0.454545438 0.00139176846
vt 0.49999997 0.00139176846
vt 0.409090906 0.00139176846
vt 0.545454502 0.00139176846
vt 0.409090906 0.000499725342
vt 0.363636374 0.000499725342
vt 0.363636374 0.00139176846
vt 0.409090906 0.00139176846
vt 0.454545438 0.00139176846
vt 0.545454502 0.00406777859
vt 0.454545438 0.00406777859
vt 0.49999997 0.00406777859
vt 0.590909004 0.00406777859
vt 0.409090906 0.00406777859
vt 0.545454502 0.0223442316
vt 0.590909004 0.0223442316
vt 0.636363566 0.00406777859
vt 0.636363566 0.00139176846
vt 0.681818128 0.00139176846
vt 0.636363566 0.0223442316
vt 0.681818128 0.0104210377
vt 0.681818128 0.00406777859
vt 0.727272689 0.00406777859
vt 0.727272689 0.000499725342
vt 0.727272689 0.00139176846
vt 0.727272689 0.00139176846
vt 0.727272689 0.00406777859
vt 0.772727191 0.00139188766
vt 0.772727191 0.00139188766
vt 0.772727191 0.000499844551
vt 0.772727191 0.0040678978
vt 0.772727191 0.0040678978
vt 0.818181813 0.000499725342
vt 0.772727191 0.0104210377
vt 0.818181813 0.00406777859
vt 0.818181813 0.00139176846
vt 0.818181813 0.00139176846
vt 0.863636315 0.00139164925
vt 0.818181813 0.00406777859
vt 0.863636315 0.00139176846
vt 0.863636315 0.000499606133
vt 0.99999994 0.00406777859
vt 0.99999994 0.00139176846
vt 0.954545438 0.00139176846
vt 0.99999994 0.000499725342
vt 0.99999994 0.00940990448
vt 1.04545438 0.0183002949
vt 0.99999994 0.0183002949
vt 1.0454545 0.00139176846
vt 1.0454545 0.0040678978
vt 1.090909 0.0040678978
vt 1.0454545 0.000499725342
vt 1.0454545 0.00139176846
vt 0.99999994 0.00139176846
vt 1.090909 0.000499725342
vt 1.090909 0.00139176846
vt 0.99999994 0.00406777859
vt 1.0454545 0.0040678978
vt 1.090909 0.00139176846
vt 1.090909 0.00406777859
vt 1.0454545 0.0104209185
vt 0.99999994 0.0104209185
vt 0.954545379 0.0104207993
vt 0.99999994 0.0223442316
vt 0.954545379 0.0223442316
vt 0.954545379 0.0336773396
vt 0.99999994 0.0336773396
vt 0.99999994 0.0382604599
vt 1.0454545 0.0223442316
vt 1.04545438 0.0336774588
vt 1.090909 0.0104210377
vt 1.04545438 0.0382605791
vt 1.13636363 0.0104209185
vt 1.090909 0.0336774588
vt 1.13636363 0.0040678978
vt 1.04545438 0.0401512384
vt 0.99999994 0.0401511192
vt 1.090909 0.0382604599
vt 1.13636351 0.0223442316
vt 1.13636351 0.0336774588
vt 1.18181813 0.02234447
vt 1.13636363 0.0382605791
vt 1.18181813 0.0104212761
vt 1.18181813 0.0336776972
vt 1.18181801 0.0382606983
vt 1.13636351 0.0401512384
vt 0.0909090564 0.996465325
vt 0.0909090564 0.998741627
vt 0.136363581 0.998741627
vt 0.0909090564 0.999500394
vt 0.136363581 0.999500334
vt 0.0454545282 0.998741627
vt 0.136363581 0.998741567
vt 0.0454545282 0.996465325
vt -1.1920929e-07 0.996465385
vt -1.1920929e-07 0.998741686
vt 7.58909877e-08 0.999500453
vt -1.1920929e-07 0.982232869
vt 0.0454545282 0.999500394
vt 0.0454545282 0.982232809
vt 0.0909090564 0.982232809
vt 0.0454545282 0.973642409
vt -1.1920929e-07 0.973642468
vt 0.0454545282 0.998741627
vt 7.58909877e-08 0.998741686
vt 0.0909090564 0.973642409
vt -1.1920929e-07 0.970266104
vt -1.1920929e-07 0.996465385
vt 0.0909090564 0.998741627
vt 0.0454545282 0.996465325
vt 0.0909090564 0.996465325
vt 0.136363581 0.996465266
vt 0.0454545282 0.978371859
vt 0.136363581 0.978371799
vt -1.1920929e-07 0.978371859
vt 0.0909090564 0.978371859
vt 0.0454545282 0.966810048
vt -1.1920929e-07 0.966810107
vt -1.1920929e-07 0.962241471
vt 0.0909090564 0.966810048
vt 0.136363581 0.966809988
vt 0.181818113 0.97837168
vt 0.181818113 0.966809869
vt 0.227272645 0.96680975
vt 0.0454545282 0.962241411
vt 0.0909090564 0.962241411
vt 0.181818187 0.962241232
vt 0.227272719 0.962241173
vt 0.0454546027 0.960642099
vt -1.1920929e-07 0.960642159
vt 0.136363581 0.962241352
vt -1.1920929e-07 0.957988262
vt 0.0909090564 0.960642099
vt 0.136363581 0.96064204
vt 0.0454545282 0.957988262
vt 0.0909090564 0.957988203
vt 0.0454545282 0.897977233
vt 7.58909877e-08 0.897977233
vt 0.181818113 0.960641921
vt 0.0909090564 0.897977173
vt 0.136363581 0.957988143
vt 0.136363581 0.897977114
vt -1.1920929e-07 0.043407321
vt 0.181818113 0.957988024
vt 0.0909090564 0.043407321
vt 0.0454545282 0.043407321
vt 0.272727251 0.0223442316
vt 0.272727251 0.0336774588
vt 0.227272645 0.0336774588
vt 0.318181843 0.0336774588
vt 0.272727251 0.0382604599
vt 0.227272719 0.0382604599
vt 0.181818113 0.0382605791
vt 0.318181843 0.0382604599
vt 0.363636374 0.0382604599
vt 0.227272645 0.0401511192
vt 0.318181843 0.0401511192
vt 0.136363581 0.0382606983
vt 0.136363581 0.0336776972
vt 0.0909090564 0.0382606983
vt 0.136363581 0.0401513577
vt 0.0909090564 0.0401513577
vt 0.181818113 0.0401512384
vt 0.136363581 0.0434072018
vt 0.181818113 0.0434070826
vt 0.227272645 0.0434070826
vt 0.272727251 0.0434069633
vt 0.181818187 0.897976995
vt 0.227272719 0.897976875
vt 0.227272645 0.957987905
vt 0.272727251 0.897976875
vt 0.318181843 0.897976875
vt 0.272727251 0.957987845
vt 0.363636374 0.0434069633
vt 0.363636374 0.897976875
vt 0.818181634 0.962151468
vt 0.818181753 0.724306226
vt 0.772727132 0.962151527
vt 0.818181634 0.982232451
vt 0.863636255 0.982232392
vt 0.863636255 0.973641992
vt 0.863636255 0.991389275
vt 0.909090757 0.982232392
vt 0.909090757 0.991389215
vt 0.909090757 0.970265627
vt 0.863636255 0.970265627
vt 0.863636255 0.967852354
vt 0.909090757 0.973641992
vt 0.954545319 0.991389275
vt 0.909090757 0.996464908
vt 0.954545319 0.973641992
vt 0.954545319 0.982232392
vt 0.954545319 0.996464908
vt 0.954545319 0.998741269
vt 0.999999821 0.982232451
vt 0.999999821 0.996464968
vt 0.999999821 0.991389275
vt 0.999999821 0.998741269
vt 0.999999821 0.973641992
vt 0.999999821 0.999500036
vt 0.954545319 0.999499977
vt 0.954545319 0.998741269
vt 0.999999821 0.970265627
vt 0.999999821 0.998741269
vt 0.999999821 0.996464968
vt 1.04545438 0.998741269
vt 1.04545438 0.998741269
vt 1.04545438 0.999500036
vt 1.04545438 0.996464968
vt 1.04545438 0.996464968
vt 1.09090889 0.999500036
vt 1.04545438 0.991389275
vt 1.090909 0.996464968
vt 1.090909 0.998741269
vt 1.04545438 0.982232451
vt 1.04545438 0.973642051
vt 1.090909 0.982232451
vt 1.090909 0.991389334
vt 1.13636339 0.998741388
vt 1.13636339 0.991389394
vt 1.13636339 0.996465087
vt 1.13636351 0.999500155
vt 1.18181801 0.996465206
vt 1.13636339 0.982232571
vt 1.18181801 0.998741508
vt 1.18181801 0.999500275
vt 1.13636351 0.998741388
vt 1.09090889 0.998741269
vt 1.09090889 0.996464968
vt 1.18181801 0.998741508
vt 1.22727263 0.998741627
vt 1.22727263 0.998741627
vt 1.22727263 0.999500394
vt 1.18181801 0.996465206
vt 1.13636351 0.996465087
vt 1.13636351 0.990424156
vt 1.04545438 0.990424037
vt 0.999999821 0.990424037
vt 1.09090889 0.990424097
vt 0.999999821 0.978371501
vt 1.04545438 0.978371501
vt 1.09090889 0.978371501
vt 1.04545438 0.96680969
vt 1.13636351 0.978371561
vt 0.999999821 0.96680963
vt 0.954545319 0.96680963
vt 1.09090889 0.96680975
vt 0.999999821 0.962241054
vt 0.954545319 0.962240994
vt 0.909090757 0.962240994
vt 1.13636351 0.96680975
vt 1.09090889 0.962241054
vt 1.04545438 0.962241054
vt 0.954545319 0.960641682
vt 1.04545438 0.960641742
vt 0.999999821 0.960641742
vt 0.909090757 0.960641682
vt 0.999999821 0.957987785
vt 1.09090889 0.960641742
vt 0.863636255 0.960641682
vt 0.863636255 0.962240994
vt 0.818181634 0.962241054
vt 0.909090757 0.957987785
vt 0.818181634 0.960641742
vt 0.954545319 0.957987785
vt 0.772727191 0.960641861
vt 0.818181634 0.957987785
vt 0.863636196 0.957987785
vt 0.954545319 0.724306226
vt 0.863636255 0.897976756
vt 0.909090757 0.897976756
vt 0.999999821 0.897976816
vt 0.909090757 0.724306226
vt 0.818181634 0.897976816
vt 0.999999821 0.724306226
vt 1.04545438 0.897976816
vt 1.04545438 0.957987785
vt 1.090909 0.957987845
vt 1.04545438 0.724306285
vt 0.954545319 0.49562341
vt 1.04545438 0.495623469
vt 0.999999821 0.49562341
vt 1.09090889 0.724306285
vt 1.09090889 0.897976875
vt 1.13636339 0.897976875
vt 1.13636351 0.960641861
vt 1.13636339 0.957987905
vt 1.13636339 0.962241173
vt 1.18181801 0.957988024
vt 1.18181801 0.962241292
vt 1.18181801 0.96064198
vt 1.18181801 0.897976995
vt 1.22727263 0.960642099
vt 1.18181801 0.966809869
vt 1.18181801 0.97837168
vt 1.22727263 0.966809988
vt 1.18181801 0.990424275
vt 1.22727263 0.990424395
vt 1.22727263 0.978371799
vt 1.22727263 0.962241411
vt 1.27272713 0.978371859
vt 1.22727263 0.996465325
vt 1.27272713 0.996465325
vt 1.27272713 0.990424395
vt 1.27272713 0.966810048
vt 1.27272713 0.962241411
vt 1.31818163 0.966810048
vt 1.31818163 0.990424454
vt 1.31818163 0.978371859
vt 1.27272713 0.960642099
vt 1.27272713 0.998741627
vt 1.27272713 0.999500394
vt 1.31818163 0.998741627
vt 1.31818163 0.996465325
vt 1.36363626 0.996465325
vt 1.27272713 0.998741627
vt 1.31818163 0.999500394
vt 1.31818163 0.998741627
vt 1.36363626 0.999500394
vt 1.86363614 0.00406813622
vt 1.86363614 0.0223445892
vt 1.81818175 0.0223445892
vt 1.90909088 0.0223445892
vt 1.86363614 0.0336778164
vt 1.81818175 0.0336778164
vt 1.77272713 0.02234447
vt 1.77272701 0.0104212761
vt 1.81818175 0.0382608175
vt 1.86363614 0.0382608175
vt 1.77272701 0.0336776972
vt 1.86363637 0.0401513577
vt 1.81818175 0.0401514769
vt 1.81818175 0.043407321
vt 1.77272713 0.0401513577
vt 1.77272713 0.0382606983
vt 1.72727251 0.02234447
vt 1.72727251 0.0382606983
vt 1.72727251 0.0336776972
vt 1.72727251 0.0104212761
vt 1.72727251 0.00406801701
vt 1.68181801 0.0336778164
vt 1.68181801 0.0104213953
vt 1.68181801 0.0223445892
vt 1.68181801 0.0382608175
vt 1.63636363 0.0223445892
vt 1.68181801 0.00406813622
vt 1.68181801 0.00139212608
vt 1.72727251 0.00139200687
vt 1.63636363 0.00406813622
vt 1.72727251 0.00049996376
vt 1.68181801 0.00050008297
vt 1.68181801 0.00139212608
vt 1.63636363 0.00050008297
vt 1.63636351 0.00139212608
vt 1.63636351 0.0104213953
vt 1.63636363 0.00139212608
vt 1.590909 0.0104213953
vt 1.590909 0.00139212608
vt 1.590909 0.00406813622
vt 1.590909 0.0223445892
vt 1.54545438 0.00406813622
vt 1.590909 0.00050008297
vt 1.54545438 0.00050008297
vt 1.54545438 0.00139212608
vt 1.590909 0.00139212608
vt 1.63636363 0.00406813622
vt 1.590909 0.00406813622
vt 1.5 0.00139212608
vt 1.5 0.00406813622
vt 1.45454538 0.00406813622
vt 1.5 0.0104213953
vt 1.45454538 0.0104213953
vt 1.54545438 0.0104213953
vt 1.45454538 0.0223445892
vt 1.54545438 0.0223445892
vt 1.5 0.0223445892
vt 1.5 0.0336778164
vt 1.45454538 0.0336778164
vt 1.45454538 0.0382608175
vt 1.40909088 0.0382608175
vt 1.54545438 0.0336778164
vt 1.590909 0.0336778164
vt 1.54545438 0.0382608175
vt 1.5 0.0382608175
vt 1.40909088 0.0401514769
vt 1.63636363 0.0336778164
vt 1.63636363 0.0382608175
vt 1.590909 0.0382608175
vt 1.590909 0.0401514769
vt 1.68181801 0.0401514769
vt 1.63636363 0.0401514769
vt 1.54545438 0.0401514769
vt 1.72727251 0.0401513577
vt 1.63636363 0.043407321
vt 1.72727251 0.0434072018
vt 1.68181801 0.043407321
vt 1.590909 0.043407321
vt 1.77272713 0.043407321
vt 1.77272713 0.270576
vt 1.77272713 0.495623708
vt 1.72727251 0.102168798
vt 1.72727251 0.270576
vt 1.72727251 0.495623708
vt 1.68181801 0.495623767
vt 1.63636363 0.270576119
vt 1.63636363 0.102168798
vt 1.590909 0.102168798
vt 1.590909 0.270576119
vt 1.54545438 0.270576119
vt 1.54545438 0.102168798
vt 1.5 0.102168798
vt 1.5 0.270576119
vt 1.5 0.495623827
vt 1.45454538 0.270576119
vt 1.45454538 0.495623827
vt 1.5 0.043407321
vt 1.40909076 0.495623827
vt 1.40909088 0.270576119
vt 1.36363626 0.102168798
vt 1.45454538 0.102168798
vt 1.40909088 0.102168798
vt 1.36363626 0.043407321
vt 1.45454538 0.043407321
vt 1.40909088 0.043407321
vt 1.45454538 0.0401514769
vt 1.5 0.0401514769
vt 0.409090906 0.0434069633
vt 0.318181843 0.0434069633
vt 0.272727251 0.0401511192
vt 0.363636374 0.0401511192
vt 0.409090906 0.0401511192
vt 0.454545438 0.0434069633
vt 0.454545438 0.0401511192
vt 0.499999911 0.0401511192
vt 0.499999911 0.0434069633
vt 0.545454502 0.0434069633
vt 0.454545438 0.897976875
vt 0.409090906 0.957987845
vt 0.499999911 0.897976875
vt 0.545454443 0.897976875
vt 0.590909004 0.0434069633
vt 0.454545438 0.957987845
vt 0.499999911 0.957987845
vt 0.363636404 0.957987845
vt 0.318181843 0.957987845
vt 0.318181843 0.960641742
vt 0.545454443 0.957987845
vt 0.272727251 0.960641742
vt 0.272727251 0.962241113
vt 0.227272645 0.960641861
vt 0.590908945 0.897976875
vt 0.590909004 0.724306285
vt 0.590908945 0.957987845
vt 0.590908945 0.960641742
vt 0.636363566 0.897976875
vt 0.636363566 0.957987845
vt 0.636363566 0.960641742
vt 0.636363566 0.962241113
vt 0.681818068 0.960641801
vt 0.681818068 0.962241113
vt 0.72727257 0.962241173
vt 0.72727257 0.960641861
vt 0.681818068 0.957987905
vt 0.72727257 0.957987905
vt 0.772727132 0.957987905
vt 0.772727132 0.897976875
vt 0.681818068 0.724306345
vt 0.681818068 0.495623529
vt 0.772727191 0.270575881
vt 0.818181753 0.724306226
vt 0.636363566 0.0434069633
vt 0.681818128 0.102168441
vt 0.727272689 0.270575762
vt 0.681818128 0.0434069633
vt 0.681818128 0.0401511192
vt 0.727272689 0.0434069633
vt 0.727272689 0.10216856
vt 0.727272689 0.0401511192
vt 0.727272689 0.0382604599
vt 0.772727191 0.10216856
vt 0.772727191 0.0401512384
vt 0.772727191 0.0382605791
vt 0.772727191 0.0336774588
vt 0.818181813 0.0382604599
vt 0.818181813 0.0336773396
vt 0.772727191 0.0434069633
vt 0.818181813 0.0434069633
vt 0.818181813 0.0401511192
vt 0.863636315 0.0336773396
vt 0.818181813 0.0223441124
vt 0.863636315 0.0401511192
vt 0.863636315 0.0382604599
vt 0.863636315 0.00406765938
vt 0.909090877 0.0382603407
vt 0.909090877 0.0223439932
vt 0.909090877 0.0336772203
vt 0.863636315 0.0434069633
vt 0.909090877 0.0104207993
vt 0.909090877 0.00406765938
vt 0.909090877 0.040151
vt 0.954545379 0.00406777859
vt 0.909090877 0.0434068441
vt 0.954545379 0.0401511192
vt 0.954545438 0.00139176846
vt 0.909090877 0.00139164925
vt 0.954545379 0.0382604599
vt 0.909090877 0.000499606133
vt 0.954545379 0.000499725342
vt 0.909090877 0.00139164925
vt 0.909090877 0.00406777859
vt 0.863636315 0.00406777859
vt 0.954545379 0.00406777859
vt 0.863636315 0.00940990448
vt 0.818181813 0.00940990448
vt 0.772727191 0.0094101429
vt 0.727272689 0.00941002369
vt 0.727272689 0.0183002949
vt 0.772727191 0.0183004141
vt 0.818181813 0.0183002949
vt 0.772727191 0.0264909267
vt 0.863636315 0.0183001757
vt 0.727272689 0.0264909267
vt 0.681818128 0.0264909267
vt 0.727272689 0.0297341347
vt 0.681818128 0.0297341347
vt 0.818181813 0.0264909267
vt 0.681818128 0.0324163437
vt 0.727272689 0.0324163437
vt 0.727272689 0.0389244556
vt 0.772727191 0.0297342539
vt 0.772727191 0.0324164629
vt 0.818181813 0.0297340155
vt 0.772727191 0.0389245749
vt 0.818181813 0.0389244556
vt 0.818181813 0.0324163437
vt 0.863636315 0.0264908075
vt 0.863636315 0.0324162245
vt 0.909090877 0.0183001757
vt 0.909090877 0.0297340155
vt 0.909090877 0.0264908075
vt 0.909090877 0.00940990448
vt 0.954545379 0.00940990448
vt 0.954545379 0.0264909267
vt 0.954545379 0.0183002949
vt 1.72727251 0.962241411
vt 1.77272701 0.962241411
vt 1.77272701 0.966809988
vt 1.63636351 0.962241411
vt 1.63636351 0.960642099
vt 1.68181801 0.960642099
vt 1.590909 0.960642099
vt 1.59090889 0.962241411
vt 1.54545438 0.962241411
vt 1.54545438 0.960642099
vt 1.49999976 0.960642099
vt 1.63636351 0.957988143
vt 1.54545438 0.957988203
vt 1.590909 0.957988203
vt 1.72727251 0.96064204
vt 1.49999976 0.957988203
vt 1.45454538 0.957988203
vt 1.49999976 0.897977233
vt 1.45454538 0.897977233
vt 1.45454538 0.724306643
vt 1.5 0.724306643
vt 1.590909 0.724306583
vt 1.54545438 0.724306643
vt 1.63636351 0.897977173
vt 1.63636351 0.724306583
vt 1.590909 0.495623827
vt 1.68181801 0.897977114
vt 1.68181801 0.957988143
vt 1.72727251 0.957988143
vt 1.63636363 0.495623767
vt 1.72727251 0.724306583
vt 1.77272713 0.897977114
vt 1.77272713 0.957988143
vt 1.77272701 0.960642099
vt 1.81818175 0.957988203
vt 1.81818175 0.962241471
vt 1.81818175 0.960642099
vt 1.81818175 0.966810107
vt 1.81818175 0.978371859
vt 1.86363614 0.960642219
vt 1.86363614 0.966810107
vt 1.86363614 0.96224153
vt 1.86363614 0.957988262
vt 1.90909088 0.96224153
vt 1.86363614 0.978371978
vt 1.90909088 0.960642219
vt 1.90909088 0.957988262
vt 1.86363614 0.897977293
vt 1.81818175 0.897977233
vt 1.81818175 0.724306643
vt 1.77272713 0.724306583
vt 1.90909088 0.897977293
vt 1.95454538 0.957988262
vt 1.95454538 0.960642219
vt 1.99999988 0.957988262
vt 2 0.897977233
vt 1.99999988 0.960642159
vt 1.99999988 0.962241471
vt 1.95454538 0.0434074402
vt 1.99999988 0.043407321
vt 1.95454538 0.96224153
vt 1.90909076 0.0434074402
vt 1.86363614 0.043407321
vt 1.95454538 0.0401514769
vt 1.99999988 0.0401514769
vt 2 0.0382608175
vt 1.95454538 0.0382609367
vt 1.90909076 0.0401514769
vt 1.95454538 0.0336778164
vt 2 0.0336778164
vt 1.90909088 0.0382608175
vt 2 0.0223445892
vt 1.95454538 0.0223445892
vt 1.90909088 0.0336778164
vt 1.95454538 0.00406825542
vt 2 0.00406813622
vt 1.90909076 0.00406813622
vt 1.95454538 0.00139212608
vt 2 0.00139212608
vt 2 0.00050008297
vt 1.95454538 0.00050008297
vt 1.90909076 0.00139212608
vt 1.95454538 0.00139212608
vt 2 0.00139212608
vt 1.90909076 0.00050008297
vt 1.99999988 0.00406825542
vt 1.86363614 0.00139212608
vt 1.95454538 0.00406825542
vt 1.90909076 0.00139212608
vt 1.90909076 0.00406825542
vt 1.99999988 0.0183006525
vt 1.86363614 0.00139212608
vt 1.95454538 0.0183006525
vt 1.95454538 0.0264914036
vt 2 0.0264912844
vt 1.90909088 0.0183006525
vt 1.99999988 0.0297344923
vt 1.86363614 0.00406825542
vt 1.95454538 0.0297344923
vt 1.90909088 0.0264914036
vt 1.95454538 0.0324169397
vt 1.99999988 0.0324167013
vt 1.90909088 0.0297344923
vt 1.99999988 0.0389248133
vt 1.86363614 0.0264914036
vt 1.95454538 0.0389248133
vt 1.90909076 0.0324168205
vt 1.90909088 0.0389248133
vt 1.86363614 0.0324168205
vt 1.95454538 0.962151885
vt 2 0.495623827
vt 1.99999988 0.962151885
vt 1.90909076 0.962151885
vt 0.318181843 0.962241054
vt 0.318181843 0.96680969
vt 0.363636404 0.962241054
vt 0.409090906 0.962241054
vt 0.454545438 0.962241054
vt 0.409090906 0.960641742
vt 0.363636404 0.960641742
vt 0.499999911 0.962241054
vt 0.454545438 0.960641742
vt 0.499999911 0.960641742
vt 0.545454443 0.962241054
vt 0.545454443 0.96680969
vt 0.590908945 0.96680969
vt 0.545454443 0.960641742
vt 0.590908945 0.962241113
vt 0.636363566 0.978371501
vt 0.636363566 0.96680975
vt 0.681818068 0.96680975
vt 0.681818068 0.978371561
vt 0.72727257 0.978371561
vt 0.681818068 0.996465027
vt 0.681818068 0.998741329
vt 0.72727257 0.996465087
vt 0.681818068 0.999500096
vt 0.72727257 0.999500155
vt 0.72727257 0.998741388
vt 0.72727257 0.990424156
vt 0.772727132 0.998741388
vt 0.772727132 0.990424156
vt 0.772727132 0.996465027
vt 0.72727257 0.998741388
vt 0.72727257 0.996465087
vt 0.772727191 0.998741388
vt 0.772727132 0.999500155
vt 0.818181634 0.996464968
vt 0.818181634 0.999500036
vt 0.818181634 0.998741269
vt 0.818181634 0.990424037
vt 0.863636255 0.99874121
vt 0.818181634 0.998741269
vt 0.863636255 0.996464908
vt 0.863636255 0.990423977
vt 0.818181634 0.978371501
vt 0.772727132 0.978371561
vt 0.772727132 0.96680975
vt 0.72727257 0.96680975
vt 0.818181634 0.96680969
vt 0.863636255 0.978371382
vt 0.863636255 0.96680963
vt 0.772727132 0.962241173
vt 0.909090757 0.978371382
vt 0.909090757 0.990423977
vt 0.909090757 0.996464908
vt 0.954545319 0.990424037
vt 0.909090757 0.96680963
vt 0.909090757 0.99874121
vt 0.954545319 0.978371441
vt 0.954545319 0.996464968
vt 0.909090757 0.999499977
vt 0.863636255 0.999499977
vt 0.863636255 0.99874121
vt 0.909090757 0.99874121
vt 0.863636255 0.996464908
vt 0.818181634 0.996464968
vt 0.772727132 0.996465087
vt 0.818181634 0.991389275
vt 0.72727257 0.991389394
vt 0.72727257 0.982232571
vt 0.772727132 0.982232571
vt 0.681818068 0.982232511
vt 0.772727132 0.973642111
vt 0.681818068 0.973642111
vt 0.72727257 0.973642111
vt 0.636363566 0.973642111
vt 0.590909004 0.973642111
vt 0.636363566 0.970265687
vt 0.590908945 0.970265687
vt 0.72727257 0.970265746
vt 0.681818068 0.970265746
vt 0.590909004 0.967852473
vt 0.545454443 0.970265687
vt 0.681818068 0.967852473
vt 0.636363566 0.967852473
vt 0.545454443 0.967852473
vt 0.499999911 0.967852473
vt 0.636363506 0.962151527
vt 0.545454443 0.962151468
vt 1.090909 0.0401511192
vt 1.22727263 0.0336778164
vt 1.22727275 0.02234447
vt 1.22727263 0.0382608175
vt 1.22727263 0.0401513577
vt 1.18181801 0.0401513577
vt 1.18181813 0.0434072018
vt 1.13636363 0.0434070826
vt 1.090909 0.0434069633
vt 1.27272725 0.0401513577
vt 1.04545438 0.0434069633
vt 1.13636351 0.270575762
vt 1.22727263 0.0434072018
vt 0.99999994 0.0434069633
vt 1.04545438 0.102168441
vt 0.954545379 0.0434069633
vt 0.954545379 0.102168441
vt 0.99999994 0.102168441
vt 1.090909 0.102168441
vt 0.99999994 0.270575643
vt 1.090909 0.270575762
vt 1.04545438 0.270575762
vt 0.909090877 0.102168322
vt 0.863636315 0.102168322
vt 0.909090877 0.270575643
vt 0.818181813 0.102168441
vt 0.818181753 0.270575762
vt 0.863636315 0.270575643
vt 0.909090757 0.49562335
vt 1.090909 0.495623469
vt 0.863636255 0.724306226
vt 0.818181753 0.495623469
vt 1.13636351 0.495623529
vt 1.13636339 0.724306345
vt 1.18181801 0.724306464
vt 1.18181813 0.270576
vt 1.18181801 0.495623648
vt 1.22727263 0.897977114
vt 1.22727263 0.724306583
vt 1.18181813 0.102168679
vt 1.22727263 0.102168798
vt 1.22727263 0.270576119
vt 1.27272725 0.102168798
vt 1.27272713 0.724306643
vt 1.27272725 0.495623827
vt 1.27272725 0.0434072018
vt 1.31818163 0.102168798
vt 1.31818163 0.043407321
vt 1.31818163 0.270576119
vt 1.31818163 0.495623827
vt 1.31818163 0.724306643
vt 1.36363626 0.495623827
vt 1.36363626 0.724306643
vt 1.31818151 0.897977233
vt 1.27272713 0.897977233
vt 1.27272713 0.957988203
vt 1.36363626 0.897977233
vt 1.22727263 0.957988143
vt 1.31818163 0.957988203
vt 1.31818163 0.960642099
vt 1.36363626 0.957988203
vt 1.31818163 0.962241411
vt 1.36363614 0.962241411
vt 1.36363626 0.960642099
vt 1.40909076 0.897977233
vt 1.40909076 0.960642099
vt 1.40909076 0.957988203
vt 1.40909076 0.724306643
vt 1.40909076 0.962241411
vt 1.45454538 0.960642099
vt 1.45454538 0.962241471
vt 1.40909076 0.966810107
vt 1.36363614 0.966810048
vt 1.36363626 0.978371859
vt 1.36363614 0.990424454
vt 1.40909076 0.978371859
vt 1.40909076 0.990424454
vt 1.40909076 0.996465325
vt 1.40909076 0.998741686
vt 1.45454538 0.978371859
vt 1.45454538 0.996465325
vt 1.45454538 0.990424454
vt 1.45454538 0.966810107
vt 1.49999976 0.990424454
vt 1.49999976 0.966810107
vt 1.49999976 0.978371859
vt 1.45454514 0.998741627
vt 1.49999976 0.962241471
vt 1.45454538 0.999500394
vt 1.40909076 0.999500394
vt 1.49999976 0.998741627
vt 1.49999976 0.996465325
vt 1.54545438 0.996465325
vt 1.54545438 0.990424395
vt 1.54545438 0.978371859
vt 1.54545438 0.966810048
vt 1.590909 0.990424395
vt 1.590909 0.966810048
vt 1.590909 0.978371859
vt 1.590909 0.996465325
vt 1.63636351 0.978371859
vt 1.63636351 0.990424395
vt 1.63636351 0.996465325
vt 1.590909 0.998741627
vt 1.54545438 0.998741627
vt 1.54545438 0.999500394
vt 1.49999976 0.999500394
vt 1.49999976 0.998741627
vt 1.590909 0.999500394
vt 1.45454538 0.998741627
vt 1.40909076 0.998741627
vt 1.45454538 0.996465325
vt 1.54545438 0.998741627
vt 1.40909076 0.996465325
vt 1.36363626 0.996465325
vt 1.40909076 0.991389692
vt 1.36363626 0.991389692
vt 1.49999976 0.996465325
vt 1.36363626 0.982232809
vt 1.54545438 0.996465325
vt 1.49999976 0.991389632
vt 1.45454538 0.991389692
vt 1.40909076 0.982232809
vt 1.45454538 0.982232809
vt 1.40909076 0.973642409
vt 1.36363614 0.973642409
vt 1.31818163 0.973642409
vt 1.49999976 0.982232809
vt 1.36363614 0.967852831
vt 1.45454538 0.973642409
vt 1.31818163 0.970266044
vt 1.27272713 0.970265985
vt 1.49999976 0.973642409
vt 1.45454538 0.970266044
vt 1.40909076 0.970266044
vt 1.31818163 0.967852831
vt 1.40909076 0.967852831
vt 1.27272713 0.967852831
vt 1.22727263 0.967852771
vt 1.27272713 0.962151825
vt 1.31818163 0.962151825
vt 1.22727251 0.962151766
vt 1.18181789 0.962151647
vt 1.31818163 0.899018109
vt 1.22727263 0.899018049
vt 0.772727191 0.0223442316
vt 0.727272689 0.0223442316
vt 0.681818128 0.0223442316
vt 0.681818128 0.0336774588
vt 0.727272689 0.0336774588
vt 0.636363566 0.0336774588
vt 0.590909004 0.0336774588
vt 0.636363566 0.0382604599
vt 0.681818128 0.0382604599
vt 0.545454502 0.0336774588
vt 0.590909004 0.0382604599
vt 0.545454502 0.0382604599
vt 0.590909004 0.0401511192
vt 0.636363566 0.0401511192
vt 0.499999911 0.0336774588
vt 0.499999911 0.0223442316
vt 0.454545438 0.0223442316
vt 0.409090906 0.0223442316
vt 0.454545438 0.0336774588
vt 0.499999911 0.0382604599
vt 0.409090906 0.0336774588
vt 0.454545438 0.0382604599
vt 0.545454502 0.0401511192
vt 0.409090906 0.0382604599
vt 0.363636374 0.0336774588
vt 0.363636374 0.0223442316
vt 0.363636374 0.00406777859
vt 0.318181843 0.00406777859
vt 0.363636374 0.00139176846
vt 0.318181843 0.00139176846
vt 0.318181843 0.0223442316
vt 0.272727251 0.00406777859
vt 0.318181843 0.000499725342
vt 0.318181843 0.00139188766
vt 0.272727251 0.000499725342
vt 0.272727251 0.00139176846
vt 0.272727251 0.00139176846
vt 0.272727251 0.00406777859
vt 0.227272645 0.00139176846
vt 0.227272645 0.00406777859
vt 0.181818113 0.0040678978
vt 0.227272645 0.000499725342
vt 0.227272645 0.00139176846
vt 0.181818113 0.000499844551
vt 0.181818113 0.00139188766
vt 0.136363655 0.00139200687
vt 0.136363581 0.00406801701
vt 0.136363581 0.00049996376
vt 0.0909090564 0.00049996376
vt 0.181818113 0.00139188766
vt 0.136363581 0.00139200687
vt 0.0909090564 0.00139200687
vt 0.0909090564 0.00406801701
vt 0.136363581 0.00406801701
vt 0.136363581 0.02234447
vt 0.181818113 0.0040678978
vt 0.227272645 0.00406777859
vt 0.181818113 0.0223443508
vt 0.227272645 0.0223442316
vt 0.181818113 0.033677578
vt 1.81818175 0.00406813622
vt 1.81818175 0.0183006525
vt 1.77272713 0.0183005333
vt 1.72727251 0.00406801701
vt 1.72727251 0.0183005333
vt 1.68181801 0.00941038132
vt 1.77272713 0.00406801701
vt 1.68181801 0.00406813622
vt 1.81818175 0.00139212608
vt 1.77272713 0.00139200687
vt 1.72727251 0.00139200687
vt 1.81818175 0.00050008297
vt 1.77272713 0.00049996376
vt 1.86363614 0.00050008297
vt 1.81818175 0.00139212608
vt 1.77272713 0.00139200687
vt 1.81818175 0.00406813622
vt 1.77272713 0.00406801701
vt 0.409090906 0.996464968
vt 0.318181843 0.996464968
vt 0.454545438 0.982232451
vt 0.363636404 0.982232451
vt 0.409090906 0.982232451
vt 0.499999911 0.982232451
vt 0.409090906 0.973642051
vt 0.545454443 0.982232451
vt 0.499999911 0.973642051
vt 0.590908945 0.982232451
vt 0.454545438 0.973642051
vt 0.545454443 0.973642051
vt 0.454545438 0.970265687
vt 0.499999911 0.970265687
vt 0.409090906 0.970265627
vt 0.454545438 0.967852473
vt 0.409090906 0.967852473
vt 0.363636404 0.970265687
vt 0.363636404 0.973642051
vt 0.318181843 0.973642051
vt 0.318181843 0.982232451
vt 0.272727251 0.982232451
vt 0.318181843 0.967852473
vt 0.272727251 0.996464968
vt 0.272727251 0.998741269
vt 0.227272645 0.991389394
vt 0.227272645 0.998741388
vt 0.227272719 0.996465087
vt 0.227272719 0.982232571
vt 0.181818113 0.996465147
vt 0.227272645 0.999500155
vt 0.227272645 0.998741388
vt 0.181818113 0.999500215
vt 0.181818113 0.998741448
vt 0.227272645 0.996465087
vt 0.181818113 0.998741448
vt 0.181818113 0.996465147
vt 0.272727251 0.978371501
vt 0.227272645 0.978371561
vt 0.272727251 0.96680969
vt 0.363636404 0.96680969
vt 0.499999911 0.0264909267
vt 0.499999911 0.0183002949
vt 0.454545438 0.0183002949
vt 0.545454502 0.0183002949
vt 0.409090906 0.0264908075
vt 0.363636374 0.0264909267
vt 0.363636374 0.0297341347
vt 0.318181843 0.0264909267
vt 0.318181843 0.0297341347
vt 0.363636374 0.0183002949
vt 0.272727251 0.0297341347
vt 0.272727251 0.0264909267
vt 0.227272645 0.0264909267
vt 0.272727251 0.0183002949
vt 0.227272645 0.0183002949
vt 0.409090906 0.0183002949
vt 0.318181843 0.0183002949
vt 0.363636374 0.00406777859
vt 0.318181843 0.0040678978
vt 0.409090906 0.00406777859
vt 0.454545438 0.00406777859
vt 0.499999911 0.00406777859
vt 0.545454502 0.00406777859
vt 0.590909004 0.0183002949
vt 0.590909004 0.0264908075
vt 0.636363566 0.0183002949
vt 0.636363566 0.0264909267
vt 0.636363566 0.0297341347
vt 0.636363566 0.00941002369
vt 0.590909004 0.00406777859
vt 0.636363566 0.00406777859
vt 0.681818128 0.0183002949
vt 0.590909004 0.00139176846
vt 0.681818128 0.0040678978
vt 0.545454502 0.00139176846
vt 0.636363566 0.00139176846
vt 1.40909088 0.00406813622
vt 1.40909088 0.00139212608
vt 1.40909088 0.00050008297
vt 1.45454538 0.00139212608
vt 1.4545455 0.00050008297
vt 1.40909088 0.00139212608
vt 1.36363626 0.00139212608
vt 1.36363626 0.00406813622
vt 1.31818163 0.00406813622
vt 1.31818187 0.00941038132
vt 1.40909088 0.00406813622
vt 1.45454538 0.00139212608
vt 1.45454538 0.00406813622
vt 1.40909088 0.00941038132
vt 1.36363626 0.00941038132
vt 1.36363626 0.0183006525
vt 1.5 0.00139212608
vt 1.45454538 0.00941038132
vt 1.5 0.00050008297
vt 1.5 0.00406813622
vt 1.5 0.00941038132
vt 1.45454538 0.0183006525
vt 1.40909088 0.0183006525
vt 1.54545438 0.00406813622
vt 1.54545438 0.00139212608
vt 1.54545438 0.00941038132
vt 1.590909 0.0183006525
vt 1.54545438 0.0183006525
vt 1.5 0.0183006525
vt 1.5 0.0264911652
vt 1.45454538 0.0264912844
vt 1.40909088 0.0264911652
vt 1.45454538 0.0297344923
vt 1.36363626 0.0264912844
vt 1.54545438 0.0264912844
vt 1.590909 0.0264911652
vt 1.54545438 0.0297344923
vt 1.5 0.0297344923
vt 1.31818163 0.0264911652
vt 1.31818163 0.0183006525
vt 1.27272725 0.0183005333
vt 1.22727263 0.0183006525
vt 1.22727263 0.0264911652
vt 1.27272725 0.0264911652
vt 1.27272725 0.0297343731
vt 1.18181813 0.0297342539
vt 1.22727263 0.0297344923
vt 1.31818163 0.0297344923
vt 1.13636351 0.0297341347
vt 1.090909 0.0297341347
vt 1.22727275 0.0324167013
vt 1.13636351 0.0324164629
vt 1.18181813 0.0324165821
vt 1.27272725 0.0324165821
vt 1.090909 0.0324163437
vt 1.04545438 0.0324163437
vt 1.18181813 0.0389246941
vt 1.090909 0.0389244556
vt 1.13636363 0.0389244556
vt 1.22727275 0.0389248133
vt 1.0454545 0.0389244556
vt 0.99999994 0.0389244556
vt 1.0454545 0.101047754
vt 0.99999994 0.101047754
vt 0.99999994 0.270575643
vt 1.0454545 0.270575762
vt 1.04545438 0.495623469
vt 1.090909 0.270575762
vt 1.13636363 0.101047873
vt 0.363636404 0.962151468
vt 0.363636374 0.0389244556
vt 0.318181843 0.962151468
vt 0.409090936 0.962151468
vt 0.272727251 0.962151468
vt 0.318181843 0.0389244556
vt 0.409090906 0.0389244556
vt 0.272727251 0.0389244556
vt 0.227272645 0.0389244556
vt 0.454545438 0.0389244556
vt 0.545454502 0.0389244556
vt 0.499999911 0.962151468
vt 0.136363581 0.0324167013
vt 0.136363581 0.0389246941
vt 0.181818113 0.0389245749
vt 0.181818113 0.0324164629
vt 0.227272645 0.0324164629
vt 0.181818113 0.0297342539
vt 0.136363581 0.0297343731
vt 0.0909090564 0.0297343731
vt 0.136363581 0.0264912844
vt 0.0909090564 0.0264912844
vt 0.0909090564 0.0183005333
vt 0.136363581 0.0183005333
vt 0.181818113 0.026491046
vt 0.181818113 0.0183004141
vt 0.227272645 0.0297341347
vt 0.272727251 0.0324163437
vt 0.318181843 0.0324163437
vt 0.363636404 0.0324163437
vt 0.409090906 0.0324163437
vt 0.454545438 0.0324163437
vt 0.499999911 0.0389244556
vt 0.499999911 0.0324163437
vt 0.590908945 0.962151527
vt 0.590909004 0.0389244556
vt 0.636363566 0.0389244556
vt 0.681818068 0.899017811
vt 0.681818068 0.962151527
vt 0.681818068 0.724306345
vt 0.681818068 0.495623469
vt 0.72727257 0.962151527
vt 0.72727257 0.967852533
vt 0.772727191 0.967852533
vt 0.772727132 0.970265746
vt 0.818181634 0.970265687
vt 0.818181634 0.967852473
vt 0.818181634 0.973642051
vt 1.68181801 0.495623708
vt 1.68181801 0.101048112
vt 1.63636351 0.495623767
vt 1.68181801 0.899018049
vt 1.72727251 0.962151766
vt 1.72727251 0.724306583
vt 1.68181801 0.962151766
vt 1.68181801 0.967852771
vt 1.63636351 0.962151766
vt 1.63636351 0.967852771
vt 1.590909 0.967852831
vt 1.63636351 0.970265985
vt 1.59090889 0.970265985
vt 1.54545438 0.970266044
vt 1.68181801 0.970265985
vt 1.590909 0.973642409
vt 1.54545438 0.973642409
vt 1.54545438 0.982232809
vt 1.63636351 0.973642349
vt 1.54545438 0.991389692
vt 1.590909 0.982232809
vt 1.590909 0.991389632
vt 1.63636351 0.982232809
vt 1.68181801 0.973642349
vt 1.590909 0.996465325
vt 1.63636351 0.991389632
vt 1.59090889 0.998741627
vt 1.63636351 0.996465325
vt 1.68181801 0.991389632
vt 1.63636351 0.998741627
vt 1.63636351 0.999500394
vt 1.68181801 0.998741627
vt 1.63636351 0.998741627
vt 1.68181801 0.996465325
vt 1.68181801 0.998741627
vt 1.68181801 0.999500394
vt 1.72727251 0.996465266
vt 1.72727251 0.999500334
vt 1.72727251 0.998741567
vt 1.72727251 0.991389632
vt 1.68181801 0.996465325
vt 1.77272713 0.998741627
vt 1.72727251 0.998741627
vt 1.68181801 0.990424395
vt 1.72727251 0.996465266
vt 1.77272713 0.998741627
vt 1.77272713 0.999500394
vt 1.68181801 0.978371859
vt 1.72727251 0.978371799
vt 1.68181801 0.966809988
vt 1.63636351 0.966810048
vt 1.77272713 0.990424395
vt 1.72727251 0.966809988
vt 1.77272713 0.996465325
vt 1.77272713 0.978371799
vt 1.68181801 0.962241411
vt 1.36363614 0.998741627
vt 1.27272713 0.996465325
vt 1.22727251 0.996465325
vt 1.22727263 0.991389632
vt 1.18181801 0.991389513
vt 1.18181801 0.98223269
vt 1.27272713 0.991389632
vt 1.22727251 0.982232809
vt 1.31818163 0.996465325
vt 1.27272713 0.982232809
vt 1.31818163 0.991389632
vt 1.36363626 0.998741627
vt 1.31818163 0.982232809
vt 1.27272713 0.973642409
vt 1.22727263 0.973642349
vt 1.18181801 0.97364223
vt 1.13636339 0.973642111
vt 1.18181801 0.970265865
vt 1.090909 0.973642051
vt 1.090909 0.970265687
vt 1.13636339 0.970265746
vt 1.22727251 0.970265985
vt 1.13636339 0.967852533
vt 1.18181789 0.967852652
vt 1.04545438 0.970265627
vt 1.04545438 0.967852473
vt 1.09090889 0.967852473
vt 1.09090889 0.962151527
vt 1.13636339 0.962151527
vt 0.999999821 0.967852414
vt 0.954545319 0.967852354
vt 0.999999821 0.962151408
vt 0.909090757 0.967852354
vt 0.909090757 0.962151408
vt 0.954545319 0.962151408
vt 1.04545438 0.962151468
vt 0.954545319 0.899017692
vt 0.863636255 0.962151408
vt 0.863636255 0.899017692
vt 0.909090757 0.899017692
vt 0.909090757 0.724306226
vt 0.863636255 0.724306166
vt 0.863636255 0.49562335
vt 0.818181753 0.495623469
vt 0.818181753 0.270575762
vt 0.772727191 0.270575881
vt 0.681818068 0.270575762
vt 0.681818128 0.0389244556
vt 0.590909004 0.0324163437
vt 0.636363566 0.0324163437
vt 0.545454502 0.0324163437
vt 0.545454502 0.0297341347
vt 0.590909004 0.0297341347
vt 0.499999911 0.0297341347
vt 0.454545438 0.0297341347
vt 0.409090906 0.0297341347
vt 0.454545438 0.0264909267
vt 0.545454502 0.0264909267
vt 1.36363626 0.899018109
vt 1.18181789 0.89901793
vt 1.13636339 0.899017811
vt 1.18181801 0.724306464
vt 1.22727263 0.724306583
vt 1.04545438 0.899017751
vt 1.09090889 0.724306285
vt 0.999999821 0.899017692
vt 0.999999821 0.724306226
vt 1.04545438 0.724306285
vt 1.13636363 0.495623529
vt 0.954545379 0.49562341
vt 0.999999821 0.49562341
vt 0.909090877 0.270575643
vt 0.954545379 0.270575643
vt 0.863636255 0.270575643
vt 0.954545379 0.101047754
vt 0.863636315 0.101047635
vt 0.909090877 0.101047754
vt 0.818181813 0.101047754
vt 0.863636315 0.0389243364
vt 0.909090877 0.0389243364
vt 0.909090877 0.0324162245
vt 0.954545379 0.0389244556
vt 0.954545438 0.0324162245
vt 0.954545379 0.0297340155
vt 0.99999994 0.0324163437
vt 0.99999994 0.0264909267
vt 1.04545438 0.0264909267
vt 1.04545438 0.0297341347
vt 1.090909 0.0183002949
vt 1.090909 0.0264909267
vt 1.090909 0.00941002369
vt 1.13636351 0.0183002949
vt 1.13636363 0.0040678978
vt 0.454545438 0.962151468
vt 0.363636404 0.967852473
vt 0.272727251 0.970265687
vt 0.272727251 0.967852473
vt 0.272727251 0.973642051
vt 0.227272645 0.973642111
vt 0.227272645 0.967852533
vt 0.227272719 0.970265746
vt 0.181818113 0.98223263
vt 0.181818113 0.970265865
vt 0.181818113 0.97364223
vt 0.136363581 0.973642349
vt 0.136363581 0.996465266
vt 0.136363581 0.982232749
vt 1.86363614 0.0389248133
vt 1.95454538 0.96785289
vt 1.99999988 0.967852831
vt 1.99999988 0.970266104
vt 1.95454538 0.970266104
vt 1.90909088 0.96785289
vt 1.95454538 0.973642468
vt 1.99999988 0.973642468
vt 1.90909088 0.970266104
vt 1.99999988 0.982232869
vt 1.86363614 0.96785289
vt 1.95454538 0.982232928
vt 1.90909076 0.973642468
vt 1.99999988 0.996465385
vt 1.90909088 0.982232928
vt 1.86363614 0.973642468
vt 1.95454538 0.996465445
vt 1.95454538 0.998741746
vt 1.99999988 0.998741686
vt 1.90909088 0.996465445
vt 2 0.999500453
vt 1.86363614 0.991389751
vt 1.95454538 0.999500513
vt 1.90909076 0.998741746
vt 1.95454538 0.998741746
vt 2 0.998741686
vt 1.90909088 0.999500513
vt 1.99999988 0.996465385
vt 1.86363614 0.998741746
vt 1.95454538 0.996465445
vt 1.90909088 0.998741746
vt 1.95454538 0.978371918
vt 1.90909088 0.996465445
vt 1.99999988 0.978371859
vt 1.86363614 0.998741746
vt 1.90909088 0.978371978
vt 1.95454538 0.966810107
vt 1.99999988 0.966810107
vt 1.90909088 0.966810107
vt 1.81818175 0.990424454
vt 1.86363614 0.996465445
vt 1.81818175 0.996465325
vt 1.81818175 0.998741627
vt 1.81818175 0.999500394
vt 1.86363614 0.999500513
vt 1.81818175 0.998741627
vt 1.81818175 0.996465325
vt 1.77272713 0.996465325
vt 1.77272701 0.991389632
vt 1.86363614 0.996465445
vt 1.81818175 0.982232809
vt 1.86363614 0.982232928
vt 1.81818175 0.973642409
vt 1.77272713 0.982232809
vt 1.72727251 0.982232749
vt 1.77272701 0.973642349
vt 1.68181801 0.982232809
vt 1.72727251 0.973642349
vt 1.72727251 0.970265985
vt 1.72727251 0.967852712
vt 1.77272713 0.970265985
vt 1.77272713 0.967852771
vt 1.81818175 0.970266044
vt 1.86363614 0.970266104
vt 1.81818175 0.967852831
vt 1.81818175 0.962151825
vt 1.77272713 0.962151766
vt 1.86363614 0.962151885
vt 1.81818175 0.270576119
vt 1.77272713 0.724306583
vt 1.13636351 0.270575762
vt 1.18181813 0.101047993
vt 1.18181813 0.270576
vt 1.18181801 0.495623589
vt 1.22727263 0.495623708
vt 1.22727275 0.101048112
vt 1.22727263 0.270576119
vt 1.27272725 0.495623827
vt 1.27272725 0.101048112
vt 1.31818163 0.495623767
vt 1.27272725 0.0389246941
vt 1.31818163 0.724306643
vt 1.36363626 0.724306643
vt 1.31818163 0.0324167013
vt 1.31818163 0.101048112
vt 1.36363626 0.270576119
vt 1.31818163 0.0389248133
vt 1.36363626 0.0389248133
vt 1.36363626 0.101048112
vt 1.36363626 0.495623827
vt 1.40909088 0.101048112
vt 1.40909076 0.495623767
vt 1.40909088 0.270576119
vt 1.36363626 0.0324167013
vt 1.40909076 0.724306643
vt 1.36363626 0.0297344923
vt 1.40909088 0.0297344923
vt 1.40909088 0.0324167013
vt 1.40909088 0.0389248133
vt 1.45454538 0.0324167013
vt 1.45454538 0.0389248133
vt 1.5 0.0324167013
vt 1.45454538 0.101048112
vt 1.45454538 0.270576119
vt 1.5 0.0389248133
vt 1.5 0.101048112
vt 1.54545438 0.0389248133
vt 1.54545438 0.0324167013
vt 1.59090912 0.0324167013
vt 1.5 0.270576119
vt 1.54545438 0.101048112
vt 1.54545438 0.270576119
vt 1.5 0.495623767
vt 1.45454538 0.495623827
vt 1.45454538 0.724306643
vt 1.590909 0.101048112
vt 1.54545438 0.899018109
vt 1.590909 0.0389248133
vt 1.590909 0.270576119
vt 1.590909 0.495623767
vt 1.5 0.724306643
vt 1.49999976 0.899018109
vt 1.590909 0.724306583
vt 1.45454538 0.899018109
vt 1.40909076 0.899018109
vt 1.40909076 0.962151825
vt 1.45454538 0.962151825
vt 1.45454538 0.967852831
vt 1.49999976 0.962151825
vt 1.49999976 0.967852831
vt 1.49999976 0.970266044
vt 1.54545438 0.962151825
vt 1.54545438 0.967852831
vt 1.590909 0.899018049
vt 1.59090889 0.962151825
vt 1.63636351 0.724306583
vt 1.63636351 0.899018049
vt 1.68181801 0.724306583
vt 1.77272725 0.495623708
vt 1.72727251 0.270576
vt 1.77272725 0.270576
vt 1.81818175 0.0389248133
vt 1.77272725 0.101047993
vt 1.72727251 0.0389246941
vt 1.81818175 0.0324167013
vt 1.63636363 0.101048112
vt 1.63636363 0.0389248133
vt 1.68181801 0.0389248133
vt 1.63636363 0.0324167013
vt 1.68181801 0.0324167013
vt 1.63636363 0.0264912844
vt 1.77272725 0.0389246941
vt 1.72727251 0.0324165821
vt 1.77272713 0.0324165821
vt 1.72727251 0.0297343731
vt 1.68181801 0.0297344923
vt 1.68181801 0.0264911652
vt 1.63636363 0.0183006525
vt 1.68181801 0.0183006525
vt 1.63636363 0.00941038132
vt 1.72727251 0.0264911652
vt 1.77272713 0.0264911652
vt 1.81818175 0.0297344923
vt 1.86363614 0.0297344923
vt 1.81818175 0.0264912844
vt 1.86363614 0.0183006525
vt 0.0454545282 0.0401513577
vt -1.1920929e-07 0.0401514769
vt 0 0.0382608175
vt 0.0454545282 0.0382608175
vt 0.0454545282 0.0336778164
vt 0 0.0336778164
vt 0 0.0223445892
vt 0.0454545282 0.0223445892
vt 0.0909090564 0.02234447
vt 0 0.00406813622
vt 0.0909090564 0.0336776972
vt 0.0454545282 0.00406825542
vt 0.0454545282 0.00139212608
vt 0 0.00139212608
vt 0 0.00050008297
vt 0.0454545282 0.00050008297
vt 0.0454545282 0.00139212608
vt 0 0.00139212608
vt -1.1920929e-07 0.00406825542
vt 0.0454545282 0.00406825542
vt 0.0454545282 0.0183006525
vt 0.0909090564 0.00406813622
vt -1.1920929e-07 0.0183006525
vt 0.0909090564 0.00139200687
vt 0.0454545282 0.0264912844
vt 0 0.0264912844
vt -1.1920929e-07 0.0297344923
vt 0.0454545282 0.0297344923
vt 0.0454545282 0.0324168205
vt -1.1920929e-07 0.0324167013
vt -1.1920929e-07 0.0389248133
vt 0.0454545282 0.0389248133
vt 0.0454545282 0.962151825
vt 0.0909090564 0.0389246941
vt 0.0909090564 0.0324167013
vt 0 0.495623827
vt -1.1920929e-07 0.962151885
vt 0.0454546027 0.967852831
vt -1.1920929e-07 0.967852831
vt 0.0909090564 0.962151825
vt 0.0454545282 0.970266044
vt 0.0909090564 0.970265985
vt 0.0909090564 0.967852831
vt 0.136363581 0.970265985
vt 0.136363581 0.967852712
vt 0.181818187 0.967852592
vt 0.136363581 0.962151766
vt 0.181818113 0.962151647
vt 0.227272719 0.962151527
f 1/1 2/2 3/3
f 3/3 4/4 1/1
f 5/5 2/2 1/1
f 3/3 2/2 6/6
f 6/6 2/2 5/5
f 5/5 7/7 6/6
f 6/6 8/8 3/3
f 6/6 7/7 9/9
f 10/10 8/8 6/6
f 9/9 11/11 6/6
f 6/6 11/11 10/10
f 9/9 7/7 12/12
f 12/12 7/7 5/5
f 13/13 11/11 9/9
f 10/10 11/11 13/13
f 12/12 14/14 9/9
f 5/5 15/15 12/12
f 10/10 16/16 17/17
f 13/13 16/16 10/10
f 8/8 10/10 18/18
f 18/18 10/10 17/17
f 19/19 15/15 5/5
f 5/5 20/20 19/19
f 1/1 20/20 5/5
f 21/21 20/20 1/1
f 19/19 20/20 21/21
f 1/1 22/22 21/21
f 23/23 22/22 1/1
f 1/1 4/4 23/23
f 21/21 22/22 24/24
f 24/24 22/22 23/23
f 21/21 25/25 19/19
f 26/26 15/15 19/19
f 12/12 15/15 26/26
f 19/19 25/25 27/27
f 27/27 28/28 19/19
f 19/19 28/28 26/26
f 29/29 25/25 21/21
f 27/27 25/25 29/29
f 24/24 30/30 21/21
f 21/21 30/30 29/29
f 26/26 31/31 12/12
f 12/12 31/31 32/32
f 32/32 14/14 12/12
f 31/31 26/26 33/33
f 33/33 26/26 28/28
f 33/33 34/34 31/31
f 29/29 35/35 27/27
f 28/28 27/27 36/36
f 36/36 27/27 35/35
f 28/28 37/37 33/33
f 36/36 37/37 28/28
f 33/33 37/37 38/38
f 38/38 37/37 36/36
f 39/39 35/35 29/29
f 35/35 40/40 36/36
f 29/29 41/41 39/39
f 42/42 41/41 29/29
f 29/29 30/30 42/42
f 42/42 30/30 24/24
f 36/36 40/40 43/43
f 43/43 44/44 36/36
f 36/36 44/44 38/38
f 43/43 40/40 45/45
f 45/45 40/40 35/35
f 39/39 45/45 35/35
f 46/46 45/45 39/39
f 47/47 46/46 39/39
f 39/39 41/41 47/47
f 47/47 41/41 42/42
f 48/48 46/46 47/47
f 42/42 49/49 47/47
f 46/46 50/50 45/45
f 51/51 49/49 42/42
f 42/42 52/52 51/51
f 24/24 52/52 42/42
f 47/47 49/49 53/53
f 53/53 49/49 51/51
f 53/53 54/54 47/47
f 47/47 54/54 48/48
f 55/55 52/52 24/24
f 51/51 52/52 55/55
f 56/56 57/57 58/58
f 58/58 57/57 59/59
f 60/60 61/61 56/56
f 62/62 57/57 56/56
f 59/59 57/57 62/62
f 59/59 63/63 64/64
f 64/64 63/63 65/65
f 65/65 66/66 64/64
f 67/67 63/63 59/59
f 65/65 63/63 67/67
f 68/68 66/66 65/65
f 65/65 69/69 68/68
f 68/68 69/69 70/70
f 70/70 69/69 71/71
f 71/71 69/69 65/65
f 71/71 72/72 70/70
f 59/59 73/73 67/67
f 62/62 73/73 59/59
f 67/67 74/74 65/65
f 65/65 74/74 71/71
f 67/67 73/73 75/75
f 75/75 73/73 62/62
f 76/76 74/74 67/67
f 71/71 74/74 76/76
f 75/75 77/77 67/67
f 67/67 77/77 76/76
f 62/62 78/78 75/75
f 79/79 77/77 75/75
f 76/76 77/77 79/79
f 76/76 80/80 71/71
f 81/81 72/72 71/71
f 71/71 80/80 81/81
f 82/82 72/72 81/81
f 83/83 80/80 76/76
f 81/81 80/80 83/83
f 81/81 84/84 82/82
f 82/82 84/84 85/85
f 86/86 84/84 81/81
f 85/85 84/84 86/86
f 81/81 83/83 86/86
f 76/76 87/87 83/83
f 79/79 87/87 76/76
f 86/86 83/83 88/88
f 83/83 87/87 89/89
f 89/89 87/87 79/79
f 83/83 90/90 88/88
f 89/89 90/90 83/83
f 86/86 91/91 85/85
f 85/85 91/91 92/92
f 92/92 93/93 85/85
f 94/94 91/91 86/86
f 92/92 91/91 94/94
f 95/95 93/93 92/92
f 92/92 96/96 95/95
f 95/95 96/96 97/97
f 97/97 96/96 98/98
f 98/98 96/96 92/92
f 98/98 99/99 97/97
f 88/88 94/94 86/86
f 94/94 100/100 92/92
f 92/92 100/100 98/98
f 101/101 94/94 88/88
f 102/102 100/100 94/94
f 98/98 100/100 102/102
f 94/94 101/101 102/102
f 103/103 104/104 105/105
f 106/106 107/107 105/105
f 108/108 107/107 106/106
f 108/108 109/109 110/110
f 110/110 109/109 111/111
f 111/111 112/112 110/110
f 113/113 109/109 108/108
f 111/111 109/109 113/113
f 114/114 112/112 111/111
f 108/108 115/115 113/113
f 106/106 115/115 108/108
f 111/111 116/116 114/114
f 114/114 116/116 117/117
f 117/117 118/118 114/114
f 119/119 116/116 111/111
f 117/117 116/116 119/119
f 113/113 120/120 111/111
f 111/111 120/120 119/119
f 113/113 115/115 121/121
f 121/121 115/115 106/106
f 122/122 120/120 113/113
f 119/119 120/120 122/122
f 121/121 123/123 113/113
f 113/113 123/123 122/122
f 106/106 124/124 121/121
f 122/122 125/125 119/119
f 121/121 126/126 123/123
f 121/121 124/124 127/127
f 127/127 126/126 121/121
f 128/128 124/124 106/106
f 127/127 124/124 128/128
f 106/106 129/129 128/128
f 105/105 129/129 106/106
f 130/130 129/129 105/105
f 128/128 129/129 130/130
f 105/105 104/104 130/130
f 128/128 131/131 127/127
f 132/132 131/131 128/128
f 128/128 133/133 132/132
f 130/130 133/133 128/128
f 134/134 133/133 130/130
f 132/132 133/133 134/134
f 130/130 104/104 135/135
f 135/135 104/104 103/103
f 130/130 136/136 134/134
f 135/135 136/136 130/130
f 103/103 137/137 135/135
f 138/138 137/137 103/103
f 139/139 136/136 135/135
f 134/134 136/136 139/139
f 135/135 137/137 140/140
f 140/140 137/137 138/138
f 135/135 141/141 139/139
f 140/140 141/141 135/135
f 139/139 142/142 134/134
f 138/138 143/143 140/140
f 139/139 141/141 144/144
f 144/144 141/141 140/140
f 134/134 142/142 145/145
f 146/146 142/142 139/139
f 145/145 142/142 146/146
f 144/144 147/147 139/139
f 139/139 147/147 146/146
f 140/140 148/148 144/144
f 149/149 147/147 144/144
f 146/146 147/147 149/149
f 150/150 148/148 140/140
f 140/140 143/143 150/150
f 144/144 148/148 151/151
f 151/151 148/148 150/150
f 144/144 152/152 149/149
f 151/151 152/152 144/144
f 153/153 154/154 155/155
f 155/155 154/154 156/156
f 153/153 157/157 158/158
f 158/158 157/157 159/159
f 160/160 154/154 153/153
f 156/156 154/154 160/160
f 158/158 161/161 153/153
f 153/153 161/161 160/160
f 162/162 161/161 158/158
f 160/160 161/161 162/162
f 160/160 163/163 156/156
f 156/156 163/163 164/164
f 164/164 165/165 156/156
f 166/166 163/163 160/160
f 164/164 163/163 166/166
f 162/162 167/167 160/160
f 160/160 167/167 166/166
f 168/168 165/165 164/164
f 164/164 169/169 168/168
f 166/166 170/170 164/164
f 171/171 169/169 164/164
f 164/164 170/170 171/171
f 68/68 170/170 166/166
f 171/171 170/170 68/68
f 166/166 167/167 64/64
f 64/64 167/167 162/162
f 166/166 66/66 68/68
f 64/64 66/66 166/166
f 168/168 169/169 172/172
f 172/172 169/169 171/171
f 172/172 173/173 168/168
f 168/168 173/173 174/174
f 174/174 173/173 175/175
f 175/175 173/173 172/172
f 175/175 176/176 174/174
f 177/177 176/176 175/175
f 175/175 178/178 177/177
f 177/177 178/178 179/179
f 172/172 180/180 175/175
f 181/181 178/178 175/175
f 175/175 180/180 181/181
f 179/179 178/178 181/181
f 182/182 180/180 172/172
f 181/181 180/180 182/182
f 171/171 182/182 172/172
f 181/181 183/183 179/179
f 184/184 182/182 171/171
f 182/182 185/185 181/181
f 171/171 186/186 184/184
f 68/68 186/186 171/171
f 179/179 183/183 187/187
f 187/187 188/188 179/179
f 189/189 183/183 181/181
f 181/181 185/185 189/189
f 187/187 183/183 189/189
f 70/70 186/186 68/68
f 184/184 186/186 70/70
f 184/184 190/190 182/182
f 191/191 185/185 182/182
f 182/182 190/190 191/191
f 189/189 185/185 191/191
f 192/192 190/190 184/184
f 191/191 190/190 192/192
f 191/191 193/193 189/189
f 184/184 194/194 192/192
f 70/70 194/194 184/184
f 192/192 195/195 191/191
f 196/196 193/193 191/191
f 191/191 195/195 196/196
f 189/189 193/193 197/197
f 197/197 193/193 196/196
f 198/198 199/199 200/200
f 200/200 199/199 201/201
f 201/201 202/202 200/200
f 203/203 199/199 198/198
f 201/201 199/199 203/203
f 204/204 202/202 201/201
f 198/198 205/205 203/203
f 203/203 205/205 206/206
f 206/206 207/207 203/203
f 203/203 207/207 208/208
f 209/209 206/206 205/205
f 208/208 210/210 203/203
f 203/203 210/210 201/201
f 205/205 211/211 209/209
f 212/212 211/211 205/205
f 209/209 211/211 213/213
f 213/213 211/211 212/212
f 213/213 214/214 209/209
f 215/215 210/210 208/208
f 201/201 210/210 215/215
f 208/208 216/216 215/215
f 212/212 217/217 213/213
f 218/218 214/214 213/213
f 215/215 216/216 219/219
f 215/215 220/220 201/201
f 201/201 220/220 204/204
f 219/219 221/221 215/215
f 222/222 220/220 215/215
f 204/204 220/220 222/222
f 215/215 221/221 222/222
f 222/222 223/223 204/204
f 224/224 221/221 219/219
f 222/222 221/221 224/224
f 225/225 223/223 222/222
f 224/224 219/219 226/226
f 225/225 222/222 227/227
f 227/227 222/222 224/224
f 228/228 224/224 226/226
f 227/227 224/224 228/228
f 226/226 229/229 228/228
f 228/228 229/229 230/230
f 228/228 231/231 227/227
f 232/232 225/225 227/227
f 233/233 225/225 232/232
f 227/227 231/231 232/232
f 232/232 234/234 233/233
f 233/233 234/234 235/235
f 230/230 236/236 228/228
f 237/237 231/231 228/228
f 228/228 236/236 237/237
f 232/232 231/231 237/237
f 235/235 234/234 238/238
f 238/238 234/234 232/232
f 238/238 239/239 235/235
f 240/240 236/236 230/230
f 237/237 236/236 240/240
f 230/230 241/241 240/240
f 237/237 242/242 232/232
f 232/232 242/242 238/238
f 240/240 241/241 243/243
f 240/240 244/244 237/237
f 245/245 242/242 237/237
f 237/237 244/244 245/245
f 238/238 242/242 245/245
f 243/243 246/246 240/240
f 247/247 244/244 240/240
f 240/240 246/246 247/247
f 245/245 244/244 247/247
f 248/248 246/246 243/243
f 247/247 246/246 248/248
f 243/243 249/249 248/248
f 245/245 250/250 238/238
f 248/248 251/251 247/247
f 247/247 252/252 245/245
f 247/247 251/251 253/253
f 253/253 252/252 247/247
f 249/249 254/254 248/248
f 245/245 252/252 255/255
f 255/255 250/250 245/245
f 255/255 252/252 253/253
f 248/248 256/256 251/251
f 254/254 257/257 248/248
f 251/251 256/256 253/253
f 248/248 257/257 256/256
f 258/258 259/259 260/260
f 261/261 259/259 258/258
f 260/260 259/259 262/262
f 262/262 259/259 261/261
f 262/262 263/263 260/260
f 260/260 263/263 264/264
f 261/261 265/265 262/262
f 266/266 265/265 261/261
f 267/267 263/263 262/262
f 264/264 263/263 267/267
f 262/262 265/265 268/268
f 268/268 265/265 266/266
f 264/264 269/269 270/270
f 270/270 269/269 271/271
f 271/271 269/269 272/272
f 272/272 269/269 264/264
f 272/272 273/273 271/271
f 256/256 273/273 272/272
f 264/264 274/274 272/272
f 267/267 274/274 264/264
f 272/272 275/275 256/256
f 272/272 274/274 276/276
f 276/276 275/275 272/272
f 276/276 274/274 267/267
f 267/267 277/277 276/276
f 276/276 253/253 275/275
f 278/278 277/277 267/267
f 253/253 276/276 279/279
f 276/276 277/277 280/280
f 279/279 276/276 280/280
f 253/253 279/279 255/255
f 255/255 279/279 280/280
f 280/280 277/277 278/278
f 280/280 281/281 255/255
f 280/280 278/278 282/282
f 282/282 278/278 283/283
f 280/280 282/282 284/284
f 284/284 281/281 280/280
f 284/284 282/282 283/283
f 283/283 285/285 286/286
f 287/287 288/288 289/289
f 290/290 291/291 292/292
f 293/293 291/291 290/290
f 294/294 291/291 293/293
f 292/292 291/291 294/294
f 293/293 295/295 294/294
f 296/296 297/297 292/292
f 298/298 297/297 296/296
f 294/294 299/299 292/292
f 292/292 299/299 296/296
f 294/294 295/295 300/300
f 300/300 295/295 301/301
f 302/302 299/299 294/294
f 296/296 299/299 302/302
f 300/300 303/303 294/294
f 294/294 303/303 302/302
f 301/301 304/304 300/300
f 305/305 304/304 301/301
f 306/306 303/303 300/300
f 302/302 303/303 306/306
f 300/300 304/304 307/307
f 307/307 304/304 305/305
f 300/300 308/308 306/306
f 307/307 308/308 300/300
f 305/305 309/309 307/307
f 306/306 310/310 302/302
f 311/311 309/309 305/305
f 305/305 312/312 311/311
f 311/311 312/312 313/313
f 302/302 310/310 314/314
f 313/313 315/315 311/311
f 316/316 315/315 313/313
f 317/317 309/309 311/311
f 307/307 309/309 317/317
f 311/311 315/315 318/318
f 318/318 315/315 316/316
f 311/311 319/319 317/317
f 318/318 319/319 311/311
f 317/317 320/320 307/307
f 316/316 321/321 318/318
f 317/317 319/319 322/322
f 322/322 319/319 318/318
f 307/307 320/320 323/323
f 323/323 308/308 307/307
f 324/324 320/320 317/317
f 323/323 320/320 324/324
f 306/306 308/308 323/323
f 317/317 325/325 324/324
f 322/322 325/325 317/317
f 323/323 326/326 306/306
f 306/306 326/326 327/327
f 327/327 310/310 306/306
f 328/328 326/326 323/323
f 327/327 326/326 328/328
f 324/324 329/329 323/323
f 323/323 329/329 328/328
f 324/324 325/325 330/330
f 330/330 325/325 322/322
f 331/331 329/329 324/324
f 328/328 329/329 331/331
f 330/330 332/332 324/324
f 324/324 332/332 331/331
f 322/322 333/333 330/330
f 334/334 332/332 330/330
f 331/331 332/332 334/334
f 331/331 335/335 328/328
f 330/330 336/336 334/334
f 330/330 333/333 337/337
f 337/337 336/336 330/330
f 338/338 333/333 322/322
f 337/337 333/333 338/338
f 322/322 339/339 338/338
f 318/318 339/339 322/322
f 340/340 339/339 318/318
f 338/338 339/339 340/340
f 318/318 321/321 340/340
f 338/338 341/341 337/337
f 342/342 336/336 337/337
f 334/334 336/336 342/342
f 337/337 341/341 343/343
f 343/343 344/344 337/337
f 337/337 344/344 342/342
f 345/345 341/341 338/338
f 343/343 341/341 345/345
f 338/338 346/346 345/345
f 340/340 346/346 338/338
f 347/347 346/346 340/340
f 345/345 346/346 347/347
f 340/340 321/321 348/348
f 348/348 321/321 316/316
f 316/316 349/349 348/348
f 348/348 350/350 340/340
f 340/340 350/350 347/347
f 348/348 349/349 351/351
f 351/351 352/352 348/348
f 353/353 350/350 348/348
f 348/348 352/352 353/353
f 347/347 350/350 353/353
f 354/354 352/352 351/351
f 353/353 352/352 354/354
f 353/353 355/355 347/347
f 351/351 356/356 354/354
f 357/357 356/356 351/351
f 354/354 358/358 353/353
f 359/359 356/356 357/357
f 354/354 356/356 359/359
f 357/357 360/360 359/359
f 361/361 360/360 357/357
f 362/362 355/355 353/353
f 353/353 358/358 362/362
f 363/363 358/358 354/354
f 362/362 358/358 363/363
f 359/359 364/364 354/354
f 354/354 364/364 363/363
f 359/359 360/360 365/365
f 365/365 360/360 361/361
f 366/366 364/364 359/359
f 363/363 364/364 366/366
f 365/365 367/367 359/359
f 359/359 367/367 366/366
f 361/361 368/368 365/365
f 369/369 367/367 365/365
f 366/366 367/367 369/369
f 366/366 370/370 363/363
f 371/371 368/368 361/361
f 361/361 372/372 371/371
f 371/371 372/372 373/373
f 365/365 368/368 374/374
f 374/374 368/368 371/371
f 373/373 375/375 371/371
f 374/374 376/376 365/365
f 365/365 376/376 369/369
f 377/377 375/375 373/373
f 371/371 375/375 378/378
f 378/378 375/375 377/377
f 371/371 379/379 374/374
f 378/378 379/379 371/371
f 380/380 376/376 374/374
f 369/369 376/376 380/380
f 374/374 379/379 381/381
f 381/381 379/379 378/378
f 374/374 382/382 380/380
f 381/381 382/382 374/374
f 380/380 383/383 369/369
f 380/380 382/382 384/384
f 384/384 382/382 381/381
f 378/378 385/385 381/381
f 386/386 383/383 380/380
f 369/369 383/383 387/387
f 387/387 383/383 386/386
f 387/387 388/388 369/369
f 369/369 388/388 366/366
f 366/366 388/388 389/389
f 389/389 388/388 387/387
f 389/389 370/370 366/366
f 386/386 390/390 387/387
f 386/386 380/380 391/391
f 391/391 380/380 384/384
f 392/392 390/390 386/386
f 391/391 393/393 386/386
f 386/386 393/393 392/392
f 387/387 390/390 394/394
f 394/394 390/390 392/392
f 387/387 395/395 389/389
f 394/394 395/395 387/387
f 389/389 395/395 396/396
f 396/396 395/395 394/394
f 397/397 370/370 389/389
f 363/363 370/370 397/397
f 396/396 398/398 389/389
f 389/389 398/398 397/397
f 397/397 399/399 363/363
f 363/363 399/399 362/362
f 397/397 398/398 400/400
f 400/400 398/398 396/396
f 401/401 399/399 397/397
f 362/362 399/399 401/401
f 400/400 402/402 397/397
f 397/397 402/402 401/401
f 396/396 403/403 400/400
f 404/404 402/402 400/400
f 401/401 402/402 404/404
f 401/401 405/405 362/362
f 362/362 405/405 406/406
f 406/406 355/355 362/362
f 407/407 405/405 401/401
f 406/406 405/405 407/407
f 347/347 355/355 406/406
f 406/406 408/408 347/347
f 347/347 408/408 345/345
f 409/409 408/408 406/406
f 345/345 408/408 409/409
f 407/407 410/410 406/406
f 406/406 410/410 409/409
f 401/401 411/411 407/407
f 404/404 411/411 401/401
f 412/412 410/410 407/407
f 409/409 410/410 412/412
f 409/409 413/413 345/345
f 345/345 413/413 343/343
f 414/414 413/413 409/409
f 343/343 413/413 414/414
f 412/412 415/415 409/409
f 409/409 415/415 414/414
f 407/407 416/416 412/412
f 407/407 411/411 417/417
f 417/417 416/416 407/407
f 417/417 411/411 404/404
f 412/412 416/416 418/418
f 418/418 416/416 417/417
f 419/419 415/415 412/412
f 414/414 415/415 419/419
f 418/418 420/420 412/412
f 412/412 420/420 419/419
f 404/404 421/421 417/417
f 414/414 422/422 343/343
f 343/343 422/422 423/423
f 423/423 344/344 343/343
f 424/424 422/422 414/414
f 423/423 422/422 424/424
f 414/414 425/425 424/424
f 419/419 425/425 414/414
f 342/342 344/344 423/423
f 426/426 425/425 419/419
f 424/424 425/425 426/426
f 423/423 427/427 342/342
f 424/424 428/428 423/423
f 429/429 427/427 423/423
f 423/423 428/428 429/429
f 430/430 428/428 424/424
f 429/429 428/428 430/430
f 431/431 432/432 433/433
f 434/434 432/432 431/431
f 435/435 432/432 434/434
f 433/433 432/432 435/435
f 435/435 436/436 433/433
f 433/433 437/437 438/438
f 439/439 436/436 435/435
f 435/435 440/440 439/439
f 433/433 436/436 441/441
f 441/441 437/437 433/433
f 441/441 436/436 439/439
f 439/439 440/440 442/442
f 442/442 443/443 439/439
f 444/444 443/443 442/442
f 439/439 443/443 445/445
f 445/445 443/443 444/444
f 439/439 446/446 441/441
f 445/445 446/446 439/439
f 447/447 437/437 441/441
f 438/438 437/437 447/447
f 441/441 446/446 448/448
f 448/448 446/446 445/445
f 441/441 449/449 447/447
f 448/448 449/449 441/441
f 447/447 450/450 438/438
f 438/438 450/450 451/451
f 447/447 449/449 452/452
f 452/452 449/449 448/448
f 453/453 450/450 447/447
f 451/451 450/450 453/453
f 452/452 454/454 447/447
f 447/447 454/454 453/453
f 448/448 455/455 452/452
f 456/456 454/454 452/452
f 453/453 454/454 456/456
f 453/453 457/457 451/451
f 451/451 457/457 458/458
f 458/458 459/459 451/451
f 460/460 457/457 453/453
f 458/458 457/457 460/460
f 461/461 459/459 458/458
f 458/458 462/462 461/461
f 461/461 462/462 463/463
f 463/463 462/462 464/464
f 464/464 462/462 458/458
f 464/464 465/465 463/463
f 453/453 466/466 460/460
f 456/456 466/466 453/453
f 460/460 467/467 458/458
f 458/458 467/467 464/464
f 460/460 466/466 468/468
f 468/468 466/466 456/456
f 469/469 467/467 460/460
f 464/464 467/467 469/469
f 468/468 470/470 460/460
f 460/460 470/470 469/469
f 456/456 471/471 468/468
f 472/472 470/470 468/468
f 469/469 470/470 472/472
f 469/469 473/473 464/464
f 474/474 473/473 469/469
f 469/469 475/475 474/474
f 472/472 475/475 469/469
f 476/476 473/473 474/474
f 464/464 473/473 476/476
f 476/476 465/465 464/464
f 477/477 465/465 476/476
f 476/476 478/478 477/477
f 479/479 475/475 472/472
f 472/472 480/480 479/479
f 479/479 480/480 481/481
f 481/481 480/480 482/482
f 482/482 480/480 472/472
f 482/482 483/483 481/481
f 472/472 484/484 482/482
f 468/468 484/484 472/472
f 485/485 483/483 482/482
f 486/486 484/484 468/468
f 482/482 484/484 486/486
f 482/482 487/487 485/485
f 486/486 487/487 482/482
f 468/468 471/471 486/486
f 485/485 487/487 488/488
f 488/488 487/487 486/486
f 488/488 489/489 485/485
f 485/485 489/489 102/102
f 102/102 489/489 490/490
f 490/490 489/489 488/488
f 490/490 491/491 102/102
f 486/486 492/492 488/488
f 486/486 471/471 493/493
f 493/493 492/492 486/486
f 493/493 471/471 456/456
f 488/488 492/492 494/494
f 494/494 492/492 493/493
f 488/488 495/495 490/490
f 494/494 495/495 488/488
f 496/496 491/491 490/490
f 456/456 497/497 493/493
f 452/452 497/497 456/456
f 498/498 497/497 452/452
f 493/493 497/497 498/498
f 452/452 455/455 498/498
f 493/493 499/499 494/494
f 498/498 499/499 493/493
f 494/494 499/499 500/500
f 500/500 499/499 498/498
f 498/498 455/455 501/501
f 501/501 455/455 448/448
f 498/498 502/502 500/500
f 501/501 502/502 498/498
f 500/500 503/503 494/494
f 448/448 504/504 501/501
f 445/445 504/504 448/448
f 505/505 502/502 501/501
f 500/500 502/502 505/505
f 501/501 504/504 506/506
f 506/506 504/504 445/445
f 501/501 507/507 505/505
f 506/506 507/507 501/501
f 505/505 508/508 500/500
f 445/445 509/509 506/506
f 444/444 509/509 445/445
f 444/444 510/510 509/509
f 511/511 510/510 444/444
f 509/509 512/512 506/506
f 513/513 510/510 511/511
f 509/509 510/510 513/513
f 513/513 512/512 509/509
f 511/511 514/514 513/513
f 513/513 514/514 515/515
f 506/506 512/512 507/507
f 507/507 512/512 513/513
f 515/515 507/507 513/513
f 516/516 507/507 515/515
f 516/516 517/517 507/507
f 507/507 517/517 505/505
f 518/518 517/517 516/516
f 505/505 517/517 518/518
f 516/516 519/519 518/518
f 518/518 508/508 505/505
f 518/518 519/519 520/520
f 503/503 508/508 518/518
f 500/500 508/508 503/503
f 520/520 521/521 518/518
f 518/518 521/521 503/503
f 522/522 521/521 520/520
f 503/503 521/521 522/522
f 520/520 523/523 522/522
f 524/524 523/523 520/520
f 525/525 523/523 524/524
f 522/522 523/523 525/525
f 524/524 526/526 525/525
f 522/522 527/527 503/503
f 525/525 526/526 528/528
f 528/528 529/529 525/525
f 530/530 529/529 528/528
f 525/525 531/531 522/522
f 532/532 529/529 530/530
f 525/525 529/529 532/532
f 532/532 531/531 525/525
f 532/532 530/530 533/533
f 522/522 531/531 534/534
f 534/534 531/531 532/532
f 534/534 527/527 522/522
f 533/533 535/535 532/532
f 532/532 535/535 534/534
f 496/496 535/535 533/533
f 534/534 535/535 496/496
f 496/496 536/536 534/534
f 490/490 536/536 496/496
f 537/537 527/527 534/534
f 534/534 536/536 537/537
f 537/537 536/536 490/490
f 503/503 527/527 537/537
f 490/490 495/495 537/537
f 537/537 495/495 494/494
f 494/494 503/503 537/537
f 286/286 285/285 538/538
f 283/283 539/539 285/285
f 278/278 539/539 283/283
f 268/268 539/539 278/278
f 285/285 539/539 268/268
f 278/278 540/540 268/268
f 267/267 540/540 278/278
f 262/262 540/540 267/267
f 268/268 540/540 262/262
f 268/268 541/541 285/285
f 266/266 541/541 268/268
f 542/542 541/541 266/266
f 285/285 541/541 542/542
f 542/542 538/538 285/285
f 543/543 538/538 542/542
f 542/542 544/544 543/543
f 543/543 544/544 545/545
f 545/545 546/546 543/543
f 547/547 546/546 545/545
f 538/538 543/543 548/548
f 548/548 543/543 546/546
f 286/286 538/538 549/549
f 549/549 538/538 548/548
f 546/546 550/550 548/548
f 546/546 547/547 551/551
f 551/551 550/550 546/546
f 551/551 547/547 552/552
f 549/549 548/548 553/553
f 553/553 548/548 550/550
f 550/550 554/554 553/553
f 555/555 286/286 549/549
f 283/283 286/286 555/555
f 555/555 556/556 283/283
f 557/557 556/556 555/555
f 283/283 556/556 284/284
f 284/284 556/556 557/557
f 558/558 554/554 550/550
f 557/557 559/559 284/284
f 560/560 559/559 557/557
f 550/550 551/551 558/558
f 561/561 559/559 560/560
f 284/284 559/559 561/561
f 560/560 239/239 561/561
f 561/561 281/281 284/284
f 561/561 239/239 238/238
f 255/255 281/281 561/561
f 238/238 250/250 561/561
f 561/561 250/250 255/255
f 558/558 551/551 562/562
f 551/551 563/563 562/562
f 552/552 563/563 551/551
f 562/562 564/564 558/558
f 558/558 564/564 565/565
f 562/562 563/563 566/566
f 566/566 563/563 552/552
f 567/567 564/564 562/562
f 565/565 564/564 567/567
f 562/562 566/566 567/567
f 567/567 568/568 565/565
f 565/565 568/568 569/569
f 569/569 568/568 570/570
f 570/570 568/568 567/567
f 570/570 571/571 569/569
f 572/572 571/571 570/570
f 570/570 573/573 572/572
f 572/572 573/573 377/377
f 567/567 574/574 570/570
f 575/575 573/573 570/570
f 377/377 573/573 575/575
f 570/570 574/574 575/575
f 567/567 566/566 574/574
f 575/575 576/576 377/377
f 377/377 576/576 378/378
f 378/378 576/576 577/577
f 577/577 576/576 575/575
f 577/577 385/385 378/378
f 566/566 578/578 574/574
f 574/574 578/578 575/575
f 579/579 578/578 566/566
f 575/575 578/578 579/579
f 575/575 580/580 577/577
f 581/581 385/385 577/577
f 577/577 580/580 581/581
f 381/381 385/385 581/581
f 566/566 582/582 579/579
f 552/552 582/582 566/566
f 583/583 579/579 582/582
f 584/584 579/579 583/583
f 582/582 585/585 583/583
f 586/586 585/585 582/582
f 583/583 585/585 587/587
f 587/587 585/585 586/586
f 587/587 588/588 583/583
f 583/583 588/588 584/584
f 586/586 589/589 587/587
f 590/590 589/589 586/586
f 591/591 588/588 587/587
f 584/584 588/588 591/591
f 587/587 589/589 592/592
f 592/592 589/589 590/590
f 584/584 575/575 579/579
f 580/580 575/575 584/584
f 590/590 593/593 592/592
f 594/594 593/593 590/590
f 595/595 593/593 594/594
f 592/592 593/593 595/595
f 594/594 596/596 595/595
f 592/592 597/597 587/587
f 587/587 597/597 591/591
f 598/598 597/597 592/592
f 591/591 597/597 598/598
f 595/595 599/599 592/592
f 592/592 599/599 598/598
f 595/595 596/596 600/600
f 600/600 596/596 601/601
f 602/602 599/599 595/595
f 598/598 599/599 602/602
f 600/600 603/603 595/595
f 595/595 603/603 602/602
f 601/601 604/604 600/600
f 605/605 603/603 600/600
f 602/602 603/603 605/605
f 600/600 604/604 606/606
f 600/600 607/607 605/605
f 606/606 607/607 600/600
f 602/602 608/608 598/598
f 604/604 609/609 606/606
f 610/610 609/609 604/604
f 177/177 607/607 606/606
f 605/605 607/607 177/177
f 606/606 609/609 174/174
f 174/174 609/609 610/610
f 605/605 611/611 602/602
f 174/174 176/176 606/606
f 606/606 176/176 177/177
f 610/610 612/612 174/174
f 602/602 611/611 613/613
f 613/613 608/608 602/602
f 614/614 611/611 605/605
f 613/613 611/611 614/614
f 615/615 612/612 610/610
f 610/610 616/616 615/615
f 174/174 612/612 168/168
f 168/168 612/612 615/615
f 605/605 617/617 614/614
f 177/177 617/617 605/605
f 615/615 616/616 618/618
f 179/179 617/617 177/177
f 614/614 617/617 179/179
f 618/618 619/619 615/615
f 179/179 188/188 614/614
f 155/155 619/619 618/618
f 618/618 620/620 155/155
f 151/151 620/620 618/618
f 615/615 619/619 156/156
f 156/156 619/619 155/155
f 156/156 165/165 615/615
f 615/615 165/165 168/168
f 621/621 620/620 151/151
f 155/155 620/620 621/621
f 151/151 622/622 621/621
f 150/150 622/622 151/151
f 621/621 623/623 155/155
f 624/624 622/622 150/150
f 621/621 622/622 624/624
f 150/150 625/625 624/624
f 626/626 625/625 150/150
f 150/150 143/143 626/626
f 626/626 143/143 138/138
f 138/138 627/627 626/626
f 626/626 627/627 628/628
f 628/628 629/629 626/626
f 630/630 625/625 626/626
f 626/626 629/629 630/630
f 624/624 625/625 630/630
f 631/631 629/629 628/628
f 630/630 629/629 631/631
f 630/630 632/632 624/624
f 628/628 633/633 631/631
f 634/634 633/633 628/628
f 635/635 633/633 634/634
f 631/631 633/633 635/635
f 634/634 636/636 635/635
f 631/631 637/637 630/630
f 635/635 636/636 638/638
f 638/638 639/639 635/635
f 640/640 639/639 638/638
f 635/635 641/641 631/631
f 635/635 639/639 642/642
f 642/642 639/639 640/640
f 642/642 641/641 635/635
f 631/631 641/641 643/643
f 643/643 637/637 631/631
f 643/643 641/641 642/642
f 640/640 644/644 642/642
f 642/642 644/644 645/645
f 642/642 646/646 643/643
f 645/645 646/646 642/642
f 647/647 637/637 643/643
f 630/630 637/637 647/647
f 647/647 632/632 630/630
f 643/643 646/646 648/648
f 648/648 646/646 645/645
f 643/643 648/648 647/647
f 649/649 632/632 647/647
f 624/624 632/632 649/649
f 647/647 648/648 650/650
f 647/647 651/651 649/649
f 650/650 651/651 647/647
f 649/649 652/652 624/624
f 624/624 652/652 621/621
f 621/621 652/652 653/653
f 653/653 652/652 649/649
f 653/653 623/623 621/621
f 649/649 651/651 654/654
f 654/654 651/651 650/650
f 649/649 655/655 653/653
f 654/654 655/655 649/649
f 153/153 623/623 653/653
f 155/155 623/623 153/153
f 653/653 655/655 159/159
f 159/159 655/655 654/654
f 653/653 157/157 153/153
f 159/159 157/157 653/653
f 656/656 657/657 658/658
f 659/659 660/660 661/661
f 662/662 660/660 659/659
f 659/659 663/663 662/662
f 662/662 663/663 664/664
f 664/664 665/665 662/662
f 666/666 665/665 664/664
f 667/667 660/660 662/662
f 661/661 660/660 667/667
f 662/662 665/665 668/668
f 668/668 665/665 666/666
f 662/662 669/669 667/667
f 668/668 669/669 662/662
f 661/661 670/670 656/656
f 666/666 671/671 668/668
f 672/672 671/671 666/666
f 673/673 671/671 672/672
f 668/668 671/671 673/673
f 672/672 674/674 673/673
f 673/673 674/674 675/675
f 675/675 676/676 673/673
f 677/677 669/669 668/668
f 678/678 668/668 673/673
f 673/673 676/676 678/678
f 677/677 668/668 678/678
f 524/524 676/676 675/675
f 678/678 676/676 524/524
f 675/675 526/526 524/524
f 667/667 669/669 677/677
f 677/677 679/679 667/667
f 680/680 679/679 677/677
f 681/681 677/677 678/678
f 680/680 677/677 681/681
f 667/667 679/679 682/682
f 682/682 679/679 680/680
f 682/682 683/683 667/667
f 667/667 683/683 661/661
f 661/661 683/683 684/684
f 684/684 683/683 682/682
f 684/684 670/670 661/661
f 520/520 678/678 524/524
f 681/681 678/678 520/520
f 681/681 685/685 680/680
f 515/515 682/682 680/680
f 680/680 685/685 515/515
f 686/686 682/682 515/515
f 682/682 686/686 684/684
f 516/516 685/685 681/681
f 515/515 685/685 516/516
f 681/681 519/519 516/516
f 520/520 519/519 681/681
f 684/684 686/686 687/687
f 515/515 514/514 686/686
f 687/687 688/688 684/684
f 684/684 688/688 689/689
f 689/689 670/670 684/684
f 656/656 670/670 689/689
f 689/689 657/657 656/656
f 689/689 688/688 690/690
f 690/690 688/688 687/687
f 691/691 657/657 689/689
f 658/658 657/657 691/691
f 690/690 692/692 689/689
f 689/689 692/692 691/691
f 691/691 693/693 658/658
f 658/658 693/693 694/694
f 691/691 692/692 695/695
f 695/695 692/692 690/690
f 696/696 693/693 691/691
f 694/694 693/693 696/696
f 695/695 697/697 691/691
f 691/691 697/697 696/696
f 690/690 698/698 695/695
f 699/699 697/697 695/695
f 696/696 697/697 699/699
f 696/696 700/700 694/694
f 695/695 701/701 699/699
f 695/695 698/698 702/702
f 702/702 701/701 695/695
f 703/703 698/698 690/690
f 702/702 698/698 703/703
f 690/690 704/704 703/703
f 687/687 704/704 690/690
f 705/705 704/704 687/687
f 703/703 704/704 705/705
f 687/687 706/706 705/705
f 686/686 706/706 687/687
f 511/511 706/706 686/686
f 705/705 706/706 511/511
f 686/686 514/514 511/511
f 703/703 707/707 702/702
f 511/511 444/444 705/705
f 705/705 444/444 703/703
f 702/702 707/707 708/708
f 702/702 708/708 709/709
f 709/709 701/701 702/702
f 709/709 708/708 710/710
f 708/708 711/711 710/710
f 710/710 712/712 709/709
f 709/709 712/712 713/713
f 708/708 714/714 711/711
f 707/707 714/714 708/708
f 714/714 715/715 711/711
f 713/713 716/716 709/709
f 714/714 707/707 717/717
f 717/717 707/707 703/703
f 717/717 703/703 718/718
f 718/718 703/703 444/444
f 715/715 714/714 719/719
f 719/719 714/714 717/717
f 719/719 720/720 715/715
f 721/721 720/720 719/719
f 719/719 722/722 721/721
f 717/717 723/723 719/719
f 721/721 722/722 724/724
f 724/724 725/725 721/721
f 726/726 722/722 719/719
f 719/719 723/723 726/726
f 724/724 722/722 726/726
f 727/727 725/725 724/724
f 442/442 723/723 717/717
f 726/726 723/723 442/442
f 717/717 718/718 442/442
f 442/442 718/718 444/444
f 442/442 440/440 726/726
f 724/724 728/728 727/727
f 726/726 729/729 724/724
f 727/727 728/728 730/730
f 434/434 728/728 724/724
f 724/724 729/729 434/434
f 730/730 728/728 434/434
f 435/435 729/729 726/726
f 726/726 440/440 435/435
f 434/434 729/729 435/435
f 731/731 727/727 730/730
f 434/434 732/732 730/730
f 731/731 730/730 733/733
f 733/733 730/730 732/732
f 733/733 734/734 731/731
f 735/735 734/734 733/733
f 431/431 732/732 434/434
f 733/733 736/736 735/735
f 732/732 737/737 733/733
f 735/735 736/736 738/738
f 738/738 739/739 735/735
f 740/740 736/736 733/733
f 733/733 737/737 740/740
f 738/738 736/736 740/740
f 741/741 739/739 738/738
f 742/742 737/737 732/732
f 740/740 737/737 742/742
f 738/738 743/743 741/741
f 740/740 744/744 738/738
f 745/745 743/743 738/738
f 738/738 744/744 745/745
f 746/746 741/741 743/743
f 747/747 744/744 740/740
f 745/745 744/744 747/747
f 743/743 748/748 746/746
f 746/746 748/748 749/749
f 749/749 750/750 746/746
f 751/751 748/748 743/743
f 743/743 745/745 751/751
f 749/749 748/748 751/751
f 752/752 750/750 749/749
f 751/751 745/745 753/753
f 749/749 754/754 752/752
f 751/751 755/755 749/749
f 752/752 754/754 756/756
f 756/756 757/757 752/752
f 758/758 754/754 749/749
f 749/749 755/755 758/758
f 756/756 754/754 758/758
f 759/759 757/757 756/756
f 760/760 755/755 751/751
f 758/758 755/755 760/760
f 756/756 761/761 759/759
f 758/758 762/762 756/756
f 763/763 761/761 756/756
f 756/756 762/762 763/763
f 764/764 762/762 758/758
f 763/763 762/762 764/764
f 759/759 761/761 765/765
f 765/765 766/766 759/759
f 765/765 761/761 763/763
f 767/767 766/766 765/765
f 765/765 763/763 768/768
f 560/560 769/769 770/770
f 770/770 769/769 771/771
f 235/235 239/239 560/560
f 557/557 769/769 560/560
f 771/771 769/769 557/557
f 771/771 772/772 43/43
f 43/43 772/772 773/773
f 773/773 44/44 43/43
f 774/774 772/772 771/771
f 773/773 772/772 774/774
f 557/557 775/775 771/771
f 771/771 775/775 774/774
f 38/38 44/44 773/773
f 773/773 776/776 38/38
f 774/774 777/777 773/773
f 778/778 776/776 773/773
f 773/773 777/777 778/778
f 553/553 777/777 774/774
f 778/778 777/777 553/553
f 774/774 775/775 555/555
f 555/555 775/775 557/557
f 774/774 549/549 553/553
f 555/555 549/549 774/774
f 38/38 776/776 779/779
f 779/779 776/776 778/778
f 779/779 780/780 38/38
f 38/38 780/780 33/33
f 33/33 780/780 781/781
f 781/781 780/780 779/779
f 781/781 34/34 33/33
f 778/778 782/782 779/779
f 779/779 783/783 781/781
f 779/779 782/782 565/565
f 565/565 783/783 779/779
f 558/558 782/782 778/778
f 565/565 782/782 558/558
f 778/778 554/554 558/558
f 553/553 554/554 778/778
f 784/784 34/34 781/781
f 31/31 34/34 784/784
f 781/781 783/783 569/569
f 569/569 783/783 565/565
f 781/781 785/785 784/784
f 569/569 785/785 781/781
f 784/784 32/32 31/31
f 784/784 785/785 786/786
f 786/786 785/785 569/569
f 787/787 32/32 784/784
f 786/786 787/787 784/784
f 569/569 571/571 786/786
f 788/788 787/787 786/786
f 787/787 789/789 32/32
f 32/32 789/789 790/790
f 790/790 14/14 32/32
f 791/791 789/789 787/787
f 790/790 789/789 791/791
f 9/9 14/14 790/790
f 790/790 792/792 9/9
f 9/9 792/792 13/13
f 793/793 792/792 790/790
f 13/13 792/792 793/793
f 791/791 794/794 790/790
f 790/790 794/794 793/793
f 787/787 795/795 791/791
f 788/788 795/795 787/787
f 796/796 794/794 791/791
f 793/793 794/794 796/796
f 791/791 795/795 797/797
f 797/797 795/795 788/788
f 791/791 798/798 796/796
f 797/797 798/798 791/791
f 793/793 799/799 13/13
f 13/13 799/799 800/800
f 800/800 16/16 13/13
f 801/801 799/799 793/793
f 800/800 799/799 801/801
f 796/796 802/802 793/793
f 793/793 802/802 801/801
f 796/796 798/798 803/803
f 803/803 798/798 797/797
f 804/804 802/802 796/796
f 801/801 802/802 804/804
f 803/803 805/805 796/796
f 796/796 805/805 804/804
f 797/797 806/806 803/803
f 807/807 805/805 803/803
f 804/804 805/805 807/807
f 804/804 808/808 801/801
f 803/803 809/809 807/807
f 803/803 806/806 810/810
f 810/810 809/809 803/803
f 811/811 806/806 797/797
f 810/810 806/806 811/811
f 797/797 812/812 811/811
f 788/788 812/812 797/797
f 813/813 812/812 788/788
f 811/811 812/812 813/813
f 788/788 814/814 813/813
f 786/786 814/814 788/788
f 572/572 814/814 786/786
f 813/813 814/814 572/572
f 786/786 571/571 572/572
f 813/813 815/815 811/811
f 811/811 816/816 810/810
f 811/811 815/815 817/817
f 817/817 816/816 811/811
f 373/373 815/815 813/813
f 817/817 815/815 373/373
f 572/572 818/818 813/813
f 813/813 818/818 373/373
f 377/377 818/818 572/572
f 373/373 818/818 377/377
f 810/810 816/816 819/819
f 819/819 816/816 817/817
f 373/373 372/372 817/817
f 819/819 820/820 810/810
f 810/810 820/820 821/821
f 821/821 809/809 810/810
f 822/822 820/820 819/819
f 821/821 820/820 822/822
f 817/817 823/823 819/819
f 807/807 809/809 821/821
f 361/361 823/823 817/817
f 817/817 372/372 361/361
f 819/819 823/823 357/357
f 357/357 823/823 361/361
f 821/821 824/824 807/807
f 357/357 825/825 819/819
f 819/819 825/825 822/822
f 822/822 826/826 821/821
f 313/313 824/824 821/821
f 821/821 826/826 313/313
f 807/807 824/824 827/827
f 827/827 824/824 313/313
f 827/827 828/828 807/807
f 807/807 828/828 804/804
f 804/804 828/828 829/829
f 829/829 828/828 827/827
f 829/829 808/808 804/804
f 316/316 826/826 822/822
f 313/313 826/826 316/316
f 313/313 312/312 827/827
f 822/822 349/349 316/316
f 351/351 349/349 822/822
f 822/822 825/825 351/351
f 351/351 825/825 357/357
f 827/827 312/312 305/305
f 305/305 830/830 827/827
f 827/827 830/830 829/829
f 829/829 830/830 301/301
f 301/301 830/830 305/305
f 301/301 831/831 829/829
f 829/829 831/831 832/832
f 832/832 808/808 829/829
f 801/801 808/808 832/832
f 832/832 833/833 801/801
f 801/801 833/833 800/800
f 832/832 831/831 293/293
f 293/293 831/831 301/301
f 293/293 834/834 832/832
f 832/832 834/834 833/833
f 301/301 295/295 293/293
f 290/290 834/834 293/293
f 833/833 834/834 290/290
f 833/833 835/835 800/800
f 800/800 835/835 17/17
f 17/17 16/16 800/800
f 836/836 835/835 833/833
f 17/17 835/835 836/836
f 290/290 837/837 833/833
f 833/833 837/837 836/836
f 836/836 838/838 17/17
f 17/17 838/838 18/18
f 836/836 837/837 839/839
f 839/839 837/837 290/290
f 840/840 838/838 836/836
f 18/18 838/838 840/840
f 839/839 841/841 836/836
f 836/836 841/841 840/840
f 840/840 842/842 18/18
f 18/18 842/842 843/843
f 843/843 842/842 844/844
f 844/844 842/842 840/840
f 844/844 845/845 843/843
f 840/840 841/841 846/846
f 846/846 841/841 839/839
f 840/840 847/847 844/844
f 846/846 847/847 840/840
f 848/848 845/845 844/844
f 849/849 845/845 848/848
f 844/844 847/847 850/850
f 850/850 847/847 846/846
f 844/844 851/851 848/848
f 850/850 851/851 844/844
f 848/848 852/852 849/849
f 849/849 852/852 853/853
f 848/848 851/851 854/854
f 854/854 851/851 850/850
f 855/855 852/852 848/848
f 853/853 852/852 855/855
f 197/197 856/856 189/189
f 189/189 856/856 187/187
f 857/857 195/195 192/192
f 196/196 195/195 857/857
f 192/192 194/194 82/82
f 82/82 194/194 70/70
f 192/192 858/858 857/857
f 82/82 858/858 192/192
f 857/857 859/859 196/196
f 857/857 858/858 85/85
f 85/85 858/858 82/82
f 70/70 72/72 82/82
f 85/85 93/93 857/857
f 95/95 859/859 857/857
f 857/857 93/93 95/95
f 196/196 859/859 860/860
f 860/860 859/859 95/95
f 860/860 861/861 196/196
f 196/196 861/861 197/197
f 197/197 861/861 862/862
f 862/862 861/861 860/860
f 862/862 863/863 197/197
f 197/197 863/863 864/864
f 864/864 856/856 197/197
f 187/187 856/856 864/864
f 95/95 865/865 860/860
f 864/864 866/866 187/187
f 864/864 863/863 867/867
f 867/867 863/863 862/862
f 860/860 868/868 862/862
f 187/187 866/866 869/869
f 869/869 188/188 187/187
f 614/614 188/188 869/869
f 870/870 866/866 864/864
f 869/869 866/866 870/870
f 869/869 871/871 614/614
f 614/614 871/871 613/613
f 872/872 871/871 869/869
f 613/613 871/871 872/872
f 870/870 873/873 869/869
f 869/869 873/873 872/872
f 864/864 874/874 870/870
f 867/867 874/874 864/864
f 875/875 873/873 870/870
f 872/872 873/873 875/875
f 870/870 874/874 876/876
f 876/876 874/874 867/867
f 870/870 877/877 875/875
f 876/876 877/877 870/870
f 872/872 878/878 613/613
f 613/613 878/878 879/879
f 879/879 608/608 613/613
f 880/880 878/878 872/872
f 879/879 878/878 880/880
f 598/598 608/608 879/879
f 879/879 881/881 598/598
f 598/598 881/881 591/591
f 882/882 881/881 879/879
f 591/591 881/881 882/882
f 880/880 883/883 879/879
f 879/879 883/883 882/882
f 880/880 872/872 391/391
f 391/391 872/872 875/875
f 875/875 393/393 391/391
f 391/391 884/884 880/880
f 392/392 393/393 875/875
f 875/875 877/877 392/392
f 384/384 884/884 391/391
f 392/392 877/877 876/876
f 880/880 884/884 883/883
f 883/883 884/884 384/384
f 876/876 885/885 392/392
f 392/392 885/885 394/394
f 384/384 886/886 883/883
f 381/381 886/886 384/384
f 581/581 886/886 381/381
f 883/883 886/886 581/581
f 581/581 887/887 883/883
f 883/883 887/887 882/882
f 580/580 887/887 581/581
f 882/882 887/887 580/580
f 882/882 580/580 591/591
f 591/591 580/580 584/584
f 394/394 885/885 888/888
f 888/888 885/885 876/876
f 888/888 889/889 394/394
f 394/394 889/889 396/396
f 396/396 889/889 890/890
f 890/890 889/889 888/888
f 890/890 403/403 396/396
f 876/876 867/867 888/888
f 888/888 867/867 891/891
f 888/888 892/892 890/890
f 891/891 892/892 888/888
f 893/893 403/403 890/890
f 400/400 403/403 893/893
f 890/890 892/892 894/894
f 894/894 892/892 891/891
f 867/867 895/895 891/891
f 862/862 895/895 867/867
f 896/896 895/895 862/862
f 891/891 895/895 896/896
f 862/862 868/868 896/896
f 891/891 897/897 894/894
f 896/896 897/897 891/891
f 890/890 894/894 893/893
f 894/894 897/897 898/898
f 898/898 897/897 896/896
f 893/893 894/894 899/899
f 898/898 900/900 894/894
f 894/894 900/900 899/899
f 896/896 868/868 901/901
f 901/901 898/898 896/896
f 901/901 868/868 860/860
f 860/860 865/865 901/901
f 902/902 898/898 901/901
f 901/901 865/865 97/97
f 97/97 865/865 95/95
f 901/901 903/903 902/902
f 97/97 903/903 901/901
f 902/902 904/904 898/898
f 905/905 900/900 898/898
f 898/898 904/904 905/905
f 899/899 900/900 905/905
f 530/530 904/904 902/902
f 905/905 904/904 530/530
f 902/902 903/903 533/533
f 533/533 903/903 97/97
f 533/533 530/530 902/902
f 905/905 906/906 899/899
f 97/97 99/99 533/533
f 530/530 907/907 905/905
f 908/908 906/906 905/905
f 905/905 907/907 908/908
f 899/899 906/906 909/909
f 909/909 906/906 908/908
f 909/909 910/910 899/899
f 899/899 910/910 893/893
f 528/528 907/907 530/530
f 908/908 907/907 528/528
f 893/893 910/910 911/911
f 911/911 910/910 909/909
f 908/908 912/912 909/909
f 911/911 913/913 893/893
f 893/893 913/913 400/400
f 400/400 913/913 404/404
f 404/404 913/913 911/911
f 911/911 421/421 404/404
f 909/909 914/914 911/911
f 915/915 421/421 911/911
f 911/911 914/914 915/915
f 417/417 421/421 915/915
f 916/916 914/914 909/909
f 909/909 912/912 916/916
f 915/915 914/914 916/916
f 915/915 917/917 417/417
f 417/417 917/917 418/418
f 918/918 917/917 915/915
f 418/418 917/917 918/918
f 916/916 919/919 915/915
f 915/915 919/919 918/918
f 916/916 912/912 920/920
f 920/920 912/912 908/908
f 921/921 919/919 916/916
f 918/918 919/919 921/921
f 920/920 922/922 916/916
f 916/916 922/922 921/921
f 908/908 923/923 920/920
f 528/528 923/923 908/908
f 672/672 922/922 920/920
f 921/921 922/922 672/672
f 920/920 923/923 675/675
f 675/675 923/923 528/528
f 920/920 674/674 672/672
f 675/675 674/674 920/920
f 921/921 924/924 918/918
f 528/528 526/526 675/675
f 672/672 925/925 921/921
f 926/926 924/924 921/921
f 921/921 925/925 926/926
f 918/918 924/924 927/927
f 927/927 924/924 926/926
f 927/927 928/928 918/918
f 918/918 928/928 418/418
f 418/418 928/928 929/929
f 929/929 928/928 927/927
f 929/929 420/420 418/418
f 419/419 420/420 929/929
f 929/929 930/930 419/419
f 419/419 930/930 426/426
f 927/927 931/931 929/929
f 932/932 930/930 929/929
f 426/426 930/930 932/932
f 929/929 931/931 932/932
f 932/932 933/933 426/426
f 426/426 933/933 934/934
f 932/932 931/931 935/935
f 935/935 931/931 927/927
f 936/936 933/933 932/932
f 934/934 933/933 936/936
f 935/935 937/937 932/932
f 932/932 937/937 936/936
f 927/927 938/938 935/935
f 926/926 938/938 927/927
f 939/939 937/937 935/935
f 936/936 937/937 939/939
f 935/935 938/938 940/940
f 940/940 938/938 926/926
f 935/935 941/941 939/939
f 940/940 941/941 935/935
f 936/936 942/942 934/934
f 926/926 943/943 940/940
f 934/934 942/942 944/944
f 944/944 945/945 934/934
f 946/946 942/942 936/936
f 944/944 942/942 946/946
f 666/666 943/943 926/926
f 926/926 925/925 666/666
f 666/666 925/925 672/672
f 936/936 947/947 946/946
f 939/939 947/947 936/936
f 948/948 947/947 939/939
f 946/946 947/947 948/948
f 939/939 949/949 948/948
f 950/950 949/949 939/939
f 939/939 941/941 950/950
f 950/950 941/941 940/940
f 940/940 943/943 664/664
f 664/664 943/943 666/666
f 940/940 951/951 950/950
f 664/664 951/951 940/940
f 952/952 949/949 950/950
f 948/948 949/949 952/952
f 950/950 951/951 953/953
f 953/953 951/951 664/664
f 950/950 954/954 952/952
f 953/953 954/954 950/950
f 952/952 955/955 948/948
f 952/952 954/954 956/956
f 956/956 954/954 953/953
f 664/664 663/663 953/953
f 956/956 957/957 952/952
f 958/958 955/955 952/952
f 952/952 957/957 958/958
f 948/948 955/955 959/959
f 959/959 955/955 958/958
f 959/959 960/960 948/948
f 948/948 960/960 946/946
f 946/946 960/960 961/961
f 961/961 960/960 959/959
f 961/961 962/962 946/946
f 946/946 962/962 944/944
f 944/944 962/962 963/963
f 963/963 962/962 961/961
f 959/959 964/964 961/961
f 963/963 965/965 944/944
f 944/944 965/965 966/966
f 966/966 945/945 944/944
f 966/966 965/965 967/967
f 967/967 965/965 963/963
f 961/961 968/968 963/963
f 967/967 969/969 966/966
f 966/966 969/969 970/970
f 970/970 969/969 971/971
f 971/971 969/969 967/967
f 971/971 972/972 970/970
f 963/963 973/973 967/967
f 974/974 972/972 971/971
f 975/975 973/973 963/963
f 963/963 968/968 975/975
f 967/967 973/973 976/976
f 976/976 973/973 975/975
f 967/967 977/977 971/971
f 976/976 977/977 967/967
f 971/971 978/978 974/974
f 971/971 977/977 979/979
f 979/979 978/978 971/971
f 979/979 977/977 976/976
f 974/974 978/978 980/980
f 980/980 978/978 979/979
f 980/980 981/981 974/974
f 974/974 981/981 982/982
f 976/976 983/983 979/979
f 982/982 981/981 984/984
f 984/984 981/981 980/980
f 979/979 985/985 980/980
f 984/984 986/986 982/982
f 982/982 986/986 987/987
f 979/979 983/983 988/988
f 988/988 985/985 979/979
f 980/980 985/985 989/989
f 989/989 985/985 988/988
f 980/980 990/990 984/984
f 989/989 990/990 980/980
f 991/991 986/986 984/984
f 987/987 986/986 991/991
f 984/984 990/990 992/992
f 992/992 990/990 989/989
f 991/991 993/993 987/987
f 987/987 993/993 994/994
f 995/995 993/993 991/991
f 994/994 993/993 995/995
f 984/984 996/996 991/991
f 991/991 996/996 995/995
f 995/995 997/997 994/994
f 994/994 997/997 998/998
f 995/995 996/996 999/999
f 999/999 996/996 984/984
f 1000/1000 997/997 995/995
f 998/998 997/997 1000/1000
f 149/149 604/604 146/146
f 149/149 152/152 618/618
f 618/618 152/152 151/151
f 610/610 604/604 149/149
f 618/618 616/616 149/149
f 149/149 616/616 610/610
f 145/145 146/146 601/601
f 601/601 146/146 604/604
f 601/601 1001/1001 145/145
f 145/145 1001/1001 1002/1002
f 1002/1002 134/134 145/145
f 132/132 134/134 1002/1002
f 1002/1002 1003/1003 132/132
f 132/132 1003/1003 131/131
f 1002/1002 1001/1001 594/594
f 594/594 1001/1001 601/601
f 1004/1004 1003/1003 1002/1002
f 131/131 1003/1003 1004/1004
f 594/594 1005/1005 1002/1002
f 1002/1002 1005/1005 1004/1004
f 601/601 596/596 594/594
f 590/590 1005/1005 594/594
f 1004/1004 1005/1005 590/590
f 1004/1004 1006/1006 131/131
f 131/131 1006/1006 1007/1007
f 1007/1007 127/127 131/131
f 1008/1008 1006/1006 1004/1004
f 1007/1007 1006/1006 1008/1008
f 590/590 1009/1009 1004/1004
f 1004/1004 1009/1009 1008/1008
f 126/126 127/127 1007/1007
f 1007/1007 1010/1010 126/126
f 1008/1008 1011/1011 1007/1007
f 1012/1012 1010/1010 1007/1007
f 1007/1007 1011/1011 1012/1012
f 1013/1013 1011/1011 1008/1008
f 1012/1012 1011/1011 1013/1013
f 1008/1008 1009/1009 586/586
f 586/586 1009/1009 590/590
f 1008/1008 1014/1014 1013/1013
f 586/586 1014/1014 1008/1008
f 126/126 1010/1010 1015/1015
f 1015/1015 1010/1010 1012/1012
f 1015/1015 1016/1016 126/126
f 126/126 1016/1016 123/123
f 123/123 1016/1016 1017/1017
f 1017/1017 1016/1016 1015/1015
f 1017/1017 122/122 123/123
f 1018/1018 122/122 1017/1017
f 1018/1018 125/125 122/122
f 1015/1015 1019/1019 1017/1017
f 1012/1012 1020/1020 1015/1015
f 1017/1017 1019/1019 1021/1021
f 1021/1021 1018/1018 1017/1017
f 1022/1022 1019/1019 1015/1015
f 1015/1015 1020/1020 1022/1022
f 1021/1021 1019/1019 1022/1022
f 545/545 1020/1020 1012/1012
f 1022/1022 1020/1020 545/545
f 1012/1012 1023/1023 545/545
f 1013/1013 1023/1023 1012/1012
f 545/545 544/544 1022/1022
f 547/547 1023/1023 1013/1013
f 545/545 1023/1023 547/547
f 1013/1013 552/552 547/547
f 582/582 552/552 1013/1013
f 1013/1013 1014/1014 582/582
f 582/582 1014/1014 586/586
f 1022/1022 544/544 542/542
f 542/542 1024/1024 1022/1022
f 1022/1022 1024/1024 1021/1021
f 1021/1021 1024/1024 266/266
f 266/266 1024/1024 542/542
f 266/266 1025/1025 1021/1021
f 1021/1021 1025/1025 1026/1026
f 1026/1026 1018/1018 1021/1021
f 1026/1026 1025/1025 261/261
f 261/261 1025/1025 266/266
f 1026/1026 1027/1027 1018/1018
f 1027/1027 125/125 1018/1018
f 1028/1028 1027/1027 1026/1026
f 119/119 125/125 1027/1027
f 1027/1027 1029/1029 119/119
f 119/119 1029/1029 117/117
f 1030/1030 1029/1029 1027/1027
f 117/117 1029/1029 1030/1030
f 1027/1027 1028/1028 1030/1030
f 1026/1026 1031/1031 1028/1028
f 261/261 1031/1031 1026/1026
f 1030/1030 1028/1028 1032/1032
f 1028/1028 1031/1031 258/258
f 258/258 1031/1031 261/261
f 258/258 1032/1032 1028/1028
f 1030/1030 1033/1033 117/117
f 117/117 1033/1033 1034/1034
f 1034/1034 118/118 117/117
f 1035/1035 1033/1033 1030/1030
f 1034/1034 1033/1033 1035/1035
f 1032/1032 1036/1036 1030/1030
f 1030/1030 1036/1036 1035/1035
f 1035/1035 1037/1037 1034/1034
f 1034/1034 1037/1037 1038/1038
f 1038/1038 1037/1037 1039/1039
f 1039/1039 1037/1037 1035/1035
f 1039/1039 1040/1040 1038/1038
f 1041/1041 1040/1040 1039/1039
f 1035/1035 1042/1042 1039/1039
f 1035/1035 1036/1036 1043/1043
f 1043/1043 1042/1042 1035/1035
f 1043/1043 1036/1036 1032/1032
f 1039/1039 1042/1042 1044/1044
f 1044/1044 1042/1042 1043/1043
f 1039/1039 1045/1045 1041/1041
f 1044/1044 1045/1045 1039/1039
f 1041/1041 1045/1045 1046/1046
f 1046/1046 1045/1045 1044/1044
f 1046/1046 1047/1047 1041/1041
f 1044/1044 1048/1048 1046/1046
f 1046/1046 1048/1048 1049/1049
f 1043/1043 1050/1050 1044/1044
f 1051/1051 1048/1048 1044/1044
f 1049/1049 1048/1048 1051/1051
f 1044/1044 1050/1050 1051/1051
f 1051/1051 1052/1052 1049/1049
f 1053/1053 1052/1052 1051/1051
f 1051/1051 1054/1054 1053/1053
f 1053/1053 1054/1054 1055/1055
f 1051/1051 1050/1050 1056/1056
f 1056/1056 1054/1054 1051/1051
f 1056/1056 1050/1050 1043/1043
f 1055/1055 1054/1054 1056/1056
f 1043/1043 1057/1057 1056/1056
f 1032/1032 1057/1057 1043/1043
f 1055/1055 1056/1056 1058/1058
f 1058/1058 1056/1056 1057/1057
f 1057/1057 1032/1032 258/258
f 258/258 1059/1059 1057/1057
f 1057/1057 1059/1059 1058/1058
f 270/270 1055/1055 1058/1058
f 260/260 1059/1059 258/258
f 1058/1058 1059/1059 260/260
f 1058/1058 1060/1060 270/270
f 260/260 1060/1060 1058/1058
f 270/270 1060/1060 264/264
f 264/264 1060/1060 260/260
f 1061/1061 1062/1062 753/753
f 1063/1063 1062/1062 1061/1061
f 1064/1064 1065/1065 1063/1063
f 1066/1066 1065/1065 1064/1064
f 1061/1061 1067/1067 1063/1063
f 1063/1063 1067/1067 1064/1064
f 747/747 753/753 745/745
f 1061/1061 753/753 747/747
f 1064/1064 1068/1068 1066/1066
f 1066/1066 1068/1068 477/477
f 747/747 1069/1069 1061/1061
f 463/463 1068/1068 1064/1064
f 477/477 1068/1068 463/463
f 1070/1070 1067/1067 1061/1061
f 1064/1064 1067/1067 1070/1070
f 1061/1061 1069/1069 1070/1070
f 1064/1064 1071/1071 463/463
f 1070/1070 1071/1071 1064/1064
f 463/463 465/465 477/477
f 1070/1070 1069/1069 1072/1072
f 1072/1072 1069/1069 747/747
f 461/461 1071/1071 1070/1070
f 463/463 1071/1071 461/461
f 1072/1072 1073/1073 1070/1070
f 1070/1070 1073/1073 461/461
f 747/747 1074/1074 1072/1072
f 740/740 1074/1074 747/747
f 742/742 1074/1074 740/740
f 1072/1072 1074/1074 742/742
f 742/742 1075/1075 1072/1072
f 1076/1076 1073/1073 1072/1072
f 1072/1072 1075/1075 1076/1076
f 461/461 1073/1073 1076/1076
f 1077/1077 1075/1075 742/742
f 1076/1076 1075/1075 1077/1077
f 1076/1076 459/459 461/461
f 742/742 431/431 1077/1077
f 732/732 431/431 742/742
f 431/431 433/433 1077/1077
f 1077/1077 1078/1078 1076/1076
f 451/451 459/459 1076/1076
f 1076/1076 1078/1078 451/451
f 438/438 1078/1078 1077/1077
f 1077/1077 433/433 438/438
f 451/451 1078/1078 438/438
f 24/24 1079/1079 55/55
f 23/23 1079/1079 24/24
f 55/55 1080/1080 51/51
f 1081/1081 23/23 4/4
f 1079/1079 23/23 1081/1081
f 1082/1082 55/55 1079/1079
f 1080/1080 55/55 1082/1082
f 1081/1081 1083/1083 1079/1079
f 1079/1079 1083/1083 1082/1082
f 4/4 1084/1084 1081/1081
f 1085/1085 1083/1083 1081/1081
f 1082/1082 1083/1083 1085/1085
f 1086/1086 1084/1084 4/4
f 4/4 3/3 1086/1086
f 1086/1086 3/3 8/8
f 1081/1081 1084/1084 1087/1087
f 1087/1087 1084/1084 1086/1086
f 8/8 1088/1088 1086/1086
f 1087/1087 1089/1089 1081/1081
f 1081/1081 1089/1089 1085/1085
f 18/18 1088/1088 8/8
f 1086/1086 1088/1088 843/843
f 843/843 1088/1088 18/18
f 1086/1086 1090/1090 1087/1087
f 843/843 1090/1090 1086/1086
f 1091/1091 1089/1089 1087/1087
f 1085/1085 1089/1089 1091/1091
f 1087/1087 1090/1090 849/849
f 849/849 1090/1090 843/843
f 1087/1087 1092/1092 1091/1091
f 849/849 1092/1092 1087/1087
f 1091/1091 1093/1093 1085/1085
f 1091/1091 1092/1092 853/853
f 853/853 1092/1092 849/849
f 843/843 845/845 849/849
f 853/853 1094/1094 1091/1091
f 1095/1095 1093/1093 1091/1091
f 1091/1091 1094/1094 1095/1095
f 1085/1085 1093/1093 1096/1096
f 1096/1096 1093/1093 1095/1095
f 1096/1096 1097/1097 1085/1085
f 1085/1085 1097/1097 1082/1082
f 1082/1082 1097/1097 1098/1098
f 1098/1098 1097/1097 1096/1096
f 1098/1098 1099/1099 1082/1082
f 1082/1082 1099/1099 1080/1080
f 1080/1080 1099/1099 1100/1100
f 1100/1100 1099/1099 1098/1098
f 1096/1096 1101/1101 1098/1098
f 1100/1100 1102/1102 1080/1080
f 51/51 1080/1080 1102/1102
f 1102/1102 1103/1103 51/51
f 51/51 1103/1103 53/53
f 1104/1104 1102/1102 1100/1100
f 1105/1105 1103/1103 1102/1102
f 53/53 1103/1103 1105/1105
f 1104/1104 1106/1106 1102/1102
f 1102/1102 1106/1106 1105/1105
f 1100/1100 1107/1107 1104/1104
f 1108/1108 1106/1106 1104/1104
f 1105/1105 1106/1106 1108/1108
f 1105/1105 1109/1109 53/53
f 53/53 1109/1109 1110/1110
f 1110/1110 54/54 53/53
f 1111/1111 1109/1109 1105/1105
f 1110/1110 1109/1109 1111/1111
f 1108/1108 1112/1112 1105/1105
f 1105/1105 1112/1112 1111/1111
f 48/48 54/54 1110/1110
f 1110/1110 1113/1113 48/48
f 1111/1111 1114/1114 1110/1110
f 1115/1115 1113/1113 1110/1110
f 1110/1110 1114/1114 1115/1115
f 204/204 1114/1114 1111/1111
f 1115/1115 1114/1114 204/204
f 1111/1111 1112/1112 200/200
f 200/200 1112/1112 1108/1108
f 1111/1111 202/202 204/204
f 200/200 202/202 1111/1111
f 46/46 48/48 1116/1116
f 1116/1116 48/48 1113/1113
f 1116/1116 50/50 46/46
f 1113/1113 1117/1117 1116/1116
f 1113/1113 1115/1115 233/233
f 233/233 1117/1117 1113/1113
f 233/233 1115/1115 225/225
f 1115/1115 223/223 225/225
f 204/204 223/223 1115/1115
f 770/770 50/50 1116/1116
f 45/45 50/50 770/770
f 1116/1116 1117/1117 235/235
f 235/235 1117/1117 233/233
f 1116/1116 1118/1118 770/770
f 235/235 1118/1118 1116/1116
f 770/770 1119/1119 45/45
f 45/45 1119/1119 43/43
f 770/770 1118/1118 560/560
f 560/560 1118/1118 235/235
f 771/771 1119/1119 770/770
f 43/43 1119/1119 771/771
f 1120/1120 1121/1121 1122/1122
f 1123/1123 1121/1121 1120/1120
f 1124/1124 1125/1125 1126/1126
f 1126/1126 1125/1125 1127/1127
f 1127/1127 1128/1128 1126/1126
f 1129/1129 1125/1125 1124/1124
f 1127/1127 1125/1125 1129/1129
f 1130/1130 1128/1128 1127/1127
f 1127/1127 1131/1131 1130/1130
f 1130/1130 1131/1131 1132/1132
f 1132/1132 1131/1131 1133/1133
f 1133/1133 1131/1131 1127/1127
f 1133/1133 1134/1134 1132/1132
f 1124/1124 1135/1135 1129/1129
f 1122/1122 1135/1135 1124/1124
f 1129/1129 1136/1136 1127/1127
f 1127/1127 1136/1136 1133/1133
f 1040/1040 1134/1134 1133/1133
f 1040/1040 1133/1133 1038/1038
f 1038/1038 1133/1133 1136/1136
f 1136/1136 1129/1129 1137/1137
f 1137/1137 1129/1129 1135/1135
f 1137/1137 1138/1138 1136/1136
f 1136/1136 1138/1138 1038/1038
f 1038/1038 1138/1138 1034/1034
f 1034/1034 1138/1138 1137/1137
f 1135/1135 1139/1139 1137/1137
f 1135/1135 1122/1122 1140/1140
f 1140/1140 1139/1139 1135/1135
f 1140/1140 1122/1122 1121/1121
f 1137/1137 1139/1139 114/114
f 114/114 1139/1139 1140/1140
f 1137/1137 118/118 1034/1034
f 114/114 118/118 1137/1137
f 1121/1121 1141/1141 1140/1140
f 1142/1142 1141/1141 1121/1121
f 1121/1121 1123/1123 1142/1142
f 1142/1142 1123/1123 1143/1143
f 1144/1144 1143/1143 1123/1123
f 1140/1140 1141/1141 110/110
f 110/110 1141/1141 1142/1142
f 110/110 112/112 1140/1140
f 1140/1140 112/112 114/114
f 1145/1145 1143/1143 1144/1144
f 1144/1144 1146/1146 1145/1145
f 1147/1147 1146/1146 1144/1144
f 634/634 1146/1146 1147/1147
f 1145/1145 1146/1146 634/634
f 1147/1147 636/636 634/634
f 1145/1145 1148/1148 1143/1143
f 1143/1143 1149/1149 1142/1142
f 1143/1143 1148/1148 1150/1150
f 1150/1150 1149/1149 1143/1143
f 1151/1151 1148/1148 1145/1145
f 1150/1150 1148/1148 1151/1151
f 634/634 1151/1151 1145/1145
f 628/628 1151/1151 634/634
f 1142/1142 1149/1149 1152/1152
f 1152/1152 1149/1149 1150/1150
f 1151/1151 1153/1153 1150/1150
f 1152/1152 1154/1154 1142/1142
f 1142/1142 1154/1154 110/110
f 1150/1150 1155/1155 1152/1152
f 1150/1150 1153/1153 103/103
f 103/103 1155/1155 1150/1150
f 138/138 1153/1153 1151/1151
f 103/103 1153/1153 138/138
f 1151/1151 627/627 138/138
f 628/628 627/627 1151/1151
f 1152/1152 1155/1155 105/105
f 105/105 1155/1155 103/103
f 108/108 1154/1154 1152/1152
f 110/110 1154/1154 108/108
f 105/105 107/107 1152/1152
f 1152/1152 107/107 108/108
f 88/88 1156/1156 101/101
f 102/102 101/101 485/485
f 102/102 491/491 98/98
f 1157/1157 1156/1156 88/88
f 88/88 90/90 1157/1157
f 101/101 1156/1156 481/481
f 481/481 1156/1156 1157/1157
f 98/98 491/491 496/496
f 496/496 99/99 98/98
f 533/533 99/99 496/496
f 1157/1157 90/90 89/89
f 481/481 483/483 101/101
f 101/101 483/483 485/485
f 89/89 1158/1158 1157/1157
f 1157/1157 1159/1159 481/481
f 1157/1157 1158/1158 1160/1160
f 1160/1160 1159/1159 1157/1157
f 1161/1161 1158/1158 89/89
f 1160/1160 1158/1158 1161/1161
f 89/89 1162/1162 1161/1161
f 79/79 1162/1162 89/89
f 481/481 1159/1159 479/479
f 479/479 1159/1159 1160/1160
f 1163/1163 1162/1162 79/79
f 1161/1161 1162/1162 1163/1163
f 79/79 1164/1164 1163/1163
f 75/75 1164/1164 79/79
f 1165/1165 1164/1164 75/75
f 1163/1163 1164/1164 1165/1165
f 75/75 78/78 1165/1165
f 1163/1163 1166/1166 1161/1161
f 1161/1161 1167/1167 1160/1160
f 1161/1161 1166/1166 1168/1168
f 1168/1168 1167/1167 1161/1161
f 1169/1169 1166/1166 1163/1163
f 1168/1168 1166/1166 1169/1169
f 1165/1165 1170/1170 1163/1163
f 1163/1163 1170/1170 1169/1169
f 1171/1171 1170/1170 1165/1165
f 1169/1169 1170/1170 1171/1171
f 1160/1160 1167/1167 1172/1172
f 1172/1172 1167/1167 1168/1168
f 1169/1169 1173/1173 1168/1168
f 1172/1172 1174/1174 1160/1160
f 1160/1160 1174/1174 479/479
f 1168/1168 1175/1175 1172/1172
f 1168/1168 1173/1173 1176/1176
f 1176/1176 1175/1175 1168/1168
f 1177/1177 1173/1173 1169/1169
f 1176/1176 1173/1173 1177/1177
f 1169/1169 1178/1178 1177/1177
f 1171/1171 1178/1178 1169/1169
f 1172/1172 1175/1175 1179/1179
f 1179/1179 1175/1175 1176/1176
f 474/474 1174/1174 1172/1172
f 479/479 1174/1174 474/474
f 1179/1179 1180/1180 1172/1172
f 1172/1172 1180/1180 474/474
f 1176/1176 1181/1181 1179/1179
f 476/476 1180/1180 1179/1179
f 474/474 1180/1180 476/476
f 474/474 475/475 479/479
f 1179/1179 478/478 476/476
f 1179/1179 1181/1181 1182/1182
f 1182/1182 478/478 1179/1179
f 1183/1183 1181/1181 1176/1176
f 1182/1182 1181/1181 1183/1183
f 1176/1176 1184/1184 1183/1183
f 1177/1177 1184/1184 1176/1176
f 1185/1185 1184/1184 1177/1177
f 1183/1183 1184/1184 1185/1185
f 1177/1177 1186/1186 1185/1185
f 1187/1187 1186/1186 1177/1177
f 1177/1177 1178/1178 1187/1187
f 1187/1187 1178/1178 1171/1171
f 1188/1188 1186/1186 1187/1187
f 1185/1185 1186/1186 1188/1188
f 1171/1171 1189/1189 1187/1187
f 1185/1185 1190/1190 1183/1183
f 1191/1191 1182/1182 1183/1183
f 1183/1183 1190/1190 1191/1191
f 1192/1192 1190/1190 1185/1185
f 1191/1191 1190/1190 1192/1192
f 1185/1185 1193/1193 1192/1192
f 1188/1188 1193/1193 1185/1185
f 1194/1194 1189/1189 1171/1171
f 1171/1171 1195/1195 1194/1194
f 1165/1165 1195/1195 1171/1171
f 1196/1196 1195/1195 1165/1165
f 1194/1194 1195/1195 1196/1196
f 1165/1165 78/78 1196/1196
f 1196/1196 78/78 62/62
f 62/62 1197/1197 1196/1196
f 56/56 1197/1197 62/62
f 1198/1198 1197/1197 56/56
f 1196/1196 1197/1197 1198/1198
f 56/56 61/61 1198/1198
f 1196/1196 1199/1199 1194/1194
f 1198/1198 1199/1199 1196/1196
f 1194/1194 1199/1199 1200/1200
f 1200/1200 1199/1199 1198/1198
f 1198/1198 61/61 1201/1201
f 1201/1201 61/61 60/60
f 1198/1198 1202/1202 1200/1200
f 1201/1201 1202/1202 1198/1198
f 1200/1200 1203/1203 1194/1194
f 60/60 1204/1204 1201/1201
f 1205/1205 1204/1204 60/60
f 1206/1206 1202/1202 1201/1201
f 1200/1200 1202/1202 1206/1206
f 1201/1201 1204/1204 1207/1207
f 1207/1207 1204/1204 1205/1205
f 1201/1201 1208/1208 1206/1206
f 1207/1207 1208/1208 1201/1201
f 1206/1206 1209/1209 1200/1200
f 1205/1205 1210/1210 1207/1207
f 1211/1211 1210/1210 1205/1205
f 1212/1212 1208/1208 1207/1207
f 1206/1206 1208/1208 1212/1212
f 1207/1207 1210/1210 1213/1213
f 1213/1213 1210/1210 1211/1211
f 1207/1207 1214/1214 1212/1212
f 1213/1213 1214/1214 1207/1207
f 1212/1212 1215/1215 1206/1206
f 1211/1211 1216/1216 1213/1213
f 1217/1217 1216/1216 1211/1211
f 1218/1218 1216/1216 1217/1217
f 1213/1213 1216/1216 1218/1218
f 1217/1217 1219/1219 1218/1218
f 1218/1218 1219/1219 1220/1220
f 1220/1220 1221/1221 1218/1218
f 1222/1222 1221/1221 1220/1220
f 1218/1218 1221/1221 1223/1223
f 1223/1223 1221/1221 1222/1222
f 1223/1223 1213/1213 1218/1218
f 1224/1224 1214/1214 1213/1213
f 1224/1224 1213/1213 1223/1223
f 1212/1212 1214/1214 1224/1224
f 1225/1225 1226/1226 1227/1227
f 1228/1228 1226/1226 1225/1225
f 1229/1229 1227/1227 1230/1230
f 1230/1230 1227/1227 1226/1226
f 1228/1228 1231/1231 1226/1226
f 1230/1230 1232/1232 1229/1229
f 1229/1229 1232/1232 1233/1233
f 1234/1234 1231/1231 1228/1228
f 855/855 1235/1235 1236/1236
f 1237/1237 1238/1238 1239/1239
f 1239/1239 1240/1240 1237/1237
f 1239/1239 1233/1233 1241/1241
f 1241/1241 1240/1240 1239/1239
f 1241/1241 1233/1233 1232/1232
f 1237/1237 1240/1240 1242/1242
f 1242/1242 1240/1240 1241/1241
f 1242/1242 1243/1243 1237/1237
f 1237/1237 1243/1243 1244/1244
f 1244/1244 1243/1243 1245/1245
f 1245/1245 1243/1243 1242/1242
f 1245/1245 1246/1246 1244/1244
f 1247/1247 1246/1246 1245/1245
f 1245/1245 1248/1248 1247/1247
f 1247/1247 1248/1248 1047/1047
f 1242/1242 1249/1249 1245/1245
f 1250/1250 1248/1248 1245/1245
f 1245/1245 1249/1249 1250/1250
f 1047/1047 1248/1248 1250/1250
f 1132/1132 1249/1249 1242/1242
f 1250/1250 1249/1249 1132/1132
f 1241/1241 1251/1251 1242/1242
f 1242/1242 1251/1251 1132/1132
f 1250/1250 1041/1041 1047/1047
f 1130/1130 1251/1251 1241/1241
f 1132/1132 1251/1251 1130/1130
f 1132/1132 1134/1134 1250/1250
f 1241/1241 1252/1252 1130/1130
f 1232/1232 1252/1252 1241/1241
f 1040/1040 1041/1041 1250/1250
f 1250/1250 1134/1134 1040/1040
f 1253/1253 1252/1252 1232/1232
f 1130/1130 1252/1252 1253/1253
f 1232/1232 1230/1230 1253/1253
f 1253/1253 1128/1128 1130/1130
f 1253/1253 1230/1230 1226/1226
f 1226/1226 1254/1254 1253/1253
f 1126/1126 1128/1128 1253/1253
f 1253/1253 1254/1254 1126/1126
f 1255/1255 1254/1254 1226/1226
f 1126/1126 1254/1254 1255/1255
f 1226/1226 1231/1231 1255/1255
f 1255/1255 1231/1231 1234/1234
f 1234/1234 1256/1256 1255/1255
f 1236/1236 1257/1257 1234/1234
f 1235/1235 1257/1257 1236/1236
f 1258/1258 1256/1256 1234/1234
f 1234/1234 1257/1257 1258/1258
f 1258/1258 1257/1257 1235/1235
f 1259/1259 1235/1235 855/855
f 1259/1259 1260/1260 1235/1235
f 1261/1261 1260/1260 1259/1259
f 854/854 1261/1261 1259/1259
f 1262/1262 1261/1261 854/854
f 854/854 1263/1263 1262/1262
f 1262/1262 1264/1264 1261/1261
f 1261/1261 1264/1264 1265/1265
f 1262/1262 1263/1263 1266/1266
f 1266/1266 1263/1263 850/850
f 1266/1266 1264/1264 1262/1262
f 1265/1265 1264/1264 1266/1266
f 850/850 1267/1267 1266/1266
f 846/846 1267/1267 850/850
f 1266/1266 1267/1267 1268/1268
f 1268/1268 1267/1267 846/846
f 1268/1268 289/289 1266/1266
f 846/846 1269/1269 1268/1268
f 839/839 1269/1269 846/846
f 287/287 289/289 1268/1268
f 1268/1268 1269/1269 1270/1270
f 1270/1270 1269/1269 839/839
f 1270/1270 1271/1271 1268/1268
f 1268/1268 1271/1271 287/287
f 839/839 1272/1272 1270/1270
f 290/290 1272/1272 839/839
f 298/298 1271/1271 1270/1270
f 287/287 1271/1271 298/298
f 1270/1270 1272/1272 292/292
f 292/292 1272/1272 290/290
f 1270/1270 297/297 298/298
f 292/292 297/297 1270/1270
f 1273/1273 1274/1274 1275/1275
f 1276/1276 1277/1277 1278/1278
f 1276/1276 1279/1279 1277/1277
f 1280/1280 1279/1279 1281/1281
f 1277/1277 1279/1279 1280/1280
f 1281/1281 1282/1282 1280/1280
f 1283/1283 1282/1282 1281/1281
f 1284/1284 1282/1282 1283/1283
f 1280/1280 1282/1282 1284/1284
f 1283/1283 1285/1285 1284/1284
f 1286/1286 1285/1285 1283/1283
f 1284/1284 1287/1287 1280/1280
f 1288/1288 1285/1285 1286/1286
f 1284/1284 1285/1285 1288/1288
f 1286/1286 1289/1289 1288/1288
f 988/988 1289/1289 1286/1286
f 1290/1290 1289/1289 988/988
f 1288/1288 1289/1289 1290/1290
f 988/988 983/983 1290/1290
f 1288/1288 1291/1291 1284/1284
f 1290/1290 983/983 976/976
f 976/976 1292/1292 1290/1290
f 975/975 1292/1292 976/976
f 1290/1290 1293/1293 1288/1288
f 1290/1290 1292/1292 1294/1294
f 1294/1294 1293/1293 1290/1290
f 1294/1294 1292/1292 975/975
f 1288/1288 1293/1293 1295/1295
f 1295/1295 1291/1291 1288/1288
f 1295/1295 1293/1293 1294/1294
f 1284/1284 1291/1291 1296/1296
f 1296/1296 1291/1291 1295/1295
f 1296/1296 1287/1287 1284/1284
f 975/975 1297/1297 1294/1294
f 1294/1294 1298/1298 1295/1295
f 1299/1299 1297/1297 975/975
f 975/975 968/968 1299/1299
f 1299/1299 968/968 961/961
f 1294/1294 1297/1297 1300/1300
f 1300/1300 1298/1298 1294/1294
f 1300/1300 1297/1297 1299/1299
f 961/961 964/964 1299/1299
f 1295/1295 1298/1298 1301/1301
f 1301/1301 1298/1298 1300/1300
f 1299/1299 1302/1302 1300/1300
f 1299/1299 964/964 1303/1303
f 1303/1303 1302/1302 1299/1299
f 1303/1303 964/964 959/959
f 1300/1300 1302/1302 1304/1304
f 1304/1304 1302/1302 1303/1303
f 959/959 1305/1305 1303/1303
f 1304/1304 1306/1306 1300/1300
f 1300/1300 1306/1306 1301/1301
f 958/958 1305/1305 959/959
f 1303/1303 1305/1305 1307/1307
f 1307/1307 1305/1305 958/958
f 1303/1303 1308/1308 1304/1304
f 1307/1307 1308/1308 1303/1303
f 1309/1309 1306/1306 1304/1304
f 1301/1301 1306/1306 1309/1309
f 1304/1304 1308/1308 1310/1310
f 1310/1310 1308/1308 1307/1307
f 1304/1304 1311/1311 1309/1309
f 1310/1310 1311/1311 1304/1304
f 1309/1309 1312/1312 1301/1301
f 958/958 1313/1313 1307/1307
f 1309/1309 1311/1311 1314/1314
f 1314/1314 1311/1311 1310/1310
f 1307/1307 1315/1315 1310/1310
f 1316/1316 1313/1313 958/958
f 958/958 957/957 1316/1316
f 1307/1307 1313/1313 1317/1317
f 1317/1317 1315/1315 1307/1307
f 1317/1317 1313/1313 1316/1316
f 1310/1310 1315/1315 1318/1318
f 1318/1318 1315/1315 1317/1317
f 1310/1310 1319/1319 1314/1314
f 1318/1318 1319/1319 1310/1310
f 1316/1316 957/957 956/956
f 956/956 1320/1320 1316/1316
f 1321/1321 1317/1317 1316/1316
f 1316/1316 1320/1320 1321/1321
f 1322/1322 1320/1320 956/956
f 1321/1321 1320/1320 1322/1322
f 956/956 1323/1323 1322/1322
f 953/953 1323/1323 956/956
f 659/659 1323/1323 953/953
f 1322/1322 1323/1323 659/659
f 953/953 663/663 659/659
f 1324/1324 1317/1317 1321/1321
f 1322/1322 1325/1325 1321/1321
f 1324/1324 1326/1326 1317/1317
f 1317/1317 1326/1326 1318/1318
f 1321/1321 1327/1327 1324/1324
f 1321/1321 1325/1325 658/658
f 658/658 1327/1327 1321/1321
f 656/656 1325/1325 1322/1322
f 658/658 1325/1325 656/656
f 1322/1322 1328/1328 656/656
f 659/659 1328/1328 1322/1322
f 1324/1324 1327/1327 694/694
f 694/694 1327/1327 658/658
f 661/661 1328/1328 659/659
f 656/656 1328/1328 661/661
f 426/426 1329/1329 424/424
f 424/424 1329/1329 430/430
f 342/342 427/427 1330/1330
f 1330/1330 427/427 429/429
f 1330/1330 1331/1331 342/342
f 342/342 1331/1331 334/334
f 334/334 1331/1331 1332/1332
f 1332/1332 1331/1331 1330/1330
f 1332/1332 1333/1333 334/334
f 334/334 1333/1333 331/331
f 331/331 1333/1333 1334/1334
f 1334/1334 1333/1333 1332/1332
f 1334/1334 335/335 331/331
f 1330/1330 1335/1335 1332/1332
f 1332/1332 1336/1336 1334/1334
f 429/429 1337/1337 1330/1330
f 1332/1332 1335/1335 1338/1338
f 1338/1338 1336/1336 1332/1332
f 1339/1339 1335/1335 1330/1330
f 1330/1330 1337/1337 1339/1339
f 1338/1338 1335/1335 1339/1339
f 970/970 1337/1337 429/429
f 1339/1339 1337/1337 970/970
f 429/429 1340/1340 970/970
f 430/430 1340/1340 429/429
f 970/970 972/972 1339/1339
f 966/966 1340/1340 430/430
f 970/970 1340/1340 966/966
f 430/430 945/945 966/966
f 934/934 945/945 430/430
f 430/430 1329/1329 934/934
f 934/934 1329/1329 426/426
f 1339/1339 972/972 974/974
f 974/974 1341/1341 1339/1339
f 1339/1339 1341/1341 1338/1338
f 1338/1338 1341/1341 982/982
f 982/982 1341/1341 974/974
f 982/982 1342/1342 1338/1338
f 1338/1338 1342/1342 1343/1343
f 1343/1343 1336/1336 1338/1338
f 1334/1334 1336/1336 1343/1343
f 1343/1343 1342/1342 987/987
f 987/987 1342/1342 982/982
f 1343/1343 1344/1344 1334/1334
f 1334/1334 1344/1344 1345/1345
f 1345/1345 335/335 1334/1334
f 1346/1346 1344/1344 1343/1343
f 1345/1345 1344/1344 1346/1346
f 328/328 335/335 1345/1345
f 1345/1345 1347/1347 328/328
f 328/328 1347/1347 327/327
f 1348/1348 1347/1347 1345/1345
f 327/327 1347/1347 1348/1348
f 1346/1346 1349/1349 1345/1345
f 1345/1345 1349/1349 1348/1348
f 1343/1343 1350/1350 1346/1346
f 987/987 1350/1350 1343/1343
f 1351/1351 1349/1349 1346/1346
f 1348/1348 1349/1349 1351/1351
f 1346/1346 1350/1350 994/994
f 994/994 1350/1350 987/987
f 1346/1346 1352/1352 1351/1351
f 994/994 1352/1352 1346/1346
f 1348/1348 1353/1353 327/327
f 327/327 1353/1353 314/314
f 314/314 310/310 327/327
f 1354/1354 1353/1353 1348/1348
f 314/314 1353/1353 1354/1354
f 1351/1351 1355/1355 1348/1348
f 1348/1348 1355/1355 1354/1354
f 1351/1351 1352/1352 998/998
f 998/998 1352/1352 994/994
f 1356/1356 1355/1355 1351/1351
f 1354/1354 1355/1355 1356/1356
f 998/998 1357/1357 1351/1351
f 1351/1351 1357/1357 1356/1356
f 1354/1354 1358/1358 314/314
f 314/314 1358/1358 1359/1359
f 1359/1359 302/302 314/314
f 1360/1360 1358/1358 1354/1354
f 1359/1359 1358/1358 1360/1360
f 296/296 302/302 1359/1359
f 1359/1359 1361/1361 296/296
f 296/296 1361/1361 298/298
f 1362/1362 1361/1361 1359/1359
f 298/298 1361/1361 1362/1362
f 1360/1360 1363/1363 1359/1359
f 1359/1359 1363/1363 1362/1362
f 1354/1354 1364/1364 1360/1360
f 1356/1356 1364/1364 1354/1354
f 1365/1365 1363/1363 1360/1360
f 1362/1362 1363/1363 1365/1365
f 1362/1362 1366/1366 298/298
f 298/298 1366/1366 287/287
f 287/287 1366/1366 1367/1367
f 1367/1367 1366/1366 1362/1362
f 1367/1367 288/288 287/287
f 1365/1365 1368/1368 1362/1362
f 1362/1362 1368/1368 1367/1367
f 1367/1367 1368/1368 1369/1369
f 1369/1369 1368/1368 1365/1365
f 1367/1367 1370/1370 288/288
f 1369/1369 1370/1370 1367/1367
f 288/288 1370/1370 1371/1371
f 1371/1371 1370/1370 1369/1369
f 288/288 1372/1372 289/289
f 1371/1371 1372/1372 288/288
f 289/289 1372/1372 1373/1373
f 1373/1373 1372/1372 1371/1371
f 289/289 1374/1374 1266/1266
f 1373/1373 1374/1374 289/289
f 1266/1266 1375/1375 1265/1265
f 1265/1265 1375/1375 1261/1261
f 1266/1266 1374/1374 644/644
f 644/644 1374/1374 1373/1373
f 1375/1375 1266/1266 640/640
f 640/640 1266/1266 644/644
f 1375/1375 1376/1376 1261/1261
f 640/640 1376/1376 1375/1375
f 1377/1377 1260/1260 1261/1261
f 1235/1235 1260/1260 1377/1377
f 1261/1261 1376/1376 638/638
f 638/638 1376/1376 640/640
f 1261/1261 1378/1378 1377/1377
f 638/638 1378/1378 1261/1261
f 1377/1377 1379/1379 1235/1235
f 1235/1235 1379/1379 1258/1258
f 1377/1377 1378/1378 1147/1147
f 1147/1147 1378/1378 638/638
f 1380/1380 1379/1379 1377/1377
f 1258/1258 1379/1379 1380/1380
f 1147/1147 1381/1381 1377/1377
f 1377/1377 1381/1381 1380/1380
f 638/638 636/636 1147/1147
f 1144/1144 1381/1381 1147/1147
f 1380/1380 1381/1381 1144/1144
f 1380/1380 1382/1382 1258/1258
f 1258/1258 1382/1382 1383/1383
f 1383/1383 1256/1256 1258/1258
f 1120/1120 1382/1382 1380/1380
f 1383/1383 1382/1382 1120/1120
f 1255/1255 1256/1256 1383/1383
f 1383/1383 1384/1384 1255/1255
f 1255/1255 1384/1384 1126/1126
f 1124/1124 1384/1384 1383/1383
f 1126/1126 1384/1384 1124/1124
f 1120/1120 1385/1385 1383/1383
f 1383/1383 1385/1385 1124/1124
f 1380/1380 1386/1386 1120/1120
f 1144/1144 1386/1386 1380/1380
f 1122/1122 1385/1385 1120/1120
f 1124/1124 1385/1385 1122/1122
f 1120/1120 1386/1386 1123/1123
f 1123/1123 1386/1386 1144/1144
f 984/984 1387/1387 999/999
f 1000/1000 1388/1388 998/998
f 998/998 1388/1388 1389/1389
f 1389/1389 1357/1357 998/998
f 1390/1390 1388/1388 1000/1000
f 1389/1389 1388/1388 1390/1390
f 1356/1356 1357/1357 1389/1389
f 1000/1000 1391/1391 1390/1390
f 995/995 1391/1391 1000/1000
f 1392/1392 1364/1364 1356/1356
f 1393/1393 1356/1356 1389/1389
f 1392/1392 1356/1356 1393/1393
f 1360/1360 1364/1364 1392/1392
f 1392/1392 1394/1394 1360/1360
f 1360/1360 1394/1394 1365/1365
f 1395/1395 1394/1394 1392/1392
f 1365/1365 1394/1394 1395/1395
f 1393/1393 1396/1396 1392/1392
f 1392/1392 1396/1396 1395/1395
f 1389/1389 1397/1397 1393/1393
f 1390/1390 1397/1397 1389/1389
f 1222/1222 1396/1396 1393/1393
f 1395/1395 1396/1396 1222/1222
f 1398/1398 1365/1365 1395/1395
f 1369/1369 1365/1365 1398/1398
f 1222/1222 1399/1399 1395/1395
f 1395/1395 1399/1399 1398/1398
f 1398/1398 1399/1399 1220/1220
f 1220/1220 1399/1399 1222/1222
f 1400/1400 1369/1369 1398/1398
f 1371/1371 1369/1369 1400/1400
f 1220/1220 1401/1401 1398/1398
f 1398/1398 1401/1401 1400/1400
f 1400/1400 1402/1402 1371/1371
f 1371/1371 1402/1402 1373/1373
f 1400/1400 1401/1401 1403/1403
f 1403/1403 1401/1401 1220/1220
f 1404/1404 1402/1402 1400/1400
f 1373/1373 1402/1402 1404/1404
f 1403/1403 1405/1405 1400/1400
f 1400/1400 1405/1405 1404/1404
f 1404/1404 1406/1406 1373/1373
f 1373/1373 1406/1406 644/644
f 644/644 1406/1406 645/645
f 645/645 1406/1406 1404/1404
f 1404/1404 1407/1407 645/645
f 645/645 1407/1407 648/648
f 1404/1404 1405/1405 1408/1408
f 1408/1408 1407/1407 1404/1404
f 648/648 1407/1407 1408/1408
f 1408/1408 1405/1405 1403/1403
f 1408/1408 1409/1409 648/648
f 648/648 1409/1409 650/650
f 1403/1403 1410/1410 1408/1408
f 1411/1411 1409/1409 1408/1408
f 650/650 1409/1409 1411/1411
f 1408/1408 1410/1410 1411/1411
f 1411/1411 1412/1412 650/650
f 650/650 1412/1412 654/654
f 1411/1411 1410/1410 1217/1217
f 1217/1217 1410/1410 1403/1403
f 1413/1413 1412/1412 1411/1411
f 654/654 1412/1412 1413/1413
f 1217/1217 1413/1413 1411/1411
f 1403/1403 1219/1219 1217/1217
f 1220/1220 1219/1219 1403/1403
f 1211/1211 1413/1413 1217/1217
f 1413/1413 1414/1414 654/654
f 654/654 1414/1414 159/159
f 159/159 1414/1414 1415/1415
f 1415/1415 1414/1414 1413/1413
f 1415/1415 158/158 159/159
f 1211/1211 1416/1416 1413/1413
f 1413/1413 1416/1416 1415/1415
f 1417/1417 158/158 1415/1415
f 1415/1415 1416/1416 1205/1205
f 1205/1205 1416/1416 1211/1211
f 1415/1415 1418/1418 1417/1417
f 1205/1205 1418/1418 1415/1415
f 1417/1417 1419/1419 158/158
f 158/158 1419/1419 162/162
f 1417/1417 1418/1418 60/60
f 60/60 1418/1418 1205/1205
f 58/58 1419/1419 1417/1417
f 162/162 1419/1419 58/58
f 60/60 1420/1420 1417/1417
f 1417/1417 1420/1420 58/58
f 58/58 1421/1421 162/162
f 162/162 1421/1421 64/64
f 58/58 1420/1420 56/56
f 56/56 1420/1420 60/60
f 59/59 1421/1421 58/58
f 64/64 1421/1421 59/59
f 854/854 1259/1259 848/848
f 848/848 1259/1259 855/855
f 850/850 1263/1263 854/854
f 855/855 1236/1236 853/853
f 853/853 1236/1236 1422/1422
f 1422/1422 1094/1094 853/853
f 1095/1095 1094/1094 1422/1422
f 1422/1422 1228/1228 1095/1095
f 1234/1234 1422/1422 1236/1236
f 1228/1228 1422/1422 1234/1234
f 1095/1095 1228/1228 1225/1225
f 1225/1225 1423/1423 1095/1095
f 1095/1095 1423/1423 1096/1096
f 1096/1096 1423/1423 1101/1101
f 1101/1101 1423/1423 1225/1225
f 1225/1225 1227/1227 1101/1101
f 1098/1098 1101/1101 1424/1424
f 1101/1101 1227/1227 1229/1229
f 1101/1101 1425/1425 1424/1424
f 1229/1229 1425/1425 1101/1101
f 1424/1424 1426/1426 1098/1098
f 1098/1098 1426/1426 1100/1100
f 1100/1100 1426/1426 1427/1427
f 1427/1427 1426/1426 1424/1424
f 1427/1427 1107/1107 1100/1100
f 1424/1424 1425/1425 1428/1428
f 1428/1428 1425/1425 1229/1229
f 1424/1424 1429/1429 1427/1427
f 1428/1428 1429/1429 1424/1424
f 1430/1430 1107/1107 1427/1427
f 1104/1104 1107/1107 1430/1430
f 1427/1427 1429/1429 1431/1431
f 1431/1431 1429/1429 1428/1428
f 1427/1427 1432/1432 1430/1430
f 1431/1431 1432/1432 1427/1427
f 1430/1430 1108/1108 1104/1104
f 1430/1430 1432/1432 1433/1433
f 1433/1433 1432/1432 1431/1431
f 1434/1434 1108/1108 1430/1430
f 1433/1433 1435/1435 1430/1430
f 1430/1430 1435/1435 1434/1434
f 1108/1108 1434/1434 200/200
f 1434/1434 1435/1435 212/212
f 212/212 1435/1435 1433/1433
f 200/200 1434/1434 198/198
f 212/212 198/198 1434/1434
f 1433/1433 217/217 212/212
f 205/205 198/198 212/212
f 768/768 763/763 1436/1436
f 767/767 765/765 1437/1437
f 1437/1437 1438/1438 767/767
f 1437/1437 765/765 768/768
f 1439/1439 1438/1438 1437/1437
f 1437/1437 1440/1440 1439/1439
f 768/768 1441/1441 1437/1437
f 1439/1439 1440/1440 1442/1442
f 1442/1442 1443/1443 1439/1439
f 1444/1444 1440/1440 1437/1437
f 1437/1437 1441/1441 1444/1444
f 1442/1442 1440/1440 1444/1444
f 1445/1445 1443/1443 1442/1442
f 1446/1446 1441/1441 768/768
f 1444/1444 1441/1441 1446/1446
f 1442/1442 1447/1447 1445/1445
f 1444/1444 1448/1448 1442/1442
f 1447/1447 1449/1449 1445/1445
f 1450/1450 1447/1447 1442/1442
f 1442/1442 1448/1448 1450/1450
f 1451/1451 1448/1448 1444/1444
f 1450/1450 1448/1448 1451/1451
f 1447/1447 1452/1452 1449/1449
f 1449/1449 1452/1452 1453/1453
f 1453/1453 1454/1454 1449/1449
f 1455/1455 1452/1452 1447/1447
f 1447/1447 1450/1450 1455/1455
f 1453/1453 1452/1452 1455/1455
f 1456/1456 1454/1454 1453/1453
f 1455/1455 1450/1450 1457/1457
f 1453/1453 1458/1458 1456/1456
f 1455/1455 1459/1459 1453/1453
f 1456/1456 1458/1458 1460/1460
f 1460/1460 1461/1461 1456/1456
f 1462/1462 1458/1458 1453/1453
f 1453/1453 1459/1459 1462/1462
f 1460/1460 1458/1458 1462/1462
f 1463/1463 1461/1461 1460/1460
f 1464/1464 1459/1459 1455/1455
f 1462/1462 1459/1459 1464/1464
f 1460/1460 1465/1465 1463/1463
f 1462/1462 1466/1466 1460/1460
f 1463/1463 1465/1465 1467/1467
f 1468/1468 1465/1465 1460/1460
f 1460/1460 1466/1466 1468/1468
f 1467/1467 1465/1465 1468/1468
f 1469/1469 1463/1463 1467/1467
f 1470/1470 1466/1466 1462/1462
f 1468/1468 1466/1466 1470/1470
f 1468/1468 1471/1471 1467/1467
f 1469/1469 1467/1467 1472/1472
f 1472/1472 1473/1473 1469/1469
f 713/713 1473/1473 1472/1472
f 1472/1472 1467/1467 1471/1471
f 1472/1472 716/716 713/713
f 700/700 1471/1471 1468/1468
f 1471/1471 1474/1474 1472/1472
f 699/699 716/716 1472/1472
f 1472/1472 1474/1474 699/699
f 709/709 716/716 699/699
f 699/699 701/701 709/709
f 699/699 1474/1474 696/696
f 696/696 1474/1474 1471/1471
f 1471/1471 700/700 696/696
f 700/700 1475/1475 694/694
f 694/694 1475/1475 1324/1324
f 1468/1468 1476/1476 700/700
f 1477/1477 1475/1475 700/700
f 1324/1324 1475/1475 1477/1477
f 700/700 1476/1476 1477/1477
f 1477/1477 1326/1326 1324/1324
f 1470/1470 1476/1476 1468/1468
f 1477/1477 1476/1476 1470/1470
f 1318/1318 1326/1326 1477/1477
f 1470/1470 1478/1478 1477/1477
f 1477/1477 1478/1478 1318/1318
f 1318/1318 1478/1478 1479/1479
f 1479/1479 1478/1478 1470/1470
f 1479/1479 1319/1319 1318/1318
f 1470/1470 1480/1480 1479/1479
f 1462/1462 1480/1480 1470/1470
f 1314/1314 1319/1319 1479/1479
f 1464/1464 1480/1480 1462/1462
f 1479/1479 1480/1480 1464/1464
f 1479/1479 1481/1481 1314/1314
f 1464/1464 1481/1481 1479/1479
f 1314/1314 1481/1481 1482/1482
f 1482/1482 1481/1481 1464/1464
f 1482/1482 1483/1483 1314/1314
f 1314/1314 1483/1483 1309/1309
f 1309/1309 1483/1483 1484/1484
f 1484/1484 1483/1483 1482/1482
f 1484/1484 1312/1312 1309/1309
f 1464/1464 1485/1485 1482/1482
f 1455/1455 1485/1485 1464/1464
f 1457/1457 1485/1485 1455/1455
f 1482/1482 1485/1485 1457/1457
f 1486/1486 1482/1482 1457/1457
f 1484/1484 1482/1482 1486/1486
f 1457/1457 1487/1487 1486/1486
f 1450/1450 1487/1487 1457/1457
f 1451/1451 1487/1487 1450/1450
f 1486/1486 1487/1487 1451/1451
f 1451/1451 1488/1488 1486/1486
f 1486/1486 1489/1489 1484/1484
f 1490/1490 1312/1312 1484/1484
f 1484/1484 1489/1489 1490/1490
f 1301/1301 1312/1312 1490/1490
f 1491/1491 1489/1489 1486/1486
f 1486/1486 1488/1488 1491/1491
f 1490/1490 1489/1489 1491/1491
f 1490/1490 1492/1492 1301/1301
f 1301/1301 1492/1492 1295/1295
f 1295/1295 1492/1492 1296/1296
f 1296/1296 1492/1492 1490/1490
f 1490/1490 1493/1493 1296/1296
f 1491/1491 1493/1493 1490/1490
f 1296/1296 1493/1493 1494/1494
f 1494/1494 1493/1493 1491/1491
f 1494/1494 1287/1287 1296/1296
f 1280/1280 1287/1287 1494/1494
f 1494/1494 1495/1495 1280/1280
f 1280/1280 1495/1495 1277/1277
f 1491/1491 1496/1496 1494/1494
f 1497/1497 1495/1495 1494/1494
f 1494/1494 1496/1496 1497/1497
f 1277/1277 1495/1495 1497/1497
f 1498/1498 1496/1496 1491/1491
f 1497/1497 1496/1496 1498/1498
f 1491/1491 1488/1488 1498/1498
f 1498/1498 1488/1488 1451/1451
f 1451/1451 1499/1499 1498/1498
f 1444/1444 1499/1499 1451/1451
f 1446/1446 1499/1499 1444/1444
f 1498/1498 1499/1499 1446/1446
f 1498/1498 1500/1500 1497/1497
f 1446/1446 1500/1500 1498/1498
f 1497/1497 1500/1500 1501/1501
f 1501/1501 1500/1500 1446/1446
f 1497/1497 1502/1502 1277/1277
f 1501/1501 1502/1502 1497/1497
f 1446/1446 1503/1503 1501/1501
f 768/768 1503/1503 1446/1446
f 1436/1436 1503/1503 768/768
f 1501/1501 1503/1503 1436/1436
f 1278/1278 1277/1277 1502/1502
f 1504/1504 1501/1501 1436/1436
f 1502/1502 1501/1501 1504/1504
f 1502/1502 1505/1505 1278/1278
f 1504/1504 1505/1505 1502/1502
f 1393/1393 1223/1223 1222/1222
f 1223/1223 1506/1506 1224/1224
f 1397/1397 1223/1223 1393/1393
f 1397/1397 1506/1506 1223/1223
f 1224/1224 1507/1507 1212/1212
f 1224/1224 1506/1506 1508/1508
f 1508/1508 1506/1506 1397/1397
f 1508/1508 1507/1507 1224/1224
f 1390/1390 1509/1509 1397/1397
f 1397/1397 1509/1509 1508/1508
f 1510/1510 1509/1509 1390/1390
f 1508/1508 1509/1509 1510/1510
f 1390/1390 1391/1391 1510/1510
f 1212/1212 1507/1507 1511/1511
f 1511/1511 1507/1507 1508/1508
f 1511/1511 1215/1215 1212/1212
f 1510/1510 1512/1512 1508/1508
f 1508/1508 1512/1512 1511/1511
f 1510/1510 1391/1391 995/995
f 995/995 1513/1513 1510/1510
f 1514/1514 1512/1512 1510/1510
f 1510/1510 1513/1513 1514/1514
f 1511/1511 1512/1512 1514/1514
f 1515/1515 1513/1513 995/995
f 1514/1514 1513/1513 1515/1515
f 1516/1516 1215/1215 1511/1511
f 1511/1511 1514/1514 1516/1516
f 1206/1206 1215/1215 1516/1516
f 1516/1516 1209/1209 1206/1206
f 995/995 1517/1517 1515/1515
f 999/999 1517/1517 995/995
f 1518/1518 1517/1517 999/999
f 1515/1515 1517/1517 1518/1518
f 999/999 1387/1387 1518/1518
f 1519/1519 1209/1209 1516/1516
f 1200/1200 1209/1209 1519/1519
f 1519/1519 1203/1203 1200/1200
f 1514/1514 1515/1515 1520/1520
f 1516/1516 1514/1514 1520/1520
f 1520/1520 1515/1515 1521/1521
f 1520/1520 1522/1522 1516/1516
f 1516/1516 1522/1522 1519/1519
f 1523/1523 1522/1522 1520/1520
f 1519/1519 1522/1522 1523/1523
f 1521/1521 1524/1524 1520/1520
f 1520/1520 1524/1524 1523/1523
f 1515/1515 1525/1525 1521/1521
f 1518/1518 1525/1525 1515/1515
f 1526/1526 1524/1524 1521/1521
f 1523/1523 1524/1524 1526/1526
f 1521/1521 1525/1525 1527/1527
f 1527/1527 1525/1525 1518/1518
f 1521/1521 1528/1528 1526/1526
f 1527/1527 1528/1528 1521/1521
f 1523/1523 1529/1529 1519/1519
f 1518/1518 1530/1530 1527/1527
f 1519/1519 1529/1529 1531/1531
f 1531/1531 1203/1203 1519/1519
f 1194/1194 1203/1203 1531/1531
f 1531/1531 1189/1189 1194/1194
f 1187/1187 1189/1189 1531/1531
f 1531/1531 1532/1532 1187/1187
f 1531/1531 1529/1529 1533/1533
f 1533/1533 1532/1532 1531/1531
f 1533/1533 1529/1529 1523/1523
f 1187/1187 1532/1532 1188/1188
f 1188/1188 1532/1532 1533/1533
f 1523/1523 1534/1534 1533/1533
f 1526/1526 1534/1534 1523/1523
f 1533/1533 1535/1535 1188/1188
f 1533/1533 1534/1534 1536/1536
f 1536/1536 1535/1535 1533/1533
f 1536/1536 1534/1534 1526/1526
f 1188/1188 1535/1535 1537/1537
f 1537/1537 1535/1535 1536/1536
f 1537/1537 1193/1193 1188/1188
f 1526/1526 1538/1538 1536/1536
f 1192/1192 1193/1193 1537/1537
f 1539/1539 1538/1538 1526/1526
f 1526/1526 1528/1528 1539/1539
f 1539/1539 1528/1528 1527/1527
f 1536/1536 1540/1540 1537/1537
f 1536/1536 1538/1538 1541/1541
f 1541/1541 1540/1540 1536/1536
f 1541/1541 1538/1538 1539/1539
f 1537/1537 1540/1540 1542/1542
f 1542/1542 1540/1540 1541/1541
f 1537/1537 1543/1543 1192/1192
f 1542/1542 1543/1543 1537/1537
f 1192/1192 1543/1543 1544/1544
f 1544/1544 1543/1543 1542/1542
f 1539/1539 1545/1545 1541/1541
f 1192/1192 1544/1544 1191/1191
f 1541/1541 1546/1546 1542/1542
f 1541/1541 1545/1545 1547/1547
f 1547/1547 1546/1546 1541/1541
f 1548/1548 1545/1545 1539/1539
f 1547/1547 1545/1545 1548/1548
f 1539/1539 1549/1549 1548/1548
f 1527/1527 1549/1549 1539/1539
f 1550/1550 1549/1549 1527/1527
f 1548/1548 1549/1549 1550/1550
f 1527/1527 1530/1530 1550/1550
f 1542/1542 1546/1546 1551/1551
f 1551/1551 1546/1546 1547/1547
f 1548/1548 1552/1552 1547/1547
f 1551/1551 1553/1553 1542/1542
f 1542/1542 1553/1553 1544/1544
f 1547/1547 1554/1554 1551/1551
f 1547/1547 1552/1552 1555/1555
f 1555/1555 1554/1554 1547/1547
f 1548/1548 1556/1556 1552/1552
f 1550/1550 1556/1556 1548/1548
f 1551/1551 1554/1554 1275/1275
f 1275/1275 1554/1554 1555/1555
f 1557/1557 1556/1556 1550/1550
f 1552/1552 1556/1556 1557/1557
f 1552/1552 1558/1558 1555/1555
f 1550/1550 1559/1559 1557/1557
f 1560/1560 1559/1559 1550/1550
f 1550/1550 1530/1530 1560/1560
f 1560/1560 1530/1530 1518/1518
f 1518/1518 1387/1387 1560/1560
f 1560/1560 1387/1387 984/984
f 984/984 1561/1561 1560/1560
f 992/992 1561/1561 984/984
f 1562/1562 1559/1559 1560/1560
f 1560/1560 1561/1561 1562/1562
f 1562/1562 1561/1561 992/992
f 1557/1557 1559/1559 1562/1562
f 992/992 1563/1563 1562/1562
f 989/989 1563/1563 992/992
f 1562/1562 1564/1564 1557/1557
f 1562/1562 1563/1563 1565/1565
f 1565/1565 1563/1563 989/989
f 1565/1565 1564/1564 1562/1562
f 989/989 1566/1566 1565/1565
f 988/988 1566/1566 989/989
f 1567/1567 1564/1564 1565/1565
f 1557/1557 1564/1564 1567/1567
f 1565/1565 1566/1566 1286/1286
f 1286/1286 1566/1566 988/988
f 1565/1565 1568/1568 1567/1567
f 1286/1286 1568/1568 1565/1565
f 1567/1567 1552/1552 1557/1557
f 1569/1569 1552/1552 1567/1567
f 1569/1569 1558/1558 1552/1552
f 1567/1567 1568/1568 1283/1283
f 1283/1283 1568/1568 1286/1286
f 1567/1567 1570/1570 1569/1569
f 1283/1283 1570/1570 1567/1567
f 1571/1571 1558/1558 1569/1569
f 1555/1555 1558/1558 1571/1571
f 1569/1569 1570/1570 1281/1281
f 1281/1281 1570/1570 1283/1283
f 1569/1569 1572/1572 1571/1571
f 1281/1281 1572/1572 1569/1569
f 1571/1571 1275/1275 1555/1555
f 1571/1571 1572/1572 1276/1276
f 1276/1276 1572/1572 1281/1281
f 1273/1273 1275/1275 1571/1571
f 1276/1276 1573/1573 1571/1571
f 1571/1571 1573/1573 1273/1273
f 1281/1281 1279/1279 1276/1276
f 1278/1278 1573/1573 1276/1276
f 1273/1273 1573/1573 1278/1278
f 1278/1278 1505/1505 1574/1574
f 1574/1574 1505/1505 1504/1504
f 1273/1273 1278/1278 1575/1575
f 1575/1575 1278/1278 1574/1574
f 1575/1575 1274/1274 1273/1273
f 1504/1504 1576/1576 1574/1574
f 1574/1574 1576/1576 1575/1575
f 1436/1436 1577/1577 1504/1504
f 1578/1578 1576/1576 1504/1504
f 1504/1504 1577/1577 1578/1578
f 1575/1575 1576/1576 1578/1578
f 1578/1578 1579/1579 1575/1575
f 764/764 1436/1436 763/763
f 1577/1577 1436/1436 764/764
f 1575/1575 1579/1579 1274/1274
f 764/764 1580/1580 1577/1577
f 1274/1274 1581/1581 1275/1275
f 1275/1275 1581/1581 1551/1551
f 1551/1551 1581/1581 1582/1582
f 1582/1582 1581/1581 1274/1274
f 1582/1582 1553/1553 1551/1551
f 1544/1544 1553/1553 1582/1582
f 1274/1274 1583/1583 1582/1582
f 1582/1582 1584/1584 1544/1544
f 1579/1579 1583/1583 1274/1274
f 1582/1582 1583/1583 1585/1585
f 1585/1585 1584/1584 1582/1582
f 1585/1585 1583/1583 1579/1579
f 1544/1544 1584/1584 1586/1586
f 1586/1586 1584/1584 1585/1585
f 1191/1191 1544/1544 1586/1586
f 1578/1578 1587/1587 1579/1579
f 1577/1577 1587/1587 1578/1578
f 1579/1579 1588/1588 1585/1585
f 1589/1589 1587/1587 1577/1577
f 1579/1579 1587/1587 1589/1589
f 1589/1589 1588/1588 1579/1579
f 1577/1577 1580/1580 1589/1589
f 1585/1585 1588/1588 1590/1590
f 1590/1590 1588/1588 1589/1589
f 1585/1585 1591/1591 1586/1586
f 1590/1590 1591/1591 1585/1585
f 1586/1586 1591/1591 1592/1592
f 1592/1592 1591/1591 1590/1590
f 1191/1191 1586/1586 1593/1593
f 1593/1593 1586/1586 1592/1592
f 1593/1593 1182/1182 1191/1191
f 1592/1592 1594/1594 1593/1593
f 1593/1593 1595/1595 1182/1182
f 1590/1590 1596/1596 1592/1592
f 1593/1593 1594/1594 1066/1066
f 1066/1066 1595/1595 1593/1593
f 1065/1065 1594/1594 1592/1592
f 1592/1592 1596/1596 1065/1065
f 1066/1066 1594/1594 1065/1065
f 1182/1182 1595/1595 477/477
f 477/477 1595/1595 1066/1066
f 477/477 478/478 1182/1182
f 1597/1597 1596/1596 1590/1590
f 1065/1065 1596/1596 1597/1597
f 1589/1589 1597/1597 1590/1590
f 1598/1598 1597/1597 1589/1589
f 1589/1589 1580/1580 1598/1598
f 1598/1598 1580/1580 764/764
f 764/764 1599/1599 1598/1598
f 758/758 1599/1599 764/764
f 760/760 1599/1599 758/758
f 1598/1598 1599/1599 760/760
f 1598/1598 1600/1600 1597/1597
f 760/760 1600/1600 1598/1598
f 1597/1597 1600/1600 1062/1062
f 1062/1062 1600/1600 760/760
f 1597/1597 1063/1063 1065/1065
f 1062/1062 1063/1063 1597/1597
f 760/760 1601/1601 1062/1062
f 751/751 1601/1601 760/760
f 753/753 1601/1601 751/751
f 1062/1062 1601/1601 753/753
f 1602/1602 257/257 254/254
f 256/256 257/257 1602/1602
f 254/254 1603/1603 1602/1602
f 1602/1602 1603/1603 1604/1604
f 1602/1602 273/273 256/256
f 275/275 253/253 256/256
f 1604/1604 1605/1605 1602/1602
f 271/271 273/273 1602/1602
f 1602/1602 1605/1605 271/271
f 1606/1606 1605/1605 1604/1604
f 271/271 1605/1605 1606/1606
f 1604/1604 1607/1607 1606/1606
f 1606/1606 1607/1607 1608/1608
f 1608/1608 1609/1609 1606/1606
f 1606/1606 1609/1609 1610/1610
f 1609/1609 1608/1608 1611/1611
f 1610/1610 1612/1612 1606/1606
f 1606/1606 1612/1612 271/271
f 1611/1611 1613/1613 1609/1609
f 271/271 1612/1612 270/270
f 270/270 1612/1612 1610/1610
f 1609/1609 1053/1053 1610/1610
f 1614/1614 1613/1613 1611/1611
f 1611/1611 1615/1615 1614/1614
f 1609/1609 1613/1613 1053/1053
f 1053/1053 1613/1613 1614/1614
f 1614/1614 1615/1615 1616/1616
f 1616/1616 1617/1617 1614/1614
f 1610/1610 1053/1053 1055/1055
f 1614/1614 1052/1052 1053/1053
f 1610/1610 1055/1055 270/270
f 1618/1618 1617/1617 1616/1616
f 1616/1616 1619/1619 1618/1618
f 1614/1614 1617/1617 1049/1049
f 1049/1049 1052/1052 1614/1614
f 1049/1049 1617/1617 1618/1618
f 1618/1618 1619/1619 1620/1620
f 1620/1620 1621/1621 1618/1618
f 1622/1622 1621/1621 1620/1620
f 1618/1618 1621/1621 1623/1623
f 1623/1623 1621/1621 1622/1622
f 1622/1622 1620/1620 1624/1624
f 1623/1623 1625/1625 1618/1618
f 1618/1618 1625/1625 1049/1049
f 1049/1049 1625/1625 1046/1046
f 1046/1046 1625/1625 1623/1623
f 1626/1626 1622/1622 1624/1624
f 1624/1624 1627/1627 1626/1626
f 1247/1247 1623/1623 1622/1622
f 1247/1247 1622/1622 1626/1626
f 1626/1626 1627/1627 1628/1628
f 1628/1628 1629/1629 1626/1626
f 1047/1047 1623/1623 1247/1247
f 1626/1626 1246/1246 1247/1247
f 1623/1623 1047/1047 1046/1046
f 1630/1630 1629/1629 1628/1628
f 1628/1628 1631/1631 1630/1630
f 1626/1626 1629/1629 1244/1244
f 1244/1244 1246/1246 1626/1626
f 1244/1244 1629/1629 1630/1630
f 1630/1630 1631/1631 1632/1632
f 1632/1632 1633/1633 1630/1630
f 1634/1634 1633/1633 1632/1632
f 1630/1630 1633/1633 1635/1635
f 1635/1635 1633/1633 1634/1634
f 1635/1635 1636/1636 1630/1630
f 1630/1630 1636/1636 1244/1244
f 1244/1244 1636/1636 1237/1237
f 1237/1237 1636/1636 1635/1635
f 1632/1632 1637/1637 1634/1634
f 1634/1634 1637/1637 1638/1638
f 1635/1635 1238/1238 1237/1237
f 1639/1639 1634/1634 1638/1638
f 1638/1638 1640/1640 1639/1639
f 1639/1639 1640/1640 218/218
f 1641/1641 1634/1634 1639/1639
f 218/218 1642/1642 1639/1639
f 213/213 1642/1642 218/218
f 1643/1643 1642/1642 213/213
f 1639/1639 1642/1642 1643/1643
f 213/213 217/217 1643/1643
f 1643/1643 217/217 1433/1433
f 1643/1643 1644/1644 1639/1639
f 1639/1639 1644/1644 1641/1641
f 1433/1433 1645/1645 1643/1643
f 1431/1431 1645/1645 1433/1433
f 1646/1646 1644/1644 1643/1643
f 1643/1643 1645/1645 1646/1646
f 1646/1646 1645/1645 1431/1431
f 1641/1641 1644/1644 1646/1646
f 1431/1431 1647/1647 1646/1646
f 1428/1428 1647/1647 1431/1431
f 1646/1646 1648/1648 1641/1641
f 1646/1646 1647/1647 1649/1649
f 1649/1649 1647/1647 1428/1428
f 1649/1649 1648/1648 1646/1646
f 1428/1428 1650/1650 1649/1649
f 1229/1229 1650/1650 1428/1428
f 1238/1238 1648/1648 1649/1649
f 1641/1641 1648/1648 1238/1238
f 1649/1649 1650/1650 1233/1233
f 1233/1233 1650/1650 1229/1229
f 1649/1649 1239/1239 1238/1238
f 1233/1233 1239/1239 1649/1649
f 1238/1238 1635/1635 1641/1641
f 1641/1641 1635/1635 1634/1634
