v -0.319742858 0.262207717 0.0262257103
v -0.320516139 0.261797428 0.026936369
v -0.320516139 0.262878507 0.0280174538
v -0.319742858 0.263589174 0.027607156
v -0.324954093 0.229454339 0.836963475
v -0.3271541 0.22662276 0.836617529
v -0.324954093 0.228438675 0.838817477
v -0.319742858 0.260320634 0.0257200636
v -0.320516139 0.260320634 0.0265406631
v -0.320516139 0.261797428 0.026936369
v -0.319742858 0.262207717 0.0262257103
v -0.319742858 0.263589174 0.027607156
v -0.320516139 0.262878507 0.0280174538
v -0.320516139 0.263274223 0.0294942465
v -0.319742858 0.2640948 0.0294942465
v -0.324954093 0.228438675 0.838817477
v -0.3271541 0.22662276 0.836617529
v -0.32715416 -0.260050565 0.836617529
v -0.324954182 -0.26186648 0.838817477
v -0.309668541 -0.205537245 0.0315071084
v -0.312336266 -0.203527451 0.0332614034
v -0.309668541 -0.201773182 0.0312516354
v -0.324954182 -0.26186648 0.838817477
v -0.32715416 -0.260050565 0.836617529
v -0.324954182 -0.262882143 0.836963475
v -0.312336266 -0.203527451 0.0332614034
v -0.309668541 -0.205537245 0.0315071084
v -0.309668541 -0.227049157 0.0561519824
v -0.312336266 -0.225039363 0.0579062775
v 0.319743335 0.262207687 0.0262257848
v 0.319743335 0.263589144 0.0276072286
v 0.320516586 0.262878478 0.0280175284
v 0.320516586 0.261797398 0.0269364435
v -0.267809123 -0.221524104 0.0620441027
v -0.267837167 0.234798595 0.0619994886
v -0.267538011 0.234798715 0.0617002845
v -0.267538011 0.279480189 0.0617002919
v -0.267538011 0.234798715 0.0617002845
v -0.267837167 0.234798595 0.0619994886
v -0.267837167 0.234798595 0.0619994886
v -0.267837226 0.279480189 0.0619994998
v -0.267538011 0.279480189 0.0617002919
v -0.319742858 0.258433551 0.0262257084
v -0.320516139 0.258843839 0.0269363672
v -0.320516139 0.260320634 0.0265406631
v -0.319742858 0.260320634 0.0257200636
v -0.321996659 0.0240219235 0.665901601
v -0.322686493 0.0246911105 0.66480124
v -0.323008835 0.0235009901 0.66480124
v -0.323008835 0.0235009901 0.66480124
v -0.322300643 0.0228512548 0.665901601
v -0.321996659 0.0240219235 0.665901601
v -0.267538011 0.234798715 0.0617002845
v -0.26751563 -0.221726909 0.0618784763
v -0.267809123 -0.221524104 0.0620441027
v -0.322300643 0.0228512548 0.665901601
v -0.323008835 0.0235009901 0.66480124
v -0.323008835 -0.0289130826 0.66480124
v -0.322300643 -0.0282633472 0.665901601
v 0.298430324 -0.323274404 0.828435063
v 0.298288435 -0.323874414 0.827847779
v 0.301652521 -0.323874414 0.826600552
v 0.301925689 -0.323274404 0.827139199
v 0.301925689 -0.323274404 0.827139199
v 0.301652521 -0.323874414 0.826600552
v 0.304603279 -0.323874414 0.824651718
v 0.304990381 -0.323274404 0.825115085
v -0.322232842 0.0244283937 0.660710692
v -0.322686493 0.0246911254 0.660210669
v -0.323008835 0.0235010013 0.660210669
v 0.319743335 0.260320604 0.0257201381
v 0.319743335 0.262207687 0.0262257848
v 0.320516586 0.261797398 0.0269364435
v 0.320516586 0.260320604 0.0265407376
v -0.323008835 0.0235010013 0.660210669
v -0.322489172 0.0234318729 0.660710692
v -0.322232842 0.0244283937 0.660710692
v -0.27435407 0.228438661 0.838817537
v -0.2743541 0.229454324 0.836963475
v -0.324954093 0.229454339 0.836963475
v -0.324954093 0.228438675 0.838817477
v 0.320223927 0.228408009 0.838817596
v 0.320223898 0.229423672 0.836963594
v 0.269623905 0.229423687 0.836963594
v 0.269623905 0.228408024 0.838817596
v -0.26731497 0.267048299 0.0127750197
v -0.26731497 0.27044183 0.0139892623
v -0.265386373 0.27044183 0.0139892623
v -0.265386373 0.273436368 0.0158941634
v -0.265386373 0.267048299 0.0127750207
v -0.26731497 0.273436368 0.0158941615
v -0.26731497 0.26335302 0.0123486677
v -0.265386373 0.275934696 0.0183924921
v -0.265386373 0.26335302 0.0123486686
v -0.26731497 0.275934696 0.0183924921
v -0.26731497 0.234798953 0.0142772738
v -0.265386373 0.277839661 0.0213870369
v -0.265386373 0.234798953 0.0123486705
v -0.26731497 0.277839661 0.0213870369
v -0.321315855 0.23478891 0.0142772673
v -0.265386373 0.279053867 0.0247805659
v -0.323244452 0.23478891 0.012348664
v -0.26731497 0.279053867 0.0247805659
v -0.321315855 0.26335302 0.0123486612
v -0.265386373 0.279480189 0.0284758508
v -0.323244452 0.26335302 0.0123486612
v -0.26731497 0.279480189 0.028475849
v -0.321315855 0.267048299 0.0127750132
v -0.265386373 0.279480189 0.0607760884
v -0.323244452 0.267048299 0.0127750132
v -0.26731497 0.279480189 0.0605851151
v -0.321315855 0.2704418 0.0139892558
v -0.265761375 0.279480189 0.0626511201
v -0.323244452 0.2704418 0.0139892558
v -0.267538011 0.279480189 0.0617002919
v -0.321315855 0.273436368 0.0158941559
v -0.266886383 0.279480189 0.0637761354
v -0.323244452 0.273436368 0.0158941559
v -0.267837226 0.279480189 0.0619994998
v -0.321315855 0.275934696 0.0183924865
v -0.268761426 0.279480189 0.0641511455
v -0.323244452 0.275934696 0.0183924865
v -0.268952399 0.279480189 0.0622225404
v -0.321315855 0.277839661 0.0213870276
v -0.319869399 0.279480219 0.0641511381
v -0.323244452 0.277839661 0.0213870276
v -0.319678426 0.279480219 0.0622225292
v -0.321315855 0.279053867 0.0247805584
v -0.321744442 0.279480219 0.063776128
v -0.323244452 0.279053867 0.0247805566
v -0.320793599 0.279480219 0.0619994961
v -0.321315855 0.279480219 0.0284758415
v -0.32286945 0.279480219 0.0626511127
v -0.323244452 0.279480219 0.0284758396
v -0.321092814 0.279480219 0.0617002845
v -0.321315855 0.279480219 0.0605851077
v -0.323244452 0.279480219 0.0607760809
v 0.267315865 0.267048299 0.0127750821
v 0.265387267 0.267048299 0.0127750812
v 0.265387267 0.2704418 0.0139893238
v 0.267315865 0.26335302 0.012348732
v 0.267315865 0.2704418 0.0139893238
v 0.265387267 0.26335302 0.012348732
v 0.265387267 0.273436368 0.0158942267
v 0.267315865 0.234798953 0.0142773381
v 0.267315865 0.273436368 0.0158942267
v 0.265387297 0.234798953 0.012348732
v 0.265387267 0.275934666 0.0183925554
v 0.321316779 0.23478891 0.0142773446
v 0.267315865 0.275934666 0.0183925554
v 0.323245376 0.23478891 0.0123487413
v 0.265387267 0.277839631 0.0213870984
v 0.321316779 0.26335302 0.0123487366
v 0.267315865 0.277839631 0.0213870984
v 0.323245347 0.26335302 0.0123487366
v 0.265387267 0.279053837 0.0247806273
v 0.321316779 0.267048299 0.0127750887
v 0.267315865 0.279053837 0.0247806273
v 0.323245347 0.267048299 0.0127750887
v 0.265387267 0.279480189 0.0284759104
v 0.321316779 0.2704418 0.0139893331
v 0.267315865 0.279480189 0.0284759123
v 0.323245347 0.2704418 0.0139893331
v 0.265387267 0.279480189 0.060776148
v 0.321316779 0.273436368 0.0158942305
v 0.267315865 0.279480189 0.0605851747
v 0.323245347 0.273436368 0.0158942305
v 0.265762299 0.279480189 0.0626511797
v 0.321316779 0.275934666 0.018392561
v 0.267538935 0.279480189 0.0617003515
v 0.323245347 0.275934666 0.0183925629
v 0.266887277 0.279480189 0.063776195
v 0.321316779 0.277839661 0.0213871039
v 0.26783815 0.279480189 0.0619995631
v 0.323245347 0.277839661 0.0213871058
v 0.26876235 0.279480189 0.0641512051
v 0.321316779 0.279053837 0.0247806348
v 0.268953294 0.279480189 0.0622226
v 0.323245347 0.279053837 0.0247806348
v 0.319870323 0.279480189 0.0641512051
v 0.321316779 0.279480189 0.0284759179
v 0.31967935 0.279480189 0.0622226037
v 0.323245347 0.279480189 0.0284759179
v 0.321745366 0.279480189 0.0637762025
v 0.321316779 0.279480189 0.0605851822
v 0.320794553 0.279480189 0.0619995706
v 0.323245347 0.279480189 0.0607761554
v 0.322870404 0.279480189 0.0626511872
v 0.321093708 0.279480189 0.0617003627
v -0.319742858 0.2640948 0.0294942465
v -0.320516139 0.263274223 0.0294942465
v -0.320516139 0.262878507 0.0309710354
v -0.319742858 0.263589174 0.0313813351
v -0.322489172 0.0234318729 0.660710692
v -0.323008835 0.0235010013 0.660210669
v -0.323008835 -0.0289130714 0.660210669
v -0.322489172 -0.0288439412 0.660710692
v 0.294614881 -0.323274404 0.828891695
v 0.294614881 -0.323874414 0.828287423
v 0.298288435 -0.323874414 0.827847779
v 0.298430324 -0.323274404 0.828435063
v 0.322423905 0.226592109 0.836617589
v 0.320223898 0.229423672 0.836963594
v 0.320223927 0.228408009 0.838817596
v -0.322686493 -0.030103201 0.66480124
v -0.321996659 -0.0294340122 0.665901601
v -0.322300643 -0.0282633472 0.665901601
v 0.304990381 -0.323274404 0.825115085
v 0.304603279 -0.323874414 0.824651718
v 0.307033032 -0.323874414 0.822108626
v 0.307513893 -0.323274404 0.822473824
v -0.322300643 -0.0282633472 0.665901601
v -0.323008835 -0.0289130826 0.66480124
v -0.322686493 -0.030103201 0.66480124
v 0.319743335 0.263589144 0.0276072286
v 0.319743335 0.2640948 0.029494321
v 0.320516586 0.263274193 0.029494321
v 0.320516586 0.263274193 0.029494321
v 0.320516586 0.262878478 0.0280175284
v 0.319743335 0.263589144 0.0276072286
v -0.322686493 -0.030103188 0.660210669
v -0.322232842 -0.02984046 0.660710692
v -0.322489172 -0.0288439412 0.660710692
v -0.322489172 -0.0288439412 0.660710692
v -0.323008835 -0.0289130714 0.660210669
v -0.322686493 -0.030103188 0.660210669
v -0.312336236 -0.0038778747 0.207530633
v -0.309668511 -0.00212359475 0.205520868
v -0.309668541 -0.201773182 0.0312516354
v -0.312336266 -0.203527451 0.0332614034
v -0.321170747 0.0248478074 0.665901601
v -0.321839929 0.0255376752 0.66480124
v -0.322686493 0.0246911105 0.66480124
v -0.321996659 0.0240219235 0.665901601
v 0.320223838 -0.26186648 0.838817596
v 0.322423816 -0.260050565 0.836617589
v 0.322423905 0.226592109 0.836617589
v 0.320223927 0.228408009 0.838817596
v 0.309667766 -0.205537245 0.0315071084
v 0.309667766 -0.201773196 0.031251628
v 0.312335491 -0.203527451 0.0332614109
v -0.321577191 0.0250840466 0.660710692
v -0.321839929 0.0255376827 0.660210669
v -0.322686493 0.0246911254 0.660210669
v -0.322232842 0.0244283937 0.660710692
v 0.290799439 -0.323274404 0.828435063
v 0.290941358 -0.323874414 0.827847779
v 0.294614881 -0.323874414 0.828287423
v 0.294614881 -0.323274404 0.828891695
v -0.26751563 -0.221726909 0.0618784763
v -0.267538011 0.234798715 0.0617002845
v -0.26731497 0.234798893 0.0605851561
v -0.26731497 0.279480189 0.0605851151
v -0.26731497 0.234798893 0.0605851561
v -0.267538011 0.234798715 0.0617002845
v -0.267538011 0.279480189 0.0617002919
v -0.316666454 0.018851243 0.66590482
v -0.316920072 0.0179148 0.66590482
v -0.316920072 0.0179147962 0.828361452
v -0.316666454 0.0188512355 0.828361452
v 0.307513893 -0.323274404 0.822473824
v 0.307033032 -0.323874414 0.822108626
v 0.308834076 -0.323874414 0.819080114
v 0.309385687 -0.323274404 0.81932646
v -0.32715416 -0.230084643 0.789707541
v -0.32715416 -0.260050565 0.836617529
v -0.3271541 0.22662276 0.836617529
v -0.32715407 0.196656883 0.789707541
v -0.32715407 0.194386229 0.787202001
v -0.32715407 0.191628247 0.785691142
v -0.32715407 0.188294396 0.785126388
v -0.32715416 -0.221722171 0.785126388
v -0.32715416 -0.225056008 0.785691142
v -0.32715416 -0.227814019 0.787202001
v -0.323244452 0.275934696 0.0183924865
v -0.323244452 0.273436368 0.0158941559
v -0.323244452 0.2704418 0.0139892558
v -0.323244452 0.279053867 0.0247805566
v -0.323244452 0.277839661 0.0213870276
v -0.323244452 0.23478891 0.012348664
v -0.323244452 0.267048299 0.0127750132
v -0.323244452 0.26335302 0.0123486612
v -0.323244452 0.279480219 0.0607760809
v -0.323244452 0.279480219 0.0284758396
v -0.323244452 0.23478891 0.0607760809
v -0.323244542 -0.224576354 0.0614312887
v -0.323244542 -0.278316617 0.0123486593
v -0.323008835 -0.0289130565 0.056632001
v -0.323008835 -0.0289130714 0.660210669
v -0.323008835 0.0235010013 0.660210669
v -0.323008835 0.0235010143 0.056632001
v -0.323008835 -0.0289130826 0.66480124
v -0.323008835 0.0235009901 0.66480124
v -0.323008835 0.0235009976 0.661210716
v -0.323008835 -0.0289130714 0.661210716
v -0.320516139 0.25776276 0.0309710354
v -0.320516139 0.258843839 0.0320521221
v -0.320516139 0.260320634 0.0324478261
v -0.320516139 0.25776276 0.028017452
v -0.320516139 0.257367045 0.0294942446
v -0.320516139 0.261797428 0.0320521221
v -0.320516139 0.262878507 0.0309710354
v -0.320516139 0.262878507 0.0280174538
v -0.320516139 0.263274223 0.0294942465
v -0.320516139 0.260320634 0.0265406631
v -0.320516139 0.258843839 0.0269363672
v -0.320516139 0.261797428 0.026936369
v -0.268858999 -0.221356973 0.0622225441
v -0.268952399 0.234798372 0.0622225404
v -0.267837167 0.234798595 0.0619994886
v -0.267837226 0.279480189 0.0619994998
v -0.268952399 0.279480189 0.0622225404
v -0.316920072 0.0179148 0.66590482
v -0.316920072 -0.0233268961 0.66590482
v -0.316920072 -0.023326898 0.828361452
v -0.316920072 0.0179147962 0.828361452
v -0.301668227 -0.259364277 0.000169563005
v -0.287395835 -0.259364277 0.000169563005
v -0.294532031 -0.260783762 0.000169563005
v -0.281346053 -0.25532195 0.000169563005
v -0.277303725 -0.249272168 0.000169563005
v -0.307718039 -0.25532195 0.000169563005
v -0.275884241 -0.242135957 0.000169563005
v -0.311760366 -0.249272153 0.000169563005
v -0.277303725 -0.234999746 0.000169563005
v -0.313179851 -0.242135942 0.000169563005
v -0.281346053 -0.228949964 0.000169563005
v -0.311760366 -0.234999746 0.000169563005
v -0.287395835 -0.224907622 0.000169563005
v -0.307718039 -0.228949949 0.000169563005
v -0.294532031 -0.223488152 0.000169563005
v -0.301668227 -0.224907622 0.000169563005
v 0.287395537 -0.259364277 0.000169563005
v 0.301667958 -0.259364277 0.000169563005
v 0.294531763 -0.260783732 0.000169563005
v 0.307717741 -0.25532192 0.000169563005
v 0.281345755 -0.25532195 0.000169563005
v 0.277303427 -0.249272168 0.000169563005
v 0.311760068 -0.249272153 0.000169563005
v 0.275883943 -0.242135957 0.000169563005
v 0.313179553 -0.242135942 0.000169563005
v 0.277303427 -0.234999731 0.000169563005
v 0.311760068 -0.234999731 0.000169563005
v 0.281345755 -0.228949949 0.000169563005
v 0.307717711 -0.228949934 0.000169563005
v 0.287395537 -0.224907637 0.000169563005
v 0.301667958 -0.224907592 0.000169563005
v 0.294531763 -0.223488122 0.000169563005
v -0.301668167 0.181348726 0.000169563005
v -0.287395775 0.181348726 0.000169563005
v -0.294531971 0.179929242 0.000169563005
v -0.281345993 0.185391054 0.000169563005
v -0.277303636 0.191440836 0.000169563005
v -0.307717949 0.185391054 0.000169563005
v -0.275884151 0.198577046 0.000169563005
v -0.311760306 0.191440836 0.000169563005
v -0.277303636 0.205713257 0.000169563005
v -0.313179761 0.198577046 0.000169563005
v -0.281345963 0.211763039 0.000169563005
v -0.311760306 0.205713257 0.000169563005
v -0.287395746 0.215805367 0.000169563005
v -0.307717949 0.211763039 0.000169563005
v -0.294531971 0.217224851 0.000169563005
v -0.301668167 0.215805382 0.000169563005
v 0.287395597 0.181348711 0.000169563005
v 0.301667988 0.181348726 0.000169563005
v 0.294531792 0.179929256 0.000169563005
v 0.3077178 0.185391068 0.000169563005
v 0.281345785 0.185391054 0.000169563005
v 0.277303487 0.191440836 0.000169563005
v 0.311760157 0.19144085 0.000169563005
v 0.275883973 0.198577046 0.000169563005
v 0.313179582 0.198577061 0.000169563005
v 0.277303427 0.205713257 0.000169563005
v 0.311760098 0.205713272 0.000169563005
v 0.281345785 0.211763039 0.000169563005
v 0.3077178 0.211763054 0.000169563005
v 0.287395597 0.215805367 0.000169563005
v 0.301667988 0.215805396 0.000169563005
v 0.294531792 0.217224866 0.000169563005
v -0.313537925 -0.0646887049 0.172093704
v -0.313537925 -0.0673789978 0.174784005
v -0.313537925 -0.061013706 0.171108991
v -0.313537925 -0.0683637112 0.178459004
v -0.313537925 -0.0673789978 0.182134002
v -0.313537925 -0.0646887049 0.184824288
v -0.313537925 -0.061013706 0.185809001
v -0.313537925 -0.0573387071 0.184824288
v -0.313537925 -0.0546484217 0.182134002
v -0.313537925 -0.0536637083 0.178459004
v -0.313537925 -0.0546484217 0.174784005
v -0.313537925 -0.0573387109 0.172093704
v -0.313537925 -0.154928997 0.0928213075
v -0.313537925 -0.157619298 0.0955115929
v -0.313537925 -0.151253998 0.091836594
v -0.313537925 -0.158604011 0.0991865918
v -0.313537925 -0.157619298 0.102861591
v -0.313537925 -0.154929012 0.105551884
v -0.313537925 -0.151253998 0.106536597
v -0.313537925 -0.147578999 0.105551876
v -0.313537925 -0.144888714 0.102861591
v -0.313537925 -0.143904001 0.0991865918
v -0.313537925 -0.144888714 0.0955115929
v -0.313537925 -0.147578999 0.0928213075
v -0.294532031 -0.263976246 0.00336206402
v -0.294532031 -0.260783762 0.000169563005
v -0.287395835 -0.259364277 0.000169563005
v -0.302889943 -0.262313753 0.00336206402
v -0.286174119 -0.262313753 0.00336206402
v -0.301668227 -0.259364277 0.000169563005
v -0.281346053 -0.25532195 0.000169563005
v -0.309975475 -0.257579386 0.00336206402
v -0.279088616 -0.257579386 0.00336206402
v -0.307718039 -0.25532195 0.000169563005
v -0.277303725 -0.249272168 0.000169563005
v -0.314709842 -0.250493884 0.00336206402
v -0.274354219 -0.250493884 0.00336206402
v -0.311760366 -0.249272153 0.000169563005
v -0.275884241 -0.242135957 0.000169563005
v -0.316372335 -0.242135942 0.00336206402
v -0.272691727 -0.242135957 0.00336206402
v -0.313179851 -0.242135942 0.000169563005
v -0.277303725 -0.234999746 0.000169563005
v -0.314709842 -0.233778015 0.00336206402
v -0.274354219 -0.23377803 0.00336206402
v -0.311760366 -0.234999746 0.000169563005
v -0.281346053 -0.228949964 0.000169563005
v -0.309975475 -0.226692513 0.00336206402
v -0.279088616 -0.226692528 0.00336206402
v -0.307718039 -0.228949949 0.000169563005
v -0.287395835 -0.224907622 0.000169563005
v -0.302889943 -0.221958131 0.00336206402
v -0.286174119 -0.221958145 0.00336206402
v -0.301668227 -0.224907622 0.000169563005
v -0.294532031 -0.223488152 0.000169563005
v -0.294532031 -0.220295638 0.00336206402
v 0.294531763 -0.260783732 0.000169563005
v 0.294531763 -0.263976246 0.00336206402
v 0.287395537 -0.259364277 0.000169563005
v 0.28617382 -0.262313783 0.00336206402
v 0.302889675 -0.262313753 0.00336206402
v 0.281345755 -0.25532195 0.000169563005
v 0.301667958 -0.259364277 0.000169563005
v 0.279088348 -0.257579386 0.00336206402
v 0.309975177 -0.257579386 0.00336206402
v 0.277303427 -0.249272168 0.000169563005
v 0.307717741 -0.25532192 0.000169563005
v 0.274353951 -0.250493884 0.00336206402
v 0.314709574 -0.250493854 0.00336206402
v 0.275883943 -0.242135957 0.000169563005
v 0.311760068 -0.249272153 0.000169563005
v 0.272691458 -0.242135942 0.00336206402
v 0.316372037 -0.242135942 0.00336206402
v 0.277303427 -0.234999731 0.000169563005
v 0.313179553 -0.242135942 0.000169563005
v 0.274353921 -0.23377803 0.00336206402
v 0.314709574 -0.233778015 0.00336206402
v 0.281345755 -0.228949949 0.000169563005
v 0.311760068 -0.234999731 0.000169563005
v 0.279088348 -0.226692528 0.00336206402
v 0.309975177 -0.226692498 0.00336206402
v 0.287395537 -0.224907637 0.000169563005
v 0.307717711 -0.228949934 0.000169563005
v 0.28617385 -0.221958145 0.00336206402
v 0.302889675 -0.221958116 0.00336206402
v 0.294531763 -0.223488122 0.000169563005
v 0.301667958 -0.224907592 0.000169563005
v 0.294531763 -0.220295623 0.00336206402
v -0.294531971 0.176736742 0.00336206402
v -0.294531971 0.179929242 0.000169563005
v -0.287395775 0.181348726 0.000169563005
v -0.302889884 0.178399235 0.00336206402
v -0.286174059 0.178399235 0.00336206402
v -0.301668167 0.181348726 0.000169563005
v -0.281345993 0.185391054 0.000169563005
v -0.309975386 0.183133617 0.00336206402
v -0.279088527 0.183133617 0.00336206402
v -0.307717949 0.185391054 0.000169563005
v -0.277303636 0.191440836 0.000169563005
v -0.314709783 0.190219119 0.00336206402
v -0.27435416 0.190219119 0.00336206402
v -0.311760306 0.191440836 0.000169563005
v -0.275884151 0.198577046 0.000169563005
v -0.316372275 0.198577046 0.00336206402
v -0.272691667 0.198577046 0.00336206402
v -0.313179761 0.198577046 0.000169563005
v -0.277303636 0.205713257 0.000169563005
v -0.314709783 0.206934974 0.00336206402
v -0.27435416 0.206934974 0.00336206402
v -0.311760306 0.205713257 0.000169563005
v -0.281345963 0.211763039 0.000169563005
v -0.309975386 0.214020491 0.00336206402
v -0.279088527 0.214020476 0.00336206402
v -0.307717949 0.211763039 0.000169563005
v -0.287395746 0.215805367 0.000169563005
v -0.302889884 0.218754858 0.00336206402
v -0.286174029 0.218754858 0.00336206402
v -0.301668167 0.215805382 0.000169563005
v -0.294531971 0.217224851 0.000169563005
v -0.294531971 0.220417351 0.00336206402
v 0.294531792 0.179929256 0.000169563005
v 0.294531792 0.176736757 0.00336206402
v 0.287395597 0.181348711 0.000169563005
v 0.28617385 0.17839922 0.00336206402
v 0.302889705 0.17839925 0.00336206402
v 0.281345785 0.185391054 0.000169563005
v 0.301667988 0.181348726 0.000169563005
v 0.279088378 0.183133617 0.00336206402
v 0.309975207 0.183133617 0.00336206402
v 0.277303487 0.191440836 0.000169563005
v 0.3077178 0.185391068 0.000169563005
v 0.274353981 0.190219119 0.00336206402
v 0.314709604 0.190219134 0.00336206402
v 0.275883973 0.198577046 0.000169563005
v 0.311760157 0.19144085 0.000169563005
v 0.272691458 0.198577046 0.00336206402
v 0.316372126 0.198577061 0.00336206402
v 0.277303427 0.205713257 0.000169563005
v 0.313179582 0.198577061 0.000169563005
v 0.274353981 0.206934974 0.00336206402
v 0.314709604 0.206934988 0.00336206402
v 0.281345785 0.211763039 0.000169563005
v 0.311760098 0.205713272 0.000169563005
v 0.279088348 0.214020476 0.00336206402
v 0.309975207 0.214020506 0.00336206402
v 0.287395597 0.215805367 0.000169563005
v 0.3077178 0.211763054 0.000169563005
v 0.28617388 0.218754858 0.00336206402
v 0.302889675 0.218754888 0.00336206402
v 0.294531792 0.217224866 0.000169563005
v 0.301667988 0.215805396 0.000169563005
v 0.294531792 0.220417365 0.00336206402
v -0.312336266 -0.203527451 0.0332614034
v -0.312336266 -0.225039363 0.0579062775
v -0.312336236 -0.0253897831 0.232175514
v -0.312336236 -0.0038778747 0.207530633
v -0.324954093 0.228438675 0.838817477
v -0.324954182 -0.26186648 0.838817477
v -0.27435416 -0.26186648 0.838817537
v -0.27435407 0.228438661 0.838817537
v 0.269623905 0.228408024 0.838817596
v 0.269623816 -0.26186645 0.838817596
v 0.320223838 -0.26186648 0.838817596
v 0.320223927 0.228408009 0.838817596
v -0.267837167 0.234798595 0.0619994886
v -0.267809123 -0.221524104 0.0620441027
v -0.268858999 -0.221356973 0.0622225441
v -0.26731497 0.234798893 0.0605851561
v -0.26730898 -0.224027559 0.059938211
v -0.26751563 -0.221726909 0.0618784763
v -0.323244452 0.23478891 0.012348664
v -0.265386373 0.234798953 0.0123486705
v -0.265386432 -0.278316617 0.0123486686
v -0.323244542 -0.278316617 0.0123486593
v 0.323245376 0.23478891 0.0123487413
v 0.323245466 -0.278316587 0.0123487366
v 0.265387356 -0.278316617 0.012348732
v 0.265387297 0.234798953 0.012348732
v -0.316666424 -0.0242633373 0.828361452
v -0.316000313 -0.0249294564 0.828361452
v -0.315063894 -0.0251830854 0.828361452
v -0.316920072 -0.023326898 0.828361452
v -0.316920072 0.0179147962 0.828361452
v -0.273824215 -0.0251830854 0.828361452
v -0.272887796 -0.0249294527 0.828361452
v -0.272221684 -0.024263341 0.828361452
v -0.271968037 -0.023326898 0.828361452
v -0.271968037 0.0179147962 0.828361452
v -0.272221684 0.0188512355 0.828361452
v -0.272887796 0.0195173547 0.828361452
v -0.273824215 0.0197709799 0.828361452
v -0.315063894 0.0197709799 0.828361452
v -0.316000313 0.0195173472 0.828361452
v -0.316666454 0.0188512355 0.828361452
v 0.316919446 0.0179147962 0.828361452
v 0.316665828 0.0188512355 0.828361452
v 0.315999687 0.0195173472 0.828361452
v 0.315063268 0.0197709799 0.828361452
v 0.273823589 0.0197709799 0.828361452
v 0.27288717 0.0195173547 0.828361452
v 0.272221029 0.0188512355 0.828361452
v 0.271967381 0.0179147962 0.828361452
v 0.271967381 -0.023326898 0.828361452
v 0.272221029 -0.024263341 0.828361452
v 0.27288717 -0.0249294527 0.828361452
v 0.273823589 -0.0251830854 0.828361452
v 0.315063268 -0.0251830854 0.828361452
v 0.316919446 -0.023326898 0.828361452
v 0.316665828 -0.0242633373 0.828361452
v 0.315999687 -0.0249294564 0.828361452
v 0.29973194 -0.357584506 0.764958084
v 0.300949395 -0.357584506 0.766444445
v 0.300532848 -0.356931806 0.766722798
v 0.301856726 -0.357584506 0.768138051
v 0.301393777 -0.356931806 0.768329799
v 0.30119738 -0.356511146 0.76841116
v 0.301921338 -0.356931806 0.770074904
v 0.301712871 -0.356511146 0.770116389
v 0.302412719 -0.357584506 0.769977212
v 0.301889181 -0.356511146 0.771889091
v 0.302602857 -0.357584506 0.771889091
v 0.302412719 -0.357584506 0.773800969
v 0.303529471 -0.357802063 0.774023116
v 0.300949395 -0.357584506 0.777333736
v 0.30119738 -0.356511146 0.775367022
v 0.299227297 -0.356511146 0.778315485
v 0.302908897 -0.357802063 0.776075959
v 0.304339796 -0.357497483 0.776668668
v 0.297967225 -0.356931806 0.779621005
v 0.301896125 -0.357802063 0.777966321
v 0.29973194 -0.357584506 0.778820097
v 0.296551973 -0.357584506 0.780944884
v 0.298878163 -0.357802063 0.780984282
v 0.299738467 -0.357497483 0.782271862
v 0.30462274 -0.356583685 0.779788196
v 0.296987772 -0.357802063 0.781997025
v 0.294934958 -0.357802063 0.782617629
v 0.295237064 -0.357497483 0.784136415
v 0.295574725 -0.356583685 0.785833836
v 0.302856445 -0.356583685 0.781944573
v 0.300700009 -0.356583685 0.783710897
v 0.298242927 -0.356583685 0.785027266
v 0.305804104 -0.355174869 0.78057754
v 0.306318641 -0.35338518 0.78092134
v 0.304298967 -0.35338518 0.783387125
v 0.303435862 -0.348233491 0.78252399
v 0.301833183 -0.35338518 0.785406828
v 0.301489353 -0.355174869 0.784892261
v 0.298786759 -0.355174869 0.786340177
v 0.299023628 -0.35338518 0.786911964
v 0.298556507 -0.348233491 0.785784304
v 0.295851886 -0.355174869 0.787227392
v 0.295972615 -0.35338518 0.787834346
v 0.295734555 -0.348233491 0.786637366
v 0.292800933 -0.355174869 0.787530839
v 0.292800933 -0.348233491 0.786929131
v 0.292800933 -0.35338518 0.788149774
v 0.289629221 -0.35338518 0.787834287
v 0.28974995 -0.355174869 0.787227392
v 0.286815107 -0.355174869 0.786340177
v 0.286578238 -0.35338518 0.786911964
v 0.289867312 -0.348233491 0.786637366
v 0.29066655 -0.336738616 0.782619238
v 0.28704533 -0.348233491 0.785784304
v 0.283768684 -0.35338518 0.785406828
v 0.286722779 -0.336738616 0.780985713
v 0.284446687 -0.348233461 0.784392059
v -0.309668541 -0.205537245 0.0315071084
v -0.309668541 -0.201773182 0.0312516354
v -0.276955515 -0.201773182 0.0312516354
v -0.276955515 -0.205537245 0.0315071084
v 0.309667766 -0.205537245 0.0315071084
v 0.27695471 -0.20553726 0.0315071009
v 0.27695471 -0.201773196 0.0312516354
v 0.309667766 -0.201773196 0.031251628
v -0.316920072 -0.0233268961 0.66590482
v -0.316666424 -0.0242633317 0.66590482
v -0.316666424 -0.0242633373 0.828361452
v -0.316920072 -0.023326898 0.828361452
v 0.287304103 -0.323274404 0.827139199
v 0.287577271 -0.323874414 0.826600552
v 0.290941358 -0.323874414 0.827847779
v 0.290799439 -0.323274404 0.828435063
v 0.267810047 -0.221524104 0.062044166
v 0.267516524 -0.221726924 0.0618785396
v 0.267538935 0.234798715 0.0617003441
v 0.320223838 -0.26186648 0.838817596
v 0.320223808 -0.262882143 0.836963594
v 0.322423816 -0.260050565 0.836617589
v 0.312335491 -0.203527451 0.0332614109
v 0.312335491 -0.225039363 0.0579062626
v 0.309667766 -0.227049187 0.0561519675
v 0.309667766 -0.205537245 0.0315071084
v 0.309385687 -0.323274404 0.81932646
v 0.308834076 -0.323874414 0.819080114
v 0.30990079 -0.323874414 0.815674245
v 0.310495138 -0.323274404 0.815783978
v 0.267838091 0.23479858 0.0619995482
v 0.268953323 0.234798357 0.0622225963
v 0.268859893 -0.221356988 0.0622226074
v 0.26783815 0.279480189 0.0619995631
v 0.268953294 0.279480189 0.0622226
v -0.321839929 0.0255376976 0.056632001
v -0.321839929 0.0255376827 0.660210669
v -0.320649803 0.0258600246 0.660210669
v -0.320649803 0.0258600395 0.056632001
v -0.322686493 0.0246911366 0.056632001
v -0.322686493 0.0246911254 0.660210669
v -0.323008835 0.0235010143 0.056632001
v -0.323008835 0.0235010013 0.660210669
v -0.321839929 0.0255376752 0.66480124
v -0.320649803 0.0258600153 0.66480124
v -0.320649803 0.0258600246 0.661210716
v -0.321839929 0.0255376827 0.661210716
v -0.322686493 0.0246911105 0.66480124
v -0.322686493 0.0246911198 0.661210716
v -0.323008835 0.0235009901 0.66480124
v -0.323008835 0.0235009976 0.661210716
v 0.268859893 -0.221356988 0.0622226074
v 0.267810047 -0.221524104 0.062044166
v 0.267838091 0.23479858 0.0619995482
v -0.26731497 0.234798893 0.0605851561
v -0.26731497 0.279480189 0.0605851151
v -0.26731497 0.279480189 0.028475849
v -0.26731497 0.279053867 0.0247805659
v -0.26731497 0.277839661 0.0213870369
v -0.26731497 0.267048299 0.0127750197
v -0.26731497 0.234798953 0.0142772738
v -0.26730898 -0.224027559 0.059938211
v -0.26731506 -0.274020255 0.0142772673
v -0.26731497 0.26335302 0.0123486677
v -0.26731497 0.273436368 0.0158941615
v -0.26731497 0.27044183 0.0139892623
v -0.26731497 0.275934696 0.0183924921
v -0.316000313 0.0195173528 0.66590482
v -0.316666454 0.018851243 0.66590482
v -0.316666454 0.0188512355 0.828361452
v -0.316000313 0.0195173472 0.828361452
v 0.267538935 0.234798715 0.0617003441
v 0.267838091 0.23479858 0.0619995482
v 0.267810047 -0.221524104 0.062044166
v 0.267538935 0.279480189 0.0617003515
v 0.26783815 0.279480189 0.0619995631
v 0.267838091 0.23479858 0.0619995482
v 0.267838091 0.23479858 0.0619995482
v 0.267538935 0.234798715 0.0617003441
v 0.267538935 0.279480189 0.0617003515
v -0.323008835 0.0235010143 0.056632001
v -0.322686493 0.0246911366 0.056632001
v -0.321839929 0.0255376976 0.056632001
v -0.320649803 0.0258600395 0.056632001
v -0.268238306 0.0258600395 0.056632001
v -0.26704818 0.0255377032 0.056632001
v -0.266201615 0.0246911347 0.056632001
v -0.265879273 0.0235010143 0.056632001
v -0.265879273 -0.0289130565 0.056632001
v -0.266201615 -0.0301031787 0.056632001
v -0.26704818 -0.0309497416 0.056632001
v -0.268238306 -0.0312720835 0.056632001
v -0.320649803 -0.0312720835 0.056632001
v -0.323008835 -0.0289130565 0.056632001
v -0.322686493 -0.0301031768 0.056632001
v -0.321839929 -0.0309497472 0.056632001
v 0.322685868 -0.0301031768 0.056632001
v 0.321839303 -0.0309497472 0.056632001
v 0.320649236 -0.0312720835 0.056632001
v 0.32300815 -0.0289130546 0.056632001
v 0.32300815 0.0235010125 0.056632001
v 0.26823768 -0.0312720835 0.056632001
v 0.267047554 -0.0309497416 0.056632001
v 0.266200989 -0.0301031806 0.056632001
v 0.265878677 -0.0289130546 0.056632001
v 0.265878677 0.0235010125 0.056632001
v 0.266200989 0.0246911384 0.056632001
v 0.267047554 0.0255376995 0.056632001
v 0.26823768 0.0258600414 0.056632001
v 0.320649236 0.0258600414 0.056632001
v 0.321839303 0.0255376995 0.056632001
v 0.322685868 0.0246911384 0.056632001
v -0.268858999 -0.221356973 0.0622225441
v -0.319772065 -0.221356913 0.0622225367
v -0.319678485 0.234789401 0.0622225292
v -0.268952399 0.234798372 0.0622225404
v -0.319678426 0.279480219 0.0622225292
v -0.268952399 0.279480189 0.0622225404
v 0.268859893 -0.221356988 0.0622226074
v 0.268953323 0.234798357 0.0622225963
v 0.319679439 0.234789416 0.0622226037
v 0.319772959 -0.221356928 0.0622226112
v 0.31967935 0.279480189 0.0622226037
v 0.268953294 0.279480189 0.0622226
v -0.321996659 -0.0294340122 0.665901601
v -0.322686493 -0.030103201 0.66480124
v -0.321839929 -0.0309497695 0.66480124
v -0.321170777 -0.0302599035 0.665901601
v 0.296360195 -0.356931806 0.780481935
v 0.296278864 -0.356511146 0.780285537
v 0.297849149 -0.356511146 0.779444277
v 0.297697306 -0.356989801 0.779217064
v 0.299034029 -0.356989801 0.778122187
v 0.298533171 -0.357855827 0.777621329
v 0.297303855 -0.357855827 0.77862823
v 0.296460897 -0.358597308 0.777366638
v 0.297460079 -0.358597308 0.776548266
v 0.294490486 -0.359450549 0.773578644
v 0.298278481 -0.358597308 0.775549054
v 0.300128877 -0.356989801 0.776785493
v 0.299540043 -0.357855827 0.776392043
v 0.300290465 -0.357855827 0.774991333
v 0.298888415 -0.358597308 0.774410605
v 0.295143992 -0.359450549 0.772355139
v 0.299262136 -0.358597308 0.773174286
v 0.300750285 -0.357855827 0.773470283
v 0.300907522 -0.357855827 0.771889091
v 0.299389958 -0.358597308 0.771889091
v 0.299262136 -0.358597308 0.770603895
v 0.300944865 -0.356989801 0.775262415
v 0.301444858 -0.356989801 0.773608446
v 0.300290465 -0.357855827 0.768786848
v 0.301615864 -0.356989801 0.771889091
v 0.301712871 -0.356511146 0.773661792
v 0.299227297 -0.356511146 0.765462697
v 0.300944865 -0.356989801 0.768515766
v 0.298533171 -0.357855827 0.766156852
v 0.299034029 -0.356989801 0.765655994
v 0.297849149 -0.356511146 0.764333904
v 0.297967225 -0.356931806 0.764157176
v 0.30035612 -0.356511146 0.766840875
v 0.29937762 -0.356931806 0.765312374
v 0.319743335 0.258433521 0.0262257811
v 0.319743335 0.260320604 0.0257201381
v 0.320516586 0.260320604 0.0265407376
v 0.320516586 0.258843809 0.0269364417
v -0.322232842 -0.02984046 0.660710692
v -0.322686493 -0.030103188 0.660210669
v -0.321839929 -0.0309497602 0.660210669
v -0.321577191 -0.0304961186 0.660710692
v -0.324954182 -0.26186648 0.838817477
v -0.324954182 -0.262882143 0.836963475
v -0.27435419 -0.262882143 0.836963475
v -0.27435416 -0.26186648 0.838817537
v 0.269623816 -0.26186645 0.838817596
v 0.269623816 -0.262882113 0.836963594
v 0.320223808 -0.262882143 0.836963594
v 0.320223838 -0.26186648 0.838817596
v -0.32286945 0.279480219 0.0626511127
v -0.323244452 0.279480219 0.0607760809
v -0.323244452 0.23478891 0.0607760809
v -0.32286945 0.234788984 0.0626511127
v -0.32286945 0.234788984 0.0626511127
v -0.323244452 0.23478891 0.0607760809
v -0.323244542 -0.224576354 0.0614312887
v 0.2863397 -0.358597308 0.773174286
v 0.286713451 -0.358597308 0.774410605
v 0.285311401 -0.357855827 0.774991333
v 0.288571358 -0.359150201 0.77364105
v 0.287323356 -0.358597308 0.775549054
v 0.286061794 -0.357855827 0.776392043
v 0.284404457 -0.356511146 0.775367022
v 0.284657001 -0.356989801 0.775262415
v 0.285245746 -0.356511146 0.776937306
v 0.288141757 -0.358597308 0.776548266
v 0.289563775 -0.359150201 0.775126278
v 0.28914094 -0.358597308 0.777366638
v 0.288297981 -0.357855827 0.77862823
v 0.286374539 -0.356511146 0.778315485
v 0.287904531 -0.356989801 0.779217064
v 0.28969866 -0.357855827 0.779378593
v 0.292800933 -0.357855827 0.77999568
v 0.291048974 -0.359150201 0.776118636
v 0.291219711 -0.357855827 0.779838443
v 0.289427608 -0.356989801 0.780032992
v 0.291081548 -0.356989801 0.780533016
v 0.292800933 -0.359150201 0.776467144
v 0.292800933 -0.358597308 0.778478146
v 0.294086128 -0.358597308 0.778350294
v 0.289323002 -0.356511146 0.780285537
v 0.292800933 -0.356989801 0.780704021
v 0.287752718 -0.356511146 0.779444277
v 0.294382155 -0.357855827 0.779838443
v 0.294520319 -0.356989801 0.780533016
v 0.295903176 -0.357855827 0.779378593
v 0.295322448 -0.358597308 0.777976573
v 0.292800933 -0.356511146 0.780977368
v 0.296174258 -0.356989801 0.780032992
v 0.291028231 -0.356511146 0.780801058
v 0.294573635 -0.356511146 0.780801058
v 0.290986747 -0.356931806 0.781009495
v 0.29461509 -0.356931806 0.781009495
v 0.289241642 -0.356931806 0.780481935
v 0.286224216 -0.356931806 0.778465807
v 0.287356287 -0.357584506 0.780037582
v 0.292800933 -0.357584506 0.781691015
v 0.290889025 -0.357584506 0.781500876
v 0.285069019 -0.356931806 0.777055383
v 0.284208059 -0.356931806 0.775448382
v 0.283680499 -0.356931806 0.773703277
v 0.285869896 -0.357584506 0.778820097
v 0.28374511 -0.357584506 0.77564013
v -0.276955515 -0.205537245 0.0315071084
v -0.276955515 -0.227049157 0.0561519824
v -0.309668541 -0.227049157 0.0561519824
v -0.309668541 -0.205537245 0.0315071084
v 0.27695471 -0.20553726 0.0315071009
v 0.309667766 -0.205537245 0.0315071084
v 0.309667766 -0.227049187 0.0561519675
v 0.2769548 -0.227049172 0.0561519675
v 0.283705711 -0.357802063 0.777966321
v 0.283189148 -0.357584506 0.773800969
v 0.282998979 -0.357584506 0.771889091
v 0.282072395 -0.357802063 0.774023116
v 0.28126204 -0.357497483 0.776668668
v 0.280553609 -0.357497483 0.774325252
v 0.282418162 -0.357497483 0.778826654
v 0.282745421 -0.356583685 0.781944573
v 0.283969432 -0.357497483 0.780720592
v 0.285064638 -0.357802063 0.779625356
v 0.286723703 -0.357802063 0.780984282
v 0.28586337 -0.357497483 0.782271862
v 0.284901857 -0.356583685 0.783710897
v 0.281740546 -0.355174869 0.782949448
v 0.288614064 -0.357802063 0.781997025
v 0.288021356 -0.357497483 0.783427954
v 0.284112483 -0.355174869 0.784892261
v 0.290666878 -0.357802063 0.782617629
v 0.28735891 -0.356583685 0.785027266
v 0.290027142 -0.356583685 0.785833836
v 0.290364772 -0.357497483 0.784136415
v 0.292800933 -0.357497483 0.784378707
v 0.292800933 -0.357802063 0.782829881
v 0.294712842 -0.357584506 0.781500876
v 0.292800933 -0.356583685 0.786109746
v 0.32300815 0.0235010032 0.660210729
v 0.322685868 0.0246911254 0.660210729
v 0.322232246 0.02442839 0.660710752
v 0.321996003 0.0240219235 0.665901661
v 0.322299987 0.0228512567 0.665901661
v 0.32300815 0.0235009957 0.66480118
v 0.32300815 0.0235009957 0.66480118
v 0.322685868 0.0246911086 0.66480118
v 0.321996003 0.0240219235 0.665901661
v 0.322232246 0.02442839 0.660710752
v 0.322488546 0.0234318729 0.660710752
v 0.32300815 0.0235010032 0.660210729
v 0.284239382 -0.323274404 0.825115085
v 0.284626484 -0.323874414 0.824651718
v 0.287577271 -0.323874414 0.826600552
v 0.287304103 -0.323274404 0.827139199
v -0.324954093 0.198411286 0.788367271
v -0.32715407 0.196656883 0.789707541
v -0.3271541 0.22662276 0.836617529
v -0.324954093 0.229454339 0.836963475
v 0.321170092 0.0248478036 0.665901661
v 0.321996003 0.0240219235 0.665901661
v 0.322685868 0.0246911086 0.66480118
v 0.321839303 0.0255376715 0.66480118
v -0.309668541 -0.226793647 0.0599160492
v -0.312336266 -0.225039363 0.0579062775
v -0.309668541 -0.227049157 0.0561519824
v 0.321576595 0.0250840466 0.660710752
v 0.322232246 0.02442839 0.660710752
v 0.322685868 0.0246911254 0.660210729
v 0.321839303 0.0255376827 0.660210729
v -0.323244542 -0.224576354 0.0614312887
v -0.322869539 -0.222798601 0.0629423112
v -0.32286945 0.234788984 0.0626511127
v -0.319742858 0.257052094 0.0276071522
v -0.320516139 0.25776276 0.028017452
v -0.320516139 0.258843839 0.0269363672
v -0.319742858 0.258433551 0.0262257084
v 0.310495138 -0.323274404 0.815783978
v 0.30990079 -0.323874414 0.815674245
v 0.310130626 -0.323874414 0.811957002
v 0.310731739 -0.323274404 0.811957479
v -0.322569519 -0.278492093 0.0128026707
v -0.323244542 -0.278316617 0.0123486593
v -0.265386432 -0.278316617 0.0123486686
v -0.266061455 -0.278492093 0.01280268
v 0.322570413 -0.278492093 0.0128027489
v 0.266062379 -0.278492093 0.0128027443
v 0.265387356 -0.278316617 0.012348732
v 0.323245466 -0.278316587 0.0123487366
v -0.320580661 0.0253403746 0.660710692
v -0.320649803 0.0258600246 0.660210669
v -0.321839929 0.0255376827 0.660210669
v -0.320000112 0.0251517966 0.665901601
v -0.320649803 0.0258600153 0.66480124
v -0.321839929 0.0255376752 0.66480124
v 0.322488546 0.0234318729 0.660710752
v 0.322488546 -0.0288439412 0.660710752
v 0.32300815 -0.0289130714 0.660210729
v 0.32300815 0.0235010032 0.660210729
v -0.321839929 0.0255376827 0.660210669
v -0.321577191 0.0250840466 0.660710692
v -0.320580661 0.0253403746 0.660710692
v -0.309668511 -0.00212359475 0.205520868
v -0.312336236 -0.0038778747 0.207530633
v -0.309668511 -0.00186810526 0.209284917
v -0.321839929 0.0255376752 0.66480124
v -0.321170747 0.0248478074 0.665901601
v -0.320000112 0.0251517966 0.665901601
v 0.320933461 -0.22154586 0.0620264672
v 0.319772959 -0.221356928 0.0622226112
v 0.319679439 0.234789416 0.0622226037
v 0.319743335 0.2640948 0.029494321
v 0.319743335 0.263589144 0.0313814096
v 0.320516586 0.262878478 0.0309711099
v 0.320516586 0.262878478 0.0309711099
v 0.320516586 0.263274193 0.029494321
v 0.319743335 0.2640948 0.029494321
v 0.322299987 0.0228512567 0.665901661
v 0.322299987 -0.0282633454 0.665901661
v 0.32300815 -0.0289130844 0.66480118
v 0.32300815 0.0235009957 0.66480118
v 0.320794642 0.234788805 0.0619995445
v 0.319679439 0.234789416 0.0622226037
v 0.31967935 0.279480189 0.0622226037
v 0.320794553 0.279480189 0.0619995706
v 0.319679439 0.234789416 0.0622226037
v 0.320794642 0.234788805 0.0619995445
v 0.320933461 -0.22154586 0.0620264672
v 0.322488546 -0.0288439412 0.660710752
v 0.322232246 -0.0298404619 0.660710752
v 0.322685868 -0.0301031861 0.660210729
v 0.322685868 -0.0301031861 0.660210729
v 0.32300815 -0.0289130714 0.660210729
v 0.322488546 -0.0288439412 0.660710752
v 0.322299987 -0.0282633454 0.665901661
v 0.321996003 -0.0294340122 0.665901661
v 0.322685868 -0.0301032029 0.66480118
v 0.322685868 -0.0301032029 0.66480118
v 0.32300815 -0.0289130844 0.66480118
v 0.322299987 -0.0282633454 0.665901661
v 0.312335432 -0.0038778868 0.207530648
v 0.312335491 -0.203527451 0.0332614109
v 0.309667766 -0.201773196 0.031251628
v 0.309667706 -0.00212360173 0.205520868
v 0.310731739 -0.323274404 0.811957479
v 0.310130626 -0.323874414 0.811957002
v 0.307613671 -0.323874414 0.770144463
v 0.308210552 -0.323274404 0.770074666
v 0.321839303 0.0255376827 0.660210729
v 0.320649236 0.0258600209 0.660210729
v 0.320580035 0.0253403764 0.660710752
v -0.319742858 0.263589174 0.0313813351
v -0.320516139 0.262878507 0.0309710354
v -0.320516139 0.261797428 0.0320521221
v -0.319742858 0.262207717 0.0327627808
v 0.320580035 0.0253403764 0.660710752
v 0.321576595 0.0250840466 0.660710752
v 0.321839303 0.0255376827 0.660210729
v -0.319678485 0.234789401 0.0622225292
v -0.319772065 -0.221356913 0.0622225367
v -0.320932537 -0.22154586 0.0620263927
v -0.324954093 0.195767835 0.785450399
v -0.32715407 0.194386229 0.787202001
v -0.32715407 0.196656883 0.789707541
v -0.324954093 0.198411286 0.788367271
v 0.321839303 0.0255376715 0.66480118
v 0.320649236 0.0258600134 0.66480118
v 0.319999427 0.0251517985 0.665901661
v 0.319999427 0.0251517985 0.665901661
v 0.321170092 0.0248478036 0.665901661
v 0.321839303 0.0255376715 0.66480118
v 0.28171587 -0.323274404 0.822473824
v 0.28219676 -0.323874414 0.822108626
v 0.284626484 -0.323874414 0.824651718
v 0.284239382 -0.323274404 0.825115085
v -0.320793718 0.23478882 0.06199947
v -0.320793599 0.279480219 0.0619994961
v -0.319678426 0.279480219 0.0622225292
v -0.319678485 0.234789401 0.0622225292
v -0.320932537 -0.22154586 0.0620263927
v -0.320793718 0.23478882 0.06199947
v -0.319678485 0.234789401 0.0622225292
v 0.308210552 -0.323274404 0.770074666
v 0.307613671 -0.323874414 0.770144463
v 0.307117254 -0.323874384 0.767300308
v 0.30769676 -0.323274404 0.767130911
v -0.322686493 -0.0301031768 0.056632001
v -0.322686493 -0.030103188 0.660210669
v -0.323008835 -0.0289130714 0.660210669
v -0.323008835 -0.0289130565 0.056632001
v -0.321839929 -0.0309497472 0.056632001
v -0.321839929 -0.0309497602 0.660210669
v -0.320649803 -0.0312720835 0.056632001
v -0.320649803 -0.0312720947 0.660210669
v -0.322686493 -0.030103201 0.66480124
v -0.323008835 -0.0289130826 0.66480124
v -0.323008835 -0.0289130714 0.661210716
v -0.322686493 -0.0301031917 0.661210716
v -0.321839929 -0.0309497695 0.66480124
v -0.321839929 -0.0309497602 0.661210716
v -0.320649803 -0.0312721059 0.66480124
v -0.320649803 -0.0312720984 0.661210716
v 0.2603558 0.263589114 0.0276072267
v 0.2603558 0.262207687 0.0262257811
v 0.25958249 0.261797369 0.0269364398
v 0.25958249 0.262878448 0.0280175246
v -0.316666424 -0.0242633317 0.66590482
v -0.316000313 -0.0249294527 0.66590482
v -0.316000313 -0.0249294564 0.828361452
v -0.316666424 -0.0242633373 0.828361452
v -0.324954182 -0.262882143 0.836963475
v -0.32715416 -0.260050565 0.836617529
v -0.32715416 -0.230084643 0.789707541
v -0.324954152 -0.231839061 0.788367271
v -0.268307447 0.0253403746 0.660710692
v -0.268238306 0.0258600246 0.660210669
v -0.320649803 0.0258600246 0.660210669
v -0.320580661 0.0253403746 0.660710692
v 0.268306822 0.0253403764 0.660710752
v 0.320580035 0.0253403764 0.660710752
v 0.320649236 0.0258600209 0.660210729
v 0.26823768 0.0258600209 0.660210729
v 0.322232246 -0.0298404619 0.660710752
v 0.321576595 -0.0304961205 0.660710752
v 0.321839303 -0.0309497602 0.660210729
v 0.322685868 -0.0301031861 0.660210729
v 0.321996003 -0.0294340122 0.665901661
v 0.321170092 -0.0302599054 0.665901661
v 0.321839303 -0.0309497695 0.66480118
v 0.322685868 -0.0301032029 0.66480118
v -0.266587466 0.0228512548 0.665901601
v -0.26689145 0.0240219235 0.665901601
v -0.272221684 0.018851243 0.66590482
v -0.271968037 0.0179148 0.66590482
v -0.26689145 0.0240219235 0.665901601
v -0.267717361 0.0248478167 0.665901601
v -0.272887796 0.0195173565 0.66590482
v -0.272221684 0.018851243 0.66590482
v -0.267717361 0.0248478167 0.665901601
v -0.268888026 0.0251517985 0.665901601
v -0.273824215 0.0197709855 0.66590482
v -0.272887796 0.0195173565 0.66590482
v -0.268888026 0.0251517985 0.665901601
v -0.320000112 0.0251517966 0.665901601
v -0.315063894 0.0197709855 0.66590482
v -0.273824215 0.0197709855 0.66590482
v -0.320000112 0.0251517966 0.665901601
v -0.321170747 0.0248478074 0.665901601
v -0.316000313 0.0195173528 0.66590482
v -0.315063894 0.0197709855 0.66590482
v -0.321170747 0.0248478074 0.665901601
v -0.321996659 0.0240219235 0.665901601
v -0.316666454 0.018851243 0.66590482
v -0.316000313 0.0195173528 0.66590482
v -0.321996659 0.0240219235 0.665901601
v -0.322300643 0.0228512548 0.665901601
v -0.316920072 0.0179148 0.66590482
v -0.316666454 0.018851243 0.66590482
v -0.322300643 0.0228512548 0.665901601
v -0.322300643 -0.0282633472 0.665901601
v -0.316920072 -0.0233268961 0.66590482
v -0.316920072 0.0179148 0.66590482
v -0.322300643 -0.0282633472 0.665901601
v -0.321996659 -0.0294340122 0.665901601
v -0.316666424 -0.0242633317 0.66590482
v -0.316920072 -0.0233268961 0.66590482
v -0.321996659 -0.0294340122 0.665901601
v -0.321170777 -0.0302599035 0.665901601
v -0.316000313 -0.0249294527 0.66590482
v -0.316666424 -0.0242633317 0.66590482
v -0.321170777 -0.0302599035 0.665901601
v -0.320000112 -0.0305638872 0.665901601
v -0.315063894 -0.0251830816 0.66590482
v -0.316000313 -0.0249294527 0.66590482
v -0.320000112 -0.0305638872 0.665901601
v -0.268888026 -0.0305638872 0.665901601
v -0.273824215 -0.0251830816 0.66590482
v -0.315063894 -0.0251830816 0.66590482
v -0.268888026 -0.0305638872 0.665901601
v -0.267717361 -0.0302599017 0.665901601
v -0.272887796 -0.0249294471 0.66590482
v -0.273824215 -0.0251830816 0.66590482
v -0.267717361 -0.0302599017 0.665901601
v -0.26689145 -0.0294340122 0.665901601
v -0.272221684 -0.0242633317 0.66590482
v -0.272887796 -0.0249294471 0.66590482
v -0.26689145 -0.0294340122 0.665901601
v -0.266587466 -0.0282633472 0.665901601
v -0.271968037 -0.0233268961 0.66590482
v -0.272221684 -0.0242633317 0.66590482
v -0.266587466 -0.0282633472 0.665901601
v -0.266587466 0.0228512548 0.665901601
v -0.271968037 0.0179148 0.66590482
v -0.271968037 -0.0233268961 0.66590482
v 0.26658687 0.0228512567 0.665901661
v 0.271967381 0.0179148 0.66590482
v 0.272221029 0.018851243 0.66590482
v 0.266890854 0.0240219235 0.665901661
v 0.266890854 0.0240219235 0.665901661
v 0.272221029 0.018851243 0.66590482
v 0.27288717 0.0195173584 0.66590482
v 0.267716736 0.0248478167 0.665901661
v 0.267716736 0.0248478167 0.665901661
v 0.27288717 0.0195173584 0.66590482
v 0.273823589 0.0197709836 0.66590482
v 0.268887401 0.0251517985 0.665901661
v 0.268887401 0.0251517985 0.665901661
v 0.273823589 0.0197709836 0.66590482
v 0.315063268 0.0197709836 0.66590482
v 0.319999427 0.0251517985 0.665901661
v 0.319999427 0.0251517985 0.665901661
v 0.315063268 0.0197709836 0.66590482
v 0.315999687 0.0195173509 0.66590482
v 0.321170092 0.0248478036 0.665901661
v 0.321170092 0.0248478036 0.665901661
v 0.315999687 0.0195173509 0.66590482
v 0.316665828 0.018851243 0.66590482
v 0.321996003 0.0240219235 0.665901661
v 0.321996003 0.0240219235 0.665901661
v 0.316665828 0.018851243 0.66590482
v 0.316919446 0.0179148 0.66590482
v 0.322299987 0.0228512567 0.665901661
v 0.322299987 0.0228512567 0.665901661
v 0.316919446 0.0179148 0.66590482
v 0.316919446 -0.0233268961 0.66590482
v 0.322299987 -0.0282633454 0.665901661
v 0.322299987 -0.0282633454 0.665901661
v 0.316919446 -0.0233268961 0.66590482
v 0.316665828 -0.0242633317 0.66590482
v 0.321996003 -0.0294340122 0.665901661
v 0.321996003 -0.0294340122 0.665901661
v 0.316665828 -0.0242633317 0.66590482
v 0.315999687 -0.0249294527 0.66590482
v 0.321170092 -0.0302599054 0.665901661
v 0.321170092 -0.0302599054 0.665901661
v 0.315999687 -0.0249294527 0.66590482
v 0.315063268 -0.0251830816 0.66590482
v 0.319999427 -0.0305638872 0.665901661
v 0.319999427 -0.0305638872 0.665901661
v 0.315063268 -0.0251830816 0.66590482
v 0.273823589 -0.0251830816 0.66590482
v 0.268887401 -0.0305638872 0.665901661
v 0.268887401 -0.0305638872 0.665901661
v 0.273823589 -0.0251830816 0.66590482
v 0.27288717 -0.0249294471 0.66590482
v 0.267716736 -0.0302599017 0.665901661
v 0.267716736 -0.0302599017 0.665901661
v 0.27288717 -0.0249294471 0.66590482
v 0.272221029 -0.0242633317 0.66590482
v 0.266890854 -0.0294340122 0.665901661
v 0.266890854 -0.0294340122 0.665901661
v 0.272221029 -0.0242633317 0.66590482
v 0.271967381 -0.0233268961 0.66590482
v 0.26658687 -0.0282633454 0.665901661
v 0.26658687 -0.0282633454 0.665901661
v 0.271967381 -0.0233268961 0.66590482
v 0.271967381 0.0179148 0.66590482
v 0.26658687 0.0228512567 0.665901661
v -0.312336236 -0.0253897831 0.232175514
v -0.309668511 -0.0233800132 0.233929798
v -0.309668511 -0.00186810526 0.209284917
v -0.312336236 -0.0038778747 0.207530633
v 0.280395687 -0.323874414 0.819080114
v 0.279329002 -0.323874414 0.815674186
v 0.279099137 -0.323874414 0.811957002
v 0.28219676 -0.323874414 0.822108626
v 0.284626484 -0.323874414 0.824651718
v 0.287577271 -0.323874414 0.826600552
v 0.290941358 -0.323874414 0.827847779
v 0.294614881 -0.323874414 0.828287423
v 0.298288435 -0.323874414 0.827847779
v 0.301652521 -0.323874414 0.826600552
v 0.304603279 -0.323874414 0.824651718
v 0.307033032 -0.323874414 0.822108626
v 0.308834076 -0.323874414 0.819080114
v 0.30990079 -0.323874414 0.815674245
v 0.310130626 -0.323874414 0.811957002
v 0.307613671 -0.323874414 0.770144463
v 0.281616092 -0.323874414 0.770144463
v 0.307117254 -0.323874384 0.767300308
v 0.306046695 -0.323874384 0.764739096
v 0.304470092 -0.323874384 0.762491643
v 0.302462399 -0.323874384 0.76062572
v 0.300100088 -0.323874384 0.759209931
v 0.297459692 -0.323874384 0.758311629
v 0.294614881 -0.323874384 0.757997274
v 0.291770071 -0.323874384 0.758311689
v 0.289129674 -0.323874384 0.759209931
v 0.286767364 -0.323874384 0.76062572
v 0.282112539 -0.323874384 0.767300308
v 0.283183068 -0.323874384 0.764739096
v 0.2847597 -0.323874384 0.762491643
v 0.28752932 -0.322265208 0.807630837
v 0.290560812 -0.322265208 0.804599345
v 0.294701904 -0.322265208 0.803489745
v 0.286419719 -0.322265208 0.81177187
v 0.28752932 -0.322265208 0.815912962
v 0.290560812 -0.322265208 0.818944454
v 0.294701904 -0.322265208 0.820054054
v 0.298842967 -0.322265208 0.818944454
v 0.301874459 -0.322265208 0.815912962
v 0.302984059 -0.322265208 0.811771929
v 0.301874459 -0.322265208 0.807630837
v 0.298842967 -0.322265208 0.804599345
v 0.321839303 0.0255376995 0.056632001
v 0.320649236 0.0258600414 0.056632001
v 0.320649236 0.0258600209 0.660210729
v 0.321839303 0.0255376827 0.660210729
v 0.322685868 0.0246911384 0.056632001
v 0.322685868 0.0246911254 0.660210729
v 0.32300815 0.0235010125 0.056632001
v 0.32300815 0.0235010032 0.660210729
v 0.321839303 0.0255376715 0.66480118
v 0.321839303 0.0255376827 0.661210775
v 0.320649236 0.0258600209 0.661210775
v 0.320649236 0.0258600134 0.66480118
v 0.322685868 0.0246911086 0.66480118
v 0.322685868 0.0246911179 0.661210775
v 0.32300815 0.0235009957 0.66480118
v 0.32300815 0.0235009957 0.661210775
v 0.316665828 0.018851243 0.66590482
v 0.316665828 0.0188512355 0.828361452
v 0.316919446 0.0179147962 0.828361452
v 0.316919446 0.0179148 0.66590482
v 0.303529471 -0.357802063 0.769755065
v 0.302908897 -0.357802063 0.767702222
v 0.303183705 -0.357497483 0.764951527
v 0.301896125 -0.357802063 0.765811861
v 0.301632404 -0.357497483 0.76305759
v 0.300537229 -0.357802063 0.764152765
v 0.303741693 -0.357802063 0.771889091
v 0.298878163 -0.357802063 0.762793899
v 0.299738467 -0.357497483 0.761506319
v 0.295237064 -0.357497483 0.759641767
v 0.296987772 -0.357802063 0.761781096
v 0.294934958 -0.357802063 0.761160553
v 0.296551973 -0.357584506 0.762833297
v 0.298245579 -0.357584506 0.763740599
v 0.294712842 -0.357584506 0.762277305
v 0.292800933 -0.357584506 0.762087166
v 0.29461509 -0.356931806 0.762768686
v 0.296360195 -0.356931806 0.763296247
v 0.292800933 -0.356931806 0.762588263
v 0.290986747 -0.356931806 0.762768686
v 0.296278864 -0.356511146 0.763492644
v 0.292800933 -0.356511146 0.762800813
v 0.294382155 -0.357855827 0.763939738
v 0.291028231 -0.356511146 0.762977123
v 0.289323002 -0.356511146 0.763492644
v 0.289241642 -0.356931806 0.763296247
v 0.291081548 -0.356989801 0.763245165
v 0.287634611 -0.356931806 0.764157176
v 0.286374539 -0.356511146 0.765462697
v 0.287904531 -0.356989801 0.764561117
v 0.289427608 -0.356989801 0.763745129
v 0.292800933 -0.356989801 0.76307416
v 0.288297981 -0.357855827 0.765149951
v 0.291219711 -0.357855827 0.763939738
v 0.285472959 -0.356989801 0.766992688
v 0.285245746 -0.356511146 0.766840875
v 0.287068695 -0.357855827 0.766156852
v 0.291515708 -0.358597308 0.765427887
v 0.28914094 -0.358597308 0.766411543
v 0.290279418 -0.358597308 0.765801609
v 0.292800933 -0.358597308 0.765300035
v 0.291048974 -0.359150201 0.767659545
v 0.287323356 -0.358597308 0.768229127
v 0.292800933 -0.359150201 0.767311037
v 0.296174258 -0.356989801 0.763745129
v 0.295903176 -0.357855827 0.764399529
v 0.295322448 -0.358597308 0.765801609
v 0.293266982 -0.359450549 0.769546032
v 0.296038091 -0.359150201 0.768651903
v 0.292800933 -0.359450549 0.76949966
v 0.292800933 -0.359624594 0.771777093
v 0.292822778 -0.359624594 0.771779299
v 0.292758077 -0.359624594 0.771785617
v 0.292843789 -0.359624594 0.771785617
v 0.29412815 -0.359450549 0.769902706
v 0.292880118 -0.359624594 0.771809876
v 0.291886538 -0.359450549 0.769681573
v 0.294787288 -0.359450549 0.770561874
v 0.292894006 -0.359624594 0.771826863
v 0.292904377 -0.359624594 0.771846235
v 0.297460079 -0.358597308 0.767229915
v 0.297030479 -0.359150201 0.770137131
v 0.296606719 -0.359150201 0.769346118
v 0.292910725 -0.359624594 0.771867216
v 0.2929129 -0.359624594 0.771889091
v 0.295190334 -0.359450549 0.771889091
v 0.292910725 -0.359624594 0.771910906
v 0.292904377 -0.359624594 0.771931946
v 0.298888415 -0.358597308 0.769367576
v 0.297290146 -0.359150201 0.772782028
v 0.294787288 -0.359450549 0.773216307
v 0.292894036 -0.359624594 0.771951318
v 0.292880118 -0.359624594 0.771968246
v 0.296606719 -0.359150201 0.774432003
v 0.29412815 -0.359450549 0.773875415
v 0.292863131 -0.359624594 0.771982193
v 0.292843789 -0.359624594 0.771992564
v 0.295343876 -0.359150201 0.775694847
v 0.293266982 -0.359450549 0.774232149
v 0.292800933 -0.359624594 0.772001088
v 0.292800933 -0.359450549 0.774278522
v 0.292334855 -0.359450549 0.774232149
v 0.292779088 -0.359624594 0.771998882
v 0.292758077 -0.359624594 0.771992564
v 0.267315865 0.234798878 0.0605852194
v 0.267538935 0.234798715 0.0617003441
v 0.267516524 -0.221726924 0.0618785396
v 0.267315865 0.279480189 0.0605851747
v 0.267538935 0.279480189 0.0617003515
v 0.267538935 0.234798715 0.0617003441
v 0.267315865 0.234798878 0.0605852194
v -0.268888026 0.0251517985 0.665901601
v -0.268238306 0.0258600153 0.66480124
v -0.320649803 0.0258600153 0.66480124
v -0.320000112 0.0251517966 0.665901601
v 0.268887401 0.0251517985 0.665901661
v 0.319999427 0.0251517985 0.665901661
v 0.320649236 0.0258600134 0.66480118
v 0.26823768 0.0258600134 0.66480118
v 0.27695471 -0.20553726 0.0315071009
v 0.274287015 -0.203527465 0.0332614034
v 0.27695471 -0.201773196 0.0312516354
v 0.315999687 0.0195173509 0.66590482
v 0.315999687 0.0195173472 0.828361452
v 0.316665828 0.0188512355 0.828361452
v 0.316665828 0.0188512355 0.828361452
v 0.316665828 0.018851243 0.66590482
v 0.315999687 0.0195173509 0.66590482
v 0.267310262 0.0250840466 0.660710752
v 0.268306822 0.0253403764 0.660710752
v 0.26823768 0.0258600209 0.660210729
v 0.2603558 0.262207687 0.0262257811
v 0.2603558 0.260320604 0.0257201344
v 0.25958249 0.260320604 0.0265407339
v 0.25958249 0.261797369 0.0269364398
v -0.276955485 -0.00212359894 0.205520868
v -0.276955515 -0.201773182 0.0312516354
v -0.309668541 -0.201773182 0.0312516354
v -0.309668511 -0.00212359475 0.205520868
v 0.27695471 -0.00212360336 0.205520868
v 0.309667706 -0.00212360173 0.205520868
v 0.309667766 -0.201773196 0.031251628
v 0.27695471 -0.201773196 0.0312516354
v 0.323245347 0.275934666 0.0183925629
v 0.323245347 0.277839661 0.0213871058
v 0.323245347 0.279053837 0.0247806348
v 0.323245347 0.2704418 0.0139893331
v 0.323245347 0.273436368 0.0158942305
v 0.323245376 0.23478891 0.0123487413
v 0.323245347 0.267048299 0.0127750887
v 0.323245347 0.26335302 0.0123487366
v 0.323245347 0.279480189 0.0607761554
v 0.323245347 0.279480189 0.0284759179
v 0.323245347 0.23478891 0.0607761554
v 0.323245466 -0.224576369 0.061431367
v 0.323245466 -0.278316587 0.0123487366
v 0.32300815 -0.0289130546 0.056632001
v 0.32300815 0.0235010125 0.056632001
v 0.32300815 0.0235010032 0.660210729
v 0.32300815 -0.0289130714 0.660210729
v 0.32300815 -0.0289130844 0.66480118
v 0.32300815 -0.0289130714 0.661210775
v 0.32300815 0.0235009957 0.661210775
v 0.32300815 0.0235009957 0.66480118
v 0.26823768 0.0258600209 0.660210729
v 0.267047554 0.025537692 0.660210729
v 0.267310262 0.0250840466 0.660710752
v 0.322423846 -0.230084643 0.789707601
v 0.322423846 -0.227814019 0.78720212
v 0.322423846 -0.225056022 0.785691261
v 0.322423846 -0.221722186 0.785126507
v 0.322423905 0.188263744 0.785126507
v 0.322423905 0.191597596 0.785691202
v 0.322423905 0.194355562 0.78720212
v 0.322423905 0.196626231 0.789707601
v 0.322423905 0.226592109 0.836617589
v 0.322423816 -0.260050565 0.836617589
v 0.320516586 0.25776273 0.0280175265
v 0.320516586 0.258843809 0.0269364417
v 0.320516586 0.260320604 0.0265407376
v 0.320516586 0.262878478 0.0280175284
v 0.320516586 0.261797398 0.0269364435
v 0.320516586 0.257367015 0.029494321
v 0.320516586 0.25776273 0.0309711099
v 0.320516586 0.260320604 0.0324479006
v 0.320516586 0.258843809 0.0320521966
v 0.320516586 0.262878478 0.0309711099
v 0.320516586 0.261797398 0.0320521966
v 0.320516586 0.263274193 0.029494321
v -0.315063894 0.0197709855 0.66590482
v -0.316000313 0.0195173528 0.66590482
v -0.316000313 0.0195173472 0.828361452
v -0.315063894 0.0197709799 0.828361452
v 0.309667766 -0.226793647 0.0599160381
v 0.309667766 -0.227049187 0.0561519675
v 0.312335491 -0.225039363 0.0579062626
v -0.321577191 -0.0304961186 0.660710692
v -0.321839929 -0.0309497602 0.660210669
v -0.320649803 -0.0312720947 0.660210669
v 0.316919446 0.0179148 0.66590482
v 0.316919446 0.0179147962 0.828361452
v 0.316919446 -0.023326898 0.828361452
v 0.316919446 -0.0233268961 0.66590482
v -0.320649803 -0.0312720947 0.660210669
v -0.320580661 -0.0307524446 0.660710692
v -0.321577191 -0.0304961186 0.660710692
v 0.313537896 -0.0673789978 0.17478399
v 0.313537896 -0.0646887049 0.172093719
v 0.313537896 -0.061013706 0.171108991
v 0.313537896 -0.0683637112 0.178459004
v 0.313537896 -0.0673789904 0.182134002
v 0.313537896 -0.0646887124 0.184824273
v 0.313537896 -0.0610137098 0.185809001
v 0.313537896 -0.0573387109 0.184824273
v 0.313537896 -0.0546484217 0.182134002
v 0.313537896 -0.0536637083 0.178459004
v 0.313537896 -0.0546484217 0.17478399
v 0.313537896 -0.0573387109 0.172093719
v 0.313537896 -0.157619298 0.0955115929
v 0.313537896 -0.154929012 0.0928213
v 0.313537896 -0.151253998 0.091836594
v 0.313537896 -0.158603996 0.0991865918
v 0.313537896 -0.157619298 0.102861598
v 0.313537896 -0.154929012 0.105551884
v 0.313537896 -0.151253998 0.10653659
v 0.313537896 -0.147578999 0.105551884
v 0.313537896 -0.144888714 0.102861598
v 0.313537896 -0.143904001 0.0991865918
v 0.313537896 -0.144888714 0.0955115929
v 0.313537896 -0.147578999 0.0928213075
v -0.324954152 -0.231839061 0.788367271
v -0.32715416 -0.230084643 0.789707541
v -0.32715416 -0.227814019 0.787202001
v -0.324954152 -0.229195625 0.785450399
v 0.312335491 -0.203527451 0.0332614109
v 0.312335432 -0.0038778868 0.207530648
v 0.312335521 -0.0253897924 0.232175514
v 0.312335491 -0.225039363 0.0579062626
v 0.279844105 -0.323274404 0.81932646
v 0.280395687 -0.323874414 0.819080114
v 0.28219676 -0.323874414 0.822108626
v 0.28171587 -0.323274404 0.822473824
v 0.30769676 -0.323274404 0.767130911
v 0.307117254 -0.323874384 0.767300308
v 0.306046695 -0.323874384 0.764739096
v 0.306575209 -0.323274404 0.764447749
v 0.267716736 0.0248478167 0.665901661
v 0.268887401 0.0251517985 0.665901661
v 0.26823768 0.0258600134 0.66480118
v 0.26823768 0.0258600134 0.66480118
v 0.267047554 0.0255376827 0.66480118
v 0.267716736 0.0248478167 0.665901661
v 0.297590822 -0.323274404 0.757722497
v 0.294614881 -0.323274404 0.757393599
v 0.294614881 -0.321474403 0.757393599
v 0.297590822 -0.321474403 0.757722497
v 0.300353765 -0.323274404 0.758662462
v 0.300353765 -0.321474403 0.758662462
v 0.302824795 -0.323274404 0.760143399
v 0.302824795 -0.321474403 0.760143399
v 0.304924935 -0.323274404 0.762095213
v 0.304924935 -0.321474403 0.762095213
v 0.306575209 -0.323274404 0.764447749
v 0.306575209 -0.321474403 0.764447749
v 0.30769676 -0.323274404 0.767130911
v 0.30769676 -0.321474403 0.767130911
v 0.308210552 -0.323274404 0.770074666
v 0.308210552 -0.321474403 0.770074666
v 0.310731739 -0.323274404 0.811957479
v 0.310731739 -0.321474403 0.811957479
v 0.310495138 -0.323274404 0.815783978
v 0.310495138 -0.321474403 0.815783978
v 0.309385687 -0.323274404 0.81932646
v 0.309385687 -0.321474403 0.81932646
v 0.307513893 -0.323274404 0.822473824
v 0.307513893 -0.321474403 0.822473824
v 0.304990381 -0.323274404 0.825115085
v 0.304990381 -0.321474403 0.825115085
v 0.301925689 -0.323274404 0.827139199
v 0.301925689 -0.321474403 0.827139199
v 0.298430324 -0.323274404 0.828435063
v 0.298430324 -0.321474403 0.828435063
v 0.294614881 -0.323274404 0.828891695
v 0.294614881 -0.321474403 0.828891695
v 0.267516524 -0.221726924 0.0618785396
v 0.267309904 -0.224027574 0.0599382743
v 0.267315865 0.234798878 0.0605852194
v 0.309667706 -0.00212360173 0.205520868
v 0.309667706 -0.00186810596 0.209284902
v 0.312335432 -0.0038778868 0.207530648
v 0.2603558 0.26409477 0.0294943172
v 0.2603558 0.263589114 0.0276072267
v 0.25958249 0.262878448 0.0280175246
v 0.25958249 0.263274163 0.0294943172
v 0.292738706 -0.359624594 0.771982193
v 0.291907966 -0.359150201 0.776378334
v 0.29111135 -0.359450549 0.773578644
v 0.292721748 -0.359624594 0.771968246
v 0.29025799 -0.359150201 0.775694847
v 0.290814579 -0.359450549 0.773216307
v 0.292707831 -0.359624594 0.771951318
v 0.292697459 -0.359624594 0.771931946
v 0.290593386 -0.359450549 0.772803485
v 0.288995147 -0.359150201 0.774432003
v 0.288222879 -0.359150201 0.771889091
v 0.292688936 -0.359624594 0.771889091
v 0.290411502 -0.359450549 0.771889091
v 0.28831169 -0.359150201 0.772782028
v 0.290457845 -0.359450549 0.771423042
v 0.292691112 -0.359624594 0.771867216
v 0.292697459 -0.359624594 0.771846235
v 0.290814579 -0.359450549 0.770561874
v 0.28831169 -0.359150201 0.770996094
v 0.292707831 -0.359624594 0.771826863
v 0.292721748 -0.359624594 0.771809876
v 0.284851581 -0.357855827 0.770307839
v 0.289563745 -0.359150201 0.768651903
v 0.292738706 -0.359624594 0.771795988
v 0.288995147 -0.359150201 0.769346118
v 0.286061794 -0.357855827 0.767386138
v 0.286713451 -0.358597308 0.769367576
v 0.285311401 -0.357855827 0.768786848
v 0.284657001 -0.356989801 0.768515766
v 0.284404457 -0.356511146 0.76841116
v 0.284157008 -0.356989801 0.770169675
v 0.283189148 -0.357584506 0.769977152
v 0.283712655 -0.356511146 0.771889091
v 0.283500075 -0.356931806 0.771889091
v 0.284694314 -0.357855827 0.771889091
v 0.283986002 -0.356989801 0.771889091
v 0.283888966 -0.356511146 0.773661792
v 0.286211878 -0.358597308 0.771889091
v 0.284851581 -0.357855827 0.773470283
v -0.321170777 -0.0302599035 0.665901601
v -0.321839929 -0.0309497695 0.66480124
v -0.320649803 -0.0312721059 0.66480124
v -0.26751563 -0.221726909 0.0618784763
v -0.321153671 -0.221763983 0.0618482605
v -0.320932537 -0.22154586 0.0620263927
v -0.267809123 -0.221524104 0.0620441027
v 0.267516524 -0.221726924 0.0618785396
v 0.267810047 -0.221524104 0.062044166
v 0.320933461 -0.22154586 0.0620264672
v 0.321154594 -0.221763998 0.061848335
v -0.320649803 -0.0312721059 0.66480124
v -0.320000112 -0.0305638872 0.665901601
v -0.321170777 -0.0302599035 0.665901601
v -0.26730898 -0.224027559 0.059938211
v -0.321322054 -0.2240275 0.0599382669
v -0.321153671 -0.221763983 0.0618482605
v -0.321153671 -0.221763983 0.0618482605
v -0.26751563 -0.221726909 0.0618784763
v -0.26730898 -0.224027559 0.059938211
v 0.267309904 -0.224027574 0.0599382743
v 0.267516524 -0.221726924 0.0618785396
v 0.321154594 -0.221763998 0.061848335
v 0.321154594 -0.221763998 0.061848335
v 0.321322948 -0.2240275 0.0599383414
v 0.267309904 -0.224027574 0.0599382743
v 0.316919446 -0.0233268961 0.66590482
v 0.316919446 -0.023326898 0.828361452
v 0.316665828 -0.0242633373 0.828361452
v 0.316665828 -0.0242633317 0.66590482
v -0.268238306 0.0258600246 0.660210669
v -0.268307447 0.0253403746 0.660710692
v -0.267310917 0.0250840522 0.660710692
v 0.320223898 0.229423672 0.836963594
v 0.322423905 0.226592109 0.836617589
v 0.322423905 0.196626231 0.789707601
v 0.320223927 0.198380619 0.788367391
v 0.295574725 -0.356583685 0.757944286
v 0.290364772 -0.357497483 0.759641767
v 0.298786759 -0.355174869 0.757438004
v 0.298242927 -0.356583685 0.758750916
v 0.295972645 -0.35338518 0.755943835
v 0.299023628 -0.35338518 0.756866157
v 0.298556507 -0.348233491 0.757993877
v 0.301833183 -0.35338518 0.758371353
v 0.301489353 -0.355174869 0.75888592
v 0.300700009 -0.356583685 0.760067284
v 0.30386129 -0.355174869 0.760828733
v 0.304298967 -0.35338518 0.760391057
v 0.303435862 -0.348233491 0.761254132
v 0.306318641 -0.35338518 0.762856841
v 0.305804104 -0.355174869 0.763200641
v 0.302856445 -0.356583685 0.761833549
v 0.30462274 -0.356583685 0.763989985
v 0.30725199 -0.355174869 0.765903234
v 0.307823837 -0.35338518 0.765666425
v 0.306696147 -0.348233491 0.766133487
v 0.308746159 -0.35338518 0.768717408
v 0.308139205 -0.355174869 0.768838108
v 0.305939078 -0.356583685 0.766447067
v 0.307021558 -0.356583685 0.771889091
v 0.308442652 -0.355174869 0.771889091
v 0.309061587 -0.35338518 0.771889091
v 0.307841003 -0.348233491 0.771889091
v 0.308746159 -0.35338518 0.775060773
v 0.308139205 -0.355174869 0.774940073
v 0.30725199 -0.355174869 0.777874947
v 0.307823837 -0.35338518 0.778111756
v 0.306696117 -0.348233491 0.777644694
v 0.305939078 -0.356583685 0.777331114
v 0.305048227 -0.357497483 0.774325252
v 0.305048227 -0.357497483 0.769452929
v 0.309087545 0.274045765 0.0520817786
v 0.312749594 0.273287386 0.0507681407
v 0.309087545 0.282105505 0.0448247865
v 0.312749594 0.263572663 0.0539246425
v 0.314266413 0.263189882 0.0502826758
v 0.314266413 0.254545569 0.0493741259
v 0.314266413 0.261004895 0.0294943191
v 0.309087515 0.263731182 0.0554331988
v 0.314266413 0.247018173 0.0450281724
v 0.314266413 0.241909191 0.0379962809
v 0.312749594 0.244567797 0.0477495939
v 0.312749594 0.253413945 0.0528569259
v 0.309087515 0.252945215 0.0542995445
v 0.273151428 0.263731182 0.0554331951
v 0.273151428 0.252945215 0.0542995408
v 0.273151428 0.274045765 0.0520817712
v 0.269489408 0.263572603 0.0539246388
v 0.269489408 0.253413945 0.0528569184
v 0.269489408 0.273287326 0.0507681333
v 0.273151428 0.282105505 0.044824779
v 0.269489408 0.280878335 0.0439331904
v 0.267972559 0.271456331 0.0475967303
v 0.267972559 0.277915657 0.0417807065
v 0.273151428 0.286516696 0.0349170081
v 0.267972559 0.263189852 0.050282672
v 0.309087545 0.286516696 0.0349170156
v 0.267972559 0.261004925 0.0294943154
v 0.267972559 0.254545569 0.0493741184
v 0.269489408 0.244567782 0.0477495939
v 0.267972559 0.247018188 0.0450281724
v 0.269489408 0.238563776 0.03948576
v 0.267972559 0.241909191 0.0379962735
v 0.269489408 0.236440018 0.0294943154
v 0.267972559 0.240102053 0.0294943154
v 0.269489408 0.238563761 0.0195028856
v 0.273151457 0.237178028 0.0188859254
v 0.267972559 0.241909191 0.0209923647
v 0.273151428 0.243552804 0.0101118069
v 0.309087545 0.243552789 0.0101118088
v 0.309087545 0.252945185 0.00468910206
v 0.269489408 0.244567782 0.0112390518
v 0.273151428 0.252945185 0.0046891002
v 0.309087545 0.263731152 0.00355543941
v 0.267972559 0.247018144 0.0139604695
v 0.269489408 0.253413945 0.00613172073
v 0.273151428 0.263731152 0.00355543778
v 0.309087545 0.274045765 0.00690684933
v 0.267972559 0.254545569 0.00961451512
v 0.269489408 0.263572603 0.00506399106
v 0.273151428 0.274045765 0.00690684794
v 0.309087545 0.282105446 0.0141638387
v 0.267972559 0.263189822 0.00870595872
v 0.269489408 0.273287326 0.00822048727
v 0.273151428 0.282105476 0.0141638387
v 0.309087545 0.286516696 0.0240716096
v 0.267972559 0.271456301 0.0113918986
v 0.269489408 0.280878305 0.0150554273
v 0.273151428 0.286516696 0.024071604
v 0.269489408 0.285032988 0.0243869778
v 0.267972559 0.277915657 0.017207915
v 0.267972559 0.281450987 0.0251483601
v 0.269489408 0.285032988 0.0346016362
v 0.267972559 0.281450987 0.0338402614
v 0.269623905 0.228408024 0.838817596
v 0.267423898 0.226592109 0.836617589
v 0.267423838 -0.260050565 0.836617589
v 0.269623816 -0.26186645 0.838817596
v 0.269623905 0.229423687 0.836963594
v 0.267423898 0.226592109 0.836617589
v 0.269623905 0.228408024 0.838817596
v 0.319743335 0.257052064 0.0276072267
v 0.319743335 0.258433521 0.0262257811
v 0.320516586 0.258843809 0.0269364417
v 0.320516586 0.25776273 0.0280175265
v -0.267310917 0.0250840522 0.660710692
v -0.26704818 0.0255376939 0.660210669
v -0.268238306 0.0258600246 0.660210669
v -0.324954093 0.192360625 0.78358382
v -0.32715407 0.191628247 0.785691142
v -0.32715407 0.194386229 0.787202001
v -0.324954093 0.195767835 0.785450399
v -0.321322054 -0.2240275 0.0599382669
v -0.26730898 -0.224027559 0.059938211
v -0.26731506 -0.274020255 0.0142772673
v -0.321315944 -0.274020284 0.0142772626
v 0.321322948 -0.2240275 0.0599383414
v 0.321316868 -0.274020284 0.0142773381
v 0.267315924 -0.274020255 0.0142773287
v 0.267309904 -0.224027574 0.0599382743
v 0.321576595 -0.0304961205 0.660710752
v 0.320580035 -0.0307524446 0.660710752
v 0.320649236 -0.0312720984 0.660210729
v 0.320649236 -0.0312720984 0.660210729
v 0.321839303 -0.0309497602 0.660210729
v 0.321576595 -0.0304961205 0.660710752
v -0.312336266 -0.225039363 0.0579062775
v -0.309668541 -0.226793647 0.0599160492
v -0.309668511 -0.0271440614 0.234185278
v -0.312336236 -0.0253897831 0.232175514
v 0.294531792 0.176736757 0.00336206402
v 0.294531792 0.176736757 0.0168161821
v 0.28617385 0.17839922 0.00336206402
v 0.28617385 0.17839922 0.0168161821
v 0.302889705 0.17839925 0.0168161821
v 0.279088378 0.183133617 0.00336206402
v 0.302889705 0.17839925 0.00336206402
v 0.279088378 0.183133617 0.0168161821
v 0.309975207 0.183133617 0.0168161821
v 0.274353981 0.190219119 0.00336206402
v 0.309975207 0.183133617 0.00336206402
v 0.274353981 0.190219119 0.0168161821
v 0.314709604 0.190219134 0.0168161821
v 0.272691458 0.198577046 0.00336206402
v 0.314709604 0.190219134 0.00336206402
v 0.272691458 0.198577046 0.0168161821
v 0.316372126 0.198577061 0.0168161821
v 0.274353981 0.206934974 0.00336206402
v 0.316372126 0.198577061 0.00336206402
v 0.274353981 0.206934974 0.0168161821
v 0.314709604 0.206934988 0.0168161821
v 0.279088348 0.214020476 0.00336206402
v 0.314709604 0.206934988 0.00336206402
v 0.279088348 0.214020476 0.0168161821
v 0.309975207 0.214020506 0.0168161821
v 0.28617388 0.218754858 0.00336206402
v 0.309975207 0.214020506 0.00336206402
v 0.28617388 0.218754858 0.0168161821
v 0.302889675 0.218754888 0.0168161821
v 0.294531792 0.220417365 0.00336206402
v 0.302889675 0.218754888 0.00336206402
v 0.294531792 0.220417365 0.0168161821
v 0.267315865 0.234798953 0.0142773381
v 0.267315865 0.26335302 0.012348732
v 0.267315865 0.267048299 0.0127750821
v 0.267309904 -0.224027574 0.0599382743
v 0.267315924 -0.274020255 0.0142773287
v 0.267315865 0.234798878 0.0605852194
v 0.267315865 0.279480189 0.0284759123
v 0.267315865 0.279480189 0.0605851747
v 0.267315865 0.277839631 0.0213870984
v 0.267315865 0.279053837 0.0247806273
v 0.267315865 0.273436368 0.0158942267
v 0.267315865 0.275934666 0.0183925554
v 0.267315865 0.2704418 0.0139893238
v -0.268238306 0.0258600153 0.66480124
v -0.268888026 0.0251517985 0.665901601
v -0.267717361 0.0248478167 0.665901601
v -0.312749147 0.263572663 0.00506391935
v -0.309087098 0.263731211 0.00355536817
v -0.309087098 0.252945215 0.00468902849
v -0.27315101 0.252945215 0.00468903454
v -0.27315101 0.243552819 0.0101117436
v -0.26948899 0.244567797 0.0112389894
v -0.26948899 0.238563776 0.0195028242
v -0.314265996 0.271456361 0.0113918269
v -0.312749118 0.273287386 0.00822041556
v -0.314265996 0.277915716 0.0172078442
v -0.309087098 0.274045795 0.00690677576
v -0.27315101 0.263731211 0.00355537399
v -0.26948899 0.253413945 0.006131656
v -0.312749118 0.280878335 0.0150553565
v -0.314265996 0.281451017 0.0251482893
v -0.309087098 0.282105505 0.0141637679
v -0.27315101 0.274045795 0.00690678181
v -0.26948899 0.263572633 0.00506392634
v -0.312749147 0.285033017 0.0243869089
v -0.314265996 0.281451017 0.0338401906
v -0.309087098 0.286516756 0.024071537
v -0.27315101 0.282105505 0.0141637735
v -0.26948899 0.273287356 0.00822042301
v -0.312749147 0.285033047 0.0346015692
v -0.314265996 0.277915716 0.0417806357
v -0.314265996 0.271456391 0.0475966558
v -0.312749147 0.280878365 0.0439331234
v -0.309087098 0.286516756 0.0349169411
v -0.27315101 0.286516726 0.0240715425
v -0.314265996 0.263189882 0.050282605
v -0.314265996 0.254545599 0.0493740551
v -0.312749147 0.273287386 0.0507680662
v -0.312749147 0.263572663 0.0539245717
v -0.312749147 0.253413975 0.0528568514
v -0.309087098 0.282105535 0.044824712
v -0.27315101 0.286516726 0.0349169448
v -0.309087098 0.274045825 0.0520817079
v -0.309087127 0.263731241 0.0554331243
v -0.309087127 0.252945244 0.05429947
v -0.27315101 0.282105535 0.0448247194
v -0.27315101 0.274045825 0.0520817153
v -0.27315104 0.263731211 0.055433128
v -0.27315104 0.252945244 0.0542994775
v -0.26948899 0.285033017 0.0346015729
v -0.26948899 0.280878365 0.0439331308
v -0.26948899 0.273287386 0.0507680736
v -0.26948899 0.263572663 0.0539245792
v -0.26948899 0.253413975 0.0528568588
v -0.27315104 0.243552834 0.0488767736
v -0.267972142 0.271456361 0.0475966632
v -0.26948899 0.244567811 0.0477495305
v -0.27315104 0.237178057 0.0401026607
v -0.26948899 0.238563776 0.0394856967
v -0.267972142 0.263189882 0.0502826124
v -0.267972142 0.254545599 0.0493740626
v -0.267972142 0.247018188 0.0450281128
v -0.267972142 0.241909206 0.0379962176
v -0.26948899 0.236440033 0.0294942539
v -0.267972142 0.240102068 0.0294942539
v -0.267972142 0.241909206 0.0209923051
v -0.267972142 0.247018173 0.0139604062
v -0.267972142 0.254545569 0.00961445086
v -0.267972142 0.263189852 0.00870589446
v -0.267972142 0.271456361 0.0113918344
v -0.26948899 0.280878335 0.0150553631
v -0.267972142 0.277915686 0.0172078516
v -0.26948899 0.285033017 0.0243869163
v -0.267972142 0.281451017 0.0251482967
v -0.267972142 0.281451017 0.0338401981
v -0.267972142 0.277915716 0.0417806432
v 0.315063268 0.0197709836 0.66590482
v 0.315063268 0.0197709799 0.828361452
v 0.315999687 0.0195173472 0.828361452
v 0.315999687 0.0195173509 0.66590482
v -0.267717361 0.0248478167 0.665901601
v -0.26704818 0.0255376827 0.66480124
v -0.268238306 0.0258600153 0.66480124
v -0.294531971 0.176736742 0.0168161821
v -0.294531971 0.176736742 0.00336206402
v -0.286174059 0.178399235 0.00336206402
v -0.302889884 0.178399235 0.0168161821
v -0.286174059 0.178399235 0.0168161821
v -0.302889884 0.178399235 0.00336206402
v -0.279088527 0.183133617 0.00336206402
v -0.309975386 0.183133617 0.0168161821
v -0.279088527 0.183133617 0.0168161821
v -0.309975386 0.183133617 0.00336206402
v -0.27435416 0.190219119 0.00336206402
v -0.314709783 0.190219119 0.0168161821
v -0.27435416 0.190219119 0.0168161821
v -0.314709783 0.190219119 0.00336206402
v -0.272691667 0.198577046 0.00336206402
v -0.316372275 0.198577046 0.0168161821
v -0.272691667 0.198577046 0.0168161821
v -0.316372275 0.198577046 0.00336206402
v -0.27435416 0.206934974 0.00336206402
v -0.314709783 0.206934974 0.0168161821
v -0.27435416 0.206934974 0.0168161821
v -0.314709783 0.206934974 0.00336206402
v -0.279088527 0.214020476 0.00336206402
v -0.309975386 0.214020491 0.0168161821
v -0.279088527 0.214020476 0.0168161821
v -0.309975386 0.214020491 0.00336206402
v -0.286174029 0.218754858 0.00336206402
v -0.302889884 0.218754858 0.0168161821
v -0.286174029 0.218754858 0.0168161821
v -0.302889884 0.218754858 0.00336206402
v -0.294531971 0.220417351 0.00336206402
v -0.294531971 0.220417351 0.0168161821
v -0.267809123 -0.221524104 0.0620441027
v -0.320932537 -0.22154586 0.0620263927
v -0.319772065 -0.221356913 0.0622225367
v 0.319772959 -0.221356928 0.0622226112
v 0.320933461 -0.22154586 0.0620264672
v 0.267810047 -0.221524104 0.062044166
v 0.301925689 -0.321474403 0.827139199
v 0.301652521 -0.320874393 0.826600552
v 0.298288435 -0.320874393 0.827847779
v 0.298430324 -0.321474403 0.828435063
v 0.320649236 -0.0312721059 0.66480118
v 0.321839303 -0.0309497695 0.66480118
v 0.321170092 -0.0302599054 0.665901661
v 0.321170092 -0.0302599054 0.665901661
v 0.319999427 -0.0305638872 0.665901661
v 0.320649236 -0.0312721059 0.66480118
v 0.304990381 -0.321474403 0.825115085
v 0.304603279 -0.320874393 0.824651718
v 0.301652521 -0.320874393 0.826600552
v 0.301925689 -0.321474403 0.827139199
v -0.319772065 -0.221356913 0.0622225367
v -0.268858999 -0.221356973 0.0622225441
v -0.267809123 -0.221524104 0.0620441027
v 0.267810047 -0.221524104 0.062044166
v 0.268859893 -0.221356988 0.0622226074
v 0.319772959 -0.221356928 0.0622226112
v 0.26665467 0.0244284011 0.660710752
v 0.267310262 0.0250840466 0.660710752
v 0.267047554 0.025537692 0.660210729
v 0.266200989 0.0246911254 0.660210729
v 0.321154594 -0.221763998 0.061848335
v 0.320933461 -0.22154586 0.0620264672
v 0.320794642 0.234788805 0.0619995445
v -0.319742858 0.256546438 0.0294942446
v -0.320516139 0.257367045 0.0294942446
v -0.320516139 0.25776276 0.028017452
v -0.319742858 0.257052094 0.0276071522
v 0.290560812 -0.322265208 0.804599345
v 0.290560842 -0.219171181 0.804599345
v 0.294701904 -0.219171181 0.803489745
v 0.28752932 -0.322265208 0.807630837
v 0.294701904 -0.322265208 0.803489745
v 0.287529349 -0.219171181 0.807630837
v 0.298842996 -0.219171181 0.804599345
v 0.286419719 -0.322265208 0.81177187
v 0.298842967 -0.322265208 0.804599345
v 0.286419749 -0.219171181 0.81177187
v 0.301874489 -0.219171196 0.807630837
v 0.28752932 -0.322265208 0.815912962
v 0.301874459 -0.322265208 0.807630837
v 0.287529349 -0.219171181 0.815912962
v 0.302984089 -0.219171196 0.811771929
v 0.290560812 -0.322265208 0.818944454
v 0.302984059 -0.322265208 0.811771929
v 0.290560812 -0.219171181 0.818944454
v 0.301874459 -0.219171196 0.815912962
v 0.294701904 -0.322265208 0.820054054
v 0.301874459 -0.322265208 0.815912962
v 0.294701904 -0.219171181 0.820054054
v 0.298842996 -0.219171181 0.818944454
v 0.298842967 -0.322265208 0.818944454
v 0.306575209 -0.323274404 0.764447749
v 0.306046695 -0.323874384 0.764739096
v 0.304470092 -0.323874384 0.762491643
v 0.304924935 -0.323274404 0.762095213
v 0.323245466 -0.224576369 0.061431367
v 0.323245347 0.23478891 0.0607761554
v 0.322870404 0.234788969 0.0626511872
v 0.322870404 0.279480189 0.0626511872
v 0.322870404 0.234788969 0.0626511872
v 0.323245347 0.23478891 0.0607761554
v 0.323245347 0.279480189 0.0607761554
v -0.322686493 0.0246911198 0.661210716
v -0.322232842 0.0244283937 0.660710692
v -0.322489172 0.0234318729 0.660710692
v 0.304266423 -0.224396884 0.81576252
v 0.30171445 -0.224396884 0.819275022
v 0.29795447 -0.224396884 0.821445823
v 0.289507419 -0.224396884 0.820558012
v 0.29363659 -0.224396884 0.821899652
v 0.28628096 -0.224396884 0.817652881
v 0.284515053 -0.224396884 0.81368655
v 0.28628096 -0.224396884 0.805378616
v 0.284515053 -0.224396884 0.809344888
v 0.30171445 -0.224396884 0.803756475
v 0.305169106 -0.224396884 0.811515749
v 0.304266423 -0.224396884 0.807268977
v 0.29363659 -0.224396884 0.801131845
v 0.29795447 -0.224396884 0.801585674
v 0.289507449 -0.224396884 0.802473485
v 0.298430324 -0.321474403 0.828435063
v 0.298288435 -0.320874393 0.827847779
v 0.294614881 -0.320874393 0.828287423
v 0.294614881 -0.321474403 0.828891695
v 0.278734624 -0.323274404 0.815783978
v 0.279329002 -0.323874414 0.815674186
v 0.280395687 -0.323874414 0.819080114
v 0.279844105 -0.323274404 0.81932646
v -0.320580661 -0.0307524446 0.660710692
v -0.320649803 -0.0312720947 0.660210669
v -0.268238306 -0.0312720947 0.660210669
v -0.268307447 -0.0307524446 0.660710692
v -0.322489172 0.0234318729 0.660710692
v -0.323008835 0.0235009976 0.661210716
v -0.322686493 0.0246911198 0.661210716
v 0.266890854 0.0240219235 0.665901661
v 0.267716736 0.0248478167 0.665901661
v 0.267047554 0.0255376827 0.66480118
v 0.266200989 0.0246911086 0.66480118
v 0.320580035 -0.0307524446 0.660710752
v 0.268306822 -0.0307524446 0.660710752
v 0.26823768 -0.0312720984 0.660210729
v 0.320649236 -0.0312720984 0.660210729
v 0.319743335 0.263589144 0.0313814096
v 0.319743335 0.262207687 0.0327628553
v 0.320516586 0.261797398 0.0320521966
v 0.320516586 0.262878478 0.0309711099
v 0.307513893 -0.321474403 0.822473824
v 0.307033032 -0.320874393 0.822108626
v 0.304603279 -0.320874393 0.824651718
v 0.304990381 -0.321474403 0.825115085
v -0.324954152 -0.229195625 0.785450399
v -0.32715416 -0.227814019 0.787202001
v -0.32715416 -0.225056008 0.785691142
v -0.324954152 -0.22578837 0.783583879
v 0.320223927 0.198380619 0.788367391
v 0.322423905 0.196626231 0.789707601
v 0.322423905 0.194355562 0.78720212
v 0.320223927 0.195737168 0.785450518
v -0.322489172 -0.0288439412 0.660710692
v -0.323008835 -0.0289130714 0.661210716
v -0.323008835 0.0235009976 0.661210716
v -0.322489172 0.0234318729 0.660710692
v 0.274287045 -0.225039378 0.0579062738
v 0.274287015 -0.203527465 0.0332614034
v 0.27695471 -0.20553726 0.0315071009
v 0.2769548 -0.227049172 0.0561519675
v 0.322870404 0.234788969 0.0626511872
v 0.322870463 -0.222798601 0.0629423857
v 0.323245466 -0.224576369 0.061431367
v -0.276955515 -0.227049157 0.0561519824
v -0.276955515 -0.226793647 0.0599160492
v -0.309668541 -0.226793647 0.0599160492
v -0.309668541 -0.227049157 0.0561519824
v 0.2769548 -0.227049172 0.0561519675
v 0.309667766 -0.227049187 0.0561519675
v 0.309667766 -0.226793647 0.0599160381
v 0.2769548 -0.226793662 0.059916053
v 0.322685868 -0.0301031768 0.056632001
v 0.32300815 -0.0289130546 0.056632001
v 0.32300815 -0.0289130714 0.660210729
v 0.322685868 -0.0301031861 0.660210729
v 0.321839303 -0.0309497472 0.056632001
v 0.321839303 -0.0309497602 0.660210729
v 0.320649236 -0.0312720835 0.056632001
v 0.320649236 -0.0312720984 0.660210729
v 0.322685868 -0.0301032029 0.66480118
v 0.322685868 -0.0301031917 0.661210775
v 0.32300815 -0.0289130714 0.661210775
v 0.32300815 -0.0289130844 0.66480118
v 0.321839303 -0.0309497695 0.66480118
v 0.321839303 -0.0309497602 0.661210775
v 0.320649236 -0.0312721059 0.66480118
v 0.320649236 -0.0312721021 0.661210775
v -0.320649803 0.0258600395 0.056632001
v -0.320649803 0.0258600246 0.660210669
v -0.268238306 0.0258600246 0.660210669
v -0.268238306 0.0258600395 0.056632001
v -0.320649803 0.0258600153 0.66480124
v -0.268238306 0.0258600153 0.66480124
v -0.268238306 0.0258600246 0.661210716
v -0.320649803 0.0258600246 0.661210716
v 0.320649236 0.0258600414 0.056632001
v 0.26823768 0.0258600414 0.056632001
v 0.26823768 0.0258600209 0.660210729
v 0.320649236 0.0258600209 0.660210729
v 0.320649236 0.0258600134 0.66480118
v 0.320649236 0.0258600209 0.661210775
v 0.26823768 0.0258600209 0.661210775
v 0.26823768 0.0258600134 0.66480118
v -0.322232842 -0.02984046 0.660710692
v -0.322686493 -0.0301031917 0.661210716
v -0.323008835 -0.0289130714 0.661210716
v -0.273824215 0.0197709855 0.66590482
v -0.315063894 0.0197709855 0.66590482
v -0.315063894 0.0197709799 0.828361452
v -0.273824215 0.0197709799 0.828361452
v 0.273823589 0.0197709836 0.66590482
v 0.273823589 0.0197709799 0.828361452
v 0.315063268 0.0197709799 0.828361452
v 0.315063268 0.0197709836 0.66590482
v 0.267047554 -0.0309497546 0.660210729
v 0.26823768 -0.0312720984 0.660210729
v 0.268306822 -0.0307524446 0.660710752
v -0.319742858 0.262207717 0.0327627808
v -0.320516139 0.261797428 0.0320521221
v -0.320516139 0.260320634 0.0324478261
v -0.319742858 0.260320634 0.0332684256
v -0.323008835 -0.0289130714 0.661210716
v -0.322489172 -0.0288439412 0.660710692
v -0.322232842 -0.02984046 0.660710692
v 0.316665828 -0.0242633317 0.66590482
v 0.316665828 -0.0242633373 0.828361452
v 0.315999687 -0.0249294564 0.828361452
v 0.315999687 -0.0249294527 0.66590482
v -0.260355353 0.263589144 0.0276071653
v -0.259582072 0.262878507 0.028017465
v -0.259582072 0.261797398 0.0269363783
v -0.260355353 0.262207717 0.0262257196
v 0.268306822 -0.0307524446 0.660710752
v 0.267310262 -0.030496113 0.660710752
v 0.267047554 -0.0309497546 0.660210729
v 0.294614881 -0.321474403 0.828891695
v 0.294614881 -0.320874393 0.828287423
v 0.290941358 -0.320874393 0.827847779
v 0.290799439 -0.321474403 0.828435063
v 0.320794553 0.279480189 0.0619995706
v 0.321093708 0.279480189 0.0617003627
v 0.321093678 0.234788522 0.0617004111
v -0.276955515 -0.205537245 0.0315071084
v -0.276955515 -0.201773182 0.0312516354
v -0.27428779 -0.203527465 0.0332614072
v 0.321093678 0.234788522 0.0617004111
v 0.320794642 0.234788805 0.0619995445
v 0.320794553 0.279480189 0.0619995706
v 0.320794642 0.234788805 0.0619995445
v 0.321093678 0.234788522 0.0617004111
v 0.321154594 -0.221763998 0.061848335
v 0.269623816 -0.26186645 0.838817596
v 0.267423838 -0.260050565 0.836617589
v 0.269623816 -0.262882113 0.836963594
v 0.309385687 -0.321474403 0.81932646
v 0.308834076 -0.320874393 0.819080114
v 0.307033032 -0.320874393 0.822108626
v 0.307513893 -0.321474403 0.822473824
v -0.276955485 -0.00186810945 0.209284917
v -0.276955485 -0.00212359894 0.205520868
v -0.309668511 -0.00212359475 0.205520868
v -0.309668511 -0.00186810526 0.209284917
v 0.27695471 -0.00186810747 0.209284902
v 0.309667706 -0.00186810596 0.209284902
v 0.309667706 -0.00212360173 0.205520868
v 0.27695471 -0.00212360336 0.205520868
v 0.320223838 -0.231839061 0.788367391
v 0.322423846 -0.230084643 0.789707601
v 0.322423816 -0.260050565 0.836617589
v 0.320223808 -0.262882143 0.836963594
v -0.322569519 -0.225291297 0.0613961183
v -0.323244542 -0.224576354 0.0614312887
v -0.323244542 -0.278316617 0.0123486593
v -0.322232842 0.0244283937 0.660710692
v -0.322686493 0.0246911198 0.661210716
v -0.321839929 0.0255376827 0.661210716
v -0.321577191 0.0250840466 0.660710692
v -0.323244542 -0.278316617 0.0123486593
v -0.322569519 -0.278492093 0.0128026707
v -0.322569519 -0.225291297 0.0613961183
v 0.2603558 0.260320604 0.0257201344
v 0.2603558 0.258433521 0.0262257792
v 0.25958249 0.258843839 0.0269364379
v 0.25958249 0.260320604 0.0265407339
v -0.309668511 -0.0233800132 0.233929798
v -0.312336236 -0.0253897831 0.232175514
v -0.309668511 -0.0271440614 0.234185278
v 0.312335521 -0.0253897924 0.232175514
v 0.312335432 -0.0038778868 0.207530648
v 0.309667706 -0.00186810596 0.209284902
v 0.309667796 -0.0233800281 0.233929783
v 0.304924935 -0.323274404 0.762095213
v 0.304470092 -0.323874384 0.762491643
v 0.302462399 -0.323874384 0.76062572
v 0.302824795 -0.323274404 0.760143399
v -0.320000112 -0.0305638872 0.665901601
v -0.320649803 -0.0312721059 0.66480124
v -0.268238306 -0.0312721059 0.66480124
v -0.268888026 -0.0305638872 0.665901601
v 0.319999427 -0.0305638872 0.665901661
v 0.268887401 -0.0305638872 0.665901661
v 0.26823768 -0.0312721059 0.66480118
v 0.320649236 -0.0312721059 0.66480118
v 0.266200989 0.0246911254 0.660210729
v 0.265878677 0.0235010032 0.660210729
v 0.266398311 0.0234318729 0.660710752
v -0.324954093 0.188479409 0.782926381
v -0.32715407 0.188294396 0.785126388
v -0.32715407 0.191628247 0.785691142
v -0.324954093 0.192360625 0.78358382
v 0.266398311 0.0234318729 0.660710752
v 0.26665467 0.0244284011 0.660710752
v 0.266200989 0.0246911254 0.660210729
v 0.267047554 -0.030949764 0.66480118
v 0.26823768 -0.0312721059 0.66480118
v 0.268887401 -0.0305638872 0.665901661
v 0.268887401 -0.0305638872 0.665901661
v 0.267716736 -0.0302599017 0.665901661
v 0.267047554 -0.030949764 0.66480118
v -0.324954152 -0.22578837 0.783583879
v -0.32715416 -0.225056008 0.785691142
v -0.32715416 -0.221722171 0.785126388
v -0.324954152 -0.221907184 0.782926381
v -0.268307447 -0.0307524446 0.660710692
v -0.268238306 -0.0312720947 0.660210669
v -0.26704818 -0.0309497546 0.660210669
v -0.26704818 -0.0309497546 0.660210669
v -0.267310917 -0.030496113 0.660710692
v -0.268307447 -0.0307524446 0.660710692
v -0.260355353 0.262207717 0.0262257196
v -0.259582072 0.261797398 0.0269363783
v -0.259582072 0.260320634 0.0265406724
v -0.260355353 0.260320634 0.0257200748
v 0.278498024 -0.323274404 0.811957479
v 0.279099137 -0.323874414 0.811957002
v 0.279329002 -0.323874414 0.815674186
v 0.278734624 -0.323274404 0.815783978
v 0.267310262 -0.030496113 0.660710752
v 0.266654611 -0.0298404656 0.660710752
v 0.266200989 -0.0301031917 0.660210729
v 0.267047554 -0.0309497546 0.660210729
v 0.266398311 -0.0288439412 0.660710752
v 0.266398311 0.0234318729 0.660710752
v 0.265878677 0.0235010032 0.660210729
v 0.265878677 -0.0289130714 0.660210729
v 0.27288717 0.0195173584 0.66590482
v 0.27288717 0.0195173547 0.828361452
v 0.273823589 0.0197709799 0.828361452
v 0.273823589 0.0197709836 0.66590482
v 0.290799439 -0.321474403 0.828435063
v 0.290941358 -0.320874393 0.827847779
v 0.287577271 -0.320874393 0.826600552
v 0.287304103 -0.321474403 0.827139199
v 0.266654611 -0.0298404656 0.660710752
v 0.266398311 -0.0288439412 0.660710752
v 0.265878677 -0.0289130714 0.660210729
v 0.2603558 0.263589114 0.0313814059
v 0.2603558 0.26409477 0.0294943172
v 0.25958249 0.263274163 0.0294943172
v 0.25958249 0.262878448 0.0309711061
v 0.310495138 -0.321474403 0.815783978
v 0.30990079 -0.320874393 0.815674245
v 0.308834076 -0.320874393 0.819080114
v 0.309385687 -0.321474403 0.81932646
v 0.320223838 -0.229195625 0.785450518
v 0.322423846 -0.227814019 0.78720212
v 0.322423846 -0.230084643 0.789707601
v 0.320223838 -0.231839061 0.788367391
v 0.265878677 -0.0289130714 0.660210729
v 0.266200989 -0.0301031917 0.660210729
v 0.266654611 -0.0298404656 0.660710752
v -0.316000313 -0.0249294527 0.66590482
v -0.315063894 -0.0251830816 0.66590482
v -0.315063894 -0.0251830854 0.828361452
v -0.316000313 -0.0249294564 0.828361452
v -0.321744442 0.279480219 0.063776128
v -0.32286945 0.279480219 0.0626511127
v -0.32286945 0.234788984 0.0626511127
v -0.321744442 0.234789208 0.063776128
v -0.321744442 0.234789208 0.063776128
v -0.32286945 0.234788984 0.0626511127
v -0.322869539 -0.222798601 0.0629423112
v 0.266200989 0.0246911086 0.66480118
v 0.265878677 0.0235009957 0.66480118
v 0.26658687 0.0228512567 0.665901661
v -0.324954152 -0.221907184 0.782926381
v -0.32715416 -0.221722171 0.785126388
v -0.32715407 0.188294396 0.785126388
v -0.324954093 0.188479409 0.782926381
v 0.26658687 0.0228512567 0.665901661
v 0.266890854 0.0240219235 0.665901661
v 0.266200989 0.0246911086 0.66480118
v 0.267716736 -0.0302599017 0.665901661
v 0.266890854 -0.0294340122 0.665901661
v 0.266200989 -0.0301032029 0.66480118
v 0.267047554 -0.030949764 0.66480118
v -0.260355353 0.2640948 0.0294942558
v -0.259582072 0.263274193 0.0294942558
v -0.259582072 0.262878507 0.028017465
v -0.260355353 0.263589144 0.0276071653
v -0.266655266 0.0244283974 0.660710692
v -0.266201615 0.0246911254 0.660210669
v -0.26704818 0.0255376939 0.660210669
v -0.267310917 0.0250840522 0.660710692
v 0.274287015 -0.203527465 0.0332614034
v 0.274287015 -0.00387788774 0.207530648
v 0.27695471 -0.00212360336 0.205520868
v 0.27695471 -0.201773196 0.0312516354
v 0.302824795 -0.323274404 0.760143399
v 0.302462399 -0.323874384 0.76062572
v 0.300100088 -0.323874384 0.759209931
v 0.300353765 -0.323274404 0.758662462
v -0.268888026 -0.0305638872 0.665901601
v -0.268238306 -0.0312721059 0.66480124
v -0.26704818 -0.030949764 0.66480124
v -0.26704818 -0.030949764 0.66480124
v -0.267717361 -0.0302599017 0.665901601
v -0.268888026 -0.0305638872 0.665901601
v 0.281019211 -0.323274404 0.770074666
v 0.281616092 -0.323874414 0.770144463
v 0.279099137 -0.323874414 0.811957002
v 0.278498024 -0.323274404 0.811957479
v -0.27435416 -0.26186648 0.838817537
v -0.272154182 -0.260050565 0.836617529
v -0.272154093 0.226622745 0.836617529
v -0.27435407 0.228438661 0.838817537
v -0.323244542 -0.224576354 0.0614312887
v -0.322569519 -0.225291297 0.0613961183
v -0.322230846 -0.223680526 0.0627547354
v -0.322230846 -0.223680526 0.0627547354
v -0.322869539 -0.222798601 0.0629423112
v -0.323244542 -0.224576354 0.0614312887
v 0.320223927 0.195737168 0.785450518
v 0.322423905 0.194355562 0.78720212
v 0.322423905 0.191597596 0.785691202
v 0.320223898 0.192329958 0.783583939
v -0.26689145 0.0240219235 0.665901601
v -0.266201615 0.0246911105 0.66480124
v -0.26704818 0.0255376827 0.66480124
v -0.267717361 0.0248478167 0.665901601
v 0.312335491 -0.225039363 0.0579062626
v 0.312335521 -0.0253897924 0.232175514
v 0.309667796 -0.0271440651 0.234185278
v 0.309667766 -0.226793647 0.0599160381
v 0.266890854 -0.0294340122 0.665901661
v 0.26658687 -0.0282633454 0.665901661
v 0.265878677 -0.0289130844 0.66480118
v -0.321577191 -0.0304961186 0.660710692
v -0.321839929 -0.0309497602 0.661210716
v -0.322686493 -0.0301031917 0.661210716
v -0.322232842 -0.02984046 0.660710692
v 0.265878677 -0.0289130844 0.66480118
v 0.266200989 -0.0301032029 0.66480118
v 0.266890854 -0.0294340122 0.665901661
v -0.320793718 0.23478882 0.06199947
v -0.320932537 -0.22154586 0.0620263927
v -0.321153671 -0.221763983 0.0618482605
v -0.272154093 0.226622745 0.836617529
v -0.2743541 0.229454324 0.836963475
v -0.27435407 0.228438661 0.838817537
v 0.281533033 -0.323274404 0.767130911
v 0.282112539 -0.323874384 0.767300308
v 0.281616092 -0.323874414 0.770144463
v 0.281019211 -0.323274404 0.770074666
v -0.272887796 0.0195173565 0.66590482
v -0.273824215 0.0197709855 0.66590482
v -0.273824215 0.0197709799 0.828361452
v -0.272887796 0.0195173547 0.828361452
v -0.319742858 0.257052094 0.0313813351
v -0.320516139 0.25776276 0.0309710354
v -0.320516139 0.257367045 0.0294942446
v -0.319742858 0.256546438 0.0294942446
v 0.287304103 -0.321474403 0.827139199
v 0.287577271 -0.320874393 0.826600552
v 0.284626484 -0.320874393 0.824651718
v 0.284239382 -0.321474403 0.825115085
v 0.26658687 -0.0282633454 0.665901661
v 0.26658687 0.0228512567 0.665901661
v 0.265878677 0.0235009957 0.66480118
v 0.265878677 -0.0289130844 0.66480118
v 0.322488546 0.0234318729 0.660710752
v 0.322232246 0.02442839 0.660710752
v 0.322685868 0.0246911179 0.661210775
v 0.274287045 -0.225039378 0.0579062738
v 0.2769548 -0.227049172 0.0561519675
v 0.2769548 -0.226793662 0.059916053
v 0.315999687 -0.0249294527 0.66590482
v 0.315999687 -0.0249294564 0.828361452
v 0.315063268 -0.0251830854 0.828361452
v 0.315063268 -0.0251830816 0.66590482
v 0.310731739 -0.321474403 0.811957479
v 0.310130626 -0.320874393 0.811957002
v 0.30990079 -0.320874393 0.815674245
v 0.310495138 -0.321474403 0.815783978
v 0.322232246 0.02442839 0.660710752
v 0.321576595 0.0250840466 0.660710752
v 0.321839303 0.0255376827 0.661210775
v 0.322685868 0.0246911179 0.661210775
v 0.322685868 0.0246911179 0.661210775
v 0.32300815 0.0235009957 0.661210775
v 0.322488546 0.0234318729 0.660710752
v 0.319743335 0.256546438 0.029494321
v 0.319743335 0.257052064 0.0276072267
v 0.320516586 0.25776273 0.0280175265
v 0.320516586 0.25776273 0.0280175265
v 0.320516586 0.257367015 0.029494321
v 0.319743335 0.256546438 0.029494321
v -0.322869539 -0.222798601 0.0629423112
v -0.321744531 -0.2216869 0.0638489276
v -0.321744442 0.234789208 0.063776128
v 0.300353765 -0.323274404 0.758662462
v 0.300100088 -0.323874384 0.759209931
v 0.297459692 -0.323874384 0.758311629
v 0.297590822 -0.323274404 0.757722497
v -0.321577191 0.0250840466 0.660710692
v -0.321839929 0.0255376827 0.661210716
v -0.320649803 0.0258600246 0.661210716
v 0.27695471 -0.00212360336 0.205520868
v 0.274287015 -0.00387788774 0.207530648
v 0.27695471 -0.00186810747 0.209284902
v -0.319742858 0.260320634 0.0332684256
v -0.320516139 0.260320634 0.0324478261
v -0.320516139 0.258843839 0.0320521221
v -0.319742858 0.258433551 0.0327627808
v 0.323245466 -0.278316587 0.0123487366
v 0.323245466 -0.224576369 0.061431367
v 0.322570413 -0.225291312 0.0613961928
v 0.322570413 -0.225291312 0.0613961928
v 0.322570413 -0.278492093 0.0128027489
v 0.323245466 -0.278316587 0.0123487366
v 0.322488546 -0.0288439412 0.660710752
v 0.322488546 0.0234318729 0.660710752
v 0.32300815 0.0235009957 0.661210775
v 0.32300815 -0.0289130714 0.661210775
v -0.320649803 0.0258600246 0.661210716
v -0.320580661 0.0253403746 0.660710692
v -0.321577191 0.0250840466 0.660710692
v 0.320223838 -0.225788385 0.783583939
v 0.322423846 -0.225056022 0.785691261
v 0.322423846 -0.227814019 0.78720212
v 0.320223838 -0.229195625 0.785450518
v -0.27428779 -0.225039363 0.0579062812
v -0.276955515 -0.227049157 0.0561519824
v -0.276955515 -0.205537245 0.0315071084
v -0.27428779 -0.203527465 0.0332614072
v 0.309667796 -0.0233800281 0.233929783
v 0.309667796 -0.0271440651 0.234185278
v 0.312335521 -0.0253897924 0.232175514
v 0.266200989 0.0246911384 0.056632001
v 0.265878677 0.0235010125 0.056632001
v 0.265878677 0.0235010032 0.660210729
v 0.266200989 0.0246911254 0.660210729
v 0.267047554 0.0255376995 0.056632001
v 0.267047554 0.025537692 0.660210729
v 0.26823768 0.0258600414 0.056632001
v 0.26823768 0.0258600209 0.660210729
v 0.266200989 0.0246911086 0.66480118
v 0.266200989 0.0246911179 0.661210775
v 0.265878677 0.0235010032 0.661210775
v 0.265878677 0.0235009957 0.66480118
v 0.267047554 0.0255376827 0.66480118
v 0.267047554 0.025537692 0.661210775
v 0.26823768 0.0258600134 0.66480118
v 0.26823768 0.0258600209 0.661210775
v 0.32300815 -0.0289130714 0.661210775
v 0.322685868 -0.0301031917 0.661210775
v 0.322232246 -0.0298404619 0.660710752
v 0.322232246 -0.0298404619 0.660710752
v 0.322488546 -0.0288439412 0.660710752
v 0.32300815 -0.0289130714 0.661210775
v 0.308210552 -0.321474403 0.770074666
v 0.307613671 -0.320874393 0.770144463
v 0.310130626 -0.320874393 0.811957002
v 0.310731739 -0.321474403 0.811957479
v 0.282654554 -0.323274404 0.764447749
v 0.283183068 -0.323874384 0.764739096
v 0.282112539 -0.323874384 0.767300308
v 0.281533033 -0.323274404 0.767130911
v -0.267310917 -0.030496113 0.660710692
v -0.26704818 -0.0309497546 0.660210669
v -0.266201615 -0.0301031917 0.660210669
v -0.266655266 -0.0298404656 0.660710692
v 0.272221029 0.018851243 0.66590482
v 0.272221029 0.0188512355 0.828361452
v 0.27288717 0.0195173547 0.828361452
v 0.27288717 0.0195173584 0.66590482
v 0.319743335 0.262207687 0.0327628553
v 0.319743335 0.260320604 0.0332685001
v 0.320516586 0.260320604 0.0324479006
v 0.320516586 0.261797398 0.0320521966
v 0.278349847 -0.355174869 0.777874887
v 0.279797763 -0.355174869 0.78057754
v 0.279283196 -0.35338518 0.78092134
v 0.277462631 -0.355174869 0.774940073
v 0.278856158 -0.356583685 0.774662852
v 0.277159214 -0.355174869 0.771889091
v 0.279662758 -0.356583685 0.777331114
v 0.278580278 -0.356583685 0.771889091
v 0.278856158 -0.356583685 0.769115269
v 0.277462631 -0.355174869 0.768838108
v 0.276855707 -0.35338518 0.768717408
v 0.278349847 -0.355174869 0.765903234
v 0.277778029 -0.35338518 0.765666366
v 0.27890572 -0.348233461 0.766133487
v 0.279283226 -0.35338518 0.762856841
v 0.279797763 -0.355174869 0.763200641
v 0.279662758 -0.356583685 0.766447067
v 0.280979127 -0.356583685 0.763989985
v 0.281740546 -0.355174869 0.760828733
v 0.281302899 -0.35338518 0.760391057
v 0.282166004 -0.348233461 0.761254132
v 0.283768684 -0.35338518 0.758371353
v 0.28126204 -0.357497483 0.767109513
v 0.282745421 -0.356583685 0.761833549
v 0.280553609 -0.357497483 0.769452929
v 0.284112483 -0.355174869 0.75888592
v 0.284901857 -0.356583685 0.760067284
v 0.286815107 -0.355174869 0.757438004
v 0.286578238 -0.35338518 0.756866157
v 0.28704536 -0.348233491 0.757993877
v 0.289629221 -0.35338518 0.755943835
v 0.28974995 -0.355174869 0.756550789
v 0.283969432 -0.357497483 0.76305759
v 0.28735891 -0.356583685 0.758750916
v 0.282418162 -0.357497483 0.764951527
v 0.290027142 -0.356583685 0.757944286
v 0.288021356 -0.357497483 0.760350227
v 0.28586337 -0.357497483 0.761506319
v 0.283705711 -0.357802063 0.765811861
v 0.288614064 -0.357802063 0.761781096
v 0.285064638 -0.357802063 0.764152765
v 0.28374511 -0.357584506 0.768138051
v 0.282072395 -0.357802063 0.769755065
v 0.281860143 -0.357802063 0.771889091
v 0.285869896 -0.357584506 0.764958084
v 0.284652442 -0.357584506 0.766444445
v 0.285069019 -0.356931806 0.766722798
v 0.284208059 -0.356931806 0.768329799
v 0.287356287 -0.357584506 0.763740599
v 0.289049894 -0.357584506 0.762833297
v 0.292800933 -0.357802063 0.7609483
v 0.290889025 -0.357584506 0.762277305
v 0.292800933 -0.356583685 0.757668436
v 0.292800933 -0.355174869 0.756247342
v 0.292800933 -0.35338518 0.755628407
v 0.292800933 -0.348233491 0.756849051
v 0.295851916 -0.355174869 0.756550789
v -0.321092784 0.234788537 0.0617003329
v -0.321092814 0.279480219 0.0617002845
v -0.320793599 0.279480219 0.0619994961
v -0.320793599 0.279480219 0.0619994961
v -0.320793718 0.23478882 0.06199947
v -0.321092784 0.234788537 0.0617003329
v -0.321153671 -0.221763983 0.0618482605
v -0.321092784 0.234788537 0.0617003329
v -0.320793718 0.23478882 0.06199947
v 0.297590822 -0.323274404 0.757722497
v 0.297459692 -0.323874384 0.758311629
v 0.294614881 -0.323874384 0.757997274
v 0.294614881 -0.323274404 0.757393599
v -0.268238306 -0.0312720835 0.056632001
v -0.268238306 -0.0312720947 0.660210669
v -0.320649803 -0.0312720947 0.660210669
v -0.320649803 -0.0312720835 0.056632001
v -0.268238306 -0.0312721059 0.66480124
v -0.320649803 -0.0312721059 0.66480124
v -0.320649803 -0.0312720984 0.661210716
v -0.268238306 -0.0312720984 0.661210716
v 0.26823768 -0.0312720835 0.056632001
v 0.320649236 -0.0312720835 0.056632001
v 0.320649236 -0.0312720984 0.660210729
v 0.26823768 -0.0312720984 0.660210729
v 0.26823768 -0.0312721059 0.66480118
v 0.26823768 -0.0312721021 0.661210775
v 0.320649236 -0.0312721021 0.661210775
v 0.320649236 -0.0312721059 0.66480118
v 0.320649236 0.0258600209 0.661210775
v 0.321839303 0.0255376827 0.661210775
v 0.321576595 0.0250840466 0.660710752
v -0.266398937 0.0234318729 0.660710692
v -0.265879273 0.0235010013 0.660210669
v -0.266201615 0.0246911254 0.660210669
v -0.319742858 0.258433551 0.0327627808
v -0.320516139 0.258843839 0.0320521221
v -0.320516139 0.25776276 0.0309710354
v -0.319742858 0.257052094 0.0313813351
v -0.260355353 0.260320634 0.0257200748
v -0.259582072 0.260320634 0.0265406724
v -0.259582072 0.258843839 0.0269363765
v -0.260355353 0.258433521 0.0262257177
v 0.284239382 -0.321474403 0.825115085
v 0.284626484 -0.320874393 0.824651718
v 0.28219676 -0.320874393 0.822108626
v 0.28171587 -0.321474403 0.822473824
v 0.321576595 0.0250840466 0.660710752
v 0.320580035 0.0253403764 0.660710752
v 0.320649236 0.0258600209 0.661210775
v -0.315063894 -0.0251830816 0.66590482
v -0.273824215 -0.0251830816 0.66590482
v -0.273824215 -0.0251830854 0.828361452
v -0.315063894 -0.0251830854 0.828361452
v 0.315063268 -0.0251830816 0.66590482
v 0.315063268 -0.0251830854 0.828361452
v 0.273823589 -0.0251830854 0.828361452
v 0.273823589 -0.0251830816 0.66590482
v -0.266201615 0.0246911254 0.660210669
v -0.266655266 0.0244283974 0.660710692
v -0.266398937 0.0234318729 0.660710692
v -0.27435416 -0.26186648 0.838817537
v -0.27435419 -0.262882143 0.836963475
v -0.272154182 -0.260050565 0.836617529
v -0.267717361 -0.0302599017 0.665901601
v -0.26704818 -0.030949764 0.66480124
v -0.266201615 -0.030103201 0.66480124
v -0.26689145 -0.0294340122 0.665901601
v 0.30769676 -0.321474403 0.767130911
v 0.307117254 -0.320874393 0.767300308
v 0.307613671 -0.320874393 0.770144463
v 0.308210552 -0.321474403 0.770074666
v 0.320223898 0.192329958 0.783583939
v 0.322423905 0.191597596 0.785691202
v 0.322423905 0.188263744 0.785126507
v 0.320223898 0.188448757 0.7829265
v 0.284304857 -0.323274404 0.762095213
v 0.2847597 -0.323874384 0.762491643
v 0.283183068 -0.323874384 0.764739096
v 0.282654554 -0.323274404 0.764447749
v -0.276955485 -0.0233800169 0.233929798
v -0.276955485 -0.00186810945 0.209284917
v -0.309668511 -0.00186810526 0.209284917
v -0.309668511 -0.0233800132 0.233929798
v 0.27695474 -0.0233800355 0.233929798
v 0.309667796 -0.0233800281 0.233929783
v 0.309667706 -0.00186810596 0.209284902
v 0.27695471 -0.00186810747 0.209284902
v 0.32223177 -0.223680541 0.0627548173
v 0.322570413 -0.225291312 0.0613961928
v 0.323245466 -0.224576369 0.061431367
v 0.323245466 -0.224576369 0.061431367
v 0.322870463 -0.222798601 0.0629423857
v 0.32223177 -0.223680541 0.0627548173
v 0.294614881 -0.323274404 0.757393599
v 0.294614881 -0.323874384 0.757997274
v 0.291770071 -0.323874384 0.758311689
v 0.291638941 -0.323274404 0.757722497
v 0.2603558 0.258433521 0.0262257792
v 0.2603558 0.257052094 0.027607223
v 0.25958249 0.25776273 0.0280175228
v 0.25958249 0.258843839 0.0269364379
v 0.269623905 0.198380634 0.788367331
v 0.267423928 0.196626231 0.789707601
v 0.267423898 0.226592109 0.836617589
v 0.269623905 0.229423687 0.836963594
v 0.320223838 -0.221907198 0.7829265
v 0.322423846 -0.221722186 0.785126507
v 0.322423846 -0.225056022 0.785691261
v 0.320223838 -0.225788385 0.783583939
v -0.266398937 -0.0288439412 0.660710692
v -0.265879273 -0.0289130714 0.660210669
v -0.265879273 0.0235010013 0.660210669
v -0.266398937 0.0234318729 0.660710692
v -0.265879273 -0.0289130714 0.660210669
v -0.266398937 -0.0288439412 0.660710692
v -0.266655266 -0.0298404656 0.660710692
v 0.321576595 -0.0304961205 0.660710752
v 0.322232246 -0.0298404619 0.660710752
v 0.322685868 -0.0301031917 0.661210775
v 0.321839303 -0.0309497602 0.661210775
v -0.266655266 -0.0298404656 0.660710692
v -0.266201615 -0.0301031917 0.660210669
v -0.265879273 -0.0289130714 0.660210669
v 0.286404997 -0.323274404 0.760143399
v 0.286767364 -0.323874384 0.76062572
v 0.2847597 -0.323874384 0.762491643
v 0.284304857 -0.323274404 0.762095213
v -0.320580661 0.0253403746 0.660710692
v -0.320649803 0.0258600246 0.661210716
v -0.268238306 0.0258600246 0.661210716
v -0.268307447 0.0253403746 0.660710692
v 0.320580035 0.0253403764 0.660710752
v 0.268306822 0.0253403764 0.660710752
v 0.26823768 0.0258600209 0.661210775
v 0.320649236 0.0258600209 0.661210775
v -0.260355353 0.263589144 0.0313813463
v -0.259582072 0.262878507 0.0309710465
v -0.259582072 0.263274193 0.0294942558
v -0.260355353 0.2640948 0.0294942558
v 0.322870463 -0.222798601 0.0629423857
v 0.322870404 0.234788969 0.0626511872
v 0.321745366 0.234789193 0.0637762025
v 0.291638941 -0.323274404 0.757722497
v 0.291770071 -0.323874384 0.758311689
v 0.289129674 -0.323874384 0.759209931
v 0.288875997 -0.323274404 0.758662462
v 0.321745366 0.279480189 0.0637762025
v 0.321745366 0.234789193 0.0637762025
v 0.322870404 0.234788969 0.0626511872
v 0.322870404 0.279480189 0.0626511872
v 0.273823589 -0.0251830816 0.66590482
v 0.273823589 -0.0251830854 0.828361452
v 0.27288717 -0.0249294527 0.828361452
v 0.27288717 -0.0249294471 0.66590482
v 0.288875997 -0.323274404 0.758662462
v 0.289129674 -0.323874384 0.759209931
v 0.286767364 -0.323874384 0.76062572
v 0.286404997 -0.323274404 0.760143399
v 0.320223898 0.188448757 0.7829265
v 0.322423905 0.188263744 0.785126507
v 0.322423846 -0.221722186 0.785126507
v 0.320223838 -0.221907198 0.7829265
v -0.266587466 0.0228512548 0.665901601
v -0.265879273 0.0235009901 0.66480124
v -0.266201615 0.0246911105 0.66480124
v -0.294532031 -0.263976246 0.0168161821
v -0.294532031 -0.263976246 0.00336206402
v -0.286174119 -0.262313753 0.00336206402
v -0.302889943 -0.262313753 0.0168161821
v -0.286174119 -0.262313753 0.0168161821
v -0.302889943 -0.262313753 0.00336206402
v -0.279088616 -0.257579386 0.00336206402
v -0.309975475 -0.257579386 0.0168161821
v -0.279088616 -0.257579386 0.0168161821
v -0.309975475 -0.257579386 0.00336206402
v -0.274354219 -0.250493884 0.00336206402
v -0.314709842 -0.250493884 0.0168161821
v -0.274354219 -0.250493884 0.0168161821
v -0.314709842 -0.250493884 0.00336206402
v -0.272691727 -0.242135957 0.00336206402
v -0.316372335 -0.242135942 0.0168161821
v -0.272691727 -0.242135957 0.0168161821
v -0.316372335 -0.242135942 0.00336206402
v -0.274354219 -0.23377803 0.00336206402
v -0.314709842 -0.233778015 0.0168161821
v -0.274354219 -0.23377803 0.0168161821
v -0.314709842 -0.233778015 0.00336206402
v -0.279088616 -0.226692528 0.00336206402
v -0.309975475 -0.226692513 0.0168161821
v -0.279088616 -0.226692528 0.0168161821
v -0.309975475 -0.226692513 0.00336206402
v -0.286174119 -0.221958145 0.00336206402
v -0.302889943 -0.221958131 0.0168161821
v -0.286174119 -0.221958145 0.0168161821
v -0.302889943 -0.221958131 0.00336206402
v -0.294532031 -0.220295638 0.00336206402
v -0.294532031 -0.220295638 0.0168161821
v -0.27428779 -0.203527465 0.0332614072
v -0.276955515 -0.201773182 0.0312516354
v -0.276955485 -0.00212359894 0.205520868
v -0.27428776 -0.00387787982 0.207530648
v -0.266201615 0.0246911105 0.66480124
v -0.26689145 0.0240219235 0.665901601
v -0.266587466 0.0228512548 0.665901601
v 0.268306822 0.0253403764 0.660710752
v 0.267310262 0.0250840466 0.660710752
v 0.267047554 0.025537692 0.661210775
v 0.267047554 0.025537692 0.661210775
v 0.26823768 0.0258600209 0.661210775
v 0.268306822 0.0253403764 0.660710752
v -0.27428779 -0.225039363 0.0579062812
v -0.276955515 -0.226793647 0.0599160492
v -0.276955515 -0.227049157 0.0561519824
v 0.28171587 -0.321474403 0.822473824
v 0.28219676 -0.320874393 0.822108626
v 0.280395687 -0.320874393 0.819080114
v 0.279844105 -0.321474403 0.81932646
v -0.321355492 -0.222803965 0.0634472221
v -0.321744531 -0.2216869 0.0638489276
v -0.322869539 -0.222798601 0.0629423112
v 0.306575209 -0.321474403 0.764447749
v 0.306046695 -0.320874393 0.764739096
v 0.307117254 -0.320874393 0.767300308
v 0.30769676 -0.321474403 0.767130911
v 0.2603558 0.262207687 0.0327628516
v 0.2603558 0.263589114 0.0313814059
v 0.25958249 0.262878448 0.0309711061
v 0.25958249 0.261797369 0.0320521928
v -0.314265996 0.240102068 0.0294942465
v -0.314265996 0.241909221 0.0379962064
v -0.312749147 0.238563791 0.0394856893
v -0.314265996 0.247018188 0.0450281054
v -0.312749147 0.244567811 0.0477495231
v -0.312749147 0.236440048 0.0294942465
v -0.314265996 0.241909221 0.0209922977
v -0.309087127 0.243552834 0.0488767698
v -0.309087127 0.237178072 0.0401026532
v -0.312749147 0.238563791 0.0195028186
v -0.309087127 0.234923184 0.0294942465
v -0.314265996 0.247018188 0.0139603987
v -0.309087127 0.237178057 0.0188858565
v -0.312749147 0.244567797 0.011238982
v -0.314265996 0.254545599 0.00961444341
v -0.27315104 0.234923184 0.0294942521
v -0.309087098 0.243552819 0.0101117371
v -0.27315101 0.237178057 0.0188858621
v -0.312749147 0.253413945 0.00613164902
v -0.314265996 0.263189882 0.00870588701
v -0.322869539 -0.222798601 0.0629423112
v -0.322230846 -0.223680526 0.0627547354
v -0.321355492 -0.222803965 0.0634472221
v -0.320580661 -0.0307524446 0.660710692
v -0.320649803 -0.0312720984 0.661210716
v -0.321839929 -0.0309497602 0.661210716
v 0.271967381 0.0179148 0.66590482
v 0.271967381 0.0179147962 0.828361452
v 0.272221029 0.0188512355 0.828361452
v 0.272221029 0.018851243 0.66590482
v -0.321839929 -0.0309497602 0.661210716
v -0.321577191 -0.0304961186 0.660710692
v -0.320580661 -0.0307524446 0.660710692
v 0.301874489 -0.219171196 0.807630837
v 0.298842996 -0.219171181 0.804599345
v 0.294701904 -0.219171181 0.803489745
v 0.302984089 -0.219171196 0.811771929
v 0.301874459 -0.219171196 0.815912962
v 0.298842996 -0.219171181 0.818944454
v 0.294701904 -0.219171181 0.820054054
v 0.290560812 -0.219171181 0.818944454
v 0.287529349 -0.219171181 0.815912962
v 0.286419749 -0.219171181 0.81177187
v 0.287529349 -0.219171181 0.807630837
v 0.290560842 -0.219171181 0.804599345
v 0.321316779 0.234788746 0.0605852865
v 0.321093678 0.234788522 0.0617004111
v 0.321093708 0.279480189 0.0617003627
v 0.321316779 0.279480189 0.0605851822
v 0.321093678 0.234788522 0.0617004111
v 0.321316779 0.234788746 0.0605852865
v 0.321322948 -0.2240275 0.0599383414
v 0.269623905 0.195737183 0.785450459
v 0.267423928 0.194355577 0.78720212
v 0.267423928 0.196626231 0.789707601
v 0.269623905 0.198380634 0.788367331
v -0.276955485 -0.00212359894 0.205520868
v -0.276955485 -0.00186810945 0.209284917
v -0.27428776 -0.00387787982 0.207530648
v 0.321745366 0.234789193 0.0637762025
v 0.321745425 -0.221686885 0.0638490021
v 0.322870463 -0.222798601 0.0629423857
v -0.265879273 -0.0289130826 0.66480124
v -0.266587466 -0.0282633472 0.665901601
v -0.26689145 -0.0294340122 0.665901601
v -0.26689145 -0.0294340122 0.665901601
v -0.266201615 -0.030103201 0.66480124
v -0.265879273 -0.0289130826 0.66480124
v 0.319743335 0.257052064 0.0313814096
v 0.319743335 0.256546438 0.029494321
v 0.320516586 0.257367015 0.029494321
v 0.320516586 0.257367015 0.029494321
v 0.320516586 0.25776273 0.0309711099
v 0.319743335 0.257052064 0.0313814096
v 0.267047554 -0.0309497416 0.056632001
v 0.26823768 -0.0312720835 0.056632001
v 0.26823768 -0.0312720984 0.660210729
v 0.267047554 -0.0309497546 0.660210729
v 0.266200989 -0.0301031806 0.056632001
v 0.266200989 -0.0301031917 0.660210729
v 0.265878677 -0.0289130546 0.056632001
v 0.265878677 -0.0289130714 0.660210729
v 0.267047554 -0.030949764 0.66480118
v 0.267047554 -0.0309497546 0.661210775
v 0.26823768 -0.0312721021 0.661210775
v 0.26823768 -0.0312721059 0.66480118
v 0.266200989 -0.0301032029 0.66480118
v 0.266200989 -0.0301031973 0.661210775
v 0.265878677 -0.0289130844 0.66480118
v 0.265878677 -0.0289130714 0.661210775
v 0.25958249 0.257367015 0.0294943172
v 0.25958249 0.25776273 0.0309711061
v 0.25958249 0.258843839 0.0320521928
v 0.25958249 0.261797369 0.0320521928
v 0.25958249 0.260320604 0.0324478969
v 0.25958249 0.25776273 0.0280175228
v 0.25958249 0.258843839 0.0269364379
v 0.25958249 0.261797369 0.0269364398
v 0.25958249 0.260320604 0.0265407339
v 0.25958249 0.263274163 0.0294943172
v 0.25958249 0.262878448 0.0280175246
v 0.25958249 0.262878448 0.0309711061
v 0.314266413 0.240102053 0.0294943191
v 0.312749594 0.238563776 0.0394857638
v 0.314266413 0.241909191 0.0209923703
v 0.312749594 0.236440033 0.0294943191
v 0.312749594 0.238563776 0.0195028912
v 0.314266413 0.247018144 0.0139604723
v 0.309087515 0.234923154 0.029494321
v 0.309087515 0.237178043 0.0401027203
v 0.309087515 0.243552819 0.0488768406
v 0.273151457 0.237178043 0.0401027203
v 0.273151428 0.243552804 0.0488768332
v 0.273151457 0.234923154 0.0294943172
v 0.309087545 0.237178043 0.0188859291
v 0.312749594 0.244567767 0.0112390546
v 0.314266413 0.25454554 0.00961451605
v 0.312749594 0.253413916 0.00613172352
v 0.314266413 0.263189882 0.00870596152
v 0.312749594 0.263572633 0.00506399386
v 0.314266413 0.271456361 0.0113919014
v 0.312749594 0.273287356 0.00822049007
v 0.314266413 0.277915686 0.0172079168
v 0.312749594 0.280878305 0.0150554301
v 0.314266413 0.281451017 0.0251483638
v 0.312749594 0.285033017 0.0243869815
v 0.314266413 0.281451017 0.0338402614
v 0.312749594 0.285033047 0.03460164
v 0.314266413 0.277915686 0.0417807102
v 0.312749594 0.280878365 0.0439331941
v 0.314266413 0.271456361 0.0475967266
v 0.265387267 0.279480189 0.0284759104
v 0.265387267 0.279053837 0.0247806273
v 0.265387267 0.277839631 0.0213870984
v 0.265387267 0.275934666 0.0183925554
v 0.265387267 0.273436368 0.0158942267
v 0.265387267 0.267048299 0.0127750812
v 0.265387267 0.2704418 0.0139893238
v 0.265387297 0.234798953 0.060776148
v 0.265387267 0.279480189 0.060776148
v 0.265387297 0.234798953 0.012348732
v 0.265387267 0.26335302 0.012348732
v 0.265387356 -0.224576354 0.0614313595
v 0.265387356 -0.278316617 0.012348732
v -0.273824215 -0.0251830816 0.66590482
v -0.272887796 -0.0249294471 0.66590482
v -0.272887796 -0.0249294527 0.828361452
v -0.273824215 -0.0251830854 0.828361452
v 0.265878677 0.0235010125 0.056632001
v 0.265878677 -0.0289130546 0.056632001
v 0.265878677 -0.0289130714 0.660210729
v 0.265878677 0.0235010032 0.660210729
v 0.265878677 0.0235009957 0.66480118
v 0.265878677 0.0235010032 0.661210775
v 0.265878677 -0.0289130714 0.661210775
v 0.265878677 -0.0289130844 0.66480118
v -0.26704818 0.0255376901 0.661210716
v -0.267310917 0.0250840522 0.660710692
v -0.268307447 0.0253403746 0.660710692
v 0.267423838 -0.230084643 0.789707601
v 0.267423838 -0.260050565 0.836617589
v 0.267423898 0.226592109 0.836617589
v 0.267423928 0.196626231 0.789707601
v 0.267423928 0.194355577 0.78720212
v 0.267423928 0.191597611 0.785691202
v 0.267423928 0.188263759 0.785126507
v 0.267423838 -0.221722171 0.785126507
v 0.267423838 -0.225056008 0.785691202
v 0.267423838 -0.227814019 0.78720212
v 0.27288717 -0.0249294471 0.66590482
v 0.27288717 -0.0249294527 0.828361452
v 0.272221029 -0.024263341 0.828361452
v 0.272221029 -0.0242633317 0.66590482
v 0.271967381 -0.0233268961 0.66590482
v 0.271967381 -0.023326898 0.828361452
v 0.271967381 0.0179147962 0.828361452
v 0.271967381 0.0179148 0.66590482
v -0.268307447 0.0253403746 0.660710692
v -0.268238306 0.0258600246 0.661210716
v -0.26704818 0.0255376901 0.661210716
v 0.274287015 -0.203527465 0.0332614034
v 0.274287045 -0.225039378 0.0579062738
v 0.274287015 -0.0253897998 0.232175499
v 0.274287015 -0.00387788774 0.207530648
v 0.269623816 -0.262882113 0.836963594
v 0.267423838 -0.260050565 0.836617589
v 0.267423838 -0.230084643 0.789707601
v 0.269623846 -0.231839061 0.788367331
v 0.320580035 -0.0307524446 0.660710752
v 0.321576595 -0.0304961205 0.660710752
v 0.321839303 -0.0309497602 0.661210775
v 0.321839303 -0.0309497602 0.661210775
v 0.320649236 -0.0312721021 0.661210775
v 0.320580035 -0.0307524446 0.660710752
v 0.319743335 0.260320604 0.0332685001
v 0.319743335 0.258433521 0.0327628553
v 0.320516586 0.258843809 0.0320521966
v 0.320516586 0.260320604 0.0324479006
v -0.267275512 -0.22280398 0.0634472296
v -0.268846124 -0.222490445 0.0636971295
v -0.31978485 -0.222490445 0.0636971146
v -0.321355492 -0.222803965 0.0634472221
v -0.266400129 -0.223680511 0.0627547428
v -0.322230846 -0.223680526 0.0627547354
v -0.266061455 -0.225291297 0.0613961257
v -0.322569519 -0.225291297 0.0613961183
v -0.266061455 -0.278492093 0.01280268
v -0.322569519 -0.278492093 0.0128026707
v 0.266062379 -0.278492093 0.0128027443
v 0.322570413 -0.278492093 0.0128027489
v 0.322570413 -0.225291312 0.0613961928
v 0.266062379 -0.225291312 0.061396189
v 0.32223177 -0.223680541 0.0627548173
v 0.266401023 -0.223680526 0.0627548024
v 0.321356386 -0.22280398 0.0634472966
v 0.267276436 -0.222803995 0.0634472892
v 0.319785774 -0.22249046 0.0636971891
v 0.268847048 -0.22249046 0.0636971891
v 0.274287015 -0.00387788774 0.207530648
v 0.274287015 -0.0253897998 0.232175499
v 0.27695474 -0.0233800355 0.233929798
v 0.27695471 -0.00186810747 0.209284902
v 0.290799439 -0.323274404 0.828435063
v 0.294614881 -0.323274404 0.828891695
v 0.294614881 -0.321474403 0.828891695
v 0.290799439 -0.321474403 0.828435063
v 0.287304103 -0.323274404 0.827139199
v 0.287304103 -0.321474403 0.827139199
v 0.284239382 -0.323274404 0.825115085
v 0.284239382 -0.321474403 0.825115085
v 0.28171587 -0.323274404 0.822473824
v 0.28171587 -0.321474403 0.822473824
v 0.279844105 -0.323274404 0.81932646
v 0.279844105 -0.321474403 0.81932646
v 0.278734624 -0.323274404 0.815783978
v 0.278734624 -0.321474403 0.815783978
v 0.278498024 -0.323274404 0.811957479
v 0.278498024 -0.321474403 0.811957479
v 0.281019211 -0.323274404 0.770074666
v 0.281019211 -0.321474403 0.770074666
v 0.281533033 -0.323274404 0.767130911
v 0.281533033 -0.321474403 0.767130911
v 0.282654554 -0.323274404 0.764447749
v 0.282654554 -0.321474403 0.764447749
v 0.284304857 -0.323274404 0.762095213
v 0.284304857 -0.321474403 0.762095213
v 0.286404997 -0.323274404 0.760143399
v 0.286404997 -0.321474403 0.760143399
v 0.288875997 -0.323274404 0.758662462
v 0.288875997 -0.321474403 0.758662462
v 0.291638941 -0.323274404 0.757722497
v 0.291638941 -0.321474403 0.757722497
v 0.294614881 -0.323274404 0.757393599
v 0.294614881 -0.321474403 0.757393599
v 0.272221029 -0.0242633317 0.66590482
v 0.272221029 -0.024263341 0.828361452
v 0.271967381 -0.023326898 0.828361452
v 0.271967381 -0.0233268961 0.66590482
v -0.276955515 -0.226793647 0.0599160492
v -0.276955485 -0.0271440651 0.234185278
v -0.309668511 -0.0271440614 0.234185278
v -0.309668541 -0.226793647 0.0599160492
v 0.2769548 -0.226793662 0.059916053
v 0.309667766 -0.226793647 0.0599160381
v 0.309667796 -0.0271440651 0.234185278
v 0.27695474 -0.0271440726 0.234185293
v -0.266587466 -0.0282633472 0.665901601
v -0.265879273 -0.0289130826 0.66480124
v -0.265879273 0.0235009901 0.66480124
v -0.266587466 0.0228512548 0.665901601
v 0.321322948 -0.2240275 0.0599383414
v 0.321154594 -0.221763998 0.061848335
v 0.321093678 0.234788522 0.0617004111
v -0.276955485 -0.0271440651 0.234185278
v -0.276955485 -0.0233800169 0.233929798
v -0.309668511 -0.0233800132 0.233929798
v -0.309668511 -0.0271440614 0.234185278
v 0.27695474 -0.0271440726 0.234185293
v 0.309667796 -0.0271440651 0.234185278
v 0.309667796 -0.0233800281 0.233929783
v 0.27695474 -0.0233800355 0.233929798
v 0.2603558 0.256546408 0.0294943172
v 0.319743335 0.256546438 0.029494321
v 0.319743335 0.257052064 0.0313814096
v 0.2603558 0.257052094 0.027607223
v 0.2603558 0.257052094 0.0313814059
v 0.319743335 0.257052064 0.0276072267
v 0.319743335 0.258433521 0.0327628553
v 0.2603558 0.258433521 0.0262257792
v 0.2603558 0.258433521 0.0327628516
v 0.319743335 0.258433521 0.0262257811
v 0.319743335 0.260320604 0.0332685001
v 0.2603558 0.260320604 0.0257201344
v 0.2603558 0.260320604 0.0332684964
v 0.319743335 0.260320604 0.0257201381
v 0.319743335 0.262207687 0.0327628553
v 0.2603558 0.262207687 0.0262257811
v 0.2603558 0.262207687 0.0327628516
v 0.319743335 0.262207687 0.0262257848
v 0.319743335 0.263589144 0.0313814096
v 0.2603558 0.263589114 0.0276072267
v 0.2603558 0.263589114 0.0313814059
v 0.319743335 0.263589144 0.0276072286
v 0.319743335 0.2640948 0.029494321
v 0.2603558 0.26409477 0.0294943172
v -0.266201615 0.0246911347 0.056632001
v -0.266201615 0.0246911254 0.660210669
v -0.265879273 0.0235010013 0.660210669
v -0.265879273 0.0235010143 0.056632001
v -0.26704818 0.0255377032 0.056632001
v -0.26704818 0.0255376939 0.660210669
v -0.268238306 0.0258600395 0.056632001
v -0.268238306 0.0258600246 0.660210669
v -0.266201615 0.0246911105 0.66480124
v -0.265879273 0.0235009901 0.66480124
v -0.265879273 0.0235010013 0.661210716
v -0.266201615 0.0246911198 0.661210716
v -0.26704818 0.0255376827 0.66480124
v -0.26704818 0.0255376901 0.661210716
v -0.268238306 0.0258600153 0.66480124
v -0.268238306 0.0258600246 0.661210716
v 0.304924935 -0.321474403 0.762095213
v 0.304470092 -0.320874393 0.762491643
v 0.306046695 -0.320874393 0.764739096
v 0.306575209 -0.321474403 0.764447749
v 0.322870463 -0.222798601 0.0629423857
v 0.321745425 -0.221686885 0.0638490021
v 0.321356386 -0.22280398 0.0634472966
v -0.272221684 0.018851243 0.66590482
v -0.272887796 0.0195173565 0.66590482
v -0.272887796 0.0195173547 0.828361452
v -0.272221684 0.0188512355 0.828361452
v 0.321356386 -0.22280398 0.0634472966
v 0.32223177 -0.223680541 0.0627548173
v 0.322870463 -0.222798601 0.0629423857
v 0.267310262 0.0250840466 0.660710752
v 0.26665467 0.0244284011 0.660710752
v 0.266200989 0.0246911179 0.661210775
v 0.267047554 0.025537692 0.661210775
v 0.279844105 -0.321474403 0.81932646
v 0.280395687 -0.320874393 0.819080114
v 0.279329002 -0.320874393 0.815674186
v 0.278734624 -0.321474403 0.815783978
v 0.319743335 0.258433521 0.0327628553
v 0.319743335 0.257052064 0.0313814096
v 0.320516586 0.25776273 0.0309711099
v 0.320516586 0.258843809 0.0320521966
v 0.294531763 -0.263976246 0.00336206402
v 0.294531763 -0.263976246 0.0168161821
v 0.28617382 -0.262313783 0.00336206402
v 0.28617382 -0.262313783 0.0168161821
v 0.302889675 -0.262313753 0.0168161821
v 0.279088348 -0.257579386 0.00336206402
v 0.302889675 -0.262313753 0.00336206402
v 0.279088348 -0.257579386 0.0168161821
v 0.309975177 -0.257579386 0.0168161821
v 0.274353951 -0.250493884 0.00336206402
v 0.309975177 -0.257579386 0.00336206402
v 0.274353951 -0.250493884 0.0168161821
v 0.314709574 -0.250493854 0.0168161821
v 0.272691458 -0.242135942 0.00336206402
v 0.314709574 -0.250493854 0.00336206402
v 0.272691458 -0.242135942 0.0168161821
v 0.316372037 -0.242135942 0.0168161821
v 0.274353921 -0.23377803 0.00336206402
v 0.316372037 -0.242135942 0.00336206402
v 0.274353921 -0.23377803 0.0168161821
v 0.314709574 -0.233778015 0.0168161821
v 0.279088348 -0.226692528 0.00336206402
v 0.314709574 -0.233778015 0.00336206402
v 0.279088348 -0.226692528 0.0168161821
v 0.309975177 -0.226692498 0.0168161821
v 0.28617385 -0.221958145 0.00336206402
v 0.309975177 -0.226692498 0.00336206402
v 0.28617385 -0.221958145 0.0168161821
v 0.302889675 -0.221958116 0.0168161821
v 0.294531763 -0.220295623 0.00336206402
v 0.302889675 -0.221958116 0.00336206402
v 0.294531763 -0.220295623 0.0168161821
v -0.268307447 -0.0307524446 0.660710692
v -0.268238306 -0.0312720984 0.661210716
v -0.320649803 -0.0312720984 0.661210716
v -0.320580661 -0.0307524446 0.660710692
v 0.268306822 -0.0307524446 0.660710752
v 0.320580035 -0.0307524446 0.660710752
v 0.320649236 -0.0312721021 0.661210775
v 0.26823768 -0.0312721021 0.661210775
v 0.269623846 -0.231839061 0.788367331
v 0.267423838 -0.230084643 0.789707601
v 0.267423838 -0.227814019 0.78720212
v 0.269623846 -0.229195625 0.785450459
v 0.321316779 0.267048299 0.0127750887
v 0.321316779 0.26335302 0.0123487366
v 0.321316779 0.23478891 0.0142773446
v 0.321316779 0.2704418 0.0139893331
v 0.321316779 0.275934666 0.018392561
v 0.321316779 0.273436368 0.0158942305
v 0.321316779 0.279053837 0.0247806348
v 0.321316779 0.277839661 0.0213871039
v 0.321316779 0.279480189 0.0605851822
v 0.321316779 0.279480189 0.0284759179
v 0.321316779 0.234788746 0.0605852865
v 0.321322948 -0.2240275 0.0599383414
v 0.321316868 -0.274020284 0.0142773381
v 0.265762359 -0.222798601 0.0629423782
v 0.265762269 0.234798878 0.0626511797
v 0.265387297 0.234798953 0.060776148
v 0.265762269 0.234798878 0.0626511797
v 0.265762299 0.279480189 0.0626511797
v 0.265387267 0.279480189 0.060776148
v 0.265387297 0.234798953 0.060776148
v -0.313537925 -0.151253998 0.091836594
v 0.313537896 -0.151253998 0.091836594
v -0.313537925 -0.154928997 0.0928213075
v -0.313537925 -0.147578999 0.0928213075
v 0.313537896 -0.154929012 0.0928213
v -0.313537925 -0.157619298 0.0955115929
v 0.313537896 -0.157619298 0.0955115929
v -0.313537925 -0.158604011 0.0991865918
v 0.313537896 -0.158603996 0.0991865918
v -2.58743285e-08 -0.157942817 0.101654179
v -2.58743285e-08 -0.157619298 0.102861598
v 0.313537896 -0.157619298 0.102861598
v -0.313537925 -0.157619298 0.102861591
v -2.58743285e-08 -0.154929012 0.105551884
v 0.313537896 -0.154929012 0.105551884
v -0.313537925 -0.154929012 0.105551884
v -2.58743285e-08 -0.151253998 0.10653659
v 0.313537896 -0.151253998 0.10653659
v -0.313537925 -0.151253998 0.106536597
v -0.313537925 -0.147578999 0.105551876
v 0.313537896 -0.147578999 0.105551884
v 0.313537896 -0.144888714 0.102861598
v -0.313537925 -0.144888714 0.102861591
v -2.58743285e-08 -0.144227535 0.100394011
v -2.58743285e-08 -0.143904001 0.0991865918
v 0.313537896 -0.143904001 0.0991865918
v -0.313537925 -0.143904001 0.0991865918
v -0.313537925 -0.144888714 0.0955115929
v 0.313537896 -0.144888714 0.0955115929
v -2.58743285e-08 -0.146695122 0.0937051997
v -2.58743285e-08 -0.147578999 0.0928213075
v 0.313537896 -0.147578999 0.0928213075
v 0.266062379 -0.278492093 0.0128027443
v 0.266062379 -0.225291312 0.061396189
v 0.265387356 -0.224576354 0.0614313595
v 0.265387356 -0.224576354 0.0614313595
v 0.265387356 -0.278316617 0.012348732
v 0.266062379 -0.278492093 0.0128027443
v 0.286767364 -0.320874393 0.76062572
v 0.2847597 -0.320874393 0.762491643
v 0.283183068 -0.320874393 0.764739096
v 0.282112539 -0.320874393 0.767300308
v 0.281616092 -0.320874393 0.770144463
v 0.289129674 -0.320874393 0.759209931
v 0.291770071 -0.320874393 0.758311689
v 0.294614881 -0.320874393 0.757997274
v 0.297459692 -0.320874393 0.758311629
v 0.300100088 -0.320874393 0.759209931
v 0.302462399 -0.320874393 0.76062572
v 0.304470092 -0.320874393 0.762491643
v 0.306046695 -0.320874393 0.764739096
v 0.307117254 -0.320874393 0.767300308
v 0.307613671 -0.320874393 0.770144463
v 0.279099137 -0.320874393 0.811957002
v 0.310130626 -0.320874393 0.811957002
v 0.30990079 -0.320874393 0.815674245
v 0.308834076 -0.320874393 0.819080114
v 0.307033032 -0.320874393 0.822108626
v 0.304603279 -0.320874393 0.824651718
v 0.301652521 -0.320874393 0.826600552
v 0.298288435 -0.320874393 0.827847779
v 0.294614881 -0.320874393 0.828287423
v 0.290941358 -0.320874393 0.827847779
v 0.287577271 -0.320874393 0.826600552
v 0.284626484 -0.320874393 0.824651718
v 0.28219676 -0.320874393 0.822108626
v 0.280395687 -0.320874393 0.819080114
v 0.279329002 -0.320874393 0.815674186
v 0.267310262 -0.030496113 0.660710752
v 0.268306822 -0.0307524446 0.660710752
v 0.26823768 -0.0312721021 0.661210775
v 0.26823768 -0.0312721021 0.661210775
v 0.267047554 -0.0309497546 0.661210775
v 0.267310262 -0.030496113 0.660710752
v -0.260355353 0.258433521 0.0262257177
v -0.259582072 0.258843839 0.0269363765
v -0.259582072 0.25776273 0.0280174613
v -0.260355353 0.257052094 0.0276071616
v -0.2743541 0.229454324 0.836963475
v -0.272154093 0.226622745 0.836617529
v -0.272154093 0.196656868 0.789707541
v -0.2743541 0.198411271 0.788367271
v 0.265387297 0.234798953 0.060776148
v 0.265387356 -0.224576354 0.0614313595
v 0.265762359 -0.222798601 0.0629423782
v 0.269623905 0.192329973 0.783583939
v 0.267423928 0.191597611 0.785691202
v 0.267423928 0.194355577 0.78720212
v 0.269623905 0.195737183 0.785450459
v -0.260355353 0.256546438 0.0294942558
v -0.260355353 0.257052094 0.0313813463
v -0.319742858 0.257052094 0.0313813351
v -0.319742858 0.258433551 0.0327627808
v -0.319742858 0.256546438 0.0294942446
v -0.260355353 0.258433521 0.032762792
v -0.260355353 0.257052094 0.0276071616
v -0.319742858 0.260320634 0.0332684256
v -0.319742858 0.257052094 0.0276071522
v -0.260355353 0.260320634 0.0332684368
v -0.260355353 0.258433521 0.0262257177
v -0.319742858 0.262207717 0.0327627808
v -0.319742858 0.258433551 0.0262257084
v -0.260355353 0.262207717 0.032762792
v -0.260355353 0.260320634 0.0257200748
v -0.319742858 0.263589174 0.0313813351
v -0.319742858 0.260320634 0.0257200636
v -0.260355353 0.263589144 0.0313813463
v -0.260355353 0.262207717 0.0262257196
v -0.319742858 0.2640948 0.0294942465
v -0.319742858 0.262207717 0.0262257103
v -0.260355353 0.2640948 0.0294942558
v -0.260355353 0.263589144 0.0276071653
v -0.319742858 0.263589174 0.027607156
v 0.274287015 -0.0253897998 0.232175499
v 0.27695474 -0.0271440726 0.234185293
v 0.27695474 -0.0233800355 0.233929798
v 0.302824795 -0.321474403 0.760143399
v 0.302462399 -0.320874393 0.76062572
v 0.304470092 -0.320874393 0.762491643
v 0.304924935 -0.321474403 0.762095213
v 0.274287015 -0.0253897998 0.232175499
v 0.274287045 -0.225039378 0.0579062738
v 0.2769548 -0.226793662 0.059916053
v 0.27695474 -0.0271440726 0.234185293
v -0.31978485 -0.222490445 0.0636971146
v -0.319869488 -0.221315935 0.0641511381
v -0.321744531 -0.2216869 0.0638489276
v -0.321744531 -0.2216869 0.0638489276
v -0.321355492 -0.222803965 0.0634472221
v -0.31978485 -0.222490445 0.0636971146
v 0.265878677 0.0235010032 0.661210775
v 0.266200989 0.0246911179 0.661210775
v 0.26665467 0.0244284011 0.660710752
v -3.0642699e-08 -0.061013706 0.171108991
v 0.313537896 -0.061013706 0.171108991
v -0.313537925 -0.061013706 0.171108991
v -0.313537925 -0.0573387109 0.172093704
v -0.313537925 -0.0646887049 0.172093704
v 0.313537896 -0.0573387109 0.172093719
v 0.313537896 -0.0646887049 0.172093719
v -3.0642699e-08 -0.0673789978 0.17478399
v 0.313537896 -0.0673789978 0.17478399
v -0.313537925 -0.0673789978 0.174784005
v -0.313537925 -0.0683637112 0.178459004
v 0.313537896 -0.0683637112 0.178459004
v -3.0642699e-08 -0.0673789904 0.182134002
v 0.313537896 -0.0673789904 0.182134002
v -0.313537925 -0.0673789978 0.182134002
v -3.0642699e-08 -0.0646887124 0.184824288
v 0.313537896 -0.0646887124 0.184824273
v -0.313537925 -0.0646887049 0.184824288
v -0.313537925 -0.061013706 0.185809001
v 0.313537896 -0.0610137098 0.185809001
v -0.313537925 -0.0573387071 0.184824288
v 0.313537896 -0.0573387109 0.184824273
v 0.313537896 -0.0546484217 0.182134002
v -0.313537925 -0.0546484217 0.182134002
v -0.313537925 -0.0536637083 0.178459004
v 0.313537896 -0.0536637083 0.178459004
v -0.313537925 -0.0546484217 0.174784005
v 0.313537896 -0.0546484217 0.17478399
v 0.26665467 0.0244284011 0.660710752
v 0.266398311 0.0234318729 0.660710752
v 0.265878677 0.0235010032 0.661210775
v 0.265762359 -0.222798601 0.0629423782
v 0.265387356 -0.224576354 0.0614313595
v 0.266062379 -0.225291312 0.061396189
v 0.266062379 -0.225291312 0.061396189
v 0.266401023 -0.223680526 0.0627548024
v 0.265762359 -0.222798601 0.0629423782
v 0.321745425 -0.221686885 0.0638490021
v 0.319870383 -0.221315935 0.0641512051
v 0.319785774 -0.22249046 0.0636971891
v -0.319869399 0.279480219 0.0641511381
v -0.321744442 0.279480219 0.063776128
v -0.321744442 0.234789208 0.063776128
v -0.319869399 0.234789491 0.0641511306
v -0.319869399 0.234789491 0.0641511306
v -0.321744442 0.234789208 0.063776128
v -0.321744531 -0.2216869 0.0638489276
v 0.319785774 -0.22249046 0.0636971891
v 0.321356386 -0.22280398 0.0634472966
v 0.321745425 -0.221686885 0.0638490021
v 0.2603558 0.257052094 0.027607223
v 0.2603558 0.256546408 0.0294943172
v 0.25958249 0.257367015 0.0294943172
v 0.25958249 0.25776273 0.0280175228
v 0.278734624 -0.321474403 0.815783978
v 0.279329002 -0.320874393 0.815674186
v 0.279099137 -0.320874393 0.811957002
v 0.278498024 -0.321474403 0.811957479
v -0.268238306 -0.0312720984 0.661210716
v -0.268307447 -0.0307524446 0.660710692
v -0.267310917 -0.030496113 0.660710692
v -0.267310917 -0.030496113 0.660710692
v -0.26704818 -0.0309497546 0.661210716
v -0.268238306 -0.0312720984 0.661210716
v 0.266654611 -0.0298404656 0.660710752
v 0.267310262 -0.030496113 0.660710752
v 0.267047554 -0.0309497546 0.661210775
v 0.266200989 -0.0301031973 0.661210775
v -0.260355353 0.262207717 0.032762792
v -0.259582072 0.261797398 0.0320521332
v -0.259582072 0.262878507 0.0309710465
v -0.260355353 0.263589144 0.0313813463
v 0.266398311 0.0234318729 0.660710752
v 0.266398311 -0.0288439412 0.660710752
v 0.265878677 -0.0289130714 0.661210775
v 0.265878677 0.0235010032 0.661210775
v -0.319869488 -0.221315935 0.0641511381
v -0.31978485 -0.222490445 0.0636971146
v -0.268846124 -0.222490445 0.0636971295
v -0.268761486 -0.22131592 0.0641511455
v 0.319870383 -0.221315935 0.0641512051
v 0.26876241 -0.22131592 0.0641512051
v 0.268847048 -0.22249046 0.0636971891
v 0.319785774 -0.22249046 0.0636971891
v -0.321744531 -0.2216869 0.0638489276
v -0.319869488 -0.221315935 0.0641511381
v -0.319869399 0.234789491 0.0641511306
v 0.266398311 -0.0288439412 0.660710752
v 0.266654611 -0.0298404656 0.660710752
v 0.266200989 -0.0301031973 0.661210775
v 0.266200989 -0.0301031973 0.661210775
v 0.265878677 -0.0289130714 0.661210775
v 0.266398311 -0.0288439412 0.660710752
v 0.269623846 -0.229195625 0.785450459
v 0.267423838 -0.227814019 0.78720212
v 0.267423838 -0.225056008 0.785691202
v 0.269623846 -0.22578837 0.783583939
v 0.267276436 -0.222803995 0.0634472892
v 0.268847048 -0.22249046 0.0636971891
v 0.26876241 -0.22131592 0.0641512051
v -0.2743541 0.198411271 0.788367271
v -0.272154093 0.196656868 0.789707541
v -0.272154093 0.194386214 0.787202001
v -0.27435407 0.19576782 0.785450399
v 0.26876241 -0.22131592 0.0641512051
v 0.266887397 -0.221686885 0.0638489947
v 0.267276436 -0.222803995 0.0634472892
v 0.266401023 -0.223680526 0.0627548024
v 0.267276436 -0.222803995 0.0634472892
v 0.266887397 -0.221686885 0.0638489947
v -0.267310917 0.0250840522 0.660710692
v -0.26704818 0.0255376901 0.661210716
v -0.266201615 0.0246911198 0.661210716
v -0.266655266 0.0244283974 0.660710692
v 0.300353765 -0.321474403 0.758662462
v 0.300100088 -0.320874393 0.759209931
v 0.302462399 -0.320874393 0.76062572
v 0.302824795 -0.321474403 0.760143399
v 0.266887397 -0.221686885 0.0638489947
v 0.265762359 -0.222798601 0.0629423782
v 0.266401023 -0.223680526 0.0627548024
v -0.26704818 -0.0309497416 0.056632001
v -0.26704818 -0.0309497546 0.660210669
v -0.268238306 -0.0312720947 0.660210669
v -0.268238306 -0.0312720835 0.056632001
v -0.266201615 -0.0301031787 0.056632001
v -0.266201615 -0.0301031917 0.660210669
v -0.265879273 -0.0289130565 0.056632001
v -0.265879273 -0.0289130714 0.660210669
v -0.26704818 -0.030949764 0.66480124
v -0.268238306 -0.0312721059 0.66480124
v -0.268238306 -0.0312720984 0.661210716
v -0.26704818 -0.0309497546 0.661210716
v -0.266201615 -0.030103201 0.66480124
v -0.266201615 -0.0301031955 0.661210716
v -0.265879273 -0.0289130826 0.66480124
v -0.265879273 -0.0289130714 0.661210716
v 0.292800933 -0.322072148 0.777295411
v 0.291746408 -0.322072148 0.777190506
v 0.290732026 -0.322072148 0.7768839
v 0.292800933 -0.336738616 0.78283155
v 0.294935286 -0.336738616 0.782619238
v 0.293855458 -0.322072148 0.777190566
v 0.29486984 -0.322072148 0.7768839
v 0.296988428 -0.336738616 0.781998575
v 0.289797902 -0.322072148 0.77638346
v 0.28897807 -0.322072148 0.775711954
v 0.298879087 -0.336738616 0.780985713
v 0.295803964 -0.322072148 0.77638346
v 0.296623766 -0.322072148 0.775711954
v 0.300538391 -0.336738616 0.779626548
v 0.301897526 -0.336738616 0.777967215
v 0.297295272 -0.322072148 0.774892092
v 0.297795713 -0.322072148 0.773958027
v 0.30115515 -0.348233491 0.784392118
v 0.302910417 -0.336738616 0.776076555
v 0.305303931 -0.348233491 0.780243337
v 0.30353111 -0.336738616 0.774023473
v 0.298102379 -0.322072148 0.772943616
v 0.298207253 -0.322072148 0.771889091
v 0.303743362 -0.336738616 0.771889091
v 0.307549208 -0.348233491 0.774822712
v 0.307549208 -0.348233491 0.768955469
v 0.297795743 -0.322072148 0.769820154
v 0.301897526 -0.336738616 0.765810907
v 0.297295272 -0.322072148 0.76888603
v 0.296623796 -0.322072148 0.768066227
v 0.300538421 -0.336738616 0.764151633
v 0.305303931 -0.348233491 0.763534844
v 0.295803964 -0.322072148 0.767394722
v 0.29486984 -0.322072148 0.766894281
v 0.296988428 -0.336738616 0.761779606
v 0.30115518 -0.348233491 0.759386063
v 0.294935286 -0.336738616 0.761158943
v 0.292800933 -0.322072148 0.76648277
v 0.292800933 -0.336738616 0.760946631
v 0.295734555 -0.348233491 0.757140815
v 0.29066658 -0.336738616 0.761158884
v 0.291746408 -0.322072148 0.766587615
v 0.290732026 -0.322072148 0.766894281
v 0.288613439 -0.336738616 0.761779606
v 0.289867312 -0.348233491 0.757140815
v 0.286722779 -0.336738616 0.762792468
v 0.289797902 -0.322072148 0.767394722
v 0.28897807 -0.322072148 0.768066227
v 0.285063446 -0.336738616 0.764151633
v 0.284446687 -0.348233461 0.759386063
v 0.28370434 -0.336738616 0.765810907
v 0.288306594 -0.322072148 0.76888603
v 0.282691419 -0.336738616 0.767701566
v 0.280297935 -0.348233461 0.763534844
v 0.282070756 -0.336738616 0.769754708
v 0.287499487 -0.322072148 0.770834565
v 0.287394613 -0.322072148 0.771889091
v 0.277760863 -0.348233461 0.771889091
v 0.278052628 -0.348233461 0.768955469
v 0.282070756 -0.336738616 0.774023473
v 0.287806123 -0.322072148 0.773957968
v 0.282691419 -0.336738616 0.776076555
v 0.278052628 -0.348233461 0.774822712
v 0.28370434 -0.336738616 0.777967215
v 0.288306564 -0.322072148 0.774892092
v 0.27890572 -0.348233461 0.777644694
v 0.285063446 -0.336738616 0.779626548
v 0.282166004 -0.348233461 0.78252399
v 0.280297935 -0.348233461 0.780243337
v 0.276855707 -0.35338518 0.775060773
v 0.277778029 -0.35338518 0.778111756
v 0.27654025 -0.35338518 0.771889091
v 0.281302899 -0.35338518 0.783387125
v 0.278498024 -0.321474403 0.811957479
v 0.279099137 -0.320874393 0.811957002
v 0.281616092 -0.320874393 0.770144463
v 0.281019211 -0.321474403 0.770074666
v 0.319870323 0.279480189 0.0641512051
v 0.319870293 0.234789491 0.0641512051
v 0.321745366 0.234789193 0.0637762025
v 0.321745366 0.279480189 0.0637762025
v 0.321745425 -0.221686885 0.0638490021
v 0.321745366 0.234789193 0.0637762025
v 0.319870293 0.234789491 0.0641512051
v 0.2603558 0.260320604 0.0332684964
v 0.2603558 0.262207687 0.0327628516
v 0.25958249 0.261797369 0.0320521928
v 0.25958249 0.260320604 0.0324478969
v -0.268761486 -0.22131592 0.0641511455
v -0.268846124 -0.222490445 0.0636971295
v -0.267275512 -0.22280398 0.0634472296
v -0.272887796 -0.0249294471 0.66590482
v -0.272221684 -0.0242633317 0.66590482
v -0.272221684 -0.024263341 0.828361452
v -0.272887796 -0.0249294527 0.828361452
v -0.267275512 -0.22280398 0.0634472296
v -0.266886473 -0.221686885 0.0638489351
v -0.268761486 -0.22131592 0.0641511455
v 0.319870293 0.234789491 0.0641512051
v 0.319870383 -0.221315935 0.0641512051
v 0.321745425 -0.221686885 0.0638490021
v -0.27435416 -0.231839061 0.788367271
v -0.272154152 -0.230084643 0.789707541
v -0.272154182 -0.260050565 0.836617529
v -0.27435419 -0.262882143 0.836963475
v -0.27428776 -0.00387787982 0.207530648
v -0.276955485 -0.00186810945 0.209284917
v -0.276955485 -0.0233800169 0.233929798
v -0.27428776 -0.0253897887 0.232175514
v 0.281019211 -0.321474403 0.770074666
v 0.281616092 -0.320874393 0.770144463
v 0.282112539 -0.320874393 0.767300308
v 0.281533033 -0.321474403 0.767130911
v 0.269623905 0.188448757 0.7829265
v 0.267423928 0.188263759 0.785126507
v 0.267423928 0.191597611 0.785691202
v 0.269623905 0.192329973 0.783583939
v -0.271968037 0.0179148 0.66590482
v -0.272221684 0.018851243 0.66590482
v -0.272221684 0.0188512355 0.828361452
v -0.271968037 0.0179147962 0.828361452
v 0.297590822 -0.321474403 0.757722497
v 0.297459692 -0.320874393 0.758311629
v 0.300100088 -0.320874393 0.759209931
v 0.300353765 -0.321474403 0.758662462
v -0.321322054 -0.2240275 0.0599382669
v -0.321315855 0.234788761 0.060585212
v -0.321092784 0.234788537 0.0617003329
v -0.321315855 0.234788761 0.060585212
v -0.321315855 0.279480219 0.0605851077
v -0.321092814 0.279480219 0.0617002845
v -0.321092784 0.234788537 0.0617003329
v -0.266061455 -0.278492093 0.01280268
v -0.265386432 -0.278316617 0.0123486686
v -0.265386432 -0.224576339 0.0614312962
v -0.265386432 -0.224576339 0.0614312962
v -0.266061455 -0.225291297 0.0613961257
v -0.266061455 -0.278492093 0.01280268
v 0.269623846 -0.22578837 0.783583939
v 0.267423838 -0.225056008 0.785691202
v 0.267423838 -0.221722171 0.785126507
v 0.269623846 -0.221907184 0.7829265
v -0.319869399 0.234789491 0.0641511306
v -0.319869488 -0.221315935 0.0641511381
v -0.268761486 -0.22131592 0.0641511455
v -0.268761426 0.234798372 0.0641511455
v -0.319869399 0.279480219 0.0641511381
v -0.268761426 0.279480189 0.0641511455
v 0.319870293 0.234789491 0.0641512051
v 0.26876232 0.234798357 0.0641512051
v 0.26876241 -0.22131592 0.0641512051
v 0.319870383 -0.221315935 0.0641512051
v 0.319870323 0.279480189 0.0641512051
v 0.26876235 0.279480189 0.0641512051
v -0.266886473 -0.221686885 0.0638489351
v -0.267275512 -0.22280398 0.0634472296
v -0.266400129 -0.223680511 0.0627547428
v 0.266887397 -0.221686885 0.0638489947
v 0.266887307 0.23479867 0.063776195
v 0.265762269 0.234798878 0.0626511797
v 0.266887307 0.23479867 0.063776195
v 0.266887277 0.279480189 0.063776195
v 0.265762299 0.279480189 0.0626511797
v 0.265762299 0.279480189 0.0626511797
v 0.265762269 0.234798878 0.0626511797
v 0.266887307 0.23479867 0.063776195
v -0.259582072 0.258843839 0.0269363765
v -0.259582072 0.260320634 0.0265406724
v -0.259582072 0.261797398 0.0269363783
v -0.259582072 0.257367045 0.0294942558
v -0.259582072 0.25776273 0.0280174613
v -0.259582072 0.262878507 0.028017465
v -0.259582072 0.263274193 0.0294942558
v -0.259582072 0.261797398 0.0320521332
v -0.259582072 0.262878507 0.0309710465
v -0.259582072 0.258843839 0.0320521332
v -0.259582072 0.25776273 0.0309710465
v -0.259582072 0.260320634 0.0324478373
v -0.266400129 -0.223680511 0.0627547428
v -0.265761435 -0.222798616 0.0629423186
v -0.266886473 -0.221686885 0.0638489351
v 0.269623905 0.198380634 0.788367331
v 0.269623905 0.229423687 0.836963594
v 0.320223898 0.229423672 0.836963594
v 0.320223927 0.198380619 0.788367391
v 0.269623905 0.195737183 0.785450459
v 0.320223927 0.195737168 0.785450518
v 0.269623905 0.192329973 0.783583939
v 0.320223898 0.192329958 0.783583939
v 0.269623905 0.188448757 0.7829265
v 0.320223898 0.188448757 0.7829265
v 0.269623846 -0.221907184 0.7829265
v 0.320223838 -0.221907198 0.7829265
v 0.269623846 -0.22578837 0.783583939
v 0.320223838 -0.225788385 0.783583939
v 0.269623846 -0.229195625 0.785450459
v 0.320223838 -0.229195625 0.785450518
v 0.269623846 -0.231839061 0.788367331
v 0.320223838 -0.231839061 0.788367391
v 0.284515023 -0.245239437 0.809344888
v 0.284515023 -0.248012841 0.81368655
v 0.28628096 -0.242705762 0.805378616
v 0.289507419 -0.240849987 0.802473485
v 0.28628093 -0.250546515 0.817652881
v 0.29363659 -0.239992931 0.801131845
v 0.269623816 -0.262882113 0.836963594
v 0.289507419 -0.252402306 0.820558012
v 0.29363659 -0.253259361 0.821899652
v 0.29795444 -0.252969444 0.821445823
v 0.29795447 -0.240282848 0.801585674
v 0.30171445 -0.241669565 0.803756475
v 0.304266423 -0.243913308 0.807268977
v 0.305169076 -0.246626168 0.811515749
v 0.320223808 -0.262882143 0.836963594
v 0.30171445 -0.251582712 0.819274962
v 0.304266393 -0.249338984 0.81576252
v -0.27435416 -0.229195639 0.785450399
v -0.272154152 -0.227814034 0.787202001
v -0.272154152 -0.230084643 0.789707541
v -0.27435416 -0.231839061 0.788367271
v -0.265761435 -0.222798616 0.0629423186
v -0.266400129 -0.223680511 0.0627547428
v -0.266061455 -0.225291297 0.0613961257
v -0.324954093 0.198411286 0.788367271
v -0.324954093 0.229454339 0.836963475
v -0.2743541 0.229454324 0.836963475
v -0.2743541 0.198411271 0.788367271
v -0.324954093 0.195767835 0.785450399
v -0.27435407 0.19576782 0.785450399
v -0.324954093 0.192360625 0.78358382
v -0.27435407 0.19236061 0.783583879
v -0.324954093 0.188479409 0.782926381
v -0.27435407 0.188479409 0.782926381
v -0.324954152 -0.221907184 0.782926381
v -0.27435416 -0.221907198 0.782926381
v -0.324954152 -0.22578837 0.783583879
v -0.27435416 -0.225788385 0.783583879
v -0.324954152 -0.229195625 0.785450399
v -0.27435416 -0.229195639 0.785450399
v -0.324954152 -0.231839061 0.788367271
v -0.27435416 -0.231839061 0.788367271
v -0.324954182 -0.262882143 0.836963475
v -0.27435419 -0.262882143 0.836963475
v -0.266061455 -0.225291297 0.0613961257
v -0.265386432 -0.224576339 0.0614312962
v -0.265761435 -0.222798616 0.0629423186
v -0.27428776 -0.0253897887 0.232175514
v -0.276955485 -0.0233800169 0.233929798
v -0.276955485 -0.0271440651 0.234185278
v 0.269623846 -0.221907184 0.7829265
v 0.267423838 -0.221722171 0.785126507
v 0.267423928 0.188263759 0.785126507
v 0.269623905 0.188448757 0.7829265
v -0.265386373 0.279480189 0.0284758508
v -0.265386373 0.279480189 0.0607760884
v -0.265386373 0.234798953 0.0607760847
v -0.265386373 0.277839661 0.0213870369
v -0.265386373 0.279053867 0.0247805659
v -0.265386373 0.267048299 0.0127750207
v -0.265386373 0.234798953 0.0123486705
v -0.265386432 -0.224576339 0.0614312962
v -0.265386432 -0.278316617 0.0123486686
v -0.265386373 0.26335302 0.0123486686
v -0.265386373 0.273436368 0.0158941634
v -0.265386373 0.275934696 0.0183924921
v -0.265386373 0.27044183 0.0139892623
v -0.265879273 0.0235010143 0.056632001
v -0.265879273 0.0235010013 0.660210669
v -0.265879273 -0.0289130714 0.660210669
v -0.265879273 -0.0289130565 0.056632001
v -0.265879273 0.0235009901 0.66480124
v -0.265879273 -0.0289130826 0.66480124
v -0.265879273 -0.0289130714 0.661210716
v -0.265879273 0.0235010013 0.661210716
v 0.281533033 -0.321474403 0.767130911
v 0.282112539 -0.320874393 0.767300308
v 0.283183068 -0.320874393 0.764739096
v 0.282654554 -0.321474403 0.764447749
v 0.266887307 0.23479867 0.063776195
v 0.266887397 -0.221686885 0.0638489947
v 0.26876241 -0.22131592 0.0641512051
v 0.265762269 0.234798878 0.0626511797
v 0.265762359 -0.222798601 0.0629423782
v 0.266887397 -0.221686885 0.0638489947
v -0.271968037 -0.0233268961 0.66590482
v -0.271968037 0.0179148 0.66590482
v -0.271968037 0.0179147962 0.828361452
v -0.271968037 -0.023326898 0.828361452
v -0.272154152 -0.230084643 0.789707541
v -0.272154152 -0.227814034 0.787202001
v -0.272154152 -0.225056022 0.785691142
v -0.272154152 -0.221722186 0.785126388
v -0.272154093 0.188294396 0.785126388
v -0.272154093 0.191628247 0.785691142
v -0.272154093 0.194386214 0.787202001
v -0.272154093 0.196656868 0.789707541
v -0.272154093 0.226622745 0.836617529
v -0.272154182 -0.260050565 0.836617529
v -0.27428779 -0.203527465 0.0332614072
v -0.27428776 -0.00387787982 0.207530648
v -0.27428776 -0.0253897887 0.232175514
v -0.27428779 -0.225039363 0.0579062812
v 0.26876241 -0.22131592 0.0641512051
v 0.26876232 0.234798357 0.0641512051
v 0.266887307 0.23479867 0.063776195
v 0.266887277 0.279480189 0.063776195
v 0.26876235 0.279480189 0.0641512051
v -0.272221684 -0.0242633317 0.66590482
v -0.271968037 -0.0233268961 0.66590482
v -0.271968037 -0.023326898 0.828361452
v -0.272221684 -0.024263341 0.828361452
v -0.266655266 -0.0298404656 0.660710692
v -0.266201615 -0.0301031955 0.661210716
v -0.26704818 -0.0309497546 0.661210716
v -0.267310917 -0.030496113 0.660710692
v 0.294614881 -0.321474403 0.757393599
v 0.294614881 -0.320874393 0.757997274
v 0.297459692 -0.320874393 0.758311629
v 0.297590822 -0.321474403 0.757722497
v 0.304266423 -0.224396884 0.807268977
v 0.304266423 -0.243913308 0.807268977
v 0.305169076 -0.246626168 0.811515749
v 0.30171445 -0.241669565 0.803756475
v 0.305169106 -0.224396884 0.811515749
v 0.30171445 -0.224396884 0.803756475
v 0.304266423 -0.224396884 0.81576252
v 0.29795447 -0.240282848 0.801585674
v 0.304266393 -0.249338984 0.81576252
v 0.29795447 -0.224396884 0.801585674
v 0.30171445 -0.224396884 0.819275022
v 0.29363659 -0.239992931 0.801131845
v 0.30171445 -0.251582712 0.819274962
v 0.29363659 -0.224396884 0.801131845
v 0.29795447 -0.224396884 0.821445823
v 0.289507419 -0.240849987 0.802473485
v 0.29795444 -0.252969444 0.821445823
v 0.289507449 -0.224396884 0.802473485
v 0.29363659 -0.224396884 0.821899652
v 0.28628096 -0.242705762 0.805378616
v 0.29363659 -0.253259361 0.821899652
v 0.28628096 -0.224396884 0.805378616
v 0.289507419 -0.252402306 0.820558012
v 0.284515053 -0.224396884 0.809344888
v 0.289507419 -0.224396884 0.820558012
v 0.284515023 -0.245239437 0.809344888
v 0.28628093 -0.250546515 0.817652881
v 0.284515053 -0.224396884 0.81368655
v 0.28628096 -0.224396884 0.817652881
v 0.284515023 -0.248012841 0.81368655
v -0.321092784 0.234788537 0.0617003329
v -0.321153671 -0.221763983 0.0618482605
v -0.321322054 -0.2240275 0.0599382669
v -0.27428776 -0.0253897887 0.232175514
v -0.276955485 -0.0271440651 0.234185278
v -0.276955515 -0.226793647 0.0599160492
v -0.27428779 -0.225039363 0.0579062812
v -0.27435407 0.19576782 0.785450399
v -0.272154093 0.194386214 0.787202001
v -0.272154093 0.191628247 0.785691142
v -0.27435407 0.19236061 0.783583879
v -0.287395835 -0.259364277 0.0200086832
v -0.301668227 -0.259364277 0.0200086832
v -0.294532031 -0.260783762 0.0200086832
v -0.307718039 -0.25532195 0.0200086832
v -0.281346053 -0.25532195 0.0200086832
v -0.277303725 -0.249272168 0.0200086832
v -0.311760366 -0.249272153 0.0200086832
v -0.275884241 -0.242135957 0.0200086832
v -0.313179851 -0.242135942 0.0200086832
v -0.277303725 -0.234999746 0.0200086832
v -0.311760366 -0.234999746 0.0200086832
v -0.281346053 -0.228949964 0.0200086832
v -0.307718039 -0.228949949 0.0200086832
v -0.287395835 -0.224907622 0.0200086832
v -0.301668227 -0.224907622 0.0200086832
v -0.294532031 -0.223488152 0.0200086832
v 0.301667958 -0.259364277 0.0200086832
v 0.287395537 -0.259364277 0.0200086832
v 0.294531763 -0.260783732 0.0200086832
v 0.281345755 -0.25532195 0.0200086832
v 0.277303427 -0.249272168 0.0200086832
v 0.307717741 -0.25532192 0.0200086832
v 0.275883943 -0.242135957 0.0200086832
v 0.311760068 -0.249272153 0.0200086832
v 0.277303427 -0.234999731 0.0200086832
v 0.313179553 -0.242135942 0.0200086832
v 0.281345755 -0.228949949 0.0200086832
v 0.311760068 -0.234999731 0.0200086832
v 0.287395537 -0.224907637 0.0200086832
v 0.307717711 -0.228949934 0.0200086832
v 0.294531763 -0.223488122 0.0200086832
v 0.301667958 -0.224907592 0.0200086832
v -0.287395775 0.181348726 0.0200086832
v -0.301668167 0.181348726 0.0200086832
v -0.294531971 0.179929242 0.0200086832
v -0.307717949 0.185391054 0.0200086832
v -0.281345993 0.185391054 0.0200086832
v -0.277303636 0.191440836 0.0200086832
v -0.311760306 0.191440836 0.0200086832
v -0.275884151 0.198577046 0.0200086832
v -0.313179761 0.198577046 0.0200086832
v -0.277303636 0.205713257 0.0200086832
v -0.311760306 0.205713257 0.0200086832
v -0.281345963 0.211763039 0.0200086832
v -0.307717949 0.211763039 0.0200086832
v -0.287395746 0.215805367 0.0200086832
v -0.301668167 0.215805382 0.0200086832
v -0.294531971 0.217224851 0.0200086832
v 0.301667988 0.181348726 0.0200086832
v 0.287395597 0.181348711 0.0200086832
v 0.294531792 0.179929256 0.0200086832
v 0.281345785 0.185391054 0.0200086832
v 0.277303487 0.191440836 0.0200086832
v 0.3077178 0.185391068 0.0200086832
v 0.275883973 0.198577046 0.0200086832
v 0.311760157 0.19144085 0.0200086832
v 0.277303427 0.205713257 0.0200086832
v 0.313179582 0.198577061 0.0200086832
v 0.281345785 0.211763039 0.0200086832
v 0.311760098 0.205713272 0.0200086832
v 0.287395597 0.215805367 0.0200086832
v 0.3077178 0.211763054 0.0200086832
v 0.294531792 0.217224866 0.0200086832
v 0.301667988 0.215805396 0.0200086832
v -0.266655266 0.0244283974 0.660710692
v -0.266201615 0.0246911198 0.661210716
v -0.265879273 0.0235010013 0.661210716
v -0.294532031 -0.260783762 0.0200086832
v -0.294532031 -0.263976246 0.0168161821
v -0.286174119 -0.262313753 0.0168161821
v -0.301668227 -0.259364277 0.0200086832
v -0.287395835 -0.259364277 0.0200086832
v -0.302889943 -0.262313753 0.0168161821
v -0.279088616 -0.257579386 0.0168161821
v -0.307718039 -0.25532195 0.0200086832
v -0.281346053 -0.25532195 0.0200086832
v -0.309975475 -0.257579386 0.0168161821
v -0.274354219 -0.250493884 0.0168161821
v -0.311760366 -0.249272153 0.0200086832
v -0.277303725 -0.249272168 0.0200086832
v -0.314709842 -0.250493884 0.0168161821
v -0.272691727 -0.242135957 0.0168161821
v -0.313179851 -0.242135942 0.0200086832
v -0.275884241 -0.242135957 0.0200086832
v -0.316372335 -0.242135942 0.0168161821
v -0.274354219 -0.23377803 0.0168161821
v -0.311760366 -0.234999746 0.0200086832
v -0.277303725 -0.234999746 0.0200086832
v -0.314709842 -0.233778015 0.0168161821
v -0.279088616 -0.226692528 0.0168161821
v -0.307718039 -0.228949949 0.0200086832
v -0.281346053 -0.228949964 0.0200086832
v -0.309975475 -0.226692513 0.0168161821
v -0.286174119 -0.221958145 0.0168161821
v -0.301668227 -0.224907622 0.0200086832
v -0.287395835 -0.224907622 0.0200086832
v -0.302889943 -0.221958131 0.0168161821
v -0.294532031 -0.220295638 0.0168161821
v -0.294532031 -0.223488152 0.0200086832
v 0.294531763 -0.263976246 0.0168161821
v 0.294531763 -0.260783732 0.0200086832
v 0.28617382 -0.262313783 0.0168161821
v 0.287395537 -0.259364277 0.0200086832
v 0.301667958 -0.259364277 0.0200086832
v 0.279088348 -0.257579386 0.0168161821
v 0.302889675 -0.262313753 0.0168161821
v 0.281345755 -0.25532195 0.0200086832
v 0.307717741 -0.25532192 0.0200086832
v 0.274353951 -0.250493884 0.0168161821
v 0.309975177 -0.257579386 0.0168161821
v 0.277303427 -0.249272168 0.0200086832
v 0.311760068 -0.249272153 0.0200086832
v 0.272691458 -0.242135942 0.0168161821
v 0.314709574 -0.250493854 0.0168161821
v 0.275883943 -0.242135957 0.0200086832
v 0.313179553 -0.242135942 0.0200086832
v 0.274353921 -0.23377803 0.0168161821
v 0.316372037 -0.242135942 0.0168161821
v 0.277303427 -0.234999731 0.0200086832
v 0.311760068 -0.234999731 0.0200086832
v 0.279088348 -0.226692528 0.0168161821
v 0.314709574 -0.233778015 0.0168161821
v 0.281345755 -0.228949949 0.0200086832
v 0.307717711 -0.228949934 0.0200086832
v 0.28617385 -0.221958145 0.0168161821
v 0.309975177 -0.226692498 0.0168161821
v 0.287395537 -0.224907637 0.0200086832
v 0.301667958 -0.224907592 0.0200086832
v 0.294531763 -0.220295623 0.0168161821
v 0.302889675 -0.221958116 0.0168161821
v 0.294531763 -0.223488122 0.0200086832
v -0.294531971 0.179929242 0.0200086832
v -0.294531971 0.176736742 0.0168161821
v -0.286174059 0.178399235 0.0168161821
v -0.301668167 0.181348726 0.0200086832
v -0.287395775 0.181348726 0.0200086832
v -0.302889884 0.178399235 0.0168161821
v -0.279088527 0.183133617 0.0168161821
v -0.307717949 0.185391054 0.0200086832
v -0.281345993 0.185391054 0.0200086832
v -0.309975386 0.183133617 0.0168161821
v -0.27435416 0.190219119 0.0168161821
v -0.311760306 0.191440836 0.0200086832
v -0.277303636 0.191440836 0.0200086832
v -0.314709783 0.190219119 0.0168161821
v -0.272691667 0.198577046 0.0168161821
v -0.313179761 0.198577046 0.0200086832
v -0.275884151 0.198577046 0.0200086832
v -0.316372275 0.198577046 0.0168161821
v -0.27435416 0.206934974 0.0168161821
v -0.311760306 0.205713257 0.0200086832
v -0.277303636 0.205713257 0.0200086832
v -0.314709783 0.206934974 0.0168161821
v -0.279088527 0.214020476 0.0168161821
v -0.307717949 0.211763039 0.0200086832
v -0.281345963 0.211763039 0.0200086832
v -0.309975386 0.214020491 0.0168161821
v -0.286174029 0.218754858 0.0168161821
v -0.301668167 0.215805382 0.0200086832
v -0.287395746 0.215805367 0.0200086832
v -0.302889884 0.218754858 0.0168161821
v -0.294531971 0.220417351 0.0168161821
v -0.294531971 0.217224851 0.0200086832
v 0.294531792 0.176736757 0.0168161821
v 0.294531792 0.179929256 0.0200086832
v 0.28617385 0.17839922 0.0168161821
v 0.287395597 0.181348711 0.0200086832
v 0.301667988 0.181348726 0.0200086832
v 0.279088378 0.183133617 0.0168161821
v 0.302889705 0.17839925 0.0168161821
v 0.281345785 0.185391054 0.0200086832
v 0.3077178 0.185391068 0.0200086832
v 0.274353981 0.190219119 0.0168161821
v 0.309975207 0.183133617 0.0168161821
v 0.277303487 0.191440836 0.0200086832
v 0.311760157 0.19144085 0.0200086832
v 0.272691458 0.198577046 0.0168161821
v 0.314709604 0.190219134 0.0168161821
v 0.275883973 0.198577046 0.0200086832
v 0.313179582 0.198577061 0.0200086832
v 0.274353981 0.206934974 0.0168161821
v 0.316372126 0.198577061 0.0168161821
v 0.277303427 0.205713257 0.0200086832
v 0.311760098 0.205713272 0.0200086832
v 0.279088348 0.214020476 0.0168161821
v 0.314709604 0.206934988 0.0168161821
v 0.281345785 0.211763039 0.0200086832
v 0.3077178 0.211763054 0.0200086832
v 0.28617388 0.218754858 0.0168161821
v 0.309975207 0.214020506 0.0168161821
v 0.287395597 0.215805367 0.0200086832
v 0.301667988 0.215805396 0.0200086832
v 0.294531792 0.220417365 0.0168161821
v 0.302889675 0.218754888 0.0168161821
v 0.294531792 0.217224866 0.0200086832
v -0.265879273 0.0235010013 0.661210716
v -0.266398937 0.0234318729 0.660710692
v -0.266655266 0.0244283974 0.660710692
v -0.26731506 -0.274020255 0.0142772673
v -0.26731497 0.234798953 0.0142772738
v -0.321315855 0.23478891 0.0142772673
v -0.321315944 -0.274020284 0.0142772626
v 0.267315924 -0.274020255 0.0142773287
v 0.321316868 -0.274020284 0.0142773381
v 0.321316779 0.23478891 0.0142773446
v 0.267315865 0.234798953 0.0142773381
v 0.282654554 -0.321474403 0.764447749
v 0.283183068 -0.320874393 0.764739096
v 0.2847597 -0.320874393 0.762491643
v 0.284304857 -0.321474403 0.762095213
v -0.268761486 -0.22131592 0.0641511455
v -0.266886473 -0.221686885 0.0638489351
v -0.266886413 0.23479867 0.0637761354
v 0.2603558 0.256546408 0.0294943172
v 0.2603558 0.257052094 0.0313814059
v 0.25958249 0.25776273 0.0309711061
v 0.25958249 0.257367015 0.0294943172
v 0.291638941 -0.321474403 0.757722497
v 0.291770071 -0.320874393 0.758311689
v 0.294614881 -0.320874393 0.757997274
v 0.294614881 -0.321474403 0.757393599
v -0.260355353 0.257052094 0.0276071616
v -0.259582072 0.25776273 0.0280174613
v -0.259582072 0.257367045 0.0294942558
v -0.260355353 0.256546438 0.0294942558
v -0.266886413 0.23479867 0.0637761354
v -0.268761426 0.234798372 0.0641511455
v -0.268761486 -0.22131592 0.0641511455
v -0.266886383 0.279480189 0.0637761354
v -0.268761426 0.279480189 0.0641511455
v -0.321315855 0.2704418 0.0139892558
v -0.321315855 0.273436368 0.0158941559
v -0.321315855 0.275934696 0.0183924865
v -0.321315855 0.279053867 0.0247805584
v -0.321315855 0.277839661 0.0213870276
v -0.321315855 0.23478891 0.0142772673
v -0.321315855 0.267048299 0.0127750132
v -0.321315855 0.26335302 0.0123486612
v -0.321315855 0.279480219 0.0605851077
v -0.321315855 0.279480219 0.0284758415
v -0.321315855 0.234788761 0.060585212
v -0.321322054 -0.2240275 0.0599382669
v -0.321315944 -0.274020284 0.0142772626
v 0.284304857 -0.321474403 0.762095213
v 0.2847597 -0.320874393 0.762491643
v 0.286767364 -0.320874393 0.76062572
v 0.286404997 -0.321474403 0.760143399
v -0.266398937 0.0234318729 0.660710692
v -0.265879273 0.0235010013 0.661210716
v -0.265879273 -0.0289130714 0.661210716
v -0.266398937 -0.0288439412 0.660710692
v -0.266398937 -0.0288439412 0.660710692
v -0.265879273 -0.0289130714 0.661210716
v -0.266201615 -0.0301031955 0.661210716
v 0.288875997 -0.321474403 0.758662462
v 0.289129674 -0.320874393 0.759209931
v 0.291770071 -0.320874393 0.758311689
v 0.291638941 -0.321474403 0.757722497
v -0.266201615 -0.0301031955 0.661210716
v -0.266655266 -0.0298404656 0.660710692
v -0.266398937 -0.0288439412 0.660710692
v 0.2603558 0.258433521 0.0327628516
v 0.2603558 0.260320604 0.0332684964
v 0.25958249 0.260320604 0.0324478969
v 0.25958249 0.258843839 0.0320521928
v -0.265386373 0.234798953 0.0607760847
v -0.265761375 0.234798893 0.0626511201
v -0.265761435 -0.222798616 0.0629423186
v -0.265761375 0.234798893 0.0626511201
v -0.265386373 0.234798953 0.0607760847
v -0.265386373 0.279480189 0.0607760884
v -0.265761375 0.279480189 0.0626511201
v 0.286404997 -0.321474403 0.760143399
v 0.286767364 -0.320874393 0.76062572
v 0.289129674 -0.320874393 0.759209931
v 0.288875997 -0.321474403 0.758662462
v -0.27435416 -0.225788385 0.783583879
v -0.272154152 -0.225056022 0.785691142
v -0.272154152 -0.227814034 0.787202001
v -0.27435416 -0.229195639 0.785450399
v -0.265761435 -0.222798616 0.0629423186
v -0.265386432 -0.224576339 0.0614312962
v -0.265386373 0.234798953 0.0607760847
v -0.260355353 0.260320634 0.0332684368
v -0.259582072 0.260320634 0.0324478373
v -0.259582072 0.261797398 0.0320521332
v -0.260355353 0.262207717 0.032762792
v 0.2603558 0.257052094 0.0313814059
v 0.2603558 0.258433521 0.0327628516
v 0.25958249 0.258843839 0.0320521928
v 0.25958249 0.258843839 0.0320521928
v 0.25958249 0.25776273 0.0309711061
v 0.2603558 0.257052094 0.0313814059
v -0.27435407 0.19236061 0.783583879
v -0.272154093 0.191628247 0.785691142
v -0.272154093 0.188294396 0.785126388
v -0.27435407 0.188479409 0.782926381
v -0.27435416 -0.221907198 0.782926381
v -0.272154152 -0.221722186 0.785126388
v -0.272154152 -0.225056022 0.785691142
v -0.27435416 -0.225788385 0.783583879
v -0.266886473 -0.221686885 0.0638489351
v -0.265761435 -0.222798616 0.0629423186
v -0.265761375 0.234798893 0.0626511201
v -0.265761375 0.234798893 0.0626511201
v -0.266886413 0.23479867 0.0637761354
v -0.266886473 -0.221686885 0.0638489351
v -0.266886413 0.23479867 0.0637761354
v -0.265761375 0.234798893 0.0626511201
v -0.265761375 0.279480189 0.0626511201
v -0.266886383 0.279480189 0.0637761354
v -0.27435407 0.188479409 0.782926381
v -0.272154093 0.188294396 0.785126388
v -0.272154152 -0.221722186 0.785126388
v -0.27435416 -0.221907198 0.782926381
v -0.260355353 0.256546438 0.0294942558
v -0.259582072 0.257367045 0.0294942558
v -0.259582072 0.25776273 0.0309710465
v -0.260355353 0.257052094 0.0313813463
v -0.260355353 0.258433521 0.032762792
v -0.259582072 0.258843839 0.0320521332
v -0.259582072 0.260320634 0.0324478373
v -0.260355353 0.260320634 0.0332684368
v -0.260355353 0.257052094 0.0313813463
v -0.259582072 0.25776273 0.0309710465
v -0.259582072 0.258843839 0.0320521332
v -0.260355353 0.258433521 0.032762792
f 1 2 3
f 3 4 1
f 5 6 7
f 8 9 10
f 10 11 8
f 12 13 14
f 14 15 12
f 16 17 18
f 18 19 16
f 20 21 22
f 23 24 25
f 26 27 28
f 28 29 26
f 30 31 32
f 32 33 30
f 34 35 36
f 37 38 39
f 40 41 42
f 43 44 45
f 45 46 43
f 47 48 49
f 50 51 52
f 53 54 55
f 56 57 58
f 58 59 56
f 60 61 62
f 62 63 60
f 64 65 66
f 66 67 64
f 68 69 70
f 71 72 73
f 73 74 71
f 75 76 77
f 78 79 80
f 80 81 78
f 82 83 84
f 84 85 82
f 86 87 88
f 89 88 87
f 88 90 86
f 87 91 89
f 92 86 90
f 93 89 91
f 90 94 92
f 91 95 93
f 96 92 94
f 97 93 95
f 94 98 96
f 95 99 97
f 100 96 98
f 101 97 99
f 98 102 100
f 99 103 101
f 104 100 102
f 105 101 103
f 102 106 104
f 103 107 105
f 108 104 106
f 109 105 107
f 106 110 108
f 107 111 109
f 112 108 110
f 113 109 111
f 110 114 112
f 111 115 113
f 116 112 114
f 117 113 115
f 114 118 116
f 115 119 117
f 120 116 118
f 121 117 119
f 118 122 120
f 119 123 121
f 124 120 122
f 125 121 123
f 122 126 124
f 123 127 125
f 128 124 126
f 129 125 127
f 126 130 128
f 127 131 129
f 132 128 130
f 133 129 131
f 130 134 132
f 131 135 133
f 136 132 134
f 137 133 135
f 135 136 137
f 134 137 136
f 138 139 140
f 139 138 141
f 140 142 138
f 141 143 139
f 142 140 144
f 143 141 145
f 144 146 142
f 145 147 143
f 146 144 148
f 147 145 149
f 148 150 146
f 149 151 147
f 150 148 152
f 151 149 153
f 152 154 150
f 153 155 151
f 154 152 156
f 155 153 157
f 156 158 154
f 157 159 155
f 158 156 160
f 159 157 161
f 160 162 158
f 161 163 159
f 162 160 164
f 163 161 165
f 164 166 162
f 165 167 163
f 166 164 168
f 167 165 169
f 168 170 166
f 169 171 167
f 170 168 172
f 171 169 173
f 172 174 170
f 173 175 171
f 174 172 176
f 175 173 177
f 176 178 174
f 177 179 175
f 178 176 180
f 179 177 181
f 180 182 178
f 181 183 179
f 182 180 184
f 183 181 185
f 184 186 182
f 185 187 183
f 186 184 188
f 187 185 189
f 188 189 186
f 189 188 187
f 190 191 192
f 192 193 190
f 194 195 196
f 196 197 194
f 198 199 200
f 200 201 198
f 202 203 204
f 205 206 207
f 208 209 210
f 210 211 208
f 212 213 214
f 215 216 217
f 218 219 220
f 221 222 223
f 224 225 226
f 227 228 229
f 229 230 227
f 231 232 233
f 233 234 231
f 235 236 237
f 237 238 235
f 239 240 241
f 242 243 244
f 244 245 242
f 246 247 248
f 248 249 246
f 250 251 252
f 253 254 255
f 255 256 253
f 257 258 259
f 259 260 257
f 261 262 263
f 263 264 261
f 265 266 267
f 265 267 268
f 265 268 269
f 265 269 270
f 265 270 271
f 265 271 272
f 265 272 273
f 265 273 274
f 275 276 277
f 275 277 278
f 275 278 279
f 277 280 278
f 277 281 280
f 281 282 280
f 280 283 278
f 283 284 278
f 280 285 283
f 286 285 280
f 280 287 286
f 288 289 290
f 290 291 288
f 292 293 294
f 294 295 292
f 296 297 298
f 296 298 299
f 300 296 299
f 298 301 302
f 298 302 303
f 298 303 299
f 302 304 303
f 303 305 299
f 305 306 299
f 303 307 305
f 308 309 310
f 311 310 309
f 309 312 311
f 313 314 315
f 315 316 313
f 317 318 319
f 320 318 321
f 322 318 317
f 321 318 323
f 324 318 322
f 323 318 325
f 326 318 324
f 325 318 327
f 328 318 326
f 327 318 329
f 330 318 328
f 329 318 331
f 332 318 330
f 331 318 332
f 333 334 335
f 333 336 334
f 333 337 338
f 333 339 336
f 333 338 340
f 333 341 339
f 333 340 342
f 333 343 341
f 333 342 344
f 333 345 343
f 333 344 346
f 333 347 345
f 333 346 348
f 333 348 347
f 349 350 351
f 352 350 353
f 354 350 349
f 353 350 355
f 356 350 354
f 355 350 357
f 358 350 356
f 357 350 359
f 360 350 358
f 359 350 361
f 362 350 360
f 361 350 363
f 364 350 362
f 363 350 364
f 365 366 367
f 365 368 366
f 365 369 370
f 365 371 368
f 365 370 372
f 365 373 371
f 365 372 374
f 365 375 373
f 365 374 376
f 365 377 375
f 365 376 378
f 365 379 377
f 365 378 380
f 365 380 379
f 381 382 383
f 382 384 383
f 384 385 383
f 385 386 383
f 386 387 383
f 387 388 383
f 388 389 383
f 389 390 383
f 390 391 383
f 391 392 383
f 393 394 395
f 394 396 395
f 396 397 395
f 397 398 395
f 398 399 395
f 399 400 395
f 400 401 395
f 401 402 395
f 402 403 395
f 403 404 395
f 405 406 407
f 408 406 405
f 405 407 409
f 408 410 406
f 409 407 411
f 412 410 408
f 409 411 413
f 412 414 410
f 413 411 415
f 416 414 412
f 413 415 417
f 416 418 414
f 417 415 419
f 420 418 416
f 417 419 421
f 420 422 418
f 421 419 423
f 424 422 420
f 421 423 425
f 424 426 422
f 425 423 427
f 428 426 424
f 425 427 429
f 428 430 426
f 429 427 431
f 432 430 428
f 429 431 433
f 432 434 430
f 433 431 435
f 436 434 432
f 433 435 436
f 436 435 434
f 437 438 439
f 439 438 440
f 437 441 438
f 439 440 442
f 443 441 437
f 442 440 444
f 443 445 441
f 442 444 446
f 447 445 443
f 446 444 448
f 447 449 445
f 446 448 450
f 451 449 447
f 450 448 452
f 451 453 449
f 450 452 454
f 455 453 451
f 454 452 456
f 455 457 453
f 454 456 458
f 459 457 455
f 458 456 460
f 459 461 457
f 458 460 462
f 463 461 459
f 462 460 464
f 463 465 461
f 462 464 466
f 467 465 463
f 466 464 468
f 467 468 465
f 466 468 467
f 469 470 471
f 472 470 469
f 469 471 473
f 472 474 470
f 473 471 475
f 476 474 472
f 473 475 477
f 476 478 474
f 477 475 479
f 480 478 476
f 477 479 481
f 480 482 478
f 481 479 483
f 484 482 480
f 481 483 485
f 484 486 482
f 485 483 487
f 488 486 484
f 485 487 489
f 488 490 486
f 489 487 491
f 492 490 488
f 489 491 493
f 492 494 490
f 493 491 495
f 496 494 492
f 493 495 497
f 496 498 494
f 497 495 499
f 500 498 496
f 497 499 500
f 500 499 498
f 501 502 503
f 503 502 504
f 501 505 502
f 503 504 506
f 507 505 501
f 506 504 508
f 507 509 505
f 506 508 510
f 511 509 507
f 510 508 512
f 511 513 509
f 510 512 514
f 515 513 511
f 514 512 516
f 515 517 513
f 514 516 518
f 519 517 515
f 518 516 520
f 519 521 517
f 518 520 522
f 523 521 519
f 522 520 524
f 523 525 521
f 522 524 526
f 527 525 523
f 526 524 528
f 527 529 525
f 526 528 530
f 531 529 527
f 530 528 532
f 531 532 529
f 530 532 531
f 533 534 535
f 535 536 533
f 537 538 539
f 539 540 537
f 541 542 543
f 543 544 541
f 545 546 547
f 548 549 550
f 551 552 553
f 553 554 551
f 555 556 557
f 557 558 555
f 559 560 561
f 559 561 562
f 561 563 562
f 561 564 563
f 564 565 563
f 565 566 563
f 566 567 563
f 567 568 563
f 568 569 563
f 569 570 563
f 570 571 563
f 571 572 563
f 572 573 563
f 573 574 563
f 575 576 577
f 575 577 578
f 575 578 579
f 575 579 580
f 575 580 581
f 575 581 582
f 575 582 583
f 575 583 584
f 575 584 585
f 575 585 586
f 575 586 587
f 588 575 587
f 589 588 587
f 589 587 590
f 591 592 593
f 593 592 594
f 593 595 596
f 594 595 593
f 596 595 597
f 597 595 594
f 597 598 596
f 594 599 597
f 600 598 597
f 597 599 601
f 597 601 600
f 600 601 602
f 603 602 601
f 604 605 602
f 604 606 605
f 603 607 602
f 608 607 603
f 604 609 606
f 602 607 610
f 610 604 602
f 610 607 608
f 611 609 604
f 611 604 610
f 611 612 609
f 613 612 611
f 611 610 613
f 610 608 614
f 614 608 615
f 613 610 614
f 613 616 612
f 612 616 617
f 614 616 613
f 617 616 614
f 614 618 617
f 619 618 614
f 615 620 614
f 614 620 621
f 614 622 619
f 621 622 614
f 623 620 615
f 621 620 623
f 624 625 623
f 626 625 624
f 627 625 626
f 623 625 627
f 623 628 621
f 627 628 623
f 621 628 629
f 629 628 627
f 629 622 621
f 619 622 629
f 627 630 629
f 631 630 627
f 629 632 619
f 633 630 631
f 629 630 633
f 633 632 629
f 631 634 633
f 619 632 635
f 635 632 633
f 633 634 636
f 633 637 635
f 636 637 633
f 635 637 638
f 638 637 636
f 638 639 635
f 640 639 638
f 638 641 640
f 636 642 638
f 643 642 636
f 644 641 638
f 638 642 644
f 644 642 643
f 645 641 644
f 643 646 644
f 644 647 645
f 646 647 644
f 648 649 650
f 650 651 648
f 652 653 654
f 654 655 652
f 656 657 658
f 658 659 656
f 660 661 662
f 662 663 660
f 664 665 666
f 667 668 669
f 670 671 672
f 672 673 670
f 674 675 676
f 676 677 674
f 678 679 680
f 679 678 681
f 681 682 679
f 683 684 685
f 685 686 683
f 684 683 687
f 687 688 684
f 688 687 689
f 689 690 688
f 691 692 693
f 693 694 691
f 695 691 694
f 694 696 695
f 697 695 696
f 696 698 697
f 699 700 701
f 702 703 704
f 704 705 706
f 702 704 707
f 704 706 707
f 702 707 708
f 709 702 708
f 708 710 709
f 707 711 708
f 706 712 707
f 712 713 707
f 706 714 712
f 715 716 717
f 717 718 715
f 719 720 721
f 722 723 724
f 725 726 727
f 728 729 730
f 728 730 731
f 728 731 732
f 728 732 733
f 728 733 734
f 728 734 735
f 728 735 736
f 728 736 737
f 728 737 738
f 728 738 739
f 728 739 740
f 741 728 740
f 742 741 740
f 742 740 743
f 744 745 746
f 744 746 747
f 746 748 747
f 746 749 748
f 749 750 748
f 750 751 748
f 751 752 748
f 752 753 748
f 753 754 748
f 754 755 748
f 755 756 748
f 756 757 748
f 757 758 748
f 758 759 748
f 760 761 762
f 762 763 760
f 763 762 764
f 764 765 763
f 766 767 768
f 768 769 766
f 770 768 767
f 767 771 770
f 772 773 774
f 774 775 772
f 609 776 777
f 612 776 609
f 777 778 609
f 779 778 777
f 606 778 779
f 609 778 606
f 779 780 606
f 781 780 779
f 779 782 781
f 781 782 783
f 783 784 781
f 785 784 783
f 786 784 785
f 781 784 786
f 787 780 781
f 606 780 787
f 786 788 781
f 781 788 787
f 789 788 786
f 787 788 789
f 786 790 789
f 791 790 786
f 792 790 791
f 789 790 792
f 792 793 789
f 794 793 792
f 792 795 794
f 794 795 796
f 789 797 787
f 789 793 798
f 798 797 789
f 798 793 794
f 787 797 605
f 605 606 787
f 605 797 798
f 796 799 794
f 794 800 798
f 799 800 794
f 798 800 600
f 600 800 799
f 798 801 605
f 600 801 798
f 605 801 602
f 602 801 600
f 799 598 600
f 802 803 799
f 799 804 802
f 799 803 596
f 596 598 799
f 596 803 802
f 804 805 802
f 806 805 804
f 802 805 806
f 802 806 807
f 802 808 596
f 807 809 802
f 591 809 807
f 593 808 802
f 802 809 593
f 593 809 591
f 596 808 593
f 810 811 812
f 812 813 810
f 814 815 816
f 816 817 814
f 818 819 820
f 820 821 818
f 822 823 824
f 824 825 822
f 826 827 828
f 828 829 826
f 830 831 832
f 833 834 835
f 836 834 833
f 837 834 836
f 835 834 837
f 837 838 835
f 839 840 835
f 835 841 839
f 837 842 838
f 843 842 837
f 844 842 843
f 838 842 844
f 844 845 838
f 846 841 835
f 835 838 846
f 838 845 847
f 846 838 847
f 848 845 844
f 847 845 848
f 849 844 850
f 848 844 849
f 849 851 848
f 848 852 847
f 848 851 853
f 853 852 848
f 853 851 849
f 854 855 849
f 856 855 854
f 849 855 856
f 847 852 857
f 857 852 853
f 849 858 853
f 857 859 847
f 856 860 849
f 847 859 846
f 849 860 861
f 861 858 849
f 862 860 856
f 861 860 862
f 856 863 862
f 783 863 856
f 862 863 783
f 783 782 862
f 853 858 864
f 864 858 861
f 862 865 861
f 864 866 853
f 853 866 857
f 862 782 779
f 779 865 862
f 861 865 777
f 777 865 779
f 861 867 864
f 777 867 861
f 868 866 864
f 857 866 868
f 864 867 869
f 869 867 777
f 869 868 864
f 868 870 857
f 857 870 871
f 871 859 857
f 872 870 868
f 871 870 872
f 846 859 871
f 873 868 869
f 868 874 872
f 873 874 868
f 846 871 875
f 875 841 846
f 839 841 875
f 875 876 839
f 839 876 877
f 875 871 878
f 879 876 875
f 877 876 879
f 875 878 879
f 871 872 878
f 880 881 882
f 882 883 880
f 884 885 886
f 886 887 884
f 879 878 888
f 879 889 877
f 877 889 890
f 890 889 891
f 891 889 879
f 888 891 879
f 892 891 888
f 892 893 891
f 888 894 892
f 892 894 895
f 895 894 896
f 896 894 888
f 878 897 888
f 888 897 896
f 898 897 878
f 896 897 898
f 878 872 898
f 898 899 896
f 900 895 896
f 896 899 900
f 901 895 900
f 872 902 898
f 903 899 898
f 898 902 903
f 900 899 903
f 900 904 901
f 905 902 872
f 903 902 905
f 872 874 905
f 901 904 645
f 903 906 900
f 640 904 900
f 900 906 640
f 645 904 640
f 907 906 903
f 640 906 907
f 640 641 645
f 903 908 907
f 905 908 903
f 907 639 640
f 905 874 873
f 907 908 909
f 909 908 905
f 873 910 905
f 905 910 909
f 617 910 873
f 909 910 617
f 873 911 617
f 869 911 873
f 909 912 907
f 612 911 869
f 617 911 612
f 617 618 909
f 869 776 612
f 777 776 869
f 907 912 635
f 635 639 907
f 619 912 909
f 909 618 619
f 635 912 619
f 913 914 915
f 916 917 918
f 919 920 921
f 922 923 924
f 925 926 927
f 927 928 925
f 929 930 931
f 931 932 929
f 933 934 935
f 935 936 933
f 937 938 939
f 940 941 942
f 942 943 940
f 944 945 946
f 947 948 949
f 949 950 947
f 951 952 953
f 953 954 951
f 955 956 957
f 957 958 955
f 959 960 961
f 961 962 959
f 963 964 965
f 966 967 968
f 969 970 971
f 971 972 969
f 973 974 975
f 976 977 978
f 979 980 981
f 982 983 984
f 985 986 987
f 988 989 990
f 991 992 993
f 993 994 991
f 995 996 997
f 997 998 995
f 999 1000 1001
f 1002 1003 1004
f 1005 1006 1007
f 1008 1009 1010
f 1011 1012 1013
f 1014 1015 1016
f 1016 1017 1014
f 1018 1019 1020
f 1020 1021 1018
f 1022 1023 1024
f 1025 1026 1027
f 1027 1028 1025
f 1029 1030 1031
f 1032 1033 1034
f 1035 1036 1037
f 1037 1038 1035
f 1039 1040 1041
f 1042 1043 1044
f 1045 1046 1047
f 1047 1048 1045
f 1049 1050 1051
f 1051 1052 1049
f 1053 1054 1055
f 1056 1057 1058
f 1058 1059 1056
f 1060 1061 1062
f 1062 1063 1060
f 1061 1060 1064
f 1064 1065 1061
f 1065 1064 1066
f 1066 1067 1065
f 1068 1069 1070
f 1070 1071 1068
f 1072 1068 1071
f 1071 1073 1072
f 1074 1072 1073
f 1073 1075 1074
f 1076 1077 1078
f 1078 1079 1076
f 1080 1081 1082
f 1082 1083 1080
f 1084 1085 1086
f 1086 1087 1084
f 1088 1089 1090
f 1090 1091 1088
f 1092 1093 1094
f 1094 1095 1092
f 1096 1097 1098
f 1098 1099 1096
f 1100 1101 1102
f 1102 1103 1100
f 1104 1105 1106
f 1106 1107 1104
f 1108 1109 1110
f 1110 1111 1108
f 1112 1113 1114
f 1114 1115 1112
f 1116 1117 1118
f 1118 1119 1116
f 1120 1121 1122
f 1122 1123 1120
f 1124 1125 1126
f 1126 1127 1124
f 1128 1129 1130
f 1130 1131 1128
f 1132 1133 1134
f 1134 1135 1132
f 1136 1137 1138
f 1138 1139 1136
f 1140 1141 1142
f 1142 1143 1140
f 1144 1145 1146
f 1146 1147 1144
f 1148 1149 1150
f 1150 1151 1148
f 1152 1153 1154
f 1154 1155 1152
f 1156 1157 1158
f 1158 1159 1156
f 1160 1161 1162
f 1162 1163 1160
f 1164 1165 1166
f 1166 1167 1164
f 1168 1169 1170
f 1170 1171 1168
f 1172 1173 1174
f 1174 1175 1172
f 1176 1177 1178
f 1178 1179 1176
f 1180 1181 1182
f 1182 1183 1180
f 1184 1185 1186
f 1186 1187 1184
f 1188 1189 1190
f 1190 1191 1188
f 1192 1193 1194
f 1194 1195 1192
f 1196 1197 1198
f 1198 1199 1196
f 1200 1201 1202
f 1202 1203 1200
f 1204 1205 1206
f 1206 1207 1204
f 1208 1209 1210
f 1210 1211 1208
f 1212 1213 1214
f 1214 1215 1212
f 1216 1217 1218
f 1218 1219 1216
f 1220 1221 1222
f 1222 1223 1220
f 1224 1225 1226
f 1226 1227 1224
f 1228 1229 1230
f 1230 1231 1228
f 1232 1233 1234
f 1234 1235 1232
f 1236 1237 1238
f 1236 1238 1239
f 1238 1240 1239
f 1238 1241 1240
f 1238 1242 1241
f 1238 1243 1242
f 1238 1244 1243
f 1238 1245 1244
f 1238 1246 1245
f 1238 1247 1246
f 1238 1248 1247
f 1238 1249 1248
f 1238 1250 1249
f 1238 1251 1250
f 1238 1252 1251
f 1252 1253 1251
f 1252 1254 1253
f 1252 1255 1254
f 1252 1256 1255
f 1252 1257 1256
f 1252 1258 1257
f 1252 1259 1258
f 1252 1260 1259
f 1252 1261 1260
f 1252 1262 1261
f 1252 1263 1262
f 1263 1264 1262
f 1264 1265 1262
f 1266 1267 1268
f 1269 1266 1268
f 1269 1268 1270
f 1268 1271 1270
f 1268 1272 1271
f 1268 1273 1272
f 1268 1274 1273
f 1268 1275 1274
f 1268 1276 1275
f 1277 1276 1268
f 1278 1279 1280
f 1280 1281 1278
f 1282 1278 1281
f 1281 1283 1282
f 1284 1282 1283
f 1283 1285 1284
f 1286 1287 1288
f 1288 1289 1286
f 1287 1286 1290
f 1290 1291 1287
f 1291 1290 1292
f 1292 1293 1291
f 1294 1295 1296
f 1296 1297 1294
f 1298 1299 1300
f 1300 1299 1301
f 594 1299 1298
f 1301 1299 594
f 1302 1300 1301
f 1301 1303 1302
f 1298 1304 601
f 601 1304 603
f 1298 599 594
f 601 599 1298
f 1302 1303 1305
f 1305 1306 1302
f 1307 1306 1305
f 1305 1308 1307
f 1307 1308 1309
f 1305 1303 591
f 591 1303 1301
f 1310 1308 1305
f 1309 1308 1310
f 591 1311 1305
f 1305 1311 1310
f 1301 592 591
f 594 592 1301
f 807 1311 591
f 1310 1311 807
f 1310 1312 1309
f 1309 1312 1313
f 1314 1312 1310
f 1313 1312 1314
f 807 1315 1310
f 1310 1315 1314
f 1314 1316 1313
f 1313 1316 1317
f 1314 1315 1318
f 1318 1315 807
f 1319 1316 1314
f 1317 1316 1319
f 1318 1319 1314
f 807 806 1318
f 1320 1319 1318
f 1319 1321 1317
f 1317 1321 1322
f 1322 1323 1317
f 1324 1321 1319
f 1322 1321 1324
f 1325 1323 1322
f 1322 1326 1325
f 1327 1326 1322
f 1324 1328 1322
f 1322 1328 1327
f 1319 1329 1324
f 1320 1329 1319
f 1330 1328 1324
f 1327 1328 1330
f 1324 1329 1331
f 1331 1329 1320
f 1324 1331 1330
f 1327 1332 1326
f 1332 1333 1326
f 1334 1332 1327
f 1327 1330 1334
f 1330 1331 1335
f 1334 1330 1336
f 1335 1337 1330
f 1330 1337 1336
f 1331 1338 1335
f 1339 1337 1335
f 1336 1337 1339
f 1336 1340 1334
f 1335 1338 1341
f 1341 1339 1335
f 1320 1338 1331
f 1341 1338 1320
f 1320 1342 1343
f 1318 1342 1320
f 806 1342 1318
f 1343 1342 806
f 1343 1344 1320
f 1320 1345 1341
f 1320 1344 1345
f 1346 1344 1343
f 1345 1344 1346
f 806 804 1343
f 1343 804 1346
f 1345 1347 1341
f 1341 1347 1339
f 1348 1347 1345
f 1339 1347 1348
f 1345 1349 1348
f 1348 1350 1339
f 1351 1349 1345
f 1352 1351 1345
f 1352 1353 1351
f 1345 1346 1352
f 1350 1354 1339
f 1352 1346 1353
f 1353 1346 1355
f 1355 1356 1353
f 1357 1356 1355
f 804 1358 1346
f 1355 1359 1357
f 1346 1360 1355
f 1358 1360 1346
f 1355 1360 1359
f 1359 1360 1358
f 1357 1359 796
f 796 1361 1357
f 1362 1361 796
f 796 1363 1362
f 1362 1363 791
f 791 1364 1362
f 1365 1364 791
f 1358 1366 1359
f 1359 1366 796
f 799 1366 1358
f 1358 804 799
f 796 1366 799
f 796 795 1363
f 1363 1367 791
f 1365 791 1368
f 1368 1369 1365
f 792 1367 1363
f 1363 795 792
f 791 1367 792
f 1370 1369 1368
f 791 1371 1368
f 1368 785 1370
f 1368 1371 785
f 1370 785 1372
f 1372 1373 1370
f 1374 1373 1372
f 786 1371 791
f 785 1371 786
f 785 1375 1372
f 1374 1372 1376
f 1372 1375 783
f 1376 1372 783
f 1377 1374 1376
f 783 1375 785
f 1376 1378 1377
f 1377 1378 1379
f 1379 1380 1377
f 854 1378 1376
f 1376 783 854
f 1379 1378 854
f 1381 1380 1379
f 854 783 856
f 1382 1383 1384
f 1385 1386 1387
f 1387 1388 1385
f 1389 1390 1391
f 1391 1392 1389
f 1393 1394 1395
f 1395 1396 1393
f 1397 1398 1399
f 1400 1401 1402
f 1403 1404 1405
f 1406 1407 1408
f 1409 1410 1411
f 1411 1412 1409
f 1413 1414 1415
f 1415 1416 1413
f 1417 1418 1419
f 1419 1420 1417
f 1421 1422 1423
f 1421 1423 1424
f 1421 1424 1425
f 1423 1426 1424
f 1426 1427 1424
f 1426 1428 1427
f 1423 1429 1426
f 1423 1430 1429
f 1429 1431 1426
f 1426 1431 1432
f 1432 1433 1426
f 1434 1435 1436
f 1436 1437 1434
f 1438 1439 1440
f 1440 1441 1438
f 1442 1443 1444
f 1445 1446 1447
f 1445 1447 1448
f 1445 1448 1449
f 1445 1449 1450
f 1445 1450 1451
f 1445 1451 1452
f 1445 1452 1453
f 1445 1453 1454
f 1455 1456 1457
f 1455 1457 1458
f 1457 1459 1458
f 1460 1455 1461
f 1455 1462 1461
f 1455 1458 1462
f 1462 1463 1461
f 1458 1464 1462
f 1464 1465 1462
f 1458 1466 1464
f 1467 1468 1469
f 1469 1470 1467
f 1471 1472 1473
f 1474 1475 1476
f 1477 1478 1479
f 1479 1480 1477
f 1481 1482 1483
f 1484 1485 1486
f 1487 1484 1486
f 1488 1487 1486
f 1489 1488 1486
f 1490 1489 1486
f 1491 1490 1486
f 1492 1491 1486
f 1493 1492 1486
f 1494 1493 1486
f 1495 1494 1486
f 1496 1497 1498
f 1499 1496 1498
f 1500 1499 1498
f 1501 1500 1498
f 1502 1501 1498
f 1503 1502 1498
f 1504 1503 1498
f 1505 1504 1498
f 1506 1505 1498
f 1507 1506 1498
f 1508 1509 1510
f 1510 1511 1508
f 1512 1513 1514
f 1514 1515 1512
f 1516 1517 1518
f 1518 1519 1516
f 1520 1521 1522
f 1522 1523 1520
f 1524 1525 1526
f 1527 1528 1529
f 1530 1531 1532
f 1532 1533 1530
f 1534 1530 1533
f 1533 1535 1534
f 1536 1534 1535
f 1535 1537 1536
f 1538 1536 1537
f 1537 1539 1538
f 1540 1538 1539
f 1539 1541 1540
f 1542 1540 1541
f 1541 1543 1542
f 1544 1542 1543
f 1543 1545 1544
f 1546 1544 1545
f 1545 1547 1546
f 1548 1546 1547
f 1547 1549 1548
f 1550 1548 1549
f 1549 1551 1550
f 1552 1550 1551
f 1551 1553 1552
f 1554 1552 1553
f 1553 1555 1554
f 1556 1554 1555
f 1555 1557 1556
f 1558 1556 1557
f 1557 1559 1558
f 1560 1558 1559
f 1559 1561 1560
f 1562 1563 1564
f 1565 1566 1567
f 1568 1569 1570
f 1570 1571 1568
f 1379 1572 1381
f 854 1573 1379
f 850 1572 1379
f 1379 1573 850
f 849 1573 854
f 850 1573 849
f 1572 1574 1575
f 850 1576 1572
f 1575 1574 1577
f 1577 1578 1575
f 843 1574 1572
f 1572 1576 843
f 1577 1574 843
f 1579 1578 1577
f 844 1576 850
f 843 1576 844
f 1577 1580 1579
f 843 1581 1577
f 1579 1580 1582
f 1582 1583 1579
f 836 1580 1577
f 1577 1581 836
f 1582 1580 836
f 837 1581 843
f 836 1581 837
f 1582 1584 1583
f 836 1585 1582
f 1583 1584 1586
f 1586 1587 1583
f 1586 1584 1582
f 1588 1587 1586
f 833 1585 836
f 1582 1585 833
f 1586 1589 1588
f 1582 1590 1586
f 1589 1591 1588
f 1586 1590 1589
f 1592 1591 1589
f 1593 1590 1582
f 1589 1590 1593
f 1589 1594 1592
f 1592 1594 1595
f 1589 1596 1594
f 1595 1354 1350
f 1340 1596 1589
f 1594 1596 1340
f 1594 1339 1595
f 1339 1354 1595
f 1336 1339 1594
f 1594 1340 1336
f 1340 1597 1334
f 1334 1597 1332
f 1589 1598 1340
f 1599 1597 1340
f 1340 1598 1599
f 1332 1597 1599
f 1593 1598 1589
f 1599 1598 1593
f 1599 1600 1332
f 1332 1600 1601
f 1601 1333 1332
f 1602 1600 1599
f 1601 1600 1602
f 1599 1593 1602
f 1603 1601 1604
f 1604 1601 1602
f 1604 1605 1603
f 1602 1593 1606
f 1602 1607 1604
f 1606 1607 1602
f 877 1605 1604
f 890 1605 877
f 1604 1607 1608
f 1608 1607 1606
f 1593 1609 1606
f 1582 1609 1593
f 833 1609 1582
f 1606 1609 833
f 833 1610 1606
f 1606 1610 1608
f 835 1610 833
f 1608 1610 835
f 1604 1608 877
f 877 1608 839
f 835 840 1608
f 1608 840 839
f 1611 1612 1613
f 1614 1615 1616
f 1616 1617 1614
f 1618 1619 1620
f 1620 1621 1618
f 1622 1623 1624
f 1625 1626 1627
f 1628 1629 1630
f 1631 1632 1633
f 1634 1635 1636
f 1637 1638 1639
f 1639 1640 1637
f 1641 1642 1643
f 1644 1645 1646
f 1646 1647 1644
f 1648 1307 1649
f 1649 1307 1309
f 1650 1651 1648
f 1648 1651 1307
f 1652 1653 1650
f 1654 1653 1652
f 1655 1653 1654
f 1650 1653 1655
f 1655 1656 1650
f 1657 1651 1650
f 1650 1656 1657
f 1307 1651 1657
f 1658 1656 1655
f 1657 1656 1658
f 1657 1306 1307
f 1655 1659 1658
f 1660 1659 1655
f 1661 1659 1660
f 1658 1659 1661
f 1661 1662 1658
f 1658 1663 1657
f 1302 1306 1657
f 1657 1663 1302
f 1664 1663 1658
f 1658 1662 1664
f 1302 1663 1664
f 1665 1662 1661
f 1664 1662 1665
f 1661 1666 1665
f 1667 1666 1661
f 1668 1666 1667
f 1665 1666 1668
f 1668 1669 1665
f 1665 1670 1664
f 1665 1669 1671
f 1671 1670 1665
f 1672 1669 1668
f 1671 1669 1672
f 1668 1673 1672
f 1674 1673 1668
f 1675 1673 1674
f 1672 1673 1675
f 1664 1670 1300
f 1300 1670 1671
f 1675 1676 1672
f 1664 1300 1302
f 1672 1676 1671
f 1677 1676 1675
f 1671 1676 1677
f 1675 1678 1677
f 1679 1678 1675
f 624 1678 1679
f 1677 1678 624
f 624 623 1677
f 1677 1680 1671
f 1681 1682 1671
f 1671 1682 1300
f 1677 623 615
f 615 1680 1677
f 1671 1680 608
f 608 1680 615
f 608 1681 1671
f 1298 1682 1681
f 1300 1682 1298
f 603 1681 608
f 1681 1304 1298
f 603 1304 1681
f 1683 1684 1685
f 1686 1687 1684
f 1683 1686 1684
f 1686 1688 1687
f 1688 1689 1687
f 1690 1686 1683
f 1691 1689 1688
f 1692 1689 1691
f 1693 1692 1691
f 1693 1691 1694
f 1694 1691 1688
f 1694 1688 1686
f 1690 1694 1686
f 1695 1694 1690
f 1696 1695 1690
f 1697 1695 1696
f 1696 1690 1698
f 1698 1690 1683
f 1699 1697 1696
f 1700 1697 1699
f 1701 1696 1698
f 1699 1696 1701
f 1698 1683 1702
f 1702 1683 1685
f 1701 1698 1703
f 1703 1698 1702
f 1704 1699 1701
f 1705 1701 1703
f 1704 1701 1705
f 1702 1685 1706
f 1707 1699 1704
f 1707 1700 1699
f 1706 1685 1708
f 1709 1707 1704
f 1709 1704 1705
f 1710 1700 1707
f 1709 1710 1707
f 1710 1711 1700
f 1712 1711 1710
f 1709 1712 1710
f 1712 1713 1711
f 1714 1713 1712
f 1709 1714 1712
f 1714 1715 1713
f 1716 1715 1714
f 1709 1716 1714
f 1716 1717 1715
f 1717 1718 1715
f 1719 1717 1716
f 1709 1719 1716
f 1717 1720 1718
f 1720 1721 1718
f 1720 1722 1721
f 1723 1720 1717
f 1719 1723 1717
f 1724 1722 1720
f 1723 1724 1720
f 1724 1725 1722
f 1726 1723 1719
f 1709 1726 1719
f 1727 1724 1723
f 1726 1727 1723
f 1728 1725 1724
f 1727 1728 1724
f 1728 1729 1725
f 1730 1727 1726
f 1709 1730 1726
f 1731 1728 1727
f 1730 1731 1727
f 1732 1729 1728
f 1731 1732 1728
f 1732 1733 1729
f 1734 1731 1730
f 1709 1734 1730
f 1735 1732 1731
f 1734 1735 1731
f 1736 1733 1732
f 1735 1736 1732
f 1736 1737 1733
f 1738 1735 1734
f 1709 1738 1734
f 1739 1736 1735
f 1738 1739 1735
f 1740 1737 1736
f 1739 1740 1736
f 1740 1708 1737
f 1706 1708 1740
f 1741 1740 1739
f 1741 1706 1740
f 1742 1739 1738
f 1742 1741 1739
f 1709 1742 1738
f 1743 1741 1742
f 1709 1743 1742
f 1744 1706 1741
f 1743 1744 1741
f 1744 1702 1706
f 1703 1702 1744
f 1745 1744 1743
f 1745 1703 1744
f 1709 1745 1743
f 1705 1703 1745
f 1709 1705 1745
f 1746 1747 1748
f 1748 1749 1746
f 1750 1751 1752
f 1753 1754 1755
f 1755 1756 1753
f 1757 1758 1759
f 1760 1761 1762
f 1762 1763 1760
f 1764 1765 1766
f 1766 1767 1764
f 1768 1769 1770
f 1770 1771 1768
f 1772 1773 1774
f 1775 1776 1777
f 1778 1779 1780
f 1780 1781 1778
f 1782 1783 1784
f 1784 1783 1785
f 1782 1786 1783
f 1784 1785 1787
f 1788 1786 1782
f 1787 1785 1789
f 1788 1790 1786
f 1787 1789 1791
f 1792 1790 1788
f 1791 1789 1793
f 1792 1794 1790
f 1791 1793 1795
f 1796 1794 1792
f 1795 1793 1797
f 1796 1798 1794
f 1795 1797 1799
f 1800 1798 1796
f 1799 1797 1801
f 1800 1802 1798
f 1799 1801 1803
f 1804 1802 1800
f 1803 1801 1805
f 1804 1806 1802
f 1803 1805 1807
f 1808 1806 1804
f 1807 1805 1809
f 1808 1810 1806
f 1807 1809 1811
f 1812 1810 1808
f 1811 1809 1813
f 1812 1813 1810
f 1811 1813 1812
f 1814 1815 1816
f 1817 1818 1814
f 1814 1819 1817
f 1819 1814 1816
f 1819 1816 1820
f 1819 1820 1821
f 1816 1822 1820
f 1822 1823 1820
f 1816 1824 1822
f 1824 1825 1822
f 1816 1826 1824
f 1827 1828 1829
f 1830 1831 1832
f 1832 1833 1834
f 1831 1833 1832
f 1834 1835 1836
f 1833 1835 1834
f 1837 1838 1830
f 1838 1831 1830
f 1839 1838 1837
f 1838 1840 1831
f 1831 1841 1833
f 1840 1841 1831
f 1833 1842 1835
f 1841 1842 1833
f 1839 1843 1838
f 1843 1840 1838
f 1844 1843 1839
f 1843 1845 1840
f 1840 1846 1841
f 1845 1846 1840
f 1841 1847 1842
f 1846 1847 1841
f 1844 1848 1843
f 1848 1845 1843
f 1849 1848 1844
f 1839 1849 1844
f 1848 1850 1845
f 1845 1851 1846
f 1850 1851 1845
f 1846 1852 1847
f 1851 1852 1846
f 1849 1853 1848
f 1853 1850 1848
f 1839 1854 1849
f 1854 1853 1849
f 1839 1855 1854
f 1854 1856 1853
f 1855 1856 1854
f 1853 1857 1850
f 1856 1857 1853
f 1850 1858 1851
f 1857 1858 1850
f 1839 1859 1855
f 1839 1860 1859
f 1855 1861 1856
f 1859 1861 1855
f 1860 1862 1859
f 1859 1862 1861
f 1860 1863 1862
f 1856 1864 1857
f 1861 1864 1856
f 1864 1865 1857
f 1857 1865 1858
f 1861 1866 1864
f 1862 1866 1861
f 1863 1867 1862
f 1862 1867 1866
f 1863 1868 1867
f 1866 1869 1864
f 1864 1869 1865
f 1867 1870 1866
f 1866 1870 1869
f 1868 1871 1867
f 1867 1871 1870
f 1868 1872 1871
f 1869 1873 1865
f 1870 1874 1869
f 1869 1874 1873
f 1871 1875 1870
f 1870 1875 1874
f 1872 1876 1871
f 1871 1876 1875
f 1872 1877 1876
f 1878 1877 1872
f 1876 1879 1875
f 1878 1880 1877
f 1881 1880 1878
f 1881 1882 1880
f 1877 1883 1876
f 1876 1883 1879
f 1880 1884 1877
f 1877 1884 1883
f 1882 1885 1880
f 1880 1885 1884
f 1882 1886 1885
f 1887 1886 1882
f 1886 1884 1885
f 1883 1884 1879
f 1887 1888 1886
f 1888 1884 1886
f 1836 1888 1887
f 1836 1889 1888
f 1889 1884 1888
f 1835 1889 1836
f 1835 1890 1889
f 1890 1884 1889
f 1842 1890 1835
f 1842 1891 1890
f 1891 1884 1890
f 1847 1891 1842
f 1847 1892 1891
f 1892 1884 1891
f 1852 1892 1847
f 1852 1893 1892
f 1893 1884 1892
f 1894 1893 1852
f 1851 1894 1852
f 1858 1894 1851
f 1894 1895 1893
f 1895 1884 1893
f 1858 1896 1894
f 1896 1895 1894
f 1865 1896 1858
f 1865 1873 1896
f 1896 1897 1895
f 1897 1884 1895
f 1873 1897 1896
f 1873 1898 1897
f 1898 1884 1897
f 1874 1898 1873
f 1899 1884 1898
f 1874 1899 1898
f 1879 1884 1899
f 1875 1899 1874
f 1875 1879 1899
f 1900 1901 1902
f 1902 1903 1900
f 1904 1905 1906
f 1907 1908 1909
f 1910 1908 1907
f 1907 1909 1911
f 1910 1912 1908
f 1911 1909 1913
f 1914 1912 1910
f 1911 1913 1915
f 1914 1916 1912
f 1915 1913 1917
f 1918 1916 1914
f 1915 1917 1919
f 1918 1920 1916
f 1919 1917 1921
f 1922 1920 1918
f 1919 1921 1923
f 1922 1924 1920
f 1923 1921 1925
f 1926 1924 1922
f 1923 1925 1927
f 1926 1928 1924
f 1927 1925 1929
f 1930 1928 1926
f 1927 1929 1931
f 1930 1932 1928
f 1931 1929 1933
f 1934 1932 1930
f 1931 1933 1935
f 1934 1936 1932
f 1935 1933 1937
f 1938 1936 1934
f 1935 1937 1938
f 1938 1937 1936
f 1939 1940 1941
f 1942 1943 1944
f 1945 1946 1947
f 1947 1948 1945
f 1949 1950 1951
f 1952 1953 1954
f 1955 1956 1957
f 1957 1958 1955
f 1959 1960 1961
f 1962 1963 1964
f 1965 1966 1967
f 1967 1968 1965
f 1969 1970 1971
f 1972 1973 1974
f 1974 1975 1972
f 1976 1977 1978
f 1977 1976 1979
f 1978 1980 1976
f 1979 1981 1977
f 1980 1978 1982
f 1981 1979 1983
f 1982 1984 1980
f 1983 1985 1981
f 1984 1982 1986
f 1985 1983 1987
f 1986 1988 1984
f 1987 1989 1985
f 1988 1986 1990
f 1989 1987 1991
f 1990 1992 1988
f 1991 1993 1989
f 1992 1990 1994
f 1993 1991 1995
f 1994 1996 1992
f 1995 1997 1993
f 1996 1994 1998
f 1997 1995 1999
f 1998 1999 1996
f 1999 1998 1997
f 2000 2001 2002
f 2002 2003 2000
f 2004 2005 2006
f 2007 2008 2009
f 2009 2010 2007
f 2011 2012 2013
f 2014 2015 2016
f 2014 2016 2017
f 2016 2018 2017
f 2017 2019 2020
f 2017 2020 2021
f 2014 2017 2021
f 2020 2022 2021
f 2014 2021 2023
f 2024 2014 2023
f 2025 2024 2023
f 2021 2026 2023
f 2026 2027 2023
f 2021 2028 2026
f 2029 2030 2031
f 2031 2032 2029
f 2033 2034 2035
f 2035 2036 2033
f 2037 2038 2039
f 2039 2040 2037
f 2041 2042 2043
f 2044 2045 2046
f 2046 2047 2044
f 2048 2049 2050
f 2050 2051 2048
f 2052 2053 2054
f 2054 2055 2052
f 2056 2057 2058
f 2058 2059 2056
f 2060 2061 2062
f 2062 2063 2060
f 2064 2065 2066
f 2066 2067 2064
f 2068 2069 2070
f 2070 2071 2068
f 2072 2073 2074
f 2074 2075 2072
f 2076 2077 2078
f 2079 2080 2081
f 2081 2082 2079
f 2083 2084 2085
f 2085 2086 2083
f 2087 2088 2089
f 2089 2090 2087
f 2091 2087 2090
f 2090 2092 2091
f 2093 2091 2092
f 2092 2094 2093
f 2095 2096 2097
f 2097 2098 2095
f 2096 2095 2099
f 2099 2100 2096
f 2100 2099 2101
f 2101 2102 2100
f 2103 2104 2105
f 2105 2106 2103
f 2107 2108 2109
f 2109 2110 2107
f 2111 2112 2113
f 2113 2114 2111
f 2115 2116 2117
f 2117 2118 2115
f 2119 2120 2121
f 2122 2123 2124
f 2124 2125 2122
f 2126 2127 2128
f 2128 2129 2126
f 2130 2131 2132
f 2133 2134 2135
f 2135 2136 2133
f 2137 2138 2139
f 2140 2141 2142
f 2142 2143 2140
f 2144 2145 2146
f 2146 2147 2144
f 2148 2149 2150
f 2151 2152 2153
f 2153 2154 2151
f 2155 2156 2157
f 2158 2159 2160
f 2161 2162 2163
f 2164 2165 2166
f 2167 2168 2169
f 2170 2171 2172
f 2172 2173 2170
f 2174 2175 2176
f 2176 2177 2174
f 2178 2179 2180
f 2180 2181 2178
f 2182 2183 2184
f 2184 2185 2182
f 2186 2187 2188
f 2189 2190 2191
f 2191 2192 2189
f 2193 2194 2195
f 2196 2197 2198
f 2198 2199 2196
f 2200 2201 2202
f 2203 2204 2205
f 2205 2206 2203
f 2207 2208 2209
f 2209 2210 2207
f 2211 2212 2213
f 2213 2214 2211
f 2215 2216 2217
f 2217 2218 2215
f 2219 2220 2221
f 2222 2223 2224
f 2224 2225 2222
f 2226 2227 2228
f 2229 2230 2231
f 2232 2233 2234
f 2235 2236 2237
f 2237 2238 2235
f 2239 2240 2241
f 2242 2243 2244
f 2245 2246 2247
f 2247 2248 2245
f 2249 2250 2251
f 2251 2252 2249
f 2253 2254 2255
f 2255 2256 2253
f 2257 2258 2259
f 2259 2260 2257
f 2261 2262 2263
f 2263 2264 2261
f 2265 2266 2267
f 2267 2268 2265
f 2269 2270 2271
f 2272 2273 2274
f 2274 2275 2272
f 2276 2277 2278
f 2278 2279 2276
f 2280 2281 2282
f 2282 2283 2280
f 2284 2285 2286
f 2287 2288 2289
f 2289 2290 2287
f 2291 2292 2293
f 2293 2294 2291
f 2295 2296 2297
f 2298 2299 2300
f 2301 2302 2303
f 2303 2304 2301
f 2305 2306 2307
f 2308 2309 2310
f 2310 2311 2308
f 2312 2313 2314
f 2314 2315 2312
f 2316 2317 2318
f 2318 2319 2316
f 2320 2321 2322
f 2322 2323 2320
f 2324 2325 2326
f 2326 2327 2324
f 2328 2329 2330
f 2331 2332 2333
f 2334 2335 2336
f 2336 2337 2334
f 2338 2339 2340
f 2340 2341 2338
f 2342 2343 2344
f 2345 2346 2347
f 2348 2349 2350
f 2350 2351 2348
f 2352 2353 2354
f 2354 2355 2352
f 2356 2357 2358
f 2358 2359 2356
f 2360 2361 2362
f 2363 2364 2365
f 2365 2366 2363
f 2367 2368 2369
f 2370 2371 2372
f 2373 2374 2375
f 2376 2377 2378
f 2378 2379 2376
f 2380 2381 2382
f 2382 2383 2380
f 2384 2385 2386
f 2386 2387 2384
f 2388 2389 2390
f 2390 2391 2388
f 2392 2393 2394
f 2394 2395 2392
f 2396 2397 2398
f 2399 2400 2401
f 2402 2403 2404
f 2404 2405 2402
f 2406 2407 2408
f 2408 2409 2406
f 2410 2411 2412
f 2412 2413 2410
f 2414 2415 2416
f 2417 2418 2419
f 2420 2421 2422
f 2423 2424 2425
f 2426 2427 2428
f 2428 2429 2426
f 2430 2431 2432
f 2433 2434 2435
f 2436 2437 2438
f 2438 2439 2436
f 2440 2441 2442
f 2443 2444 2445
f 2446 2447 2448
f 2448 2449 2446
f 2450 2451 2452
f 2453 2454 2455
f 2455 2456 2453
f 2457 2458 2459
f 2459 2460 2457
f 2461 2462 2463
f 2464 2465 2466
f 2466 2467 2464
f 2468 2464 2467
f 2467 2469 2468
f 2470 2468 2469
f 2469 2471 2470
f 2472 2473 2474
f 2474 2475 2472
f 2473 2472 2476
f 2476 2477 2473
f 2477 2476 2478
f 2478 2479 2477
f 2480 2481 2482
f 2483 2484 2485
f 2486 2487 2488
f 2488 2489 2486
f 2490 2491 2492
f 2492 2493 2490
f 2494 2495 2496
f 2496 2497 2494
f 2498 2499 2500
f 2500 2501 2498
f 2502 2503 2504
f 2504 2505 2502
f 2506 2507 2508
f 2508 2507 901
f 2506 2509 2510
f 2510 2509 2511
f 895 2507 2506
f 901 2507 895
f 2510 2512 2506
f 2506 2512 895
f 2511 2513 2510
f 892 2512 2510
f 895 2512 892
f 2510 893 892
f 2510 2513 893
f 2514 2513 2511
f 893 2513 2514
f 2511 2515 2514
f 2516 2515 2511
f 2517 2515 2516
f 2514 2515 2517
f 2516 2518 2517
f 2519 2518 2516
f 2520 2518 2519
f 2517 2518 2520
f 2520 2521 2517
f 2517 2522 2514
f 2517 2521 2523
f 2523 2522 2517
f 2524 2521 2520
f 2523 2521 2524
f 2520 2525 2524
f 2526 2525 2520
f 2527 2525 2526
f 2524 2525 2527
f 2514 2522 2528
f 2528 2522 2523
f 2524 2529 2523
f 2528 2530 2514
f 2527 2531 2524
f 2514 2530 893
f 2524 2531 2532
f 2532 2529 2524
f 2533 2531 2527
f 2532 2531 2533
f 2527 2534 2533
f 2535 2534 2527
f 2536 2534 2535
f 2533 2534 2536
f 2536 2537 2533
f 2523 2529 2538
f 2538 2529 2532
f 2533 2539 2532
f 2538 2540 2523
f 2523 2540 2528
f 2533 2537 2541
f 2541 2539 2533
f 2532 2539 2542
f 2542 2539 2541
f 2532 2543 2538
f 2542 2543 2532
f 2544 2540 2538
f 2528 2540 2544
f 2538 2543 2545
f 2545 2543 2542
f 2538 2546 2544
f 2545 2546 2538
f 2544 2547 2528
f 2528 2547 2548
f 2548 2530 2528
f 893 2530 2548
f 2548 2549 893
f 2544 2546 2550
f 2550 2546 2545
f 2544 2551 2547
f 2550 2551 2544
f 893 2549 891
f 890 2549 2548
f 891 2549 890
f 2547 1603 2548
f 2548 1603 890
f 2547 2551 2552
f 2552 2551 2550
f 2552 2553 2547
f 2547 2553 1603
f 2550 1326 2552
f 1601 2553 2552
f 1603 2553 1601
f 1603 1605 890
f 2552 1333 1601
f 1326 1333 2552
f 1325 1326 2550
f 2550 2554 1325
f 2545 2554 2550
f 2555 2554 2545
f 1325 2554 2555
f 2555 1323 1325
f 2556 2545 2542
f 2555 2545 2556
f 2542 1649 2556
f 2541 1649 2542
f 2556 2557 2555
f 1317 1323 2555
f 2555 2557 1317
f 1313 2557 2556
f 1317 2557 1313
f 2541 2558 1649
f 1309 2556 1649
f 1313 2556 1309
f 2559 2558 2541
f 2541 2537 2559
f 2559 2537 2536
f 1649 2558 1648
f 1648 2558 2559
f 2536 2560 2559
f 2561 2560 2536
f 1652 2560 2561
f 2559 2560 1652
f 1652 2562 2559
f 2559 2562 1648
f 1650 2562 1652
f 1648 2562 1650
f 2563 2564 2565
f 2566 2567 2568
f 2569 2570 2571
f 2572 2573 2574
f 2574 2575 2572
f 2576 2577 2578
f 2578 2579 2576
f 2580 2581 2582
f 2582 2583 2580
f 2584 2585 2586
f 2586 2587 2584
f 2588 2589 2590
f 2590 2591 2588
f 2592 2593 2594
f 2595 2596 2597
f 2598 2599 2600
f 2600 2601 2598
f 2602 2603 2604
f 2604 2605 2602
f 2606 2607 2608
f 2608 2609 2606
f 2610 2611 2612
f 2613 2614 2615
f 2615 2616 2613
f 2617 2618 2619
f 2619 2620 2617
f 2621 2622 2623
f 2624 2625 2626
f 2627 2628 2629
f 2629 2630 2627
f 2631 2632 2633
f 2633 2634 2631
f 2635 2636 2637
f 2637 2638 2635
f 2639 2640 2641
f 2641 2642 2639
f 2643 2644 2645
f 2645 2646 2643
f 2647 2648 2649
f 2649 2650 2647
f 2651 2652 2653
f 2654 2655 2656
f 2657 2658 2659
f 2659 2660 2657
f 2661 2662 2663
f 2663 2664 2661
f 2665 2666 2667
f 2667 2668 2665
f 2669 2670 2671
f 2671 2672 2669
f 2673 2674 2675
f 2675 2676 2673
f 2677 2678 2679
f 2680 2681 2682
f 2682 2683 2680
f 2684 2685 2686
f 2687 2688 2689
f 2689 2690 2687
f 2691 2692 2693
f 2693 2694 2691
f 2695 2696 2697
f 2697 2698 2695
f 2699 2700 2701
f 2701 2702 2699
f 2703 2704 2705
f 2706 2707 2708
f 2708 2709 2706
f 2710 2711 2712
f 2712 2713 2710
f 2714 2715 2716
f 2716 2717 2714
f 2718 2719 2720
f 2720 2721 2718
f 2722 2723 2724
f 2724 2725 2722
f 2726 2727 2728
f 2729 2730 2731
f 2732 2730 2729
f 2729 2731 2733
f 2732 2734 2730
f 2733 2731 2735
f 2736 2734 2732
f 2733 2735 2737
f 2736 2738 2734
f 2737 2735 2739
f 2740 2738 2736
f 2737 2739 2741
f 2740 2742 2738
f 2741 2739 2743
f 2744 2742 2740
f 2741 2743 2745
f 2744 2746 2742
f 2745 2743 2747
f 2748 2746 2744
f 2745 2747 2749
f 2748 2750 2746
f 2749 2747 2751
f 2752 2750 2748
f 2749 2751 2753
f 2752 2754 2750
f 2753 2751 2755
f 2756 2754 2752
f 2753 2755 2757
f 2756 2758 2754
f 2757 2755 2759
f 2760 2758 2756
f 2757 2759 2760
f 2760 2759 2758
f 2761 2762 2763
f 2763 2764 2761
f 2765 2766 2767
f 2768 2769 2770
f 2771 2772 2773
f 2774 2775 2776
f 2777 2778 2779
f 2779 2780 2777
f 2781 2782 2783
f 2784 2785 2786
f 2786 2787 2784
f 2788 2789 2790
f 2790 2791 2788
f 1839 2792 2793
f 2792 2794 2793
f 1839 2793 2795
f 2793 2796 2795
f 2793 2794 2796
f 2795 2796 1863
f 2792 2797 2794
f 1839 2795 1860
f 2795 1863 1860
f 1839 2798 2792
f 2798 2797 2792
f 2794 2799 2796
f 2796 1868 1863
f 2796 2799 1868
f 2794 2800 2799
f 2797 2800 2794
f 2799 1872 1868
f 2798 2801 2797
f 2800 1878 2799
f 2799 1878 1872
f 2797 2802 2800
f 2801 2802 2797
f 2800 1881 1878
f 2802 1881 2800
f 2803 2801 2798
f 1839 2803 2798
f 2801 2804 2802
f 2803 2805 2801
f 2805 2804 2801
f 2806 2805 2803
f 1839 2806 2803
f 2802 2807 1881
f 2804 2807 2802
f 2807 1882 1881
f 2805 2808 2804
f 2804 2809 2807
f 2808 2809 2804
f 2809 1887 2807
f 2807 1887 1882
f 2808 1834 2809
f 2810 2808 2805
f 2806 2810 2805
f 2810 1832 2808
f 1832 1834 2808
f 2811 2810 2806
f 1839 2811 2806
f 1830 1832 2810
f 2811 1830 2810
f 1834 1836 2809
f 2809 1836 1887
f 1837 1830 2811
f 1839 1837 2811
f 2812 2813 2814
f 2815 2816 2817
f 2818 2819 2820
f 2820 2821 2818
f 2822 2823 2824
f 2825 2826 2827
f 2828 2825 2827
f 2829 2828 2827
f 2830 2829 2827
f 2831 2830 2827
f 2832 2831 2827
f 2833 2832 2827
f 2834 2833 2827
f 2835 2834 2827
f 2836 2835 2827
f 2837 2838 2839
f 2839 2840 2837
f 2841 2842 2843
f 2844 2845 2846
f 2846 2847 2844
f 2848 2849 2850
f 2851 2852 2853
f 2854 2855 2856
f 2857 2858 2859
f 2860 2861 2862
f 2863 2864 2865
f 2866 2867 2868
f 2868 2869 2866
f 2870 2866 2869
f 2869 2871 2870
f 2872 2870 2871
f 2871 2873 2872
f 2874 2875 2876
f 2876 2877 2874
f 2875 2874 2878
f 2878 2879 2875
f 2879 2878 2880
f 2880 2881 2879
f 2882 2883 2884
f 2882 2884 2885
f 2884 2886 2885
f 2887 2882 2888
f 2882 2889 2888
f 2882 2885 2889
f 2889 2890 2888
f 2885 2891 2889
f 2891 2892 2889
f 2885 2893 2891
f 2894 1689 1692
f 2895 2894 1692
f 2896 1689 2894
f 2897 2896 2894
f 2897 2894 2895
f 2898 2896 2897
f 2895 1692 1693
f 2898 2899 2896
f 2899 1689 2896
f 2900 2898 2897
f 2901 2897 2895
f 2900 2897 2901
f 2901 2895 2902
f 2902 2895 1693
f 2903 2900 2901
f 2904 2901 2902
f 2903 2901 2904
f 2902 1693 1695
f 2904 2902 1697
f 1697 2902 1695
f 1695 1693 1694
f 1700 2904 1697
f 1711 2903 2904
f 1711 2904 1700
f 1713 2903 1711
f 2905 2900 2903
f 1713 2905 2903
f 2905 2906 2900
f 2906 2898 2900
f 1715 2905 1713
f 2906 2907 2898
f 2907 2899 2898
f 1718 2906 2905
f 1715 1718 2905
f 1721 2907 2906
f 1718 1721 2906
f 2907 2908 2899
f 2908 1689 2899
f 1721 2909 2907
f 2909 2908 2907
f 2909 2910 2908
f 2910 1689 2908
f 1722 2909 1721
f 2911 2910 2909
f 1722 2911 2909
f 2911 2912 2910
f 2912 1689 2910
f 1725 2911 1722
f 2913 2912 2911
f 1725 2913 2911
f 2913 2914 2912
f 2914 1689 2912
f 1729 2913 1725
f 2915 2914 2913
f 1729 2915 2913
f 2915 2916 2914
f 2916 1689 2914
f 1733 2915 1729
f 2917 2916 2915
f 1733 2917 2915
f 2917 2918 2916
f 2918 1689 2916
f 1737 2917 1733
f 2919 2918 2917
f 1737 2919 2917
f 2919 2920 2918
f 2920 1689 2918
f 1708 2919 1737
f 2921 2920 2919
f 1708 2921 2919
f 2921 2922 2920
f 2922 1689 2920
f 1685 2921 1708
f 1684 2922 2921
f 1685 1684 2921
f 1684 1687 2922
f 1687 1689 2922
f 2923 2924 2925
f 2925 2926 2927
f 2925 2927 2928
f 2923 2925 2928
f 2927 2929 2928
f 2923 2928 2930
f 2923 2930 2931
f 2928 2932 2930
f 2928 2933 2932
f 2934 2930 2932
f 2932 2935 2934
f 2936 2937 2938
f 2938 2939 2936
f 2940 2941 2942
f 2942 2943 2940
f 2944 2945 2946
f 2946 2947 2944
f 2948 2949 2950
f 2951 2952 2953
f 2951 2953 2954
f 2951 2954 2955
f 2951 2955 2956
f 2951 2956 2957
f 2951 2957 2958
f 2951 2958 2959
f 2951 2959 2960
f 2961 2962 2963
f 2963 2964 2961
f 2965 2966 2967
f 2967 2968 2965
f 2969 2970 2971
f 2972 2973 2974
f 2974 2975 2972
f 2976 2977 2978
f 2978 2979 2976
f 2980 2981 2982
f 2983 2984 2985
f 2986 2987 2988
f 2988 2989 2986
f 2990 2991 2992
f 2990 2992 2993
f 2990 2993 2994
f 2993 2995 2994
f 2995 2996 2994
f 2995 2997 2996
f 2997 2998 2996
f 2997 2999 2998
f 3000 3001 3002
f 3003 3000 3002
f 3003 3002 3004
f 3005 3003 3004
f 3005 3004 3006
f 3007 3005 3006
f 3007 3006 3008
f 3007 3008 3009
f 3010 3011 3012
f 3012 3013 3010
f 3014 3015 3016
f 3016 3017 3014
f 3018 3014 3017
f 3017 3019 3018
f 3020 3018 3019
f 3019 3021 3020
f 3022 3020 3021
f 3021 3023 3022
f 3024 3022 3023
f 3023 3025 3024
f 3026 3024 3025
f 3025 3027 3026
f 3028 3026 3027
f 3027 3029 3028
f 3030 3028 3029
f 3029 3031 3030
f 3032 3030 3031
f 3031 3033 3032
f 3034 3032 3033
f 3033 3035 3034
f 3036 3034 3035
f 3035 3037 3036
f 3038 3036 3037
f 3037 3039 3038
f 3040 3038 3039
f 3039 3041 3040
f 3042 3040 3041
f 3041 3043 3042
f 3044 3042 3043
f 3043 3045 3044
f 3046 3047 3048
f 3048 3049 3046
f 3050 3051 3052
f 3052 3053 3050
f 3054 3055 3056
f 3056 3057 3054
f 3058 3059 3060
f 3060 3061 3058
f 3062 3063 3064
f 3065 3066 3067
f 3067 3068 3065
f 3069 3070 3071
f 3071 3072 3069
f 3073 3074 3075
f 3074 3073 3076
f 3075 3077 3073
f 3076 3078 3074
f 3077 3075 3079
f 3078 3076 3080
f 3079 3081 3077
f 3080 3082 3078
f 3081 3079 3083
f 3082 3080 3084
f 3083 3085 3081
f 3084 3086 3082
f 3085 3083 3087
f 3086 3084 3088
f 3087 3089 3085
f 3088 3090 3086
f 3089 3087 3091
f 3090 3088 3092
f 3091 3093 3089
f 3092 3094 3090
f 3093 3091 3095
f 3094 3092 3096
f 3095 3096 3093
f 3096 3095 3094
f 3097 3098 3099
f 3099 3100 3097
f 3098 3097 3101
f 3101 3102 3098
f 3102 3101 3103
f 3103 3104 3102
f 3105 3106 3107
f 3107 3108 3105
f 3109 3105 3108
f 3108 3110 3109
f 3111 3109 3110
f 3110 3112 3111
f 3113 3114 3115
f 3115 3116 3113
f 3117 3118 3119
f 3120 3121 3122
f 3122 3123 3120
f 3124 3125 3126
f 3127 3128 3129
f 3129 3130 3127
f 3131 3132 3133
f 3133 3134 3131
f 3135 3136 3137
f 3137 3138 3135
f 3139 3140 3141
f 3141 3140 3142
f 3139 3143 3140
f 3141 3142 3144
f 3145 3143 3139
f 3144 3142 3146
f 3145 3147 3143
f 3144 3146 3148
f 3149 3147 3145
f 3148 3146 3150
f 3149 3151 3147
f 3148 3150 3152
f 3153 3151 3149
f 3152 3150 3154
f 3153 3155 3151
f 3152 3154 3156
f 3157 3155 3153
f 3156 3154 3158
f 3157 3159 3155
f 3156 3158 3160
f 3161 3159 3157
f 3160 3158 3162
f 3161 3163 3159
f 3160 3162 3164
f 3165 3163 3161
f 3164 3162 3166
f 3165 3167 3163
f 3164 3166 3168
f 3169 3167 3165
f 3168 3166 3170
f 3169 3170 3167
f 3168 3170 3169
f 3171 3172 3173
f 3173 3174 3171
f 3175 3176 3177
f 3177 3178 3175
f 3179 3180 3181
f 3181 3182 3179
f 3183 3184 3185
f 3186 3183 3185
f 3186 3187 3188
f 3186 3189 3187
f 3189 3190 3187
f 3186 3185 3189
f 3185 3191 3189
f 3191 3192 3189
f 3185 3193 3191
f 3194 3193 3185
f 3185 3195 3194
f 3196 3197 3198
f 3199 3200 3201
f 3201 3202 3199
f 3203 3204 3205
f 3204 3203 3206
f 3207 3205 3204
f 3205 3207 3208
f 3209 3208 3207
f 3208 3209 3210
f 3211 3210 3209
f 3210 3211 3212
f 3213 3212 3211
f 3212 3213 3210
f 3214 3213 3211
f 3213 3215 3210
f 3216 3213 3214
f 3213 3216 3215
f 3217 3216 3214
f 3216 3218 3215
f 3216 3217 3219
f 3218 3216 3219
f 3220 3219 3217
f 3219 3221 3218
f 3219 3220 3222
f 3221 3219 3222
f 3223 3222 3220
f 3223 3224 3222
f 3224 3225 3222
f 3225 3224 3226
f 3227 3226 3224
f 3226 3227 3225
f 3228 3227 3224
f 3227 3229 3225
f 3230 3227 3228
f 3227 3230 3229
f 3231 3230 3228
f 3230 3231 3232
f 3233 3232 3231
f 3232 3233 3230
f 3234 3233 3231
f 3233 3206 3230
f 3233 3234 3204
f 3206 3233 3204
f 3235 3236 3237
f 3238 3239 3240
f 3241 3242 3243
f 3241 3243 3244
f 3241 3244 3245
f 3246 3241 3245
f 3247 3246 3245
f 3248 3247 3245
f 3249 3248 3245
f 3250 3249 3245
f 3251 3250 3245
f 3252 3251 3245
f 3253 3252 3245
f 3254 3253 3245
f 3255 3254 3245
f 3255 3245 3256
f 3257 3255 3256
f 3258 3257 3256
f 3259 3258 3256
f 3260 3259 3256
f 3261 3260 3256
f 3262 3261 3256
f 3263 3262 3256
f 3264 3263 3256
f 3265 3264 3256
f 3266 3265 3256
f 3267 3266 3256
f 3268 3267 3256
f 3269 3268 3256
f 3269 3256 3270
f 3271 3272 3273
f 3274 3275 3276
f 3277 3278 3279
f 3279 3280 3277
f 3281 3282 3283
f 3283 3284 3281
f 3285 3286 3287
f 3288 3289 3290
f 3290 3291 3288
f 3292 3293 3294
f 3295 3294 3293
f 3294 3296 3292
f 3293 3297 3295
f 3298 3292 3296
f 3299 3295 3297
f 3296 3300 3298
f 3297 3301 3299
f 3302 3298 3300
f 3303 3299 3301
f 3300 3304 3302
f 3301 3305 3303
f 3306 3302 3304
f 3307 3303 3305
f 3304 3308 3306
f 3305 3309 3307
f 3310 3306 3308
f 3311 3307 3309
f 3308 3312 3310
f 3309 3313 3311
f 3314 3310 3312
f 3315 3311 3313
f 3313 3314 3315
f 3312 3315 3314
f 3316 3317 3318
f 3319 3320 3321
f 3321 3322 3319
f 3323 3324 3325
f 3325 3326 3323
f 3327 3328 3329
f 3330 3331 3332
f 3333 3334 3335
f 3336 3337 3338
f 3336 3338 3339
f 3340 3338 3337
f 3337 3336 3341
f 3342 3340 3337
f 3341 3336 3339
f 3340 3342 3343
f 3344 3343 3342
f 3343 3345 3340
f 3343 3344 3346
f 3345 3343 3346
f 3347 3346 3344
f 3346 3347 3348
f 3349 3348 3347
f 3348 3350 3346
f 3348 3349 3351
f 3350 3348 3351
f 3352 3351 3349
f 3351 3353 3350
f 3351 3352 3354
f 3353 3351 3354
f 3355 3354 3352
f 3354 3355 3356
f 3357 3356 3355
f 3356 3357 3358
f 3358 3359 3356
f 3359 3358 3360
f 3361 3360 3358
f 3360 3361 3362
f 3363 3362 3361
f 3362 3363 3339
f 3341 3339 3363
f 3364 3365 3366
f 3367 3368 3369
f 3370 3371 3372
f 3373 3374 3375
f 3376 3377 3378
f 3378 3379 3376
f 3380 3381 3382
f 3383 3384 3385
f 3386 3387 3388
f 3388 3389 3386
f 3390 3391 3392
f 3392 3393 3390
f 3394 3395 3396
f 3397 3398 3399
f 3400 3401 3402
f 3402 3403 3400
f 3404 3405 3406
f 3406 3407 3404
f 3408 3409 3410
f 3410 3411 3408
f 3412 3413 3414
f 3414 3415 3412
f 3416 3417 3418
f 3418 3419 3416
f 3420 3421 3422
f 3423 3424 3425
f 3426 3427 3428
f 3429 3430 3431
f 3431 3432 3429
f 3433 3434 3435
f 3436 3437 3438
f 3438 3439 3436
f 3440 3441 3442
f 3443 3444 3445
f 3446 3447 3448
f 3448 3449 3446
f 3450 3451 3452
f 3452 3453 3450
f 3454 3455 3456
f 3457 3458 3459
f 3459 3460 3457
f 3458 3457 3461
f 3461 3462 3458
f 3462 3461 3463
f 3463 3464 3462
f 3465 3466 3467
f 3467 3468 3465
f 3469 3465 3468
f 3468 3470 3469
f 3471 3469 3470
f 3470 3472 3471
f 3473 3474 643
f 643 3474 3475
f 643 3476 3473
f 3473 3476 3477
f 3477 3478 3473
f 3479 3478 3477
f 3477 3476 636
f 636 3476 643
f 3477 3480 3479
f 3475 646 643
f 636 634 3477
f 3475 3481 646
f 646 3481 3482
f 631 3480 3477
f 3477 634 631
f 3479 3480 3483
f 3483 3480 631
f 3483 3484 3479
f 3485 3484 3483
f 3483 3486 3485
f 3485 3486 3487
f 3487 3488 3485
f 626 3486 3483
f 3487 3486 626
f 3489 3488 3487
f 3483 3490 626
f 631 3490 3483
f 3487 3491 3489
f 627 3490 631
f 626 3490 627
f 626 3492 3487
f 3489 3491 3493
f 3493 3494 3489
f 1679 3491 3487
f 3487 3492 1679
f 3493 3491 1679
f 3495 3494 3493
f 624 3492 626
f 1679 3492 624
f 3493 3496 3495
f 1679 3497 3493
f 3495 3496 3498
f 3498 3499 3495
f 1674 3496 3493
f 3493 3497 1674
f 3498 3496 1674
f 1675 3497 1679
f 1674 3497 1675
f 3500 3501 3499
f 1667 3499 3498
f 3500 3499 1667
f 3502 3501 3500
f 1668 3498 1674
f 1667 3498 1668
f 3500 3503 3502
f 1667 3504 3500
f 3503 3505 3502
f 1660 3503 3500
f 3500 3504 1660
f 3506 3505 3503
f 1661 3504 1667
f 1660 3504 1661
f 3503 3507 3506
f 1660 3508 3503
f 3506 3507 3509
f 3509 3510 3506
f 1654 3507 3503
f 3503 3508 1654
f 3509 3507 1654
f 1655 3508 1660
f 1654 3508 1655
f 3509 3511 3510
f 1654 3512 3509
f 3510 3511 3513
f 3513 3514 3510
f 2561 3511 3509
f 3509 3512 2561
f 3513 3511 2561
f 3515 3514 3513
f 1652 3512 1654
f 2561 3512 1652
f 3513 3516 3515
f 2561 3517 3513
f 3515 3516 3518
f 3518 3519 3515
f 2535 3516 3513
f 3513 3517 2535
f 3518 3516 2535
f 3520 3519 3518
f 2536 3517 2561
f 2535 3517 2536
f 3518 3521 3520
f 2535 3522 3518
f 3520 3521 3523
f 3523 3524 3520
f 2526 3521 3518
f 3518 3522 2526
f 3523 3521 2526
f 2527 3522 2535
f 2526 3522 2527
f 3523 3525 3524
f 2526 3526 3523
f 3524 3525 3527
f 3527 3528 3524
f 2519 3525 3523
f 3523 3526 2519
f 3527 3525 2519
f 3529 3528 3527
f 2520 3526 2526
f 2519 3526 2520
f 3527 3530 3529
f 2519 3531 3527
f 3529 3530 3532
f 3527 3531 3530
f 3533 3529 3532
f 2516 3531 2519
f 3530 3531 2516
f 3532 3534 3533
f 3530 3535 3532
f 3533 3534 3536
f 3536 3537 3533
f 3538 3534 3532
f 3532 3535 3538
f 3536 3534 3538
f 3482 3537 3536
f 3536 3539 3482
f 3482 3539 646
f 3540 3539 3536
f 646 3539 3540
f 3538 3541 3536
f 3536 3541 3540
f 2508 3541 3538
f 3540 3541 2508
f 3538 3535 3542
f 3542 3535 3530
f 3540 647 646
f 3542 3543 3538
f 3538 3543 2508
f 3530 3544 3542
f 2516 3544 3530
f 2506 3543 3542
f 2508 3543 2506
f 3542 3544 2511
f 2511 3544 2516
f 3542 2509 2506
f 2511 2509 3542
f 2508 3545 3540
f 3540 3545 645
f 645 647 3540
f 901 3545 2508
f 645 3545 901
f 3546 3547 3548
f 3548 3549 3546
f 3550 3551 3552
f 3552 3553 3550
f 3554 3555 3556
f 3557 3558 3559
f 3559 3560 3557
f 3561 3562 3563
f 3564 3565 3566
f 3566 3567 3564
f 3568 3569 3570
f 3571 3572 3573
f 3574 3575 3576
f 3576 3577 3574
f 3578 3579 3580
f 3580 3581 3578
f 3582 3583 3584
f 3584 3585 3582
f 3586 3587 3588
f 3588 3589 3586
f 3590 3591 3592
f 3592 3593 3590
f 3594 3595 3596
f 3596 3597 3594
f 3598 3599 3600
f 3601 3602 3603
f 3603 3604 3601
f 3605 3606 3607
f 3608 3609 3610
f 3611 3612 3613
f 3613 3614 3611
f 3615 3616 3617
f 3617 3618 3615
f 3619 3615 3618
f 3618 3620 3619
f 3621 3622 3623
f 3623 3624 3621
f 3622 3621 3625
f 3625 3626 3622
f 3627 3628 3629
f 3630 3631 3632
f 3633 3634 3635
f 3636 3637 3638
f 3639 3640 3641
f 3639 3641 3642
f 3643 3639 3642
f 3641 3644 3645
f 3641 3645 3646
f 3641 3646 3642
f 3645 3647 3646
f 3646 3648 3642
f 3648 3649 3642
f 3646 3650 3648
f 3651 3652 3653
f 3654 3655 3656
f 3656 3657 3654
f 3658 3654 3657
f 3657 3659 3658
f 3660 3658 3659
f 3659 3661 3660
f 3662 3660 3661
f 3661 3663 3662
f 3664 3662 3663
f 3663 3665 3664
f 3666 3664 3665
f 3665 3667 3666
f 3668 3666 3667
f 3667 3669 3668
f 3670 3668 3669
f 3669 3671 3670
f 3670 3672 3673
f 3670 3674 3672
f 3670 3675 3674
f 3676 3670 3673
f 3670 3677 3675
f 3670 3671 3677
f 3676 3678 3670
f 3676 3679 3678
f 3679 3680 3678
f 3680 3681 3678
f 3671 3682 3677
f 3671 3683 3682
f 3671 3684 3683
f 3685 3684 3671
f 3681 3686 3678
f 3685 3671 3686
f 3681 3687 3686
f 3688 3685 3686
f 3687 3688 3686
f 3689 3690 3691
f 3691 3692 3689
f 3693 3694 3695
f 3696 3697 3698
f 3698 3699 3696
f 3700 3696 3699
f 3699 3701 3700
f 3702 3700 3701
f 3701 3703 3702
f 3704 3702 3703
f 3703 3705 3704
f 3706 3704 3705
f 3705 3707 3706
f 3708 3706 3707
f 3707 3709 3708
f 3710 3708 3709
f 3709 3711 3710
f 3712 3710 3711
f 3711 3713 3712
f 3714 3712 3713
f 3713 3715 3714
f 3716 3717 3718
f 3719 3720 3721
f 3722 3723 3724
f 3724 3725 3722
f 3726 3727 3728
f 3726 3729 3730
f 3726 3728 3731
f 3726 3731 3729
f 3728 3732 3731
f 3732 3728 3733
f 3733 3734 3732
f 3732 3735 3731
f 3731 3736 3729
f 3736 3737 3729
f 3731 3738 3736
f 3739 3740 3741
f 3741 3742 3739
f 3743 3744 3745
f 3745 3746 3743
f 3747 3748 3749
f 3749 3750 3747
f 3751 3752 3753
f 3754 3755 3756
f 3757 3758 3759
f 3759 3760 3757
f 3761 3762 3763
f 3761 3763 3764
f 3761 3764 3765
f 3761 3765 3766
f 3761 3766 3767
f 3761 3767 3768
f 3761 3768 3769
f 3761 3769 3770
f 3771 3772 3773
f 3773 3774 3771
f 3775 3776 3777
f 3778 3777 3776
f 3776 3779 3778
f 3780 3781 3782
f 3782 3783 3780
f 3784 3785 3786
f 3786 3787 3784
f 3788 3789 3790
f 3790 3791 3788
f 3792 3793 3794
f 3795 3793 3792
f 3794 3796 3792
f 3792 3797 3795
f 3798 3796 3794
f 3799 3795 3797
f 3794 3800 3798
f 3797 3801 3799
f 3802 3798 3800
f 3803 3799 3801
f 3800 3804 3802
f 3801 3805 3803
f 3806 3802 3804
f 3807 3803 3805
f 3804 3808 3806
f 3805 3809 3807
f 3810 3806 3808
f 3811 3807 3809
f 3808 3812 3810
f 3809 3813 3811
f 3810 3812 3814
f 3811 3813 3815
f 3814 3816 3810
f 3815 3817 3811
f 3816 3814 3818
f 3817 3815 3819
f 3818 3820 3816
f 3819 3821 3817
f 3820 3818 3821
f 3821 3819 3820
f 3822 3823 3824
f 3825 3826 3827
f 3827 3828 3825
f 3829 3830 3831
f 3831 3832 3829
f 3833 3834 3835
f 3833 3836 3834
f 3833 3837 3838
f 3833 3839 3836
f 3833 3838 3840
f 3833 3841 3839
f 3833 3840 3842
f 3833 3843 3841
f 3833 3842 3844
f 3833 3845 3843
f 3833 3844 3846
f 3833 3847 3845
f 3833 3846 3848
f 3833 3848 3847
f 3849 3850 3851
f 3852 3850 3853
f 3854 3850 3849
f 3853 3850 3855
f 3856 3850 3854
f 3855 3850 3857
f 3858 3850 3856
f 3857 3850 3859
f 3860 3850 3858
f 3859 3850 3861
f 3862 3850 3860
f 3861 3850 3863
f 3864 3850 3862
f 3863 3850 3864
f 3865 3866 3867
f 3865 3868 3866
f 3865 3869 3870
f 3865 3871 3868
f 3865 3870 3872
f 3865 3873 3871
f 3865 3872 3874
f 3865 3875 3873
f 3865 3874 3876
f 3865 3877 3875
f 3865 3876 3878
f 3865 3879 3877
f 3865 3878 3880
f 3865 3880 3879
f 3881 3882 3883
f 3884 3882 3885
f 3886 3882 3881
f 3885 3882 3887
f 3888 3882 3886
f 3887 3882 3889
f 3890 3882 3888
f 3889 3882 3891
f 3892 3882 3890
f 3891 3882 3893
f 3894 3882 3892
f 3893 3882 3895
f 3896 3882 3894
f 3895 3882 3896
f 3897 3898 3899
f 3900 3901 3902
f 3903 3901 3900
f 3900 3902 3904
f 3903 3905 3901
f 3904 3902 3906
f 3907 3905 3903
f 3904 3906 3908
f 3907 3909 3905
f 3908 3906 3910
f 3911 3909 3907
f 3908 3910 3912
f 3911 3913 3909
f 3912 3910 3914
f 3915 3913 3911
f 3912 3914 3916
f 3915 3917 3913
f 3916 3914 3918
f 3919 3917 3915
f 3916 3918 3920
f 3919 3921 3917
f 3920 3918 3922
f 3923 3921 3919
f 3920 3922 3924
f 3923 3925 3921
f 3924 3922 3926
f 3927 3925 3923
f 3924 3926 3928
f 3927 3929 3925
f 3928 3926 3930
f 3931 3929 3927
f 3928 3930 3931
f 3931 3930 3929
f 3932 3933 3934
f 3934 3933 3935
f 3932 3936 3933
f 3934 3935 3937
f 3938 3936 3932
f 3937 3935 3939
f 3938 3940 3936
f 3937 3939 3941
f 3942 3940 3938
f 3941 3939 3943
f 3942 3944 3940
f 3941 3943 3945
f 3946 3944 3942
f 3945 3943 3947
f 3946 3948 3944
f 3945 3947 3949
f 3950 3948 3946
f 3949 3947 3951
f 3950 3952 3948
f 3949 3951 3953
f 3954 3952 3950
f 3953 3951 3955
f 3954 3956 3952
f 3953 3955 3957
f 3958 3956 3954
f 3957 3955 3959
f 3958 3960 3956
f 3957 3959 3961
f 3962 3960 3958
f 3961 3959 3963
f 3962 3963 3960
f 3961 3963 3962
f 3964 3965 3966
f 3967 3965 3964
f 3964 3966 3968
f 3967 3969 3965
f 3968 3966 3970
f 3971 3969 3967
f 3968 3970 3972
f 3971 3973 3969
f 3972 3970 3974
f 3975 3973 3971
f 3972 3974 3976
f 3975 3977 3973
f 3976 3974 3978
f 3979 3977 3975
f 3976 3978 3980
f 3979 3981 3977
f 3980 3978 3982
f 3983 3981 3979
f 3980 3982 3984
f 3983 3985 3981
f 3984 3982 3986
f 3987 3985 3983
f 3984 3986 3988
f 3987 3989 3985
f 3988 3986 3990
f 3991 3989 3987
f 3988 3990 3992
f 3991 3993 3989
f 3992 3990 3994
f 3995 3993 3991
f 3992 3994 3995
f 3995 3994 3993
f 3996 3997 3998
f 3998 3997 3999
f 3996 4000 3997
f 3998 3999 4001
f 4002 4000 3996
f 4001 3999 4003
f 4002 4004 4000
f 4001 4003 4005
f 4006 4004 4002
f 4005 4003 4007
f 4006 4008 4004
f 4005 4007 4009
f 4010 4008 4006
f 4009 4007 4011
f 4010 4012 4008
f 4009 4011 4013
f 4014 4012 4010
f 4013 4011 4015
f 4014 4016 4012
f 4013 4015 4017
f 4018 4016 4014
f 4017 4015 4019
f 4018 4020 4016
f 4017 4019 4021
f 4022 4020 4018
f 4021 4019 4023
f 4022 4024 4020
f 4021 4023 4025
f 4026 4024 4022
f 4025 4023 4027
f 4026 4027 4024
f 4025 4027 4026
f 4028 4029 4030
f 4031 4032 4033
f 4033 4034 4031
f 4035 4036 4037
f 4037 4038 4035
f 4039 4040 4041
f 4041 4042 4039
f 4043 4044 4045
f 4046 4047 4048
f 4048 4049 4046
f 4050 4051 4052
f 4052 4053 4050
f 4054 4055 4056
f 4056 4057 4054
f 4058 4059 4060
f 4059 4058 4061
f 4061 4062 4059
f 4063 4064 4065
f 4063 4065 4066
f 4065 4067 4066
f 4063 4066 4068
f 4063 4068 4069
f 4068 4070 4069
f 4066 4071 4068
f 4066 4072 4071
f 4071 4073 4068
f 4068 4073 4074
f 4074 4075 4068
f 4076 4077 4078
f 4078 4079 4076
f 4080 4081 4082
f 4082 4083 4080
f 4084 4085 4086
f 4087 4088 4089
f 4089 4090 4087
f 4091 4092 4093
f 4094 4095 4096
f 4096 4097 4094
f 4098 4099 4100
f 4101 4102 4103
f 4103 4104 4101
f 4105 4106 4107
f 4107 4108 4105
f 4109 4110 4111
f 4111 4112 4109
f 4113 4114 4115
f 4116 4117 4118
f 4118 4119 4116
f 4120 4121 4122
f 4123 4124 4125
f 4126 4127 4128
f 4128 4129 4126
f 4130 4131 4132
f 4132 4133 4130
f 4134 4135 4136
f 4137 4138 4139
f 4140 4141 4142
f 4142 4143 4140
f 4144 4145 4146
f 4146 4147 4144
f 4148 4149 4150
f 4150 4151 4148
f 4152 4153 4154
f 4154 4155 4152
f 4156 4157 4158
f 4158 4159 4156
