v 0.217872456 0.144275457 0.518245459
v 0.215468064 0.16015318 0.516425669
v 0.211914971 0.161424726 0.52112782
v 0.216447428 0.159789473 0.51283896
v 0.206476882 0.163491875 0.527964175
v 0.208462968 0.147222489 0.530043125
v 0.199371234 0.166189343 0.535661161
v 0.202782169 0.178014189 0.524954796
v 0.211222485 0.174412638 0.513430297
v 0.207896963 0.175793082 0.518136144
v 0.196238652 0.180606037 0.532517016
v 0.18862696 0.183098584 0.539453685
v 0.190446511 0.193689793 0.52885586
v 0.200984731 0.189075559 0.514000297
v 0.196282461 0.19140026 0.521051764
v 0.183996037 0.195033044 0.535971463
v 0.178535715 0.195064515 0.540667117
v 0.175486162 0.20640716 0.533354044
v 0.180818394 0.20622912 0.524977922
v 0.185881332 0.204260975 0.516291976
v 0.168032601 0.217912048 0.520925403
v 0.172321156 0.216237932 0.511087954
v 0.156344369 0.226973087 0.505852103
v 0.17595543 0.21378997 0.502679229
v 0.190075591 0.201855928 0.508659899
v 0.192801908 0.200367242 0.503445208
v 0.200662985 -0.0978552327 0.482999206
v 0.199498549 -0.0981885418 0.486187309
v 0.188521758 -0.111246847 0.480401278
v 0.207374111 -0.0864092335 0.49079749
v 0.155028179 -0.138338 0.482247651
v 0.157499805 -0.137672931 0.473560661
v 0.172789648 -0.125081688 0.479464471
v 0.140481964 -0.148568183 0.4682239
v 0.159169391 -0.137225777 0.467710346
v 0.174919978 -0.124590419 0.474041551
v 0.176227108 -0.123402379 0.470733374
v 0.189806536 -0.110473059 0.477198541
v 0.189756945 -0.108965538 0.475276679
v 0.141746178 -0.148159534 0.462009877
v 0.123126581 -0.156398088 0.45754233
v 0.142569736 -0.146639258 0.458289415
v 0.160271779 -0.135817677 0.464200467
v 0.161041752 -0.13226977 0.462534696
v 0.176925257 -0.120583914 0.469077945
v 0.177644745 -0.114876412 0.468786031
v 0.123750344 -0.154787332 0.453689903
v 0.104322568 -0.160669476 0.450193048
v 0.124132767 -0.150529534 0.451819837
v 0.143109754 -0.142694384 0.456498235
v 0.14352335 -0.13501218 0.456071973
v 0.161714092 -0.125403076 0.462216824
v 0.169836178 0.192985147 0.546812057
v 0.171340182 0.202693135 0.540829182
v 0.160115078 0.211850375 0.53990519
v 0.146194294 0.220553905 0.53794241
v 0.144255474 0.207316011 0.545480669
v 0.130304649 0.228100628 0.535375834
v 0.149207845 0.226938933 0.527899742
v 0.163691893 0.217087001 0.530897975
v 0.132807985 0.235373944 0.52469945
v 0.115266338 0.241803259 0.521637321
v 0.135745779 0.237347633 0.512725949
v 0.152767375 0.228426784 0.516740382
v 0.117690876 0.244248897 0.509185195
v 0.0990893394 0.24939546 0.506134033
v 0.120110288 0.243284911 0.496935397
v 0.138693288 0.236108154 0.500997126
v 0.101061538 0.248730034 0.493604541
v 0.0820132047 0.252670318 0.490942001
v 0.102749243 0.246711642 0.482952714
v 0.141225711 0.233741969 0.491054624
v 0.122188106 0.241071373 0.486539304
v 0.0833613425 0.250852853 0.480170727
v 0.0644764453 0.253685147 0.478069305
v 0.0842729956 0.249796182 0.473045409
v 0.123587862 0.239768535 0.479648352
v 0.103890732 0.245532066 0.475903571
v 0.204034284 0.187626451 0.509142399
v 0.205048874 0.186582655 0.505758643
v 0.159410134 0.224533409 0.496622711
v 0.161436155 0.22306338 0.490439892
v 0.178333297 0.212293357 0.496992946
v 0.179670408 0.210400969 0.493440539
v 0.194003001 0.198865026 0.500030994
v 0.193621352 0.196419686 0.497800261
v 0.142918423 0.232335597 0.484440267
v 0.143967703 0.23015973 0.480392873
v 0.162681535 0.220972806 0.486644328
v 0.163405612 0.216671497 0.484576702
v 0.180182472 0.206765682 0.491433531
v 0.180523768 0.19978562 0.490565419
v 0.124460056 0.237541288 0.475436628
v 0.104602888 0.24327895 0.471594959
v 0.124954894 0.232554525 0.473078251
v 0.144570008 0.225485057 0.478151143
v 0.144921795 0.216582268 0.476953894
v 0.197550252 -0.0777926669 0.512632787
v 0.200697795 -0.0652747378 0.516169727
v 0.192225114 -0.0674526319 0.523141146
v 0.203101292 -0.0506500266 0.519816995
v 0.205287531 -0.0329578184 0.523811221
v 0.19627519 -0.0344486497 0.531314135
v 0.207034186 -0.0126809729 0.527861834
v 0.212680236 -0.031770017 0.515960813
v 0.207704023 -0.0638466105 0.50883466
v 0.210310176 -0.0493560098 0.512255549
v 0.214585617 -0.0116237057 0.519708335
v 0.215797976 0.010547732 0.523256421
v 0.220336273 -0.0107900752 0.512534082
v 0.21582599 -0.0484529994 0.5055722
v 0.218321458 -0.0308786295 0.509039342
v 0.221639469 0.0112395631 0.515856862
v 0.222000256 0.0346371271 0.518807888
v 0.225529388 0.0117144929 0.51086098
v 0.222079411 -0.0302772783 0.504323602
v 0.224166468 -0.0102261556 0.507670581
v 0.225199655 -0.00999816786 0.503976226
v 0.219501153 -0.0478427671 0.500994802
v 0.225935176 0.0349486805 0.513720095
v 0.216664687 -0.0623264574 0.497859031
v 0.220517889 -0.0477594398 0.49748674
v 0.2231033 -0.0301007889 0.500724614
v 0.220542505 -0.0304839276 0.49715361
v 0.21308066 -0.0629399642 0.50233227
v 0.209402099 -0.0754280314 0.499007612
v 0.204219356 -0.0763277039 0.50543499
v 0.199213937 -0.0878851637 0.501793683
v 0.19313176 -0.0891643986 0.508969605
v 0.186297074 -0.0909587368 0.515463948
v 0.186718717 -0.100520276 0.505127192
v 0.181151405 -0.10130503 0.511860549
v 0.176624313 -0.101665162 0.516257465
v 0.173133627 -0.11240568 0.509027839
v 0.177587524 -0.112990521 0.501052737
v 0.165996507 -0.12574783 0.496820867
v 0.182071224 -0.112572812 0.492734373
v 0.192045286 -0.0996049866 0.497647822
v 0.196511701 -0.098760508 0.490856498
v 0.204106942 -0.0870053992 0.495286345
v 0.169622079 -0.125810057 0.4874641
v 0.185933128 -0.111781739 0.485406131
v 0.136471882 -0.148603946 0.488454461
v 0.152204052 -0.137964875 0.492506504
v 0.149476662 -0.135297805 0.503072381
v 0.14729555 -0.129080802 0.512680411
v 0.132562712 -0.138366848 0.509947896
v 0.146109954 -0.118057989 0.520065784
v 0.159847334 -0.118853711 0.514937818
v 0.162492469 -0.123867534 0.506315291
v 0.15879871 -0.109390877 0.521679163
v 0.158805206 -0.0961868986 0.527086139
v 0.16945149 -0.101105474 0.521977246
v 0.169993535 -0.109037422 0.516166925
v 0.170350268 -0.0894649252 0.526857734
v 0.171532884 -0.0749713406 0.531207442
v 0.18054308 -0.0838020071 0.524506927
v 0.178480282 -0.0945214257 0.520169139
v 0.182449117 -0.0706086978 0.528552532
v 0.184194461 -0.0548036359 0.532662332
v 0.189633921 -0.0800975785 0.519377649
v 0.1943468 -0.0524331592 0.527028561
v 0.225150898 0.0588802435 0.516073227
v 0.223564461 0.0826439038 0.517811298
v 0.219599023 0.0829086676 0.522898376
v 0.224684492 0.0825938359 0.513951778
v 0.213628605 0.0834159628 0.530446291
v 0.215229407 0.0588255264 0.528786421
v 0.205816045 0.0840478316 0.539046228
v 0.211694911 0.106999494 0.531262517
v 0.203941479 0.108293094 0.539710343
v 0.221563891 0.105374493 0.518825352
v 0.217630461 0.105966605 0.523841858
v 0.202204719 0.130512267 0.539377749
v 0.194554344 0.109667279 0.54780829
v 0.215679005 0.127095312 0.523920298
v 0.209836796 0.128595322 0.531154871
v 0.192976668 0.132651716 0.547256649
v 0.182346657 0.13481912 0.553459227
v 0.191997841 0.152541488 0.545590937
v 0.201020613 0.149651259 0.537988067
v 0.181578115 0.155761808 0.551572382
v 0.169944957 0.159180611 0.554652691
v 0.180914119 0.173256963 0.548595488
v 0.190815464 0.169351965 0.542945325
v 0.169771865 0.178181559 0.551390588
v 0.157249704 0.183503598 0.551934838
v 0.179856434 0.186791688 0.544605255
v 0.158118501 0.200289756 0.546846449
v 0.21532698 -0.0634454712 0.491033673
v 0.208841518 -0.0659114942 0.486698449
v 0.211305335 -0.0501100682 0.489531577
v 0.197435811 -0.0701374039 0.480426073
v 0.213881448 -0.0749185309 0.491214097
v 0.212859228 -0.0748185143 0.494573981
v 0.217674032 -0.0623727106 0.49442336
v 0.218058482 -0.0484371446 0.494011223
v 0.199440673 -0.0530122183 0.483011097
v 0.18367745 -0.0565871857 0.47538805
v 0.201264337 -0.0334684514 0.485740125
v 0.21354641 -0.0315615796 0.492521733
v 0.215367928 -0.0108140958 0.495529473
v 0.184995726 -0.0358225368 0.477796882
v 0.166039959 -0.0382418297 0.46968016
v 0.186073437 -0.0134523762 0.480238974
v 0.202749684 -0.0119902147 0.488494098
v 0.22255899 -0.0101720942 0.500309706
v 0.223887816 0.0119123207 0.503328323
v 0.203739658 0.0109385001 0.491154015
v 0.216572896 0.0115844952 0.498415381
v 0.226576045 0.0119471895 0.507080793
v 0.227001861 0.0351339318 0.509877622
v 0.216964319 0.0350862481 0.501040041
v 0.224308744 0.035183046 0.506058276
v 0.223601773 0.059053991 0.508348465
v 0.226246193 0.0589607097 0.512205839
v 0.221187904 0.0588295199 0.521187723
v 0.187070563 0.0344884135 0.484847605
v 0.167368248 0.0341137387 0.475887299
v 0.167236879 0.0592550375 0.477720648
v 0.167171434 0.00927201379 0.47389105
v 0.186072603 0.0839285627 0.488480419
v 0.186771646 0.0592509843 0.486826569
v 0.203604892 0.0592112876 0.495715588
v 0.166708127 -0.0149523867 0.471799493
v 0.146022931 -0.016242113 0.464211047
v 0.186801448 0.0101192938 0.482620478
v 0.204077139 0.0348336436 0.493600845
v 0.216345385 0.0591431595 0.50326407
v 0.215026751 0.083026208 0.504982233
v 0.202568129 0.0834530368 0.497405469
v 0.22211875 0.0827305689 0.510086536
v 0.220211521 0.105418004 0.511160135
v 0.201211885 0.106940605 0.498577833
v 0.213319197 0.106006302 0.506089211
v 0.222692028 0.105199553 0.515001833
v 0.220644072 0.125944108 0.515242219
v 0.211533561 0.127354234 0.506479859
v 0.218231991 0.126321822 0.511457026
v 0.219537213 0.126206785 0.519006371
v 0.216532066 0.14464733 0.510864794
v 0.218916073 0.143993884 0.514559388
v 0.214141384 0.145386726 0.523035765
v 0.199781135 0.129055709 0.499139935
v 0.198521093 0.149180084 0.498999029
v 0.209980443 0.146340936 0.506048977
v 0.207923129 0.16258654 0.504875064
v 0.18235822 0.171861082 0.49061802
v 0.197027817 0.166676015 0.498336554
v 0.194897369 0.180905908 0.497333974
v 0.181348518 0.187859029 0.490429789
v 0.164326742 0.195076019 0.482987791
v 0.214164391 0.160445839 0.509348989
v 0.210181549 0.173768669 0.506875038
v 0.204624608 0.175711006 0.503036916
v 0.212177709 0.17377165 0.509966671
v 0.203646317 0.185473889 0.50312978
v 0.200866535 0.184219629 0.501123846
v 0.193353847 0.191082805 0.496864229
v 0.165228561 -0.0602785014 0.467600673
v 0.145306841 -0.063529633 0.460587204
v 0.164335564 -0.0807447657 0.465628505
v 0.163415745 -0.0989088044 0.46394977
v 0.144424692 -0.105472229 0.457442731
v 0.162523642 -0.114038847 0.462750524
v 0.180667177 -0.0916370377 0.471112609
v 0.182227865 -0.0753422007 0.473106235
v 0.179015771 -0.10502138 0.469568431
v 0.192190304 -0.0965721831 0.475954145
v 0.195076719 -0.0847040638 0.478051573
v 0.190006927 -0.104929946 0.474805325
v 0.197370306 -0.0976085886 0.478977352
v 0.205741718 -0.079183124 0.483954161
v 0.20159246 -0.0901419148 0.481230676
v 0.199662402 -0.0977269635 0.480650961
v 0.206767216 -0.0871809945 0.484720856
v 0.208449498 -0.0863750204 0.487538546
v 0.211759463 -0.0761473402 0.488007903
v 0.163867608 0.208569258 0.483577639
v 0.105002835 0.238039881 0.469164729
v 0.0851565748 0.242101103 0.466217309
v 0.105207577 0.227902561 0.467750728
v 0.125222698 0.222973198 0.471747309
v 0.12541391 0.206962198 0.47061795
v 0.14521946 0.201722056 0.476039916
v 0.145475581 0.182270855 0.475271463
v 0.0853134543 0.231530815 0.464756906
v 0.0659775883 0.234018415 0.462558657
v 0.0854036957 0.213857383 0.463427156
v 0.105334058 0.210954636 0.466490746
v 0.105394974 0.18898496 0.465319455
v 0.125541463 0.18611899 0.469596863
v 0.125618353 0.162041217 0.468590826
v 0.145702615 0.159595221 0.474510908
v 0.145913079 0.135061651 0.473620504
v 0.165281549 0.156304687 0.482223362
v 0.164794341 0.1772888 0.482604086
v 0.165799692 0.133220762 0.481642514
v 0.166360036 0.109134175 0.480658352
v 0.184146121 0.131115049 0.490504891
v 0.183254555 0.152667135 0.490721613
v 0.185141459 0.108042695 0.489732176
v 0.125671998 0.110571779 0.466250986
v 0.105311826 0.110834934 0.461684197
v 0.105371192 0.137136191 0.462981552
v 0.105237439 0.0848150626 0.460301638
v 0.125657573 0.136326283 0.467506617
v 0.105160311 0.0590132214 0.458855987
v 0.0852032453 0.058899615 0.455673903
v 0.105092838 0.0333656408 0.457369387
v 0.125628129 0.0591271259 0.463352501
v 0.125662103 0.0848234668 0.464855701
v 0.14628984 0.0846961513 0.471081465
v 0.14611955 0.110036649 0.472462595
v 0.125570431 0.0335285403 0.461773247
v 0.125489369 0.00807348359 0.460149646
v 0.146393672 0.0337727405 0.467826843
v 0.146391943 0.0592161752 0.469521433
v 0.166869953 0.0843704119 0.479331046
v 0.146263018 0.00854173768 0.466042012
v 0.0651807934 0.252730817 0.470913291
v 0.0470602661 0.254505962 0.469346702
v 0.0656173378 0.25046882 0.466532618
v 0.0848406106 0.247534245 0.468687207
v 0.0473774225 0.252244085 0.464950591
v 0.029875055 0.253145367 0.463888347
v 0.047551766 0.24659124 0.462447464
v 0.065858677 0.24489823 0.464042634
v 0.0299880654 0.247451574 0.46137765
v 0.0129198581 0.24775061 0.460779041
v 0.0300431401 0.236293584 0.459871173
v 0.0476371199 0.235525876 0.460948795
v 0.012946859 0.236561865 0.459269524
v -0.00390057266 0.236571163 0.459087729
v 0.0129628927 0.217856437 0.457872808
v 0.047687307 0.217026502 0.459566087
v 0.0300757438 0.217639536 0.458478123
v -0.00390057266 0.217865855 0.457690805
v -0.0207640976 0.217856437 0.457872808
v -0.00390063226 0.193799883 0.456373036
v 0.0129709393 0.193790346 0.456555128
v 0.0300915986 0.193634719 0.457164079
v 0.0129738599 0.16651985 0.455282807
v 0.0300962478 0.166424423 0.45589456
v 0.0300954133 0.138154 0.454635113
v 0.0477146655 0.166176826 0.457001299
v 0.0477104336 0.193205863 0.458262503
v 0.104602233 -0.156173259 0.44827947
v 0.0850095898 -0.1600236 0.445657134
v 0.104754761 -0.14736405 0.447748631
v 0.124380723 -0.142206579 0.451325864
v 0.124600902 -0.128400117 0.451601714
v 0.143967524 -0.122279905 0.45644635
v 0.0851141363 -0.150862843 0.4451105
v 0.0659274608 -0.153081089 0.443181694
v 0.0851692706 -0.135654479 0.445312768
v 0.104857042 -0.132743627 0.447972059
v 0.104920641 -0.113634728 0.448772341
v 0.124796346 -0.110280775 0.452471167
v 0.124970153 -0.0890187249 0.453758001
v 0.0659710318 -0.137476951 0.443379313
v 0.0476956517 -0.138555199 0.441927075
v 0.0659864098 -0.117179893 0.444141835
v 0.0851873308 -0.115834258 0.446083486
v 0.0851807743 -0.0928375944 0.447242171
v 0.104957297 -0.0913596377 0.449972093
v 0.0476808101 0.058774922 0.451821417
v 0.0659718066 0.0588117577 0.453448355
v 0.0659513026 0.0332215764 0.452082694
v 0.0660002381 0.0846420303 0.454800069
v 0.0659442693 0.00765768159 0.450713366
v 0.0476766974 0.00765422452 0.449148446
v 0.0659473091 -0.0178483389 0.449344695
v 0.085133329 0.00768974889 0.452835262
v 0.0851550251 0.0332684852 0.454258233
v 0.0851317197 -0.0177733563 0.451413572
v 0.0851434618 -0.0430578254 0.450001746
v 0.105017319 -0.0175494812 0.454355776
v 0.1050473 0.00780895818 0.455864042
v 0.104996637 -0.0426020287 0.452860445
v 0.104978755 -0.0672412738 0.451393932
v 0.125264838 -0.0417475365 0.456878692
v 0.125386849 -0.0170734189 0.458509028
v 0.125125304 -0.0657841787 0.455285907
v 0.145696536 -0.0403441451 0.462378085
v 0.144877031 -0.0855639204 0.45888257
v 0.066076532 0.192376763 0.459913075
v 0.0660467893 0.215828687 0.461195976
v 0.047708109 0.138052136 0.455745667
v 0.0476989299 0.110944726 0.454458863
v 0.0660584122 0.137877673 0.457420379
v 0.0660770088 0.165710479 0.458668411
v 0.085431233 0.164958984 0.460961252
v 0.0854390413 0.19102034 0.462178469
v 0.0660309345 0.110926069 0.456127524
v 0.0853333622 0.110921241 0.45842284
v 0.0853921324 0.137612849 0.459725916
v 0.10540314 0.163782507 0.464171499
v 0.0852665454 0.0847337022 0.457067132
v 0.0477077514 -0.1179718 0.44268468
v 0.0301206857 -0.118353389 0.44168216
v 0.0477062017 -0.0942069516 0.443819344
v 0.0659830123 -0.0937031731 0.445285499
v 0.0659700781 -0.0685603246 0.446626455
v 0.0851620585 -0.068100296 0.448608398
v 0.0301201493 -0.0944442973 0.442812383
v 0.0129946023 -0.0945104584 0.442233294
v 0.0301150829 -0.0689362511 0.444130838
v 0.0476977378 -0.0688207373 0.445145249
v 0.0476890355 -0.0433733724 0.446476549
v 0.0659570247 -0.043264892 0.44798097
v 0.0129922777 -0.0689617619 0.443549305
v -0.00390069187 -0.0689519867 0.443366766
v 0.0129897743 -0.0434129499 0.444865316
v 0.030109778 -0.0434128903 0.445450604
v 0.0301047117 -0.0178773068 0.446771294
v 0.0476815253 -0.0178775452 0.447811514
v -0.00390063226 0.0846195593 0.451257586
v -0.00390063226 0.0587932803 0.449947059
v -0.0207809657 0.0587833859 0.4501293
v 0.0129797012 0.0587833859 0.4501293
v -0.0554780215 0.00765428413 0.449148446
v -0.0554772466 0.0332092978 0.450485677
v -0.0378982872 0.0332180001 0.449413687
v -0.0737525672 0.0332215764 0.452082694
v -0.0554820746 0.058774922 0.451821417
v -0.0378964394 0.0587713458 0.450734586
v -0.0378957838 0.0845981017 0.452049106
v -0.0207788199 0.084609665 0.451439798
v -0.0207770318 0.110989906 0.452739209
v -0.0737730712 0.0588118173 0.453448355
v -0.0930045098 0.0588996746 0.455673903
v -0.0738015026 0.0846420899 0.454800069
v -0.0554904193 0.08460287 0.453148305
v -0.0555001944 0.110944726 0.454458863
v -0.0378959626 0.110968806 0.453351289
v -0.0378966779 0.13815406 0.454635113
v -0.0930678099 0.0847337618 0.457067132
v -0.113038704 0.0848151818 0.460301638
v -0.0931345969 0.110921301 0.45842284
v -0.073832199 0.110926129 0.456127524
v -0.0738596171 0.137877673 0.457420409
v -0.0555093735 0.138052195 0.455745667
v -0.00390069187 -0.0434031151 0.444682837
v -0.0207910985 -0.0434129499 0.444865316
v -0.00390063226 -0.0178541802 0.445998877
v 0.0129872113 -0.017864015 0.446181297
v 0.0129846483 0.00768498052 0.447497308
v 0.0301003009 0.00766739715 0.448092461
v 0.030096963 0.0332180001 0.449413687
v -0.0207885355 -0.017864015 0.446181297
v -0.0379060358 -0.0178772472 0.446771294
v -0.0207859725 0.00768498052 0.447497308
v -0.00390063226 0.00769487489 0.447314948
v -0.00390063226 0.0332440473 0.448630989
v 0.0129820853 0.0332340933 0.448813289
v -0.037901625 0.00766739715 0.448092461
v -0.0207834095 0.0332340933 0.448813289
v -0.0555158705 0.166176826 0.457001299
v -0.0378974527 0.166424483 0.45589456
v -0.0378928035 0.193634719 0.457164079
v -0.0207750648 0.16651985 0.455282807
v -0.0207757205 0.138200969 0.45402208
v -0.00390063226 0.138210744 0.453839928
v -0.0207721442 0.193790406 0.456555128
v -0.00390063226 0.166529506 0.455100685
v -0.00390063226 0.110999741 0.452557057
v 0.0129757673 0.110989906 0.452739209
v 0.012974456 0.138200969 0.45402208
v 0.0129775554 0.084609665 0.451439798
v 0.0300945193 0.0845980421 0.452049106
v 0.0300947577 0.110968746 0.453351289
v 0.0300951749 0.0587713458 0.450734586
v 0.0476891547 0.08460287 0.453148305
v 0.0476759821 0.0332092382 0.450485647
v -0.0653033108 0.0308730938 0.535180092
v -0.0489168018 0.0309768654 0.533006549
v -0.0487799495 0.0586098172 0.535206437
v -0.0490667671 0.00423160661 0.530550718
v -0.0334181637 0.0310517885 0.531680584
v -0.0655134767 0.0041736709 0.532594442
v -0.065113768 0.0584786274 0.537417829
v -0.0657669753 -0.0218142532 0.529691577
v -0.0831527561 0.00411633123 0.535592914
v -0.0828735381 0.0307410099 0.538377464
v -0.082625404 0.0582983829 0.54069078
v -0.101052329 0.0306341387 0.542142332
v -0.0649854988 0.0868009701 0.539150298
v -0.0486914963 0.0869614258 0.536973476
v -0.0824483484 0.0865666643 0.542394578
v -0.0332741588 0.0870603696 0.535669208
v -0.0486867279 0.115862705 0.538130939
v -0.0333294719 0.0586969592 0.533868551
v -0.0184678286 0.0587451793 0.533216238
v -0.0185114592 0.0310972072 0.531025946
v -0.033278212 0.11598406 0.536888242
v -0.0185585469 0.00431922544 0.528678656
v -0.00390063226 0.0311125256 0.530866504
v -0.0335144848 0.00428262819 0.529299557
v -0.0336357802 -0.021822717 0.526688278
v -0.0492520779 -0.021832969 0.527829885
v -0.0494950265 -0.0474239253 0.524834931
v -0.0660862178 -0.0472855233 0.526502371
v -0.0186184496 -0.0218018554 0.526120365
v -0.0838715583 -0.0470252894 0.528940439
v -0.0664938539 -0.0724348649 0.52305758
v -0.0834798366 -0.0217482112 0.532419741
v -0.101771906 -0.0215565227 0.535634756
v -0.101394102 0.00412181485 0.539123356
v -0.119646922 0.00425240863 0.542762935
v -0.119264469 0.0306060053 0.546018422
v -0.102197066 -0.0465395115 0.531817615
v -0.118865117 0.0579901673 0.548521698
v -0.136934623 0.0307099558 0.54954952
v -0.10073556 0.0581189729 0.544550359
v -0.100486442 0.086301364 0.546227813
v -0.0823824257 0.115323879 0.543350577
v -0.0649587959 0.115650512 0.54022032
v -0.0650742501 0.144837886 0.540470541
v -0.0488008708 0.145144612 0.538501859
v -0.0333674997 0.145310193 0.537331223
v -0.0490692705 0.174638122 0.537909448
v -0.0184454769 0.116038002 0.536297977
v -0.0184413046 0.087109901 0.535042584
v -0.00390063226 0.0871222988 0.534898698
v -0.00390063226 0.058759544 0.533061504
v 0.0106665641 0.0587451793 0.533216238
v 0.0107101351 0.0310972072 0.531025946
v -0.00390063226 0.116048135 0.536165953
v 0.0107572228 0.00431922544 0.528678656
v 0.0256168991 0.0310517289 0.531680584
v -0.00390063226 0.00433394779 0.52852577
v -0.00390069187 -0.021788802 0.525979877
v -0.0187007636 -0.047479298 0.523297071
v -0.0337993354 -0.0474765562 0.523809373
v -0.0340226144 -0.0728911385 0.52062571
v -0.049817726 -0.0727483258 0.521556795
v -0.0502425283 -0.098013185 0.517986417
v -0.0670124739 -0.0974569544 0.51938802
v -0.0188147873 -0.0729262456 0.520154655
v -0.0849160701 -0.0965074524 0.521393657
v -0.0676389188 -0.120782875 0.514869273
v -0.0843447 -0.0718874559 0.52523756
v -0.102680638 -0.0709655508 0.527813256
v -0.120408759 -0.0457244776 0.534802556
v -0.120024338 -0.0211609863 0.538957059
v -0.137618259 -0.0204832219 0.542007148
v -0.137320682 0.0045702206 0.546088815
v -0.15382494 0.00513759721 0.54867816
v -0.153487697 0.0309995152 0.552279353
v -0.137852773 -0.0444764756 0.537563801
v -0.152865514 0.0580841638 0.55490005
v -0.168827847 0.0314304568 0.553609192
v -0.136434838 0.0579619743 0.552129865
v -0.135913745 0.085849382 0.553747535
v -0.118506119 0.0860479847 0.550171614
v -0.118244812 0.114422478 0.55086714
v -0.100347683 0.114906646 0.547055066
v -0.100361988 0.1436598 0.546912372
v -0.0824676305 0.144348234 0.543420434
v -0.0827439874 0.173417896 0.542465866
v -0.0653723329 0.174173504 0.539743721
v -0.06586878 0.201605111 0.537402034
v -0.0494933575 0.202269524 0.535699844
v -0.100572094 0.172286123 0.545680046
v -0.0338751525 0.202611595 0.534648895
v -0.0500745624 0.225964934 0.531219125
v -0.0335677713 0.174880952 0.536803961
v -0.0186006278 0.174971253 0.536267996
v -0.0184940547 0.145376235 0.53677547
v -0.00390063226 0.145384341 0.536651254
v 0.010644272 0.116038002 0.536297977
v 0.01064004 0.087109901 0.535042584
v 0.0254728943 0.0870603099 0.535669208
v 0.0255281478 0.0586969592 0.533868551
v 0.040978685 0.0586097576 0.535206437
v 0.0411155373 0.0309768058 0.533006549
v 0.025477007 0.115984 0.536888242
v 0.041265443 0.00423160661 0.530550718
v 0.0575019866 0.0308730341 0.535180092
v 0.0257132202 0.00428262819 0.529299557
v 0.0258344561 -0.021822717 0.526688278
v 0.0108171254 -0.0218018554 0.526120365
v 0.0108993798 -0.047479298 0.523297071
v -0.00390069187 -0.0474682711 0.52316916
v -0.00390069187 -0.0729169473 0.520034134
v -0.0189700574 -0.0983559117 0.516639113
v -0.0343229026 -0.0982786641 0.517099798
v -0.0346890539 -0.122013591 0.512636244
v -0.0507587045 -0.121611618 0.513514876
v -0.0513554662 -0.141936332 0.507533133
v -0.0683700293 -0.14084354 0.50887686
v -0.019159779 -0.122136734 0.512164414
v -0.0864099711 -0.13899985 0.510721982
v -0.0692027658 -0.156069785 0.500786483
v -0.085599795 -0.1193799 0.516768515
v -0.103901848 -0.11715474 0.519014359
v -0.103233859 -0.0949732289 0.523762822
v -0.121246323 -0.0926633105 0.526255012
v -0.120812103 -0.0695284829 0.530501306
v -0.138049498 -0.0674355254 0.533018231
v -0.153875068 -0.0426917337 0.539769828
v -0.153934821 -0.0194450282 0.544405341
v -0.168932781 -0.0181577466 0.545560896
v -0.169078186 0.00589684118 0.549934447
v -0.18299903 0.0067903148 0.549261332
v -0.182859316 0.0319585539 0.552940428
v -0.168492123 -0.0405834578 0.540834308
v -0.182006255 0.058526013 0.555554688
v -0.195486382 0.0325395204 0.549674273
v -0.168081298 0.0582933761 0.556239247
v -0.167074785 0.0856631771 0.55777812
v -0.152115628 0.0857482925 0.55647707
v -0.151395306 0.113348581 0.55694741
v -0.135463968 0.113895215 0.554320157
v -0.135178074 0.141622514 0.553765357
v -0.118138477 0.142756552 0.550507069
v -0.118244395 0.170693308 0.548990309
v -0.101054236 0.198835284 0.542806208
v -0.0832536966 0.200515419 0.539883673
v -0.0840389878 0.223623604 0.535070658
v -0.0665795058 0.225080281 0.532807589
v -0.0675204247 0.242546588 0.525322556
v -0.0508143753 0.243650705 0.523813426
v -0.101884678 0.221356899 0.537738919
v -0.0347949713 0.244213313 0.522825837
v -0.0517142266 0.253253073 0.512828887
v -0.0342855304 0.226417273 0.530208707
v -0.0189737529 0.226576954 0.529679716
v -0.0187616795 0.202734381 0.534120977
v -0.00390057266 0.202740997 0.533987701
v -0.00390063226 0.174978286 0.536142409
v 0.0107993633 0.174971253 0.536267996
v 0.0106927902 0.145376235 0.53677547
v 0.0255662352 0.145310193 0.537331223
v 0.0408854634 0.115862705 0.538130939
v 0.0408902317 0.0869614258 0.536973476
v 0.0571842343 0.0868009105 0.539150298
v 0.0573125035 0.0584786274 0.537417829
v 0.0748241097 0.0582983829 0.54069078
v 0.0750722438 0.0307409503 0.538377464
v 0.057157591 0.115650512 0.54022032
v 0.075351432 0.00411627162 0.535592914
v 0.0932510644 0.0306340791 0.542142332
v 0.0577121526 0.0041736709 0.532594442
v 0.0579656512 -0.0218143128 0.529691577
v 0.0414507538 -0.021832969 0.527829885
v 0.0416936427 -0.0474239849 0.524834931
v 0.0259980112 -0.0474765562 0.523809373
v 0.0262212306 -0.0728911385 0.52062571
v 0.0110134631 -0.0729263052 0.520154655
v 0.0111686736 -0.0983559117 0.516639113
v -0.00390069187 -0.0983474478 0.516515255
v -0.00390069187 -0.122128509 0.512030125
v -0.0193771571 -0.142637044 0.506144345
v -0.0351099819 -0.14247027 0.506639481
v -0.0355744213 -0.15802291 0.498513788
v -0.0520221442 -0.157380491 0.499432385
v -0.05274795 -0.166337043 0.488603592
v -0.0701340288 -0.164892584 0.489973634
v -0.0196153969 -0.158225447 0.497992903
v -0.0884662122 -0.16246143 0.491804004
v -0.0710803717 -0.16895631 0.477945358
v -0.0873607546 -0.153862149 0.502613902
v -0.105762556 -0.150408417 0.504815817
v -0.104729727 -0.136102468 0.512915969
v -0.122583613 -0.131848246 0.515306294
v -0.121805474 -0.113859676 0.521408439
v -0.138570979 -0.109246753 0.523752391
v -0.138233885 -0.0893863663 0.52862972
v -0.153477028 -0.0849513039 0.530646443
v -0.153703228 -0.0645460114 0.535080552
v -0.167856649 -0.0612305067 0.536100566
v -0.181720421 -0.0383647345 0.540170729
v -0.182570919 -0.0167327784 0.544882894
v -0.194807932 -0.0152815832 0.541780591
v -0.195506081 0.00776032079 0.546062171
v -0.20651783 0.00874922145 0.539740622
v -0.206613287 0.0331291892 0.543212116
v -0.193576381 -0.03624871 0.537192822
v -0.205680147 0.0588077642 0.54574275
v -0.216120854 0.0336962081 0.534969747
v -0.194564506 0.0587185957 0.552253485
v -0.19311668 0.0852139965 0.55376631
v -0.18075414 0.0855123177 0.557068586
v -0.179417208 0.111937083 0.557446539
v -0.166044548 0.112717606 0.558179379
v -0.165226802 0.138634235 0.557396591
v -0.150861844 0.140241712 0.55624795
v -0.15067248 0.165784448 0.554315567
v -0.1351486 0.168554455 0.552000761
v -0.135526285 0.193043202 0.548619211
v -0.118676409 0.196399599 0.545830905
v -0.119548365 0.218042105 0.540542901
v -0.103139713 0.237900704 0.52992624
v -0.0851420015 0.24072513 0.527423561
v -0.0866049677 0.249802619 0.516339242
v -0.068707332 0.251951665 0.514309108
v -0.0699936002 0.255484134 0.501564324
v -0.0526714176 0.256955892 0.500077665
v -0.104895547 0.246516317 0.518816292
v -0.0360340327 0.257703632 0.499079168
v -0.0535834879 0.256943017 0.4873721
v -0.035399422 0.253914922 0.511842966
v -0.0195369571 0.254145533 0.511295855
v -0.0192333311 0.244410247 0.522289515
v -0.00390057266 0.24441722 0.522134185
v -0.00390057266 0.22658363 0.529535532
v 0.0111725479 0.226576954 0.529679716
v 0.0109604746 0.202734381 0.534120977
v 0.0260739475 0.202611536 0.534648895
v 0.0257665664 0.174880952 0.536803961
v 0.0412680656 0.174638122 0.537909448
v 0.0409996659 0.145144612 0.538501859
v 0.0572730452 0.144837826 0.540470541
v 0.0745811611 0.115323879 0.543350577
v 0.0746470839 0.0865666047 0.542394578
v 0.0926851779 0.086301364 0.546227813
v 0.0929342657 0.0581189133 0.544550359
v 0.111063853 0.0579901077 0.548521698
v 0.111463144 0.0306058861 0.546018422
v 0.0925464779 0.114906587 0.547055066
v 0.111845568 0.00425228942 0.542762935
v 0.129133359 0.0307098366 0.54954952
v 0.0935927778 0.00412175525 0.539123356
v 0.0939706117 -0.0215565823 0.535634756
v 0.0756785423 -0.0217482708 0.532419741
v 0.0760702044 -0.047025349 0.528940439
v 0.0582848936 -0.0472855233 0.526502371
v 0.0586925298 -0.0724348649 0.52305758
v 0.0420164019 -0.0727483854 0.521556795
v 0.0424412042 -0.0980133042 0.517986417
v 0.0265215188 -0.0982786641 0.517099798
v 0.0268876702 -0.122013591 0.512636244
v 0.0113583952 -0.122136734 0.512164414
v 0.0115757734 -0.142637044 0.506144345
v -0.00390069187 -0.1426287 0.505996466
v -0.00390069187 -0.158216745 0.497831851
v -0.0198677629 -0.167270333 0.487123907
v -0.0360713452 -0.167045981 0.487663716
v -0.0365625471 -0.171214491 0.475598961
v -0.0534734577 -0.170470864 0.47655651
v -0.054139182 -0.17144683 0.464800894
v -0.0719582289 -0.169905096 0.466208667
v -0.020115599 -0.171450287 0.47504586
v -0.0906968564 -0.167310864 0.468078822
v -0.0726842135 -0.169383079 0.456270546
v -0.0896153003 -0.166407734 0.479792327
v -0.108426705 -0.162429839 0.48213464
v -0.107045546 -0.158664972 0.494061857
v -0.125173196 -0.153124601 0.496714443
v -0.123674825 -0.145359665 0.507293403
v -0.140364096 -0.138366848 0.509947896
v -0.139226034 -0.125934392 0.517740428
v -0.153911337 -0.118057869 0.520065844
v -0.153458878 -0.103068255 0.525847971
v -0.16660662 -0.0961867794 0.527086139
v -0.16712679 -0.0799491629 0.531705558
v -0.179334268 -0.0749712214 0.531207442
v -0.180593058 -0.0578595065 0.535490394
v -0.191995755 -0.0548035167 0.532662392
v -0.204076454 -0.0344485305 0.531314135
v -0.205602631 -0.0139155639 0.535663068
v -0.21483548 -0.0126808537 0.527861834
v -0.215920255 0.00969800819 0.5316782
v -0.22359927 0.0105478512 0.523256421
v -0.223890021 0.0342093445 0.526363075
v -0.213088855 -0.0329576991 0.523811221
v -0.223030671 0.0588257052 0.528786421
v -0.22980161 0.0346373059 0.518807948
v -0.215214953 0.0588308908 0.537445903
v -0.21361728 0.0840480104 0.539046228
v -0.2041253 0.0846866146 0.547289252
v -0.202355608 0.109667398 0.54780829
v -0.191519037 0.110942043 0.55417937
v -0.190147862 0.134819239 0.553459167
v -0.178309813 0.136820048 0.556653082
v -0.177746162 0.159180731 0.554652691
v -0.16485776 0.162590712 0.555383325
v -0.165050879 0.183503717 0.551934838
v -0.151009873 0.188601106 0.55083245
v -0.152056649 0.20731613 0.545480669
v -0.136461779 0.213441223 0.543213308
v -0.138105854 0.228100747 0.535375834
v -0.120974109 0.233787745 0.532640398
v -0.123067483 0.241803318 0.521637321
v -0.106890485 0.249395519 0.506134033
v -0.0882288069 0.253052324 0.503588438
v -0.08981435 0.252670377 0.490942001
v -0.0712325424 0.25533244 0.488885373
v -0.0722775906 0.253685147 0.478069305
v -0.054347679 0.255398422 0.476524353
v -0.108862713 0.248730093 0.493604541
v -0.0371340364 0.256268173 0.475485563
v -0.0548614115 0.254505962 0.469346702
v -0.0366338938 0.257760853 0.486353666
v -0.0201506466 0.258044571 0.485781431
v -0.0198531598 0.257963449 0.49851951
v -0.00390057266 0.257971317 0.498349398
v -0.00390057266 0.254152983 0.511132002
v 0.0117358118 0.254145473 0.511295855
v 0.0114321858 0.244410247 0.522289515
v 0.026993826 0.244213313 0.522825837
v 0.0264843851 0.226417273 0.530208707
v 0.0422734171 0.225964934 0.531219125
v 0.0416921526 0.202269465 0.535699844
v 0.0580675751 0.201605111 0.537402034
v 0.0575710684 0.174173504 0.539743721
v 0.0749427825 0.173417836 0.542465866
v 0.0746663958 0.144348234 0.543420434
v 0.092560783 0.143659741 0.546912372
v 0.110443547 0.114422418 0.55086714
v 0.110704854 0.0860479251 0.550171673
v 0.12811251 0.0858492628 0.553747535
v 0.128633574 0.0579619147 0.552129865
v 0.14506425 0.0580841042 0.55490005
v 0.145686403 0.0309994556 0.552279353
v 0.127662733 0.113895096 0.554320157
v 0.146023646 0.005137478 0.54867816
v 0.161026552 0.0314303376 0.553609192
v 0.129519358 0.00457016099 0.546088815
v 0.129816964 -0.0204833411 0.542007148
v 0.112223044 -0.0211610459 0.538957059
v 0.112607434 -0.0457245372 0.534802556
v 0.094395712 -0.0465395711 0.531817615
v 0.0948792845 -0.0709656104 0.527813256
v 0.076543346 -0.0718875155 0.52523756
v 0.0771147162 -0.0965074524 0.521393657
v 0.0592110902 -0.0974570736 0.51938802
v 0.059837535 -0.120782994 0.514869273
v 0.0429573208 -0.121611618 0.513514876
v 0.0435540825 -0.141936332 0.507533193
v 0.0273085386 -0.14247027 0.506639481
v 0.0277730376 -0.15802291 0.498513788
v 0.0118140131 -0.158225447 0.497992903
v 0.0120663792 -0.167270333 0.487123907
v -0.00390069187 -0.167261392 0.486954004
v -0.00390069187 -0.171441227 0.474870443
v -0.0203403682 -0.172444016 0.463267177
v -0.0370098799 -0.172203928 0.46382916
v -0.0373752564 -0.171689302 0.453864098
v -0.0546857566 -0.170929819 0.454846442
v -0.055053696 -0.170584828 0.448202908
v -0.0731748194 -0.169034749 0.449638009
v -0.0205233544 -0.171930104 0.453296363
v -0.0922131687 -0.16642645 0.451546341
v -0.0734795183 -0.167264968 0.445671827
v -0.0915998369 -0.166780502 0.4581635
v -0.110876039 -0.162714988 0.460682154
v -0.10975419 -0.163260609 0.470514596
v -0.128529325 -0.157350808 0.473619163
v -0.126863196 -0.15662697 0.485009611
v -0.144273266 -0.148603827 0.488454461
v -0.142150328 -0.145461708 0.499728858
v -0.157278076 -0.135297805 0.503072381
v -0.155096903 -0.129080802 0.512680411
v -0.167648718 -0.118853591 0.514937818
v -0.166600123 -0.109390758 0.521679163
v -0.177252844 -0.101105355 0.521977246
v -0.178151652 -0.089464806 0.526857734
v -0.188344434 -0.0838018879 0.524506927
v -0.190250441 -0.0706085786 0.528552532
v -0.200026467 -0.0674525127 0.523141146
v -0.202148125 -0.05243304 0.527028561
v -0.210902587 -0.0506498478 0.519816995
v -0.22048156 -0.0317698382 0.515960753
v -0.222386971 -0.0116235865 0.519708335
v -0.228137538 -0.010789956 0.512534082
v -0.229440734 0.0112397419 0.515856862
v -0.233330682 0.0117146121 0.51086098
v -0.23373647 0.0349487998 0.513720095
v -0.226122811 -0.0308785103 0.509039342
v -0.232952163 0.0588803627 0.516073227
v -0.234803125 0.035134051 0.509877622
v -0.228989169 0.0588296391 0.521187723
v -0.227400288 0.0829087868 0.522898376
v -0.221429899 0.083416082 0.530446291
v -0.219496176 0.106999613 0.531262517
v -0.211742744 0.108293213 0.539710343
v -0.210005984 0.130512387 0.539377749
v -0.200777933 0.132651836 0.547256649
v -0.199799076 0.152541608 0.545590937
v -0.189379349 0.155761868 0.551572382
v -0.188715324 0.173257083 0.548595488
v -0.17757307 0.178181678 0.551390588
v -0.177637383 0.192985266 0.546812057
v -0.165919617 0.200289816 0.546846449
v -0.167916253 0.211850494 0.53990519
v -0.153995469 0.220553964 0.53794241
v -0.157008991 0.226939052 0.527899742
v -0.14060916 0.235374063 0.52469945
v -0.143546954 0.237347692 0.512725949
v -0.125492051 0.244249016 0.509185195
v -0.127911434 0.243284971 0.496935397
v -0.110550418 0.246711701 0.482952714
v -0.0911625177 0.250852913 0.480170727
v -0.0920741707 0.249796242 0.473045409
v -0.0729819387 0.252730876 0.470913291
v -0.0734184831 0.25046882 0.466532618
v -0.0551785678 0.252244085 0.464950591
v -0.111691877 0.245532125 0.475903571
v -0.0376761407 0.253145427 0.463888347
v -0.0553529114 0.24659124 0.462447464
v -0.0374696106 0.255407006 0.468294054
v -0.0205636472 0.255719215 0.46770373
v -0.0203979462 0.256569654 0.47490254
v -0.00390057266 0.256578356 0.474724978
v -0.00390057266 0.258052975 0.485606909
v 0.0123495013 0.258044571 0.485781431
v 0.0120520145 0.257963449 0.49851951
v 0.0282328874 0.257703573 0.499079168
v 0.0275982767 0.253914922 0.511842966
v 0.0439130217 0.253253013 0.512828887
v 0.04301323 0.243650705 0.523813426
v 0.0597192794 0.242546529 0.525322556
v 0.0587783605 0.225080222 0.532807589
v 0.0762378126 0.223623544 0.535070658
v 0.0754525214 0.20051536 0.539883673
v 0.0932530314 0.198835224 0.542806208
v 0.0927708894 0.172286063 0.545680046
v 0.11044319 0.170693249 0.548990309
v 0.110337272 0.142756492 0.550507069
v 0.127376869 0.141622454 0.553765357
v 0.143594101 0.113348521 0.55694741
v 0.144314364 0.0857482329 0.55647707
v 0.15927352 0.0856631175 0.55777812
v 0.160280004 0.0582932569 0.556239247
v 0.17420502 0.0585258938 0.555554688
v 0.175058022 0.0319584347 0.552940428
v 0.158243313 0.112717487 0.558179379
v 0.175197735 0.00679019559 0.549261332
v 0.187685087 0.0325394012 0.549674273
v 0.161276892 0.00589672197 0.549934447
v 0.161131516 -0.0181578062 0.545560896
v 0.146133497 -0.0194450878 0.544405341
v 0.146073714 -0.0426918529 0.539769828
v 0.130051389 -0.0444765352 0.537563801
v 0.130248144 -0.067435585 0.533018172
v 0.113010779 -0.0695285425 0.530501306
v 0.113444939 -0.0926634297 0.526255012
v 0.0954325348 -0.0949732289 0.523762822
v 0.0961004645 -0.117154859 0.519014359
v 0.0777984411 -0.1193799 0.516768515
v 0.0786085874 -0.138999969 0.510721982
v 0.0605686456 -0.14084354 0.50887686
v 0.0614013821 -0.156069785 0.500786483
v 0.0442207009 -0.157380611 0.499432385
v 0.0449465066 -0.166337162 0.488603592
v 0.0282699615 -0.167045981 0.487663716
v 0.0287611037 -0.17121461 0.475598961
v 0.0123142153 -0.171450287 0.47504586
v 0.0125389248 -0.172444016 0.463267177
v -0.00390069187 -0.172434837 0.463088632
v -0.00390069187 -0.171920806 0.453116149
v -0.0206459612 -0.17158702 0.446641803
v -0.0376205295 -0.17134586 0.447213382
v -0.0377713293 -0.169543296 0.443235725
v -0.0552809089 -0.168793231 0.444229752
v -0.0554052442 -0.163936764 0.442286432
v -0.073647663 -0.162478715 0.443732798
v -0.0207211822 -0.16978088 0.442661732
v -0.0928110033 -0.1600236 0.445657134
v -0.0737288445 -0.153081089 0.443181694
v -0.0925968736 -0.164692789 0.447589964
v -0.112123951 -0.160669357 0.450193048
v -0.111640349 -0.162350565 0.454117805
v -0.130927965 -0.156397969 0.45754233
v -0.129956082 -0.156779796 0.463983327
v -0.148283377 -0.148568064 0.4682239
v -0.146421418 -0.1491777 0.47749579
v -0.162829593 -0.13833788 0.482247651
v -0.160005435 -0.137964755 0.492506504
v -0.17379792 -0.12574771 0.496820867
v -0.170293823 -0.123867415 0.506315291
v -0.180934981 -0.112405561 0.509027839
v -0.177794918 -0.109037302 0.516166925
v -0.184425667 -0.101664923 0.516257465
v -0.186281607 -0.0945213065 0.520169139
v -0.194098487 -0.0909586176 0.515464008
v -0.188952789 -0.101304911 0.511860549
v -0.194520101 -0.100520156 0.505127192
v -0.185388908 -0.112990402 0.501052737
v -0.189872608 -0.112572692 0.492734402
v -0.197435275 -0.0800974593 0.519377649
v -0.205351606 -0.0777925476 0.512632787
v -0.200933114 -0.0891642794 0.508969605
v -0.207015321 -0.0878851637 0.501793683
v -0.1998467 -0.0996048674 0.497647822
v -0.204313144 -0.0987603888 0.490856498
v -0.208499119 -0.0652746186 0.516169727
v -0.215505347 -0.0638464913 0.50883466
v -0.21202071 -0.0763275847 0.50543499
v -0.217203483 -0.0754279122 0.499007642
v -0.211908326 -0.08700528 0.495286345
v -0.215175495 -0.0864091143 0.49079749
v -0.21811153 -0.0493558906 0.512255549
v -0.223627344 -0.0484528802 0.5055722
v -0.220882043 -0.062939845 0.50233227
v -0.224466041 -0.0623263381 0.497859031
v -0.220660642 -0.0748183951 0.494573981
v -0.221682802 -0.0749184117 0.491214097
v -0.229880705 -0.0302771591 0.504323602
v -0.227302447 -0.0478425883 0.500994802
v -0.228319183 -0.047759261 0.49748674
v -0.225475386 -0.0623725913 0.49442336
v -0.223128334 -0.063445352 0.491033673
v -0.231967792 -0.0102260364 0.507670581
v -0.233000919 -0.00999804866 0.503976226
v -0.230904594 -0.0301006697 0.500724614
v -0.22834383 -0.0304838084 0.49715361
v -0.225859806 -0.0484370254 0.494011223
v -0.219106659 -0.0501098894 0.489531577
v -0.234377369 0.0119473087 0.507080793
v -0.23168911 0.0119124399 0.503328323
v -0.230360344 -0.010171975 0.500309706
v -0.223169252 -0.0108139766 0.495529473
v -0.221347764 -0.0315614603 0.492521733
v -0.209065691 -0.0334683321 0.485740125
v -0.22437425 0.0115846144 0.498415381
v -0.211540982 0.0109386193 0.491154015
v -0.224765703 0.0350863673 0.501040041
v -0.232110068 0.0351831652 0.506058276
v -0.231403068 0.0590541698 0.508348465
v -0.210551038 -0.0119900955 0.488494098
v -0.193874761 -0.013452257 0.480238974
v -0.234047517 0.0589608289 0.512205839
v -0.232485756 0.0825939551 0.513951778
v -0.231365725 0.082644023 0.517811298
v -0.229365155 0.105374672 0.518825352
v -0.225431725 0.105966724 0.523841858
v -0.22348021 0.127095431 0.523920298
v -0.21763806 0.128595442 0.531154871
v -0.216264173 0.147222608 0.530043125
v -0.208821818 0.149651378 0.537988067
v -0.207172439 0.166189462 0.535661161
v -0.198616639 0.169352084 0.542945325
v -0.196428195 0.183098704 0.539453685
v -0.187657639 0.186791807 0.544605255
v -0.18633692 0.195064634 0.540667117
v -0.179141358 0.202693254 0.540829182
v -0.183287308 0.206407219 0.533354044
v -0.191797271 0.195033163 0.535971463
v -0.198247686 0.193689913 0.52885586
v -0.204039827 0.180606157 0.532517016
v -0.210583374 0.178014308 0.524954796
v -0.171493039 0.21708712 0.530897975
v -0.175833806 0.217912167 0.520925403
v -0.188619599 0.20622918 0.524977922
v -0.193682507 0.204261035 0.516291976
v -0.204083636 0.191400379 0.521051824
v -0.208785966 0.189075619 0.514000297
v -0.16056855 0.228426903 0.516740382
v -0.164145544 0.226973206 0.505852103
v -0.180122331 0.216238052 0.511087954
v -0.183756605 0.213790089 0.502679229
v -0.197876796 0.201856047 0.508659899
v -0.200603142 0.200367302 0.503445208
v -0.146494433 0.236108214 0.500997126
v -0.149026915 0.233742028 0.491054624
v -0.167211339 0.224533528 0.496622711
v -0.169237301 0.223063439 0.490439892
v -0.186134443 0.212293476 0.496992946
v -0.187471583 0.210401088 0.493440539
v -0.129989251 0.241071433 0.486539304
v -0.131389037 0.239768595 0.479648352
v -0.150719538 0.232335716 0.484440267
v -0.151768848 0.230159849 0.480392873
v -0.17048271 0.220972866 0.486644328
v -0.171206817 0.216671616 0.484576702
v -0.112404063 0.24327901 0.471594959
v -0.132261232 0.237541348 0.475436628
v -0.13275604 0.232554644 0.473078251
v -0.152371183 0.225485176 0.478151143
v -0.15272297 0.216582388 0.476953894
v -0.0926417261 0.247534305 0.468687207
v -0.09295775 0.242101163 0.466217309
v -0.11280404 0.238039941 0.469164729
v -0.113008693 0.227902621 0.467750728
v -0.133023903 0.222973317 0.471747339
v -0.133215114 0.206962258 0.47061795
v -0.0736598223 0.24489823 0.464042634
v -0.0737787932 0.234018415 0.462558657
v -0.0931146294 0.231530875 0.464756906
v -0.0932048708 0.213857442 0.463427156
v -0.113135234 0.210954696 0.466490746
v -0.113196239 0.18898502 0.465319455
v -0.0738479942 0.215828687 0.461195976
v -0.0738777369 0.192376763 0.459913075
v -0.0554884523 0.217026502 0.459566087
v -0.0554382652 0.235525876 0.460948795
v -0.0378442854 0.236293584 0.459871173
v -0.0932402462 0.191020399 0.462178469
v -0.0932324678 0.164959043 0.460961252
v -0.0377892107 0.247451574 0.46137765
v -0.0207210034 0.24775067 0.460779041
v -0.0206654519 0.253457993 0.463293165
v -0.00390057266 0.253467113 0.463112354
v -0.00390057266 0.255728155 0.467524171
v 0.0127625018 0.255719215 0.46770373
v 0.0125967413 0.256569654 0.47490254
v 0.0293328911 0.256268114 0.475485563
v 0.0288326889 0.257760853 0.486353666
v 0.0457822829 0.256943017 0.4873721
v 0.0448702723 0.256955832 0.500077665
v 0.0621924549 0.255484074 0.501564324
v 0.0609061867 0.251951665 0.514309108
v 0.0788038522 0.24980256 0.516339242
v 0.0773408562 0.24072507 0.527423561
v 0.0953385383 0.237900645 0.52992624
v 0.0940835029 0.221356839 0.537738919
v 0.11174722 0.218042046 0.540542901
v 0.110875204 0.19639954 0.545830905
v 0.12772508 0.193043143 0.548619211
v 0.127347425 0.168554336 0.552000761
v 0.142871276 0.165784329 0.554315567
v 0.14306064 0.140241653 0.55624789
v 0.157425538 0.138634115 0.557396591
v 0.171615973 0.111937024 0.557446539
v 0.172952905 0.0855121985 0.557068586
v 0.185315385 0.0852138773 0.55376631
v 0.186763242 0.058718536 0.552253485
v 0.197878852 0.0588075854 0.54574275
v 0.198811963 0.03312907 0.543212116
v 0.183717802 0.110941924 0.55417937
v 0.198716536 0.00874910224 0.539740622
v 0.20831956 0.0336960293 0.534969747
v 0.187704757 0.00776020158 0.546062171
v 0.187006667 -0.0152817024 0.541780591
v 0.174769595 -0.0167328976 0.544882894
v 0.173919097 -0.0383647941 0.540170729
v 0.160690799 -0.0405835174 0.540834308
v 0.160055295 -0.061230626 0.536100566
v 0.145901874 -0.0645461306 0.535080552
v 0.145675614 -0.0849514231 0.530646443
v 0.130432501 -0.0893864855 0.52862972
v 0.130769625 -0.109246872 0.523752391
v 0.11400409 -0.113859676 0.521408439
v 0.114782229 -0.131848365 0.515306294
v 0.0969283134 -0.136102468 0.512915969
v 0.0979611427 -0.150408417 0.504815817
v 0.0795593411 -0.153862149 0.502613902
v 0.0806647688 -0.162461549 0.491804004
v 0.0623326451 -0.164892703 0.489973634
v 0.0632789284 -0.16895631 0.477945358
v 0.0456720144 -0.170470864 0.47655651
v 0.0463377982 -0.171446949 0.464800894
v 0.0292084962 -0.172203928 0.46382916
v 0.0295738727 -0.171689302 0.453864098
v 0.0127219111 -0.171930104 0.453296363
v 0.0128445178 -0.17158702 0.446641803
v -0.00390069187 -0.171577722 0.446460485
v -0.00390069187 -0.169771463 0.44247973
v -0.0207619518 -0.164877325 0.4407143
v -0.0378533453 -0.164651662 0.441289693
v -0.0378922671 -0.155040652 0.440733939
v -0.0554646105 -0.154396921 0.441732377
v -0.0554970354 -0.138555199 0.441927075
v -0.0737724155 -0.137476951 0.443379313
v -0.0207812041 -0.155242592 0.440157741
v -0.0929706842 -0.135654479 0.445312768
v -0.0737877935 -0.117179774 0.444141835
v -0.0929155499 -0.150862843 0.4451105
v -0.112556174 -0.147363931 0.447748631
v -0.112403646 -0.156173259 0.44827947
v -0.131934211 -0.150529534 0.451819837
v -0.131551728 -0.154787332 0.453689903
v -0.150371149 -0.146639138 0.458289444
v -0.149547562 -0.148159415 0.462009877
v -0.166970745 -0.137225777 0.467710346
v -0.165301189 -0.137672812 0.473560661
v -0.180591092 -0.125081569 0.479464471
v -0.177423462 -0.125809938 0.4874641
v -0.193734542 -0.111781619 0.485406131
v -0.196323141 -0.111246727 0.480401278
v -0.182721362 -0.1245903 0.474041551
v -0.184028462 -0.12340226 0.470733374
v -0.168073133 -0.135817558 0.464200467
v -0.168843135 -0.132269651 0.462534696
v -0.207299903 -0.0981884226 0.486187339
v -0.208464369 -0.0978552327 0.482999206
v -0.19760789 -0.11047294 0.477198541
v -0.197558329 -0.108965419 0.475276679
v -0.184726641 -0.120583795 0.469077945
v -0.185446098 -0.114876293 0.468786061
v -0.216250941 -0.086374782 0.487538546
v -0.21456866 -0.0871808752 0.484720856
v -0.207463816 -0.0977268443 0.480650961
v -0.205171719 -0.0976084694 0.478977352
v -0.19780831 -0.104929827 0.474805325
v -0.199991688 -0.0965720639 0.475954145
v -0.209393844 -0.0901417956 0.481230676
v -0.213543043 -0.0791830048 0.483954191
v -0.219560847 -0.076147221 0.488007903
v -0.216642901 -0.065911375 0.486698449
v -0.205237165 -0.0701372847 0.480426073
v -0.202878073 -0.0847039446 0.478051573
v -0.188468501 -0.0916370377 0.471112639
v -0.186817095 -0.105021261 0.469568431
v -0.170325026 -0.114038728 0.462750524
v -0.207242027 -0.0530120991 0.483011097
v -0.191478804 -0.0565870665 0.47538805
v -0.190029189 -0.0753420815 0.473106235
v -0.172136918 -0.0807446465 0.465628505
v -0.171217069 -0.0989086851 0.4639498
v -0.152226016 -0.105472229 0.457442731
v -0.19279702 -0.0358224176 0.477796882
v -0.173841283 -0.0382417105 0.46968019
v -0.173029885 -0.0602783822 0.467600673
v -0.153108224 -0.0635295734 0.460587204
v -0.152678356 -0.0855638012 0.45888257
v -0.132771507 -0.0890186056 0.453758001
v -0.15349783 -0.0403440855 0.462378085
v -0.133066192 -0.0417474769 0.456878692
v -0.153824225 -0.0162420534 0.464211047
v -0.174509451 -0.0149523271 0.471799493
v -0.174972728 0.009272133 0.47389105
v -0.132926658 -0.0657841191 0.455285907
v -0.112780079 -0.0672412142 0.451393932
v -0.194602743 0.010119413 0.482620478
v -0.194871858 0.0344885327 0.484847605
v -0.211878374 0.0348337628 0.493600845
v -0.211406186 0.0592114069 0.495715588
v -0.224146679 0.0591433384 0.50326407
v -0.222828016 0.0830263868 0.504982233
v -0.229920015 0.0827306882 0.510086536
v -0.228012785 0.105418183 0.511160195
v -0.230493262 0.105199672 0.515001833
v -0.228445306 0.125944287 0.515242219
v -0.227338478 0.126206905 0.519006371
v -0.22567372 0.144275576 0.518245459
v -0.221942618 0.145386845 0.523035765
v -0.219716176 0.161424845 0.52112788
v -0.214278087 0.163491994 0.527964175
v -0.215698197 0.175793201 0.518136144
v -0.219023749 0.174412757 0.513430297
v -0.223269299 0.160153359 0.516425669
v -0.224248692 0.159789652 0.51283896
v -0.226717278 0.143994004 0.514559388
v -0.224333331 0.144647449 0.510864854
v -0.211835489 0.18762657 0.509142399
v -0.212850079 0.186582834 0.505758643
v -0.219978973 0.173771769 0.509966671
v -0.217982814 0.173768789 0.506875038
v -0.221965685 0.160445958 0.509348989
v -0.215724364 0.162586659 0.504875064
v -0.201804176 0.198865145 0.500030994
v -0.201422527 0.196419865 0.497800261
v -0.211447522 0.185474008 0.50312978
v -0.2086678 0.184219748 0.501123846
v -0.212425843 0.175711125 0.503036916
v -0.202698573 0.180906028 0.497333974
v -0.201155052 0.191082925 0.496864229
v -0.188324973 0.199785739 0.490565419
v -0.187983677 0.206765801 0.491433531
v -0.171668813 0.208569378 0.483577639
v -0.172127947 0.195076138 0.482987791
v -0.189149693 0.187859148 0.490429789
v -0.190159425 0.171861202 0.49061802
v -0.204829022 0.166676134 0.498336554
v -0.206322327 0.149180204 0.498999029
v -0.153020665 0.201722115 0.476039916
v -0.153276786 0.182270914 0.475271463
v -0.172595516 0.17728892 0.482604086
v -0.173082754 0.156304806 0.482223362
v -0.191055819 0.152667254 0.490721613
v -0.191947386 0.131115109 0.490504891
v -0.133342668 0.186119109 0.469596863
v -0.133419588 0.162041277 0.468590856
v -0.15350382 0.159595281 0.474510908
v -0.153714314 0.135061711 0.473620504
v -0.173600927 0.133220881 0.481642514
v -0.17416127 0.109134234 0.480658352
v -0.113204345 0.163782567 0.464171499
v -0.113172427 0.137136251 0.462981552
v -0.133458778 0.136326343 0.467506647
v -0.133473262 0.110571899 0.466250986
v -0.153920785 0.110036708 0.472462595
v -0.154091135 0.0846962705 0.471081465
v -0.11311309 0.110834993 0.461684197
v -0.0931933373 0.137612849 0.459725916
v -0.133463368 0.084823586 0.464855701
v -0.133429423 0.0591272451 0.463352531
v -0.0738782138 0.165710539 0.458668411
v -0.0555116385 0.193205863 0.458262503
v -0.0378769487 0.217639536 0.458478123
v -0.0207480043 0.236561924 0.459269524
v -0.00390057266 0.247759849 0.460597575
v 0.0128643066 0.253457993 0.463293165
v 0.0296684653 0.255406946 0.468294054
v 0.0465465337 0.255398422 0.476524353
v 0.0634313971 0.255332381 0.488885373
v 0.0804276615 0.253052264 0.503588438
v 0.0970943719 0.246516258 0.518816292
v 0.113172963 0.233787686 0.532640398
v 0.128660634 0.213441104 0.543213308
v 0.143208697 0.188600987 0.55083245
v 0.157056585 0.162590593 0.555383325
v 0.170508578 0.136819929 0.556653082
v 0.196324065 0.0846864954 0.547289252
v 0.207413688 0.0588307716 0.537445903
v 0.216088727 0.0342091657 0.526363075
v 0.20811899 0.00969788898 0.5316782
v 0.197801307 -0.0139156831 0.535663068
v 0.185775056 -0.0362488292 0.537192822
v 0.172791734 -0.0578596257 0.535490394
v 0.159325436 -0.0799492821 0.531705558
v 0.145657495 -0.103068374 0.525847971
v 0.131424621 -0.125934392 0.517740428
v 0.115873411 -0.145359784 0.507293403
v 0.117371753 -0.15312472 0.496714413
v 0.0992441326 -0.158665091 0.494061857
v 0.100625291 -0.162429959 0.48213464
v 0.0818138868 -0.166407853 0.479792327
v 0.0828954726 -0.167310864 0.468078822
v 0.0641568452 -0.169905096 0.466208667
v 0.0648828298 -0.169383198 0.456270546
v 0.0468843728 -0.170929939 0.454846442
v 0.0472523123 -0.170584828 0.448202908
v 0.0298190862 -0.17134586 0.447213382
v 0.0299699455 -0.169543415 0.443235725
v 0.0129197985 -0.16978088 0.442661732
v 0.0129605085 -0.164877445 0.4407143
v -0.00390069187 -0.164868027 0.440531969
v -0.00390069187 -0.155233055 0.439975232
v -0.0207918733 -0.139242202 0.440350235
v -0.0379137248 -0.139079958 0.440927058
v -0.0379220098 -0.118353389 0.44168216
v -0.0555091351 -0.1179718 0.44268468
v -0.0555075854 -0.0942069516 0.443819344
v -0.0737843364 -0.0937030539 0.445285499
v -0.0207961053 -0.118467711 0.441104501
v -0.0929821879 -0.0928375944 0.447242171
v -0.0737714022 -0.068560265 0.446626455
v -0.0929887444 -0.115834139 0.446083486
v -0.112721965 -0.113634609 0.448772341
v -0.112658396 -0.132743508 0.447972059
v -0.132402256 -0.128400117 0.451601714
v -0.132182106 -0.14220646 0.451325864
v -0.151324734 -0.13501218 0.456071973
v -0.150911167 -0.142694265 0.456498235
v -0.169515505 -0.125402957 0.462216824
v -0.151768908 -0.122279905 0.45644635
v -0.13259773 -0.110280655 0.452471167
v -0.112758681 -0.0913596377 0.449972093
v -0.0929633826 -0.0681002364 0.448608398
v -0.0929448158 -0.0430577658 0.450001746
v -0.112797931 -0.0426019691 0.452860445
v -0.112818673 -0.0175494216 0.454355776
v -0.133188203 -0.0170733593 0.458509028
v -0.133290693 0.0080735432 0.460149646
v -0.154064283 0.00854179729 0.466042012
v -0.154194966 0.0337728001 0.467826843
v -0.175169513 0.0341138579 0.475887299
v -0.175038144 0.0592551567 0.477720648
v -0.194572911 0.0592511036 0.486826569
v -0.193873867 0.0839286819 0.488480419
v -0.210369363 0.0834531561 0.497405469
v -0.209013119 0.106940724 0.498577833
v -0.221120492 0.106006421 0.506089211
v -0.219334766 0.127354354 0.506479859
v -0.226033255 0.126321942 0.511457026
v -0.217781708 0.146341056 0.506048977
v -0.207582399 0.129055828 0.499139935
v -0.192942694 0.108042814 0.489732176
v -0.174671188 0.0843704715 0.479331046
v -0.154193208 0.0592162944 0.469521433
v -0.133371755 0.0335286595 0.461773247
v -0.112894103 0.0333657004 0.457369387
v -0.112961575 0.059013281 0.458855987
v -0.112848595 0.00780901778 0.455864042
v -0.092934683 0.0076898085 0.452835262
v -0.0929562896 0.0332685448 0.454258233
v -0.0929330438 -0.0177733563 0.451413572
v -0.0737486333 -0.0178483389 0.449344695
v -0.0737455934 0.00765768159 0.450713366
v -0.0737584084 -0.0432648323 0.44798097
v -0.0554903597 -0.0433733724 0.446476549
v -0.0554828495 -0.0178774856 0.447811514
v -0.0554990619 -0.0688206777 0.445145249
v -0.037916407 -0.0689362511 0.444130838
v -0.0379111618 -0.0434128903 0.445450604
v -0.037921533 -0.0944442973 0.442812383
v -0.0207959861 -0.0945104584 0.442233294
v -0.0207936019 -0.0689617619 0.443549305
v -0.00390069187 -0.118458055 0.440921903
v -0.00390069187 -0.0945008025 0.442050695
v -0.00390069187 -0.139232665 0.440167636
v 0.0129904896 -0.139242202 0.440350235
v 0.0129947215 -0.118467711 0.441104501
v 0.0129797608 -0.155242592 0.440157741
v 0.0300908834 -0.155040652 0.440733939
v 0.030112341 -0.139079958 0.440927058
v 0.0300519615 -0.164651662 0.441289693
v 0.0476038009 -0.163936764 0.442286432
v 0.0476632267 -0.154396921 0.441732377
v 0.0474794656 -0.16879335 0.444229752
v 0.065678075 -0.167265087 0.445671827
v 0.0658462793 -0.162478834 0.443732798
v 0.0653734356 -0.169034868 0.449638009
v 0.0844117552 -0.16642645 0.451546311
v 0.0847954303 -0.164692909 0.447589964
v 0.0837984234 -0.166780502 0.4581635
v 0.103074625 -0.162715107 0.460682154
v 0.103838935 -0.162350684 0.454117775
v 0.101952747 -0.163260728 0.470514596
v 0.120727912 -0.157350808 0.473619163
v 0.122154668 -0.156779915 0.463983327
v 0.119061783 -0.156627089 0.485009611
v 0.138620034 -0.149177819 0.47749579
v 0.134348944 -0.145461828 0.499728858
f 1 2 3
f 4 2 1
f 1 2 3
f 4 2 1
f 3 5 6
f 3 5 6
f 6 5 7
f 6 5 7
f 8 5 3
f 8 5 3
f 7 5 8
f 7 5 8
f 3 2 9
f 9 2 4
f 3 2 9
f 9 2 4
f 3 10 8
f 9 10 3
f 3 10 8
f 9 10 3
f 8 11 7
f 8 11 7
f 7 11 12
f 7 11 12
f 13 11 8
f 13 11 8
f 12 11 13
f 12 11 13
f 8 10 14
f 14 10 9
f 8 10 14
f 14 10 9
f 8 15 13
f 14 15 8
f 8 15 13
f 14 15 8
f 13 16 12
f 13 16 12
f 12 16 17
f 12 16 17
f 17 16 18
f 17 16 18
f 18 16 13
f 18 16 13
f 13 19 18
f 13 19 18
f 13 15 20
f 13 15 20
f 20 19 13
f 20 19 13
f 20 15 14
f 20 15 14
f 18 19 21
f 18 19 21
f 21 19 20
f 21 19 20
f 20 22 21
f 20 22 21
f 21 22 23
f 21 22 23
f 24 22 20
f 24 22 20
f 23 22 24
f 23 22 24
f 14 25 20
f 14 25 20
f 20 25 24
f 20 25 24
f 26 25 14
f 26 25 14
f 24 25 26
f 24 25 26
f 27 28 29
f 27 28 29
f 30 28 27
f 30 28 27
f 31 32 33
f 31 32 33
f 34 32 31
f 34 32 31
f 33 32 35
f 35 32 34
f 33 32 35
f 35 32 34
f 33 36 29
f 35 36 33
f 33 36 29
f 35 36 33
f 29 36 37
f 37 36 35
f 29 36 37
f 37 36 35
f 37 38 29
f 37 38 29
f 29 38 27
f 29 38 27
f 39 38 37
f 39 38 37
f 27 38 39
f 27 38 39
f 34 40 35
f 34 40 35
f 41 40 34
f 41 40 34
f 35 40 42
f 42 40 41
f 35 40 42
f 42 40 41
f 35 43 37
f 42 43 35
f 35 43 37
f 42 43 35
f 37 43 44
f 44 43 42
f 37 43 44
f 44 43 42
f 44 45 37
f 44 45 37
f 37 45 39
f 37 45 39
f 46 45 44
f 46 45 44
f 39 45 46
f 39 45 46
f 41 47 42
f 41 47 42
f 48 47 41
f 48 47 41
f 42 47 49
f 49 47 48
f 42 47 49
f 49 47 48
f 42 50 44
f 49 50 42
f 42 50 44
f 49 50 42
f 44 50 51
f 51 50 49
f 44 50 51
f 51 50 49
f 51 52 44
f 51 52 44
f 44 52 46
f 44 52 46
f 53 54 55
f 17 54 53
f 53 54 55
f 17 54 53
f 55 56 57
f 55 56 57
f 57 56 58
f 57 56 58
f 59 56 55
f 59 56 55
f 58 56 59
f 58 56 59
f 55 54 18
f 18 54 17
f 55 54 18
f 18 54 17
f 55 60 59
f 18 60 55
f 55 60 59
f 18 60 55
f 59 61 58
f 59 61 58
f 58 61 62
f 58 61 62
f 63 61 59
f 63 61 59
f 62 61 63
f 62 61 63
f 59 60 21
f 21 60 18
f 59 60 21
f 21 60 18
f 59 64 63
f 21 64 59
f 59 64 63
f 21 64 59
f 63 65 62
f 63 65 62
f 62 65 66
f 62 65 66
f 67 65 63
f 67 65 63
f 66 65 67
f 66 65 67
f 63 64 23
f 23 64 21
f 63 64 23
f 23 64 21
f 63 68 67
f 23 68 63
f 63 68 67
f 23 68 63
f 67 69 66
f 67 69 66
f 66 69 70
f 66 69 70
f 71 69 67
f 71 69 67
f 70 69 71
f 70 69 71
f 67 68 72
f 72 68 23
f 67 68 72
f 72 68 23
f 67 73 71
f 72 73 67
f 67 73 71
f 72 73 67
f 71 74 70
f 71 74 70
f 70 74 75
f 70 74 75
f 76 74 71
f 76 74 71
f 75 74 76
f 75 74 76
f 71 73 77
f 77 73 72
f 71 73 77
f 77 73 72
f 71 78 76
f 77 78 71
f 71 78 76
f 14 79 26
f 14 79 26
f 9 79 14
f 9 79 14
f 26 79 80
f 80 79 9
f 26 79 80
f 80 79 9
f 24 81 23
f 24 81 23
f 23 81 72
f 23 81 72
f 82 81 24
f 82 81 24
f 72 81 82
f 72 81 82
f 26 83 24
f 26 83 24
f 24 83 82
f 24 83 82
f 84 83 26
f 84 83 26
f 82 83 84
f 82 83 84
f 80 85 26
f 26 85 84
f 80 85 26
f 26 85 84
f 84 85 86
f 86 85 80
f 84 85 86
f 86 85 80
f 82 87 72
f 82 87 72
f 72 87 77
f 72 87 77
f 88 87 82
f 88 87 82
f 77 87 88
f 77 87 88
f 84 89 82
f 84 89 82
f 82 89 88
f 82 89 88
f 90 89 84
f 90 89 84
f 88 89 90
f 88 89 90
f 86 91 84
f 84 91 90
f 86 91 84
f 84 91 90
f 90 91 92
f 92 91 86
f 90 91 92
f 92 91 86
f 88 93 77
f 88 93 77
f 77 93 94
f 77 93 94
f 95 93 88
f 95 93 88
f 94 93 95
f 94 93 95
f 90 96 88
f 90 96 88
f 88 96 95
f 88 96 95
f 97 96 90
f 97 96 90
f 95 96 97
f 95 96 97
f 98 99 100
f 101 102 103
f 101 102 103
f 103 102 104
f 103 102 104
f 105 102 101
f 105 102 101
f 104 102 105
f 104 102 105
f 101 99 106
f 106 99 98
f 101 99 106
f 106 99 98
f 101 107 105
f 106 107 101
f 101 107 105
f 106 107 101
f 105 108 104
f 105 108 104
f 104 108 109
f 104 108 109
f 110 108 105
f 110 108 105
f 109 108 110
f 109 108 110
f 105 107 111
f 111 107 106
f 105 107 111
f 111 107 106
f 105 112 110
f 111 112 105
f 105 112 110
f 111 112 105
f 110 113 109
f 110 113 109
f 109 113 114
f 109 113 114
f 115 113 110
f 115 113 110
f 114 113 115
f 114 113 115
f 110 112 116
f 116 112 111
f 110 112 116
f 116 112 111
f 110 117 115
f 116 117 110
f 110 117 115
f 116 117 110
f 115 117 118
f 118 117 116
f 118 117 116
f 115 117 118
f 111 119 116
f 111 119 116
f 115 120 114
f 115 120 114
f 121 119 111
f 121 119 111
f 116 119 122
f 122 119 121
f 116 119 122
f 122 119 121
f 116 123 118
f 122 123 116
f 116 123 118
f 122 123 116
f 118 123 124
f 124 123 122
f 124 123 122
f 118 123 124
f 111 125 121
f 111 125 121
f 106 125 111
f 106 125 111
f 121 125 126
f 126 125 106
f 121 125 126
f 126 125 106
f 106 127 126
f 106 127 126
f 98 127 106
f 98 127 106
f 126 127 128
f 128 127 98
f 126 127 128
f 128 127 98
f 98 129 128
f 98 129 128
f 130 129 98
f 130 129 98
f 128 129 131
f 131 129 130
f 128 129 131
f 131 129 130
f 130 132 131
f 130 132 131
f 133 132 130
f 133 132 130
f 134 132 133
f 134 132 133
f 131 132 134
f 131 132 134
f 134 135 131
f 134 135 131
f 136 135 134
f 136 135 134
f 131 135 137
f 137 135 136
f 131 135 137
f 137 135 136
f 131 138 128
f 137 138 131
f 131 138 128
f 137 138 131
f 128 138 139
f 139 138 137
f 128 138 139
f 139 138 137
f 139 140 128
f 139 140 128
f 128 140 126
f 128 140 126
f 30 140 139
f 30 140 139
f 126 140 30
f 126 140 30
f 136 141 137
f 136 141 137
f 31 141 136
f 31 141 136
f 137 141 33
f 33 141 31
f 137 141 33
f 33 141 31
f 137 142 139
f 33 142 137
f 137 142 139
f 33 142 137
f 139 142 29
f 29 142 33
f 139 142 29
f 29 142 33
f 29 28 139
f 29 28 139
f 139 28 30
f 139 28 30
f 143 144 145
f 31 144 143
f 143 144 145
f 31 144 143
f 145 146 147
f 145 146 147
f 147 146 148
f 147 146 148
f 149 146 145
f 149 146 145
f 148 146 149
f 148 146 149
f 145 144 136
f 136 144 31
f 145 144 136
f 136 144 31
f 145 150 149
f 136 150 145
f 145 150 149
f 136 150 145
f 149 151 148
f 149 151 148
f 148 151 152
f 148 151 152
f 153 151 149
f 153 151 149
f 152 151 153
f 152 151 153
f 149 150 134
f 134 150 136
f 149 150 134
f 134 150 136
f 149 154 153
f 134 154 149
f 149 154 153
f 134 154 149
f 153 155 152
f 153 155 152
f 152 155 156
f 152 155 156
f 157 155 153
f 157 155 153
f 156 155 157
f 156 155 157
f 153 154 133
f 133 154 134
f 153 154 133
f 133 154 134
f 153 158 157
f 133 158 153
f 153 158 157
f 133 158 153
f 157 159 156
f 157 159 156
f 156 159 160
f 156 159 160
f 100 159 157
f 100 159 157
f 160 159 100
f 160 159 100
f 157 158 130
f 130 158 133
f 157 158 130
f 130 158 133
f 157 161 100
f 130 161 157
f 157 161 100
f 130 161 157
f 100 162 160
f 100 162 160
f 160 162 103
f 160 162 103
f 101 162 100
f 101 162 100
f 103 162 101
f 103 162 101
f 100 161 98
f 98 161 130
f 100 161 98
f 98 161 130
f 100 99 101
f 98 99 100
f 100 99 101
f 163 164 165
f 166 164 163
f 163 164 165
f 166 164 163
f 165 167 168
f 165 167 168
f 168 167 169
f 168 167 169
f 169 167 170
f 169 167 170
f 170 167 165
f 170 167 165
f 170 171 169
f 170 171 169
f 172 164 166
f 172 164 166
f 165 164 172
f 165 164 172
f 165 173 170
f 165 173 170
f 172 173 165
f 172 173 165
f 174 171 170
f 174 171 170
f 175 171 174
f 175 171 174
f 170 173 176
f 176 173 172
f 170 173 176
f 176 173 172
f 170 177 174
f 176 177 170
f 170 177 174
f 176 177 170
f 174 178 175
f 174 178 175
f 175 178 179
f 175 178 179
f 180 178 174
f 180 178 174
f 179 178 180
f 179 178 180
f 174 177 6
f 6 177 176
f 174 177 6
f 6 177 176
f 174 181 180
f 6 181 174
f 174 181 180
f 6 181 174
f 180 182 179
f 180 182 179
f 179 182 183
f 179 182 183
f 184 182 180
f 184 182 180
f 183 182 184
f 183 182 184
f 180 181 7
f 7 181 6
f 180 181 7
f 7 181 6
f 180 185 184
f 7 185 180
f 180 185 184
f 7 185 180
f 184 186 183
f 184 186 183
f 183 186 187
f 183 186 187
f 53 186 184
f 53 186 184
f 187 186 53
f 187 186 53
f 184 185 12
f 12 185 7
f 184 185 12
f 12 185 7
f 184 188 53
f 12 188 184
f 184 188 53
f 12 188 184
f 53 189 187
f 53 189 187
f 187 189 57
f 187 189 57
f 55 189 53
f 55 189 53
f 57 189 55
f 57 189 55
f 53 188 17
f 17 188 12
f 53 188 17
f 17 188 12
f 190 191 192
f 192 191 193
f 190 191 192
f 192 191 193
f 194 195 30
f 194 195 30
f 30 195 126
f 30 195 126
f 126 195 121
f 126 195 121
f 121 195 194
f 121 195 194
f 194 196 121
f 194 196 121
f 190 196 194
f 190 196 194
f 121 196 122
f 121 196 122
f 122 196 190
f 122 196 190
f 190 197 122
f 190 197 122
f 192 197 190
f 192 197 190
f 122 197 124
f 122 197 124
f 124 197 192
f 124 197 192
f 193 198 192
f 193 198 192
f 199 198 193
f 199 198 193
f 192 198 200
f 200 198 199
f 192 198 200
f 200 198 199
f 200 201 192
f 200 201 192
f 192 201 124
f 192 201 124
f 202 201 200
f 202 201 200
f 124 201 202
f 124 201 202
f 199 203 200
f 199 203 200
f 204 203 199
f 204 203 199
f 200 203 205
f 205 203 204
f 200 203 205
f 205 203 204
f 200 206 202
f 205 206 200
f 200 206 202
f 205 206 200
f 202 207 124
f 202 207 124
f 124 207 118
f 124 207 118
f 208 207 202
f 208 207 202
f 118 207 208
f 118 207 208
f 202 206 209
f 209 206 205
f 202 206 209
f 209 206 205
f 202 210 208
f 209 210 202
f 202 210 208
f 209 210 202
f 208 211 118
f 208 211 118
f 118 211 115
f 118 211 115
f 115 211 212
f 115 211 212
f 212 211 208
f 212 211 208
f 212 120 115
f 212 120 115
f 213 210 209
f 213 210 209
f 208 210 213
f 208 210 213
f 208 214 212
f 208 214 212
f 213 214 208
f 213 214 208
f 163 120 212
f 163 120 212
f 114 120 163
f 114 120 163
f 212 214 215
f 215 214 213
f 212 214 215
f 215 214 213
f 212 216 163
f 215 216 212
f 212 216 163
f 215 216 212
f 163 217 114
f 163 217 114
f 114 217 168
f 114 217 168
f 165 217 163
f 165 217 163
f 168 217 165
f 168 217 165
f 163 216 166
f 166 216 215
f 163 216 166
f 166 216 215
f 218 219 220
f 218 219 220
f 221 219 218
f 221 219 218
f 222 223 220
f 220 223 218
f 222 223 220
f 220 223 218
f 218 223 224
f 224 223 222
f 218 223 224
f 224 223 222
f 221 225 226
f 221 225 226
f 226 225 204
f 226 225 204
f 204 225 205
f 204 225 205
f 205 225 221
f 205 225 221
f 221 227 205
f 221 227 205
f 218 227 221
f 218 227 221
f 205 227 209
f 205 227 209
f 209 227 218
f 209 227 218
f 218 228 209
f 218 228 209
f 224 228 218
f 224 228 218
f 209 228 213
f 209 228 213
f 213 228 224
f 213 228 224
f 224 229 213
f 224 229 213
f 213 229 215
f 213 229 215
f 230 229 224
f 230 229 224
f 215 229 230
f 215 229 230
f 224 231 230
f 224 231 230
f 222 231 224
f 222 231 224
f 230 232 215
f 230 232 215
f 215 232 166
f 215 232 166
f 233 232 230
f 233 232 230
f 166 232 233
f 166 232 233
f 230 231 234
f 234 231 222
f 230 231 234
f 234 231 222
f 230 235 233
f 234 235 230
f 230 235 233
f 234 235 230
f 233 236 166
f 233 236 166
f 166 236 172
f 166 236 172
f 237 236 233
f 237 236 233
f 172 236 237
f 172 236 237
f 233 235 238
f 238 235 234
f 233 235 238
f 238 235 234
f 233 239 237
f 238 239 233
f 233 239 237
f 238 239 233
f 237 240 172
f 237 240 172
f 172 240 176
f 172 240 176
f 1 240 237
f 1 240 237
f 176 240 1
f 176 240 1
f 237 239 241
f 241 239 238
f 237 239 241
f 241 239 238
f 237 242 1
f 241 242 237
f 237 242 1
f 241 242 237
f 1 243 176
f 1 243 176
f 176 243 6
f 176 243 6
f 3 243 1
f 3 243 1
f 6 243 3
f 6 243 3
f 1 242 4
f 4 242 241
f 1 242 4
f 4 242 241
f 234 244 238
f 234 244 238
f 238 244 245
f 238 244 245
f 245 246 238
f 245 246 238
f 238 246 241
f 238 246 241
f 247 246 245
f 247 246 245
f 241 246 247
f 241 246 247
f 248 249 245
f 248 249 245
f 245 249 247
f 245 249 247
f 250 249 248
f 250 249 248
f 247 249 250
f 247 249 250
f 248 251 250
f 248 251 250
f 252 251 248
f 252 251 248
f 92 251 252
f 92 251 252
f 250 251 92
f 250 251 92
f 247 253 241
f 247 253 241
f 241 253 4
f 241 253 4
f 254 253 247
f 254 253 247
f 4 253 254
f 4 253 254
f 247 255 254
f 250 255 247
f 247 255 254
f 250 255 247
f 254 256 4
f 254 256 4
f 4 256 9
f 4 256 9
f 9 256 80
f 9 256 80
f 80 256 254
f 80 256 254
f 254 257 80
f 254 257 80
f 254 255 258
f 254 255 258
f 258 257 254
f 258 257 254
f 258 255 250
f 258 255 250
f 80 257 86
f 80 257 86
f 86 257 258
f 86 257 258
f 258 259 86
f 250 259 258
f 258 259 86
f 250 259 258
f 86 259 92
f 86 259 92
f 92 259 250
f 92 259 250
f 204 260 261
f 262 263 264
f 262 263 264
f 264 263 265
f 264 263 265
f 266 263 262
f 266 263 262
f 265 263 266
f 265 263 266
f 262 260 199
f 199 260 204
f 262 260 199
f 199 260 204
f 262 267 266
f 199 267 262
f 262 267 266
f 199 267 262
f 266 268 265
f 266 268 265
f 265 268 46
f 265 268 46
f 269 268 266
f 269 268 266
f 46 268 269
f 46 268 269
f 266 267 193
f 193 267 199
f 266 267 193
f 193 267 199
f 266 270 269
f 193 270 266
f 266 270 269
f 193 270 266
f 269 271 46
f 269 271 46
f 46 271 39
f 46 271 39
f 272 271 269
f 272 271 269
f 39 271 272
f 39 271 272
f 269 270 273
f 273 270 193
f 269 270 273
f 273 270 193
f 269 274 272
f 273 274 269
f 269 274 272
f 273 274 269
f 272 275 39
f 272 275 39
f 272 274 276
f 272 274 276
f 276 275 272
f 276 275 272
f 276 274 273
f 276 274 273
f 39 275 27
f 39 275 27
f 27 275 276
f 27 275 276
f 276 277 27
f 276 277 27
f 27 277 30
f 27 277 30
f 194 277 276
f 194 277 276
f 30 277 194
f 30 277 194
f 273 278 276
f 273 278 276
f 276 278 194
f 276 278 194
f 190 278 273
f 190 278 273
f 194 278 190
f 194 278 190
f 273 191 190
f 273 191 190
f 193 191 273
f 193 191 273
f 92 279 90
f 90 279 97
f 92 279 90
f 90 279 97
f 97 279 252
f 252 279 92
f 97 279 252
f 252 279 92
f 95 280 94
f 95 280 94
f 94 280 281
f 94 280 281
f 282 280 95
f 282 280 95
f 281 280 282
f 281 280 282
f 97 283 95
f 97 283 95
f 95 283 282
f 95 283 282
f 284 283 97
f 284 283 97
f 282 283 284
f 282 283 284
f 252 285 97
f 97 285 284
f 252 285 97
f 97 285 284
f 284 285 286
f 286 285 252
f 284 285 286
f 286 285 252
f 282 287 281
f 282 287 281
f 281 287 288
f 281 287 288
f 288 287 289
f 288 287 289
f 289 287 282
f 289 287 282
f 282 290 289
f 282 290 289
f 284 290 282
f 284 290 282
f 289 290 291
f 289 290 291
f 291 290 284
f 291 290 284
f 284 292 291
f 284 292 291
f 286 292 284
f 286 292 284
f 291 292 293
f 291 292 293
f 293 292 286
f 293 292 286
f 286 294 293
f 286 294 293
f 293 294 295
f 293 294 295
f 296 294 286
f 296 294 286
f 295 294 296
f 295 294 296
f 286 297 296
f 286 297 296
f 252 297 286
f 252 297 286
f 296 298 295
f 296 298 295
f 295 298 299
f 295 298 299
f 300 298 296
f 300 298 296
f 299 298 300
f 299 298 300
f 296 297 248
f 248 297 252
f 296 297 248
f 248 297 252
f 296 301 300
f 248 301 296
f 296 301 300
f 248 301 296
f 300 302 299
f 300 302 299
f 299 302 222
f 299 302 222
f 222 302 234
f 222 302 234
f 234 302 300
f 234 302 300
f 300 244 234
f 300 244 234
f 300 301 245
f 300 301 245
f 245 244 300
f 245 244 300
f 245 301 248
f 245 301 248
f 303 304 305
f 303 304 305
f 306 304 303
f 306 304 303
f 293 307 305
f 305 307 303
f 293 307 305
f 305 307 303
f 303 307 295
f 295 307 293
f 303 307 295
f 295 307 293
f 306 308 309
f 306 308 309
f 309 308 310
f 309 308 310
f 311 308 306
f 311 308 306
f 310 308 311
f 310 308 311
f 303 312 306
f 303 312 306
f 306 312 311
f 306 312 311
f 313 312 303
f 313 312 303
f 311 312 313
f 311 312 313
f 295 314 303
f 303 314 313
f 295 314 303
f 303 314 313
f 313 314 299
f 299 314 295
f 313 314 299
f 299 314 295
f 311 315 310
f 311 315 310
f 310 315 316
f 310 315 316
f 317 315 311
f 317 315 311
f 316 315 317
f 316 315 317
f 313 318 311
f 313 318 311
f 311 318 317
f 311 318 317
f 220 318 313
f 220 318 313
f 317 318 220
f 317 318 220
f 299 319 313
f 313 319 220
f 299 319 313
f 313 319 220
f 220 319 222
f 222 319 299
f 220 319 222
f 222 319 299
f 317 320 316
f 317 320 316
f 316 320 226
f 316 320 226
f 221 320 317
f 221 320 317
f 226 320 221
f 226 320 221
f 220 219 317
f 220 219 317
f 317 219 221
f 317 219 221
f 77 78 71
f 76 321 75
f 76 321 75
f 75 321 322
f 75 321 322
f 323 321 76
f 323 321 76
f 322 321 323
f 322 321 323
f 76 78 94
f 94 78 77
f 76 78 94
f 94 78 77
f 76 324 323
f 94 324 76
f 76 324 323
f 94 324 76
f 323 325 322
f 323 325 322
f 322 325 326
f 322 325 326
f 327 325 323
f 327 325 323
f 326 325 327
f 326 325 327
f 323 324 281
f 281 324 94
f 323 324 281
f 281 324 94
f 323 328 327
f 281 328 323
f 323 328 327
f 281 328 323
f 327 329 326
f 327 329 326
f 326 329 330
f 326 329 330
f 331 329 327
f 331 329 327
f 330 329 331
f 330 329 331
f 327 328 288
f 288 328 281
f 327 328 288
f 288 328 281
f 327 332 331
f 288 332 327
f 327 332 331
f 288 332 327
f 331 333 330
f 331 333 330
f 330 333 334
f 330 333 334
f 335 333 331
f 335 333 331
f 334 333 335
f 334 333 335
f 331 332 336
f 336 332 288
f 331 332 336
f 336 332 288
f 331 337 335
f 336 337 331
f 331 337 335
f 336 337 331
f 335 338 334
f 335 338 334
f 334 338 339
f 334 338 339
f 339 338 340
f 339 338 340
f 340 338 335
f 340 338 335
f 335 341 340
f 335 341 340
f 335 337 342
f 335 337 342
f 342 341 335
f 342 341 335
f 342 337 336
f 342 337 336
f 340 341 343
f 340 341 343
f 343 341 342
f 343 341 342
f 342 344 343
f 342 344 343
f 343 344 345
f 343 344 345
f 346 344 342
f 346 344 342
f 345 344 346
f 345 344 346
f 336 347 342
f 336 347 342
f 342 347 346
f 342 347 346
f 265 52 51
f 265 52 51
f 46 52 265
f 46 52 265
f 48 348 49
f 48 348 49
f 349 348 48
f 349 348 48
f 49 348 350
f 350 348 349
f 49 348 350
f 350 348 349
f 49 351 51
f 350 351 49
f 49 351 51
f 350 351 49
f 51 351 352
f 352 351 350
f 51 351 352
f 352 351 350
f 352 353 51
f 352 353 51
f 51 353 265
f 51 353 265
f 264 353 352
f 264 353 352
f 265 353 264
f 265 353 264
f 349 354 350
f 349 354 350
f 355 354 349
f 355 354 349
f 350 354 356
f 356 354 355
f 350 354 356
f 356 354 355
f 350 357 352
f 356 357 350
f 350 357 352
f 356 357 350
f 352 357 358
f 358 357 356
f 352 357 358
f 358 357 356
f 358 359 352
f 358 359 352
f 352 359 264
f 352 359 264
f 360 359 358
f 360 359 358
f 264 359 360
f 264 359 360
f 355 361 356
f 355 361 356
f 362 361 355
f 362 361 355
f 356 361 363
f 363 361 362
f 356 361 363
f 363 361 362
f 356 364 358
f 363 364 356
f 356 364 358
f 363 364 356
f 358 364 365
f 365 364 363
f 358 364 365
f 365 364 363
f 365 366 358
f 365 366 358
f 358 366 360
f 358 366 360
f 367 368 369
f 370 368 367
f 367 368 369
f 370 368 367
f 369 371 372
f 369 371 372
f 372 371 373
f 372 371 373
f 374 371 369
f 374 371 369
f 373 371 374
f 373 371 374
f 369 368 309
f 309 368 370
f 369 368 309
f 309 368 370
f 369 375 374
f 309 375 369
f 369 375 374
f 309 375 369
f 374 376 373
f 374 376 373
f 373 376 377
f 373 376 377
f 378 376 374
f 378 376 374
f 377 376 378
f 377 376 378
f 374 375 310
f 310 375 309
f 374 375 310
f 310 375 309
f 374 379 378
f 310 379 374
f 374 379 378
f 310 379 374
f 378 380 377
f 378 380 377
f 377 380 381
f 377 380 381
f 382 380 378
f 382 380 378
f 381 380 382
f 381 380 382
f 378 379 316
f 316 379 310
f 378 379 316
f 316 379 310
f 378 383 382
f 316 383 378
f 378 383 382
f 316 383 378
f 382 384 381
f 382 384 381
f 381 384 360
f 381 384 360
f 261 384 382
f 261 384 382
f 360 384 261
f 360 384 261
f 382 383 226
f 226 383 316
f 382 383 226
f 226 383 316
f 382 385 261
f 226 385 382
f 382 385 261
f 226 385 382
f 261 386 360
f 261 386 360
f 360 386 264
f 360 386 264
f 262 386 261
f 262 386 261
f 264 386 262
f 264 386 262
f 261 385 204
f 204 385 226
f 261 385 204
f 204 385 226
f 261 260 262
f 204 260 261
f 261 260 262
f 387 347 336
f 387 347 336
f 346 347 387
f 346 347 387
f 336 388 387
f 336 388 387
f 288 388 336
f 288 388 336
f 387 388 289
f 289 388 288
f 387 388 289
f 289 388 288
f 346 389 345
f 346 389 345
f 345 389 390
f 345 389 390
f 391 389 346
f 391 389 346
f 390 389 391
f 390 389 391
f 387 392 346
f 387 392 346
f 346 392 391
f 346 392 391
f 393 392 387
f 393 392 387
f 391 392 393
f 391 392 393
f 289 394 387
f 387 394 393
f 289 394 387
f 387 394 393
f 393 394 291
f 291 394 289
f 393 394 291
f 291 394 289
f 391 395 390
f 391 395 390
f 390 395 370
f 390 395 370
f 396 395 391
f 396 395 391
f 370 395 396
f 370 395 396
f 393 397 391
f 393 397 391
f 391 397 396
f 391 397 396
f 305 397 393
f 305 397 393
f 396 397 305
f 396 397 305
f 291 398 393
f 393 398 305
f 291 398 393
f 393 398 305
f 305 398 293
f 293 398 291
f 305 398 293
f 293 398 291
f 396 399 370
f 396 399 370
f 370 399 309
f 370 399 309
f 306 399 396
f 306 399 396
f 309 399 306
f 309 399 306
f 305 304 396
f 305 304 396
f 396 304 306
f 396 304 306
f 381 366 365
f 381 366 365
f 360 366 381
f 360 366 381
f 362 400 363
f 362 400 363
f 401 400 362
f 401 400 362
f 363 400 402
f 402 400 401
f 363 400 402
f 402 400 401
f 363 403 365
f 402 403 363
f 363 403 365
f 402 403 363
f 365 403 404
f 404 403 402
f 365 403 404
f 404 403 402
f 404 405 365
f 404 405 365
f 365 405 381
f 365 405 381
f 377 405 404
f 377 405 404
f 381 405 377
f 381 405 377
f 401 406 402
f 401 406 402
f 407 406 401
f 407 406 401
f 402 406 408
f 408 406 407
f 402 406 408
f 408 406 407
f 402 409 404
f 408 409 402
f 402 409 404
f 408 409 402
f 404 409 410
f 410 409 408
f 404 409 410
f 410 409 408
f 410 411 404
f 410 411 404
f 404 411 377
f 404 411 377
f 373 411 410
f 373 411 410
f 377 411 373
f 377 411 373
f 407 412 408
f 407 412 408
f 413 412 407
f 413 412 407
f 408 412 414
f 414 412 413
f 408 412 414
f 414 412 413
f 408 415 410
f 414 415 408
f 408 415 410
f 414 415 408
f 410 415 416
f 416 415 414
f 410 415 416
f 416 415 414
f 416 417 410
f 416 417 410
f 410 417 373
f 410 417 373
f 418 419 420
f 418 419 420
f 421 419 418
f 421 419 418
f 422 423 424
f 422 423 424
f 425 423 422
f 425 423 422
f 424 423 426
f 426 423 425
f 424 423 426
f 426 423 425
f 424 427 420
f 426 427 424
f 424 427 420
f 426 427 424
f 420 427 428
f 428 427 426
f 420 427 428
f 428 427 426
f 428 429 420
f 428 429 420
f 420 429 418
f 420 429 418
f 430 429 428
f 430 429 428
f 418 429 430
f 418 429 430
f 425 431 426
f 425 431 426
f 432 431 425
f 432 431 425
f 426 431 433
f 433 431 432
f 426 431 433
f 433 431 432
f 426 434 428
f 433 434 426
f 426 434 428
f 433 434 426
f 428 434 435
f 435 434 433
f 428 434 435
f 435 434 433
f 435 436 428
f 435 436 428
f 428 436 430
f 428 436 430
f 437 436 435
f 437 436 435
f 430 436 437
f 430 436 437
f 432 438 433
f 432 438 433
f 439 438 432
f 439 438 432
f 440 438 439
f 440 438 439
f 433 438 440
f 433 438 440
f 440 441 433
f 440 441 433
f 433 441 435
f 433 441 435
f 442 441 440
f 442 441 440
f 435 441 442
f 435 441 442
f 442 443 435
f 442 443 435
f 435 443 437
f 435 443 437
f 372 417 416
f 372 417 416
f 373 417 372
f 373 417 372
f 413 444 414
f 413 444 414
f 445 444 413
f 445 444 413
f 414 444 446
f 446 444 445
f 414 444 446
f 446 444 445
f 414 447 416
f 446 447 414
f 414 447 416
f 446 447 414
f 416 447 448
f 448 447 446
f 416 447 448
f 448 447 446
f 448 449 416
f 448 449 416
f 416 449 372
f 416 449 372
f 450 449 448
f 450 449 448
f 372 449 450
f 372 449 450
f 445 451 446
f 445 451 446
f 452 451 445
f 452 451 445
f 446 451 453
f 453 451 452
f 446 451 453
f 453 451 452
f 446 454 448
f 453 454 446
f 446 454 448
f 453 454 446
f 448 454 455
f 455 454 453
f 448 454 455
f 455 454 453
f 455 456 448
f 455 456 448
f 448 456 450
f 448 456 450
f 421 456 455
f 421 456 455
f 450 456 421
f 450 456 421
f 452 457 453
f 452 457 453
f 422 457 452
f 422 457 452
f 453 457 424
f 424 457 422
f 453 457 424
f 424 457 422
f 453 458 455
f 424 458 453
f 453 458 455
f 424 458 453
f 455 458 420
f 420 458 424
f 455 458 420
f 420 458 424
f 420 419 455
f 420 419 455
f 455 419 421
f 455 419 421
f 459 443 442
f 459 443 442
f 437 443 459
f 437 443 459
f 459 460 437
f 459 460 437
f 461 460 459
f 461 460 459
f 437 460 462
f 462 460 461
f 437 460 462
f 462 460 461
f 462 463 437
f 462 463 437
f 437 463 430
f 437 463 430
f 464 463 462
f 464 463 462
f 430 463 464
f 430 463 464
f 461 465 462
f 461 465 462
f 339 465 461
f 339 465 461
f 462 465 340
f 340 465 339
f 462 465 340
f 340 465 339
f 462 466 464
f 340 466 462
f 462 466 464
f 340 466 462
f 464 467 430
f 464 467 430
f 430 467 418
f 430 467 418
f 468 467 464
f 468 467 464
f 418 467 468
f 418 467 468
f 464 466 343
f 343 466 340
f 464 466 343
f 343 466 340
f 464 469 468
f 343 469 464
f 464 469 468
f 343 469 464
f 468 470 418
f 468 470 418
f 418 470 421
f 418 470 421
f 471 470 468
f 471 470 468
f 421 470 471
f 421 470 471
f 468 469 345
f 345 469 343
f 468 469 345
f 345 469 343
f 468 472 471
f 345 472 468
f 468 472 471
f 345 472 468
f 471 473 421
f 471 473 421
f 421 473 450
f 421 473 450
f 367 473 471
f 367 473 471
f 450 473 367
f 450 473 367
f 471 472 390
f 390 472 345
f 471 472 390
f 390 472 345
f 471 474 367
f 390 474 471
f 471 474 367
f 390 474 471
f 367 475 450
f 367 475 450
f 450 475 372
f 450 475 372
f 369 475 367
f 369 475 367
f 372 475 369
f 372 475 369
f 367 474 370
f 370 474 390
f 367 474 370
f 370 474 390
f 476 477 478
f 476 477 478
f 479 477 476
f 479 477 476
f 478 477 480
f 480 477 479
f 480 477 479
f 478 477 480
f 476 481 479
f 476 481 479
f 478 482 476
f 478 482 476
f 479 481 483
f 479 481 483
f 483 481 484
f 484 481 476
f 483 481 484
f 484 481 476
f 476 485 484
f 476 485 484
f 486 485 476
f 476 482 486
f 486 485 476
f 476 482 486
f 484 485 487
f 487 485 486
f 484 485 487
f 487 485 486
f 488 482 478
f 488 482 478
f 486 482 488
f 486 482 488
f 478 489 488
f 478 489 488
f 488 490 486
f 488 490 486
f 491 489 478
f 491 489 478
f 488 489 492
f 492 489 491
f 488 489 492
f 492 489 491
f 478 493 491
f 478 493 491
f 480 493 478
f 480 493 478
f 491 493 494
f 494 493 480
f 494 493 480
f 491 493 494
f 480 495 494
f 480 495 494
f 491 496 492
f 491 496 492
f 497 495 480
f 497 495 480
f 494 495 498
f 498 495 497
f 498 495 497
f 494 495 498
f 480 499 497
f 480 499 497
f 479 499 480
f 479 499 480
f 497 499 500
f 500 499 479
f 497 499 500
f 500 499 479
f 479 501 500
f 479 501 500
f 483 501 479
f 483 501 479
f 500 501 502
f 502 501 483
f 502 501 483
f 500 501 502
f 483 503 502
f 483 503 502
f 500 504 497
f 500 504 497
f 505 503 483
f 505 503 483
f 502 503 506
f 506 503 505
f 506 503 505
f 502 503 506
f 483 507 505
f 483 507 505
f 484 507 483
f 484 507 483
f 505 507 508
f 508 507 484
f 505 507 508
f 508 507 484
f 484 509 508
f 484 509 508
f 487 509 484
f 487 509 484
f 508 509 510
f 510 509 487
f 510 509 487
f 508 509 510
f 487 511 510
f 487 511 510
f 508 512 505
f 508 512 505
f 513 511 487
f 513 511 487
f 510 511 514
f 514 511 513
f 514 511 513
f 510 511 514
f 487 515 513
f 487 515 513
f 486 515 487
f 486 515 487
f 516 515 486
f 516 515 486
f 513 515 516
f 513 515 516
f 486 490 516
f 486 490 516
f 516 490 517
f 516 490 517
f 517 490 488
f 517 490 488
f 488 518 517
f 488 518 517
f 492 518 488
f 492 518 488
f 517 518 519
f 519 518 492
f 519 518 492
f 517 518 519
f 492 520 519
f 492 520 519
f 521 520 492
f 521 520 492
f 492 496 521
f 492 496 521
f 519 520 522
f 522 520 521
f 519 520 522
f 522 520 521
f 521 496 523
f 521 496 523
f 523 496 491
f 523 496 491
f 491 524 523
f 491 524 523
f 494 524 491
f 494 524 491
f 523 524 525
f 525 524 494
f 523 524 525
f 525 524 494
f 494 526 525
f 494 526 525
f 498 526 494
f 498 526 494
f 525 526 527
f 527 526 498
f 527 526 498
f 525 526 527
f 498 528 527
f 498 528 527
f 525 529 523
f 525 529 523
f 530 528 498
f 530 528 498
f 527 528 531
f 531 528 530
f 531 528 530
f 527 528 531
f 498 532 530
f 498 532 530
f 497 532 498
f 497 532 498
f 533 532 497
f 533 532 497
f 530 532 533
f 530 532 533
f 497 504 533
f 497 504 533
f 533 504 534
f 533 504 534
f 534 504 500
f 534 504 500
f 500 535 534
f 500 535 534
f 502 535 500
f 502 535 500
f 534 535 536
f 536 535 502
f 534 535 536
f 536 535 502
f 502 537 536
f 502 537 536
f 506 537 502
f 506 537 502
f 536 537 538
f 538 537 506
f 538 537 506
f 536 537 538
f 506 539 538
f 506 539 538
f 536 540 534
f 536 540 534
f 541 539 506
f 541 539 506
f 538 539 542
f 542 539 541
f 542 539 541
f 538 539 542
f 506 543 541
f 506 543 541
f 505 543 506
f 505 543 506
f 544 543 505
f 544 543 505
f 541 543 544
f 541 543 544
f 505 512 544
f 505 512 544
f 544 512 545
f 544 512 545
f 545 512 508
f 545 512 508
f 508 546 545
f 508 546 545
f 510 546 508
f 510 546 508
f 545 546 547
f 547 546 510
f 545 546 547
f 547 546 510
f 510 548 547
f 510 548 547
f 514 548 510
f 514 548 510
f 547 548 549
f 549 548 514
f 549 548 514
f 547 548 549
f 514 550 549
f 514 550 549
f 547 551 545
f 547 551 545
f 552 550 514
f 552 550 514
f 549 550 553
f 553 550 552
f 553 550 552
f 549 550 553
f 514 554 552
f 514 554 552
f 513 554 514
f 513 554 514
f 552 554 555
f 555 554 513
f 552 554 555
f 555 554 513
f 513 556 555
f 513 556 555
f 516 556 513
f 516 556 513
f 555 556 557
f 557 556 516
f 555 556 557
f 557 556 516
f 516 558 557
f 516 558 557
f 517 558 516
f 517 558 516
f 557 558 559
f 559 558 517
f 557 558 559
f 559 558 517
f 517 560 559
f 517 560 559
f 519 560 517
f 519 560 517
f 559 560 561
f 561 560 519
f 559 560 561
f 561 560 519
f 519 562 561
f 519 562 561
f 522 562 519
f 522 562 519
f 561 562 563
f 563 562 522
f 563 562 522
f 561 562 563
f 522 564 563
f 522 564 563
f 561 565 559
f 561 565 559
f 566 564 522
f 566 564 522
f 563 564 567
f 567 564 566
f 567 564 566
f 563 564 567
f 522 568 566
f 522 568 566
f 521 568 522
f 521 568 522
f 566 568 569
f 569 568 521
f 566 568 569
f 569 568 521
f 521 570 569
f 521 570 569
f 523 570 521
f 523 570 521
f 571 570 523
f 571 570 523
f 569 570 571
f 569 570 571
f 523 529 571
f 523 529 571
f 571 529 572
f 571 529 572
f 572 529 525
f 572 529 525
f 525 573 572
f 525 573 572
f 527 573 525
f 527 573 525
f 572 573 574
f 574 573 527
f 572 573 574
f 574 573 527
f 527 575 574
f 527 575 574
f 531 575 527
f 531 575 527
f 574 575 576
f 576 575 531
f 576 575 531
f 574 575 576
f 531 577 576
f 531 577 576
f 574 578 572
f 574 578 572
f 579 577 531
f 579 577 531
f 576 577 580
f 580 577 579
f 580 577 579
f 576 577 580
f 531 581 579
f 531 581 579
f 530 581 531
f 530 581 531
f 579 581 582
f 582 581 530
f 579 581 582
f 582 581 530
f 530 583 582
f 530 583 582
f 533 583 530
f 533 583 530
f 582 583 584
f 584 583 533
f 582 583 584
f 584 583 533
f 533 585 584
f 533 585 584
f 534 585 533
f 534 585 533
f 586 585 534
f 586 585 534
f 584 585 586
f 584 585 586
f 534 540 586
f 534 540 586
f 586 540 587
f 586 540 587
f 587 540 536
f 587 540 536
f 536 588 587
f 536 588 587
f 538 588 536
f 538 588 536
f 587 588 589
f 589 588 538
f 587 588 589
f 589 588 538
f 538 590 589
f 538 590 589
f 542 590 538
f 542 590 538
f 589 590 591
f 591 590 542
f 591 590 542
f 589 590 591
f 542 592 591
f 542 592 591
f 589 593 587
f 589 593 587
f 594 592 542
f 594 592 542
f 591 592 595
f 595 592 594
f 595 592 594
f 591 592 595
f 542 596 594
f 542 596 594
f 541 596 542
f 541 596 542
f 594 596 597
f 597 596 541
f 594 596 597
f 597 596 541
f 541 598 597
f 541 598 597
f 544 598 541
f 544 598 541
f 597 598 599
f 599 598 544
f 597 598 599
f 599 598 544
f 544 600 599
f 544 600 599
f 545 600 544
f 545 600 544
f 601 600 545
f 601 600 545
f 599 600 601
f 599 600 601
f 545 551 601
f 545 551 601
f 601 551 602
f 601 551 602
f 602 551 547
f 602 551 547
f 547 603 602
f 547 603 602
f 549 603 547
f 549 603 547
f 602 603 604
f 604 603 549
f 602 603 604
f 604 603 549
f 549 605 604
f 549 605 604
f 553 605 549
f 553 605 549
f 604 605 606
f 606 605 553
f 606 605 553
f 604 605 606
f 553 607 606
f 553 607 606
f 604 608 602
f 604 608 602
f 609 607 553
f 609 607 553
f 606 607 610
f 610 607 609
f 610 607 609
f 606 607 610
f 553 611 609
f 553 611 609
f 552 611 553
f 552 611 553
f 609 611 612
f 612 611 552
f 609 611 612
f 612 611 552
f 552 613 612
f 552 613 612
f 555 613 552
f 555 613 552
f 612 613 614
f 614 613 555
f 612 613 614
f 614 613 555
f 555 615 614
f 555 615 614
f 557 615 555
f 557 615 555
f 614 615 616
f 616 615 557
f 614 615 616
f 616 615 557
f 557 617 616
f 557 617 616
f 559 617 557
f 559 617 557
f 618 617 559
f 618 617 559
f 616 617 618
f 616 617 618
f 559 565 618
f 559 565 618
f 618 565 619
f 618 565 619
f 619 565 561
f 619 565 561
f 561 620 619
f 561 620 619
f 563 620 561
f 563 620 561
f 619 620 621
f 621 620 563
f 619 620 621
f 621 620 563
f 563 622 621
f 563 622 621
f 567 622 563
f 567 622 563
f 621 622 623
f 623 622 567
f 623 622 567
f 621 622 623
f 567 624 623
f 567 624 623
f 621 625 619
f 621 625 619
f 626 624 567
f 626 624 567
f 623 624 627
f 627 624 626
f 627 624 626
f 623 624 627
f 567 628 626
f 567 628 626
f 566 628 567
f 566 628 567
f 626 628 629
f 629 628 566
f 626 628 629
f 629 628 566
f 566 630 629
f 566 630 629
f 569 630 566
f 569 630 566
f 629 630 631
f 631 630 569
f 629 630 631
f 631 630 569
f 569 632 631
f 569 632 631
f 571 632 569
f 571 632 569
f 631 632 633
f 633 632 571
f 631 632 633
f 633 632 571
f 571 634 633
f 571 634 633
f 572 634 571
f 572 634 571
f 635 634 572
f 635 634 572
f 633 634 635
f 633 634 635
f 572 578 635
f 572 578 635
f 635 578 636
f 635 578 636
f 636 578 574
f 636 578 574
f 574 637 636
f 574 637 636
f 576 637 574
f 576 637 574
f 636 637 638
f 638 637 576
f 636 637 638
f 638 637 576
f 576 639 638
f 576 639 638
f 580 639 576
f 580 639 576
f 638 639 640
f 640 639 580
f 640 639 580
f 638 639 640
f 580 641 640
f 580 641 640
f 638 642 636
f 638 642 636
f 643 641 580
f 643 641 580
f 640 641 644
f 644 641 643
f 644 641 643
f 640 641 644
f 580 645 643
f 580 645 643
f 579 645 580
f 579 645 580
f 643 645 646
f 646 645 579
f 643 645 646
f 646 645 579
f 579 647 646
f 579 647 646
f 582 647 579
f 582 647 579
f 646 647 648
f 648 647 582
f 646 647 648
f 648 647 582
f 582 649 648
f 582 649 648
f 584 649 582
f 584 649 582
f 648 649 650
f 650 649 584
f 648 649 650
f 650 649 584
f 584 651 650
f 584 651 650
f 586 651 584
f 586 651 584
f 650 651 652
f 652 651 586
f 650 651 652
f 652 651 586
f 586 653 652
f 586 653 652
f 587 653 586
f 587 653 586
f 654 653 587
f 654 653 587
f 652 653 654
f 652 653 654
f 587 593 654
f 587 593 654
f 654 593 655
f 654 593 655
f 655 593 589
f 655 593 589
f 589 656 655
f 589 656 655
f 591 656 589
f 591 656 589
f 655 656 657
f 657 656 591
f 655 656 657
f 657 656 591
f 591 658 657
f 591 658 657
f 595 658 591
f 595 658 591
f 657 658 659
f 659 658 595
f 659 658 595
f 657 658 659
f 595 660 659
f 595 660 659
f 657 661 655
f 657 661 655
f 662 660 595
f 662 660 595
f 659 660 663
f 663 660 662
f 663 660 662
f 659 660 663
f 595 664 662
f 595 664 662
f 594 664 595
f 594 664 595
f 662 664 665
f 665 664 594
f 662 664 665
f 665 664 594
f 594 666 665
f 594 666 665
f 597 666 594
f 597 666 594
f 665 666 667
f 667 666 597
f 665 666 667
f 667 666 597
f 597 668 667
f 597 668 667
f 599 668 597
f 599 668 597
f 667 668 669
f 669 668 599
f 667 668 669
f 669 668 599
f 599 670 669
f 599 670 669
f 601 670 599
f 601 670 599
f 669 670 671
f 671 670 601
f 669 670 671
f 671 670 601
f 601 672 671
f 601 672 671
f 602 672 601
f 602 672 601
f 673 672 602
f 673 672 602
f 671 672 673
f 671 672 673
f 602 608 673
f 602 608 673
f 673 608 674
f 673 608 674
f 674 608 604
f 674 608 604
f 604 675 674
f 604 675 674
f 606 675 604
f 606 675 604
f 674 675 676
f 676 675 606
f 674 675 676
f 676 675 606
f 606 677 676
f 606 677 676
f 610 677 606
f 610 677 606
f 676 677 678
f 678 677 610
f 678 677 610
f 676 677 678
f 610 679 678
f 610 679 678
f 676 680 674
f 676 680 674
f 681 679 610
f 681 679 610
f 678 679 682
f 682 679 681
f 682 679 681
f 678 679 682
f 610 683 681
f 610 683 681
f 609 683 610
f 609 683 610
f 681 683 684
f 684 683 609
f 681 683 684
f 684 683 609
f 609 685 684
f 609 685 684
f 612 685 609
f 612 685 609
f 684 685 686
f 686 685 612
f 684 685 686
f 686 685 612
f 612 687 686
f 612 687 686
f 614 687 612
f 614 687 612
f 686 687 688
f 688 687 614
f 686 687 688
f 688 687 614
f 614 689 688
f 614 689 688
f 616 689 614
f 616 689 614
f 688 689 690
f 690 689 616
f 688 689 690
f 690 689 616
f 616 691 690
f 616 691 690
f 618 691 616
f 618 691 616
f 690 691 692
f 692 691 618
f 690 691 692
f 692 691 618
f 618 693 692
f 618 693 692
f 619 693 618
f 619 693 618
f 694 693 619
f 694 693 619
f 692 693 694
f 692 693 694
f 619 625 694
f 619 625 694
f 694 625 695
f 694 625 695
f 695 625 621
f 695 625 621
f 621 696 695
f 621 696 695
f 623 696 621
f 623 696 621
f 695 696 697
f 697 696 623
f 695 696 697
f 697 696 623
f 623 698 697
f 623 698 697
f 627 698 623
f 627 698 623
f 697 698 699
f 699 698 627
f 699 698 627
f 697 698 699
f 627 700 699
f 627 700 699
f 697 701 695
f 697 701 695
f 702 700 627
f 702 700 627
f 699 700 703
f 703 700 702
f 703 700 702
f 699 700 703
f 627 704 702
f 627 704 702
f 626 704 627
f 626 704 627
f 702 704 705
f 705 704 626
f 702 704 705
f 705 704 626
f 626 706 705
f 626 706 705
f 629 706 626
f 629 706 626
f 705 706 707
f 707 706 629
f 705 706 707
f 707 706 629
f 629 708 707
f 629 708 707
f 631 708 629
f 631 708 629
f 707 708 709
f 709 708 631
f 707 708 709
f 709 708 631
f 631 710 709
f 631 710 709
f 633 710 631
f 633 710 631
f 709 710 711
f 711 710 633
f 709 710 711
f 711 710 633
f 633 712 711
f 633 712 711
f 635 712 633
f 635 712 633
f 711 712 713
f 713 712 635
f 711 712 713
f 713 712 635
f 635 714 713
f 635 714 713
f 636 714 635
f 636 714 635
f 715 714 636
f 715 714 636
f 713 714 715
f 713 714 715
f 636 642 715
f 636 642 715
f 715 642 716
f 715 642 716
f 716 642 638
f 716 642 638
f 638 717 716
f 638 717 716
f 640 717 638
f 640 717 638
f 716 717 718
f 718 717 640
f 716 717 718
f 718 717 640
f 640 719 718
f 640 719 718
f 644 719 640
f 644 719 640
f 718 719 720
f 720 719 644
f 720 719 644
f 718 719 720
f 644 721 720
f 644 721 720
f 718 722 716
f 718 722 716
f 723 721 644
f 723 721 644
f 720 721 724
f 724 721 723
f 724 721 723
f 720 721 724
f 644 725 723
f 644 725 723
f 643 725 644
f 643 725 644
f 723 725 726
f 726 725 643
f 723 725 726
f 726 725 643
f 643 727 726
f 643 727 726
f 646 727 643
f 646 727 643
f 726 727 728
f 728 727 646
f 726 727 728
f 728 727 646
f 646 729 728
f 646 729 728
f 648 729 646
f 648 729 646
f 728 729 730
f 730 729 648
f 728 729 730
f 730 729 648
f 648 731 730
f 648 731 730
f 650 731 648
f 650 731 648
f 730 731 732
f 732 731 650
f 730 731 732
f 732 731 650
f 650 733 732
f 650 733 732
f 652 733 650
f 652 733 650
f 732 733 734
f 734 733 652
f 732 733 734
f 734 733 652
f 652 735 734
f 652 735 734
f 654 735 652
f 654 735 652
f 734 735 736
f 736 735 654
f 734 735 736
f 736 735 654
f 654 737 736
f 654 737 736
f 655 737 654
f 655 737 654
f 738 737 655
f 738 737 655
f 736 737 738
f 736 737 738
f 655 661 738
f 655 661 738
f 738 661 739
f 738 661 739
f 739 661 657
f 739 661 657
f 657 740 739
f 657 740 739
f 659 740 657
f 659 740 657
f 739 740 741
f 741 740 659
f 739 740 741
f 741 740 659
f 659 742 741
f 659 742 741
f 663 742 659
f 663 742 659
f 741 742 743
f 743 742 663
f 743 742 663
f 741 742 743
f 663 744 743
f 663 744 743
f 741 745 739
f 741 745 739
f 746 744 663
f 746 744 663
f 743 744 747
f 747 744 746
f 747 744 746
f 743 744 747
f 663 748 746
f 663 748 746
f 662 748 663
f 662 748 663
f 746 748 749
f 749 748 662
f 746 748 749
f 749 748 662
f 662 750 749
f 662 750 749
f 665 750 662
f 665 750 662
f 749 750 751
f 751 750 665
f 749 750 751
f 751 750 665
f 665 752 751
f 665 752 751
f 667 752 665
f 667 752 665
f 751 752 753
f 753 752 667
f 751 752 753
f 753 752 667
f 667 754 753
f 667 754 753
f 669 754 667
f 669 754 667
f 753 754 755
f 755 754 669
f 753 754 755
f 755 754 669
f 669 756 755
f 669 756 755
f 671 756 669
f 671 756 669
f 755 756 757
f 757 756 671
f 755 756 757
f 757 756 671
f 671 758 757
f 671 758 757
f 673 758 671
f 673 758 671
f 757 758 759
f 759 758 673
f 757 758 759
f 759 758 673
f 673 760 759
f 673 760 759
f 674 760 673
f 674 760 673
f 761 760 674
f 761 760 674
f 759 760 761
f 759 760 761
f 674 680 761
f 674 680 761
f 761 680 762
f 761 680 762
f 762 680 676
f 762 680 676
f 676 763 762
f 676 763 762
f 678 763 676
f 678 763 676
f 762 763 764
f 764 763 678
f 762 763 764
f 764 763 678
f 678 765 764
f 678 765 764
f 682 765 678
f 682 765 678
f 764 765 766
f 766 765 682
f 766 765 682
f 764 765 766
f 682 767 766
f 682 767 766
f 764 768 762
f 764 768 762
f 769 767 682
f 769 767 682
f 766 767 770
f 770 767 769
f 770 767 769
f 766 767 770
f 682 771 769
f 682 771 769
f 681 771 682
f 681 771 682
f 769 771 772
f 772 771 681
f 769 771 772
f 772 771 681
f 681 773 772
f 681 773 772
f 684 773 681
f 684 773 681
f 772 773 774
f 774 773 684
f 772 773 774
f 774 773 684
f 684 775 774
f 684 775 774
f 686 775 684
f 686 775 684
f 774 775 776
f 776 775 686
f 774 775 776
f 776 775 686
f 686 777 776
f 686 777 776
f 688 777 686
f 688 777 686
f 776 777 778
f 778 777 688
f 776 777 778
f 778 777 688
f 688 779 778
f 688 779 778
f 690 779 688
f 690 779 688
f 778 779 780
f 780 779 690
f 778 779 780
f 780 779 690
f 690 781 780
f 690 781 780
f 692 781 690
f 692 781 690
f 780 781 782
f 782 781 692
f 780 781 782
f 782 781 692
f 692 783 782
f 692 783 782
f 694 783 692
f 694 783 692
f 782 783 784
f 784 783 694
f 782 783 784
f 784 783 694
f 694 785 784
f 694 785 784
f 695 785 694
f 695 785 694
f 786 785 695
f 786 785 695
f 784 785 786
f 784 785 786
f 695 701 786
f 695 701 786
f 786 701 787
f 786 701 787
f 787 701 697
f 787 701 697
f 697 788 787
f 697 788 787
f 699 788 697
f 699 788 697
f 787 788 789
f 789 788 699
f 787 788 789
f 789 788 699
f 699 790 789
f 699 790 789
f 703 790 699
f 703 790 699
f 789 790 791
f 791 790 703
f 791 790 703
f 789 790 791
f 703 792 791
f 703 792 791
f 789 793 787
f 789 793 787
f 794 792 703
f 794 792 703
f 791 792 795
f 795 792 794
f 795 792 794
f 791 792 795
f 703 796 794
f 703 796 794
f 702 796 703
f 702 796 703
f 794 796 797
f 797 796 702
f 794 796 797
f 797 796 702
f 702 798 797
f 702 798 797
f 705 798 702
f 705 798 702
f 797 798 799
f 799 798 705
f 797 798 799
f 799 798 705
f 705 800 799
f 705 800 799
f 707 800 705
f 707 800 705
f 799 800 801
f 801 800 707
f 799 800 801
f 801 800 707
f 707 802 801
f 707 802 801
f 709 802 707
f 709 802 707
f 801 802 803
f 803 802 709
f 801 802 803
f 803 802 709
f 709 804 803
f 709 804 803
f 711 804 709
f 711 804 709
f 803 804 805
f 805 804 711
f 803 804 805
f 805 804 711
f 711 806 805
f 711 806 805
f 713 806 711
f 713 806 711
f 805 806 807
f 807 806 713
f 805 806 807
f 807 806 713
f 713 808 807
f 713 808 807
f 715 808 713
f 715 808 713
f 807 808 809
f 809 808 715
f 807 808 809
f 809 808 715
f 715 810 809
f 715 810 809
f 716 810 715
f 716 810 715
f 811 810 716
f 811 810 716
f 809 810 811
f 809 810 811
f 716 722 811
f 716 722 811
f 811 722 812
f 811 722 812
f 812 722 718
f 812 722 718
f 718 813 812
f 718 813 812
f 720 813 718
f 720 813 718
f 812 813 814
f 814 813 720
f 812 813 814
f 814 813 720
f 720 815 814
f 720 815 814
f 724 815 720
f 724 815 720
f 814 815 816
f 816 815 724
f 816 815 724
f 814 815 816
f 724 817 816
f 724 817 816
f 814 818 812
f 814 818 812
f 819 817 724
f 819 817 724
f 816 817 820
f 820 817 819
f 820 817 819
f 816 817 820
f 724 821 819
f 724 821 819
f 723 821 724
f 723 821 724
f 819 821 822
f 822 821 723
f 819 821 822
f 822 821 723
f 723 823 822
f 723 823 822
f 726 823 723
f 726 823 723
f 822 823 824
f 824 823 726
f 822 823 824
f 824 823 726
f 726 825 824
f 726 825 824
f 728 825 726
f 728 825 726
f 824 825 826
f 826 825 728
f 824 825 826
f 826 825 728
f 728 827 826
f 728 827 826
f 730 827 728
f 730 827 728
f 826 827 828
f 828 827 730
f 826 827 828
f 828 827 730
f 730 829 828
f 730 829 828
f 732 829 730
f 732 829 730
f 828 829 830
f 830 829 732
f 828 829 830
f 830 829 732
f 732 831 830
f 732 831 830
f 734 831 732
f 734 831 732
f 830 831 832
f 832 831 734
f 830 831 832
f 832 831 734
f 734 833 832
f 734 833 832
f 736 833 734
f 736 833 734
f 832 833 834
f 834 833 736
f 832 833 834
f 834 833 736
f 736 835 834
f 736 835 834
f 738 835 736
f 738 835 736
f 834 835 836
f 836 835 738
f 834 835 836
f 836 835 738
f 738 837 836
f 738 837 836
f 739 837 738
f 739 837 738
f 838 837 739
f 838 837 739
f 836 837 838
f 836 837 838
f 739 745 838
f 739 745 838
f 838 745 839
f 838 745 839
f 839 745 741
f 839 745 741
f 741 840 839
f 741 840 839
f 743 840 741
f 743 840 741
f 839 840 841
f 841 840 743
f 839 840 841
f 841 840 743
f 743 842 841
f 743 842 841
f 747 842 743
f 747 842 743
f 841 842 843
f 843 842 747
f 843 842 747
f 841 842 843
f 747 844 843
f 747 844 843
f 841 845 839
f 841 845 839
f 846 844 747
f 846 844 747
f 843 844 847
f 847 844 846
f 847 844 846
f 843 844 847
f 747 848 846
f 747 848 846
f 746 848 747
f 746 848 747
f 846 848 849
f 849 848 746
f 846 848 849
f 849 848 746
f 746 850 849
f 746 850 849
f 749 850 746
f 749 850 746
f 849 850 851
f 851 850 749
f 849 850 851
f 851 850 749
f 749 852 851
f 749 852 851
f 751 852 749
f 751 852 749
f 851 852 853
f 853 852 751
f 851 852 853
f 853 852 751
f 751 854 853
f 751 854 853
f 753 854 751
f 753 854 751
f 853 854 855
f 855 854 753
f 853 854 855
f 855 854 753
f 753 856 855
f 753 856 855
f 755 856 753
f 755 856 753
f 855 856 857
f 857 856 755
f 855 856 857
f 857 856 755
f 755 858 857
f 755 858 857
f 757 858 755
f 757 858 755
f 857 858 859
f 859 858 757
f 857 858 859
f 859 858 757
f 757 860 859
f 757 860 859
f 759 860 757
f 759 860 757
f 859 860 861
f 861 860 759
f 859 860 861
f 861 860 759
f 759 862 861
f 759 862 861
f 761 862 759
f 761 862 759
f 861 862 863
f 863 862 761
f 861 862 863
f 863 862 761
f 761 864 863
f 761 864 863
f 762 864 761
f 762 864 761
f 865 864 762
f 865 864 762
f 863 864 865
f 863 864 865
f 762 768 865
f 762 768 865
f 865 768 866
f 865 768 866
f 866 768 764
f 866 768 764
f 764 867 866
f 764 867 866
f 766 867 764
f 766 867 764
f 866 867 868
f 868 867 766
f 866 867 868
f 868 867 766
f 766 869 868
f 766 869 868
f 770 869 766
f 770 869 766
f 868 869 870
f 870 869 770
f 870 869 770
f 868 869 870
f 770 871 870
f 770 871 870
f 868 872 866
f 868 872 866
f 873 871 770
f 873 871 770
f 870 871 874
f 874 871 873
f 874 871 873
f 870 871 874
f 770 875 873
f 770 875 873
f 769 875 770
f 769 875 770
f 873 875 876
f 876 875 769
f 873 875 876
f 876 875 769
f 769 877 876
f 769 877 876
f 772 877 769
f 772 877 769
f 876 877 878
f 878 877 772
f 876 877 878
f 878 877 772
f 772 879 878
f 772 879 878
f 774 879 772
f 774 879 772
f 878 879 880
f 880 879 774
f 878 879 880
f 880 879 774
f 774 881 880
f 774 881 880
f 776 881 774
f 776 881 774
f 880 881 882
f 882 881 776
f 880 881 882
f 882 881 776
f 776 883 882
f 776 883 882
f 778 883 776
f 778 883 776
f 882 883 884
f 884 883 778
f 882 883 884
f 884 883 778
f 778 885 884
f 778 885 884
f 780 885 778
f 780 885 778
f 884 885 886
f 886 885 780
f 884 885 886
f 886 885 780
f 780 887 886
f 780 887 886
f 782 887 780
f 782 887 780
f 886 887 888
f 888 887 782
f 886 887 888
f 888 887 782
f 782 889 888
f 782 889 888
f 784 889 782
f 784 889 782
f 888 889 890
f 890 889 784
f 888 889 890
f 890 889 784
f 784 891 890
f 784 891 890
f 786 891 784
f 786 891 784
f 890 891 892
f 892 891 786
f 890 891 892
f 892 891 786
f 786 893 892
f 786 893 892
f 787 893 786
f 787 893 786
f 894 893 787
f 894 893 787
f 892 893 894
f 892 893 894
f 787 793 894
f 787 793 894
f 894 793 895
f 894 793 895
f 895 793 789
f 895 793 789
f 789 896 895
f 789 896 895
f 791 896 789
f 791 896 789
f 895 896 897
f 897 896 791
f 895 896 897
f 897 896 791
f 791 898 897
f 791 898 897
f 795 898 791
f 795 898 791
f 897 898 899
f 899 898 795
f 899 898 795
f 897 898 899
f 795 900 899
f 795 900 899
f 897 901 895
f 897 901 895
f 902 900 795
f 902 900 795
f 899 900 903
f 903 900 902
f 903 900 902
f 899 900 903
f 795 904 902
f 795 904 902
f 794 904 795
f 794 904 795
f 902 904 905
f 905 904 794
f 902 904 905
f 905 904 794
f 794 906 905
f 794 906 905
f 797 906 794
f 797 906 794
f 905 906 907
f 907 906 797
f 905 906 907
f 907 906 797
f 797 908 907
f 797 908 907
f 799 908 797
f 799 908 797
f 907 908 909
f 909 908 799
f 907 908 909
f 909 908 799
f 799 910 909
f 799 910 909
f 801 910 799
f 801 910 799
f 909 910 911
f 911 910 801
f 909 910 911
f 911 910 801
f 801 912 911
f 801 912 911
f 803 912 801
f 803 912 801
f 911 912 913
f 913 912 803
f 911 912 913
f 913 912 803
f 803 914 913
f 803 914 913
f 805 914 803
f 805 914 803
f 913 914 915
f 915 914 805
f 913 914 915
f 915 914 805
f 805 916 915
f 805 916 915
f 807 916 805
f 807 916 805
f 915 916 917
f 917 916 807
f 915 916 917
f 917 916 807
f 807 918 917
f 807 918 917
f 809 918 807
f 809 918 807
f 917 918 919
f 919 918 809
f 917 918 919
f 919 918 809
f 809 920 919
f 809 920 919
f 811 920 809
f 811 920 809
f 919 920 921
f 921 920 811
f 919 920 921
f 921 920 811
f 811 922 921
f 811 922 921
f 812 922 811
f 812 922 811
f 923 922 812
f 923 922 812
f 921 922 923
f 921 922 923
f 812 818 923
f 812 818 923
f 923 818 924
f 923 818 924
f 924 818 814
f 924 818 814
f 814 925 924
f 814 925 924
f 816 925 814
f 816 925 814
f 924 925 926
f 926 925 816
f 924 925 926
f 926 925 816
f 816 927 926
f 816 927 926
f 820 927 816
f 820 927 816
f 926 927 928
f 928 927 820
f 928 927 820
f 926 927 928
f 820 929 928
f 820 929 928
f 926 930 924
f 926 930 924
f 931 929 820
f 931 929 820
f 928 929 932
f 932 929 931
f 932 929 931
f 928 929 932
f 820 933 931
f 820 933 931
f 819 933 820
f 819 933 820
f 931 933 934
f 934 933 819
f 931 933 934
f 934 933 819
f 819 935 934
f 819 935 934
f 822 935 819
f 822 935 819
f 934 935 936
f 936 935 822
f 934 935 936
f 936 935 822
f 822 937 936
f 822 937 936
f 824 937 822
f 824 937 822
f 936 937 938
f 938 937 824
f 936 937 938
f 938 937 824
f 824 939 938
f 824 939 938
f 826 939 824
f 826 939 824
f 938 939 940
f 940 939 826
f 938 939 940
f 940 939 826
f 826 941 940
f 826 941 940
f 828 941 826
f 828 941 826
f 940 941 942
f 942 941 828
f 940 941 942
f 942 941 828
f 828 943 942
f 828 943 942
f 830 943 828
f 830 943 828
f 942 943 944
f 944 943 830
f 942 943 944
f 944 943 830
f 830 945 944
f 830 945 944
f 832 945 830
f 832 945 830
f 944 945 946
f 946 945 832
f 944 945 946
f 946 945 832
f 832 947 946
f 832 947 946
f 834 947 832
f 834 947 832
f 946 947 948
f 948 947 834
f 946 947 948
f 948 947 834
f 834 949 948
f 834 949 948
f 836 949 834
f 836 949 834
f 948 949 950
f 950 949 836
f 948 949 950
f 950 949 836
f 836 951 950
f 836 951 950
f 838 951 836
f 838 951 836
f 950 951 952
f 952 951 838
f 950 951 952
f 952 951 838
f 838 953 952
f 838 953 952
f 839 953 838
f 839 953 838
f 954 953 839
f 954 953 839
f 952 953 954
f 952 953 954
f 839 845 954
f 839 845 954
f 954 845 955
f 954 845 955
f 955 845 841
f 955 845 841
f 841 956 955
f 841 956 955
f 843 956 841
f 843 956 841
f 955 956 957
f 957 956 843
f 955 956 957
f 957 956 843
f 843 958 957
f 843 958 957
f 847 958 843
f 847 958 843
f 957 958 959
f 959 958 847
f 959 958 847
f 957 958 959
f 847 960 959
f 847 960 959
f 957 961 955
f 957 961 955
f 962 960 847
f 962 960 847
f 959 960 963
f 963 960 962
f 963 960 962
f 959 960 963
f 847 964 962
f 847 964 962
f 846 964 847
f 846 964 847
f 962 964 965
f 965 964 846
f 962 964 965
f 965 964 846
f 846 966 965
f 846 966 965
f 849 966 846
f 849 966 846
f 965 966 967
f 967 966 849
f 965 966 967
f 967 966 849
f 849 968 967
f 849 968 967
f 851 968 849
f 851 968 849
f 967 968 969
f 969 968 851
f 967 968 969
f 969 968 851
f 851 970 969
f 851 970 969
f 853 970 851
f 853 970 851
f 969 970 971
f 971 970 853
f 969 970 971
f 971 970 853
f 853 972 971
f 853 972 971
f 855 972 853
f 855 972 853
f 971 972 973
f 973 972 855
f 971 972 973
f 973 972 855
f 855 974 973
f 855 974 973
f 857 974 855
f 857 974 855
f 973 974 975
f 975 974 857
f 973 974 975
f 975 974 857
f 857 976 975
f 857 976 975
f 859 976 857
f 859 976 857
f 975 976 977
f 977 976 859
f 975 976 977
f 977 976 859
f 859 978 977
f 859 978 977
f 861 978 859
f 861 978 859
f 977 978 979
f 979 978 861
f 977 978 979
f 979 978 861
f 977 980 975
f 979 980 977
f 977 980 975
f 979 980 977
f 975 980 981
f 981 980 979
f 975 980 981
f 981 980 979
f 981 982 975
f 981 982 975
f 975 982 973
f 975 982 973
f 983 982 981
f 983 982 981
f 973 982 983
f 973 982 983
f 861 984 979
f 861 984 979
f 863 984 861
f 863 984 861
f 979 984 985
f 985 984 863
f 979 984 985
f 985 984 863
f 979 986 981
f 985 986 979
f 979 986 981
f 985 986 979
f 981 986 987
f 987 986 985
f 981 986 987
f 987 986 985
f 987 988 981
f 987 988 981
f 981 988 983
f 981 988 983
f 989 988 987
f 989 988 987
f 983 988 989
f 983 988 989
f 863 990 985
f 863 990 985
f 865 990 863
f 865 990 863
f 985 990 991
f 991 990 865
f 985 990 991
f 991 990 865
f 985 992 987
f 991 992 985
f 985 992 987
f 991 992 985
f 987 992 993
f 993 992 991
f 987 992 993
f 993 992 991
f 993 994 987
f 993 994 987
f 987 994 989
f 987 994 989
f 995 994 993
f 995 994 993
f 989 994 995
f 989 994 995
f 865 996 991
f 865 996 991
f 866 996 865
f 866 996 865
f 997 996 866
f 997 996 866
f 991 996 997
f 991 996 997
f 866 872 997
f 866 872 997
f 991 998 993
f 991 998 993
f 997 998 991
f 997 998 991
f 993 998 999
f 999 998 997
f 993 998 999
f 999 998 997
f 999 1000 993
f 999 1000 993
f 993 1000 995
f 993 1000 995
f 1001 1000 999
f 1001 1000 999
f 995 1000 1001
f 995 1000 1001
f 997 872 1002
f 997 872 1002
f 1002 872 868
f 1002 872 868
f 997 1003 999
f 1002 1003 997
f 997 1003 999
f 1002 1003 997
f 999 1003 1004
f 1004 1003 1002
f 999 1003 1004
f 1004 1003 1002
f 999 1005 1001
f 1004 1005 999
f 999 1005 1001
f 1004 1005 999
f 1001 1005 1006
f 1006 1005 1004
f 1006 1005 1004
f 1001 1005 1006
f 868 1007 1002
f 868 1007 1002
f 870 1007 868
f 870 1007 868
f 1002 1007 1008
f 1008 1007 870
f 1002 1007 1008
f 1008 1007 870
f 1002 1009 1004
f 1008 1009 1002
f 1002 1009 1004
f 1008 1009 1002
f 1004 1009 1010
f 1010 1009 1008
f 1004 1009 1010
f 1010 1009 1008
f 1010 1011 1004
f 1010 1011 1004
f 1004 1011 1006
f 1004 1011 1006
f 1012 1011 1010
f 1012 1011 1010
f 1006 1011 1012
f 1006 1011 1012
f 870 1013 1008
f 870 1013 1008
f 874 1013 870
f 874 1013 870
f 1008 1013 1014
f 1014 1013 874
f 1008 1013 1014
f 1014 1013 874
f 1008 1015 1010
f 1014 1015 1008
f 1008 1015 1010
f 1014 1015 1008
f 1010 1015 1016
f 1016 1015 1014
f 1010 1015 1016
f 1016 1015 1014
f 1016 1017 1010
f 1016 1017 1010
f 1010 1017 1012
f 1010 1017 1012
f 1018 1017 1016
f 1018 1017 1016
f 1012 1017 1018
f 1012 1017 1018
f 1014 1019 1016
f 1014 1019 1016
f 1016 1019 1020
f 1016 1019 1020
f 1021 1019 1014
f 1021 1019 1014
f 1020 1019 1021
f 1020 1019 1021
f 1014 1022 1021
f 1014 1022 1021
f 874 1022 1014
f 874 1022 1014
f 1021 1022 1023
f 1023 1022 874
f 1021 1022 1023
f 1023 1022 874
f 1020 1024 1016
f 1020 1024 1016
f 1016 1024 1018
f 1016 1024 1018
f 1025 1024 1020
f 1025 1024 1020
f 1018 1024 1025
f 1018 1024 1025
f 874 1026 1023
f 874 1026 1023
f 873 1026 874
f 873 1026 874
f 1023 1026 1027
f 1027 1026 873
f 1023 1026 1027
f 1027 1026 873
f 873 1028 1027
f 873 1028 1027
f 876 1028 873
f 876 1028 873
f 1027 1028 1029
f 1029 1028 876
f 1027 1028 1029
f 1029 1028 876
f 876 1030 1029
f 876 1030 1029
f 878 1030 876
f 878 1030 876
f 1029 1030 1031
f 1031 1030 878
f 1029 1030 1031
f 1031 1030 878
f 878 1032 1031
f 878 1032 1031
f 880 1032 878
f 880 1032 878
f 1031 1032 1033
f 1033 1032 880
f 1031 1032 1033
f 1033 1032 880
f 880 1034 1033
f 880 1034 1033
f 882 1034 880
f 882 1034 880
f 1033 1034 1035
f 1035 1034 882
f 1033 1034 1035
f 1035 1034 882
f 882 1036 1035
f 882 1036 1035
f 884 1036 882
f 884 1036 882
f 1035 1036 1037
f 1037 1036 884
f 1035 1036 1037
f 1037 1036 884
f 884 1038 1037
f 884 1038 1037
f 886 1038 884
f 886 1038 884
f 1037 1038 1039
f 1039 1038 886
f 1037 1038 1039
f 1039 1038 886
f 886 1040 1039
f 886 1040 1039
f 888 1040 886
f 888 1040 886
f 1039 1040 1041
f 1041 1040 888
f 1039 1040 1041
f 1041 1040 888
f 1039 1042 1037
f 1041 1042 1039
f 1039 1042 1037
f 1041 1042 1039
f 1037 1042 1043
f 1043 1042 1041
f 1037 1042 1043
f 1043 1042 1041
f 1043 1044 1037
f 1043 1044 1037
f 1037 1044 1035
f 1037 1044 1035
f 1045 1044 1043
f 1045 1044 1043
f 1035 1044 1045
f 1035 1044 1045
f 888 1046 1041
f 888 1046 1041
f 890 1046 888
f 890 1046 888
f 1041 1046 1047
f 1047 1046 890
f 1041 1046 1047
f 1047 1046 890
f 1041 1048 1043
f 1047 1048 1041
f 1041 1048 1043
f 1047 1048 1041
f 1043 1048 1049
f 1049 1048 1047
f 1043 1048 1049
f 1049 1048 1047
f 1049 1050 1043
f 1049 1050 1043
f 1043 1050 1045
f 1043 1050 1045
f 1051 1050 1049
f 1051 1050 1049
f 1045 1050 1051
f 1045 1050 1051
f 890 1052 1047
f 890 1052 1047
f 892 1052 890
f 892 1052 890
f 1047 1052 1053
f 1053 1052 892
f 1047 1052 1053
f 1053 1052 892
f 1047 1054 1049
f 1053 1054 1047
f 1047 1054 1049
f 1053 1054 1047
f 1049 1054 1055
f 1055 1054 1053
f 1049 1054 1055
f 1055 1054 1053
f 1055 1056 1049
f 1055 1056 1049
f 1049 1056 1051
f 1049 1056 1051
f 1057 1056 1055
f 1057 1056 1055
f 1051 1056 1057
f 1051 1056 1057
f 892 1058 1053
f 892 1058 1053
f 894 1058 892
f 894 1058 892
f 1053 1058 1059
f 1059 1058 894
f 1053 1058 1059
f 1059 1058 894
f 1053 1060 1055
f 1059 1060 1053
f 1053 1060 1055
f 1059 1060 1053
f 1055 1060 1061
f 1061 1060 1059
f 1055 1060 1061
f 1061 1060 1059
f 1061 1062 1055
f 1061 1062 1055
f 1055 1062 1057
f 1055 1062 1057
f 1063 1062 1061
f 1063 1062 1061
f 1057 1062 1063
f 1057 1062 1063
f 894 1064 1059
f 894 1064 1059
f 895 1064 894
f 895 1064 894
f 1065 1064 895
f 1065 1064 895
f 1059 1064 1065
f 1059 1064 1065
f 895 901 1065
f 895 901 1065
f 1059 1066 1061
f 1059 1066 1061
f 1065 1066 1059
f 1065 1066 1059
f 1061 1066 1067
f 1067 1066 1065
f 1061 1066 1067
f 1067 1066 1065
f 1067 1068 1061
f 1067 1068 1061
f 1061 1068 1063
f 1061 1068 1063
f 1069 1068 1067
f 1069 1068 1067
f 1063 1068 1069
f 1063 1068 1069
f 1065 901 1070
f 1065 901 1070
f 1070 901 897
f 1070 901 897
f 1065 1071 1067
f 1070 1071 1065
f 1065 1071 1067
f 1070 1071 1065
f 1067 1071 1072
f 1072 1071 1070
f 1067 1071 1072
f 1072 1071 1070
f 1067 1073 1069
f 1072 1073 1067
f 1067 1073 1069
f 1072 1073 1067
f 1069 1073 1074
f 1074 1073 1072
f 1074 1073 1072
f 1069 1073 1074
f 897 1075 1070
f 897 1075 1070
f 899 1075 897
f 899 1075 897
f 1070 1075 1076
f 1076 1075 899
f 1070 1075 1076
f 1076 1075 899
f 1070 1077 1072
f 1076 1077 1070
f 1070 1077 1072
f 1076 1077 1070
f 1072 1077 1078
f 1078 1077 1076
f 1072 1077 1078
f 1078 1077 1076
f 1078 1079 1072
f 1078 1079 1072
f 1072 1079 1074
f 1072 1079 1074
f 1080 1079 1078
f 1080 1079 1078
f 1074 1079 1080
f 1074 1079 1080
f 899 1081 1076
f 899 1081 1076
f 903 1081 899
f 903 1081 899
f 1076 1081 1082
f 1082 1081 903
f 1076 1081 1082
f 1082 1081 903
f 1076 1083 1078
f 1082 1083 1076
f 1076 1083 1078
f 1082 1083 1076
f 1078 1083 1084
f 1084 1083 1082
f 1078 1083 1084
f 1084 1083 1082
f 1084 1085 1078
f 1084 1085 1078
f 1078 1085 1080
f 1078 1085 1080
f 1086 1085 1084
f 1086 1085 1084
f 1080 1085 1086
f 1080 1085 1086
f 1082 1087 1084
f 1082 1087 1084
f 1084 1087 1088
f 1084 1087 1088
f 1089 1087 1082
f 1089 1087 1082
f 1088 1087 1089
f 1088 1087 1089
f 1082 1090 1089
f 1082 1090 1089
f 903 1090 1082
f 903 1090 1082
f 1089 1090 1091
f 1091 1090 903
f 1089 1090 1091
f 1091 1090 903
f 1088 1092 1084
f 1088 1092 1084
f 1084 1092 1086
f 1084 1092 1086
f 1093 1092 1088
f 1093 1092 1088
f 1086 1092 1093
f 1086 1092 1093
f 903 1094 1091
f 903 1094 1091
f 902 1094 903
f 902 1094 903
f 1091 1094 1095
f 1095 1094 902
f 1091 1094 1095
f 1095 1094 902
f 902 1096 1095
f 902 1096 1095
f 905 1096 902
f 905 1096 902
f 1095 1096 1097
f 1097 1096 905
f 1095 1096 1097
f 1097 1096 905
f 905 1098 1097
f 905 1098 1097
f 907 1098 905
f 907 1098 905
f 1097 1098 1099
f 1099 1098 907
f 1097 1098 1099
f 1099 1098 907
f 907 1100 1099
f 907 1100 1099
f 909 1100 907
f 909 1100 907
f 1099 1100 1101
f 1101 1100 909
f 1099 1100 1101
f 1101 1100 909
f 909 1102 1101
f 909 1102 1101
f 911 1102 909
f 911 1102 909
f 1101 1102 1103
f 1103 1102 911
f 1101 1102 1103
f 1103 1102 911
f 911 1104 1103
f 911 1104 1103
f 913 1104 911
f 913 1104 911
f 1103 1104 1105
f 1105 1104 913
f 1103 1104 1105
f 1105 1104 913
f 913 1106 1105
f 913 1106 1105
f 915 1106 913
f 915 1106 913
f 1105 1106 1107
f 1107 1106 915
f 1105 1106 1107
f 1107 1106 915
f 915 1108 1107
f 915 1108 1107
f 917 1108 915
f 917 1108 915
f 1107 1108 1109
f 1109 1108 917
f 1107 1108 1109
f 1109 1108 917
f 917 1110 1109
f 917 1110 1109
f 919 1110 917
f 919 1110 917
f 1109 1110 1111
f 1111 1110 919
f 1109 1110 1111
f 1111 1110 919
f 919 1112 1111
f 919 1112 1111
f 921 1112 919
f 921 1112 919
f 1111 1112 1113
f 1113 1112 921
f 1111 1112 1113
f 1113 1112 921
f 921 1114 1113
f 921 1114 1113
f 923 1114 921
f 923 1114 921
f 1113 1114 1115
f 1115 1114 923
f 1113 1114 1115
f 1115 1114 923
f 923 1116 1115
f 923 1116 1115
f 924 1116 923
f 924 1116 923
f 1117 1116 924
f 1117 1116 924
f 1115 1116 1117
f 1115 1116 1117
f 924 930 1117
f 924 930 1117
f 1117 930 1118
f 1117 930 1118
f 1118 930 926
f 1118 930 926
f 926 1119 1118
f 926 1119 1118
f 928 1119 926
f 928 1119 926
f 1118 1119 1120
f 1120 1119 928
f 1118 1119 1120
f 1120 1119 928
f 928 1121 1120
f 928 1121 1120
f 932 1121 928
f 932 1121 928
f 1120 1121 1122
f 1122 1121 932
f 1122 1121 932
f 1120 1121 1122
f 932 1123 1122
f 932 1123 1122
f 1120 1124 1118
f 1120 1124 1118
f 1125 1123 932
f 1125 1123 932
f 1122 1123 1126
f 1126 1123 1125
f 1126 1123 1125
f 1122 1123 1126
f 932 1127 1125
f 932 1127 1125
f 931 1127 932
f 931 1127 932
f 1125 1127 1128
f 1128 1127 931
f 1125 1127 1128
f 1128 1127 931
f 931 1129 1128
f 931 1129 1128
f 934 1129 931
f 934 1129 931
f 1128 1129 1130
f 1130 1129 934
f 1128 1129 1130
f 1130 1129 934
f 934 1131 1130
f 934 1131 1130
f 936 1131 934
f 936 1131 934
f 1130 1131 1132
f 1132 1131 936
f 1130 1131 1132
f 1132 1131 936
f 936 1133 1132
f 936 1133 1132
f 938 1133 936
f 938 1133 936
f 1132 1133 1134
f 1134 1133 938
f 1132 1133 1134
f 1134 1133 938
f 938 1135 1134
f 938 1135 1134
f 940 1135 938
f 940 1135 938
f 1134 1135 1136
f 1136 1135 940
f 1134 1135 1136
f 1136 1135 940
f 940 1137 1136
f 940 1137 1136
f 942 1137 940
f 942 1137 940
f 1136 1137 1138
f 1138 1137 942
f 1136 1137 1138
f 1138 1137 942
f 942 1139 1138
f 942 1139 1138
f 944 1139 942
f 944 1139 942
f 1138 1139 1140
f 1140 1139 944
f 1138 1139 1140
f 1140 1139 944
f 944 1141 1140
f 944 1141 1140
f 946 1141 944
f 946 1141 944
f 1140 1141 1142
f 1142 1141 946
f 1140 1141 1142
f 1142 1141 946
f 946 1143 1142
f 946 1143 1142
f 948 1143 946
f 948 1143 946
f 1142 1143 1144
f 1144 1143 948
f 1142 1143 1144
f 1144 1143 948
f 948 1145 1144
f 948 1145 1144
f 950 1145 948
f 950 1145 948
f 1144 1145 1146
f 1146 1145 950
f 1144 1145 1146
f 1146 1145 950
f 950 1147 1146
f 950 1147 1146
f 952 1147 950
f 952 1147 950
f 1146 1147 1148
f 1148 1147 952
f 1146 1147 1148
f 1148 1147 952
f 952 1149 1148
f 952 1149 1148
f 954 1149 952
f 954 1149 952
f 1148 1149 1150
f 1150 1149 954
f 1148 1149 1150
f 1150 1149 954
f 954 1151 1150
f 954 1151 1150
f 955 1151 954
f 955 1151 954
f 1152 1151 955
f 1152 1151 955
f 1150 1151 1152
f 1150 1151 1152
f 955 961 1152
f 955 961 1152
f 1152 961 1153
f 1152 961 1153
f 1153 961 957
f 1153 961 957
f 957 1154 1153
f 957 1154 1153
f 959 1154 957
f 959 1154 957
f 1153 1154 1155
f 1155 1154 959
f 1153 1154 1155
f 1155 1154 959
f 959 1156 1155
f 959 1156 1155
f 963 1156 959
f 963 1156 959
f 1155 1156 1157
f 1157 1156 963
f 1157 1156 963
f 1155 1156 1157
f 963 1158 1157
f 963 1158 1157
f 1155 1159 1153
f 1155 1159 1153
f 1160 1158 963
f 1160 1158 963
f 1157 1158 1161
f 1161 1158 1160
f 1161 1158 1160
f 1157 1158 1161
f 963 1162 1160
f 963 1162 1160
f 962 1162 963
f 962 1162 963
f 1160 1162 1163
f 1163 1162 962
f 1160 1162 1163
f 1163 1162 962
f 962 1164 1163
f 962 1164 1163
f 965 1164 962
f 965 1164 962
f 1163 1164 1165
f 1165 1164 965
f 1163 1164 1165
f 1165 1164 965
f 965 1166 1165
f 965 1166 1165
f 967 1166 965
f 967 1166 965
f 1165 1166 1167
f 1167 1166 967
f 1165 1166 1167
f 1167 1166 967
f 967 1168 1167
f 967 1168 1167
f 969 1168 967
f 969 1168 967
f 1167 1168 1169
f 1169 1168 969
f 1167 1168 1169
f 1169 1168 969
f 969 1170 1169
f 969 1170 1169
f 971 1170 969
f 971 1170 969
f 1169 1170 1171
f 1171 1170 971
f 1169 1170 1171
f 1171 1170 971
f 971 1172 1171
f 971 1172 1171
f 973 1172 971
f 973 1172 971
f 983 1172 973
f 983 1172 973
f 1171 1172 983
f 1171 1172 983
f 983 1173 1171
f 983 1173 1171
f 989 1173 983
f 989 1173 983
f 1171 1173 1174
f 1174 1173 989
f 1171 1173 1174
f 1174 1173 989
f 1171 1175 1169
f 1174 1175 1171
f 1171 1175 1169
f 1174 1175 1171
f 1169 1175 1176
f 1176 1175 1174
f 1169 1175 1176
f 1176 1175 1174
f 1176 1177 1169
f 1176 1177 1169
f 1169 1177 1167
f 1169 1177 1167
f 1178 1177 1176
f 1178 1177 1176
f 1167 1177 1178
f 1167 1177 1178
f 989 1179 1174
f 989 1179 1174
f 995 1179 989
f 995 1179 989
f 1174 1179 1180
f 1180 1179 995
f 1174 1179 1180
f 1180 1179 995
f 1174 1181 1176
f 1180 1181 1174
f 1174 1181 1176
f 1180 1181 1174
f 1176 1181 1182
f 1182 1181 1180
f 1176 1181 1182
f 1182 1181 1180
f 1182 1183 1176
f 1182 1183 1176
f 1176 1183 1178
f 1176 1183 1178
f 1184 1183 1182
f 1184 1183 1182
f 1178 1183 1184
f 1178 1183 1184
f 995 1185 1180
f 995 1185 1180
f 1001 1185 995
f 1001 1185 995
f 1180 1185 1186
f 1186 1185 1001
f 1180 1185 1186
f 1186 1185 1001
f 1180 1187 1182
f 1186 1187 1180
f 1180 1187 1182
f 1186 1187 1180
f 1182 1187 1188
f 1188 1187 1186
f 1182 1187 1188
f 1188 1187 1186
f 1188 1189 1182
f 1188 1189 1182
f 1182 1189 1184
f 1182 1189 1184
f 1190 1189 1188
f 1190 1189 1188
f 1184 1189 1190
f 1184 1189 1190
f 1186 1191 1188
f 1186 1191 1188
f 1188 1191 1190
f 1188 1191 1190
f 1192 1191 1186
f 1192 1191 1186
f 1190 1191 1192
f 1190 1191 1192
f 1001 1193 1186
f 1001 1193 1186
f 1186 1193 1192
f 1186 1193 1192
f 1006 1193 1001
f 1006 1193 1001
f 1192 1193 1006
f 1192 1193 1006
f 1006 1194 1192
f 1006 1194 1192
f 1012 1194 1006
f 1012 1194 1006
f 1192 1194 1195
f 1195 1194 1012
f 1192 1194 1195
f 1195 1194 1012
f 1192 1196 1190
f 1195 1196 1192
f 1192 1196 1190
f 1195 1196 1192
f 1190 1196 1197
f 1197 1196 1195
f 1190 1196 1197
f 1197 1196 1195
f 1197 1198 1190
f 1197 1198 1190
f 1190 1198 1184
f 1190 1198 1184
f 1199 1198 1197
f 1199 1198 1197
f 1184 1198 1199
f 1184 1198 1199
f 1012 1200 1195
f 1012 1200 1195
f 1018 1200 1012
f 1018 1200 1012
f 1195 1200 1201
f 1201 1200 1018
f 1195 1200 1201
f 1201 1200 1018
f 1195 1202 1197
f 1201 1202 1195
f 1195 1202 1197
f 1201 1202 1195
f 1197 1202 1203
f 1203 1202 1201
f 1197 1202 1203
f 1203 1202 1201
f 1203 1204 1197
f 1203 1204 1197
f 1197 1204 1199
f 1197 1204 1199
f 1205 1204 1203
f 1205 1204 1203
f 1199 1204 1205
f 1199 1204 1205
f 1018 1206 1201
f 1018 1206 1201
f 1025 1206 1018
f 1025 1206 1018
f 1201 1206 1207
f 1207 1206 1025
f 1201 1206 1207
f 1207 1206 1025
f 1201 1208 1203
f 1207 1208 1201
f 1201 1208 1203
f 1207 1208 1201
f 1203 1208 1209
f 1209 1208 1207
f 1203 1208 1209
f 1209 1208 1207
f 1209 1210 1203
f 1209 1210 1203
f 1203 1210 1205
f 1203 1210 1205
f 1211 1210 1209
f 1211 1210 1209
f 1205 1210 1211
f 1205 1210 1211
f 1207 1212 1209
f 1207 1212 1209
f 1209 1212 1213
f 1209 1212 1213
f 1214 1212 1207
f 1214 1212 1207
f 1213 1212 1214
f 1213 1212 1214
f 1207 1215 1214
f 1207 1215 1214
f 1025 1215 1207
f 1025 1215 1207
f 1214 1215 1216
f 1216 1215 1025
f 1214 1215 1216
f 1216 1215 1025
f 1213 1217 1209
f 1213 1217 1209
f 1209 1217 1211
f 1209 1217 1211
f 1218 1217 1213
f 1218 1217 1213
f 1211 1217 1218
f 1211 1217 1218
f 1025 1219 1216
f 1025 1219 1216
f 1020 1219 1025
f 1020 1219 1025
f 1216 1219 1220
f 1220 1219 1020
f 1216 1219 1220
f 1220 1219 1020
f 1020 1221 1220
f 1020 1221 1220
f 1021 1221 1020
f 1021 1221 1020
f 1220 1221 1222
f 1222 1221 1021
f 1220 1221 1222
f 1222 1221 1021
f 1021 1223 1222
f 1021 1223 1222
f 1023 1223 1021
f 1023 1223 1021
f 1222 1223 1224
f 1224 1223 1023
f 1222 1223 1224
f 1224 1223 1023
f 1023 1225 1224
f 1023 1225 1224
f 1027 1225 1023
f 1027 1225 1023
f 1224 1225 1226
f 1226 1225 1027
f 1224 1225 1226
f 1226 1225 1027
f 1027 1227 1226
f 1027 1227 1226
f 1029 1227 1027
f 1029 1227 1027
f 1226 1227 1228
f 1228 1227 1029
f 1226 1227 1228
f 1228 1227 1029
f 1029 1229 1228
f 1029 1229 1228
f 1031 1229 1029
f 1031 1229 1029
f 1228 1229 1230
f 1230 1229 1031
f 1228 1229 1230
f 1230 1229 1031
f 1031 1231 1230
f 1031 1231 1230
f 1033 1231 1031
f 1033 1231 1031
f 1230 1231 1232
f 1232 1231 1033
f 1230 1231 1232
f 1232 1231 1033
f 1033 1233 1232
f 1033 1233 1232
f 1035 1233 1033
f 1035 1233 1033
f 1045 1233 1035
f 1045 1233 1035
f 1232 1233 1045
f 1232 1233 1045
f 1045 1234 1232
f 1045 1234 1232
f 1051 1234 1045
f 1051 1234 1045
f 1232 1234 1235
f 1235 1234 1051
f 1232 1234 1235
f 1235 1234 1051
f 1232 1236 1230
f 1235 1236 1232
f 1232 1236 1230
f 1235 1236 1232
f 1230 1236 1237
f 1237 1236 1235
f 1230 1236 1237
f 1237 1236 1235
f 1237 1238 1230
f 1237 1238 1230
f 1230 1238 1228
f 1230 1238 1228
f 1239 1238 1237
f 1239 1238 1237
f 1228 1238 1239
f 1228 1238 1239
f 1051 1240 1235
f 1051 1240 1235
f 1057 1240 1051
f 1057 1240 1051
f 1235 1240 1241
f 1241 1240 1057
f 1235 1240 1241
f 1241 1240 1057
f 1235 1242 1237
f 1241 1242 1235
f 1235 1242 1237
f 1241 1242 1235
f 1237 1242 1243
f 1243 1242 1241
f 1237 1242 1243
f 1243 1242 1241
f 1243 1244 1237
f 1243 1244 1237
f 1237 1244 1239
f 1237 1244 1239
f 1245 1244 1243
f 1245 1244 1243
f 1239 1244 1245
f 1239 1244 1245
f 1057 1246 1241
f 1057 1246 1241
f 1063 1246 1057
f 1063 1246 1057
f 1241 1246 1247
f 1247 1246 1063
f 1241 1246 1247
f 1247 1246 1063
f 1241 1248 1243
f 1247 1248 1241
f 1241 1248 1243
f 1247 1248 1241
f 1243 1248 1249
f 1249 1248 1247
f 1243 1248 1249
f 1249 1248 1247
f 1249 1250 1243
f 1249 1250 1243
f 1243 1250 1245
f 1243 1250 1245
f 1251 1250 1249
f 1251 1250 1249
f 1245 1250 1251
f 1245 1250 1251
f 1247 1252 1249
f 1247 1252 1249
f 1249 1252 1251
f 1249 1252 1251
f 1253 1252 1247
f 1253 1252 1247
f 1251 1252 1253
f 1251 1252 1253
f 1063 1254 1247
f 1063 1254 1247
f 1247 1254 1253
f 1247 1254 1253
f 1069 1254 1063
f 1069 1254 1063
f 1253 1254 1069
f 1253 1254 1069
f 1069 1255 1253
f 1069 1255 1253
f 1074 1255 1069
f 1074 1255 1069
f 1253 1255 1256
f 1256 1255 1074
f 1253 1255 1256
f 1256 1255 1074
f 1253 1257 1251
f 1256 1257 1253
f 1253 1257 1251
f 1256 1257 1253
f 1251 1257 1258
f 1258 1257 1256
f 1251 1257 1258
f 1258 1257 1256
f 1258 1259 1251
f 1258 1259 1251
f 1251 1259 1245
f 1251 1259 1245
f 1260 1259 1258
f 1260 1259 1258
f 1245 1259 1260
f 1245 1259 1260
f 1074 1261 1256
f 1074 1261 1256
f 1080 1261 1074
f 1080 1261 1074
f 1256 1261 1262
f 1262 1261 1080
f 1256 1261 1262
f 1262 1261 1080
f 1256 1263 1258
f 1262 1263 1256
f 1256 1263 1258
f 1262 1263 1256
f 1258 1263 1264
f 1264 1263 1262
f 1258 1263 1264
f 1264 1263 1262
f 1264 1265 1258
f 1264 1265 1258
f 1258 1265 1260
f 1258 1265 1260
f 1266 1265 1264
f 1266 1265 1264
f 1260 1265 1266
f 1260 1265 1266
f 1080 1267 1262
f 1080 1267 1262
f 1086 1267 1080
f 1086 1267 1080
f 1262 1267 1268
f 1268 1267 1086
f 1262 1267 1268
f 1268 1267 1086
f 1262 1269 1264
f 1268 1269 1262
f 1262 1269 1264
f 1268 1269 1262
f 1264 1269 1270
f 1270 1269 1268
f 1264 1269 1270
f 1270 1269 1268
f 1270 1271 1264
f 1270 1271 1264
f 1264 1271 1266
f 1264 1271 1266
f 1272 1271 1270
f 1272 1271 1270
f 1266 1271 1272
f 1266 1271 1272
f 1086 1273 1268
f 1086 1273 1268
f 1093 1273 1086
f 1093 1273 1086
f 1268 1273 1274
f 1274 1273 1093
f 1268 1273 1274
f 1274 1273 1093
f 1268 1275 1270
f 1274 1275 1268
f 1268 1275 1270
f 1274 1275 1268
f 1270 1275 1276
f 1276 1275 1274
f 1270 1275 1276
f 1276 1275 1274
f 1276 1277 1270
f 1276 1277 1270
f 1270 1277 1272
f 1270 1277 1272
f 1278 1277 1276
f 1278 1277 1276
f 1272 1277 1278
f 1272 1277 1278
f 1274 1279 1276
f 1274 1279 1276
f 1276 1279 439
f 1276 1279 439
f 440 1279 1274
f 440 1279 1274
f 439 1279 440
f 439 1279 440
f 1274 1280 440
f 1274 1280 440
f 1093 1280 1274
f 1093 1280 1274
f 440 1280 442
f 442 1280 1093
f 440 1280 442
f 442 1280 1093
f 439 1281 1276
f 439 1281 1276
f 1276 1281 1278
f 1276 1281 1278
f 1282 1281 439
f 1282 1281 439
f 1278 1281 1282
f 1278 1281 1282
f 1093 1283 442
f 1093 1283 442
f 1088 1283 1093
f 1088 1283 1093
f 442 1283 459
f 459 1283 1088
f 442 1283 459
f 459 1283 1088
f 1088 1284 459
f 1088 1284 459
f 1089 1284 1088
f 1089 1284 1088
f 459 1284 461
f 461 1284 1089
f 459 1284 461
f 461 1284 1089
f 1089 1285 461
f 1089 1285 461
f 1091 1285 1089
f 1091 1285 1089
f 461 1285 339
f 339 1285 1091
f 461 1285 339
f 339 1285 1091
f 1091 1286 339
f 1091 1286 339
f 1095 1286 1091
f 1095 1286 1091
f 339 1286 334
f 334 1286 1095
f 339 1286 334
f 334 1286 1095
f 1095 1287 334
f 1095 1287 334
f 1097 1287 1095
f 1097 1287 1095
f 334 1287 330
f 330 1287 1097
f 334 1287 330
f 330 1287 1097
f 1097 1288 330
f 1097 1288 330
f 1099 1288 1097
f 1099 1288 1097
f 330 1288 326
f 326 1288 1099
f 330 1288 326
f 326 1288 1099
f 1099 1289 326
f 1099 1289 326
f 1101 1289 1099
f 1101 1289 1099
f 326 1289 322
f 322 1289 1101
f 326 1289 322
f 322 1289 1101
f 1101 1290 322
f 1101 1290 322
f 1103 1290 1101
f 1103 1290 1101
f 322 1290 75
f 75 1290 1103
f 322 1290 75
f 75 1290 1103
f 1103 1291 75
f 1103 1291 75
f 1105 1291 1103
f 1105 1291 1103
f 75 1291 70
f 70 1291 1105
f 75 1291 70
f 70 1291 1105
f 1105 1292 70
f 1105 1292 70
f 1107 1292 1105
f 1107 1292 1105
f 70 1292 66
f 66 1292 1107
f 70 1292 66
f 66 1292 1107
f 1107 1293 66
f 1107 1293 66
f 1109 1293 1107
f 1109 1293 1107
f 66 1293 62
f 62 1293 1109
f 66 1293 62
f 62 1293 1109
f 1109 1294 62
f 1109 1294 62
f 1111 1294 1109
f 1111 1294 1109
f 62 1294 58
f 58 1294 1111
f 62 1294 58
f 58 1294 1111
f 1111 1295 58
f 1111 1295 58
f 1113 1295 1111
f 1113 1295 1111
f 58 1295 57
f 57 1295 1113
f 58 1295 57
f 57 1295 1113
f 1113 1296 57
f 1113 1296 57
f 1115 1296 1113
f 1115 1296 1113
f 57 1296 187
f 187 1296 1115
f 57 1296 187
f 187 1296 1115
f 1115 1297 187
f 1115 1297 187
f 1117 1297 1115
f 1117 1297 1115
f 187 1297 183
f 183 1297 1117
f 187 1297 183
f 183 1297 1117
f 1117 1298 183
f 1117 1298 183
f 1118 1298 1117
f 1118 1298 1117
f 179 1298 1118
f 179 1298 1118
f 183 1298 179
f 183 1298 179
f 1118 1124 179
f 1118 1124 179
f 179 1124 175
f 179 1124 175
f 175 1124 1120
f 175 1124 1120
f 1120 1299 175
f 1120 1299 175
f 1122 1299 1120
f 1122 1299 1120
f 175 1299 169
f 169 1299 1122
f 175 1299 169
f 169 1299 1122
f 1122 1300 169
f 1122 1300 169
f 1126 1300 1122
f 1126 1300 1122
f 169 1300 168
f 168 1300 1126
f 168 1300 1126
f 169 1300 168
f 1126 1301 168
f 1126 1301 168
f 169 171 175
f 169 171 175
f 109 1301 1126
f 109 1301 1126
f 168 1301 114
f 114 1301 109
f 114 1301 109
f 168 1301 114
f 1126 1302 109
f 1126 1302 109
f 1125 1302 1126
f 1125 1302 1126
f 109 1302 104
f 104 1302 1125
f 109 1302 104
f 104 1302 1125
f 1125 1303 104
f 1125 1303 104
f 1128 1303 1125
f 1128 1303 1125
f 104 1303 103
f 103 1303 1128
f 104 1303 103
f 103 1303 1128
f 1128 1304 103
f 1128 1304 103
f 1130 1304 1128
f 1130 1304 1128
f 103 1304 160
f 160 1304 1130
f 103 1304 160
f 160 1304 1130
f 1130 1305 160
f 1130 1305 160
f 1132 1305 1130
f 1132 1305 1130
f 160 1305 156
f 156 1305 1132
f 160 1305 156
f 156 1305 1132
f 1132 1306 156
f 1132 1306 156
f 1134 1306 1132
f 1134 1306 1132
f 156 1306 152
f 152 1306 1134
f 156 1306 152
f 152 1306 1134
f 1134 1307 152
f 1134 1307 152
f 1136 1307 1134
f 1136 1307 1134
f 152 1307 148
f 148 1307 1136
f 152 1307 148
f 148 1307 1136
f 1136 1308 148
f 1136 1308 148
f 1138 1308 1136
f 1138 1308 1136
f 148 1308 147
f 147 1308 1138
f 148 1308 147
f 147 1308 1138
f 1138 1309 147
f 1138 1309 147
f 1140 1309 1138
f 1140 1309 1138
f 147 1309 1310
f 1310 1309 1140
f 147 1309 1310
f 1310 1309 1140
f 1140 1311 1310
f 1140 1311 1310
f 1142 1311 1140
f 1142 1311 1140
f 1310 1311 1312
f 1312 1311 1142
f 1310 1311 1312
f 1312 1311 1142
f 1142 1313 1312
f 1142 1313 1312
f 1144 1313 1142
f 1144 1313 1142
f 1312 1313 1314
f 1314 1313 1144
f 1312 1313 1314
f 1314 1313 1144
f 1144 1315 1314
f 1144 1315 1314
f 1146 1315 1144
f 1146 1315 1144
f 1314 1315 1316
f 1316 1315 1146
f 1314 1315 1316
f 1316 1315 1146
f 1146 1317 1316
f 1146 1317 1316
f 1148 1317 1146
f 1148 1317 1146
f 1316 1317 1318
f 1318 1317 1148
f 1316 1317 1318
f 1318 1317 1148
f 1148 1319 1318
f 1148 1319 1318
f 1150 1319 1148
f 1150 1319 1148
f 1318 1319 1320
f 1320 1319 1150
f 1318 1319 1320
f 1320 1319 1150
f 1150 1321 1320
f 1150 1321 1320
f 1152 1321 1150
f 1152 1321 1150
f 1320 1321 1322
f 1322 1321 1152
f 1320 1321 1322
f 1322 1321 1152
f 1152 1323 1322
f 1152 1323 1322
f 1153 1323 1152
f 1153 1323 1152
f 1324 1323 1153
f 1324 1323 1153
f 1322 1323 1324
f 1322 1323 1324
f 1153 1159 1324
f 1153 1159 1324
f 1324 1159 1325
f 1324 1159 1325
f 1325 1159 1155
f 1325 1159 1155
f 1155 1326 1325
f 1155 1326 1325
f 1157 1326 1155
f 1157 1326 1155
f 1325 1326 1327
f 1327 1326 1157
f 1325 1326 1327
f 1327 1326 1157
f 1157 1328 1327
f 1157 1328 1327
f 1161 1328 1157
f 1161 1328 1157
f 1327 1328 1329
f 1329 1328 1161
f 1329 1328 1161
f 1327 1328 1329
f 1161 1330 1329
f 1161 1330 1329
f 1327 1331 1325
f 1327 1331 1325
f 1332 1330 1161
f 1332 1330 1161
f 1329 1330 1333
f 1333 1330 1332
f 1333 1330 1332
f 1329 1330 1333
f 1161 1334 1332
f 1161 1334 1332
f 1160 1334 1161
f 1160 1334 1161
f 1332 1334 1335
f 1335 1334 1160
f 1332 1334 1335
f 1335 1334 1160
f 1160 1336 1335
f 1160 1336 1335
f 1163 1336 1160
f 1163 1336 1160
f 1335 1336 1337
f 1337 1336 1163
f 1335 1336 1337
f 1337 1336 1163
f 1163 1338 1337
f 1163 1338 1337
f 1165 1338 1163
f 1165 1338 1163
f 1337 1338 1339
f 1339 1338 1165
f 1337 1338 1339
f 1339 1338 1165
f 1165 1340 1339
f 1165 1340 1339
f 1167 1340 1165
f 1167 1340 1165
f 1178 1340 1167
f 1178 1340 1167
f 1339 1340 1178
f 1339 1340 1178
f 1178 1341 1339
f 1178 1341 1339
f 1184 1341 1178
f 1184 1341 1178
f 1199 1341 1184
f 1199 1341 1184
f 1339 1341 1199
f 1339 1341 1199
f 1199 1342 1339
f 1199 1342 1339
f 1339 1342 1337
f 1339 1342 1337
f 1205 1342 1199
f 1205 1342 1199
f 1337 1342 1205
f 1337 1342 1205
f 1205 1343 1337
f 1205 1343 1337
f 1337 1343 1335
f 1337 1343 1335
f 1211 1343 1205
f 1211 1343 1205
f 1335 1343 1211
f 1335 1343 1211
f 1211 1344 1335
f 1211 1344 1335
f 1218 1344 1211
f 1218 1344 1211
f 1335 1344 1332
f 1335 1344 1332
f 1332 1344 1218
f 1332 1344 1218
f 1218 1345 1332
f 1218 1345 1332
f 1332 1345 1333
f 1332 1345 1333
f 1346 1345 1218
f 1346 1345 1218
f 1333 1345 1346
f 1333 1345 1346
f 1218 1347 1346
f 1218 1347 1346
f 1213 1347 1218
f 1213 1347 1218
f 1346 1347 1348
f 1348 1347 1213
f 1346 1347 1348
f 1348 1347 1213
f 1213 1349 1348
f 1213 1349 1348
f 1214 1349 1213
f 1214 1349 1213
f 1348 1349 1350
f 1350 1349 1214
f 1348 1349 1350
f 1350 1349 1214
f 1214 1351 1350
f 1214 1351 1350
f 1216 1351 1214
f 1216 1351 1214
f 1350 1351 1352
f 1352 1351 1216
f 1350 1351 1352
f 1352 1351 1216
f 1216 1353 1352
f 1216 1353 1352
f 1220 1353 1216
f 1220 1353 1216
f 1352 1353 1354
f 1354 1353 1220
f 1352 1353 1354
f 1354 1353 1220
f 1220 1355 1354
f 1220 1355 1354
f 1222 1355 1220
f 1222 1355 1220
f 1354 1355 1356
f 1356 1355 1222
f 1354 1355 1356
f 1356 1355 1222
f 1222 1357 1356
f 1222 1357 1356
f 1224 1357 1222
f 1224 1357 1222
f 1356 1357 1358
f 1358 1357 1224
f 1356 1357 1358
f 1358 1357 1224
f 1224 1359 1358
f 1224 1359 1358
f 1226 1359 1224
f 1226 1359 1224
f 1358 1359 1360
f 1360 1359 1226
f 1358 1359 1360
f 1360 1359 1226
f 1226 1361 1360
f 1226 1361 1360
f 1228 1361 1226
f 1228 1361 1226
f 1239 1361 1228
f 1239 1361 1228
f 1360 1361 1239
f 1360 1361 1239
f 1239 1362 1360
f 1239 1362 1360
f 1245 1362 1239
f 1245 1362 1239
f 1260 1362 1245
f 1260 1362 1245
f 1360 1362 1260
f 1360 1362 1260
f 1260 1363 1360
f 1260 1363 1360
f 1360 1363 1358
f 1360 1363 1358
f 1266 1363 1260
f 1266 1363 1260
f 1358 1363 1266
f 1358 1363 1266
f 1266 1364 1358
f 1266 1364 1358
f 1358 1364 1356
f 1358 1364 1356
f 1272 1364 1266
f 1272 1364 1266
f 1356 1364 1272
f 1356 1364 1272
f 1272 1365 1356
f 1272 1365 1356
f 1278 1365 1272
f 1278 1365 1272
f 1356 1365 1354
f 1356 1365 1354
f 1354 1365 1278
f 1354 1365 1278
f 1278 1366 1354
f 1278 1366 1354
f 1282 1366 1278
f 1282 1366 1278
f 1354 1366 1352
f 1354 1366 1352
f 1352 1366 1282
f 1352 1366 1282
f 1282 1367 1352
f 1282 1367 1352
f 1352 1367 1350
f 1352 1367 1350
f 1368 1367 1282
f 1368 1367 1282
f 1350 1367 1368
f 1350 1367 1368
f 1282 1369 1368
f 1282 1369 1368
f 439 1369 1282
f 439 1369 1282
f 1368 1370 1350
f 1368 1370 1350
f 1350 1370 1348
f 1350 1370 1348
f 1371 1370 1368
f 1371 1370 1368
f 1348 1370 1371
f 1348 1370 1371
f 1368 1369 432
f 432 1369 439
f 1368 1369 432
f 432 1369 439
f 1368 1372 1371
f 432 1372 1368
f 1368 1372 1371
f 432 1372 1368
f 1371 1373 1348
f 1371 1373 1348
f 1348 1373 1346
f 1348 1373 1346
f 1374 1373 1371
f 1374 1373 1371
f 1346 1373 1374
f 1346 1373 1374
f 1371 1372 425
f 425 1372 432
f 1371 1372 425
f 425 1372 432
f 1371 1375 1374
f 425 1375 1371
f 1371 1375 1374
f 425 1375 1371
f 1374 1376 1346
f 1374 1376 1346
f 1346 1376 1333
f 1346 1376 1333
f 1377 1376 1374
f 1377 1376 1374
f 1333 1376 1377
f 1333 1376 1377
f 1374 1375 422
f 422 1375 425
f 1374 1375 422
f 422 1375 425
f 1374 1378 1377
f 422 1378 1374
f 1374 1378 1377
f 422 1378 1374
f 1377 1379 1333
f 1377 1379 1333
f 1333 1379 1329
f 1333 1379 1329
f 1380 1379 1377
f 1380 1379 1377
f 1329 1379 1380
f 1329 1379 1380
f 1377 1378 452
f 452 1378 422
f 1377 1378 452
f 452 1378 422
f 1377 1381 1380
f 452 1381 1377
f 1377 1381 1380
f 452 1381 1377
f 1380 1382 1329
f 1380 1382 1329
f 1329 1382 1327
f 1329 1382 1327
f 1327 1382 1383
f 1327 1382 1383
f 1383 1382 1380
f 1383 1382 1380
f 1383 1331 1327
f 1383 1331 1327
f 445 1381 452
f 445 1381 452
f 1380 1381 445
f 1380 1381 445
f 1380 1384 1383
f 1380 1384 1383
f 445 1384 1380
f 445 1384 1380
f 1385 1331 1383
f 1385 1331 1383
f 1325 1331 1385
f 1325 1331 1385
f 1383 1384 413
f 413 1384 445
f 1383 1384 413
f 413 1384 445
f 1383 1386 1385
f 413 1386 1383
f 1383 1386 1385
f 413 1386 1383
f 1385 1387 1325
f 1385 1387 1325
f 1325 1387 1324
f 1325 1387 1324
f 1388 1387 1385
f 1388 1387 1385
f 1324 1387 1388
f 1324 1387 1388
f 1385 1386 407
f 407 1386 413
f 1385 1386 407
f 407 1386 413
f 1385 1389 1388
f 407 1389 1385
f 1385 1389 1388
f 407 1389 1385
f 1388 1390 1324
f 1388 1390 1324
f 1324 1390 1322
f 1324 1390 1322
f 1391 1390 1388
f 1391 1390 1388
f 1322 1390 1391
f 1322 1390 1391
f 1388 1389 401
f 401 1389 407
f 1388 1389 401
f 401 1389 407
f 1388 1392 1391
f 401 1392 1388
f 1388 1392 1391
f 401 1392 1388
f 1391 1393 1322
f 1391 1393 1322
f 1322 1393 1320
f 1322 1393 1320
f 1394 1393 1391
f 1394 1393 1391
f 1320 1393 1394
f 1320 1393 1394
f 1391 1392 362
f 362 1392 401
f 1391 1392 362
f 362 1392 401
f 1391 1395 1394
f 362 1395 1391
f 1391 1395 1394
f 362 1395 1391
f 1394 1396 1320
f 1394 1396 1320
f 1320 1396 1318
f 1320 1396 1318
f 1397 1396 1394
f 1397 1396 1394
f 1318 1396 1397
f 1318 1396 1397
f 1394 1395 355
f 355 1395 362
f 1394 1395 355
f 355 1395 362
f 1394 1398 1397
f 355 1398 1394
f 1394 1398 1397
f 355 1398 1394
f 1397 1399 1318
f 1397 1399 1318
f 1318 1399 1316
f 1318 1399 1316
f 1400 1399 1397
f 1400 1399 1397
f 1316 1399 1400
f 1316 1399 1400
f 1397 1398 349
f 349 1398 355
f 1397 1398 349
f 349 1398 355
f 1397 1401 1400
f 349 1401 1397
f 1397 1401 1400
f 349 1401 1397
f 1400 1402 1316
f 1400 1402 1316
f 1316 1402 1314
f 1316 1402 1314
f 1403 1402 1400
f 1403 1402 1400
f 1314 1402 1403
f 1314 1402 1403
f 1400 1401 48
f 48 1401 349
f 1400 1401 48
f 48 1401 349
f 1400 1404 1403
f 48 1404 1400
f 1400 1404 1403
f 48 1404 1400
f 1403 1405 1314
f 1403 1405 1314
f 1314 1405 1312
f 1314 1405 1312
f 1406 1405 1403
f 1406 1405 1403
f 1312 1405 1406
f 1312 1405 1406
f 1403 1404 41
f 41 1404 48
f 1403 1404 41
f 41 1404 48
f 1403 1407 1406
f 41 1407 1403
f 1403 1407 1406
f 41 1407 1403
f 1406 1408 1312
f 1406 1408 1312
f 1312 1408 1310
f 1312 1408 1310
f 143 1408 1406
f 143 1408 1406
f 1310 1408 143
f 1310 1408 143
f 1406 1407 34
f 34 1407 41
f 1406 1407 34
f 34 1407 41
f 1406 1409 143
f 34 1409 1406
f 1406 1409 143
f 34 1409 1406
f 143 1410 1310
f 143 1410 1310
f 1310 1410 147
f 1310 1410 147
f 145 1410 143
f 145 1410 143
f 147 1410 145
f 147 1410 145
f 143 1409 31
f 31 1409 34
f 143 1409 31
f 31 1409 34
