v 0.999514461 -0.301586717 -3.400813e-07
v 0.999514461 -0.247986734 -3.21337865e-07
v 1.00171447 -0.247986734 0.00219969079
v 1.00171447 -0.301586717 0.00219967216
v 0.999514461 0.301586926 -2.0545086e-07
v 1.00171447 0.301586926 0.00219980674
v 1.00171447 0.247986913 0.00219978811
v 0.999514461 0.247986913 -2.24194295e-07
v -0.99951452 -0.301586717 -3.400813e-07
v -1.00171459 -0.301586717 0.00219967216
v -1.00171459 -0.247986719 0.00219969079
v -0.99951452 -0.247986719 -3.21337865e-07
v -0.99951452 0.301586926 -2.0545086e-07
v -0.99951452 0.247986913 -2.24194295e-07
v -1.00171459 0.247986913 0.00219978811
v -1.00171459 0.301586926 0.00219980674
v 0.999514461 -0.301586717 -3.400813e-07
v 1.00171447 -0.301586717 0.00219967216
v 0.999514461 -0.303786725 0.00219967146
v 0.999514461 0.301586926 -2.0545086e-07
v 0.999514461 0.303786933 0.00219980744
v 1.00171447 0.301586926 0.00219980674
v -0.99951452 -0.301586717 -3.400813e-07
v -0.99951452 -0.303786725 0.00219967146
v -1.00171459 -0.301586717 0.00219967216
v -0.99951452 0.301586926 -2.0545086e-07
v -1.00171459 0.301586926 0.00219980674
v -0.99951452 0.303786933 0.00219980744
v 1.00171447 -0.245822519 0.0597515106
v 0.999514461 -0.245822519 0.0575515069
v 0.999514461 3.81470002e-08 0.0575515442
v 1.00171447 3.81470002e-08 0.0597515479
v 1.00171447 0.245822579 0.0597515106
v 0.999514461 0.245822579 0.0575515069
v -1.00171459 -0.245822519 0.0597515218
v -1.00171459 3.81470002e-08 0.0597515479
v -0.99951452 3.81470002e-08 0.057551533
v -0.99951452 -0.245822519 0.0575515106
v -1.00171459 0.245822579 0.0597514883
v -0.99951452 0.245822579 0.0575514771
v 0.991946518 -0.271936685 0.0597501248
v 0.989746511 -0.271936685 0.0575501136
v 0.989746511 7.21327012e-07 0.0575515032
v 0.989746511 0.271938115 0.0575505048
v 0.991946518 0.271938115 0.059750516
v 0.989746511 7.21327012e-07 0.0575515032
v 0.991946518 7.13791565e-07 0.0597514585
v 0.991946518 -0.271936685 0.0597501248
v 0.991946518 0.271938115 0.059750516
v -0.991947353 -0.271936685 0.0597501248
v -0.991947353 7.13791621e-07 0.0597514398
v -0.989747345 7.21327012e-07 0.0575515032
v -0.991947353 0.271938115 0.0597505011
v -0.989747345 7.21327012e-07 0.0575515032
v -0.989747345 -0.271936685 0.0575501136
v -0.991947353 -0.271936685 0.0597501248
v -0.991947353 0.271938115 0.0597505011
v -0.989747345 0.271938115 0.0575504899
v 1.01914704 -0.318773001 0.885610819
v 1.01914704 0.318672955 0.885610819
v 1.01914704 0.318672955 0.906100035
v 1.01914704 -0.318773001 0.906099975
v -1.0191468 -0.318773001 0.885610819
v -1.0191468 -0.318773001 0.906099975
v -1.0191468 0.318672955 0.906099975
v -1.0191468 0.318672955 0.885610819
v 0.948061407 -0.301674068 0.0597514957
v 0.945861399 -0.301674068 0.057551492
v 0.945861518 -2.54465306e-07 0.0575515144
v 0.948061526 -2.55234625e-07 0.0597515143
v 0.948061645 0.301673532 0.0597514957
v 0.945861638 0.301673532 0.057551492
v -0.948061645 -0.301673502 0.0597515143
v -0.948061526 3.12455114e-07 0.0597515143
v -0.945861518 3.11685795e-07 0.0575515032
v -0.945861638 -0.301673502 0.0575515032
v -0.948061407 0.301674128 0.0597515143
v -0.945861399 0.301674128 0.0575515032
v 0.989746511 -0.274136692 0.0597501174
v 0.989746511 -0.271936685 0.0575501136
v 0.991946518 -0.271936685 0.0597501248
v 0.989746511 0.274138123 0.0597505122
v 0.991946518 0.271938115 0.059750516
v 0.989746511 0.271938115 0.0575505048
v -0.989747345 0.274138123 0.0597505085
v -0.989747345 0.271938115 0.0575504899
v -0.991947353 0.271938115 0.0597505011
v -0.989747345 -0.274136692 0.0597501174
v -0.991947353 -0.271936685 0.0597501248
v -0.989747345 -0.271936685 0.0575501136
v 1.00171447 -0.247986928 0.890168071
v 1.00171447 -0.301586926 0.890168071
v 1.00171447 -0.301586717 0.00219967216
v 1.00171447 -0.247986734 0.00219969079
v 1.00171447 0.247986823 0.89016819
v 1.00171447 0.247986913 0.00219978811
v 1.00171447 0.301586926 0.00219980674
v 1.00171447 0.301586837 0.89016819
v 1.00171447 3.81470002e-08 0.113351546
v 1.00171447 -0.245822519 0.113351509
v 1.00171447 -0.245822519 0.0597515106
v 1.00171447 3.81470002e-08 0.0597515479
v 1.00171447 0.245822579 0.0597515106
v 1.00171447 0.245822608 0.113351516
v 1.00171447 3.8146986e-08 0.893227994
v 1.00171447 -0.245822504 0.893227994
v 1.00171447 -0.245822504 0.839627981
v 1.00171447 3.8146986e-08 0.839627981
v 1.00171447 0.245822579 0.839627981
v 1.00171447 0.245822579 0.893227994
v -1.00171459 -0.247986943 0.890168071
v -1.00171459 -0.247986719 0.00219969079
v -1.00171459 -0.301586717 0.00219967216
v -1.00171459 -0.301586956 0.890168071
v -1.00171459 0.247986823 0.89016819
v -1.00171459 0.301586837 0.89016819
v -1.00171459 0.301586926 0.00219980674
v -1.00171459 0.247986913 0.00219978811
v -1.00171459 3.81470002e-08 0.113351554
v -1.00171459 3.81470002e-08 0.0597515479
v -1.00171459 -0.245822519 0.0597515218
v -1.00171459 -0.245822519 0.113351494
v -1.00171459 0.245822579 0.0597514883
v -1.00171459 0.245822608 0.113351502
v -1.00171459 3.8146986e-08 0.893227994
v -1.00171459 3.8146986e-08 0.839627981
v -1.00171459 -0.245822504 0.839627981
v -1.00171459 -0.245822504 0.893227935
v -1.00171459 0.245822579 0.839627981
v -1.00171459 0.245822579 0.893227935
v 0.948061407 -0.301674068 0.0597514957
v 0.945861399 -0.303874046 0.0597514957
v 0.945861399 -0.301674068 0.057551492
v 0.948061645 0.301673532 0.0597514957
v 0.945861638 0.301673532 0.057551492
v 0.945861638 0.303873509 0.0597514957
v 1.00171447 0.245822579 0.0597515106
v 0.999514461 0.245822579 0.0575515069
v 0.999514461 0.248022601 0.0597515032
v -0.948061645 -0.301673502 0.0597515143
v -0.945861638 -0.301673502 0.0575515032
v -0.945861638 -0.303873509 0.0597515143
v -0.948061407 0.301674128 0.0597515143
v -0.945861399 0.303874046 0.0597515143
v -0.945861399 0.301674128 0.0575515032
v 1.00171447 -0.245822519 0.0597515106
v 0.999514461 -0.248022541 0.0597515032
v 0.999514461 -0.245822519 0.0575515069
v -1.00171459 -0.245822519 0.0597515218
v -0.99951452 -0.245822519 0.0575515106
v -0.99951452 -0.248022541 0.0597514845
v -1.00171459 0.245822579 0.0597514883
v -0.99951452 0.248022601 0.059751451
v -0.99951452 0.245822579 0.0575514771
v 0.991946518 -0.271940321 0.888115704
v 0.991946518 -0.271936685 0.0597501248
v 0.991946518 7.13791565e-07 0.0597514585
v 0.991946518 1.27078778e-07 0.888117075
v 0.991946518 0.271940589 0.888116002
v 0.991946518 0.271938115 0.059750516
v -0.991947353 -0.27194038 0.888115704
v -0.991947353 1.27078778e-07 0.888117075
v -0.991947353 7.13791621e-07 0.0597514398
v -0.991947353 -0.271936685 0.0597501248
v -0.991947353 0.271940559 0.888116002
v -0.991947353 0.271938115 0.0597505011
v 1.01914704 -0.318773001 0.906099975
v 1.01714694 -0.318773001 0.908100009
v 1.01714694 -0.320773005 0.906099975
v 1.01714706 0.320672959 0.906100035
v 1.01714706 0.318672955 0.908100009
v 1.01914704 0.318672955 0.906100035
v -1.0191468 -0.318773001 0.906099975
v -1.01714683 -0.320773005 0.906099975
v -1.01714683 -0.318773001 0.908100009
v -1.01714683 0.320672959 0.906099975
v -1.0191468 0.318672955 0.906099975
v -1.01714683 0.318672955 0.908100009
v 1.01714694 -0.318773001 0.908100009
v 1.01914704 -0.318773001 0.906099975
v 1.01914704 0.318672955 0.906100035
v 1.01714706 0.00235348009 0.908100009
v 1.01714706 -0.155207664 0.908100009
v 1.01714706 0.16340065 0.908100009
v 1.01714706 0.318672955 0.908100009
v 1.01714694 -0.318773001 0.908100009
v 1.01914704 0.318672955 0.906100035
v 1.01714706 -0.155207664 0.908100009
v 0.981692672 0.302442998 0.0823957399
v 0.981692672 0.302442968 0.89719224
v 0.981692672 0.286924094 0.89719224
v 0.981692672 0.286924154 0.0823957399
v -1.01714706 0.16340065 0.908100009
v -1.01714683 0.318672955 0.908100009
v -1.0191468 0.318672955 0.906099975
v -1.01714683 -0.318773001 0.908100009
v -1.0191468 -0.318773001 0.906099975
v -1.01714683 -0.150207669 0.908100009
v -1.01714683 0.00235346099 0.908100009
v -1.01714683 0.00235346099 0.908100009
v -1.01714706 0.16340065 0.908100009
v -1.0191468 0.318672955 0.906099975
v -0.981693625 0.302442998 0.0823957399
v -0.981693625 0.286924154 0.0823957399
v -0.981693625 0.286924094 0.89719224
v -0.981693625 0.302442968 0.89719224
v 0.979002118 -0.300547689 0.274674565
v 0.979002118 0.249888062 0.274674714
v 0.979002237 0.249888018 0.289483368
v 0.979002178 -0.30054763 0.289483339
v 0.979002178 -0.301301152 0.460734695
v 0.979002178 0.247992396 0.460734874
v 0.979002297 0.247992352 0.495953381
v 0.979002237 -0.301301241 0.495953202
v -0.979002059 -0.300547689 0.274674565
v -0.979002178 -0.30054763 0.289483339
v -0.979002178 0.249888003 0.289483368
v -0.979002178 0.249888062 0.274674714
v -0.979002178 -0.301301152 0.460734695
v -0.979002178 -0.301301241 0.495953202
v -0.979002178 0.247992337 0.495953381
v -0.979002178 0.247992396 0.460734874
v 1.00171447 -0.245822504 0.893227994
v 1.00171447 3.8146986e-08 0.893227994
v 0.999514461 3.8146986e-08 0.895428002
v 0.999514461 -0.245822504 0.895427942
v 1.00171447 0.245822579 0.893227994
v 0.999514461 0.245822579 0.895428002
v -1.00171459 -0.245822504 0.893227935
v -0.99951452 -0.245822504 0.895427942
v -0.99951452 3.8146986e-08 0.895428002
v -1.00171459 3.8146986e-08 0.893227994
v -1.00171459 0.245822579 0.893227935
v -0.99951452 0.245822579 0.895428002
v 0.999514461 -0.247986928 0.892368138
v 0.999514461 -0.301586926 0.892368078
v 1.00171447 -0.301586926 0.890168071
v 1.00171447 -0.247986928 0.890168071
v 0.999514461 0.247986823 0.892368197
v 1.00171447 0.247986823 0.89016819
v 1.00171447 0.301586837 0.89016819
v 0.999514461 0.301586837 0.892368197
v -0.99951452 -0.247986943 0.892368138
v -1.00171459 -0.247986943 0.890168071
v -1.00171459 -0.301586956 0.890168071
v -0.99951452 -0.301586956 0.892368078
v -0.99951452 0.247986823 0.892368197
v -0.99951452 0.301586837 0.892368197
v -1.00171459 0.301586837 0.89016819
v -1.00171459 0.247986823 0.89016819
v 1.00171447 -0.301586926 0.890168071
v 0.999514461 -0.301586926 0.892368078
v 0.999514461 -0.303786933 0.890168071
v 1.00171447 0.301586837 0.89016819
v 0.999514461 0.303786844 0.89016819
v 0.999514461 0.301586837 0.892368197
v -1.00171459 -0.301586956 0.890168071
v -0.99951452 -0.303786933 0.890168071
v -0.99951452 -0.301586956 0.892368078
v -1.00171459 0.301586837 0.89016819
v -0.99951452 0.301586837 0.892368197
v -0.99951452 0.303786844 0.89016819
v 0.991946518 -0.271940321 0.888115704
v 0.991946518 1.27078778e-07 0.888117075
v 0.989746511 1.19543117e-07 0.890317082
v 0.989746511 -0.271940291 0.890315711
v 0.991946518 0.271940589 0.888116002
v 0.989746511 0.271940529 0.89031601
v -0.991947353 -0.27194038 0.888115704
v -0.989747345 -0.271940291 0.890315711
v -0.989747345 1.19543117e-07 0.890317082
v -0.991947353 1.27078778e-07 0.888117075
v -0.991947353 0.271940559 0.888116002
v -0.989747345 0.271940529 0.89031601
v 0.948061526 -2.55234625e-07 0.0985352919
v 0.948061407 -0.301674068 0.0985352844
v 0.948061407 -0.301674068 0.0597514957
v 0.948061526 -2.55234625e-07 0.0597515143
v 0.948061645 0.301673532 0.0597514957
v 0.948061645 0.301673532 0.0985352844
v 1.01714694 -0.320773005 0.885610819
v 1.01914704 -0.318773001 0.885610819
v 1.01914704 -0.318773001 0.906099975
v 1.01714694 -0.320773005 0.906099975
v 1.01914704 0.318672955 0.885610819
v 1.01714706 0.320672959 0.885610819
v 1.01714706 0.320672959 0.906100035
v 1.01914704 0.318672955 0.906100035
v 0.945973337 -0.301674038 0.893230796
v 0.945973337 -0.301674038 0.846985221
v 0.945973337 -0.24807404 0.846985221
v 0.945973337 -0.24807404 0.893230796
v 0.945973456 0.301673472 0.893230796
v 0.945973456 0.248073474 0.893230796
v 0.945973456 0.248073474 0.846985221
v 0.945973456 0.301673472 0.846985221
v -0.948061526 3.12455114e-07 0.0985353142
v -0.948061526 3.12455114e-07 0.0597515143
v -0.948061645 -0.301673502 0.0597515143
v -0.948061645 -0.301673502 0.0985352769
v -0.948061407 0.301674128 0.0597515143
v -0.948061407 0.301674128 0.0985352769
v -1.01714683 -0.320773005 0.885610819
v -1.01714683 -0.320773005 0.906099975
v -1.0191468 -0.318773001 0.906099975
v -1.0191468 -0.318773001 0.885610819
v -1.0191468 0.318672955 0.885610819
v -1.0191468 0.318672955 0.906099975
v -1.01714683 0.320672959 0.906099975
v -1.01714683 0.320672959 0.885610819
v -0.945973516 -0.301673502 0.893230796
v -0.945973516 -0.248073488 0.893230796
v -0.945973516 -0.248073488 0.846985221
v -0.945973516 -0.301673502 0.846985221
v -0.945973337 0.301674068 0.893230796
v -0.945973337 0.301674068 0.846985221
v -0.945973337 0.248074055 0.846985221
v -0.945973337 0.248074055 0.893230796
v 0.989746511 -0.271940291 0.890315711
v 0.989746511 -0.274140358 0.888115644
v 0.991946518 -0.271940321 0.888115704
v 0.989746511 0.271940529 0.89031601
v 0.991946518 0.271940589 0.888116002
v 0.989746511 0.274140596 0.888116002
v -0.989747345 -0.271940291 0.890315711
v -0.991947353 -0.27194038 0.888115704
v -0.989747345 -0.274140388 0.888115644
v -0.989747345 0.271940529 0.89031601
v -0.989747345 0.274140567 0.888116002
v -0.991947353 0.271940559 0.888116002
v 0.943773329 -0.301674038 0.895430803
v 0.943773329 -0.303874046 0.893230796
v 0.945973337 -0.301674038 0.893230796
v 0.943773448 0.301673472 0.895430803
v 0.945973456 0.301673472 0.893230796
v 0.943773448 0.30387345 0.893230796
v -0.943773508 -0.301673502 0.895430803
v -0.945973516 -0.301673502 0.893230796
v -0.943773508 -0.303873479 0.893230796
v -0.943773329 0.301674068 0.895430803
v -0.943773329 0.303874016 0.893230796
v -0.945973337 0.301674068 0.893230796
v 1.00171447 -0.245822504 0.893227994
v 0.999514461 -0.245822504 0.895427942
v 0.999514461 -0.248022512 0.893227994
v 1.00171447 0.245822579 0.893227994
v 0.999514461 0.248022601 0.893227994
v 0.999514461 0.245822579 0.895428002
v -1.00171459 -0.245822504 0.893227935
v -0.99951452 -0.248022512 0.893227935
v -0.99951452 -0.245822504 0.895427942
v -1.00171459 0.245822579 0.893227935
v -0.99951452 0.245822579 0.895428002
v -0.99951452 0.248022601 0.893227935
v 0.999514461 -0.303786933 0.890168071
v 0.999514461 -0.303786725 0.00219967146
v 1.00171447 -0.301586717 0.00219967216
v 1.00171447 -0.301586926 0.890168071
v 0.999514461 0.303786844 0.89016819
v 1.00171447 0.301586837 0.89016819
v 1.00171447 0.301586926 0.00219980674
v 0.999514461 0.303786933 0.00219980744
v 0.943773329 -0.24807404 0.895430803
v 0.943773329 -0.301674038 0.895430803
v 0.945973337 -0.301674038 0.893230796
v 0.945973337 -0.24807404 0.893230796
v 0.943773448 0.248073474 0.895430803
v 0.945973456 0.248073474 0.893230796
v 0.945973456 0.301673472 0.893230796
v 0.943773448 0.301673472 0.895430803
v -0.943773508 -0.248073488 0.895430803
v -0.945973516 -0.248073488 0.893230796
v -0.945973516 -0.301673502 0.893230796
v -0.943773508 -0.301673502 0.895430803
v -0.943773329 0.248074055 0.895430803
v -0.943773329 0.301674068 0.895430803
v -0.945973337 0.301674068 0.893230796
v -0.945973337 0.248074055 0.893230796
v -0.99951452 -0.303786933 0.890168071
v -1.00171459 -0.301586956 0.890168071
v -1.00171459 -0.301586717 0.00219967216
v -0.99951452 -0.303786725 0.00219967146
v -0.99951452 0.303786844 0.89016819
v -0.99951452 0.303786933 0.00219980744
v -1.00171459 0.301586926 0.00219980674
v -1.00171459 0.301586837 0.89016819
v 0.97680217 -0.302747637 0.289483368
v 0.976802111 -0.302747697 0.274674565
v 0.979002118 -0.300547689 0.274674565
v 0.979002178 -0.30054763 0.289483339
v 0.97680223 -0.303501248 0.495953262
v 0.976802111 -0.303501159 0.460734695
v 0.979002178 -0.301301152 0.460734695
v 0.979002237 -0.301301241 0.495953202
v -0.97680217 -0.302747637 0.289483368
v -0.979002178 -0.30054763 0.289483339
v -0.979002059 -0.300547689 0.274674565
v -0.976802051 -0.302747697 0.274674565
v -0.976802111 -0.303501248 0.495953262
v -0.979002178 -0.301301241 0.495953202
v -0.979002178 -0.301301152 0.460734695
v -0.976802111 -0.303501159 0.460734695
v 0.991946518 -0.271940321 0.888115704
v 0.989746511 -0.274140358 0.888115644
v 0.989746511 -0.274136692 0.0597501174
v 0.991946518 -0.271936685 0.0597501248
v 0.991946518 0.271940589 0.888116002
v 0.991946518 0.271938115 0.059750516
v 0.989746511 0.274138123 0.0597505122
v 0.989746511 0.274140596 0.888116002
v -0.991947353 -0.27194038 0.888115704
v -0.991947353 -0.271936685 0.0597501248
v -0.989747345 -0.274136692 0.0597501174
v -0.989747345 -0.274140388 0.888115644
v -0.991947353 0.271940559 0.888116002
v -0.989747345 0.274140567 0.888116002
v -0.989747345 0.274138123 0.0597505085
v -0.991947353 0.271938115 0.0597505011
v 0.979002118 -0.300547689 0.274674565
v 0.976802111 -0.302747697 0.274674565
v 0.976802111 -0.300547689 0.272474557
v -0.979002059 -0.300547689 0.274674565
v -0.976802051 -0.300547689 0.272474557
v -0.976802051 -0.302747697 0.274674565
v 0.945861399 -0.303874046 0.0985352844
v 0.945861399 -0.303874046 0.0597514957
v 0.948061407 -0.301674068 0.0597514957
v 0.948061407 -0.301674068 0.0985352844
v 0.945861638 0.303873509 0.0985352844
v 0.948061645 0.301673532 0.0985352844
v 0.948061645 0.301673532 0.0597514957
v 0.945861638 0.303873509 0.0597514957
v 0.943773448 0.30387345 0.893230796
v 0.945973456 0.301673472 0.893230796
v 0.945973456 0.301673472 0.846985221
v 0.943773448 0.30387345 0.846985221
v -0.945861638 -0.303873509 0.0985352769
v -0.948061645 -0.301673502 0.0985352769
v -0.948061645 -0.301673502 0.0597515143
v -0.945861638 -0.303873509 0.0597515143
v -0.945861399 0.303874046 0.0985352769
v -0.945861399 0.303874046 0.0597515143
v -0.948061407 0.301674128 0.0597515143
v -0.948061407 0.301674128 0.0985352769
v 0.943773329 -0.303874046 0.893230796
v 0.943773329 -0.303874046 0.846985221
v 0.945973337 -0.301674038 0.846985221
v 0.945973337 -0.301674038 0.893230796
v 0.999514461 -0.248022541 0.113351509
v 0.999514461 -0.248022541 0.0597515032
v 1.00171447 -0.245822519 0.0597515106
v 1.00171447 -0.245822519 0.113351509
v 0.999514461 0.248022616 0.113351516
v 1.00171447 0.245822608 0.113351516
v 1.00171447 0.245822579 0.0597515106
v 0.999514461 0.248022601 0.0597515032
v 0.999514461 -0.248022512 0.893227994
v 0.999514461 -0.248022512 0.839627981
v 1.00171447 -0.245822504 0.839627981
v 1.00171447 -0.245822504 0.893227994
v 0.999514461 0.248022601 0.893227994
v 1.00171447 0.245822579 0.893227994
v 1.00171447 0.245822579 0.839627981
v 0.999514461 0.248022601 0.839627981
v -0.943773508 -0.303873479 0.893230796
v -0.945973516 -0.301673502 0.893230796
v -0.945973516 -0.301673502 0.846985221
v -0.943773508 -0.303873479 0.846985221
v -0.943773329 0.303874016 0.893230796
v -0.943773329 0.303874016 0.846985221
v -0.945973337 0.301674068 0.846985221
v -0.945973337 0.301674068 0.893230796
v -0.99951452 -0.248022541 0.113351494
v -1.00171459 -0.245822519 0.113351494
v -1.00171459 -0.245822519 0.0597515218
v -0.99951452 -0.248022541 0.0597514845
v -0.99951452 0.248022616 0.113351502
v -0.99951452 0.248022601 0.059751451
v -1.00171459 0.245822579 0.0597514883
v -1.00171459 0.245822608 0.113351502
v -0.99951452 -0.248022512 0.893227935
v -1.00171459 -0.245822504 0.893227935
v -1.00171459 -0.245822504 0.839627981
v -0.99951452 -0.248022512 0.839627922
v -0.99951452 0.248022601 0.893227935
v -0.99951452 0.248022601 0.839627981
v -1.00171459 0.245822579 0.839627981
v -1.00171459 0.245822579 0.893227935
v 0.976802111 -0.300547689 0.272474557
v 0.976802111 0.249888062 0.272474706
v 0.979002118 0.249888062 0.274674714
v 0.979002118 -0.300547689 0.274674565
v -0.976802051 -0.300547689 0.272474557
v -0.979002059 -0.300547689 0.274674565
v -0.979002178 0.249888062 0.274674714
v -0.97680217 0.249888062 0.272474706
v 0.976802111 0.25208807 0.274674684
v 0.97680223 0.252087951 0.289483368
v 0.979002237 0.249888018 0.289483368
v 0.979002237 0.249888018 0.289483368
v 0.979002118 0.249888062 0.274674714
v 0.976802111 0.25208807 0.274674684
v -0.97680217 0.25208807 0.274674624
v -0.979002178 0.249888062 0.274674714
v -0.979002178 0.249888003 0.289483368
v -0.979002178 0.249888003 0.289483368
v -0.97680217 0.252087951 0.289483368
v -0.97680217 0.25208807 0.274674624
v 0.976802111 0.250192404 0.460734785
v 0.976802289 0.250192285 0.495953292
v 0.979002297 0.247992352 0.495953381
v 0.979002297 0.247992352 0.495953381
v 0.979002178 0.247992396 0.460734874
v 0.976802111 0.250192404 0.460734785
v -0.976802111 0.250192404 0.460734785
v -0.979002178 0.247992396 0.460734874
v -0.979002178 0.247992337 0.495953381
v -0.979002178 0.247992337 0.495953381
v -0.976802111 0.250192285 0.495953292
v -0.976802111 0.250192404 0.460734785
v 0.979002118 0.249888062 0.274674714
v 0.976802111 0.249888062 0.272474706
v 0.976802111 0.25208807 0.274674684
v -0.979002178 0.249888062 0.274674714
v -0.97680217 0.25208807 0.274674624
v -0.97680217 0.249888062 0.272474706
v 0.979002178 -0.301301152 0.460734695
v 0.976802111 -0.303501159 0.460734695
v 0.976802111 -0.301301152 0.458534688
v -0.979002178 -0.301301152 0.460734695
v -0.976802111 -0.301301152 0.458534688
v -0.976802111 -0.303501159 0.460734695
v 0.979002178 0.247992396 0.460734874
v 0.976802111 0.247992396 0.458534837
v 0.976802111 0.250192404 0.460734785
v -0.979002178 0.247992396 0.460734874
v -0.976802111 0.250192404 0.460734785
v -0.976802111 0.247992396 0.458534837
v 0.976802111 -0.301301152 0.458534688
v 0.976802111 0.247992396 0.458534837
v 0.979002178 0.247992396 0.460734874
v 0.979002178 -0.301301152 0.460734695
v -0.976802111 -0.301301152 0.458534688
v -0.979002178 -0.301301152 0.460734695
v -0.979002178 0.247992396 0.460734874
v -0.976802111 0.247992396 0.458534837
v 0.999514461 -0.247986734 -3.21337865e-07
v 0.999514461 -0.245786726 0.00219969172
v 1.00171447 -0.247986734 0.00219969079
v 0.999514461 0.247986913 -2.24194295e-07
v 1.00171447 0.247986913 0.00219978811
v 0.999514461 0.245786935 0.00219978718
v -0.99951452 -0.247986719 -3.21337865e-07
v -1.00171459 -0.247986719 0.00219969079
v -0.99951452 -0.245786726 0.00219969172
v -0.99951452 0.247986913 -2.24194295e-07
v -0.99951452 0.245786935 0.00219978718
v -1.00171459 0.247986913 0.00219978811
v 0.97680223 -0.301301301 0.498153239
v 0.97680223 -0.303501248 0.495953262
v 0.979002237 -0.301301241 0.495953202
v -0.976802111 -0.301301301 0.498153239
v -0.979002178 -0.301301241 0.495953202
v -0.976802111 -0.303501248 0.495953262
v 0.976802289 0.247992352 0.498153389
v 0.979002297 0.247992352 0.495953381
v 0.976802289 0.250192285 0.495953292
v -0.976802111 0.247992337 0.498153389
v -0.976802111 0.250192285 0.495953292
v -0.979002178 0.247992337 0.495953381
v 0.976802289 0.247992352 0.498153389
v 0.97680223 -0.301301301 0.498153239
v 0.979002237 -0.301301241 0.495953202
v 0.979002297 0.247992352 0.495953381
v -0.976802111 0.247992337 0.498153389
v -0.979002178 0.247992337 0.495953381
v -0.979002178 -0.301301241 0.495953202
v -0.976802111 -0.301301301 0.498153239
v 0.493179172 -0.302747726 0.847132683
v 0.49537915 -0.300547868 0.847132683
v 0.493179142 -0.300547719 0.84933269
v 1.00171447 -0.247986928 0.890168071
v 0.999514461 -0.245786935 0.890168071
v 0.999514461 -0.247986928 0.892368138
v 1.00171447 0.247986823 0.89016819
v 0.999514461 0.247986823 0.892368197
v 0.999514461 0.245786861 0.89016819
v -0.493179172 -0.302747577 0.847132504
v -0.493179023 -0.30054757 0.849332571
v -0.495379031 -0.300547719 0.847132504
v -1.00171459 -0.247986943 0.890168071
v -0.99951452 -0.247986943 0.892368138
v -0.99951452 -0.24578695 0.890168071
v -1.00171459 0.247986823 0.89016819
v -0.99951452 0.245786861 0.89016819
v -0.99951452 0.247986823 0.892368197
v 0.493179172 0.252490371 0.849332631
v 0.49537918 0.252490401 0.847132623
v 0.493179172 0.254690319 0.847132623
v -0.493179023 0.252490461 0.849332511
v -0.493179023 0.254690379 0.847132504
v -0.495379031 0.252490491 0.847132504
v 0.943773329 -0.245874047 0.893230796
v 0.943773329 -0.24807404 0.895430803
v 0.945973337 -0.24807404 0.893230796
v 0.943773448 0.245873466 0.893230796
v 0.945973456 0.248073474 0.893230796
v 0.943773448 0.248073474 0.895430803
v -0.943773508 -0.245873481 0.893230796
v -0.945973516 -0.248073488 0.893230796
v -0.943773508 -0.248073488 0.895430803
v -0.943773329 0.245874047 0.893230796
v -0.943773329 0.248074055 0.895430803
v -0.945973337 0.248074055 0.893230796
v 0.97680217 -0.300547779 0.291683346
v 0.97680217 -0.302747637 0.289483368
v 0.979002178 -0.30054763 0.289483339
v -0.97680217 -0.300547779 0.291683346
v -0.979002178 -0.30054763 0.289483339
v -0.97680217 -0.302747637 0.289483368
v 0.999514461 -0.303786725 0.00219967146
v 0.945914447 -0.303786725 0.00219967146
v 0.945914447 -0.301586717 -3.400813e-07
v 0.999514461 -0.301586717 -3.400813e-07
v 0.999514461 0.303786933 0.00219980744
v 0.999514461 0.301586926 -2.0545086e-07
v 0.945914447 0.301586926 -2.0545086e-07
v 0.945914447 0.303786933 0.00219980744
v -0.99951452 -0.303786725 0.00219967146
v -0.99951452 -0.301586717 -3.400813e-07
v -0.945914388 -0.301586717 -3.400813e-07
v -0.945914388 -0.303786725 0.00219967146
v -0.99951452 0.303786933 0.00219980744
v -0.945914388 0.303786933 0.00219980744
v -0.945914388 0.301586926 -2.0545086e-07
v -0.99951452 0.301586926 -2.0545086e-07
v 0.0266179238 -0.303786695 0.00219967146
v -0.0269820765 -0.303786695 0.00219967146
v -0.0269820765 -0.301586688 -3.400813e-07
v 0.0266179238 -0.301586688 -3.400813e-07
v 0.0266179238 0.303786963 0.00219980744
v 0.0266179238 0.301586956 -2.05450846e-07
v -0.0269820765 0.301586956 -2.05450846e-07
v -0.0269820765 0.303786963 0.00219980744
v 1.01714694 -0.318773001 0.883610845
v 1.01914704 -0.318773001 0.885610819
v 1.01714694 -0.320773005 0.885610819
v 1.01714706 0.318672955 0.883610845
v 1.01714706 0.320672959 0.885610819
v 1.01914704 0.318672955 0.885610819
v -1.01714683 -0.318773001 0.883610845
v -1.01714683 -0.320773005 0.885610819
v -1.0191468 -0.318773001 0.885610819
v -1.01714683 0.318672955 0.883610845
v -1.0191468 0.318672955 0.885610819
v -1.01714683 0.320672959 0.885610819
v 0.49537915 -0.300547868 0.847132683
v 0.49537918 0.252490401 0.847132623
v 0.493179172 0.252490371 0.849332631
v 0.493179142 -0.300547719 0.84933269
v -0.495379031 -0.300547719 0.847132504
v -0.493179023 -0.30054757 0.849332571
v -0.493179023 0.252490461 0.849332511
v -0.495379031 0.252490491 0.847132504
v 0.97680223 0.249888018 0.291683376
v 0.979002237 0.249888018 0.289483368
v 0.97680223 0.252087951 0.289483368
v -0.97680217 0.249888003 0.291683376
v -0.97680217 0.252087951 0.289483368
v -0.979002178 0.249888003 0.289483368
v 0.493179172 -0.302747726 0.847132683
v 0.493179172 -0.302747726 0.495741576
v 0.49537915 -0.300547868 0.495741576
v 0.49537915 -0.300547868 0.847132683
v -0.493179172 -0.302747577 0.847132504
v -0.495379031 -0.300547719 0.847132504
v -0.495379031 -0.300547808 0.495741457
v -0.495379031 -0.300547808 0.495741457
v -0.493179023 -0.302747667 0.495741457
v -0.493179172 -0.302747577 0.847132504
v 0.945861399 -0.303874046 0.0597514957
v -1.06261936e-07 -0.303873777 0.0597515143
v -1.0549261e-07 -0.30167377 0.0575515144
v 0.945861399 -0.301674068 0.057551492
v 0.945861638 0.301673532 0.057551492
v 6.73456313e-08 0.3016738 0.0575515144
v 6.81149572e-08 0.303873807 0.0597515143
v -0.945861399 0.301674128 0.0575515032
v 0.945861638 0.303873509 0.0597514957
v -0.945861638 -0.303873509 0.0597515143
v -0.945861638 -0.301673502 0.0575515032
v -1.0549261e-07 -0.30167377 0.0575515144
v -1.06261936e-07 -0.303873777 0.0597515143
v -0.945861399 0.301674128 0.0575515032
v -0.945861399 0.303874046 0.0597515143
v 6.81149572e-08 0.303873807 0.0597515143
v 1.00171447 -0.245822504 0.839627981
v 0.999514461 -0.248022512 0.839627981
v 0.999514461 -0.245822504 0.837427974
v 1.00171447 0.245822579 0.839627981
v 0.999514461 0.245822579 0.837427974
v 0.999514461 0.248022601 0.839627981
v -1.00171459 -0.245822504 0.839627981
v -0.99951452 -0.245822504 0.837427974
v -0.99951452 -0.248022512 0.839627922
v -1.00171459 0.245822579 0.839627981
v -0.99951452 0.248022601 0.839627981
v -0.99951452 0.245822579 0.837427914
v 0.945973337 -0.301674038 0.846985221
v 0.943773329 -0.303874046 0.846985221
v 0.943773329 -0.301674038 0.844785213
v 0.945973456 0.301673472 0.846985221
v 0.943773448 0.301673472 0.844785213
v 0.943773448 0.30387345 0.846985221
v -0.945973516 -0.301673502 0.846985221
v -0.943773508 -0.301673502 0.844785273
v -0.943773508 -0.303873479 0.846985221
v -0.945973337 0.301674068 0.846985221
v -0.943773329 0.303874016 0.846985221
v -0.943773329 0.301674068 0.844785213
v 0.999514461 -0.247986734 -3.21337865e-07
v 0.999514461 -0.301586717 -3.400813e-07
v 0.945914447 -0.301586717 -3.400813e-07
v 0.945914447 -0.247986734 -3.21337865e-07
v 0.999514461 0.247986913 -2.24194295e-07
v 0.945914447 0.247986913 -2.24194295e-07
v 0.945914447 0.301586926 -2.0545086e-07
v 0.999514461 0.301586926 -2.0545086e-07
v -0.99951452 -0.247986719 -3.21337865e-07
v -0.945914388 -0.247986719 -3.21337865e-07
v -0.945914388 -0.301586717 -3.400813e-07
v -0.99951452 -0.301586717 -3.400813e-07
v -0.99951452 0.247986913 -2.24194295e-07
v -0.99951452 0.301586926 -2.0545086e-07
v -0.945914388 0.301586926 -2.0545086e-07
v -0.945914388 0.247986913 -2.24194295e-07
v -0.0269820765 -0.301586688 -3.400813e-07
v -0.0269820783 1.47131445e-07 -2.72766073e-07
v 0.0266179238 1.47131445e-07 -2.72766073e-07
v 0.0266179238 -0.301586688 -3.400813e-07
v -0.0269820765 0.301586956 -2.05450846e-07
v 0.0266179238 0.301586956 -2.05450846e-07
v 0.999514461 -0.245786726 0.00219969172
v 0.999514461 -0.245786935 0.890168071
v 1.00171447 -0.247986928 0.890168071
v 1.00171447 -0.247986734 0.00219969079
v 0.999514461 0.245786935 0.00219978718
v 1.00171447 0.247986913 0.00219978811
v 1.00171447 0.247986823 0.89016819
v 0.999514461 0.245786861 0.89016819
v -0.99951452 -0.245786726 0.00219969172
v -1.00171459 -0.247986719 0.00219969079
v -1.00171459 -0.247986943 0.890168071
v -0.99951452 -0.24578695 0.890168071
v -0.99951452 0.245786935 0.00219978718
v -0.99951452 0.245786861 0.89016819
v -1.00171459 0.247986823 0.89016819
v -1.00171459 0.247986913 0.00219978811
v 0.989746511 -0.271936685 0.0575501136
v 0.989746511 -0.274136692 0.0597501174
v 0.973589957 -0.274136692 0.0597501174
v 0.973589957 -0.271936685 0.0575501136
v 0.989746511 0.271938115 0.0575505048
v 0.973589957 0.271938115 0.0575505048
v 0.973589957 0.274138123 0.0597505122
v 0.989746511 0.274138123 0.0597505122
v -0.989747345 -0.271936685 0.0575501136
v -0.973590732 -0.271936685 0.0575501136
v -0.973590732 -0.274136692 0.0597501174
v -0.989747345 -0.274136692 0.0597501174
v -0.989747345 0.271938115 0.0575504899
v -0.989747345 0.274138123 0.0597505085
v -0.973590732 0.274138123 0.0597505085
v -0.973590732 0.271938115 0.0575504899
v 0.493179202 0.25469026 0.495741457
v 0.493179172 0.254690319 0.847132623
v 0.49537918 0.252490401 0.847132623
v 0.49537921 0.252490342 0.495741457
v -0.493178874 0.254690349 0.495741338
v -0.495378882 0.252490401 0.495741338
v -0.495379031 0.252490491 0.847132504
v -0.493179023 0.254690379 0.847132504
v 0.97680223 0.249888018 0.291683376
v 0.97680217 -0.300547779 0.291683346
v 0.979002178 -0.30054763 0.289483339
v 0.979002237 0.249888018 0.289483368
v -0.97680217 0.249888003 0.291683376
v -0.979002178 0.249888003 0.289483368
v -0.979002178 -0.30054763 0.289483339
v -0.97680217 -0.300547779 0.291683346
v 0.945914447 -0.245822519 0.0575515069
v 0.999514461 -0.245822519 0.0575515069
v 0.999514461 -0.248022541 0.0597515032
v 0.945914447 -0.248022541 0.0597515032
v 0.945914447 0.245822579 0.0575515069
v 0.945914447 0.248022601 0.0597515032
v 0.999514461 0.248022601 0.0597515032
v 0.999514461 0.245822579 0.0575515069
v -0.945914388 -0.245822519 0.0575515106
v -0.945914388 -0.248022541 0.0597514845
v -0.99951452 -0.248022541 0.0597514845
v -0.99951452 -0.245822519 0.0575515106
v -0.945914388 0.245822579 0.0575514771
v -0.99951452 0.245822579 0.0575514771
v -0.99951452 0.248022601 0.059751451
v -0.945914388 0.248022601 0.059751451
v 0.0266179238 -0.301586688 -3.400813e-07
v 0.0288179256 -0.301586688 0.00219967216
v 0.0266179238 -0.303786695 0.00219967146
v -0.0291820765 -0.301586688 0.00219967216
v -0.0269820765 -0.301586688 -3.400813e-07
v -0.0269820765 -0.303786695 0.00219967146
v 0.0266179238 0.301586956 -2.05450846e-07
v 0.0266179238 0.303786963 0.00219980744
v 0.0288179256 0.301586956 0.00219980674
v -0.0291820765 0.301586956 0.00219980674
v -0.0269820765 0.303786963 0.00219980744
v -0.0269820765 0.301586956 -2.05450846e-07
v 0.49537915 -0.300547868 0.495741576
v 0.49537921 0.252490342 0.495741457
v 0.49537918 0.252490401 0.847132623
v 0.49537915 -0.300547868 0.847132683
v 1.00171447 -0.245822504 0.839627981
v 0.999514461 -0.245822504 0.837427974
v 0.999514461 3.8146986e-08 0.837427974
v 1.00171447 3.8146986e-08 0.839627981
v 1.00171447 0.245822579 0.839627981
v 0.999514461 0.245822579 0.837427974
v -0.495379031 -0.300547808 0.495741457
v -0.495379031 -0.300547719 0.847132504
v -0.495379031 0.252490491 0.847132504
v -0.495378882 0.252490401 0.495741338
v 0.945973337 -0.24807404 0.893230796
v 0.945973337 -0.24807404 0.846985221
v 0.943773329 -0.245874047 0.846985221
v 0.943773329 -0.245874047 0.893230796
v 0.945973456 0.248073474 0.893230796
v 0.943773448 0.245873466 0.893230796
v 0.943773448 0.245873466 0.846985221
v 0.945973456 0.248073474 0.846985221
v -0.945973516 -0.248073488 0.893230796
v -0.943773508 -0.245873481 0.893230796
v -0.943773508 -0.245873481 0.846985281
v -0.945973516 -0.248073488 0.846985221
v -1.00171459 -0.245822504 0.839627981
v -1.00171459 3.8146986e-08 0.839627981
v -0.99951452 3.8146986e-08 0.837427974
v -0.99951452 -0.245822504 0.837427974
v -1.00171459 0.245822579 0.839627981
v -0.99951452 0.245822579 0.837427914
v -0.945973337 0.248074055 0.893230796
v -0.945973337 0.248074055 0.846985221
v -0.943773329 0.245874047 0.846985221
v -0.943773329 0.245874047 0.893230796
v 1.01714706 0.320672959 0.906100035
v 8.38012681e-08 0.320672989 0.906099975
v 8.38012681e-08 0.318672955 0.908100009
v -1.01714683 0.320672959 0.906099975
v 8.38012681e-08 0.318672955 0.908100009
v 1.01714706 0.318672955 0.908100009
v 1.01714706 0.320672959 0.906100035
v -1.01714683 0.320672959 0.906099975
v -1.01714683 0.318672955 0.908100009
v 1.01714694 -0.320773005 0.906099975
v 1.01714694 -0.318773001 0.908100009
v 8.38012681e-08 -0.318773001 0.908100009
v 8.38012681e-08 -0.320773005 0.906099975
v -1.01714683 -0.320773005 0.906099975
v -1.01714683 -0.318773001 0.908100009
v 0.49537915 -0.300547868 0.495741576
v 0.493179172 -0.302747726 0.495741576
v 0.493179142 -0.300547719 0.493541569
v -0.495379031 -0.300547808 0.495741457
v -0.493179023 -0.300547659 0.493541449
v -0.493179023 -0.302747667 0.495741457
v 0.945914447 -0.245822519 0.0575515069
v 0.945914447 3.81470002e-08 0.0575515442
v 0.999514461 3.81470002e-08 0.0575515442
v 0.999514461 -0.245822519 0.0575515069
v 0.945914447 0.245822579 0.0575515069
v 0.999514461 0.245822579 0.0575515069
v -0.945914388 -0.245822519 0.0575515106
v -0.99951452 -0.245822519 0.0575515106
v -0.99951452 3.81470002e-08 0.057551533
v -0.945914388 3.81470002e-08 0.057551533
v -0.945914388 0.245822579 0.0575514771
v -0.99951452 0.245822579 0.0575514771
v 0.989746511 -0.271936685 0.0575501136
v 0.973589957 -0.271936685 0.0575501136
v 0.973589957 7.21326899e-07 0.0575515404
v 0.989746511 7.21327012e-07 0.0575515032
v 0.989746511 0.271938115 0.0575505048
v 0.973589957 0.271938115 0.0575505048
v -0.989747345 -0.271936685 0.0575501136
v -0.989747345 7.21327012e-07 0.0575515032
v -0.973590732 7.21326899e-07 0.0575515404
v -0.973590732 -0.271936685 0.0575501136
v -0.989747345 0.271938115 0.0575504899
v -0.973590732 0.271938115 0.0575504899
v 0.945861518 -0.30167371 0.057551492
v 0 -0.30167377 0.0575515144
v 0 3.8146986e-08 0.0575515404
v -0.945861518 -0.30167383 0.0575515032
v 0.945861518 9.53674473e-08 0.0575515144
v -0.945861518 1.36590958e-14 0.0575515032
v -3.81469718e-08 0.3016738 0.0575515144
v 0.945861518 0.301673889 0.057551492
v -0.945861518 0.3016738 0.0575515032
v 1.00171447 -0.245822519 0.113351509
v 0.999514461 -0.245822519 0.115551509
v 0.999514461 -0.248022541 0.113351509
v 1.00171447 0.245822608 0.113351516
v 0.999514461 0.248022616 0.113351516
v 0.999514461 0.245822608 0.115551509
v 1.01714706 0.318672955 0.883610845
v 1.01914704 0.318672955 0.885610819
v 1.01914704 -0.318773001 0.885610819
v 1.01714694 -0.318773001 0.883610845
v -1.00171459 -0.245822519 0.113351494
v -0.99951452 -0.248022541 0.113351494
v -0.99951452 -0.245822519 0.115551509
v -1.00171459 0.245822608 0.113351502
v -0.99951452 0.245822608 0.115551472
v -0.99951452 0.248022616 0.113351502
v -1.01714683 0.318672955 0.883610845
v -1.01714683 -0.318773001 0.883610845
v -1.0191468 -0.318773001 0.885610819
v -1.0191468 0.318672955 0.885610819
v 0.945861399 -0.301674068 0.100735284
v 0.945861399 -0.303874046 0.0985352844
v 0.948061407 -0.301674068 0.0985352844
v 0.945861638 0.301673532 0.100735284
v 0.948061645 0.301673532 0.0985352844
v 0.945861638 0.303873509 0.0985352844
v -0.945861638 -0.301673502 0.100735284
v -0.948061645 -0.301673502 0.0985352769
v -0.945861638 -0.303873509 0.0985352769
v -0.945861399 0.301674128 0.100735284
v -0.945861399 0.303874046 0.0985352769
v -0.948061407 0.301674128 0.0985352769
v 0.943773329 -0.301674038 0.895430803
v 0.0288866889 -0.30167377 0.895430863
v 0.0288866889 -0.303873777 0.893230855
v 0.943773329 -0.303874046 0.893230796
v 0.943773448 0.301673472 0.895430803
v 0.943773448 0.30387345 0.893230796
v 0.028886864 0.303873748 0.893230796
v 0.0288868621 0.30167377 0.895430803
v -0.943773508 -0.301673502 0.895430803
v -0.943773508 -0.303873479 0.893230796
v -0.0288869012 -0.303873748 0.893230855
v -0.0288869012 -0.30167377 0.895430863
v -0.943773329 0.301674068 0.895430803
v -0.028886728 0.30167377 0.895430803
v -0.0288867261 0.303873748 0.893230796
v -0.0288867261 0.303873748 0.893230796
v -0.943773329 0.303874016 0.893230796
v -0.943773329 0.301674068 0.895430803
v 0.945914447 -0.303786933 0.890168071
v 0.999514461 -0.303786933 0.890168071
v 0.999514461 -0.301586926 0.892368078
v 0.945914447 -0.301586926 0.892368078
v 0.945914447 0.303786844 0.89016819
v 0.945914447 0.301586837 0.892368197
v 0.999514461 0.301586837 0.892368197
v 0.999514461 0.303786844 0.89016819
v -0.945914388 -0.303786933 0.890168071
v -0.945914388 -0.301586956 0.892368078
v -0.99951452 -0.301586956 0.892368078
v -0.99951452 -0.303786933 0.890168071
v -0.945914388 0.303786844 0.89016819
v -0.99951452 0.303786844 0.89016819
v -0.99951452 0.301586837 0.892368197
v -0.945914388 0.301586837 0.892368197
v -0.0269820765 -0.303786904 0.890168071
v 0.0266179238 -0.303786904 0.890168071
v 0.0266179238 -0.301586896 0.892368078
v -0.0269820765 -0.301586896 0.892368078
v -0.0269820765 0.303786874 0.89016819
v -0.0269820765 0.301586866 0.892368197
v 0.0266179238 0.301586866 0.892368197
v 0.0266179238 0.303786874 0.89016819
v 0.49537921 0.252490342 0.495741457
v 0.493179202 0.252490342 0.493541449
v 0.493179202 0.25469026 0.495741457
v 0.981692672 0.302442998 0.0823957399
v 0.981692672 0.286924154 0.0823957399
v -4.86816418e-07 0.286924154 0.0823957399
v -4.86816418e-07 0.302442998 0.0823957399
v -0.981693625 0.302442998 0.0823957399
v -0.981693625 0.286924154 0.0823957399
v -0.495378882 0.252490401 0.495741338
v -0.493178874 0.254690349 0.495741338
v -0.493178874 0.252490401 0.49354133
v 0.943773329 -0.301674038 0.844785213
v 0.943773329 -0.24807404 0.844785213
v 0.945973337 -0.24807404 0.846985221
v 0.945973337 -0.301674038 0.846985221
v 0.943773448 0.301673472 0.844785213
v 0.945973456 0.301673472 0.846985221
v 0.945973456 0.248073474 0.846985221
v 0.943773448 0.248073474 0.844785213
v -0.943773508 -0.301673502 0.844785273
v -0.945973516 -0.301673502 0.846985221
v -0.945973516 -0.248073488 0.846985221
v -0.943773508 -0.248073488 0.844785273
v -0.943773329 0.301674068 0.844785213
v -0.943773329 0.248074055 0.844785213
v -0.945973337 0.248074055 0.846985221
v -0.945973337 0.301674068 0.846985221
v 0.973589957 -0.271940291 0.890315711
v 0.973589957 -0.274140358 0.888115644
v 0.989746511 -0.274140358 0.888115644
v 0.989746511 -0.271940291 0.890315711
v 0.973589957 0.271940529 0.89031601
v 0.989746511 0.271940529 0.89031601
v 0.989746511 0.274140596 0.888116002
v 0.973589957 0.274140596 0.888116002
v -0.973590732 -0.271940291 0.890315711
v -0.989747345 -0.271940291 0.890315711
v -0.989747345 -0.274140388 0.888115644
v -0.973590732 -0.274140388 0.888115644
v -0.973590732 0.271940529 0.89031601
v -0.973590732 0.274140567 0.888116002
v -0.989747345 0.274140567 0.888116002
v -0.989747345 0.271940529 0.89031601
v 0.478370368 -0.302747726 0.847132683
v 0.493179172 -0.302747726 0.847132683
v 0.493179142 -0.300547719 0.84933269
v 0.478370368 -0.300547719 0.84933269
v -0.478370368 -0.302747577 0.847132504
v -0.478370368 -0.30054757 0.849332571
v -0.493179023 -0.30054757 0.849332571
v -0.493179172 -0.302747577 0.847132504
v 0.999514461 -0.245822504 0.895427942
v 0.945914447 -0.245822504 0.895427942
v 0.945914447 -0.248022512 0.893227994
v 0.999514461 -0.248022512 0.893227994
v 0.999514461 0.245822579 0.895428002
v 0.999514461 0.248022601 0.893227994
v 0.945914447 0.248022601 0.893227994
v 0.945914447 0.245822579 0.895428002
v -0.99951452 -0.245822504 0.895427942
v -0.99951452 -0.248022512 0.893227935
v -0.945914388 -0.248022512 0.893227935
v -0.945914388 -0.245822504 0.895427942
v -0.99951452 0.245822579 0.895428002
v -0.945914388 0.245822579 0.895428002
v -0.945914388 0.248022601 0.893227935
v -0.99951452 0.248022601 0.893227935
v 1.00171447 -0.245822519 0.113351509
v 1.00171447 3.81470002e-08 0.113351546
v 0.999514461 3.81470002e-08 0.115551546
v 0.999514461 -0.245822519 0.115551509
v 1.00171447 0.245822608 0.113351516
v 0.999514461 0.245822608 0.115551509
v -1.00171459 -0.245822519 0.113351494
v -0.99951452 -0.245822519 0.115551509
v -0.99951452 3.81470002e-08 0.115551524
v -1.00171459 3.81470002e-08 0.113351554
v -1.00171459 0.245822608 0.113351502
v -0.99951452 0.245822608 0.115551472
v 0.976802111 -0.302747697 0.274674565
v 0.000816421525 -0.302747697 0.274674565
v 0.000816421525 -0.300547689 0.272474557
v 0.976802111 -0.300547689 0.272474557
v -0.976802051 -0.302747697 0.274674565
v -0.976802051 -0.300547689 0.272474557
v -0.000816421525 -0.300547689 0.272474557
v -0.000816421525 -0.302747697 0.274674565
v 0.493179172 0.254690319 0.847132623
v 0.478370488 0.254690439 0.847132623
v 0.478370517 0.252490401 0.849332631
v 0.493179172 0.252490371 0.849332631
v -0.493179023 0.254690379 0.847132504
v -0.493179023 0.252490461 0.849332511
v -0.478370368 0.25249052 0.849332511
v -0.478370368 0.25249052 0.849332511
v -0.478370219 0.254690528 0.847132504
v -0.493179023 0.254690379 0.847132504
v 0.0288179256 -0.301586688 0.00219967216
v 0.0266179238 -0.301586688 -3.400813e-07
v 0.0266179238 1.47131445e-07 -2.72766073e-07
v 0.0288179256 1.46362112e-07 0.00219973945
v 0.0288179256 0.301586956 0.00219980674
v 0.0266179238 0.301586956 -2.05450846e-07
v -0.0291820765 -0.301586688 0.00219967216
v -0.0291820765 1.46362112e-07 0.00219973945
v -0.0269820783 1.47131445e-07 -2.72766073e-07
v -0.0269820765 -0.301586688 -3.400813e-07
v -0.0291820765 0.301586956 0.00219980674
v -0.0269820765 0.301586956 -2.05450846e-07
v 0.0288179256 -0.301586896 0.890168071
v 0.0266179238 -0.301586896 0.892368078
v 0.0266179238 -0.303786904 0.890168071
v -0.0269820765 -0.301586896 0.892368078
v -0.0291820765 -0.301586896 0.890168071
v -0.0269820765 -0.303786904 0.890168071
v 0.0288179256 0.301586866 0.89016819
v 0.0266179238 0.303786874 0.89016819
v 0.0266179238 0.301586866 0.892368197
v -0.0269820765 0.301586866 0.892368197
v -0.0269820765 0.303786874 0.89016819
v -0.0291820765 0.301586866 0.89016819
v 4.56542963e-08 0.160900652 0.906000018
v 4.56542963e-08 0.158400655 0.908100009
v 1.01714706 0.158400655 0.908100009
v 1.01714706 0.160900652 0.906000018
v -1.01714706 0.160900652 0.906000018
v -1.01714706 0.158400655 0.908100009
v 4.56542963e-08 -0.150207669 0.908100009
v 4.56542963e-08 -0.152707666 0.906000018
v 1.01714706 -0.152707666 0.906000018
v 1.01714706 -0.150207669 0.908100009
v -1.01714683 -0.150207669 0.908100009
v -1.01714683 -0.152707666 0.906000018
v 0.49537921 0.252490342 0.495741457
v 0.49537915 -0.300547868 0.495741576
v 0.493179142 -0.300547719 0.493541569
v 0.493179202 0.252490342 0.493541449
v -0.495378882 0.252490401 0.495741338
v -0.493178874 0.252490401 0.49354133
v -0.493179023 -0.300547659 0.493541449
v -0.495379031 -0.300547808 0.495741457
v 1.01714694 -0.318773001 0.908100009
v 1.01714706 -0.155207664 0.908100009
v 4.56542963e-08 -0.155207664 0.908100009
v 8.38012681e-08 -0.318773001 0.908100009
v -1.01714683 -0.318773001 0.908100009
v -1.01714683 -0.155207664 0.908100009
v 1.01714706 0.158400655 0.908100009
v 4.56542963e-08 0.158400655 0.908100009
v 4.56542963e-08 0.00235348009 0.908100009
v 1.01714706 0.00235348009 0.908100009
v -1.01714683 0.00235346099 0.908100009
v -1.01714706 0.158400655 0.908100009
v 1.01714706 0.318672955 0.908100009
v 8.38012681e-08 0.318672955 0.908100009
v 4.56542963e-08 0.16340065 0.908100009
v 1.01714706 0.16340065 0.908100009
v -1.01714706 0.16340065 0.908100009
v -1.01714683 0.318672955 0.908100009
v 1.01714706 -0.0026465198 0.908100009
v 4.56542963e-08 -0.0026465198 0.908100009
v 4.56542963e-08 -0.150207669 0.908100009
v 1.01714706 -0.150207669 0.908100009
v -1.01714683 -0.150207669 0.908100009
v -1.01714683 -0.00264653889 0.908100009
v -0.0288869012 -0.30167377 0.895430863
v -0.0288869012 -0.303873748 0.893230855
v -0.0266868882 -0.30167374 0.893230855
v -0.028886728 0.30167377 0.895430803
v -0.026686715 0.30167374 0.893230796
v -0.0288867261 0.303873748 0.893230796
v 0.000816421525 0.25208807 0.274674624
v 0.976802111 0.25208807 0.274674684
v 0.976802111 0.249888062 0.272474706
v 0.000816421525 0.249888062 0.272474647
v -0.000816421525 0.25208807 0.274674624
v -0.000816421525 0.249888062 0.272474617
v -0.97680217 0.249888062 0.272474706
v -0.97680217 0.249888062 0.272474706
v -0.97680217 0.25208807 0.274674624
v -0.000816421525 0.25208807 0.274674624
v 0.0288866889 -0.30167377 0.895430863
v 0.0266866777 -0.30167377 0.893230855
v 0.0288866889 -0.303873777 0.893230855
v 0.0288868621 0.30167377 0.895430803
v 0.028886864 0.303873748 0.893230796
v 0.0266868509 0.30167374 0.893230796
v 0.948061407 -0.301674068 0.0985352844
v 0.948061526 -2.55234625e-07 0.0985352919
v 0.945861518 -2.54465306e-07 0.100735299
v 0.945861399 -0.301674068 0.100735284
v 0.948061645 0.301673532 0.0985352844
v 0.945861638 0.301673532 0.100735284
v -4.86816418e-07 0.302442968 0.89719224
v -4.86816418e-07 0.286924094 0.89719224
v 0.981692672 0.286924094 0.89719224
v 0.981692672 0.302442968 0.89719224
v -0.981693625 0.286924094 0.89719224
v -0.981693625 0.302442968 0.89719224
v -0.948061645 -0.301673502 0.0985352769
v -0.945861638 -0.301673502 0.100735284
v -0.945861518 3.11685795e-07 0.100735284
v -0.948061526 3.12455114e-07 0.0985353142
v -0.948061407 0.301674128 0.0985352769
v -0.945861399 0.301674128 0.100735284
v 0.0288867075 -0.248073801 0.895430863
v 0.0288866889 -0.30167377 0.895430863
v 0.943773329 -0.301674038 0.895430803
v 0.943773329 -0.24807404 0.895430803
v 0.0288868435 0.248073757 0.895430803
v 0.943773448 0.248073474 0.895430803
v 0.943773448 0.301673472 0.895430803
v 0.0288868621 0.30167377 0.895430803
v -0.0288868826 -0.248073757 0.895430803
v -0.943773508 -0.248073488 0.895430803
v -0.943773508 -0.301673502 0.895430803
v -0.0288869012 -0.30167377 0.895430863
v -0.0288867466 0.248073772 0.895430803
v -0.028886728 0.30167377 0.895430803
v -0.943773329 0.301674068 0.895430803
v -0.943773329 0.248074055 0.895430803
v 0.999514461 -0.245822504 0.895427942
v 0.999514461 3.8146986e-08 0.895428002
v 0.945914447 3.8146986e-08 0.895428002
v 0.945914447 -0.245822504 0.895427942
v 0.999514461 0.245822579 0.895428002
v 0.945914447 0.245822579 0.895428002
v -0.99951452 -0.245822504 0.895427942
v -0.945914388 -0.245822504 0.895427942
v -0.945914388 3.8146986e-08 0.895428002
v -0.99951452 3.8146986e-08 0.895428002
v -0.99951452 0.245822579 0.895428002
v -0.945914388 0.245822579 0.895428002
v 0.945914447 -0.247986928 0.892368138
v 0.945914447 -0.301586926 0.892368078
v 0.999514461 -0.301586926 0.892368078
v 0.999514461 -0.247986928 0.892368138
v 0.945914447 0.247986823 0.892368197
v 0.999514461 0.247986823 0.892368197
v 0.999514461 0.301586837 0.892368197
v 0.945914447 0.301586837 0.892368197
v -0.945914388 -0.247986943 0.892368138
v -0.99951452 -0.247986943 0.892368138
v -0.99951452 -0.301586956 0.892368078
v -0.945914388 -0.301586956 0.892368078
v -0.945914388 0.247986823 0.892368197
v -0.945914388 0.301586837 0.892368197
v -0.99951452 0.301586837 0.892368197
v -0.99951452 0.247986823 0.892368197
v 0.0266179238 -0.301586896 0.892368078
v 0.0266179238 -1.23338753e-08 0.892368138
v -0.0269820765 -1.23338753e-08 0.892368138
v -0.0269820765 -0.301586896 0.892368078
v 0.0266179238 0.301586866 0.892368197
v -0.0269820765 0.301586866 0.892368197
v 0.973589957 -0.271940291 0.890315711
v 0.989746511 -0.271940291 0.890315711
v 0.989746511 1.19543117e-07 0.890317082
v 0.973589957 1.19543117e-07 0.890317082
v 0.973589957 0.271940529 0.89031601
v 0.989746511 0.271940529 0.89031601
v -0.973590732 -0.271940291 0.890315711
v -0.973590732 1.19543117e-07 0.890317082
v -0.989747345 1.19543117e-07 0.890317082
v -0.989747345 -0.271940291 0.890315711
v -0.973590732 0.271940529 0.89031601
v -0.989747345 0.271940529 0.89031601
v -0.000816421525 -0.302747697 0.274674565
v -0.000816421525 -0.300547689 0.272474557
v 2.73437499e-14 -0.300547689 0.273290962
v 2.73437499e-14 -0.301931292 0.274674565
v 0.000816421525 -0.302747697 0.274674565
v 2.73437499e-14 -0.301931292 0.274674565
v 2.73437499e-14 -0.300547689 0.273290962
v 0.000816421525 -0.300547689 0.272474557
v 8.38012681e-08 0.320672989 0.885610819
v 8.38012681e-08 0.320672989 0.906099975
v 1.01714706 0.320672959 0.906100035
v 1.01714706 0.320672959 0.885610819
v -1.01714683 0.320672959 0.906099975
v -1.01714683 0.320672959 0.885610819
v 1.01714694 -0.320773005 0.885610819
v 1.01714694 -0.320773005 0.906099975
v 8.38012681e-08 -0.320773005 0.906099975
v 8.38012681e-08 -0.320773005 0.885610819
v -1.01714683 -0.320773005 0.885610819
v -1.01714683 -0.320773005 0.906099975
v 0.493179142 -0.300547719 0.84933269
v 0.493179172 0.252490371 0.849332631
v 0.478370517 0.252490401 0.849332631
v 0.478370368 -0.300547719 0.84933269
v -0.493179023 -0.30054757 0.849332571
v -0.478370368 -0.30054757 0.849332571
v -0.478370368 0.25249052 0.849332511
v -0.493179023 0.252490461 0.849332511
v 0.0288866889 -0.303873777 0.893230855
v 0.0288866889 -0.303873777 0.846985281
v 0.943773329 -0.303874046 0.846985221
v 0.943773329 -0.303874046 0.893230796
v 0.028886864 0.303873748 0.893230796
v 0.943773448 0.30387345 0.893230796
v 0.943773448 0.30387345 0.846985221
v 0.028886864 0.303873748 0.846985221
v -0.0288869012 -0.303873748 0.893230855
v -0.943773508 -0.303873479 0.893230796
v -0.943773508 -0.303873479 0.846985221
v -0.0288869012 -0.303873748 0.846985281
v -0.0288867261 0.303873748 0.893230796
v -0.0288867261 0.303873748 0.846985221
v -0.943773329 0.303874016 0.846985221
v -0.943773329 0.303874016 0.893230796
v 0.945861399 -0.303874046 0.0985352844
v -1.06261936e-07 -0.303873777 0.0985353068
v -1.06261936e-07 -0.303873777 0.0597515143
v 0.945861399 -0.303874046 0.0597514957
v -0.945861638 -0.303873509 0.0985352769
v -0.945861638 -0.303873509 0.0597515143
v 0.945861638 0.303873509 0.0597514957
v 6.81149572e-08 0.303873807 0.0597515143
v 6.81149572e-08 0.303873807 0.0985353068
v 0.945861638 0.303873509 0.0985352844
v -0.945861399 0.303874046 0.0597515143
v -0.945861399 0.303874046 0.0985352769
v 0.97680223 -0.303501248 0.495953262
v 0.00309906015 -0.303501159 0.495953292
v 0.00309906015 -0.30350101 0.460734755
v 0.976802111 -0.303501159 0.460734695
v -0.976802111 -0.303501248 0.495953262
v -0.976802111 -0.303501159 0.460734695
v -0.00309906015 -0.30350101 0.460734755
v -0.00309906015 -0.303501159 0.495953292
v 0.999514461 -0.303786725 0.00219967146
v 0.999514461 -0.303786933 0.890168071
v 0.945914447 -0.303786933 0.890168071
v 0.945914447 -0.303786725 0.00219967146
v 0.999514461 0.303786933 0.00219980744
v 0.945914447 0.303786933 0.00219980744
v 0.945914447 0.303786844 0.89016819
v 0.999514461 0.303786844 0.89016819
v -0.99951452 -0.303786725 0.00219967146
v -0.945914388 -0.303786725 0.00219967146
v -0.945914388 -0.303786933 0.890168071
v -0.99951452 -0.303786933 0.890168071
v -0.99951452 0.303786933 0.00219980744
v -0.99951452 0.303786844 0.89016819
v -0.945914388 0.303786844 0.89016819
v -0.945914388 0.303786933 0.00219980744
v 0.0266179238 -0.303786695 0.00219967146
v 0.0266179238 -0.303786904 0.890168071
v -0.0269820765 -0.303786904 0.890168071
v -0.0269820765 -0.303786695 0.00219967146
v 0.0266179238 0.303786963 0.00219980744
v -0.0269820765 0.303786963 0.00219980744
v -0.0269820765 0.303786874 0.89016819
v 0.0266179238 0.303786874 0.89016819
v 0.97680217 -0.302747637 0.289483368
v 0.000816421525 -0.302747637 0.289483368
v 0.000816421525 -0.302747697 0.274674565
v 0.976802111 -0.302747697 0.274674565
v -0.97680217 -0.302747637 0.289483368
v -0.976802051 -0.302747697 0.274674565
v -0.000816421525 -0.302747697 0.274674565
v -0.000816421525 -0.302747637 0.289483368
v 0.981692672 0.302442968 0.89719224
v 0.981692672 0.302442998 0.0823957399
v -4.86816418e-07 0.302442998 0.0823957399
v -4.86816418e-07 0.302442968 0.89719224
v -0.981693625 0.302442968 0.89719224
v -0.981693625 0.302442998 0.0823957399
v 0.493179172 -0.302747726 0.495741576
v 0.493179172 -0.302747726 0.847132683
v 0.478370368 -0.302747726 0.847132683
v 0.478370368 -0.302747726 0.495741665
v -0.493179023 -0.302747667 0.495741457
v -0.478370219 -0.302747667 0.495741546
v -0.478370368 -0.302747577 0.847132504
v -0.493179172 -0.302747577 0.847132504
v -0.000816421525 0.249888062 0.272474617
v -0.000816421525 0.25208807 0.274674624
v 2.73437499e-14 0.251271635 0.274674624
v 2.73437499e-14 0.249888062 0.273291051
v 0.000816421525 0.249888062 0.272474647
v 2.73437499e-14 0.249888062 0.273291051
v 2.73437499e-14 0.251271635 0.274674624
v 0.000816421525 0.25208807 0.274674624
v 4.56542963e-08 0.00235348009 0.908100009
v 4.56542963e-08 -0.000146519902 0.906000018
v 1.01714706 -0.000146519902 0.906000018
v 1.01714706 0.00235348009 0.908100009
v -1.01714683 0.00235346099 0.908100009
v -1.01714683 -0.000146538965 0.906000018
v 4.56542963e-08 -0.000146519902 0.906000018
v 4.56542963e-08 -0.0026465198 0.908100009
v 1.01714706 -0.0026465198 0.908100009
v 1.01714706 -0.000146519902 0.906000018
v -1.01714683 -0.000146538965 0.906000018
v -1.01714683 -0.00264653889 0.908100009
v 0.989746511 -0.274140358 0.888115644
v 0.973589957 -0.274140358 0.888115644
v 0.973589957 -0.274136692 0.0597501174
v 0.989746511 -0.274136692 0.0597501174
v 0.989746511 0.274140596 0.888116002
v 0.989746511 0.274138123 0.0597505122
v 0.973589957 0.274138123 0.0597505122
v 0.973589957 0.274140596 0.888116002
v -0.989747345 -0.274140388 0.888115644
v -0.989747345 -0.274136692 0.0597501174
v -0.973590732 -0.274136692 0.0597501174
v -0.973590732 -0.274140388 0.888115644
v -0.989747345 0.274140567 0.888116002
v -0.973590732 0.274140567 0.888116002
v -0.973590732 0.274138123 0.0597505085
v -0.989747345 0.274138123 0.0597505085
v 0.0288179256 -0.301586896 0.890168071
v 0.0288179256 -1.15645511e-08 0.89016813
v 0.0266179238 -1.23338753e-08 0.892368138
v 0.0266179238 -0.301586896 0.892368078
v 0.0288179256 0.301586866 0.89016819
v 0.0266179238 0.301586866 0.892368197
v -0.0269820765 -0.301586896 0.892368078
v -0.0269820765 -1.23338753e-08 0.892368138
v -0.0291820765 -1.15645511e-08 0.89016813
v -0.0291820765 -0.301586896 0.890168071
v -0.0269820765 0.301586866 0.892368197
v -0.0291820765 0.301586866 0.89016819
v 0.976802111 -0.303501159 0.460734695
v 0.00309906015 -0.30350101 0.460734755
v 0.00309906015 -0.301301003 0.458534747
v 0.976802111 -0.301301152 0.458534688
v -0.976802111 -0.303501159 0.460734695
v -0.976802111 -0.301301152 0.458534688
v -0.00309906015 -0.301301003 0.458534747
v -0.00309906015 -0.30350101 0.460734755
v 0.000816421525 -0.300547689 0.272474557
v 0.000816421525 0.249888062 0.272474647
v 0.976802111 0.249888062 0.272474706
v 0.976802111 -0.300547689 0.272474557
v -0.000816421525 -0.300547689 0.272474557
v -0.976802051 -0.300547689 0.272474557
v -0.97680217 0.249888062 0.272474706
v -0.000816421525 0.249888062 0.272474617
v 0.493179202 0.25469026 0.495741457
v 0.478370517 0.254690379 0.495741546
v 0.478370488 0.254690439 0.847132623
v 0.493179172 0.254690319 0.847132623
v -0.493178874 0.254690349 0.495741338
v -0.493179023 0.254690379 0.847132504
v -0.478370219 0.254690528 0.847132504
v -0.478370219 0.254690468 0.495741427
v 0.97680223 0.252087951 0.289483368
v 0.976802111 0.25208807 0.274674684
v 0.000816421525 0.25208807 0.274674624
v 0.000816421525 0.252087951 0.289483339
v -0.97680217 0.252087951 0.289483368
v -0.000816421525 0.252087951 0.289483279
v -0.000816421525 0.25208807 0.274674624
v -0.97680217 0.25208807 0.274674624
v 0.976802289 0.250192285 0.495953292
v 0.976802111 0.250192404 0.460734785
v 0.00309906015 0.250192404 0.460734785
v 0.00309906015 0.250192285 0.495953292
v -0.976802111 0.250192285 0.495953292
v -0.00309906015 0.250192285 0.495953292
v -0.00309906015 0.250192404 0.460734785
v -0.976802111 0.250192404 0.460734785
v 0.945914447 -0.248022541 0.113351509
v 0.945914447 -0.248022541 0.0597515032
v 0.999514461 -0.248022541 0.0597515032
v 0.999514461 -0.248022541 0.113351509
v 0.945914447 0.248022616 0.113351516
v 0.999514461 0.248022616 0.113351516
v 0.999514461 0.248022601 0.0597515032
v 0.945914447 0.248022601 0.0597515032
v -0.945914388 -0.248022541 0.113351494
v -0.99951452 -0.248022541 0.113351494
v -0.99951452 -0.248022541 0.0597514845
v -0.945914388 -0.248022541 0.0597514845
v -0.945914388 0.248022616 0.113351502
v -0.945914388 0.248022601 0.059751451
v -0.99951452 0.248022601 0.059751451
v -0.99951452 0.248022616 0.113351502
v 0.945914447 -0.248022512 0.893227994
v 0.945914447 -0.248022512 0.839627981
v 0.999514461 -0.248022512 0.839627981
v 0.999514461 -0.248022512 0.893227994
v 0.945914447 0.248022601 0.893227994
v 0.999514461 0.248022601 0.893227994
v 0.999514461 0.248022601 0.839627981
v 0.945914447 0.248022601 0.839627981
v -0.945914388 -0.248022512 0.893227935
v -0.99951452 -0.248022512 0.893227935
v -0.99951452 -0.248022512 0.839627922
v -0.945914388 -0.248022512 0.839627922
v -0.945914388 0.248022601 0.893227935
v -0.945914388 0.248022601 0.839627981
v -0.99951452 0.248022601 0.839627981
v -0.99951452 0.248022601 0.893227935
v 0.493179172 -0.302747726 0.495741576
v 0.478370368 -0.302747726 0.495741665
v 0.478370368 -0.300547719 0.493541658
v 0.493179142 -0.300547719 0.493541569
v -0.493179023 -0.302747667 0.495741457
v -0.493179023 -0.300547659 0.493541449
v -0.478370219 -0.300547659 0.493541539
v -0.478370219 -0.302747667 0.495741546
v 0.0266179238 -0.303786904 0.890168071
v 0.0266179238 -0.303786695 0.00219967146
v 0.0288179256 -0.301586688 0.00219967216
v 0.0288179256 -0.301586896 0.890168071
v 0.0266179238 0.303786874 0.89016819
v 0.0288179256 0.301586866 0.89016819
v 0.0288179256 0.301586956 0.00219980674
v 0.0266179238 0.303786963 0.00219980744
v -0.0288869012 -0.30167377 0.895430863
v -0.0266868882 -0.30167374 0.893230855
v -0.0266868696 -0.248073757 0.893230855
v -0.0288868826 -0.248073757 0.895430803
v -0.028886728 0.30167377 0.895430803
v -0.0288867466 0.248073772 0.895430803
v -0.0266867336 0.248073772 0.893230796
v -0.026686715 0.30167374 0.893230796
v -0.0269820765 -0.303786695 0.00219967146
v -0.0269820765 -0.303786904 0.890168071
v -0.0291820765 -0.301586896 0.890168071
v -0.0291820765 -0.301586688 0.00219967216
v -0.0269820765 0.303786963 0.00219980744
v -0.0291820765 0.301586956 0.00219980674
v -0.0291820765 0.301586866 0.89016819
v -0.0269820765 0.303786874 0.89016819
v 0.0288866889 -0.30167377 0.895430863
v 0.0288867075 -0.248073801 0.895430863
v 0.0266866963 -0.248073772 0.893230855
v 0.0266866777 -0.30167377 0.893230855
v 0.0288868621 0.30167377 0.895430803
v 0.0266868509 0.30167374 0.893230796
v 0.0266868323 0.248073757 0.893230796
v 0.0288868435 0.248073757 0.895430803
v 0.00309906015 0.250192404 0.460734785
v 0.976802111 0.250192404 0.460734785
v 0.976802111 0.247992396 0.458534837
v 0.00309906015 0.247992396 0.458534837
v -0.00309906015 0.250192404 0.460734785
v -0.00309906015 0.247992396 0.458534837
v -0.976802111 0.247992396 0.458534837
v -0.976802111 0.250192404 0.460734785
v 0.943773329 -0.245874047 0.846985221
v 0.945973337 -0.24807404 0.846985221
v 0.943773329 -0.24807404 0.844785213
v 0.943773448 0.245873466 0.846985221
v 0.943773448 0.248073474 0.844785213
v 0.945973456 0.248073474 0.846985221
v -0.943773508 -0.245873481 0.846985281
v -0.943773508 -0.248073488 0.844785273
v -0.945973516 -0.248073488 0.846985221
v -0.943773329 0.245874047 0.846985221
v -0.945973337 0.248074055 0.846985221
v -0.943773329 0.248074055 0.844785213
v -0.00309906015 -0.30350101 0.460734755
v -0.00309906015 -0.301301003 0.458534747
v -0.000899047824 -0.301301003 0.460734755
v 0.00309906015 -0.30350101 0.460734755
v 0.000899047824 -0.301301003 0.460734755
v 0.00309906015 -0.301301003 0.458534747
v 2.73437499e-14 -0.301931292 0.274674565
v 2.73437499e-14 -0.301931202 0.289483368
v -0.000816421525 -0.302747637 0.289483368
v -0.000816421525 -0.302747697 0.274674565
v 2.73437499e-14 -0.301931292 0.274674565
v 0.000816421525 -0.302747697 0.274674565
v 0.000816421525 -0.302747637 0.289483368
v 2.73437499e-14 -0.301931202 0.289483368
v -0.00309906015 -0.30350101 0.460734755
v -0.000899047824 -0.301301003 0.460734755
v -0.000899047824 -0.301301152 0.495953262
v -0.00309906015 -0.303501159 0.495953292
v 0.00309906015 -0.30350101 0.460734755
v 0.00309906015 -0.303501159 0.495953292
v 0.000899047824 -0.301301152 0.495953262
v 0.000899047824 -0.301301003 0.460734755
v 0.478370517 0.254690379 0.495741546
v 0.493179202 0.25469026 0.495741457
v 0.493179202 0.252490342 0.493541449
v 0.493179202 0.252490342 0.493541449
v 0.478370547 0.252490371 0.493541539
v 0.478370517 0.254690379 0.495741546
v -0.478370219 0.254690468 0.495741427
v -0.478370219 0.252490461 0.49354142
v -0.493178874 0.252490401 0.49354133
v -0.493178874 0.252490401 0.49354133
v -0.493178874 0.254690349 0.495741338
v -0.478370219 0.254690468 0.495741427
v 0.945914447 -0.245786726 0.00219969172
v 0.999514461 -0.245786726 0.00219969172
v 0.999514461 -0.247986734 -3.21337865e-07
v 0.945914447 -0.247986734 -3.21337865e-07
v 0.945914447 0.245786935 0.00219978718
v 0.945914447 0.247986913 -2.24194295e-07
v 0.999514461 0.247986913 -2.24194295e-07
v 0.999514461 0.245786935 0.00219978718
v -0.945914388 -0.245786726 0.00219969172
v -0.945914388 -0.247986719 -3.21337865e-07
v -0.99951452 -0.247986719 -3.21337865e-07
v -0.99951452 -0.245786726 0.00219969172
v -0.945914388 0.245786935 0.00219978718
v -0.99951452 0.245786935 0.00219978718
v -0.99951452 0.247986913 -2.24194295e-07
v -0.945914388 0.247986913 -2.24194295e-07
v -0.0266868882 -0.30167374 0.893230855
v -0.0288869012 -0.303873748 0.893230855
v -0.0288869012 -0.303873748 0.846985281
v -0.0266868882 -0.30167374 0.846985281
v -0.026686715 0.30167374 0.893230796
v -0.026686715 0.30167374 0.846985221
v -0.0288867261 0.303873748 0.846985221
v -0.0288867261 0.303873748 0.893230796
v 0.0266866777 -0.30167377 0.893230855
v 0.0266866777 -0.30167377 0.846985281
v 0.0288866889 -0.303873777 0.846985281
v 0.0288866889 -0.303873777 0.893230855
v 0.0266868509 0.30167374 0.893230796
v 0.028886864 0.303873748 0.893230796
v 0.028886864 0.303873748 0.846985221
v 0.0266868509 0.30167374 0.846985221
v -0.000816421525 -0.300547689 0.272474557
v -0.000816421525 0.249888062 0.272474617
v 2.73437499e-14 0.249888062 0.273291051
v 2.73437499e-14 -0.300547689 0.273290962
v -0.00309906015 0.247992396 0.458534837
v -0.00309906015 0.250192404 0.460734785
v -0.000899047824 0.247992396 0.460734874
v 0.000816421525 -0.300547689 0.272474557
v 2.73437499e-14 -0.300547689 0.273290962
v 2.73437499e-14 0.249888062 0.273291051
v 2.73437499e-14 0.249888062 0.273291051
v 0.000816421525 0.249888062 0.272474647
v 0.000816421525 -0.300547689 0.272474557
v 0.00309906015 0.247992396 0.458534837
v 0.000899047824 0.247992396 0.460734874
v 0.00309906015 0.250192404 0.460734785
v 0.00309906015 -0.303501159 0.495953292
v 0.97680223 -0.303501248 0.495953262
v 0.97680223 -0.301301301 0.498153239
v 0.00309906015 -0.301301152 0.498153269
v -0.00309906015 -0.303501159 0.495953292
v -0.00309906015 -0.301301152 0.498153269
v -0.976802111 -0.301301301 0.498153239
v -0.976802111 -0.303501248 0.495953262
v 4.56542963e-08 -0.152707666 0.906000018
v 4.56542963e-08 -0.155207664 0.908100009
v 1.01714706 -0.155207664 0.908100009
v 1.01714706 -0.152707666 0.906000018
v -1.01714683 -0.152707666 0.906000018
v -1.01714683 -0.155207664 0.908100009
v 1.01714706 0.160900652 0.906000018
v 1.01714706 0.16340065 0.908100009
v 4.56542963e-08 0.16340065 0.908100009
v 4.56542963e-08 0.160900652 0.906000018
v -1.01714706 0.16340065 0.908100009
v -1.01714706 0.160900652 0.906000018
v 2.73437499e-14 0.251271546 0.289483279
v 2.73437499e-14 0.251271635 0.274674624
v -0.000816421525 0.25208807 0.274674624
v -0.000816421525 0.25208807 0.274674624
v -0.000816421525 0.252087951 0.289483279
v 2.73437499e-14 0.251271546 0.289483279
v 2.73437499e-14 0.251271546 0.289483279
v 0.000816421525 0.252087951 0.289483339
v 0.000816421525 0.25208807 0.274674624
v 2.73437499e-14 0.251271635 0.274674624
v -0.00309906015 0.250192285 0.495953292
v -0.000899086008 0.247992337 0.495953381
v -0.000899047824 0.247992396 0.460734874
v -0.00309906015 0.250192404 0.460734785
v 0.00309906015 0.250192285 0.495953292
v 0.00309906015 0.250192404 0.460734785
v 0.000899047824 0.247992396 0.460734874
v 0.000899086008 0.247992352 0.495953381
v -0.00309906015 -0.303501159 0.495953292
v -0.000899047824 -0.301301152 0.495953262
v -0.00309906015 -0.301301152 0.498153269
v 0.00309906015 -0.303501159 0.495953292
v 0.00309906015 -0.301301152 0.498153269
v 0.000899047824 -0.301301152 0.495953262
v 0.976802289 0.250192285 0.495953292
v 0.00309906015 0.250192285 0.495953292
v 0.00309906015 0.247992352 0.498153389
v 0.976802289 0.247992352 0.498153389
v -0.976802111 0.250192285 0.495953292
v -0.976802111 0.247992337 0.498153389
v -0.00309906015 0.247992337 0.498153389
v -0.00309906015 0.250192285 0.495953292
v -0.000899086008 0.247992337 0.495953381
v -0.00309906015 0.250192285 0.495953292
v -0.00309906015 0.247992337 0.498153389
v 0.000899086008 0.247992352 0.495953381
v 0.00309906015 0.247992352 0.498153389
v 0.00309906015 0.250192285 0.495953292
v 0.00309906015 -0.301301003 0.458534747
v 0.00309906015 0.247992396 0.458534837
v 0.976802111 0.247992396 0.458534837
v 0.976802111 -0.301301152 0.458534688
v -0.00309906015 -0.301301003 0.458534747
v -0.976802111 -0.301301152 0.458534688
v -0.976802111 0.247992396 0.458534837
v -0.00309906015 0.247992396 0.458534837
v -0.478370368 -0.302747577 0.847132504
v -0.476170361 -0.30054757 0.847132504
v -0.478370368 -0.30054757 0.849332571
v 0.0288867075 -0.248073801 0.895430863
v 0.943773329 -0.24807404 0.895430803
v 0.943773329 -0.245874047 0.893230796
v 0.0288867094 -0.245873779 0.893230855
v 0.0288868435 0.248073757 0.895430803
v 0.0288868435 0.245873749 0.893230796
v 0.943773448 0.245873466 0.893230796
v 0.943773448 0.248073474 0.895430803
v -0.0288868826 -0.248073757 0.895430803
v -0.0288868807 -0.245873749 0.893230855
v -0.943773508 -0.245873481 0.893230796
v -0.943773508 -0.248073488 0.895430803
v -0.0288867466 0.248073772 0.895430803
v -0.943773329 0.248074055 0.895430803
v -0.943773329 0.245874047 0.893230796
v -0.0288867466 0.245873764 0.893230796
v 0.478370368 -0.302747726 0.847132683
v 0.478370368 -0.300547719 0.84933269
v 0.476170361 -0.300547719 0.847132683
v 0.999514461 -0.245786935 0.890168071
v 0.945914447 -0.245786935 0.890168071
v 0.945914447 -0.247986928 0.892368138
v 0.999514461 -0.247986928 0.892368138
v 0.999514461 0.245786861 0.89016819
v 0.999514461 0.247986823 0.892368197
v 0.945914447 0.247986823 0.892368197
v 0.945914447 0.245786861 0.89016819
v -0.99951452 -0.24578695 0.890168071
v -0.99951452 -0.247986943 0.892368138
v -0.945914388 -0.247986943 0.892368138
v -0.945914388 -0.24578695 0.890168071
v -0.99951452 0.245786861 0.89016819
v -0.945914388 0.245786861 0.89016819
v -0.945914388 0.247986823 0.892368197
v -0.99951452 0.247986823 0.892368197
v -0.000899047824 -0.301301003 0.460734755
v -0.00309906015 -0.301301003 0.458534747
v -0.00309906015 0.247992396 0.458534837
v -0.000899047824 0.247992396 0.460734874
v 0.000899047824 -0.301301003 0.460734755
v 0.000899047824 0.247992396 0.460734874
v 0.00309906015 0.247992396 0.458534837
v 0.00309906015 -0.301301003 0.458534747
v -0.476170361 0.25249052 0.847132504
v -0.478370219 0.254690528 0.847132504
v -0.478370368 0.25249052 0.849332511
v 0.47617051 0.252490401 0.847132623
v 0.478370517 0.252490401 0.849332631
v 0.478370488 0.254690439 0.847132623
v -0.0266868696 -0.248073757 0.893230855
v -0.0288868807 -0.245873749 0.893230855
v -0.0288868826 -0.248073757 0.895430803
v -0.0266867336 0.248073772 0.893230796
v -0.0288867466 0.248073772 0.895430803
v -0.0288867466 0.245873764 0.893230796
v 0.0266866963 -0.248073772 0.893230855
v 0.0288867075 -0.248073801 0.895430863
v 0.0288867094 -0.245873779 0.893230855
v 0.0266868323 0.248073757 0.893230796
v 0.0288868435 0.245873749 0.893230796
v 0.0288868435 0.248073757 0.895430803
v 0.478370368 -0.300547719 0.493541658
v 0.478370547 0.252490371 0.493541539
v 0.493179202 0.252490342 0.493541449
v 0.493179142 -0.300547719 0.493541569
v -0.478370219 -0.300547659 0.493541539
v -0.493179023 -0.300547659 0.493541449
v -0.493178874 0.252490401 0.49354133
v -0.478370219 0.252490461 0.49354142
v 0.000816421525 -0.302747637 0.289483368
v 0.97680217 -0.302747637 0.289483368
v 0.97680217 -0.300547779 0.291683346
v 0.000816421525 -0.300547779 0.291683346
v -0.000816421525 -0.302747637 0.289483368
v -0.000816421525 -0.300547779 0.291683346
v -0.97680217 -0.300547779 0.291683346
v -0.97680217 -0.302747637 0.289483368
v -0.000816421525 -0.300547779 0.291683346
v -0.000816421525 -0.302747637 0.289483368
v 2.73437499e-14 -0.301931202 0.289483368
v 2.73437499e-14 -0.300547779 0.290866911
v 0.000816421525 -0.300547779 0.291683346
v 2.73437499e-14 -0.300547779 0.290866911
v 2.73437499e-14 -0.301931202 0.289483368
v 0.000816421525 -0.302747637 0.289483368
v 0.0288179256 0.301586986 0.89016813
v 0.0288179256 -0.301586807 0.89016825
v 0.0288179256 -0.301586926 0.00219981582
v 0.0288179256 0.301586747 0.00219973945
v -0.0291820765 -0.301586807 0.89016825
v -0.0291820765 0.301586986 0.89016813
v -0.0291820765 -7.19421394e-08 0.00219977763
v -0.0291820765 -0.301586926 0.00219981582
v -0.0291820765 0.301586747 0.00219973945
v 0.97680223 0.252087951 0.289483368
v 0.000816421525 0.252087951 0.289483339
v 0.000816421525 0.249888018 0.291683346
v 0.97680223 0.249888018 0.291683376
v -0.97680217 0.252087951 0.289483368
v -0.97680217 0.249888003 0.291683376
v -0.000816421525 0.249888003 0.291683316
v -0.000816421525 0.252087951 0.289483279
v -0.000816421525 0.249888003 0.291683316
v 2.73437499e-14 0.249888018 0.290866882
v 2.73437499e-14 0.251271546 0.289483279
v -0.000816421525 0.252087951 0.289483279
v 0.000816421525 0.249888018 0.291683346
v 0.000816421525 0.252087951 0.289483339
v 2.73437499e-14 0.251271546 0.289483279
v 2.73437499e-14 0.249888018 0.290866882
v -0.000899047824 -0.301301152 0.495953262
v -0.000899047824 -0.301301003 0.460734755
v -0.000899047824 0.247992396 0.460734874
v -0.000899086008 0.247992337 0.495953381
v 0.000899047824 -0.301301152 0.495953262
v 0.000899086008 0.247992352 0.495953381
v 0.000899047824 0.247992396 0.460734874
v 0.000899047824 -0.301301003 0.460734755
v 0.0288866889 -0.30167377 0.844785273
v 0.943773329 -0.301674038 0.844785213
v 0.943773329 -0.303874046 0.846985221
v 0.0288866889 -0.303873777 0.846985281
v 0.0288868621 0.30167374 0.844785273
v 0.028886864 0.303873748 0.846985221
v 0.943773448 0.30387345 0.846985221
v 0.943773448 0.30387345 0.846985221
v 0.943773448 0.301673472 0.844785213
v 0.0288868621 0.30167374 0.844785273
v -0.0288869012 -0.30167374 0.844785273
v -0.0288869012 -0.303873748 0.846985281
v -0.943773508 -0.303873479 0.846985221
v -0.943773508 -0.301673502 0.844785273
v -0.028886728 0.30167374 0.844785273
v -0.943773329 0.301674068 0.844785213
v -0.943773329 0.303874016 0.846985221
v -0.943773329 0.303874016 0.846985221
v -0.0288867261 0.303873748 0.846985221
v -0.028886728 0.30167374 0.844785273
v 1.01714694 -0.320773005 0.885610819
v 8.38012681e-08 -0.320773005 0.885610819
v 8.38012681e-08 -0.318773001 0.883610845
v 1.01714694 -0.318773001 0.883610845
v -1.01714683 -0.320773005 0.885610819
v -1.01714683 -0.318773001 0.883610845
v 1.01714706 0.320672959 0.885610819
v 1.01714706 0.318672955 0.883610845
v 8.38012681e-08 0.318672955 0.883610845
v -1.01714683 0.318672955 0.883610845
v -1.01714683 0.320672959 0.885610819
v 8.38012681e-08 0.318672955 0.883610845
v 8.38012681e-08 0.320672989 0.885610819
v 1.01714706 0.320672959 0.885610819
v -1.01714683 0.320672959 0.885610819
v -0.0288869012 -0.303873748 0.846985281
v -0.0288869012 -0.30167374 0.844785273
v -0.0266868882 -0.30167374 0.846985281
v -0.0288867261 0.303873748 0.846985221
v -0.026686715 0.30167374 0.846985221
v -0.028886728 0.30167374 0.844785273
v 0.0288866889 -0.303873777 0.846985281
v 0.0266866777 -0.30167377 0.846985281
v 0.0288866889 -0.30167377 0.844785273
v 0.028886864 0.303873748 0.846985221
v 0.0288868621 0.30167374 0.844785273
v 0.0266868509 0.30167374 0.846985221
v -0.0266868696 -0.248073757 0.893230855
v -0.0266868882 -0.30167374 0.893230855
v -0.0266868882 -0.30167374 0.846985281
v -0.0266868696 -0.248073757 0.846985281
v -0.0266867336 0.248073772 0.893230796
v -0.0266867336 0.248073772 0.846985221
v -0.026686715 0.30167374 0.846985221
v -0.026686715 0.30167374 0.893230796
v 0.0266866963 -0.248073772 0.893230855
v 0.0266866963 -0.248073772 0.846985281
v 0.0266866777 -0.30167377 0.846985281
v 0.0266866777 -0.30167377 0.893230855
v 0.0266868323 0.248073757 0.893230796
v 0.0266868509 0.30167374 0.893230796
v 0.0266868509 0.30167374 0.846985221
v 0.0266868323 0.248073757 0.846985221
v -0.00309906015 -0.301301152 0.498153269
v -0.000899047824 -0.301301152 0.495953262
v -0.000899086008 0.247992337 0.495953381
v -0.00309906015 0.247992337 0.498153389
v 0.00309906015 -0.301301152 0.498153269
v 0.00309906015 0.247992352 0.498153389
v 0.000899086008 0.247992352 0.495953381
v 0.000899047824 -0.301301152 0.495953262
v 0.97680223 -0.301301301 0.498153239
v 0.976802289 0.247992352 0.498153389
v 0.00309906015 0.247992352 0.498153389
v 0.00309906015 -0.301301152 0.498153269
v -0.976802111 -0.301301301 0.498153239
v -0.00309906015 -0.301301152 0.498153269
v -0.00309906015 0.247992337 0.498153389
v -0.976802111 0.247992337 0.498153389
v 0.945914447 -0.245822504 0.837427974
v 0.999514461 -0.245822504 0.837427974
v 0.999514461 -0.248022512 0.839627981
v 0.945914447 -0.248022512 0.839627981
v 0.945914447 0.245822579 0.837427974
v 0.945914447 0.248022601 0.839627981
v 0.999514461 0.248022601 0.839627981
v 0.999514461 0.245822579 0.837427974
v -0.945914388 -0.245822504 0.837427974
v -0.945914388 -0.248022512 0.839627922
v -0.99951452 -0.248022512 0.839627922
v -0.99951452 -0.245822504 0.837427974
v -0.945914388 0.245822579 0.837427914
v -0.99951452 0.245822579 0.837427914
v -0.99951452 0.248022601 0.839627981
v -0.945914388 0.248022601 0.839627981
v -0.94371438 -0.301586717 0.00219967216
v -0.945914388 -0.303786725 0.00219967146
v -0.945914388 -0.301586717 -3.400813e-07
v -0.94371438 0.301586926 0.00219980674
v -0.945914388 0.301586926 -2.0545086e-07
v -0.945914388 0.303786933 0.00219980744
v 0.94371444 -0.301586717 0.00219967216
v 0.945914447 -0.301586717 -3.400813e-07
v 0.945914447 -0.303786725 0.00219967146
v 0.94371444 0.301586926 0.00219980674
v 0.945914447 0.303786933 0.00219980744
v 0.945914447 0.301586926 -2.0545086e-07
v -0.478370219 -0.300547659 0.493541539
v -0.476170182 -0.300547659 0.495741546
v -0.478370219 -0.302747667 0.495741546
v 0.478370368 -0.300547719 0.493541658
v 0.478370368 -0.302747726 0.495741665
v 0.476170361 -0.300547719 0.495741665
v 0.945861399 -0.303874046 0.0985352844
v 0.945861399 -0.301674068 0.100735284
v -1.05492617e-07 -0.3016738 0.100735322
v -1.06261936e-07 -0.303873777 0.0985353068
v -0.945861638 -0.303873509 0.0985352769
v -0.945861638 -0.301673502 0.100735284
v 6.73456455e-08 0.30167383 0.100735314
v 0.945861638 0.301673532 0.100735284
v 0.945861638 0.303873509 0.0985352844
v 6.81149572e-08 0.303873807 0.0985353068
v -0.945861399 0.303874046 0.0985352769
v -0.945861399 0.303874046 0.0985352769
v -0.945861399 0.301674128 0.100735284
v 6.73456455e-08 0.30167383 0.100735314
v -0.478370219 0.252490461 0.49354142
v -0.478370219 0.254690468 0.495741427
v -0.476170182 0.252490461 0.495741427
v 0.478370547 0.252490371 0.493541539
v 0.47617054 0.252490371 0.495741546
v 0.478370517 0.254690379 0.495741546
v -0.478370368 -0.30054757 0.849332571
v -0.476170361 -0.30054757 0.847132504
v -0.476170361 0.25249052 0.847132504
v -0.478370368 0.25249052 0.849332511
v 0.478370368 -0.300547719 0.84933269
v 0.478370517 0.252490401 0.849332631
v 0.47617051 0.252490401 0.847132623
v 0.476170361 -0.300547719 0.847132683
v -0.478370219 -0.302747667 0.495741546
v -0.476170182 -0.300547659 0.495741546
v -0.476170361 -0.30054757 0.847132504
v -0.478370368 -0.302747577 0.847132504
v 0.478370368 -0.302747726 0.495741665
v 0.478370368 -0.302747726 0.847132683
v 0.476170361 -0.300547719 0.847132683
v 0.476170361 -0.300547719 0.495741665
v 0.999514461 -0.245822519 0.115551509
v 0.945914447 -0.245822519 0.115551509
v 0.945914447 -0.248022541 0.113351509
v 0.999514461 -0.248022541 0.113351509
v 0.999514461 0.245822608 0.115551509
v 0.999514461 0.248022616 0.113351516
v 0.945914447 0.248022616 0.113351516
v 0.945914447 0.245822608 0.115551509
v -0.99951452 -0.245822519 0.115551509
v -0.99951452 -0.248022541 0.113351494
v -0.945914388 -0.248022541 0.113351494
v -0.945914388 -0.245822519 0.115551509
v -0.99951452 0.245822608 0.115551472
v -0.945914388 0.245822608 0.115551472
v -0.945914388 0.248022616 0.113351502
v -0.99951452 0.248022616 0.113351502
v -0.945914388 -0.248022541 0.0597514845
v -0.945914388 -0.245822519 0.0575515106
v -0.94371438 -0.245822519 0.0597515218
v -0.945914388 0.248022601 0.059751451
v -0.94371438 0.245822579 0.0597514883
v -0.945914388 0.245822579 0.0575514771
v 0.945914447 -0.248022541 0.0597515032
v 0.94371444 -0.245822519 0.0597515106
v 0.945914447 -0.245822519 0.0575515069
v 0.945914447 0.248022601 0.0597515032
v 0.945914447 0.245822579 0.0575515069
v 0.94371444 0.245822579 0.0597515106
v -0.971390724 -0.271936685 0.0597501248
v -0.973590732 -0.274136692 0.0597501174
v -0.973590732 -0.271936685 0.0575501136
v -0.971390724 0.271938115 0.0597505011
v -0.973590732 0.271938115 0.0575504899
v -0.973590732 0.274138123 0.0597505085
v 0.971389949 -0.271936685 0.0597501248
v 0.973589957 -0.271936685 0.0575501136
v 0.973589957 -0.274136692 0.0597501174
v 0.971389949 0.271938115 0.059750516
v 0.973589957 0.274138123 0.0597505122
v 0.973589957 0.271938115 0.0575505048
v -0.478370219 0.254690528 0.847132504
v -0.476170361 0.25249052 0.847132504
v -0.476170182 0.252490461 0.495741427
v -0.476170182 0.252490461 0.495741427
v -0.478370219 0.254690468 0.495741427
v -0.478370219 0.254690528 0.847132504
v 0.478370488 0.254690439 0.847132623
v 0.478370517 0.254690379 0.495741546
v 0.47617054 0.252490371 0.495741546
v 0.47617051 0.252490401 0.847132623
v -0.945914388 -0.301586956 0.892368078
v -0.945914388 -0.303786933 0.890168071
v -0.94371438 -0.301586956 0.890168071
v -0.945914388 0.301586837 0.892368197
v -0.94371438 0.301586837 0.89016819
v -0.945914388 0.303786844 0.89016819
v 0.945914447 -0.301586926 0.892368078
v 0.94371444 -0.301586926 0.890168071
v 0.945914447 -0.303786933 0.890168071
v 0.945914447 0.301586837 0.892368197
v 0.945914447 0.303786844 0.89016819
v 0.94371444 0.301586837 0.89016819
v 2.73437499e-14 -0.300547779 0.290866911
v 2.73437499e-14 0.249888018 0.290866882
v -0.000816421525 0.249888003 0.291683316
v -0.000816421525 -0.300547779 0.291683346
v 2.73437499e-14 -0.300547779 0.290866911
v 0.000816421525 -0.300547779 0.291683346
v 0.000816421525 0.249888018 0.291683346
v 0.000816421525 0.249888018 0.291683346
v 2.73437499e-14 0.249888018 0.290866882
v 2.73437499e-14 -0.300547779 0.290866911
v -0.0266868696 -0.248073757 0.846985281
v -0.0288868807 -0.245873749 0.846985281
v -0.0288868807 -0.245873749 0.893230855
v -0.0266868696 -0.248073757 0.893230855
v -0.0266867336 0.248073772 0.846985221
v -0.0266867336 0.248073772 0.893230796
v -0.0288867466 0.245873764 0.893230796
v -0.0288867466 0.245873764 0.846985221
v 0.0266866963 -0.248073772 0.846985281
v 0.0266866963 -0.248073772 0.893230855
v 0.0288867094 -0.245873779 0.893230855
v 0.0288867094 -0.245873779 0.846985281
v 0.0266868323 0.248073757 0.846985221
v 0.0288868435 0.245873749 0.846985221
v 0.0288868435 0.245873749 0.893230796
v 0.0266868323 0.248073757 0.893230796
v -0.945914388 -0.245822504 0.895427942
v -0.945914388 -0.248022512 0.893227935
v -0.94371438 -0.245822504 0.893227935
v -0.945914388 0.245822579 0.895428002
v -0.94371438 0.245822579 0.893227935
v -0.945914388 0.248022601 0.893227935
v 0.945914447 -0.245822504 0.895427942
v 0.94371444 -0.245822504 0.893227994
v 0.945914447 -0.248022512 0.893227994
v 0.945914447 0.245822579 0.895428002
v 0.945914447 0.248022601 0.893227994
v 0.94371444 0.245822579 0.893227994
v 0.971389949 -0.271940321 0.888115704
v 0.973589957 -0.274140358 0.888115644
v 0.973589957 -0.271940291 0.890315711
v 0.971389949 0.271940589 0.888116002
v 0.973589957 0.271940529 0.89031601
v 0.973589957 0.274140596 0.888116002
v -0.971390724 -0.27194038 0.888115704
v -0.973590732 -0.271940291 0.890315711
v -0.973590732 -0.274140388 0.888115644
v -0.971390724 0.271940559 0.888116002
v -0.973590732 0.274140567 0.888116002
v -0.973590732 0.271940529 0.89031601
v -0.0288868826 -0.248073742 0.844785273
v -0.0266868696 -0.248073757 0.846985281
v -0.0266868882 -0.30167374 0.846985281
v -0.0288869012 -0.30167374 0.844785273
v -0.0288867466 0.248073742 0.844785273
v -0.028886728 0.30167374 0.844785273
v -0.026686715 0.30167374 0.846985221
v -0.0266867336 0.248073772 0.846985221
v 0.0288867075 -0.248073772 0.844785273
v 0.0288866889 -0.30167377 0.844785273
v 0.0266866777 -0.30167377 0.846985281
v 0.0266866963 -0.248073772 0.846985281
v 0.0288868435 0.248073727 0.844785273
v 0.0266868323 0.248073757 0.846985221
v 0.0266868509 0.30167374 0.846985221
v 0.0288868621 0.30167374 0.844785273
v 0.97680217 -0.300547779 0.291683346
v 0.97680223 0.249888018 0.291683376
v 0.000816421525 0.249888018 0.291683346
v 0.000816421525 -0.300547779 0.291683346
v -0.97680217 -0.300547779 0.291683346
v -0.000816421525 -0.300547779 0.291683346
v -0.000816421525 0.249888003 0.291683316
v -0.97680217 0.249888003 0.291683376
v 0.943773329 -0.245874047 0.893230796
v 0.943773329 -0.245874047 0.846985221
v 0.0288867094 -0.245873779 0.846985281
v 0.0288867094 -0.245873779 0.893230855
v 0.943773448 0.245873466 0.893230796
v 0.0288868435 0.245873749 0.893230796
v 0.0288868435 0.245873749 0.846985221
v 0.943773448 0.245873466 0.846985221
v -0.943773508 -0.245873481 0.893230796
v -0.0288868807 -0.245873749 0.893230855
v -0.0288868807 -0.245873749 0.846985281
v -0.943773508 -0.245873481 0.846985281
v -0.943773329 0.245874047 0.893230796
v -0.943773329 0.245874047 0.846985221
v -0.0288867466 0.245873764 0.846985221
v -0.0288867466 0.245873764 0.893230796
v 0.999514461 -0.245786726 0.00219969172
v 0.945914447 -0.245786726 0.00219969172
v 0.945914447 -0.245786935 0.890168071
v 0.999514461 -0.245786935 0.890168071
v 0.999514461 0.245786935 0.00219978718
v 0.999514461 0.245786861 0.89016819
v 0.945914447 0.245786861 0.89016819
v 0.945914447 0.245786935 0.00219978718
v -0.99951452 -0.245786726 0.00219969172
v -0.99951452 -0.24578695 0.890168071
v -0.945914388 -0.24578695 0.890168071
v -0.945914388 -0.245786726 0.00219969172
v -0.99951452 0.245786935 0.00219978718
v -0.945914388 0.245786935 0.00219978718
v -0.945914388 0.245786861 0.89016819
v -0.99951452 0.245786861 0.89016819
v 0.981692672 0.286924154 0.0823957399
v 0.981692672 0.286924094 0.89719224
v -4.86816418e-07 0.286924094 0.89719224
v -4.86816418e-07 0.286924154 0.0823957399
v -0.981693625 0.286924154 0.0823957399
v -0.981693625 0.286924094 0.89719224
v -0.945914388 -0.247986719 -3.21337865e-07
v -0.94371438 -0.247986719 0.00219969079
v -0.94371438 -0.301586717 0.00219967216
v -0.945914388 -0.301586717 -3.400813e-07
v -0.945914388 0.247986913 -2.24194295e-07
v -0.945914388 0.301586926 -2.0545086e-07
v -0.94371438 0.301586926 0.00219980674
v -0.94371438 0.247986913 0.00219978811
v 0.945914447 -0.247986734 -3.21337865e-07
v 0.945914447 -0.301586717 -3.400813e-07
v 0.94371444 -0.301586717 0.00219967216
v 0.94371444 -0.247986734 0.00219969079
v 0.945914447 0.247986913 -2.24194295e-07
v 0.94371444 0.247986913 0.00219978811
v 0.94371444 0.301586926 0.00219980674
v 0.945914447 0.301586926 -2.0545086e-07
v 0.945914447 -0.245822504 0.837427974
v 0.945914447 3.8146986e-08 0.837427974
v 0.999514461 3.8146986e-08 0.837427974
v 0.999514461 -0.245822504 0.837427974
v 0.945914447 0.245822579 0.837427974
v 0.999514461 0.245822579 0.837427974
v -0.945914388 -0.245822504 0.837427974
v -0.99951452 -0.245822504 0.837427974
v -0.99951452 3.8146986e-08 0.837427974
v -0.945914388 3.8146986e-08 0.837427974
v -0.945914388 0.245822579 0.837427914
v -0.99951452 0.245822579 0.837427914
v -0.476170182 -0.300547659 0.495741546
v -0.478370219 -0.300547659 0.493541539
v -0.478370219 0.252490461 0.49354142
v -0.476170182 0.252490461 0.495741427
v 0.476170361 -0.300547719 0.495741665
v 0.47617054 0.252490371 0.495741546
v 0.478370547 0.252490371 0.493541539
v 0.478370368 -0.300547719 0.493541658
v 0.0288867075 -0.248073772 0.844785273
v 0.943773329 -0.24807404 0.844785213
v 0.943773329 -0.301674038 0.844785213
v 0.0288866889 -0.30167377 0.844785273
v 0.0288868435 0.248073727 0.844785273
v 0.0288868621 0.30167374 0.844785273
v 0.943773448 0.301673472 0.844785213
v 0.943773448 0.248073474 0.844785213
v -0.0288868826 -0.248073742 0.844785273
v -0.0288869012 -0.30167374 0.844785273
v -0.943773508 -0.301673502 0.844785273
v -0.943773508 -0.248073488 0.844785273
v -0.0288867466 0.248073742 0.844785273
v -0.943773329 0.248074055 0.844785213
v -0.943773329 0.301674068 0.844785213
v -0.028886728 0.30167374 0.844785273
v -0.94371438 -0.245822519 0.0597515218
v -0.945914388 -0.245822519 0.0575515106
v -0.945914388 3.81470002e-08 0.057551533
v -0.94371438 3.81470002e-08 0.0597515479
v -0.94371438 0.245822579 0.0597514883
v -0.945914388 0.245822579 0.0575514771
v 0.94371444 -0.245822519 0.0597515106
v 0.94371444 3.81470002e-08 0.0597515479
v 0.945914447 3.81470002e-08 0.0575515442
v 0.945914447 -0.245822519 0.0575515069
v 0.94371444 0.245822579 0.0597515106
v 0.945914447 0.245822579 0.0575515069
v -0.0266868696 -0.248073757 0.846985281
v -0.0288868826 -0.248073742 0.844785273
v -0.0288868807 -0.245873749 0.846985281
v -0.0266867336 0.248073772 0.846985221
v -0.0288867466 0.245873764 0.846985221
v -0.0288867466 0.248073742 0.844785273
v 0.0266866963 -0.248073772 0.846985281
v 0.0288867094 -0.245873779 0.846985281
v 0.0288867075 -0.248073772 0.844785273
v 0.0266868323 0.248073757 0.846985221
v 0.0288868435 0.248073727 0.844785273
v 0.0288868435 0.245873749 0.846985221
v 1.01714706 0.318672955 0.883610845
v 1.01714694 -0.318773001 0.883610845
v 8.38012681e-08 -0.318773001 0.883610845
v 8.38012681e-08 0.318672955 0.883610845
v -1.01714683 0.318672955 0.883610845
v -1.01714683 -0.318773001 0.883610845
v -0.971390724 -0.271936685 0.0597501248
v -0.973590732 -0.271936685 0.0575501136
v -0.973590732 7.21326899e-07 0.0575515404
v -0.971390724 7.13791337e-07 0.0597515143
v -0.971390724 0.271938115 0.0597505011
v -0.973590732 0.271938115 0.0575504899
v 0.971389949 -0.271936685 0.0597501248
v 0.971389949 7.13791394e-07 0.0597515069
v 0.973589957 7.21326899e-07 0.0575515404
v 0.971389949 0.271938115 0.059750516
v 0.973589957 7.21326899e-07 0.0575515404
v 0.973589957 -0.271936685 0.0575501136
v 0.971389949 -0.271936685 0.0597501248
v 0.971389949 0.271938115 0.059750516
v 0.973589957 0.271938115 0.0575505048
v -1.01714683 0.00235346099 0.908100009
v -1.01714706 0.158400655 0.908100009
v -1.01714706 0.16340065 0.908100009
v -0.945914388 -0.245786726 0.00219969172
v -0.94371438 -0.247986719 0.00219969079
v -0.945914388 -0.247986719 -3.21337865e-07
v -0.945914388 0.245786935 0.00219978718
v -0.945914388 0.247986913 -2.24194295e-07
v -0.94371438 0.247986913 0.00219978811
v 0.945914447 -0.245786726 0.00219969172
v 0.945914447 -0.247986734 -3.21337865e-07
v 0.94371444 -0.247986734 0.00219969079
v 0.945914447 0.245786935 0.00219978718
v 0.94371444 0.247986913 0.00219978811
v 0.945914447 0.247986913 -2.24194295e-07
v 0.943773329 -0.24807404 0.844785213
v 0.0288867075 -0.248073772 0.844785273
v 0.0288867094 -0.245873779 0.846985281
v 0.943773329 -0.245874047 0.846985221
v 0.943773448 0.248073474 0.844785213
v 0.943773448 0.245873466 0.846985221
v 0.0288868435 0.245873749 0.846985221
v 0.0288868435 0.248073727 0.844785273
v -0.943773508 -0.248073488 0.844785273
v -0.943773508 -0.245873481 0.846985281
v -0.0288868807 -0.245873749 0.846985281
v -0.0288868826 -0.248073742 0.844785273
v -0.943773329 0.248074055 0.844785213
v -0.0288867466 0.248073742 0.844785273
v -0.0288867466 0.245873764 0.846985221
v -0.943773329 0.245874047 0.846985221
v -0.94371438 -0.245822504 0.893227935
v -0.94371438 3.8146986e-08 0.893227994
v -0.945914388 3.8146986e-08 0.895428002
v -0.945914388 -0.245822504 0.895427942
v -0.94371438 0.245822579 0.893227935
v -0.945914388 0.245822579 0.895428002
v 0.94371444 -0.245822504 0.893227994
v 0.945914447 -0.245822504 0.895427942
v 0.945914447 3.8146986e-08 0.895428002
v 0.94371444 3.8146986e-08 0.893227994
v 0.94371444 0.245822579 0.893227994
v 0.945914447 0.245822579 0.895428002
v -0.94371438 -0.247986943 0.890168071
v -0.945914388 -0.247986943 0.892368138
v -0.945914388 -0.301586956 0.892368078
v -0.94371438 -0.301586956 0.890168071
v -0.94371438 0.247986823 0.89016819
v -0.94371438 0.301586837 0.89016819
v -0.945914388 0.301586837 0.892368197
v -0.945914388 0.247986823 0.892368197
v 0.94371444 -0.247986928 0.890168071
v 0.94371444 -0.301586926 0.890168071
v 0.945914447 -0.301586926 0.892368078
v 0.945914447 -0.247986928 0.892368138
v 0.94371444 0.247986823 0.89016819
v 0.945914447 0.247986823 0.892368197
v 0.945914447 0.301586837 0.892368197
v 0.94371444 0.301586837 0.89016819
v 0.999514461 -0.245822519 0.115551509
v 0.999514461 3.81470002e-08 0.115551546
v 0.945914447 3.81470002e-08 0.115551546
v 0.945914447 -0.245822519 0.115551509
v 0.999514461 0.245822608 0.115551509
v 0.945914447 0.245822608 0.115551509
v -0.99951452 -0.245822519 0.115551509
v -0.945914388 -0.245822519 0.115551509
v -0.945914388 3.81470002e-08 0.115551524
v -0.99951452 3.81470002e-08 0.115551524
v -0.99951452 0.245822608 0.115551472
v -0.945914388 0.245822608 0.115551472
v 0.945861518 -0.30167371 0.100735284
v 0.945861518 9.53674473e-08 0.100735299
v -0.945861518 0.3016738 0.100735284
v 0.945861518 0.301673889 0.100735284
v -3.81469718e-08 0.301673859 0.100735314
v -0.945861518 -0.30167383 0.100735284
v -0.945861518 1.36495073e-14 0.100735284
v -0.971390724 -0.27194038 0.888115704
v -0.971390724 1.27078778e-07 0.888117075
v -0.973590732 1.19543117e-07 0.890317082
v -0.973590732 -0.271940291 0.890315711
v -0.971390724 0.271940559 0.888116002
v -0.973590732 0.271940529 0.89031601
v 0.971389949 -0.271940321 0.888115704
v 0.973589957 -0.271940291 0.890315711
v 0.973589957 1.19543117e-07 0.890317082
v 0.971389949 1.27078778e-07 0.888117075
v 0.971389949 0.271940589 0.888116002
v 0.973589957 0.271940529 0.89031601
v -0.945914388 -0.303786725 0.00219967146
v -0.94371438 -0.301586717 0.00219967216
v -0.94371438 -0.301586956 0.890168071
v -0.945914388 -0.303786933 0.890168071
v -0.945914388 0.303786933 0.00219980744
v -0.945914388 0.303786844 0.89016819
v -0.94371438 0.301586837 0.89016819
v -0.94371438 0.301586926 0.00219980674
v 0.945914447 -0.303786725 0.00219967146
v 0.945914447 -0.303786933 0.890168071
v 0.94371444 -0.301586926 0.890168071
v 0.94371444 -0.301586717 0.00219967216
v 0.945914447 0.303786933 0.00219980744
v 0.94371444 0.301586926 0.00219980674
v 0.94371444 0.301586837 0.89016819
v 0.945914447 0.303786844 0.89016819
v -0.476170361 -0.30054757 0.847132504
v -0.476170182 -0.300547659 0.495741546
v -0.476170182 0.252490461 0.495741427
v -0.476170361 0.25249052 0.847132504
v 0.476170361 -0.300547719 0.847132683
v 0.47617051 0.252490401 0.847132623
v 0.47617054 0.252490371 0.495741546
v 0.476170361 -0.300547719 0.495741665
v -0.945914388 -0.24578695 0.890168071
v -0.945914388 -0.247986943 0.892368138
v -0.94371438 -0.247986943 0.890168071
v -0.945914388 0.245786861 0.89016819
v -0.94371438 0.247986823 0.89016819
v -0.945914388 0.247986823 0.892368197
v 0.945914447 -0.245786935 0.890168071
v 0.94371444 -0.247986928 0.890168071
v 0.945914447 -0.247986928 0.892368138
v 0.945914447 0.245786861 0.89016819
v 0.945914447 0.247986823 0.892368197
v 0.94371444 0.247986823 0.89016819
v -0.94371438 -0.245822519 0.113351494
v -0.945914388 -0.248022541 0.113351494
v -0.945914388 -0.248022541 0.0597514845
v -0.94371438 -0.245822519 0.0597515218
v -0.94371438 0.245822608 0.113351502
v -0.94371438 0.245822579 0.0597514883
v -0.945914388 0.248022601 0.059751451
v -0.945914388 0.248022616 0.113351502
v -0.94371438 -0.245822504 0.893227935
v -0.945914388 -0.248022512 0.893227935
v -0.945914388 -0.248022512 0.839627922
v -0.94371438 -0.245822504 0.839627981
v -0.94371438 0.245822579 0.893227935
v -0.94371438 0.245822579 0.839627981
v -0.945914388 0.248022601 0.839627981
v -0.945914388 0.248022601 0.893227935
v 0.94371444 -0.245822519 0.113351509
v 0.94371444 -0.245822519 0.0597515106
v 0.945914447 -0.248022541 0.0597515032
v 0.945914447 -0.248022541 0.113351509
v 0.94371444 0.245822608 0.113351516
v 0.945914447 0.248022616 0.113351516
v 0.945914447 0.248022601 0.0597515032
v 0.94371444 0.245822579 0.0597515106
v -0.973590732 -0.274140388 0.888115644
v -0.973590732 -0.274136692 0.0597501174
v -0.971390724 -0.271936685 0.0597501248
v -0.971390724 -0.27194038 0.888115704
v -0.973590732 0.274140567 0.888116002
v -0.971390724 0.271940559 0.888116002
v -0.971390724 0.271938115 0.0597505011
v -0.973590732 0.274138123 0.0597505085
v 0.94371444 -0.245822504 0.893227994
v 0.94371444 -0.245822504 0.839627981
v 0.945914447 -0.248022512 0.839627981
v 0.945914447 -0.248022512 0.893227994
v 0.94371444 0.245822579 0.893227994
v 0.945914447 0.248022601 0.893227994
v 0.945914447 0.248022601 0.839627981
v 0.94371444 0.245822579 0.839627981
v 0.973589957 -0.274140358 0.888115644
v 0.971389949 -0.271940321 0.888115704
v 0.971389949 -0.271936685 0.0597501248
v 0.973589957 -0.274136692 0.0597501174
v 0.973589957 0.274140596 0.888116002
v 0.973589957 0.274138123 0.0597505122
v 0.971389949 0.271938115 0.059750516
v 0.971389949 0.271940589 0.888116002
v -0.945914388 -0.248022512 0.839627922
v -0.945914388 -0.245822504 0.837427974
v -0.94371438 -0.245822504 0.839627981
v -0.945914388 0.248022601 0.839627981
v -0.94371438 0.245822579 0.839627981
v -0.945914388 0.245822579 0.837427914
v 0.945914447 -0.248022512 0.839627981
v 0.94371444 -0.245822504 0.839627981
v 0.945914447 -0.245822504 0.837427974
v 0.945914447 0.248022601 0.839627981
v 0.945914447 0.245822579 0.837427974
v 0.94371444 0.245822579 0.839627981
v -0.945914388 -0.245822519 0.115551509
v -0.945914388 -0.248022541 0.113351494
v -0.94371438 -0.245822519 0.113351494
v -0.945914388 0.245822608 0.115551472
v -0.94371438 0.245822608 0.113351502
v -0.945914388 0.248022616 0.113351502
v 0.945914447 -0.245822519 0.115551509
v 0.94371444 -0.245822519 0.113351509
v 0.945914447 -0.248022541 0.113351509
v 0.945914447 0.245822608 0.115551509
v 0.945914447 0.248022616 0.113351516
v 0.94371444 0.245822608 0.113351516
v -0.945914388 -0.24578695 0.890168071
v -0.94371438 -0.247986943 0.890168071
v -0.94371438 -0.247986719 0.00219969079
v -0.945914388 -0.245786726 0.00219969172
v -0.945914388 0.245786861 0.89016819
v -0.945914388 0.245786935 0.00219978718
v -0.94371438 0.247986913 0.00219978811
v -0.94371438 0.247986823 0.89016819
v 0.945914447 -0.245786935 0.890168071
v 0.945914447 -0.245786726 0.00219969172
v 0.94371444 -0.247986734 0.00219969079
v 0.94371444 -0.247986928 0.890168071
v 0.945914447 0.245786861 0.89016819
v 0.94371444 0.247986823 0.89016819
v 0.94371444 0.247986913 0.00219978811
v 0.945914447 0.245786935 0.00219978718
v -0.94371438 -0.245822504 0.839627981
v -0.945914388 -0.245822504 0.837427974
v -0.945914388 3.8146986e-08 0.837427974
v -0.94371438 3.8146986e-08 0.839627981
v -0.94371438 0.245822579 0.839627981
v -0.945914388 0.245822579 0.837427914
v 0.94371444 -0.245822504 0.839627981
v 0.94371444 3.8146986e-08 0.839627981
v 0.945914447 3.8146986e-08 0.837427974
v 0.945914447 -0.245822504 0.837427974
v 0.94371444 0.245822579 0.839627981
v 0.945914447 0.245822579 0.837427974
v -0.94371438 -0.247986719 0.00219969079
v -0.94371438 -0.247986943 0.890168071
v -0.94371438 -0.301586956 0.890168071
v -0.94371438 -0.301586717 0.00219967216
v -0.94371438 0.247986913 0.00219978811
v -0.94371438 0.301586926 0.00219980674
v -0.94371438 0.301586837 0.89016819
v -0.94371438 0.247986823 0.89016819
v -0.94371438 -0.245822519 0.113351494
v -0.94371438 -0.245822519 0.0597515218
v -0.94371438 3.81470002e-08 0.0597515479
v -0.94371438 3.81470002e-08 0.113351554
v -0.94371438 0.245822608 0.113351502
v -0.94371438 0.245822579 0.0597514883
v -0.94371438 -0.245822504 0.893227935
v -0.94371438 -0.245822504 0.839627981
v -0.94371438 3.8146986e-08 0.839627981
v -0.94371438 3.8146986e-08 0.893227994
v -0.94371438 0.245822579 0.893227935
v -0.94371438 0.245822579 0.839627981
v 0.94371444 -0.247986734 0.00219969079
v 0.94371444 -0.301586717 0.00219967216
v 0.94371444 -0.301586926 0.890168071
v 0.94371444 -0.247986928 0.890168071
v 0.94371444 0.247986913 0.00219978811
v 0.94371444 0.247986823 0.89016819
v 0.94371444 0.301586837 0.89016819
v 0.94371444 0.301586926 0.00219980674
v 0.94371444 -0.245822519 0.113351509
v 0.94371444 3.81470002e-08 0.113351546
v 0.94371444 3.81470002e-08 0.0597515479
v 0.94371444 -0.245822519 0.0597515106
v 0.94371444 0.245822608 0.113351516
v 0.94371444 0.245822579 0.0597515106
v 0.94371444 -0.245822504 0.893227994
v 0.94371444 3.8146986e-08 0.893227994
v 0.94371444 3.8146986e-08 0.839627981
v 0.94371444 -0.245822504 0.839627981
v 0.94371444 0.245822579 0.893227994
v 0.94371444 0.245822579 0.839627981
v -0.94371438 -0.245822519 0.113351494
v -0.94371438 3.81470002e-08 0.113351554
v -0.945914388 3.81470002e-08 0.115551524
v -0.945914388 -0.245822519 0.115551509
v -0.94371438 0.245822608 0.113351502
v -0.945914388 0.245822608 0.115551472
v 0.94371444 -0.245822519 0.113351509
v 0.945914447 -0.245822519 0.115551509
v 0.945914447 3.81470002e-08 0.115551546
v 0.94371444 3.81470002e-08 0.113351546
v 0.94371444 0.245822608 0.113351516
v 0.945914447 0.245822608 0.115551509
v -0.971390724 1.27078778e-07 0.888117075
v -0.971390724 -0.27194038 0.888115704
v -0.971390724 -0.271936685 0.0597501248
v -0.971390724 7.13791337e-07 0.0597515143
v -0.971390724 0.271938115 0.0597505011
v -0.971390724 0.271940559 0.888116002
v 0.971389949 1.27078778e-07 0.888117075
v 0.971389949 7.13791394e-07 0.0597515069
v 0.971389949 -0.271936685 0.0597501248
v 0.971389949 -0.271940321 0.888115704
v 0.971389949 0.271938115 0.059750516
v 0.971389949 0.271940589 0.888116002
v -1.01714683 -0.155207664 0.908100009
v -1.01714683 -0.152707666 0.906000018
v -1.01714683 -0.150207669 0.908100009
v -1.01714683 -0.00264653889 0.908100009
v -1.01714683 -0.000146538965 0.906000018
v -1.01714683 0.00235346099 0.908100009
v -1.01714706 0.158400655 0.908100009
v -1.01714706 0.160900652 0.906000018
v -1.01714706 0.16340065 0.908100009
v 1.01714706 0.16340065 0.908100009
v 1.01714706 0.160900652 0.906000018
v 1.01714706 0.158400655 0.908100009
v 1.01714706 0.00235348009 0.908100009
v 1.01714706 -0.000146519902 0.906000018
v 1.01714706 -0.0026465198 0.908100009
v 1.01714706 -0.150207669 0.908100009
v 1.01714706 -0.152707666 0.906000018
v 1.01714706 -0.155207664 0.908100009
vt 1.27159321 0.455333292
vt 1.27159321 0.544666648
vt 1.26792657 0.544666648
vt 1.26792657 0.455333292
vt 1.27159321 0.455333292
vt 1.26792657 0.455333292
vt 1.26792657 0.544666648
vt 1.27159321 0.544666648
vt 1.27159321 0.455333292
vt 1.26792657 0.455333292
vt 1.26792657 0.544666648
vt 1.27159321 0.544666648
vt 1.27159321 0.455333292
vt 1.27159321 0.544666648
vt 1.26792657 0.544666648
vt 1.26792657 0.455333292
vt -0.271593213 0.797078609
vt -0.267926574 0.79341197
vt -0.267926574 0.797078609
vt -0.271593213 0.797078609
vt -0.267926574 0.797078609
vt -0.267926574 0.79341197
vt -0.271593213 0.797078609
vt -0.267926574 0.797078609
vt -0.267926574 0.79341197
vt -0.271593213 0.797078609
vt -0.267926574 0.79341197
vt -0.267926574 0.797078609
vt 0.00296207936 0.037931025
vt 0.0379310325 0.00296211243
vt 0.0379310399 0.598863125
vt 0.598863065 0.0379310846
vt 0.00296207936 0.037931025
vt 0.0379310325 0.00296211243
vt 0.00296207936 0.037931025
vt 0.598863065 0.0379310846
vt 0.0379310399 0.598863125
vt 0.0379310325 0.00296211243
vt 0.00296207936 0.037931025
vt 0.0379310325 0.00296211243
vt 0.529440045 1.01221251
vt 0.531073809 1.01221251
vt 0.531073451 0.588692009
vt 0.531074882 0.165171504
vt 0.529441178 0.165171504
vt 0.531073451 0.588692009
vt 0.529439747 0.588692009
vt 0.529440045 1.01221251
vt 0.529441178 0.165171504
vt 0.470560014 1.01221275
vt 0.470560282 0.588692188
vt 0.468926609 0.588692188
vt 0.470558882 0.165171742
vt 0.468926609 0.588692188
vt 0.468926311 1.01221275
vt 0.470560014 1.01221275
vt 0.470558882 0.165171742
vt 0.468925148 0.165171683
vt 0.00361439586 0.517074347
vt 0.996384859 0.517074347
vt 0.996384859 0.482925653
vt 0.00361439586 0.482925713
vt 0.996384859 0.517074287
vt 0.996384859 0.482925713
vt 0.00361442566 0.482925713
vt 0.00361442566 0.517074287
vt 0.989783108 0.886412323
vt 0.986116469 0.886412323
vt 0.986116529 0.383622646
vt 0.989783168 0.383622646
vt 0.989783347 -0.11916697
vt 0.986116707 -0.11916697
vt 0.886411428 0.455333352
vt 0.383621812 0.455333352
vt 0.383621812 0.451666653
vt 0.886411428 0.451666653
vt -0.119167924 0.455333352
vt -0.119167924 0.451666653
vt 0.529440045 1.01563883
vt 0.531073809 1.01221251
vt 0.529440045 1.01221251
vt 0.529441178 0.161745131
vt 0.529441178 0.165171504
vt 0.531074882 0.165171504
vt 0.470558882 0.161745369
vt 0.468925148 0.165171683
vt 0.470558882 0.165171742
vt 0.470560014 1.01563907
vt 0.470560014 1.01221275
vt 0.468926311 1.01221275
vt -0.212020636 0.544666588
vt -0.212020636 0.455333233
vt 1.26792657 0.455333292
vt 1.26792657 0.544666648
vt -0.212020636 0.544666588
vt 1.26792657 0.544666648
vt 1.26792657 0.455333292
vt -0.212020636 0.455333233
vt 0.598863065 0.962068975
vt 0.00296207936 0.962068975
vt 0.00296207936 0.037931025
vt 0.598863065 0.0379310846
vt 0.00296207936 0.037931025
vt 0.00296207936 0.962068975
vt 0.598862827 0.962068975
vt 0.00296207936 0.962068975
vt 0.00296207936 0.037931025
vt 0.598862827 0.0379309654
vt 0.00296207936 0.037931025
vt 0.00296207936 0.962068975
vt -0.212020636 0.544666588
vt 1.26792657 0.544666648
vt 1.26792657 0.455333292
vt -0.212020636 0.455333233
vt -0.212020636 0.544666588
vt -0.212020636 0.455333233
vt 1.26792657 0.455333292
vt 1.26792657 0.544666648
vt 0.598863065 0.962068975
vt 0.598863065 0.0379310846
vt 0.00296207936 0.037931025
vt 0.00296207936 0.962068975
vt 0.00296207936 0.037931025
vt 0.00296207936 0.962068975
vt 0.598862827 0.962068975
vt 0.598862827 0.0379309654
vt 0.00296207936 0.037931025
vt 0.00296207936 0.962068975
vt 0.00296207936 0.037931025
vt 0.00296207936 0.962068975
vt 0.989783108 0.455333352
vt 0.986116469 0.455333352
vt 0.986116469 0.451666653
vt 0.0102166533 0.455333352
vt 0.0138832927 0.451666653
vt 0.0138832927 0.455333352
vt 0.00296207936 0.037931025
vt 0.0379310325 0.00296211243
vt 0.962068975 0.037931025
vt -2.17042184 0.455333352
vt -2.1667552 0.451666653
vt -2.1667552 0.455333352
vt 3.1704216 0.455333352
vt 3.16675496 0.455333352
vt 3.16675496 0.451666653
vt 0.00296207936 0.037931025
vt 0.962068975 0.037931025
vt 0.0379310325 0.00296211243
vt 0.00296207936 0.037931025
vt 0.0379310325 0.00296211243
vt 0.962068975 0.037931025
vt 0.00296207936 0.037931025
vt 0.962068975 0.037931025
vt 0.0379310325 0.00296211243
vt -0.085704565 1.01221371
vt 0.529440045 1.01221251
vt 0.529439747 0.588692009
vt -0.0857048035 0.588688374
vt -0.085703373 0.1651631
vt 0.529441178 0.165171504
vt 1.08570457 1.01221395
vt 1.08570492 0.588688612
vt 0.470560282 0.588692188
vt 0.470560014 1.01221275
vt 1.08570337 0.165163338
vt 0.470558882 0.165171742
vt 1.25681877 0.996385574
vt 1.25533354 0.996385574
vt 1.25533354 0.999500453
vt 1.25533366 0.000500321388
vt 1.25533366 0.00361514091
vt 1.25681877 0.00361514091
vt -0.256818891 0.996384859
vt -0.255333662 0.999499679
vt -0.255333662 0.996384859
vt -0.255333543 0.000499606133
vt -0.256818771 0.00361442566
vt -0.255333543 0.00361442566
vt 1.25533354 0.996385574
vt 1.25681877 0.996385574
vt 1.25681877 0.00361514091
vt 1.25533366 0.496257126
vt 1.25533354 0.741645873
vt 1.25533366 0.245439172
vt 1.25533366 0.00361514091
vt 1.25533354 0.996385574
vt 1.25681877 0.00361514091
vt 1.25533354 0.741645873
vt 0.000499606133 0.999499261
vt 0.999499917 0.999499261
vt 0.999499917 0.000499546528
vt 0.000499606133 0.000499546528
vt -0.255333781 0.245438457
vt -0.255333543 0.00361442566
vt -0.256818771 0.00361442566
vt -0.255333662 0.996384859
vt -0.256818891 0.996384859
vt -0.255333662 0.733857989
vt -0.255333662 0.496256411
vt -0.255333662 0.496256411
vt -0.255333781 0.245438457
vt -0.256818771 0.00361442566
vt 0.999499798 0.999499261
vt 0.999499798 0.000499606133
vt 0.000499546528 0.000499606133
vt 0.000499546528 0.999500513
vt 0.0745860338 1.66541934
vt 0.074586153 0.74802649
vt 0.0976493359 0.74802649
vt 0.0976494551 1.66541922
vt 1.68491256 0.993176818
vt 0.769423425 0.993176758
vt 0.769423485 0.934479237
vt 1.68491268 0.934479296
vt 0.925413251 1.66541934
vt 0.90234983 1.66541922
vt 0.902349949 0.74802655
vt 0.925413132 0.74802649
vt -0.684912562 0.993175924
vt -0.684912682 0.934478402
vt 0.230576485 0.934478343
vt 0.230576545 0.993175864
vt 0.00296207936 0.962068975
vt 0.598862827 0.962068975
vt 0.962068975 0.598862886
vt 0.962068975 0.00296211243
vt 0.00296207936 0.962068975
vt 0.962068975 0.00296211243
vt 0.00296207936 0.962068975
vt 0.962068975 0.00296211243
vt 0.962068975 0.598862886
vt 0.598862827 0.962068975
vt 0.00296207936 0.962068975
vt 0.962068975 0.00296211243
vt -0.215687394 0.544666588
vt -0.215687394 0.455333233
vt -0.212020636 0.455333233
vt -0.212020636 0.544666588
vt -0.215687394 0.544666588
vt -0.212020636 0.544666588
vt -0.212020636 0.455333233
vt -0.215687394 0.455333233
vt -0.215687394 0.544666588
vt -0.212020636 0.544666588
vt -0.212020636 0.455333233
vt -0.215687394 0.455333233
vt -0.215687394 0.544666588
vt -0.215687394 0.455333233
vt -0.212020636 0.455333233
vt -0.212020636 0.544666588
vt -0.212020636 0.455333233
vt -0.215687394 0.455333233
vt -0.212020636 0.451666594
vt -0.212020636 0.455333233
vt -0.212020636 0.451666594
vt -0.215687394 0.455333233
vt -0.212020636 0.455333233
vt -0.212020636 0.451666594
vt -0.215687394 0.455333233
vt -0.212020636 0.455333233
vt -0.215687394 0.455333233
vt -0.212020636 0.451666594
vt -0.085704565 1.01221371
vt -0.0857048035 0.588688374
vt -0.0873385668 0.588688374
vt -0.0873382092 1.01221359
vt -0.085703373 0.1651631
vt -0.0873371363 0.165163159
vt 1.08570457 1.01221395
vt 1.08733845 1.01221383
vt 1.08733869 0.588688612
vt 1.08570492 0.588688612
vt 1.08570337 0.165163338
vt 1.08733726 0.165163338
vt 0.616377354 0.51997298
vt 0.113587677 0.51997292
vt 0.113587677 0.455333352
vt 0.616377354 0.455333352
vt 1.11916697 0.455333352
vt 1.11916697 0.51997298
vt 1.25533354 0.517074347
vt 1.25681877 0.517074347
vt 1.25681877 0.482925713
vt 1.25533354 0.482925713
vt -0.256818771 0.517074347
vt -0.255333662 0.517074347
vt -0.255333662 0.482925653
vt -0.256818771 0.482925653
vt 0.113587677 0.508415341
vt 0.113587677 0.431339383
vt 0.202921033 0.431339383
vt 0.202921033 0.508415341
vt 1.11916685 0.508415341
vt 1.02983356 0.508415341
vt 1.02983356 0.431339383
vt 1.11916685 0.431339383
vt 0.383621812 0.51997304
vt 0.383621812 0.455333352
vt 0.886411428 0.455333352
vt 0.886411428 0.51997292
vt -0.119167924 0.455333352
vt -0.119167924 0.51997292
vt -0.255333662 0.517074287
vt -0.255333662 0.482925713
vt -0.256818891 0.482925713
vt -0.256818891 0.517074287
vt 1.25681877 0.517074287
vt 1.25681877 0.482925713
vt 1.25533354 0.482925713
vt 1.25533354 0.517074287
vt 0.886411428 0.508415341
vt 0.797078133 0.508415341
vt 0.797078133 0.431339383
vt 0.886411428 0.431339383
vt -0.119167805 0.508415341
vt -0.119167805 0.431339383
vt -0.0298343897 0.431339383
vt -0.0298343897 0.508415341
vt -0.0873382092 1.01221359
vt -0.085704565 1.01564002
vt -0.085704565 1.01221371
vt -0.0873371363 0.165163159
vt -0.085703373 0.1651631
vt -0.085703373 0.161736727
vt 1.08733845 1.01221383
vt 1.08570457 1.01221395
vt 1.08570457 1.01564026
vt 1.08733726 0.165163338
vt 1.08570337 0.161736965
vt 1.08570337 0.165163338
vt 0.982636392 0.512081981
vt 0.982636392 0.508415341
vt 0.986303031 0.508415341
vt 0.0173633099 0.512081981
vt 0.0136966705 0.508415341
vt 0.0173633099 0.508415341
vt -2.16327477 0.512081981
vt -2.16694164 0.508415341
vt -2.16327477 0.508415341
vt 3.16327453 0.512081981
vt 3.16327453 0.508415341
vt 3.1669414 0.508415341
vt 0.00296207936 0.962068975
vt 0.962068975 0.00296211243
vt 0.962068975 0.962068975
vt 0.00296207936 0.962068975
vt 0.962068975 0.962068975
vt 0.962068975 0.00296211243
vt 0.00296207936 0.962068975
vt 0.962068975 0.962068975
vt 0.962068975 0.00296211243
vt 0.00296207936 0.962068975
vt 0.962068975 0.00296211243
vt 0.962068975 0.962068975
vt -0.212020636 0.451666594
vt 1.26792657 0.451666653
vt 1.26792657 0.455333292
vt -0.212020636 0.455333233
vt -0.212020636 0.451666594
vt -0.212020636 0.455333233
vt 1.26792657 0.455333292
vt 1.26792657 0.451666653
vt 0.0173636079 0.797078967
vt 0.0173636079 0.886412323
vt 0.0136969686 0.886412323
vt 0.0136969686 0.797078967
vt 1.02983356 0.512081981
vt 1.02983356 0.508415341
vt 1.11916685 0.508415341
vt 1.11916685 0.512081981
vt 0.797078133 0.512081981
vt 0.797078133 0.508415341
vt 0.886411428 0.508415341
vt 0.886411428 0.512081981
vt -0.0298343897 0.512081981
vt -0.119167805 0.512081981
vt -0.119167805 0.508415341
vt -0.0298343897 0.508415341
vt -0.212020636 0.451666594
vt -0.212020636 0.455333233
vt 1.26792657 0.455333292
vt 1.26792657 0.451666653
vt -0.212020636 0.451666594
vt 1.26792657 0.451666653
vt 1.26792657 0.455333292
vt -0.212020636 0.455333233
vt 0.503935874 0.0976494551
vt 0.503935814 0.0745860338
vt 0.505569577 0.0745860338
vt 0.505569577 0.0976494551
vt -0.0137076378 0.934479237
vt -0.0137075186 0.993176818
vt -0.0173742771 0.993176818
vt -0.0173743963 0.934479296
vt -0.946811438 0.0976501703
vt -0.948445082 0.0976501703
vt -0.948444963 0.0745867491
vt -0.946811318 0.0745867491
vt 3.24229932 0.934478343
vt 3.24596596 0.934478402
vt 3.24596596 0.993175924
vt 3.24229932 0.993175924
vt -0.085704565 1.01221371
vt -0.085704565 1.01564002
vt 0.529440045 1.01563883
vt 0.529440045 1.01221251
vt -0.085703373 0.1651631
vt 0.529441178 0.165171504
vt 0.529441178 0.161745131
vt -0.085703373 0.161736727
vt 1.08570457 1.01221395
vt 0.470560014 1.01221275
vt 0.470560014 1.01563907
vt 1.08570457 1.01564026
vt 1.08570337 0.165163338
vt 1.08570337 0.161736965
vt 0.470558882 0.161745369
vt 0.470558882 0.165171742
vt 0.505569577 0.0745860338
vt 0.503935814 0.0745860338
vt 0.503935814 0.0711596012
vt -0.948444963 0.0745867491
vt -0.946811318 0.0711603165
vt -0.946811318 0.0745867491
vt 0.986116469 0.51997292
vt 0.986116469 0.455333352
vt 0.989783108 0.455333352
vt 0.989783108 0.51997292
vt 0.0138832927 0.51997298
vt 0.0102166533 0.51997298
vt 0.0102166533 0.455333352
vt 0.0138832927 0.455333352
vt 0.0173633099 0.508415341
vt 0.0136966705 0.508415341
vt 0.0136966705 0.431339383
vt 0.0173633099 0.431339383
vt -2.1667552 0.51997292
vt -2.17042184 0.51997292
vt -2.17042184 0.455333352
vt -2.1667552 0.455333352
vt 3.16675496 0.51997292
vt 3.16675496 0.455333352
vt 3.1704216 0.455333352
vt 3.1704216 0.51997292
vt 0.982636392 0.508415341
vt 0.982636392 0.431339383
vt 0.986303031 0.431339383
vt 0.986303031 0.508415341
vt 0.962068975 0.962068975
vt 0.962068975 0.037931025
vt 0.00296207936 0.037931025
vt 0.00296207936 0.962068975
vt 0.962068975 0.962068975
vt 0.00296207936 0.962068975
vt 0.00296207936 0.037931025
vt 0.962068975 0.037931025
vt 0.962068975 0.962068975
vt 0.962068975 0.037931025
vt 0.00296207936 0.037931025
vt 0.00296207936 0.962068975
vt 0.962068975 0.962068975
vt 0.00296207936 0.962068975
vt 0.00296207936 0.037931025
vt 0.962068975 0.037931025
vt -2.16327477 0.508415341
vt -2.16694164 0.508415341
vt -2.16694164 0.431339383
vt -2.16327477 0.431339383
vt 3.16327453 0.508415341
vt 3.16327453 0.431339383
vt 3.1669414 0.431339383
vt 3.1669414 0.508415341
vt 0.962068975 0.962068975
vt 0.00296207936 0.962068975
vt 0.00296207936 0.037931025
vt 0.962068975 0.037931025
vt 0.962068975 0.962068975
vt 0.962068975 0.037931025
vt 0.00296207936 0.037931025
vt 0.00296207936 0.962068975
vt 0.962068975 0.962068975
vt 0.00296207936 0.962068975
vt 0.00296207936 0.037931025
vt 0.962068975 0.037931025
vt 0.962068975 0.962068975
vt 0.962068975 0.037931025
vt 0.00296207936 0.037931025
vt 0.00296207936 0.962068975
vt 0.503935814 1.66541934
vt 0.503935814 0.74802649
vt 0.505569577 0.74802649
vt 0.505569577 1.66541934
vt -0.946811318 1.66541934
vt -0.948444963 1.66541934
vt -0.948445082 0.74802649
vt -0.946811438 0.74802649
vt 0.496064156 0.0745860338
vt 0.496064097 0.0976493359
vt 0.494430393 0.0976493359
vt 0.494430393 0.0976493359
vt 0.494430453 0.074586153
vt 0.496064156 0.0745860338
vt 1.94681144 0.0745867491
vt 1.94844508 0.0745868683
vt 1.94844508 0.0976500511
vt 1.94844508 0.0976500511
vt 1.94681144 0.0976500511
vt 1.94681144 0.0745867491
vt 1.01370764 0.993176877
vt 1.01370776 0.934479356
vt 1.0173744 0.934479237
vt 1.0173744 0.934479237
vt 1.01737428 0.993176758
vt 1.01370764 0.993176877
vt -2.24229932 0.993175983
vt -2.24596596 0.993175864
vt -2.24596596 0.934478343
vt -2.24596596 0.934478343
vt -2.24229932 0.934478462
vt -2.24229932 0.993175983
vt 0.494430453 0.074586153
vt 0.496064156 0.0711597204
vt 0.496064156 0.0745860338
vt 1.94844508 0.0745868683
vt 1.94681144 0.0745867491
vt 1.94681144 0.0711604357
vt 1.68491256 -0.0173742771
vt 1.68857932 -0.0137075186
vt 1.68491256 -0.0137075186
vt -0.684912562 0.993175924
vt -0.684912562 0.996842623
vt -0.688579321 0.993175924
vt 0.769423425 -0.0173742771
vt 0.769423425 -0.0137076378
vt 0.765756726 -0.0137076378
vt 0.230576545 0.993175864
vt 0.234243244 0.993175983
vt 0.230576545 0.996842504
vt 1.68491256 -0.0137075186
vt 0.769423425 -0.0137076378
vt 0.769423425 -0.0173742771
vt 1.68491256 -0.0173742771
vt -0.684912562 0.996842623
vt -0.684912562 0.993175924
vt 0.230576545 0.993175864
vt 0.230576545 0.996842504
vt 1.27159321 0.544666648
vt 1.26792657 0.548333287
vt 1.26792657 0.544666648
vt 1.27159321 0.544666648
vt 1.26792657 0.544666648
vt 1.26792657 0.548333287
vt 1.27159321 0.544666648
vt 1.26792657 0.544666648
vt 1.26792657 0.548333287
vt 1.27159321 0.544666648
vt 1.26792657 0.548333287
vt 1.26792657 0.544666648
vt 1.6849128 0.930812597
vt 1.68857944 0.934479237
vt 1.68491268 0.934479296
vt -0.684912801 0.930811703
vt -0.684912682 0.934478402
vt -0.68857944 0.934478343
vt 1.01370776 0.930812538
vt 1.0173744 0.934479237
vt 1.01370776 0.934479356
vt -2.24229932 0.930811644
vt -2.24229932 0.934478462
vt -2.24596596 0.934478343
vt 0.769423485 0.930812538
vt 1.6849128 0.930812597
vt 1.68491268 0.934479296
vt 0.769423485 0.934479237
vt 0.230576485 3.24229932
vt 0.230576485 3.24596596
vt -0.684912682 3.24596596
vt -0.684912801 3.24229932
vt -0.690493464 0.96849525
vt -0.686827064 0.96482861
vt -0.686826825 0.968495309
vt -0.212020636 0.793412387
vt -0.212020636 0.797079027
vt -0.215687394 0.797079086
vt -0.212020636 0.793412387
vt -0.215687394 0.797079086
vt -0.212020636 0.797079027
vt -0.690493822 2.6124258
vt -0.686827183 2.61242557
vt -0.686827421 2.61609221
vt -0.212020636 0.793412387
vt -0.215687394 0.797079086
vt -0.212020636 0.797079027
vt -0.212020636 0.793412387
vt -0.212020636 0.797079027
vt -0.215687394 0.797079086
vt 0.408523142 0.968495548
vt 0.412189782 0.964828849
vt 0.412189782 0.968495548
vt 0.408522755 2.6124258
vt 0.412189454 2.6124258
vt 0.412189454 2.61609244
vt 0.0173636079 0.793412328
vt 0.0173636079 0.797078967
vt 0.0136969686 0.797078967
vt 0.982636631 0.508415341
vt 0.98630327 0.508415341
vt 0.982636631 0.512081981
vt 3.16327477 0.508415341
vt 3.16694164 0.508415341
vt 3.16327477 0.512081981
vt -0.0261677504 0.508415341
vt -0.0298343897 0.512081981
vt -0.0298343897 0.508415341
vt 0.503935874 0.101075768
vt 0.503935874 0.0976494551
vt 0.505569577 0.0976494551
vt -0.946811438 0.101076484
vt -0.948445082 0.0976501703
vt -0.946811438 0.0976501703
vt -0.267926574 0.797078609
vt -0.267926574 0.886411965
vt -0.271593213 0.886411965
vt -0.271593213 0.797078609
vt -0.267926574 0.797078609
vt -0.271593213 0.797078609
vt -0.271593213 0.886411965
vt -0.267926574 0.886411965
vt -0.267926574 0.797078609
vt -0.271593213 0.797078609
vt -0.271593213 0.886411965
vt -0.267926574 0.886411965
vt -0.267926574 0.797078609
vt -0.267926574 0.886411965
vt -0.271593213 0.886411965
vt -0.271593213 0.797078609
vt -0.267926574 0.797078609
vt -0.267926574 0.886411965
vt -0.271593213 0.886411965
vt -0.271593213 0.797078609
vt 0.797078609 1.46428943
vt 0.797078609 1.46062267
vt 0.886411965 1.46062267
vt 0.886411965 1.46428943
vt -0.255333543 0.996385574
vt -0.256818771 0.996385574
vt -0.255333543 0.999500453
vt -0.255333662 0.00361514091
vt -0.255333662 0.000500321388
vt -0.256818771 0.00361514091
vt 1.25533366 0.996384859
vt 1.25533366 0.999499679
vt 1.25681889 0.996384859
vt 1.25533354 0.00361442566
vt 1.25681877 0.00361442566
vt 1.25533354 0.000499606133
vt -0.686827064 0.96482861
vt 0.234903246 0.964828849
vt 0.234903216 0.968495548
vt -0.686826825 0.968495309
vt -0.686827421 2.61609221
vt -0.686827183 2.61242557
vt 0.234902859 2.6124258
vt 0.234902918 2.61609244
vt 0.496064097 0.101075768
vt 0.494430393 0.0976493359
vt 0.496064097 0.0976493359
vt 1.94681144 0.101076484
vt 1.94681144 0.0976500511
vt 1.94844508 0.0976500511
vt 0.587810218 0.96849525
vt 0.00215852261 0.968495488
vt 0.00215852261 0.964828849
vt 0.587810218 0.96482861
vt 0.587810516 2.6124258
vt 0.587810516 2.61609221
vt 0.00215888023 2.61609244
vt 0.00215888023 2.61609244
vt 0.00215888023 2.6124258
vt 0.587810516 2.6124258
vt 0.986116469 0.890078962
vt -0.590319395 0.890078545
vt -0.590319395 0.886411905
vt 0.986116469 0.886412323
vt 0.0138832927 0.451666653
vt 1.59031916 0.451666713
vt 1.59031916 0.455333352
vt 3.16675496 0.451666653
vt 0.0138832927 0.455333352
vt -2.1667552 0.455333352
vt -2.1667552 0.451666653
vt -0.590319395 0.451666713
vt -0.590319395 0.455333352
vt 3.16675496 0.451666653
vt 3.16675496 0.455333352
vt 1.59031916 0.455333352
vt 0.00296207936 0.037931025
vt 0.962068975 0.037931025
vt 0.0379310325 0.00296211243
vt 0.00296207936 0.037931025
vt 0.0379310325 0.00296211243
vt 0.962068975 0.037931025
vt 0.00296207936 0.037931025
vt 0.0379310325 0.00296211243
vt 0.962068975 0.037931025
vt 0.00296207936 0.037931025
vt 0.962068975 0.037931025
vt 0.0379310325 0.00296211243
vt 0.986303031 0.886412323
vt 0.982636392 0.890078962
vt 0.982636392 0.886412263
vt 0.0136966705 0.431339383
vt 0.0173633099 0.427672684
vt 0.0173633099 0.431339383
vt -2.16694164 0.886411428
vt -2.16327477 0.886411428
vt -2.16327477 0.890078127
vt 3.1669414 0.431339383
vt 3.16327453 0.431339383
vt 3.16327453 0.427672684
vt 0.797078609 0.544666648
vt 0.797078609 0.455333292
vt 0.886411965 0.455333292
vt 0.886411965 0.544666648
vt 0.797078609 0.544666648
vt 0.886411965 0.544666648
vt 0.886411965 0.455333292
vt 0.797078609 0.455333292
vt 0.797078609 0.544666648
vt 0.886411965 0.544666648
vt 0.886411965 0.455333292
vt 0.797078609 0.455333292
vt 0.797078609 0.544666648
vt 0.797078609 0.455333292
vt 0.886411965 0.455333292
vt 0.886411965 0.544666648
vt 0.886411965 0.455333292
vt 0.886411965 0.95797801
vt 0.797078609 0.95797801
vt 0.797078609 0.455333292
vt 0.886411965 1.46062267
vt 0.797078609 1.46062267
vt 1.26792657 0.797078609
vt -0.212020636 0.797079027
vt -0.212020636 0.793412387
vt 1.26792657 0.79341197
vt 1.26792657 0.797078609
vt 1.26792657 0.79341197
vt -0.212020636 0.793412387
vt -0.212020636 0.797079027
vt 1.26792657 0.797078609
vt 1.26792657 0.79341197
vt -0.212020636 0.793412387
vt -0.212020636 0.797079027
vt 1.26792657 0.797078609
vt -0.212020636 0.797079027
vt -0.212020636 0.793412387
vt 1.26792657 0.79341197
vt 0.468926221 1.37435913
vt 0.470559955 1.37435913
vt 0.470559955 1.34743154
vt 0.468926221 1.34743154
vt 0.531074882 1.37435901
vt 0.531074882 1.34743142
vt 0.529441178 1.34743142
vt 0.529441178 1.37435901
vt 0.468926311 -1.92479753
vt 0.468926311 -1.89786983
vt 0.470560014 -1.89786983
vt 0.470560014 -1.92479753
vt 0.531074882 -1.92479753
vt 0.529441118 -1.92479753
vt 0.529441118 -1.89786983
vt 0.531074882 -1.89786983
vt 0.997841597 0.968495727
vt 0.412189782 0.968495548
vt 0.412189782 0.964828849
vt 0.997841597 0.964829028
vt 0.997841239 2.6124258
vt 0.997841239 2.61609244
vt 0.412189454 2.61609244
vt 0.412189454 2.6124258
vt 0.496064097 0.74802649
vt 0.496064126 1.66541946
vt 0.494430423 1.66541922
vt 0.494430393 0.74802649
vt 1.94681144 0.74802655
vt 1.94844508 0.74802655
vt 1.94844508 1.66541922
vt 1.94681144 1.66541946
vt 0.962068975 0.00296205282
vt 0.0379310325 0.00296211243
vt 0.962068975 0.037931025
vt 0.0379310362 0.037931025
vt 0.962068975 0.00296205282
vt 0.0379310362 0.037931025
vt 0.962068975 0.037931025
vt 0.0379310325 0.00296211243
vt 0.962068975 0.00296205282
vt 0.0379310362 0.037931025
vt 0.962068975 0.037931025
vt 0.0379310325 0.00296211243
vt 0.962068975 0.00296205282
vt 0.0379310325 0.00296211243
vt 0.962068975 0.037931025
vt 0.0379310362 0.037931025
vt -0.271593213 0.797078609
vt -0.267926574 0.79341197
vt -0.267926574 0.797078609
vt -0.267926574 0.890078664
vt -0.271593213 0.886411965
vt -0.267926574 0.886411965
vt 1.27159321 1.46062267
vt 1.26792657 1.46428943
vt 1.26792657 1.46062267
vt -0.267926574 1.46062267
vt -0.267926574 1.46428943
vt -0.271593213 1.46062267
vt -0.686827064 0.00215852261
vt 0.234903157 0.0021584034
vt 0.234903246 0.587810218
vt -0.686827064 0.587810218
vt 0.00296207936 0.037931025
vt 0.0379310325 0.00296211243
vt 0.0379310399 0.598862886
vt 0.598862827 0.0379309654
vt 0.00296207936 0.037931025
vt 0.0379310325 0.00296211243
vt 1.68682742 0.00215888023
vt 1.68682742 0.587810516
vt 0.765097082 0.587810516
vt 0.765097201 0.00215876102
vt 0.0136969686 0.508415341
vt 0.0136969686 0.431339383
vt 0.0173636079 0.431339383
vt 0.0173636079 0.508415341
vt 0.98630327 0.508415341
vt 0.982636631 0.508415341
vt 0.982636631 0.431339383
vt 0.98630327 0.431339383
vt 3.16694164 0.508415341
vt 3.16327477 0.508415341
vt 3.16327477 0.431339443
vt 3.16694164 0.431339383
vt 0.00296207936 0.037931025
vt 0.598862827 0.0379309654
vt 0.0379310399 0.598862886
vt 0.0379310325 0.00296211243
vt 0.00296207936 0.037931025
vt 0.0379310325 0.00296211243
vt -0.0298343897 0.508415341
vt -0.0298343897 0.431339383
vt -0.0261677504 0.431339383
vt -0.0261677504 0.508415341
vt 1.25533366 0.000500321388
vt 0.5 0.00049996376
vt 0.5 0.00361478329
vt -0.255333543 0.000499606133
vt 0.5 0.00361478329
vt 1.25533366 0.00361514091
vt 1.25533366 0.000500321388
vt -0.255333543 0.000499606133
vt -0.255333543 0.00361442566
vt 1.25533354 0.999500453
vt 1.25533354 0.996385574
vt 0.499999911 0.996385217
vt 0.499999911 0.999500096
vt -0.255333662 0.999499679
vt -0.255333662 0.996384859
vt 1.68682706 0.964828849
vt 1.69049346 0.968495488
vt 1.68682683 0.968495548
vt 0.00215888023 2.61609244
vt -0.0015078783 2.6124258
vt 0.00215888023 2.6124258
vt 0.962068975 0.00296205282
vt 0.962068975 0.598863006
vt 0.0379310399 0.598863125
vt 0.0379310325 0.00296211243
vt 0.962068975 0.00296205282
vt 0.0379310325 0.00296211243
vt 0.962068975 0.00296205282
vt 0.0379310325 0.00296211243
vt 0.0379310399 0.598863125
vt 0.962068975 0.598863006
vt 0.962068975 0.00296205282
vt 0.0379310325 0.00296211243
vt 1.01221251 1.37435913
vt 1.01221251 1.34743154
vt 0.588692009 1.34743142
vt 0.588692009 1.37435913
vt 0.165171504 1.37435901
vt 0.165171504 1.34743142
vt 1.01221275 -1.92479753
vt 0.588692188 -1.92479753
vt 0.588692188 -1.89786983
vt 1.01221275 -1.89786983
vt 0.165171683 -1.92479753
vt 0.165171683 -1.89786983
vt 0.699697971 1.39128661
vt -0.00269925594 1.39128637
vt -0.00269913673 0.888496757
vt -0.705096364 1.39128637
vt 0.699697971 0.888496876
vt -0.705096364 0.888496578
vt -0.00269913673 0.385707021
vt 0.699697971 0.38570714
vt -0.705096364 0.385706782
vt 0.00296207936 0.962068975
vt 0.962068975 0.00296211243
vt 0.962068975 0.962068975
vt 0.00296207936 0.962068975
vt 0.962068975 0.962068975
vt 0.962068975 0.00296211243
vt -0.255333662 0.00361514091
vt -0.256818771 0.00361514091
vt -0.256818771 0.996385574
vt -0.255333543 0.996385574
vt 0.00296207936 0.962068975
vt 0.962068975 0.962068975
vt 0.962068975 0.00296211243
vt 0.00296207936 0.962068975
vt 0.962068975 0.00296211243
vt 0.962068975 0.962068975
vt 1.25533354 0.00361442566
vt 1.25533366 0.996384859
vt 1.25681889 0.996384859
vt 1.25681877 0.00361442566
vt 0.986116469 0.523639619
vt 0.986116469 0.51997292
vt 0.989783108 0.51997292
vt 0.0138832927 0.523639679
vt 0.0102166533 0.51997298
vt 0.0138832927 0.51997298
vt -2.1667552 0.523639679
vt -2.17042184 0.51997292
vt -2.1667552 0.51997292
vt 3.16675496 0.523639679
vt 3.16675496 0.51997292
vt 3.1704216 0.51997292
vt 0.982636392 0.512081981
vt -0.542174578 0.51208204
vt -0.542174578 0.508415341
vt 0.982636392 0.508415341
vt 0.0173633099 0.512081981
vt 0.0173633099 0.508415341
vt 1.54217434 0.508415341
vt 1.54217434 0.512081981
vt -2.16327477 0.512081981
vt -2.16327477 0.508415341
vt -0.638463974 0.508415341
vt -0.638463974 0.5120821
vt 3.16327453 0.512081981
vt 1.63846362 0.512081981
vt 1.63846362 0.508415341
vt 1.63846362 0.508415341
vt 3.16327453 0.508415341
vt 3.16327453 0.512081981
vt 1.21202064 0.886412382
vt 1.21202064 0.797079027
vt 1.21568739 0.797079086
vt 1.21568739 0.886412382
vt 1.21202064 0.886412382
vt 1.21568739 0.886412382
vt 1.21568739 0.797079086
vt 1.21202064 0.797079027
vt 1.21202064 0.886412382
vt 1.21568739 0.886412382
vt 1.21568739 0.797079086
vt 1.21202064 0.797079027
vt 1.21202064 0.886412382
vt 1.21202064 0.797079027
vt 1.21568739 0.797079086
vt 1.21568739 0.886412382
vt 1.21202064 0.886412382
vt 1.21202064 0.797079027
vt 1.21568739 0.797079086
vt 1.21568739 0.886412382
vt 0.113587618 1.46428955
vt 0.113587618 1.46062279
vt 0.202920943 1.46062279
vt 0.202920973 1.46428955
vt 0.997841597 0.964829028
vt 1.00150836 0.968495727
vt 0.997841597 0.968495727
vt 0.999500394 0.999499261
vt 0.999500394 0.000499546528
vt 0.499999911 0.000499606133
vt 0.499999911 0.999499261
vt 0.000499427319 0.999499261
vt 0.000499427319 0.000499606133
vt 0.997841239 2.61609244
vt 0.997841239 2.6124258
vt 1.001508 2.6124258
vt 0.982636392 0.886412263
vt 0.982636392 0.797078967
vt 0.986303031 0.797078967
vt 0.986303031 0.886412323
vt 1.11916685 0.427672684
vt 1.11916685 0.431339383
vt 1.02983356 0.431339383
vt 1.02983356 0.427672684
vt -2.16327477 0.886411428
vt -2.16694164 0.886411428
vt -2.16694164 0.797078133
vt -2.16327477 0.797078133
vt -0.119167805 0.427672684
vt -0.0298343897 0.427672684
vt -0.0298343897 0.431339383
vt -0.119167805 0.431339383
vt 1.08733821 1.34743166
vt 1.08570457 1.34743166
vt 1.08570457 1.37435913
vt 1.08733821 1.37435913
vt -0.0873371363 1.34743154
vt -0.0873371363 1.37435913
vt -0.085703373 1.37435913
vt -0.085703373 1.34743154
vt 1.08733845 -1.89786983
vt 1.08733845 -1.92479753
vt 1.08570457 -1.92479753
vt 1.08570457 -1.89786983
vt -0.0873372555 -1.89786983
vt -0.085703373 -1.89786983
vt -0.085703373 -1.92479753
vt -0.0873372555 -1.92479753
vt 0.587810218 0.993176579
vt 0.587810218 0.96849525
vt 0.591476917 0.968495309
vt 0.591476917 0.993176579
vt 0.587810516 2.58774447
vt 0.591477275 2.58774447
vt 0.591477275 2.61242557
vt 0.587810516 2.6124258
vt 0.962068975 0.00296211243
vt 0.0379310362 0.00296205282
vt 0.0379310325 0.962068975
vt 0.962068975 0.962068975
vt 0.962068975 0.00296211243
vt 0.962068975 0.962068975
vt 0.0379310325 0.962068975
vt 0.0379310362 0.00296205282
vt 0.962068975 0.00296211243
vt 0.962068975 0.962068975
vt 0.0379310325 0.962068975
vt 0.0379310362 0.00296205282
vt 0.962068975 0.00296211243
vt 0.0379310362 0.00296205282
vt 0.0379310325 0.962068975
vt 0.962068975 0.962068975
vt 0.00296207936 0.962068975
vt 0.598863065 0.962068975
vt 0.962068975 0.598863065
vt 0.962068975 0.00296211243
vt 0.00296207936 0.962068975
vt 0.962068975 0.00296211243
vt 0.00296207936 0.962068975
vt 0.962068975 0.00296211243
vt 0.962068975 0.598863065
vt 0.598863065 0.962068975
vt 0.00296207936 0.962068975
vt 0.962068975 0.00296211243
vt 0.503935814 0.0745860338
vt -0.220831394 0.0745863914
vt -0.220831394 0.0711599588
vt 0.503935814 0.0711596012
vt -0.946811318 0.0745867491
vt -0.946811318 0.0711603165
vt -0.222043991 0.0711599588
vt -0.222043991 0.0745863914
vt 0.412189782 0.968495548
vt 0.412189782 0.993176699
vt 0.408523083 0.993176639
vt 0.408523142 0.968495548
vt 0.412189454 2.6124258
vt 0.408522755 2.6124258
vt 0.408522755 2.58774471
vt 0.408522755 2.58774471
vt 0.412189454 2.58774447
vt 0.412189454 2.6124258
vt 1.26792657 0.455333292
vt 1.27159321 0.455333292
vt 1.27159321 0.95797801
vt 1.26792657 0.95797801
vt 1.26792657 1.46062267
vt 1.27159321 1.46062267
vt -0.267926574 0.455333292
vt -0.267926574 0.95797801
vt -0.271593213 0.95797801
vt -0.271593213 0.455333292
vt -0.267926574 1.46062267
vt -0.271593213 1.46062267
vt -0.212020636 0.455333233
vt -0.215687394 0.455333233
vt -0.212020636 0.451666594
vt 1.21568739 0.455333233
vt 1.21202064 0.455333233
vt 1.21202064 0.451666594
vt -0.212020636 1.46062279
vt -0.212020636 1.46428955
vt -0.215687394 1.46062279
vt 1.21568739 1.46062279
vt 1.21202064 1.46428955
vt 1.21202064 1.46062279
vt 0.49999997 0.249332428
vt 0.49999997 0.253225923
vt 1.25533366 0.25322628
vt 1.25533366 0.249332786
vt -0.255333781 0.249332011
vt -0.255333781 0.253225565
vt 0.499999911 0.733858407
vt 0.499999911 0.737751961
vt 1.25533354 0.737752318
vt 1.25533354 0.733858764
vt -0.255333662 0.733857989
vt -0.255333662 0.737751544
vt 0.765096843 0.964829028
vt 1.68682706 0.964828849
vt 1.68682683 0.968495548
vt 0.765096843 0.968495727
vt 0.765097201 0.00215876102
vt 0.765097201 -0.00150799751
vt 1.68682718 -0.0015078783
vt 1.68682742 0.00215888023
vt 1.25533354 0.996385574
vt 1.25533354 0.741645873
vt 0.499999911 0.741645455
vt 0.499999911 0.996385217
vt -0.255333662 0.996384859
vt -0.255333662 0.741645098
vt 1.25533366 0.25322628
vt 0.49999997 0.253225923
vt 0.49999994 0.496256769
vt 1.25533366 0.496257126
vt -0.255333662 0.496256411
vt -0.255333781 0.253225565
vt 1.25533366 0.00361514091
vt 0.5 0.00361478329
vt 0.49999997 0.245438814
vt 1.25533366 0.245439172
vt -0.255333781 0.245438457
vt -0.255333543 0.00361442566
vt 1.25533366 0.504044235
vt 0.49999994 0.504043818
vt 0.499999911 0.733858407
vt 1.25533354 0.733858764
vt -0.255333662 0.733857989
vt -0.255333662 0.504043519
vt -0.638463974 0.5120821
vt -0.638463974 0.508415341
vt -0.634797215 0.508415341
vt 1.11916733 0.512081981
vt 1.11916733 0.508415341
vt 1.12283397 0.508415341
vt 1.22083139 0.0745863914
vt 0.496064156 0.0745860338
vt 0.496064156 0.0711597204
vt 1.22083139 0.071160078
vt 1.22204399 0.0745863914
vt 1.22204399 0.0711599588
vt 1.94681144 0.0711604357
vt 1.94681144 0.0711604357
vt 1.94681144 0.0745867491
vt 1.22204399 0.0745863914
vt -0.542174578 0.51208204
vt -0.545841217 0.508415341
vt -0.542174578 0.508415341
vt 1.54217434 0.512081981
vt 1.54217434 0.508415341
vt 1.54584098 0.508415341
vt 0.0102168918 0.886412323
vt 0.0102168322 0.383622646
vt 0.0138834715 0.383622646
vt 0.0138835311 0.886412323
vt 0.0102166533 -0.11916697
vt 0.0138832927 -0.11916697
vt 0.5 0.999499917
vt 0.5 0.000499606133
vt 0.000499486923 0.000499546528
vt 0.000499486923 0.999499261
vt 0.999500453 0.000499606133
vt 0.999500453 0.999500513
vt 3.17042184 0.886411428
vt 3.1667552 0.886411428
vt 3.16675496 0.383621812
vt 3.1704216 0.383621812
vt 3.1704216 -0.119167924
vt 3.16675496 -0.119167924
vt 1.54217458 0.797078609
vt 1.54217458 0.886411905
vt 0.0173636079 0.886412323
vt 0.0173636079 0.797078967
vt 1.54217434 -0.0298339128
vt 0.0173633695 -0.0298335552
vt 0.0173633099 -0.119166851
vt 1.54217434 -0.119167328
vt 1.63846397 0.79707855
vt 3.16327477 0.797078133
vt 3.16327477 0.886411428
vt 1.63846397 0.886411905
vt 1.63846374 -0.0298340321
vt 1.63846362 -0.119167328
vt 3.16327453 -0.119167805
vt 3.16327453 -0.0298343897
vt 0.962068975 0.00296211243
vt 0.962068975 0.598862886
vt 0.0379310325 0.598862886
vt 0.0379310362 0.00296205282
vt 0.962068975 0.00296211243
vt 0.0379310362 0.00296205282
vt 0.962068975 0.00296211243
vt 0.0379310362 0.00296205282
vt 0.0379310325 0.598862886
vt 0.962068975 0.598862886
vt 0.962068975 0.00296211243
vt 0.0379310362 0.00296205282
vt 0.113587618 0.544666588
vt 0.113587618 0.455333233
vt 0.202920943 0.455333233
vt 0.202920943 0.544666588
vt 0.113587618 0.544666588
vt 0.202920943 0.544666588
vt 0.202920943 0.455333233
vt 0.113587618 0.455333233
vt 0.113587618 0.544666588
vt 0.202920943 0.544666588
vt 0.202920943 0.455333233
vt 0.113587618 0.455333233
vt 0.113587618 0.544666588
vt 0.113587618 0.455333233
vt 0.202920943 0.455333233
vt 0.202920943 0.544666588
vt 0.202920943 0.455333233
vt 0.202920943 0.95797807
vt 0.113587618 0.95797807
vt 0.113587618 0.455333233
vt 0.202920943 1.46062279
vt 0.113587618 1.46062279
vt -0.0122135878 1.34743166
vt -0.0122135878 1.37435913
vt 0.411311626 1.37435913
vt 0.411311626 1.34743154
vt 0.834836841 1.34743154
vt 0.834836841 1.37435913
vt -0.0122138262 -1.89786983
vt 0.411311448 -1.89786983
vt 0.411311418 -1.92479753
vt -0.0122138262 -1.92479753
vt 0.834836662 -1.89786983
vt 0.834836662 -1.92479753
vt -0.222043991 0.0745863914
vt -0.222043991 0.0711599588
vt -0.221437693 0.0724315643
vt -0.221437693 0.0745863914
vt -0.220831394 0.0745863914
vt -0.221437693 0.0745863914
vt -0.221437693 0.0724315643
vt -0.220831394 0.0711599588
vt 0.5 0.517074287
vt 0.5 0.482925713
vt -0.255333662 0.482925653
vt -0.255333662 0.517074347
vt 1.25533354 0.482925713
vt 1.25533354 0.517074287
vt 1.25533354 0.517074347
vt 1.25533354 0.482925713
vt 0.499999911 0.482925713
vt 0.499999911 0.517074347
vt -0.255333662 0.517074287
vt -0.255333662 0.482925713
vt -0.686826825 0.968495309
vt 0.234903216 0.968495548
vt 0.234903276 0.993176639
vt -0.686826825 0.993176579
vt -0.686827183 2.61242557
vt -0.686827183 2.58774447
vt 0.234902948 2.58774471
vt 0.234902859 2.6124258
vt -0.542174578 0.508415341
vt -0.542174578 0.431339383
vt 0.982636392 0.431339383
vt 0.982636392 0.508415341
vt 1.54217434 0.508415341
vt 0.0173633099 0.508415341
vt 0.0173633099 0.431339383
vt 1.54217434 0.431339383
vt -0.638463974 0.508415341
vt -2.16327477 0.508415341
vt -2.16327477 0.431339383
vt -0.638463974 0.431339443
vt 1.63846362 0.508415341
vt 1.63846362 0.431339383
vt 3.16327453 0.431339383
vt 3.16327453 0.508415341
vt 0.986116469 0.51997292
vt -0.590319395 0.51997304
vt -0.590319395 0.455333352
vt 0.986116469 0.455333352
vt -2.1667552 0.51997292
vt -2.1667552 0.455333352
vt 0.0138832927 0.455333352
vt 1.59031916 0.455333352
vt 1.59031916 0.51997304
vt 0.0138832927 0.51997298
vt 3.16675496 0.455333352
vt 3.16675496 0.51997292
vt -0.0137076378 0.934479237
vt 1.60913086 0.9344787
vt 1.60913086 0.993176281
vt -0.0137075186 0.993176818
vt 3.24229932 0.934478343
vt 3.24229932 0.993175924
vt 1.61946106 0.993176281
vt 1.61946106 0.9344787
vt -0.267926574 0.797078609
vt 1.21202064 0.797079027
vt 1.21202064 0.886412382
vt -0.267926574 0.886411965
vt -0.267926574 0.797078609
vt -0.267926574 0.886411965
vt 1.21202064 0.886412382
vt 1.21202064 0.797079027
vt -0.267926574 0.797078609
vt -0.267926574 0.886411965
vt 1.21202064 0.886412382
vt 1.21202064 0.797079027
vt -0.267926574 0.797078609
vt 1.21202064 0.797079027
vt 1.21202064 0.886412382
vt -0.267926574 0.886411965
vt -0.267926574 0.797078609
vt 1.21202064 0.797079027
vt 1.21202064 0.886412382
vt -0.267926574 0.886411965
vt 1.26792657 0.797078609
vt 1.26792657 0.886411965
vt -0.212020636 0.886412382
vt -0.212020636 0.797079027
vt 0.503935874 0.0976494551
vt -0.220831394 0.0976498127
vt -0.220831394 0.0745863914
vt 0.503935814 0.0745860338
vt -0.946811438 0.0976501703
vt -0.946811318 0.0745867491
vt -0.222043991 0.0745863914
vt -0.222043991 0.0976498127
vt 0.000499486923 0.00050008297
vt 0.000499606133 0.999500394
vt 0.500000119 0.999500155
vt 0.5 0.000499844551
vt 0.999500453 0.000499546528
vt 0.999500573 0.999499798
vt 0.00215852261 0.968495488
vt 0.587810218 0.96849525
vt 0.587810218 0.993176579
vt 0.00215864182 0.993176818
vt 0.00215888023 2.6124258
vt 0.00215899944 2.58774447
vt 0.587810516 2.58774447
vt 0.587810516 2.6124258
vt 1.22204399 0.0711599588
vt 1.22204399 0.0745863914
vt 1.22143769 0.0745863914
vt 1.22143769 0.0724315643
vt 1.22083139 0.071160078
vt 1.22143769 0.0724315643
vt 1.22143769 0.0745863914
vt 1.22083139 0.0745863914
vt 0.49999994 0.496256769
vt 0.49999994 0.500150323
vt 1.25533366 0.500150681
vt 1.25533366 0.496257126
vt -0.255333662 0.496256411
vt -0.255333662 0.500149965
vt 0.49999994 0.500150323
vt 0.49999994 0.504043818
vt 1.25533366 0.504044235
vt 1.25533366 0.500150681
vt -0.255333662 0.500149965
vt -0.255333662 0.504043519
vt 1.08570457 1.37435913
vt 1.08570457 1.34743166
vt 0.470559955 1.34743154
vt 0.470559955 1.37435913
vt -0.085703373 1.37435913
vt 0.529441178 1.37435901
vt 0.529441178 1.34743142
vt -0.085703373 1.34743154
vt 1.08570457 -1.92479753
vt 0.470560014 -1.92479753
vt 0.470560014 -1.89786983
vt 1.08570457 -1.89786983
vt -0.085703373 -1.92479753
vt -0.085703373 -1.89786983
vt 0.529441118 -1.89786983
vt 0.529441118 -1.92479753
vt -0.212020636 0.455333233
vt -0.212020636 0.95797807
vt -0.215687394 0.95797807
vt -0.215687394 0.455333233
vt -0.212020636 1.46062279
vt -0.215687394 1.46062279
vt 1.21568739 0.455333233
vt 1.21568739 0.95797807
vt 1.21202064 0.95797807
vt 1.21202064 0.455333233
vt 1.21568739 1.46062279
vt 1.21202064 1.46062279
vt -0.0137075186 0.993176818
vt 1.60913086 0.993176281
vt 1.60913086 0.99684298
vt -0.0137075186 0.996843517
vt 3.24229932 0.993175924
vt 3.24229932 0.996842623
vt 1.61946106 0.99684298
vt 1.61946106 0.993176281
vt -0.220831394 1.66541934
vt -0.220831394 0.74802649
vt 0.503935814 0.74802649
vt 0.503935814 1.66541934
vt -0.222043991 1.66541934
vt -0.946811318 1.66541934
vt -0.946811438 0.74802649
vt -0.222043991 0.74802649
vt 0.997841597 0.968495727
vt 0.997841477 0.993176877
vt 0.412189782 0.993176699
vt 0.412189782 0.968495548
vt 0.997841239 2.6124258
vt 0.412189454 2.6124258
vt 0.412189454 2.58774447
vt 0.99784112 2.58774471
vt 0.496064097 0.0976493359
vt 0.496064156 0.0745860338
vt 1.22083139 0.0745863914
vt 1.22083139 0.0976496935
vt 1.94681144 0.0976500511
vt 1.22204399 0.0976495743
vt 1.22204399 0.0745863914
vt 1.94681144 0.0745867491
vt 1.01370776 0.934479356
vt 1.01370764 0.993176877
vt -0.609130859 0.993176401
vt -0.609130859 0.934478879
vt -2.24229932 0.934478462
vt -0.61946106 0.934478879
vt -0.61946106 0.993176401
vt -2.24229932 0.993175983
vt 0.0379310325 0.962068975
vt 0.0379310362 0.037931025
vt 0.962068975 0.037931025
vt 0.962068975 0.962068975
vt 0.0379310325 0.962068975
vt 0.962068975 0.962068975
vt 0.962068975 0.037931025
vt 0.0379310362 0.037931025
vt 0.0379310325 0.962068975
vt 0.962068975 0.962068975
vt 0.962068975 0.037931025
vt 0.0379310362 0.037931025
vt 0.0379310325 0.962068975
vt 0.0379310362 0.037931025
vt 0.962068975 0.037931025
vt 0.962068975 0.962068975
vt 0.0379310325 0.962068975
vt 0.0379310362 0.037931025
vt 0.962068975 0.037931025
vt 0.962068975 0.962068975
vt 0.0379310325 0.962068975
vt 0.962068975 0.962068975
vt 0.962068975 0.037931025
vt 0.0379310362 0.037931025
vt 0.0379310325 0.962068975
vt 0.962068975 0.962068975
vt 0.962068975 0.037931025
vt 0.0379310362 0.037931025
vt 0.0379310325 0.962068975
vt 0.0379310362 0.037931025
vt 0.962068975 0.037931025
vt 0.962068975 0.962068975
vt 0.00215852261 0.968495488
vt 0.00215864182 0.993176818
vt -0.00150811672 0.993176818
vt -0.00150823593 0.968495548
vt 0.00215888023 2.6124258
vt -0.0015078783 2.6124258
vt -0.00150775909 2.58774447
vt 0.00215899944 2.58774447
vt -0.212020636 0.451666594
vt 1.26792657 0.451666653
vt 1.26792657 0.455333292
vt -0.212020636 0.455333233
vt -0.212020636 1.46428955
vt -0.212020636 1.46062279
vt 1.26792657 1.46062267
vt 1.26792657 1.46428943
vt 1.63846397 0.886411905
vt 1.63479722 0.886411846
vt 1.63479722 0.79707855
vt 1.63846397 0.79707855
vt 1.11916733 0.512081981
vt 1.02983403 0.512081981
vt 1.02983403 0.508415341
vt 1.11916733 0.508415341
vt -0.267926574 0.886411965
vt 1.21202064 0.886412382
vt 1.21202064 0.890079021
vt -0.267926574 0.890078664
vt -0.267926574 1.46428943
vt -0.267926574 1.46062267
vt 1.21202064 1.46062279
vt 1.21202064 1.46428955
vt 1.54217458 0.886411905
vt 1.54217458 0.797078609
vt 1.54584122 0.797078609
vt 1.54584122 0.886411905
vt -0.119167328 0.512081981
vt -0.119167209 0.508415341
vt -0.0298339128 0.508415341
vt -0.0298339128 0.512081981
vt 0.765756726 1.60913086
vt 0.765756726 -0.0137076378
vt 0.769423425 -0.0137076378
vt 0.769423425 1.60913086
vt 0.765756726 1.61946106
vt 0.769423485 1.61946106
vt 0.769423485 3.24229932
vt 0.765756726 3.24229932
vt 0.0173636079 0.431339383
vt 0.0136969686 0.431339383
vt 0.0173636079 0.427672684
vt 0.982636631 0.431339383
vt 0.982636631 0.427672684
vt 0.98630327 0.431339383
vt 3.16327477 0.431339443
vt 3.16327477 0.427672744
vt 3.16694164 0.431339383
vt -0.0261677504 0.431339383
vt -0.0298343897 0.431339383
vt -0.0298343897 0.427672684
vt 1.68857908 1.61946106
vt 1.68491232 1.61946106
vt 1.68491232 1.6157943
vt -0.688579082 0.993176281
vt -0.684912324 0.993176281
vt -0.684912324 0.99684298
vt -0.221437693 0.0745863914
vt -0.221437693 0.0976498127
vt -0.222043991 0.0976498127
vt -0.222043991 0.0745863914
vt -0.221437693 0.0745863914
vt -0.220831394 0.0745863914
vt -0.220831394 0.0976498127
vt -0.221437693 0.0976498127
vt 1.61946106 0.993176281
vt 1.6157943 0.993176281
vt 1.6157943 0.93447876
vt 1.61946106 0.9344787
vt 1.60913086 0.993176281
vt 1.60913086 0.9344787
vt 1.6127975 0.93447876
vt 1.6127975 0.993176281
vt 0.997841477 0.993176877
vt 0.997841597 0.968495727
vt 1.00150836 0.968495727
vt 1.00150836 0.968495727
vt 1.00150824 0.993176818
vt 0.997841477 0.993176877
vt 0.99784112 2.58774471
vt 1.00150788 2.58774471
vt 1.001508 2.6124258
vt 1.001508 2.6124258
vt 0.997841239 2.6124258
vt 0.99784112 2.58774471
vt 1.26792657 0.886411965
vt 1.26792657 0.797078609
vt 1.27159321 0.797078609
vt 1.27159321 0.886411965
vt 1.26792657 0.886411965
vt 1.27159321 0.886411965
vt 1.27159321 0.797078609
vt 1.26792657 0.797078609
vt 1.26792657 0.886411965
vt 1.27159321 0.886411965
vt 1.27159321 0.797078609
vt 1.26792657 0.797078609
vt 1.26792657 0.886411965
vt 1.26792657 0.797078609
vt 1.27159321 0.797078609
vt 1.27159321 0.886411965
vt -0.634797215 0.508415341
vt -0.638463974 0.508415341
vt -0.638463974 0.431339443
vt -0.634797215 0.431339443
vt 1.11916733 0.508415341
vt 1.11916733 0.431339383
vt 1.12283397 0.431339383
vt 1.12283397 0.508415341
vt -0.545841217 0.508415341
vt -0.545841217 0.431339383
vt -0.542174578 0.431339383
vt -0.542174578 0.508415341
vt 1.54584098 0.508415341
vt 1.54217434 0.508415341
vt 1.54217434 0.431339383
vt 1.54584098 0.431339383
vt -0.222043991 1.66541934
vt -0.222043991 0.74802649
vt -0.221437693 0.74802649
vt -0.221437693 1.66541934
vt 0.769423485 1.61946106
vt 0.765756726 1.61946106
vt 0.769423485 1.6157943
vt -0.220831394 1.66541934
vt -0.221437693 1.66541934
vt -0.221437693 0.74802649
vt -0.221437693 0.74802649
vt -0.220831394 0.74802649
vt -0.220831394 1.66541934
vt 0.230576575 0.996842921
vt 0.230576575 0.993176281
vt 0.234243274 0.993176401
vt -0.688579321 1.60913086
vt -0.68857944 -0.0137076378
vt -0.684912801 -0.0137076378
vt -0.684912562 1.60913086
vt -0.688579321 1.61946106
vt -0.684912562 1.61946106
vt -0.684912801 3.24229932
vt -0.68857944 3.24229932
vt 0.499999911 0.737751961
vt 0.499999911 0.741645455
vt 1.25533354 0.741645873
vt 1.25533354 0.737752318
vt -0.255333662 0.737751544
vt -0.255333662 0.741645098
vt 1.25533366 0.249332786
vt 1.25533366 0.245439172
vt 0.49999997 0.245438814
vt 0.49999997 0.249332428
vt -0.255333781 0.245438457
vt -0.255333781 0.249332011
vt 1.22143769 0.0976495743
vt 1.22143769 0.0745863914
vt 1.22204399 0.0745863914
vt 1.22204399 0.0745863914
vt 1.22204399 0.0976495743
vt 1.22143769 0.0976495743
vt 1.22143769 0.0976495743
vt 1.22083139 0.0976496935
vt 1.22083139 0.0745863914
vt 1.22143769 0.0745863914
vt -0.61946106 0.934478879
vt -0.61579442 0.93447876
vt -0.615794301 0.993176281
vt -0.61946106 0.993176401
vt -0.609130859 0.934478879
vt -0.609130859 0.993176401
vt -0.612797499 0.993176281
vt -0.612797499 0.93447876
vt 1.68857932 0.9344787
vt 1.68491256 0.93447876
vt 1.68491256 0.930812061
vt -0.688579321 1.60913086
vt -0.684912562 1.60913086
vt -0.684912562 1.6127975
vt 1.01370776 0.934479356
vt -0.609130859 0.934478879
vt -0.609130859 0.930812061
vt 1.01370776 0.930812538
vt -2.24229932 0.934478462
vt -2.24229932 0.930811644
vt -0.61946106 0.930812061
vt -0.61946106 0.934478879
vt -0.61579442 0.93447876
vt -0.61946106 0.934478879
vt -0.61946106 0.930812061
vt -0.612797499 0.93447876
vt -0.609130859 0.930812061
vt -0.609130859 0.934478879
vt 1.68491232 1.60913086
vt 0.769423425 1.60913086
vt 0.769423425 -0.0137076378
vt 1.68491256 -0.0137075186
vt 1.68491232 1.61946106
vt 1.68491256 3.24229932
vt 0.769423485 3.24229932
vt 0.769423485 1.61946106
vt -0.690493822 0.587810516
vt -0.686827183 0.587810516
vt -0.686827183 0.591477275
vt 1.54217458 0.797078609
vt 0.0173636079 0.797078967
vt 0.0173636079 0.793412328
vt 1.54217458 0.793411911
vt -0.542174339 0.512081981
vt -0.542174339 0.508415341
vt 0.982636631 0.508415341
vt 0.982636631 0.512081981
vt 1.63846397 0.79707855
vt 1.63846397 0.793411851
vt 3.16327477 0.793411493
vt 3.16327477 0.797078133
vt -0.638463736 0.512081981
vt -2.16327453 0.512081981
vt -2.16327453 0.508415341
vt -0.638463736 0.508415341
vt -0.690493464 0.993176579
vt -0.686826825 0.993176579
vt -0.686826825 0.996843278
vt -0.212020636 0.797079027
vt -0.212020636 0.886412382
vt -0.215687394 0.886412382
vt -0.215687394 0.797079086
vt -0.212020636 0.797079027
vt -0.215687394 0.797079086
vt -0.215687394 0.886412382
vt -0.212020636 0.886412382
vt -0.212020636 0.797079027
vt -0.215687394 0.797079086
vt -0.215687394 0.886412382
vt -0.212020636 0.886412382
vt -0.212020636 0.797079027
vt -0.212020636 0.886412382
vt -0.215687394 0.886412382
vt -0.215687394 0.797079086
vt 1.68491232 1.6157943
vt 1.68491232 1.61946106
vt 0.769423485 1.61946106
vt 0.769423485 1.6157943
vt -0.684912324 0.993176281
vt 0.230576575 0.993176281
vt 0.230576575 0.996842921
vt -0.684912324 0.99684298
vt 0.234902948 0.587810516
vt 0.238569617 0.587810516
vt 0.234902948 0.591477275
vt 0.234903276 0.996843338
vt 0.234903276 0.993176639
vt 0.238569975 0.993176699
vt 1.63479722 0.79707855
vt 1.63846397 0.793411851
vt 1.63846397 0.79707855
vt -0.634796977 0.508415341
vt -0.638463736 0.512081981
vt -0.638463736 0.508415341
vt 1.54584122 0.797078609
vt 1.54217458 0.797078609
vt 1.54217458 0.793411911
vt -0.0298339128 0.508415341
vt -0.0261672735 0.508415341
vt -0.0298339128 0.512081981
vt 1.68682683 0.993176818
vt 0.765096784 0.993176818
vt 0.765096843 0.968495727
vt 1.68682683 0.968495548
vt 1.68682718 2.58774447
vt 1.68682718 2.6124258
vt 0.765097201 2.6124258
vt 0.765097141 2.58774471
vt -0.220831394 0.0976498127
vt 0.503935874 0.0976494551
vt 0.503935874 0.101075768
vt -0.220831394 0.101076126
vt -0.222043991 0.0976498127
vt -0.222043991 0.101076126
vt -0.946811438 0.101076484
vt -0.946811438 0.0976501703
vt -0.222043991 0.101076126
vt -0.222043991 0.0976498127
vt -0.221437693 0.0976498127
vt -0.221437693 0.0998046398
vt -0.220831394 0.101076126
vt -0.221437693 0.0998046398
vt -0.221437693 0.0976498127
vt -0.220831394 0.0976498127
vt 0.199648142 1.37765121
vt 0.199648112 0.4382568
vt 0.859053791 0.4382568
vt 0.85905385 1.37765098
vt 0.800351858 0.4382568
vt 0.800351858 1.37765121
vt 0.140946209 0.907953918
vt 0.140946209 0.4382568
vt 0.14094615 1.37765098
vt 0.496064097 0.0976493359
vt 1.22083139 0.0976496935
vt 1.22083139 0.101076007
vt 0.496064097 0.101075768
vt 1.94681144 0.0976500511
vt 1.94681144 0.101076484
vt 1.22204399 0.101076007
vt 1.22204399 0.0976495743
vt 1.22204399 0.101076007
vt 1.22143769 0.0998044014
vt 1.22143769 0.0976495743
vt 1.22204399 0.0976495743
vt 1.22083139 0.101076007
vt 1.22083139 0.0976496935
vt 1.22143769 0.0976495743
vt 1.22143769 0.0998044014
vt 1.68491256 0.93447876
vt 1.68491232 0.993176281
vt 0.769423485 0.993176281
vt 0.769423485 0.93447876
vt -0.684912562 0.93447876
vt 0.230576515 0.93447876
vt 0.230576575 0.993176281
vt -0.684912324 0.993176281
vt -0.542174578 0.886411905
vt 0.982636392 0.886412263
vt 0.982636392 0.890078962
vt -0.542174578 0.890078545
vt -0.542174339 -0.119167209
vt -0.542174339 -0.122833967
vt 0.98263669 -0.12283349
vt 0.98263669 -0.12283349
vt 0.98263669 -0.119166851
vt -0.542174339 -0.119167209
vt -0.638463974 0.886411846
vt -0.638463974 0.890078545
vt -2.16327477 0.890078127
vt -2.16327477 0.886411428
vt 1.63846362 0.427672803
vt 3.16327453 0.427672684
vt 3.16327453 0.431339383
vt 3.16327453 0.431339383
vt 1.63846362 0.431339383
vt 1.63846362 0.427672803
vt -0.255333543 0.999500453
vt 0.500000119 0.999500096
vt 0.500000119 0.996385217
vt -0.255333543 0.996385574
vt 1.25533366 0.999499679
vt 1.25533366 0.996384859
vt -0.255333662 0.000500321388
vt -0.255333662 0.00361514091
vt 0.5 0.00361478329
vt 1.25533354 0.00361442566
vt 1.25533354 0.000499606133
vt 0.5 0.00361478329
vt 0.5 0.00049996376
vt -0.255333662 0.000500321388
vt 1.25533354 0.000499606133
vt -0.638463974 0.431339443
vt -0.638463974 0.427672744
vt -0.634797215 0.431339443
vt -0.638463616 -0.122833967
vt -0.634796858 -0.119167328
vt -0.638463616 -0.119167328
vt -0.542174578 0.890078545
vt -0.545841217 0.886411905
vt -0.542174578 0.886411905
vt -0.542174339 -0.122833967
vt -0.542174339 -0.119167209
vt -0.545840979 -0.119167209
vt 0.20292145 0.508415341
vt 0.113588154 0.508415341
vt 0.113588154 0.431339443
vt 0.20292145 0.431339443
vt 1.02983403 0.508415341
vt 1.02983403 0.431339383
vt 1.11916733 0.431339383
vt 1.11916733 0.508415341
vt 0.797078609 0.508415341
vt 0.797078609 0.431339383
vt 0.886411905 0.431339383
vt 0.886411905 0.508415341
vt -0.0298339128 0.508415341
vt -0.119167209 0.508415341
vt -0.119167209 0.431339383
vt -0.0298339128 0.431339383
vt 1.68491256 0.930812061
vt 1.68491256 0.93447876
vt 0.769423485 0.93447876
vt 0.769423485 0.930812061
vt -0.684912562 0.930812061
vt 0.230576515 0.930812061
vt 0.230576515 0.93447876
vt -0.684912562 0.93447876
vt -0.684912801 -0.0137076378
vt 0.230576515 -0.013707757
vt 0.230576515 1.60913086
vt -0.684912562 1.60913086
vt -0.684912801 3.24229932
vt -0.684912562 1.61946106
vt 0.230576485 1.61946106
vt 0.230576485 3.24229932
vt 0.962068975 0.00296205282
vt 0.0379310325 0.00296211243
vt 0.962068975 0.037931025
vt 0.0379310362 0.037931025
vt 0.962068975 0.00296205282
vt 0.0379310362 0.037931025
vt 0.962068975 0.037931025
vt 0.0379310325 0.00296211243
vt 0.962068975 0.00296205282
vt 0.0379310362 0.037931025
vt 0.962068975 0.037931025
vt 0.0379310325 0.00296211243
vt 0.962068975 0.00296205282
vt 0.0379310325 0.00296211243
vt 0.962068975 0.037931025
vt 0.0379310362 0.037931025
vt -0.267926574 0.890078664
vt -0.267926574 0.886411965
vt -0.271593213 0.886411965
vt -0.267926574 0.890078664
vt -0.271593213 0.886411965
vt -0.267926574 0.886411965
vt -0.267926574 0.890078664
vt -0.271593213 0.886411965
vt -0.267926574 0.886411965
vt -0.267926574 0.890078664
vt -0.267926574 0.886411965
vt -0.271593213 0.886411965
vt 1.68682718 2.58774447
vt 1.68682718 2.5840776
vt 1.69049382 2.58774447
vt 1.68682683 -0.00150811672
vt 1.69049346 0.00215864182
vt 1.68682683 0.00215864182
vt 0.986116469 0.51997292
vt 0.986116469 0.523639619
vt -0.590319395 0.523639679
vt -0.590319395 0.51997304
vt -2.1667552 0.51997292
vt -2.1667552 0.523639679
vt 1.59031916 0.523639679
vt 0.0138832927 0.523639679
vt 0.0138832927 0.51997298
vt 1.59031916 0.51997304
vt 3.16675496 0.51997292
vt 3.16675496 0.51997292
vt 3.16675496 0.523639679
vt 1.59031916 0.523639679
vt 0.765097141 2.58774471
vt 0.761430442 2.58774471
vt 0.765097141 2.58407807
vt 0.765096784 -0.00150823593
vt 0.765096784 0.00215852261
vt 0.761430085 0.00215852261
vt -0.686827183 0.591477275
vt -0.686827183 0.587810516
vt 0.234902948 0.587810516
vt 0.234902948 0.591477275
vt -0.686826825 0.993176579
vt 0.234903276 0.993176639
vt 0.234903276 0.996843338
vt -0.686826825 0.996843278
vt 0.00215899944 2.58774447
vt 0.00215899944 2.5840776
vt 0.587810516 2.58407784
vt 0.587810516 2.58774447
vt 0.00215864182 0.993176818
vt 0.587810218 0.993176579
vt 0.587810218 0.996843278
vt 0.00215864182 0.996843517
vt 0.962068975 0.00296211243
vt 0.0379310362 0.00296205282
vt 0.0379310325 0.962068975
vt 0.962068975 0.962068975
vt 0.962068975 0.00296211243
vt 0.962068975 0.962068975
vt 0.0379310325 0.962068975
vt 0.0379310362 0.00296205282
vt 0.962068975 0.00296211243
vt 0.962068975 0.962068975
vt 0.0379310325 0.962068975
vt 0.0379310362 0.00296205282
vt 0.962068975 0.00296211243
vt 0.0379310362 0.00296205282
vt 0.0379310325 0.962068975
vt 0.962068975 0.962068975
vt 0.0379310362 0.037931025
vt 0.962068975 0.00296205282
vt 0.997037947 0.037931025
vt 0.0379310362 0.037931025
vt 0.997037947 0.037931025
vt 0.962068975 0.00296205282
vt 0.0379310362 0.037931025
vt 0.997037947 0.037931025
vt 0.962068975 0.00296205282
vt 0.0379310362 0.037931025
vt 0.962068975 0.00296205282
vt 0.997037947 0.037931025
vt 0.529439986 1.01221275
vt 0.529439986 1.01563907
vt 0.531073689 1.01221275
vt 0.529441118 0.165171742
vt 0.531074882 0.165171683
vt 0.529441118 0.161745369
vt 0.470559955 1.01221251
vt 0.468926221 1.01221251
vt 0.470559955 1.01563883
vt 0.470558822 0.165171504
vt 0.470558822 0.161745131
vt 0.468925089 0.165171504
vt 0.238569617 0.587810516
vt 0.234902948 0.587810516
vt 0.234902889 0.00215888023
vt 0.234902889 0.00215888023
vt 0.238569558 0.00215888023
vt 0.238569617 0.587810516
vt 0.761430025 0.587810218
vt 0.761430085 0.00215852261
vt 0.765096784 0.00215852261
vt 0.765096724 0.587810218
vt 1.21568739 0.455333233
vt 1.21202064 0.451666594
vt 1.21202064 0.455333233
vt 1.21568739 0.455333233
vt 1.21202064 0.455333233
vt 1.21202064 0.451666594
vt 1.21568739 0.455333233
vt 1.21202064 0.455333233
vt 1.21202064 0.451666594
vt 1.21568739 0.455333233
vt 1.21202064 0.451666594
vt 1.21202064 0.455333233
vt 1.22143769 1.66541946
vt 1.22143769 0.74802649
vt 1.22204399 0.74802655
vt 1.22204399 1.66541946
vt 1.22143769 1.66541946
vt 1.22083139 1.66541946
vt 1.22083139 0.74802649
vt 1.22083139 0.74802649
vt 1.22143769 0.74802649
vt 1.22143769 1.66541946
vt 0.20292145 0.431339443
vt 0.206588149 0.431339443
vt 0.206588149 0.508415341
vt 0.20292145 0.508415341
vt -0.634796977 0.431339383
vt -0.634796977 0.508415341
vt -0.638463736 0.508415341
vt -0.638463736 0.431339383
vt 1.54584122 0.431339383
vt 1.54584122 0.508415341
vt 1.54217458 0.508415341
vt 1.54217458 0.431339443
vt -0.0298339128 0.431339383
vt -0.0261672735 0.431339383
vt -0.0261672735 0.508415341
vt -0.0298339128 0.508415341
vt 0.0379310362 0.00296205282
vt 0.0379310325 0.962068975
vt 0.997037888 0.962068975
vt 0.0379310362 0.00296205282
vt 0.997037888 0.962068975
vt 0.0379310325 0.962068975
vt 0.0379310362 0.00296205282
vt 0.997037888 0.962068975
vt 0.0379310325 0.962068975
vt 0.0379310362 0.00296205282
vt 0.0379310325 0.962068975
vt 0.997037888 0.962068975
vt 1.08570457 1.01221371
vt 1.08570457 1.01564002
vt 1.08733821 1.01221359
vt 1.08570337 0.1651631
vt 1.08733714 0.165163159
vt 1.08570337 0.161736727
vt -0.085704565 1.01221395
vt -0.0873384476 1.01221383
vt -0.085704565 1.01564026
vt -0.085703373 0.165163338
vt -0.085703373 0.161736965
vt -0.0873372555 0.165163338
vt 0.20292148 0.427672744
vt 0.20292145 0.431339443
vt 0.113588154 0.431339443
vt 0.113588154 0.427672744
vt -0.638463736 -0.0298339128
vt -0.638463616 -0.119167328
vt -0.634796858 -0.119167328
vt -0.634796977 -0.0298340321
vt -0.542174578 0.797078609
vt -0.542174578 0.886411905
vt -0.545841217 0.886411905
vt -0.545841217 0.797078609
vt -0.542174339 -0.0298339128
vt -0.545840979 -0.0298339128
vt -0.545840979 -0.119167209
vt -0.542174339 -0.119167209
vt 0.496064126 1.66541946
vt 0.496064097 0.74802649
vt 1.22083139 0.74802649
vt 1.22083139 1.66541946
vt 1.94681144 1.66541946
vt 1.22204399 1.66541946
vt 1.22204399 0.74802655
vt 1.94681144 0.74802655
vt 0.0173636079 0.508415341
vt 0.0173636079 0.431339383
vt 1.54217458 0.431339443
vt 1.54217458 0.508415341
vt 0.982636631 0.508415341
vt -0.542174339 0.508415341
vt -0.542174339 0.431339383
vt 0.982636631 0.431339383
vt 3.16327477 0.508415341
vt 1.63846397 0.508415341
vt 1.63846397 0.431339443
vt 3.16327477 0.431339443
vt -2.16327453 0.508415341
vt -2.16327453 0.431339383
vt -0.638463736 0.431339383
vt -0.638463736 0.508415341
vt 1.26792657 0.797078609
vt 1.26792657 0.886411965
vt -0.212020636 0.886412382
vt -0.212020636 0.797079027
vt 1.26792657 0.797078609
vt -0.212020636 0.797079027
vt -0.212020636 0.886412382
vt 1.26792657 0.886411965
vt 1.26792657 0.797078609
vt -0.212020636 0.797079027
vt -0.212020636 0.886412382
vt 1.26792657 0.886411965
vt 1.26792657 0.797078609
vt 1.26792657 0.886411965
vt -0.212020636 0.886412382
vt -0.212020636 0.797079027
vt 0.999500394 0.999500394
vt 0.999500513 0.00050008297
vt 0.5 0.000499844551
vt 0.499999911 0.999500155
vt 0.000499427319 0.999499798
vt 0.000499546528 0.000499546528
vt -0.271593213 0.544666648
vt -0.267926574 0.544666648
vt -0.267926574 0.455333292
vt -0.271593213 0.455333292
vt -0.271593213 0.544666648
vt -0.271593213 0.455333292
vt -0.267926574 0.455333292
vt -0.267926574 0.544666648
vt -0.271593213 0.544666648
vt -0.271593213 0.455333292
vt -0.267926574 0.455333292
vt -0.267926574 0.544666648
vt -0.271593213 0.544666648
vt -0.267926574 0.544666648
vt -0.267926574 0.455333292
vt -0.271593213 0.455333292
vt 0.962068975 0.00296205282
vt 0.962068975 0.598862886
vt 0.0379310399 0.598862886
vt 0.0379310325 0.00296211243
vt 0.962068975 0.00296205282
vt 0.0379310325 0.00296211243
vt 0.962068975 0.00296205282
vt 0.0379310325 0.00296211243
vt 0.0379310399 0.598862886
vt 0.962068975 0.598862886
vt 0.962068975 0.00296205282
vt 0.0379310325 0.00296211243
vt 1.68682718 2.5840776
vt 1.68682718 2.58774447
vt 0.765097141 2.58774471
vt 0.765097141 2.58407807
vt 1.68682683 0.00215864182
vt 0.765096784 0.00215852261
vt 0.765096784 -0.00150823593
vt 1.68682683 -0.00150811672
vt -0.542174578 0.797078609
vt 0.982636392 0.797078967
vt 0.982636392 0.886412263
vt -0.542174578 0.886411905
vt -0.542174339 -0.0298339128
vt -0.542174339 -0.119167209
vt 0.98263669 -0.119166851
vt 0.982636631 -0.0298335552
vt -0.638463974 0.79707849
vt -0.638463974 0.886411846
vt -2.16327477 0.886411428
vt -2.16327477 0.797078133
vt -0.638463736 -0.0298339128
vt -2.16327453 -0.0298343897
vt -2.16327453 -0.119167805
vt -0.638463616 -0.119167328
vt 0.997037947 0.037931025
vt 0.962068975 0.00296205282
vt 0.962068975 0.598863006
vt 0.401136965 0.037931025
vt 0.997037947 0.037931025
vt 0.962068975 0.00296205282
vt 0.997037947 0.037931025
vt 0.401136965 0.037931025
vt 0.962068975 0.598863006
vt 0.962068975 0.00296205282
vt 0.997037947 0.037931025
vt 0.962068975 0.00296205282
vt 0.20292145 0.431339443
vt 0.20292148 0.427672744
vt 0.206588149 0.431339443
vt -0.634796977 -0.0298340321
vt -0.638463736 -0.0261672735
vt -0.638463736 -0.0298339128
vt 1.54584122 0.431339383
vt 1.54217458 0.431339443
vt 1.54217458 0.427672744
vt -0.545840979 -0.0298339128
vt -0.542174339 -0.0298339128
vt -0.542174339 -0.0261672735
vt -0.255333662 0.00361514091
vt -0.255333543 0.996385574
vt 0.500000119 0.996385217
vt 0.5 0.00361478329
vt 1.25533354 0.00361442566
vt 1.25533366 0.996384859
vt 0.529439986 1.01221275
vt 0.531073689 1.01221275
vt 0.531073332 0.588692188
vt 0.529439688 0.588692188
vt 0.529441118 0.165171742
vt 0.531074882 0.165171683
vt 0.470559955 1.01221251
vt 0.470560282 0.588692009
vt 0.468926579 0.588692009
vt 0.470558822 0.165171504
vt 0.468926579 0.588692009
vt 0.468926221 1.01221251
vt 0.470559955 1.01221251
vt 0.470558822 0.165171504
vt 0.468925089 0.165171504
vt -0.255333662 0.496256411
vt -0.255333781 0.253225565
vt -0.255333781 0.245438457
vt 1.26792657 0.886411965
vt 1.26792657 0.890078664
vt 1.27159321 0.886411965
vt 1.26792657 0.886411965
vt 1.27159321 0.886411965
vt 1.26792657 0.890078664
vt 1.26792657 0.886411965
vt 1.27159321 0.886411965
vt 1.26792657 0.890078664
vt 1.26792657 0.886411965
vt 1.26792657 0.890078664
vt 1.27159321 0.886411965
vt 0.0173636079 0.427672684
vt 1.54217458 0.427672744
vt 1.54217458 0.431339443
vt 0.0173636079 0.431339383
vt 0.982636631 -0.0298335552
vt 0.982636631 -0.0261667967
vt -0.542174339 -0.0261672735
vt -0.542174339 -0.0298339128
vt 3.16327477 0.427672744
vt 3.16327477 0.431339443
vt 1.63846397 0.431339443
vt 1.63846397 0.427672744
vt -2.16327453 -0.0298343897
vt -0.638463736 -0.0298339128
vt -0.638463736 -0.0261672735
vt -2.16327453 -0.0261677504
vt 0.997037888 0.962068975
vt 0.401137084 0.962068975
vt 0.0379310325 0.598862886
vt 0.0379310362 0.00296205282
vt 0.997037888 0.962068975
vt 0.0379310362 0.00296205282
vt 0.997037888 0.962068975
vt 0.0379310362 0.00296205282
vt 0.0379310325 0.598862886
vt 0.401137084 0.962068975
vt 0.997037888 0.962068975
vt 0.0379310362 0.00296205282
vt 1.21202064 0.544666588
vt 1.21568739 0.544666588
vt 1.21568739 0.455333233
vt 1.21202064 0.455333233
vt 1.21202064 0.544666588
vt 1.21202064 0.455333233
vt 1.21568739 0.455333233
vt 1.21568739 0.544666588
vt 1.21202064 0.544666588
vt 1.21202064 0.455333233
vt 1.21568739 0.455333233
vt 1.21568739 0.544666588
vt 1.21202064 0.544666588
vt 1.21568739 0.544666588
vt 1.21568739 0.455333233
vt 1.21202064 0.455333233
vt 0.962068975 0.00296211243
vt 0.962068975 0.598863065
vt 0.0379310362 0.598863065
vt 0.0379310362 0.00296205282
vt 0.962068975 0.00296211243
vt 0.0379310362 0.00296205282
vt 0.962068975 0.00296211243
vt 0.0379310362 0.00296205282
vt 0.0379310362 0.598863065
vt 0.962068975 0.598863065
vt 0.962068975 0.00296211243
vt 0.0379310362 0.00296205282
vt 0.300302058 1.39128661
vt 0.300302058 0.888496876
vt 1.70509636 0.385706782
vt 0.300302029 0.38570714
vt 1.00269914 0.385706961
vt 1.70509636 1.39128637
vt 1.70509636 0.888496578
vt -0.085704565 1.01221395
vt -0.0857049227 0.588688552
vt -0.087338686 0.588688552
vt -0.0873384476 1.01221383
vt -0.085703373 0.165163338
vt -0.0873372555 0.165163338
vt 1.08570457 1.01221371
vt 1.08733821 1.01221359
vt 1.08733857 0.588688374
vt 1.0857048 0.588688374
vt 1.08570337 0.1651631
vt 1.08733714 0.165163159
vt -0.267926574 0.886411965
vt -0.267926574 0.890078664
vt 1.21202064 0.890079021
vt 1.21202064 0.886412382
vt -0.267926574 0.886411965
vt 1.21202064 0.886412382
vt 1.21202064 0.890079021
vt -0.267926574 0.890078664
vt -0.267926574 0.886411965
vt 1.21202064 0.886412382
vt 1.21202064 0.890079021
vt -0.267926574 0.890078664
vt -0.267926574 0.886411965
vt -0.267926574 0.890078664
vt 1.21202064 0.890079021
vt 1.21202064 0.886412382
vt -0.686827183 0.587810516
vt -0.686827183 0.00215899944
vt 0.234902889 0.00215888023
vt 0.234902948 0.587810516
vt 1.68682683 0.587810218
vt 0.765096724 0.587810218
vt 0.765096784 0.00215852261
vt 1.68682683 0.00215864182
vt 1.21202064 0.548333287
vt 1.21568739 0.544666588
vt 1.21202064 0.544666588
vt 1.21202064 0.548333287
vt 1.21202064 0.544666588
vt 1.21568739 0.544666588
vt 1.21202064 0.548333287
vt 1.21202064 0.544666588
vt 1.21568739 0.544666588
vt 1.21202064 0.548333287
vt 1.21568739 0.544666588
vt 1.21202064 0.544666588
vt 0.997037888 0.962068975
vt 0.0379310325 0.962068975
vt 0.0379310362 0.037931025
vt 0.997037947 0.037931025
vt 0.997037888 0.962068975
vt 0.997037947 0.037931025
vt 0.0379310362 0.037931025
vt 0.0379310325 0.962068975
vt 0.997037888 0.962068975
vt 0.0379310325 0.962068975
vt 0.0379310362 0.037931025
vt 0.997037947 0.037931025
vt 0.997037888 0.962068975
vt 0.997037947 0.037931025
vt 0.0379310362 0.037931025
vt 0.0379310325 0.962068975
vt 0.997037888 0.962068975
vt 0.997037947 0.037931025
vt 0.0379310362 0.037931025
vt 0.0379310325 0.962068975
vt 0.997037888 0.962068975
vt 0.0379310325 0.962068975
vt 0.0379310362 0.037931025
vt 0.997037947 0.037931025
vt -0.085704565 1.01564026
vt 0.529439986 1.01563907
vt 0.529439986 1.01221275
vt -0.085704565 1.01221395
vt -0.085703373 0.161736965
vt -0.085703373 0.165163338
vt 0.529441118 0.165171742
vt 0.529441118 0.161745369
vt 0.997037888 0.962068975
vt 0.997037947 0.037931025
vt 0.0379310362 0.037931025
vt 0.0379310325 0.962068975
vt 0.997037888 0.962068975
vt 0.0379310325 0.962068975
vt 0.0379310362 0.037931025
vt 0.997037947 0.037931025
vt 1.08570457 1.01564002
vt 1.08570457 1.01221371
vt 0.470559955 1.01221251
vt 0.470559955 1.01563883
vt 1.08570337 0.161736727
vt 0.470558822 0.161745131
vt 0.470558822 0.165171504
vt 1.08570337 0.1651631
vt 0.0379310362 0.037931025
vt 0.962068975 0.00296205282
vt 0.997037947 0.037931025
vt 0.0379310362 0.037931025
vt 0.997037947 0.037931025
vt 0.962068975 0.00296205282
vt 0.0379310362 0.037931025
vt 0.997037947 0.037931025
vt 0.962068975 0.00296205282
vt 0.0379310362 0.037931025
vt 0.962068975 0.00296205282
vt 0.997037947 0.037931025
vt 0.0379310362 0.00296205282
vt 0.0379310325 0.962068975
vt 0.997037888 0.962068975
vt 0.0379310362 0.00296205282
vt 0.997037888 0.962068975
vt 0.0379310325 0.962068975
vt 0.0379310362 0.00296205282
vt 0.997037888 0.962068975
vt 0.0379310325 0.962068975
vt 0.0379310362 0.00296205282
vt 0.0379310325 0.962068975
vt 0.997037888 0.962068975
vt -0.212020636 0.886412382
vt -0.212020636 0.890079021
vt 1.26792657 0.890078664
vt 1.26792657 0.886411965
vt -0.212020636 0.886412382
vt 1.26792657 0.886411965
vt 1.26792657 0.890078664
vt -0.212020636 0.890079021
vt -0.212020636 0.886412382
vt 1.26792657 0.886411965
vt 1.26792657 0.890078664
vt -0.212020636 0.890079021
vt -0.212020636 0.886412382
vt -0.212020636 0.890079021
vt 1.26792657 0.890078664
vt 1.26792657 0.886411965
vt 0.997037947 0.037931025
vt 0.962068975 0.00296205282
vt 0.962068975 0.598862886
vt 0.401137143 0.037931025
vt 0.997037947 0.037931025
vt 0.962068975 0.00296205282
vt 0.997037947 0.037931025
vt 0.401137143 0.037931025
vt 0.962068975 0.598862886
vt 0.962068975 0.00296205282
vt 0.997037947 0.037931025
vt 0.962068975 0.00296205282
vt -0.267926574 0.544666648
vt 1.21202064 0.544666588
vt 1.21202064 0.455333233
vt -0.267926574 0.455333292
vt -0.267926574 0.544666648
vt -0.267926574 0.455333292
vt 1.21202064 0.455333233
vt 1.21202064 0.544666588
vt 0.997037888 0.962068975
vt 0.997037947 0.037931025
vt 0.401136965 0.037931025
vt 0.401136905 0.962068975
vt 0.997037888 0.962068975
vt 0.997037947 0.037931025
vt 0.997037888 0.962068975
vt 0.997037947 0.037931025
vt 0.401137143 0.037931025
vt 0.401137084 0.962068975
vt 0.997037888 0.962068975
vt 0.997037947 0.037931025
vt -0.267926574 0.544666648
vt -0.267926574 0.455333292
vt 1.21202064 0.455333233
vt 1.21202064 0.544666588
vt -0.267926574 0.544666648
vt 1.21202064 0.544666588
vt 1.21202064 0.455333233
vt -0.267926574 0.455333292
vt 0.997037888 0.962068975
vt 0.401136905 0.962068975
vt 0.401136965 0.037931025
vt 0.997037947 0.037931025
vt 0.997037888 0.962068975
vt 0.997037947 0.037931025
vt 0.997037888 0.962068975
vt 0.401137084 0.962068975
vt 0.401137143 0.037931025
vt 0.997037947 0.037931025
vt 0.997037888 0.962068975
vt 0.997037947 0.037931025
vt 0.997037888 0.962068975
vt 0.401136905 0.962068975
vt 0.0379310362 0.598863065
vt 0.0379310362 0.00296205282
vt 0.997037888 0.962068975
vt 0.0379310362 0.00296205282
vt 0.997037888 0.962068975
vt 0.0379310362 0.00296205282
vt 0.0379310362 0.598863065
vt 0.401136905 0.962068975
vt 0.997037888 0.962068975
vt 0.0379310362 0.00296205282
vt -0.0857049227 0.588688552
vt -0.085704565 1.01221395
vt 0.529439986 1.01221275
vt 0.529439688 0.588692188
vt 0.529441118 0.165171742
vt -0.085703373 0.165163338
vt 1.0857048 0.588688374
vt 0.470560282 0.588692009
vt 0.470559955 1.01221251
vt 1.08570457 1.01221371
vt 0.470558822 0.165171504
vt 1.08570337 0.1651631
vt 0.258354902 0.479592383
vt 0.262248456 0.483092368
vt 0.266141981 0.479592383
vt 0.495956481 0.479592383
vt 0.499850035 0.483092368
vt 0.503743589 0.479592383
vt 0.746774435 0.479592383
vt 0.750667989 0.483092368
vt 0.754561543 0.479592383
vt 0.245439172 0.479592323
vt 0.249332786 0.483092368
vt 0.25322628 0.479592323
vt 0.496257126 0.479592323
vt 0.500150681 0.483092368
vt 0.504044235 0.479592323
vt 0.733858764 0.479592383
vt 0.737752318 0.483092368
vt 0.741645873 0.479592383
f 1/1 2/2 3/3
f 3/3 4/4 1/1
f 5/5 6/6 7/7
f 7/7 8/8 5/5
f 9/9 10/10 11/11
f 11/11 12/12 9/9
f 13/13 14/14 15/15
f 15/15 16/16 13/13
f 17/17 18/18 19/19
f 20/20 21/21 22/22
f 23/23 24/24 25/25
f 26/26 27/27 28/28
f 29/29 30/30 31/31
f 31/31 32/32 29/29
f 33/33 32/32 31/31
f 31/31 34/34 33/33
f 35/35 36/36 37/37
f 37/37 38/38 35/35
f 37/37 36/36 39/39
f 39/39 40/40 37/37
f 41/41 42/42 43/43
f 43/43 44/44 45/45
f 46/46 47/47 48/48
f 49/49 47/47 46/46
f 50/50 51/51 52/52
f 52/52 51/51 53/53
f 54/54 55/55 56/56
f 57/57 58/58 54/54
f 59/59 60/60 61/61
f 61/61 62/62 59/59
f 63/63 64/64 65/65
f 65/65 66/66 63/63
f 67/67 68/68 69/69
f 69/69 70/70 67/67
f 71/71 70/70 69/69
f 69/69 72/72 71/71
f 73/73 74/74 75/75
f 75/75 76/76 73/73
f 75/75 74/74 77/77
f 77/77 78/78 75/75
f 79/79 80/80 81/81
f 82/82 83/83 84/84
f 85/85 86/86 87/87
f 88/88 89/89 90/90
f 91/91 92/92 93/93
f 93/93 94/94 91/91
f 95/95 96/96 97/97
f 97/97 98/98 95/95
f 99/99 100/100 101/101
f 101/101 102/102 99/99
f 99/99 102/102 103/103
f 103/103 104/104 99/99
f 105/105 106/106 107/107
f 107/107 108/108 105/105
f 105/105 108/108 109/109
f 109/109 110/110 105/105
f 111/111 112/112 113/113
f 113/113 114/114 111/111
f 115/115 116/116 117/117
f 117/117 118/118 115/115
f 119/119 120/120 121/121
f 121/121 122/122 119/119
f 123/123 120/120 119/119
f 119/119 124/124 123/123
f 125/125 126/126 127/127
f 127/127 128/128 125/125
f 129/129 126/126 125/125
f 125/125 130/130 129/129
f 131/131 132/132 133/133
f 134/134 135/135 136/136
f 137/137 138/138 139/139
f 140/140 141/141 142/142
f 143/143 144/144 145/145
f 146/146 147/147 148/148
f 149/149 150/150 151/151
f 152/152 153/153 154/154
f 155/155 156/156 157/157
f 157/157 158/158 155/155
f 159/159 158/158 157/157
f 157/157 160/160 159/159
f 161/161 162/162 163/163
f 163/163 164/164 161/161
f 163/163 162/162 165/165
f 165/165 166/166 163/163
f 167/167 168/168 169/169
f 170/170 171/171 172/172
f 173/173 174/174 175/175
f 176/176 177/177 178/178
f 179/179 180/180 181/181
f 181/181 182/182 183/183
f 181/181 184/184 182/182
f 181/181 185/185 184/184
f 186/186 187/187 188/188
f 189/189 190/190 191/191
f 191/191 192/192 189/189
f 193/193 194/194 195/195
f 196/196 195/195 197/197
f 196/196 198/198 195/195
f 198/198 199/199 195/195
f 200/200 201/201 202/202
f 203/203 204/204 205/205
f 205/205 206/206 203/203
f 207/207 208/208 209/209
f 209/209 210/210 207/207
f 211/211 212/212 213/213
f 213/213 214/214 211/211
f 215/215 216/216 217/217
f 217/217 218/218 215/215
f 219/219 220/220 221/221
f 221/221 222/222 219/219
f 223/223 224/224 225/225
f 225/225 226/226 223/223
f 225/225 224/224 227/227
f 227/227 228/228 225/225
f 229/229 230/230 231/231
f 231/231 232/232 229/229
f 233/233 232/232 231/231
f 231/231 234/234 233/233
f 235/235 236/236 237/237
f 237/237 238/238 235/235
f 239/239 240/240 241/241
f 241/241 242/242 239/239
f 243/243 244/244 245/245
f 245/245 246/246 243/243
f 247/247 248/248 249/249
f 249/249 250/250 247/247
f 251/251 252/252 253/253
f 254/254 255/255 256/256
f 257/257 258/258 259/259
f 260/260 261/261 262/262
f 263/263 264/264 265/265
f 265/265 266/266 263/263
f 265/265 264/264 267/267
f 267/267 268/268 265/265
f 269/269 270/270 271/271
f 271/271 272/272 269/269
f 273/273 272/272 271/271
f 271/271 274/274 273/273
f 275/275 276/276 277/277
f 277/277 278/278 275/275
f 275/275 278/278 279/279
f 279/279 280/280 275/275
f 281/281 282/282 283/283
f 283/283 284/284 281/281
f 285/285 286/286 287/287
f 287/287 288/288 285/285
f 289/289 290/290 291/291
f 291/291 292/292 289/289
f 293/293 294/294 295/295
f 295/295 296/296 293/293
f 297/297 298/298 299/299
f 299/299 300/300 297/297
f 301/301 298/298 297/297
f 297/297 302/302 301/301
f 303/303 304/304 305/305
f 305/305 306/306 303/303
f 307/307 308/308 309/309
f 309/309 310/310 307/307
f 311/311 312/312 313/313
f 313/313 314/314 311/311
f 315/315 316/316 317/317
f 317/317 318/318 315/315
f 319/319 320/320 321/321
f 322/322 323/323 324/324
f 325/325 326/326 327/327
f 328/328 329/329 330/330
f 331/331 332/332 333/333
f 334/334 335/335 336/336
f 337/337 338/338 339/339
f 340/340 341/341 342/342
f 343/343 344/344 345/345
f 346/346 347/347 348/348
f 349/349 350/350 351/351
f 352/352 353/353 354/354
f 355/355 356/356 357/357
f 357/357 358/358 355/355
f 359/359 360/360 361/361
f 361/361 362/362 359/359
f 363/363 364/364 365/365
f 365/365 366/366 363/363
f 367/367 368/368 369/369
f 369/369 370/370 367/367
f 371/371 372/372 373/373
f 373/373 374/374 371/371
f 375/375 376/376 377/377
f 377/377 378/378 375/375
f 379/379 380/380 381/381
f 381/381 382/382 379/379
f 383/383 384/384 385/385
f 385/385 386/386 383/383
f 387/387 388/388 389/389
f 389/389 390/390 387/387
f 391/391 392/392 393/393
f 393/393 394/394 391/391
f 395/395 396/396 397/397
f 397/397 398/398 395/395
f 399/399 400/400 401/401
f 401/401 402/402 399/399
f 403/403 404/404 405/405
f 405/405 406/406 403/403
f 407/407 408/408 409/409
f 409/409 410/410 407/407
f 411/411 412/412 413/413
f 413/413 414/414 411/411
f 415/415 416/416 417/417
f 417/417 418/418 415/415
f 419/419 420/420 421/421
f 422/422 423/423 424/424
f 425/425 426/426 427/427
f 427/427 428/428 425/425
f 429/429 430/430 431/431
f 431/431 432/432 429/429
f 433/433 434/434 435/435
f 435/435 436/436 433/433
f 437/437 438/438 439/439
f 439/439 440/440 437/437
f 441/441 442/442 443/443
f 443/443 444/444 441/441
f 445/445 446/446 447/447
f 447/447 448/448 445/445
f 449/449 450/450 451/451
f 451/451 452/452 449/449
f 453/453 454/454 455/455
f 455/455 456/456 453/453
f 457/457 458/458 459/459
f 459/459 460/460 457/457
f 461/461 462/462 463/463
f 463/463 464/464 461/461
f 465/465 466/466 467/467
f 467/467 468/468 465/465
f 469/469 470/470 471/471
f 471/471 472/472 469/469
f 473/473 474/474 475/475
f 475/475 476/476 473/473
f 477/477 478/478 479/479
f 479/479 480/480 477/477
f 481/481 482/482 483/483
f 483/483 484/484 481/481
f 485/485 486/486 487/487
f 487/487 488/488 485/485
f 489/489 490/490 491/491
f 491/491 492/492 489/489
f 493/493 494/494 495/495
f 495/495 496/496 493/493
f 497/497 498/498 499/499
f 500/500 501/501 502/502
f 503/503 504/504 505/505
f 506/506 507/507 508/508
f 509/509 510/510 511/511
f 512/512 513/513 514/514
f 515/515 516/516 517/517
f 518/518 519/519 520/520
f 521/521 522/522 523/523
f 524/524 525/525 526/526
f 527/527 528/528 529/529
f 530/530 531/531 532/532
f 533/533 534/534 535/535
f 536/536 537/537 538/538
f 539/539 540/540 541/541
f 541/541 542/542 539/539
f 543/543 544/544 545/545
f 545/545 546/546 543/543
f 547/547 548/548 549/549
f 550/550 551/551 552/552
f 553/553 554/554 555/555
f 556/556 557/557 558/558
f 559/559 560/560 561/561
f 562/562 563/563 564/564
f 565/565 566/566 567/567
f 568/568 569/569 570/570
f 571/571 572/572 573/573
f 573/573 574/574 571/571
f 575/575 576/576 577/577
f 577/577 578/578 575/575
f 579/579 580/580 581/581
f 582/582 583/583 584/584
f 585/585 586/586 587/587
f 588/588 589/589 590/590
f 591/591 592/592 593/593
f 594/594 595/595 596/596
f 597/597 598/598 599/599
f 600/600 601/601 602/602
f 603/603 604/604 605/605
f 606/606 607/607 608/608
f 609/609 610/610 611/611
f 612/612 613/613 614/614
f 615/615 616/616 617/617
f 618/618 619/619 620/620
f 621/621 622/622 623/623
f 623/623 624/624 621/621
f 625/625 626/626 627/627
f 627/627 628/628 625/625
f 629/629 630/630 631/631
f 631/631 632/632 629/629
f 633/633 634/634 635/635
f 635/635 636/636 633/633
f 637/637 638/638 639/639
f 639/639 640/640 637/637
f 641/641 642/642 643/643
f 643/643 644/644 641/641
f 645/645 646/646 647/647
f 648/648 649/649 650/650
f 651/651 652/652 653/653
f 654/654 655/655 656/656
f 657/657 658/658 659/659
f 659/659 660/660 657/657
f 661/661 662/662 663/663
f 663/663 664/664 661/661
f 665/665 666/666 667/667
f 668/668 669/669 670/670
f 671/671 672/672 673/673
f 673/673 674/674 671/671
f 675/675 676/676 677/677
f 678/678 679/679 680/680
f 681/681 682/682 683/683
f 683/683 684/684 681/681
f 685/685 686/686 687/687
f 687/687 686/686 688/688
f 687/687 689/689 685/685
f 690/690 691/691 692/692
f 692/692 693/693 690/690
f 694/694 695/695 696/696
f 697/697 698/698 699/699
f 700/700 701/701 702/702
f 703/703 704/704 705/705
f 706/706 707/707 708/708
f 709/709 710/710 711/711
f 712/712 713/713 714/714
f 715/715 716/716 717/717
f 718/718 719/719 720/720
f 721/721 722/722 723/723
f 723/723 724/724 721/721
f 725/725 726/726 727/727
f 727/727 728/728 725/725
f 729/729 730/730 731/731
f 731/731 732/732 729/729
f 733/733 734/734 735/735
f 735/735 736/736 733/733
f 737/737 738/738 739/739
f 739/739 740/740 737/737
f 739/739 738/738 741/741
f 741/741 742/742 739/739
f 743/743 744/744 745/745
f 745/745 746/746 743/743
f 747/747 748/748 749/749
f 749/749 750/750 747/747
f 751/751 752/752 753/753
f 753/753 754/754 751/751
f 755/755 756/756 757/757
f 757/757 758/758 755/755
f 759/759 760/760 761/761
f 761/761 762/762 759/759
f 763/763 764/764 765/765
f 765/765 766/766 763/763
f 767/767 768/768 769/769
f 769/769 770/770 767/767
f 771/771 772/772 773/773
f 773/773 774/774 771/771
f 775/775 776/776 777/777
f 777/777 778/778 775/775
f 779/779 780/780 781/781
f 781/781 782/782 779/779
f 783/783 784/784 785/785
f 785/785 786/786 783/783
f 787/787 788/788 789/789
f 789/789 790/790 787/787
f 791/791 792/792 793/793
f 793/793 794/794 791/791
f 795/795 796/796 797/797
f 797/797 798/798 795/795
f 799/799 800/800 801/801
f 801/801 802/802 799/799
f 803/803 804/804 805/805
f 805/805 806/806 803/803
f 807/807 808/808 809/809
f 810/810 811/811 812/812
f 813/813 814/814 815/815
f 816/816 817/817 818/818
f 819/819 820/820 821/821
f 821/821 822/822 819/819
f 823/823 824/824 825/825
f 825/825 826/826 823/823
f 827/827 826/826 825/825
f 825/825 828/828 827/827
f 829/829 830/830 831/831
f 831/831 832/832 829/829
f 833/833 834/834 835/835
f 835/835 836/836 833/833
f 837/837 838/838 839/839
f 839/839 840/840 837/837
f 841/841 842/842 843/843
f 843/843 844/844 841/841
f 845/845 846/846 847/847
f 847/847 848/848 845/845
f 847/847 846/846 849/849
f 849/849 850/850 847/847
f 851/851 852/852 853/853
f 853/853 854/854 851/851
f 855/855 856/856 857/857
f 857/857 856/856 858/858
f 859/859 860/860 861/861
f 862/862 863/863 859/859
f 864/864 865/865 866/866
f 866/866 867/867 864/864
f 868/868 867/867 866/866
f 866/866 869/869 868/868
f 870/870 871/871 872/872
f 873/873 874/874 875/875
f 876/876 877/877 878/878
f 878/878 879/879 876/876
f 878/878 877/877 880/880
f 880/880 881/881 878/878
f 882/882 883/883 884/884
f 884/884 885/885 882/882
f 886/886 885/885 884/884
f 884/884 887/887 886/886
f 888/888 889/889 890/890
f 890/890 891/891 888/888
f 892/892 891/891 890/890
f 890/890 893/893 892/892
f 894/894 895/895 896/896
f 896/896 897/897 894/894
f 896/896 895/895 898/898
f 898/898 899/899 896/896
f 900/900 901/901 902/902
f 902/902 901/901 903/903
f 902/902 904/904 900/900
f 903/903 905/905 902/902
f 904/904 902/902 906/906
f 906/906 902/902 905/905
f 906/906 907/907 904/904
f 905/905 908/908 906/906
f 909/909 910/910 911/911
f 912/912 913/913 914/914
f 915/915 916/916 917/917
f 917/917 918/918 915/915
f 919/919 920/920 921/921
f 922/922 923/923 924/924
f 925/925 926/926 927/927
f 927/927 928/928 925/925
f 929/929 930/930 931/931
f 932/932 933/933 934/934
f 935/935 936/936 937/937
f 938/938 939/939 940/940
f 941/941 942/942 943/943
f 943/943 944/944 941/941
f 945/945 946/946 947/947
f 947/947 948/948 945/945
f 949/949 950/950 951/951
f 951/951 952/952 949/949
f 953/953 954/954 955/955
f 956/956 957/957 958/958
f 959/959 960/960 961/961
f 961/961 962/962 959/959
f 963/963 964/964 965/965
f 965/965 966/966 963/963
f 967/967 968/968 969/969
f 969/969 970/970 967/967
f 971/971 972/972 973/973
f 973/973 974/974 971/971
f 975/975 976/976 977/977
f 977/977 978/978 975/975
f 979/979 980/980 981/981
f 981/981 982/982 979/979
f 983/983 984/984 985/985
f 986/986 987/987 988/988
f 988/988 989/989 986/986
f 990/990 989/989 988/988
f 988/988 991/991 990/990
f 992/992 993/993 994/994
f 995/995 996/996 997/997
f 997/997 998/998 995/995
f 999/999 1000/1000 1001/1001
f 1001/1001 1002/1002 999/999
f 1003/1003 1004/1004 1005/1005
f 1005/1005 1006/1006 1003/1003
f 1007/1007 1008/1008 1009/1009
f 1009/1009 1010/1010 1007/1007
f 1011/1011 1012/1012 1013/1013
f 1013/1013 1014/1014 1011/1011
f 1015/1015 1016/1016 1017/1017
f 1017/1017 1018/1018 1015/1015
f 1019/1019 1020/1020 1021/1021
f 1021/1021 1022/1022 1019/1019
f 1023/1023 1024/1024 1025/1025
f 1025/1025 1026/1026 1023/1023
f 1027/1027 1028/1028 1029/1029
f 1029/1029 1030/1030 1027/1027
f 1031/1031 1032/1032 1033/1033
f 1033/1033 1034/1034 1031/1031
f 1035/1035 1036/1036 1037/1037
f 1037/1037 1038/1038 1035/1035
f 1039/1039 1040/1040 1041/1041
f 1041/1041 1042/1042 1039/1039
f 1043/1043 1044/1044 1045/1045
f 1045/1045 1046/1046 1043/1043
f 1047/1047 1048/1048 1049/1049
f 1049/1049 1050/1050 1047/1047
f 1051/1051 1052/1052 1053/1053
f 1053/1053 1054/1054 1051/1051
f 1053/1053 1052/1052 1055/1055
f 1055/1055 1056/1056 1053/1053
f 1057/1057 1058/1058 1059/1059
f 1059/1059 1060/1060 1057/1057
f 1061/1061 1060/1060 1059/1059
f 1059/1059 1062/1062 1061/1061
f 1063/1063 1064/1064 1065/1065
f 1065/1065 1066/1066 1063/1063
f 1067/1067 1068/1068 1069/1069
f 1069/1069 1070/1070 1067/1067
f 1071/1071 1072/1072 1073/1073
f 1073/1073 1074/1074 1071/1071
f 1075/1075 1076/1076 1077/1077
f 1078/1078 1079/1079 1080/1080
f 1081/1081 1082/1082 1083/1083
f 1083/1083 1084/1084 1081/1081
f 1085/1085 1084/1084 1083/1083
f 1083/1083 1086/1086 1085/1085
f 1087/1087 1088/1088 1089/1089
f 1089/1089 1090/1090 1087/1087
f 1089/1089 1088/1088 1091/1091
f 1091/1091 1092/1092 1089/1089
f 1093/1093 1094/1094 1095/1095
f 1096/1096 1097/1097 1098/1098
f 1099/1099 1100/1100 1101/1101
f 1102/1102 1103/1103 1104/1104
f 1105/1105 1106/1106 1107/1107
f 1107/1107 1108/1108 1105/1105
f 1106/1106 1105/1105 1109/1109
f 1109/1109 1110/1110 1106/1106
f 1111/1111 1112/1112 1113/1113
f 1113/1113 1114/1114 1111/1111
f 1112/1112 1111/1111 1115/1115
f 1115/1115 1116/1116 1112/1112
f 1117/1117 1118/1118 1119/1119
f 1119/1119 1120/1120 1117/1117
f 1121/1121 1122/1122 1123/1123
f 1123/1123 1124/1124 1121/1121
f 1125/1125 1126/1126 1127/1127
f 1127/1127 1128/1128 1125/1125
f 1129/1129 1128/1128 1127/1127
f 1127/1127 1130/1130 1129/1129
f 1131/1131 1132/1132 1133/1133
f 1133/1133 1134/1134 1131/1131
f 1135/1135 1133/1133 1132/1132
f 1132/1132 1136/1136 1135/1135
f 1137/1137 1138/1138 1139/1139
f 1139/1139 1140/1140 1137/1137
f 1141/1141 1139/1139 1138/1138
f 1138/1138 1142/1142 1141/1141
f 1143/1143 1144/1144 1145/1145
f 1145/1145 1146/1146 1143/1143
f 1147/1147 1145/1145 1144/1144
f 1144/1144 1148/1148 1147/1147
f 1149/1149 1150/1150 1151/1151
f 1152/1152 1153/1153 1154/1154
f 1155/1155 1156/1156 1157/1157
f 1157/1157 1158/1158 1155/1155
f 1159/1159 1160/1160 1161/1161
f 1162/1162 1163/1163 1164/1164
f 1165/1165 1166/1166 1167/1167
f 1168/1168 1169/1169 1170/1170
f 1171/1171 1172/1172 1173/1173
f 1173/1173 1174/1174 1171/1171
f 1173/1173 1172/1172 1175/1175
f 1175/1175 1176/1176 1173/1173
f 1177/1177 1178/1178 1179/1179
f 1179/1179 1180/1180 1177/1177
f 1181/1181 1178/1178 1177/1177
f 1177/1177 1182/1182 1181/1181
f 1183/1183 1184/1184 1185/1185
f 1185/1185 1186/1186 1183/1183
f 1187/1187 1186/1186 1185/1185
f 1185/1185 1188/1188 1187/1187
f 1189/1189 1190/1190 1191/1191
f 1191/1191 1192/1192 1189/1189
f 1193/1193 1194/1194 1195/1195
f 1195/1195 1196/1196 1193/1193
f 1197/1197 1198/1198 1199/1199
f 1199/1199 1200/1200 1197/1197
f 1201/1201 1202/1202 1203/1203
f 1203/1203 1204/1204 1201/1201
f 1205/1205 1206/1206 1207/1207
f 1207/1207 1208/1208 1205/1205
f 1207/1207 1206/1206 1209/1209
f 1209/1209 1210/1210 1207/1207
f 1211/1211 1212/1212 1213/1213
f 1213/1213 1214/1214 1211/1211
f 1215/1215 1214/1214 1213/1213
f 1213/1213 1216/1216 1215/1215
f 1217/1217 1218/1218 1219/1219
f 1219/1219 1220/1220 1217/1217
f 1221/1221 1222/1222 1223/1223
f 1223/1223 1224/1224 1221/1221
f 1225/1225 1226/1226 1227/1227
f 1227/1227 1228/1228 1225/1225
f 1229/1229 1230/1230 1231/1231
f 1231/1231 1232/1232 1229/1229
f 1233/1233 1234/1234 1235/1235
f 1235/1235 1236/1236 1233/1233
f 1235/1235 1234/1234 1237/1237
f 1237/1237 1238/1238 1235/1235
f 1239/1239 1240/1240 1241/1241
f 1241/1241 1242/1242 1239/1239
f 1243/1243 1242/1242 1241/1241
f 1241/1241 1244/1244 1243/1243
f 1245/1245 1246/1246 1247/1247
f 1247/1247 1248/1248 1245/1245
f 1247/1247 1246/1246 1249/1249
f 1249/1249 1250/1250 1247/1247
f 1251/1251 1252/1252 1253/1253
f 1253/1253 1254/1254 1251/1251
f 1255/1255 1256/1256 1257/1257
f 1257/1257 1258/1258 1255/1255
f 1259/1259 1260/1260 1261/1261
f 1261/1261 1262/1262 1259/1259
f 1263/1263 1260/1260 1259/1259
f 1259/1259 1264/1264 1263/1263
f 1265/1265 1266/1266 1267/1267
f 1267/1267 1268/1268 1265/1265
f 1269/1269 1268/1268 1267/1267
f 1267/1267 1270/1270 1269/1269
f 1271/1271 1272/1272 1273/1273
f 1273/1273 1274/1274 1271/1271
f 1275/1275 1276/1276 1277/1277
f 1277/1277 1278/1278 1275/1275
f 1279/1279 1280/1280 1281/1281
f 1281/1281 1282/1282 1279/1279
f 1283/1283 1284/1284 1285/1285
f 1285/1285 1286/1286 1283/1283
f 1287/1287 1288/1288 1289/1289
f 1289/1289 1290/1290 1287/1287
f 1291/1291 1292/1292 1293/1293
f 1293/1293 1294/1294 1291/1291
f 1295/1295 1296/1296 1297/1297
f 1297/1297 1298/1298 1295/1295
f 1297/1297 1296/1296 1299/1299
f 1299/1299 1300/1300 1297/1297
f 1301/1301 1302/1302 1303/1303
f 1303/1303 1304/1304 1301/1301
f 1303/1303 1302/1302 1305/1305
f 1305/1305 1306/1306 1303/1303
f 1307/1307 1308/1308 1309/1309
f 1309/1309 1310/1310 1307/1307
f 1311/1311 1312/1312 1313/1313
f 1313/1313 1314/1314 1311/1311
f 1315/1315 1316/1316 1317/1317
f 1317/1317 1318/1318 1315/1315
f 1319/1319 1320/1320 1321/1321
f 1321/1321 1322/1322 1319/1319
f 1323/1323 1324/1324 1325/1325
f 1325/1325 1326/1326 1323/1323
f 1327/1327 1328/1328 1329/1329
f 1329/1329 1330/1330 1327/1327
f 1331/1331 1332/1332 1333/1333
f 1333/1333 1334/1334 1331/1331
f 1335/1335 1336/1336 1337/1337
f 1337/1337 1338/1338 1335/1335
f 1339/1339 1340/1340 1341/1341
f 1341/1341 1342/1342 1339/1339
f 1343/1343 1344/1344 1345/1345
f 1345/1345 1346/1346 1343/1343
f 1347/1347 1348/1348 1349/1349
f 1349/1349 1350/1350 1347/1347
f 1351/1351 1350/1350 1349/1349
f 1349/1349 1352/1352 1351/1351
f 1353/1353 1354/1354 1355/1355
f 1355/1355 1356/1356 1353/1353
f 1357/1357 1358/1358 1359/1359
f 1359/1359 1360/1360 1357/1357
f 1361/1361 1362/1362 1363/1363
f 1363/1363 1364/1364 1361/1361
f 1365/1365 1366/1366 1367/1367
f 1367/1367 1368/1368 1365/1365
f 1369/1369 1370/1370 1371/1371
f 1371/1371 1372/1372 1369/1369
f 1370/1370 1369/1369 1373/1373
f 1373/1373 1374/1374 1370/1370
f 1375/1375 1376/1376 1377/1377
f 1377/1377 1378/1378 1375/1375
f 1376/1376 1375/1375 1379/1379
f 1379/1379 1380/1380 1376/1376
f 1381/1381 1382/1382 1383/1383
f 1383/1383 1384/1384 1381/1381
f 1385/1385 1386/1386 1387/1387
f 1387/1387 1388/1388 1385/1385
f 1389/1389 1390/1390 1391/1391
f 1391/1391 1392/1392 1389/1389
f 1393/1393 1394/1394 1395/1395
f 1395/1395 1396/1396 1393/1393
f 1397/1397 1398/1398 1399/1399
f 1399/1399 1400/1400 1397/1397
f 1399/1399 1398/1398 1401/1401
f 1401/1401 1402/1402 1399/1399
f 1403/1403 1404/1404 1405/1405
f 1405/1405 1406/1406 1403/1403
f 1405/1405 1404/1404 1407/1407
f 1407/1407 1408/1408 1405/1405
f 1409/1409 1410/1410 1411/1411
f 1411/1411 1412/1412 1409/1409
f 1413/1413 1414/1414 1415/1415
f 1415/1415 1416/1416 1413/1413
f 1417/1417 1418/1418 1419/1419
f 1419/1419 1420/1420 1417/1417
f 1421/1421 1422/1422 1423/1423
f 1423/1423 1424/1424 1421/1421
f 1425/1425 1426/1426 1427/1427
f 1427/1427 1428/1428 1425/1425
f 1429/1429 1430/1430 1431/1431
f 1431/1431 1432/1432 1429/1429
f 1433/1433 1434/1434 1435/1435
f 1435/1435 1436/1436 1433/1433
f 1437/1437 1438/1438 1439/1439
f 1439/1439 1440/1440 1437/1437
f 1441/1441 1442/1442 1443/1443
f 1443/1443 1444/1444 1441/1441
f 1445/1445 1446/1446 1447/1447
f 1447/1447 1448/1448 1445/1445
f 1449/1449 1450/1450 1451/1451
f 1451/1451 1452/1452 1449/1449
f 1453/1453 1454/1454 1455/1455
f 1455/1455 1456/1456 1453/1453
f 1457/1457 1458/1458 1459/1459
f 1459/1459 1460/1460 1457/1457
f 1461/1461 1462/1462 1463/1463
f 1463/1463 1464/1464 1461/1461
f 1465/1465 1466/1466 1467/1467
f 1467/1467 1468/1468 1465/1465
f 1469/1469 1470/1470 1471/1471
f 1471/1471 1472/1472 1469/1469
f 1473/1473 1474/1474 1475/1475
f 1475/1475 1476/1476 1473/1473
f 1477/1477 1478/1478 1479/1479
f 1479/1479 1480/1480 1477/1477
f 1481/1481 1482/1482 1483/1483
f 1483/1483 1484/1484 1481/1481
f 1485/1485 1486/1486 1487/1487
f 1487/1487 1488/1488 1485/1485
f 1489/1489 1490/1490 1491/1491
f 1491/1491 1492/1492 1489/1489
f 1493/1493 1494/1494 1495/1495
f 1495/1495 1496/1496 1493/1493
f 1497/1497 1498/1498 1499/1499
f 1499/1499 1500/1500 1497/1497
f 1501/1501 1502/1502 1503/1503
f 1503/1503 1504/1504 1501/1501
f 1505/1505 1506/1506 1507/1507
f 1507/1507 1508/1508 1505/1505
f 1509/1509 1510/1510 1511/1511
f 1511/1511 1512/1512 1509/1509
f 1513/1513 1514/1514 1515/1515
f 1515/1515 1516/1516 1513/1513
f 1517/1517 1518/1518 1519/1519
f 1519/1519 1520/1520 1517/1517
f 1521/1521 1522/1522 1523/1523
f 1523/1523 1524/1524 1521/1521
f 1525/1525 1526/1526 1527/1527
f 1527/1527 1528/1528 1525/1525
f 1529/1529 1530/1530 1531/1531
f 1532/1532 1533/1533 1534/1534
f 1535/1535 1536/1536 1537/1537
f 1538/1538 1539/1539 1540/1540
f 1541/1541 1542/1542 1543/1543
f 1544/1544 1545/1545 1546/1546
f 1547/1547 1548/1548 1549/1549
f 1549/1549 1550/1550 1547/1547
f 1551/1551 1552/1552 1553/1553
f 1553/1553 1554/1554 1551/1551
f 1555/1555 1556/1556 1557/1557
f 1557/1557 1558/1558 1555/1555
f 1559/1559 1560/1560 1561/1561
f 1561/1561 1562/1562 1559/1559
f 1563/1563 1564/1564 1565/1565
f 1566/1566 1567/1567 1568/1568
f 1569/1569 1570/1570 1571/1571
f 1572/1572 1573/1573 1574/1574
f 1575/1575 1576/1576 1577/1577
f 1577/1577 1578/1578 1575/1575
f 1579/1579 1580/1580 1581/1581
f 1581/1581 1582/1582 1579/1579
f 1583/1583 1584/1584 1585/1585
f 1585/1585 1586/1586 1583/1583
f 1587/1587 1588/1588 1589/1589
f 1589/1589 1590/1590 1587/1587
f 1591/1591 1592/1592 1593/1593
f 1593/1593 1594/1594 1591/1591
f 1595/1595 1596/1596 1597/1597
f 1597/1597 1598/1598 1595/1595
f 1599/1599 1600/1600 1601/1601
f 1601/1601 1602/1602 1599/1599
f 1603/1603 1604/1604 1605/1605
f 1605/1605 1606/1606 1603/1603
f 1607/1607 1608/1608 1609/1609
f 1609/1609 1610/1610 1607/1607
f 1611/1611 1612/1612 1613/1613
f 1614/1614 1615/1615 1616/1616
f 1617/1617 1618/1618 1619/1619
f 1620/1620 1621/1621 1622/1622
f 1623/1623 1624/1624 1625/1625
f 1625/1625 1626/1626 1623/1623
f 1627/1627 1628/1628 1629/1629
f 1629/1629 1630/1630 1627/1627
f 1631/1631 1632/1632 1633/1633
f 1633/1633 1634/1634 1631/1631
f 1632/1632 1631/1631 1635/1635
f 1635/1635 1636/1636 1632/1632
f 1637/1637 1638/1638 1639/1639
f 1639/1639 1640/1640 1637/1637
f 1640/1640 1639/1639 1641/1641
f 1641/1641 1642/1642 1640/1640
f 1643/1643 1644/1644 1645/1645
f 1646/1646 1647/1647 1648/1648
f 1649/1649 1650/1650 1651/1651
f 1651/1651 1652/1652 1649/1649
f 1653/1653 1654/1654 1655/1655
f 1655/1655 1656/1656 1653/1653
f 1657/1657 1658/1658 1659/1659
f 1659/1659 1660/1660 1657/1657
f 1661/1661 1662/1662 1663/1663
f 1664/1664 1665/1665 1666/1666
f 1667/1667 1668/1668 1669/1669
f 1669/1669 1670/1670 1667/1667
f 1671/1671 1672/1672 1673/1673
f 1673/1673 1674/1674 1671/1671
f 1675/1675 1676/1676 1677/1677
f 1678/1678 1679/1679 1680/1680
f 1681/1681 1682/1682 1683/1683
f 1683/1683 1684/1684 1681/1681
f 1685/1685 1686/1686 1687/1687
f 1687/1687 1688/1688 1685/1685
f 1689/1689 1690/1690 1691/1691
f 1692/1692 1693/1693 1694/1694
f 1694/1694 1695/1695 1692/1692
f 1696/1696 1697/1697 1698/1698
f 1698/1698 1699/1699 1696/1696
f 1700/1700 1701/1701 1702/1702
f 1702/1702 1703/1703 1700/1700
f 1704/1704 1705/1705 1706/1706
f 1706/1706 1707/1707 1704/1704
f 1708/1708 1709/1709 1710/1710
f 1711/1711 1712/1712 1713/1713
f 1713/1713 1714/1714 1711/1711
f 1715/1715 1716/1716 1717/1717
f 1717/1717 1718/1718 1715/1715
f 1719/1719 1720/1720 1721/1721
f 1721/1721 1722/1722 1719/1719
f 1723/1723 1724/1724 1725/1725
f 1725/1725 1726/1726 1723/1723
f 1727/1727 1728/1728 1729/1729
f 1729/1729 1730/1730 1727/1727
f 1731/1731 1732/1732 1733/1733
f 1733/1733 1734/1734 1731/1731
f 1735/1735 1736/1736 1737/1737
f 1738/1738 1739/1739 1740/1740
f 1741/1741 1742/1742 1743/1743
f 1744/1744 1745/1745 1746/1746
f 1747/1747 1748/1748 1749/1749
f 1750/1750 1751/1751 1752/1752
f 1753/1753 1754/1754 1755/1755
f 1755/1755 1756/1756 1753/1753
f 1757/1757 1758/1758 1759/1759
f 1759/1759 1760/1760 1757/1757
f 1761/1761 1762/1762 1763/1763
f 1763/1763 1764/1764 1761/1761
f 1765/1765 1766/1766 1767/1767
f 1767/1767 1768/1768 1765/1765
f 1769/1769 1770/1770 1771/1771
f 1771/1771 1772/1772 1769/1769
f 1773/1773 1774/1774 1775/1775
f 1775/1775 1776/1776 1773/1773
f 1777/1777 1778/1778 1779/1779
f 1777/1777 1779/1779 1780/1780
f 1781/1781 1782/1782 1783/1783
f 1783/1783 1784/1784 1781/1781
f 1782/1782 1785/1785 1783/1783
f 1786/1786 1787/1787 1788/1788
f 1788/1788 1789/1789 1786/1786
f 1790/1790 1791/1791 1792/1792
f 1792/1792 1793/1793 1790/1790
f 1794/1794 1795/1795 1796/1796
f 1796/1796 1797/1797 1794/1794
f 1798/1798 1799/1799 1800/1800
f 1800/1800 1801/1801 1798/1798
f 1802/1802 1803/1803 1804/1804
f 1804/1804 1805/1805 1802/1802
f 1806/1806 1807/1807 1808/1808
f 1808/1808 1809/1809 1806/1806
f 1810/1810 1811/1811 1812/1812
f 1812/1812 1813/1813 1810/1810
f 1814/1814 1815/1815 1816/1816
f 1817/1817 1818/1818 1819/1819
f 1820/1820 1821/1821 1822/1822
f 1822/1822 1823/1823 1820/1820
f 1824/1824 1825/1825 1826/1826
f 1827/1827 1828/1828 1829/1829
f 1830/1830 1831/1831 1832/1832
f 1832/1832 1833/1833 1830/1830
f 1832/1832 1831/1831 1834/1834
f 1834/1834 1835/1835 1832/1832
f 1836/1836 1837/1837 1838/1838
f 1838/1838 1839/1839 1840/1840
f 1841/1841 1842/1842 1843/1843
f 1844/1844 1842/1842 1841/1841
f 1845/1845 1846/1846 1847/1847
f 1848/1848 1849/1849 1850/1850
f 1851/1851 1852/1852 1853/1853
f 1854/1854 1855/1855 1856/1856
f 1857/1857 1858/1858 1859/1859
f 1859/1859 1860/1860 1857/1857
f 1861/1861 1862/1862 1863/1863
f 1863/1863 1864/1864 1861/1861
f 1865/1865 1866/1866 1867/1867
f 1867/1867 1868/1868 1865/1865
f 1869/1869 1870/1870 1871/1871
f 1871/1871 1872/1872 1869/1869
f 1873/1873 1874/1874 1875/1875
f 1875/1875 1876/1876 1873/1873
f 1877/1877 1878/1878 1879/1879
f 1879/1879 1880/1880 1877/1877
f 1881/1881 1882/1882 1883/1883
f 1883/1883 1884/1884 1881/1881
f 1885/1885 1886/1886 1887/1887
f 1887/1887 1888/1888 1885/1885
f 1889/1889 1890/1890 1891/1891
f 1891/1891 1892/1892 1889/1889
f 1893/1893 1894/1894 1895/1895
f 1895/1895 1896/1896 1893/1893
f 1897/1897 1898/1898 1899/1899
f 1899/1899 1900/1900 1897/1897
f 1901/1901 1902/1902 1903/1903
f 1903/1903 1904/1904 1901/1901
f 1905/1905 1906/1906 1907/1907
f 1908/1908 1909/1909 1910/1910
f 1911/1911 1912/1912 1913/1913
f 1914/1914 1915/1915 1916/1916
f 1917/1917 1918/1918 1919/1919
f 1920/1920 1921/1921 1922/1922
f 1923/1923 1924/1924 1925/1925
f 1925/1925 1926/1926 1923/1923
f 1927/1927 1926/1926 1925/1925
f 1925/1925 1928/1928 1927/1927
f 1929/1929 1930/1930 1931/1931
f 1931/1931 1932/1932 1929/1929
f 1929/1929 1932/1932 1933/1933
f 1934/1934 1935/1935 1936/1936
f 1937/1937 1938/1938 1939/1939
f 1940/1940 1941/1941 1942/1942
f 1943/1943 1944/1944 1945/1945
f 1945/1945 1946/1946 1943/1943
f 1947/1947 1948/1948 1949/1949
f 1949/1949 1950/1950 1947/1947
f 1951/1951 1952/1952 1953/1953
f 1953/1953 1954/1954 1951/1951
f 1955/1955 1956/1956 1957/1957
f 1957/1957 1958/1958 1955/1955
f 1959/1959 1960/1960 1961/1961
f 1961/1961 1962/1962 1959/1959
f 1963/1963 1964/1964 1965/1965
f 1965/1965 1966/1966 1963/1963
f 1967/1967 1968/1968 1969/1969
f 1969/1969 1970/1970 1967/1967
f 1971/1971 1972/1972 1973/1973
f 1973/1973 1974/1974 1971/1971
f 1975/1975 1976/1976 1977/1977
f 1978/1978 1979/1979 1980/1980
f 1981/1981 1982/1982 1983/1983
f 1984/1984 1985/1985 1986/1986
f 1987/1987 1988/1988 1989/1989
f 1990/1990 1991/1991 1992/1992
f 1993/1993 1994/1994 1995/1995
f 1996/1996 1997/1997 1998/1998
f 1999/1999 2000/2000 2001/2001
f 2002/2002 2003/2003 2004/2004
f 2005/2005 2006/2006 2007/2007
f 2007/2007 2008/2008 2005/2005
f 2009/2009 2010/2010 2011/2011
f 2012/2012 2013/2013 2014/2014
f 2015/2015 2016/2016 2017/2017
f 2018/2018 2019/2019 2020/2020
f 2021/2021 2022/2022 2023/2023
f 2023/2023 2024/2024 2021/2021
f 2025/2025 2026/2026 2027/2027
f 2028/2028 2029/2029 2030/2030
f 2031/2031 2032/2032 2033/2033
f 2033/2033 2034/2034 2031/2031
f 2035/2035 2036/2036 2037/2037
f 2037/2037 2038/2038 2035/2035
f 2039/2039 2040/2040 2041/2041
f 2041/2041 2042/2042 2039/2039
f 2043/2043 2044/2044 2045/2045
f 2045/2045 2046/2046 2043/2043
f 2047/2047 2048/2048 2049/2049
f 2050/2050 2051/2051 2052/2052
f 2053/2053 2054/2054 2055/2055
f 2056/2056 2057/2057 2058/2058
f 2059/2059 2060/2060 2061/2061
f 2062/2062 2063/2063 2064/2064
f 2065/2065 2066/2066 2067/2067
f 2068/2068 2069/2069 2070/2070
f 2071/2071 2072/2072 2073/2073
f 2073/2073 2074/2074 2071/2071
f 2075/2075 2076/2076 2077/2077
f 2077/2077 2078/2078 2075/2075
f 2079/2079 2080/2080 2081/2081
f 2081/2081 2082/2082 2079/2079
f 2083/2083 2084/2084 2085/2085
f 2085/2085 2086/2086 2083/2083
f 2087/2087 2088/2088 2089/2089
f 2089/2089 2090/2090 2087/2087
f 2091/2091 2092/2092 2093/2093
f 2093/2093 2094/2094 2091/2091
f 2095/2095 2096/2096 2097/2097
f 2097/2097 2098/2098 2095/2095
f 2099/2099 2100/2100 2101/2101
f 2101/2101 2102/2102 2099/2099
f 2103/2103 2104/2104 2105/2105
f 2105/2105 2106/2106 2103/2103
f 2107/2107 2108/2108 2109/2109
f 2109/2109 2110/2110 2107/2107
f 2111/2111 2112/2112 2113/2113
f 2113/2113 2114/2114 2111/2111
f 2115/2115 2116/2116 2117/2117
f 2117/2117 2118/2118 2115/2115
f 2119/2119 2120/2120 2121/2121
f 2121/2121 2122/2122 2119/2119
f 2123/2123 2124/2124 2125/2125
f 2125/2125 2126/2126 2123/2123
f 2127/2127 2128/2128 2129/2129
f 2129/2129 2130/2130 2127/2127
f 2131/2131 2130/2130 2129/2129
f 2129/2129 2132/2132 2131/2131
f 2133/2133 2134/2134 2135/2135
f 2135/2135 2136/2136 2133/2133
f 2137/2137 2138/2138 2139/2139
f 2139/2139 2140/2140 2137/2137
f 2141/2141 2142/2142 2143/2143
f 2143/2143 2144/2144 2141/2141
f 2145/2145 2146/2146 2147/2147
f 2147/2147 2148/2148 2145/2145
f 2149/2149 2150/2150 2151/2151
f 2151/2151 2152/2152 2149/2149
f 2151/2151 2150/2150 2153/2153
f 2153/2153 2154/2154 2151/2151
f 2155/2155 2156/2156 2157/2157
f 2157/2157 2158/2158 2155/2155
f 2159/2159 2158/2158 2157/2157
f 2157/2157 2160/2160 2159/2159
f 2161/2161 2162/2162 2163/2163
f 2163/2163 2164/2164 2161/2161
f 2165/2165 2166/2166 2167/2167
f 2167/2167 2168/2168 2165/2165
f 2169/2169 2170/2170 2171/2171
f 2171/2171 2172/2172 2169/2169
f 2173/2173 2174/2174 2175/2175
f 2175/2175 2176/2176 2173/2173
f 2177/2177 2178/2178 2179/2179
f 2179/2179 2180/2180 2177/2177
f 2181/2181 2182/2182 2183/2183
f 2183/2183 2184/2184 2181/2181
f 2185/2185 2186/2186 2187/2187
f 2187/2187 2188/2188 2185/2185
f 2189/2189 2188/2188 2187/2187
f 2187/2187 2190/2190 2189/2189
f 2191/2191 2192/2192 2193/2193
f 2193/2193 2194/2194 2191/2191
f 2193/2193 2192/2192 2195/2195
f 2195/2195 2196/2196 2193/2193
f 2197/2197 2198/2198 2199/2199
f 2200/2200 2201/2201 2202/2202
f 2203/2203 2204/2204 2205/2205
f 2206/2206 2207/2207 2208/2208
f 2209/2209 2210/2210 2211/2211
f 2211/2211 2212/2212 2209/2209
f 2213/2213 2212/2212 2211/2211
f 2211/2211 2214/2214 2213/2213
f 2215/2215 2216/2216 2217/2217
f 2217/2217 2218/2218 2215/2215
f 2219/2219 2218/2218 2217/2217
f 2217/2217 2220/2220 2219/2219
f 2221/2221 2222/2222 2223/2223
f 2223/2223 2222/2222 2224/2224
f 2225/2225 2226/2226 2227/2227
f 2228/2228 2229/2229 2225/2225
f 2230/2230 2231/2231 2232/2232
f 2233/2233 2234/2234 2235/2235
f 2236/2236 2237/2237 2238/2238
f 2239/2239 2240/2240 2241/2241
f 2242/2242 2243/2243 2244/2244
f 2245/2245 2246/2246 2247/2247
f 2247/2247 2248/2248 2245/2245
f 2249/2249 2250/2250 2251/2251
f 2251/2251 2252/2252 2249/2249
f 2253/2253 2254/2254 2255/2255
f 2255/2255 2256/2256 2253/2253
f 2257/2257 2258/2258 2259/2259
f 2259/2259 2260/2260 2257/2257
f 2261/2261 2262/2262 2263/2263
f 2263/2263 2264/2264 2261/2261
f 2263/2263 2262/2262 2265/2265
f 2265/2265 2266/2266 2263/2263
f 2267/2267 2268/2268 2269/2269
f 2269/2269 2270/2270 2267/2267
f 2271/2271 2270/2270 2269/2269
f 2269/2269 2272/2272 2271/2271
f 2273/2273 2274/2274 2275/2275
f 2275/2275 2276/2276 2273/2273
f 2277/2277 2278/2278 2279/2279
f 2279/2279 2280/2280 2277/2277
f 2281/2281 2282/2282 2283/2283
f 2283/2283 2284/2284 2281/2281
f 2285/2285 2286/2286 2287/2287
f 2287/2287 2288/2288 2285/2285
f 2289/2289 2290/2290 2291/2291
f 2291/2291 2292/2292 2289/2289
f 2291/2291 2290/2290 2293/2293
f 2293/2293 2294/2294 2291/2291
f 2295/2295 2296/2296 2297/2297
f 2297/2297 2298/2298 2295/2295
f 2299/2299 2298/2298 2297/2297
f 2297/2297 2300/2300 2299/2299
f 2301/2301 2302/2302 2303/2303
f 2303/2303 2302/2302 2304/2304
f 2304/2304 2305/2305 2303/2303
f 2306/2306 2301/2301 2303/2303
f 2303/2303 2307/2307 2306/2306
f 2308/2308 2309/2309 2310/2310
f 2310/2310 2311/2311 2308/2308
f 2310/2310 2309/2309 2312/2312
f 2312/2312 2313/2313 2310/2310
f 2314/2314 2315/2315 2316/2316
f 2316/2316 2317/2317 2314/2314
f 2318/2318 2317/2317 2316/2316
f 2316/2316 2319/2319 2318/2318
f 2320/2320 2321/2321 2322/2322
f 2322/2322 2323/2323 2320/2320
f 2324/2324 2325/2325 2326/2326
f 2326/2326 2327/2327 2324/2324
f 2328/2328 2329/2329 2330/2330
f 2330/2330 2331/2331 2328/2328
f 2332/2332 2333/2333 2334/2334
f 2334/2334 2335/2335 2332/2332
f 2336/2336 2337/2337 2338/2338
f 2338/2338 2339/2339 2336/2336
f 2340/2340 2341/2341 2342/2342
f 2342/2342 2343/2343 2340/2340
f 2344/2344 2345/2345 2346/2346
f 2347/2347 2348/2348 2349/2349
f 2350/2350 2351/2351 2352/2352
f 2353/2353 2354/2354 2355/2355
f 2356/2356 2357/2357 2358/2358
f 2358/2358 2359/2359 2356/2356
f 2360/2360 2361/2361 2362/2362
f 2362/2362 2363/2363 2360/2360
f 2364/2364 2365/2365 2366/2366
f 2366/2366 2367/2367 2364/2364
f 2368/2368 2369/2369 2370/2370
f 2370/2370 2371/2371 2368/2368
f 2372/2372 2373/2373 2374/2374
f 2374/2374 2375/2375 2372/2372
f 2376/2376 2377/2377 2378/2378
f 2378/2378 2379/2379 2376/2376
f 2380/2380 2381/2381 2382/2382
f 2382/2382 2383/2383 2380/2380
f 2384/2384 2385/2385 2386/2386
f 2386/2386 2387/2387 2384/2384
f 2388/2388 2389/2389 2390/2390
f 2390/2390 2391/2391 2388/2388
f 2392/2392 2393/2393 2394/2394
f 2394/2394 2395/2395 2392/2392
f 2396/2396 2397/2397 2398/2398
f 2398/2398 2399/2399 2396/2396
f 2400/2400 2401/2401 2402/2402
f 2402/2402 2403/2403 2400/2400
f 2404/2404 2405/2405 2406/2406
f 2407/2407 2408/2408 2409/2409
f 2410/2410 2411/2411 2412/2412
f 2413/2413 2414/2414 2415/2415
f 2416/2416 2417/2417 2418/2418
f 2419/2419 2420/2420 2421/2421
f 2422/2422 2423/2423 2424/2424
f 2425/2425 2426/2426 2427/2427
f 2428/2428 2429/2429 2430/2430
f 2430/2430 2431/2431 2428/2428
f 2432/2432 2433/2433 2434/2434
f 2434/2434 2435/2435 2432/2432
f 2436/2436 2437/2437 2438/2438
f 2438/2438 2439/2439 2436/2436
f 2440/2440 2441/2441 2442/2442
f 2442/2442 2443/2443 2440/2440
f 2444/2444 2445/2445 2446/2446
f 2446/2446 2447/2447 2444/2444
f 2448/2448 2447/2447 2446/2446
f 2446/2446 2449/2449 2448/2448
f 2450/2450 2451/2451 2452/2452
f 2452/2452 2453/2453 2450/2450
f 2452/2452 2451/2451 2454/2454
f 2454/2454 2455/2455 2452/2452
f 2456/2456 2457/2457 2458/2458
f 2458/2458 2459/2459 2456/2456
f 2460/2460 2461/2461 2462/2462
f 2462/2462 2463/2463 2460/2460
f 2464/2464 2465/2465 2466/2466
f 2466/2466 2467/2467 2464/2464
f 2468/2468 2467/2467 2466/2466
f 2466/2466 2469/2469 2468/2468
f 2470/2470 2471/2471 2472/2472
f 2472/2472 2473/2473 2470/2470
f 2474/2474 2473/2473 2472/2472
f 2472/2472 2475/2475 2474/2474
f 2476/2476 2477/2477 2478/2478
f 2478/2478 2479/2479 2476/2476
f 2480/2480 2481/2481 2482/2482
f 2482/2482 2483/2483 2480/2480
f 2484/2484 2485/2485 2486/2486
f 2486/2486 2487/2487 2484/2484
f 2486/2486 2485/2485 2488/2488
f 2488/2488 2489/2489 2486/2486
f 2490/2490 2491/2491 2492/2492
f 2492/2492 2493/2493 2490/2490
f 2492/2492 2491/2491 2494/2494
f 2494/2494 2495/2495 2492/2492
f 2496/2496 2497/2497 2498/2498
f 2498/2498 2499/2499 2496/2496
f 2498/2498 2497/2497 2500/2500
f 2500/2500 2501/2501 2498/2498
f 2502/2502 2503/2503 2504/2504
f 2504/2504 2505/2505 2502/2502
f 2506/2506 2505/2505 2504/2504
f 2504/2504 2507/2507 2506/2506
f 2508/2508 2509/2509 2510/2510
f 2510/2510 2511/2511 2508/2508
f 2508/2508 2511/2511 2512/2512
f 2512/2512 2513/2513 2508/2508
f 2514/2514 2515/2515 2516/2516
f 2516/2516 2517/2517 2514/2514
f 2518/2518 2515/2515 2514/2514
f 2514/2514 2519/2519 2518/2518
f 2520/2520 2521/2521 2522/2522
f 2523/2523 2524/2524 2525/2525
f 2526/2526 2527/2527 2528/2528
f 2529/2529 2530/2530 2531/2531
f 2532/2532 2533/2533 2534/2534
f 2535/2535 2536/2536 2537/2537
