v -0.327649444 -0.0522644669 0.04409476
v -0.328343272 -0.0478752553 0.0496866181
v -0.328343272 -0.0503492728 0.0372488797
v -0.327649444 -0.0502675958 0.0506775603
v -0.327649444 -0.0470248573 0.0567442998
v -0.327649444 -0.0529387295 0.0372488797
v -0.328343272 -0.0448718034 0.0553056747
v -0.328343272 -0.0497247763 0.0309082251
v -0.325753838 -0.0520189144 0.0514029786
v -0.325753838 -0.054123655 0.044464577
v -0.325753838 -0.0486010015 0.0577974431
v -0.325753838 -0.0440012626 0.063402243
v -0.327649444 -0.0522644781 0.0304030515
v -0.327649444 -0.0426608622 0.0620618425
v -0.328343272 -0.040829841 0.0602308214
v -0.325753838 -0.0383964628 0.0680019781
v -0.327649444 -0.0373433195 0.0664258376
v -0.328343272 -0.0359046943 0.0642727837
v -0.041503232 -0.333965331 0.0191921201
v -0.0362938754 -0.335657954 0.0372488797
v -0.0368878171 -0.335464984 0.0435895808
v -0.0342580117 -0.335589916 0.04409476
v -0.038646806 -0.334893465 0.0496866181
v -0.0361571461 -0.334972858 0.0506775603
v -0.0392411724 -0.333970785 0.0567442998
v -0.0336167514 -0.335798264 0.0372488797
v -0.041503258 -0.333965331 0.0553056747
v -0.0339057706 -0.333711207 0.0514029786
v -0.0319040455 -0.334361613 0.044464577
v -0.0371563993 -0.332655013 0.0577974431
v -0.0415310077 -0.331233621 0.063402243
v -0.0342580006 -0.335589916 0.0304030515
v -0.0433915779 -0.33262223 0.0620618425
v -0.0453473888 -0.332716316 0.0602308214
v -0.0468614846 -0.329501629 0.0680019781
v -0.0484488606 -0.330979019 0.0664258376
v -0.0500314832 -0.331194341 0.0642727837
v 0.306195349 -0.172362417 0.0372488797
v 0.325299174 -0.146068245 0.0372488797
v 0.324932098 -0.146573484 0.0435895808
v 0.32586357 -0.144110993 0.04409476
v 0.323844969 -0.148069769 0.0496866181
v 0.324689835 -0.145726487 0.0506775603
v 0.322783798 -0.148349926 0.0567442998
v 0.326259881 -0.143565506 0.0372488797
v 0.322079599 -0.150499612 0.0553056747
v 0.323844999 -0.148069754 0.0248111859
v 0.32418564 -0.143195435 0.0514029786
v 0.325422794 -0.141492665 0.044464577
v 0.322176665 -0.145960584 0.0577974431
v 0.319472998 -0.149681851 0.063402243
v 0.32586357 -0.144110978 0.0304030515
v 0.320218712 -0.151880473 0.0620618425
v 0.316808879 -0.157754153 0.0642727837
v 0.31617859 -0.15421623 0.0680019781
v 0.317093134 -0.156182453 0.0664258376
v 0.275830507 0.230119452 0.0372488797
v 0.257093728 0.25590837 0.0435895808
v 0.259946227 0.251982242 0.0553056747
v 0.256213307 0.255939692 0.0506775603
v 0.255039573 0.257555187 0.04409476
v 0.258119345 0.253316253 0.0567442998
v 0.254643261 0.258100688 0.0372488797
v 0.257093698 0.25590837 0.0309082251
v 0.253650337 0.256242335 0.0514029786
v 0.252413183 0.257945091 0.044464577
v 0.255659342 0.253477186 0.0577974431
v 0.258363008 0.249755904 0.063402243
v 0.255039573 0.257555217 0.0304030515
v 0.26068446 0.249785721 0.0620618425
v 0.262322038 0.248712227 0.0602308214
v 0.261657417 0.24522154 0.0680019781
v 0.263810039 0.245483741 0.0664258376
v 0.265216976 0.244727701 0.0642727837
v -0.0877783224 0.334894359 0.0248111282
v -0.147246704 0.315571904 0.0372488797
v -0.146652758 0.315764874 0.0435895808
v -0.148853749 0.314320177 0.04409476
v -0.144893765 0.316336423 0.0496866181
v -0.146954611 0.314937264 0.0506775603
v -0.143870577 0.315939307 0.0567442998
v -0.149495006 0.314111829 0.0372488797
v -0.142037317 0.317264527 0.0553056747
v -0.146652773 0.315764874 0.0309082251
v -0.148034438 0.312593251 0.0514029786
v -0.150036156 0.311942846 0.044464577
v -0.14478381 0.313649446 0.0577974431
v -0.140409186 0.315070838 0.063402243
v -0.148853764 0.314320177 0.0304030515
v -0.139720172 0.317287862 0.0620618425
v -0.138193175 0.318513572 0.0602308214
v -0.135078713 0.3168028 0.0680019781
v -0.134662881 0.318931073 0.0664258376
v -0.133509085 0.320035517 0.0642727837
v -0.327649444 0.00696504628 0.0124358991
v -0.325753838 0.00830544531 0.0110955006
v -0.325753838 0.00270064385 0.00649576494
v -0.328343272 0.00513402745 0.0142669231
v -0.327649444 0.00164749881 0.00807190686
v -0.328343272 0.000208876358 0.0102249626
v -0.325753838 -0.00369383069 0.00307785324
v -0.327649444 -0.00441924809 0.00482916879
v -0.328343272 -0.00541018695 0.00722151576
v -0.325753838 -0.0106322356 0.000973117887
v -0.327649444 -0.0110020489 0.00283230585
v -0.328343272 -0.0115072252 0.00537200505
v -0.325753838 -0.0178479366 0.000262439775
v -0.327649444 -0.0178479347 0.00215805089
v -0.328343272 -0.017847931 0.00474750577
v -0.325753838 -0.0250636339 0.000973132206
v -0.327649444 -0.0246938169 0.00283231772
v -0.328343272 -0.0241886377 0.00537201669
v -0.0905885994 -0.317286998 0.0124358991
v -0.0912776217 -0.315069973 0.0110955006
v -0.0859471411 -0.316801935 0.00649576494
v -0.0890616104 -0.318512708 0.0142669231
v -0.0855313167 -0.318930209 0.00807190686
v -0.0843775123 -0.320034653 0.0102249626
v -0.0798656344 -0.318777949 0.00307785324
v -0.0797614977 -0.320804924 0.00482916879
v -0.0732668191 -0.320922017 0.000973117887
v -0.0735008866 -0.322839141 0.00283230585
v -0.0732348412 -0.323655128 0.00537200505
v -0.0664042905 -0.323151797 0.000262439775
v -0.0669900626 -0.324954629 0.00215805089
v -0.0672044754 -0.325614512 0.00474750577
v -0.0595417507 -0.325381577 0.000973132206
v -0.0604792461 -0.327070117 0.00283231772
v -0.0611741096 -0.327573895 0.00537201669
v 0.291049331 -0.192028686 0.0124358991
v 0.28872788 -0.191998884 0.0110955006
v 0.292022318 -0.187464491 0.00649576494
v 0.292686909 -0.190955192 0.0142669231
v 0.29417491 -0.187726691 0.00807190686
v 0.295581847 -0.186970651 0.0102249626
v 0.295780897 -0.182291254 0.00307785324
v 0.297740847 -0.182818592 0.00482916879
v 0.29888463 -0.182424739 0.00722151576
v 0.299859166 -0.176677972 0.000973117887
v 0.301610142 -0.177492991 0.00283230585
v 0.302468389 -0.177492127 0.00537200505
v 0.304100454 -0.170840338 0.000262439775
v 0.305634052 -0.171954557 0.00215805089
v 0.306195378 -0.172362387 0.00474750577
v 0.308341742 -0.165002719 0.000973132206
v 0.309657931 -0.166416124 0.00283231772
v 0.309922338 -0.167232648 0.00537201669
v 0.289853901 0.209637538 0.0124358991
v 0.289108187 0.207438916 0.0110955006
v 0.285813749 0.211973295 0.00649576494
v 0.289338976 0.211526692 0.0142669231
v 0.286728293 0.213939518 0.00807190686
v 0.283141226 0.22005713 0.00722151576
v 0.282055169 0.217146531 0.00307785324
v 0.283162355 0.218847618 0.00482916879
v 0.277976871 0.222759813 0.000973117887
v 0.27929306 0.224173218 0.00283230585
v 0.279557467 0.224989742 0.00537200505
v 0.273735583 0.228597432 0.000262439775
v 0.275269151 0.229711652 0.00215805089
v 0.272103518 0.235249206 0.00537201669
v 0.269494295 0.234435052 0.000973132206
v 0.271245241 0.235250086 0.00283231772
v -0.0925231054 0.332623124 0.0124358991
v -0.090662539 0.331234515 0.0110955006
v -0.0959930196 0.329502523 0.00649576494
v -0.0944789201 0.33271721 0.0142669231
v -0.0975803956 0.330979913 0.00807190686
v -0.0991630182 0.331195235 0.0102249626
v -0.102074526 0.32752651 0.00307785324
v -0.103350222 0.329105198 0.00482916879
v -0.104507066 0.329458863 0.00722151576
v -0.108673349 0.325382441 0.000973117887
v -0.109610841 0.327070981 0.00283230585
v -0.110305697 0.32757476 0.00537200505
v -0.115535893 0.323152661 0.000262439775
v -0.116121665 0.324955493 0.00215805089
v -0.11633607 0.325615376 0.00474750577
v -0.122398429 0.320922881 0.000973132206
v -0.122632489 0.322840005 0.00283231772
v -0.122366443 0.323655993 0.00537201669
v -0.325753838 -0.0320019983 0.0714198947
v -0.327649444 -0.0312765799 0.0696685761
v -0.328343272 -0.0302856378 0.0672762319
v -0.325753838 -0.0250635985 0.0735246316
v -0.327649444 -0.0246937815 0.0716654435
v -0.328343272 -0.0241886042 0.0691257492
v -0.325753838 -0.0178479031 0.0742353201
v -0.327649444 -0.0178479031 0.0723397061
v -0.328343272 -0.0178479031 0.0697502494
v -0.325753838 -0.0106322085 0.073524639
v -0.327649444 -0.0110020237 0.0716654509
v -0.328343272 -0.0115072001 0.0691257492
v -0.325753838 -0.0036938081 0.0714198947
v -0.327649444 -0.0044192276 0.0696685761
v -0.328343272 -0.00541016785 0.0672762319
v -0.0529429801 -0.327525645 0.0714198947
v -0.0542186722 -0.329104304 0.0696685761
v -0.059541788 -0.325381547 0.0735246316
v -0.0604792796 -0.327070117 0.0716654435
v -0.073234871 -0.323655128 0.0691257492
v -0.0664043203 -0.323151797 0.0742353201
v -0.0669900924 -0.324954629 0.0723397061
v -0.0732668489 -0.320922017 0.073524639
v -0.0735009089 -0.322839141 0.0716654509
v -0.0798656568 -0.318777949 0.0714198947
v -0.07976152 -0.320804924 0.0696685761
v -0.0790334865 -0.321771026 0.0672762319
v 0.312420011 -0.159389466 0.0714198947
v 0.313527197 -0.161090553 0.0696685761
v 0.313506067 -0.162300065 0.0672762319
v 0.308341712 -0.165002748 0.0735246316
v 0.309657931 -0.166416153 0.0716654435
v 0.309922308 -0.167232677 0.0691257492
v 0.304100424 -0.170840368 0.0742353201
v 0.305634022 -0.171954587 0.0723397061
v 0.306195349 -0.172362417 0.0697502494
v 0.299859166 -0.176677987 0.073524639
v 0.301610112 -0.177493021 0.0716654509
v 0.302468389 -0.177492157 0.0691257492
v 0.295780867 -0.182291284 0.0714198947
v 0.297740847 -0.182818606 0.0696685761
v 0.29888463 -0.182424754 0.0672762319
v 0.265415996 0.240048304 0.0714198947
v 0.267375976 0.240575641 0.0696685761
v 0.268519759 0.240181789 0.0672762319
v 0.269494295 0.234435022 0.0735246316
v 0.271245271 0.235250056 0.0716654435
v 0.275830507 0.230119452 0.0697502494
v 0.273735583 0.228597403 0.0742353201
v 0.275269181 0.229711622 0.0723397061
v 0.277976871 0.222759798 0.073524639
v 0.27929309 0.224173188 0.0716654509
v 0.279557496 0.224989727 0.0691257492
v 0.282055169 0.217146516 0.0714198947
v 0.283162355 0.218847603 0.0696685761
v 0.283141226 0.220057115 0.0672762319
v -0.128997207 0.318778813 0.0714198947
v -0.128893077 0.320805818 0.0696685761
v -0.128165036 0.32177192 0.0672762319
v -0.122398399 0.320922911 0.0735246316
v -0.122632459 0.322840005 0.0716654435
v -0.122366413 0.323655993 0.0691257492
v -0.115535863 0.323152661 0.0742353201
v -0.116121635 0.324955493 0.0723397061
v -0.116336048 0.325615376 0.0697502494
v -0.108673319 0.325382441 0.073524639
v -0.109610818 0.327071011 0.0716654509
v -0.110305674 0.32757479 0.0691257492
v -0.102074511 0.32752654 0.0714198947
v -0.1033502 0.329105198 0.0696685761
v -0.104507051 0.329458863 0.0672762319
v -0.327649444 0.0165686682 0.0440947525
v -0.325753838 0.0184278563 0.0444645658
v -0.325753838 0.0191385392 0.0372488685
v -0.328343272 0.0140289692 0.0435895734
v -0.327649444 0.0172429271 0.0372488685
v -0.328343272 0.0146534732 0.0372488685
v -0.325753838 0.0184278507 0.0300331675
v -0.327649444 0.0165686626 0.0304029845
v -0.328343272 0.0140289646 0.0309081618
v -0.325753838 0.0163231064 0.0230947658
v -0.327649444 0.0145717906 0.0238201842
v -0.328343272 0.0121794464 0.0248111282
v -0.325753838 0.0129051879 0.0167002976
v -0.327649444 0.0113290455 0.0177534409
v -0.328343272 0.00917599443 0.0191920679
v -0.0997221842 -0.314319313 0.0440947525
v -0.100904599 -0.311941981 0.0444645658
v -0.101580501 -0.311722368 0.0372488685
v -0.0975212008 -0.31576401 0.0435895734
v -0.100363441 -0.314110965 0.0372488685
v -0.0975211933 -0.31576401 0.0309081618
v -0.100904599 -0.311941981 0.0300331675
v -0.0997221768 -0.314319313 0.0304029845
v -0.0989028662 -0.312592357 0.0230947658
v -0.0978230461 -0.314936399 0.0238201842
v -0.0957622007 -0.316335559 0.0248111282
v -0.0956522375 -0.313648552 0.0167002976
v -0.0947390124 -0.315938443 0.0177534409
v -0.0929057449 -0.317263663 0.0191920679
v 0.285404474 -0.199798182 0.0440947525
v 0.282778084 -0.200188085 0.0444645658
v 0.282360345 -0.200763032 0.0372488685
v 0.287458599 -0.19815135 0.0435895734
v 0.285008162 -0.200343668 0.0372488685
v 0.287091523 -0.198656589 0.0372488685
v 0.282778084 -0.200188085 0.0300331675
v 0.285404474 -0.199798182 0.0304029845
v 0.287458599 -0.19815135 0.0309081618
v 0.284015238 -0.1984853 0.0230947658
v 0.286578208 -0.198182672 0.0238201842
v 0.288545728 -0.19665505 0.0248111282
v 0.286024213 -0.195720151 0.0167002976
v 0.288484246 -0.195559233 0.0177534409
v 0.290311098 -0.194225207 0.0191920679
v 0.295498759 0.201868042 0.0440947525
v 0.295057982 0.199249715 0.0444645658
v 0.295475721 0.198674768 0.0372488685
v 0.294934362 0.203825295 0.0372488685
v 0.2958951 0.201322556 0.0372488685
v 0.295057982 0.199249715 0.0300331675
v 0.295498759 0.201868057 0.0304029845
v 0.293480158 0.205826834 0.0248111282
v 0.293820858 0.2009525 0.0230947658
v 0.294325024 0.203483552 0.0238201842
v 0.291811854 0.203717649 0.0167002976
v 0.292418987 0.206106991 0.0177534409
v -0.0833895132 0.33559081 0.0440947525
v -0.081035547 0.334362507 0.0444645658
v -0.0803596452 0.33458212 0.0372488685
v -0.0860193223 0.335465878 0.0435895734
v -0.0827482566 0.335799187 0.0372488685
v -0.0854253843 0.335658878 0.0372488685
v -0.0810355544 0.334362507 0.0300331675
v -0.0833895206 0.33559081 0.0304029845
v -0.0830372795 0.333712101 0.0230947658
v -0.0852886587 0.334973752 0.0238201842
v -0.0862879157 0.332655907 0.0167002976
v -0.0883726925 0.333971679 0.0177534409
v -0.0906347781 0.333966225 0.0191920679
v -0.325753838 0.00270066294 0.0680019781
v -0.327649444 0.0016475179 0.0664258376
v -0.328343272 0.000208894242 0.0642727837
v -0.325753838 0.00830546208 0.063402243
v -0.327649444 0.00696506305 0.0620618425
v -0.328343272 0.00513404142 0.0602308214
v -0.325753838 0.0129052019 0.0577974431
v -0.327649444 0.0113290576 0.0567442961
v -0.328343272 0.00917600654 0.0553056747
v -0.325753838 0.0163231194 0.0514029711
v -0.327649444 0.0145718008 0.0506775528
v -0.328343272 0.0121794557 0.0496866107
v -0.085947156 -0.316801935 0.0680019781
v -0.0855313316 -0.318930209 0.0664258376
v -0.0843775347 -0.320034653 0.0642727837
v -0.0912776366 -0.315069973 0.063402243
v -0.0905886143 -0.317286998 0.0620618425
v -0.0929057598 -0.317263663 0.0553056747
v -0.095652245 -0.313648552 0.0577974431
v -0.0947390199 -0.315938443 0.0567442961
v -0.0989028811 -0.312592357 0.0514029711
v -0.0978230536 -0.314936399 0.0506775528
v -0.0957622081 -0.316335559 0.0496866107
v 0.292022288 -0.18746452 0.0680019781
v 0.29417491 -0.187726721 0.0664258376
v 0.292686909 -0.190955207 0.0602308214
v 0.28872788 -0.191998899 0.063402243
v 0.291049331 -0.192028701 0.0620618425
v 0.286024213 -0.195720166 0.0577974431
v 0.288484246 -0.195559248 0.0567442961
v 0.290311098 -0.194225222 0.0553056747
v 0.284015208 -0.198485315 0.0514029711
v 0.286578208 -0.198182687 0.0506775528
v 0.285813749 0.21197328 0.0680019781
v 0.286728323 0.213939503 0.0664258376
v 0.289338976 0.211526677 0.0602308214
v 0.289108187 0.207438901 0.063402243
v 0.289853901 0.209637523 0.0620618425
v 0.291811854 0.203717634 0.0577974431
v 0.292418987 0.206106976 0.0567442961
v 0.291714787 0.208256662 0.0553056747
v 0.293820858 0.200952485 0.0514029711
v 0.294325024 0.203483552 0.0506775528
v 0.293480188 0.205826819 0.0496866107
v -0.0959930047 0.329502523 0.0680019781
v -0.0975803807 0.330979913 0.0664258376
v -0.0991630033 0.331195265 0.0642727837
v -0.0906625167 0.331234515 0.063402243
v -0.0925230905 0.332623154 0.0620618425
v -0.0944789052 0.33271721 0.0602308214
v -0.0862879083 0.332655907 0.0577974431
v -0.088372685 0.333971679 0.0567442961
v -0.0906347707 0.333966255 0.0553056747
v -0.0830372721 0.333712101 0.0514029711
v -0.0852886513 0.334973752 0.0506775528
v -0.0877783149 0.334894359 0.0496866107
v -0.325753838 -0.0320020355 0.00307788188
v -0.327649444 -0.0312766135 0.00482919719
v -0.328343272 -0.0302856714 0.0072215395
v -0.325753838 -0.0383965038 0.00649580313
v -0.327649444 -0.0373433568 0.00807194505
v -0.328343272 -0.0359047279 0.0102249961
v -0.325753838 -0.0440012962 0.0110955508
v -0.327649444 -0.0426608957 0.0124359494
v -0.328343272 -0.0408298708 0.0142669659
v -0.325753838 -0.0486010276 0.0167003572
v -0.327649444 -0.0470248833 0.0177534986
v -0.328343272 -0.0448718295 0.0191921201
v -0.325753838 -0.0520189367 0.023094831
v -0.328343272 -0.047875274 0.0248111859
v -0.327649444 -0.0502676181 0.0238202475
v -0.325753838 -0.0541236661 0.0300332382
v -0.325753838 -0.0548343398 0.0372488797
v -0.323164374 -0.0555281825 0.0372488797
v -0.323164374 -0.0548041761 0.0298978779
v -0.323164374 -0.0526599661 0.022829311
v -0.323164374 -0.0548041649 0.0445999391
v -0.323164374 -0.05265994 0.0516684987
v -0.323164374 -0.0491779409 0.0163148791
v -0.323164374 -0.0491779074 0.0581829213
v -0.323164374 -0.0444919169 0.0106049301
v -0.323164374 -0.0444918834 0.0638928637
v -0.323164374 -0.0387819819 0.00591889443
v -0.323164374 -0.0387819409 0.0685788915
v -0.323164374 -0.0322675593 0.00243685301
v -0.323164374 -0.0322675183 0.0720609203
v -0.323164374 -0.0251989979 0.000292621291
v -0.323164374 -0.0251989607 0.0742051452
v -0.323164374 -0.0178479366 -0.00043140346
v -0.323164374 -0.0178479031 0.0749291629
v -0.323164374 -0.0104968743 0.000292607001
v -0.323164374 -0.0104968464 0.0742051452
v -0.323164374 -0.00342830876 0.00243682438
v -0.323164374 -0.00342828594 0.0720609203
v -0.323164374 0.00308612129 0.00591885392
v -0.323164374 0.00308614038 0.0685788915
v -0.323164374 0.00879606791 0.010604878
v -0.323164374 0.00879608188 0.0638928637
v -0.323164374 0.0134820985 0.0163148176
v -0.323164374 0.0134821106 0.0581829213
v -0.323164374 0.0169641338 0.0228292421
v -0.323164374 0.016964145 0.0516684949
v -0.323164374 0.0191083625 0.0298978053
v -0.323164374 0.0191083681 0.044599928
v -0.323164374 0.019832382 0.0372488685
v -0.319782048 0.0191083681 0.044599928
v -0.319782048 0.019832382 0.0372488685
v -0.319782048 0.0191083625 0.0298978053
v -0.315863013 0.0191083681 0.044599928
v -0.315863013 0.019832382 0.0372488685
v -0.315863013 0.016964145 0.0516684949
v -0.315863013 0.0191083625 0.0298978053
v -0.315863013 0.0169641338 0.0228292421
v -0.315863013 0.0134821106 0.0581829213
v -0.315863013 0.0134820994 0.0163148176
v -0.319782048 0.00879606791 0.010604878
v -0.315863013 0.00879606791 0.0106048789
v -0.315863013 0.00308612152 0.00591885438
v -0.319782048 -0.00342830853 0.00243682461
v -0.315863013 -0.00342830853 0.00243682484
v -0.315863013 -0.0104968743 0.000292607321
v -0.315863013 -0.0178479366 -0.000431403139
v -0.315863013 -0.0251989979 0.000292621611
v -0.315863013 -0.0322675593 0.00243685348
v -0.315863013 -0.0387819819 0.00591889489
v -0.315863013 -0.0444919169 0.010604931
v -0.319782048 -0.0491779409 0.0163148791
v -0.315863013 -0.0491779409 0.0163148791
v -0.319782048 -0.0526599661 0.022829311
v -0.315863013 -0.0526599623 0.022829311
v -0.315863013 -0.0548041761 0.0298978779
v -0.319782048 -0.0555281825 0.0372488797
v -0.315863013 -0.0555281825 0.0372488797
v -0.319782048 -0.0548041649 0.0445999391
v -0.315863013 -0.0548041649 0.0445999391
v -0.319782048 -0.05265994 0.0516684987
v -0.315863013 -0.05265994 0.0516685024
v -0.315863013 -0.0491779074 0.0581829213
v -0.315863013 -0.0444918834 0.0638928637
v -0.319782048 -0.0387819409 0.0685788915
v -0.315863013 -0.0387819409 0.0685788915
v -0.315863013 -0.0322675183 0.0720609203
v -0.315863013 -0.0251989607 0.0742051452
v -0.315863013 -0.0178479031 0.0749291629
v -0.315863013 -0.0104968464 0.0742051452
v -0.315863013 -0.00342828594 0.0720609203
v -0.315863013 0.00308614061 0.0685788915
v -0.315863013 0.00879608188 0.0638928637
v -0.0529429428 -0.327525645 0.00307788188
v -0.054218635 -0.329104304 0.00482919719
v -0.0553754866 -0.329457968 0.0072215395
v -0.0468614474 -0.329501659 0.00649580313
v -0.0484488234 -0.330979049 0.00807194505
v -0.0500314496 -0.331194371 0.0102249961
v -0.0415309742 -0.331233621 0.0110955508
v -0.0433915481 -0.33262226 0.0124359494
v -0.0371563695 -0.332655013 0.0167003572
v -0.0392411463 -0.333970785 0.0177534986
v -0.0339057483 -0.333711207 0.023094831
v -0.0386467874 -0.334893465 0.0248111859
v -0.0361571275 -0.334972858 0.0238202475
v -0.0319040306 -0.334361613 0.0300332382
v -0.0312281419 -0.334581226 0.0372488797
v -0.0297680739 -0.332332909 0.0372488797
v -0.0304566436 -0.332109183 0.0298978779
v -0.0324959084 -0.331446588 0.022829311
v -0.0304566547 -0.332109183 0.0445999391
v -0.0324959345 -0.331446558 0.0516684987
v -0.035807509 -0.330370575 0.0163148791
v -0.0358075388 -0.330370575 0.0581829213
v -0.0402641818 -0.32892251 0.0106049301
v -0.0402642153 -0.32892251 0.0638928637
v -0.0456946492 -0.327158034 0.00591889443
v -0.0456946902 -0.327158034 0.0685788915
v -0.0518902317 -0.325144976 0.00243685301
v -0.0518902689 -0.325144976 0.0720609203
v -0.0586128309 -0.322960675 0.000292621291
v -0.0586128682 -0.322960675 0.0742051452
v -0.0656040981 -0.320689082 -0.00043140346
v -0.0656041354 -0.320689082 0.0749291629
v -0.0725953728 -0.31841749 0.000292607001
v -0.0725954026 -0.31841746 0.0742051452
v -0.0793179795 -0.316233158 0.00243682438
v -0.0793180019 -0.316233158 0.0720609203
v -0.085513562 -0.314220101 0.00591885392
v -0.0855135843 -0.314220101 0.0685788915
v -0.0909440443 -0.312455624 0.010604878
v -0.0909440592 -0.312455624 0.0638928637
v -0.0954007208 -0.311007559 0.0163148176
v -0.0954007357 -0.311007559 0.0581829213
v -0.0987123325 -0.309931576 0.0228292421
v -0.0987123474 -0.309931576 0.0516684949
v -0.100751616 -0.309268951 0.0298978053
v -0.100751624 -0.309268951 0.044599928
v -0.101440199 -0.309045225 0.0372488685
v -0.0997064263 -0.306052178 0.044599928
v -0.100395009 -0.305828452 0.0372488685
v -0.0997064188 -0.306052178 0.0298978053
v -0.0984953716 -0.302324951 0.044599928
v -0.0991839543 -0.302101225 0.0372488685
v -0.0964560956 -0.302987546 0.0516684949
v -0.0984953716 -0.302324951 0.0298978053
v -0.0976671502 -0.306714773 0.0516684949
v -0.0931444913 -0.304063559 0.0581829213
v -0.0976671427 -0.306714773 0.0228292421
v -0.0964560881 -0.302987546 0.0228292421
v -0.0943555385 -0.307790786 0.0581829213
v -0.0886878148 -0.305511624 0.0638928637
v -0.0931444764 -0.304063559 0.0163148176
v -0.089898847 -0.309238851 0.010604878
v -0.0886877999 -0.305511624 0.0106048789
v -0.0832573175 -0.3072761 0.00591885438
v -0.0770617276 -0.309289157 0.00243682484
v -0.0703391284 -0.311473459 0.000292607321
v -0.0633478537 -0.313745052 -0.000431403139
v -0.0563565828 -0.316016674 0.000292621611
v -0.0508450381 -0.321928203 0.00243685325
v -0.0496339835 -0.318200976 0.00243685348
v -0.0446494557 -0.323941261 0.00591889443
v -0.0434384048 -0.320214033 0.00591889489
v -0.0392189845 -0.325705737 0.010604931
v -0.0380079336 -0.321978509 0.010604931
v -0.0347623155 -0.327153802 0.0163148791
v -0.0335512646 -0.323426545 0.0163148791
v -0.030239664 -0.324502558 0.022829311
v -0.0294114482 -0.32889238 0.0298978779
v -0.0282003973 -0.325165153 0.0298978779
v -0.0287228785 -0.329116136 0.0372488797
v -0.0275118258 -0.325388879 0.0372488797
v -0.0294114612 -0.32889238 0.0445999391
v -0.0282004084 -0.325165153 0.0445999391
v -0.0314507373 -0.328229785 0.0516684987
v -0.0302396864 -0.324502558 0.0516685024
v -0.0335512944 -0.323426545 0.0581829213
v -0.0392190218 -0.325705737 0.0638928637
v -0.0380079672 -0.32197848 0.0638928637
v -0.0434384421 -0.320214033 0.0685788915
v -0.0496340245 -0.318200946 0.0720609203
v -0.05635662 -0.316016644 0.0742051452
v -0.063347891 -0.313745052 0.0749291629
v -0.0703391582 -0.311473459 0.0742051452
v -0.07706175 -0.309289157 0.0720609203
v -0.0832573399 -0.30727607 0.0685788915
v -0.0898988619 -0.309238851 0.0638928637
v 0.31242004 -0.159389436 0.00307788188
v 0.313527226 -0.161090523 0.00482919719
v 0.313506097 -0.16230005 0.0072215395
v 0.31617859 -0.1542162 0.00649580313
v 0.317093164 -0.156182423 0.00807194505
v 0.316808879 -0.157754123 0.0102249961
v 0.319472998 -0.149681821 0.0110955508
v 0.320218742 -0.151880443 0.0124359494
v 0.319703817 -0.153769597 0.0142669659
v 0.322176665 -0.145960554 0.0167003572
v 0.322783828 -0.148349896 0.0177534986
v 0.322079599 -0.150499597 0.0191921201
v 0.324185669 -0.143195421 0.023094831
v 0.324689835 -0.145726472 0.0238202475
v 0.325422794 -0.14149265 0.0300332382
v 0.325840503 -0.140917704 0.0372488797
v 0.324153423 -0.138834327 0.0372488797
v 0.323727876 -0.139420062 0.0298978779
v 0.322467536 -0.141154766 0.022829311
v 0.323727876 -0.139420077 0.0445999391
v 0.322467536 -0.141154796 0.0516684987
v 0.320420861 -0.143971786 0.0163148791
v 0.320420831 -0.143971816 0.0581829213
v 0.317666471 -0.147762865 0.0106049301
v 0.317666471 -0.147762895 0.0638928637
v 0.314310253 -0.152382299 0.00591889443
v 0.314310253 -0.152382329 0.0685788915
v 0.310481191 -0.157652572 0.00243685301
v 0.310481161 -0.157652602 0.0720609203
v 0.306326389 -0.163371161 0.000292621291
v 0.30632636 -0.16337119 0.0742051452
v 0.302005529 -0.169318303 -0.00043140346
v 0.302005529 -0.169318333 0.0749291629
v 0.297684699 -0.175265431 0.000292607001
v 0.297684669 -0.175265461 0.0742051452
v 0.293529898 -0.18098402 0.00243682438
v 0.293529898 -0.18098405 0.0720609203
v 0.289700806 -0.186254308 0.00591885392
v 0.289700806 -0.186254323 0.0685788915
v 0.286344588 -0.190873757 0.010604878
v 0.286344588 -0.190873772 0.0638928637
v 0.283590227 -0.194664836 0.0163148176
v 0.283590198 -0.194664851 0.0581829213
v 0.281543523 -0.197481871 0.0228292421
v 0.281543523 -0.197481871 0.0516684949
v 0.280283183 -0.199216589 0.0298978053
v 0.280283183 -0.199216589 0.044599928
v 0.279857606 -0.199802324 0.0372488685
v 0.277546823 -0.197228506 0.044599928
v 0.277121246 -0.197814241 0.0372488685
v 0.277546823 -0.197228506 0.0298978053
v 0.274376243 -0.194924951 0.044599928
v 0.273950666 -0.195510685 0.0372488685
v 0.275636584 -0.193190232 0.0516684949
v 0.274376243 -0.194924936 0.0298978053
v 0.278807163 -0.195493788 0.0516684949
v 0.277683258 -0.190373212 0.0581829213
v 0.278807163 -0.195493788 0.0228292421
v 0.275636584 -0.193190217 0.0228292421
v 0.280853838 -0.192676768 0.0581829213
v 0.280437648 -0.186582133 0.0638928637
v 0.280853868 -0.192676753 0.0163148176
v 0.277683288 -0.190373197 0.0163148176
v 0.283608228 -0.188885674 0.010604878
v 0.280437648 -0.186582118 0.0106048789
v 0.286964446 -0.184266239 0.00591885392
v 0.283793867 -0.181962669 0.00591885438
v 0.287622958 -0.176692382 0.00243682484
v 0.29177776 -0.170973793 0.000292607321
v 0.29609862 -0.165026665 -0.000431403139
v 0.30041945 -0.159079522 0.000292621611
v 0.304574251 -0.153360933 0.00243685348
v 0.308403313 -0.148090661 0.00591889489
v 0.314930111 -0.145774782 0.010604931
v 0.311759531 -0.143471226 0.010604931
v 0.314513922 -0.139680147 0.0163148791
v 0.316560596 -0.136863127 0.022829311
v 0.320991516 -0.137431979 0.0298978779
v 0.317820936 -0.135128424 0.0298978779
v 0.321417063 -0.136846244 0.0372488797
v 0.318246484 -0.134542689 0.0372488797
v 0.320991516 -0.137431994 0.0445999391
v 0.317820936 -0.135128438 0.0445999391
v 0.319731176 -0.139166713 0.0516684987
v 0.316560596 -0.136863142 0.0516685024
v 0.314513892 -0.139680177 0.0581829213
v 0.314930111 -0.145774812 0.0638928637
v 0.311759531 -0.143471256 0.0638928637
v 0.308403313 -0.14809069 0.0685788915
v 0.304574221 -0.153360963 0.0720609203
v 0.30041942 -0.159079552 0.0742051452
v 0.29609859 -0.165026695 0.0749291629
v 0.29177776 -0.170973822 0.0742051452
v 0.287622958 -0.176692411 0.0720609203
v 0.283793867 -0.181962684 0.0685788915
v 0.283608228 -0.188885689 0.0638928637
v 0.265415996 0.240048334 0.00307788188
v 0.267375946 0.240575671 0.00482919719
v 0.268519759 0.240181819 0.0072215395
v 0.261657417 0.24522157 0.00649580313
v 0.263810009 0.245483771 0.00807194505
v 0.265216947 0.244727731 0.0102249961
v 0.258362979 0.249755934 0.0110955508
v 0.260684431 0.249785751 0.0124359494
v 0.262322009 0.248712242 0.0142669659
v 0.255659312 0.253477186 0.0167003572
v 0.258119345 0.253316283 0.0177534986
v 0.259946197 0.251982272 0.0191921201
v 0.253650308 0.256242335 0.023094831
v 0.256213307 0.255939722 0.0238202475
v 0.252413183 0.257945091 0.0300332382
v 0.251995474 0.258520037 0.0372488797
v 0.24949272 0.257559329 0.0372488797
v 0.249918282 0.256973594 0.0298978779
v 0.251178622 0.255238891 0.022829311
v 0.249918297 0.256973594 0.0445999391
v 0.251178652 0.255238891 0.0516684987
v 0.253225297 0.252421886 0.0163148791
v 0.253225327 0.252421856 0.0581829213
v 0.255979687 0.248630807 0.0106049301
v 0.255979717 0.248630777 0.0638928637
v 0.259335905 0.244011372 0.00591889443
v 0.259335935 0.244011343 0.0685788915
v 0.263164997 0.2387411 0.00243685301
v 0.263165027 0.23874107 0.0720609203
v 0.267319798 0.233022526 0.000292621291
v 0.267319828 0.233022496 0.0742051452
v 0.271640658 0.227075383 -0.00043140346
v 0.271640688 0.227075368 0.0749291629
v 0.275961518 0.221128255 0.000292607001
v 0.275961518 0.22112824 0.0742051452
v 0.28011632 0.215409666 0.00243682438
v 0.280116349 0.215409651 0.0720609203
v 0.283945411 0.210139394 0.00591885392
v 0.283945441 0.210139379 0.0685788915
v 0.28730163 0.205519944 0.010604878
v 0.28730166 0.205519944 0.0638928637
v 0.29005602 0.201728866 0.0163148176
v 0.29005605 0.201728866 0.0581829213
v 0.292102724 0.198911846 0.0228292421
v 0.292102724 0.198911846 0.0516684949
v 0.293363065 0.197177127 0.0298978053
v 0.293363065 0.197177127 0.044599928
v 0.293788642 0.196591392 0.0372488685
v 0.290626705 0.195189044 0.044599928
v 0.291052282 0.194603309 0.0372488685
v 0.290626705 0.195189044 0.0298978053
v 0.287456155 0.192885473 0.044599928
v 0.287881702 0.192299739 0.0372488685
v 0.286195785 0.194620192 0.0516684949
v 0.287456125 0.192885488 0.0298978053
v 0.28414911 0.197437212 0.0581829213
v 0.289366364 0.196923763 0.0228292421
v 0.286195785 0.194620192 0.0228292421
v 0.28139472 0.201228291 0.0638928637
v 0.28414911 0.197437227 0.0163148176
v 0.28139472 0.201228306 0.0106048789
v 0.278038472 0.20584774 0.00591885438
v 0.27420938 0.211118028 0.00243682484
v 0.270054579 0.216836616 0.000292607321
v 0.265733719 0.222783744 -0.000431403139
v 0.261412859 0.228730872 0.000292621611
v 0.257258058 0.234449461 0.00243685348
v 0.253428966 0.239719734 0.00591889489
v 0.250072747 0.244339168 0.010604931
v 0.247318372 0.248130232 0.0163148791
v 0.245271683 0.250947237 0.022829311
v 0.244011357 0.252681941 0.0298978779
v 0.246756375 0.255571246 0.0372488797
v 0.243585795 0.253267676 0.0372488797
v 0.247181937 0.254985511 0.0445999391
v 0.244011357 0.252681941 0.0445999391
v 0.245271698 0.250947237 0.0516685024
v 0.250488967 0.250433773 0.0581829213
v 0.247318402 0.248130202 0.0581829213
v 0.250072777 0.244339138 0.0638928637
v 0.256599575 0.242023259 0.0685788915
v 0.253428996 0.239719704 0.0685788915
v 0.257258087 0.234449431 0.0720609203
v 0.261412889 0.228730842 0.0742051452
v 0.265733749 0.222783715 0.0749291629
v 0.270054609 0.216836587 0.0742051452
v 0.27737999 0.213421568 0.0720609203
v 0.27420941 0.211118013 0.0720609203
v 0.281209081 0.208151296 0.0685788915
v 0.278038502 0.205847725 0.0685788915
v -0.128997251 0.318778783 0.00307788188
v -0.128893107 0.320805788 0.00482919719
v -0.128165066 0.32177189 0.0072215395
v -0.135078743 0.3168028 0.00649580313
v -0.134662926 0.318931073 0.00807194505
v -0.133509114 0.320035517 0.0102249961
v -0.140409216 0.315070808 0.0110955508
v -0.139720201 0.317287862 0.0124359494
v -0.138193205 0.318513572 0.0142669659
v -0.144783825 0.313649416 0.0167003572
v -0.143870607 0.315939307 0.0177534986
v -0.142037332 0.317264527 0.0191921201
v -0.148034453 0.312593222 0.023094831
v -0.14489378 0.316336423 0.0248111859
v -0.146954626 0.314937264 0.0238202475
v -0.150036171 0.311942846 0.0300332382
v -0.150712058 0.311723232 0.0372488797
v -0.150571764 0.30904609 0.0372488797
v -0.149883196 0.309269816 0.0298978779
v -0.147843927 0.309932411 0.022829311
v -0.149883181 0.309269816 0.0445999391
v -0.147843897 0.309932441 0.0516684987
v -0.144532323 0.311008424 0.0163148791
v -0.144532293 0.311008424 0.0581829213
v -0.140075654 0.312456489 0.0106049301
v -0.140075609 0.312456489 0.0638928637
v -0.134645179 0.314220965 0.00591889443
v -0.134645134 0.314220965 0.0685788915
v -0.128449589 0.316234022 0.00243685301
v -0.128449544 0.316234052 0.0720609203
v -0.121726982 0.318418324 0.000292621291
v -0.121726945 0.318418354 0.0742051452
v -0.1147357 0.320689946 -0.00043140346
v -0.11473567 0.320689946 0.0749291629
v -0.107744426 0.322961539 0.000292607001
v -0.107744396 0.322961569 0.0742051452
v -0.101021819 0.325145841 0.00243682438
v -0.101021796 0.32514587 0.0720609203
v -0.0948262215 0.327158928 0.00591885392
v -0.0948262066 0.327158928 0.0685788915
v -0.0893957391 0.328923404 0.010604878
v -0.0893957242 0.328923404 0.0638928637
v -0.0849390551 0.330371469 0.0163148176
v -0.0849390477 0.330371469 0.0581829213
v -0.0816274434 0.331447482 0.0228292421
v -0.081627436 0.331447482 0.0516684949
v -0.0795881599 0.332110077 0.0298978053
v -0.0795881525 0.332110077 0.044599928
v -0.0788995773 0.332333803 0.0372488685
v -0.0785429627 0.328893304 0.044599928
v -0.077331908 0.325166047 0.0298978053
v -0.077331908 0.325166047 0.044599928
v -0.0766433254 0.325389802 0.0372488685
v -0.0793711841 0.324503452 0.0516684949
v -0.0805822387 0.328230709 0.0516684949
v -0.0826827958 0.323427439 0.0581829213
v -0.0793711916 0.324503452 0.0228292421
v -0.0826828033 0.323427439 0.0163148176
v -0.0871394873 0.321979374 0.0106048789
v -0.0925699696 0.320214897 0.00591885438
v -0.0987655669 0.31820184 0.00243682484
v -0.105488174 0.316017509 0.000292607321
v -0.112479456 0.313745916 -0.000431403139
v -0.11947073 0.311474323 0.000292621611
v -0.12619333 0.309289992 0.00243685348
v -0.13238892 0.307276934 0.00591889489
v -0.137819394 0.305512458 0.010604931
v -0.142276064 0.304064393 0.0163148791
v -0.14679873 0.306715637 0.022829311
v -0.145587668 0.30298841 0.022829311
v -0.147626936 0.302325815 0.0298978779
v -0.148315519 0.302102059 0.0372488797
v -0.147626936 0.302325815 0.0445999391
v -0.1467987 0.306715637 0.0516684987
v -0.145587653 0.30298841 0.0516685024
v -0.142276034 0.304064423 0.0581829213
v -0.137819365 0.305512488 0.0638928637
v -0.13238889 0.307276964 0.0685788915
v -0.1261933 0.309290022 0.0720609203
v -0.119470693 0.311474323 0.0742051452
v -0.112479426 0.313745916 0.0749291629
v -0.105488151 0.316017538 0.0742051452
v -0.0987655446 0.31820184 0.0720609203
v -0.0925699547 0.320214897 0.0685788915
v -0.0871394724 0.321979374 0.0638928637
v -0.305356234 -0.00201191893 0.0777261257
v -0.305463046 -0.00261764997 0.0762412027
v -0.30179289 -0.0026176523 0.0762412027
v -0.30179289 -0.0026176523 0.0352909714
v -0.298344076 -0.00136238628 0.0352909714
v -0.298651606 -0.000829714409 0.0338060483
v -0.296003729 0.00139210711 0.0338060483
v -0.305098385 -0.000549554126 0.0783412009
v -0.30860433 -0.000829709636 0.0777261257
v -0.310114682 0.0023466046 0.0783412009
v -0.30891186 -0.00136238092 0.0762412027
v -0.305463046 -0.00261764997 0.0352909714
v -0.301899701 -0.00201192079 0.0338060483
v -0.311252207 0.00139211421 0.0777261257
v -0.311585099 0.00489344355 0.0783412009
v -0.311723381 0.000996751245 0.0762412027
v -0.30891186 -0.00136238092 0.0352909714
v -0.305356234 -0.00201191893 0.0338060483
v -0.312980473 0.0043855696 0.0777261257
v -0.312095761 0.00778960111 0.0783412009
v -0.313558459 0.00417520199 0.0762412027
v -0.311723381 0.000996751245 0.0352909714
v -0.30860433 -0.000829709636 0.0338060483
v -0.313580692 0.00778960157 0.0777261257
v -0.311585099 0.0106857587 0.0783412009
v -0.314195782 0.00778960157 0.0762412027
v -0.313558459 0.00417520199 0.0352909714
v -0.311252207 0.00139211421 0.0338060483
v -0.312980473 0.0111936331 0.0777261257
v -0.310114682 0.0132325971 0.0783412009
v -0.313558459 0.0114040012 0.0762412027
v -0.314195782 0.00778960157 0.0352909714
v -0.312980473 0.0043855696 0.0338060483
v -0.311252207 0.0141870882 0.0777261257
v -0.307861865 0.0151229296 0.0783412009
v -0.305098385 0.0161287542 0.0783412009
v -0.30860433 0.016408911 0.0777261257
v -0.311723381 0.0145824514 0.0762412027
v -0.313558459 0.0114040012 0.0352909714
v -0.302157551 0.0161287561 0.0783412009
v -0.299394071 0.0151229305 0.0783412009
v -0.305356234 0.0175911188 0.0777261257
v -0.301899701 0.0175911207 0.0777261257
v -0.298651606 0.0164089128 0.0777261257
v -0.30891186 0.0169415828 0.0762412027
v -0.311723381 0.0145824514 0.0352909714
v -0.305463046 0.018196851 0.0762412027
v -0.30179289 0.018196851 0.0762412027
v -0.298344076 0.0169415846 0.0762412027
v -0.30891186 0.0169415828 0.0352909714
v -0.305463046 0.018196851 0.0352909714
v -0.30179289 0.018196851 0.0352909714
v -0.298344076 0.0169415846 0.0352909714
v -0.311252207 0.0141870882 0.0338060483
v -0.30860433 0.016408911 0.0338060483
v -0.305356234 0.0175911188 0.0338060483
v -0.301899701 0.0175911207 0.0338060483
v -0.298651606 0.0164089128 0.0338060483
v -0.295532554 0.0145824514 0.0352909714
v -0.305098385 0.0161287542 0.0331909694
v -0.296003729 0.0141870882 0.0338060483
v -0.293697476 0.0114040002 0.0352909714
v -0.294275463 0.0111936321 0.0338060483
v -0.302157551 0.0161287561 0.0331909694
v -0.297141254 0.0132325971 0.0331909694
v -0.295670837 0.0106857587 0.0331909694
v -0.293675244 0.00778960017 0.0338060483
v -0.295160174 0.00778960017 0.0331909694
v -0.294275463 0.00438556122 0.0338060483
v -0.295670837 0.0048934361 0.0331909694
v -0.297141254 0.00234659854 0.0331909694
v -0.299394071 0.000456267706 0.0331909694
v -0.302157551 -0.000549555931 0.0331909694
v -0.305098385 -0.000549554126 0.0331909694
v -0.307861865 0.000456271868 0.0331909694
v -0.310114682 0.0023466046 0.0331909694
v -0.311585099 0.00489344355 0.0331909694
v -0.313580692 0.00778960157 0.0338060483
v -0.312095761 0.00778960111 0.0331909694
v -0.312980473 0.0111936331 0.0338060483
v -0.311585099 0.0106857587 0.0331909694
v -0.310114682 0.0132325971 0.0331909694
v -0.307861865 0.0151229296 0.0331909694
v -0.0782837048 -0.300479263 0.0783412009
v -0.0751620382 -0.29885897 0.0777261257
v -0.0764731467 -0.298161834 0.0783412009
v -0.0746189579 -0.299147725 0.0762412027
v -0.0734848157 -0.295657218 0.0762412027
v -0.0734848157 -0.295657218 0.0352909714
v -0.073612906 -0.291989297 0.0352909714
v -0.0742145404 -0.292117178 0.0338060483
v -0.0755093768 -0.288912326 0.0338060483
v -0.0772901028 -0.301582754 0.0777261257
v -0.0807776749 -0.302037656 0.0783412009
v -0.0768785328 -0.302039862 0.0762412027
v -0.0746189579 -0.299147725 0.0352909714
v -0.0740939081 -0.295571595 0.0338060483
v -0.0802214146 -0.303414464 0.0777261257
v -0.0836542472 -0.302649081 0.0783412009
v -0.0799910054 -0.303984731 0.0762412027
v -0.0768785328 -0.302039862 0.0352909714
v -0.0751620382 -0.29885897 0.0338060483
v -0.083602421 -0.304133117 0.0777261257
v -0.0865664631 -0.302239805 0.0783412009
v -0.0835809559 -0.30474782 0.0762412027
v -0.0799910054 -0.303984731 0.0352909714
v -0.0772901028 -0.301582754 0.0338060483
v -0.0870253295 -0.303652048 0.0777261257
v -0.089163065 -0.300859153 0.0783412009
v -0.0872153938 -0.304237008 0.0762412027
v -0.0835809559 -0.30474782 0.0352909714
v -0.0802214146 -0.303414464 0.0338060483
v -0.0900772735 -0.302029312 0.0777261257
v -0.0911308676 -0.298673689 0.0783412009
v -0.0904559493 -0.302513987 0.0762412027
v -0.0872153938 -0.304237008 0.0352909714
v -0.083602421 -0.304133117 0.0338060483
v -0.0923901498 -0.29946059 0.0777261257
v -0.0922325253 -0.295947015 0.0783412009
v -0.0923351571 -0.29300797 0.0783412009
v -0.0936849937 -0.296255738 0.0777261257
v -0.092911765 -0.299786538 0.0762412027
v -0.0904559493 -0.302513987 0.0352909714
v -0.0914263874 -0.290211052 0.0783412009
v -0.0896158293 -0.287893653 0.0783412009
v -0.093805626 -0.292801291 0.0777261257
v -0.0927374959 -0.289513946 0.0777261257
v -0.0906094387 -0.286790133 0.0777261257
v -0.0942866281 -0.296383619 0.0762412027
v -0.092911765 -0.299786538 0.0352909714
v -0.0944147184 -0.292715698 0.0762412027
v -0.0932805762 -0.289225161 0.0762412027
v -0.0910210013 -0.286333054 0.0762412027
v -0.0942866281 -0.296383619 0.0352909714
v -0.0944147184 -0.292715698 0.0352909714
v -0.0932805762 -0.289225161 0.0352909714
v -0.0910210013 -0.286333054 0.0352909714
v -0.0923901498 -0.29946059 0.0338060483
v -0.0936849937 -0.296255738 0.0338060483
v -0.093805626 -0.292801291 0.0338060483
v -0.0927374959 -0.289513946 0.0338060483
v -0.0906094387 -0.286790133 0.0338060483
v -0.0879085362 -0.284388155 0.0352909714
v -0.0923351571 -0.29300797 0.0331909694
v -0.087678127 -0.284958452 0.0338060483
v -0.0843185782 -0.283625096 0.0352909714
v -0.0842971131 -0.284239799 0.0338060483
v -0.0914263874 -0.290211052 0.0331909694
v -0.0871218592 -0.28633526 0.0331909694
v -0.0842452943 -0.285723805 0.0331909694
v -0.0808742121 -0.284720838 0.0338060483
v -0.0813330784 -0.286133111 0.0331909694
v -0.0778222606 -0.286343604 0.0338060483
v -0.0787364691 -0.287513733 0.0331909694
v -0.0767686665 -0.289699197 0.0331909694
v -0.0756670088 -0.292425901 0.0331909694
v -0.075564377 -0.295364946 0.0331909694
v -0.0764731467 -0.298161834 0.0331909694
v -0.0782837048 -0.300479263 0.0331909694
v -0.0807776749 -0.302037656 0.0331909694
v -0.0836542472 -0.302649081 0.0331909694
v -0.0870253295 -0.303652048 0.0338060483
v -0.0865664631 -0.302239805 0.0331909694
v -0.0900772735 -0.302029312 0.0338060483
v -0.089163065 -0.300859153 0.0331909694
v -0.0911308676 -0.298673689 0.0331909694
v -0.0922325253 -0.295947015 0.0331909694
v 0.278290242 -0.171662539 0.0777261257
v 0.278732687 -0.171235278 0.0762412027
v 0.275763482 -0.169078007 0.0762412027
v 0.275763482 -0.169078007 0.0352909714
v 0.272235483 -0.168066368 0.0352909714
v 0.272171199 -0.168678075 0.0338060483
v 0.268723071 -0.168919191 0.0338060483
v 0.277222067 -0.172694057 0.0783412009
v 0.280223131 -0.174528152 0.0777261257
v 0.27957803 -0.177985594 0.0783412009
v 0.280785024 -0.174277976 0.0762412027
v 0.278732687 -0.171235278 0.0352909714
v 0.27549383 -0.16963084 0.0338060483
v 0.281059325 -0.177882016 0.0777261257
v 0.279270619 -0.180910319 0.0783412009
v 0.281672925 -0.177839115 0.0762412027
v 0.280785024 -0.174277976 0.0352909714
v 0.278290242 -0.171662539 0.0338060483
v 0.280698031 -0.181319624 0.0777261257
v 0.27798146 -0.183553532 0.0783412009
v 0.281289279 -0.18148917 0.0762412027
v 0.281672925 -0.177839115 0.0352909714
v 0.280223131 -0.174528152 0.0338060483
v 0.279182792 -0.184426352 0.0777261257
v 0.275866002 -0.185596406 0.0783412009
v 0.279680371 -0.184787884 0.0762412027
v 0.281289279 -0.18148917 0.0352909714
v 0.281059325 -0.177882016 0.0338060483
v 0.276696354 -0.186827466 0.0777261257
v 0.273179412 -0.186792552 0.0783412009
v 0.277040303 -0.187337384 0.0762412027
v 0.279680371 -0.184787884 0.0352909714
v 0.280698031 -0.181319624 0.0338060483
v 0.273538649 -0.188233376 0.0777261257
v 0.270245731 -0.186997697 0.0783412009
v 0.267418802 -0.186187088 0.0783412009
v 0.27009052 -0.188474491 0.0777261257
v 0.273687452 -0.188830182 0.0762412027
v 0.277040303 -0.187337384 0.0352909714
v 0.265039623 -0.184458509 0.0783412009
v 0.263395131 -0.182020456 0.0783412009
v 0.266767859 -0.187521741 0.0777261257
v 0.263971478 -0.185490027 0.0777261257
v 0.262038589 -0.182624429 0.0777261257
v 0.270026207 -0.189086199 0.0762412027
v 0.273687452 -0.188830182 0.0352909714
v 0.266498238 -0.188074559 0.0762412027
v 0.263529003 -0.185917303 0.0762412027
v 0.261476696 -0.182874605 0.0762412027
v 0.270026207 -0.189086199 0.0352909714
v 0.266498238 -0.188074559 0.0352909714
v 0.263529003 -0.185917303 0.0352909714
v 0.261476696 -0.182874605 0.0352909714
v 0.273538649 -0.188233376 0.0338060483
v 0.27009052 -0.188474491 0.0338060483
v 0.266767859 -0.187521741 0.0338060483
v 0.263971478 -0.185490027 0.0338060483
v 0.262038589 -0.182624429 0.0338060483
v 0.260588795 -0.179313451 0.0352909714
v 0.267418802 -0.186187088 0.0331909694
v 0.261202365 -0.179270551 0.0338060483
v 0.26097244 -0.175663412 0.0352909714
v 0.261563689 -0.175832942 0.0338060483
v 0.265039623 -0.184458509 0.0331909694
v 0.26268369 -0.179166973 0.0331909694
v 0.262991071 -0.176242247 0.0331909694
v 0.263078928 -0.172726214 0.0338060483
v 0.26428026 -0.173599035 0.0331909694
v 0.265565366 -0.1703251 0.0338060483
v 0.266395718 -0.17155616 0.0331909694
v 0.269082308 -0.170360014 0.0331909694
v 0.272015989 -0.17015487 0.0331909694
v 0.274842888 -0.170965478 0.0331909694
v 0.277222067 -0.172694057 0.0331909694
v 0.278866589 -0.175132126 0.0331909694
v 0.27957803 -0.177985594 0.0331909694
v 0.279270619 -0.180910319 0.0331909694
v 0.279182792 -0.184426352 0.0338060483
v 0.27798146 -0.183553532 0.0331909694
v 0.276696354 -0.186827466 0.0338060483
v 0.275866002 -0.185596406 0.0331909694
v 0.273179412 -0.186792552 0.0331909694
v 0.270245731 -0.186997697 0.0331909694
v 0.266541779 0.203796402 0.0777261257
v 0.266272157 0.204349235 0.0762412027
v 0.263302952 0.202191964 0.0762412027
v 0.263302952 0.202191964 0.0352909714
v 0.261250615 0.199149266 0.0352909714
v 0.261812508 0.19889909 0.0338060483
v 0.260976315 0.195545211 0.0338060483
v 0.267192751 0.202461764 0.0783412009
v 0.26986444 0.204749152 0.0777261257
v 0.272953331 0.203067228 0.0783412009
v 0.269800127 0.20536086 0.0762412027
v 0.266272157 0.204349235 0.0352909714
v 0.263745397 0.201764688 0.0338060483
v 0.273312569 0.204508051 0.0777261257
v 0.275639921 0.201871082 0.0783412009
v 0.273461372 0.205104858 0.0762412027
v 0.269800127 0.20536086 0.0352909714
v 0.266541779 0.203796402 0.0338060483
v 0.276470274 0.203102142 0.0777261257
v 0.27775538 0.199828207 0.0783412009
v 0.276814222 0.203612059 0.0762412027
v 0.273461372 0.205104858 0.0352909714
v 0.26986444 0.204749152 0.0338060483
v 0.278956711 0.200701028 0.0777261257
v 0.279044569 0.19718501 0.0783412009
v 0.279454321 0.20106256 0.0762412027
v 0.276814222 0.203612059 0.0352909714
v 0.273312569 0.204508051 0.0338060483
v 0.280471951 0.197594315 0.0777261257
v 0.27935195 0.194260284 0.0783412009
v 0.281063199 0.197763845 0.0762412027
v 0.279454321 0.20106256 0.0352909714
v 0.276470274 0.203102142 0.0338060483
v 0.280833274 0.194156691 0.0777261257
v 0.278640509 0.191406801 0.0783412009
v 0.276996017 0.188968733 0.0783412009
v 0.279997051 0.190802827 0.0777261257
v 0.281446844 0.194113791 0.0762412027
v 0.281063199 0.197763845 0.0352909714
v 0.274616838 0.187240154 0.0783412009
v 0.271789908 0.186429545 0.0783412009
v 0.278064191 0.187937215 0.0777261257
v 0.27526778 0.185905501 0.0777261257
v 0.271945149 0.184952751 0.0777261257
v 0.280558974 0.190552652 0.0762412027
v 0.281446844 0.194113791 0.0352909714
v 0.278506637 0.187509954 0.0762412027
v 0.275537431 0.185352683 0.0762412027
v 0.272009432 0.184341043 0.0762412027
v 0.280558974 0.190552652 0.0352909714
v 0.278506637 0.187509954 0.0352909714
v 0.275537431 0.185352683 0.0352909714
v 0.272009432 0.184341043 0.0352909714
v 0.280833274 0.194156691 0.0338060483
v 0.279997051 0.190802827 0.0338060483
v 0.278064191 0.187937215 0.0338060483
v 0.27526778 0.185905501 0.0338060483
v 0.271945149 0.184952751 0.0338060483
v 0.268348217 0.18459706 0.0352909714
v 0.276996017 0.188968733 0.0331909694
v 0.26849702 0.185193866 0.0338060483
v 0.264995366 0.186089844 0.0352909714
v 0.265339285 0.186599761 0.0338060483
v 0.274616838 0.187240154 0.0331909694
v 0.268856257 0.186634675 0.0331909694
v 0.266169667 0.187830821 0.0331909694
v 0.262852877 0.189000875 0.0338060483
v 0.264054179 0.189873695 0.0331909694
v 0.261337608 0.192107603 0.0338060483
v 0.26276502 0.192516908 0.0331909694
v 0.262457609 0.195441633 0.0331909694
v 0.26316905 0.198295116 0.0331909694
v 0.264813542 0.200733185 0.0331909694
v 0.267192751 0.202461764 0.0331909694
v 0.27001965 0.203272372 0.0331909694
v 0.272953331 0.203067228 0.0331909694
v 0.275639921 0.201871082 0.0331909694
v 0.278956711 0.200701028 0.0338060483
v 0.27775538 0.199828207 0.0331909694
v 0.280471951 0.197594315 0.0338060483
v 0.279044569 0.19718501 0.0331909694
v 0.27935195 0.194260284 0.0331909694
v 0.278640509 0.191406801 0.0331909694
v -0.0941717327 0.308647007 0.0777261257
v -0.0947808176 0.308561385 0.0762412027
v -0.0936466828 0.305070877 0.0762412027
v -0.0936466828 0.305070877 0.0352909714
v -0.091387108 0.302178741 0.0352909714
v -0.0909755379 0.302635819 0.0338060483
v -0.0880442187 0.300804138 0.0338060483
v -0.0927012563 0.308853656 0.0783412009
v -0.0940511003 0.312101424 0.0777261257
v -0.0914969668 0.314519405 0.0783412009
v -0.0946527347 0.312229306 0.0762412027
v -0.0947808176 0.308561385 0.0352909714
v -0.0931036025 0.305359632 0.0338060483
v -0.092756249 0.315306276 0.0777261257
v -0.0895291567 0.316704869 0.0783412009
v -0.0932778642 0.315632224 0.0762412027
v -0.0946527347 0.312229306 0.0352909714
v -0.0941717327 0.308647007 0.0338060483
v -0.0904433727 0.317874998 0.0777261257
v -0.0869325548 0.318085521 0.0783412009
v -0.0908220485 0.318359703 0.0762412027
v -0.0932778642 0.315632224 0.0352909714
v -0.0940511003 0.312101424 0.0338060483
v -0.0873914212 0.319497764 0.0777261257
v -0.084020339 0.318494797 0.0783412009
v -0.087581493 0.320082724 0.0762412027
v -0.0908220485 0.318359703 0.0352909714
v -0.092756249 0.315306276 0.0338060483
v -0.0839685127 0.319978803 0.0777261257
v -0.0811437666 0.317883372 0.0783412009
v -0.0839470476 0.320593506 0.0762412027
v -0.087581493 0.320082724 0.0352909714
v -0.0904433727 0.317874998 0.0338060483
v -0.0805875063 0.31926015 0.0777261257
v -0.0786497965 0.316324949 0.0783412009
v -0.076839231 0.31400755 0.0783412009
v -0.0776561871 0.31742847 0.0777261257
v -0.0803570896 0.319830447 0.0762412027
v -0.0839470476 0.320593506 0.0352909714
v -0.0759304613 0.311210632 0.0783412009
v -0.076033093 0.308271587 0.0783412009
v -0.0755281225 0.314704686 0.0777261257
v -0.0744599923 0.311417311 0.0777261257
v -0.0745806247 0.307962865 0.0777261257
v -0.077244617 0.317885548 0.0762412027
v -0.0803570896 0.319830447 0.0352909714
v -0.0749850422 0.314993441 0.0762412027
v -0.0738508999 0.311502904 0.0762412027
v -0.0739789829 0.307834983 0.0762412027
v -0.077244617 0.317885548 0.0352909714
v -0.0749850422 0.314993441 0.0352909714
v -0.0738508999 0.311502904 0.0352909714
v -0.0739789829 0.307834983 0.0352909714
v -0.0805875063 0.31926015 0.0338060483
v -0.0776561871 0.31742847 0.0338060483
v -0.0755281225 0.314704686 0.0338060483
v -0.0744599923 0.311417311 0.0338060483
v -0.0745806247 0.307962865 0.0338060483
v -0.0753538534 0.304432064 0.0352909714
v -0.076839231 0.31400755 0.0331909694
v -0.0758754686 0.304758012 0.0338060483
v -0.0778096691 0.301704615 0.0352909714
v -0.0781883448 0.302189291 0.0338060483
v -0.0759304613 0.311210632 0.0331909694
v -0.0771347508 0.305544883 0.0331909694
v -0.0791025609 0.303359419 0.0331909694
v -0.0812402964 0.300566554 0.0338060483
v -0.0816991627 0.301978797 0.0331909694
v -0.0846632123 0.300085485 0.0338060483
v -0.0846113861 0.301569492 0.0331909694
v -0.0874879584 0.302180946 0.0331909694
v -0.0899819285 0.303739339 0.0331909694
v -0.0917924866 0.306056768 0.0331909694
v -0.0927012563 0.308853656 0.0331909694
v -0.0925986245 0.311792701 0.0331909694
v -0.0914969668 0.314519405 0.0331909694
v -0.0895291567 0.316704869 0.0331909694
v -0.0873914212 0.319497764 0.0338060483
v -0.0869325548 0.318085521 0.0331909694
v -0.0839685127 0.319978803 0.0338060483
v -0.084020339 0.318494797 0.0331909694
v -0.0811437666 0.317883372 0.0331909694
v -0.0786497965 0.316324949 0.0331909694
v -0.290387005 -0.0548041649 0.0445999391
v -0.290387005 -0.0309132356 0.039847739
v -0.290387005 -0.0311692022 0.0372488834
v -0.290387005 -0.05265994 0.0516685024
v -0.290387005 -0.0555281825 0.0372488797
v -0.290387005 -0.0301551782 0.0423467234
v -0.290387005 -0.0309132431 0.0346500501
v -0.290387005 -0.0491779074 0.058182925
v -0.290387005 -0.0548041761 0.0298978779
v -0.290387005 -0.0289241597 0.0446497984
v -0.290387005 -0.0301551856 0.0321510658
v -0.290387005 -0.0444918834 0.0638928637
v -0.290387005 -0.0526599623 0.022829311
v -0.290387005 -0.0272674859 0.0466684625
v -0.290387005 -0.0289241709 0.029847987
v -0.290387005 -0.0387819409 0.0685788915
v -0.290387005 -0.0491779409 0.0163148809
v -0.290387005 -0.0252488218 0.0483251363
v -0.290387005 -0.0272674989 0.0278293192
v -0.290387005 -0.0322675183 0.0720609203
v -0.290387005 -0.0444919169 0.010604932
v -0.290387005 -0.0229457468 0.0495561585
v -0.290387005 -0.0252488349 0.0261726454
v -0.290387005 -0.0251989588 0.0742051452
v -0.290387005 -0.0387819819 0.00591889583
v -0.290387005 -0.0204467643 0.0503142141
v -0.290387005 -0.0229457617 0.0249416213
v -0.290387005 -0.0178479031 0.0749291629
v -0.290387005 -0.0322675593 0.00243685464
v -0.290387005 -0.0178479087 0.0505701788
v -0.290387005 -0.0204467773 0.0241835583
v -0.290387005 -0.0104968455 0.0742051452
v -0.290387005 -0.0251989979 0.000292622746
v -0.290387005 -0.0152490539 0.0503142141
v -0.290387005 -0.0178479217 0.0239275899
v -0.290387005 -0.00342828571 0.0720609203
v -0.290387005 -0.0178479366 -0.000431402033
v -0.290387005 -0.0127500715 0.0495561548
v -0.290387005 -0.0152490642 0.0241835546
v -0.290387005 0.00308614084 0.0685788915
v -0.290387005 -0.0104968743 0.000292608427
v -0.290387005 -0.0104469946 0.0483251363
v -0.290387005 -0.0127500799 0.0249416083
v -0.290387005 0.00879608188 0.0638928637
v -0.290387005 -0.00342830829 0.00243682601
v -0.290387005 -0.00842833053 0.0466684625
v -0.290387005 -0.010447002 0.0261726286
v -0.290387005 0.0134821115 0.0581829213
v -0.290387005 0.00308612175 0.00591885531
v -0.290387005 -0.00677165668 0.0446497984
v -0.290387005 -0.00842833705 0.0278293006
v -0.290387005 0.016964145 0.0516684949
v -0.290387005 0.00879606791 0.0106048798
v -0.290387005 -0.0055406373 0.0423467234
v -0.290387005 -0.00677165901 0.0298479646
v -0.290387005 0.0191083681 0.0445999317
v -0.290387005 0.0134820994 0.0163148195
v -0.290387005 -0.00478257844 0.039847739
v -0.290387005 -0.00554063963 0.0321510397
v -0.290387005 0.019832382 0.0372488685
v -0.290387005 0.0169641338 0.0228292439
v -0.290387005 -0.00452661468 0.0372488797
v -0.290387005 -0.00478258077 0.034650024
v -0.290387005 0.0191083625 0.0298978072
v -0.0203279015 -0.300936043 0.0445999391
v -0.0430495143 -0.293553352 0.039847739
v -0.0428060777 -0.293632448 0.0372488834
v -0.0223671794 -0.300273448 0.0516685024
v -0.0196393188 -0.301159799 0.0372488797
v -0.0437704697 -0.293319106 0.0423467234
v -0.0430495068 -0.293553352 0.0346500501
v -0.0256787874 -0.299197435 0.058182925
v -0.0203278884 -0.300936073 0.0298978779
v -0.0449412391 -0.292938709 0.0446497984
v -0.0437704623 -0.293319106 0.0321510658
v -0.0301354602 -0.2977494 0.0638928637
v -0.0223671552 -0.300273448 0.022829311
v -0.0465168282 -0.292426765 0.0466684625
v -0.0449412242 -0.292938709 0.029847987
v -0.0355659351 -0.295984924 0.0685788915
v -0.0256787557 -0.299197465 0.0163148809
v -0.0484366901 -0.291802973 0.0483251363
v -0.0465168133 -0.292426765 0.0278293192
v -0.0417615138 -0.293971866 0.0720609203
v -0.0301354267 -0.2977494 0.010604932
v -0.0506270416 -0.291091263 0.0495561585
v -0.0484366752 -0.291802973 0.0261726454
v -0.0484841131 -0.291787565 0.0742051452
v -0.0355658978 -0.295984924 0.00591889583
v -0.0530037172 -0.290319055 0.0503142141
v -0.0506270304 -0.291091263 0.0249416213
v -0.0554753803 -0.289515942 0.0749291629
v -0.0417614765 -0.293971866 0.00243685464
v -0.0554753728 -0.289515942 0.0505701788
v -0.0530037023 -0.290319055 0.0241835583
v -0.0624666475 -0.28724435 0.0742051452
v -0.0484840758 -0.291787565 0.000292622746
v -0.0579470284 -0.288712859 0.0503142141
v -0.0554753616 -0.289515942 0.0239275899
v -0.069189243 -0.285060048 0.0720609203
v -0.0554753467 -0.289515972 -0.000431402033
v -0.060323704 -0.287940621 0.0495561548
v -0.057947021 -0.288712859 0.0241835546
v -0.0753848329 -0.283046991 0.0685788915
v -0.0624666214 -0.28724435 0.000292608427
v -0.0625140592 -0.287228942 0.0483251363
v -0.0603236929 -0.287940651 0.0249416083
v -0.0808153078 -0.281282514 0.0638928637
v -0.0691892207 -0.285060048 0.00243682601
v -0.0644339174 -0.28660515 0.0466684625
v -0.0625140518 -0.287228942 0.0261726286
v -0.0852719843 -0.279834449 0.0581829213
v -0.0753848106 -0.283046991 0.00591885531
v -0.066009514 -0.286093205 0.0446497984
v -0.0644339174 -0.28660515 0.0278293006
v -0.0885835886 -0.278758436 0.0516684949
v -0.0808152929 -0.281282514 0.0106048798
v -0.0671802759 -0.285712808 0.0423467234
v -0.0660095066 -0.286093205 0.0298479646
v -0.0906228647 -0.278095841 0.0445999317
v -0.0852719694 -0.279834449 0.0163148195
v -0.0679012388 -0.285478532 0.039847739
v -0.0671802759 -0.285712808 0.0321510397
v -0.0913114473 -0.277872115 0.0372488685
v -0.0885835811 -0.278758436 0.0228292439
v -0.0681446716 -0.285399437 0.0372488797
v -0.0679012313 -0.285478562 0.034650024
v -0.0906228647 -0.278095841 0.0298978072
v 0.297210425 -0.120154023 0.0445999391
v 0.28316769 -0.1394822 0.039847739
v 0.283318132 -0.139275119 0.0372488834
v 0.295950055 -0.121888742 0.0516685024
v 0.297635972 -0.119568281 0.0372488797
v 0.282722116 -0.140095472 0.0423467234
v 0.28316769 -0.139482185 0.0346500501
v 0.293903381 -0.124705762 0.058182925
v 0.297210425 -0.120154016 0.0298978779
v 0.281998515 -0.141091391 0.0446497984
v 0.282722116 -0.140095472 0.0321510658
v 0.29114902 -0.128496841 0.0638928637
v 0.295950085 -0.121888719 0.022829311
v 0.281024754 -0.142431676 0.0466684625
v 0.281998545 -0.141091377 0.029847987
v 0.287792802 -0.133116275 0.0685788915
v 0.29390341 -0.124705739 0.0163148809
v 0.279838204 -0.144064799 0.0483251363
v 0.281024754 -0.142431661 0.0278293192
v 0.28396371 -0.138386562 0.0720609203
v 0.29114902 -0.128496811 0.010604932
v 0.278484493 -0.145928025 0.0495561585
v 0.279838234 -0.144064799 0.0261726454
v 0.279808909 -0.144105151 0.0742051452
v 0.287792802 -0.133116245 0.00591889583
v 0.277015626 -0.147949755 0.0503142141
v 0.278484523 -0.145928025 0.0249416213
v 0.275488079 -0.150052279 0.0749291629
v 0.28396374 -0.138386518 0.00243685464
v 0.275488079 -0.150052264 0.0505701788
v 0.277015656 -0.14794974 0.0241835583
v 0.271167219 -0.155999407 0.0742051452
v 0.279808939 -0.144105107 0.000292622746
v 0.273960501 -0.152154788 0.0503142141
v 0.275488079 -0.150052264 0.0239275899
v 0.267012447 -0.161717996 0.0720609203
v 0.275488079 -0.150052249 -0.000431402033
v 0.272491634 -0.154176503 0.0495561548
v 0.273960501 -0.152154773 0.0241835546
v 0.263183355 -0.166988283 0.0685788915
v 0.271167248 -0.155999377 0.000292608427
v 0.271137923 -0.156039745 0.0483251363
v 0.272491634 -0.154176503 0.0249416083
v 0.259827137 -0.171607718 0.0638928637
v 0.267012447 -0.161717981 0.00243682601
v 0.269951373 -0.157672867 0.0466684625
v 0.271137923 -0.15603973 0.0261726286
v 0.257072747 -0.175398797 0.0581829213
v 0.263183355 -0.166988268 0.00591885531
v 0.268977612 -0.159013152 0.0446497984
v 0.269951373 -0.157672867 0.0278293006
v 0.255026072 -0.178215817 0.0516684949
v 0.259827137 -0.171607703 0.0106048798
v 0.268254042 -0.160009071 0.0423467234
v 0.268977612 -0.159013152 0.0298479646
v 0.253765732 -0.179950535 0.0445999317
v 0.257072747 -0.175398782 0.0163148195
v 0.267808467 -0.160622343 0.039847739
v 0.268254042 -0.160009056 0.0321510397
v 0.253340155 -0.18053627 0.0372488685
v 0.255026072 -0.178215817 0.0228292439
v 0.267658025 -0.160829425 0.0372488797
v 0.267808467 -0.160622343 0.034650024
v 0.253765732 -0.179950535 0.0298978072
v 0.223400861 0.237707496 0.0445999391
v 0.237443626 0.218379334 0.039847739
v 0.237293169 0.218586415 0.0372488834
v 0.224661201 0.235972792 0.0516685024
v 0.222975284 0.238293245 0.0372488797
v 0.2378892 0.217766061 0.0423467234
v 0.237443611 0.218379349 0.0346500501
v 0.226707891 0.233155772 0.058182925
v 0.223400846 0.237707511 0.0298978779
v 0.238612771 0.216770142 0.0446497984
v 0.237889186 0.217766061 0.0321510658
v 0.229462281 0.229364693 0.0638928637
v 0.224661186 0.235972807 0.022829311
v 0.239586547 0.215429872 0.0466684625
v 0.238612771 0.216770157 0.029847987
v 0.232818499 0.224745259 0.0685788915
v 0.226707876 0.233155787 0.0163148809
v 0.240773082 0.213796735 0.0483251363
v 0.239586532 0.215429872 0.0278293192
v 0.236647591 0.219474986 0.0720609203
v 0.229462251 0.229364723 0.010604932
v 0.242126808 0.211933509 0.0495561585
v 0.240773082 0.21379675 0.0261726454
v 0.240802392 0.213756397 0.0742051452
v 0.232818484 0.224745288 0.00591889583
v 0.243595675 0.209911793 0.0503142141
v 0.242126793 0.211933523 0.0249416213
v 0.245123252 0.207809269 0.0749291629
v 0.236647561 0.219475016 0.00243685464
v 0.245123237 0.207809269 0.0505701788
v 0.24359566 0.209911808 0.0241835583
v 0.249444097 0.201862141 0.0742051452
v 0.240802377 0.213756427 0.000292622746
v 0.246650815 0.20570676 0.0503142141
v 0.245123237 0.207809284 0.0239275899
v 0.253598899 0.196143568 0.0720609203
v 0.245123222 0.207809299 -0.000431402033
v 0.248119682 0.203685045 0.0495561548
v 0.2466508 0.20570676 0.0241835546
v 0.25742799 0.19087328 0.0685788915
v 0.249444082 0.201862171 0.000292608427
v 0.249473393 0.201821819 0.0483251363
v 0.248119682 0.203685045 0.0249416083
v 0.260784209 0.186253846 0.0638928637
v 0.253598899 0.196143582 0.00243682601
v 0.250659943 0.200188681 0.0466684625
v 0.249473393 0.201821819 0.0261726286
v 0.263538599 0.182462767 0.0581829213
v 0.25742799 0.190873295 0.00591885531
v 0.251633704 0.198848397 0.0446497984
v 0.250659943 0.200188681 0.0278293006
v 0.265585303 0.179645747 0.0516684949
v 0.260784209 0.186253861 0.0106048798
v 0.252357274 0.197852492 0.0423467234
v 0.251633704 0.198848411 0.0298479646
v 0.266845644 0.177911028 0.0445999317
v 0.263538599 0.182462782 0.0163148195
v 0.252802879 0.197239205 0.039847739
v 0.252357274 0.197852492 0.0321510397
v 0.267271221 0.177325293 0.0372488685
v 0.265585303 0.179645762 0.0228292439
v 0.252953321 0.197032124 0.0372488797
v 0.252802879 0.197239205 0.034650024
v 0.266845644 0.177911043 0.0298978072
v -0.139754415 0.278096676 0.0445999391
v -0.117032774 0.285479397 0.039847739
v -0.117276214 0.285400301 0.0372488834
v -0.137715131 0.278759301 0.0516685024
v -0.140442997 0.27787295 0.0372488797
v -0.116311818 0.285713643 0.0423467234
v -0.117032781 0.285479397 0.0346500501
v -0.134403512 0.279835284 0.058182925
v -0.139754415 0.278096676 0.0298978779
v -0.115141049 0.28609404 0.0446497984
v -0.116311826 0.285713643 0.0321510658
v -0.129946843 0.281283349 0.0638928637
v -0.137715146 0.278759271 0.022829311
v -0.11356546 0.286605984 0.0466684625
v -0.115141056 0.28609404 0.029847987
v -0.12451636 0.283047825 0.0685788915
v -0.134403542 0.279835284 0.0163148809
v -0.111645594 0.287229806 0.0483251363
v -0.113565467 0.286605984 0.0278293192
v -0.118320778 0.285060912 0.0720609203
v -0.129946873 0.281283349 0.010604932
v -0.109455235 0.287941486 0.0495561585
v -0.111645609 0.287229776 0.0261726454
v -0.111598171 0.287245214 0.0742051452
v -0.124516398 0.283047825 0.00591889583
v -0.107078567 0.288713723 0.0503142141
v -0.10945525 0.287941486 0.0249416213
v -0.104606897 0.289516807 0.0749291629
v -0.118320815 0.285060883 0.00243685464
v -0.104606904 0.289516807 0.0505701788
v -0.107078575 0.288713723 0.0241835583
v -0.0976156294 0.291788429 0.0742051452
v -0.111598209 0.287245184 0.000292622746
v -0.102135248 0.29031989 0.0503142141
v -0.104606919 0.289516807 0.0239275899
v -0.0908930227 0.293972731 0.0720609203
v -0.104606934 0.289516807 -0.000431402033
v -0.0997585729 0.291092128 0.0495561548
v -0.102135256 0.29031989 0.0241835546
v -0.0846974328 0.295985788 0.0685788915
v -0.0976156518 0.291788399 0.000292608427
v -0.0975682139 0.291803807 0.0483251363
v -0.0997585803 0.291092128 0.0249416083
v -0.0792669505 0.297750264 0.0638928637
v -0.0908930451 0.293972701 0.00243682601
v -0.0956483483 0.292427629 0.0466684625
v -0.0975682214 0.291803807 0.0261726286
v -0.0748102739 0.299198329 0.0581829213
v -0.0846974477 0.295985788 0.00591885531
v -0.0940727592 0.292939574 0.0446497984
v -0.0956483558 0.292427629 0.0278293006
v -0.0714986622 0.300274342 0.0516684949
v -0.0792669654 0.297750264 0.0106048798
v -0.0929019898 0.29331997 0.0423467234
v -0.0940727592 0.292939544 0.0298479646
v -0.0694593787 0.300936937 0.0445999317
v -0.0748102814 0.299198329 0.0163148195
v -0.0921810344 0.293554217 0.039847739
v -0.0929019898 0.29331997 0.0321510397
v -0.0687708035 0.301160663 0.0372488685
v -0.0714986697 0.300274342 0.0228292439
v -0.0919375941 0.293633312 0.0372488797
v -0.0921810344 0.293554217 0.034650024
v -0.0694593862 0.300936937 0.0298978072
v -0.314815193 -0.0527646318 0.0378306769
v -0.314815193 -0.0520937182 0.0446425937
v -0.313017786 -0.051556062 0.0445356481
v -0.313017786 -0.0496002957 0.0509829484
v -0.313017786 -0.0522164442 0.0378306769
v -0.314814925 -0.0520984344 0.0310428906
v -0.313018084 -0.0515504219 0.0310968645
v -0.314815193 -0.0501067564 0.0511927307
v -0.313017786 -0.0464242995 0.0569248162
v -0.314815193 -0.0468800999 0.0572293736
v -0.313017786 -0.0421501286 0.0621329024
v -0.314815193 -0.0425377563 0.0625205338
v -0.313017786 -0.0369420387 0.066407077
v -0.314815193 -0.0372465961 0.0668628812
v -0.313017786 -0.0310001727 0.0695830733
v -0.314815193 -0.031209955 0.0700895339
v -0.313017786 -0.0245528705 0.0715388358
v -0.314815193 -0.024659818 0.072076492
v -0.313017786 -0.0178479031 0.072199218
v -0.314815193 -0.0178479031 0.0727474093
v -0.313017786 -0.0111429337 0.0715388358
v -0.314815193 -0.0110359872 0.072076492
v -0.313017786 -0.00469563343 0.0695830733
v -0.314815193 -0.00448585069 0.0700895265
v -0.313017786 0.00124623743 0.066407077
v -0.314815193 0.00155079435 0.0668628812
v -0.313017786 0.00645432808 0.0621329024
v -0.314815193 0.00684195617 0.0625205338
v -0.313017786 0.0107284999 0.0569248125
v -0.314815193 0.0111843031 0.0572293699
v -0.313017786 0.0139044961 0.0509829409
v -0.314815193 0.0144109549 0.0511927232
v -0.313017786 0.0158602633 0.0445356369
v -0.314815193 0.0163979176 0.0446425825
v -0.313017786 0.0165206436 0.0378306657
v -0.314815193 0.0170688331 0.0378306657
v -0.313018084 0.0158546101 0.0310967974
v -0.314814925 0.0164026208 0.0310428236
v -0.0298163295 -0.323538393 0.0378306769
v -0.0304544084 -0.323331058 0.0446425937
v -0.0304103158 -0.321455479 0.0445356481
v -0.0322703607 -0.320851117 0.0509829484
v -0.0297822542 -0.321659535 0.0378306769
v -0.0304498393 -0.32333225 0.0310428906
v -0.0304157771 -0.321454018 0.0310968645
v -0.0323441215 -0.322717071 0.0511927307
v -0.0352909118 -0.319869667 0.0569248162
v -0.0354128517 -0.321719974 0.0572293736
v -0.0393558852 -0.318548888 0.0621329024
v -0.0395426638 -0.320378125 0.0625205338
v -0.0443090722 -0.316939503 0.066407077
v -0.0445748568 -0.31874305 0.0668628812
v -0.0499601215 -0.315103352 0.0695830733
v -0.0503160395 -0.316877633 0.0700895339
v -0.0560918674 -0.313111037 0.0715388358
v -0.0565455854 -0.314853519 0.072076492
v -0.0624686666 -0.31103909 0.072199218
v -0.0630241036 -0.312748551 0.0727474093
v -0.0688454732 -0.308967143 0.0715388358
v -0.0695026144 -0.310643554 0.072076492
v -0.0749772117 -0.306974828 0.0695830733
v -0.0757321641 -0.30861944 0.0700895265
v -0.0806282684 -0.305138677 0.066407077
v -0.0814733505 -0.306754023 0.0668628812
v -0.0855814517 -0.303529292 0.0621329024
v -0.0865055397 -0.305118948 0.0625205338
v -0.0896464288 -0.302208513 0.0569248125
v -0.0906353593 -0.303777099 0.0572293699
v -0.0926669836 -0.301227063 0.0509829409
v -0.0937040821 -0.302780002 0.0511927232
v -0.0945270211 -0.300622702 0.0445356369
v -0.0955937952 -0.302166015 0.0446425825
v -0.0951550826 -0.300418615 0.0378306657
v -0.0962318704 -0.30195868 0.0378306657
v -0.094521746 -0.300624758 0.0310967974
v -0.095598191 -0.302164286 0.0310428236
v 0.315774441 -0.136162579 0.0378306769
v 0.315380067 -0.136705354 0.0446425937
v 0.313609898 -0.136083841 0.0445356481
v 0.312460333 -0.137666091 0.0509829484
v 0.313998073 -0.135549575 0.0378306769
v 0.31538263 -0.13670139 0.0310428906
v 0.313606858 -0.13608858 0.0310968645
v 0.314212173 -0.138312846 0.0511927307
v 0.310593516 -0.140235513 0.0569248162
v 0.312315583 -0.140923262 0.0572293736
v 0.308081239 -0.143693402 0.0621329024
v 0.309763223 -0.1444363 0.0625205338
v 0.305020005 -0.14790684 0.066407077
v 0.306653172 -0.148716941 0.0668628812
v 0.30152747 -0.15271391 0.0695830733
v 0.303104907 -0.153600678 0.0700895339
v 0.297737837 -0.157929882 0.0715388358
v 0.299254835 -0.158899859 0.072076492
v 0.293796748 -0.163354322 0.072199218
v 0.295250893 -0.164410815 0.0727474093
v 0.289855659 -0.168778747 0.0715388358
v 0.291246951 -0.169921771 0.072076492
v 0.286066055 -0.173994735 0.0695830733
v 0.287396878 -0.175220951 0.0700895265
v 0.282573491 -0.178801805 0.066407077
v 0.283848614 -0.180104703 0.0668628812
v 0.279512256 -0.183015242 0.0621329024
v 0.280738562 -0.184385329 0.0625205338
v 0.27699995 -0.186473116 0.0569248125
v 0.278186202 -0.187898368 0.0572293699
v 0.275133163 -0.189042553 0.0509829409
v 0.276289612 -0.190508783 0.0511927232
v 0.273983598 -0.190624803 0.0445356369
v 0.275121719 -0.192116275 0.0446425825
v 0.273595423 -0.191159055 0.0378306657
v 0.274727345 -0.19265905 0.0378306657
v 0.273987174 -0.190620422 0.0310967974
v 0.275118738 -0.192119926 0.0310428236
v 0.244362488 0.25041604 0.0378306769
v 0.244756848 0.249873251 0.0446425937
v 0.243618727 0.248381779 0.0445356481
v 0.244768292 0.246799529 0.0509829484
v 0.243230551 0.248916045 0.0378306769
v 0.244753852 0.249876916 0.0310428906
v 0.243622288 0.248377413 0.0310968645
v 0.245924756 0.248265773 0.0511927307
v 0.246635109 0.244230106 0.0569248162
v 0.247821331 0.245655358 0.0572293736
v 0.2491474 0.240772232 0.0621329024
v 0.250373721 0.24214232 0.0625205338
v 0.25220865 0.236558795 0.066407077
v 0.253483772 0.237861693 0.0668628812
v 0.255701214 0.231751725 0.0695830733
v 0.257032037 0.232977942 0.0700895339
v 0.259490848 0.226535752 0.0715388358
v 0.260882109 0.227678776 0.072076492
v 0.263431937 0.221111327 0.072199218
v 0.264886081 0.22216782 0.0727474093
v 0.267373025 0.215686888 0.0715388358
v 0.268890023 0.216656864 0.072076492
v 0.271162659 0.210470915 0.0695830733
v 0.272740096 0.211357698 0.0700895265
v 0.274655193 0.205663845 0.066407077
v 0.27628836 0.206473961 0.0668628812
v 0.277716458 0.201450422 0.0621329024
v 0.279398441 0.20219332 0.0625205338
v 0.280228734 0.197992533 0.0569248125
v 0.281950802 0.198680282 0.0572293699
v 0.282095551 0.195423111 0.0509829409
v 0.283847392 0.196069866 0.0511927232
v 0.283245116 0.193840861 0.0445356369
v 0.285015285 0.194462389 0.0446425825
v 0.283633292 0.193306595 0.0378306657
v 0.285409659 0.193919599 0.037830662
v 0.283242047 0.193845615 0.0310967974
v 0.285017848 0.194458425 0.0310428236
v -0.145363435 0.301959544 0.0378306769
v -0.144725353 0.302166849 0.0446425937
v -0.143658578 0.300623566 0.0445356444
v -0.141798526 0.301227927 0.0509829484
v -0.144286633 0.30041948 0.0378306769
v -0.144729748 0.302165151 0.0310428888
v -0.143653303 0.300625592 0.0310968626
v -0.142835632 0.302780867 0.0511927307
v -0.138777971 0.302209347 0.0569248162
v -0.139766902 0.303777963 0.0572293736
v -0.134712994 0.303530157 0.0621329024
v -0.13563709 0.305119812 0.0625205338
v -0.129759803 0.305139542 0.066407077
v -0.130604893 0.306754887 0.0668628812
v -0.124108754 0.306975693 0.0695830733
v -0.124863707 0.308620304 0.0700895339
v -0.117977008 0.308968008 0.0715388358
v -0.118634149 0.310644418 0.072076492
v -0.111600198 0.311039954 0.072199218
v -0.112155631 0.312749416 0.0727474093
v -0.105223395 0.313111931 0.0715388358
v -0.105677113 0.314854413 0.072076492
v -0.0990916416 0.315104246 0.0695830733
v -0.0994475633 0.316878527 0.0700895265
v -0.0934405848 0.316940397 0.066407077
v -0.0937063694 0.318743944 0.0668628812
v -0.0884873942 0.318549782 0.0621329024
v -0.0886741728 0.320379019 0.0625205338
v -0.0844224095 0.319870561 0.0569248125
v -0.0845443532 0.321720868 0.0572293699
v -0.0814018622 0.320852011 0.0509829409
v -0.081475623 0.322717965 0.0511927269
v -0.0795418099 0.321456373 0.0445356369
v -0.0795859098 0.323331952 0.0446425863
v -0.0789137557 0.321660429 0.0378306657
v -0.0789478272 0.323539287 0.0378306657
v -0.079547286 0.321454912 0.0310967993
v -0.0795813501 0.323333174 0.0310428236
v -0.314535409 -0.0531216748 0.0448470674
v -0.314815193 -0.0520937182 0.0446425937
v -0.314815193 -0.0527646318 0.0378306769
v -0.314535409 -0.0510750711 0.0515938215
v -0.314815193 -0.0501067564 0.0511927307
v -0.314535409 -0.0538127311 0.0378306769
v -0.314814925 -0.0520984344 0.0310428906
v -0.314534485 -0.0531305335 0.0308620092
v -0.313708574 -0.0547462851 0.0378306769
v -0.313707054 -0.0540503412 0.0307134185
v -0.313708574 -0.0540372953 0.0450291932
v -0.313708574 -0.0519375615 0.0519510768
v -0.314535409 -0.0477515608 0.0578116663
v -0.314815193 -0.0468800999 0.0572293736
v -0.313708574 -0.0485277846 0.0583303198
v -0.314535409 -0.0432788767 0.0632616505
v -0.314815193 -0.0425377563 0.0625205338
v -0.313708574 -0.0439389981 0.0639217719
v -0.314535409 -0.0378288887 0.0677343383
v -0.314815193 -0.0372465961 0.0668628812
v -0.313708574 -0.0383475423 0.0685105622
v -0.314535409 -0.031611044 0.0710578486
v -0.314815193 -0.031209955 0.0700895339
v -0.313708574 -0.0319682993 0.0719203353
v -0.314535409 -0.0248642918 0.0731044486
v -0.314815193 -0.024659818 0.072076492
v -0.313708574 -0.0250464194 0.0740200728
v -0.314535409 -0.0178479031 0.0737955049
v -0.314815193 -0.0178479031 0.0727474093
v -0.313708574 -0.0178479031 0.0747290626
v -0.314535409 -0.0108315134 0.0731044561
v -0.314815193 -0.0110359872 0.072076492
v -0.313708574 -0.0106493868 0.0740200728
v -0.314535409 -0.00408476125 0.0710578486
v -0.314815193 -0.00448585069 0.0700895265
v -0.313708574 -0.00372750545 0.0719203427
v -0.314535409 0.00213308935 0.0677343383
v -0.314815193 0.00155079435 0.0668628812
v -0.313708574 0.00265174336 0.0685105622
v -0.314535409 0.00758307567 0.0632616505
v -0.314815193 0.00684195617 0.0625205338
v -0.313708574 0.00824319758 0.0639217719
v -0.314535409 0.012055764 0.0578116663
v -0.314815193 0.0111843031 0.0572293699
v -0.313708574 0.0128319869 0.0583303198
v -0.314535409 0.0153792743 0.051593814
v -0.314815193 0.0144109549 0.0511927232
v -0.313708574 0.0162417684 0.0519510694
v -0.314535409 0.017425878 0.0448470563
v -0.314815193 0.0163979176 0.0446425825
v -0.313708574 0.0183414947 0.0450291857
v -0.314535409 0.0181169305 0.0378306657
v -0.314815193 0.0170688331 0.0378306657
v -0.314534485 0.0174347162 0.0308619421
v -0.314814925 0.0164026208 0.0310428236
v -0.313707054 0.0183545277 0.0307133496
v -0.313708574 0.0190504864 0.037830662
v -0.312693715 0.0186815578 0.0306599103
v -0.312694252 0.0193831231 0.037830662
v -0.303257465 0.0186895486 0.0306591261
v -0.312694252 0.0186677407 0.0450940803
v -0.303257465 0.0193912275 0.0378306657
v -0.293821216 0.0186815578 0.030659914
v -0.312694252 0.0165490843 0.0520783663
v -0.303257465 0.0186756887 0.0450956635
v -0.293820709 0.0193831231 0.0378306657
v -0.292807907 0.0183545277 0.0307133533
v -0.312694252 0.0131085655 0.0585151203
v -0.303257465 0.0165565703 0.0520814694
v -0.293820709 0.0186677407 0.045094084
v -0.292806387 0.0190504864 0.0378306657
v -0.291980475 0.0174347162 0.0308619458
v -0.312694252 0.00847840682 0.0641569793
v -0.291979551 0.0181169305 0.0378306657
v -0.291700006 0.0164026208 0.0310428273
v -0.291699767 0.0170688331 0.0378306694
v -0.292806387 0.0183414947 0.0450291894
v -0.291979551 0.017425878 0.04484706
v -0.291699767 0.0163979176 0.0446425863
v -0.293820709 0.0165490843 0.05207837
v -0.292806387 0.0162417646 0.0519510731
v -0.291979551 0.0153792743 0.0515938178
v -0.291699767 0.0144109558 0.0511927307
v -0.293820709 0.0131085664 0.058515124
v -0.292806387 0.0128319869 0.0583303235
v -0.291979551 0.0120557649 0.05781167
v -0.291699767 0.0111843031 0.0572293736
v -0.303257465 0.00848413818 0.0641627163
v -0.293820709 0.00847840682 0.0641569868
v -0.292806387 0.00824319758 0.0639217794
v -0.291979551 0.00758307613 0.063261658
v -0.291699767 0.00684195617 0.0625205338
v -0.312694252 0.00283654453 0.0687871426
v -0.303257495 0.00284104818 0.0687938854
v -0.312694252 -0.00360020949 0.0722276568
v -0.293820709 0.00283654477 0.0687871426
v -0.293820709 -0.00360020925 0.0722276568
v -0.312694252 -0.0105844922 0.0743463188
v -0.292806387 0.00265174359 0.0685105696
v -0.293820709 -0.0105844922 0.0743463188
v -0.0293903034 -0.323382616 0.0448470674
v -0.0304544084 -0.323331058 0.0446425937
v -0.0298163295 -0.323538393 0.0378306769
v -0.0313367397 -0.322750181 0.0515938215
v -0.0323441215 -0.322717071 0.0511927307
v -0.0287330691 -0.323596179 0.0378306769
v -0.0304498393 -0.32333225 0.0310428906
v -0.0293815937 -0.323384494 0.0308620092
v -0.0275896974 -0.323098272 0.0378306769
v -0.0282511115 -0.322881758 0.0307134185
v -0.028263988 -0.322879195 0.0450291932
v -0.0302609522 -0.322230339 0.0519510768
v -0.0344975814 -0.321723163 0.0578116663
v -0.0354128517 -0.321719974 0.0572293736
v -0.0335038416 -0.321176648 0.0583303198
v -0.0387513563 -0.320341051 0.0632616505
v -0.0395426638 -0.320378125 0.0625205338
v -0.0378680378 -0.319758654 0.0639217719
v -0.0439346023 -0.318656892 0.0677343383
v -0.0445748568 -0.31874305 0.0668628812
v -0.0431858227 -0.318030804 0.0685105622
v -0.0498481207 -0.316735476 0.0710578486
v -0.0503160395 -0.316877633 0.0700895339
v -0.0492528416 -0.3160595 0.0719203353
v -0.0562646613 -0.314650625 0.0731044486
v -0.0565455854 -0.314853519 0.072076492
v -0.0558359399 -0.313920528 0.0740200728
v -0.0629376397 -0.312482446 0.0737955049
v -0.0630241036 -0.312748551 0.0727474093
v -0.0626821294 -0.311696053 0.0747290626
v -0.0696106181 -0.310314268 0.0731044561
v -0.0695026144 -0.310643554 0.072076492
v -0.0695283264 -0.309471607 0.0740200728
v -0.0760271624 -0.308229387 0.0710578486
v -0.0757321641 -0.30861944 0.0700895265
v -0.076111421 -0.307332635 0.0719203427
v -0.0819406882 -0.306307971 0.0677343383
v -0.0814733505 -0.306754023 0.0668628812
v -0.0821784437 -0.305361331 0.0685105622
v -0.0871239305 -0.304623842 0.0632616505
v -0.0865055397 -0.305118948 0.0625205338
v -0.087496236 -0.303633481 0.0639217719
v -0.0913777053 -0.3032417 0.0578116663
v -0.0906353593 -0.303777099 0.0572293699
v -0.0918604285 -0.302215457 0.0583303198
v -0.0945385471 -0.302214682 0.051593814
v -0.0937040821 -0.302780002 0.0511927232
v -0.0951033235 -0.301161796 0.0519510694
v -0.0964849815 -0.301582247 0.0448470563
v -0.0955937952 -0.302166015 0.0446425825
v -0.0971002802 -0.30051294 0.0450291857
v -0.0971422121 -0.301368713 0.0378306657
v -0.0962318704 -0.30195868 0.0378306657
v -0.0964931026 -0.301578641 0.0308619421
v -0.095598191 -0.302164286 0.0310428236
v -0.0971122012 -0.300507456 0.0307133496
v -0.0977745727 -0.300293833 0.037830662
v -0.0971101001 -0.299442679 0.0306599103
v -0.0977774858 -0.299226373 0.037830662
v -0.0942017362 -0.290465802 0.0306591261
v -0.0970971137 -0.299447447 0.0450940803
v -0.0919452459 -0.281276584 0.0378306657
v -0.091278173 -0.281493872 0.030659914
v -0.0950821564 -0.300102144 0.0520783663
v -0.0912648737 -0.281497657 0.045094084
v -0.090654023 -0.280631214 0.0307133533
v -0.0918100327 -0.301165342 0.0585151203
v -0.0921731517 -0.29112494 0.0520814694
v -0.0913154483 -0.280414701 0.0378306657
v -0.0895235315 -0.280128509 0.0308619458
v -0.0874064863 -0.302596122 0.0641569793
v -0.0901720747 -0.279916793 0.0378306657
v -0.0884552896 -0.280180722 0.0310428273
v -0.0890888125 -0.27997458 0.0378306694
v -0.0906411558 -0.280633777 0.0450291894
v -0.0895148441 -0.280130357 0.04484706
v -0.0884507373 -0.280181915 0.0446425863
v -0.0892499164 -0.282152355 0.05207837
v -0.0886441991 -0.281282634 0.0519510731
v -0.0875684097 -0.280762792 0.0515938178
v -0.0865610242 -0.280795932 0.0511927307
v -0.0859777853 -0.283215523 0.058515124
v -0.0854013041 -0.282336324 0.0583303235
v -0.084407568 -0.281789809 0.05781167
v -0.0834923014 -0.281792998 0.0572293736
v -0.0844958201 -0.293619454 0.0641627163
v -0.0815742463 -0.284646332 0.0641569868
v -0.0810371116 -0.283754349 0.0639217794
v -0.0801537856 -0.283171952 0.063261658
v -0.0793624818 -0.283134878 0.0625205338
v -0.0820407644 -0.304339558 0.0687871426
v -0.0762085244 -0.286389738 0.0687871426
v -0.075919047 -0.306328624 0.0722276568
v -0.0692766011 -0.308486879 0.0743463188
v -0.0757193267 -0.285482198 0.0685105696
v -0.070086807 -0.288378805 0.0722276568
v -0.0634443611 -0.290537089 0.0743463188
v 0.31575793 -0.135709271 0.0448470674
v 0.315380067 -0.136705354 0.0446425937
v 0.315774441 -0.136162579 0.0378306769
v 0.31455496 -0.137365013 0.0515938215
v 0.314212173 -0.138312846 0.0511927307
v 0.316164136 -0.135150194 0.0378306769
v 0.31538263 -0.13670139 0.0310428906
v 0.315762401 -0.135701552 0.0308620092
v 0.316043913 -0.133908927 0.0378306769
v 0.315633625 -0.134471059 0.0307134185
v 0.315627187 -0.134482503 0.0450291932
v 0.314393014 -0.136181235 0.0519510768
v 0.312601477 -0.140053779 0.0578116663
v 0.312315583 -0.140923262 0.0572293736
v 0.312388778 -0.138939798 0.0583303198
v 0.309972495 -0.143672258 0.0632616505
v 0.309763223 -0.1444363 0.0625205338
v 0.309691578 -0.142652199 0.0639217719
v 0.306769073 -0.148081392 0.0677343383
v 0.306653172 -0.148716941 0.0668628812
v 0.306405008 -0.147175789 0.0685105622
v 0.303114325 -0.153111741 0.0710578486
v 0.303104907 -0.153600678 0.0700895339
v 0.302655369 -0.152336702 0.0719203353
v 0.299148679 -0.158569977 0.0731044486
v 0.299254835 -0.158899859 0.072076492
v 0.298586786 -0.157936633 0.0740200728
v 0.295024544 -0.164246365 0.0737955049
v 0.295250893 -0.164410815 0.0727474093
v 0.294355601 -0.163760349 0.0747290626
v 0.290900409 -0.169922739 0.0731044561
v 0.291246951 -0.169921771 0.072076492
v 0.290124416 -0.169584081 0.0740200728
v 0.286934763 -0.175380975 0.0710578486
v 0.287396878 -0.175220951 0.0700895265
v 0.286055863 -0.175183997 0.0719203427
v 0.283280015 -0.180411324 0.0677343383
v 0.283848614 -0.180104703 0.0668628812
v 0.282306224 -0.180344924 0.0685105622
v 0.280076593 -0.184820458 0.0632616505
v 0.280738562 -0.184385329 0.0625205338
v 0.279019654 -0.1848685 0.0639217719
v 0.277447611 -0.188438937 0.0578116663
v 0.278186202 -0.187898368 0.0572293699
v 0.276322424 -0.188580915 0.0583303198
v 0.275494099 -0.191127717 0.051593814
v 0.276289612 -0.190508783 0.0511927232
v 0.274318188 -0.191339478 0.0519510694
v 0.274291128 -0.19278346 0.0448470563
v 0.275121719 -0.192116275 0.0446425825
v 0.273084015 -0.193038195 0.0450291857
v 0.273884952 -0.193342522 0.0378306657
v 0.274727345 -0.19265905 0.0378306657
v 0.274285197 -0.192790061 0.0308619421
v 0.275118738 -0.192119926 0.0310428236
v 0.273075134 -0.193047836 0.0307133496
v 0.272667289 -0.193611786 0.037830662
v 0.272063106 -0.192716807 0.0306599103
v 0.271651149 -0.19328469 0.037830662
v 0.27207166 -0.192705929 0.0450940803
v 0.25679493 -0.181623831 0.030659914
v 0.273316979 -0.190991908 0.0520783663
v 0.26443246 -0.187165573 0.0450956635
v 0.256382138 -0.182191104 0.0378306657
v 0.256167352 -0.180763647 0.0307133533
v 0.275339246 -0.188208476 0.0585151203
v 0.265678048 -0.185451165 0.0520814694
v 0.256802619 -0.181612343 0.045094084
v 0.255757064 -0.181325793 0.0378306657
v 0.256038606 -0.179533139 0.0308619458
v 0.278060794 -0.184462592 0.0641569793
v 0.255636841 -0.180084527 0.0378306657
v 0.256418347 -0.178533316 0.0310428273
v 0.256026566 -0.179072142 0.0378306694
v 0.25617379 -0.180752203 0.0450291894
v 0.256043047 -0.17952545 0.04484706
v 0.25642091 -0.178529352 0.0446425863
v 0.258047938 -0.179898322 0.05207837
v 0.257407993 -0.179053485 0.0519510731
v 0.257246017 -0.177869707 0.0515938178
v 0.257588834 -0.176921874 0.0511927307
v 0.260070235 -0.177114874 0.058515124
v 0.259412199 -0.176294923 0.0583303235
v 0.25919953 -0.175180942 0.05781167
v 0.259485394 -0.174311459 0.0572293736
v 0.270422906 -0.178920433 0.0641627163
v 0.262791783 -0.173369005 0.0641569868
v 0.262109429 -0.172582507 0.0639217794
v 0.261828512 -0.171562448 0.063261658
v 0.262037754 -0.170798421 0.0625205338
v 0.281376988 -0.179898232 0.0687871426
v 0.273739845 -0.174355075 0.0687938854
v 0.285160422 -0.174690783 0.0722276568
v 0.266107976 -0.168804631 0.0687871426
v 0.269891411 -0.163597196 0.0722276568
v 0.289265692 -0.169040382 0.0743463188
v 0.265395999 -0.168058932 0.0685105696
v 0.243926272 0.250540435 0.0448470674
v 0.244756848 0.249873251 0.0446425937
v 0.244362488 0.25041604 0.0378306769
v 0.245129228 0.248884693 0.0515938215
v 0.245924756 0.248265773 0.0511927307
v 0.243520066 0.251099497 0.0378306769
v 0.244753852 0.249876916 0.0310428906
v 0.243920311 0.250547051 0.030862011
v 0.242302403 0.251368761 0.0378306769
v 0.242710248 0.250804842 0.0307134204
v 0.242719144 0.250795186 0.0450291932
v 0.243953347 0.249096453 0.0519510806
v 0.247082755 0.246195927 0.0578116663
v 0.247821331 0.245655358 0.0572293736
v 0.245957568 0.246337891 0.0583303198
v 0.249711737 0.242577448 0.0632616505
v 0.250373721 0.24214232 0.0625205338
v 0.248654798 0.24262549 0.0639217719
v 0.252915174 0.238168314 0.0677343383
v 0.253483772 0.237861693 0.0668628812
v 0.251941383 0.238101915 0.0685105622
v 0.256569922 0.23313798 0.0710578412
v 0.257032037 0.232977942 0.0700895339
v 0.255690992 0.232941002 0.0719203353
v 0.260535568 0.227679744 0.0731044486
v 0.260882109 0.227678776 0.072076492
v 0.259759605 0.227341086 0.0740200728
v 0.264659703 0.222003371 0.0737955049
v 0.264886081 0.22216782 0.0727474093
v 0.26399079 0.221517354 0.0747290626
v 0.268783867 0.216326997 0.0731044486
v 0.268890023 0.216656864 0.072076492
v 0.268221974 0.215693638 0.0740200728
v 0.272749513 0.210868761 0.0710578486
v 0.272740096 0.211357698 0.0700895265
v 0.272290558 0.210093722 0.0719203427
v 0.276404262 0.205838412 0.0677343383
v 0.27628836 0.206473961 0.0668628812
v 0.276040196 0.204932809 0.0685105622
v 0.279607683 0.201429278 0.0632616505
v 0.279398441 0.20219332 0.0625205338
v 0.279326767 0.200409219 0.0639217719
v 0.282236695 0.197810799 0.0578116626
v 0.281950802 0.198680282 0.0572293699
v 0.282023996 0.196696818 0.0583303198
v 0.284190208 0.195122033 0.051593814
v 0.283847392 0.196069866 0.0511927232
v 0.284028232 0.193938255 0.0519510694
v 0.285393149 0.193466291 0.0448470563
v 0.285015285 0.194462389 0.0446425825
v 0.285262406 0.192239538 0.0450291857
v 0.285799354 0.192907214 0.037830662
v 0.285409659 0.193919599 0.037830662
v 0.285397619 0.193458602 0.0308619421
v 0.285017848 0.194458425 0.0310428236
v 0.285268843 0.192228094 0.0307133496
v 0.285679162 0.191665947 0.037830662
v 0.284641266 0.191367909 0.0306599103
v 0.285054058 0.190800637 0.037830662
v 0.269373119 0.180274904 0.030659914
v 0.284633577 0.191379398 0.0450940803
v 0.277424335 0.185247272 0.0378306657
v 0.283388257 0.193093419 0.0520783663
v 0.277003735 0.185826153 0.0450956635
v 0.269785047 0.179707021 0.0378306657
v 0.268361092 0.179943874 0.0307133533
v 0.281365991 0.195876867 0.0585151203
v 0.275758147 0.187540561 0.0520814694
v 0.269364566 0.180285782 0.0450940803
v 0.268768936 0.17937994 0.0378306657
v 0.267151028 0.18020165 0.0308619458
v 0.278644443 0.199622735 0.0641569793
v 0.26609695 0.18478325 0.058515124
v 0.267551273 0.179649189 0.0378306657
v 0.266317487 0.180871785 0.0310428273
v 0.266708881 0.180332661 0.0378306657
v 0.268352211 0.179953516 0.0450291894
v 0.267145097 0.180208266 0.04484706
v 0.266314507 0.180875435 0.0446425863
v 0.268119246 0.181999817 0.0520783663
v 0.267118007 0.181652233 0.0519510731
v 0.265942127 0.181863993 0.0515938178
v 0.265146613 0.182482928 0.0511927269
v 0.265113801 0.18441081 0.0583303235
v 0.263988614 0.184552774 0.0578116663
v 0.263250023 0.185093343 0.0572293736
v 0.27101329 0.194071293 0.0641627163
v 0.263375431 0.188529119 0.0641569868
v 0.262416571 0.188123211 0.0639217794
v 0.261359632 0.188171253 0.063261658
v 0.260697663 0.188606367 0.0625205338
v 0.275328219 0.204187095 0.0687871426
v 0.271544784 0.209394544 0.0722276568
v 0.260059208 0.193093479 0.0687871426
v 0.267439514 0.215044945 0.0743463188
v 0.259130001 0.192646787 0.0685105622
v 0.256275773 0.198300928 0.0722276568
v 0.252170503 0.203951329 0.0743463188
v -0.145616531 0.301583111 0.0448470674
v -0.144725353 0.302166849 0.0446425937
v -0.145363435 0.301959544 0.0378306769
v -0.143670097 0.302215546 0.0515938215
v -0.142835632 0.302780867 0.0511927307
v -0.146273777 0.301369548 0.0378306769
v -0.144729748 0.302165151 0.0310428888
v -0.145624682 0.301579505 0.0308620092
v -0.146906123 0.300294697 0.0378306769
v -0.146243766 0.30050832 0.0307134185
v -0.14623183 0.300513804 0.0450291932
v -0.144234866 0.30116263 0.0519510768
v -0.140509263 0.303242564 0.0578116663
v -0.139766902 0.303777963 0.0572293736
v -0.140991971 0.302216321 0.0583303198
v -0.136255473 0.304624707 0.0632616505
v -0.13563709 0.305119812 0.0625205338
v -0.136627778 0.303634346 0.0639217719
v -0.131072223 0.306308836 0.0677343383
v -0.130604893 0.306754887 0.0668628812
v -0.131309986 0.305362195 0.0685105622
v -0.125158712 0.308230281 0.0710578412
v -0.124863707 0.308620304 0.0700895339
v -0.125242963 0.307333499 0.0719203353
v -0.11874216 0.310315132 0.0731044486
v -0.118634149 0.310644418 0.072076492
v -0.118659861 0.309472471 0.0740200728
v -0.112069175 0.312483311 0.0737955049
v -0.112155631 0.312749416 0.0727474093
v -0.111813664 0.311696947 0.0747290626
v -0.105396189 0.314651519 0.0731044561
v -0.105677113 0.314854413 0.072076492
v -0.104967467 0.313921422 0.0740200728
v -0.0989796445 0.31673637 0.0710578486
v -0.0994475633 0.316878527 0.0700895265
v -0.0983843654 0.316060394 0.0719203427
v -0.0930661112 0.318657786 0.0677343383
v -0.0937063694 0.318743944 0.0668628812
v -0.0923173353 0.318031698 0.0685105622
v -0.0878828615 0.320341945 0.0632616505
v -0.0886741728 0.320379019 0.0625205338
v -0.086999543 0.319759548 0.0639217719
v -0.0836290866 0.321724057 0.0578116663
v -0.0845443532 0.321720868 0.0572293699
v -0.0826353431 0.321177542 0.0583303198
v -0.0804682374 0.322751075 0.051593814
v -0.081475623 0.322717965 0.0511927269
v -0.0793924481 0.322231233 0.0519510694
v -0.078521803 0.32338351 0.0448470563
v -0.0795859098 0.323331952 0.0446425863
v -0.0773954839 0.322880089 0.0450291857
v -0.077864565 0.323597074 0.0378306657
v -0.0789478272 0.323539287 0.0378306657
v -0.0785131082 0.323385388 0.0308619421
v -0.0795813501 0.323333174 0.0310428236
v -0.0773826167 0.322882652 0.0307133496
v -0.0767211914 0.323099166 0.0378306657
v -0.0767584667 0.322019994 0.0306599103
v -0.0760914013 0.322237283 0.0378306657
v -0.0767717659 0.322016239 0.0450940803
v -0.0731675625 0.313264877 0.0378306657
v -0.0709265321 0.304071188 0.030659914
v -0.0787867308 0.321361542 0.0520783663
v -0.0738480836 0.313043773 0.0450956635
v -0.0702591464 0.304287463 0.0378306657
v -0.0709244236 0.303006411 0.0307133533
v -0.0820588619 0.320298344 0.0585151203
v -0.0729544759 0.303411722 0.05207837
v -0.0709395111 0.30406642 0.045094084
v -0.0702620596 0.303220004 0.0378306657
v -0.0715435222 0.301935226 0.0308619458
v -0.0864624009 0.318867564 0.0641569793
v -0.0791363195 0.31132552 0.0585196242
v -0.0708944127 0.302145153 0.0378306694
v -0.0724384412 0.30134955 0.0310428273
v -0.0718047544 0.301555187 0.0378306694
v -0.070936352 0.303000927 0.0450291894
v -0.0715516433 0.30193162 0.04484706
v -0.0724428371 0.301347852 0.04464259
v -0.0729333162 0.302352071 0.0519510731
v -0.0734980851 0.301299185 0.0515938178
v -0.0743325502 0.300733864 0.0511927307
v -0.076226607 0.302348524 0.058515124
v -0.0761762112 0.30129841 0.0583303235
v -0.0766589269 0.300272167 0.05781167
v -0.0774012804 0.299736768 0.0572293736
v -0.0806301534 0.300917745 0.0641569868
v -0.0805404112 0.299880385 0.0639217794
v -0.0809127092 0.298890024 0.063261658
v -0.0815311 0.298394889 0.0625205338
v -0.0918281376 0.317124128 0.0687871426
v -0.0859958827 0.299174309 0.0687871426
v -0.097949855 0.315135062 0.0722276568
v -0.104592308 0.312976778 0.0743463188
v -0.0858582035 0.298152536 0.0685105696
v -0.0921176001 0.297185242 0.0722276568
v -0.0987600535 0.295026958 0.0743463188
v -0.315863013 -0.0301551856 0.032151062
v -0.303124994 -0.0301551856 0.032151062
v -0.303124994 -0.0309132431 0.0346500501
v -0.315863013 -0.0309132431 0.0346500501
v -0.290387005 -0.0301551856 0.0321510658
v -0.290387005 -0.0309132431 0.0346500501
v -0.0516429693 -0.317548215 0.032151062
v -0.0477067158 -0.305433661 0.032151062
v -0.0469857603 -0.305667907 0.0346500501
v -0.0509220175 -0.317782462 0.0346500501
v -0.0437704623 -0.293319106 0.0321510658
v -0.0430495068 -0.293553352 0.0346500501
v 0.303332627 -0.155069888 0.032151062
v 0.293027371 -0.14758268 0.032151062
v 0.293472946 -0.146969393 0.0346500501
v 0.303778201 -0.154456601 0.0346500501
v 0.282722116 -0.140095472 0.0321510658
v 0.28316769 -0.139482185 0.0346500501
v 0.258499682 0.232740507 0.032151062
v 0.248194441 0.225253284 0.032151062
v 0.247748867 0.225866571 0.0346500501
v 0.258054107 0.233353794 0.0346500501
v 0.237889186 0.217766061 0.0321510658
v 0.237443611 0.218379349 0.0346500501
v -0.124184348 0.309942752 0.032151062
v -0.120248087 0.297828197 0.032151062
v -0.120969042 0.297593951 0.0346500501
v -0.124905303 0.309708506 0.0346500501
v -0.116311826 0.285713643 0.0321510658
v -0.117032781 0.285479397 0.0346500501
v -0.315863013 -0.0289241709 0.0298479851
v -0.303124994 -0.0289241709 0.0298479851
v -0.303124994 -0.0301551856 0.032151062
v -0.315863013 -0.0301551856 0.032151062
v -0.290387005 -0.0289241709 0.029847987
v -0.290387005 -0.0301551856 0.0321510658
v -0.0528137349 -0.317167819 0.0298479851
v -0.0488774814 -0.305053264 0.0298479851
v -0.0477067158 -0.305433661 0.032151062
v -0.0516429693 -0.317548215 0.032151062
v -0.0449412242 -0.292938709 0.029847987
v -0.0437704623 -0.293319106 0.0321510658
v 0.302609056 -0.156065792 0.0298479851
v 0.292303801 -0.148578584 0.0298479851
v 0.293027371 -0.14758268 0.032151062
v 0.303332627 -0.155069888 0.032151062
v 0.281998545 -0.141091377 0.029847987
v 0.282722116 -0.140095472 0.0321510658
v 0.259223253 0.231744602 0.0298479851
v 0.248918012 0.22425738 0.0298479851
v 0.248194441 0.225253284 0.032151062
v 0.258499682 0.232740507 0.032151062
v 0.238612771 0.216770157 0.029847987
v 0.237889186 0.217766061 0.0321510658
v -0.123013586 0.310323179 0.0298479851
v -0.119077317 0.298208624 0.0298479851
v -0.120248087 0.297828197 0.032151062
v -0.124184348 0.309942752 0.032151062
v -0.115141056 0.28609404 0.029847987
v -0.116311826 0.285713643 0.0321510658
v -0.315863013 -0.0309132431 0.0346500501
v -0.303124994 -0.0309132431 0.0346500501
v -0.303124994 -0.0311692003 0.0372488834
v -0.315863013 -0.0311692022 0.0372488834
v -0.290387005 -0.0309132431 0.0346500501
v -0.290387005 -0.0311692022 0.0372488834
v -0.0509220175 -0.317782462 0.0346500501
v -0.0469857603 -0.305667907 0.0346500501
v -0.0467423312 -0.305747002 0.0372488834
v -0.0506785847 -0.317861557 0.0372488834
v -0.0430495068 -0.293553352 0.0346500501
v -0.0428060777 -0.293632448 0.0372488834
v 0.303778201 -0.154456601 0.0346500501
v 0.293472946 -0.146969393 0.0346500501
v 0.293623388 -0.146762326 0.0372488834
v 0.303928643 -0.154249534 0.0372488834
v 0.28316769 -0.139482185 0.0346500501
v 0.283318132 -0.139275119 0.0372488834
v 0.258054107 0.233353794 0.0346500501
v 0.247748867 0.225866571 0.0346500501
v 0.247598425 0.226073638 0.0372488834
v 0.257903665 0.23356086 0.0372488834
v 0.237443611 0.218379349 0.0346500501
v 0.237293169 0.218586415 0.0372488834
v -0.124905303 0.309708506 0.0346500501
v -0.120969042 0.297593951 0.0346500501
v -0.121212475 0.297514856 0.0372488834
v -0.125148728 0.309629411 0.0372488834
v -0.117032781 0.285479397 0.0346500501
v -0.117276214 0.285400301 0.0372488834
v -0.315863013 -0.0272674989 0.0278293192
v -0.303124994 -0.027267497 0.0278293192
v -0.303124994 -0.0289241709 0.0298479851
v -0.315863013 -0.0289241709 0.0298479851
v -0.290387005 -0.0272674989 0.0278293192
v -0.290387005 -0.0289241709 0.029847987
v -0.054389324 -0.316655874 0.0278293192
v -0.0504530706 -0.30454132 0.0278293192
v -0.0488774814 -0.305053264 0.0298479851
v -0.0528137349 -0.317167819 0.0298479851
v -0.0465168133 -0.292426765 0.0278293192
v -0.0449412242 -0.292938709 0.029847987
v 0.301635295 -0.157406077 0.0278293192
v 0.29133004 -0.149918869 0.0278293192
v 0.292303801 -0.148578584 0.0298479851
v 0.302609056 -0.156065792 0.0298479851
v 0.281024754 -0.142431661 0.0278293192
v 0.281998545 -0.141091377 0.029847987
v 0.260197043 0.230404317 0.0278293192
v 0.249891788 0.222917095 0.0278293192
v 0.248918012 0.22425738 0.0298479851
v 0.259223253 0.231744602 0.0298479851
v 0.239586532 0.215429872 0.0278293192
v 0.238612771 0.216770157 0.029847987
v -0.121437997 0.310835123 0.0278293192
v -0.117501728 0.298720539 0.0278293192
v -0.119077317 0.298208624 0.0298479851
v -0.123013586 0.310323179 0.0298479851
v -0.113565467 0.286605984 0.0278293192
v -0.115141056 0.28609404 0.029847987
v -0.315863013 -0.0311692022 0.0372488834
v -0.303124994 -0.0311692003 0.0372488834
v -0.303124994 -0.0309132338 0.039847739
v -0.315863013 -0.0309132356 0.039847739
v -0.290387005 -0.0311692022 0.0372488834
v -0.290387005 -0.0309132356 0.039847739
v -0.0506785847 -0.317861557 0.0372488834
v -0.0467423312 -0.305747002 0.0372488834
v -0.0469857715 -0.305667907 0.039847739
v -0.0509220213 -0.317782462 0.039847739
v -0.0428060777 -0.293632448 0.0372488834
v -0.0430495143 -0.293553352 0.039847739
v 0.303928643 -0.154249534 0.0372488834
v 0.293623388 -0.146762326 0.0372488834
v 0.293472946 -0.146969408 0.039847739
v 0.303778201 -0.154456601 0.039847739
v 0.283318132 -0.139275119 0.0372488834
v 0.28316769 -0.1394822 0.039847739
v 0.257903665 0.23356086 0.0372488834
v 0.247598425 0.226073638 0.0372488834
v 0.247748867 0.225866556 0.039847739
v 0.258054137 0.233353779 0.039847739
v 0.237293169 0.218586415 0.0372488834
v 0.237443626 0.218379334 0.039847739
v -0.125148728 0.309629411 0.0372488834
v -0.121212475 0.297514856 0.0372488834
v -0.120969035 0.297593951 0.039847739
v -0.124905296 0.309708506 0.039847739
v -0.117276214 0.285400301 0.0372488834
v -0.117032774 0.285479397 0.039847739
v -0.315863013 -0.0252488367 0.0261726435
v -0.303124994 -0.0252488349 0.0261726435
v -0.303124994 -0.027267497 0.0278293192
v -0.315863013 -0.0272674989 0.0278293192
v -0.290387005 -0.0252488349 0.0261726454
v -0.290387005 -0.0272674989 0.0278293192
v -0.0563091859 -0.316032052 0.0261726435
v -0.0523729324 -0.303917527 0.0261726435
v -0.0504530706 -0.30454132 0.0278293192
v -0.054389324 -0.316655874 0.0278293192
v -0.0484366752 -0.291802973 0.0261726454
v -0.0465168133 -0.292426765 0.0278293192
v 0.300448745 -0.159039199 0.0261726435
v 0.29014349 -0.151552007 0.0261726435
v 0.29133004 -0.149918869 0.0278293192
v 0.301635295 -0.157406077 0.0278293192
v 0.279838234 -0.144064799 0.0261726454
v 0.281024754 -0.142431661 0.0278293192
v 0.261383593 0.228771195 0.0261726435
v 0.251078337 0.221283972 0.0261726435
v 0.249891788 0.222917095 0.0278293192
v 0.260197043 0.230404317 0.0278293192
v 0.240773082 0.21379675 0.0261726454
v 0.239586532 0.215429872 0.0278293192
v -0.119518131 0.311458915 0.0261726435
v -0.11558187 0.299344361 0.0261726435
v -0.117501728 0.298720539 0.0278293192
v -0.121437997 0.310835123 0.0278293192
v -0.111645609 0.287229776 0.0261726454
v -0.113565467 0.286605984 0.0278293192
v -0.315863013 -0.0309132356 0.039847739
v -0.303124994 -0.0309132338 0.039847739
v -0.303124994 -0.0301551782 0.0423467234
v -0.315863013 -0.03015518 0.0423467234
v -0.290387005 -0.0309132356 0.039847739
v -0.290387005 -0.0301551782 0.0423467234
v -0.0509220213 -0.317782462 0.039847739
v -0.0469857715 -0.305667907 0.039847739
v -0.0477067232 -0.305433661 0.0423467234
v -0.0516429767 -0.317548215 0.0423467234
v -0.0430495143 -0.293553352 0.039847739
v -0.0437704697 -0.293319106 0.0423467234
v 0.303778201 -0.154456601 0.039847739
v 0.293472946 -0.146969408 0.039847739
v 0.293027371 -0.14758268 0.0423467234
v 0.303332627 -0.155069888 0.0423467234
v 0.28316769 -0.1394822 0.039847739
v 0.282722116 -0.140095472 0.0423467234
v 0.258054137 0.233353779 0.039847739
v 0.247748867 0.225866556 0.039847739
v 0.248194441 0.225253284 0.0423467234
v 0.258499712 0.232740507 0.0423467234
v 0.237443626 0.218379334 0.039847739
v 0.2378892 0.217766061 0.0423467234
v -0.124905296 0.309708506 0.039847739
v -0.120969035 0.297593951 0.039847739
v -0.120248079 0.297828197 0.0423467234
v -0.12418434 0.309942782 0.0423467234
v -0.117032774 0.285479397 0.039847739
v -0.116311818 0.285713643 0.0423467234
v -0.315863013 -0.0229457617 0.0249416195
v -0.303124994 -0.0229457598 0.0249416195
v -0.303124994 -0.0252488349 0.0261726435
v -0.315863013 -0.0252488367 0.0261726435
v -0.290387005 -0.0229457617 0.0249416213
v -0.290387005 -0.0252488349 0.0261726454
v -0.0584995374 -0.315320373 0.0249416195
v -0.0545632839 -0.303205818 0.0249416195
v -0.0523729324 -0.303917527 0.0261726435
v -0.0563091859 -0.316032052 0.0261726435
v -0.0506270304 -0.291091263 0.0249416213
v -0.0484366752 -0.291802973 0.0261726454
v 0.299095035 -0.160902426 0.0249416195
v 0.288789779 -0.153415233 0.0249416195
v 0.29014349 -0.151552007 0.0261726435
v 0.300448745 -0.159039199 0.0261726435
v 0.278484523 -0.145928025 0.0249416213
v 0.279838234 -0.144064799 0.0261726454
v 0.262737304 0.226907969 0.0249416195
v 0.252432048 0.219420746 0.0249416195
v 0.251078337 0.221283972 0.0261726435
v 0.261383593 0.228771195 0.0261726435
v 0.242126793 0.211933523 0.0249416213
v 0.240773082 0.21379675 0.0261726454
v -0.117327772 0.312170595 0.0249416195
v -0.113391511 0.30005604 0.0249416195
v -0.11558187 0.299344361 0.0261726435
v -0.119518131 0.311458915 0.0261726435
v -0.10945525 0.287941486 0.0249416213
v -0.111645609 0.287229776 0.0261726454
v -0.315863013 -0.03015518 0.0423467234
v -0.303124994 -0.0301551782 0.0423467234
v -0.303124994 -0.0289241578 0.0446497984
v -0.315863013 -0.0289241597 0.0446497984
v -0.290387005 -0.0301551782 0.0423467234
v -0.290387005 -0.0289241597 0.0446497984
v -0.0516429767 -0.317548215 0.0423467234
v -0.0477067232 -0.305433661 0.0423467234
v -0.0488774925 -0.305053264 0.0446497984
v -0.052813746 -0.317167789 0.0446497984
v -0.0437704697 -0.293319106 0.0423467234
v -0.0449412391 -0.292938709 0.0446497984
v 0.303332627 -0.155069888 0.0423467234
v 0.293027371 -0.14758268 0.0423467234
v 0.292303801 -0.148578599 0.0446497984
v 0.302609056 -0.156065807 0.0446497984
v 0.282722116 -0.140095472 0.0423467234
v 0.281998515 -0.141091391 0.0446497984
v 0.258499712 0.232740507 0.0423467234
v 0.248194441 0.225253284 0.0423467234
v 0.248918027 0.224257365 0.0446497984
v 0.259223282 0.231744587 0.0446497984
v 0.2378892 0.217766061 0.0423467234
v 0.238612771 0.216770142 0.0446497984
v -0.12418434 0.309942782 0.0423467234
v -0.120248079 0.297828197 0.0423467234
v -0.11907731 0.298208624 0.0446497984
v -0.123013571 0.310323179 0.0446497984
v -0.116311818 0.285713643 0.0423467234
v -0.115141049 0.28609404 0.0446497984
v -0.315863013 -0.0204467773 0.0241835583
v -0.303124994 -0.0204467773 0.0241835564
v -0.303124994 -0.0229457598 0.0249416195
v -0.315863013 -0.0229457617 0.0249416195
v -0.290387005 -0.0204467773 0.0241835583
v -0.290387005 -0.0229457617 0.0249416213
v -0.0608762093 -0.314548135 0.0241835583
v -0.0569399595 -0.30243361 0.0241835564
v -0.0545632839 -0.303205818 0.0249416195
v -0.0584995374 -0.315320373 0.0249416195
v -0.0530037023 -0.290319055 0.0241835583
v -0.0506270304 -0.291091263 0.0249416213
v 0.297626168 -0.162924156 0.0241835583
v 0.287320912 -0.155436948 0.0241835564
v 0.288789779 -0.153415233 0.0249416195
v 0.299095035 -0.160902426 0.0249416195
v 0.277015656 -0.14794974 0.0241835583
v 0.278484523 -0.145928025 0.0249416213
v 0.264206171 0.224886253 0.0241835583
v 0.253900915 0.217399031 0.0241835564
v 0.252432048 0.219420746 0.0249416195
v 0.262737304 0.226907969 0.0249416195
v 0.24359566 0.209911808 0.0241835583
v 0.242126793 0.211933523 0.0249416213
v -0.114951096 0.312942833 0.0241835583
v -0.111014836 0.300828278 0.0241835564
v -0.113391511 0.30005604 0.0249416195
v -0.117327772 0.312170595 0.0249416195
v -0.107078575 0.288713723 0.0241835583
v -0.10945525 0.287941486 0.0249416213
v -0.315863013 -0.0289241597 0.0446497984
v -0.303124994 -0.0289241578 0.0446497984
v -0.303124994 -0.027267484 0.0466684625
v -0.315863013 -0.0272674859 0.0466684625
v -0.290387005 -0.0289241597 0.0446497984
v -0.290387005 -0.0272674859 0.0466684625
v -0.052813746 -0.317167789 0.0446497984
v -0.0488774925 -0.305053264 0.0446497984
v -0.0504530817 -0.30454132 0.0466684625
v -0.0543893352 -0.316655874 0.0466684625
v -0.0449412391 -0.292938709 0.0446497984
v -0.0465168282 -0.292426765 0.0466684625
v 0.302609056 -0.156065807 0.0446497984
v 0.292303801 -0.148578599 0.0446497984
v 0.29133001 -0.149918884 0.0466684625
v 0.301635265 -0.157406077 0.0466684625
v 0.281998515 -0.141091391 0.0446497984
v 0.281024754 -0.142431676 0.0466684625
v 0.259223282 0.231744587 0.0446497984
v 0.248918027 0.224257365 0.0446497984
v 0.249891788 0.222917095 0.0466684625
v 0.260197043 0.230404317 0.0466684625
v 0.238612771 0.216770142 0.0446497984
v 0.239586547 0.215429872 0.0466684625
v -0.123013571 0.310323179 0.0446497984
v -0.11907731 0.298208624 0.0446497984
v -0.117501721 0.298720568 0.0466684625
v -0.121437982 0.310835123 0.0466684625
v -0.115141049 0.28609404 0.0446497984
v -0.11356546 0.286605984 0.0466684625
v -0.315863013 -0.0178479217 0.0239275899
v -0.303124994 -0.0178479217 0.023927588
v -0.303124994 -0.0204467773 0.0241835564
v -0.315863013 -0.0204467773 0.0241835583
v -0.290387005 -0.0178479217 0.0239275899
v -0.290387005 -0.0204467773 0.0241835583
v -0.0633478686 -0.313745052 0.0239275899
v -0.0594116151 -0.301630497 0.023927588
v -0.0569399595 -0.30243361 0.0241835564
v -0.0608762093 -0.314548135 0.0241835583
v -0.0554753616 -0.289515942 0.0239275899
v -0.0530037023 -0.290319055 0.0241835583
v 0.29609859 -0.165026665 0.0239275899
v 0.285793334 -0.157539472 0.023927588
v 0.287320912 -0.155436948 0.0241835564
v 0.297626168 -0.162924156 0.0241835583
v 0.275488079 -0.150052264 0.0239275899
v 0.277015656 -0.14794974 0.0241835583
v 0.265733749 0.222783729 0.0239275899
v 0.255428493 0.215296507 0.023927588
v 0.253900915 0.217399031 0.0241835564
v 0.264206171 0.224886253 0.0241835583
v 0.245123237 0.207809284 0.0239275899
v 0.24359566 0.209911808 0.0241835583
v -0.112479441 0.313745916 0.0239275899
v -0.10854318 0.301631361 0.023927588
v -0.111014836 0.300828278 0.0241835564
v -0.114951096 0.312942833 0.0241835583
v -0.104606919 0.289516807 0.0239275899
v -0.107078575 0.288713723 0.0241835583
v -0.315863013 -0.0272674859 0.0466684625
v -0.303124994 -0.027267484 0.0466684625
v -0.303124994 -0.02524882 0.0483251363
v -0.315863013 -0.0252488218 0.0483251363
v -0.290387005 -0.0272674859 0.0466684625
v -0.290387005 -0.0252488218 0.0483251363
v -0.0543893352 -0.316655874 0.0466684625
v -0.0504530817 -0.30454132 0.0466684625
v -0.0523729436 -0.303917497 0.0483251363
v -0.0563091971 -0.316032052 0.0483251363
v -0.0465168282 -0.292426765 0.0466684625
v -0.0484366901 -0.291802973 0.0483251363
v 0.301635265 -0.157406077 0.0466684625
v 0.29133001 -0.149918884 0.0466684625
v 0.29014349 -0.151552007 0.0483251363
v 0.300448745 -0.159039214 0.0483251363
v 0.281024754 -0.142431676 0.0466684625
v 0.279838204 -0.144064799 0.0483251363
v 0.260197043 0.230404317 0.0466684625
v 0.249891788 0.222917095 0.0466684625
v 0.251078337 0.221283957 0.0483251363
v 0.261383593 0.22877118 0.0483251363
v 0.239586547 0.215429872 0.0466684625
v 0.240773082 0.213796735 0.0483251363
v -0.121437982 0.310835123 0.0466684625
v -0.117501721 0.298720568 0.0466684625
v -0.115581855 0.299344361 0.0483251363
v -0.119518116 0.311458915 0.0483251363
v -0.11356546 0.286605984 0.0466684625
v -0.111645594 0.287229806 0.0483251363
v -0.315863013 -0.0152490651 0.0241835527
v -0.303124994 -0.0152490642 0.0241835527
v -0.303124994 -0.0178479217 0.023927588
v -0.315863013 -0.0178479217 0.0239275899
v -0.290387005 -0.0152490642 0.0241835546
v -0.290387005 -0.0178479217 0.0239275899
v -0.0658195317 -0.312941968 0.0241835527
v -0.0618832745 -0.300827414 0.0241835527
v -0.0594116151 -0.301630497 0.023927588
v -0.0633478686 -0.313745052 0.0239275899
v -0.057947021 -0.288712859 0.0241835546
v -0.0554753616 -0.289515942 0.0239275899
v 0.294571042 -0.167129189 0.0241835527
v 0.284265757 -0.159641981 0.0241835527
v 0.285793334 -0.157539472 0.023927588
v 0.29609859 -0.165026665 0.0239275899
v 0.273960501 -0.152154773 0.0241835546
v 0.275488079 -0.150052264 0.0239275899
v 0.267261297 0.220681205 0.0241835527
v 0.256956071 0.213193983 0.0241835527
v 0.255428493 0.215296507 0.023927588
v 0.265733749 0.222783729 0.0239275899
v 0.2466508 0.20570676 0.0241835546
v 0.245123237 0.207809284 0.0239275899
v -0.110007778 0.314549029 0.0241835527
v -0.106071517 0.302434444 0.0241835527
v -0.10854318 0.301631361 0.023927588
v -0.112479441 0.313745916 0.0239275899
v -0.102135256 0.29031989 0.0241835546
v -0.104606919 0.289516807 0.0239275899
v -0.315863013 -0.0252488218 0.0483251363
v -0.303124994 -0.02524882 0.0483251363
v -0.303124994 -0.0229457449 0.0495561548
v -0.315863013 -0.0229457468 0.0495561548
v -0.290387005 -0.0252488218 0.0483251363
v -0.290387005 -0.0229457468 0.0495561585
v -0.0563091971 -0.316032052 0.0483251363
v -0.0523729436 -0.303917497 0.0483251363
v -0.0545632988 -0.303205818 0.0495561548
v -0.0584995523 -0.315320373 0.0495561548
v -0.0484366901 -0.291802973 0.0483251363
v -0.0506270416 -0.291091263 0.0495561585
v 0.300448745 -0.159039214 0.0483251363
v 0.29014349 -0.151552007 0.0483251363
v 0.288789779 -0.153415233 0.0495561548
v 0.299095035 -0.160902441 0.0495561548
v 0.279838204 -0.144064799 0.0483251363
v 0.278484493 -0.145928025 0.0495561585
v 0.261383593 0.22877118 0.0483251363
v 0.251078337 0.221283957 0.0483251363
v 0.252432048 0.219420731 0.0495561548
v 0.262737304 0.226907954 0.0495561548
v 0.240773082 0.213796735 0.0483251363
v 0.242126808 0.211933509 0.0495561585
v -0.119518116 0.311458915 0.0483251363
v -0.115581855 0.299344361 0.0483251363
v -0.113391496 0.30005604 0.0495561548
v -0.117327765 0.312170595 0.0495561548
v -0.111645594 0.287229806 0.0483251363
v -0.109455235 0.287941486 0.0495561585
v -0.314814925 0.0164026208 0.0310428236
v -0.314534485 0.0174347162 0.0308619421
v -0.312938005 0.0163518004 0.0309686009
v -0.313018084 0.0158546101 0.0310967974
v -0.313707054 0.0183545277 0.0307133496
v -0.312453926 0.0165913012 0.0308657847
v -0.312693715 0.0186815578 0.0306599103
v -0.303257465 0.0186895486 0.0306591261
v -0.293722183 0.0165186618 0.0308941714
v -0.293821216 0.0186815578 0.030659914
v -0.292807907 0.0183545277 0.0307133533
v -0.291980475 0.0174347162 0.0308619458
v -0.293496847 0.0158546101 0.0310968012
v -0.291700006 0.0164026208 0.0310428273
v -0.315863013 -0.0127500808 0.0249416083
v -0.303124994 -0.0127500789 0.0249416064
v -0.303124994 -0.0152490642 0.0241835527
v -0.315863013 -0.0152490651 0.0241835527
v -0.290387005 -0.0127500799 0.0249416083
v -0.290387005 -0.0152490642 0.0241835546
v -0.095598191 -0.302164286 0.0310428236
v -0.0964931026 -0.301578641 0.0308619421
v -0.0949698538 -0.300394952 0.0309686009
v -0.094521746 -0.300624758 0.0310967974
v -0.0950836614 -0.300205231 0.0308941677
v -0.0971122012 -0.300507456 0.0307133496
v -0.0950480402 -0.299860537 0.0308657847
v -0.0971101001 -0.299442679 0.0306599103
v -0.092197068 -0.291117162 0.0308667291
v -0.0942017362 -0.290465802 0.0306591261
v -0.0891905352 -0.282068044 0.0308941714
v -0.091278173 -0.281493872 0.030659914
v -0.090654023 -0.280631214 0.0307133533
v -0.0889869556 -0.281981468 0.0309686046
v -0.0895235315 -0.280128509 0.0308619458
v -0.0884893537 -0.282058954 0.0310968012
v -0.0884552896 -0.280180722 0.0310428273
v -0.0681961998 -0.312169731 0.0249416083
v -0.0642599463 -0.300055176 0.0249416064
v -0.0618832745 -0.300827414 0.0241835527
v -0.0658195317 -0.312941968 0.0241835527
v -0.0603236929 -0.287940651 0.0249416083
v -0.057947021 -0.288712859 0.0241835546
v 0.275118738 -0.192119926 0.0310428236
v 0.274285197 -0.192790061 0.0308619421
v 0.273630142 -0.190975577 0.0309686009
v 0.273987174 -0.190620422 0.0310967974
v 0.273414552 -0.191025198 0.0308941677
v 0.273075134 -0.193047836 0.0307133496
v 0.273097724 -0.190884799 0.0308657847
v 0.272063106 -0.192716807 0.0306599103
v 0.258217543 -0.180073723 0.0308657866
v 0.25679493 -0.181623831 0.030659914
v 0.257986128 -0.179815799 0.0308941714
v 0.256167352 -0.180763647 0.0307133533
v 0.257966697 -0.179595426 0.0309686046
v 0.256038606 -0.179533139 0.0308619458
v 0.258194149 -0.179146126 0.0310968012
v 0.256418347 -0.178533316 0.0310428273
v 0.293102175 -0.169150919 0.0249416083
v 0.28279689 -0.161663711 0.0249416064
v 0.284265757 -0.159641981 0.0241835527
v 0.294571042 -0.167129189 0.0241835527
v 0.272491634 -0.154176503 0.0249416083
v 0.273960501 -0.152154773 0.0241835546
v 0.285017848 0.194458425 0.0310428236
v 0.285397619 0.193458602 0.0308619421
v 0.283469528 0.193396315 0.0309686009
v 0.283242047 0.193845615 0.0310967974
v 0.283450067 0.193175942 0.0308941677
v 0.285268843 0.192228094 0.0307133496
v 0.283218652 0.192918003 0.0308657829
v 0.284641266 0.191367909 0.0306599103
v 0.268021673 0.181966513 0.0308941696
v 0.269373119 0.180274904 0.030659914
v 0.268361092 0.179943874 0.0307133533
v 0.267806083 0.182016134 0.0309686027
v 0.267151028 0.18020165 0.0308619458
v 0.267449051 0.182371303 0.0310968012
v 0.266317487 0.180871785 0.0310428273
v 0.268730164 0.21865949 0.0249416083
v 0.258424938 0.211172268 0.0249416064
v 0.256956071 0.213193983 0.0241835527
v 0.267261297 0.220681205 0.0241835527
v 0.248119682 0.203685045 0.0249416083
v 0.2466508 0.20570676 0.0241835546
v -0.0795813501 0.323333174 0.0310428236
v -0.0785131082 0.323385388 0.0308619421
v -0.0790496841 0.321532398 0.0309686009
v -0.079547286 0.321454912 0.0310967993
v -0.0773826167 0.322882652 0.0307133496
v -0.0786723122 0.321146011 0.0308657847
v -0.0767584667 0.322019994 0.0306599103
v -0.0729885921 0.30365333 0.0308657866
v -0.0709265321 0.304071188 0.030659914
v -0.0729529709 0.303308606 0.0308941714
v -0.0709244236 0.303006411 0.0307133533
v -0.0730667785 0.303118914 0.0309686046
v -0.0715435222 0.301935226 0.0308619458
v -0.0735148862 0.302889109 0.0310968012
v -0.0724384412 0.30134955 0.0310428273
v -0.107631102 0.315321237 0.0249416083
v -0.103694841 0.303206682 0.0249416064
v -0.106071517 0.302434444 0.0241835527
v -0.110007778 0.314549029 0.0241835527
v -0.0997585803 0.291092128 0.0249416083
v -0.102135256 0.29031989 0.0241835546
v -0.315863013 -0.0229457468 0.0495561548
v -0.303124994 -0.0229457449 0.0495561548
v -0.303124994 -0.0204467643 0.0503142104
v -0.315863013 -0.0204467643 0.0503142141
v -0.290387005 -0.0229457468 0.0495561585
v -0.290387005 -0.0204467643 0.0503142141
v -0.0584995523 -0.315320373 0.0495561548
v -0.0545632988 -0.303205818 0.0495561548
v -0.0569399707 -0.30243358 0.0503142104
v -0.0608762242 -0.314548135 0.0503142141
v -0.0506270416 -0.291091263 0.0495561585
v -0.0530037172 -0.290319055 0.0503142141
v 0.299095035 -0.160902441 0.0495561548
v 0.288789779 -0.153415233 0.0495561548
v 0.287320912 -0.155436963 0.0503142104
v 0.297626168 -0.16292417 0.0503142141
v 0.278484493 -0.145928025 0.0495561585
v 0.277015626 -0.147949755 0.0503142141
v 0.262737304 0.226907954 0.0495561548
v 0.252432048 0.219420731 0.0495561548
v 0.253900915 0.217399016 0.0503142104
v 0.264206171 0.224886239 0.0503142141
v 0.242126808 0.211933509 0.0495561585
v 0.243595675 0.209911793 0.0503142141
v -0.117327765 0.312170595 0.0495561548
v -0.113391496 0.30005604 0.0495561548
v -0.111014828 0.300828278 0.0503142104
v -0.114951089 0.312942833 0.0503142141
v -0.109455235 0.287941486 0.0495561585
v -0.107078567 0.288713723 0.0503142141
v -0.315863013 -0.010447002 0.0261726268
v -0.303124994 -0.0104470011 0.0261726268
v -0.303124994 -0.0127500789 0.0249416064
v -0.315863013 -0.0127500808 0.0249416083
v -0.290387005 -0.010447002 0.0261726286
v -0.290387005 -0.0127500799 0.0249416083
v -0.0703865588 -0.311458051 0.0261726268
v -0.0664503053 -0.299343497 0.0261726268
v -0.0642599463 -0.300055176 0.0249416064
v -0.0681961998 -0.312169731 0.0249416083
v -0.0625140518 -0.287228942 0.0261726286
v -0.0603236929 -0.287940651 0.0249416083
v 0.291748434 -0.171014145 0.0261726268
v 0.281443179 -0.163526937 0.0261726268
v 0.28279689 -0.161663711 0.0249416064
v 0.293102175 -0.169150919 0.0249416083
v 0.271137923 -0.15603973 0.0261726286
v 0.272491634 -0.154176503 0.0249416083
v 0.270083904 0.216796264 0.0261726268
v 0.259778649 0.209309042 0.0261726268
v 0.258424938 0.211172268 0.0249416064
v 0.268730164 0.21865949 0.0249416083
v 0.249473393 0.201821819 0.0261726286
v 0.248119682 0.203685045 0.0249416083
v -0.105440743 0.316032946 0.0261726268
v -0.101504482 0.303918362 0.0261726268
v -0.103694841 0.303206682 0.0249416064
v -0.107631102 0.315321237 0.0249416083
v -0.0975682214 0.291803807 0.0261726286
v -0.0997585803 0.291092128 0.0249416083
v -0.314534485 -0.0531305335 0.0308620092
v -0.314814925 -0.0520984344 0.0310428906
v -0.313018084 -0.0515504219 0.0310968645
v -0.312938005 -0.052047614 0.0309686679
v -0.313707054 -0.0540503412 0.0307134185
v -0.312792748 -0.0522144735 0.0308942348
v -0.312693745 -0.0543773733 0.0306599811
v -0.303257465 -0.0543853641 0.030659195
v -0.293722183 -0.0522144735 0.0308942385
v -0.293821216 -0.0543773733 0.0306599829
v -0.292807907 -0.0540503375 0.0307134222
v -0.291980475 -0.0531305335 0.0308620129
v -0.293576926 -0.052047614 0.0309686717
v -0.291700006 -0.0520984344 0.0310428925
v -0.293496847 -0.0515504219 0.0310968664
v -0.0293815937 -0.323384494 0.0308620092
v -0.0304498393 -0.32333225 0.0310428906
v -0.0304157771 -0.321454018 0.0310968645
v -0.0299181733 -0.321531504 0.0309686679
v -0.0282511115 -0.322881758 0.0307134185
v -0.0297145955 -0.321444929 0.0308942348
v -0.027626954 -0.3220191 0.0306599811
v -0.0295408014 -0.321145117 0.0308658518
v -0.0267080627 -0.312395811 0.030866798
v -0.0217950325 -0.304070294 0.0306599829
v -0.0238570888 -0.303652436 0.0308658555
v -0.0217929296 -0.303005517 0.0307134222
v -0.0239352752 -0.30311802 0.0309686717
v -0.0224120226 -0.301934332 0.0308620129
v -0.0233069453 -0.301348686 0.0310428925
v -0.0243833866 -0.302888244 0.0310968664
v 0.315762401 -0.135701552 0.0308620092
v 0.31538263 -0.13670139 0.0310428906
v 0.313606858 -0.13608858 0.0310968645
v 0.31383431 -0.13563928 0.0309686679
v 0.315633625 -0.134471059 0.0307134185
v 0.313814878 -0.135418907 0.0308942348
v 0.315006077 -0.133610874 0.0306599811
v 0.313583434 -0.135160968 0.0308658518
v 0.307376683 -0.128057912 0.030659195
v 0.299737871 -0.122517891 0.0306599829
v 0.298703253 -0.1243499 0.0308658555
v 0.298725873 -0.122186862 0.0307134222
v 0.298386455 -0.124209508 0.0308942385
v 0.29751581 -0.122444637 0.0308620129
v 0.296682268 -0.12311478 0.0310428925
v 0.297813833 -0.124614283 0.0310968664
v 0.243920311 0.250547051 0.030862011
v 0.244753852 0.249876916 0.0310428906
v 0.243622288 0.248377413 0.0310968645
v 0.243265271 0.248732567 0.0309686679
v 0.242710248 0.250804842 0.0307134204
v 0.242732853 0.248641789 0.0308658518
v 0.241698235 0.250473797 0.0306599811
v 0.234059453 0.244933754 0.0306591969
v 0.227621272 0.237572759 0.0308942385
v 0.226430058 0.239380792 0.0306599848
v 0.225802496 0.238520607 0.0307134241
v 0.225673735 0.237290114 0.0308620147
v 0.226053506 0.236290276 0.0310428943
v 0.227829292 0.236903086 0.0310968682
v -0.145624682 0.301579505 0.0308620092
v -0.144729748 0.302165151 0.0310428888
v -0.143653303 0.300625592 0.0310968626
v -0.144215226 0.300206095 0.0308942348
v -0.146243766 0.30050832 0.0307134185
v -0.146241665 0.299443543 0.0306599811
v -0.140409738 0.281494707 0.0306599829
v -0.138322085 0.282068878 0.0308942385
v -0.139785573 0.280632049 0.0307134222
v -0.138655096 0.280129343 0.0308620129
v -0.138118505 0.281982303 0.0309686717
v -0.137586847 0.280181557 0.0310428925
v -0.137620911 0.282059789 0.0310968664
v -0.315863013 -0.0204467643 0.0503142141
v -0.303124994 -0.0204467643 0.0503142104
v -0.303124994 -0.0178479087 0.0505701788
v -0.315863013 -0.0178479105 0.0505701788
v -0.290387005 -0.0204467643 0.0503142141
v -0.290387005 -0.0178479087 0.0505701788
v -0.0608762242 -0.314548135 0.0503142141
v -0.0569399707 -0.30243358 0.0503142104
v -0.0594116263 -0.301630497 0.0505701788
v -0.0633478835 -0.313745052 0.0505701788
v -0.0530037172 -0.290319055 0.0503142141
v -0.0554753728 -0.289515942 0.0505701788
v 0.297626168 -0.16292417 0.0503142141
v 0.287320912 -0.155436963 0.0503142104
v 0.285793334 -0.157539472 0.0505701788
v 0.29609859 -0.16502668 0.0505701788
v 0.277015626 -0.147949755 0.0503142141
v 0.275488079 -0.150052264 0.0505701788
v 0.264206171 0.224886239 0.0503142141
v 0.253900915 0.217399016 0.0503142104
v 0.255428493 0.215296492 0.0505701788
v 0.265733749 0.222783715 0.0505701788
v 0.243595675 0.209911793 0.0503142141
v 0.245123237 0.207809269 0.0505701788
v -0.114951089 0.312942833 0.0503142141
v -0.111014828 0.300828278 0.0503142104
v -0.108543165 0.301631361 0.0505701788
v -0.112479426 0.313745916 0.0505701788
v -0.107078567 0.288713723 0.0503142141
v -0.104606904 0.289516807 0.0505701788
v -0.315863013 -0.00842833705 0.0278293006
v -0.303124994 -0.00842833612 0.0278293006
v -0.303124994 -0.0104470011 0.0261726268
v -0.315863013 -0.010447002 0.0261726268
v -0.290387005 -0.00842833705 0.0278293006
v -0.290387005 -0.010447002 0.0261726286
v -0.0723064244 -0.310834259 0.0278293006
v -0.0683701709 -0.298719704 0.0278293006
v -0.0664503053 -0.299343497 0.0261726268
v -0.0703865588 -0.311458051 0.0261726268
v -0.0644339174 -0.28660515 0.0278293006
v -0.0625140518 -0.287228942 0.0261726286
v 0.290561914 -0.172647282 0.0278293006
v 0.280256659 -0.165160075 0.0278293006
v 0.281443179 -0.163526937 0.0261726268
v 0.291748434 -0.171014145 0.0261726268
v 0.269951373 -0.157672867 0.0278293006
v 0.271137923 -0.15603973 0.0261726286
v 0.271270454 0.215163127 0.0278293006
v 0.260965198 0.207675904 0.0278293006
v 0.259778649 0.209309042 0.0261726268
v 0.270083904 0.216796264 0.0261726268
v 0.250659943 0.200188681 0.0278293006
v 0.249473393 0.201821819 0.0261726286
v -0.103520878 0.316656739 0.0278293006
v -0.0995846167 0.304542184 0.0278293006
v -0.101504482 0.303918362 0.0261726268
v -0.105440743 0.316032946 0.0261726268
v -0.0956483558 0.292427629 0.0278293006
v -0.0975682214 0.291803807 0.0261726286
v -0.315863013 -0.0178479105 0.0505701788
v -0.303124994 -0.0178479087 0.0505701788
v -0.303124994 -0.0152490539 0.0503142104
v -0.315863013 -0.0152490549 0.0503142141
v -0.290387005 -0.0178479087 0.0505701788
v -0.290387005 -0.0152490539 0.0503142141
v -0.0633478835 -0.313745052 0.0505701788
v -0.0594116263 -0.301630497 0.0505701788
v -0.0618832856 -0.300827414 0.0503142104
v -0.0658195391 -0.312941968 0.0503142141
v -0.0554753728 -0.289515942 0.0505701788
v -0.0579470284 -0.288712859 0.0503142141
v 0.29609859 -0.16502668 0.0505701788
v 0.285793334 -0.157539472 0.0505701788
v 0.284265757 -0.159641996 0.0503142104
v 0.294571012 -0.167129204 0.0503142141
v 0.275488079 -0.150052264 0.0505701788
v 0.273960501 -0.152154788 0.0503142141
v 0.265733749 0.222783715 0.0505701788
v 0.255428493 0.215296492 0.0505701788
v 0.256956071 0.213193983 0.0503142104
v 0.267261326 0.220681205 0.0503142141
v 0.245123237 0.207809269 0.0505701788
v 0.246650815 0.20570676 0.0503142141
v -0.112479426 0.313745916 0.0505701788
v -0.108543165 0.301631361 0.0505701788
v -0.106071509 0.302434444 0.0503142104
v -0.11000777 0.314549029 0.0503142141
v -0.104606904 0.289516807 0.0505701788
v -0.102135248 0.29031989 0.0503142141
v -0.312694252 -0.0178479031 0.0750617012
v -0.291979551 0.00213308726 0.0677343458
v -0.291699767 0.00155079458 0.0668628812
v -0.292806387 -0.00372750522 0.0719203427
v -0.291979551 -0.00408476125 0.0710578486
v -0.291699767 -0.00448585022 0.0700895339
v -0.292806387 -0.0106493859 0.0740200728
v -0.291979551 -0.0108315134 0.0731044561
v -0.291699767 -0.0110359872 0.0720764995
v -0.293820709 -0.0178479031 0.0750617012
v -0.292806387 -0.0178479031 0.0747290626
v -0.291979551 -0.0178479031 0.0737955123
v -0.291699767 -0.0178479031 0.0727474093
v -0.312694252 -0.0251113139 0.0743463114
v -0.293820709 -0.0251113139 0.0743463188
v -0.312694252 -0.0320955962 0.0722276568
v -0.303257495 -0.0320986994 0.0722351447
v -0.312694252 -0.0385323465 0.0687871426
v -0.292806387 -0.0250464194 0.0740200728
v -0.293820709 -0.0320955962 0.0722276568
v -0.312694252 -0.0441742055 0.0641569793
v -0.291979551 -0.0248642918 0.0731044561
v -0.291699767 -0.024659818 0.072076492
v -0.292806387 -0.0319682993 0.0719203427
v -0.291979551 -0.031611044 0.0710578486
v -0.291699767 -0.031209955 0.0700895339
v -0.293820709 -0.0385323465 0.0687871426
v -0.292806387 -0.0383475423 0.0685105696
v -0.291979551 -0.0378288887 0.0677343458
v -0.291699767 -0.0372465961 0.0668628812
v -0.303257465 -0.0441799387 0.0641627163
v -0.293820709 -0.0441742055 0.0641569868
v -0.292806387 -0.0439389981 0.0639217794
v -0.291979551 -0.0432788767 0.063261658
v -0.291699767 -0.0425377563 0.0625205338
v -0.312694252 -0.0488043651 0.058515124
v -0.312694252 -0.0522448793 0.0520783737
v -0.293820709 -0.0488043651 0.0585151277
v -0.303257465 -0.0522523671 0.0520814769
v -0.312694252 -0.0543635376 0.0450940877
v -0.292806387 -0.0485277846 0.0583303235
v -0.293820709 -0.0522448793 0.0520783775
v -0.303257465 -0.0543714873 0.045095671
v -0.312694252 -0.0550789237 0.0378306769
v -0.312693745 -0.0543773733 0.0306599811
v -0.303257465 -0.0543853641 0.030659195
v -0.293820709 -0.0543635376 0.0450940914
v -0.293820709 -0.0550789237 0.0378306806
v -0.293821216 -0.0543773733 0.0306599829
v -0.292806387 -0.0519375615 0.0519510806
v -0.292806387 -0.0540372953 0.0450291969
v -0.292806387 -0.0547462851 0.0378306806
v -0.292807907 -0.0540503375 0.0307134222
v -0.291979551 -0.0477515608 0.05781167
v -0.291699767 -0.0468800999 0.0572293773
v -0.291979551 -0.0510750711 0.0515938252
v -0.291699767 -0.0501067564 0.0511927344
v -0.291979551 -0.0531216748 0.0448470712
v -0.291699767 -0.0520937145 0.0446425974
v -0.291979551 -0.0538127311 0.0378306806
v -0.291699767 -0.0527646318 0.0378306806
v -0.291980475 -0.0531305335 0.0308620129
v -0.291700006 -0.0520984344 0.0310428925
v -0.062368691 -0.310731411 0.0750617012
v -0.0749705434 -0.284856081 0.0677343458
v -0.0743302926 -0.284769922 0.0668628812
v -0.0696523041 -0.287453473 0.0719203427
v -0.0690570176 -0.286777496 0.0710578486
v -0.0685891062 -0.286635369 0.0700895339
v -0.063069202 -0.289592475 0.0740200728
v -0.0626404807 -0.288862377 0.0731044561
v -0.0623595566 -0.288659453 0.0720764995
v -0.056536451 -0.292781591 0.0750617012
v -0.0562230088 -0.29181692 0.0747290626
v -0.0559675023 -0.291030556 0.0737955123
v -0.055881042 -0.290764451 0.0727474093
v -0.0554607809 -0.312975913 0.0743463114
v -0.0488183349 -0.315134168 0.0722276568
v -0.0496285371 -0.295026124 0.0743463188
v -0.042986095 -0.297184378 0.0722276568
v -0.042696625 -0.317123234 0.0687871426
v -0.0493768156 -0.294041395 0.0740200728
v -0.0397762209 -0.308149725 0.0687938854
v -0.0373308994 -0.31886667 0.0641569793
v -0.0492945202 -0.293198735 0.0731044561
v -0.0494025275 -0.292869449 0.072076492
v -0.042793721 -0.296180367 0.0719203427
v -0.0428779796 -0.295283586 0.0710578486
v -0.0431729816 -0.294893563 0.0700895339
v -0.036864385 -0.299173445 0.0687871426
v -0.036726702 -0.298151642 0.0685105696
v -0.0369644612 -0.297205001 0.0677343458
v -0.0374317952 -0.29675898 0.0668628812
v -0.0344093256 -0.309893519 0.0641627163
v -0.0314986557 -0.300916851 0.0641569868
v -0.0314089134 -0.299879521 0.0639217794
v -0.0317812189 -0.29888913 0.063261658
v -0.032399606 -0.298394024 0.0625205338
v -0.0329273604 -0.32029745 0.058515124
v -0.0300048292 -0.311324626 0.0585196279
v -0.0296552368 -0.321360648 0.0520783737
v -0.0270951185 -0.30234766 0.0585151277
v -0.026731994 -0.312388033 0.0520814769
v -0.0276402719 -0.322015345 0.0450940877
v -0.0270447191 -0.301297516 0.0583303235
v -0.0238229949 -0.303410828 0.0520783775
v -0.0247165915 -0.313042879 0.045095671
v -0.0269599017 -0.322236389 0.0378306769
v -0.027626954 -0.3220191 0.0306599811
v -0.0240360722 -0.313264012 0.0378306769
v -0.0218080301 -0.304065526 0.0450940914
v -0.0211276598 -0.304286599 0.0378306806
v -0.0217950325 -0.304070294 0.0306599829
v -0.0238018315 -0.302351207 0.0519510806
v -0.0218048654 -0.303000033 0.0450291969
v -0.0211305749 -0.30321914 0.0378306806
v -0.0217929296 -0.303005517 0.0307134222
v -0.0275274422 -0.300271273 0.05781167
v -0.028269792 -0.299735874 0.0572293773
v -0.0243666004 -0.30129829 0.0515938252
v -0.0252010617 -0.30073297 0.0511927344
v -0.0224201623 -0.301930726 0.0448470712
v -0.0233113505 -0.301346987 0.0446425974
v -0.0217629299 -0.302144289 0.0378306806
v -0.0226732697 -0.301554292 0.0378306806
v -0.0224120226 -0.301934332 0.0308620129
v -0.0233069453 -0.301348686 0.0310428925
v 0.293535024 -0.163164154 0.0750617012
v 0.265031934 -0.167153314 0.0677343458
v 0.265147835 -0.166517779 0.0668628812
v 0.269145638 -0.162898004 0.0719203427
v 0.268686682 -0.16212298 0.0710578486
v 0.2686961 -0.161634028 0.0700895339
v 0.273996651 -0.15794678 0.0743463188
v 0.273214221 -0.157298088 0.0740200728
v 0.272652328 -0.156664729 0.0731044561
v 0.272546172 -0.156334862 0.0720764995
v 0.278265983 -0.152070567 0.0750617012
v 0.277445376 -0.151474357 0.0747290626
v 0.276776463 -0.150988355 0.0737955123
v 0.276550114 -0.150823906 0.0727474093
v 0.297804326 -0.157287925 0.0743463114
v 0.301909596 -0.151637524 0.0722276568
v 0.282535315 -0.146194339 0.0743463188
v 0.286640555 -0.140543938 0.0722276568
v 0.30569303 -0.14643009 0.0687871426
v 0.281676561 -0.14565064 0.0740200728
v 0.298061162 -0.140879646 0.0687938854
v 0.309009224 -0.141865715 0.0641569793
v 0.280900598 -0.145311981 0.0731044561
v 0.280554056 -0.14531295 0.072076492
v 0.285745144 -0.140050724 0.0719203427
v 0.284866214 -0.139853731 0.0710578486
v 0.284404129 -0.140013769 0.0700895339
v 0.290423989 -0.135336488 0.0687871426
v 0.289494783 -0.134889796 0.0685105696
v 0.288520992 -0.134823397 0.0677343458
v 0.287952363 -0.135130018 0.0668628812
v 0.293740183 -0.130772129 0.0641569868
v 0.292781353 -0.130366221 0.0639217794
v 0.291724414 -0.130414262 0.063261658
v 0.291062444 -0.130849376 0.0625205338
v 0.311730772 -0.138119847 0.058515124
v 0.313753039 -0.135336399 0.0520783737
v 0.296461731 -0.127026245 0.0585151277
v 0.298484027 -0.124242812 0.0520783775
v 0.314998358 -0.133622378 0.0450940877
v 0.295478553 -0.126653805 0.0583303235
v 0.307368517 -0.128069147 0.045095671
v 0.315418839 -0.133043617 0.0378306769
v 0.315006077 -0.133610874 0.0306599811
v 0.300149828 -0.121950023 0.0378306806
v 0.307376683 -0.128057912 0.030659195
v 0.299729317 -0.122528784 0.0450940914
v 0.299737871 -0.122517891 0.0306599829
v 0.297482789 -0.123895243 0.0519510806
v 0.298716962 -0.122196518 0.0450291969
v 0.299133718 -0.121622927 0.0378306806
v 0.298725873 -0.122186862 0.0307134222
v 0.294353396 -0.126795784 0.05781167
v 0.293614805 -0.127336353 0.0572293773
v 0.296306878 -0.124107003 0.0515938252
v 0.295511365 -0.12472593 0.0511927344
v 0.297509849 -0.122451261 0.0448470712
v 0.296679288 -0.123118445 0.0446425974
v 0.297916055 -0.121892184 0.0378306806
v 0.297073632 -0.122575663 0.0378306806
v 0.29751581 -0.122444637 0.0308620129
v 0.296682268 -0.12311478 0.0310428925
v 0.263170183 0.220921159 0.0750617012
v 0.25815621 0.192580387 0.0677343458
v 0.257587582 0.192887008 0.0668628812
v 0.255380362 0.197807714 0.0719203427
v 0.254501432 0.197610721 0.0710578486
v 0.254039317 0.197770759 0.0700895339
v 0.251311779 0.20340763 0.0740200728
v 0.250535786 0.203068957 0.0731044561
v 0.250189245 0.203069925 0.0720764995
v 0.247901171 0.209827542 0.0750617012
v 0.247080579 0.209231347 0.0747290626
v 0.246411651 0.208745331 0.0737955123
v 0.246185288 0.208580881 0.0727474093
v 0.258900851 0.226797372 0.0743463114
v 0.254795581 0.232447773 0.0722276568
v 0.24363184 0.215703771 0.0743463188
v 0.251012146 0.237655222 0.0687871426
v 0.24284938 0.215055063 0.0740200728
v 0.23952657 0.221354172 0.0722276568
v 0.235743135 0.226561606 0.0687871426
v 0.247695938 0.242219582 0.0641569793
v 0.242287502 0.214421704 0.0731044561
v 0.242181346 0.214091837 0.072076492
v 0.238780797 0.220654979 0.0719203427
v 0.238321856 0.21987994 0.0710578486
v 0.238331258 0.219391003 0.0700895339
v 0.235031173 0.225815892 0.0685105696
v 0.234667093 0.224910289 0.0677343458
v 0.234783009 0.22427474 0.0668628812
v 0.232426926 0.231125966 0.0641569868
v 0.231744587 0.230339468 0.0639217794
v 0.231463656 0.229319409 0.063261658
v 0.231672928 0.228555381 0.0625205338
v 0.24497439 0.245965451 0.058515124
v 0.242952108 0.248748884 0.0520783737
v 0.229705378 0.234871835 0.0585151277
v 0.235313192 0.243208125 0.0520814769
v 0.241706789 0.250462919 0.0450940877
v 0.229047358 0.234051883 0.0583303235
v 0.227683097 0.237655267 0.0520783775
v 0.234067604 0.244922534 0.045095671
v 0.241286293 0.251041681 0.0378306769
v 0.241698235 0.250473797 0.0306599811
v 0.234059453 0.244933754 0.0306591969
v 0.226437777 0.239369303 0.0450940914
v 0.226017281 0.239948049 0.0378306806
v 0.226430058 0.239380792 0.0306599848
v 0.227043137 0.236810446 0.0519510806
v 0.225808933 0.238509163 0.0450291969
v 0.225392208 0.239082739 0.0378306806
v 0.225802496 0.238520607 0.0307134241
v 0.228834674 0.232937887 0.05781167
v 0.229120553 0.232068405 0.0572293773
v 0.226881161 0.235626668 0.0515938252
v 0.227223977 0.23467882 0.0511927344
v 0.225678191 0.237282395 0.0448470712
v 0.226056069 0.236286312 0.0446425974
v 0.225272 0.237841472 0.0378306806
v 0.22566171 0.236829087 0.0378306806
v 0.225673735 0.237290114 0.0308620147
v 0.226053506 0.236290276 0.0310428943
v -0.111500226 0.310732275 0.0750617012
v -0.0860959589 0.297205865 0.0677343458
v -0.0865632966 0.296759844 0.0668628812
v -0.0919252262 0.296181232 0.0719203427
v -0.0920094922 0.29528445 0.0710578486
v -0.0923044905 0.294894427 0.0700895339
v -0.0985083282 0.294042259 0.0740200728
v -0.0984260365 0.293199599 0.0731044561
v -0.0985340402 0.292870313 0.0720764995
v -0.105667971 0.292782456 0.0750617012
v -0.105354533 0.291817784 0.0747290626
v -0.105099022 0.29103142 0.0737955123
v -0.105012558 0.290765315 0.0727474093
v -0.118408144 0.308487743 0.0743463114
v -0.112575889 0.290537924 0.0743463188
v -0.125050589 0.306329489 0.0722276568
v -0.119218342 0.288379669 0.0722276568
v -0.131172299 0.304340422 0.0687871426
v -0.11220073 0.289593309 0.0740200728
v -0.136538044 0.302596986 0.0641569793
v -0.111772008 0.288863212 0.0731044561
v -0.111491084 0.288660318 0.072076492
v -0.118783832 0.287454337 0.0719203427
v -0.118188553 0.286778361 0.0710578486
v -0.117720634 0.286636204 0.0700895339
v -0.125340059 0.286390603 0.0687871426
v -0.124850854 0.285483032 0.0685105696
v -0.124102078 0.284856945 0.0677343458
v -0.12346182 0.284770787 0.0668628812
v -0.130705789 0.284647167 0.0641569868
v -0.130168647 0.283755183 0.0639217794
v -0.129285321 0.283172786 0.063261658
v -0.128494024 0.283135712 0.0625205338
v -0.140941575 0.301166177 0.058515124
v -0.144213706 0.300103009 0.0520783737
v -0.13510932 0.283216357 0.058515124
v -0.146228671 0.299448311 0.0450940877
v -0.134532839 0.282337159 0.0583303235
v -0.138381451 0.282153189 0.0520783775
v -0.146909043 0.299227238 0.0378306769
v -0.146241665 0.299443543 0.0306599811
v -0.141076788 0.281277418 0.0378306806
v -0.140396416 0.281498492 0.0450940914
v -0.140409738 0.281494707 0.0306599829
v -0.137775734 0.281283498 0.0519510806
v -0.139772698 0.280634642 0.0450291969
v -0.140446991 0.280415535 0.0378306806
v -0.139785573 0.280632049 0.0307134222
v -0.133539096 0.281790644 0.05781167
v -0.132623836 0.281793863 0.0572293773
v -0.136699945 0.280763626 0.0515938252
v -0.135692567 0.280796766 0.0511927344
v -0.138646379 0.280131191 0.0448470712
v -0.137582272 0.280182749 0.0446425974
v -0.139303625 0.279917657 0.0378306806
v -0.138220355 0.279975444 0.0378306806
v -0.138655096 0.280129343 0.0308620129
v -0.137586847 0.280181557 0.0310428925
v -0.293578029 0.00153068732 0.0668327883
v -0.293578029 0.00681636296 0.0624949411
v -0.293497175 0.00645432808 0.0621329062
v -0.293497175 0.0107285008 0.0569248162
v -0.29372403 -0.00443263492 0.0702180043
v -0.29372403 0.00162805163 0.0669785067
v -0.293578029 0.0111542065 0.0572092645
v -0.293497175 0.013904497 0.0509829447
v -0.29372403 0.00694028707 0.0626188666
v -0.293578029 0.0143775167 0.0511788763
v -0.293497175 0.0158602633 0.0445356406
v -0.294061661 0.00699334173 0.0626719221
v -0.293578029 0.0163624194 0.0446355268
v -0.293497175 0.0165206436 0.0378306694
v -0.29372403 0.0145394308 0.0512459427
v -0.294061661 0.0113623124 0.0573483147
v -0.303257465 0.00698646484 0.0626650453
v -0.293578029 0.0170326363 0.0378306657
v -0.293496847 0.0158546101 0.0310968012
v -0.293722183 0.0165186618 0.0308941714
v -0.29372403 0.0165343061 0.0446697176
v -0.29372403 0.0172078926 0.0378306657
v -0.294061661 0.0166078936 0.0446843542
v -0.294061661 0.0172829218 0.0378306657
v -0.303257465 0.0145997647 0.051270932
v -0.303257465 0.017273197 0.0378306657
v -0.312453926 0.0165913012 0.0308657847
v -0.3124533 0.0172829218 0.0378306657
v -0.3124533 0.0166078936 0.0446843505
v -0.3124533 0.0146087511 0.0512746535
v -0.3124533 0.0113623124 0.0573483109
v -0.312936902 0.0170326363 0.0378306657
v -0.312938005 0.0163518004 0.0309686009
v -0.31279093 0.0165343061 0.0446697138
v -0.312936902 0.0143775167 0.0511788726
v -0.31279093 0.0112999268 0.0573066287
v -0.313017786 0.0165206436 0.0378306657
v -0.313018084 0.0158546101 0.0310967974
v -0.313017786 0.0158602633 0.0445356369
v -0.312936902 0.0163624175 0.0446355231
v -0.313017786 0.0139044961 0.0509829409
v -0.313017786 0.0107284999 0.0569248125
v -0.312936932 0.0111542065 0.0572092645
v -0.0748915896 -0.286562502 0.0668327883
v -0.0799185634 -0.284929127 0.0624949411
v -0.0795492604 -0.284964114 0.0621329062
v -0.0836142376 -0.283643305 0.0569248162
v -0.0692652464 -0.288544089 0.0702180043
v -0.0750292987 -0.286671251 0.0669785067
v -0.0631291419 -0.290892839 0.0722864717
v -0.0693968907 -0.288856328 0.0702873245
v -0.0840440989 -0.283588678 0.0572092645
v -0.0866347849 -0.282661885 0.0509829447
v -0.0800815299 -0.28502968 0.0626188666
v -0.07515724 -0.306677818 0.0702180043
v -0.0871096477 -0.282592624 0.0511788763
v -0.0884948298 -0.282057494 0.0445356406
v -0.0842277929 -0.283682466 0.0573066324
v -0.0808566064 -0.304470956 0.0670408905
v -0.0873087421 -0.282681406 0.0512459427
v -0.0843914598 -0.283984303 0.0573483147
v -0.0859196484 -0.302825868 0.0626719147
v -0.0896348134 -0.281772137 0.0378306657
v -0.0891228914 -0.281853437 0.0378306694
v -0.0884893537 -0.282058954 0.0310968012
v -0.0889869556 -0.281981468 0.0309686046
v -0.0892059803 -0.282064974 0.0446697176
v -0.0898466036 -0.281856805 0.0378306657
v -0.0891905352 -0.282068044 0.0308941714
v -0.0900222957 -0.282154739 0.0378306657
v -0.0922128931 -0.291112006 0.0446824543
v -0.0928547084 -0.290903479 0.0378306657
v -0.092197068 -0.291117162 0.0308667291
v -0.0957385972 -0.299990505 0.0378306657
v -0.0950480402 -0.299860537 0.0308657847
v -0.0950979814 -0.300198674 0.0446697138
v -0.0931623355 -0.300472587 0.0512746535
v -0.0900747851 -0.301475793 0.0573483109
v -0.0950836614 -0.300205231 0.0308941677
v -0.0932007432 -0.300815105 0.0512459427
v -0.090119794 -0.301816165 0.0573066287
v -0.0956170261 -0.300183505 0.0378306657
v -0.0949698538 -0.300394952 0.0309686009
v -0.0951550826 -0.300418615 0.0378306657
v -0.094521746 -0.300624758 0.0310967974
v -0.0945270211 -0.300622702 0.0445356369
v -0.0926669836 -0.301227063 0.0509829409
v -0.0930918604 -0.301003993 0.0511788726
v -0.0896464288 -0.302208513 0.0569248125
v -0.0900263116 -0.302000046 0.0572092645
v 0.266679227 -0.167605534 0.0668327883
v 0.263572365 -0.171881735 0.0624949411
v 0.263719767 -0.171541318 0.0621329062
v 0.261207461 -0.174999192 0.0569248162
v 0.274432421 -0.15775694 0.0722864717
v 0.270558745 -0.163088605 0.0702873245
v 0.270302474 -0.16286692 0.0702180043
v 0.261055112 -0.175594822 0.0573066324
v 0.259340644 -0.177568629 0.0509829447
v 0.2638596 -0.172309175 0.0626719221
v 0.266988724 -0.168002293 0.0670408905
v 0.278000504 -0.168490753 0.0702783391
v 0.259128034 -0.177998841 0.0511788763
v 0.258191079 -0.179150879 0.0445356406
v 0.257961333 -0.179604664 0.0446355268
v 0.257802933 -0.179685146 0.0378306694
v 0.261291593 -0.17584376 0.0573483147
v 0.271303236 -0.17770879 0.0626650453
v 0.257567406 -0.180146888 0.0378306657
v 0.258194149 -0.179146126 0.0310968012
v 0.257966697 -0.179595426 0.0309686046
v 0.25797841 -0.179829523 0.0446697176
v 0.257582486 -0.180374473 0.0378306657
v 0.257986128 -0.179815799 0.0308941714
v 0.25938338 -0.178470179 0.0512746572
v 0.258208305 -0.180087522 0.0446843542
v 0.258217543 -0.180073723 0.0308657866
v 0.268735915 -0.181242377 0.0573429093
v 0.274262547 -0.18928051 0.0512746535
v 0.265653491 -0.185484976 0.0446824543
v 0.265256822 -0.186030924 0.0378306657
v 0.273097724 -0.190884799 0.0308657847
v 0.272690684 -0.191443965 0.0378306657
v 0.273087472 -0.190897852 0.0446843505
v 0.27617076 -0.186654091 0.0573483109
v 0.273007959 -0.191581726 0.0378306657
v 0.273414552 -0.191025198 0.0308941677
v 0.273403883 -0.191036776 0.0446697138
v 0.274576426 -0.189422891 0.0512459427
v 0.276480556 -0.186802074 0.0573066287
v 0.273229063 -0.191525742 0.0378306657
v 0.273630142 -0.190975577 0.0309686009
v 0.273595423 -0.191159055 0.0378306657
v 0.273987174 -0.190620422 0.0310967974
v 0.273983598 -0.190624803 0.0445356369
v 0.273623019 -0.190983519 0.0446355231
v 0.275133163 -0.189042553 0.0509829409
v 0.274789691 -0.18937771 0.0511788726
v 0.27699995 -0.186473116 0.0569248125
v 0.276684314 -0.186769992 0.0572092645
v 0.259270668 0.194014341 0.0669785067
v 0.262202173 0.189731106 0.0624949411
v 0.261923939 0.189976469 0.0621329062
v 0.264436245 0.186518595 0.0569248162
v 0.248096108 0.209969163 0.0729615018
v 0.267003745 0.215234786 0.0722864717
v 0.252124608 0.204424426 0.0722864717
v 0.255708277 0.198917538 0.0702180043
v 0.264751911 0.186221719 0.0572092645
v 0.266303062 0.183949158 0.0509829447
v 0.262393117 0.189716652 0.0626188666
v 0.270877451 0.209903136 0.0702873245
v 0.2668598 0.18356882 0.0512459427
v 0.267452627 0.182366908 0.0445356406
v 0.26495564 0.186189637 0.0573066287
v 0.262697458 0.18987219 0.0626719221
v 0.268032342 0.181954935 0.0446697176
v 0.267840803 0.181832656 0.0378306657
v 0.268428266 0.18141 0.0378306657
v 0.267449051 0.182371303 0.0310968012
v 0.267806083 0.182016134 0.0309686027
v 0.268021673 0.181966513 0.0308941696
v 0.268348753 0.182093859 0.0446843542
v 0.268745512 0.181547746 0.0378306657
v 0.274607986 0.189123645 0.051270932
v 0.275782704 0.18750675 0.0446824543
v 0.276179373 0.186960801 0.0378306657
v 0.283624679 0.192358106 0.0378306657
v 0.283218652 0.192918003 0.0308657829
v 0.283457786 0.193162203 0.0446697138
v 0.282052845 0.194521561 0.0512746535
v 0.280144632 0.19714798 0.0573483109
v 0.28385371 0.192617267 0.037830662
v 0.283450067 0.193175942 0.0308941677
v 0.282285243 0.194776103 0.051245939
v 0.280381113 0.197396904 0.0573066249
v 0.283868819 0.192844853 0.0378306657
v 0.283469528 0.193396315 0.0309686009
v 0.283633292 0.193306595 0.0378306657
v 0.283242047 0.193845615 0.0310967974
v 0.283245116 0.193840861 0.0445356369
v 0.283474863 0.193387076 0.0446355231
v 0.282095551 0.195423111 0.0509829409
v 0.282308161 0.1949929 0.0511788726
v 0.280228734 0.197992533 0.0569248125
v 0.280413538 0.197600603 0.0572092608
v -0.112260669 0.290893704 0.0722864717
v -0.111425765 0.310503125 0.0729615018
v -0.105742425 0.293011606 0.0729615018
v -0.0991337746 0.294803888 0.0722128823
v -0.0871628448 0.298539996 0.0668327883
v -0.0821358636 0.300173342 0.0624949411
v -0.082455188 0.299984574 0.0621329062
v -0.0783902109 0.301305354 0.0569248162
v -0.0928794071 0.296836048 0.0702180043
v -0.0871153548 0.298708916 0.0669785067
v -0.104907528 0.312621027 0.0722864717
v -0.0780103281 0.301513821 0.0572092645
v -0.0753696561 0.302286804 0.0509829447
v -0.0820631161 0.300350487 0.0626188666
v -0.0749447718 0.302509874 0.0511788763
v -0.0735096112 0.302891165 0.0445356406
v -0.0779168457 0.301697671 0.0573066324
v -0.0821169913 0.300687969 0.0626719221
v -0.0730570182 0.303123236 0.0446355268
v -0.0728815496 0.303095222 0.0378306694
v -0.0748358965 0.302698731 0.0512459427
v -0.0779618472 0.302038074 0.0573483147
v -0.0879551247 0.318484217 0.0626188666
v -0.072298035 0.303523332 0.0378306694
v -0.0735148862 0.302889109 0.0310968012
v -0.0730667785 0.303118914 0.0309686046
v -0.0729386583 0.303315192 0.0446697176
v -0.0729529709 0.303308606 0.0308941714
v -0.0748743042 0.303041279 0.0512746572
v -0.0729885921 0.30365333 0.0308657866
v -0.0777245164 0.311784238 0.051270932
v -0.0758237466 0.312401861 0.0446824543
v -0.0786723122 0.321146011 0.0308657847
v -0.0780143514 0.321359128 0.0378306657
v -0.0788306594 0.321448922 0.0446697138
v -0.0805576369 0.320532769 0.0512746535
v -0.0838088542 0.319831401 0.0573066287
v -0.0781900436 0.321657062 0.0378306657
v -0.0790496841 0.321532398 0.0309686009
v -0.080727905 0.320832461 0.0512459427
v -0.0784018338 0.32174173 0.0378306657
v -0.0789137557 0.321660429 0.0378306657
v -0.079547286 0.321454912 0.0310967993
v -0.0795418099 0.321456373 0.0445356369
v -0.0790392458 0.321534634 0.0446355231
v -0.0814018622 0.320852011 0.0509829409
v -0.0809269994 0.320921272 0.0511788726
v -0.0844224095 0.319870561 0.0569248125
v -0.0839925557 0.319925219 0.0572092645
v -0.315863013 -0.00677165948 0.0298479646
v -0.303124994 -0.00677165948 0.0298479646
v -0.303124994 -0.00842833612 0.0278293006
v -0.315863013 -0.00842833705 0.0278293006
v -0.290387005 -0.00677165901 0.0298479646
v -0.290387005 -0.00842833705 0.0278293006
v -0.0738820136 -0.310322315 0.0298479646
v -0.0699457601 -0.29820776 0.0298479646
v -0.0683701709 -0.298719704 0.0278293006
v -0.0723064244 -0.310834259 0.0278293006
v -0.0660095066 -0.286093205 0.0298479646
v -0.0644339174 -0.28660515 0.0278293006
v 0.289588124 -0.173987553 0.0298479646
v 0.279282868 -0.16650036 0.0298479646
v 0.280256659 -0.165160075 0.0278293006
v 0.290561914 -0.172647282 0.0278293006
v 0.268977612 -0.159013152 0.0298479646
v 0.269951373 -0.157672867 0.0278293006
v 0.272244215 0.213822857 0.0298479646
v 0.261938959 0.206335634 0.0298479646
v 0.260965198 0.207675904 0.0278293006
v 0.271270454 0.215163127 0.0278293006
v 0.251633704 0.198848411 0.0298479646
v 0.250659943 0.200188681 0.0278293006
v -0.101945281 0.317168683 0.0298479646
v -0.0980090201 0.305054128 0.0298479646
v -0.0995846167 0.304542184 0.0278293006
v -0.103520878 0.316656739 0.0278293006
v -0.0940727592 0.292939544 0.0298479646
v -0.0956483558 0.292427629 0.0278293006
v -0.315863013 -0.0152490549 0.0503142141
v -0.303124994 -0.0152490539 0.0503142104
v -0.303124994 -0.0127500705 0.0495561548
v -0.315863013 -0.0127500724 0.0495561548
v -0.290387005 -0.0152490539 0.0503142141
v -0.290387005 -0.0127500715 0.0495561548
v -0.0658195391 -0.312941968 0.0503142141
v -0.0618832856 -0.300827414 0.0503142104
v -0.0642599612 -0.300055176 0.0495561548
v -0.0681962073 -0.312169731 0.0495561548
v -0.0579470284 -0.288712859 0.0503142141
v -0.060323704 -0.287940621 0.0495561548
v 0.294571012 -0.167129204 0.0503142141
v 0.284265757 -0.159641996 0.0503142104
v 0.28279689 -0.161663711 0.0495561548
v 0.293102145 -0.169150919 0.0495561548
v 0.273960501 -0.152154788 0.0503142141
v 0.272491634 -0.154176503 0.0495561548
v 0.267261326 0.220681205 0.0503142141
v 0.256956071 0.213193983 0.0503142104
v 0.258424938 0.211172268 0.0495561548
v 0.268730193 0.21865949 0.0495561548
v 0.246650815 0.20570676 0.0503142141
v 0.248119682 0.203685045 0.0495561548
v -0.11000777 0.314549029 0.0503142141
v -0.106071509 0.302434444 0.0503142104
v -0.103694834 0.303206682 0.0495561548
v -0.107631095 0.315321237 0.0495561548
v -0.102135248 0.29031989 0.0503142141
v -0.0997585729 0.291092128 0.0495561548
v -0.315863013 -0.00554064009 0.0321510397
v -0.303124994 -0.0055406387 0.0321510397
v -0.303124994 -0.00677165948 0.0298479646
v -0.315863013 -0.00677165948 0.0298479646
v -0.290387005 -0.00554063963 0.0321510397
v -0.290387005 -0.00677165901 0.0298479646
v -0.0750527829 -0.309941888 0.0321510397
v -0.0711165294 -0.297827363 0.0321510397
v -0.0699457601 -0.29820776 0.0298479646
v -0.0738820136 -0.310322315 0.0298479646
v -0.0671802759 -0.285712808 0.0321510397
v -0.0660095066 -0.286093205 0.0298479646
v 0.288864553 -0.174983472 0.0321510397
v 0.278559297 -0.167496264 0.0321510397
v 0.279282868 -0.16650036 0.0298479646
v 0.289588124 -0.173987553 0.0298479646
v 0.268254042 -0.160009056 0.0321510397
v 0.268977612 -0.159013152 0.0298479646
v 0.272967786 0.212826937 0.0321510397
v 0.26266253 0.205339715 0.0321510397
v 0.261938959 0.206335634 0.0298479646
v 0.272244215 0.213822857 0.0298479646
v 0.252357274 0.197852492 0.0321510397
v 0.251633704 0.198848411 0.0298479646
v -0.100774512 0.31754908 0.0321510397
v -0.0968382508 0.305434525 0.0321510397
v -0.0980090201 0.305054128 0.0298479646
v -0.101945281 0.317168683 0.0298479646
v -0.0929019898 0.29331997 0.0321510397
v -0.0940727592 0.292939544 0.0298479646
v -0.315863013 -0.0127500724 0.0495561548
v -0.303124994 -0.0127500705 0.0495561548
v -0.303124994 -0.0104469936 0.0483251363
v -0.315863013 -0.0104469955 0.0483251363
v -0.290387005 -0.0127500715 0.0495561548
v -0.290387005 -0.0104469946 0.0483251363
v -0.0681962073 -0.312169731 0.0495561548
v -0.0642599612 -0.300055176 0.0495561548
v -0.0664503127 -0.299343497 0.0483251363
v -0.0703865662 -0.311458051 0.0483251363
v -0.060323704 -0.287940621 0.0495561548
v -0.0625140592 -0.287228942 0.0483251363
v 0.293102145 -0.169150919 0.0495561548
v 0.28279689 -0.161663711 0.0495561548
v 0.281443179 -0.163526937 0.0483251363
v 0.291748434 -0.171014145 0.0483251363
v 0.272491634 -0.154176503 0.0495561548
v 0.271137923 -0.156039745 0.0483251363
v 0.268730193 0.21865949 0.0495561548
v 0.258424938 0.211172268 0.0495561548
v 0.259778649 0.209309042 0.0483251363
v 0.270083904 0.216796264 0.0483251363
v 0.248119682 0.203685045 0.0495561548
v 0.249473393 0.201821819 0.0483251363
v -0.107631095 0.315321237 0.0495561548
v -0.103694834 0.303206682 0.0495561548
v -0.101504475 0.303918391 0.0483251363
v -0.105440736 0.316032946 0.0483251363
v -0.0997585729 0.291092128 0.0495561548
v -0.0975682139 0.291803807 0.0483251363
v -0.315863013 -0.00478258077 0.034650024
v -0.303124994 -0.00478258077 0.034650024
v -0.303124994 -0.0055406387 0.0321510397
v -0.315863013 -0.00554064009 0.0321510397
v -0.290387005 -0.00478258077 0.034650024
v -0.290387005 -0.00554063963 0.0321510397
v -0.0757737383 -0.309707642 0.034650024
v -0.0718374848 -0.297593087 0.034650024
v -0.0711165294 -0.297827363 0.0321510397
v -0.0750527829 -0.309941888 0.0321510397
v -0.0679012313 -0.285478562 0.034650024
v -0.0671802759 -0.285712808 0.0321510397
v 0.288418978 -0.175596759 0.034650024
v 0.278113723 -0.168109551 0.034650024
v 0.278559297 -0.167496264 0.0321510397
v 0.288864553 -0.174983472 0.0321510397
v 0.267808467 -0.160622343 0.034650024
v 0.268254042 -0.160009056 0.0321510397
v 0.27341336 0.21221365 0.034650024
v 0.263108104 0.204726428 0.034650024
v 0.26266253 0.205339715 0.0321510397
v 0.272967786 0.212826937 0.0321510397
v 0.252802879 0.197239205 0.034650024
v 0.252357274 0.197852492 0.0321510397
v -0.100053556 0.317783326 0.034650024
v -0.0961172953 0.305668771 0.034650024
v -0.0968382508 0.305434525 0.0321510397
v -0.100774512 0.31754908 0.0321510397
v -0.0921810344 0.293554217 0.034650024
v -0.0929019898 0.29331997 0.0321510397
v -0.315863013 -0.0104469955 0.0483251363
v -0.303124994 -0.0104469936 0.0483251363
v -0.303124994 -0.0084283296 0.0466684625
v -0.315863013 -0.00842833146 0.0466684625
v -0.290387005 -0.0104469946 0.0483251363
v -0.290387005 -0.00842833053 0.0466684625
v -0.0703865662 -0.311458051 0.0483251363
v -0.0664503127 -0.299343497 0.0483251363
v -0.0683701783 -0.298719704 0.0466684625
v -0.0723064318 -0.310834259 0.0466684625
v -0.0625140592 -0.287228942 0.0483251363
v -0.0644339174 -0.28660515 0.0466684625
v 0.291748434 -0.171014145 0.0483251363
v 0.281443179 -0.163526937 0.0483251363
v 0.280256629 -0.165160075 0.0466684625
v 0.290561914 -0.172647282 0.0466684625
v 0.271137923 -0.156039745 0.0483251363
v 0.269951373 -0.157672867 0.0466684625
v 0.270083904 0.216796264 0.0483251363
v 0.259778649 0.209309042 0.0483251363
v 0.260965198 0.207675904 0.0466684625
v 0.271270454 0.215163127 0.0466684625
v 0.249473393 0.201821819 0.0483251363
v 0.250659943 0.200188681 0.0466684625
v -0.105440736 0.316032946 0.0483251363
v -0.101504475 0.303918391 0.0483251363
v -0.0995846093 0.304542184 0.0466684625
v -0.10352087 0.316656739 0.0466684625
v -0.0975682139 0.291803807 0.0483251363
v -0.0956483483 0.292427629 0.0466684625
v -0.315863013 -0.00452661468 0.0372488797
v -0.303124994 -0.00452661328 0.0372488797
v -0.303124994 -0.00478258077 0.034650024
v -0.315863013 -0.00478258077 0.034650024
v -0.290387005 -0.00452661468 0.0372488797
v -0.290387005 -0.00478258077 0.034650024
v -0.0760171786 -0.309628546 0.0372488797
v -0.0720809251 -0.297513992 0.0372488797
v -0.0718374848 -0.297593087 0.034650024
v -0.0757737383 -0.309707642 0.034650024
v -0.0681446716 -0.285399437 0.0372488797
v -0.0679012313 -0.285478562 0.034650024
v 0.288268536 -0.17580384 0.0372488797
v 0.277963281 -0.168316633 0.0372488797
v 0.278113723 -0.168109551 0.034650024
v 0.288418978 -0.175596759 0.034650024
v 0.267658025 -0.160829425 0.0372488797
v 0.267808467 -0.160622343 0.034650024
v 0.273563832 0.212006569 0.0372488797
v 0.263258576 0.204519346 0.0372488797
v 0.263108104 0.204726428 0.034650024
v 0.27341336 0.21221365 0.034650024
v 0.252953321 0.197032124 0.0372488797
v 0.252802879 0.197239205 0.034650024
v -0.099810116 0.317862451 0.0372488797
v -0.0958738551 0.305747867 0.0372488797
v -0.0961172953 0.305668771 0.034650024
v -0.100053556 0.317783326 0.034650024
v -0.0919375941 0.293633312 0.0372488797
v -0.0921810344 0.293554217 0.034650024
v -0.315863013 -0.00842833146 0.0466684625
v -0.303124994 -0.0084283296 0.0466684625
v -0.303124994 -0.00677165575 0.0446497984
v -0.315863013 -0.00677165715 0.0446497984
v -0.290387005 -0.00842833053 0.0466684625
v -0.290387005 -0.00677165668 0.0446497984
v -0.0723064318 -0.310834259 0.0466684625
v -0.0683701783 -0.298719704 0.0466684625
v -0.0699457675 -0.29820776 0.0446497984
v -0.073882021 -0.310322315 0.0446497984
v -0.0644339174 -0.28660515 0.0466684625
v -0.066009514 -0.286093205 0.0446497984
v 0.290561914 -0.172647282 0.0466684625
v 0.280256629 -0.165160075 0.0466684625
v 0.279282868 -0.16650036 0.0446497984
v 0.289588124 -0.173987567 0.0446497984
v 0.269951373 -0.157672867 0.0466684625
v 0.268977612 -0.159013152 0.0446497984
v 0.271270454 0.215163127 0.0466684625
v 0.260965198 0.207675904 0.0466684625
v 0.261938959 0.206335619 0.0446497984
v 0.272244215 0.213822842 0.0446497984
v 0.250659943 0.200188681 0.0466684625
v 0.251633704 0.198848397 0.0446497984
v -0.10352087 0.316656739 0.0466684625
v -0.0995846093 0.304542184 0.0466684625
v -0.0980090201 0.305054128 0.0446497984
v -0.101945281 0.317168683 0.0446497984
v -0.0956483483 0.292427629 0.0466684625
v -0.0940727592 0.292939574 0.0446497984
v -0.315863013 -0.00478257844 0.0398477353
v -0.303124994 -0.00478257705 0.0398477353
v -0.303124994 -0.00452661328 0.0372488797
v -0.315863013 -0.00452661468 0.0372488797
v -0.290387005 -0.00478257844 0.039847739
v -0.290387005 -0.00452661468 0.0372488797
v -0.0757737458 -0.309707642 0.0398477353
v -0.0718374923 -0.297593087 0.0398477353
v -0.0720809251 -0.297513992 0.0372488797
v -0.0760171786 -0.309628546 0.0372488797
v -0.0679012388 -0.285478532 0.039847739
v -0.0681446716 -0.285399437 0.0372488797
v 0.288418978 -0.175596759 0.0398477353
v 0.278113723 -0.168109551 0.0398477353
v 0.277963281 -0.168316633 0.0372488797
v 0.288268536 -0.17580384 0.0372488797
v 0.267808467 -0.160622343 0.039847739
v 0.267658025 -0.160829425 0.0372488797
v 0.27341336 0.21221365 0.0398477353
v 0.263108104 0.204726428 0.0398477353
v 0.263258576 0.204519346 0.0372488797
v 0.273563832 0.212006569 0.0372488797
v 0.252802879 0.197239205 0.039847739
v 0.252953321 0.197032124 0.0372488797
v -0.100053556 0.317783326 0.0398477353
v -0.0961172879 0.305668771 0.0398477353
v -0.0958738551 0.305747867 0.0372488797
v -0.099810116 0.317862451 0.0372488797
v -0.0921810344 0.293554217 0.039847739
v -0.0919375941 0.293633312 0.0372488797
v -0.315863013 -0.00677165715 0.0446497984
v -0.303124994 -0.00677165575 0.0446497984
v -0.303124994 -0.00554063637 0.0423467197
v -0.315863013 -0.00554063777 0.0423467197
v -0.290387005 -0.00677165668 0.0446497984
v -0.290387005 -0.0055406373 0.0423467234
v -0.315863013 -0.00554063777 0.0423467197
v -0.303124994 -0.00554063637 0.0423467197
v -0.303124994 -0.00478257705 0.0398477353
v -0.315863013 -0.00478257844 0.0398477353
v -0.290387005 -0.0055406373 0.0423467234
v -0.290387005 -0.00478257844 0.039847739
v -0.073882021 -0.310322315 0.0446497984
v -0.0699457675 -0.29820776 0.0446497984
v -0.0711165369 -0.297827363 0.0423467197
v -0.0750527903 -0.309941888 0.0423467197
v -0.066009514 -0.286093205 0.0446497984
v -0.0671802759 -0.285712808 0.0423467234
v -0.0750527903 -0.309941888 0.0423467197
v -0.0711165369 -0.297827363 0.0423467197
v -0.0718374923 -0.297593087 0.0398477353
v -0.0757737458 -0.309707642 0.0398477353
v -0.0671802759 -0.285712808 0.0423467234
v -0.0679012388 -0.285478532 0.039847739
v 0.289588124 -0.173987567 0.0446497984
v 0.279282868 -0.16650036 0.0446497984
v 0.278559297 -0.167496279 0.0423467197
v 0.288864553 -0.174983472 0.0423467197
v 0.268977612 -0.159013152 0.0446497984
v 0.268254042 -0.160009071 0.0423467234
v 0.288864553 -0.174983472 0.0423467197
v 0.278559297 -0.167496279 0.0423467197
v 0.278113723 -0.168109551 0.0398477353
v 0.288418978 -0.175596759 0.0398477353
v 0.268254042 -0.160009071 0.0423467234
v 0.267808467 -0.160622343 0.039847739
v 0.272244215 0.213822842 0.0446497984
v 0.261938959 0.206335619 0.0446497984
v 0.26266253 0.205339715 0.0423467197
v 0.272967786 0.212826937 0.0423467197
v 0.251633704 0.198848397 0.0446497984
v 0.252357274 0.197852492 0.0423467234
v 0.272967786 0.212826937 0.0423467197
v 0.26266253 0.205339715 0.0423467197
v 0.263108104 0.204726428 0.0398477353
v 0.27341336 0.21221365 0.0398477353
v 0.252357274 0.197852492 0.0423467234
v 0.252802879 0.197239205 0.039847739
v -0.101945281 0.317168683 0.0446497984
v -0.0980090201 0.305054128 0.0446497984
v -0.0968382508 0.305434525 0.0423467197
v -0.100774512 0.31754908 0.0423467197
v -0.0940727592 0.292939574 0.0446497984
v -0.0929019898 0.29331997 0.0423467234
v -0.100774512 0.31754908 0.0423467197
v -0.0968382508 0.305434525 0.0423467197
v -0.0961172879 0.305668771 0.0398477353
v -0.100053556 0.317783326 0.0398477353
v -0.0929019898 0.29331997 0.0423467234
v -0.0921810344 0.293554217 0.039847739
v -0.313017786 -0.0522164442 0.0378306769
v -0.313017786 -0.051556062 0.0445356481
v -0.312936902 -0.0520582162 0.0446355306
v -0.312936902 -0.0500733107 0.05117888
v -0.313017786 -0.0496002957 0.0509829484
v -0.312936902 -0.0527284369 0.0378306769
v -0.313018084 -0.0515504219 0.0310968645
v -0.312938005 -0.052047614 0.0309686679
v -0.312936902 -0.0468500033 0.0572092645
v -0.313017786 -0.0464242995 0.0569248162
v -0.31279093 -0.0529036932 0.0378306769
v -0.312792748 -0.0522144735 0.0308942348
v -0.3124533 -0.0523036905 0.0446843579
v -0.31279093 -0.0502352268 0.0512459464
v -0.31279093 -0.0469957255 0.0573066287
v -0.3124533 -0.0529787242 0.0378306769
v -0.3124533 -0.050304547 0.051274661
v -0.303257465 -0.0529689975 0.0378306769
v -0.293722183 -0.0522144735 0.0308942385
v -0.303257465 -0.0522941537 0.0446824618
v -0.303257465 -0.0502955616 0.0512709394
v -0.303257465 -0.0470500253 0.057342913
v -0.294061661 -0.0529787242 0.0378306769
v -0.294061661 -0.0523036905 0.0446843617
v -0.294061661 -0.050304547 0.0512746647
v -0.29372403 -0.0469957255 0.0573066324
v -0.29372403 -0.0529036932 0.0378306769
v -0.293578029 -0.0520582162 0.0446355343
v -0.29372403 -0.0502352268 0.0512459502
v -0.293578029 -0.0527284369 0.0378306806
v -0.293576926 -0.052047614 0.0309686717
v -0.293497175 -0.0522164442 0.0378306806
v -0.293496847 -0.0515504219 0.0310968664
v -0.293497175 -0.051556062 0.0445356481
v -0.293497175 -0.0496002957 0.0509829521
v -0.293497175 -0.0464242995 0.0569248199
v -0.293578029 -0.0468500033 0.0572092682
v -0.293497175 -0.0421501286 0.0621329062
v -0.293578029 -0.0425121635 0.0624949411
v -0.293497175 -0.0369420387 0.066407077
v -0.293578029 -0.037226487 0.0668327883
v -0.293497175 -0.0310001727 0.0695830733
v -0.294061661 -0.0426891409 0.0626719221
v -0.29372403 -0.0373238511 0.0669785067
v -0.293578029 -0.0311961044 0.0700560883
v -0.293497175 -0.0245528705 0.0715388432
v -0.3124533 -0.0426891409 0.0626719147
v -0.29372403 -0.0312631726 0.0702180043
v -0.293578058 -0.0246527568 0.0720409974
v -0.293497175 -0.0178479031 0.0721992254
v -0.293578058 -0.0178479031 0.0727112144
v -0.293497175 -0.0111429337 0.0715388432
v -0.29372403 -0.0246869475 0.0722128823
v -0.293578058 -0.0110430485 0.0720409974
v -0.294061661 -0.0312918834 0.0702873245
v -0.293497175 -0.00469563343 0.0695830733
v -0.29372403 -0.0178479031 0.0728864744
v -0.3124533 -0.0312918834 0.0702873245
v -0.293578058 -0.00449970178 0.0700560957
v -0.293497175 0.00124623766 0.066407077
v -0.29372403 -0.0110088587 0.0722128823
v -0.3124533 -0.0247015841 0.0722864643
v -0.294061661 -0.0109942211 0.0722864717
v -0.0297822542 -0.321659535 0.0378306769
v -0.0304103158 -0.321455479 0.0445356481
v -0.02990775 -0.32153374 0.0446355306
v -0.0317955054 -0.320920378 0.05117888
v -0.0322703607 -0.320851117 0.0509829484
v -0.0292703323 -0.321740836 0.0378306769
v -0.0304157771 -0.321454018 0.0310968645
v -0.0299181733 -0.321531504 0.0309686679
v -0.0348610543 -0.319924325 0.0572092645
v -0.0352909118 -0.319869667 0.0569248162
v -0.0297145955 -0.321444929 0.0308942348
v -0.0296991654 -0.321448028 0.0446697213
v -0.0315964036 -0.320831567 0.0512459464
v -0.0346773528 -0.319830507 0.0573066287
v -0.0288828518 -0.321358234 0.0378306769
v -0.0295408014 -0.321145117 0.0308658518
v -0.029524846 -0.321149647 0.0446843579
v -0.0314261429 -0.320531875 0.051274661
v -0.0345136896 -0.319528669 0.0573483147
v -0.0260504372 -0.312609494 0.0378306769
v -0.0267080627 -0.312395811 0.030866798
v -0.0266922526 -0.312400967 0.0446824618
v -0.0285930261 -0.311783373 0.0512709394
v -0.031679716 -0.310780436 0.057342913
v -0.0231995247 -0.303866744 0.0378306769
v -0.0238570888 -0.303652436 0.0308658555
v -0.023841517 -0.303658158 0.0446843617
v -0.0257428177 -0.303040385 0.0512746647
v -0.0288303606 -0.302037179 0.0573483147
v -0.0231665485 -0.303522468 0.0378306769
v -0.0239352752 -0.30311802 0.0309686717
v -0.023807168 -0.303314298 0.044669725
v -0.025813289 -0.30250898 0.0511788838
v -0.028878836 -0.301512927 0.0572092682
v -0.0237500612 -0.303094357 0.0378306806
v -0.0243833866 -0.302888244 0.0310968664
v -0.0243781228 -0.302890271 0.0445356481
v -0.0262381677 -0.30228591 0.0509829521
v -0.0292587187 -0.301304489 0.0569248199
v -0.033323694 -0.29998368 0.0621329062
v -0.0330043659 -0.300172478 0.0624949411
v -0.038276881 -0.298374295 0.066407077
v -0.0329316184 -0.300349593 0.0626188666
v -0.0379838534 -0.298708022 0.0669785067
v -0.0439279266 -0.296538174 0.0695830733
v -0.0329854935 -0.300687104 0.0626719221
v -0.0437665731 -0.296675622 0.0700560883
v -0.0500596724 -0.294545859 0.0715388432
v -0.0358336978 -0.309430718 0.0626650453
v -0.038048543 -0.299042016 0.0670408905
v -0.0437479019 -0.296835184 0.0702180043
v -0.0499896668 -0.294653624 0.0720409974
v -0.0564364754 -0.292473912 0.0721992254
v -0.0386688225 -0.318178594 0.0626719147
v -0.0408953466 -0.307786107 0.0670328066
v -0.0564614646 -0.292550802 0.0727112144
v -0.0628132746 -0.290401965 0.0715388432
v -0.0500022583 -0.294803023 0.0722128823
v -0.0629332587 -0.29044798 0.0720409974
v -0.043824926 -0.297165155 0.0702873245
v -0.0689450204 -0.288409621 0.0695830733
v -0.0500926711 -0.295128644 0.0722864717
v -0.0566109084 -0.293010741 0.0729615018
v -0.0745960772 -0.286573499 0.066407077
v 0.313998073 -0.135549575 0.0378306769
v 0.313609898 -0.136083841 0.0445356481
v 0.313839644 -0.135630056 0.0446355306
v 0.312672943 -0.13723588 0.05117888
v 0.312460333 -0.137666091 0.0509829484
v 0.314233601 -0.135087833 0.0378306769
v 0.313606858 -0.13608858 0.0310968645
v 0.31383431 -0.13563928 0.0309686679
v 0.31077832 -0.139843583 0.0572092645
v 0.310593516 -0.140235513 0.0569248162
v 0.313814878 -0.135418907 0.0308942348
v 0.312650025 -0.137019083 0.0512459464
v 0.310745895 -0.139639884 0.0573066287
v 0.31398946 -0.134601086 0.0378306769
v 0.313583434 -0.135160968 0.0308658518
v 0.313592672 -0.135147199 0.0446843579
v 0.312417597 -0.136764541 0.051274661
v 0.310509413 -0.13939096 0.0573483147
v 0.306544155 -0.129203781 0.0378306769
v 0.306147486 -0.129749745 0.0446824618
v 0.303065062 -0.133992329 0.057342913
v 0.299110293 -0.123790748 0.0378306769
v 0.298703253 -0.1243499 0.0308658555
v 0.298713505 -0.124336861 0.0446843617
v 0.297224551 -0.12581183 0.0512459502
v 0.295630246 -0.12858063 0.0573483147
v 0.298793048 -0.123652995 0.0378306769
v 0.298386455 -0.124209508 0.0308942385
v 0.298397124 -0.124197938 0.044669725
v 0.295320421 -0.128432646 0.0573066324
v 0.298571914 -0.123708971 0.0378306806
v 0.298205554 -0.124075651 0.0378306806
v 0.297813833 -0.124614283 0.0310968664
v 0.297817409 -0.12460991 0.0445356481
v 0.298177987 -0.124251194 0.0446355343
v 0.296667814 -0.126192167 0.0509829521
v 0.295116663 -0.128464729 0.0572092682
v 0.294801027 -0.128761604 0.0569248199
v 0.292288721 -0.132219478 0.0621329062
v 0.292566955 -0.131974116 0.0624949411
v 0.289227486 -0.136432916 0.066407077
v 0.292757899 -0.131959662 0.0626188666
v 0.289460123 -0.136250317 0.0668327883
v 0.285734951 -0.141239986 0.0695830733
v 0.29306224 -0.1321152 0.0626719221
v 0.28963545 -0.13625735 0.0669785067
v 0.285915554 -0.141129002 0.0700560883
v 0.281945318 -0.146455958 0.0715388432
v 0.286073059 -0.141160548 0.0702180043
v 0.282069445 -0.146422684 0.0720409974
v 0.278004259 -0.151880398 0.0721992254
v 0.307941377 -0.142925531 0.0626719147
v 0.278069675 -0.151927933 0.0727112144
v 0.27406317 -0.157304838 0.0715388432
v 0.282207668 -0.146480829 0.0722128823
v 0.274069875 -0.157433167 0.0720409974
v 0.286363095 -0.14133577 0.0702873245
v 0.270273536 -0.162520811 0.0695830733
v 0.278187752 -0.152013734 0.0728864744
v 0.301242262 -0.152146116 0.0702873245
v 0.270223796 -0.162726849 0.0700560957
v 0.266781002 -0.167327881 0.066407077
v 0.27846092 -0.152212188 0.0729615018
v 0.243230551 0.248916045 0.0378306769
v 0.243618727 0.248381779 0.0445356481
v 0.243258148 0.248740509 0.0446355306
v 0.24442485 0.247134686 0.05117888
v 0.244768292 0.246799529 0.0509829484
v 0.242864192 0.249282718 0.0378306769
v 0.243622288 0.248377413 0.0310968645
v 0.243265271 0.248732567 0.0309686679
v 0.246115714 0.244559065 0.0573066287
v 0.246635109 0.244230106 0.0569248162
v 0.242643088 0.249338701 0.0378306769
v 0.242732853 0.248641789 0.0308658518
v 0.243039012 0.248793751 0.0446697213
v 0.242325827 0.24920094 0.0378306769
v 0.242722601 0.248654842 0.0446843617
v 0.243897676 0.2470375 0.051274661
v 0.245805889 0.244411081 0.0573483147
v 0.234891966 0.2437879 0.0378306769
v 0.227621272 0.237572759 0.0308942385
v 0.235288635 0.243241936 0.0446824655
v 0.238371059 0.238999352 0.057342913
v 0.227446675 0.23839058 0.0378306806
v 0.227843449 0.237844467 0.0446843617
v 0.229018524 0.236227125 0.0512746647
v 0.230926737 0.233600706 0.0573483184
v 0.22721763 0.238131434 0.0378306806
v 0.227613553 0.237586483 0.044669725
v 0.228786126 0.235972598 0.0512459502
v 0.230690256 0.233351782 0.0573066324
v 0.22720255 0.237903833 0.0378306806
v 0.227438062 0.237442091 0.0378306806
v 0.227829292 0.236903086 0.0310968682
v 0.227826238 0.23690784 0.0445356481
v 0.227596492 0.237361625 0.0446355343
v 0.228975803 0.23532559 0.0509829521
v 0.228763193 0.235755801 0.0511788838
v 0.23084262 0.232756153 0.0569248199
v 0.230657816 0.233148083 0.0572092682
v 0.233354911 0.229298279 0.0621329062
v 0.233207539 0.229638711 0.0624949411
v 0.236416161 0.225084856 0.066407077
v 0.236314386 0.225362509 0.0668327883
v 0.23990871 0.220277786 0.0695830733
v 0.233494759 0.23006615 0.0626719221
v 0.236375257 0.225527078 0.0669785067
v 0.239937648 0.220623896 0.0702180043
v 0.243698344 0.215061814 0.0715388432
v 0.248678252 0.241032034 0.0626188666
v 0.243705049 0.215190142 0.0720409974
v 0.247639433 0.209637374 0.0721992254
v 0.247704849 0.209684908 0.0727112144
v 0.251580536 0.204212949 0.0715388432
v 0.243803054 0.215303615 0.0722128823
v 0.251704663 0.204179674 0.0720409974
v 0.240193918 0.22084558 0.0702873245
v 0.25537017 0.198996976 0.0695830733
v 0.244067609 0.215513915 0.0722864717
v 0.255073071 0.23165594 0.0702873245
v 0.251842856 0.204237819 0.0722128823
v 0.258946747 0.226324275 0.0722864643
v 0.258862704 0.194189906 0.066407077
v -0.144286633 0.30041948 0.0378306769
v -0.143658578 0.300623566 0.0445356444
v -0.144111171 0.300391465 0.0446355306
v -0.142223403 0.301004857 0.05117888
v -0.141798526 0.301227927 0.0509829484
v -0.144748583 0.300184369 0.0378306769
v -0.143653303 0.300625592 0.0310968626
v -0.144215226 0.300206095 0.0308942348
v -0.139157861 0.30200091 0.0572092645
v -0.138777971 0.302209347 0.0569248162
v -0.144870147 0.299991369 0.0378306769
v -0.142332286 0.30081597 0.0512459464
v -0.139251336 0.30181703 0.0573066287
v -0.144837171 0.299647093 0.0378306769
v -0.144195184 0.299855679 0.0446843579
v -0.141344443 0.29111287 0.0446824618
v -0.136610538 0.282981932 0.0512746647
v -0.133359328 0.28368333 0.0573066324
v -0.139153838 0.282155573 0.0378306769
v -0.138322085 0.282068878 0.0308942385
v -0.138511837 0.28236416 0.0446843617
v -0.138978139 0.28185764 0.0378306769
v -0.138337523 0.282065809 0.044669725
v -0.136440277 0.28268224 0.0512459502
v -0.138766348 0.281772971 0.0378306769
v -0.138118505 0.281982303 0.0309686717
v -0.138254434 0.281854272 0.0378306769
v -0.137620911 0.282059789 0.0310968664
v -0.137626365 0.282058358 0.0445356481
v -0.138128936 0.281980097 0.0446355343
v -0.135766327 0.282662719 0.0509829521
v -0.136241183 0.282593459 0.0511788838
v -0.132745773 0.28364417 0.0569248199
v -0.133175626 0.283589512 0.0572092682
v -0.128680795 0.284964949 0.0621329062
v -0.129050106 0.284929991 0.0624949411
v -0.123727605 0.286574334 0.066407077
v -0.129213065 0.285030514 0.0626188666
v -0.124023117 0.286563337 0.0668327883
v -0.118076555 0.288410485 0.0695830733
v -0.129367858 0.285335243 0.0626719221
v -0.124160826 0.286672086 0.0669785067
v -0.118287884 0.288426846 0.0700560883
v -0.111944802 0.2904028 0.0715388432
v -0.118396774 0.288544953 0.0702180043
v -0.112064786 0.290448844 0.0720409974
v -0.105567992 0.292474747 0.0721992254
v -0.135051206 0.302826732 0.0626719147
v -0.105592981 0.292551666 0.0727112144
v -0.0991911888 0.294546723 0.0715388432
v -0.112142414 0.290577114 0.0722128823
v -0.0991211832 0.294654489 0.0720409974
v -0.0930594355 0.296539038 0.0695830733
v -0.105638094 0.292690516 0.0728864744
v -0.0928980857 0.296676487 0.0700560957
v -0.0874083787 0.298375189 0.066407077
v -0.313017786 0.00645432808 0.0621329024
v -0.312936932 0.00681636296 0.0624949373
v -0.313017786 0.00124623743 0.066407077
v -0.31279093 0.00694028707 0.0626188666
v -0.312936932 0.00153068709 0.0668327808
v -0.313017786 -0.00469563343 0.0695830733
v -0.3124533 0.00699334173 0.0626719147
v -0.31279093 0.0016280514 0.0669784993
v -0.312936932 -0.00449970178 0.0700560883
v -0.313017786 -0.0111429337 0.0715388358
v -0.3124533 -0.00440392271 0.0702873245
v -0.31279093 -0.00443263538 0.0702180043
v -0.312936932 -0.0110430494 0.0720409974
v -0.313017786 -0.0178479031 0.072199218
v -0.3124533 -0.0109942211 0.0722864717
v -0.31279093 -0.0110088587 0.0722128823
v -0.312936932 -0.0178479031 0.0727112144
v -0.313017786 -0.0245528705 0.0715388358
v -0.3124533 -0.0178479031 0.0729615018
v -0.31279093 -0.0178479031 0.072886467
v -0.312936932 -0.0246527568 0.07204099
v -0.313017786 -0.0310001727 0.0695830733
v -0.31279093 -0.0246869475 0.0722128823
v -0.312936932 -0.0311961044 0.0700560883
v -0.313017786 -0.0369420387 0.066407077
v -0.31279093 -0.0312631726 0.0702180043
v -0.312936932 -0.037226487 0.0668327808
v -0.313017786 -0.0421501286 0.0621329024
v -0.3124533 -0.0373655371 0.0670408905
v -0.31279093 -0.0373238511 0.0669784993
v -0.312936932 -0.0425121635 0.0624949373
v -0.31279093 -0.042636089 0.0626188666
v -0.0855814517 -0.303529292 0.0621329024
v -0.0859007835 -0.303340524 0.0624949373
v -0.0806282684 -0.305138677 0.066407077
v -0.085973531 -0.303163379 0.0626188666
v -0.0808738023 -0.304973871 0.0668327808
v -0.0749772117 -0.306974828 0.0695830733
v -0.0809212923 -0.304804951 0.0669784993
v -0.0689154789 -0.308859378 0.0720409974
v -0.0688454732 -0.308967143 0.0715388358
v -0.0624686666 -0.31103909 0.072199218
v -0.0689028874 -0.308709979 0.0722128823
v -0.0688124672 -0.308384329 0.0722864717
v -0.0624436811 -0.31096217 0.0727112144
v -0.0560918674 -0.313111037 0.0715388358
v -0.0622942336 -0.310502231 0.0729615018
v -0.0623985678 -0.310823351 0.072886467
v -0.0558942556 -0.312936723 0.0722128823
v -0.0499601215 -0.315103352 0.0695830733
v -0.055776 -0.312620133 0.0722864643
v -0.0497487895 -0.315086991 0.0700560883
v -0.0443090722 -0.316939503 0.066407077
v -0.049508255 -0.314656645 0.0702873245
v -0.0496398956 -0.314968884 0.0702180043
v -0.0440135561 -0.3169505 0.0668327808
v -0.0393558852 -0.318548888 0.0621329024
v -0.043731872 -0.316533506 0.0670408905
v -0.043875847 -0.316841751 0.0669784993
v -0.0389865823 -0.318583846 0.0624949373
v 0.279512256 -0.183015242 0.0621329024
v 0.279043108 -0.183275059 0.0626188666
v 0.282573491 -0.178801805 0.066407077
v 0.282340884 -0.178984404 0.0668327808
v 0.286066055 -0.173994735 0.0695830733
v 0.282165557 -0.17897737 0.0669784993
v 0.285437912 -0.173898935 0.0702873245
v 0.285727948 -0.174074158 0.0702180043
v 0.289731532 -0.168812037 0.0720409974
v 0.289855659 -0.168778747 0.0715388358
v 0.293796748 -0.163354322 0.072199218
v 0.289311588 -0.16856727 0.0722864717
v 0.289593339 -0.168753892 0.0722128823
v 0.293731332 -0.163306788 0.0727112144
v 0.297737837 -0.157929882 0.0715388358
v 0.293340087 -0.163022533 0.0729615018
v 0.293613225 -0.163220987 0.072886467
v 0.297731131 -0.157801539 0.07204099
v 0.30152747 -0.15271391 0.0695830733
v 0.297368586 -0.157477781 0.0722864643
v 0.297633111 -0.157688081 0.0722128823
v 0.30157721 -0.152507856 0.0700560883
v 0.305020005 -0.14790684 0.066407077
v 0.305121779 -0.147629172 0.0668327808
v 0.308081239 -0.143693402 0.0621329024
v 0.305060893 -0.147464603 0.0669784993
v 0.308228612 -0.14335297 0.0624949373
v 0.308183342 -0.143166915 0.0626188666
v 0.277716458 0.201450422 0.0621329024
v 0.27786383 0.20110999 0.0624949373
v 0.274655193 0.205663845 0.066407077
v 0.277818561 0.200923935 0.0626188591
v 0.274756968 0.205386192 0.0668327808
v 0.271162659 0.210470915 0.0695830733
v 0.274696112 0.205221623 0.0669784993
v 0.271212399 0.210264876 0.0700560883
v 0.267373025 0.215686888 0.0715388358
v 0.271133721 0.21012482 0.0702180043
v 0.2672683 0.215445086 0.0722128823
v 0.263431937 0.221111327 0.072199218
v 0.263248414 0.220977992 0.072886467
v 0.262975246 0.220779538 0.0729614943
v 0.259366691 0.226569027 0.07204099
v 0.259490848 0.226535752 0.0715388358
v 0.255701214 0.231751725 0.0695830733
v 0.255520612 0.231862709 0.0700560883
v 0.25220865 0.236558795 0.066407077
v 0.255363077 0.231831163 0.0702180043
v 0.251976043 0.236741394 0.0668327808
v 0.2491474 0.240772232 0.0621329024
v 0.251800716 0.23673436 0.0669784993
v 0.248869181 0.241017595 0.0624949373
v -0.0884873942 0.318549782 0.0621329024
v -0.0881180912 0.31858474 0.0624949373
v -0.0934405848 0.316940397 0.066407077
v -0.093145065 0.316951364 0.0668327808
v -0.0990916416 0.315104246 0.0695830733
v -0.0930073634 0.316842616 0.0669784993
v -0.0988803133 0.315087885 0.0700560883
v -0.105223395 0.313111931 0.0715388358
v -0.0986397788 0.314657539 0.0702873245
v -0.0987714157 0.314969778 0.0702180043
v -0.105103411 0.313065886 0.0720409974
v -0.111600198 0.311039954 0.072199218
v -0.105025783 0.312937617 0.0722128823
v -0.111575209 0.310963064 0.0727112144
v -0.117977008 0.308968008 0.0715388358
v -0.111530103 0.310824215 0.072886467
v -0.118047014 0.308860242 0.07204099
v -0.124108754 0.306975693 0.0695830733
v -0.118034422 0.308710843 0.0722128823
v -0.124270111 0.306838244 0.0700560883
v -0.129759803 0.305139542 0.066407077
v -0.124211758 0.306348681 0.0702873245
v -0.124288782 0.306678683 0.0702180043
v -0.130005345 0.304974735 0.0668327808
v -0.134712994 0.303530157 0.0621329024
v -0.129988149 0.304471821 0.0670408905
v -0.130052835 0.304805815 0.0669784993
v -0.135032326 0.303341389 0.0624949373
v -0.135105073 0.303164244 0.0626188591
v -0.291699767 -0.0520937145 0.0446425974
v -0.291699767 -0.0527646318 0.0378306806
v -0.293497175 -0.0522164442 0.0378306806
v -0.293496847 -0.0515504219 0.0310968664
v -0.291700006 -0.0520984344 0.0310428925
v -0.293497175 -0.051556062 0.0445356481
v -0.291699767 -0.0501067564 0.0511927344
v -0.293497175 -0.0496002957 0.0509829521
v -0.291699767 -0.0468800999 0.0572293773
v -0.293497175 -0.0464242995 0.0569248199
v -0.291699767 -0.0425377563 0.0625205338
v -0.293497175 -0.0421501286 0.0621329062
v -0.291699767 -0.0372465961 0.0668628812
v -0.293497175 -0.0369420387 0.066407077
v -0.291699767 -0.031209955 0.0700895339
v -0.293497175 -0.0310001727 0.0695830733
v -0.291699767 -0.024659818 0.072076492
v -0.293497175 -0.0245528705 0.0715388432
v -0.291699767 -0.0178479031 0.0727474093
v -0.293497175 -0.0178479031 0.0721992254
v -0.291699767 -0.0110359872 0.0720764995
v -0.293497175 -0.0111429337 0.0715388432
v -0.291699767 -0.00448585022 0.0700895339
v -0.293497175 -0.00469563343 0.0695830733
v -0.291699767 0.00155079458 0.0668628812
v -0.293497175 0.00124623766 0.066407077
v -0.291699767 0.00684195617 0.0625205338
v -0.293497175 0.00645432808 0.0621329062
v -0.291699767 0.0111843031 0.0572293736
v -0.293497175 0.0107285008 0.0569248162
v -0.291699767 0.0144109558 0.0511927307
v -0.293497175 0.013904497 0.0509829447
v -0.291699767 0.0163979176 0.0446425863
v -0.293497175 0.0158602633 0.0445356406
v -0.291699767 0.0170688331 0.0378306694
v -0.293497175 0.0165206436 0.0378306694
v -0.291700006 0.0164026208 0.0310428273
v -0.293496847 0.0158546101 0.0310968012
v -0.0233113505 -0.301346987 0.0446425974
v -0.0226732697 -0.301554292 0.0378306806
v -0.0237500612 -0.303094357 0.0378306806
v -0.0243833866 -0.302888244 0.0310968664
v -0.0233069453 -0.301348686 0.0310428925
v -0.0243781228 -0.302890271 0.0445356481
v -0.0252010617 -0.30073297 0.0511927344
v -0.0262381677 -0.30228591 0.0509829521
v -0.028269792 -0.299735874 0.0572293773
v -0.0292587187 -0.301304489 0.0569248199
v -0.032399606 -0.298394024 0.0625205338
v -0.033323694 -0.29998368 0.0621329062
v -0.0374317952 -0.29675898 0.0668628812
v -0.038276881 -0.298374295 0.066407077
v -0.0431729816 -0.294893563 0.0700895339
v -0.0439279266 -0.296538174 0.0695830733
v -0.0494025275 -0.292869449 0.072076492
v -0.0500596724 -0.294545859 0.0715388432
v -0.055881042 -0.290764451 0.0727474093
v -0.0564364754 -0.292473912 0.0721992254
v -0.0623595566 -0.288659453 0.0720764995
v -0.0628132746 -0.290401965 0.0715388432
v -0.0685891062 -0.286635369 0.0700895339
v -0.0689450204 -0.288409621 0.0695830733
v -0.0743302926 -0.284769922 0.0668628812
v -0.0745960772 -0.286573499 0.066407077
v -0.0793624818 -0.283134878 0.0625205338
v -0.0795492604 -0.284964114 0.0621329062
v -0.0834923014 -0.281792998 0.0572293736
v -0.0836142376 -0.283643305 0.0569248162
v -0.0865610242 -0.280795932 0.0511927307
v -0.0866347849 -0.282661885 0.0509829447
v -0.0884507373 -0.280181915 0.0446425863
v -0.0884948298 -0.282057494 0.0445356406
v -0.0890888125 -0.27997458 0.0378306694
v -0.0891228914 -0.281853437 0.0378306694
v -0.0884552896 -0.280180722 0.0310428273
v -0.0884893537 -0.282058954 0.0310968012
v 0.296679288 -0.123118445 0.0446425974
v 0.297073632 -0.122575663 0.0378306806
v 0.298205554 -0.124075651 0.0378306806
v 0.297813833 -0.124614283 0.0310968664
v 0.296682268 -0.12311478 0.0310428925
v 0.297817409 -0.12460991 0.0445356481
v 0.295511365 -0.12472593 0.0511927344
v 0.296667814 -0.126192167 0.0509829521
v 0.293614805 -0.127336353 0.0572293773
v 0.294801027 -0.128761604 0.0569248199
v 0.291062444 -0.130849376 0.0625205338
v 0.292288721 -0.132219478 0.0621329062
v 0.287952363 -0.135130018 0.0668628812
v 0.289227486 -0.136432916 0.066407077
v 0.284404129 -0.140013769 0.0700895339
v 0.285734951 -0.141239986 0.0695830733
v 0.280554056 -0.14531295 0.072076492
v 0.281945318 -0.146455958 0.0715388432
v 0.276550114 -0.150823906 0.0727474093
v 0.278004259 -0.151880398 0.0721992254
v 0.272546172 -0.156334862 0.0720764995
v 0.27406317 -0.157304838 0.0715388432
v 0.2686961 -0.161634028 0.0700895339
v 0.270273536 -0.162520811 0.0695830733
v 0.265147835 -0.166517779 0.0668628812
v 0.266781002 -0.167327881 0.066407077
v 0.262037754 -0.170798421 0.0625205338
v 0.263719767 -0.171541318 0.0621329062
v 0.259485394 -0.174311459 0.0572293736
v 0.261207461 -0.174999192 0.0569248162
v 0.257588834 -0.176921874 0.0511927307
v 0.259340644 -0.177568629 0.0509829447
v 0.25642091 -0.178529352 0.0446425863
v 0.258191079 -0.179150879 0.0445356406
v 0.256026566 -0.179072142 0.0378306694
v 0.257802933 -0.179685146 0.0378306694
v 0.256418347 -0.178533316 0.0310428273
v 0.258194149 -0.179146126 0.0310968012
v 0.226056069 0.236286312 0.0446425974
v 0.22566171 0.236829087 0.0378306806
v 0.227438062 0.237442091 0.0378306806
v 0.227829292 0.236903086 0.0310968682
v 0.226053506 0.236290276 0.0310428943
v 0.227826238 0.23690784 0.0445356481
v 0.227223977 0.23467882 0.0511927344
v 0.228975803 0.23532559 0.0509829521
v 0.229120553 0.232068405 0.0572293773
v 0.23084262 0.232756153 0.0569248199
v 0.231672928 0.228555381 0.0625205338
v 0.233354911 0.229298279 0.0621329062
v 0.234783009 0.22427474 0.0668628812
v 0.236416161 0.225084856 0.066407077
v 0.238331258 0.219391003 0.0700895339
v 0.23990871 0.220277786 0.0695830733
v 0.242181346 0.214091837 0.072076492
v 0.243698344 0.215061814 0.0715388432
v 0.246185288 0.208580881 0.0727474093
v 0.247639433 0.209637374 0.0721992254
v 0.250189245 0.203069925 0.0720764995
v 0.251580536 0.204212949 0.0715388432
v 0.254039317 0.197770759 0.0700895339
v 0.25537017 0.198996976 0.0695830733
v 0.257587582 0.192887008 0.0668628812
v 0.258862704 0.194189906 0.066407077
v 0.260697663 0.188606367 0.0625205338
v 0.261923939 0.189976469 0.0621329062
v 0.263250023 0.185093343 0.0572293736
v 0.264436245 0.186518595 0.0569248162
v 0.265146613 0.182482928 0.0511927269
v 0.266303062 0.183949158 0.0509829447
v 0.266314507 0.180875435 0.0446425863
v 0.267452627 0.182366908 0.0445356406
v 0.266708881 0.180332661 0.0378306657
v 0.267840803 0.181832656 0.0378306657
v 0.266317487 0.180871785 0.0310428273
v 0.267449051 0.182371303 0.0310968012
v -0.137582272 0.280182749 0.0446425974
v -0.138220355 0.279975444 0.0378306806
v -0.138254434 0.281854272 0.0378306769
v -0.137620911 0.282059789 0.0310968664
v -0.137586847 0.280181557 0.0310428925
v -0.137626365 0.282058358 0.0445356481
v -0.135692567 0.280796766 0.0511927344
v -0.135766327 0.282662719 0.0509829521
v -0.132623836 0.281793863 0.0572293773
v -0.132745773 0.28364417 0.0569248199
v -0.128494024 0.283135712 0.0625205338
v -0.128680795 0.284964949 0.0621329062
v -0.12346182 0.284770787 0.0668628812
v -0.123727605 0.286574334 0.066407077
v -0.117720634 0.286636204 0.0700895339
v -0.118076555 0.288410485 0.0695830733
v -0.111491084 0.288660318 0.072076492
v -0.111944802 0.2904028 0.0715388432
v -0.105012558 0.290765315 0.0727474093
v -0.105567992 0.292474747 0.0721992254
v -0.0985340402 0.292870313 0.0720764995
v -0.0991911888 0.294546723 0.0715388432
v -0.0923044905 0.294894427 0.0700895339
v -0.0930594355 0.296539038 0.0695830733
v -0.0865632966 0.296759844 0.0668628812
v -0.0874083787 0.298375189 0.066407077
v -0.0815311 0.298394889 0.0625205338
v -0.082455188 0.299984574 0.0621329062
v -0.0774012804 0.299736768 0.0572293736
v -0.0783902109 0.301305354 0.0569248162
v -0.0743325502 0.300733864 0.0511927307
v -0.0753696561 0.302286804 0.0509829447
v -0.0724428371 0.301347852 0.04464259
v -0.0735096112 0.302891165 0.0445356406
v -0.0718047544 0.301555187 0.0378306694
v -0.0728815496 0.303095222 0.0378306694
v -0.0724384412 0.30134955 0.0310428273
v -0.0735148862 0.302889109 0.0310968012
v -0.277906716 0.0146534741 0.0372488722
v -0.277906716 0.0121794473 0.02481113
v -0.278600574 0.0165686645 0.0304029863
v -0.278600574 0.0145717915 0.0238201879
v -0.28049618 0.0163231064 0.0230947677
v -0.28049618 0.0129051888 0.0167002995
v -0.283085644 0.0134820994 0.0163148195
v -0.290387005 0.0134820994 0.0163148195
v -0.286467969 0.00879606791 0.0106048798
v -0.290387005 0.00879606791 0.0106048798
v -0.278600574 0.0113290465 0.0177534446
v -0.290387005 0.00308612175 0.00591885531
v -0.283085644 0.00879606791 0.0106048798
v -0.283085644 0.00308612175 0.00591885578
v -0.290387005 -0.00342830829 0.00243682601
v -0.28049618 0.00830544531 0.0110955024
v -0.283085644 -0.00342830829 0.00243682624
v -0.290387005 -0.0104968743 0.000292608427
v -0.28049618 0.00270064431 0.00649576681
v -0.278600574 0.00696504675 0.012435901
v -0.277906716 0.00917599536 0.0191920698
v -0.277906716 0.00513402792 0.0142669249
v -0.278600574 0.00164749939 0.00807190873
v -0.28049618 -0.00369383022 0.00307785533
v -0.283085614 -0.0104968734 0.000292608747
v -0.277906716 0.000208876969 0.0102249645
v -0.278600574 -0.00441924715 0.00482917111
v -0.28049618 -0.0106322356 0.000973119866
v -0.290387005 -0.0178479366 -0.000431402033
v -0.277906716 -0.00541018648 0.00722151762
v -0.278600574 -0.0110020489 0.00283230795
v -0.283085614 -0.0178479366 -0.000431401713
v -0.290387005 -0.0251989979 0.000292622746
v -0.283085614 -0.0251989979 0.000292623066
v -0.290387005 -0.0322675593 0.00243685464
v -0.28049618 -0.0178479347 0.000262441754
v -0.283085614 -0.0322675593 0.00243685488
v -0.290387005 -0.0387819819 0.00591889583
v -0.28049618 -0.0250636339 0.000973134185
v -0.278600574 -0.0178479329 0.00215805322
v -0.277906716 -0.0115072243 0.00537200691
v -0.277906716 -0.017847931 0.00474750763
v -0.278600574 -0.0246938169 0.00283232005
v -0.28049618 -0.0320020355 0.00307788374
v -0.283085614 -0.0387819819 0.00591889629
v -0.277906716 -0.0241886359 0.00537201902
v -0.278600574 -0.0312766135 0.00482919952
v -0.28049618 -0.0383965038 0.00649580499
v -0.28646794 -0.0444919169 0.010604932
v -0.290387005 -0.0444919169 0.010604932
v -0.277906716 -0.0302856695 0.00722154183
v -0.278600574 -0.037343353 0.00807194691
v -0.277906716 -0.0359047279 0.010224998
v -0.286467969 -0.0491779409 0.0163148809
v -0.290387005 -0.0491779409 0.0163148809
v -0.283085644 -0.0526599623 0.0228293128
v -0.283085614 -0.0444919169 0.010604932
v -0.283085644 -0.0491779409 0.0163148809
v -0.28049618 -0.0440012962 0.0110955527
v -0.28049618 -0.0486010276 0.0167003591
v -0.28049618 -0.0520189367 0.0230948329
v -0.278600574 -0.042660892 0.0124359513
v -0.278600574 -0.0470248833 0.0177535005
v -0.277906716 -0.0408298708 0.0142669678
v -0.277906716 -0.0448718295 0.0191921219
v -0.277906716 -0.047875274 0.0248111878
v -0.278600574 -0.0502676181 0.0238202494
v -0.28049618 -0.0541236661 0.0300332401
v -0.278600574 -0.0522644781 0.0304030534
v -0.0825293958 -0.26760304 0.0372488722
v -0.0819354504 -0.26779601 0.0309081655
v -0.0845652595 -0.267671078 0.0304029863
v -0.051618766 -0.277646512 0.0372488797
v -0.0826661214 -0.268288165 0.0238201879
v -0.0849174932 -0.269549817 0.0230947677
v -0.0816668645 -0.270605981 0.0167002995
v -0.083015725 -0.272890449 0.0163148195
v -0.0852719694 -0.279834449 0.0163148195
v -0.078559041 -0.274338514 0.0106048798
v -0.0808152929 -0.281282514 0.0106048798
v -0.0773200095 -0.269295663 0.0191920698
v -0.0795820877 -0.269290209 0.0177534446
v -0.0741737559 -0.279319763 0.00591885531
v -0.0753848106 -0.283046991 0.00591885531
v -0.0679781735 -0.281332821 0.00243682601
v -0.0691892207 -0.285060048 0.00243682601
v -0.0731285661 -0.27610296 0.00591885578
v -0.0772922486 -0.272027403 0.0110955024
v -0.0602103733 -0.280300349 0.000292608747
v -0.0624666214 -0.28724435 0.000292608427
v -0.0669329762 -0.278116047 0.00243682624
v -0.071961768 -0.273759365 0.00649576681
v -0.0754316822 -0.270638764 0.012435901
v -0.0734758675 -0.270544708 0.0142669249
v -0.070374392 -0.272281975 0.00807190873
v -0.0658802614 -0.275735378 0.00307785533
v -0.0687917769 -0.272066653 0.0102249645
v -0.064604573 -0.274156719 0.00482917111
v -0.0592814498 -0.277879447 0.000973119866
v -0.0554753467 -0.289515972 -0.000431402033
v -0.0634477288 -0.273803025 0.00722151762
v -0.0583439618 -0.276190907 0.00283230795
v -0.0462278277 -0.284843534 0.000292623066
v -0.0484840758 -0.291787565 0.000292622746
v -0.0532190986 -0.282571942 -0.000431401713
v -0.0417614765 -0.293971866 0.00243685464
v -0.0524189137 -0.280109227 0.000262441754
v -0.0333096497 -0.289040923 0.00591889629
v -0.0355658978 -0.295984924 0.00591889583
v -0.0395052284 -0.287027836 0.00243685488
v -0.0455563813 -0.282339007 0.000973134185
v -0.0518331416 -0.278306395 0.00215805322
v -0.0576491058 -0.275687128 0.00537200691
v -0.0516187362 -0.277646512 0.00474750763
v -0.0453223214 -0.280421883 0.00283232005
v -0.0389575697 -0.284483075 0.00307788374
v -0.0455883704 -0.279605895 0.00537201902
v -0.039061714 -0.28245607 0.00482919952
v -0.0328760743 -0.286459088 0.00649580499
v -0.0289243739 -0.294022173 0.010604932
v -0.0301354267 -0.2977494 0.010604932
v -0.0397897474 -0.281489968 0.00722154183
v -0.0332919024 -0.284330815 0.00807194691
v -0.0344457068 -0.283226371 0.010224998
v -0.024467703 -0.295470208 0.0163148809
v -0.0256787557 -0.299197465 0.0163148809
v -0.0211561024 -0.296546221 0.0228293128
v -0.0278791785 -0.29080537 0.010604932
v -0.0234225094 -0.292253435 0.0163148809
v -0.020110907 -0.293329448 0.0228293128
v -0.027545603 -0.28819105 0.0110955527
v -0.0231709983 -0.289612442 0.0167003591
v -0.0199203771 -0.290668637 0.0230948329
v -0.0282346252 -0.285974026 0.0124359513
v -0.0240842253 -0.287322551 0.0177535005
v -0.0297616236 -0.284748316 0.0142669678
v -0.0259174947 -0.285997361 0.0191921219
v -0.0230610501 -0.286925465 0.0248111878
v -0.0210002046 -0.288324624 0.0238202494
v -0.0179186612 -0.291319042 0.0300332401
v -0.0191010777 -0.288941681 0.0304030534
v 0.24628748 -0.169010729 0.0372488722
v 0.246654555 -0.16850549 0.0309081655
v 0.245723084 -0.170967981 0.0304029863
v 0.254777789 -0.157324791 0.0102249645
v 0.246896818 -0.169352472 0.0238201879
v 0.247400999 -0.171883523 0.0230947677
v 0.249410003 -0.169118375 0.0167002995
v 0.251165807 -0.171107143 0.0163148195
v 0.256656557 -0.169304147 0.0106048798
v 0.253902167 -0.173095226 0.0163148195
v 0.257072747 -0.175398782 0.0163148195
v 0.259827137 -0.171607703 0.0106048798
v 0.247741669 -0.16700919 0.02481113
v 0.248802856 -0.166729033 0.0177534446
v 0.257276416 -0.162696615 0.00591885578
v 0.263183355 -0.166988268 0.00591885531
v 0.253920197 -0.167316064 0.0106048798
v 0.261105508 -0.157426327 0.00243682624
v 0.267012447 -0.161717981 0.00243682601
v 0.25211367 -0.165397108 0.0110955024
v 0.265260309 -0.151707739 0.000292608747
v 0.271167248 -0.155999377 0.000292608427
v 0.255408078 -0.160862714 0.00649576681
v 0.251367956 -0.163198486 0.012435901
v 0.249507055 -0.164579347 0.0191920698
v 0.251882881 -0.161309332 0.0142669249
v 0.254493535 -0.158896491 0.00807190873
v 0.259166658 -0.155689478 0.00307785533
v 0.258059472 -0.153988391 0.00482917111
v 0.263244957 -0.150076196 0.000973119866
v 0.269581139 -0.145760611 -0.000431401713
v 0.275488079 -0.150052249 -0.000431402033
v 0.261664361 -0.147846267 0.00537200691
v 0.261928737 -0.148662791 0.00283230795
v 0.279808939 -0.144105107 0.000292622746
v 0.2780568 -0.134094879 0.00243685488
v 0.28396374 -0.138386518 0.00243685464
v 0.273901999 -0.139813468 0.000292623066
v 0.267486244 -0.144238561 0.000262441754
v 0.281885862 -0.128824607 0.00591889629
v 0.287792802 -0.133116245 0.00591889583
v 0.271727502 -0.138400942 0.000973134185
v 0.265952647 -0.143124357 0.00215805322
v 0.26539132 -0.142716527 0.00474750763
v 0.269976556 -0.137585923 0.00283232005
v 0.275805801 -0.13278766 0.00307788374
v 0.273845822 -0.132260323 0.00482919952
v 0.279564381 -0.127614424 0.00649580499
v 0.287978441 -0.12619324 0.010604932
v 0.29114902 -0.128496811 0.010604932
v 0.272702038 -0.132654175 0.00722154183
v 0.277411759 -0.127352223 0.00807194691
v 0.276004851 -0.128108263 0.010224998
v 0.290732831 -0.122402176 0.0163148809
v 0.29390341 -0.124705739 0.0163148809
v 0.292779505 -0.119585156 0.0228293128
v 0.285242081 -0.124205165 0.010604932
v 0.287996471 -0.120414093 0.0163148809
v 0.290043145 -0.117597073 0.0228293128
v 0.282858789 -0.123080045 0.0110955527
v 0.285562456 -0.119358785 0.0167003591
v 0.28757143 -0.116593637 0.0230948329
v 0.280537337 -0.123050243 0.0124359513
v 0.283102423 -0.119519703 0.0177535005
v 0.278899759 -0.124123745 0.0142669678
v 0.28127557 -0.12085373 0.0191921219
v 0.283040941 -0.118423894 0.0248111878
v 0.28500846 -0.116896272 0.0238202494
v 0.288808584 -0.114890873 0.0300332401
v 0.286182195 -0.115280777 0.0304030534
v 0.254130363 0.174179375 0.0372488722
v 0.253763288 0.174684614 0.0309081655
v 0.255817413 0.173037782 0.0304029863
v 0.235026494 0.200473532 0.0372488797
v 0.254643679 0.174653292 0.0238201879
v 0.257206649 0.174350664 0.0230947677
v 0.255197644 0.177115813 0.0167002995
v 0.25763166 0.178171128 0.0163148195
v 0.257613629 0.18395029 0.0106048798
v 0.263538599 0.182462782 0.0163148195
v 0.260784209 0.186253861 0.0106048798
v 0.252676159 0.176180899 0.02481113
v 0.252737641 0.177276731 0.0177534446
v 0.25742799 0.190873295 0.00591885531
v 0.254877269 0.181962207 0.0106048798
v 0.250428319 0.193840012 0.00243682601
v 0.253598899 0.196143582 0.00243682601
v 0.251521051 0.186581641 0.00591885578
v 0.252493978 0.18083708 0.0110955024
v 0.243537143 0.197570518 0.000292608747
v 0.249444082 0.201862171 0.000292608427
v 0.247691944 0.191851929 0.00243682624
v 0.249199554 0.185371459 0.00649576681
v 0.250172526 0.180807278 0.012435901
v 0.248534963 0.181880772 0.0142669249
v 0.247046947 0.185109258 0.00807190873
v 0.245440975 0.190544695 0.00307785533
v 0.245640025 0.185865298 0.0102249645
v 0.243480995 0.190017357 0.00482917111
v 0.241362676 0.196157977 0.000973119866
v 0.245123222 0.207809299 -0.000431402033
v 0.242337212 0.19041121 0.00722151762
v 0.239611715 0.195342943 0.00283230795
v 0.239216283 0.203517646 -0.000431401713
v 0.240802377 0.213756427 0.000292622746
v 0.234895438 0.209464774 0.000292623066
v 0.236647561 0.219475016 0.00243685464
v 0.237121373 0.201995596 0.000262441754
v 0.226911545 0.220453635 0.00591889629
v 0.232818484 0.224745288 0.00591889583
v 0.230740637 0.215183362 0.00243685488
v 0.232880086 0.207833216 0.000973134185
v 0.235587806 0.200881392 0.00215805322
v 0.238753453 0.195343822 0.00537200691
v 0.231563881 0.206419811 0.00283232005
v 0.228801787 0.213446498 0.00307788374
v 0.23129949 0.205603287 0.00537201902
v 0.227694601 0.211745411 0.00482919952
v 0.225043207 0.218619734 0.00649580499
v 0.226291671 0.227061152 0.010604932
v 0.229462251 0.229364723 0.010604932
v 0.227715746 0.210535884 0.00722154183
v 0.224128664 0.216653511 0.00807194691
v 0.224412933 0.215081796 0.010224998
v 0.223537296 0.230852216 0.0163148809
v 0.226707876 0.233155787 0.0163148809
v 0.218754247 0.231681153 0.0228293128
v 0.223555326 0.225073069 0.010604932
v 0.220800936 0.228864133 0.0163148809
v 0.221748784 0.223154098 0.0110955527
v 0.219045132 0.226875365 0.0167003591
v 0.217036128 0.229640499 0.0230948329
v 0.221003085 0.220955476 0.0124359513
v 0.218437985 0.224486023 0.0177535005
v 0.221517995 0.219066322 0.0142669678
v 0.216289699 0.22626245 0.030908227
v 0.216531947 0.227109447 0.0238202494
v 0.215799004 0.231343269 0.0300332401
v 0.215358227 0.228724942 0.0304030534
v -0.0698396191 0.287690848 0.0372488722
v -0.070433557 0.287497848 0.0309081655
v -0.0682325736 0.288942546 0.0304029863
v -0.106780671 0.275687963 0.00537201902
v -0.0701317117 0.288325489 0.0238201879
v -0.0690518841 0.290669501 0.0230947677
v -0.0723025203 0.289613307 0.0167002995
v -0.0725540295 0.292254299 0.0163148195
v -0.0748102814 0.299198329 0.0163148195
v -0.0770107135 0.290806234 0.0106048798
v -0.0792669654 0.297750264 0.0106048798
v -0.0721925572 0.286926329 0.02481113
v -0.0732157454 0.287323415 0.0177534446
v -0.0846974477 0.295985788 0.00591885531
v -0.0886367932 0.2870287 0.00243682624
v -0.0908930451 0.293972701 0.00243682601
v -0.0824411958 0.289041758 0.00591885578
v -0.0766771361 0.288191915 0.0110955024
v -0.0953593999 0.284844369 0.000292608747
v -0.0976156518 0.291788399 0.000292608427
v -0.0820076242 0.286459923 0.00649576681
v -0.0773661584 0.28597486 0.012435901
v -0.0750490129 0.285998195 0.0191920698
v -0.0788931549 0.28474915 0.0142669249
v -0.0824234486 0.28433165 0.00807190873
v -0.0880891308 0.28448391 0.00307785533
v -0.0835772529 0.283227205 0.0102249645
v -0.0881932676 0.282456905 0.00482917111
v -0.0946879461 0.282339841 0.000973119866
v -0.102350675 0.282572776 -0.000431401713
v -0.104606934 0.289516807 -0.000431402033
v -0.0889213011 0.281490833 0.00722151762
v -0.0944538862 0.280422717 0.00283230795
v -0.109341957 0.280301154 0.000292623066
v -0.111598209 0.287245184 0.000292622746
v -0.118320815 0.285060883 0.00243685464
v -0.10155049 0.280110061 0.000262441754
v -0.122260146 0.276103795 0.00591889629
v -0.124516398 0.283047825 0.00591889583
v -0.116064563 0.278116852 0.00243685488
v -0.108413033 0.277880281 0.000973134185
v -0.10096471 0.278307229 0.00215805322
v -0.107475542 0.276191711 0.00283232005
v -0.115011849 0.275736183 0.00307788374
v -0.113736153 0.274157524 0.00482919952
v -0.121093348 0.2737602 0.00649580499
v -0.127690628 0.274339318 0.010604932
v -0.129946873 0.281283349 0.010604932
v -0.112579301 0.27380386 0.00722154183
v -0.119505972 0.272282809 0.00807194691
v -0.117923342 0.272067487 0.010224998
v -0.134403542 0.279835284 0.0163148809
v -0.135458902 0.27181524 0.0228293128
v -0.132147297 0.272891253 0.0163148809
v -0.126423821 0.272028208 0.0110955527
v -0.130798429 0.270606816 0.0167003591
v -0.134049058 0.269550622 0.0230948329
v -0.124563254 0.270639598 0.0124359513
v -0.128713652 0.269291043 0.0177535005
v -0.122607432 0.270545512 0.0142669678
v -0.126451567 0.269296497 0.0191921219
v -0.129308015 0.268368363 0.0248111878
v -0.131797671 0.26828897 0.0238202494
v -0.136050776 0.268900216 0.0300332401
v -0.133696809 0.267671913 0.0304030534
v -0.277906716 -0.0497247651 0.0435895845
v -0.277906716 -0.0503492728 0.0372488797
v -0.278600574 -0.0522644669 0.04409476
v -0.277906716 -0.0478752516 0.0496866181
v -0.278600574 -0.0502675958 0.0506775603
v -0.278600574 -0.0470248573 0.0567442998
v -0.278600574 -0.0529387258 0.0372488797
v -0.277906716 -0.0448718034 0.0553056784
v -0.28049618 -0.0486009978 0.0577974468
v -0.28049618 -0.0520189144 0.0514029786
v -0.28049618 -0.054123655 0.044464577
v -0.283085644 -0.0491779074 0.058182925
v -0.277906716 -0.0497247763 0.030908227
v -0.283085644 -0.05265994 0.0516685024
v -0.28049618 -0.0548343398 0.0372488797
v -0.283085644 -0.0548041649 0.0445999391
v -0.286467969 -0.0491779074 0.058182925
v -0.286467969 -0.05265994 0.0516685024
v -0.283085644 -0.0555281825 0.0372488797
v -0.286467969 -0.0548041649 0.0445999391
v -0.290387005 -0.05265994 0.0516685024
v -0.290387005 -0.0548041649 0.0445999391
v -0.290387005 -0.0491779074 0.058182925
v -0.290387005 -0.0555281825 0.0372488797
v -0.286467969 -0.0444918834 0.0638928637
v -0.290387005 -0.0444918834 0.0638928637
v -0.286467969 -0.0555281825 0.0372488797
v -0.290387005 -0.0548041761 0.0298978779
v -0.283085644 -0.0548041761 0.0298978779
v -0.286467969 -0.0548041761 0.0298978779
v -0.290387005 -0.0526599623 0.022829311
v -0.286467969 -0.0387819409 0.0685788915
v -0.290387005 -0.0387819409 0.0685788915
v -0.283085644 -0.0444918834 0.0638928637
v -0.286467969 -0.0322675183 0.0720609203
v -0.290387005 -0.0322675183 0.0720609203
v -0.283085644 -0.0387819409 0.0685788915
v -0.290387005 -0.0251989588 0.0742051452
v -0.283085644 -0.0322675183 0.0720609203
v -0.28049618 -0.0440012626 0.063402243
v -0.28049618 -0.0383964628 0.0680019855
v -0.278600574 -0.0426608622 0.0620618425
v -0.277906716 -0.040829841 0.0602308214
v -0.278600574 -0.0373433158 0.0664258376
v -0.28049618 -0.0320019983 0.0714198947
v -0.283085644 -0.0251989588 0.0742051452
v -0.277906716 -0.0359046943 0.0642727911
v -0.278600574 -0.0312765762 0.0696685761
v -0.28049618 -0.0250635967 0.0735246316
v -0.290387005 -0.0178479031 0.0749291629
v -0.277906716 -0.030285636 0.0672762319
v -0.278600574 -0.0246937815 0.0716654435
v -0.283085644 -0.0178479031 0.0749291629
v -0.290387005 -0.0104968455 0.0742051452
v -0.283085644 -0.0104968455 0.0742051452
v -0.290387005 -0.00342828571 0.0720609203
v -0.28049618 -0.0178479031 0.0742353201
v -0.283085644 -0.00342828548 0.0720609203
v -0.290387005 0.00308614084 0.0685788915
v -0.28049618 -0.0106322076 0.073524639
v -0.278600574 -0.0178479031 0.0723397061
v -0.277906716 -0.0241886042 0.0691257492
v -0.277906716 -0.0178479012 0.0697502568
v -0.278600574 -0.0110020228 0.0716654509
v -0.28049618 -0.0036938074 0.0714198947
v -0.283085644 0.00308614084 0.0685788915
v -0.277906716 -0.0115072001 0.0691257492
v -0.278600574 -0.00441922713 0.0696685761
v -0.28049618 0.0027006634 0.0680019855
v -0.290387005 0.00879608188 0.0638928637
v -0.277906716 -0.00541016739 0.0672762319
v -0.278600574 0.00164751848 0.0664258376
v -0.283085644 0.00879608188 0.0638928637
v -0.290387005 0.0134821115 0.0581829213
v -0.286467969 0.016964145 0.0516684949
v -0.290387005 0.016964145 0.0516684949
v -0.283085644 0.0134821115 0.0581829213
v -0.28049618 0.00830546208 0.063402243
v -0.286467969 0.0191083681 0.0445999317
v -0.290387005 0.0191083681 0.0445999317
v -0.283085644 0.016964145 0.0516684949
v -0.28049618 0.0129052028 0.0577974431
v -0.278600574 0.00696506351 0.0620618425
v -0.277906716 0.000208894853 0.0642727911
v -0.277906716 0.00513404235 0.0602308214
v -0.278600574 0.0113290576 0.0567442998
v -0.28049618 0.0163231194 0.0514029749
v -0.283085644 0.0191083681 0.0445999317
v -0.277906716 0.00917600747 0.0553056747
v -0.278600574 0.0145718008 0.0506775528
v -0.28049618 0.0184278563 0.0444645695
v -0.286467969 0.0198323838 0.0372488685
v -0.290387005 0.019832382 0.0372488685
v -0.277906716 0.0121794567 0.0496866144
v -0.278600574 0.0165686682 0.0440947525
v -0.290387005 0.0191083625 0.0298978072
v -0.283085644 0.0198323838 0.0372488685
v -0.286467969 0.0169641338 0.0228292439
v -0.290387005 0.0169641338 0.0228292439
v -0.283085644 0.0191083625 0.0298978072
v -0.28049618 0.0191385392 0.0372488685
v -0.283085644 0.0169641338 0.0228292439
v -0.28049618 0.0184278525 0.0300331693
v -0.278600574 0.017242929 0.0372488685
v -0.277906716 0.0140289692 0.0435895771
v -0.0213020779 -0.287496984 0.0435895845
v -0.0207081363 -0.287689984 0.0372488797
v -0.0191010889 -0.288941681 0.04409476
v -0.0230610687 -0.286925465 0.0496866181
v -0.0210002251 -0.288324624 0.0506775603
v -0.0240842514 -0.287322551 0.0567442998
v -0.0184598286 -0.289150029 0.0372488797
v -0.0231710263 -0.289612442 0.0577974468
v -0.0199203975 -0.290668637 0.0514029786
v -0.0179186724 -0.291319042 0.044464577
v -0.0234225392 -0.292253435 0.058182925
v -0.0213020686 -0.287496984 0.030908227
v -0.0201109312 -0.293329448 0.0516685024
v -0.0172427706 -0.291538656 0.0372488797
v -0.0180716533 -0.293992043 0.0445999391
v -0.0244677328 -0.295470208 0.058182925
v -0.0173830707 -0.294215769 0.0372488797
v -0.0191168468 -0.297208816 0.0445999391
v -0.0223671794 -0.300273448 0.0516685024
v -0.0203279015 -0.300936043 0.0445999391
v -0.0256787874 -0.299197435 0.058182925
v -0.0196393188 -0.301159799 0.0372488797
v -0.0301354602 -0.2977494 0.0638928637
v -0.0180716403 -0.293992043 0.0298978779
v -0.0203278884 -0.300936073 0.0298978779
v -0.0191168357 -0.297208816 0.0298978779
v -0.0223671552 -0.300273448 0.022829311
v -0.0343548842 -0.292257696 0.0685788915
v -0.0355659351 -0.295984924 0.0685788915
v -0.0278792121 -0.29080537 0.0638928637
v -0.0405504629 -0.290244609 0.0720609203
v -0.0417615138 -0.293971866 0.0720609203
v -0.0333096869 -0.289040893 0.0685788915
v -0.0484841131 -0.291787565 0.0742051452
v -0.0395052657 -0.287027836 0.0720609203
v -0.0275456347 -0.28819105 0.063402243
v -0.0328761153 -0.286459059 0.0680019855
v -0.028234655 -0.285973996 0.0620618425
v -0.0344457403 -0.283226341 0.0642727911
v -0.0332919396 -0.284330785 0.0664258376
v -0.0389576107 -0.284483075 0.0714198947
v -0.0462278649 -0.284843534 0.0742051452
v -0.0390617475 -0.28245607 0.0696685761
v -0.0455564186 -0.282338977 0.0735246316
v -0.0554753803 -0.289515942 0.0749291629
v -0.039789781 -0.281489968 0.0672762319
v -0.0453223586 -0.280421883 0.0716654435
v -0.0602103993 -0.280300349 0.0742051452
v -0.0624666475 -0.28724435 0.0742051452
v -0.0532191321 -0.282571942 0.0749291629
v -0.069189243 -0.285060048 0.0720609203
v -0.0524189472 -0.280109227 0.0742353201
v -0.0669329986 -0.278116018 0.0720609203
v -0.0753848329 -0.283046991 0.0685788915
v -0.0592814796 -0.277879447 0.073524639
v -0.0518331714 -0.278306395 0.0723397061
v -0.0455884002 -0.279605895 0.0691257492
v -0.0576491281 -0.275687128 0.0691257492
v -0.0583439879 -0.276190907 0.0716654509
v -0.0658802837 -0.275735378 0.0714198947
v -0.073128581 -0.27610296 0.0685788915
v -0.0646045953 -0.27415669 0.0696685761
v -0.0719617903 -0.273759365 0.0680019855
v -0.0808153078 -0.281282514 0.0638928637
v -0.0634477511 -0.273803025 0.0672762319
v -0.0703744143 -0.272281975 0.0664258376
v -0.0785590559 -0.274338484 0.0638928637
v -0.0852719843 -0.279834449 0.0581829213
v -0.0830157325 -0.272890449 0.0581829213
v -0.0885835886 -0.278758436 0.0516684949
v -0.0772922635 -0.272027403 0.063402243
v -0.0863273442 -0.271814436 0.0516684949
v -0.0906228647 -0.278095841 0.0445999317
v -0.0816668794 -0.270605981 0.0577974431
v -0.0754316971 -0.270638764 0.0620618425
v -0.0734758824 -0.270544708 0.0602308214
v -0.0795821026 -0.269290209 0.0567442998
v -0.0849175081 -0.269549787 0.0514029749
v -0.0883666202 -0.271151841 0.0445999317
v -0.0773200169 -0.269295663 0.0553056747
v -0.0826661289 -0.268288165 0.0506775528
v -0.0869192332 -0.268899411 0.0444645695
v -0.0890551955 -0.270928085 0.0372488685
v -0.0913114473 -0.277872115 0.0372488685
v -0.0801764652 -0.268367559 0.0496866144
v -0.0845652595 -0.267671078 0.0440947525
v -0.08941181 -0.274368614 0.0298978072
v -0.0906228647 -0.278095841 0.0298978072
v -0.0873725265 -0.275031209 0.0228292439
v -0.0885835811 -0.278758436 0.0228292439
v -0.0883666128 -0.271151841 0.0298978072
v -0.0875951275 -0.268679798 0.0372488685
v -0.0863273293 -0.271814436 0.0228292439
v -0.0869192258 -0.268899411 0.0300331693
v -0.0852065235 -0.26746273 0.0372488685
v -0.0819354579 -0.26779601 0.0435895771
v 0.28412804 -0.116927616 0.0435895845
v 0.284495115 -0.116422385 0.0372488797
v 0.286182195 -0.115280792 0.04409476
v 0.283040941 -0.118423909 0.0496866181
v 0.28500846 -0.116896294 0.0506775603
v 0.283102423 -0.119519725 0.0567442998
v 0.286578506 -0.114735298 0.0372488797
v 0.281275541 -0.120853752 0.0553056784
v 0.285562426 -0.119358808 0.0577974468
v 0.28757143 -0.116593659 0.0514029786
v 0.288808554 -0.114890881 0.044464577
v 0.287996441 -0.120414123 0.058182925
v 0.290043116 -0.117597096 0.0516685024
v 0.289226294 -0.114315927 0.0372488797
v 0.291303486 -0.115862384 0.0445999391
v 0.290732801 -0.122402199 0.058182925
v 0.292779475 -0.119585179 0.0516685024
v 0.291729033 -0.115276642 0.0372488797
v 0.294039845 -0.11785046 0.0445999391
v 0.295950055 -0.121888742 0.0516685024
v 0.297210425 -0.120154023 0.0445999391
v 0.293903381 -0.124705762 0.058182925
v 0.297635972 -0.119568281 0.0372488797
v 0.29114902 -0.128496841 0.0638928637
v 0.297210425 -0.120154016 0.0298978779
v 0.291303486 -0.11586237 0.0298978779
v 0.294039845 -0.117850453 0.0298978779
v 0.295950085 -0.121888719 0.022829311
v 0.284622192 -0.130812719 0.0685788915
v 0.287792802 -0.133116275 0.0685788915
v 0.285242051 -0.124205194 0.0638928637
v 0.278056771 -0.134094924 0.0720609203
v 0.28396371 -0.138386562 0.0720609203
v 0.281885833 -0.128824636 0.0685788915
v 0.279808909 -0.144105151 0.0742051452
v 0.282858759 -0.123080075 0.063402243
v 0.279564351 -0.127614453 0.0680019855
v 0.280537337 -0.123050272 0.0620618425
v 0.278899759 -0.124123767 0.0602308214
v 0.277411759 -0.127352253 0.0664258376
v 0.275805771 -0.13278769 0.0714198947
v 0.273901969 -0.139813498 0.0742051452
v 0.276004821 -0.128108293 0.0642727911
v 0.273845822 -0.132260352 0.0696685761
v 0.271727502 -0.138400972 0.0735246316
v 0.275488079 -0.150052279 0.0749291629
v 0.272702008 -0.132654205 0.0672762319
v 0.269976556 -0.137585953 0.0716654435
v 0.269581139 -0.145760641 0.0749291629
v 0.271167219 -0.155999407 0.0742051452
v 0.261105508 -0.157426357 0.0720609203
v 0.267012447 -0.161717996 0.0720609203
v 0.265260279 -0.151707768 0.0742051452
v 0.267486215 -0.144238591 0.0742353201
v 0.263183355 -0.166988283 0.0685788915
v 0.263244927 -0.15007621 0.073524639
v 0.265952647 -0.143124387 0.0723397061
v 0.269118279 -0.137586817 0.0691257492
v 0.261664331 -0.147846296 0.0691257492
v 0.261928737 -0.14866282 0.0716654509
v 0.259166658 -0.155689493 0.0714198947
v 0.257276416 -0.162696645 0.0685788915
v 0.258059472 -0.153988406 0.0696685761
v 0.255408078 -0.160862729 0.0680019855
v 0.259827137 -0.171607718 0.0638928637
v 0.258080602 -0.152778894 0.0672762319
v 0.254493505 -0.158896506 0.0664258376
v 0.253902167 -0.173095241 0.0581829213
v 0.257072747 -0.175398797 0.0581829213
v 0.253920197 -0.167316079 0.0638928637
v 0.251855493 -0.175912261 0.0516684949
v 0.255026072 -0.178215817 0.0516684949
v 0.251165807 -0.171107158 0.0581829213
v 0.25211367 -0.165397108 0.063402243
v 0.253765732 -0.179950535 0.0445999317
v 0.249119118 -0.173924178 0.0516684949
v 0.249410003 -0.169118389 0.0577974431
v 0.251367956 -0.163198501 0.0620618425
v 0.254777789 -0.157324806 0.0642727911
v 0.248802856 -0.166729048 0.0567442998
v 0.247400999 -0.171883538 0.0514029749
v 0.247858778 -0.175658897 0.0445999317
v 0.249507055 -0.164579362 0.0553056747
v 0.246896818 -0.169352487 0.0506775528
v 0.24616386 -0.173586309 0.0444645695
v 0.250169575 -0.178232715 0.0372488685
v 0.253340155 -0.18053627 0.0372488685
v 0.246654555 -0.16850549 0.0435895771
v 0.245723084 -0.170967981 0.0440947525
v 0.250595152 -0.177646965 0.0298978072
v 0.253765732 -0.179950535 0.0298978072
v 0.247433215 -0.176244631 0.0372488685
v 0.251855493 -0.175912246 0.0228292439
v 0.255026072 -0.178215817 0.0228292439
v 0.247858778 -0.175658897 0.0298978072
v 0.245746136 -0.174161255 0.0372488685
v 0.249119133 -0.173924178 0.0228292439
v 0.24616386 -0.173586309 0.0300331693
v 0.245326772 -0.171513468 0.0372488685
v 0.216289699 0.226262435 0.0435895845
v 0.215922624 0.226767674 0.0372488797
v 0.215358227 0.228724927 0.04409476
v 0.216531962 0.227109432 0.0506775603
v 0.218437999 0.224486008 0.0567442998
v 0.214961916 0.229270414 0.0372488797
v 0.219142213 0.222336322 0.0553056784
v 0.219045147 0.226875335 0.0577974468
v 0.217036143 0.229640484 0.0514029786
v 0.215799004 0.231343254 0.044464577
v 0.220800966 0.228864118 0.058182925
v 0.218754262 0.231681138 0.0516685024
v 0.21538128 0.231918216 0.0372488797
v 0.217493922 0.233415842 0.0445999391
v 0.226707891 0.233155772 0.058182925
v 0.224661201 0.235972792 0.0516685024
v 0.217068359 0.234001592 0.0372488797
v 0.220230281 0.23540394 0.0445999391
v 0.223400861 0.237707496 0.0445999391
v 0.222975284 0.238293245 0.0372488797
v 0.229462281 0.229364693 0.0638928637
v 0.219804704 0.235989675 0.0372488797
v 0.223400846 0.237707511 0.0298978779
v 0.217493922 0.233415857 0.0298978779
v 0.220230266 0.23540394 0.0298978779
v 0.224661186 0.235972807 0.022829311
v 0.226911575 0.220453605 0.0685788915
v 0.232818499 0.224745259 0.0685788915
v 0.223555341 0.22507304 0.0638928637
v 0.233477011 0.217171416 0.0720609203
v 0.236647591 0.219474986 0.0720609203
v 0.234895468 0.209464744 0.0742051452
v 0.240802392 0.213756397 0.0742051452
v 0.230740651 0.215183333 0.0720609203
v 0.221748814 0.223154083 0.063402243
v 0.225043237 0.218619704 0.0680019855
v 0.2210031 0.220955461 0.0620618425
v 0.224128678 0.216653481 0.0664258376
v 0.228801817 0.213446468 0.0714198947
v 0.224412948 0.215081781 0.0642727911
v 0.227694631 0.211745381 0.0696685761
v 0.232880116 0.207833186 0.0735246316
v 0.239216313 0.203517616 0.0749291629
v 0.245123252 0.207809269 0.0749291629
v 0.23129952 0.205603257 0.0691257492
v 0.231563911 0.206419796 0.0716654435
v 0.243537158 0.197570488 0.0742051452
v 0.249444097 0.201862141 0.0742051452
v 0.253598899 0.196143568 0.0720609203
v 0.237121403 0.201995581 0.0742353201
v 0.254257411 0.188569725 0.0685788915
v 0.25742799 0.19087328 0.0685788915
v 0.247691974 0.191851914 0.0720609203
v 0.241362691 0.196157962 0.073524639
v 0.23558782 0.200881362 0.0723397061
v 0.235026494 0.200473532 0.0697502568
v 0.23961173 0.195342928 0.0716654509
v 0.24544099 0.19054468 0.0714198947
v 0.251521051 0.186581627 0.0685788915
v 0.238753468 0.195343792 0.0691257492
v 0.24348101 0.190017343 0.0696685761
v 0.249199569 0.185371444 0.0680019855
v 0.257613629 0.183950275 0.0638928637
v 0.260784209 0.186253846 0.0638928637
v 0.242337227 0.190411195 0.0672762319
v 0.247046962 0.185109243 0.0664258376
v 0.260368019 0.180159211 0.0581829213
v 0.263538599 0.182462767 0.0581829213
v 0.254877299 0.181962192 0.0638928637
v 0.262414724 0.177342176 0.0516684949
v 0.265585303 0.179645747 0.0516684949
v 0.25763166 0.178171113 0.0581829213
v 0.252494007 0.180837065 0.063402243
v 0.266845644 0.177911028 0.0445999317
v 0.259678364 0.175354093 0.0516684949
v 0.255197644 0.177115798 0.0577974431
v 0.250172555 0.180807263 0.0620618425
v 0.248534963 0.181880757 0.0602308214
v 0.252737641 0.177276716 0.0567442998
v 0.257206649 0.174350649 0.0514029749
v 0.260938704 0.17361939 0.0445999317
v 0.250910789 0.178610742 0.0553056747
v 0.254643679 0.174653277 0.0506775528
v 0.258443803 0.172647879 0.0444645695
v 0.267271221 0.177325293 0.0372488685
v 0.252676159 0.176180899 0.0496866144
v 0.255817413 0.173037782 0.0440947525
v 0.263675064 0.175607473 0.0298978072
v 0.266845644 0.177911043 0.0298978072
v 0.261364281 0.17303364 0.0372488685
v 0.262414724 0.177342191 0.0228292439
v 0.265585303 0.179645762 0.0228292439
v 0.260938704 0.17361939 0.0298978072
v 0.258861542 0.172072932 0.0372488685
v 0.259678364 0.175354108 0.0228292439
v 0.258443803 0.172647893 0.0300331693
v 0.256213725 0.172492296 0.0372488685
v 0.253763288 0.174684614 0.0435895771
v -0.131066993 0.267796844 0.0435895845
v -0.131660923 0.267603874 0.0372488797
v -0.133696795 0.267671913 0.04409476
v -0.129308 0.268368393 0.0496866181
v -0.131797656 0.268289 0.0506775603
v -0.128713623 0.269291043 0.0567442998
v -0.134338051 0.267463565 0.0372488797
v -0.126451552 0.269296497 0.0553056784
v -0.130798399 0.270606816 0.0577974468
v -0.134049043 0.269550622 0.0514029786
v -0.136050761 0.268900216 0.044464577
v -0.132147267 0.272891283 0.058182925
v -0.131066993 0.267796844 0.030908227
v -0.135458872 0.27181527 0.0516685024
v -0.136726663 0.268680602 0.0372488797
v -0.137498155 0.271152645 0.0445999391
v -0.138186738 0.270928919 0.0372488797
v -0.139754415 0.278096676 0.0445999391
v -0.137715131 0.278759301 0.0516685024
v -0.134403512 0.279835284 0.058182925
v -0.127690583 0.274339348 0.0638928637
v -0.129946843 0.281283349 0.0638928637
v -0.140442997 0.27787295 0.0372488797
v -0.139754415 0.278096676 0.0298978779
v -0.13749817 0.271152645 0.0298978779
v -0.137715146 0.278759271 0.022829311
v -0.122260109 0.276103795 0.0685788915
v -0.12451636 0.283047825 0.0685788915
v -0.118320778 0.285060912 0.0720609203
v -0.116064526 0.278116882 0.0720609203
v -0.111598171 0.287245214 0.0742051452
v -0.126423791 0.272028238 0.063402243
v -0.12109331 0.2737602 0.0680019855
v -0.124563225 0.270639598 0.0620618425
v -0.12260741 0.270545542 0.0602308214
v -0.119505934 0.272282809 0.0664258376
v -0.115011811 0.275736213 0.0714198947
v -0.109341919 0.280301183 0.0742051452
v -0.117923312 0.272067487 0.0642727911
v -0.113736123 0.274157554 0.0696685761
v -0.108412996 0.277880281 0.0735246316
v -0.104606897 0.289516807 0.0749291629
v -0.112579271 0.27380389 0.0672762319
v -0.107475504 0.276191741 0.0716654435
v -0.102350645 0.282572776 0.0749291629
v -0.0976156294 0.291788429 0.0742051452
v -0.0953593701 0.284844398 0.0742051452
v -0.0908930227 0.293972731 0.0720609203
v -0.10155046 0.280110061 0.0742353201
v -0.0824411809 0.289041758 0.0685788915
v -0.0846974328 0.295985788 0.0685788915
v -0.0886367708 0.2870287 0.0720609203
v -0.0946879238 0.282339841 0.073524639
v -0.100964688 0.278307229 0.0723397061
v -0.106780641 0.275687963 0.0691257492
v -0.100750275 0.277647346 0.0697502568
v -0.0944538638 0.280422717 0.0716654509
v -0.0880891085 0.284483939 0.0714198947
v -0.0947199091 0.27960673 0.0691257492
v -0.0881932527 0.282456934 0.0696685761
v -0.0820076019 0.286459923 0.0680019855
v -0.0780558959 0.294023007 0.0638928637
v -0.0792669505 0.297750264 0.0638928637
v -0.0889212787 0.281490833 0.0672762319
v -0.0824234262 0.28433165 0.0664258376
v -0.0725540221 0.292254299 0.0581829213
v -0.0748102739 0.299198329 0.0581829213
v -0.0770106986 0.290806234 0.0638928637
v -0.0702876076 0.296547085 0.0516684949
v -0.0714986622 0.300274342 0.0516684949
v -0.0766771212 0.288191915 0.063402243
v -0.0672031268 0.293992907 0.0445999317
v -0.0694593787 0.300936937 0.0445999317
v -0.0692424104 0.293330312 0.0516684949
v -0.0723025054 0.289613307 0.0577974431
v -0.0773661435 0.28597486 0.0620618425
v -0.0835772306 0.283227205 0.0642727911
v -0.07889314 0.28474918 0.0602308214
v -0.0732157379 0.287323415 0.0567442998
v -0.0690518767 0.290669501 0.0514029749
v -0.075048998 0.285998195 0.0553056747
v -0.0701317042 0.288325489 0.0506775528
v -0.0670501515 0.291319907 0.0444645695
v -0.0675597489 0.297433436 0.0372488685
v -0.0687708035 0.301160663 0.0372488685
v -0.0721925497 0.286926329 0.0496866144
v -0.0682325661 0.288942546 0.0440947525
v -0.0682483315 0.29720968 0.0298978072
v -0.0694593862 0.300936937 0.0298978072
v -0.0665145516 0.294216633 0.0372488685
v -0.0692424178 0.293330312 0.0228292439
v -0.0714986697 0.300274342 0.0228292439
v -0.0672031343 0.293992907 0.0298978072
v -0.0663742498 0.29153952 0.0372488685
v -0.0670501515 0.291319907 0.0300331693
v -0.0675913095 0.289150894 0.0372488685
v -0.070433557 0.287497848 0.0435895771
v -0.295160174 0.00778960017 0.0783412009
v -0.295670837 0.0106857587 0.0783412009
v -0.294275463 0.0111936321 0.0777261257
v -0.297141254 0.0132325971 0.0783412009
v -0.296003729 0.0141870882 0.0777261257
v -0.293675244 0.00778960017 0.0777261257
v -0.295670837 0.0048934361 0.0783412009
v -0.295532554 0.0145824514 0.0762412027
v -0.293697476 0.0114040002 0.0762412027
v -0.294275463 0.00438556122 0.0777261257
v -0.293060154 0.00778960017 0.0762412027
v -0.297141254 0.00234659854 0.0783412009
v -0.293697476 0.00417519268 0.0762412027
v -0.296003729 0.00139210711 0.0777261257
v -0.299394071 0.000456267706 0.0783412009
v -0.293060154 0.00778960017 0.0352909714
v -0.295532554 0.000996744144 0.0762412027
v -0.293697476 0.00417519268 0.0352909714
v -0.295532554 0.000996744144 0.0352909714
v -0.298651606 -0.000829714409 0.0777261257
v -0.298344076 -0.00136238628 0.0762412027
v -0.302157551 -0.000549555931 0.0783412009
v -0.301899701 -0.00201192079 0.0777261257
v -0.0813330784 -0.286133111 0.0783412009
v -0.0842452943 -0.285723805 0.0783412009
v -0.0842971131 -0.284239799 0.0777261257
v -0.0871218592 -0.28633526 0.0783412009
v -0.087678127 -0.284958452 0.0777261257
v -0.0808742121 -0.284720838 0.0777261257
v -0.0787364691 -0.287513733 0.0783412009
v -0.0879085362 -0.284388155 0.0762412027
v -0.0843185782 -0.283625096 0.0762412027
v -0.0778222606 -0.286343604 0.0777261257
v -0.0806841403 -0.284135878 0.0762412027
v -0.0767686665 -0.289699197 0.0783412009
v -0.0774435773 -0.285858929 0.0762412027
v -0.0755093768 -0.288912326 0.0777261257
v -0.0756670088 -0.292425901 0.0783412009
v -0.0806841403 -0.284135878 0.0352909714
v -0.0749877691 -0.288586378 0.0762412027
v -0.0774435773 -0.285858929 0.0352909714
v -0.0749877691 -0.288586378 0.0352909714
v -0.0742145404 -0.292117178 0.0777261257
v -0.073612906 -0.291989297 0.0762412027
v -0.075564377 -0.295364946 0.0783412009
v -0.0740939081 -0.295571595 0.0777261257
v 0.26428026 -0.173599035 0.0783412009
v 0.262991071 -0.176242247 0.0783412009
v 0.261563689 -0.175832942 0.0777261257
v 0.26268369 -0.179166973 0.0783412009
v 0.261202365 -0.179270551 0.0777261257
v 0.263078928 -0.172726214 0.0777261257
v 0.266395718 -0.17155616 0.0783412009
v 0.260588795 -0.179313451 0.0762412027
v 0.26097244 -0.175663412 0.0762412027
v 0.265565366 -0.1703251 0.0777261257
v 0.262581319 -0.172364682 0.0762412027
v 0.269082308 -0.170360014 0.0783412009
v 0.265221417 -0.169815183 0.0762412027
v 0.268723071 -0.168919191 0.0777261257
v 0.272015989 -0.17015487 0.0783412009
v 0.262581319 -0.172364682 0.0352909714
v 0.268574268 -0.168322384 0.0762412027
v 0.265221417 -0.169815183 0.0352909714
v 0.268574268 -0.168322384 0.0352909714
v 0.272171199 -0.168678075 0.0777261257
v 0.272235483 -0.168066368 0.0762412027
v 0.274842888 -0.170965478 0.0783412009
v 0.27549383 -0.16963084 0.0777261257
v 0.264054179 0.189873695 0.0783412009
v 0.266169667 0.187830821 0.0783412009
v 0.265339285 0.186599761 0.0777261257
v 0.268856257 0.186634675 0.0783412009
v 0.26849702 0.185193866 0.0777261257
v 0.262852877 0.189000875 0.0777261257
v 0.26276502 0.192516908 0.0783412009
v 0.268348217 0.18459706 0.0762412027
v 0.264995366 0.186089844 0.0762412027
v 0.261337608 0.192107603 0.0777261257
v 0.262355268 0.188639343 0.0762412027
v 0.262457609 0.195441633 0.0783412009
v 0.26074636 0.191938072 0.0762412027
v 0.260976315 0.195545211 0.0777261257
v 0.26316905 0.198295116 0.0783412009
v 0.262355268 0.188639343 0.0352909714
v 0.260362715 0.195588127 0.0762412027
v 0.26074636 0.191938072 0.0352909714
v 0.260362715 0.195588127 0.0352909714
v 0.261812508 0.19889909 0.0777261257
v 0.261250615 0.199149266 0.0762412027
v 0.264813542 0.200733185 0.0783412009
v 0.263745397 0.201764688 0.0777261257
v -0.0816991627 0.301978797 0.0783412009
v -0.0791025609 0.303359419 0.0783412009
v -0.0781883448 0.302189291 0.0777261257
v -0.0771347508 0.305544883 0.0783412009
v -0.0758754686 0.304758012 0.0777261257
v -0.0812402964 0.300566554 0.0777261257
v -0.0846113861 0.301569492 0.0783412009
v -0.0753538534 0.304432064 0.0762412027
v -0.0778096691 0.301704615 0.0762412027
v -0.0846632123 0.300085485 0.0777261257
v -0.0810502246 0.299981564 0.0762412027
v -0.0874879584 0.302180946 0.0783412009
v -0.0846846774 0.299470782 0.0762412027
v -0.0880442187 0.300804138 0.0777261257
v -0.0899819285 0.303739339 0.0783412009
v -0.0810502246 0.299981564 0.0352909714
v -0.0882746354 0.300233841 0.0762412027
v -0.0846846774 0.299470782 0.0352909714
v -0.0882746354 0.300233841 0.0352909714
v -0.0909755379 0.302635819 0.0777261257
v -0.091387108 0.302178741 0.0762412027
v -0.0917924866 0.306056768 0.0783412009
v -0.0931036025 0.305359632 0.0777261257
v -0.315863013 -0.0548041649 0.0445999391
v -0.315863013 -0.0555281825 0.0372488797
v -0.315863013 -0.0311692022 0.0372488834
v -0.315863013 -0.0309132431 0.0346500501
v -0.315863013 -0.0309132356 0.039847739
v -0.315863013 -0.0548041761 0.0298978779
v -0.315863013 -0.05265994 0.0516685024
v -0.315863013 -0.0301551856 0.032151062
v -0.315863013 -0.03015518 0.0423467234
v -0.315863013 -0.0526599623 0.022829311
v -0.315863013 -0.0491779074 0.0581829213
v -0.315863013 -0.0289241709 0.0298479851
v -0.315863013 -0.0289241597 0.0446497984
v -0.315863013 -0.0491779409 0.0163148791
v -0.315863013 -0.0444918834 0.0638928637
v -0.315863013 -0.0272674989 0.0278293192
v -0.315863013 -0.0272674859 0.0466684625
v -0.315863013 -0.0444919169 0.010604931
v -0.315863013 -0.0387819409 0.0685788915
v -0.315863013 -0.0252488367 0.0261726435
v -0.315863013 -0.0252488218 0.0483251363
v -0.315863013 -0.0387819819 0.00591889489
v -0.315863013 -0.0322675183 0.0720609203
v -0.315863013 -0.0229457617 0.0249416195
v -0.315863013 -0.0229457468 0.0495561548
v -0.315863013 -0.0322675593 0.00243685348
v -0.315863013 -0.0251989607 0.0742051452
v -0.315863013 -0.0204467773 0.0241835583
v -0.315863013 -0.0204467643 0.0503142141
v -0.315863013 -0.0251989979 0.000292621611
v -0.315863013 -0.0178479031 0.0749291629
v -0.315863013 -0.0178479217 0.0239275899
v -0.315863013 -0.0178479105 0.0505701788
v -0.315863013 -0.0178479366 -0.000431403139
v -0.315863013 -0.0104968464 0.0742051452
v -0.315863013 -0.0152490651 0.0241835527
v -0.315863013 -0.0152490549 0.0503142141
v -0.315863013 -0.0104968743 0.000292607321
v -0.315863013 -0.00342828594 0.0720609203
v -0.315863013 -0.0127500808 0.0249416083
v -0.315863013 -0.0127500724 0.0495561548
v -0.315863013 -0.00342830853 0.00243682484
v -0.315863013 0.00308614061 0.0685788915
v -0.315863013 -0.010447002 0.0261726268
v -0.315863013 -0.0104469955 0.0483251363
v -0.315863013 0.00308612152 0.00591885438
v -0.315863013 0.00879608188 0.0638928637
v -0.315863013 -0.00842833705 0.0278293006
v -0.315863013 -0.00842833146 0.0466684625
v -0.315863013 0.00879606791 0.0106048789
v -0.315863013 0.0134821106 0.0581829213
v -0.315863013 -0.00677165948 0.0298479646
v -0.315863013 -0.00677165715 0.0446497984
v -0.315863013 0.0134820994 0.0163148176
v -0.315863013 0.016964145 0.0516684949
v -0.315863013 -0.00554064009 0.0321510397
v -0.315863013 -0.00554063777 0.0423467197
v -0.315863013 0.0169641338 0.0228292421
v -0.315863013 0.0191083681 0.044599928
v -0.315863013 -0.00478258077 0.034650024
v -0.315863013 -0.00478257844 0.0398477353
v -0.315863013 0.0191083625 0.0298978053
v -0.315863013 0.019832382 0.0372488685
v -0.315863013 -0.00452661468 0.0372488797
v -0.0282004084 -0.325165153 0.0445999391
v -0.0275118258 -0.325388879 0.0372488797
v -0.0506785847 -0.317861557 0.0372488834
v -0.0509220175 -0.317782462 0.0346500501
v -0.0509220213 -0.317782462 0.039847739
v -0.0282003973 -0.325165153 0.0298978779
v -0.0302396864 -0.324502558 0.0516685024
v -0.0516429693 -0.317548215 0.032151062
v -0.0516429767 -0.317548215 0.0423467234
v -0.030239664 -0.324502558 0.022829311
v -0.0335512944 -0.323426545 0.0581829213
v -0.0528137349 -0.317167819 0.0298479851
v -0.052813746 -0.317167789 0.0446497984
v -0.0335512646 -0.323426545 0.0163148791
v -0.0380079672 -0.32197848 0.0638928637
v -0.054389324 -0.316655874 0.0278293192
v -0.0543893352 -0.316655874 0.0466684625
v -0.0380079336 -0.321978509 0.010604931
v -0.0434384421 -0.320214033 0.0685788915
v -0.0563091859 -0.316032052 0.0261726435
v -0.0563091971 -0.316032052 0.0483251363
v -0.0434384048 -0.320214033 0.00591889489
v -0.0496340245 -0.318200946 0.0720609203
v -0.0584995374 -0.315320373 0.0249416195
v -0.0584995523 -0.315320373 0.0495561548
v -0.0496339835 -0.318200976 0.00243685348
v -0.05635662 -0.316016644 0.0742051452
v -0.0608762093 -0.314548135 0.0241835583
v -0.0608762242 -0.314548135 0.0503142141
v -0.0563565828 -0.316016674 0.000292621611
v -0.063347891 -0.313745052 0.0749291629
v -0.0633478686 -0.313745052 0.0239275899
v -0.0633478835 -0.313745052 0.0505701788
v -0.0633478537 -0.313745052 -0.000431403139
v -0.0703391582 -0.311473459 0.0742051452
v -0.0658195317 -0.312941968 0.0241835527
v -0.0658195391 -0.312941968 0.0503142141
v -0.0703391284 -0.311473459 0.000292607321
v -0.07706175 -0.309289157 0.0720609203
v -0.0681961998 -0.312169731 0.0249416083
v -0.0681962073 -0.312169731 0.0495561548
v -0.0770617276 -0.309289157 0.00243682484
v -0.0832573399 -0.30727607 0.0685788915
v -0.0703865588 -0.311458051 0.0261726268
v -0.0703865662 -0.311458051 0.0483251363
v -0.0832573175 -0.3072761 0.00591885438
v -0.0886878148 -0.305511624 0.0638928637
v -0.0723064244 -0.310834259 0.0278293006
v -0.0723064318 -0.310834259 0.0466684625
v -0.0886877999 -0.305511624 0.0106048789
v -0.0931444913 -0.304063559 0.0581829213
v -0.0738820136 -0.310322315 0.0298479646
v -0.073882021 -0.310322315 0.0446497984
v -0.0931444764 -0.304063559 0.0163148176
v -0.0964560956 -0.302987546 0.0516684949
v -0.0750527829 -0.309941888 0.0321510397
v -0.0750527903 -0.309941888 0.0423467197
v -0.0964560881 -0.302987546 0.0228292421
v -0.0984953716 -0.302324951 0.044599928
v -0.0757737383 -0.309707642 0.034650024
v -0.0757737458 -0.309707642 0.0398477353
v -0.0984953716 -0.302324951 0.0298978053
v -0.0991839543 -0.302101225 0.0372488685
v -0.0760171786 -0.309628546 0.0372488797
v 0.317820936 -0.135128438 0.0445999391
v 0.318246484 -0.134542689 0.0372488797
v 0.303928643 -0.154249534 0.0372488834
v 0.303778201 -0.154456601 0.0346500501
v 0.303778201 -0.154456601 0.039847739
v 0.317820936 -0.135128424 0.0298978779
v 0.316560596 -0.136863142 0.0516685024
v 0.303332627 -0.155069888 0.032151062
v 0.303332627 -0.155069888 0.0423467234
v 0.316560596 -0.136863127 0.022829311
v 0.314513892 -0.139680177 0.0581829213
v 0.302609056 -0.156065792 0.0298479851
v 0.302609056 -0.156065807 0.0446497984
v 0.314513922 -0.139680147 0.0163148791
v 0.311759531 -0.143471256 0.0638928637
v 0.301635295 -0.157406077 0.0278293192
v 0.301635265 -0.157406077 0.0466684625
v 0.311759531 -0.143471226 0.010604931
v 0.308403313 -0.14809069 0.0685788915
v 0.300448745 -0.159039199 0.0261726435
v 0.300448745 -0.159039214 0.0483251363
v 0.308403313 -0.148090661 0.00591889489
v 0.304574221 -0.153360963 0.0720609203
v 0.299095035 -0.160902426 0.0249416195
v 0.299095035 -0.160902441 0.0495561548
v 0.304574251 -0.153360933 0.00243685348
v 0.30041942 -0.159079552 0.0742051452
v 0.297626168 -0.162924156 0.0241835583
v 0.297626168 -0.16292417 0.0503142141
v 0.30041945 -0.159079522 0.000292621611
v 0.29609859 -0.165026695 0.0749291629
v 0.29609859 -0.165026665 0.0239275899
v 0.29609859 -0.16502668 0.0505701788
v 0.29609862 -0.165026665 -0.000431403139
v 0.29177776 -0.170973822 0.0742051452
v 0.294571042 -0.167129189 0.0241835527
v 0.294571012 -0.167129204 0.0503142141
v 0.29177776 -0.170973793 0.000292607321
v 0.287622958 -0.176692411 0.0720609203
v 0.293102175 -0.169150919 0.0249416083
v 0.293102145 -0.169150919 0.0495561548
v 0.287622958 -0.176692382 0.00243682484
v 0.283793867 -0.181962684 0.0685788915
v 0.291748434 -0.171014145 0.0261726268
v 0.291748434 -0.171014145 0.0483251363
v 0.283793867 -0.181962669 0.00591885438
v 0.280437648 -0.186582133 0.0638928637
v 0.290561914 -0.172647282 0.0278293006
v 0.290561914 -0.172647282 0.0466684625
v 0.280437648 -0.186582118 0.0106048789
v 0.277683258 -0.190373212 0.0581829213
v 0.289588124 -0.173987553 0.0298479646
v 0.289588124 -0.173987567 0.0446497984
v 0.277683288 -0.190373197 0.0163148176
v 0.275636584 -0.193190232 0.0516684949
v 0.288864553 -0.174983472 0.0321510397
v 0.288864553 -0.174983472 0.0423467197
v 0.275636584 -0.193190217 0.0228292421
v 0.274376243 -0.194924951 0.044599928
v 0.288418978 -0.175596759 0.034650024
v 0.288418978 -0.175596759 0.0398477353
v 0.274376243 -0.194924936 0.0298978053
v 0.273950666 -0.195510685 0.0372488685
v 0.288268536 -0.17580384 0.0372488797
v 0.244011357 0.252681941 0.0445999391
v 0.243585795 0.253267676 0.0372488797
v 0.257903665 0.23356086 0.0372488834
v 0.258054107 0.233353794 0.0346500501
v 0.258054137 0.233353779 0.039847739
v 0.244011357 0.252681941 0.0298978779
v 0.245271698 0.250947237 0.0516685024
v 0.258499682 0.232740507 0.032151062
v 0.258499712 0.232740507 0.0423467234
v 0.245271683 0.250947237 0.022829311
v 0.247318402 0.248130202 0.0581829213
v 0.259223253 0.231744602 0.0298479851
v 0.259223282 0.231744587 0.0446497984
v 0.247318372 0.248130232 0.0163148791
v 0.250072777 0.244339138 0.0638928637
v 0.260197043 0.230404317 0.0278293192
v 0.260197043 0.230404317 0.0466684625
v 0.250072747 0.244339168 0.010604931
v 0.253428996 0.239719704 0.0685788915
v 0.261383593 0.228771195 0.0261726435
v 0.261383593 0.22877118 0.0483251363
v 0.253428966 0.239719734 0.00591889489
v 0.257258087 0.234449431 0.0720609203
v 0.262737304 0.226907969 0.0249416195
v 0.262737304 0.226907954 0.0495561548
v 0.257258058 0.234449461 0.00243685348
v 0.261412889 0.228730842 0.0742051452
v 0.264206171 0.224886253 0.0241835583
v 0.264206171 0.224886239 0.0503142141
v 0.261412859 0.228730872 0.000292621611
v 0.265733749 0.222783715 0.0749291629
v 0.265733749 0.222783729 0.0239275899
v 0.265733749 0.222783715 0.0505701788
v 0.265733719 0.222783744 -0.000431403139
v 0.270054609 0.216836587 0.0742051452
v 0.267261297 0.220681205 0.0241835527
v 0.267261326 0.220681205 0.0503142141
v 0.270054579 0.216836616 0.000292607321
v 0.27420941 0.211118013 0.0720609203
v 0.268730164 0.21865949 0.0249416083
v 0.268730193 0.21865949 0.0495561548
v 0.27420938 0.211118028 0.00243682484
v 0.278038502 0.205847725 0.0685788915
v 0.270083904 0.216796264 0.0261726268
v 0.270083904 0.216796264 0.0483251363
v 0.278038472 0.20584774 0.00591885438
v 0.28139472 0.201228291 0.0638928637
v 0.271270454 0.215163127 0.0278293006
v 0.271270454 0.215163127 0.0466684625
v 0.28139472 0.201228306 0.0106048789
v 0.28414911 0.197437212 0.0581829213
v 0.272244215 0.213822857 0.0298479646
v 0.272244215 0.213822842 0.0446497984
v 0.28414911 0.197437227 0.0163148176
v 0.286195785 0.194620192 0.0516684949
v 0.272967786 0.212826937 0.0321510397
v 0.272967786 0.212826937 0.0423467197
v 0.286195785 0.194620192 0.0228292421
v 0.287456155 0.192885473 0.044599928
v 0.27341336 0.21221365 0.034650024
v 0.27341336 0.21221365 0.0398477353
v 0.287456125 0.192885488 0.0298978053
v 0.287881702 0.192299739 0.0372488685
v 0.273563832 0.212006569 0.0372488797
v -0.147626936 0.302325815 0.0445999391
v -0.148315519 0.302102059 0.0372488797
v -0.125148728 0.309629411 0.0372488834
v -0.124905303 0.309708506 0.0346500501
v -0.124905296 0.309708506 0.039847739
v -0.147626936 0.302325815 0.0298978779
v -0.145587653 0.30298841 0.0516685024
v -0.124184348 0.309942752 0.032151062
v -0.12418434 0.309942782 0.0423467234
v -0.145587668 0.30298841 0.022829311
v -0.142276034 0.304064423 0.0581829213
v -0.123013586 0.310323179 0.0298479851
v -0.123013571 0.310323179 0.0446497984
v -0.142276064 0.304064393 0.0163148791
v -0.137819365 0.305512488 0.0638928637
v -0.121437997 0.310835123 0.0278293192
v -0.121437982 0.310835123 0.0466684625
v -0.137819394 0.305512458 0.010604931
v -0.13238889 0.307276964 0.0685788915
v -0.119518131 0.311458915 0.0261726435
v -0.119518116 0.311458915 0.0483251363
v -0.13238892 0.307276934 0.00591889489
v -0.1261933 0.309290022 0.0720609203
v -0.117327772 0.312170595 0.0249416195
v -0.117327765 0.312170595 0.0495561548
v -0.12619333 0.309289992 0.00243685348
v -0.119470693 0.311474323 0.0742051452
v -0.114951096 0.312942833 0.0241835583
v -0.114951089 0.312942833 0.0503142141
v -0.11947073 0.311474323 0.000292621611
v -0.112479426 0.313745916 0.0749291629
v -0.112479441 0.313745916 0.0239275899
v -0.112479426 0.313745916 0.0505701788
v -0.112479456 0.313745916 -0.000431403139
v -0.105488151 0.316017538 0.0742051452
v -0.110007778 0.314549029 0.0241835527
v -0.11000777 0.314549029 0.0503142141
v -0.105488174 0.316017509 0.000292607321
v -0.0987655446 0.31820184 0.0720609203
v -0.107631102 0.315321237 0.0249416083
v -0.107631095 0.315321237 0.0495561548
v -0.0987655669 0.31820184 0.00243682484
v -0.0925699547 0.320214897 0.0685788915
v -0.105440743 0.316032946 0.0261726268
v -0.105440736 0.316032946 0.0483251363
v -0.0925699696 0.320214897 0.00591885438
v -0.0871394724 0.321979374 0.0638928637
v -0.103520878 0.316656739 0.0278293006
v -0.10352087 0.316656739 0.0466684625
v -0.0871394873 0.321979374 0.0106048789
v -0.0826827958 0.323427439 0.0581829213
v -0.101945281 0.317168683 0.0298479646
v -0.101945281 0.317168683 0.0446497984
v -0.0826828033 0.323427439 0.0163148176
v -0.0793711841 0.324503452 0.0516684949
v -0.100774512 0.31754908 0.0321510397
v -0.100774512 0.31754908 0.0423467197
v -0.0793711916 0.324503452 0.0228292421
v -0.077331908 0.325166047 0.044599928
v -0.100053556 0.317783326 0.034650024
v -0.100053556 0.317783326 0.0398477353
v -0.077331908 0.325166047 0.0298978053
v -0.0766433254 0.325389802 0.0372488685
v -0.099810116 0.317862451 0.0372488797
f 1 2 3
f 2 1 4
f 2 4 5
f 3 6 1
f 5 7 2
f 2 8 3
f 6 3 8
f 9 4 1
f 10 1 6
f 1 10 9
f 11 5 4
f 4 9 11
f 5 11 12
f 8 13 6
f 7 5 14
f 12 14 5
f 14 15 7
f 2 7 15
f 14 12 16
f 15 14 17
f 16 17 14
f 17 18 15
f 2 15 18
f 19 20 21
f 22 21 20
f 19 21 23
f 24 23 21
f 21 22 24
f 23 24 25
f 20 26 22
f 19 23 27
f 25 27 23
f 28 24 22
f 29 22 26
f 22 29 28
f 30 25 24
f 24 28 30
f 25 30 31
f 20 32 26
f 27 25 33
f 31 33 25
f 33 34 27
f 19 27 34
f 33 31 35
f 34 33 36
f 35 36 33
f 36 37 34
f 19 34 37
f 38 39 40
f 41 40 39
f 38 40 42
f 43 42 40
f 40 41 43
f 42 43 44
f 39 45 41
f 38 42 46
f 44 46 42
f 38 47 39
f 45 39 47
f 48 43 41
f 49 41 45
f 41 49 48
f 50 44 43
f 43 48 50
f 44 50 51
f 47 52 45
f 46 44 53
f 51 53 44
f 53 54 46
f 38 46 54
f 53 51 55
f 54 53 56
f 55 56 53
f 57 58 59
f 60 59 58
f 58 61 60
f 59 60 62
f 58 63 61
f 57 64 58
f 63 58 64
f 65 60 61
f 66 61 63
f 61 66 65
f 67 62 60
f 60 65 67
f 62 67 68
f 64 69 63
f 59 62 70
f 68 70 62
f 70 71 59
f 57 59 71
f 70 68 72
f 71 70 73
f 72 73 70
f 73 74 71
f 57 71 74
f 75 76 77
f 78 77 76
f 75 77 79
f 80 79 77
f 77 78 80
f 79 80 81
f 76 82 78
f 75 79 83
f 81 83 79
f 75 84 76
f 82 76 84
f 85 80 78
f 86 78 82
f 78 86 85
f 87 81 80
f 80 85 87
f 81 87 88
f 84 89 82
f 83 81 90
f 88 90 81
f 90 91 83
f 75 83 91
f 90 88 92
f 91 90 93
f 92 93 90
f 93 94 91
f 75 91 94
f 95 96 97
f 98 95 99
f 97 99 95
f 99 100 98
f 2 98 100
f 99 97 101
f 100 99 102
f 101 102 99
f 102 103 100
f 2 100 103
f 102 101 104
f 103 102 105
f 104 105 102
f 105 106 103
f 2 103 106
f 105 104 107
f 106 105 108
f 107 108 105
f 108 109 106
f 2 106 109
f 108 107 110
f 109 108 111
f 110 111 108
f 111 112 109
f 2 109 112
f 113 114 115
f 116 113 117
f 115 117 113
f 117 118 116
f 19 116 118
f 117 115 119
f 118 117 120
f 119 120 117
f 120 119 121
f 118 120 122
f 121 122 120
f 122 123 118
f 19 118 123
f 122 121 124
f 123 122 125
f 124 125 122
f 125 126 123
f 19 123 126
f 125 124 127
f 126 125 128
f 127 128 125
f 128 129 126
f 19 126 129
f 130 131 132
f 133 130 134
f 132 134 130
f 134 135 133
f 38 133 135
f 134 132 136
f 135 134 137
f 136 137 134
f 137 138 135
f 38 135 138
f 137 136 139
f 138 137 140
f 139 140 137
f 140 141 138
f 38 138 141
f 140 139 142
f 141 140 143
f 142 143 140
f 143 144 141
f 38 141 144
f 143 142 145
f 144 143 146
f 145 146 143
f 146 147 144
f 38 144 147
f 148 149 150
f 151 148 152
f 150 152 148
f 152 153 151
f 57 151 153
f 152 150 154
f 153 152 155
f 154 155 152
f 155 154 156
f 153 155 157
f 156 157 155
f 157 158 153
f 57 153 158
f 157 156 159
f 158 157 160
f 159 160 157
f 160 161 158
f 57 158 161
f 160 159 162
f 161 160 163
f 162 163 160
f 164 165 166
f 167 164 168
f 166 168 164
f 168 169 167
f 75 167 169
f 168 166 170
f 169 168 171
f 170 171 168
f 171 172 169
f 75 169 172
f 171 170 173
f 172 171 174
f 173 174 171
f 174 175 172
f 75 172 175
f 174 173 176
f 175 174 177
f 176 177 174
f 177 178 175
f 75 175 178
f 177 176 179
f 178 177 180
f 179 180 177
f 180 181 178
f 75 178 181
f 17 16 182
f 18 17 183
f 182 183 17
f 183 184 18
f 2 18 184
f 183 182 185
f 184 183 186
f 185 186 183
f 186 187 184
f 2 184 187
f 186 185 188
f 187 186 189
f 188 189 186
f 189 190 187
f 2 187 190
f 189 188 191
f 190 189 192
f 191 192 189
f 192 193 190
f 2 190 193
f 192 191 194
f 193 192 195
f 194 195 192
f 195 196 193
f 2 193 196
f 36 35 197
f 37 36 198
f 197 198 36
f 198 197 199
f 37 198 200
f 199 200 198
f 200 201 37
f 19 37 201
f 200 199 202
f 201 200 203
f 202 203 200
f 203 202 204
f 201 203 205
f 204 205 203
f 205 204 206
f 201 205 207
f 206 207 205
f 207 208 201
f 19 201 208
f 56 55 209
f 54 56 210
f 209 210 56
f 210 211 54
f 38 54 211
f 210 209 212
f 211 210 213
f 212 213 210
f 213 214 211
f 38 211 214
f 213 212 215
f 214 213 216
f 215 216 213
f 216 217 214
f 38 214 217
f 216 215 218
f 217 216 219
f 218 219 216
f 219 220 217
f 38 217 220
f 219 218 221
f 220 219 222
f 221 222 219
f 222 223 220
f 38 220 223
f 73 72 224
f 74 73 225
f 224 225 73
f 225 226 74
f 57 74 226
f 225 224 227
f 226 225 228
f 227 228 225
f 228 229 226
f 57 226 229
f 228 227 230
f 229 228 231
f 230 231 228
f 231 230 232
f 229 231 233
f 232 233 231
f 233 234 229
f 57 229 234
f 233 232 235
f 234 233 236
f 235 236 233
f 236 237 234
f 57 234 237
f 93 92 238
f 94 93 239
f 238 239 93
f 239 240 94
f 75 94 240
f 239 238 241
f 240 239 242
f 241 242 239
f 242 243 240
f 75 240 243
f 242 241 244
f 243 242 245
f 244 245 242
f 245 246 243
f 75 243 246
f 245 244 247
f 246 245 248
f 247 248 245
f 248 249 246
f 75 246 249
f 248 247 250
f 249 248 251
f 250 251 248
f 251 252 249
f 75 249 252
f 253 254 255
f 256 253 257
f 255 257 253
f 257 258 256
f 2 256 258
f 257 255 259
f 258 257 260
f 259 260 257
f 260 261 258
f 2 258 261
f 260 259 262
f 261 260 263
f 262 263 260
f 263 264 261
f 2 261 264
f 263 262 265
f 264 263 266
f 265 266 263
f 266 267 264
f 2 264 267
f 266 265 96
f 267 266 95
f 96 95 266
f 95 98 267
f 2 267 98
f 268 269 270
f 271 268 272
f 270 272 268
f 272 273 271
f 19 271 273
f 272 270 274
f 273 272 275
f 274 275 272
f 275 274 276
f 273 275 277
f 276 277 275
f 277 278 273
f 19 273 278
f 277 276 279
f 278 277 280
f 279 280 277
f 280 281 278
f 19 278 281
f 280 279 114
f 281 280 113
f 114 113 280
f 113 116 281
f 19 281 116
f 282 283 284
f 285 282 286
f 284 286 282
f 286 287 285
f 38 285 287
f 286 284 288
f 287 286 289
f 288 289 286
f 289 290 287
f 38 287 290
f 289 288 291
f 290 289 292
f 291 292 289
f 292 293 290
f 38 290 293
f 292 291 294
f 293 292 295
f 294 295 292
f 295 296 293
f 38 293 296
f 295 294 131
f 296 295 130
f 131 130 295
f 130 133 296
f 38 296 133
f 297 298 299
f 300 297 301
f 299 301 297
f 301 299 302
f 300 301 303
f 302 303 301
f 303 304 300
f 57 300 304
f 303 302 305
f 304 303 306
f 305 306 303
f 306 305 307
f 304 306 308
f 307 308 306
f 308 151 304
f 57 304 151
f 308 307 149
f 151 308 148
f 149 148 308
f 309 310 311
f 312 309 313
f 311 313 309
f 313 314 312
f 75 312 314
f 313 311 315
f 314 313 316
f 315 316 313
f 316 75 314
f 316 315 317
f 75 316 318
f 317 318 316
f 318 317 319
f 75 318 320
f 319 320 318
f 320 321 75
f 320 319 165
f 321 320 164
f 165 164 320
f 164 167 321
f 75 321 167
f 195 194 322
f 196 195 323
f 322 323 195
f 323 324 196
f 2 196 324
f 323 322 325
f 324 323 326
f 325 326 323
f 326 327 324
f 2 324 327
f 326 325 328
f 327 326 329
f 328 329 326
f 329 330 327
f 2 327 330
f 329 328 331
f 330 329 332
f 331 332 329
f 332 333 330
f 2 330 333
f 332 331 254
f 333 332 253
f 254 253 332
f 253 256 333
f 2 333 256
f 207 206 334
f 208 207 335
f 334 335 207
f 335 336 208
f 19 208 336
f 335 334 337
f 336 335 338
f 337 338 335
f 338 339 336
f 19 336 339
f 338 337 340
f 339 338 341
f 340 341 338
f 341 340 342
f 339 341 343
f 342 343 341
f 343 344 339
f 19 339 344
f 343 342 269
f 344 343 268
f 269 268 343
f 268 271 344
f 19 344 271
f 222 221 345
f 223 222 346
f 345 346 222
f 346 347 223
f 38 223 347
f 346 345 348
f 347 346 349
f 348 349 346
f 349 348 350
f 347 349 351
f 350 351 349
f 351 352 347
f 38 347 352
f 351 350 353
f 352 351 354
f 353 354 351
f 354 285 352
f 38 352 285
f 354 353 283
f 285 354 282
f 283 282 354
f 236 235 355
f 237 236 356
f 355 356 236
f 356 357 237
f 57 237 357
f 356 355 358
f 357 356 359
f 358 359 356
f 359 358 360
f 357 359 361
f 360 361 359
f 361 362 357
f 57 357 362
f 361 360 363
f 362 361 364
f 363 364 361
f 364 365 362
f 57 362 365
f 364 363 298
f 365 364 297
f 298 297 364
f 297 300 365
f 57 365 300
f 251 250 366
f 252 251 367
f 366 367 251
f 367 368 252
f 75 252 368
f 367 366 369
f 368 367 370
f 369 370 367
f 370 371 368
f 75 368 371
f 370 369 372
f 371 370 373
f 372 373 370
f 373 374 371
f 75 371 374
f 373 372 375
f 374 373 376
f 375 376 373
f 376 377 374
f 75 374 377
f 376 375 310
f 377 376 309
f 310 309 376
f 309 312 377
f 75 377 312
f 111 110 378
f 112 111 379
f 378 379 111
f 379 380 112
f 2 112 380
f 379 378 381
f 380 379 382
f 381 382 379
f 382 383 380
f 2 380 383
f 382 381 384
f 383 382 385
f 384 385 382
f 385 386 383
f 2 383 386
f 385 384 387
f 386 385 388
f 387 388 385
f 388 389 386
f 2 386 389
f 388 387 390
f 2 389 391
f 2 391 8
f 389 388 392
f 392 391 389
f 390 392 388
f 13 8 391
f 391 392 13
f 392 390 393
f 393 13 392
f 13 393 394
f 394 6 13
f 6 394 10
f 395 394 393
f 396 393 390
f 393 396 395
f 390 397 396
f 397 390 387
f 398 10 394
f 394 395 398
f 10 398 399
f 399 9 10
f 387 400 397
f 400 387 384
f 9 399 401
f 401 11 9
f 384 402 400
f 402 384 381
f 11 401 403
f 403 12 11
f 381 404 402
f 404 381 378
f 12 403 405
f 405 16 12
f 378 406 404
f 406 378 110
f 16 405 407
f 407 182 16
f 110 408 406
f 408 110 107
f 182 407 409
f 409 185 182
f 107 410 408
f 410 107 104
f 185 409 411
f 411 188 185
f 104 412 410
f 412 104 101
f 188 411 413
f 413 191 188
f 101 414 412
f 414 101 97
f 191 413 415
f 415 194 191
f 97 416 414
f 416 97 96
f 194 415 417
f 417 322 194
f 96 418 416
f 418 96 265
f 322 417 419
f 419 325 322
f 265 420 418
f 420 265 262
f 325 419 421
f 421 328 325
f 262 422 420
f 422 262 259
f 328 421 423
f 423 331 328
f 259 424 422
f 424 259 255
f 331 423 425
f 425 254 331
f 426 255 254
f 254 425 426
f 255 426 424
f 427 425 423
f 428 426 425
f 425 427 428
f 429 424 426
f 426 428 429
f 428 427 430
f 430 431 428
f 429 428 431
f 432 430 427
f 431 433 429
f 423 432 427
f 432 423 421
f 434 429 433
f 424 429 434
f 434 422 424
f 421 435 432
f 435 421 419
f 422 434 420
f 434 436 420
f 437 420 436
f 437 418 420
f 436 438 437
f 418 437 416
f 416 437 438
f 438 439 416
f 440 416 439
f 440 414 416
f 439 441 440
f 414 440 412
f 412 440 441
f 441 442 412
f 410 412 442
f 442 443 410
f 408 410 443
f 443 444 408
f 406 408 444
f 444 445 406
f 404 406 445
f 445 446 404
f 402 404 446
f 446 447 402
f 448 402 447
f 448 400 402
f 447 449 448
f 400 448 450
f 450 448 449
f 450 397 400
f 449 451 450
f 397 450 396
f 396 450 451
f 451 452 396
f 453 396 452
f 453 395 396
f 452 454 453
f 395 453 455
f 455 453 454
f 455 398 395
f 454 456 455
f 398 455 457
f 457 455 456
f 457 399 398
f 456 458 457
f 399 457 401
f 401 457 458
f 458 459 401
f 403 401 459
f 459 460 403
f 461 403 460
f 461 405 403
f 460 462 461
f 405 461 407
f 407 461 462
f 462 463 407
f 409 407 463
f 463 464 409
f 411 409 464
f 464 465 411
f 413 411 465
f 465 466 413
f 415 413 466
f 466 467 415
f 417 415 467
f 467 468 417
f 419 417 468
f 468 469 419
f 435 419 469
f 128 127 470
f 129 128 471
f 470 471 128
f 471 472 129
f 19 129 472
f 471 470 473
f 472 471 474
f 473 474 471
f 474 475 472
f 19 472 475
f 474 473 476
f 475 474 477
f 476 477 474
f 477 19 475
f 477 476 478
f 19 477 479
f 478 479 477
f 479 478 480
f 19 481 20
f 19 479 482
f 482 481 19
f 480 482 479
f 32 20 481
f 481 482 32
f 482 480 483
f 483 32 482
f 32 483 484
f 484 26 32
f 26 484 29
f 485 484 483
f 486 483 480
f 483 486 485
f 480 487 486
f 487 480 478
f 488 29 484
f 484 485 488
f 29 488 489
f 489 28 29
f 478 490 487
f 490 478 476
f 28 489 491
f 491 30 28
f 476 492 490
f 492 476 473
f 30 491 493
f 493 31 30
f 473 494 492
f 494 473 470
f 31 493 495
f 495 35 31
f 470 496 494
f 496 470 127
f 35 495 497
f 497 197 35
f 127 498 496
f 498 127 124
f 197 497 499
f 499 199 197
f 124 500 498
f 500 124 121
f 199 499 501
f 501 202 199
f 121 502 500
f 502 121 119
f 202 501 503
f 503 204 202
f 119 504 502
f 504 119 115
f 204 503 505
f 505 206 204
f 115 506 504
f 506 115 114
f 206 505 507
f 507 334 206
f 114 508 506
f 508 114 279
f 334 507 509
f 509 337 334
f 279 510 508
f 510 279 276
f 337 509 511
f 511 340 337
f 276 512 510
f 512 276 274
f 340 511 513
f 513 342 340
f 274 514 512
f 514 274 270
f 342 513 515
f 515 269 342
f 516 270 269
f 269 515 516
f 270 516 514
f 517 515 513
f 518 516 515
f 515 517 518
f 519 514 516
f 516 518 519
f 518 517 520
f 520 521 518
f 519 518 521
f 522 520 517
f 521 523 519
f 517 524 522
f 513 524 517
f 525 522 524
f 524 513 511
f 526 519 523
f 514 519 526
f 523 527 526
f 526 512 514
f 511 528 524
f 524 528 525
f 528 511 509
f 529 525 528
f 512 526 510
f 510 526 527
f 527 530 510
f 531 510 530
f 531 508 510
f 530 532 531
f 508 531 533
f 533 531 532
f 533 506 508
f 506 533 534
f 534 504 506
f 504 534 502
f 534 535 502
f 536 502 535
f 536 500 502
f 500 536 498
f 536 537 498
f 538 498 537
f 538 496 498
f 537 539 538
f 496 538 540
f 540 538 539
f 540 494 496
f 539 541 540
f 494 540 542
f 542 540 541
f 542 492 494
f 541 543 542
f 492 542 544
f 544 542 543
f 544 490 492
f 543 545 544
f 490 544 487
f 487 544 545
f 545 546 487
f 547 487 546
f 547 486 487
f 546 548 547
f 486 547 549
f 549 547 548
f 549 485 486
f 548 550 549
f 485 549 551
f 551 549 550
f 551 488 485
f 550 552 551
f 488 551 553
f 553 551 552
f 553 489 488
f 552 554 553
f 489 553 491
f 491 553 554
f 554 555 491
f 556 491 555
f 556 493 491
f 555 557 556
f 493 556 558
f 558 556 557
f 558 495 493
f 495 558 559
f 559 497 495
f 497 559 499
f 559 560 499
f 561 499 560
f 561 501 499
f 501 561 503
f 561 562 503
f 563 503 562
f 563 505 503
f 505 563 564
f 564 507 505
f 507 564 565
f 565 509 507
f 564 529 565
f 509 565 528
f 528 565 529
f 146 145 566
f 147 146 567
f 566 567 146
f 567 568 147
f 38 147 568
f 567 566 569
f 568 567 570
f 569 570 567
f 570 571 568
f 38 568 571
f 570 569 572
f 571 570 573
f 572 573 570
f 573 574 571
f 38 571 574
f 573 572 575
f 574 573 576
f 575 576 573
f 576 577 574
f 38 574 577
f 576 575 578
f 38 577 47
f 577 576 579
f 579 47 577
f 578 579 576
f 47 579 52
f 579 578 580
f 580 52 579
f 52 580 581
f 581 45 52
f 45 581 49
f 582 581 580
f 583 580 578
f 580 583 582
f 578 584 583
f 584 578 575
f 585 49 581
f 581 582 585
f 49 585 586
f 586 48 49
f 575 587 584
f 587 575 572
f 48 586 588
f 588 50 48
f 572 589 587
f 589 572 569
f 50 588 590
f 590 51 50
f 569 591 589
f 591 569 566
f 51 590 592
f 592 55 51
f 566 593 591
f 593 566 145
f 55 592 594
f 594 209 55
f 145 595 593
f 595 145 142
f 209 594 596
f 596 212 209
f 142 597 595
f 597 142 139
f 212 596 598
f 598 215 212
f 139 599 597
f 599 139 136
f 215 598 600
f 600 218 215
f 136 601 599
f 601 136 132
f 218 600 602
f 602 221 218
f 132 603 601
f 603 132 131
f 221 602 604
f 604 345 221
f 131 605 603
f 605 131 294
f 345 604 606
f 606 348 345
f 294 607 605
f 607 294 291
f 348 606 608
f 608 350 348
f 291 609 607
f 609 291 288
f 350 608 610
f 610 353 350
f 288 611 609
f 611 288 284
f 353 610 612
f 612 283 353
f 613 284 283
f 283 612 613
f 284 613 611
f 614 612 610
f 615 613 612
f 612 614 615
f 616 611 613
f 613 615 616
f 615 614 617
f 617 618 615
f 616 615 618
f 619 617 614
f 618 620 616
f 614 621 619
f 610 621 614
f 622 619 621
f 621 610 608
f 623 616 620
f 611 616 623
f 620 624 623
f 623 609 611
f 608 625 621
f 621 625 622
f 625 608 606
f 626 622 625
f 609 623 627
f 627 623 624
f 627 607 609
f 624 628 627
f 607 627 629
f 629 627 628
f 629 605 607
f 628 630 629
f 605 629 631
f 631 629 630
f 631 603 605
f 630 632 631
f 603 631 601
f 601 631 632
f 632 633 601
f 634 601 633
f 634 599 601
f 599 634 635
f 635 597 599
f 597 635 636
f 636 595 597
f 595 636 593
f 636 637 593
f 638 593 637
f 638 591 593
f 591 638 639
f 639 589 591
f 638 640 639
f 589 639 587
f 587 639 640
f 640 641 587
f 584 587 641
f 641 642 584
f 643 584 642
f 643 583 584
f 642 644 643
f 583 643 645
f 645 643 644
f 645 582 583
f 644 646 645
f 582 645 647
f 647 645 646
f 647 585 582
f 646 648 647
f 585 647 649
f 649 647 648
f 649 586 585
f 648 650 649
f 586 649 588
f 588 649 650
f 650 651 588
f 652 588 651
f 652 590 588
f 651 653 652
f 590 652 654
f 654 652 653
f 654 592 590
f 592 654 594
f 654 655 594
f 596 594 655
f 655 656 596
f 598 596 656
f 656 657 598
f 600 598 657
f 657 658 600
f 602 600 658
f 658 659 602
f 660 602 659
f 660 604 602
f 604 660 661
f 661 606 604
f 660 626 661
f 606 661 625
f 625 661 626
f 163 162 662
f 161 163 663
f 662 663 163
f 663 664 161
f 57 161 664
f 663 662 665
f 664 663 666
f 665 666 663
f 666 667 664
f 57 664 667
f 666 665 668
f 667 666 669
f 668 669 666
f 669 670 667
f 57 667 670
f 669 668 671
f 670 669 672
f 671 672 669
f 672 673 670
f 57 670 673
f 672 671 674
f 57 673 64
f 673 672 675
f 674 675 672
f 69 64 673
f 673 675 69
f 675 674 676
f 676 69 675
f 69 676 677
f 677 63 69
f 63 677 66
f 678 677 676
f 679 676 674
f 676 679 678
f 674 680 679
f 680 674 671
f 681 66 677
f 677 678 681
f 66 681 682
f 682 65 66
f 671 683 680
f 683 671 668
f 65 682 684
f 684 67 65
f 668 685 683
f 685 668 665
f 67 684 686
f 686 68 67
f 665 687 685
f 687 665 662
f 68 686 688
f 688 72 68
f 662 689 687
f 689 662 162
f 72 688 690
f 690 224 72
f 162 691 689
f 691 162 159
f 224 690 692
f 692 227 224
f 159 693 691
f 693 159 156
f 227 692 694
f 694 230 227
f 156 695 693
f 695 156 154
f 230 694 696
f 696 232 230
f 154 697 695
f 697 154 150
f 232 696 698
f 698 235 232
f 150 699 697
f 699 150 149
f 235 698 700
f 700 355 235
f 149 701 699
f 701 149 307
f 355 700 702
f 702 358 355
f 307 703 701
f 703 307 305
f 358 702 704
f 704 360 358
f 305 705 703
f 705 305 302
f 360 704 706
f 706 363 360
f 302 707 705
f 707 302 299
f 363 706 708
f 708 298 363
f 709 299 298
f 298 708 709
f 299 709 707
f 710 708 706
f 711 709 708
f 708 710 711
f 712 707 709
f 709 711 712
f 711 710 713
f 713 714 711
f 712 711 714
f 715 713 710
f 714 716 712
f 710 706 715
f 717 715 706
f 718 712 716
f 707 712 718
f 716 719 718
f 718 705 707
f 706 704 717
f 720 717 704
f 705 718 703
f 703 718 719
f 719 721 703
f 701 703 721
f 721 722 701
f 699 701 722
f 722 723 699
f 724 699 723
f 724 697 699
f 697 724 695
f 724 725 695
f 693 695 725
f 725 726 693
f 691 693 726
f 726 727 691
f 689 691 727
f 727 728 689
f 687 689 728
f 728 729 687
f 685 687 729
f 729 730 685
f 683 685 730
f 730 731 683
f 732 683 731
f 732 680 683
f 680 732 679
f 732 733 679
f 734 679 733
f 734 678 679
f 733 735 734
f 678 734 736
f 736 734 735
f 736 681 678
f 735 737 736
f 681 736 682
f 682 736 737
f 737 738 682
f 739 682 738
f 739 684 682
f 738 740 739
f 684 739 741
f 741 739 740
f 741 686 684
f 686 741 742
f 742 688 686
f 741 743 742
f 688 742 690
f 690 742 743
f 743 744 690
f 692 690 744
f 744 745 692
f 746 692 745
f 746 694 692
f 694 746 696
f 746 747 696
f 748 696 747
f 748 698 696
f 747 749 748
f 698 748 750
f 750 748 749
f 750 700 698
f 749 751 750
f 700 750 720
f 720 750 751
f 720 702 700
f 702 720 704
f 180 179 752
f 181 180 753
f 752 753 180
f 753 754 181
f 75 181 754
f 753 752 755
f 754 753 756
f 755 756 753
f 756 757 754
f 75 754 757
f 756 755 758
f 757 756 759
f 758 759 756
f 759 760 757
f 75 757 760
f 759 758 761
f 760 759 762
f 761 762 759
f 762 763 760
f 75 760 763
f 762 761 764
f 75 763 765
f 75 765 84
f 763 762 766
f 766 765 763
f 764 766 762
f 89 84 765
f 765 766 89
f 766 764 767
f 767 89 766
f 89 767 768
f 768 82 89
f 82 768 86
f 769 768 767
f 770 767 764
f 767 770 769
f 764 771 770
f 771 764 761
f 772 86 768
f 768 769 772
f 86 772 773
f 773 85 86
f 761 774 771
f 774 761 758
f 85 773 775
f 775 87 85
f 758 776 774
f 776 758 755
f 87 775 777
f 777 88 87
f 755 778 776
f 778 755 752
f 88 777 779
f 779 92 88
f 752 780 778
f 780 752 179
f 92 779 781
f 781 238 92
f 179 782 780
f 782 179 176
f 238 781 783
f 783 241 238
f 176 784 782
f 784 176 173
f 241 783 785
f 785 244 241
f 173 786 784
f 786 173 170
f 244 785 787
f 787 247 244
f 170 788 786
f 788 170 166
f 247 787 789
f 789 250 247
f 166 790 788
f 790 166 165
f 250 789 791
f 791 366 250
f 165 792 790
f 792 165 319
f 366 791 793
f 793 369 366
f 319 794 792
f 794 319 317
f 369 793 795
f 795 372 369
f 317 796 794
f 796 317 315
f 372 795 797
f 797 375 372
f 315 798 796
f 798 315 311
f 375 797 799
f 799 310 375
f 800 311 310
f 310 799 800
f 311 800 798
f 801 799 797
f 799 801 800
f 802 798 800
f 800 801 803
f 803 804 800
f 802 800 804
f 805 803 801
f 801 806 805
f 797 806 801
f 807 805 806
f 806 797 795
f 798 802 796
f 802 808 796
f 795 807 806
f 807 795 793
f 809 796 808
f 809 794 796
f 794 809 792
f 809 810 792
f 790 792 810
f 810 811 790
f 812 790 811
f 812 788 790
f 788 812 813
f 813 786 788
f 786 813 814
f 814 784 786
f 784 814 815
f 815 782 784
f 782 815 816
f 816 780 782
f 780 816 778
f 816 817 778
f 818 778 817
f 818 776 778
f 776 818 774
f 818 819 774
f 820 774 819
f 820 771 774
f 819 821 820
f 771 820 822
f 822 820 821
f 822 770 771
f 770 822 769
f 822 823 769
f 772 769 823
f 823 824 772
f 825 772 824
f 825 773 772
f 824 826 825
f 773 825 775
f 775 825 826
f 826 827 775
f 828 775 827
f 828 777 775
f 777 828 779
f 828 829 779
f 781 779 829
f 829 830 781
f 783 781 830
f 830 831 783
f 832 783 831
f 832 785 783
f 785 832 787
f 832 833 787
f 789 787 833
f 833 834 789
f 835 789 834
f 835 791 789
f 791 835 793
f 835 836 793
f 807 793 836
f 837 838 839
f 839 840 841
f 838 840 839
f 841 842 843
f 840 842 841
f 844 845 837
f 845 838 837
f 846 845 844
f 845 847 838
f 838 848 840
f 847 848 838
f 840 849 842
f 848 849 840
f 846 850 845
f 850 847 845
f 851 850 846
f 844 851 846
f 850 852 847
f 847 853 848
f 852 853 847
f 848 854 849
f 853 854 848
f 851 855 850
f 855 852 850
f 856 855 851
f 844 856 851
f 855 857 852
f 852 858 853
f 857 858 852
f 853 859 854
f 858 859 853
f 856 860 855
f 860 857 855
f 861 860 856
f 844 861 856
f 860 862 857
f 857 863 858
f 862 863 857
f 858 864 859
f 863 864 858
f 861 865 860
f 865 862 860
f 866 865 861
f 844 866 861
f 865 867 862
f 862 868 863
f 867 868 862
f 863 869 864
f 868 869 863
f 866 870 865
f 870 867 865
f 844 871 866
f 871 870 866
f 844 872 871
f 871 873 870
f 872 873 871
f 870 874 867
f 873 874 870
f 867 875 868
f 874 875 867
f 844 876 872
f 844 877 876
f 872 878 873
f 876 878 872
f 877 879 876
f 876 879 878
f 877 880 879
f 873 881 874
f 878 881 873
f 881 882 874
f 874 882 875
f 878 883 881
f 879 883 878
f 880 884 879
f 879 884 883
f 880 885 884
f 883 886 881
f 881 886 882
f 884 887 883
f 883 887 886
f 885 888 884
f 884 888 887
f 885 889 888
f 886 890 882
f 887 891 886
f 886 891 890
f 888 892 887
f 887 892 891
f 889 893 888
f 888 893 892
f 889 894 893
f 895 894 889
f 893 896 892
f 895 897 894
f 898 897 895
f 898 899 897
f 894 900 893
f 893 900 896
f 897 901 894
f 894 901 900
f 899 901 897
f 899 902 901
f 903 902 899
f 900 901 896
f 903 904 902
f 904 901 902
f 905 904 903
f 905 906 904
f 906 901 904
f 843 906 905
f 843 907 906
f 907 901 906
f 842 907 843
f 842 908 907
f 908 901 907
f 849 908 842
f 849 909 908
f 909 901 908
f 854 909 849
f 854 910 909
f 910 901 909
f 859 910 854
f 859 911 910
f 911 901 910
f 864 911 859
f 864 912 911
f 912 901 911
f 869 912 864
f 869 913 912
f 913 901 912
f 914 913 869
f 868 914 869
f 875 914 868
f 914 915 913
f 915 901 913
f 875 916 914
f 916 915 914
f 882 916 875
f 882 890 916
f 916 917 915
f 917 901 915
f 890 917 916
f 890 918 917
f 918 901 917
f 891 918 890
f 919 901 918
f 891 919 918
f 896 901 919
f 892 919 891
f 892 896 919
f 920 921 922
f 921 923 924
f 924 925 926
f 923 925 924
f 926 927 928
f 925 927 926
f 920 929 921
f 929 923 921
f 930 929 920
f 929 931 923
f 923 932 925
f 931 932 923
f 925 933 927
f 932 933 925
f 930 934 929
f 934 931 929
f 935 934 930
f 920 935 930
f 934 936 931
f 931 937 932
f 936 937 931
f 932 938 933
f 937 938 932
f 935 939 934
f 939 936 934
f 940 939 935
f 920 940 935
f 939 941 936
f 936 942 937
f 941 942 936
f 937 943 938
f 942 943 937
f 940 944 939
f 944 941 939
f 945 944 940
f 920 945 940
f 944 946 941
f 941 947 942
f 946 947 941
f 942 948 943
f 947 948 942
f 945 949 944
f 949 946 944
f 950 949 945
f 920 950 945
f 949 951 946
f 946 952 947
f 951 952 946
f 947 953 948
f 952 953 947
f 950 954 949
f 954 951 949
f 920 955 950
f 955 954 950
f 920 956 955
f 955 957 954
f 956 957 955
f 954 958 951
f 957 958 954
f 951 959 952
f 958 959 951
f 920 960 956
f 920 961 960
f 956 962 957
f 960 962 956
f 961 963 960
f 960 963 962
f 961 964 963
f 957 965 958
f 962 965 957
f 965 966 958
f 958 966 959
f 962 967 965
f 963 967 962
f 964 968 963
f 963 968 967
f 964 969 968
f 967 970 965
f 965 970 966
f 968 971 967
f 967 971 970
f 969 972 968
f 968 972 971
f 969 973 972
f 970 974 966
f 971 975 970
f 970 975 974
f 972 976 971
f 971 976 975
f 973 977 972
f 972 977 976
f 973 978 977
f 979 978 973
f 977 980 976
f 979 981 978
f 982 981 979
f 982 983 981
f 978 984 977
f 977 984 980
f 981 985 978
f 978 985 984
f 983 985 981
f 983 986 985
f 987 986 983
f 984 985 980
f 987 988 986
f 988 985 986
f 989 988 987
f 989 990 988
f 990 985 988
f 928 990 989
f 928 991 990
f 991 985 990
f 927 991 928
f 927 992 991
f 992 985 991
f 933 992 927
f 933 993 992
f 993 985 992
f 938 993 933
f 938 994 993
f 994 985 993
f 943 994 938
f 943 995 994
f 995 985 994
f 948 995 943
f 948 996 995
f 996 985 995
f 953 996 948
f 953 997 996
f 997 985 996
f 998 997 953
f 952 998 953
f 959 998 952
f 998 999 997
f 999 985 997
f 959 1000 998
f 1000 999 998
f 966 1000 959
f 966 974 1000
f 1000 1001 999
f 1001 985 999
f 974 1001 1000
f 974 1002 1001
f 1002 985 1001
f 975 1002 974
f 1003 985 1002
f 975 1003 1002
f 980 985 1003
f 976 1003 975
f 976 980 1003
f 1004 1005 1006
f 1006 1007 1008
f 1005 1007 1006
f 1008 1009 1010
f 1007 1009 1008
f 1011 1012 1004
f 1012 1005 1004
f 1013 1012 1011
f 1012 1014 1005
f 1005 1015 1007
f 1014 1015 1005
f 1007 1016 1009
f 1015 1016 1007
f 1013 1017 1012
f 1017 1014 1012
f 1018 1017 1013
f 1011 1018 1013
f 1017 1019 1014
f 1014 1020 1015
f 1019 1020 1014
f 1015 1021 1016
f 1020 1021 1015
f 1018 1022 1017
f 1022 1019 1017
f 1023 1022 1018
f 1011 1023 1018
f 1022 1024 1019
f 1019 1025 1020
f 1024 1025 1019
f 1020 1026 1021
f 1025 1026 1020
f 1023 1027 1022
f 1027 1024 1022
f 1028 1027 1023
f 1011 1028 1023
f 1027 1029 1024
f 1024 1030 1025
f 1029 1030 1024
f 1025 1031 1026
f 1030 1031 1025
f 1028 1032 1027
f 1032 1029 1027
f 1033 1032 1028
f 1011 1033 1028
f 1032 1034 1029
f 1029 1035 1030
f 1034 1035 1029
f 1030 1036 1031
f 1035 1036 1030
f 1033 1037 1032
f 1037 1034 1032
f 1011 1038 1033
f 1038 1037 1033
f 1011 1039 1038
f 1038 1040 1037
f 1039 1040 1038
f 1037 1041 1034
f 1040 1041 1037
f 1034 1042 1035
f 1041 1042 1034
f 1011 1043 1039
f 1011 1044 1043
f 1039 1045 1040
f 1043 1045 1039
f 1044 1046 1043
f 1043 1046 1045
f 1044 1047 1046
f 1040 1048 1041
f 1045 1048 1040
f 1048 1049 1041
f 1041 1049 1042
f 1045 1050 1048
f 1046 1050 1045
f 1047 1051 1046
f 1046 1051 1050
f 1047 1052 1051
f 1050 1053 1048
f 1048 1053 1049
f 1051 1054 1050
f 1050 1054 1053
f 1052 1055 1051
f 1051 1055 1054
f 1052 1056 1055
f 1053 1057 1049
f 1054 1058 1053
f 1053 1058 1057
f 1055 1059 1054
f 1054 1059 1058
f 1056 1060 1055
f 1055 1060 1059
f 1056 1061 1060
f 1062 1061 1056
f 1060 1063 1059
f 1062 1064 1061
f 1065 1064 1062
f 1065 1066 1064
f 1061 1067 1060
f 1060 1067 1063
f 1064 1068 1061
f 1061 1068 1067
f 1066 1068 1064
f 1066 1069 1068
f 1070 1069 1066
f 1067 1068 1063
f 1070 1071 1069
f 1071 1068 1069
f 1072 1071 1070
f 1072 1073 1071
f 1073 1068 1071
f 1010 1073 1072
f 1010 1074 1073
f 1074 1068 1073
f 1009 1074 1010
f 1009 1075 1074
f 1075 1068 1074
f 1016 1075 1009
f 1016 1076 1075
f 1076 1068 1075
f 1021 1076 1016
f 1021 1077 1076
f 1077 1068 1076
f 1026 1077 1021
f 1026 1078 1077
f 1078 1068 1077
f 1031 1078 1026
f 1031 1079 1078
f 1079 1068 1078
f 1036 1079 1031
f 1036 1080 1079
f 1080 1068 1079
f 1081 1080 1036
f 1035 1081 1036
f 1042 1081 1035
f 1081 1082 1080
f 1082 1068 1080
f 1042 1083 1081
f 1083 1082 1081
f 1049 1083 1042
f 1049 1057 1083
f 1083 1084 1082
f 1084 1068 1082
f 1057 1084 1083
f 1057 1085 1084
f 1085 1068 1084
f 1058 1085 1057
f 1086 1068 1085
f 1058 1086 1085
f 1063 1068 1086
f 1059 1086 1058
f 1059 1063 1086
f 1087 1088 1089
f 1089 1090 1091
f 1088 1090 1089
f 1091 1092 1093
f 1090 1092 1091
f 1094 1095 1087
f 1095 1088 1087
f 1096 1095 1094
f 1095 1097 1088
f 1088 1098 1090
f 1097 1098 1088
f 1090 1099 1092
f 1098 1099 1090
f 1096 1100 1095
f 1100 1097 1095
f 1101 1100 1096
f 1094 1101 1096
f 1100 1102 1097
f 1097 1103 1098
f 1102 1103 1097
f 1098 1104 1099
f 1103 1104 1098
f 1101 1105 1100
f 1105 1102 1100
f 1106 1105 1101
f 1094 1106 1101
f 1105 1107 1102
f 1102 1108 1103
f 1107 1108 1102
f 1103 1109 1104
f 1108 1109 1103
f 1106 1110 1105
f 1110 1107 1105
f 1111 1110 1106
f 1094 1111 1106
f 1110 1112 1107
f 1107 1113 1108
f 1112 1113 1107
f 1108 1114 1109
f 1113 1114 1108
f 1111 1115 1110
f 1115 1112 1110
f 1116 1115 1111
f 1094 1116 1111
f 1115 1117 1112
f 1112 1118 1113
f 1117 1118 1112
f 1113 1119 1114
f 1118 1119 1113
f 1116 1120 1115
f 1120 1117 1115
f 1094 1121 1116
f 1121 1120 1116
f 1094 1122 1121
f 1121 1123 1120
f 1122 1123 1121
f 1120 1124 1117
f 1123 1124 1120
f 1117 1125 1118
f 1124 1125 1117
f 1094 1126 1122
f 1094 1127 1126
f 1122 1128 1123
f 1126 1128 1122
f 1127 1129 1126
f 1126 1129 1128
f 1127 1130 1129
f 1123 1131 1124
f 1128 1131 1123
f 1131 1132 1124
f 1124 1132 1125
f 1128 1133 1131
f 1129 1133 1128
f 1130 1134 1129
f 1129 1134 1133
f 1130 1135 1134
f 1133 1136 1131
f 1131 1136 1132
f 1134 1137 1133
f 1133 1137 1136
f 1135 1138 1134
f 1134 1138 1137
f 1135 1139 1138
f 1136 1140 1132
f 1137 1141 1136
f 1136 1141 1140
f 1138 1142 1137
f 1137 1142 1141
f 1139 1143 1138
f 1138 1143 1142
f 1139 1144 1143
f 1145 1144 1139
f 1143 1146 1142
f 1145 1147 1144
f 1148 1147 1145
f 1148 1149 1147
f 1144 1150 1143
f 1143 1150 1146
f 1147 1151 1144
f 1144 1151 1150
f 1149 1151 1147
f 1149 1152 1151
f 1153 1152 1149
f 1150 1151 1146
f 1153 1154 1152
f 1154 1151 1152
f 1155 1154 1153
f 1155 1156 1154
f 1156 1151 1154
f 1093 1156 1155
f 1093 1157 1156
f 1157 1151 1156
f 1092 1157 1093
f 1092 1158 1157
f 1158 1151 1157
f 1099 1158 1092
f 1099 1159 1158
f 1159 1151 1158
f 1104 1159 1099
f 1104 1160 1159
f 1160 1151 1159
f 1109 1160 1104
f 1109 1161 1160
f 1161 1151 1160
f 1114 1161 1109
f 1114 1162 1161
f 1162 1151 1161
f 1119 1162 1114
f 1119 1163 1162
f 1163 1151 1162
f 1164 1163 1119
f 1118 1164 1119
f 1125 1164 1118
f 1164 1165 1163
f 1165 1151 1163
f 1125 1166 1164
f 1166 1165 1164
f 1132 1166 1125
f 1132 1140 1166
f 1166 1167 1165
f 1167 1151 1165
f 1140 1167 1166
f 1140 1168 1167
f 1168 1151 1167
f 1141 1168 1140
f 1169 1151 1168
f 1141 1169 1168
f 1146 1151 1169
f 1142 1169 1141
f 1142 1146 1169
f 1170 1171 1172
f 1172 1173 1174
f 1171 1173 1172
f 1174 1175 1176
f 1173 1175 1174
f 1177 1178 1170
f 1178 1171 1170
f 1179 1178 1177
f 1178 1180 1171
f 1171 1181 1173
f 1180 1181 1171
f 1173 1182 1175
f 1181 1182 1173
f 1179 1183 1178
f 1183 1180 1178
f 1184 1183 1179
f 1177 1184 1179
f 1183 1185 1180
f 1180 1186 1181
f 1185 1186 1180
f 1181 1187 1182
f 1186 1187 1181
f 1184 1188 1183
f 1188 1185 1183
f 1189 1188 1184
f 1177 1189 1184
f 1188 1190 1185
f 1185 1191 1186
f 1190 1191 1185
f 1186 1192 1187
f 1191 1192 1186
f 1189 1193 1188
f 1193 1190 1188
f 1194 1193 1189
f 1177 1194 1189
f 1193 1195 1190
f 1190 1196 1191
f 1195 1196 1190
f 1191 1197 1192
f 1196 1197 1191
f 1194 1198 1193
f 1198 1195 1193
f 1199 1198 1194
f 1177 1199 1194
f 1198 1200 1195
f 1195 1201 1196
f 1200 1201 1195
f 1196 1202 1197
f 1201 1202 1196
f 1199 1203 1198
f 1203 1200 1198
f 1177 1204 1199
f 1204 1203 1199
f 1177 1205 1204
f 1204 1206 1203
f 1205 1206 1204
f 1203 1207 1200
f 1206 1207 1203
f 1200 1208 1201
f 1207 1208 1200
f 1177 1209 1205
f 1177 1210 1209
f 1205 1211 1206
f 1209 1211 1205
f 1210 1212 1209
f 1209 1212 1211
f 1210 1213 1212
f 1206 1214 1207
f 1211 1214 1206
f 1214 1215 1207
f 1207 1215 1208
f 1211 1216 1214
f 1212 1216 1211
f 1213 1217 1212
f 1212 1217 1216
f 1213 1218 1217
f 1216 1219 1214
f 1214 1219 1215
f 1217 1220 1216
f 1216 1220 1219
f 1218 1221 1217
f 1217 1221 1220
f 1218 1222 1221
f 1219 1223 1215
f 1220 1224 1219
f 1219 1224 1223
f 1221 1225 1220
f 1220 1225 1224
f 1222 1226 1221
f 1221 1226 1225
f 1222 1227 1226
f 1228 1227 1222
f 1226 1229 1225
f 1228 1230 1227
f 1231 1230 1228
f 1231 1232 1230
f 1227 1233 1226
f 1226 1233 1229
f 1230 1234 1227
f 1227 1234 1233
f 1232 1234 1230
f 1232 1235 1234
f 1236 1235 1232
f 1233 1234 1229
f 1236 1237 1235
f 1237 1234 1235
f 1238 1237 1236
f 1238 1239 1237
f 1239 1234 1237
f 1176 1239 1238
f 1176 1240 1239
f 1240 1234 1239
f 1175 1240 1176
f 1175 1241 1240
f 1241 1234 1240
f 1182 1241 1175
f 1182 1242 1241
f 1242 1234 1241
f 1187 1242 1182
f 1187 1243 1242
f 1243 1234 1242
f 1192 1243 1187
f 1192 1244 1243
f 1244 1234 1243
f 1197 1244 1192
f 1197 1245 1244
f 1245 1234 1244
f 1202 1245 1197
f 1202 1246 1245
f 1246 1234 1245
f 1247 1246 1202
f 1201 1247 1202
f 1208 1247 1201
f 1247 1248 1246
f 1248 1234 1246
f 1208 1249 1247
f 1249 1248 1247
f 1215 1249 1208
f 1215 1223 1249
f 1249 1250 1248
f 1250 1234 1248
f 1223 1250 1249
f 1223 1251 1250
f 1251 1234 1250
f 1224 1251 1223
f 1252 1234 1251
f 1224 1252 1251
f 1229 1234 1252
f 1225 1252 1224
f 1225 1229 1252
f 1253 1254 1255
f 1254 1253 1256
f 1255 1257 1253
f 1256 1258 1254
f 1257 1255 1259
f 1258 1256 1260
f 1259 1261 1257
f 1260 1262 1258
f 1261 1259 1263
f 1262 1260 1264
f 1263 1265 1261
f 1264 1266 1262
f 1265 1263 1267
f 1266 1264 1268
f 1267 1269 1265
f 1268 1270 1266
f 1269 1267 1271
f 1270 1268 1272
f 1271 1273 1269
f 1272 1274 1270
f 1273 1271 1275
f 1274 1272 1276
f 1275 1277 1273
f 1276 1278 1274
f 1277 1275 1279
f 1278 1276 1280
f 1279 1281 1277
f 1280 1282 1278
f 1281 1279 1283
f 1282 1280 1284
f 1283 1285 1281
f 1284 1286 1282
f 1285 1283 1287
f 1286 1284 1288
f 1287 1289 1285
f 1288 1290 1286
f 1289 1287 1291
f 1290 1288 1292
f 1291 1293 1289
f 1292 1294 1290
f 1293 1291 1295
f 1294 1292 1296
f 1295 1297 1293
f 1296 1298 1294
f 1297 1295 1299
f 1298 1296 1300
f 1299 1301 1297
f 1300 1302 1298
f 1301 1299 1303
f 1302 1300 1304
f 1303 1305 1301
f 1304 1306 1302
f 1305 1303 1307
f 1306 1304 1308
f 1307 1309 1305
f 1308 1310 1306
f 1309 1307 1311
f 1310 1308 1312
f 1311 1313 1309
f 1312 1314 1310
f 1313 1311 1315
f 1314 1312 1316
f 1315 1316 1313
f 1316 1315 1314
f 1317 1318 1319
f 1318 1317 1320
f 1319 1321 1317
f 1320 1322 1318
f 1321 1319 1323
f 1322 1320 1324
f 1323 1325 1321
f 1324 1326 1322
f 1325 1323 1327
f 1326 1324 1328
f 1327 1329 1325
f 1328 1330 1326
f 1329 1327 1331
f 1330 1328 1332
f 1331 1333 1329
f 1332 1334 1330
f 1333 1331 1335
f 1334 1332 1336
f 1335 1337 1333
f 1336 1338 1334
f 1337 1335 1339
f 1338 1336 1340
f 1339 1341 1337
f 1340 1342 1338
f 1341 1339 1343
f 1342 1340 1344
f 1343 1345 1341
f 1344 1346 1342
f 1345 1343 1347
f 1346 1344 1348
f 1347 1349 1345
f 1348 1350 1346
f 1349 1347 1351
f 1350 1348 1352
f 1351 1353 1349
f 1352 1354 1350
f 1353 1351 1355
f 1354 1352 1356
f 1355 1357 1353
f 1356 1358 1354
f 1357 1355 1359
f 1358 1356 1360
f 1359 1361 1357
f 1360 1362 1358
f 1361 1359 1363
f 1362 1360 1364
f 1363 1365 1361
f 1364 1366 1362
f 1365 1363 1367
f 1366 1364 1368
f 1367 1369 1365
f 1368 1370 1366
f 1369 1367 1371
f 1370 1368 1372
f 1371 1373 1369
f 1372 1374 1370
f 1373 1371 1375
f 1374 1372 1376
f 1375 1377 1373
f 1376 1378 1374
f 1377 1375 1379
f 1378 1376 1380
f 1379 1380 1377
f 1380 1379 1378
f 1381 1382 1383
f 1382 1381 1384
f 1383 1385 1381
f 1384 1386 1382
f 1385 1383 1387
f 1386 1384 1388
f 1387 1389 1385
f 1388 1390 1386
f 1389 1387 1391
f 1390 1388 1392
f 1391 1393 1389
f 1392 1394 1390
f 1393 1391 1395
f 1394 1392 1396
f 1395 1397 1393
f 1396 1398 1394
f 1397 1395 1399
f 1398 1396 1400
f 1399 1401 1397
f 1400 1402 1398
f 1401 1399 1403
f 1402 1400 1404
f 1403 1405 1401
f 1404 1406 1402
f 1405 1403 1407
f 1406 1404 1408
f 1407 1409 1405
f 1408 1410 1406
f 1409 1407 1411
f 1410 1408 1412
f 1411 1413 1409
f 1412 1414 1410
f 1413 1411 1415
f 1414 1412 1416
f 1415 1417 1413
f 1416 1418 1414
f 1417 1415 1419
f 1418 1416 1420
f 1419 1421 1417
f 1420 1422 1418
f 1421 1419 1423
f 1422 1420 1424
f 1423 1425 1421
f 1424 1426 1422
f 1425 1423 1427
f 1426 1424 1428
f 1427 1429 1425
f 1428 1430 1426
f 1429 1427 1431
f 1430 1428 1432
f 1431 1433 1429
f 1432 1434 1430
f 1433 1431 1435
f 1434 1432 1436
f 1435 1437 1433
f 1436 1438 1434
f 1437 1435 1439
f 1438 1436 1440
f 1439 1441 1437
f 1440 1442 1438
f 1441 1439 1443
f 1442 1440 1444
f 1443 1444 1441
f 1444 1443 1442
f 1445 1446 1447
f 1446 1445 1448
f 1447 1449 1445
f 1448 1450 1446
f 1449 1447 1451
f 1450 1448 1452
f 1451 1453 1449
f 1452 1454 1450
f 1453 1451 1455
f 1454 1452 1456
f 1455 1457 1453
f 1456 1458 1454
f 1457 1455 1459
f 1458 1456 1460
f 1459 1461 1457
f 1460 1462 1458
f 1461 1459 1463
f 1462 1460 1464
f 1463 1465 1461
f 1464 1466 1462
f 1465 1463 1467
f 1466 1464 1468
f 1467 1469 1465
f 1468 1470 1466
f 1469 1467 1471
f 1470 1468 1472
f 1471 1473 1469
f 1472 1474 1470
f 1473 1471 1475
f 1474 1472 1476
f 1475 1477 1473
f 1476 1478 1474
f 1477 1475 1479
f 1478 1476 1480
f 1479 1481 1477
f 1480 1482 1478
f 1481 1479 1483
f 1482 1480 1484
f 1483 1485 1481
f 1484 1486 1482
f 1485 1483 1487
f 1486 1484 1488
f 1487 1489 1485
f 1488 1490 1486
f 1489 1487 1491
f 1490 1488 1492
f 1491 1493 1489
f 1492 1494 1490
f 1493 1491 1495
f 1494 1492 1496
f 1495 1497 1493
f 1496 1498 1494
f 1497 1495 1499
f 1498 1496 1500
f 1499 1501 1497
f 1500 1502 1498
f 1501 1499 1503
f 1502 1500 1504
f 1503 1505 1501
f 1504 1506 1502
f 1505 1503 1507
f 1506 1504 1508
f 1507 1508 1505
f 1508 1507 1506
f 1509 1510 1511
f 1510 1509 1512
f 1511 1513 1509
f 1512 1514 1510
f 1513 1511 1515
f 1514 1512 1516
f 1515 1517 1513
f 1516 1518 1514
f 1517 1515 1519
f 1518 1516 1520
f 1519 1521 1517
f 1520 1522 1518
f 1521 1519 1523
f 1522 1520 1524
f 1523 1525 1521
f 1524 1526 1522
f 1525 1523 1527
f 1526 1524 1528
f 1527 1529 1525
f 1528 1530 1526
f 1529 1527 1531
f 1530 1528 1532
f 1531 1533 1529
f 1532 1534 1530
f 1533 1531 1535
f 1534 1532 1536
f 1535 1537 1533
f 1536 1538 1534
f 1537 1535 1539
f 1538 1536 1540
f 1539 1541 1537
f 1540 1542 1538
f 1541 1539 1543
f 1542 1540 1544
f 1543 1545 1541
f 1544 1546 1542
f 1545 1543 1547
f 1546 1544 1548
f 1547 1549 1545
f 1548 1550 1546
f 1549 1547 1551
f 1550 1548 1552
f 1551 1553 1549
f 1552 1554 1550
f 1553 1551 1555
f 1554 1552 1556
f 1555 1557 1553
f 1556 1558 1554
f 1557 1555 1559
f 1558 1556 1560
f 1559 1561 1557
f 1560 1562 1558
f 1561 1559 1563
f 1562 1560 1564
f 1563 1565 1561
f 1564 1566 1562
f 1565 1563 1567
f 1566 1564 1568
f 1567 1569 1565
f 1568 1570 1566
f 1569 1567 1571
f 1570 1568 1572
f 1571 1572 1569
f 1572 1571 1570
f 1573 1574 1575
f 1576 1575 1574
f 1575 1577 1573
f 1578 1573 1577
f 1577 1579 1578
f 1574 1580 1576
f 1581 1576 1580
f 1580 1582 1581
f 1583 1581 1582
f 1582 1584 1583
f 1585 1583 1584
f 1584 1586 1585
f 1587 1585 1586
f 1586 1588 1587
f 1589 1587 1588
f 1588 1590 1589
f 1591 1589 1590
f 1590 1592 1591
f 1593 1591 1592
f 1592 1594 1593
f 1595 1593 1594
f 1594 1596 1595
f 1597 1595 1596
f 1596 1598 1597
f 1599 1597 1598
f 1598 1600 1599
f 1601 1599 1600
f 1600 1602 1601
f 1603 1601 1602
f 1602 1604 1603
f 1605 1603 1604
f 1604 1606 1605
f 1607 1605 1606
f 1606 1608 1607
f 1609 1607 1608
f 1608 1610 1609
f 1611 1612 1613
f 1614 1613 1612
f 1613 1615 1611
f 1616 1611 1615
f 1615 1617 1616
f 1612 1618 1614
f 1619 1614 1618
f 1618 1620 1619
f 1621 1619 1620
f 1620 1622 1621
f 1623 1621 1622
f 1622 1624 1623
f 1625 1623 1624
f 1624 1626 1625
f 1627 1625 1626
f 1626 1628 1627
f 1629 1627 1628
f 1628 1630 1629
f 1631 1629 1630
f 1630 1632 1631
f 1633 1631 1632
f 1632 1634 1633
f 1635 1633 1634
f 1634 1636 1635
f 1637 1635 1636
f 1636 1638 1637
f 1639 1637 1638
f 1638 1640 1639
f 1641 1639 1640
f 1640 1642 1641
f 1643 1641 1642
f 1642 1644 1643
f 1645 1643 1644
f 1644 1646 1645
f 1647 1645 1646
f 1646 1648 1647
f 1649 1650 1651
f 1652 1651 1650
f 1651 1653 1649
f 1654 1649 1653
f 1653 1655 1654
f 1650 1656 1652
f 1657 1652 1656
f 1656 1658 1657
f 1659 1657 1658
f 1658 1660 1659
f 1661 1659 1660
f 1660 1662 1661
f 1663 1661 1662
f 1662 1664 1663
f 1665 1663 1664
f 1664 1666 1665
f 1667 1665 1666
f 1666 1668 1667
f 1669 1667 1668
f 1668 1670 1669
f 1671 1669 1670
f 1670 1672 1671
f 1673 1671 1672
f 1672 1674 1673
f 1675 1673 1674
f 1674 1676 1675
f 1677 1675 1676
f 1676 1678 1677
f 1679 1677 1678
f 1678 1680 1679
f 1681 1679 1680
f 1680 1682 1681
f 1683 1681 1682
f 1682 1684 1683
f 1685 1683 1684
f 1684 1686 1685
f 1687 1688 1689
f 1690 1689 1688
f 1689 1691 1687
f 1692 1687 1691
f 1691 1693 1692
f 1688 1694 1690
f 1695 1690 1694
f 1694 1696 1695
f 1697 1695 1696
f 1696 1698 1697
f 1699 1697 1698
f 1698 1700 1699
f 1701 1699 1700
f 1700 1702 1701
f 1703 1701 1702
f 1702 1704 1703
f 1705 1703 1704
f 1704 1706 1705
f 1707 1705 1706
f 1706 1708 1707
f 1709 1707 1708
f 1708 1710 1709
f 1711 1709 1710
f 1710 1712 1711
f 1713 1711 1712
f 1712 1714 1713
f 1715 1713 1714
f 1714 1716 1715
f 1717 1715 1716
f 1716 1718 1717
f 1719 1717 1718
f 1718 1720 1719
f 1721 1719 1720
f 1720 1722 1721
f 1723 1721 1722
f 1722 1724 1723
f 1725 1726 1727
f 1728 1727 1726
f 1727 1729 1725
f 1730 1725 1729
f 1729 1731 1730
f 1726 1732 1728
f 1733 1728 1732
f 1732 1734 1733
f 1735 1733 1734
f 1734 1736 1735
f 1737 1735 1736
f 1736 1738 1737
f 1739 1737 1738
f 1738 1740 1739
f 1741 1739 1740
f 1740 1742 1741
f 1743 1741 1742
f 1742 1744 1743
f 1745 1743 1744
f 1744 1746 1745
f 1747 1745 1746
f 1746 1748 1747
f 1749 1747 1748
f 1748 1750 1749
f 1751 1749 1750
f 1750 1752 1751
f 1753 1751 1752
f 1752 1754 1753
f 1755 1753 1754
f 1754 1756 1755
f 1757 1755 1756
f 1756 1758 1757
f 1759 1757 1758
f 1758 1760 1759
f 1761 1759 1760
f 1760 1762 1761
f 1763 1764 1765
f 1764 1763 1766
f 1766 1767 1764
f 1765 1768 1763
f 1768 1765 1769
f 1769 1770 1768
f 1771 1768 1770
f 1770 1772 1771
f 1773 1763 1768
f 1768 1771 1773
f 1774 1766 1763
f 1763 1773 1774
f 1767 1766 1775
f 1775 1776 1767
f 1766 1774 1777
f 1777 1775 1766
f 1776 1775 1778
f 1778 1779 1776
f 1775 1777 1780
f 1780 1778 1775
f 1779 1778 1781
f 1781 1782 1779
f 1778 1780 1783
f 1783 1781 1778
f 1782 1781 1784
f 1784 1785 1782
f 1781 1783 1786
f 1786 1784 1781
f 1785 1784 1787
f 1787 1788 1785
f 1784 1786 1789
f 1789 1787 1784
f 1788 1787 1790
f 1790 1791 1788
f 1787 1789 1792
f 1792 1790 1787
f 1791 1790 1793
f 1793 1794 1791
f 1790 1792 1795
f 1795 1793 1790
f 1794 1793 1796
f 1796 1797 1794
f 1793 1795 1798
f 1798 1796 1793
f 1797 1796 1799
f 1799 1800 1797
f 1796 1798 1801
f 1801 1799 1796
f 1800 1799 1802
f 1802 1803 1800
f 1799 1801 1804
f 1804 1802 1799
f 1803 1802 1805
f 1805 1806 1803
f 1802 1804 1807
f 1807 1805 1802
f 1806 1805 1808
f 1808 1809 1806
f 1805 1807 1810
f 1810 1808 1805
f 1809 1808 1811
f 1811 1812 1809
f 1808 1810 1813
f 1813 1811 1808
f 1812 1811 1814
f 1814 1815 1812
f 1815 1814 1816
f 1816 1817 1815
f 1818 1816 1814
f 1819 1814 1811
f 1814 1819 1818
f 1811 1813 1819
f 1820 1818 1819
f 1819 1821 1820
f 1821 1819 1813
f 1822 1820 1821
f 1813 1823 1821
f 1823 1813 1810
f 1821 1824 1822
f 1824 1821 1823
f 1825 1822 1824
f 1810 1826 1823
f 1826 1810 1807
f 1823 1827 1824
f 1827 1823 1826
f 1824 1828 1825
f 1828 1824 1827
f 1829 1825 1828
f 1807 1830 1826
f 1830 1807 1804
f 1826 1831 1827
f 1831 1826 1830
f 1827 1832 1828
f 1832 1827 1831
f 1828 1833 1829
f 1833 1828 1832
f 1834 1829 1833
f 1804 1835 1830
f 1835 1804 1801
f 1833 1836 1834
f 1837 1834 1836
f 1836 1838 1837
f 1836 1833 1839
f 1832 1839 1833
f 1838 1836 1840
f 1839 1840 1836
f 1840 1841 1838
f 1839 1832 1842
f 1831 1842 1832
f 1842 1831 1830
f 1842 1843 1839
f 1840 1839 1843
f 1841 1840 1844
f 1843 1844 1840
f 1844 1845 1841
f 1843 1842 1846
f 1830 1846 1842
f 1844 1843 1847
f 1846 1847 1843
f 1845 1844 1848
f 1847 1848 1844
f 1848 1849 1845
f 1846 1830 1850
f 1835 1850 1830
f 1847 1846 1851
f 1850 1851 1846
f 1848 1847 1852
f 1851 1852 1847
f 1849 1848 1853
f 1852 1853 1848
f 1853 1854 1849
f 1850 1835 1855
f 1801 1855 1835
f 1855 1801 1798
f 1855 1856 1850
f 1851 1850 1856
f 1798 1857 1855
f 1856 1855 1857
f 1857 1798 1795
f 1856 1858 1851
f 1852 1851 1858
f 1857 1859 1856
f 1858 1856 1859
f 1795 1860 1857
f 1859 1857 1860
f 1860 1795 1792
f 1858 1861 1852
f 1853 1852 1861
f 1861 1858 1859
f 1860 1862 1859
f 1863 1864 1865
f 1864 1863 1866
f 1866 1867 1864
f 1865 1868 1863
f 1868 1865 1869
f 1869 1870 1868
f 1871 1868 1870
f 1870 1872 1871
f 1873 1863 1868
f 1868 1871 1873
f 1874 1866 1863
f 1863 1873 1874
f 1867 1866 1875
f 1875 1876 1867
f 1866 1874 1877
f 1877 1875 1866
f 1876 1875 1878
f 1878 1879 1876
f 1875 1877 1880
f 1880 1878 1875
f 1879 1878 1881
f 1881 1882 1879
f 1878 1880 1883
f 1883 1881 1878
f 1882 1881 1884
f 1884 1885 1882
f 1881 1883 1886
f 1886 1884 1881
f 1885 1884 1887
f 1887 1888 1885
f 1884 1886 1889
f 1889 1887 1884
f 1888 1887 1890
f 1890 1891 1888
f 1887 1889 1892
f 1892 1890 1887
f 1891 1890 1893
f 1893 1894 1891
f 1890 1892 1895
f 1895 1893 1890
f 1894 1893 1896
f 1896 1897 1894
f 1893 1895 1898
f 1898 1896 1893
f 1897 1896 1899
f 1899 1900 1897
f 1896 1898 1901
f 1901 1899 1896
f 1900 1899 1902
f 1902 1903 1900
f 1899 1901 1904
f 1904 1902 1899
f 1903 1902 1905
f 1905 1906 1903
f 1902 1904 1907
f 1907 1905 1902
f 1906 1905 1908
f 1908 1909 1906
f 1905 1907 1910
f 1910 1908 1905
f 1909 1908 1911
f 1911 1912 1909
f 1908 1910 1913
f 1913 1911 1908
f 1912 1911 1914
f 1914 1915 1912
f 1915 1914 1916
f 1916 1917 1915
f 1918 1916 1914
f 1919 1914 1911
f 1914 1919 1918
f 1911 1913 1919
f 1920 1918 1919
f 1919 1921 1920
f 1921 1919 1913
f 1922 1920 1921
f 1913 1923 1921
f 1923 1913 1910
f 1921 1924 1922
f 1924 1921 1923
f 1925 1922 1924
f 1910 1926 1923
f 1926 1910 1907
f 1923 1927 1924
f 1927 1923 1926
f 1928 1925 1924
f 1907 1929 1926
f 1929 1907 1904
f 1926 1930 1927
f 1930 1926 1929
f 1924 1931 1928
f 1931 1924 1927
f 1932 1928 1931
f 1904 1933 1929
f 1933 1904 1901
f 1931 1934 1932
f 1935 1932 1934
f 1934 1936 1935
f 1934 1931 1937
f 1927 1937 1931
f 1936 1934 1938
f 1937 1938 1934
f 1938 1939 1936
f 1937 1927 1940
f 1930 1940 1927
f 1940 1930 1929
f 1940 1941 1937
f 1938 1937 1941
f 1939 1938 1942
f 1941 1942 1938
f 1942 1943 1939
f 1941 1940 1944
f 1929 1944 1940
f 1942 1941 1945
f 1944 1945 1941
f 1943 1942 1946
f 1945 1946 1942
f 1946 1947 1943
f 1944 1929 1948
f 1933 1948 1929
f 1945 1944 1949
f 1948 1949 1944
f 1946 1945 1950
f 1949 1950 1945
f 1947 1946 1951
f 1950 1951 1946
f 1951 1952 1947
f 1948 1933 1953
f 1901 1953 1933
f 1953 1901 1898
f 1953 1954 1948
f 1949 1948 1954
f 1898 1955 1953
f 1954 1953 1955
f 1955 1898 1895
f 1950 1949 1954
f 1895 1956 1955
f 1956 1895 1892
f 1954 1957 1950
f 1951 1950 1957
f 1955 1958 1954
f 1957 1954 1958
f 1956 1959 1955
f 1958 1955 1959
f 1960 1961 1962
f 1961 1960 1963
f 1963 1964 1961
f 1962 1965 1960
f 1965 1962 1966
f 1966 1967 1965
f 1968 1965 1967
f 1967 1969 1968
f 1970 1960 1965
f 1965 1968 1970
f 1971 1963 1960
f 1960 1970 1971
f 1964 1963 1972
f 1972 1973 1964
f 1963 1971 1974
f 1974 1972 1963
f 1973 1972 1975
f 1975 1976 1973
f 1972 1974 1977
f 1977 1975 1972
f 1976 1975 1978
f 1978 1979 1976
f 1975 1977 1980
f 1980 1978 1975
f 1979 1978 1981
f 1981 1982 1979
f 1978 1980 1983
f 1983 1981 1978
f 1982 1981 1984
f 1984 1985 1982
f 1981 1983 1986
f 1986 1984 1981
f 1985 1984 1987
f 1987 1988 1985
f 1984 1986 1989
f 1989 1987 1984
f 1988 1987 1990
f 1990 1991 1988
f 1987 1989 1992
f 1992 1990 1987
f 1991 1990 1993
f 1993 1994 1991
f 1990 1992 1995
f 1995 1993 1990
f 1994 1993 1996
f 1996 1997 1994
f 1993 1995 1998
f 1998 1996 1993
f 1997 1996 1999
f 1999 2000 1997
f 1996 1998 2001
f 2001 1999 1996
f 2000 1999 2002
f 2002 2003 2000
f 1999 2001 2004
f 2004 2002 1999
f 2003 2002 2005
f 2005 2006 2003
f 2002 2004 2007
f 2007 2005 2002
f 2006 2005 2008
f 2008 2009 2006
f 2005 2007 2010
f 2010 2008 2005
f 2009 2008 2011
f 2011 2012 2009
f 2012 2011 2013
f 2013 2014 2012
f 2015 2013 2011
f 2016 2011 2008
f 2011 2016 2015
f 2008 2010 2016
f 2017 2015 2016
f 2016 2018 2017
f 2018 2016 2010
f 2010 2019 2018
f 2019 2010 2007
f 2020 2017 2018
f 2007 2021 2019
f 2021 2007 2004
f 2019 2022 2018
f 2022 2019 2021
f 2018 2023 2020
f 2023 2018 2022
f 2024 2020 2023
f 2004 2025 2021
f 2025 2004 2001
f 2021 2026 2022
f 2026 2021 2025
f 2022 2027 2023
f 2027 2022 2026
f 2023 2028 2024
f 2028 2023 2027
f 2029 2024 2028
f 2001 2030 2025
f 2030 2001 1998
f 2028 2031 2029
f 2032 2029 2031
f 2031 2033 2032
f 2031 2028 2034
f 2027 2034 2028
f 2033 2031 2035
f 2034 2035 2031
f 2035 2036 2033
f 2034 2027 2037
f 2026 2037 2027
f 2037 2026 2025
f 2037 2038 2034
f 2035 2034 2038
f 2036 2035 2039
f 2038 2039 2035
f 2039 2040 2036
f 2038 2037 2041
f 2025 2041 2037
f 2039 2038 2042
f 2041 2042 2038
f 2040 2039 2043
f 2042 2043 2039
f 2043 2044 2040
f 2041 2025 2045
f 2030 2045 2025
f 2042 2041 2046
f 2045 2046 2041
f 2043 2042 2047
f 2046 2047 2042
f 2044 2043 2048
f 2047 2048 2043
f 2048 2049 2044
f 2045 2030 2050
f 1998 2050 2030
f 2050 1998 1995
f 2050 2051 2045
f 2046 2045 2051
f 1995 2052 2050
f 2051 2050 2052
f 2052 1995 1992
f 2051 2053 2046
f 2047 2046 2053
f 2052 2054 2051
f 2053 2051 2054
f 1992 2055 2052
f 2054 2052 2055
f 2055 1992 1989
f 2053 2056 2047
f 2048 2047 2056
f 2056 2053 2054
f 2057 2058 2059
f 2058 2057 2060
f 2060 2061 2058
f 2059 2062 2057
f 2062 2059 2063
f 2063 2064 2062
f 2065 2062 2064
f 2064 2066 2065
f 2067 2057 2062
f 2062 2065 2067
f 2068 2060 2057
f 2057 2067 2068
f 2061 2060 2069
f 2069 2070 2061
f 2060 2068 2071
f 2071 2069 2060
f 2070 2069 2072
f 2072 2073 2070
f 2069 2071 2074
f 2074 2072 2069
f 2073 2072 2075
f 2075 2076 2073
f 2072 2074 2077
f 2077 2075 2072
f 2076 2075 2078
f 2078 2079 2076
f 2075 2077 2080
f 2080 2078 2075
f 2079 2078 2081
f 2081 2082 2079
f 2078 2080 2083
f 2083 2081 2078
f 2082 2081 2084
f 2084 2085 2082
f 2081 2083 2086
f 2086 2084 2081
f 2085 2084 2087
f 2087 2088 2085
f 2084 2086 2089
f 2089 2087 2084
f 2088 2087 2090
f 2090 2091 2088
f 2087 2089 2092
f 2092 2090 2087
f 2091 2090 2093
f 2093 2094 2091
f 2090 2092 2095
f 2095 2093 2090
f 2094 2093 2096
f 2096 2097 2094
f 2093 2095 2098
f 2098 2096 2093
f 2097 2096 2099
f 2099 2100 2097
f 2096 2098 2101
f 2101 2099 2096
f 2100 2099 2102
f 2102 2103 2100
f 2099 2101 2104
f 2104 2102 2099
f 2103 2102 2105
f 2105 2106 2103
f 2102 2104 2107
f 2107 2105 2102
f 2106 2105 2108
f 2108 2109 2106
f 2109 2108 2110
f 2110 2111 2109
f 2112 2110 2108
f 2113 2108 2105
f 2108 2113 2112
f 2105 2107 2113
f 2114 2112 2113
f 2113 2115 2114
f 2115 2113 2107
f 2116 2114 2115
f 2107 2117 2115
f 2117 2107 2104
f 2115 2118 2116
f 2118 2115 2117
f 2104 2119 2117
f 2119 2104 2101
f 2117 2120 2118
f 2120 2117 2119
f 2118 2121 2116
f 2121 2118 2120
f 2122 2116 2121
f 2101 2123 2119
f 2123 2101 2098
f 2119 2124 2120
f 2124 2119 2123
f 2120 2125 2121
f 2125 2120 2124
f 2121 2126 2122
f 2126 2121 2125
f 2127 2122 2126
f 2098 2128 2123
f 2128 2098 2095
f 2123 2129 2124
f 2129 2123 2128
f 2126 2130 2127
f 2131 2127 2130
f 2130 2132 2131
f 2130 2126 2133
f 2125 2133 2126
f 2132 2130 2134
f 2133 2134 2130
f 2134 2135 2132
f 2133 2125 2136
f 2124 2136 2125
f 2136 2124 2129
f 2136 2137 2133
f 2134 2133 2137
f 2135 2134 2138
f 2137 2138 2134
f 2138 2139 2135
f 2137 2136 2129
f 2138 2137 2140
f 2129 2140 2137
f 2139 2138 2141
f 2140 2141 2138
f 2141 2142 2139
f 2128 2143 2129
f 2140 2129 2144
f 2143 2144 2129
f 2141 2140 2145
f 2144 2145 2140
f 2142 2141 2146
f 2145 2146 2141
f 2146 2147 2142
f 2143 2128 2148
f 2095 2148 2128
f 2148 2095 2092
f 2144 2143 2148
f 2092 2149 2148
f 2149 2092 2089
f 2148 2150 2144
f 2145 2144 2150
f 2150 2148 2149
f 2089 2151 2149
f 2151 2089 2086
f 2150 2152 2145
f 2146 2145 2152
f 2149 2153 2150
f 2152 2150 2153
f 2151 2154 2149
f 2153 2149 2154
f 2155 2156 2157
f 2156 2155 2158
f 2158 2159 2156
f 2157 2160 2155
f 2160 2157 2161
f 2161 2162 2160
f 2163 2160 2162
f 2162 2164 2163
f 2165 2155 2160
f 2160 2163 2165
f 2166 2158 2155
f 2155 2165 2166
f 2159 2158 2167
f 2167 2168 2159
f 2158 2166 2169
f 2169 2167 2158
f 2168 2167 2170
f 2170 2171 2168
f 2167 2169 2172
f 2172 2170 2167
f 2171 2170 2173
f 2173 2174 2171
f 2170 2172 2175
f 2175 2173 2170
f 2174 2173 2176
f 2176 2177 2174
f 2173 2175 2178
f 2178 2176 2173
f 2177 2176 2179
f 2179 2180 2177
f 2176 2178 2181
f 2181 2179 2176
f 2180 2179 2182
f 2182 2183 2180
f 2179 2181 2184
f 2184 2182 2179
f 2183 2182 2185
f 2185 2186 2183
f 2182 2184 2187
f 2187 2185 2182
f 2186 2185 2188
f 2188 2189 2186
f 2185 2187 2190
f 2190 2188 2185
f 2189 2188 2191
f 2191 2192 2189
f 2188 2190 2193
f 2193 2191 2188
f 2192 2191 2194
f 2194 2195 2192
f 2191 2193 2196
f 2196 2194 2191
f 2195 2194 2197
f 2197 2198 2195
f 2194 2196 2199
f 2199 2197 2194
f 2198 2197 2200
f 2200 2201 2198
f 2197 2199 2202
f 2202 2200 2197
f 2201 2200 2203
f 2203 2204 2201
f 2200 2202 2205
f 2205 2203 2200
f 2204 2203 2206
f 2206 2207 2204
f 2207 2206 2208
f 2208 2209 2207
f 2210 2208 2206
f 2211 2206 2203
f 2206 2211 2210
f 2203 2205 2211
f 2212 2210 2211
f 2211 2213 2212
f 2213 2211 2205
f 2205 2214 2213
f 2214 2205 2202
f 2213 2215 2212
f 2215 2213 2214
f 2216 2212 2215
f 2202 2217 2214
f 2217 2202 2199
f 2214 2218 2215
f 2218 2214 2217
f 2215 2219 2216
f 2219 2215 2218
f 2220 2216 2219
f 2199 2221 2217
f 2221 2199 2196
f 2217 2222 2218
f 2222 2217 2221
f 2218 2223 2219
f 2223 2218 2222
f 2219 2224 2220
f 2224 2219 2223
f 2225 2220 2224
f 2196 2226 2221
f 2226 2196 2193
f 2221 2227 2222
f 2227 2221 2226
f 2224 2228 2225
f 2229 2225 2228
f 2228 2230 2229
f 2228 2224 2231
f 2223 2231 2224
f 2230 2228 2232
f 2231 2232 2228
f 2232 2233 2230
f 2231 2223 2222
f 2222 2234 2231
f 2232 2231 2234
f 2233 2232 2235
f 2234 2235 2232
f 2235 2236 2233
f 2234 2222 2237
f 2227 2237 2222
f 2235 2234 2238
f 2237 2238 2234
f 2236 2235 2239
f 2238 2239 2235
f 2239 2240 2236
f 2237 2227 2226
f 2238 2237 2241
f 2226 2241 2237
f 2239 2238 2242
f 2241 2242 2238
f 2240 2239 2243
f 2242 2243 2239
f 2243 2244 2240
f 2193 2245 2226
f 2245 2193 2190
f 2245 2246 2226
f 2241 2226 2246
f 2190 2247 2245
f 2246 2245 2247
f 2247 2190 2187
f 2242 2241 2246
f 2187 2248 2247
f 2248 2187 2184
f 2246 2249 2242
f 2243 2242 2249
f 2247 2250 2246
f 2249 2246 2250
f 2248 2251 2247
f 2250 2247 2251
f 2252 2253 2254
f 2254 2255 2252
f 2254 2253 2256
f 2256 2257 2254
f 2258 2259 2260
f 2260 2261 2258
f 2260 2259 2262
f 2262 2263 2260
f 2264 2265 2266
f 2266 2267 2264
f 2266 2265 2268
f 2268 2269 2266
f 2270 2271 2272
f 2272 2273 2270
f 2272 2271 2274
f 2274 2275 2272
f 2276 2277 2278
f 2278 2279 2276
f 2278 2277 2280
f 2280 2281 2278
f 2282 2283 2284
f 2284 2285 2282
f 2284 2283 2286
f 2286 2287 2284
f 2288 2289 2290
f 2290 2291 2288
f 2290 2289 2292
f 2292 2293 2290
f 2294 2295 2296
f 2296 2297 2294
f 2296 2295 2298
f 2298 2299 2296
f 2300 2301 2302
f 2302 2303 2300
f 2302 2301 2304
f 2304 2305 2302
f 2306 2307 2308
f 2308 2309 2306
f 2308 2307 2310
f 2310 2311 2308
f 2312 2313 2314
f 2314 2315 2312
f 2314 2313 2316
f 2316 2317 2314
f 2318 2319 2320
f 2320 2321 2318
f 2320 2319 2322
f 2322 2323 2320
f 2324 2325 2326
f 2326 2327 2324
f 2326 2325 2328
f 2328 2329 2326
f 2330 2331 2332
f 2332 2333 2330
f 2332 2331 2334
f 2334 2335 2332
f 2336 2337 2338
f 2338 2339 2336
f 2338 2337 2340
f 2340 2341 2338
f 2342 2343 2344
f 2344 2345 2342
f 2344 2343 2346
f 2346 2347 2344
f 2348 2349 2350
f 2350 2351 2348
f 2350 2349 2352
f 2352 2353 2350
f 2354 2355 2356
f 2356 2357 2354
f 2356 2355 2358
f 2358 2359 2356
f 2360 2361 2362
f 2362 2363 2360
f 2362 2361 2364
f 2364 2365 2362
f 2366 2367 2368
f 2368 2369 2366
f 2368 2367 2370
f 2370 2371 2368
f 2372 2373 2374
f 2374 2375 2372
f 2374 2373 2376
f 2376 2377 2374
f 2378 2379 2380
f 2380 2381 2378
f 2380 2379 2382
f 2382 2383 2380
f 2384 2385 2386
f 2386 2387 2384
f 2386 2385 2388
f 2388 2389 2386
f 2390 2391 2392
f 2392 2393 2390
f 2392 2391 2394
f 2394 2395 2392
f 2396 2397 2398
f 2398 2399 2396
f 2398 2397 2400
f 2400 2401 2398
f 2402 2403 2404
f 2404 2405 2402
f 2404 2403 2406
f 2406 2407 2404
f 2408 2409 2410
f 2410 2411 2408
f 2410 2409 2412
f 2412 2413 2410
f 2414 2415 2416
f 2416 2417 2414
f 2416 2415 2418
f 2418 2419 2416
f 2420 2421 2422
f 2422 2423 2420
f 2422 2421 2424
f 2424 2425 2422
f 2426 2427 2428
f 2428 2429 2426
f 2428 2427 2430
f 2430 2431 2428
f 2432 2433 2434
f 2434 2435 2432
f 2434 2433 2436
f 2436 2437 2434
f 2438 2439 2440
f 2440 2441 2438
f 2440 2439 2442
f 2442 2443 2440
f 2444 2445 2446
f 2446 2447 2444
f 2446 2445 2448
f 2448 2449 2446
f 2450 2451 2452
f 2452 2453 2450
f 2452 2451 2454
f 2454 2455 2452
f 2456 2457 2458
f 2458 2459 2456
f 2458 2457 2460
f 2460 2461 2458
f 2462 2463 2464
f 2464 2465 2462
f 2464 2463 2466
f 2466 2467 2464
f 2468 2469 2470
f 2470 2471 2468
f 2470 2469 2472
f 2472 2473 2470
f 2474 2475 2476
f 2476 2477 2474
f 2476 2475 2478
f 2478 2479 2476
f 2480 2481 2482
f 2482 2483 2480
f 2482 2481 2484
f 2484 2485 2482
f 2486 2487 2488
f 2488 2489 2486
f 2488 2487 2490
f 2490 2491 2488
f 2492 2493 2494
f 2494 2495 2492
f 2494 2493 2496
f 2496 2497 2494
f 2498 2499 2500
f 2500 2501 2498
f 2500 2499 2502
f 2502 2503 2500
f 2504 2505 2506
f 2506 2507 2504
f 2506 2505 2508
f 2508 2509 2506
f 2510 2511 2512
f 2512 2513 2510
f 2512 2511 2514
f 2514 2515 2512
f 2516 2517 2518
f 2518 2519 2516
f 2518 2517 2520
f 2520 2521 2518
f 2522 2523 2524
f 2524 2525 2522
f 2524 2523 2526
f 2526 2527 2524
f 2528 2529 2530
f 2530 2531 2528
f 2530 2529 2532
f 2532 2533 2530
f 2534 2535 2536
f 2536 2537 2534
f 2536 2535 2538
f 2538 2539 2536
f 2540 2541 2542
f 2542 2543 2540
f 2542 2541 2544
f 2544 2545 2542
f 2546 2547 2548
f 2548 2549 2546
f 2548 2547 2550
f 2550 2551 2548
f 2552 2553 2554
f 2554 2555 2552
f 2554 2553 2556
f 2556 2557 2554
f 2558 2559 2560
f 2560 2561 2558
f 2560 2559 2562
f 2562 2563 2560
f 2564 2565 2566
f 2566 2567 2564
f 2566 2565 2568
f 2568 2569 2566
f 2570 2571 2572
f 2572 2573 2570
f 2572 2571 2574
f 2574 2575 2572
f 2576 2577 2578
f 2578 2579 2576
f 2578 2577 2580
f 2580 2581 2578
f 2582 2583 2584
f 2584 2585 2582
f 2584 2583 2586
f 2586 2587 2584
f 2588 2589 2590
f 2590 2591 2588
f 2590 2589 2592
f 2592 2593 2590
f 2594 2595 2596
f 2596 2597 2594
f 2596 2595 2598
f 2598 2599 2596
f 2600 2601 2602
f 2602 2603 2600
f 2602 2601 2604
f 2604 2605 2602
f 2606 2607 2608
f 2608 2609 2606
f 2608 2607 2610
f 2610 2611 2608
f 2612 2613 2614
f 2614 2615 2612
f 2614 2613 2616
f 2616 2617 2614
f 2618 2619 2620
f 2620 2621 2618
f 2620 2619 2622
f 2622 2623 2620
f 2624 2625 2626
f 2626 2627 2624
f 2626 2625 2628
f 2628 2629 2626
f 2630 2631 2632
f 2632 2633 2630
f 2632 2631 2634
f 2634 2635 2632
f 2636 2637 2638
f 2638 2639 2636
f 2638 2637 2640
f 2640 2641 2638
f 2642 2643 2644
f 2644 2645 2642
f 2644 2643 2646
f 2646 2647 2644
f 2648 2649 2650
f 2650 2651 2648
f 2650 2649 2652
f 2652 2653 2650
f 2654 2655 2656
f 2656 2657 2654
f 2656 2655 2658
f 2658 2659 2656
f 2660 2661 2662
f 2662 2663 2660
f 2662 2661 2664
f 2664 2665 2662
f 2666 2667 2668
f 2668 2669 2666
f 2668 2667 2670
f 2670 2671 2668
f 2672 2673 2674
f 2674 2675 2672
f 2674 2673 2676
f 2676 2677 2674
f 2678 2679 2680
f 2680 2681 2678
f 2680 2679 2682
f 2682 2683 2680
f 2684 2685 2686
f 2686 2687 2684
f 2686 2685 2688
f 2688 2689 2686
f 2690 2691 2692
f 2692 2693 2690
f 2692 2691 2694
f 2694 2695 2692
f 2696 2697 2698
f 2698 2699 2696
f 2698 2697 2700
f 2700 2701 2698
f 2702 2703 2704
f 2704 2705 2702
f 2703 2706 2704
f 2707 2704 2706
f 2706 2708 2707
f 2708 2709 2707
f 2710 2707 2709
f 2709 2711 2710
f 2711 2712 2710
f 2712 2713 2710
f 2714 2710 2713
f 2713 2715 2714
f 2716 2717 2718
f 2718 2719 2716
f 2718 2717 2720
f 2720 2721 2718
f 2722 2723 2724
f 2724 2725 2722
f 2726 2724 2723
f 2723 2727 2726
f 2728 2726 2727
f 2727 2729 2728
f 2730 2728 2729
f 2729 2731 2730
f 2732 2730 2731
f 2731 2733 2732
f 2733 2734 2732
f 2735 2732 2734
f 2734 2736 2735
f 2737 2735 2736
f 2736 2738 2737
f 2739 2740 2741
f 2741 2742 2739
f 2741 2740 2743
f 2743 2744 2741
f 2745 2746 2747
f 2747 2748 2745
f 2749 2747 2746
f 2746 2750 2749
f 2751 2749 2750
f 2750 2752 2751
f 2753 2751 2752
f 2752 2754 2753
f 2755 2753 2754
f 2754 2756 2755
f 2757 2755 2756
f 2756 2758 2757
f 2759 2757 2758
f 2758 2760 2759
f 2761 2762 2763
f 2763 2764 2761
f 2763 2762 2765
f 2765 2766 2763
f 2767 2768 2769
f 2769 2770 2767
f 2771 2769 2768
f 2768 2772 2771
f 2773 2771 2772
f 2772 2774 2773
f 2775 2773 2774
f 2774 2776 2775
f 2776 2777 2775
f 2778 2775 2777
f 2777 2779 2778
f 2780 2778 2779
f 2779 2781 2780
f 2782 2783 2784
f 2784 2785 2782
f 2784 2783 2786
f 2786 2787 2784
f 2788 2789 2790
f 2790 2791 2788
f 2789 2792 2790
f 2793 2790 2792
f 2792 2794 2793
f 2795 2793 2794
f 2794 2796 2795
f 2797 2795 2796
f 2796 2798 2797
f 2799 2797 2798
f 2798 2800 2799
f 2801 2799 2800
f 2800 2802 2801
f 2803 2804 2805
f 2805 2806 2803
f 2805 2804 2807
f 2807 2808 2805
f 2809 2810 2811
f 2811 2812 2809
f 2811 2810 2813
f 2813 2814 2811
f 2815 2816 2817
f 2817 2818 2815
f 2817 2816 2819
f 2819 2820 2817
f 2821 2822 2823
f 2823 2824 2821
f 2823 2822 2825
f 2825 2826 2823
f 2827 2828 2829
f 2829 2830 2827
f 2829 2828 2831
f 2831 2832 2829
f 2833 2834 2835
f 2835 2836 2833
f 2835 2834 2837
f 2837 2838 2835
f 2839 2840 2841
f 2841 2842 2839
f 2841 2840 2843
f 2843 2844 2841
f 2845 2846 2847
f 2847 2848 2845
f 2847 2846 2849
f 2849 2850 2847
f 2851 2852 2853
f 2853 2854 2851
f 2853 2852 2855
f 2855 2856 2853
f 2857 2858 2859
f 2859 2860 2857
f 2859 2858 2861
f 2861 2862 2859
f 2863 2864 2865
f 2865 2866 2863
f 2865 2864 2867
f 2867 2868 2865
f 2869 2870 2871
f 2871 2872 2869
f 2873 2869 2872
f 2872 2874 2873
f 2875 2873 2874
f 2876 2875 2874
f 2874 2877 2876
f 2878 2876 2877
f 2879 2878 2877
f 2880 2879 2877
f 2877 2881 2880
f 2882 2880 2881
f 2881 2883 2882
f 2884 2885 2886
f 2886 2887 2884
f 2888 2884 2887
f 2887 2889 2888
f 2890 2888 2889
f 2889 2891 2890
f 2891 2892 2890
f 2893 2890 2892
f 2892 2894 2893
f 2895 2893 2894
f 2894 2896 2895
f 2897 2895 2896
f 2898 2897 2896
f 2896 2899 2898
f 2900 2901 2902
f 2902 2903 2900
f 2904 2900 2903
f 2903 2905 2904
f 2906 2904 2905
f 2905 2907 2906
f 2908 2906 2907
f 2909 2908 2907
f 2907 2910 2909
f 2911 2909 2910
f 2910 2912 2911
f 2913 2911 2912
f 2914 2913 2912
f 2912 2915 2914
f 2916 2917 2918
f 2918 2919 2916
f 2920 2916 2919
f 2919 2921 2920
f 2922 2920 2921
f 2923 2922 2921
f 2921 2924 2923
f 2925 2923 2924
f 2926 2925 2924
f 2927 2926 2924
f 2928 2927 2924
f 2924 2929 2928
f 2930 2931 2932
f 2932 2933 2930
f 2934 2930 2933
f 2935 2934 2933
f 2936 2935 2933
f 2933 2937 2936
f 2938 2936 2937
f 2939 2938 2937
f 2937 2940 2939
f 2941 2939 2940
f 2940 2942 2941
f 2943 2944 2945
f 2945 2946 2943
f 2945 2944 2947
f 2947 2948 2945
f 2949 2950 2951
f 2951 2952 2949
f 2951 2950 2953
f 2953 2954 2951
f 2955 2956 2957
f 2957 2958 2955
f 2957 2956 2959
f 2959 2960 2957
f 2961 2962 2963
f 2963 2964 2961
f 2963 2962 2965
f 2965 2966 2963
f 2967 2968 2969
f 2969 2970 2967
f 2969 2968 2971
f 2971 2972 2969
f 2973 2974 2975
f 2975 2976 2973
f 2975 2974 2977
f 2977 2978 2975
f 2979 2980 2981
f 2981 2982 2979
f 2981 2980 2983
f 2983 2984 2981
f 2985 2986 2987
f 2987 2988 2985
f 2987 2986 2989
f 2989 2990 2987
f 2991 2992 2993
f 2993 2994 2991
f 2993 2992 2995
f 2995 2996 2993
f 2997 2998 2999
f 2999 3000 2997
f 2999 2998 3001
f 3001 3002 2999
f 3003 3004 3005
f 3005 3006 3003
f 3005 3004 3007
f 3007 3008 3005
f 3009 3010 3011
f 3011 3012 3009
f 3011 3010 3013
f 3013 3014 3011
f 3015 3016 3017
f 3017 3018 3015
f 3017 3016 3019
f 3019 3020 3017
f 3021 3022 3023
f 3023 3024 3021
f 3023 3022 3025
f 3025 3026 3023
f 3027 3028 3029
f 3029 3030 3027
f 3029 3028 3031
f 3031 3032 3029
f 1792 3033 1860
f 1862 1860 3033
f 3033 1792 1789
f 1861 3034 1853
f 1854 1853 3034
f 3034 3035 1854
f 3034 1861 3036
f 1859 3036 1861
f 3035 3034 3037
f 3036 3037 3034
f 3037 3038 3035
f 3036 1859 1862
f 3037 3036 3039
f 1862 3039 3036
f 3038 3037 3040
f 3039 3040 3037
f 3040 3041 3038
f 3039 1862 3042
f 3033 3042 1862
f 3040 3039 3043
f 3042 3043 3039
f 3041 3040 3044
f 3043 3044 3040
f 3044 3045 3041
f 1789 3046 3033
f 3046 1789 1786
f 3046 3047 3033
f 3042 3033 3047
f 1786 3048 3046
f 3047 3046 3048
f 3048 1786 1783
f 3043 3042 3047
f 3048 3049 3047
f 1783 3050 3048
f 3049 3048 3050
f 3050 1783 1780
f 3047 3051 3043
f 3044 3043 3051
f 3049 3052 3047
f 3051 3047 3052
f 3052 3049 3050
f 1780 3053 3050
f 3053 1780 1777
f 3051 3054 3044
f 3045 3044 3054
f 3054 3055 3045
f 3054 3051 3056
f 3052 3056 3051
f 3055 3054 3057
f 3056 3057 3054
f 3057 3058 3055
f 3056 3052 3059
f 3050 3059 3052
f 3057 3056 3060
f 3059 3060 3056
f 3058 3057 3061
f 3060 3061 3057
f 3061 3062 3058
f 3059 3050 3063
f 3053 3063 3050
f 3060 3059 3064
f 3063 3064 3059
f 3061 3060 3065
f 3064 3065 3060
f 3062 3061 3066
f 3065 3066 3061
f 3066 3067 3062
f 3063 3053 3068
f 1777 3068 3053
f 3068 1777 1774
f 3064 3063 3068
f 1774 3069 3068
f 3069 1774 1773
f 3068 3070 3064
f 3065 3064 3070
f 3069 3071 3068
f 3070 3068 3071
f 1773 3072 3069
f 3071 3069 3072
f 3072 1773 1771
f 3070 3073 3065
f 3066 3065 3073
f 3071 3074 3070
f 3073 3070 3074
f 3072 3075 3071
f 3074 3071 3075
f 1771 3076 3072
f 3075 3072 3076
f 3076 1771 1772
f 1772 3077 3076
f 3077 3078 3076
f 3075 3079 3074
f 3079 3075 3076
f 3080 3076 3078
f 3076 3080 3079
f 3078 3081 3080
f 3082 3074 3079
f 3074 3082 3073
f 3083 3079 3080
f 3079 3083 3082
f 3084 3080 3081
f 3080 3084 3083
f 3081 3085 3084
f 3086 3073 3082
f 3073 3086 3066
f 3067 3066 3086
f 3086 3087 3067
f 3082 3088 3086
f 3087 3086 3088
f 3088 3082 3083
f 3088 3089 3087
f 3083 3090 3088
f 3089 3088 3090
f 3090 3083 3084
f 3090 3091 3089
f 3084 3092 3090
f 3091 3090 3092
f 3092 3084 3085
f 3092 3093 3091
f 3085 3094 3092
f 3093 3092 3094
f 3094 3095 3093
f 1892 3096 1956
f 1959 1956 3096
f 3096 1892 1889
f 1957 3097 1951
f 1952 1951 3097
f 3097 3098 1952
f 3097 1957 3099
f 1958 3099 1957
f 3098 3097 3100
f 3099 3100 3097
f 3100 3101 3098
f 3099 1958 1959
f 3100 3099 3102
f 1959 3102 3099
f 3101 3100 3103
f 3102 3103 3100
f 3103 3104 3101
f 3102 1959 3105
f 3096 3105 1959
f 3103 3102 3106
f 3105 3106 3102
f 3104 3103 3107
f 3106 3107 3103
f 3107 3108 3104
f 1889 3109 3096
f 3109 1889 1886
f 3105 3096 3109
f 1886 3110 3109
f 3110 1886 1883
f 3109 3111 3105
f 3106 3105 3111
f 3110 3112 3109
f 3111 3109 3112
f 1883 3113 3110
f 3112 3110 3113
f 3113 1883 1880
f 3111 3114 3106
f 3107 3106 3114
f 3114 3111 3112
f 3113 3115 3112
f 1880 3116 3113
f 3115 3113 3116
f 3116 1880 1877
f 3114 3117 3107
f 3108 3107 3117
f 3117 3118 3108
f 3117 3114 3119
f 3112 3119 3114
f 3118 3117 3120
f 3119 3120 3117
f 3120 3121 3118
f 3119 3112 3122
f 3115 3122 3112
f 3120 3119 3123
f 3122 3123 3119
f 3121 3120 3124
f 3123 3124 3120
f 3124 3125 3121
f 3122 3115 3126
f 3116 3126 3115
f 3123 3122 3127
f 3126 3127 3122
f 3124 3123 3128
f 3127 3128 3123
f 3125 3124 3129
f 3128 3129 3124
f 3129 3130 3125
f 3126 3116 3131
f 1877 3131 3116
f 3131 1877 1874
f 3131 3132 3126
f 3127 3126 3132
f 1874 3133 3131
f 3132 3131 3133
f 3133 1874 1873
f 3132 3134 3127
f 3128 3127 3134
f 3133 3135 3132
f 3134 3132 3135
f 1873 3136 3133
f 3135 3133 3136
f 3136 1873 1871
f 3134 3137 3128
f 3129 3128 3137
f 3135 3138 3134
f 3137 3134 3138
f 3136 3139 3135
f 3138 3135 3139
f 1871 3140 3136
f 3139 3136 3140
f 3140 1871 1872
f 1872 3141 3140
f 3142 3140 3141
f 3140 3142 3139
f 3139 3143 3138
f 3143 3139 3142
f 3144 3142 3141
f 3142 3144 3143
f 3141 3145 3144
f 3146 3138 3143
f 3138 3146 3137
f 3147 3143 3144
f 3143 3147 3146
f 3148 3144 3145
f 3144 3148 3147
f 3145 3149 3148
f 3150 3137 3146
f 3137 3150 3129
f 3130 3129 3150
f 3150 3151 3130
f 3146 3152 3150
f 3151 3150 3152
f 3152 3146 3147
f 3152 3153 3151
f 3147 3154 3152
f 3153 3152 3154
f 3154 3147 3148
f 3154 3155 3153
f 3148 3156 3154
f 3155 3154 3156
f 3156 3148 3149
f 3156 3157 3155
f 3149 3158 3156
f 3157 3156 3158
f 3158 3159 3157
f 1989 3160 2055
f 3160 1989 1986
f 2056 3161 2048
f 2049 2048 3161
f 3161 3162 2049
f 3161 2056 3163
f 2054 3163 2056
f 3162 3161 3164
f 3163 3164 3161
f 3164 3165 3162
f 3163 2054 3166
f 2055 3166 2054
f 3164 3163 3167
f 3166 3167 3163
f 3165 3164 3168
f 3167 3168 3164
f 3168 3169 3165
f 3166 2055 3170
f 3160 3170 2055
f 3167 3166 3170
f 3168 3167 3171
f 3170 3171 3167
f 3169 3168 3172
f 3171 3172 3168
f 3172 3173 3169
f 3170 3160 3174
f 1986 3174 3160
f 3174 1986 1983
f 1983 3175 3174
f 3175 1983 1980
f 3174 3176 3170
f 3171 3170 3176
f 3175 3177 3174
f 3176 3174 3177
f 1980 3178 3175
f 3177 3175 3178
f 3178 1980 1977
f 3176 3179 3171
f 3172 3171 3179
f 3179 3176 3177
f 3178 3180 3177
f 1977 3181 3178
f 3180 3178 3181
f 3181 1977 1974
f 3179 3182 3172
f 3173 3172 3182
f 3182 3183 3173
f 3182 3179 3184
f 3177 3184 3179
f 3183 3182 3185
f 3184 3185 3182
f 3185 3186 3183
f 3184 3177 3187
f 3180 3187 3177
f 3185 3184 3188
f 3187 3188 3184
f 3186 3185 3189
f 3188 3189 3185
f 3189 3190 3186
f 3187 3180 3181
f 3188 3187 3191
f 3181 3191 3187
f 3189 3188 3192
f 3191 3192 3188
f 3190 3189 3193
f 3192 3193 3189
f 3193 3194 3190
f 1974 3195 3181
f 3195 1974 1971
f 3191 3181 3195
f 1971 3196 3195
f 3196 1971 1970
f 3195 3197 3191
f 3192 3191 3197
f 3196 3198 3195
f 3197 3195 3198
f 1970 3199 3196
f 3198 3196 3199
f 3199 1970 1968
f 3197 3200 3192
f 3193 3192 3200
f 3200 3197 3198
f 3199 3201 3198
f 1968 3202 3199
f 3201 3199 3202
f 3202 1968 1969
f 1969 3203 3202
f 3204 3202 3203
f 3202 3204 3201
f 3203 3205 3204
f 3201 3206 3198
f 3206 3201 3204
f 3205 3207 3204
f 3208 3198 3206
f 3198 3208 3200
f 3209 3206 3204
f 3206 3209 3208
f 3210 3204 3207
f 3204 3210 3209
f 3207 3211 3210
f 3212 3200 3208
f 3200 3212 3193
f 3194 3193 3212
f 3212 3213 3194
f 3208 3214 3212
f 3213 3212 3214
f 3214 3208 3209
f 3214 3215 3213
f 3209 3216 3214
f 3215 3214 3216
f 3216 3209 3210
f 3216 3217 3215
f 3210 3218 3216
f 3217 3216 3218
f 3218 3210 3211
f 3218 3219 3217
f 3211 3220 3218
f 3219 3218 3220
f 3220 3221 3219
f 2086 3222 2151
f 2154 2151 3222
f 3222 2086 2083
f 2152 3223 2146
f 2147 2146 3223
f 3223 3224 2147
f 3223 2152 3225
f 2153 3225 2152
f 3224 3223 3226
f 3225 3226 3223
f 3226 3227 3224
f 3225 2153 2154
f 3226 3225 3228
f 2154 3228 3225
f 3227 3226 3229
f 3228 3229 3226
f 3229 3230 3227
f 3228 2154 3231
f 3222 3231 2154
f 3229 3228 3232
f 3231 3232 3228
f 3230 3229 3233
f 3232 3233 3229
f 3233 3234 3230
f 2083 3235 3222
f 3235 2083 2080
f 3231 3222 3235
f 2080 3236 3235
f 3236 2080 2077
f 3235 3237 3231
f 3232 3231 3237
f 3237 3235 3236
f 2077 3238 3236
f 3238 2077 2074
f 3237 3239 3232
f 3233 3232 3239
f 3236 3240 3237
f 3239 3237 3240
f 3238 3241 3236
f 3240 3236 3241
f 2074 3242 3238
f 3241 3238 3242
f 3242 2074 2071
f 3239 3243 3233
f 3234 3233 3243
f 3243 3244 3234
f 3243 3239 3245
f 3240 3245 3239
f 3244 3243 3246
f 3245 3246 3243
f 3246 3247 3244
f 3245 3240 3241
f 3246 3245 3248
f 3241 3248 3245
f 3247 3246 3249
f 3248 3249 3246
f 3249 3250 3247
f 3248 3241 3251
f 3242 3251 3241
f 3249 3248 3252
f 3251 3252 3248
f 3250 3249 3253
f 3252 3253 3249
f 3253 3254 3250
f 2071 3255 3242
f 3255 2071 2068
f 3251 3242 3255
f 2068 3256 3255
f 3256 2068 2067
f 3255 3257 3251
f 3252 3251 3257
f 3256 3258 3255
f 3257 3255 3258
f 2067 3259 3256
f 3258 3256 3259
f 3259 2067 2065
f 3257 3260 3252
f 3253 3252 3260
f 3258 3261 3257
f 3260 3257 3261
f 3259 3262 3258
f 3261 3258 3262
f 2065 3263 3259
f 3262 3259 3263
f 3263 2065 2066
f 2066 3264 3263
f 3264 3265 3263
f 3262 3266 3261
f 3266 3262 3263
f 3267 3263 3265
f 3263 3267 3266
f 3265 3268 3267
f 3269 3261 3266
f 3261 3269 3260
f 3270 3266 3267
f 3266 3270 3269
f 3271 3267 3268
f 3267 3271 3270
f 3268 3272 3271
f 3273 3260 3269
f 3260 3273 3253
f 3254 3253 3273
f 3273 3274 3254
f 3269 3275 3273
f 3274 3273 3275
f 3275 3269 3270
f 3275 3276 3274
f 3270 3277 3275
f 3276 3275 3277
f 3277 3270 3271
f 3277 3278 3276
f 3271 3279 3277
f 3278 3277 3279
f 3279 3271 3272
f 3279 3280 3278
f 3272 3281 3279
f 3280 3279 3281
f 3281 3282 3280
f 2184 3283 2248
f 2251 2248 3283
f 3283 2184 2181
f 2249 3284 2243
f 2244 2243 3284
f 3284 3285 2244
f 3284 2249 3286
f 2250 3286 2249
f 3285 3284 3287
f 3286 3287 3284
f 3287 3288 3285
f 3286 2250 2251
f 3287 3286 3289
f 2251 3289 3286
f 3288 3287 3290
f 3289 3290 3287
f 3290 3291 3288
f 3283 3292 2251
f 3289 2251 3292
f 3290 3289 3293
f 3292 3293 3289
f 3291 3290 3294
f 3293 3294 3290
f 3294 3295 3291
f 3292 3283 3296
f 2181 3296 3283
f 3296 2181 2178
f 3296 3297 3292
f 2178 3298 3296
f 3297 3296 3298
f 3298 2178 2175
f 3293 3292 3297
f 3298 3299 3297
f 2175 3300 3298
f 3299 3298 3300
f 3300 2175 2172
f 3297 3301 3293
f 3294 3293 3301
f 3301 3297 3299
f 2172 3302 3300
f 3302 2172 2169
f 3301 3303 3294
f 3295 3294 3303
f 3303 3304 3295
f 3303 3301 3305
f 3299 3305 3301
f 3304 3303 3306
f 3305 3306 3303
f 3306 3307 3304
f 3305 3299 3308
f 3300 3308 3299
f 3306 3305 3309
f 3308 3309 3305
f 3307 3306 3310
f 3309 3310 3306
f 3310 3311 3307
f 3308 3300 3302
f 3309 3308 3312
f 3302 3312 3308
f 3310 3309 3313
f 3312 3313 3309
f 3311 3310 3314
f 3313 3314 3310
f 3314 3315 3311
f 2169 3316 3302
f 3316 2169 2166
f 3312 3302 3316
f 2166 3317 3316
f 3317 2166 2165
f 3316 3318 3312
f 3313 3312 3318
f 3318 3316 3317
f 2165 3319 3317
f 3319 2165 2163
f 3318 3320 3313
f 3314 3313 3320
f 3317 3321 3318
f 3320 3318 3321
f 3321 3317 3319
f 2163 3322 3319
f 3322 2163 2164
f 2164 3323 3322
f 3324 3322 3323
f 3322 3324 3319
f 3319 3325 3321
f 3325 3319 3324
f 3323 3326 3324
f 3327 3321 3325
f 3321 3327 3320
f 3328 3325 3324
f 3325 3328 3327
f 3329 3324 3326
f 3324 3329 3328
f 3326 3330 3329
f 3331 3320 3327
f 3320 3331 3314
f 3315 3314 3331
f 3331 3332 3315
f 3327 3333 3331
f 3332 3331 3333
f 3333 3327 3328
f 3333 3334 3332
f 3328 3335 3333
f 3334 3333 3335
f 3335 3328 3329
f 3335 3336 3334
f 3329 3337 3335
f 3336 3335 3337
f 3337 3329 3330
f 3337 3338 3336
f 3330 3339 3337
f 3338 3337 3339
f 3339 3340 3338
f 3341 3342 3343
f 3344 3343 3342
f 3345 3346 3341
f 3342 3341 3346
f 3342 3347 3344
f 3348 3344 3347
f 3346 3349 3342
f 3347 3342 3349
f 3347 3350 3348
f 3351 3348 3350
f 3346 3352 3349
f 3347 3349 3352
f 3350 3353 3351
f 3354 3351 3353
f 3347 3355 3350
f 3353 3350 3355
f 3352 3356 3347
f 3355 3347 3356
f 3346 3357 3352
f 3356 3352 3357
f 3353 3358 3354
f 3359 3354 3358
f 3358 3360 3359
f 3358 3353 3361
f 3355 3361 3353
f 3360 3358 3362
f 3361 3362 3358
f 3362 3361 3363
f 3355 3363 3361
f 3360 3362 3364
f 3363 3364 3362
f 3363 3355 3365
f 3356 3365 3355
f 3360 3364 3366
f 3363 3366 3364
f 3366 3367 3360
f 3367 3366 3368
f 3366 3363 3369
f 3369 3368 3366
f 3363 3365 3370
f 3370 3369 3363
f 3371 3370 3365
f 3365 3356 3371
f 3367 3368 3372
f 3372 3373 3367
f 3368 3369 3374
f 3374 3372 3368
f 3369 3370 3375
f 3375 3374 3369
f 3376 3375 3370
f 3370 3371 3376
f 3373 3372 3377
f 3377 3378 3373
f 3379 3377 3372
f 3372 3380 3379
f 3372 3374 3380
f 3381 3379 3380
f 3375 3380 3374
f 3380 3375 3381
f 3382 3381 3375
f 3375 3383 3382
f 3375 3376 3383
f 3384 3385 3386
f 3387 3386 3385
f 3388 3389 3384
f 3385 3384 3389
f 3390 3391 3388
f 3389 3388 3391
f 3385 3392 3387
f 3393 3387 3392
f 3389 3394 3385
f 3392 3385 3394
f 3390 3395 3391
f 3389 3391 3395
f 3392 3396 3393
f 3397 3393 3396
f 3394 3398 3392
f 3396 3392 3398
f 3395 3399 3389
f 3394 3389 3399
f 3398 3400 3396
f 3397 3396 3400
f 3394 3401 3398
f 3400 3398 3401
f 3399 3402 3394
f 3401 3394 3402
f 3397 3403 3404
f 3405 3404 3403
f 3403 3406 3405
f 3403 3397 3407
f 3400 3407 3397
f 3406 3403 3408
f 3407 3408 3403
f 3408 3409 3406
f 3409 3408 3410
f 3407 3410 3408
f 3410 3407 3411
f 3400 3411 3407
f 3409 3410 3412
f 3411 3412 3410
f 3412 3413 3409
f 3413 3412 3414
f 3414 3415 3413
f 3412 3411 3416
f 3416 3414 3412
f 3411 3400 3417
f 3417 3416 3411
f 3418 3417 3400
f 3400 3401 3418
f 3414 3419 3415
f 3416 3417 3420
f 3421 3420 3417
f 3417 3418 3421
f 3419 3414 3422
f 3422 3423 3419
f 3423 3422 3424
f 3424 3425 3423
f 3426 3424 3422
f 3416 3422 3414
f 3422 3416 3426
f 3427 3426 3416
f 3416 3428 3427
f 3416 3420 3428
f 3429 3427 3428
f 3430 3428 3420
f 3428 3430 3429
f 3420 3421 3430
f 3431 3432 3433
f 3434 3433 3432
f 3435 3436 3437
f 3431 3437 3436
f 3432 3438 3434
f 3439 3434 3438
f 3431 3440 3432
f 3438 3432 3440
f 3436 3441 3431
f 3440 3431 3441
f 3435 3442 3436
f 3441 3436 3442
f 3438 3443 3439
f 3444 3439 3443
f 3443 3445 3444
f 3446 3444 3445
f 3440 3447 3438
f 3443 3438 3447
f 3441 3448 3440
f 3447 3440 3448
f 3445 3449 3446
f 3450 3446 3449
f 3449 3451 3450
f 3449 3445 3452
f 3443 3452 3445
f 3451 3449 3453
f 3452 3453 3449
f 3453 3454 3451
f 3452 3443 3455
f 3447 3455 3443
f 3453 3452 3456
f 3455 3456 3452
f 3453 3457 3454
f 3455 3447 3458
f 3448 3458 3447
f 3456 3455 3459
f 3458 3459 3455
f 3453 3456 3460
f 3459 3460 3456
f 3457 3453 3461
f 3460 3461 3453
f 3461 3462 3457
f 3462 3461 3463
f 3461 3460 3464
f 3464 3463 3461
f 3459 3464 3460
f 3459 3458 3465
f 3462 3463 3466
f 3466 3467 3462
f 3463 3464 3468
f 3468 3466 3463
f 3464 3459 3469
f 3469 3468 3464
f 3470 3469 3459
f 3459 3465 3470
f 3467 3466 3471
f 3471 3472 3467
f 3472 3471 3473
f 3473 3474 3472
f 3475 3473 3471
f 3476 3471 3466
f 3471 3476 3475
f 3466 3468 3476
f 3477 3475 3476
f 3478 3476 3468
f 3476 3478 3477
f 3468 3469 3478
f 3479 3477 3478
f 3480 3478 3469
f 3478 3480 3479
f 3469 3470 3480
f 3481 3482 3483
f 3484 3483 3482
f 3485 3486 3487
f 3488 3487 3486
f 3482 3489 3484
f 3490 3484 3489
f 3481 3491 3482
f 3489 3482 3491
f 3486 3492 3488
f 3481 3488 3492
f 3489 3493 3490
f 3494 3490 3493
f 3491 3495 3489
f 3493 3489 3495
f 3481 3496 3491
f 3495 3491 3496
f 3493 3497 3494
f 3498 3494 3497
f 3497 3499 3498
f 3500 3498 3499
f 3499 3501 3500
f 3499 3502 3501
f 3499 3497 3503
f 3493 3503 3497
f 3502 3499 3504
f 3503 3504 3499
f 3503 3493 3505
f 3495 3505 3493
f 3504 3503 3506
f 3505 3506 3503
f 3502 3504 3507
f 3506 3507 3504
f 3502 3507 3508
f 3508 3509 3502
f 3507 3506 3510
f 3510 3508 3507
f 3506 3505 3511
f 3511 3510 3506
f 3512 3511 3505
f 3505 3495 3512
f 3509 3508 3513
f 3513 3514 3509
f 3510 3513 3508
f 3510 3511 3515
f 3516 3515 3511
f 3511 3512 3516
f 3514 3513 3517
f 3517 3518 3514
f 3518 3517 3519
f 3519 3520 3518
f 3521 3519 3517
f 3522 3517 3513
f 3517 3522 3521
f 3513 3510 3522
f 3523 3521 3522
f 3524 3522 3510
f 3522 3524 3523
f 3510 3515 3524
f 3525 3523 3524
f 3526 3524 3515
f 3524 3526 3525
f 3515 3516 3526
f 3527 3528 3529
f 3530 3529 3528
f 3531 3532 3533
f 3534 3533 3532
f 3535 3536 3531
f 3532 3531 3536
f 3528 3537 3530
f 3535 3530 3537
f 3532 3538 3534
f 3539 3534 3538
f 3536 3540 3532
f 3538 3532 3540
f 3538 3541 3539
f 3542 3539 3541
f 3540 3543 3538
f 3541 3538 3543
f 3536 3544 3540
f 3543 3540 3544
f 3541 3545 3542
f 3546 3542 3545
f 3543 3547 3541
f 3545 3541 3547
f 3544 3548 3543
f 3547 3543 3548
f 3536 3549 3544
f 3548 3544 3549
f 3545 3550 3546
f 3551 3546 3550
f 3550 3552 3551
f 3550 3545 3553
f 3547 3553 3545
f 3550 3554 3552
f 3553 3547 3555
f 3548 3555 3547
f 3550 3556 3554
f 3553 3555 3557
f 3548 3557 3555
f 3550 3553 3558
f 3557 3558 3553
f 3550 3559 3556
f 3559 3550 3560
f 3550 3558 3561
f 3561 3560 3550
f 3558 3557 3562
f 3562 3561 3558
f 3563 3562 3557
f 3557 3548 3563
f 3559 3560 3564
f 3564 3565 3559
f 3561 3564 3560
f 3561 3562 3566
f 3563 3566 3562
f 3565 3564 3567
f 3565 3567 3568
f 3568 3569 3565
f 3570 3568 3567
f 3571 3567 3564
f 3567 3571 3570
f 3564 3561 3571
f 3572 3570 3571
f 3573 3571 3561
f 3571 3573 3572
f 3561 3566 3573
f 3574 3572 3573
f 3575 3573 3566
f 3573 3575 3574
f 3566 3563 3575
f 3576 3577 3578
f 3578 3579 3576
f 3578 3577 3580
f 3580 3581 3578
f 3582 3583 3584
f 3584 3585 3582
f 3584 3583 3586
f 3586 3587 3584
f 3588 3589 3590
f 3590 3591 3588
f 3590 3589 3592
f 3592 3593 3590
f 3594 3595 3596
f 3596 3597 3594
f 3596 3595 3598
f 3598 3599 3596
f 3600 3601 3602
f 3602 3603 3600
f 3602 3601 3604
f 3604 3605 3602
f 3606 3607 3608
f 3608 3609 3606
f 3608 3607 3610
f 3610 3611 3608
f 3612 3613 3614
f 3614 3615 3612
f 3614 3613 3616
f 3616 3617 3614
f 3618 3619 3620
f 3620 3621 3618
f 3620 3619 3622
f 3622 3623 3620
f 3624 3625 3626
f 3626 3627 3624
f 3626 3625 3628
f 3628 3629 3626
f 3630 3631 3632
f 3632 3633 3630
f 3632 3631 3634
f 3634 3635 3632
f 3636 3637 3638
f 3638 3639 3636
f 3638 3637 3640
f 3640 3641 3638
f 3642 3643 3644
f 3644 3645 3642
f 3644 3643 3646
f 3646 3647 3644
f 3648 3649 3650
f 3650 3651 3648
f 3650 3649 3652
f 3652 3653 3650
f 3654 3655 3656
f 3656 3657 3654
f 3656 3655 3658
f 3658 3659 3656
f 3660 3661 3662
f 3662 3663 3660
f 3662 3661 3664
f 3664 3665 3662
f 3666 3667 3668
f 3668 3669 3666
f 3668 3667 3670
f 3670 3671 3668
f 3672 3673 3674
f 3674 3675 3672
f 3674 3673 3676
f 3676 3677 3674
f 3678 3679 3680
f 3680 3681 3678
f 3680 3679 3682
f 3682 3683 3680
f 3684 3685 3686
f 3686 3687 3684
f 3686 3685 3688
f 3688 3689 3686
f 3690 3691 3692
f 3692 3693 3690
f 3692 3691 3694
f 3694 3695 3692
f 3696 3697 3698
f 3698 3699 3696
f 3698 3697 3700
f 3700 3701 3698
f 3702 3703 3704
f 3704 3705 3702
f 3704 3703 3706
f 3706 3707 3704
f 3708 3709 3710
f 3710 3711 3708
f 3710 3709 3712
f 3712 3713 3710
f 3714 3715 3716
f 3716 3717 3714
f 3716 3715 3718
f 3718 3719 3716
f 3720 3721 3722
f 3722 3723 3720
f 3722 3721 3724
f 3724 3725 3722
f 3726 3727 3728
f 3728 3729 3726
f 3728 3727 3730
f 3730 3731 3728
f 3732 3733 3734
f 3734 3735 3732
f 3734 3733 3736
f 3736 3737 3734
f 3738 3739 3740
f 3740 3741 3738
f 3740 3739 3742
f 3742 3743 3740
f 3744 3745 3746
f 3746 3747 3744
f 3746 3745 3748
f 3748 3749 3746
f 3750 3751 3752
f 3752 3753 3750
f 3752 3751 3754
f 3754 3755 3752
f 3756 3757 3758
f 3758 3759 3756
f 3758 3757 3760
f 3760 3761 3758
f 3762 3763 3764
f 3764 3765 3762
f 3764 3763 3766
f 3766 3767 3764
f 3768 3769 3770
f 3770 3771 3768
f 3770 3769 3772
f 3772 3773 3770
f 3774 3775 3776
f 3776 3777 3774
f 3776 3775 3778
f 3778 3779 3776
f 3780 3781 3782
f 3782 3783 3780
f 3782 3781 3784
f 3784 3785 3782
f 3786 3787 3788
f 3788 3789 3786
f 3788 3787 3790
f 3790 3791 3788
f 3792 3793 3794
f 3794 3795 3792
f 3794 3793 3796
f 3796 3797 3794
f 3798 3799 3800
f 3800 3801 3798
f 3800 3799 3802
f 3802 3803 3800
f 3804 3805 3806
f 3806 3807 3804
f 3806 3805 3808
f 3808 3809 3806
f 3810 3811 3812
f 3812 3813 3810
f 3812 3811 3814
f 3814 3815 3812
f 3816 3817 3818
f 3818 3819 3816
f 3818 3817 3820
f 3820 3821 3818
f 3822 3823 3824
f 3824 3825 3822
f 3824 3823 3826
f 3826 3827 3824
f 3828 3829 3830
f 3830 3831 3828
f 3830 3829 3832
f 3832 3833 3830
f 3834 3835 3836
f 3836 3837 3834
f 3836 3835 3838
f 3838 3839 3836
f 3840 3841 3842
f 3842 3843 3840
f 3842 3841 3844
f 3844 3845 3842
f 3846 3847 3848
f 3848 3849 3846
f 3848 3847 3850
f 3850 3851 3848
f 3852 3853 3854
f 3854 3855 3852
f 3854 3853 3856
f 3856 3857 3854
f 3858 3859 3860
f 3860 3861 3858
f 3860 3859 3862
f 3862 3863 3860
f 3864 3865 3866
f 3866 3867 3864
f 3866 3865 3868
f 3868 3869 3866
f 3870 3871 3872
f 3872 3873 3870
f 3872 3871 3874
f 3874 3875 3872
f 3876 3877 3878
f 3878 3879 3876
f 3878 3877 3880
f 3880 3881 3878
f 3882 3883 3884
f 3884 3885 3882
f 3884 3883 3886
f 3886 3887 3884
f 3888 3889 3890
f 3890 3891 3888
f 3890 3889 3892
f 3892 3893 3890
f 3894 3895 3896
f 3896 3897 3894
f 3896 3895 3898
f 3898 3899 3896
f 3900 3901 3902
f 3902 3903 3900
f 3902 3901 3904
f 3904 3905 3902
f 3906 3907 3908
f 3909 3908 3907
f 3907 3910 3909
f 3908 3911 3906
f 3912 3906 3911
f 3911 3913 3912
f 3914 3909 3910
f 3910 3915 3914
f 3913 3911 3916
f 3916 3917 3913
f 3911 3908 3918
f 3918 3916 3911
f 3908 3909 3919
f 3919 3918 3908
f 3920 3919 3909
f 3909 3914 3920
f 3917 3916 3921
f 3918 3921 3916
f 3918 3919 3922
f 3920 3922 3919
f 3917 3921 3923
f 3923 3924 3917
f 3921 3918 3925
f 3925 3923 3921
f 3918 3922 3926
f 3926 3925 3918
f 3927 3926 3922
f 3922 3920 3927
f 3924 3923 3928
f 3923 3925 3929
f 3929 3928 3923
f 3925 3926 3930
f 3930 3929 3925
f 3931 3930 3926
f 3926 3927 3931
f 3924 3928 3932
f 3928 3929 3933
f 3933 3932 3928
f 3929 3930 3934
f 3934 3933 3929
f 3931 3934 3930
f 3924 3932 3935
f 3935 3936 3924
f 3936 3935 3937
f 3937 3938 3936
f 3939 3937 3935
f 3933 3935 3932
f 3935 3933 3939
f 3940 3939 3933
f 3933 3934 3940
f 3941 3940 3934
f 3934 3942 3941
f 3934 3931 3942
f 3943 3941 3942
f 3942 3944 3943
f 3944 3942 3931
f 3945 3943 3944
f 3944 3946 3945
f 3947 3945 3946
f 3931 3948 3944
f 3948 3931 3927
f 3944 3949 3946
f 3949 3944 3948
f 3946 3950 3947
f 3950 3946 3949
f 3951 3947 3950
f 3927 3952 3948
f 3952 3927 3920
f 3949 3948 3952
f 3949 3953 3950
f 3950 3954 3951
f 3954 3950 3953
f 3955 3951 3954
f 3954 3956 3955
f 3957 3955 3956
f 3956 3954 3958
f 3953 3958 3954
f 3956 3959 3957
f 3949 3960 3953
f 3958 3953 3960
f 3961 3957 3959
f 3958 3962 3956
f 3959 3956 3962
f 3958 3960 3963
f 3949 3963 3960
f 3959 3964 3961
f 3965 3961 3964
f 3962 3966 3959
f 3964 3959 3966
f 3963 3967 3958
f 3962 3958 3967
f 3964 3341 3965
f 3343 3965 3341
f 3966 3345 3964
f 3341 3964 3345
f 3962 3968 3966
f 3345 3966 3968
f 3969 3970 3971
f 3972 3971 3970
f 3970 3973 3972
f 3971 3974 3969
f 3975 3969 3974
f 3974 3976 3975
f 3977 3972 3973
f 3973 3978 3977
f 3974 3979 3976
f 3974 3971 3980
f 3971 3972 3981
f 3981 3980 3971
f 3982 3981 3972
f 3972 3977 3982
f 3979 3974 3983
f 3983 3984 3979
f 3974 3980 3985
f 3985 3983 3974
f 3980 3981 3986
f 3986 3985 3980
f 3987 3986 3981
f 3981 3982 3987
f 3984 3983 3988
f 3988 3989 3984
f 3983 3985 3990
f 3990 3988 3983
f 3985 3986 3991
f 3991 3990 3985
f 3992 3991 3986
f 3986 3987 3992
f 3989 3988 3993
f 3993 3994 3989
f 3988 3990 3995
f 3995 3993 3988
f 3990 3991 3996
f 3996 3995 3990
f 3997 3996 3991
f 3991 3992 3997
f 3994 3993 3998
f 3998 3999 3994
f 3993 3995 4000
f 4000 3998 3993
f 3995 3996 4001
f 4001 4000 3995
f 4002 4001 3996
f 3996 3997 4002
f 3999 3998 4003
f 4003 4004 3999
f 4005 4003 3998
f 3998 4000 4005
f 4001 4005 4000
f 4005 4001 4006
f 4007 4006 4001
f 4001 4002 4007
f 4008 4007 4002
f 4002 4009 4008
f 4010 4008 4009
f 4002 4011 4009
f 4009 4012 4010
f 4012 4009 4011
f 4011 4002 3997
f 4013 4010 4012
f 3997 4014 4011
f 4014 3997 3992
f 4012 4011 4014
f 4012 4015 4013
f 4016 4013 4015
f 3992 4017 4014
f 4017 3992 3987
f 4014 4018 4012
f 4018 4014 4017
f 4012 4019 4015
f 4019 4012 4018
f 4015 4020 4016
f 4020 4015 4019
f 4021 4016 4020
f 3987 4022 4017
f 4022 3987 3982
f 4017 4023 4018
f 4023 4017 4022
f 4020 4024 4021
f 4025 4021 4024
f 4024 4020 4026
f 4019 4026 4020
f 4024 4027 4025
f 4018 4028 4019
f 4028 4018 4023
f 4026 4019 4028
f 4029 4025 4027
f 4028 4030 4026
f 4024 4026 4030
f 4030 4031 4024
f 4027 4024 4031
f 4029 3384 4032
f 3386 4032 3384
f 4027 3388 4029
f 3384 4029 3388
f 4031 3390 4027
f 3388 4027 3390
f 4033 4034 4035
f 4036 4035 4034
f 4034 4037 4036
f 4035 4038 4033
f 4039 4033 4038
f 4038 4040 4039
f 4041 4036 4037
f 4037 4042 4041
f 4038 4043 4040
f 4035 4036 4044
f 4045 4044 4036
f 4036 4041 4045
f 4043 4038 4046
f 4046 4047 4043
f 4038 4035 4048
f 4048 4046 4038
f 4035 4044 4049
f 4049 4048 4035
f 4050 4049 4044
f 4044 4045 4050
f 4047 4046 4051
f 4046 4048 4052
f 4052 4051 4046
f 4049 4052 4048
f 4049 4050 4053
f 4047 4051 4054
f 4054 4055 4047
f 4051 4052 4056
f 4056 4054 4051
f 4052 4049 4057
f 4057 4056 4052
f 4058 4057 4049
f 4049 4053 4058
f 4055 4054 4059
f 4059 4060 4055
f 4054 4056 4061
f 4061 4059 4054
f 4057 4061 4056
f 4057 4058 4062
f 4060 4059 4063
f 4060 4063 4064
f 4064 4065 4060
f 4066 4064 4063
f 4067 4063 4059
f 4063 4067 4066
f 4059 4061 4067
f 4068 4066 4067
f 4068 4067 4061
f 4061 4057 4068
f 4069 4068 4057
f 4068 4069 4070
f 4057 4062 4069
f 4071 4070 4069
f 4069 4072 4071
f 4072 4069 4062
f 4073 4071 4072
f 4062 4074 4072
f 4072 4075 4073
f 4075 4072 4074
f 4074 4062 4058
f 4076 4073 4075
f 4058 4077 4074
f 4077 4058 4053
f 4074 4078 4075
f 4078 4074 4077
f 4075 4079 4076
f 4079 4075 4078
f 4080 4076 4079
f 4077 4053 4050
f 4078 4081 4079
f 4079 4082 4080
f 4082 4079 4081
f 4083 4080 4082
f 4050 4084 4077
f 4084 4050 4045
f 4078 4077 4084
f 4082 4085 4083
f 4086 4083 4085
f 4085 4082 4087
f 4081 4087 4082
f 4085 4088 4086
f 4078 4089 4081
f 4087 4081 4089
f 4090 4086 4088
f 4087 4091 4085
f 4088 4085 4091
f 4087 4089 4092
f 4078 4092 4089
f 4088 4093 4090
f 4094 4090 4093
f 4087 4095 4091
f 4088 4091 4095
f 4093 3431 4094
f 3433 4094 3431
f 4088 3437 4093
f 3431 4093 3437
f 4095 3435 4088
f 3437 4088 3435
f 4096 4097 4098
f 4099 4098 4097
f 4097 4100 4099
f 4098 4101 4096
f 4102 4096 4101
f 4101 4103 4102
f 4104 4099 4100
f 4100 4105 4104
f 4103 4101 4106
f 4106 4107 4103
f 4101 4098 4108
f 4108 4106 4101
f 4099 4108 4098
f 4107 4106 4109
f 4106 4108 4110
f 4110 4109 4106
f 4108 4099 4111
f 4111 4110 4108
f 4112 4111 4099
f 4099 4104 4112
f 4107 4109 4113
f 4113 4114 4107
f 4109 4110 4115
f 4115 4113 4109
f 4111 4115 4110
f 4111 4112 4116
f 4114 4113 4117
f 4113 4115 4118
f 4118 4117 4113
f 4115 4111 4119
f 4119 4118 4115
f 4120 4119 4111
f 4111 4116 4120
f 4114 4117 4121
f 4117 4118 4122
f 4122 4121 4117
f 4118 4119 4123
f 4123 4122 4118
f 4124 4123 4119
f 4119 4120 4124
f 4114 4121 4125
f 4114 4125 4126
f 4126 4127 4114
f 4128 4126 4125
f 4129 4125 4121
f 4125 4129 4128
f 4121 4122 4129
f 4130 4128 4129
f 4131 4129 4122
f 4129 4131 4130
f 4122 4123 4131
f 4132 4130 4131
f 4133 4131 4123
f 4131 4133 4132
f 4123 4124 4133
f 4134 4132 4133
f 4133 4135 4134
f 4135 4133 4124
f 4136 4134 4135
f 4135 4137 4136
f 4135 4124 4120
f 4138 4136 4137
f 4120 4139 4135
f 4139 4120 4116
f 4135 4140 4137
f 4140 4135 4139
f 4137 4141 4138
f 4141 4137 4140
f 4142 4138 4141
f 4116 4143 4139
f 4143 4116 4112
f 4140 4139 4143
f 4141 4144 4142
f 4145 4142 4144
f 4143 4112 4104
f 4144 4146 4145
f 4147 4145 4146
f 4146 4144 4148
f 4141 4148 4144
f 4146 4149 4147
f 4140 4150 4141
f 4148 4141 4150
f 4151 4147 4149
f 4150 4152 4148
f 4146 4148 4152
f 4152 4150 4153
f 4140 4153 4150
f 4146 4154 4149
f 4151 4149 4154
f 4152 3485 4146
f 4154 4146 3485
f 4153 4155 4152
f 3485 4152 4155
f 4151 3481 4156
f 3483 4156 3481
f 4154 3488 4151
f 3481 4151 3488
f 3485 3487 4154
f 3488 4154 3487
f 4157 4158 4159
f 4160 4159 4158
f 4158 4161 4160
f 4159 4162 4157
f 4163 4157 4162
f 4162 4164 4163
f 4165 4160 4161
f 4161 4166 4165
f 4164 4162 4167
f 4159 4167 4162
f 4159 4160 4168
f 4169 4168 4160
f 4160 4165 4169
f 4164 4167 4170
f 4167 4159 4171
f 4171 4170 4167
f 4168 4171 4159
f 4170 4171 4172
f 4171 4168 4173
f 4173 4172 4171
f 4174 4173 4168
f 4168 4169 4174
f 4164 4170 4175
f 4175 4176 4164
f 4170 4172 4177
f 4177 4175 4170
f 4173 4177 4172
f 4176 4175 4178
f 4175 4177 4179
f 4179 4178 4175
f 4177 4173 4180
f 4180 4179 4177
f 4174 4180 4173
f 4176 4178 4181
f 4181 4182 4176
f 4182 4181 4183
f 4183 4184 4182
f 4185 4183 4181
f 4186 4181 4178
f 4181 4186 4185
f 4178 4179 4186
f 4187 4185 4186
f 4188 4186 4179
f 4186 4188 4187
f 4179 4180 4188
f 4189 4187 4188
f 4190 4188 4180
f 4188 4190 4189
f 4180 4174 4190
f 4191 4189 4190
f 4190 4192 4191
f 4192 4190 4174
f 4193 4191 4192
f 4174 4194 4192
f 4192 4195 4193
f 4195 4192 4194
f 4196 4193 4195
f 4174 4197 4194
f 4194 4198 4195
f 4198 4194 4197
f 4195 4199 4196
f 4199 4195 4198
f 4200 4196 4199
f 4197 4174 4169
f 4198 4201 4199
f 4199 4202 4200
f 4202 4199 4201
f 4203 4200 4202
f 4169 4204 4197
f 4198 4197 4204
f 4202 4205 4203
f 4206 4203 4205
f 4205 4202 4207
f 4201 4207 4202
f 4205 4208 4206
f 4209 4206 4208
f 4207 4210 4205
f 4208 4205 4210
f 4201 3527 4207
f 4210 4207 3527
f 4208 4211 4209
f 4212 4209 4211
f 4210 3530 4208
f 4211 4208 3530
f 3527 3529 4210
f 3530 4210 3529
f 4211 3531 4212
f 3533 4212 3531
f 3530 3535 4211
f 3531 4211 3535
f 4213 3382 3383
f 3383 4214 4213
f 4214 3383 3376
f 4215 4213 4214
f 3376 4216 4214
f 4214 4217 4215
f 4217 4214 4216
f 4216 3376 3371
f 4218 4215 4217
f 3371 4219 4216
f 4219 3371 3356
f 3356 3357 4219
f 4220 4216 4219
f 4216 4220 4217
f 4220 4219 3357
f 3357 3346 4220
f 4217 4221 4218
f 4221 4217 4220
f 4222 4218 4221
f 4223 4220 3346
f 4220 4224 4221
f 4220 4223 4224
f 3346 3345 4223
f 4221 4225 4222
f 4225 4221 4224
f 4226 4222 4225
f 4227 4223 3345
f 4228 4224 4223
f 4224 4228 4225
f 4223 4227 4228
f 3345 3968 4227
f 4225 4229 4226
f 4229 4225 4228
f 4230 4226 4229
f 4231 4227 3968
f 4232 4228 4227
f 4228 4232 4229
f 4227 4231 4232
f 3968 3962 4231
f 4229 4233 4230
f 4233 4229 4232
f 4234 4230 4233
f 3967 4231 3962
f 4235 4232 4231
f 4232 4235 4233
f 4231 3967 4235
f 4233 4236 4234
f 4236 4233 4235
f 4237 4234 4236
f 4238 4235 3967
f 4235 4238 4236
f 3967 3963 4238
f 4236 4239 4237
f 4239 4236 4238
f 4240 4237 4239
f 3963 3949 4241
f 3952 4241 3949
f 4242 4238 3963
f 4238 4242 4239
f 3963 4241 4242
f 4239 4243 4240
f 4243 4239 4242
f 3915 4240 4243
f 4243 3914 3915
f 4241 3952 4244
f 4244 4242 4241
f 4242 4244 4243
f 3914 4243 4244
f 3920 4244 3952
f 4244 3920 3914
f 4245 3429 3430
f 3430 4246 4245
f 4246 3430 3421
f 4247 4245 4246
f 3421 4248 4246
f 4246 4249 4247
f 4249 4246 4248
f 4248 3421 3418
f 4250 4247 4249
f 3418 3402 4248
f 3402 3418 3401
f 4251 4248 3402
f 4248 4251 4249
f 3402 3399 4251
f 4250 4249 4251
f 3395 4251 3399
f 4251 3395 4250
f 4250 4252 4253
f 4252 4250 3395
f 4254 4253 4252
f 3395 4255 4252
f 3395 4256 4255
f 3395 3390 4256
f 4252 4257 4254
f 4257 4252 4255
f 4258 4254 4257
f 4259 4256 3390
f 4260 4255 4256
f 4255 4260 4257
f 4256 4259 4260
f 3390 4031 4259
f 4257 4261 4258
f 4261 4257 4260
f 4262 4258 4261
f 4263 4259 4031
f 4261 4260 4259
f 4259 4263 4261
f 4031 4030 4263
f 4261 4264 4262
f 4265 4262 4264
f 4266 4263 4030
f 4267 4261 4263
f 4261 4267 4264
f 4263 4266 4267
f 4030 4028 4266
f 4264 4268 4265
f 4268 4264 4267
f 4269 4265 4268
f 4270 4266 4028
f 4028 4023 4270
f 4022 4270 4023
f 4271 4267 4266
f 4267 4271 4268
f 4266 4270 4271
f 4268 4272 4269
f 4272 4268 4271
f 3978 4269 4272
f 4272 3977 3978
f 4022 4271 4270
f 4271 4022 4272
f 3977 4272 4022
f 4022 3982 3977
f 4273 3479 3480
f 3480 4274 4273
f 4274 3480 3470
f 4275 4273 4274
f 4274 4276 4275
f 4274 3470 3465
f 4277 4275 4276
f 4274 3465 3458
f 3458 3448 4274
f 4274 4278 4276
f 4278 4274 3448
f 3448 3441 4278
f 4277 4276 4278
f 4279 4278 3441
f 4278 4280 4277
f 4278 4279 4280
f 3441 3442 4279
f 4277 4281 4282
f 4281 4277 4280
f 4283 4282 4281
f 4284 4279 3442
f 4285 4280 4279
f 4280 4285 4281
f 4279 4284 4285
f 3442 3435 4284
f 4281 4286 4283
f 4286 4281 4285
f 4287 4283 4286
f 4288 4284 3435
f 4289 4285 4284
f 4285 4289 4286
f 4284 4288 4289
f 3435 4095 4288
f 4286 4290 4287
f 4290 4286 4289
f 4291 4287 4290
f 4292 4288 4095
f 4293 4289 4288
f 4289 4293 4290
f 4288 4292 4293
f 4095 4087 4292
f 4290 4294 4291
f 4294 4290 4293
f 4295 4291 4294
f 4092 4292 4087
f 4294 4293 4292
f 4292 4092 4294
f 4294 4296 4295
f 4297 4295 4296
f 4092 4078 4298
f 4084 4298 4078
f 4298 4294 4092
f 4294 4298 4296
f 4296 4299 4297
f 4299 4296 4298
f 4042 4297 4299
f 4299 4041 4042
f 4298 4084 4300
f 4298 4300 4299
f 4041 4299 4300
f 4045 4300 4084
f 4300 4045 4041
f 4301 3525 3526
f 3526 4302 4301
f 4302 3526 3516
f 4303 4301 4302
f 3516 4304 4302
f 4302 4305 4303
f 4305 4302 4304
f 4304 3516 3512
f 4306 4303 4305
f 4304 3512 3495
f 3495 3496 4304
f 4304 4307 4305
f 4307 4304 3496
f 3496 3481 4307
f 4305 4308 4306
f 4308 4305 4307
f 4309 4306 4308
f 3492 4307 3481
f 4307 4310 4308
f 4307 3492 4310
f 4308 4311 4309
f 4311 4308 4310
f 4312 4309 4311
f 4311 4310 3492
f 3492 3486 4311
f 4313 4311 3486
f 4311 4313 4312
f 3486 4314 4313
f 3486 3485 4314
f 4312 4315 4316
f 4315 4312 4313
f 4317 4316 4315
f 4155 4314 3485
f 4315 4313 4314
f 4314 4155 4315
f 4315 4318 4317
f 4319 4317 4318
f 4320 4315 4155
f 4315 4320 4318
f 4155 4153 4320
f 4318 4321 4319
f 4321 4318 4320
f 4322 4319 4321
f 4153 4140 4323
f 4143 4323 4140
f 4323 4320 4153
f 4320 4323 4321
f 4321 4324 4322
f 4324 4321 4323
f 4105 4322 4324
f 4324 4104 4105
f 4323 4143 4324
f 4104 4324 4143
f 4325 3574 3575
f 3575 4326 4325
f 4326 3575 3563
f 4327 4325 4326
f 3563 3549 4326
f 4326 4328 4327
f 4328 4326 3549
f 4329 4327 4328
f 3549 3563 3548
f 3549 4330 4328
f 3549 3536 4330
f 4328 4331 4329
f 4331 4328 4330
f 4332 4329 4331
f 4333 4330 3536
f 4330 4334 4331
f 4330 4333 4334
f 3536 3535 4333
f 4331 4335 4332
f 4335 4331 4334
f 4336 4332 4335
f 3537 4333 3535
f 4337 4334 4333
f 4334 4337 4335
f 4333 3537 4337
f 4335 4338 4336
f 4338 4335 4337
f 4339 4336 4338
f 4340 4337 3537
f 4337 4340 4338
f 3537 3528 4340
f 4338 4341 4339
f 4341 4338 4340
f 4342 4339 4341
f 4343 4340 3528
f 4340 4343 4341
f 3528 3527 4343
f 4341 4344 4342
f 4344 4341 4343
f 4345 4342 4344
f 4346 4343 3527
f 4343 4347 4344
f 4343 4346 4347
f 3527 4201 4346
f 4344 4348 4345
f 4348 4344 4347
f 4349 4345 4348
f 4350 4346 4201
f 4201 4198 4350
f 4204 4350 4198
f 4351 4347 4346
f 4347 4351 4348
f 4346 4350 4351
f 4348 4352 4349
f 4352 4348 4351
f 4166 4349 4352
f 4352 4165 4166
f 4350 4204 4353
f 4353 4351 4350
f 4351 4353 4352
f 4165 4352 4353
f 4169 4353 4204
f 4353 4169 4165
f 4354 4355 4356
f 4357 4356 4355
f 4355 4358 4357
f 4356 4359 4354
f 4360 4354 4359
f 4359 4361 4360
f 4362 4360 4361
f 4361 4363 4362
f 4364 4362 4363
f 4363 4365 4364
f 4366 4364 4365
f 4365 4367 4366
f 4368 4366 4367
f 4367 4369 4368
f 4370 4368 4369
f 4369 4371 4370
f 4372 4370 4371
f 4371 4373 4372
f 4374 4372 4373
f 4373 4375 4374
f 4376 4374 4375
f 4375 4377 4376
f 4378 4376 4377
f 4377 4379 4378
f 4380 4378 4379
f 4379 4381 4380
f 4382 4380 4381
f 4381 4383 4382
f 4384 4382 4383
f 4383 4385 4384
f 4386 4384 4385
f 4385 4387 4386
f 4388 4386 4387
f 4387 4389 4388
f 4390 4388 4389
f 4389 4391 4390
f 4392 4393 4394
f 4395 4394 4393
f 4393 4396 4395
f 4394 4397 4392
f 4398 4392 4397
f 4397 4399 4398
f 4400 4398 4399
f 4399 4401 4400
f 4402 4400 4401
f 4401 4403 4402
f 4404 4402 4403
f 4403 4405 4404
f 4406 4404 4405
f 4405 4407 4406
f 4408 4406 4407
f 4407 4409 4408
f 4410 4408 4409
f 4409 4411 4410
f 4412 4410 4411
f 4411 4413 4412
f 4414 4412 4413
f 4413 4415 4414
f 4416 4414 4415
f 4415 4417 4416
f 4418 4416 4417
f 4417 4419 4418
f 4420 4418 4419
f 4419 4421 4420
f 4422 4420 4421
f 4421 4423 4422
f 4424 4422 4423
f 4423 4425 4424
f 4426 4424 4425
f 4425 4427 4426
f 4428 4426 4427
f 4427 4429 4428
f 4430 4431 4432
f 4433 4432 4431
f 4431 4434 4433
f 4432 4435 4430
f 4436 4430 4435
f 4435 4437 4436
f 4438 4436 4437
f 4437 4439 4438
f 4440 4438 4439
f 4439 4441 4440
f 4442 4440 4441
f 4441 4443 4442
f 4444 4442 4443
f 4443 4445 4444
f 4446 4444 4445
f 4445 4447 4446
f 4448 4446 4447
f 4447 4449 4448
f 4450 4448 4449
f 4449 4451 4450
f 4452 4450 4451
f 4451 4453 4452
f 4454 4452 4453
f 4453 4455 4454
f 4456 4454 4455
f 4455 4457 4456
f 4458 4456 4457
f 4457 4459 4458
f 4460 4458 4459
f 4459 4461 4460
f 4462 4460 4461
f 4461 4463 4462
f 4464 4462 4463
f 4463 4465 4464
f 4466 4464 4465
f 4465 4467 4466
f 4468 4469 4470
f 4471 4470 4469
f 4469 4472 4471
f 4470 4473 4468
f 4474 4468 4473
f 4473 4475 4474
f 4476 4474 4475
f 4475 4477 4476
f 4478 4476 4477
f 4477 4479 4478
f 4480 4478 4479
f 4479 4481 4480
f 4482 4480 4481
f 4481 4483 4482
f 4484 4482 4483
f 4483 4485 4484
f 4486 4484 4485
f 4485 4487 4486
f 4488 4486 4487
f 4487 4489 4488
f 4490 4488 4489
f 4489 4491 4490
f 4492 4490 4491
f 4491 4493 4492
f 4494 4492 4493
f 4493 4495 4494
f 4496 4494 4495
f 4495 4497 4496
f 4498 4496 4497
f 4497 4499 4498
f 4500 4498 4499
f 4499 4501 4500
f 4502 4500 4501
f 4501 4503 4502
f 4504 4502 4503
f 4503 4505 4504
f 4506 4507 4508
f 4509 4508 4507
f 4507 4510 4509
f 4508 4511 4506
f 4512 4506 4511
f 4511 4513 4512
f 4514 4512 4513
f 4513 4515 4514
f 4516 4514 4515
f 4515 4517 4516
f 4518 4516 4517
f 4517 4519 4518
f 4520 4518 4519
f 4519 4521 4520
f 4522 4520 4521
f 4521 4523 4522
f 4524 4522 4523
f 4523 4525 4524
f 4526 4524 4525
f 4525 4527 4526
f 4528 4526 4527
f 4527 4529 4528
f 4530 4528 4529
f 4529 4531 4530
f 4532 4530 4531
f 4531 4533 4532
f 4534 4532 4533
f 4533 4535 4534
f 4536 4534 4535
f 4535 4537 4536
f 4538 4536 4537
f 4537 4539 4538
f 4540 4538 4539
f 4539 4541 4540
f 4542 4540 4541
f 4541 4543 4542
f 4544 4545 4546
f 4546 4547 4548
f 4547 4546 4545
f 4548 4549 4550
f 4549 4548 4547
f 4551 4550 4552
f 4552 4553 4551
f 4547 4554 4549
f 4554 4547 4545
f 4553 4552 4555
f 4550 4556 4552
f 4555 4552 4556
f 4556 4550 4549
f 4556 4557 4555
f 4558 4555 4557
f 4549 4559 4556
f 4557 4556 4559
f 4559 4549 4554
f 4557 4560 4558
f 4561 4558 4560
f 4559 4562 4557
f 4560 4557 4562
f 4554 4563 4559
f 4562 4559 4563
f 4563 4554 4564
f 4545 4564 4554
f 4564 4565 4563
f 4545 4565 4564
f 4563 4566 4562
f 4566 4563 4565
f 4562 4567 4560
f 4567 4562 4566
f 4568 4560 4567
f 4560 4568 4561
f 4565 4569 4566
f 4545 4569 4565
f 4566 4570 4567
f 4570 4566 4569
f 4567 4571 4568
f 4571 4567 4570
f 4572 4561 4568
f 4569 4573 4570
f 4545 4573 4569
f 4570 4574 4571
f 4574 4570 4573
f 4568 4575 4572
f 4576 4572 4575
f 4575 4568 4571
f 4575 4577 4576
f 4578 4576 4577
f 4571 4579 4575
f 4577 4575 4579
f 4579 4571 4574
f 4577 4580 4578
f 4581 4578 4580
f 4579 4582 4577
f 4580 4577 4582
f 4574 4583 4579
f 4582 4579 4583
f 4583 4574 4584
f 4573 4584 4574
f 4545 4584 4573
f 4584 4585 4583
f 4545 4585 4584
f 4583 4586 4582
f 4586 4583 4585
f 4582 4587 4580
f 4587 4582 4586
f 4588 4580 4587
f 4580 4588 4581
f 4585 4589 4586
f 4545 4589 4585
f 4586 4590 4587
f 4590 4586 4589
f 4587 4591 4588
f 4591 4587 4590
f 4592 4581 4588
f 4592 4593 4581
f 4589 4594 4590
f 4545 4594 4589
f 4590 4595 4591
f 4595 4590 4594
f 4545 4596 4594
f 4594 4596 4595
f 4593 4592 4597
f 4597 4598 4593
f 4598 4597 4599
f 4597 4592 4600
f 4588 4600 4592
f 4600 4588 4591
f 4599 4597 4601
f 4600 4601 4597
f 4591 4602 4600
f 4601 4600 4602
f 4602 4591 4595
f 4599 4601 4603
f 4602 4603 4601
f 4603 4604 4599
f 4595 4605 4602
f 4603 4602 4605
f 4605 4595 4596
f 4604 4603 4606
f 4605 4606 4603
f 4596 4607 4605
f 4606 4605 4607
f 4545 4607 4596
f 4545 4608 4607
f 4607 4608 4606
f 4545 4609 4608
f 4606 4610 4604
f 4610 4606 4608
f 4608 4609 4610
f 4611 4604 4610
f 4612 4610 4609
f 4610 4612 4611
f 4613 4614 4615
f 4616 4614 4613
f 4615 4617 4618
f 4617 4615 4614
f 4618 4619 4620
f 4619 4618 4617
f 4621 4620 4622
f 4622 4623 4621
f 4614 4624 4617
f 4616 4624 4614
f 4617 4625 4619
f 4625 4617 4624
f 4623 4622 4626
f 4626 4627 4623
f 4622 4620 4619
f 4627 4626 4628
f 4628 4629 4627
f 4622 4630 4626
f 4628 4626 4630
f 4619 4631 4622
f 4630 4622 4631
f 4631 4619 4625
f 4629 4628 4632
f 4632 4633 4629
f 4630 4634 4628
f 4632 4628 4634
f 4631 4635 4630
f 4634 4630 4635
f 4625 4636 4631
f 4635 4631 4636
f 4636 4625 4624
f 4624 4637 4636
f 4616 4637 4624
f 4636 4638 4635
f 4638 4636 4637
f 4635 4639 4634
f 4639 4635 4638
f 4632 4634 4639
f 4637 4640 4638
f 4616 4640 4637
f 4638 4641 4639
f 4641 4638 4640
f 4639 4642 4632
f 4642 4639 4641
f 4633 4632 4643
f 4640 4644 4641
f 4616 4644 4640
f 4641 4645 4642
f 4645 4641 4644
f 4646 4647 4643
f 4632 4648 4643
f 4646 4643 4648
f 4648 4632 4642
f 4647 4646 4649
f 4642 4650 4648
f 4646 4648 4650
f 4650 4642 4645
f 4651 4652 4649
f 4646 4653 4649
f 4651 4649 4653
f 4650 4654 4646
f 4653 4646 4654
f 4645 4655 4650
f 4654 4650 4655
f 4655 4645 4656
f 4644 4656 4645
f 4616 4656 4644
f 4656 4657 4655
f 4616 4657 4656
f 4655 4658 4654
f 4658 4655 4657
f 4654 4659 4653
f 4659 4654 4658
f 4651 4653 4659
f 4657 4660 4658
f 4616 4660 4657
f 4658 4661 4659
f 4661 4658 4660
f 4659 4662 4651
f 4662 4659 4661
f 4652 4651 4663
f 4663 4664 4652
f 4660 4665 4661
f 4616 4665 4660
f 4661 4666 4662
f 4666 4661 4665
f 4616 4667 4665
f 4665 4667 4666
f 4664 4663 4668
f 4668 4669 4664
f 4669 4668 4670
f 4668 4663 4671
f 4651 4671 4663
f 4671 4651 4662
f 4670 4668 4672
f 4671 4672 4668
f 4672 4673 4670
f 4662 4674 4671
f 4672 4671 4674
f 4674 4662 4666
f 4673 4672 4675
f 4674 4675 4672
f 4675 4676 4673
f 4666 4677 4674
f 4675 4674 4677
f 4677 4666 4667
f 4676 4675 4678
f 4677 4678 4675
f 4667 4679 4677
f 4678 4677 4679
f 4616 4679 4667
f 4616 4680 4679
f 4679 4680 4678
f 4616 4681 4680
f 4678 4682 4676
f 4682 4678 4680
f 4680 4681 4682
f 4683 4676 4682
f 4684 4682 4681
f 4682 4684 4683
f 4685 4686 4687
f 4688 4686 4685
f 4687 4689 4690
f 4689 4687 4686
f 4690 4691 4692
f 4691 4690 4689
f 4693 4694 4692
f 4695 4694 4693
f 4693 4696 4695
f 4686 4697 4689
f 4688 4697 4686
f 4689 4698 4691
f 4698 4689 4697
f 4696 4693 4699
f 4699 4700 4696
f 4692 4701 4693
f 4699 4693 4701
f 4701 4692 4691
f 4700 4699 4702
f 4702 4703 4700
f 4691 4704 4701
f 4699 4701 4704
f 4704 4691 4698
f 4703 4702 4705
f 4705 4706 4703
f 4704 4707 4699
f 4702 4699 4707
f 4698 4708 4704
f 4707 4704 4708
f 4708 4698 4709
f 4697 4709 4698
f 4688 4709 4697
f 4709 4710 4708
f 4688 4710 4709
f 4708 4711 4707
f 4711 4708 4710
f 4707 4712 4702
f 4712 4707 4711
f 4705 4702 4712
f 4710 4688 4711
f 4711 4713 4712
f 4713 4711 4688
f 4712 4714 4705
f 4714 4712 4713
f 4706 4705 4715
f 4715 4716 4706
f 4688 4717 4713
f 4713 4718 4714
f 4718 4713 4717
f 4716 4715 4719
f 4715 4705 4714
f 4720 4721 4719
f 4715 4722 4719
f 4720 4719 4722
f 4714 4723 4715
f 4722 4715 4723
f 4723 4714 4718
f 4721 4720 4724
f 4724 4725 4721
f 4723 4726 4722
f 4720 4722 4726
f 4718 4727 4723
f 4726 4723 4727
f 4727 4718 4717
f 4717 4728 4727
f 4688 4728 4717
f 4727 4729 4726
f 4729 4727 4728
f 4726 4730 4720
f 4730 4726 4729
f 4724 4720 4730
f 4729 4731 4730
f 4731 4729 4728
f 4730 4732 4724
f 4732 4730 4731
f 4725 4724 4733
f 4733 4734 4725
f 4728 4735 4731
f 4688 4735 4728
f 4731 4736 4732
f 4736 4731 4735
f 4688 4737 4735
f 4735 4737 4736
f 4734 4733 4738
f 4738 4739 4734
f 4739 4738 4740
f 4738 4733 4741
f 4724 4741 4733
f 4741 4724 4732
f 4740 4738 4742
f 4741 4742 4738
f 4742 4743 4740
f 4732 4744 4741
f 4742 4741 4744
f 4744 4732 4736
f 4743 4742 4745
f 4744 4745 4742
f 4745 4746 4743
f 4736 4747 4744
f 4745 4744 4747
f 4747 4736 4737
f 4746 4745 4748
f 4747 4748 4745
f 4737 4749 4747
f 4748 4747 4749
f 4688 4749 4737
f 4688 4750 4749
f 4749 4750 4748
f 4688 4751 4750
f 4748 4752 4746
f 4752 4748 4750
f 4750 4751 4752
f 4753 4746 4752
f 4754 4752 4751
f 4752 4754 4753
f 4755 4756 4757
f 4758 4756 4755
f 4757 4759 4760
f 4759 4757 4756
f 4760 4761 4762
f 4761 4760 4759
f 4763 4764 4762
f 4763 4765 4764
f 4756 4766 4759
f 4758 4766 4756
f 4759 4767 4761
f 4767 4759 4766
f 4765 4763 4768
f 4762 4769 4763
f 4768 4763 4769
f 4769 4762 4761
f 4770 4771 4768
f 4769 4772 4768
f 4770 4768 4772
f 4761 4773 4769
f 4772 4769 4773
f 4773 4761 4767
f 4771 4770 4774
f 4774 4775 4771
f 4772 4776 4770
f 4774 4770 4776
f 4773 4777 4772
f 4776 4772 4777
f 4767 4778 4773
f 4777 4773 4778
f 4778 4767 4779
f 4766 4779 4767
f 4758 4779 4766
f 4778 4780 4777
f 4780 4778 4779
f 4777 4781 4776
f 4781 4777 4780
f 4774 4776 4781
f 4779 4782 4780
f 4758 4782 4779
f 4780 4783 4781
f 4783 4780 4782
f 4781 4784 4774
f 4784 4781 4783
f 4775 4774 4785
f 4782 4786 4783
f 4758 4786 4782
f 4783 4787 4784
f 4787 4783 4786
f 4774 4788 4785
f 4789 4785 4788
f 4788 4774 4784
f 4788 4790 4789
f 4791 4789 4790
f 4784 4792 4788
f 4790 4788 4792
f 4792 4784 4787
f 4793 4794 4791
f 4790 4795 4791
f 4793 4791 4795
f 4792 4796 4790
f 4795 4790 4796
f 4787 4797 4792
f 4796 4792 4797
f 4797 4787 4798
f 4786 4798 4787
f 4758 4798 4786
f 4797 4799 4796
f 4799 4797 4798
f 4796 4800 4795
f 4800 4796 4799
f 4793 4795 4800
f 4798 4801 4799
f 4758 4801 4798
f 4799 4802 4800
f 4802 4799 4801
f 4800 4803 4793
f 4803 4800 4802
f 4794 4793 4804
f 4804 4805 4794
f 4801 4806 4802
f 4758 4806 4801
f 4802 4807 4803
f 4807 4802 4806
f 4758 4808 4806
f 4806 4808 4807
f 4805 4804 4809
f 4809 4810 4805
f 4810 4809 4811
f 4809 4804 4812
f 4793 4812 4804
f 4812 4793 4803
f 4811 4809 4813
f 4812 4813 4809
f 4803 4814 4812
f 4813 4812 4814
f 4814 4803 4807
f 4811 4813 4815
f 4814 4815 4813
f 4815 4816 4811
f 4807 4817 4814
f 4815 4814 4817
f 4817 4807 4808
f 4816 4815 4818
f 4817 4818 4815
f 4808 4819 4817
f 4818 4817 4819
f 4758 4819 4808
f 4758 4820 4819
f 4818 4821 4816
f 4821 4818 4819
f 4819 4820 4821
f 4822 4816 4821
f 4823 4821 4820
f 4821 4823 4822
f 4824 4825 4826
f 4827 4825 4824
f 4826 4828 4829
f 4828 4826 4825
f 4829 4830 4831
f 4830 4829 4828
f 4832 4831 4833
f 4833 4834 4832
f 4825 4835 4828
f 4827 4835 4825
f 4828 4836 4830
f 4836 4828 4835
f 4834 4833 4837
f 4833 4831 4830
f 4838 4839 4837
f 4833 4840 4837
f 4838 4837 4840
f 4830 4841 4833
f 4840 4833 4841
f 4841 4830 4836
f 4839 4838 4842
f 4842 4843 4839
f 4841 4844 4840
f 4838 4840 4844
f 4836 4845 4841
f 4844 4841 4845
f 4845 4836 4846
f 4835 4846 4836
f 4827 4846 4835
f 4846 4847 4845
f 4827 4847 4846
f 4845 4848 4844
f 4848 4845 4847
f 4844 4849 4838
f 4849 4844 4848
f 4842 4838 4849
f 4847 4850 4848
f 4827 4850 4847
f 4848 4851 4849
f 4851 4848 4850
f 4849 4852 4842
f 4852 4849 4851
f 4843 4842 4853
f 4853 4854 4843
f 4850 4855 4851
f 4827 4855 4850
f 4851 4856 4852
f 4856 4851 4855
f 4854 4853 4857
f 4857 4858 4854
f 4853 4842 4852
f 4858 4857 4859
f 4852 4860 4853
f 4857 4853 4860
f 4860 4852 4856
f 4861 4862 4859
f 4857 4863 4859
f 4861 4859 4863
f 4860 4864 4857
f 4863 4857 4864
f 4856 4865 4860
f 4864 4860 4865
f 4865 4856 4827
f 4855 4827 4856
f 4865 4866 4864
f 4866 4865 4827
f 4864 4867 4863
f 4867 4864 4866
f 4861 4863 4867
f 4866 4868 4867
f 4868 4866 4827
f 4867 4869 4861
f 4869 4867 4868
f 4862 4861 4870
f 4870 4871 4862
f 4827 4872 4868
f 4868 4873 4869
f 4873 4868 4872
f 4827 4874 4872
f 4872 4874 4873
f 4871 4870 4875
f 4870 4861 4869
f 4876 4875 4877
f 4870 4877 4875
f 4869 4878 4870
f 4877 4870 4878
f 4878 4869 4873
f 4876 4877 4879
f 4878 4879 4877
f 4879 4880 4876
f 4873 4881 4878
f 4879 4878 4881
f 4881 4873 4874
f 4880 4879 4882
f 4881 4882 4879
f 4874 4883 4881
f 4882 4881 4883
f 4827 4883 4874
f 4827 4884 4883
f 4883 4884 4882
f 4827 4885 4884
f 4882 4886 4880
f 4886 4882 4884
f 4884 4885 4886
f 4887 4880 4886
f 4888 4886 4885
f 4886 4888 4887
f 4545 4889 4890
f 4890 4889 4891
f 4545 4892 4889
f 4889 4892 4893
f 4893 4891 4889
f 4894 4893 4892
f 4891 4895 4890
f 4892 4896 4894
f 4545 4896 4892
f 4893 4894 4897
f 4891 4893 4898
f 4897 4898 4893
f 4898 4899 4891
f 4895 4891 4899
f 4898 4897 4900
f 4901 4890 4895
f 4545 4890 4901
f 4899 4898 4902
f 4900 4902 4898
f 4899 4903 4895
f 4895 4612 4901
f 4612 4895 4903
f 4609 4901 4612
f 4545 4901 4609
f 4902 4904 4899
f 4903 4899 4904
f 4902 4900 4905
f 4903 4611 4612
f 4904 4902 4906
f 4905 4906 4902
f 4904 4907 4903
f 4611 4903 4907
f 4906 4908 4904
f 4907 4904 4908
f 4909 4906 4905
f 4906 4909 4910
f 4910 4908 4906
f 4905 4911 4909
f 4908 4910 4912
f 4911 4905 4913
f 4913 4905 4900
f 4913 4914 4911
f 4912 4915 4908
f 4908 4915 4907
f 4915 4912 4916
f 4917 4907 4915
f 4907 4917 4611
f 4916 4918 4915
f 4915 4918 4917
f 4918 4916 4919
f 4914 4913 4920
f 4920 4921 4914
f 4920 4913 4922
f 4900 4922 4913
f 4922 4900 4897
f 4919 4599 4918
f 4599 4919 4598
f 4921 4920 4923
f 4599 4917 4918
f 4923 4924 4921
f 4917 4599 4604
f 4604 4611 4917
f 4923 4920 4925
f 4922 4925 4920
f 4924 4923 4926
f 4925 4927 4923
f 4926 4923 4927
f 4925 4922 4928
f 4897 4928 4922
f 4928 4897 4894
f 4928 4929 4925
f 4927 4925 4929
f 4894 4930 4928
f 4929 4928 4930
f 4930 4894 4896
f 4896 4931 4930
f 4545 4931 4896
f 4930 4932 4929
f 4932 4930 4931
f 4929 4933 4927
f 4933 4929 4932
f 4934 4927 4933
f 4927 4934 4926
f 4931 4935 4932
f 4545 4935 4931
f 4932 4936 4933
f 4936 4932 4935
f 4933 4937 4934
f 4937 4933 4936
f 4938 4926 4934
f 4935 4939 4936
f 4545 4939 4935
f 4936 4940 4937
f 4940 4936 4939
f 4934 4941 4938
f 4942 4938 4941
f 4941 4934 4937
f 4941 4943 4942
f 4944 4942 4943
f 4937 4945 4941
f 4943 4941 4945
f 4945 4937 4940
f 4943 4946 4944
f 4947 4944 4946
f 4945 4948 4943
f 4946 4943 4948
f 4940 4949 4945
f 4948 4945 4949
f 4949 4940 4950
f 4939 4950 4940
f 4545 4950 4939
f 4950 4951 4949
f 4545 4951 4950
f 4949 4952 4948
f 4952 4949 4951
f 4948 4953 4946
f 4953 4948 4952
f 4954 4946 4953
f 4946 4954 4947
f 4951 4955 4952
f 4545 4955 4951
f 4952 4956 4953
f 4956 4952 4955
f 4953 4957 4954
f 4957 4953 4956
f 4958 4947 4954
f 4955 4959 4956
f 4545 4959 4955
f 4956 4960 4957
f 4960 4956 4959
f 4954 4961 4958
f 4962 4958 4961
f 4961 4954 4957
f 4963 4964 4962
f 4961 4965 4962
f 4963 4962 4965
f 4957 4966 4961
f 4965 4961 4966
f 4966 4957 4960
f 4964 4963 4967
f 4967 4968 4964
f 4965 4969 4963
f 4967 4963 4969
f 4966 4970 4965
f 4969 4965 4970
f 4960 4971 4966
f 4970 4966 4971
f 4971 4960 4972
f 4959 4972 4960
f 4545 4972 4959
f 4972 4973 4971
f 4545 4973 4972
f 4971 4974 4970
f 4974 4971 4973
f 4970 4975 4969
f 4975 4970 4974
f 4976 4969 4975
f 4969 4976 4967
f 4973 4977 4974
f 4545 4977 4973
f 4974 4978 4975
f 4978 4974 4977
f 4975 4979 4976
f 4979 4975 4978
f 4980 4967 4976
f 4968 4967 4980
f 4980 4981 4968
f 4977 4982 4978
f 4545 4982 4977
f 4978 4983 4979
f 4983 4978 4982
f 4981 4980 4984
f 4976 4985 4980
f 4984 4980 4985
f 4985 4976 4979
f 4986 4987 4984
f 4985 4988 4984
f 4986 4984 4988
f 4979 4989 4985
f 4988 4985 4989
f 4989 4979 4983
f 4987 4986 4550
f 4550 4551 4987
f 4988 4990 4986
f 4550 4986 4990
f 4989 4991 4988
f 4990 4988 4991
f 4983 4992 4989
f 4991 4989 4992
f 4992 4983 4993
f 4982 4993 4983
f 4545 4993 4982
f 4993 4544 4992
f 4545 4544 4993
f 4992 4546 4991
f 4546 4992 4544
f 4991 4548 4990
f 4548 4991 4546
f 4550 4990 4548
f 4616 4994 4995
f 4995 4994 4996
f 4616 4997 4994
f 4994 4997 4998
f 4998 4996 4994
f 4999 4998 4997
f 4996 5000 4995
f 4998 4999 5001
f 4996 4998 5002
f 5001 5002 4998
f 5002 5003 4996
f 5000 4996 5003
f 5002 5001 5004
f 5005 4995 5000
f 4616 4995 5005
f 5003 5002 5006
f 5004 5006 5002
f 5003 5007 5000
f 5000 4684 5005
f 4684 5000 5007
f 4681 5005 4684
f 4616 5005 4681
f 5006 5008 5003
f 5007 5003 5008
f 5006 5004 5009
f 5007 4683 4684
f 5008 5010 5007
f 4683 5007 5010
f 5006 5011 5008
f 5010 5008 5011
f 5012 5006 5009
f 5006 5012 5013
f 5013 5011 5006
f 5009 5014 5012
f 5011 5013 5015
f 5014 5009 5016
f 5016 5009 5004
f 5011 5015 5010
f 5017 5010 5015
f 5010 5017 4683
f 5018 5019 5015
f 5015 5019 5017
f 5019 5018 5020
f 5021 5022 5016
f 5021 5016 5023
f 5004 5023 5016
f 5023 5004 5001
f 5020 4670 5019
f 4670 5020 4669
f 5022 5021 5024
f 5019 4670 4673
f 4673 5017 5019
f 5024 5025 5022
f 5017 4673 4676
f 4676 4683 5017
f 5024 5021 5026
f 5023 5026 5021
f 5025 5024 5027
f 5026 5028 5024
f 5027 5024 5028
f 5026 5023 5029
f 5001 5029 5023
f 5029 5001 4999
f 5029 5030 5026
f 5028 5026 5030
f 4999 5031 5029
f 5030 5029 5031
f 5031 4999 4997
f 4997 5032 5031
f 4616 5032 4997
f 5031 5033 5030
f 5033 5031 5032
f 5030 5034 5028
f 5034 5030 5033
f 5035 5028 5034
f 5028 5035 5027
f 5033 5036 5034
f 5036 5033 5032
f 5034 5037 5035
f 5037 5034 5036
f 5038 5027 5035
f 5032 5039 5036
f 4616 5039 5032
f 5036 5040 5037
f 5040 5036 5039
f 5041 5042 5038
f 5035 5043 5038
f 5041 5038 5043
f 5043 5035 5037
f 5042 5041 5044
f 5037 5045 5043
f 5041 5043 5045
f 5045 5037 5040
f 5041 5046 5044
f 5047 5044 5046
f 5045 5048 5041
f 5046 5041 5048
f 5040 5049 5045
f 5048 5045 5049
f 5049 5040 5050
f 5039 5050 5040
f 4616 5050 5039
f 5050 5051 5049
f 4616 5051 5050
f 5049 5052 5048
f 5052 5049 5051
f 5048 5053 5046
f 5053 5048 5052
f 5054 5046 5053
f 5046 5054 5047
f 5052 5055 5053
f 5055 5052 5051
f 5053 5056 5054
f 5056 5053 5055
f 5057 5047 5054
f 5051 5058 5055
f 4616 5058 5051
f 5055 5059 5056
f 5059 5055 5058
f 5054 5060 5057
f 5061 5057 5060
f 5060 5054 5056
f 5060 5062 5061
f 5063 5061 5062
f 5056 5064 5060
f 5062 5060 5064
f 5064 5056 5059
f 5062 5065 5063
f 5066 5063 5065
f 5064 5067 5062
f 5065 5062 5067
f 5059 5068 5064
f 5067 5064 5068
f 5068 5059 5058
f 5058 5069 5068
f 4616 5069 5058
f 5068 5070 5067
f 5070 5068 5069
f 5067 5071 5065
f 5071 5067 5070
f 5072 5065 5071
f 5065 5072 5066
f 5069 5073 5070
f 4616 5073 5069
f 5070 5074 5071
f 5074 5070 5073
f 5071 5075 5072
f 5075 5071 5074
f 5076 5066 5072
f 5076 5077 5066
f 5073 5078 5074
f 4616 5078 5073
f 5074 5079 5075
f 5079 5074 5078
f 5077 5076 5080
f 5080 5081 5077
f 5076 5072 5075
f 5081 5080 5082
f 5082 5083 5081
f 5076 5084 5080
f 5082 5080 5084
f 5075 5085 5076
f 5084 5076 5085
f 5085 5075 5079
f 5083 5082 4620
f 4620 4621 5083
f 5084 5086 5082
f 4620 5082 5086
f 5085 5087 5084
f 5086 5084 5087
f 5079 5088 5085
f 5087 5085 5088
f 5088 5079 5089
f 5078 5089 5079
f 4616 5089 5078
f 5089 4613 5088
f 4616 4613 5089
f 5088 4615 5087
f 4615 5088 4613
f 5087 4618 5086
f 4618 5087 4615
f 4620 5086 4618
f 4688 5090 5091
f 5091 5090 5092
f 4688 5093 5090
f 5090 5093 5094
f 5094 5092 5090
f 5095 5094 5093
f 5092 5096 5091
f 5093 5097 5095
f 4688 5097 5093
f 5094 5095 5098
f 5092 5094 5099
f 5098 5099 5094
f 5099 5100 5092
f 5096 5092 5100
f 5099 5098 5101
f 5100 5099 5102
f 5101 5102 5099
f 5100 5103 5096
f 5096 4754 5091
f 4754 5096 5103
f 4751 5091 4754
f 4688 5091 4751
f 5102 5104 5100
f 5103 5100 5104
f 5102 5101 5105
f 5103 4753 4754
f 5104 5102 5106
f 5105 5106 5102
f 5104 5107 5103
f 4753 5103 5107
f 5106 5108 5104
f 5107 5104 5108
f 5109 5106 5105
f 5106 5109 5110
f 5110 5108 5106
f 5105 5111 5109
f 5108 5110 5112
f 5111 5105 5113
f 5113 5105 5101
f 5112 5107 5108
f 5107 5112 5114
f 5107 5115 4753
f 5114 5116 5107
f 5107 5116 5115
f 5116 5114 5117
f 5118 5119 5113
f 5118 5113 5120
f 5101 5120 5113
f 5120 5101 5098
f 5117 4740 5116
f 4740 5117 4739
f 5119 5118 5121
f 5116 4740 4743
f 4743 5115 5116
f 5121 5122 5119
f 5115 4743 4746
f 4746 4753 5115
f 5121 5118 5123
f 5120 5123 5118
f 5122 5121 5124
f 5123 5120 5125
f 5098 5125 5120
f 5125 5098 5095
f 5125 5126 5123
f 5121 5123 5126
f 5095 5127 5125
f 5126 5125 5127
f 5127 5095 5097
f 5097 5128 5127
f 4688 5128 5097
f 5127 5129 5126
f 5129 5127 5128
f 5126 5130 5121
f 5130 5126 5129
f 5131 5121 5130
f 5121 5131 5124
f 5128 5132 5129
f 4688 5132 5128
f 5129 5133 5130
f 5133 5129 5132
f 5130 5134 5131
f 5134 5130 5133
f 5135 5124 5131
f 5132 5136 5133
f 4688 5136 5132
f 5133 5137 5134
f 5137 5133 5136
f 5131 5138 5135
f 5139 5135 5138
f 5138 5131 5134
f 5140 5141 5139
f 5138 5142 5139
f 5140 5139 5142
f 5134 5143 5138
f 5142 5138 5143
f 5143 5134 5137
f 5141 5140 5144
f 5143 5145 5142
f 5140 5142 5145
f 5137 5146 5143
f 5145 5143 5146
f 5146 5137 5147
f 5136 5147 5137
f 4688 5147 5136
f 5147 5148 5146
f 4688 5148 5147
f 5146 5149 5145
f 5149 5146 5148
f 5145 5150 5140
f 5150 5145 5149
f 5151 5140 5150
f 5140 5151 5144
f 5149 5152 5150
f 5152 5149 5148
f 5150 5153 5151
f 5153 5150 5152
f 5154 5144 5151
f 5148 5155 5152
f 4688 5155 5148
f 5152 5156 5153
f 5156 5152 5155
f 5157 5158 5154
f 5151 5159 5154
f 5157 5154 5159
f 5159 5151 5153
f 5158 5157 5160
f 5160 5161 5158
f 5159 5162 5157
f 5160 5157 5162
f 5153 5163 5159
f 5162 5159 5163
f 5163 5153 5156
f 5161 5160 5164
f 5162 5165 5160
f 5164 5160 5165
f 5163 5166 5162
f 5165 5162 5166
f 5156 5167 5163
f 5166 5163 5167
f 5167 5156 5168
f 5155 5168 5156
f 4688 5168 5155
f 5167 5169 5166
f 5169 5167 5168
f 5166 5170 5165
f 5170 5166 5169
f 5171 5165 5170
f 5165 5171 5164
f 5168 5172 5169
f 4688 5172 5168
f 5169 5173 5170
f 5173 5169 5172
f 5170 5174 5171
f 5174 5170 5173
f 5175 5164 5171
f 5175 5176 5164
f 5172 5177 5173
f 4688 5177 5172
f 5173 5178 5174
f 5178 5173 5177
f 5176 5175 5179
f 5179 5180 5176
f 5171 5181 5175
f 5179 5175 5181
f 5181 5171 5174
f 5180 5179 5182
f 5182 5183 5180
f 5181 5184 5179
f 5182 5179 5184
f 5174 5185 5181
f 5184 5181 5185
f 5185 5174 5178
f 5183 5182 4694
f 4694 4695 5183
f 5184 5186 5182
f 4694 5182 5186
f 5185 5187 5184
f 5186 5184 5187
f 5178 5188 5185
f 5187 5185 5188
f 5188 5178 5177
f 5177 4685 5188
f 4688 4685 5177
f 5188 4687 5187
f 4687 5188 4685
f 5187 4690 5186
f 4690 5187 4687
f 4692 5186 4690
f 5186 4692 4694
f 4758 5189 5190
f 5190 5189 5191
f 5192 5191 5189
f 5193 5192 5189
f 5191 5194 5190
f 5189 5195 5193
f 4758 5195 5189
f 5192 5193 5196
f 5191 5192 5197
f 5196 5197 5192
f 5197 5198 5191
f 5194 5191 5198
f 5197 5196 5199
f 4820 5190 5194
f 4758 5190 4820
f 5198 5197 5200
f 5199 5200 5197
f 5198 5201 5194
f 5194 4823 4820
f 4823 5194 5201
f 5200 5202 5198
f 5201 5198 5202
f 5200 5199 5203
f 5201 4822 4823
f 5202 5200 5204
f 5203 5204 5200
f 5202 5205 5201
f 4822 5201 5205
f 5204 5206 5202
f 5205 5202 5206
f 5207 5206 5204
f 5206 5207 5208
f 5209 5203 5199
f 5208 5210 5206
f 5206 5210 5205
f 5210 5208 5211
f 5212 5205 5210
f 5205 5212 4822
f 5211 5213 5210
f 5210 5213 5212
f 5213 5211 5214
f 5215 5216 5209
f 5215 5209 5217
f 5199 5217 5209
f 5217 5199 5196
f 5214 4811 5213
f 4811 5214 4810
f 5216 5215 5218
f 4811 5212 5213
f 5218 5219 5216
f 5212 4811 4816
f 4816 4822 5212
f 5219 5218 5220
f 5220 5221 5219
f 5215 5222 5218
f 5220 5218 5222
f 5215 5217 5223
f 5196 5223 5217
f 5223 5196 5193
f 5223 5224 5215
f 5222 5215 5224
f 5193 5225 5223
f 5224 5223 5225
f 5225 5193 5195
f 5225 5226 5224
f 5226 5225 5195
f 5224 5227 5222
f 5227 5224 5226
f 5220 5222 5227
f 5195 5228 5226
f 4758 5228 5195
f 5226 5229 5227
f 5229 5226 5228
f 5227 5230 5220
f 5230 5227 5229
f 5221 5220 5231
f 5231 5232 5221
f 5228 5233 5229
f 4758 5233 5228
f 5229 5234 5230
f 5234 5229 5233
f 5232 5231 5235
f 5235 5236 5232
f 5231 5220 5230
f 5236 5235 5237
f 5230 5238 5231
f 5235 5231 5238
f 5238 5230 5234
f 5239 5240 5237
f 5235 5241 5237
f 5239 5237 5241
f 5238 5242 5235
f 5241 5235 5242
f 5234 5243 5238
f 5242 5238 5243
f 5243 5234 5233
f 5233 5244 5243
f 4758 5244 5233
f 5243 5245 5242
f 5245 5243 5244
f 5242 5246 5241
f 5246 5242 5245
f 5247 5241 5246
f 5241 5247 5239
f 5244 5248 5245
f 4758 5248 5244
f 5245 5249 5246
f 5249 5245 5248
f 5246 5250 5247
f 5250 5246 5249
f 5251 5239 5247
f 5240 5239 5251
f 5251 5252 5240
f 5248 5253 5249
f 4758 5253 5248
f 5249 5254 5250
f 5254 5249 5253
f 5252 5251 5255
f 5255 5256 5252
f 5247 5257 5251
f 5255 5251 5257
f 5257 5247 5250
f 5256 5255 5258
f 5258 5259 5256
f 5257 5260 5255
f 5258 5255 5260
f 5250 5261 5257
f 5260 5257 5261
f 5261 5250 5254
f 5259 5258 5262
f 5260 5263 5258
f 5262 5258 5263
f 5261 5264 5260
f 5263 5260 5264
f 5254 5265 5261
f 5264 5261 5265
f 5265 5254 5266
f 5253 5266 5254
f 4758 5266 5253
f 5265 5267 5264
f 5267 5265 5266
f 5264 5268 5263
f 5268 5264 5267
f 5269 5263 5268
f 5263 5269 5262
f 5266 5270 5267
f 4758 5270 5266
f 5267 5271 5268
f 5271 5267 5270
f 5268 5272 5269
f 5272 5268 5271
f 5273 5262 5269
f 5270 5274 5271
f 4758 5274 5270
f 5271 5275 5272
f 5275 5271 5274
f 5276 5277 5273
f 5269 5278 5273
f 5276 5273 5278
f 5278 5269 5272
f 5277 5276 5279
f 5279 5280 5277
f 5278 5281 5276
f 5279 5276 5281
f 5272 5282 5278
f 5281 5278 5282
f 5282 5272 5275
f 5280 5279 4764
f 5281 5283 5279
f 4764 5279 5283
f 5282 5284 5281
f 5283 5281 5284
f 5275 5285 5282
f 5284 5282 5285
f 5285 5275 5286
f 5274 5286 5275
f 4758 5286 5274
f 5286 4755 5285
f 4758 4755 5286
f 5285 4757 5284
f 4757 5285 4755
f 5284 4760 5283
f 4760 5284 4757
f 4762 5283 4760
f 5283 4762 4764
f 4827 5287 5288
f 5288 5287 5289
f 4827 5290 5287
f 5287 5290 5291
f 5291 5289 5287
f 5292 5291 5290
f 5289 5293 5288
f 5290 5294 5292
f 4827 5294 5290
f 5291 5292 5295
f 5289 5291 5296
f 5295 5296 5291
f 5296 5297 5289
f 5293 5289 5297
f 5296 5295 5298
f 5299 5288 5293
f 4827 5288 5299
f 5297 5296 5300
f 5298 5300 5296
f 5297 5301 5293
f 5293 4888 5299
f 4888 5293 5301
f 4885 5299 4888
f 4827 5299 4885
f 5300 5302 5297
f 5301 5297 5302
f 5301 4887 4888
f 5302 5303 5301
f 4887 5301 5303
f 5300 5304 5302
f 5303 5302 5304
f 5305 5300 5298
f 5300 5305 5304
f 5298 5306 5305
f 5306 5298 5307
f 5307 5308 5306
f 5309 5303 5304
f 5303 5309 5310
f 5303 5311 4887
f 5310 5311 5303
f 5311 5310 5312
f 5308 5307 5313
f 5313 5314 5308
f 5307 5298 5295
f 5312 4876 5311
f 4876 5312 4875
f 5314 5313 5315
f 5311 4876 4880
f 4880 4887 5311
f 5313 5316 5315
f 5317 5315 5316
f 5313 5307 5318
f 5295 5318 5307
f 5318 5295 5292
f 5318 5319 5313
f 5316 5313 5319
f 5292 5320 5318
f 5319 5318 5320
f 5320 5292 5294
f 5294 5321 5320
f 4827 5321 5294
f 5320 5322 5319
f 5322 5320 5321
f 5319 5323 5316
f 5323 5319 5322
f 5324 5316 5323
f 5316 5324 5317
f 5321 5325 5322
f 4827 5325 5321
f 5322 5326 5323
f 5326 5322 5325
f 5323 5327 5324
f 5327 5323 5326
f 5328 5317 5324
f 5325 5329 5326
f 4827 5329 5325
f 5326 5330 5327
f 5330 5326 5329
f 5324 5331 5328
f 5332 5328 5331
f 5331 5324 5327
f 5331 5333 5332
f 5334 5332 5333
f 5327 5335 5331
f 5333 5331 5335
f 5335 5327 5330
f 5336 5337 5334
f 5333 5338 5334
f 5336 5334 5338
f 5335 5339 5333
f 5338 5333 5339
f 5330 5340 5335
f 5339 5335 5340
f 5340 5330 5341
f 5329 5341 5330
f 4827 5341 5329
f 5341 5342 5340
f 4827 5342 5341
f 5340 5343 5339
f 5343 5340 5342
f 5339 5344 5338
f 5344 5339 5343
f 5336 5338 5344
f 5342 5345 5343
f 4827 5345 5342
f 5343 5346 5344
f 5346 5343 5345
f 5344 5347 5336
f 5347 5344 5346
f 5337 5336 5348
f 5348 5349 5337
f 5345 5350 5346
f 4827 5350 5345
f 5346 5351 5347
f 5351 5346 5350
f 5349 5348 5352
f 5352 5353 5349
f 5336 5354 5348
f 5352 5348 5354
f 5354 5336 5347
f 5353 5352 5355
f 5355 5356 5353
f 5347 5357 5354
f 5352 5354 5357
f 5357 5347 5351
f 5356 5355 5358
f 5358 5359 5356
f 5352 5360 5355
f 5358 5355 5360
f 5357 5361 5352
f 5360 5352 5361
f 5351 5362 5357
f 5361 5357 5362
f 5362 5351 5363
f 5350 5363 5351
f 4827 5363 5350
f 5363 5364 5362
f 4827 5364 5363
f 5362 5365 5361
f 5365 5362 5364
f 5361 5366 5360
f 5366 5361 5365
f 5358 5360 5366
f 5364 5367 5365
f 4827 5367 5364
f 5365 5368 5366
f 5368 5365 5367
f 5366 5369 5358
f 5369 5366 5368
f 5359 5358 5370
f 5370 5371 5359
f 5367 5372 5368
f 4827 5372 5367
f 5368 5373 5369
f 5373 5368 5372
f 5371 5370 5374
f 5374 5375 5371
f 5358 5376 5370
f 5374 5370 5376
f 5376 5358 5369
f 5375 5374 5377
f 5377 5378 5375
f 5376 5379 5374
f 5377 5374 5379
f 5369 5380 5376
f 5379 5376 5380
f 5380 5369 5373
f 5378 5377 4831
f 4831 4832 5378
f 5380 5381 5379
f 5377 5379 5381
f 5373 5382 5380
f 5381 5380 5382
f 5382 5373 5383
f 5372 5383 5373
f 4827 5383 5372
f 5383 4824 5382
f 4827 4824 5383
f 5382 4826 5381
f 4826 5382 4824
f 5381 4829 5377
f 4829 5381 4826
f 4831 5377 4829
f 844 5384 5385
f 5384 5386 5385
f 844 5385 5387
f 5385 5388 5387
f 5385 5386 5388
f 5387 5388 880
f 5384 5389 5386
f 844 5387 877
f 5387 880 877
f 844 5390 5384
f 5390 5389 5384
f 5386 5391 5388
f 5388 885 880
f 5388 5391 885
f 5386 5392 5391
f 5389 5392 5386
f 5391 889 885
f 5390 5393 5389
f 5392 895 5391
f 5391 895 889
f 5389 5394 5392
f 5393 5394 5389
f 5392 898 895
f 5394 898 5392
f 5395 5393 5390
f 844 5395 5390
f 5393 5396 5394
f 5395 5397 5393
f 5397 5396 5393
f 5398 5397 5395
f 844 5398 5395
f 5394 5399 898
f 5396 5399 5394
f 5399 899 898
f 5397 5400 5396
f 5396 5401 5399
f 5400 5401 5396
f 5401 903 5399
f 5399 903 899
f 5400 5402 5401
f 5403 5400 5397
f 5398 5403 5397
f 5403 5404 5400
f 5404 5402 5400
f 5405 5403 5398
f 844 5405 5398
f 5406 5404 5403
f 5405 5406 5403
f 5402 905 5401
f 5401 905 903
f 844 5406 5405
f 5406 839 5404
f 5404 841 5402
f 839 841 5404
f 5402 843 905
f 841 843 5402
f 844 837 5406
f 837 839 5406
f 920 5407 5408
f 5407 5409 5408
f 920 5408 5410
f 5408 5411 5410
f 5408 5409 5411
f 5410 5411 964
f 5407 5412 5409
f 920 5410 961
f 5410 964 961
f 920 5413 5407
f 5413 5412 5407
f 5409 5414 5411
f 5411 969 964
f 5411 5414 969
f 5409 5415 5414
f 5412 5415 5409
f 5414 973 969
f 5413 5416 5412
f 5415 979 5414
f 5414 979 973
f 5412 5417 5415
f 5416 5417 5412
f 5415 982 979
f 5417 982 5415
f 5418 5416 5413
f 920 5418 5413
f 5416 5419 5417
f 5418 5420 5416
f 5420 5419 5416
f 5421 5420 5418
f 920 5421 5418
f 5417 5422 982
f 5419 5422 5417
f 5422 983 982
f 5420 5423 5419
f 5419 5424 5422
f 5423 5424 5419
f 5424 987 5422
f 5422 987 983
f 5423 5425 5424
f 5426 5423 5420
f 5421 5426 5420
f 5426 5427 5423
f 5427 5425 5423
f 5428 5426 5421
f 920 5428 5421
f 5429 5427 5426
f 5428 5429 5426
f 5425 989 5424
f 5424 989 987
f 922 5429 5428
f 920 922 5428
f 5429 924 5427
f 5427 926 5425
f 924 926 5427
f 5425 928 989
f 926 928 5425
f 922 921 5429
f 921 924 5429
f 1011 5430 5431
f 5430 5432 5431
f 1011 5431 5433
f 5431 5434 5433
f 5431 5432 5434
f 5433 5434 1047
f 5430 5435 5432
f 1011 5433 1044
f 5433 1047 1044
f 1011 5436 5430
f 5436 5435 5430
f 5432 5437 5434
f 5434 1052 1047
f 5434 5437 1052
f 5432 5438 5437
f 5435 5438 5432
f 5437 1056 1052
f 5436 5439 5435
f 5438 1062 5437
f 5437 1062 1056
f 5435 5440 5438
f 5439 5440 5435
f 5438 1065 1062
f 5440 1065 5438
f 5441 5439 5436
f 1011 5441 5436
f 5439 5442 5440
f 5441 5443 5439
f 5443 5442 5439
f 5444 5443 5441
f 1011 5444 5441
f 5440 5445 1065
f 5442 5445 5440
f 5445 1066 1065
f 5443 5446 5442
f 5442 5447 5445
f 5446 5447 5442
f 5447 1070 5445
f 5445 1070 1066
f 5446 5448 5447
f 5449 5446 5443
f 5444 5449 5443
f 5449 5450 5446
f 5450 5448 5446
f 5451 5449 5444
f 1011 5451 5444
f 5452 5450 5449
f 5451 5452 5449
f 5448 1072 5447
f 5447 1072 1070
f 1011 5452 5451
f 5452 1006 5450
f 5450 1008 5448
f 1006 1008 5450
f 5448 1010 1072
f 1008 1010 5448
f 1011 1004 5452
f 1004 1006 5452
f 1094 5453 5454
f 5453 5455 5454
f 1094 5454 5456
f 5454 5457 5456
f 5454 5455 5457
f 5456 5457 1130
f 5453 5458 5455
f 1094 5456 1127
f 5456 1130 1127
f 1094 5459 5453
f 5459 5458 5453
f 5455 5460 5457
f 5457 1135 1130
f 5457 5460 1135
f 5455 5461 5460
f 5458 5461 5455
f 5460 1139 1135
f 5459 5462 5458
f 5461 1145 5460
f 5460 1145 1139
f 5458 5463 5461
f 5462 5463 5458
f 5461 1148 1145
f 5463 1148 5461
f 5464 5462 5459
f 1094 5464 5459
f 5462 5465 5463
f 5464 5466 5462
f 5466 5465 5462
f 5467 5466 5464
f 1094 5467 5464
f 5463 5468 1148
f 5465 5468 5463
f 5468 1149 1148
f 5466 5469 5465
f 5465 5470 5468
f 5469 5470 5465
f 5470 1153 5468
f 5468 1153 1149
f 5469 5471 5470
f 5472 5469 5466
f 5467 5472 5466
f 5472 5473 5469
f 5473 5471 5469
f 5474 5472 5467
f 1094 5474 5467
f 5475 5473 5472
f 5474 5475 5472
f 5471 1155 5470
f 5470 1155 1153
f 1094 5475 5474
f 5475 1089 5473
f 5473 1091 5471
f 1089 1091 5473
f 5471 1093 1155
f 1091 1093 5471
f 1094 1087 5475
f 1087 1089 5475
f 1177 5476 5477
f 5476 5478 5477
f 1177 5477 5479
f 5477 5480 5479
f 5477 5478 5480
f 5479 5480 1213
f 5476 5481 5478
f 1177 5479 1210
f 5479 1213 1210
f 1177 5482 5476
f 5482 5481 5476
f 5478 5483 5480
f 5480 1218 1213
f 5480 5483 1218
f 5478 5484 5483
f 5481 5484 5478
f 5483 1222 1218
f 5482 5485 5481
f 5484 1228 5483
f 5483 1228 1222
f 5481 5486 5484
f 5485 5486 5481
f 5484 1231 1228
f 5486 1231 5484
f 5487 5485 5482
f 1177 5487 5482
f 5485 5488 5486
f 5487 5489 5485
f 5489 5488 5485
f 5490 5489 5487
f 1177 5490 5487
f 5486 5491 1231
f 5488 5491 5486
f 5491 1232 1231
f 5489 5492 5488
f 5488 5493 5491
f 5492 5493 5488
f 5493 1236 5491
f 5491 1236 1232
f 5492 5494 5493
f 5495 5492 5489
f 5490 5495 5489
f 5495 5496 5492
f 5496 5494 5492
f 5497 5495 5490
f 1177 5497 5490
f 5498 5496 5495
f 5497 5498 5495
f 5494 1238 5493
f 5493 1238 1236
f 1177 5498 5497
f 5498 1172 5496
f 5496 1174 5494
f 1172 1174 5496
f 5494 1176 1238
f 1174 1176 5494
f 1177 1170 5498
f 1170 1172 5498
f 5499 5500 5501
f 5502 5501 5500
f 5501 5503 5499
f 5500 5504 5502
f 5505 5499 5503
f 5506 5502 5504
f 5503 5507 5505
f 5504 5508 5506
f 5509 5505 5507
f 5510 5506 5508
f 5507 5511 5509
f 5508 5512 5510
f 5513 5509 5511
f 5514 5510 5512
f 5511 5515 5513
f 5512 5516 5514
f 5517 5513 5515
f 5518 5514 5516
f 5515 5519 5517
f 5516 5520 5518
f 5521 5517 5519
f 5522 5518 5520
f 5519 5523 5521
f 5520 5524 5522
f 5525 5521 5523
f 5526 5522 5524
f 5523 5527 5525
f 5524 5528 5526
f 5529 5525 5527
f 5530 5526 5528
f 5527 5531 5529
f 5528 5532 5530
f 5533 5529 5531
f 5534 5530 5532
f 5531 5535 5533
f 5532 5536 5534
f 5537 5533 5535
f 5538 5534 5536
f 5535 5539 5537
f 5536 5540 5538
f 5541 5537 5539
f 5542 5538 5540
f 5539 5543 5541
f 5540 5544 5542
f 5545 5541 5543
f 5546 5542 5544
f 5543 5547 5545
f 5544 5548 5546
f 5549 5545 5547
f 5550 5546 5548
f 5547 5551 5549
f 5548 5552 5550
f 5553 5549 5551
f 5554 5550 5552
f 5551 5555 5553
f 5552 5556 5554
f 5557 5553 5555
f 5558 5554 5556
f 5555 5559 5557
f 5556 5560 5558
f 5561 5557 5559
f 5562 5558 5560
f 5560 5561 5562
f 5559 5562 5561
f 5563 5564 5565
f 5566 5565 5564
f 5565 5567 5563
f 5564 5568 5566
f 5569 5563 5567
f 5570 5566 5568
f 5567 5571 5569
f 5568 5572 5570
f 5573 5569 5571
f 5574 5570 5572
f 5571 5575 5573
f 5572 5576 5574
f 5577 5573 5575
f 5578 5574 5576
f 5575 5579 5577
f 5576 5580 5578
f 5581 5577 5579
f 5582 5578 5580
f 5579 5583 5581
f 5580 5584 5582
f 5585 5581 5583
f 5586 5582 5584
f 5583 5587 5585
f 5584 5588 5586
f 5589 5585 5587
f 5590 5586 5588
f 5587 5591 5589
f 5588 5592 5590
f 5593 5589 5591
f 5594 5590 5592
f 5591 5595 5593
f 5592 5596 5594
f 5597 5593 5595
f 5598 5594 5596
f 5595 5599 5597
f 5596 5600 5598
f 5601 5597 5599
f 5602 5598 5600
f 5599 5603 5601
f 5600 5604 5602
f 5605 5601 5603
f 5606 5602 5604
f 5603 5607 5605
f 5604 5608 5606
f 5609 5605 5607
f 5610 5606 5608
f 5607 5611 5609
f 5608 5612 5610
f 5613 5609 5611
f 5614 5610 5612
f 5611 5615 5613
f 5612 5616 5614
f 5617 5613 5615
f 5618 5614 5616
f 5615 5619 5617
f 5616 5620 5618
f 5621 5617 5619
f 5622 5618 5620
f 5619 5623 5621
f 5620 5624 5622
f 5625 5621 5623
f 5626 5622 5624
f 5624 5625 5626
f 5623 5626 5625
f 5627 5628 5629
f 5630 5629 5628
f 5629 5631 5627
f 5628 5632 5630
f 5633 5627 5631
f 5634 5630 5632
f 5631 5635 5633
f 5632 5636 5634
f 5637 5633 5635
f 5638 5634 5636
f 5635 5639 5637
f 5636 5640 5638
f 5641 5637 5639
f 5642 5638 5640
f 5639 5643 5641
f 5640 5644 5642
f 5645 5641 5643
f 5646 5642 5644
f 5643 5647 5645
f 5644 5648 5646
f 5649 5645 5647
f 5650 5646 5648
f 5647 5651 5649
f 5648 5652 5650
f 5653 5649 5651
f 5654 5650 5652
f 5651 5655 5653
f 5652 5656 5654
f 5657 5653 5655
f 5658 5654 5656
f 5655 5659 5657
f 5656 5660 5658
f 5661 5657 5659
f 5662 5658 5660
f 5659 5663 5661
f 5660 5664 5662
f 5665 5661 5663
f 5666 5662 5664
f 5663 5667 5665
f 5664 5668 5666
f 5669 5665 5667
f 5670 5666 5668
f 5667 5671 5669
f 5668 5672 5670
f 5673 5669 5671
f 5674 5670 5672
f 5671 5675 5673
f 5672 5676 5674
f 5677 5673 5675
f 5678 5674 5676
f 5675 5679 5677
f 5676 5680 5678
f 5681 5677 5679
f 5682 5678 5680
f 5679 5683 5681
f 5680 5684 5682
f 5685 5681 5683
f 5686 5682 5684
f 5683 5687 5685
f 5684 5688 5686
f 5689 5685 5687
f 5690 5686 5688
f 5688 5689 5690
f 5687 5690 5689
f 5691 5692 5693
f 5694 5693 5692
f 5693 5695 5691
f 5692 5696 5694
f 5697 5691 5695
f 5698 5694 5696
f 5695 5699 5697
f 5696 5700 5698
f 5701 5697 5699
f 5702 5698 5700
f 5699 5703 5701
f 5700 5704 5702
f 5705 5701 5703
f 5706 5702 5704
f 5703 5707 5705
f 5704 5708 5706
f 5709 5705 5707
f 5710 5706 5708
f 5707 5711 5709
f 5708 5712 5710
f 5713 5709 5711
f 5714 5710 5712
f 5711 5715 5713
f 5712 5716 5714
f 5717 5713 5715
f 5718 5714 5716
f 5715 5719 5717
f 5716 5720 5718
f 5721 5717 5719
f 5722 5718 5720
f 5719 5723 5721
f 5720 5724 5722
f 5725 5721 5723
f 5726 5722 5724
f 5723 5727 5725
f 5724 5728 5726
f 5729 5725 5727
f 5730 5726 5728
f 5727 5731 5729
f 5728 5732 5730
f 5733 5729 5731
f 5734 5730 5732
f 5731 5735 5733
f 5732 5736 5734
f 5737 5733 5735
f 5738 5734 5736
f 5735 5739 5737
f 5736 5740 5738
f 5741 5737 5739
f 5742 5738 5740
f 5739 5743 5741
f 5740 5744 5742
f 5745 5741 5743
f 5746 5742 5744
f 5743 5747 5745
f 5744 5748 5746
f 5749 5745 5747
f 5750 5746 5748
f 5747 5751 5749
f 5748 5752 5750
f 5753 5749 5751
f 5754 5750 5752
f 5752 5753 5754
f 5751 5754 5753
f 5755 5756 5757
f 5758 5757 5756
f 5757 5759 5755
f 5756 5760 5758
f 5761 5755 5759
f 5762 5758 5760
f 5759 5763 5761
f 5760 5764 5762
f 5765 5761 5763
f 5766 5762 5764
f 5763 5767 5765
f 5764 5768 5766
f 5769 5765 5767
f 5770 5766 5768
f 5767 5771 5769
f 5768 5772 5770
f 5773 5769 5771
f 5774 5770 5772
f 5771 5775 5773
f 5772 5776 5774
f 5777 5773 5775
f 5778 5774 5776
f 5775 5779 5777
f 5776 5780 5778
f 5781 5777 5779
f 5782 5778 5780
f 5779 5783 5781
f 5780 5784 5782
f 5785 5781 5783
f 5786 5782 5784
f 5783 5787 5785
f 5784 5788 5786
f 5789 5785 5787
f 5790 5786 5788
f 5787 5791 5789
f 5788 5792 5790
f 5793 5789 5791
f 5794 5790 5792
f 5791 5795 5793
f 5792 5796 5794
f 5797 5793 5795
f 5798 5794 5796
f 5795 5799 5797
f 5796 5800 5798
f 5801 5797 5799
f 5802 5798 5800
f 5799 5803 5801
f 5800 5804 5802
f 5805 5801 5803
f 5806 5802 5804
f 5803 5807 5805
f 5804 5808 5806
f 5809 5805 5807
f 5810 5806 5808
f 5807 5811 5809
f 5808 5812 5810
f 5813 5809 5811
f 5814 5810 5812
f 5811 5815 5813
f 5812 5816 5814
f 5817 5813 5815
f 5818 5814 5816
f 5816 5817 5818
f 5815 5818 5817
