v 0.0279012676 0.069968462 0.00053490646
v -0.0377015918 0.0699360147 0.00036000734
v -0.0419690609 0.0699780136 0.00133724452
v -0.018753875 0.0699362829 0.000316057238
v -0.0418313295 0.0699631497 0.00079382665
v -0.0417762026 0.069934912 0.00044904236
v -0.0435626358 0.0699315742 0.000650677714
v -0.0435509048 0.0699573904 0.000987162581
v -0.0419490226 0.0699712411 0.00239180564
v -0.0441026986 0.0699293539 0.00102346903
v -0.0444381908 0.0699315816 0.00162596942
v -0.0443194062 0.0699631423 0.00243931054
v -0.0446206667 0.069934912 0.00249087578
v -0.0447016619 0.0699359998 0.00365088461
v -0.0440083258 0.0699800402 0.00337457424
v -0.04330099 0.0699714348 0.00315964222
v -0.0447501466 0.0699365288 0.00856521353
v -0.0445503704 0.0699663311 0.01656821
v -0.044264555 0.0699838474 0.0146582564
v -0.0435839929 0.0699819028 0.0218306426
v -0.0447423086 0.0699362606 0.0183112994
v -0.0447016619 0.0699360073 0.0213930774
v -0.0443194062 0.0699631423 0.0226046517
v 0.0279116258 -0.0699373856 0.0247399211
v 0.0204354748 -0.0699372143 0.0247397497
v 0.00875611044 -0.0699369237 0.0247394629
v -0.00510130217 -0.0699664876 0.0245002564
v -0.00501187285 -0.0699365884 0.0247364026
v -0.0187538806 -0.0699362829 0.0247279033
v -0.0188670736 -0.0699657202 0.0244790111
v 0.0278597642 -0.0699928626 0.0237459
v 0.0279012676 -0.069968462 0.0245090537
v 0.032234937 -0.0699487329 0.0245092679
v 0.0344583839 -0.0698579475 0.0247400366
v -0.0304751117 -0.0699651763 0.0244375207
v -0.0377015956 -0.0699360073 0.0246839542
v 0.0344619937 -0.0698889941 0.0245093387
v 0.0344641656 -0.0699076205 0.0241581798
v 0.0379574671 -0.0692489594 0.0247400366
v 0.0322314464 -0.0699673891 0.0241580363
v 0.0368122309 -0.0695699677 0.0245093387
v 0.0322261155 -0.0699735433 0.023746565
v 0.0356396623 -0.0697878003 0.0241581798
v 0.0379677713 -0.0692783967 0.0245093387
v 0.0368168317 -0.0695881099 0.0241581798
v 0.0390682109 -0.0688539073 0.0247400366
v 0.0356407352 -0.069793947 0.0237467866
v 0.0401314534 -0.0683688968 0.0245093387
v 0.0401152894 -0.0683422461 0.0247400366
v 0.0390919335 -0.0689047948 0.0237467866
v 0.0401411541 -0.0683848932 0.0241581798
v 0.0379739515 -0.0692960545 0.0241581798
v 0.0401443914 -0.0683902204 0.0237467866
v 0.0379760116 -0.0693019405 0.0237467866
v 0.0390892997 -0.0688991398 0.0233353935
v 0.0401411541 -0.0683848858 0.0233353935
v 0.0368183628 -0.0695941523 0.0237467866
v 0.0401314609 -0.0683688968 0.0229842328
v 0.0390813909 -0.0688821822 0.0229842328
v 0.0390682146 -0.0688539073 0.0227535367
v 0.0401152894 -0.0683422461 0.0227535367
v 0.0379677713 -0.0692783967 0.0229842328
v 0.0379574671 -0.0692489594 0.0227535367
v 0.0379739515 -0.0692960545 0.0233353935
v 0.0368045717 -0.0695397407 0.0227535367
v 0.0368168317 -0.0695881099 0.0233353935
v 0.0368122347 -0.0695699677 0.0229842328
v 0.0356364287 -0.0697693601 0.0229842328
v 0.0356310345 -0.069738619 0.0227535367
v 0.0356396623 -0.0697878078 0.0233353935
v 0.0344583839 -0.0698579475 0.0227535367
v 0.0344641656 -0.0699076205 0.0233353935
v 0.0344619937 -0.0698889941 0.0229842328
v 0.0322140567 -0.0699484944 0.022983918
v 0.0278067403 -0.06993635 0.022752393
v 0.0344648845 -0.0699138269 0.0237467866
v 0.0322199836 -0.0699672401 0.0233351085
v 0.0278367754 -0.0699863508 0.0233342499
v 0.0201981664 -0.069965601 0.0229810867
v 0.0201732591 -0.0699346364 0.0227506775
v 0.0203011408 -0.069991529 0.0237445701
v 0.0202441923 -0.0699846372 0.0233325344
v 0.00837188493 -0.0699817762 0.0233296733
v 0.00848557148 -0.0699893162 0.0237423535
v -0.00572871091 -0.0699587092 0.0229654647
v -0.00579872588 -0.069928363 0.0227391887
v -0.0196986608 -0.0699249581 0.0227201711
v -0.0194732994 -0.0699751377 0.023264328
v -0.0196226314 -0.0699550137 0.0229355861
v -0.0310768653 -0.0699726194 0.0231737457
v -0.0312488489 -0.0699221641 0.0226861387
v -0.0192764364 -0.0699842945 0.0236653294
v -0.0382300057 -0.0699205622 0.0226324704
v -0.0309028886 -0.0699825287 0.0235555563
v -0.0306799673 -0.0699803457 0.0240145419
v -0.0379778855 -0.0699800625 0.0238777697
v -0.0378012992 -0.0699650273 0.0243691355
v -0.0418313369 -0.0699631497 0.024250133
v -0.0417762026 -0.069934912 0.0245949198
v -0.038146317 -0.0699819326 0.0233749654
v -0.0435626358 -0.0699315816 0.0243932847
v -0.0419690646 -0.0699780211 0.0237067174
v -0.0435509048 -0.0699573904 0.0240567997
v -0.0425407849 -0.0699829087 0.0229441281
v -0.0443194136 -0.0699631423 0.0226046517
v -0.0439453833 -0.069949083 0.0238412507
v -0.0441026986 -0.0699293613 0.024020493
v -0.0444381908 -0.0699315816 0.0234179925
v -0.0441414639 -0.0699573904 0.0233985651
v -0.0446206667 -0.069934912 0.0225530863
v -0.0440083295 -0.0699800402 0.0216693878
v -0.0444291644 -0.0699650124 0.0214927886
v -0.0444923937 -0.0699651465 0.0200911164
v -0.0447269529 -0.0699360594 0.0199688543
v -0.0447501466 -0.0699365363 0.0164787471
v -0.0442115515 -0.0699813217 0.0186240133
v -0.0445503742 -0.0699663311 0.01656821
v -0.044752907 -0.0699367672 0.0145295309
v -0.0433010012 -0.0699714422 0.0218843184
v -0.0439049676 -0.0699862465 0.0168934837
v -0.0435840003 -0.0699819028 0.0218306426
v -0.044264555 -0.0699838549 0.0146582564
v -0.0445575491 -0.0699671954 0.0125219822
v -0.0447530188 -0.069936879 0.0125219813
v -0.044752907 -0.0699367747 0.0105144307
v -0.0445572771 -0.0699669197 0.0104661584
v -0.0439049639 -0.0699862465 0.00815047976
v -0.0447501466 -0.0699365363 0.00856521446
v -0.0442651026 -0.0699843988 0.0125219813
v -0.0445307717 -0.0699656606 0.0066161775
v -0.0439243205 -0.0699889511 0.0125219813
v -0.0444923937 -0.0699651465 0.00495284563
v -0.0447269529 -0.0699360594 0.00507510919
v -0.0442115515 -0.0699813291 0.0064199497
v -0.0447016619 -0.0699360073 0.00365088461
v -0.0444291644 -0.0699650198 0.00355117559
v -0.0441347882 -0.0699802935 0.00474386476
v -0.0439234748 -0.0699880943 0.0102899419
v -0.0443194099 -0.0699631497 0.00243931054
v -0.0446206667 -0.0699349195 0.00249087578
v -0.0440083295 -0.0699800402 0.00337457424
v -0.0444381908 -0.0699315816 0.00162596942
v -0.0441414639 -0.0699573979 0.00164539821
v -0.0439453833 -0.0699490905 0.00120270974
v -0.0441026911 -0.0699293613 0.00102346903
v -0.0435626321 -0.0699315816 0.000650677714
v -0.0418313369 -0.0699631497 0.000793829036
v -0.0417762026 -0.0699349195 0.00044904236
v -0.0438483432 -0.0699780211 0.00230375305
v -0.0377015956 -0.0699360147 0.00036000734
v -0.0419690646 -0.0699780285 0.00133724452
v -0.0425407775 -0.0699829087 0.00209983112
v -0.0378012992 -0.0699650273 0.000674824754
v -0.0379778855 -0.0699800625 0.00116619118
v -0.0435509048 0.0699573979 0.0240567997
v -0.0444381908 0.0699315742 0.0234179925
v -0.0441026986 0.0699293539 0.024020493
v -0.0446206667 0.069934912 0.0225530863
v -0.0435626358 0.0699315816 0.0243932847
v -0.0418313295 0.0699631497 0.024250133
v -0.0417761989 0.069934912 0.0245949198
v -0.0377015918 0.0699360073 0.0246839542
v -0.0419490226 0.0699712485 0.0226521548
v -0.018753875 0.0699362755 0.0247279033
v 0.0279012695 0.069968462 0.0245090537
v 0.0279116258 0.0699373782 0.0247399211
v 0.0278826244 0.0699869245 0.0241576061
v 0.0322349407 0.0699487329 0.0245092679
v 0.0322355852 0.0699175745 0.0247400068
v 0.0344583839 0.0698579475 0.0247400366
v 0.0344619974 0.0698889941 0.0245093387
v 0.0322314464 0.0699673817 0.0241580363
v 0.0356364287 0.0697693601 0.0245093387
v 0.0356310382 0.069738619 0.0247400366
v 0.0344641656 0.0699076205 0.0241581798
v 0.0368045717 0.0695397481 0.0247400366
v 0.0368122347 0.0695699751 0.0245093387
v 0.0379677713 0.0692783892 0.0245093387
v 0.0379574709 0.0692489594 0.0247400366
v 0.0390682183 0.0688539147 0.0247400366
v 0.0401152894 0.0683422461 0.0247400366
v 0.0401314609 0.0683689043 0.0245093387
v 0.039091941 0.0689048022 0.0237467866
v 0.0401411541 0.0683849007 0.0241581798
v 0.0401443914 0.0683902279 0.0237467866
v 0.0379760154 0.0693019405 0.0237467866
v 0.0390893035 0.0688991472 0.0233353935
v 0.0401411541 0.0683848932 0.0233353935
v 0.0368183665 0.0695941597 0.0237467866
v 0.0390682183 0.0688539147 0.0227535367
v 0.0401152931 0.0683422461 0.0227535367
v 0.0379574709 0.0692489594 0.0227535367
v 0.0368122347 0.0695699751 0.0229842328
v 0.0368045717 0.0695397481 0.0227535367
v 0.0356364287 0.0697693601 0.0229842328
v 0.0356310382 0.069738619 0.0227535367
v 0.0344583839 0.0698579475 0.0227535367
v 0.0356407352 0.069793947 0.0237467866
v 0.0344619937 0.0698889941 0.0229842328
v 0.0322140567 0.0699484944 0.022983918
v 0.0322093666 0.0699173212 0.0227532517
v 0.0278067403 0.06993635 0.022752393
v 0.027817741 0.069967486 0.0229829755
v -0.0303553194 -0.0699360743 0.000332651194
v -0.0306799673 -0.0699803457 0.00102941995
v -0.0187538806 -0.0699362829 0.000316057238
v -0.00510130171 -0.0699664876 0.000543706468
v -0.0190578103 -0.0699814335 0.000946440734
v 0.00875611044 -0.0699369237 0.00030449871
v -0.0309028905 -0.0699825287 0.00148840668
v -0.0052509415 -0.0699829757 0.000903949782
v -0.038146317 -0.0699819401 0.00166899688
v 0.00860110763 -0.0699846372 0.000888643321
v 0.0204069838 -0.0699680373 0.000535335566
v 0.0204354748 -0.0699372143 0.000304212619
v 0.0279116258 -0.0699373856 0.000304040965
v 0.0279012676 -0.069968462 0.00053490646
v 0.0322355889 -0.069917582 0.000303955137
v 0.0278826188 -0.0699869245 0.000886354479
v 0.0203588065 -0.0699860677 0.000887212809
v 0.0344583839 -0.0698579475 0.000303926499
v 0.0344619937 -0.0698889941 0.000534620311
v 0.020301139 -0.069991529 0.0012993908
v 0.0344641581 -0.0699076205 0.000885782298
v 0.0356364287 -0.0697693601 0.000534620311
v 0.0356310382 -0.069738619 0.000303926499
v 0.0368045717 -0.0695397407 0.000303926499
v 0.0356396623 -0.0697878078 0.000885782298
v 0.0278597623 -0.0699928626 0.00129806041
v 0.0390682146 -0.0688539073 0.000303926499
v 0.0390813909 -0.0688821822 0.000534620311
v 0.0379574671 -0.0692489594 0.000303926499
v 0.0401314534 -0.0683688968 0.000534620311
v 0.0401152894 -0.0683422461 0.000303926499
v 0.0390892997 -0.0688991398 0.000885782298
v 0.0401411541 -0.0683848858 0.000885782298
v 0.0379739515 -0.0692960545 0.000885782298
v 0.0401443876 -0.0683902204 0.00129717356
v 0.0379760116 -0.0693019405 0.00129717356
v 0.0390919335 -0.0689047948 0.00129717356
v 0.0390892997 -0.0688991472 0.00170856714
v 0.0401411541 -0.0683848932 0.00170856714
v 0.0401314534 -0.0683688968 0.00205972907
v 0.0379739515 -0.0692960545 0.00170856714
v 0.0390813909 -0.0688821822 0.00205972907
v 0.0390682109 -0.0688539073 0.00229042536
v 0.0401152894 -0.0683422387 0.00229042536
v 0.037967775 -0.0692783892 0.00205972907
v 0.0379574671 -0.0692489594 0.00229042536
v 0.0368045717 -0.0695397407 0.00229042536
v 0.0368168317 -0.0695881099 0.00170856714
v 0.0356364287 -0.0697693527 0.00205972907
v 0.0356310382 -0.069738619 0.00229042536
v 0.0344583839 -0.0698579475 0.00229042536
v 0.0356396586 -0.0697878003 0.00170856714
v 0.0356407352 -0.069793947 0.00129717356
v 0.0344648808 -0.0699138269 0.00129717356
v 0.0322199836 -0.0699672401 0.00170885329
v 0.0278367754 -0.0699863508 0.00170971162
v 0.0278067403 -0.06993635 0.00229156972
v 0.027817741 -0.0699674934 0.00206098799
v 0.0201981664 -0.069965601 0.00206287624
v 0.0201732591 -0.0699346364 0.00229328638
v 0.00823167432 -0.0699317753 0.0022961474
v 0.0202441923 -0.0699846372 0.00171142584
v 0.00848557148 -0.0699893162 0.00130160816
v 0.00828045141 -0.0699624568 0.00206602109
v -0.00572871091 -0.0699587092 0.00207849988
v -0.00579872588 -0.069928363 0.00230477331
v -0.0196986608 -0.0699249581 0.00232379208
v -0.00559549732 -0.0699784011 0.00173233985
v -0.0192764364 -0.0699842945 0.00137863401
v -0.0430973135 0.0699302033 0.0100795161
v -0.043039158 0.0699220523 0.00419205194
v -0.0429876149 0.0699205175 0.00318952091
v -0.0417677201 0.0699200481 0.00263774162
v -0.0382299945 0.0699205622 0.00241148961
v -0.038237974 0.069950439 0.00225262647
v -0.0312488396 0.0699221641 0.00235782145
v 0.027817741 0.069967486 0.00206098799
v -0.00579872122 0.0699283555 0.00230477098
v 0.0278367754 0.0699863508 0.00170971162
v 0.0278067403 0.06993635 0.00229156972
v 0.0322140567 0.0699484944 0.00206004386
v 0.0322093666 0.0699173212 0.00229071151
v 0.0344583839 0.0698579475 0.00229042536
v 0.0344619974 0.0698889941 0.00205972907
v 0.0322199836 0.0699672401 0.00170885329
v 0.0356364287 0.0697693601 0.00205972907
v 0.0356310382 0.069738619 0.00229042536
v 0.0344641656 0.0699076205 0.00170856714
v 0.0368045717 0.0695397481 0.00229042536
v 0.0368122347 0.0695699751 0.00205972907
v 0.0356396623 0.0697878078 0.00170856714
v 0.0379574709 0.0692489594 0.00229042536
v 0.0390682183 0.0688539147 0.00229042536
v 0.0401152894 0.0683422461 0.00229042536
v 0.0401411541 0.0683849007 0.00170856714
v 0.0390893035 0.0688991472 0.00170856714
v 0.0379739515 0.069296062 0.00170856714
v 0.0390813984 0.0688821897 0.000534620311
v 0.0401314646 0.0683689117 0.000534620311
v 0.0368183665 0.0695941597 0.00129717356
v 0.037967775 0.0692783967 0.000534620311
v 0.0390682183 0.0688539147 0.000303926499
v 0.0401152931 0.0683422461 0.000303926499
v 0.0379574709 0.0692489669 0.000303926499
v 0.0368045717 0.0695397481 0.000303926499
v 0.0368122347 0.0695699751 0.000534620311
v 0.0356364287 0.0697693601 0.000534620311
v 0.0356310382 0.069738619 0.000303926499
v 0.0344583839 0.0698579475 0.000303926499
v 0.0344619937 0.0698889941 0.000534620311
v 0.0322349407 0.0699487329 0.000534694234
v 0.0322355889 0.0699175745 0.000303955137
v 0.0279116277 0.0699373782 0.000304040965
v -0.038237974 0.0699504465 0.0227913354
v -0.0312488414 0.0699221641 0.0226861387
v -0.0382299982 0.0699205697 0.0226324704
v -0.0417677201 0.0699200556 0.0224062204
v -0.0429876149 0.0699205324 0.0218544398
v -0.043039158 0.0699220672 0.0208519101
v -0.043089848 0.0699277371 0.0172629207
v 0.0349498466 -0.064968355 0.00296540977
v 0.0339018069 -0.0653411001 0.00296540977
v 0.0339089334 -0.06517075 0.00191311608
v 0.0339115299 -0.0653688759 0.00502746366
v 0.0349332541 -0.0648228079 0.00191372156
v 0.0358910933 -0.0643721521 0.00191432959
v 0.0359378047 -0.0644855797 0.00296540977
v 0.0359530598 -0.0645107254 0.00502746366
v 0.0349622816 -0.0649950355 0.00502746599
v 0.0349697396 -0.0650110394 0.00843089074
v 0.0359652601 -0.0645308495 0.0125050023
v 0.03391736 -0.0653855428 0.00843089074
v 0.0328255668 -0.06566111 0.00843089074
v 0.0349722281 -0.065016374 0.0125050023
v 0.0339193046 -0.0653911009 0.0125050023
v 0.0349697396 -0.0650110394 0.016579112
v 0.0359622091 -0.0645258203 0.0165791139
v 0.0328270122 -0.0656668171 0.0125050023
v 0.0359530598 -0.0645107254 0.0199825373
v 0.03391736 -0.0653855428 0.0165791139
v 0.0349622816 -0.0649950355 0.0199825373
v 0.0328255668 -0.06566111 0.0165791139
v 0.0339115262 -0.0653688833 0.0199825373
v 0.0349498466 -0.0649683625 0.0220445935
v 0.0359378047 -0.0644855797 0.0220445935
v 0.0358910933 -0.0643721521 0.023095673
v 0.0349332541 -0.0648228154 0.0230962802
v 0.0339089297 -0.0651707575 0.0230968874
v 0.0339018069 -0.065341115 0.0220445935
v 0.0328139961 -0.0656154752 0.0220445935
v 0.0328369886 -0.0654614866 0.0230962802
v 0.0317539908 -0.0656650588 0.023095673
v 0.0328212269 -0.065643996 0.0199825391
v 0.0317067206 -0.0658031255 0.0220445935
v 0.0306002721 -0.0659157112 0.0220445935
v 0.0317118056 -0.0658321232 0.0199825373
v 0.0317148529 -0.0658495277 0.0165791139
v 0.0284532961 -0.066001378 0.0199824665
v 0.0284545757 -0.0660189763 0.0165789705
v 0.0284550041 -0.0660247877 0.0125047807
v 0.0306064039 -0.0659684464 0.0125050023
v 0.0317158736 -0.0658553392 0.0125050005
v 0.0306057222 -0.0659625828 0.00843089074
v 0.0317148529 -0.0658495277 0.00843089074
v -0.0312488452 -0.0699221641 0.00235782145
v -0.031194618 -0.0699520409 0.00216372963
v -0.0382300019 -0.0699205697 0.00241148961
v -0.0382215492 -0.0699714869 0.00201813458
v -0.0382379778 -0.0699504465 0.00225262647
v -0.0417677313 -0.0699200556 0.00263774162
v -0.0419490337 -0.0699712485 0.00239180564
v -0.0433010012 -0.0699714422 0.00315964222
v -0.0429876223 -0.0699205324 0.00318952091
v -0.043116495 -0.0699504018 0.00316716917
v -0.0430391692 -0.0699220672 0.00419205194
v -0.0435839929 -0.0699819028 0.00321331737
v -0.0437511764 -0.0699824318 0.00451959157
v -0.0434385762 -0.0699725226 0.00435145153
v -0.0438528508 -0.0699841306 0.00619617011
v -0.0435666852 -0.0699777827 0.00798294414
v -0.0432523265 -0.0699547902 0.0058470061
v -0.0430898555 -0.0699277371 0.00778104318
v -0.0430973247 -0.0699301958 0.0100795152
v -0.0432911292 -0.0699607208 0.0101199746
v -0.0430984274 -0.0699313059 0.0125219822
v -0.043583855 -0.0699813068 0.0125219813
v -0.0435827598 -0.0699802041 0.014848222
v -0.0432911292 -0.0699607208 0.014923987
v -0.0432802215 -0.0699580237 0.0171932336
v -0.0430898555 -0.0699277371 0.0172629207
v -0.0439234748 -0.0699881017 0.0147540197
v -0.0430718623 -0.0699247494 0.0192734059
v -0.0438528508 -0.0699841231 0.0188477915
v -0.0435228832 -0.0699749291 0.0190469287
v -0.0432523265 -0.0699547827 0.0191969555
v -0.0432001725 -0.0699519292 0.0208023954
v -0.0430391692 -0.0699220598 0.0208519101
v -0.0429876223 -0.069920525 0.0218544416
v -0.0431164876 -0.0699503943 0.0218767915
v -0.0417677313 -0.0699200481 0.0224062204
v -0.0382215492 -0.0699714795 0.0230258275
v -0.0382379778 -0.0699504465 0.0227913354
v 0.0242158752 -0.0659896955 0.00296426541
v 0.0168509316 -0.0659880713 0.00296254875
v 0.0169001594 -0.0657625943 0.00191028835
v 0.0168515444 -0.0660172924 0.00502431626
v 0.024314329 -0.065770559 0.00191162119
v 0.0168519113 -0.0660352558 0.00842802972
v 0.00531322137 -0.0660325587 0.00842516869
v 0.0168520361 -0.0660417601 0.0125027839
v 0.0285785943 -0.0657702386 0.00191258907
v 0.0242178347 -0.0660368726 0.00842974707
v 0.0242171008 -0.0660190657 0.00502620684
v 0.0284511521 -0.0659717396 0.00296512363
v 0.0284532923 -0.066001147 0.0050271498
v 0.0306002684 -0.0659157112 0.00296540977
v 0.0306964964 -0.0657515228 0.00191372156
v 0.0284545757 -0.0660188422 0.00843060482
v 0.0317539871 -0.0656650588 0.00191432959
v 0.0306036752 -0.0659450069 0.00502746599
v 0.0317067206 -0.0658031181 0.00296540977
v 0.0317118056 -0.0658321232 0.00502746366
v 0.0328139961 -0.0656154752 0.00296540977
v 0.0328369848 -0.0654614866 0.00191372156
v 0.0053132223 -0.0660352558 0.0165762529
v 0.0168519132 -0.0660366043 0.0165776834
v 0.0168515444 -0.0660195872 0.019981822
v 0.00531307561 -0.0660189092 0.0199811086
v 0.0242178347 -0.0660374165 0.0165785402
v 0.0242171008 -0.066019997 0.0199822523
v 0.00531283021 -0.0659902394 0.0220440216
v 0.0168509316 -0.0659905076 0.0220443066
v 0.0242158752 -0.0659906715 0.022044478
v 0.0169001594 -0.0657646209 0.0230974238
v 0.0243143328 -0.0657713711 0.0230974667
v 0.00533252116 -0.065760538 0.0230973531
v 0.0285785962 -0.0657704473 0.0230971854
v -0.00935021974 -0.0657584369 0.0230972599
v 0.028451154 -0.065971978 0.0220445637
v 0.030696502 -0.0657515228 0.0230962802
v -0.00935514271 -0.0659898892 0.0220436491
v -0.0261096954 -0.0659894794 0.0220432207
v -0.0261096954 -0.0657576695 0.0230971519
v -0.0439075381 -0.0657575503 0.0230970383
v -0.0439075381 -0.0659890473 0.0220427625
v -0.0439075381 -0.0660293177 0.016569959
v -0.00935508125 -0.06601803 0.0199801773
v -0.0261096954 -0.0660170168 0.0199791044
v -0.00935504399 -0.0660334975 0.0165743921
v -0.00935503282 -0.0660369471 0.0124976858
v -0.0261096954 -0.0660250038 0.00841716025
v -0.0439075381 -0.0659735054 0.00294710393
v -0.00935504492 -0.0660290495 0.00842145178
v -0.0261096954 -0.0659778193 0.00295168161
v -0.0439075381 -0.0657446012 0.00189831981
v -0.0261096954 -0.0657479465 0.00190186745
v -0.00935021974 -0.0657517537 0.00190518866
v -0.00935514271 -0.0659818724 0.00295597082
v 0.00531283021 -0.0659853742 0.00295968773
v 0.00531307468 -0.0660143271 0.00502117164
v 0.00533252116 -0.0657564849 0.00190807343
v 0.0349622816 0.0649916157 0.00502746599
v 0.0349697396 0.0650076196 0.0165791139
v 0.0359652601 0.0645274296 0.0125050005
v 0.03391736 0.0653821155 0.00843089074
v 0.0359622128 0.0645224005 0.00843089074
v 0.0359378085 0.0644821525 0.00296540977
v 0.0328255668 0.0656576902 0.00843089074
v 0.0328212269 0.0656405687 0.0199825373
v 0.0339115299 0.065365456 0.00502746459
v 0.0349498466 0.0649649426 0.00296540977
v 0.035891097 0.0643675774 0.00191432959
v 0.0349332578 0.064817965 0.00191372156
v 0.0339089297 0.0651656389 0.00191311608
v 0.0339018069 0.0653376877 0.00296540977
v 0.0328139961 0.0656120479 0.00296540977
v 0.0328369886 0.0654566363 0.00191372156
v 0.0317539908 0.0656604841 0.00191432959
v 0.0328212269 0.0656405687 0.00502746599
v 0.0317067206 0.0657996982 0.00296540977
v 0.0317118056 0.0658287033 0.00502746366
v 0.0306002721 0.065912284 0.00296540977
v 0.030696502 0.0657466799 0.00191372156
v 0.0317148529 0.0658461079 0.00843089074
v 0.0306036752 0.0659415796 0.00502746599
v 0.028451154 0.0659683123 0.00296512363
v 0.0306057222 0.0659591556 0.00843089074
v 0.0284532961 0.0659977198 0.00502714887
v 0.0242158752 0.0659862682 0.00296426541
v 0.0242171008 0.0660156459 0.00502620684
v 0.0284545757 0.0660154149 0.00843060482
v -0.0439075381 0.0657377243 0.00189831736
v -0.0439075381 0.0659700781 0.0029471016
v -0.0439075381 0.0660270378 0.0124908136
v 0.0242180806 0.0660395771 0.0125041148
v 0.0242171008 0.0660165623 0.0199822523
v 0.0284532923 0.0659979507 0.0199824665
v 0.0306036752 0.0659415796 0.0199825391
v 0.0317118056 0.0658287033 0.0199825373
v -0.0439075381 0.0657506809 0.0230970364
v 0.0306965001 0.0657466799 0.0230962802
v -0.0439075381 0.06598562 0.0220427606
v 0.0242158752 0.0659872442 0.022044478
v 0.0284511521 0.0659685582 0.0220445637
v 0.0306002684 0.065912284 0.0220445935
v 0.0317539908 0.0656604841 0.023095673
v 0.0317067206 0.0657996982 0.0220445935
v 0.0328139961 0.0656120479 0.0220445935
v 0.0328369886 0.0654566363 0.0230962802
v 0.0339089334 0.0651656389 0.0230968874
v 0.0339018106 0.0653376877 0.0220445935
v 0.0349498466 0.0649649352 0.0220445935
v 0.0349332578 0.064817965 0.0230962802
v 0.035891097 0.0643675774 0.023095673
v 0.0359378085 0.0644821525 0.0220445935
v 0.0339115299 0.0653654486 0.0199825373
v 0.0384151042 -0.0623772815 0.016579112
v 0.0390278473 -0.0614682697 0.0125050023
v 0.0390077271 -0.0614560619 0.0199825373
v 0.0384012274 -0.0623664483 0.0199825373
v 0.0395080335 -0.0604727454 0.0165791139
v 0.0395133682 -0.0604752302 0.0125050023
v 0.0394920297 -0.0604652837 0.0199825391
v 0.0383781046 -0.0623483956 0.0220445935
v 0.0398880914 -0.0594291873 0.0125050023
v 0.0389825776 -0.0614408106 0.0220445935
v 0.0394653566 -0.0604528487 0.0220445935
v 0.0398658738 -0.0594214126 0.0199825373
v 0.039882537 -0.0594272427 0.0165791139
v 0.0388668627 -0.0613964014 0.023095673
v 0.0393169671 -0.0604391024 0.0230962802
v 0.0382674597 -0.0622694343 0.0230962802
v 0.0396643691 -0.0594224893 0.0230968874
v 0.0375544727 -0.0630608574 0.0230968874
v 0.039838098 -0.0594116896 0.0220445935
v 0.0401124656 -0.0583445244 0.0220445935
v 0.0399556421 -0.0583715029 0.0230962802
v 0.037662264 -0.0631652623 0.0220445935
v 0.0401581079 -0.0583560914 0.016579112
v 0.0368453898 -0.0638810992 0.0220445935
v 0.0367635936 -0.0637732968 0.0230962802
v 0.0358910933 -0.0643721521 0.023095673
v 0.0359378047 -0.0644855797 0.0220445935
v 0.0359530598 -0.0645107254 0.0199825373
v 0.037682984 -0.0631859824 0.0199825373
v 0.0368634425 -0.0639042258 0.0199825391
v 0.0368742757 -0.0639181063 0.0165791139
v 0.0359622091 -0.0645258203 0.0165791139
v 0.0359652601 -0.0645308495 0.0125050023
v 0.0376954116 -0.0631984174 0.0165791139
v 0.0376995578 -0.0632025599 0.0125050023
v 0.0368778855 -0.0639227331 0.0125050023
v 0.0368742757 -0.0639181063 0.00843089074
v 0.0384197272 -0.0623808913 0.0125050023
v 0.0359530598 -0.0645107254 0.00502746366
v 0.0376954116 -0.0631984174 0.00843089074
v 0.0384151042 -0.0623772815 0.00843089074
v 0.0368634425 -0.0639042258 0.00502746599
v 0.037682984 -0.0631859824 0.00502746366
v 0.0368453898 -0.0638810992 0.00296540977
v 0.0359378047 -0.0644855797 0.00296540977
v 0.0358910933 -0.0643721521 0.00191432959
v 0.0367635898 -0.0637732968 0.00191372156
v 0.037554469 -0.0630608574 0.00191311608
v 0.037662264 -0.0631652623 0.00296540977
v 0.0384012274 -0.0623664446 0.00502746599
v 0.0383781008 -0.0623483919 0.00296540977
v 0.0382674597 -0.0622694343 0.00191372156
v 0.0388668627 -0.0613963939 0.00191432959
v 0.0390077308 -0.0614560582 0.00502746366
v 0.0389825776 -0.0614408106 0.00296540977
v -0.0448597893 0.0696867555 0.0213500597
v -0.0447016619 0.0699360073 0.0213930774
v -0.0447423086 0.0699362606 0.0183112994
v -0.0447921529 0.0696864799 0.0225505959
v -0.0446206667 0.069934912 0.0225530863
v -0.0449374951 0.0690110177 0.0213435311
v -0.0444381908 0.0699315742 0.0234179925
v -0.044604376 0.0696856454 0.0234921668
v -0.0442361869 0.0696850866 0.0241700821
v -0.0441026986 0.0699293539 0.024020493
v -0.0446832068 0.0690110102 0.0235340782
v -0.0443017781 0.0690110102 0.0242410395
v -0.0448739231 0.0690110102 0.0225622654
v -0.044328142 0.0677025393 0.0242674071
v -0.0447125062 0.0677025393 0.0235555638
v -0.0449046902 0.0677025467 0.0225778911
v -0.0449687466 0.0677025393 0.0213532969
v -0.0449231416 0.0655550882 0.0225872658
v -0.044987496 0.0655550882 0.0213591568
v -0.0447388738 0.0612320974 0.0235748999
v -0.0449968725 -0.0613490976 0.0213620868
v -0.0447300859 -0.0656282157 0.00147550588
v -0.0447388738 0.0612320974 0.00146906148
v -0.0443518832 -0.0613490939 0.000752823427
v -0.0449323766 -0.0613490939 0.00245200633
v -0.0449687466 -0.0677391067 0.00369066489
v -0.0449968725 -0.0613490976 0.00368187437
v -0.0443518721 0.0612320974 0.000752823427
v -0.0447125062 0.0677025393 0.00148839958
v -0.0443281457 0.0677025393 0.000776553177
v -0.0449231416 0.0655550882 0.00245669601
v -0.044987496 0.0655550882 0.00368480454
v -0.0446832068 0.0690110177 0.00150988111
v -0.0443017781 0.0690110102 0.000802922295
v -0.0449046902 0.0677025393 0.00246606837
v -0.0442361869 0.0696850866 0.000873878074
v -0.044604376 0.0696856454 0.00155179505
v -0.0444381908 0.0699315816 0.00162596942
v -0.0441026986 0.0699293539 0.00102346903
v -0.0447921567 0.0696864799 0.0024933673
v -0.0446206667 0.069934912 0.00249087578
v -0.0448739231 0.0690110102 0.00248169666
v -0.0447016619 0.0699359998 0.00365088461
v -0.0449374951 0.0690110102 0.0037004305
v -0.0448597893 0.0696867481 0.00369390263
v -0.0449687466 0.0677025393 0.00369066489
v -0.0447501466 0.0699365288 0.00856521353
v -0.0443518795 0.0612320974 0.0242911372
v -0.044343967 -0.0656282082 0.0242832266
v -0.0447300859 -0.0656282082 0.0235684533
v -0.0449231416 -0.0656282082 0.0225872658
v -0.0443281457 -0.0677391067 0.0242674071
v -0.0447125062 -0.0677391067 0.0235555638
v -0.0446832068 -0.0690256432 0.0235340782
v -0.0443017781 -0.0690256432 0.0242410395
v -0.0449046902 -0.0677391067 0.0225778911
v -0.0442361869 -0.0696887523 0.0241700821
v -0.0449687466 -0.0677391067 0.0213532969
v -0.044604376 -0.0696893036 0.0234921668
v -0.0444381908 -0.0699315816 0.0234179925
v -0.0441026986 -0.0699293613 0.024020493
v -0.0447921567 -0.0696901307 0.0225505959
v -0.0446206667 -0.069934912 0.0225530863
v -0.0448739231 -0.0690256432 0.0225622654
v -0.0449374951 -0.0690256432 0.0213435311
v -0.0448597893 -0.0696904063 0.0213500597
v -0.0448661149 -0.0696904287 0.0199111402
v -0.0447269529 -0.0699360594 0.0199688543
v -0.0447501466 -0.0699365363 0.0164787471
v -0.0448719114 -0.0696905404 0.0164343584
v -0.044752907 -0.0699367672 0.0145295309
v -0.0447530188 -0.069936879 0.0125219813
v -0.044752907 -0.0699367747 0.0105144307
v -0.0448719077 -0.0696905479 0.00860960502
v -0.0447501466 -0.0699365363 0.00856521446
v -0.0449374951 -0.0690256432 0.0037004305
v -0.0448661149 -0.0696904287 0.00513282325
v -0.0447269529 -0.0699360594 0.00507510919
v -0.0447016619 -0.0699360073 0.00365088461
v -0.0448597893 -0.0696904063 0.00369390263
v -0.0447921529 -0.0696901307 0.0024933673
v -0.0446206667 -0.0699349195 0.00249087578
v -0.0444381908 -0.0699315816 0.00162596942
v -0.044604376 -0.0696893036 0.00155179505
v -0.0442361869 -0.0696887523 0.000873878074
v -0.0441026911 -0.0699293613 0.00102346903
v -0.0446832068 -0.0690256432 0.00150988344
v -0.0443017781 -0.0690256432 0.000802922295
v -0.0448739231 -0.0690256432 0.00248169666
v -0.044328142 -0.0677391067 0.000776555564
v -0.0449046902 -0.0677391067 0.0024660707
v -0.0447125062 -0.0677391067 0.00148839958
v 0.0427408218 -0.0661077946 0.000885782298
v 0.0427261144 -0.0660963133 0.000534620311
v 0.0433689021 -0.0651314557 0.000534620311
v 0.042701602 -0.0660771728 0.000303926499
v 0.0419648886 -0.0669648871 0.000534620311
v 0.0433422476 -0.0651152879 0.000303926499
v 0.0419429317 -0.0669429302 0.000303926499
v 0.0438539125 -0.0640682131 0.000303926499
v 0.0410771742 -0.0677016005 0.000303926499
v 0.04388218 -0.0640813932 0.000534620311
v 0.0410963148 -0.0677261055 0.000534620311
v 0.0401314534 -0.0683688968 0.000534620311
v 0.0401152894 -0.0683422461 0.000303926499
v 0.0411077961 -0.0677408129 0.000885782298
v 0.0401411541 -0.0683848858 0.000885782298
v 0.0401443876 -0.0683902204 0.00129717356
v 0.0419780686 -0.0669780672 0.000885782298
v 0.041111622 -0.0677457154 0.00129717356
v 0.0419824608 -0.0669824481 0.00129717356
v 0.0410963148 -0.0677261055 0.00205972907
v 0.0401411541 -0.0683848932 0.00170856714
v 0.0401314534 -0.0683688968 0.00205972907
v 0.0419780649 -0.0669780672 0.00170856714
v 0.0410771742 -0.0677016005 0.00229042536
v 0.0401152894 -0.0683422387 0.00229042536
v 0.0419648886 -0.0669648871 0.00205972907
v 0.0419429317 -0.0669429302 0.00229042536
v 0.042701602 -0.0660771728 0.00229042536
v 0.0427261069 -0.0660963133 0.00205972907
v 0.0427408181 -0.0661078021 0.00170856714
v 0.0433848947 -0.0651411563 0.00170856714
v 0.0433422476 -0.0651152879 0.00229042536
v 0.0427457243 -0.0661116242 0.00129717356
v 0.0438539125 -0.0640682131 0.00229042536
v 0.0433902256 -0.0651443899 0.00129717356
v 0.043899145 -0.0640892982 0.00170856714
v 0.0442783944 -0.0629750565 0.00205972907
v 0.0442489572 -0.0629647598 0.00229042536
v 0.0433848947 -0.0651411563 0.000885782298
v 0.0445397422 -0.0618337393 0.00229042536
v 0.043899145 -0.0640892982 0.000885782298
v 0.0439048 -0.0640919358 0.00129717356
v 0.0445699729 -0.0618414022 0.00205972907
v 0.0445881113 -0.0618459992 0.00170856714
v 0.0447693616 -0.0607093535 0.00205972907
v 0.0447386168 -0.0607039668 0.00229042536
v 0.0448579453 -0.0596042462 0.00229042536
v 0.0442783944 -0.0629750565 0.000534620311
v 0.0442489572 -0.0629647672 0.000303926499
v 0.0445397422 -0.0618337467 0.000303926499
v 0.0449488051 -0.0568360761 0.00205972907
v 0.0449176133 -0.0568338111 0.00229042536
v 0.0445699804 -0.0618414022 0.000534620311
v 0.0447693579 -0.0607093535 0.000534620311
v 0.0447386168 -0.0607039668 0.000303926499
v 0.0448579453 -0.0596042462 0.000303926499
v 0.0447878093 -0.0607125871 0.000885782298
v 0.0447939485 -0.0607136637 0.00129717356
v 0.0447878093 -0.0607125871 0.00170856714
v 0.044907622 -0.0596100166 0.00170856714
v 0.044907622 -0.0596100241 0.000885782298
v 0.0448889919 -0.059607856 0.000534620311
v 0.0449488051 -0.0568360798 0.000534620311
v 0.0449176133 -0.0568338111 0.000303926499
v 0.0449737646 -0.0568378828 0.00129717356
v 0.044987496 -0.0506939888 0.000885782298
v 0.0401443914 0.0683902279 0.0237467866
v 0.0401411541 0.0683849007 0.0241581798
v 0.0410963148 0.0677261129 0.0245093387
v 0.041982457 0.0669824556 0.0237467866
v 0.0427408107 0.0661077946 0.0241581798
v 0.0427408107 0.0661077946 0.0233353935
v 0.0401314609 0.0683689043 0.0245093387
v 0.0419648886 0.0669648871 0.0245093387
v 0.0410771817 0.0677016005 0.0247400366
v 0.0401152894 0.0683422461 0.0247400366
v 0.0419429317 0.0669429302 0.0247400366
v 0.0427015983 0.0660771728 0.0247400366
v 0.0427261069 0.0660963133 0.0245093387
v 0.0433422364 0.0651152879 0.0247400366
v 0.043384891 0.0651411563 0.0241581798
v 0.0433902182 0.0651443824 0.0237467866
v 0.043384891 0.0651411489 0.0233353935
v 0.0438991413 0.0640892982 0.0233353935
v 0.0439047925 0.0640919358 0.0237467866
v 0.0438991413 0.0640893057 0.0241581798
v 0.0438539088 0.0640682131 0.0247400366
v 0.0443019383 0.062979646 0.0237467866
v 0.0442960486 0.0629775897 0.0233353935
v 0.0442960486 0.0629775897 0.0241581798
v 0.0442489572 0.062961109 0.0247400366
v 0.0445881076 0.0618313774 0.0233353935
v 0.0445397384 0.0618191175 0.0247400366
v 0.0445881076 0.0618313774 0.0241581798
v 0.0447693579 0.0606727973 0.0245093387
v 0.0445699692 0.0618267804 0.0245093387
v 0.0447386168 0.0606673993 0.0247400366
v 0.0448579453 0.059531115 0.0247400366
v 0.0448889919 0.0595347285 0.0245093387
v 0.0449076183 0.0595368929 0.0241581798
v 0.0449176058 0.0567168146 0.0247400366
v 0.0449675284 0.0567204356 0.0241581798
v 0.0449737646 0.0567208938 0.0237467866
v 0.0449374951 0.0505310334 0.0247400366
v 0.0449687466 0.0505323298 0.0245093387
v 0.0449737646 0.0567208938 0.00129717588
v 0.0449374951 0.0392803252 0.000303926499
v 0.0449488051 0.0567190796 0.000534620311
v 0.0449176058 0.0567168072 0.000303926499
v 0.044993747 0.0505333692 0.00129717356
v 0.0449937433 0.0392814986 0.00129717356
v 0.0448579453 0.059531115 0.000303926499
v 0.0449675284 0.0567204356 0.000885782298
v 0.0448889919 0.0595347285 0.000534620311
v 0.044907622 0.0595368929 0.000885782298
v 0.0447693579 0.0606727861 0.000534620311
v 0.0447386168 0.0606673993 0.000303926499
v 0.0445397422 0.0618191138 0.000303926499
v 0.0445699692 0.0618267804 0.000534620311
v 0.0445881076 0.0618313774 0.000885782298
v 0.044278387 0.0629714057 0.000534620311
v 0.0442489572 0.0629611015 0.000303926499
v 0.0438539125 0.0640682131 0.000303926499
v 0.0447939485 0.0606771074 0.00129717356
v 0.0442960486 0.0629775897 0.000885782298
v 0.0449138246 0.0595376194 0.00129717356
v 0.04388218 0.0640813932 0.000534620311
v 0.0438991413 0.0640892982 0.000885782298
v 0.0433688983 0.0651314557 0.000534620311
v 0.0433422476 0.0651152879 0.000303926499
v 0.042701602 0.0660771802 0.000303926499
v 0.0427261069 0.0660963133 0.000534620311
v 0.0419429317 0.0669429302 0.000303926499
v 0.0427408107 0.0661077946 0.000885782298
v 0.043384891 0.0651411489 0.000885782298
v 0.0410771742 0.0677016079 0.000303926499
v 0.0401152931 0.0683422461 0.000303926499
v 0.0401314646 0.0683689117 0.000534620311
v 0.0411077924 0.0677408203 0.000885782298
v 0.0401411541 0.0683849007 0.00170856714
v 0.0419780649 0.0669780746 0.000885782298
v 0.041982457 0.0669824556 0.00129717356
v 0.0410963148 0.0677261129 0.00205972907
v 0.0427457131 0.0661116242 0.00129717356
v 0.0410771817 0.0677016005 0.00229042536
v 0.0401152894 0.0683422461 0.00229042536
v 0.0419648886 0.0669648871 0.00205972907
v 0.0419429317 0.0669429302 0.00229042536
v 0.0427015983 0.0660771728 0.00229042536
v 0.0427408107 0.0661077946 0.00170856714
v 0.0433422364 0.0651152879 0.00229042536
v 0.043384891 0.0651411489 0.00170856714
v 0.0433902219 0.0651443824 0.00129717356
v 0.0438539088 0.0640682131 0.00229042536
v 0.04388218 0.0640813932 0.00205972907
v 0.0439047925 0.0640919358 0.00129717356
v 0.0438991413 0.0640892982 0.00170856714
v 0.0443019383 0.062979646 0.00129717356
v 0.0442783944 0.0629714131 0.00205972907
v 0.0442489572 0.0629611015 0.00229042536
v 0.0442960486 0.0629775897 0.00170856714
v 0.0445397384 0.0618191175 0.00229042536
v 0.0445881076 0.0618313774 0.00170856714
v 0.0448889919 0.0595347285 0.00205972907
v 0.0447386168 0.0606673993 0.00229042536
v 0.0448579453 0.059531115 0.00229042536
v 0.0449076183 0.0595368929 0.00170856714
v 0.0449675284 0.0567204356 0.00170856714
v 0.0449374951 0.0505310334 0.00229042536
v 0.0449687466 0.0505323298 0.00205972907
v 0.0449687466 0.0392809808 0.00205972907
v 0.044987496 0.039281372 0.00170856714
v 0.0394653566 -0.0604528487 0.00296540977
v 0.0393169671 -0.0604391024 0.00191372156
v 0.0390228182 -0.0614652112 0.00843089074
v 0.0396643691 -0.0594224893 0.00191311608
v 0.0395080335 -0.0604727417 0.00843089074
v 0.0394920297 -0.06046528 0.00502746599
v 0.0398381017 -0.0594116896 0.00296540977
v 0.0398658738 -0.0594214126 0.00502746366
v 0.0401124731 -0.0583445244 0.00296540977
v 0.0399556458 -0.0583715029 0.00191372156
v 0.0401581079 -0.0583560914 0.00843089074
v 0.0401409902 -0.0583517514 0.00502746599
v 0.0401597656 -0.0573289581 0.00191432959
v 0.0395536274 -0.0584697872 0.00154139998
v 0.0398083068 -0.0574924424 0.0015438319
v 0.0403001197 -0.0572785288 0.00296540977
v 0.0403291211 -0.0572836138 0.00502746366
v 0.0404127091 -0.0562408939 0.00296540977
v 0.0402456857 -0.0563376769 0.00191372156
v 0.0404420048 -0.0562443025 0.00502746599
v 0.0403465256 -0.0572866648 0.00843089074
v 0.0404690057 -0.0536268726 0.00296540977
v 0.0404595807 -0.0562463477 0.00843089074
v 0.0404984429 -0.0536290184 0.00502746366
v 0.04048777 -0.0478317253 0.00296540977
v 0.0359652601 0.0645274296 0.0125050005
v 0.0359378085 0.0644821525 0.0220445935
v 0.0368634462 0.063900806 0.0199825373
v 0.0376954116 0.0631949902 0.0165791139
v 0.0376829877 0.06318257 0.00502746366
v 0.0384151004 0.0623738579 0.0165791139
v 0.0384012274 0.0623630211 0.00502746599
v 0.037662264 0.0631618425 0.0220445935
v 0.0368453898 0.0638776794 0.0220445935
v 0.035891097 0.0643675774 0.023095673
v 0.0367635936 0.0637684539 0.0230962802
v 0.037554469 0.0630557314 0.0230968874
v 0.0383781008 0.0623449646 0.0220445935
v 0.0382674597 0.062264584 0.0230962802
v 0.0388668589 0.0613918193 0.023095673
v 0.0389825739 0.061437387 0.0220445935
v 0.0390077233 0.0614526458 0.0199825373
v 0.0394653566 0.0604494289 0.0220445935
v 0.0393169634 0.0604342483 0.0230962802
v 0.0390278473 0.0614648387 0.0125050023
v 0.0396643691 0.0594137758 0.0230968874
v 0.0395133682 0.0604717992 0.0125050023
v 0.039838098 0.0594048202 0.0220445935
v 0.0398658738 0.0594145395 0.0199825373
v 0.0401124656 0.0583273061 0.0220445935
v 0.0399556421 0.0583522804 0.0230962802
v 0.0390077271 0.0614526346 0.00502746366
v 0.0395080335 0.0604693107 0.00843089074
v 0.0394920297 0.0604618527 0.00502746599
v 0.0398658738 0.059414532 0.00502746366
v 0.0398880914 0.0594223067 0.0125050023
v 0.0401581079 0.0583388694 0.00843089074
v 0.0401638113 0.0583403185 0.0125050023
v 0.0401581042 0.0583388694 0.0165791139
v 0.0403465219 0.0572487488 0.0165791139
v 0.0403465256 0.0572487451 0.00843089074
v 0.0401409902 0.0583345369 0.0199825391
v 0.0404595807 0.0561739244 0.00843089074
v 0.0403291211 0.0572456978 0.0199825373
v 0.040459577 0.0561739281 0.016579112
v 0.0405219942 0.0535169058 0.0125050023
v 0.0405161045 0.0535164773 0.00843089074
v 0.0405408442 0.0476787128 0.0125050023
v 0.0405408442 0.0370620824 0.0125050005
v 0.0405161008 0.0535164811 0.0165791139
v 0.0405349433 0.0476784706 0.0165791139
v 0.0404984392 0.0535151958 0.0199825373
v 0.0404420011 0.0561718829 0.0199825373
v 0.0404127091 0.056168478 0.0220445935
v 0.0449687466 0.0392809808 0.0245093387
v 0.0449374951 0.0392803326 0.0247400366
v 0.044993747 0.0505333692 0.0237467866
v 0.044987496 0.0505331121 0.0233353935
v 0.0449374951 0.0212712567 0.0247400366
v 0.0449937433 0.0392814986 0.0237467866
v 0.0449687466 0.0505323298 0.0229842328
v 0.044987496 0.039281372 0.0241581798
v 0.044993747 0.0212717243 0.0237467866
v 0.0449937433 -0.000113348862 0.0237467866
v 0.044987496 -0.000113348862 0.0241581798
v 0.0449375026 -0.0214906409 0.0247400366
v 0.044987496 -0.0214910563 0.0241581798
v 0.0449375026 -0.0394777767 0.0247400366
v 0.0449875034 -0.0506939888 0.0233353935
v 0.0449687466 -0.0506932065 0.0245093387
v 0.0448889919 -0.059607856 0.0245093387
v 0.0448579453 -0.0596042462 0.0247400366
v 0.0449138358 -0.0596107431 0.0237467866
v 0.0449675284 -0.0568374395 0.0241581798
v 0.0448579453 -0.0596042462 0.0227535367
v 0.0447878093 -0.0607125871 0.0233353935
v 0.044907622 -0.0596100241 0.0241581798
v 0.0447878093 -0.0607125871 0.0241581798
v 0.0447693579 -0.0607093535 0.0245093387
v 0.0447386205 -0.0607039668 0.0247400366
v 0.0445397459 -0.0618337393 0.0247400366
v 0.0445941649 -0.061847534 0.0237467866
v 0.0445699804 -0.0618414022 0.0245093387
v 0.0442783944 -0.0629750565 0.0245093387
v 0.0442489609 -0.0629647598 0.0247400366
v 0.044296056 -0.0629812479 0.0241581798
v 0.044301942 -0.0629832968 0.0237467866
v 0.0438539125 -0.0640682131 0.0247400366
v 0.04388218 -0.0640813932 0.0245093387
v 0.043899145 -0.0640892982 0.0241581798
v 0.0439048 -0.0640919283 0.0237467866
v 0.0433689021 -0.0651314631 0.0245093387
v 0.0433902219 -0.0651443899 0.0237467866
v 0.0433848947 -0.0651411563 0.0241581798
v 0.0449687541 -0.0394784212 0.000534620311
v 0.0449375063 -0.0394777767 0.000303926499
v 0.0449375026 -0.0214906409 0.000303926499
v 0.0449675284 -0.0568374358 0.00170856714
v 0.044993747 -0.0506942458 0.00129717356
v 0.0449687466 -0.0214908998 0.000534620311
v 0.0449687466 -0.0506932065 0.00205972907
v 0.0449687466 -0.000113349161 0.000534620311
v 0.0449375026 -0.000113349459 0.000303926499
v 0.0449375026 0.021271253 0.000303926499
v 0.0449687466 -0.0214908998 0.00205972907
v 0.0449687466 -0.00011334812 0.00205972907
v 0.044993747 -0.0214911085 0.00129717356
v 0.044987496 -0.000113348862 0.00170856714
v 0.0449687466 0.0212715194 0.00205972907
v 0.0449937433 -0.000113349008 0.00129717356
v 0.044987496 0.0212716702 0.00170856714
v 0.044993747 0.0212717243 0.00129717356
v 0.0449687466 0.0212715138 0.000534620311
v 0.0449687466 0.0392809771 0.000534620311
v 0.044987496 0.0392813683 0.000885782298
v 0.0427408181 -0.0661078021 0.0241581798
v 0.0427261107 -0.0660963133 0.0245093387
v 0.042701602 -0.0660771802 0.0247400366
v 0.0433422476 -0.0651152879 0.0247400366
v 0.0419648886 -0.0669648871 0.0245093387
v 0.0419429317 -0.0669429302 0.0247400366
v 0.0410771742 -0.0677016005 0.0247400366
v 0.0411077924 -0.0677408203 0.0241581798
v 0.0401314534 -0.0683688968 0.0245093387
v 0.0401152894 -0.0683422461 0.0247400366
v 0.0401411541 -0.0683848932 0.0241581798
v 0.0401443914 -0.0683902204 0.0237467866
v 0.041111622 -0.0677457154 0.0237467866
v 0.041982457 -0.0669824481 0.0237467866
v 0.0411077924 -0.0677408129 0.0233353935
v 0.0401411541 -0.0683848858 0.0233353935
v 0.0427457131 -0.0661116242 0.0237467866
v 0.0401314609 -0.0683688968 0.0229842328
v 0.0410963111 -0.0677261055 0.0229842328
v 0.0410771742 -0.0677016005 0.0227535367
v 0.0401152894 -0.0683422461 0.0227535367
v 0.0419648886 -0.0669648871 0.0229842328
v 0.0419429317 -0.0669429302 0.0227535367
v 0.042701602 -0.0660771728 0.0227535367
v 0.0427408181 -0.0661077946 0.0233353935
v 0.0433689021 -0.0651314557 0.0229842328
v 0.0433422476 -0.0651152879 0.0227535367
v 0.0438539125 -0.0640682131 0.0227535367
v 0.0433848947 -0.0651411563 0.0233353935
v 0.04388218 -0.0640813932 0.0229842328
v 0.043899145 -0.0640892982 0.0233353935
v 0.0442783944 -0.0629750565 0.0229842328
v 0.0442489572 -0.0629647672 0.0227535367
v 0.0445397422 -0.0618337467 0.0227535367
v 0.044296056 -0.0629812479 0.0233353935
v 0.0445699804 -0.0618414022 0.0229842328
v 0.0447693616 -0.0607093535 0.0229842328
v 0.0447386168 -0.0607039668 0.0227535367
v 0.0449176133 -0.0568338111 0.0227535367
v 0.0449488051 -0.0568360798 0.0229842328
v 0.0449375026 -0.0506919138 0.0227535367
v 0.0449687578 -0.0394784249 0.0229842328
v 0.0449375063 -0.0394777767 0.0227535367
v 0.0449375026 -0.0214906409 0.0227535367
v 0.0449687541 -0.0214908998 0.0229842328
v 0.0449875034 -0.0214910563 0.0233353935
v 0.0449374951 -0.000113348862 0.0227535367
v 0.0449374951 0.0212712567 0.0227535367
v 0.0449875034 -0.0394788124 0.0233353935
v 0.0449176058 0.0567168146 0.0227535367
v 0.0449488051 0.0567190796 0.0229842328
v 0.0448579453 0.059531115 0.0227535367
v 0.0448889919 0.0595347285 0.0229842328
v 0.0447693579 0.0606727861 0.0229842328
v 0.0447386168 0.0606673993 0.0227535367
v 0.0445397422 0.0618191138 0.0227535367
v 0.0449675284 0.0567204356 0.0233353935
v 0.0445699692 0.0618267804 0.0229842328
v 0.0442489572 0.0629611015 0.0227535367
v 0.0438539125 0.0640682131 0.0227535367
v 0.04388218 0.0640813932 0.0229842328
v 0.0433688909 0.0651314482 0.0229842328
v 0.0433422476 0.0651152879 0.0227535367
v 0.042701602 0.0660771802 0.0227535367
v 0.0419780649 0.0669780746 0.0233353935
v 0.0419429317 0.0669429302 0.0227535367
v 0.0410771817 0.0677016005 0.0227535367
v 0.0411077924 0.0677408203 0.0233353935
v 0.0401411541 0.0683848932 0.0233353935
v 0.0401152931 0.0683422461 0.0227535367
v 0.0404877774 -0.0372507013 0.00296540977
v 0.04048777 -0.020279061 0.00296540977
v 0.0402496308 -0.000108614018 0.00191250572
v 0.0405219942 -0.0536307245 0.0125050023
v 0.0405172594 -0.0202793032 0.00502746599
v 0.0405161045 -0.0536302961 0.00843089074
v 0.0404877663 -0.000108660359 0.00296540977
v 0.0405172557 -0.000108660359 0.00502746459
v 0.0404877663 0.0200686399 0.00296540977
v 0.0402557291 0.0371097475 0.00191250572
v 0.0404877663 0.0476765037 0.00296540977
v 0.0402635112 0.0536396019 0.00191281084
v 0.0405172557 0.0370615907 0.00502746366
v 0.040469002 0.0535130575 0.00296540977
v 0.0404984392 0.0535151958 0.00502746459
v 0.0404127128 0.056168478 0.00296540977
v 0.0402456857 0.0562649816 0.00191372156
v 0.0401597582 0.0572894625 0.00191432959
v 0.0404420048 0.0561718829 0.00502746599
v 0.0403001197 0.0572406091 0.00296540977
v 0.0398083031 0.0574481972 0.0015438319
v 0.0395536274 0.0584445707 0.00154139998
v 0.0399556421 0.0583522804 0.00191372156
v 0.0401124656 0.0583273023 0.00296540977
v 0.0396643691 0.0594137758 0.00191311608
v 0.0401409902 0.0583345294 0.00502746599
v 0.039838098 0.0594048165 0.00296540977
v 0.0394653529 0.0604494214 0.00296540977
v 0.0393169634 0.0604342483 0.00191372156
v 0.0388668589 0.0613918155 0.00191432959
v 0.0389825739 0.061437387 0.00296540977
v 0.0383781046 0.0623449683 0.00296540977
v 0.0382674597 0.062264584 0.00191372156
v 0.0375544727 0.0630557314 0.00191311608
v 0.037662264 0.0631618425 0.00296540977
v 0.0368453898 0.0638776794 0.00296540977
v 0.0367635936 0.0637684539 0.00191372156
v 0.035891097 0.0643675774 0.00191432959
v 0.0359378085 0.0644821525 0.00296540977
v 0.0368634425 0.063900806 0.00502746599
v 0.0359622128 0.0645224005 0.00843089074
v 0.0368778892 0.0639193058 0.0125050023
v 0.0403001159 0.0572406128 0.0220445935
v 0.0401597582 0.0572894625 0.023095673
v 0.0395536274 0.058444567 0.0234686024
v 0.0398083031 0.0574481972 0.0234661717
v 0.0402456857 0.0562649816 0.0230962802
v 0.0402635112 0.0536396019 0.023097191
v 0.040469002 0.0535130575 0.0220445935
v 0.0404877663 0.0476765037 0.0220445935
v 0.0405172557 0.0476777293 0.0199825391
v 0.0405172482 0.0370615944 0.0199825373
v 0.0404877663 0.0200686399 0.0220445935
v 0.0405349433 0.0370619632 0.0165791139
v 0.0402496308 -0.000108614018 0.0230974946
v 0.0405172557 0.020068882 0.0199825373
v 0.0405349433 0.020069031 0.016579112
v 0.0405408442 0.0200690813 0.0125050023
v 0.0404877663 -0.000108660359 0.0220445935
v 0.0405172557 -0.000108660955 0.0199825373
v 0.04048777 -0.020279061 0.0220445935
v 0.0402511582 -0.0202983823 0.0230974946
v 0.0405349433 -0.0202794559 0.0165791139
v 0.0402557328 -0.0372990035 0.0230974946
v 0.04048777 -0.0372507013 0.0220445935
v 0.04048777 -0.0478317253 0.0220445935
v 0.0402633585 -0.0479283333 0.0230974946
v 0.040263515 -0.0537525155 0.023097191
v 0.0404127128 -0.0562408939 0.0220445935
v 0.0404984429 -0.0536290146 0.0199825373
v 0.0402456857 -0.0563376732 0.0230962802
v 0.0405349433 -0.0478336811 0.016579112
v 0.0405349433 -0.0372516848 0.0165791139
v 0.0401597582 -0.0573289543 0.023095673
v 0.0404420048 -0.0562443025 0.0199825391
v 0.0405408442 -0.037251804 0.0125050023
v 0.0405161045 -0.0536302961 0.0165791139
v 0.0404595807 -0.0562463477 0.0165791139
v 0.0403001197 -0.0572785288 0.0220445935
v 0.0395536274 -0.0584697872 0.0234686024
v 0.0398083031 -0.0574924387 0.0234661717
v 0.0403523333 -0.0572876856 0.0125050023
v 0.0404654406 -0.0562470257 0.0125050023
v 0.0405408442 -0.0478339307 0.0125050023
v 0.0405408442 -0.0202795025 0.0125050023
v 0.0405349433 -0.000108660359 0.00843089074
v 0.0405408442 -0.000108660359 0.0125050023
v -0.0437068753 0.0612320974 0.0247208793
v -0.0443518795 0.0612320974 0.0242911372
v -0.044343967 -0.0656282082 0.0242832266
v -0.0436875373 0.0677025393 0.0246945135
v -0.044328142 0.0677025393 0.0242674071
v -0.0418108143 0.0612320974 0.0249357503
v -0.0436660573 0.0690110177 0.024665216
v -0.0443017781 0.0690110102 0.0242410395
v -0.0417967513 0.0677025467 0.0249080658
v -0.0442361869 0.0696850866 0.0241700821
v -0.0436273105 0.0696856454 0.0245796554
v -0.0435626358 0.0699315816 0.0243932847
v -0.0441026986 0.0699293539 0.024020493
v -0.0417705141 0.0696864799 0.0247882511
v -0.0417761989 0.069934912 0.0245949198
v -0.0377015918 0.0699360073 0.0246839542
v -0.0417811237 0.0690110102 0.0248773042
v -0.0376585759 0.0696867555 0.0248632394
v -0.0376520529 0.0690110102 0.0249480009
v -0.018753875 0.0699362755 0.0247279033
v -0.0376618207 0.0677025393 0.0249792505
v -0.0376676768 0.0655550808 0.0249979999
v 0.0279116258 0.0699373782 0.0247399211
v 0.0345603712 0.0696824268 0.0248760432
v 0.0322355852 0.0699175745 0.0247400068
v 0.0358443707 0.0692222267 0.0249407087
v 0.0344583839 0.0698579475 0.0247400366
v 0.035681136 0.0695910752 0.024875436
v 0.0356310382 0.069738619 0.0247400366
v 0.0368045717 0.0695397481 0.0247400366
v 0.0368289351 0.0693750381 0.0248760432
v 0.037965022 0.0690666214 0.0248766504
v 0.0379574709 0.0692489594 0.0247400366
v 0.0390682183 0.0688539147 0.0247400366
v 0.039956063 0.067920506 0.0249407087
v 0.0355807692 0.0684332177 0.0249703955
v 0.039050635 0.0686981454 0.0248760432
v 0.0400657877 0.0682208166 0.024875436
v 0.0401152894 0.0683422461 0.0247400366
v 0.0410771817 0.0677016005 0.0247400366
v 0.0409904867 0.0675858408 0.0248760432
v 0.0418286957 0.0668304712 0.0248766504
v 0.0419429317 0.0669429302 0.0247400366
v 0.0427015983 0.0660771728 0.0247400366
v 0.0410031937 0.0660206825 0.024974823
v 0.042291373 0.0657823309 0.0249431394
v -0.0443518832 -0.0613490939 0.000752823427
v -0.0443518721 0.0612320974 0.000752823427
v -0.0437004268 0.0655550882 0.000331871561
v -0.0443281457 0.0677025393 0.000776553177
v -0.043700438 -0.0656282082 0.000331871561
v -0.0418061204 0.0655550882 0.000117440271
v -0.0418061242 -0.0656282082 0.000117440271
v -0.044328142 -0.0677391067 0.000776555564
v -0.0376676805 -0.0656282082 4.59623807e-05
v -0.0436875448 -0.0677391067 0.000349450158
v -0.0436660573 -0.0690256432 0.000378747034
v -0.0443017781 -0.0690256432 0.000802922295
v -0.0417967513 -0.0677391067 0.000135896247
v -0.0442361869 -0.0696887523 0.000873878074
v -0.0436273105 -0.0696893036 0.000464305922
v -0.0435626321 -0.0699315816 0.000650677714
v -0.0441026911 -0.0699293613 0.00102346903
v -0.0417705216 -0.0696901456 0.000255711115
v -0.0417762026 -0.0699349195 0.00044904236
v -0.0417811237 -0.0690256432 0.000166659403
v -0.0377015956 -0.0699360147 0.00036000734
v -0.0376520567 -0.0690256432 9.59611425e-05
v -0.0376585834 -0.0696904138 0.000180723713
v -0.0303553194 -0.0699360743 0.000332651194
v -0.0376618207 -0.0677391067 6.47116176e-05
v -0.0187538806 -0.0699362829 0.000316057238
v 0.0358443707 -0.0692270994 0.000103254366
v 0.00875611044 -0.0699369237 0.00030449871
v 0.0204354748 -0.0699372143 0.000304212619
v 0.0279116258 -0.0699373856 0.000304040965
v 0.0336255096 -0.0680654347 6.69241417e-05
v 0.0323721059 -0.0697039887 0.000167014645
v 0.0322355889 -0.069917582 0.000303955137
v 0.0344583839 -0.0698579475 0.000303926499
v 0.0345603712 -0.0696839392 0.000167918246
v 0.0356811397 -0.0695922896 0.000168528597
v 0.0356310382 -0.069738619 0.000303926499
v 0.0368045717 -0.0695397407 0.000303926499
v 0.0368289389 -0.0693765432 0.000167918246
v 0.037965022 -0.069068417 0.000167312668
v 0.0379574671 -0.0692489594 0.000303926499
v 0.0390682146 -0.0688539073 0.000303926499
v 0.0380123928 -0.068597436 9.83906284e-05
v 0.0399560593 -0.0679253787 0.000103254366
v 0.0390506312 -0.0686996505 0.000167918246
v 0.0400657803 -0.068222031 0.000168528597
v 0.0401152894 -0.0683422461 0.000303926499
v 0.0410771742 -0.0677016005 0.000303926499
v 0.040990483 -0.0675873458 0.000167918246
v 0.0418286808 -0.0668322742 0.000167312668
v 0.037554469 -0.0630608574 0.00191311608
v 0.0372808129 -0.0627973601 0.00153896818
v 0.037991032 -0.0620758943 0.00154139998
v 0.037586201 -0.0616491884 0.00151414401
v 0.0382674597 -0.0622694343 0.00191372156
v 0.0388668627 -0.0613963939 0.00191432959
v 0.0385800712 -0.0612997487 0.0015438319
v 0.0353170671 -0.0626440272 0.00149765017
v 0.0342376865 -0.0596880428 0.00147902488
v 0.0389358178 -0.0604276918 0.00154139998
v 0.0393169671 -0.0604391024 0.00191372156
v 0.0396643691 -0.0594224893 0.00191311608
v 0.0395536274 -0.0584697872 0.00154139998
v 0.0399556458 -0.0583715029 0.00191372156
v 0.0379006229 -0.0584760047 0.00149765017
v 0.0446998216 0.0568509176 0.0248769559
v 0.0446809307 0.0596333966 0.0248760432
v 0.0442173779 0.0608874075 0.0249407087
v 0.0448579453 0.059531115 0.0247400366
v 0.0449176058 0.0567168146 0.0247400366
v 0.0449374951 0.0505310334 0.0247400366
v 0.044699654 0.0506344028 0.0248772595
v 0.0446915738 0.0393320173 0.0248772595
v 0.0449374951 0.0392803326 0.0247400366
v 0.0449374951 0.0212712567 0.0247400366
v 0.0446851104 -0.00011329999 0.0248772595
v 0.0449375026 -0.0214906409 0.0247400366
v 0.0446867272 -0.0215111189 0.0248772595
v 0.0442173816 -0.0609306693 0.0249407087
v 0.0421955474 0.06191447 0.0249868892
v 0.0446915776 -0.0395289734 0.0248772595
v 0.0449375026 -0.0394777767 0.0247400366
v 0.0446996577 -0.0507943071 0.0248772595
v 0.0446998253 -0.0569669716 0.0248769559
v 0.0448579453 -0.0596042462 0.0247400366
v 0.0446809307 -0.0597068146 0.0248760432
v 0.044589866 -0.0607574061 0.024875436
v 0.0447386205 -0.0607039668 0.0247400366
v 0.0445397459 -0.0618337393 0.0247400366
v 0.0440648273 -0.0629761964 0.0248766504
v 0.0442489609 -0.0629647598 0.0247400366
v 0.0438539125 -0.0640682131 0.0247400366
v 0.0429156534 -0.0649657845 0.0249407087
v 0.0426881872 -0.0631605983 0.024974823
v 0.0436966419 -0.0640536398 0.0248760432
v 0.0432196036 -0.0650682151 0.024875436
v 0.0433422476 -0.0651152879 0.0247400366
v 0.042701602 -0.0660771802 0.0247400366
v 0.0425843447 -0.0659935027 0.0248760432
v 0.0410031937 -0.0660382733 0.024974823
v 0.042291373 -0.0657883734 0.0249431394
v 0.0418286845 -0.0668322742 0.0248766504
v 0.0446809232 0.0596333966 0.000167918246
v 0.0449375063 -0.0394777767 0.000303926499
v 0.0449176133 -0.0568338111 0.000303926499
v 0.0449375026 -0.0214906409 0.000303926499
v 0.0449375026 -0.000113349459 0.000303926499
v 0.0449375026 0.021271253 0.000303926499
v 0.0449374951 0.0392803252 0.000303926499
v 0.0442173854 -0.060930673 0.000103254366
v 0.0442173779 0.0608874075 0.000103254366
v 0.0449176058 0.0567168072 0.000303926499
v 0.0448579453 0.059531115 0.000303926499
v 0.0436782353 0.0611510985 8.25357929e-05
v 0.0445898622 0.060719166 0.000168528597
v 0.0447386168 0.0606673993 0.000303926499
v 0.0445397422 0.0618191138 0.000303926499
v 0.0443735309 0.0618455894 0.000167918246
v 0.0440648273 0.0629705861 0.000167312668
v 0.0442489572 0.0629611015 0.000303926499
v 0.0438539125 0.0640682131 0.000303926499
v 0.0429156497 0.0649609044 0.000103254366
v 0.0436966419 0.0640521348 0.000167918246
v 0.0432196036 0.0650669932 0.000168528597
v 0.0433422476 0.0651152879 0.000303926499
v 0.042701602 0.0660771802 0.000303926499
v 0.0425843336 0.0659919828 0.000167918246
v 0.0422913693 0.0657823384 0.000100822494
v 0.0418286845 0.0668304786 0.000167312668
v 0.0419429317 0.0669429302 0.000303926499
v 0.0410771742 0.0677016079 0.000303926499
v 0.0413367935 0.0644841939 5.70726843e-05
v 0.0418623164 0.0653218627 7.35664798e-05
v 0.0419429317 -0.0669429302 0.000303926499
v 0.042701602 -0.0660771728 0.000303926499
v 0.0403076597 -0.0668907911 7.35664798e-05
v 0.042291373 -0.0657883734 0.000100822494
v 0.0383320153 -0.0632576421 3.84521954e-05
v 0.0413367935 -0.0645111278 5.70726843e-05
v 0.0424834788 -0.0648311898 8.25334064e-05
v 0.0425843373 -0.0659934878 0.000167918246
v 0.0432196036 -0.0650682151 0.000168528597
v 0.0433422476 -0.0651152879 0.000303926499
v 0.0438539125 -0.0640682131 0.000303926499
v 0.0429156534 -0.0649657845 0.000103254366
v 0.0436966419 -0.0640536398 0.000167918246
v 0.0442489572 -0.0629647672 0.000303926499
v 0.0445397422 -0.0618337467 0.000303926499
v 0.0443735346 -0.0618623346 0.000167918246
v 0.044589866 -0.0607574061 0.000168528597
v 0.0447386168 -0.0607039668 0.000303926499
v 0.0448579453 -0.0596042462 0.000303926499
v 0.0446809307 -0.0597068146 0.000167918246
v 0.0432314873 -0.0620391183 7.35664798e-05
v 0.039956063 0.067920506 0.000103254366
v 0.039810203 0.0674939528 8.25334064e-05
v 0.0409904867 0.0675858408 0.000167918246
v 0.040065784 0.068220824 0.000168528597
v 0.0401152931 0.0683422461 0.000303926499
v 0.0390682183 0.0688539147 0.000303926499
v 0.039050635 0.0686981454 0.000167918246
v 0.037965022 0.0690666288 0.000167312668
v 0.0379574709 0.0692489669 0.000303926499
v 0.0368045717 0.0695397481 0.000303926499
v 0.0368289389 0.0693750381 0.000167918246
v 0.0358443707 0.0692222267 0.000103254366
v 0.035681136 0.0695910752 0.000168528597
v 0.0356310382 0.069738619 0.000303926499
v 0.0344583839 0.0698579475 0.000303926499
v 0.0345603712 0.0696824268 0.000167918246
v 0.0368561707 0.0672223344 5.70726843e-05
v 0.038332019 0.0631906465 3.84521954e-05
v 0.0419429317 -0.0669429302 0.0247400366
v 0.0410771742 -0.0677016005 0.0247400366
v 0.0412646048 -0.0633709207 0.0249924436
v 0.0394574106 -0.0663905144 0.0249868892
v 0.0407763347 -0.0673034117 0.0249431394
v 0.0409904867 -0.0675873458 0.0248760432
v 0.040065784 -0.0682220384 0.024875436
v 0.0401152894 -0.0683422461 0.0247400366
v 0.0390682109 -0.0688539073 0.0247400366
v 0.0390295088 -0.068304725 0.0249431394
v 0.0390506275 -0.0686996505 0.0248760432
v 0.0379650146 -0.069068417 0.0248766504
v 0.0379574671 -0.0692489594 0.0247400366
v 0.0381145813 -0.0677232668 0.024974823
v 0.0368289351 -0.0693765432 0.0248760432
v 0.035681136 -0.0695922971 0.024875436
v 0.0344583839 -0.0698579475 0.0247400366
v 0.0358443707 -0.0692270994 0.0249407087
v 0.0215113685 -0.065770328 0.0249979999
v 0.0383320153 0.063190639 0.0250055119
v 0.0418623164 0.0653218627 0.0249703955
v 0.0425843373 0.0659919828 0.0248760432
v 0.0432196036 0.0650669932 0.024875436
v 0.0433422364 0.0651152879 0.0247400366
v 0.0438539088 0.0640682131 0.0247400366
v 0.0429156534 0.0649609044 0.0249407087
v 0.0436966419 0.0640521348 0.0248760432
v 0.0440648273 0.0629705936 0.0248766504
v 0.0442489572 0.062961109 0.0247400366
v 0.0445397384 0.0618191175 0.0247400366
v 0.0443735309 0.0618455894 0.0248760432
v 0.0445898622 0.060719166 0.024875436
v 0.0447386168 0.0606673993 0.0247400366
v 0.0389358141 0.0604185648 0.0234686024
v 0.0393169634 0.0604342483 0.0230962802
v 0.0388668589 0.0613918193 0.023095673
v 0.0385800712 0.061291717 0.0234661717
v 0.0382256806 0.0605164431 0.0234958585
v 0.0396643691 0.0594137758 0.0230968874
v 0.0395536274 0.058444567 0.0234686024
v 0.0399556421 0.0583522804 0.0230962802
v 0.0386824161 0.054812517 0.0235024989
v 0.0342376865 0.0596213825 0.0235309731
v 0.0398083031 0.0574481972 0.0234661717
v 0.0402456857 0.0562649816 0.0230962802
v 0.0401597582 0.0572894625 0.023095673
v 0.0402635112 0.0536396019 0.023097191
v 0.0396608785 0.0480696 0.023473464
v 0.0396059714 -0.000108475513 0.023473464
v 0.0402496308 -0.000108614018 0.0230974946
v 0.0390550196 -0.0572958291 0.0234958585
v 0.0402511582 -0.0202983823 0.0230974946
v 0.0402557328 -0.0372990035 0.0230974946
v 0.0342376865 -0.059688054 0.0235309731
v 0.0397176892 -0.0541345589 0.0234722476
v 0.0402633585 -0.0479283333 0.0230974946
v 0.040263515 -0.0537525155 0.023097191
v 0.0398149118 -0.0566361807 0.0234686024
v 0.0402456857 -0.0563376732 0.0230962802
v 0.0401597582 -0.0573289543 0.023095673
v 0.0398083031 -0.0574924387 0.0234661717
v 0.0395536274 -0.0584697872 0.0234686024
v 0.037586201 -0.0616491884 0.0234958585
v 0.0396643691 -0.0594224893 0.0230968874
v 0.0399556421 -0.0583715029 0.0230962802
v 0.0392098203 -0.0594782084 0.0234710332
v 0.0389358178 -0.0604276918 0.0234686024
v 0.0393169671 -0.0604391024 0.0230962802
v 0.0388668627 -0.0613964014 0.023095673
v 0.0385800712 -0.0612997487 0.0234661717
v 0.037991032 -0.0620758943 0.0234686024
v 0.0382674597 -0.0622694343 0.0230962802
v 0.0375544727 -0.0630608574 0.0230968874
v 0.0372808129 -0.0627973601 0.0234710332
v 0.0365615264 -0.0635053962 0.0234686024
v 0.0367635936 -0.0637732968 0.0230962802
v 0.0358910933 -0.0643721521 0.023095673
v 0.0357875675 -0.0640922487 0.0234661717
v 0.0350034609 -0.0637555569 0.0234958585
v 0.0349133238 -0.064450182 0.0234686024
v 0.0349332541 -0.0648228154 0.0230962802
v 0.0339089297 -0.0651707575 0.0230968874
v 0.032923311 -0.0650679916 0.0234686024
v 0.0328369886 -0.0654614866 0.0230962802
v 0.0316592939 -0.064584896 0.0234958585
v 0.0317539908 -0.0656650588 0.023095673
v 0.0319080092 -0.0653204843 0.0234661717
v 0.0309933703 -0.065329276 0.0234686024
v 0.030696502 -0.0657515228 0.0230962802
v 0.0285785962 -0.0657704473 0.0230971854
v 0.0289660357 -0.0652364343 0.0234722476
v 0.024612641 -0.0651840344 0.023473464
v 0.0323721059 -0.0697039887 0.0248769484
v 0.0279116258 -0.0699373856 0.0247399211
v 0.020502219 -0.0696978197 0.0248771869
v 0.00887906738 -0.0690370128 0.0249480009
v 0.0204354748 -0.0699372143 0.0247397497
v 0.00875611044 -0.0699369237 0.0247394629
v -0.00496224966 -0.0696912706 0.0248763505
v -0.00501187285 -0.0699365884 0.0247364026
v -0.0187538806 -0.0699362829 0.0247279033
v -0.030298844 -0.0696904287 0.0248700771
v -0.0376520567 -0.0690256432 0.0249480009
v -0.0377015956 -0.0699360073 0.0246839542
v -0.0376585834 -0.0696904063 0.0248632394
v -0.0417705253 -0.0696901456 0.0247882511
v -0.0417762026 -0.069934912 0.0245949198
v -0.0435626358 -0.0699315816 0.0243932847
v -0.0436273143 -0.0696893036 0.0245796554
v -0.0442361869 -0.0696887523 0.0241700821
v -0.0441026986 -0.0699293613 0.024020493
v -0.0436660573 -0.0690256432 0.024665216
v -0.0443017781 -0.0690256432 0.0242410395
v -0.0417811237 -0.0690256432 0.0248773042
v -0.0443281457 -0.0677391067 0.0242674071
v -0.0417967513 -0.0677391067 0.0249080658
v -0.0436875373 -0.0677391067 0.0246945135
v -0.0376618207 -0.0677391067 0.0249792505
v -0.043706879 -0.0613490976 0.0247208793
v -0.0418108143 -0.0613490939 0.0249357503
v -0.0376715884 -0.0409107693 0.0250105001
v 0.0322355889 0.0699175745 0.000303955137
v 0.0279116277 0.0699373782 0.000304040965
v -0.0376520529 0.0690110177 9.59611425e-05
v -0.0376585796 0.0696867555 0.000180723713
v -0.018753875 0.0699362829 0.000316057238
v -0.0377015918 0.0699360147 0.00036000734
v -0.0417705253 0.0696864799 0.000255708728
v -0.0417762026 0.069934912 0.00044904236
v -0.0435626358 0.0699315742 0.000650677714
v -0.0436273143 0.0696856454 0.000464305922
v -0.0442361869 0.0696850866 0.000873878074
v -0.0441026986 0.0699293539 0.00102346903
v -0.0436660573 0.0690110102 0.000378747034
v -0.0443017781 0.0690110102 0.000802922295
v -0.0417811237 0.0690110102 0.000166659403
v -0.0436875373 0.0677025393 0.000349450158
v -0.0417967513 0.0677025393 0.000135896247
v -0.0376618207 0.0677025393 6.47116176e-05
v -0.0376706086 0.06123209 3.65877604e-05
v -0.0439075381 0.0577729829 0.00147670507
v -0.0439075381 0.0651045293 0.00152738579
v 0.0342376828 0.0596213751 0.00147902488
v -0.0439075381 0.0657377243 0.00189831736
v 0.030696502 0.0657466799 0.00191372156
v 0.024612641 0.0651699752 0.00153596641
v 0.0329671465 0.0643910468 0.00151414401
v 0.0289660357 0.0652249828 0.00153760915
v 0.0309933703 0.0653201565 0.00154139998
v 0.0317539908 0.0656604841 0.00191432959
v 0.0319080092 0.0653124601 0.00154382945
v 0.032923311 0.0650588721 0.00154139998
v 0.0328369886 0.0654566363 0.00191372156
v 0.0339089297 0.0651656389 0.00191311608
v 0.0349133238 0.0644410625 0.00154139998
v -0.0439075381 -0.0619230419 0.00148470886
v 0.0297607761 -0.0642243251 0.00150743255
v -0.0439075381 -0.0651217625 0.00152738811
v -0.0261096954 -0.0651239231 0.00152967463
v -0.0439075381 -0.0657446012 0.00189831981
v -0.0261096954 -0.0657479465 0.00190186745
v -0.00935021974 -0.0657517537 0.00190518866
v 0.0289660357 -0.0652363002 0.00153760915
v 0.00533252116 -0.0657564849 0.00190807343
v 0.0169001594 -0.0657625943 0.00191028835
v 0.024314329 -0.065770559 0.00191162119
v 0.0285785943 -0.0657702386 0.00191258907
v 0.0309933685 -0.065329276 0.00154139998
v 0.0306964964 -0.0657515228 0.00191372156
v 0.0317539871 -0.0656650588 0.00191432959
v 0.0319080055 -0.0653204843 0.0015438319
v 0.032923311 -0.0650679916 0.00154139998
v 0.0328369848 -0.0654614866 0.00191372156
v 0.0339089334 -0.06517075 0.00191311608
v 0.0349133238 -0.064450182 0.00154139998
v 0.0356499441 -0.0636951104 0.0015231109
v 0.0349332541 -0.0648228079 0.00191372156
v 0.0358910933 -0.0643721521 0.00191432959
v 0.0357875675 -0.0640922487 0.0015438319
v 0.0365615264 -0.0635053962 0.00154139998
v 0.0367635898 -0.0637732968 0.00191372156
v 0.0349332578 0.064817965 0.00191372156
v 0.035891097 0.0643675774 0.00191432959
v 0.0357875675 0.0640842244 0.00154382945
v 0.0361193158 0.0630991831 0.00151414401
v 0.0365615264 0.0634962767 0.00154139998
v 0.0367635936 0.0637684539 0.00191372156
v 0.0375544727 0.0630557314 0.00191311608
v 0.037991032 0.0620667674 0.00154139998
v 0.0382674597 0.062264584 0.00191372156
v 0.0388668589 0.0613918155 0.00191432959
v 0.0381722935 0.0611594059 0.0015231109
v 0.0385800712 0.061291717 0.0015438319
v 0.0370903462 0.0608419217 0.00149765017
v 0.0389358141 0.0604185648 0.00154139998
v 0.0393169634 0.0604342483 0.00191372156
v 0.0396643691 0.0594137758 0.00191311608
v 0.0392098166 0.0594639666 0.00153896818
v 0.0395536274 0.0584445707 0.00154139998
v 0.0399556421 0.0583522804 0.00191372156
v 0.0392995998 0.0576969981 0.0015231109
v 0.0398083031 0.0574481972 0.0015438319
v 0.0398149118 0.0565626696 0.00154139998
v 0.0401597582 0.0572894625 0.00191432959
v 0.0402456857 0.0562649816 0.00191372156
v 0.0402635112 0.0536396019 0.00191281084
v 0.0397176892 0.0540243536 0.00153775222
v 0.0396608785 0.0480696 0.00153653859
v 0.0402557291 0.0371097475 0.00191250572
v -0.00933530368 -0.0651330799 0.023473464
v 0.00539218308 -0.0651411265 0.023473464
v -0.00935021974 -0.0657584369 0.0230972599
v 0.00533252116 -0.065760538 0.0230973531
v 0.0169001594 -0.0657646209 0.0230974238
v -0.0439075381 -0.0651303977 0.023473464
v -0.0261096954 -0.0657576695 0.0230971519
v -0.0439075381 -0.0657575503 0.0230970383
v 0.0170493163 -0.0651572123 0.023473464
v 0.0243143328 -0.0657713711 0.0230974667
v -0.0439075381 -0.0578872375 0.0235328376
v -0.0439075381 0.0618523508 0.0235234629
v -0.0439075381 0.0651131719 0.0234734621
v 0.0306965001 0.0657466799 0.0230962802
v -0.0439075381 0.0657506809 0.0230970364
v 0.0170493163 0.0651418418 0.0234734621
v 0.0316592939 0.0645679906 0.0234958585
v 0.0342123397 0.062554054 0.0235179067
v 0.0289660357 0.0652251169 0.0234722476
v 0.0309933703 0.0653201565 0.0234686024
v 0.0317539908 0.0656604841 0.023095673
v 0.0319080092 0.0653124601 0.0234661717
v 0.032923311 0.0650588721 0.0234686024
v 0.0328369886 0.0654566363 0.0230962802
v 0.0339089334 0.0651656389 0.0230968874
v 0.0339536332 0.0647161528 0.0234710332
v 0.0356499441 0.0636817515 0.023486888
v 0.0349133313 0.0644410625 0.0234686024
v 0.0349332578 0.064817965 0.0230962802
v 0.035891097 0.0643675774 0.023095673
v 0.0357875675 0.0640842244 0.0234661717
v 0.0365615264 0.0634962767 0.0234686024
v 0.0367635936 0.0637684539 0.0230962802
v 0.037554469 0.0630557314 0.0230968874
v 0.037991032 0.0620667674 0.0234686024
v 0.0382674597 0.062264584 0.0230962802
v 0.0398083068 -0.0574924424 0.0015438319
v 0.0398149155 -0.0566361882 0.00154139998
v 0.0401597656 -0.0573289581 0.00191432959
v 0.0402456857 -0.0563376769 0.00191372156
v 0.0397176929 -0.0541345663 0.00153775455
v 0.0396608822 -0.0482211225 0.00153654104
v 0.0396120697 -0.0203569382 0.00153653859
v 0.0402496308 -0.000108614018 0.00191250572
v 0.0418286845 -0.0668322742 0.00242704153
v 0.0409904867 -0.0675873458 0.00242643361
v 0.0410771742 -0.0677016005 0.00229042536
v 0.039956063 -0.0679253787 0.00249109743
v 0.0419429317 -0.0669429302 0.00229042536
v 0.042701602 -0.0660771728 0.00229042536
v 0.042291373 -0.0657883734 0.00249352935
v 0.0413367935 -0.0645111203 0.00253727916
v 0.0425843447 -0.0659934878 0.00242643361
v 0.0432196036 -0.0650682151 0.00242582569
v 0.0433422476 -0.0651152879 0.00229042536
v 0.0438539125 -0.0640682131 0.00229042536
v 0.0436966419 -0.0640536398 0.00242643361
v 0.0429156534 -0.0649657845 0.00249109743
v 0.0440648273 -0.0629761964 0.00242704153
v 0.0442489572 -0.0629647598 0.00229042536
v 0.0445397422 -0.0618337393 0.00229042536
v 0.0442173779 -0.0609306693 0.00249109743
v 0.0436782353 -0.0612006187 0.0025118161
v 0.0400657803 -0.068222031 0.0226181373
v 0.040990483 -0.0675873458 0.0226175282
v 0.0410771742 -0.0677016005 0.0227535367
v 0.039956063 -0.0679253787 0.0225528646
v 0.0401152894 -0.0683422461 0.0227535367
v 0.0390682146 -0.0688539073 0.0227535367
v 0.0410031937 -0.0660382733 0.0225187503
v 0.0368561707 -0.0672492683 0.0225066841
v 0.0383228734 -0.0632576495 0.0224880595
v 0.0390506312 -0.0686996505 0.0226175282
v 0.0358443707 -0.0692270994 0.0225528646
v 0.037965022 -0.069068417 0.022616921
v 0.0379574671 -0.0692489594 0.0227535367
v 0.0368045717 -0.0695397407 0.0227535367
v 0.0368289351 -0.0693765432 0.0226175282
v 0.035681136 -0.0695922971 0.0226181373
v 0.0356310345 -0.069738619 0.0227535367
v 0.0344583839 -0.0698579475 0.0227535367
v 0.0345603712 -0.0696839392 0.0226175282
v 0.0335970633 -0.0680653602 0.0225164648
v 0.032343559 -0.0697037727 0.0226163957
v 0.0278067403 -0.06993635 0.022752393
v -0.00579737546 -0.0690239072 0.0225380138
v -0.0197218396 -0.0696810409 0.0225925911
v 0.0201732591 -0.0699346364 0.0227506775
v 0.0383228697 0.0631906316 0.0224880595
v 0.0403076597 0.0668765157 0.0225231778
v 0.0429156534 0.0649609044 0.0225528646
v 0.0426881835 0.0631375238 0.0225187503
v 0.0425843447 0.0659919828 0.0226175282
v 0.0432196036 0.0650669932 0.0226181373
v 0.042701602 0.0660771802 0.0227535367
v 0.0433422476 0.0651152879 0.0227535367
v 0.0438539125 0.0640682131 0.0227535367
v 0.0436966419 0.0640521348 0.0226175282
v 0.0440648273 0.0629705861 0.022616921
v 0.0442489572 0.0629611015 0.0227535367
v 0.0445397422 0.0618191138 0.0227535367
v 0.0442173779 0.0608874075 0.0225528646
v 0.0443735309 0.0618455894 0.0226175282
v 0.0445898585 0.060719166 0.0226181373
v 0.0447386168 0.0606673993 0.0227535367
v 0.0448579453 0.059531115 0.0227535367
v 0.0446809232 0.0596333966 0.0226175282
v 0.0434190184 0.0606513433 0.0225231778
v 0.0448579453 -0.0596042462 0.00229042536
v 0.0449176133 -0.0568338111 0.00229042536
v 0.0446809307 -0.0597068071 0.00242643361
v 0.0442173779 0.0608874075 0.00249109743
v 0.0449374951 0.0505310334 0.00229042536
v 0.0383228697 -0.0632576421 0.00255590677
v 0.0401526503 0.0651868284 0.00254283426
v 0.0446867235 0.0212919302 0.00242764945
v 0.0432314761 0.0620029047 0.00252078543
v 0.0446809307 0.0596333966 0.00242643361
v 0.0448579453 0.059531115 0.00229042536
v 0.0443735346 -0.0618623346 0.00242643361
v 0.044589866 -0.0607574061 0.00242582569
v 0.0447386168 -0.0607039668 0.00229042536
v 0.0445898622 0.060719166 0.00242582569
v 0.0447386168 0.0606673993 0.00229042536
v 0.0445397384 0.0618191175 0.00229042536
v 0.0443735309 0.0618455894 0.00242643361
v 0.0440648273 0.0629705936 0.00242704153
v 0.0442489572 0.0629611015 0.00229042536
v 0.0438539088 0.0640682131 0.00229042536
v 0.0424834713 0.0648206696 0.0025118161
v 0.0429156497 0.0649609044 0.00249109743
v 0.0436966419 0.0640521348 0.00242643361
v 0.0432195999 0.0650669932 0.00242582569
v 0.0433422364 0.0651152879 0.00229042536
v 0.0427015983 0.0660771728 0.00229042536
v 0.0425843336 0.0659919828 0.00242643361
v 0.0422913656 0.0657823309 0.00249352935
v 0.0418286845 0.0668304712 0.00242704153
v 0.0419429317 0.0669429302 0.00229042536
v 0.0410771817 0.0677016005 0.00229042536
v 0.0409904867 0.0675858408 0.00242643361
v 0.0403076597 0.0668765157 0.00252078543
v 0.039956063 0.067920506 0.00249109743
v 0.0400657877 0.0682208166 0.00242582569
v 0.0401152894 0.0683422461 0.00229042536
v 0.0390682183 0.0688539147 0.00229042536
v 0.039050635 0.0686981454 0.00242643361
v 0.037965022 0.0690666214 0.00242704153
v 0.0379574709 0.0692489594 0.00229042536
v 0.0368045717 0.0695397481 0.00229042536
v 0.0358443707 0.0692222267 0.00249109743
v 0.0368289389 0.0693750381 0.00242643361
v 0.0356811397 0.0695910752 0.00242582569
v 0.0356310382 0.069738619 0.00229042536
v 0.036101833 0.0686887056 0.0025118161
v 0.0344583839 0.0698579475 0.00229042536
v 0.0345603712 0.0696824268 0.00242643361
v 0.0322093666 0.0699173212 0.00229071151
v 0.0278067403 0.06993635 0.00229156972
v -0.00579872122 0.0699283555 0.00230477098
v -0.0197218321 0.0696773827 0.0024513721
v -0.0312488396 0.0699221641 0.00235782145
v -0.031240534 0.0690032914 0.00253592967
v -0.0312579982 0.0696751848 0.00247454178
v -0.0382299945 0.0699205622 0.00241148961
v -0.0382065028 0.0696738809 0.0025107956
v -0.0417080373 0.0696734488 0.00270954613
v -0.0417677201 0.0699200481 0.00263774162
v -0.0429876149 0.0699205175 0.00318952091
v -0.0429033153 0.0696738511 0.00322020543
v -0.0428525172 0.0690024123 0.00325272558
v -0.0381763801 0.0690024346 0.00256660953
v -0.0416653156 0.069002144 0.00275631668
v -0.0416367725 0.0676981062 0.00278486265
v -0.0428241342 0.0676982403 0.00328059192
v -0.0381485112 0.0676982477 0.0025950002
v -0.0312148817 0.0676986724 0.00256403442
v -0.0416196436 0.0655533001 0.00280198827
v -0.0381317884 0.0655533671 0.00261203293
v -0.0427985899 0.0612316616 0.00330567127
v -0.0311994888 0.0655535311 0.00258089555
v -0.0416082293 0.0533970259 0.00281340606
v -0.03812344 -0.0613486692 0.00262054917
v -0.0196723286 -0.061348781 0.00257055042
v 0.0309968647 0.0537008531 0.00256088981
v -0.0311917942 0.0612316988 0.0224546343
v 0.0309968665 0.0537008457 0.0224830732
v -0.0416196436 0.0655533001 0.0222419742
v -0.0427985899 0.0612316616 0.0217382908
v -0.0428241342 0.0676982403 0.0217633713
v -0.0381485112 0.0676982477 0.0224489626
v -0.0381234325 0.0612316616 0.0224234108
v -0.0416367725 0.0676980987 0.0222591013
v -0.0428525098 0.0690024048 0.0217912383
v -0.0416653156 0.069002144 0.0222876463
v -0.0381763801 0.0690024346 0.022477353
v -0.041708041 0.0696734488 0.0223344155
v -0.042903319 0.0696738511 0.0218237583
v -0.0429876149 0.0699205324 0.0218544398
v -0.0417677201 0.0699200556 0.0224062204
v -0.0382299982 0.0699205697 0.0226324704
v -0.0382065028 0.0696738884 0.0225331653
v -0.0312579982 0.0696751848 0.0225694198
v -0.0312488414 0.0699221641 0.0226861387
v -0.031240534 0.0690032914 0.0225080308
v -0.0312148836 0.0676986799 0.0224799272
v 0.0345603712 0.0696824268 0.0226175282
v 0.0278067403 0.06993635 0.022752393
v 0.00830036122 0.0690203086 0.0225427132
v 0.0348750055 0.0692303851 0.0225504339
v 0.0368561707 0.0672223344 0.0225066841
v 0.0322093666 0.0699173212 0.0227532517
v 0.0344583839 0.0698579475 0.0227535367
v 0.0356811397 0.0695910752 0.0226181373
v 0.0356310382 0.069738619 0.0227535367
v 0.0368045717 0.0695397481 0.0227535367
v 0.0358443707 0.0692222267 0.0225528646
v 0.0368289389 0.0693750381 0.0226175282
v 0.037965022 0.0690666214 0.022616921
v 0.0379574709 0.0692489594 0.0227535367
v 0.0390682183 0.0688539147 0.0227535367
v 0.039050635 0.0686981454 0.0226175282
v 0.040065784 0.0682208166 0.0226181373
v 0.0401152931 0.0683422461 0.0227535367
v 0.039956063 0.067920506 0.0225528646
v 0.0410771817 0.0677016005 0.0227535367
v 0.0409904867 0.0675858408 0.0226175282
v 0.0361018367 0.0686887056 0.0225321464
v 0.0418286882 0.0668304786 0.022616921
v 0.0419429317 0.0669429302 0.0227535367
v 0.0407763347 0.0672973767 0.0225504339
v 0.0426881835 -0.0631605983 0.0225187503
v 0.0442173779 -0.060930673 0.0225528646
v 0.0446809307 -0.0597068146 0.0226175282
v 0.0449374951 0.0212712567 0.0227535367
v 0.0449176058 0.0567168146 0.0227535367
v 0.0449374951 -0.000113348862 0.0227535367
v 0.0449375026 -0.0214906409 0.0227535367
v 0.0449375063 -0.0394777767 0.0227535367
v 0.0449375026 -0.0506919138 0.0227535367
v 0.0449176133 -0.0568338111 0.0227535367
v 0.0448579453 -0.0596042462 0.0227535367
v 0.044589866 -0.0607574098 0.0226181373
v 0.0447386168 -0.0607039668 0.0227535367
v 0.0445397422 -0.0618337467 0.0227535367
v 0.0443735346 -0.0618623346 0.0226175282
v 0.0440648273 -0.0629761964 0.022616921
v 0.0442489572 -0.0629647672 0.0227535367
v 0.0438539125 -0.0640682131 0.0227535367
v 0.0429156534 -0.0649657845 0.0225528646
v 0.042291373 -0.0657883734 0.0225504339
v 0.0432195999 -0.0650682151 0.0226181373
v 0.0436966419 -0.0640536398 0.0226175282
v 0.0433422476 -0.0651152879 0.0227535367
v 0.042701602 -0.0660771728 0.0227535367
v 0.0425843373 -0.0659935027 0.0226175282
v 0.0418286808 -0.0668322742 0.022616921
v 0.0419429317 -0.0669429302 0.0227535367
v -0.0311994981 -0.0656266585 0.00258089788
v -0.00575011503 -0.0677439198 0.00253498089
v 0.0369668826 -0.0682599619 0.00252078543
v 0.0358443707 -0.0692270994 0.00249109743
v -0.0312405415 -0.0690179244 0.002535932
v -0.0381485187 -0.0677348152 0.0025950002
v -0.0416196547 -0.065626435 0.00280198827
v -0.0428071134 -0.0656264871 0.00329730986
v -0.0416367799 -0.0677346736 0.00278486265
v -0.042824138 -0.0677348077 0.00328059192
v -0.0428525172 -0.0690170377 0.00325272558
v -0.0381763838 -0.0690170676 0.00256660953
v -0.0416653156 -0.0690167695 0.00275631668
v -0.0417080447 -0.0696771145 0.00270954613
v -0.042903319 -0.0696775094 0.00322020543
v -0.0429876223 -0.0699205324 0.00318952091
v -0.0417677313 -0.0699200556 0.00263774162
v -0.0382300019 -0.0699205697 0.00241148961
v -0.0382065065 -0.0696775466 0.0025107956
v -0.0312580094 -0.069678843 0.00247454178
v -0.0312488452 -0.0699221641 0.00235782145
v -0.0196986608 -0.0699249581 0.00232379208
v -0.0197218396 -0.0696810484 0.0024513721
v 0.0345603712 -0.0696839318 0.00242643361
v -0.00579872588 -0.069928363 0.00230477331
v 0.00823167432 -0.0699317753 0.0022961474
v 0.0201732591 -0.0699346364 0.00229328638
v 0.0278067403 -0.06993635 0.00229156972
v 0.0344583839 -0.0698579475 0.00229042536
v 0.035681136 -0.0695922971 0.00242582569
v 0.0356310382 -0.069738619 0.00229042536
v 0.0368045717 -0.0695397407 0.00229042536
v 0.0368289389 -0.0693765432 0.00242643361
v 0.037965022 -0.069068417 0.00242704153
v 0.0379574671 -0.0692489594 0.00229042536
v 0.0390682109 -0.0688539073 0.00229042536
v 0.0390506312 -0.0686996505 0.00242643361
v 0.040065784 -0.068222031 0.00242582569
v 0.0401152894 -0.0683422387 0.00229042536
v -0.0381317995 -0.0656264871 0.0224319287
v -0.0311994981 -0.0656266585 0.0224630646
v -0.0416110903 -0.0613486506 0.0222334098
v -0.0428071171 -0.0656264871 0.0217466522
v -0.0416367799 -0.0677346736 0.0222591013
v -0.0428525247 -0.0690170377 0.0217912383
v -0.0416653268 -0.0690167695 0.0222876463
v -0.0381485187 -0.0677348152 0.0224489626
v -0.0381763838 -0.0690170601 0.022477353
v -0.0312405396 -0.0690179169 0.0225080308
v -0.0417080447 -0.069677107 0.0223344155
v -0.0429033265 -0.0696775094 0.0218237583
v -0.0429876223 -0.069920525 0.0218544416
v -0.0417677313 -0.0699200481 0.0224062204
v -0.0382300057 -0.0699205622 0.0226324704
v -0.0382065102 -0.0696775466 0.0225331653
v -0.0312580094 -0.0696788356 0.0225694198
v -0.0312488489 -0.0699221641 0.0226861387
v -0.0196986608 -0.0699249581 0.0227201711
v -0.00579872588 -0.069928363 0.0227391887
v -0.0428241342 0.0676982403 0.0217633713
v -0.0428382345 0.0655535236 0.0207994133
v -0.0428550765 0.0676986501 0.0208148044
v -0.0428525098 0.0690024048 0.0217912383
v -0.0427985899 0.0612316616 0.0217382908
v -0.0428831577 0.0690032393 0.0208404567
v -0.0429389998 0.0696751028 0.0208587106
v -0.042903319 0.0696738511 0.0218237583
v -0.0429876149 0.0699205324 0.0218544398
v -0.043039158 0.0699220672 0.0208519101
v -0.0429744497 0.0696795583 0.0172872189
v -0.043089848 0.0699277371 0.0172629207
v -0.0429128855 0.0690061301 0.0172832664
v -0.0430973135 0.0699302033 0.0100795161
v -0.0429617837 0.0696772188 0.00574717065
v -0.043039158 0.0699220523 0.00419205194
v -0.0428831577 0.0690032393 0.00420350535
v -0.0429389998 0.0696751028 0.00418525003
v -0.0429876149 0.0699205175 0.00318952091
v -0.0429033153 0.0696738511 0.00322020543
v -0.0428525172 0.0690024123 0.00325272558
v -0.0428382345 0.0655535236 0.0042445492
v -0.0428241342 0.0676982403 0.00328059192
v -0.0427985899 0.0612316616 0.00330567127
v -0.0429798216 -0.0696851313 0.0149792088
v -0.0430898555 -0.0699277371 0.0172629207
v -0.0430984274 -0.0699313059 0.0125219822
v -0.0430718623 -0.0699247494 0.0192734059
v -0.0429390147 -0.0696787611 0.0208587106
v -0.0429176651 -0.0690225437 0.0125219822
v -0.0428831689 -0.0690178722 0.0208404567
v -0.0428840145 -0.0677366629 0.0172681995
v -0.0430391692 -0.0699220598 0.0208519101
v -0.0429876223 -0.069920525 0.0218544416
v -0.0429033265 -0.0696775094 0.0218237583
v -0.0428525247 -0.0690170377 0.0217912383
v -0.0428071171 -0.0656264871 0.0217466522
v -0.0428382456 -0.0656266585 0.0207994133
v -0.0428580232 -0.061348848 0.0172546413
v -0.0428831615 -0.0690178722 0.00420350535
v -0.0428550877 -0.0677352175 0.00422915723
v -0.0428071134 -0.0656264871 0.00329730986
v -0.042824138 -0.0677348077 0.00328059192
v -0.0428525172 -0.0690170377 0.00325272558
v -0.0429390147 -0.0696787685 0.00418525003
v -0.042903319 -0.0696775094 0.00322020543
v -0.0429876223 -0.0699205324 0.00318952091
v -0.0430391692 -0.0699220672 0.00419205194
v -0.0430898555 -0.0699277371 0.00778104318
v -0.0429744571 -0.0696832165 0.00775674358
v -0.0430973247 -0.0699301958 0.0100795152
v -0.0428666845 0.0655541047 0.0172591619
f 1 2 3
f 4 2 1
f 2 5 3
f 2 6 5
f 5 6 7
f 7 8 5
f 8 3 5
f 9 3 8
f 10 8 7
f 10 11 8
f 8 11 12
f 11 13 12
f 12 13 14
f 15 8 12
f 9 8 15
f 15 16 9
f 12 14 17
f 18 12 17
f 15 12 18
f 19 15 18
f 18 20 19
f 17 21 18
f 21 22 18
f 18 23 20
f 22 23 18
f 24 25 26
f 27 24 26
f 26 28 27
f 27 28 29
f 29 30 27
f 31 32 24
f 24 32 33
f 33 32 31
f 34 24 33
f 35 30 29
f 29 36 35
f 33 37 34
f 38 37 33
f 39 34 37
f 33 40 38
f 31 40 33
f 37 41 39
f 42 40 31
f 38 40 42
f 38 43 37
f 39 41 44
f 45 41 37
f 37 43 45
f 44 41 45
f 46 39 44
f 47 43 38
f 45 43 47
f 48 49 46
f 48 46 50
f 50 46 44
f 50 51 48
f 45 52 44
f 44 52 50
f 53 51 50
f 54 52 45
f 50 52 54
f 53 50 55
f 55 50 54
f 55 56 53
f 45 57 54
f 58 56 55
f 47 57 45
f 55 59 58
f 58 59 60
f 60 61 58
f 60 59 62
f 62 59 55
f 62 63 60
f 54 64 55
f 55 64 62
f 65 63 62
f 66 64 54
f 54 57 66
f 62 64 66
f 66 57 47
f 62 67 65
f 66 67 62
f 65 67 68
f 68 67 66
f 68 69 65
f 47 70 66
f 66 70 68
f 71 69 68
f 72 70 47
f 68 70 72
f 68 73 71
f 72 73 68
f 71 73 74
f 74 73 72
f 74 75 71
f 47 76 72
f 38 76 47
f 42 76 38
f 72 76 42
f 42 77 72
f 72 77 74
f 78 77 42
f 74 77 78
f 75 74 79
f 79 74 78
f 79 80 75
f 42 31 78
f 78 31 81
f 31 24 81
f 78 82 79
f 81 82 78
f 79 82 83
f 83 82 81
f 24 84 81
f 81 84 83
f 80 79 85
f 85 79 83
f 85 86 80
f 87 86 85
f 88 84 24
f 83 84 88
f 83 88 85
f 85 89 87
f 88 89 85
f 87 89 90
f 90 89 88
f 90 91 87
f 24 92 88
f 27 92 24
f 93 91 90
f 27 30 92
f 92 30 35
f 88 92 94
f 94 90 88
f 35 95 92
f 92 95 94
f 96 95 35
f 94 95 96
f 35 97 96
f 36 97 35
f 98 97 36
f 96 97 98
f 36 99 98
f 96 100 94
f 98 99 101
f 98 102 96
f 101 103 98
f 96 102 104
f 104 100 96
f 105 102 98
f 98 103 105
f 104 102 105
f 106 103 101
f 105 103 106
f 101 107 106
f 106 107 108
f 106 109 105
f 108 109 106
f 105 109 108
f 108 110 105
f 105 111 104
f 110 112 105
f 105 112 111
f 113 112 110
f 111 112 113
f 110 114 113
f 113 114 115
f 116 111 113
f 113 115 116
f 116 115 117
f 117 115 118
f 119 111 116
f 117 120 116
f 119 121 111
f 111 121 104
f 122 120 117
f 117 118 122
f 122 118 123
f 118 124 123
f 123 124 125
f 125 126 123
f 127 126 125
f 125 128 127
f 123 126 127
f 123 129 122
f 128 130 127
f 122 129 131
f 131 129 123
f 132 130 128
f 128 133 132
f 127 130 134
f 134 130 132
f 132 133 135
f 135 136 132
f 132 137 134
f 127 138 123
f 123 138 131
f 139 136 135
f 135 140 139
f 132 136 141
f 141 137 132
f 141 136 139
f 139 140 142
f 142 143 139
f 144 143 142
f 142 145 144
f 144 145 146
f 146 143 144
f 147 143 146
f 146 148 147
f 143 149 139
f 139 149 141
f 147 148 150
f 147 151 143
f 152 149 143
f 143 151 152
f 141 149 152
f 150 153 147
f 154 151 147
f 147 153 154
f 152 151 154
f 155 156 157
f 23 156 155
f 23 158 156
f 159 155 157
f 160 155 159
f 159 161 160
f 22 158 23
f 160 161 162
f 155 160 163
f 23 155 20
f 20 155 163
f 160 162 164
f 165 160 164
f 165 164 166
f 167 160 165
f 168 165 166
f 166 169 168
f 167 165 168
f 168 169 170
f 170 171 168
f 168 172 167
f 173 171 170
f 170 174 173
f 168 171 175
f 175 172 168
f 175 171 173
f 173 174 176
f 176 177 173
f 178 177 176
f 176 179 178
f 178 179 180
f 180 181 182
f 183 180 182
f 178 180 183
f 182 184 183
f 183 184 185
f 177 178 186
f 186 178 183
f 187 183 185
f 186 183 187
f 185 188 187
f 186 189 177
f 188 190 187
f 188 191 190
f 187 190 192
f 192 186 187
f 193 186 192
f 193 189 186
f 194 193 192
f 195 193 194
f 194 196 195
f 195 196 197
f 198 189 193
f 193 195 198
f 177 189 198
f 198 173 177
f 175 173 198
f 198 195 199
f 199 175 198
f 172 175 199
f 197 199 195
f 199 200 172
f 200 199 197
f 197 201 200
f 200 201 202
f 172 200 203
f 203 167 172
f 202 203 200
f 204 153 150
f 154 153 204
f 204 205 154
f 206 207 204
f 208 205 204
f 204 207 208
f 206 209 207
f 154 205 210
f 210 205 208
f 207 211 208
f 210 212 154
f 154 212 152
f 209 213 207
f 213 211 207
f 214 213 209
f 209 215 214
f 214 215 216
f 216 217 214
f 218 217 216
f 214 217 219
f 219 217 218
f 219 220 214
f 214 220 213
f 221 222 218
f 213 220 223
f 223 220 219
f 218 224 219
f 225 222 221
f 221 226 225
f 218 222 224
f 224 222 225
f 225 226 227
f 225 228 224
f 224 229 219
f 219 229 223
f 227 228 225
f 230 231 232
f 233 231 230
f 230 234 233
f 235 231 233
f 232 231 235
f 233 236 235
f 232 237 227
f 235 237 232
f 235 236 238
f 227 237 239
f 239 237 235
f 238 240 235
f 235 240 239
f 241 240 238
f 239 240 241
f 238 242 241
f 241 242 243
f 241 244 239
f 243 245 241
f 246 245 243
f 243 247 246
f 241 245 248
f 248 245 246
f 248 244 241
f 246 249 248
f 248 249 250
f 239 244 251
f 251 244 248
f 251 227 239
f 250 251 248
f 252 251 250
f 250 253 252
f 252 253 254
f 252 255 251
f 256 227 251
f 251 255 256
f 256 228 227
f 224 228 256
f 256 257 224
f 256 255 254
f 254 257 256
f 254 255 252
f 224 257 254
f 254 258 224
f 224 258 259
f 259 258 254
f 259 229 224
f 260 261 254
f 254 261 259
f 262 261 260
f 259 261 262
f 260 263 262
f 223 229 259
f 262 263 264
f 259 265 223
f 262 265 259
f 223 265 266
f 266 265 262
f 264 267 262
f 262 267 266
f 268 267 264
f 266 267 268
f 264 269 268
f 223 266 213
f 268 269 270
f 213 266 271
f 271 211 213
f 268 271 266
f 208 211 271
f 271 272 208
f 208 272 210
f 270 272 271
f 270 271 268
f 210 272 270
f 19 20 16
f 273 274 16
f 16 15 19
f 274 275 16
f 16 275 276
f 277 278 276
f 277 279 278
f 278 9 276
f 276 9 16
f 280 278 279
f 279 281 280
f 280 282 278
f 3 9 278
f 281 283 280
f 284 280 283
f 283 285 284
f 282 280 284
f 284 285 286
f 286 287 284
f 284 288 282
f 289 287 286
f 286 290 289
f 284 287 291
f 291 288 284
f 291 287 289
f 289 290 292
f 292 293 289
f 289 294 291
f 295 293 292
f 293 294 289
f 296 297 298
f 299 296 298
f 295 296 299
f 295 300 293
f 299 300 295
f 301 299 298
f 300 299 301
f 298 302 301
f 300 303 293
f 301 304 300
f 305 301 302
f 302 306 305
f 304 301 305
f 305 307 304
f 304 307 308
f 300 304 309
f 309 303 300
f 308 309 304
f 310 309 308
f 308 311 310
f 310 311 312
f 294 303 309
f 309 310 294
f 293 303 294
f 294 310 313
f 313 291 294
f 288 291 313
f 312 313 310
f 313 314 288
f 314 313 312
f 312 315 314
f 314 315 316
f 288 314 1
f 1 282 288
f 316 1 314
f 316 4 1
f 3 282 1
f 278 282 3
f 317 203 202
f 317 202 318
f 167 163 160
f 167 203 317
f 317 163 167
f 317 318 319
f 320 317 319
f 320 163 317
f 20 163 320
f 320 321 20
f 20 321 322
f 16 20 322
f 16 322 323
f 323 273 16
f 324 325 326
f 327 325 324
f 326 328 324
f 324 328 329
f 329 330 324
f 324 330 331
f 324 332 327
f 331 332 324
f 333 332 331
f 327 332 333
f 331 334 333
f 333 335 327
f 327 335 336
f 334 337 333
f 338 335 333
f 333 337 338
f 336 335 338
f 339 337 334
f 338 337 339
f 334 340 339
f 338 341 336
f 339 340 342
f 339 343 338
f 342 344 339
f 338 343 345
f 345 341 338
f 346 343 339
f 339 344 346
f 345 343 346
f 347 344 342
f 346 344 347
f 342 348 347
f 347 348 349
f 349 350 347
f 347 350 351
f 347 352 346
f 351 352 347
f 353 352 351
f 346 352 353
f 351 354 353
f 353 354 355
f 353 356 346
f 346 356 345
f 355 357 353
f 358 357 355
f 359 356 353
f 353 357 359
f 359 357 358
f 345 356 359
f 359 360 345
f 360 358 361
f 359 358 360
f 361 362 360
f 360 362 363
f 363 364 360
f 345 360 365
f 360 364 365
f 365 341 345
f 365 364 366
f 336 341 365
f 366 367 365
f 365 367 336
f 270 368 369
f 369 368 370
f 210 270 371
f 371 270 369
f 371 212 210
f 370 372 369
f 369 372 371
f 373 372 370
f 371 372 373
f 152 212 371
f 371 374 152
f 373 374 371
f 152 374 375
f 375 374 373
f 376 377 373
f 373 377 375
f 378 377 376
f 375 377 378
f 375 379 152
f 152 379 141
f 141 379 380
f 380 379 375
f 380 137 141
f 378 381 375
f 375 381 380
f 134 137 380
f 380 382 134
f 134 382 127
f 380 381 383
f 383 382 380
f 383 381 378
f 127 382 383
f 378 384 383
f 385 384 378
f 383 384 385
f 127 383 131
f 131 383 385
f 131 138 127
f 386 387 385
f 385 387 131
f 388 387 386
f 131 387 388
f 388 389 131
f 131 389 390
f 390 389 388
f 388 391 390
f 392 391 388
f 390 391 392
f 388 393 392
f 390 394 131
f 131 394 122
f 392 393 395
f 122 394 120
f 120 394 390
f 390 392 120
f 120 396 116
f 116 396 119
f 120 392 397
f 397 396 120
f 119 396 397
f 392 398 397
f 395 398 392
f 399 398 395
f 397 398 399
f 395 400 399
f 399 400 401
f 119 397 399
f 401 402 399
f 399 402 119
f 104 121 119
f 403 402 401
f 119 402 403
f 119 403 104
f 104 403 404
f 404 100 104
f 93 405 403
f 403 405 404
f 90 405 93
f 404 405 90
f 94 100 404
f 404 90 94
f 406 407 408
f 409 407 406
f 408 410 406
f 409 411 412
f 412 411 413
f 406 410 414
f 413 411 415
f 415 411 409
f 406 416 409
f 409 416 415
f 414 417 406
f 418 416 406
f 406 417 418
f 415 416 418
f 419 417 414
f 418 417 419
f 414 420 419
f 418 421 415
f 415 421 363
f 419 420 422
f 419 423 418
f 366 421 418
f 418 423 366
f 363 421 366
f 422 424 419
f 425 423 419
f 419 424 425
f 366 423 425
f 426 424 422
f 425 424 426
f 422 427 426
f 426 427 326
f 366 364 363
f 425 367 366
f 326 325 426
f 425 426 336
f 336 367 425
f 426 325 327
f 336 426 327
f 428 429 430
f 430 431 428
f 413 429 428
f 430 429 432
f 432 429 413
f 413 415 432
f 432 433 430
f 434 431 430
f 432 415 363
f 430 435 434
f 430 433 436
f 436 435 430
f 361 433 432
f 436 433 361
f 363 362 432
f 432 362 361
f 437 435 436
f 434 435 437
f 436 438 437
f 437 439 434
f 440 438 436
f 434 439 441
f 436 442 440
f 361 442 436
f 440 442 358
f 358 442 361
f 358 443 440
f 441 444 434
f 355 443 358
f 445 444 441
f 441 446 445
f 445 446 447
f 447 448 445
f 445 448 449
f 434 444 450
f 450 444 445
f 450 431 434
f 449 451 445
f 445 451 450
f 450 451 449
f 428 431 450
f 450 452 428
f 449 452 450
f 428 452 453
f 453 452 449
f 453 449 454
f 453 412 428
f 454 449 455
f 428 412 413
f 454 456 453
f 453 456 412
f 455 412 454
f 412 456 454
f 457 412 455
f 457 455 458
f 458 459 457
f 457 459 460
f 457 461 412
f 460 461 457
f 462 461 460
f 412 461 462
f 462 463 412
f 460 464 462
f 462 464 408
f 409 463 462
f 412 463 409
f 408 407 462
f 462 407 409
f 465 466 467
f 468 466 465
f 467 469 465
f 465 469 470
f 468 471 472
f 473 468 465
f 471 468 473
f 474 465 470
f 473 465 474
f 474 470 475
f 475 476 474
f 474 476 477
f 474 478 473
f 477 478 474
f 479 478 477
f 473 478 479
f 477 480 479
f 479 480 481
f 479 482 473
f 473 482 471
f 481 483 479
f 484 482 479
f 479 483 484
f 471 482 484
f 485 483 481
f 484 483 485
f 481 486 485
f 484 487 471
f 485 488 484
f 486 489 485
f 484 488 490
f 490 487 484
f 491 488 485
f 485 489 491
f 490 488 491
f 492 489 486
f 491 489 492
f 492 493 491
f 493 494 491
f 491 494 490
f 492 486 495
f 495 496 492
f 496 493 492
f 497 493 496
f 498 497 499
f 493 497 498
f 493 498 494
f 494 498 499
f 499 500 494
f 494 500 501
f 501 490 494
f 487 490 501
f 501 502 487
f 487 502 472
f 472 471 487
f 503 504 505
f 504 506 505
f 506 499 505
f 499 497 505
f 504 507 506
f 500 499 506
f 506 507 500
f 508 507 504
f 500 507 508
f 508 504 509
f 508 501 500
f 509 510 508
f 502 501 508
f 508 510 502
f 511 510 509
f 502 510 511
f 509 512 511
f 511 512 513
f 513 514 511
f 515 514 513
f 513 516 515
f 515 516 517
f 517 518 515
f 511 514 519
f 519 514 515
f 466 515 518
f 519 515 466
f 519 472 511
f 511 472 502
f 466 518 467
f 468 519 466
f 472 519 468
f 520 521 522
f 522 523 520
f 522 521 524
f 521 525 524
f 524 526 522
f 527 523 522
f 524 525 528
f 522 529 527
f 522 526 530
f 530 529 522
f 531 526 524
f 530 526 531
f 528 532 524
f 524 532 531
f 533 529 530
f 527 529 533
f 530 534 533
f 533 535 527
f 536 534 530
f 527 535 537
f 530 538 536
f 531 538 530
f 536 538 539
f 539 538 531
f 539 540 536
f 537 541 527
f 531 542 539
f 543 541 537
f 537 544 543
f 543 544 545
f 545 546 543
f 543 546 547
f 527 541 548
f 548 541 543
f 548 523 527
f 547 549 543
f 543 549 548
f 550 549 547
f 548 549 550
f 547 551 550
f 520 523 548
f 550 551 552
f 548 553 520
f 550 553 548
f 520 553 554
f 554 553 550
f 552 555 550
f 550 555 554
f 556 555 552
f 554 555 556
f 554 557 520
f 556 552 558
f 520 557 521
f 556 559 554
f 560 557 554
f 554 559 560
f 521 557 560
f 558 561 556
f 562 559 556
f 556 561 562
f 560 559 562
f 563 561 558
f 562 561 563
f 558 564 563
f 563 564 565
f 565 566 563
f 563 566 567
f 563 568 562
f 567 568 563
f 562 569 560
f 570 568 567
f 562 568 570
f 570 569 562
f 567 571 570
f 570 571 572
f 573 569 570
f 560 569 573
f 572 574 570
f 570 574 573
f 575 576 577
f 576 575 578
f 578 579 576
f 578 575 580
f 581 579 578
f 578 582 581
f 581 582 583
f 583 584 581
f 583 582 585
f 585 582 578
f 585 586 583
f 580 587 578
f 578 587 585
f 588 586 585
f 585 589 588
f 585 587 590
f 590 589 585
f 590 587 580
f 580 591 590
f 590 592 589
f 590 591 593
f 593 592 590
f 592 594 589
f 593 595 592
f 596 597 598
f 599 597 596
f 600 601 599
f 597 602 598
f 602 597 603
f 603 604 602
f 597 599 605
f 603 597 605
f 605 599 606
f 604 603 607
f 607 608 604
f 603 605 609
f 607 603 609
f 610 608 607
f 609 605 606
f 607 611 610
f 610 611 612
f 612 613 610
f 612 611 614
f 614 611 607
f 614 615 612
f 609 616 607
f 607 616 614
f 617 615 614
f 618 616 609
f 614 616 618
f 614 619 617
f 618 619 614
f 609 620 618
f 621 617 619
f 606 620 609
f 618 620 591
f 591 620 606
f 621 619 575
f 575 619 618
f 575 577 621
f 575 618 580
f 580 618 591
f 589 594 622
f 622 588 589
f 623 622 594
f 623 594 624
f 624 594 625
f 594 592 625
f 625 592 595
f 626 623 624
f 624 627 626
f 626 627 628
f 628 629 626
f 630 627 624
f 624 625 630
f 628 627 630
f 631 629 628
f 630 625 632
f 628 633 631
f 631 633 634
f 634 635 631
f 634 633 636
f 636 633 628
f 636 637 634
f 630 638 628
f 628 638 636
f 639 638 630
f 636 638 639
f 636 640 637
f 639 640 636
f 637 640 641
f 641 640 639
f 641 642 637
f 630 632 639
f 643 642 641
f 643 641 644
f 644 641 639
f 645 643 644
f 644 646 645
f 647 646 644
f 644 648 647
f 648 649 647
f 639 648 644
f 648 639 650
f 649 648 651
f 651 648 650
f 651 652 649
f 653 652 651
f 650 639 600
f 651 654 653
f 653 654 655
f 655 656 653
f 650 654 651
f 655 654 650
f 657 656 655
f 655 658 657
f 657 658 659
f 659 660 657
f 659 658 661
f 661 658 655
f 661 662 659
f 650 663 655
f 655 663 661
f 664 662 661
f 665 663 650
f 661 663 665
f 661 666 664
f 665 666 661
f 664 666 596
f 596 666 665
f 650 600 665
f 598 664 596
f 596 665 599
f 599 665 600
f 606 593 591
f 599 601 606
f 601 593 606
f 601 595 593
f 632 595 601
f 601 600 632
f 632 600 639
f 625 595 632
f 667 668 669
f 669 668 670
f 670 668 671
f 671 668 667
f 670 672 669
f 671 673 670
f 669 672 674
f 675 673 671
f 674 676 669
f 671 677 675
f 675 677 678
f 678 679 675
f 678 677 680
f 680 677 671
f 680 681 678
f 682 681 680
f 671 683 680
f 667 683 671
f 680 684 682
f 680 683 685
f 685 684 680
f 685 683 667
f 682 684 686
f 686 684 685
f 686 687 682
f 688 687 686
f 685 689 686
f 688 686 690
f 690 691 688
f 690 686 692
f 686 689 692
f 692 693 690
f 694 693 692
f 692 695 694
f 692 689 696
f 696 695 692
f 696 689 685
f 694 695 697
f 697 695 696
f 697 698 694
f 685 699 696
f 667 699 685
f 700 698 697
f 696 699 701
f 701 699 667
f 701 697 696
f 702 700 697
f 702 697 701
f 703 700 702
f 703 704 700
f 667 705 701
f 669 705 667
f 706 704 703
f 707 705 669
f 701 705 707
f 669 676 707
f 701 708 702
f 707 708 701
f 702 708 703
f 703 708 707
f 703 709 706
f 710 709 703
f 706 709 711
f 711 709 710
f 711 712 706
f 713 712 711
f 707 714 703
f 707 676 714
f 714 676 674
f 674 715 714
f 714 715 716
f 717 718 713
f 716 719 714
f 720 719 716
f 716 721 720
f 703 714 719
f 720 721 722
f 703 719 710
f 720 723 719
f 710 719 724
f 719 723 724
f 724 725 710
f 710 725 711
f 711 725 726
f 726 725 724
f 726 713 711
f 727 723 720
f 724 723 727
f 722 728 720
f 720 728 727
f 729 728 722
f 727 728 729
f 722 730 729
f 727 726 724
f 731 726 727
f 730 732 729
f 732 727 729
f 731 727 732
f 733 734 735
f 736 737 738
f 735 734 739
f 735 740 736
f 741 735 739
f 739 742 741
f 740 735 741
f 741 743 740
f 740 743 744
f 736 740 737
f 744 745 740
f 740 745 737
f 746 745 744
f 737 745 746
f 746 747 737
f 737 747 748
f 738 737 748
f 748 749 738
f 750 749 748
f 748 751 750
f 748 747 752
f 752 747 746
f 752 751 748
f 746 753 752
f 750 751 754
f 754 751 752
f 754 755 750
f 752 753 756
f 753 757 756
f 758 755 754
f 752 756 754
f 756 757 759
f 754 756 760
f 760 758 754
f 761 758 760
f 759 762 756
f 756 762 760
f 761 762 759
f 760 762 761
f 759 763 761
f 761 763 764
f 764 765 761
f 761 765 766
f 767 765 764
f 766 765 767
f 766 768 769
f 767 768 766
f 770 771 767
f 767 771 768
f 772 773 774
f 773 775 774
f 772 776 777
f 774 775 778
f 774 779 772
f 778 780 774
f 781 779 774
f 774 780 781
f 772 779 781
f 782 780 778
f 781 780 782
f 778 783 782
f 782 783 784
f 784 785 782
f 782 785 786
f 787 785 784
f 786 785 787
f 784 788 787
f 787 788 789
f 781 782 790
f 790 782 786
f 787 791 786
f 790 792 781
f 781 792 772
f 789 793 787
f 794 791 787
f 787 793 794
f 795 793 789
f 794 793 795
f 789 796 795
f 795 796 797
f 797 798 795
f 799 798 797
f 795 798 800
f 800 798 799
f 800 801 795
f 795 801 794
f 802 803 804
f 805 802 804
f 799 802 805
f 805 804 806
f 805 807 799
f 799 807 800
f 808 807 805
f 800 807 808
f 809 805 806
f 808 805 809
f 808 810 800
f 811 809 806
f 806 812 811
f 813 809 811
f 813 808 809
f 811 814 813
f 813 814 815
f 816 808 813
f 816 810 808
f 815 816 813
f 817 816 815
f 817 818 816
f 819 810 816
f 816 818 819
f 800 810 819
f 819 801 800
f 794 801 819
f 820 821 817
f 819 822 794
f 819 818 823
f 823 818 817
f 823 822 819
f 817 821 823
f 794 822 824
f 824 822 823
f 824 791 794
f 825 821 820
f 823 821 825
f 820 826 825
f 786 791 824
f 823 827 824
f 825 827 823
f 825 826 828
f 824 827 829
f 829 827 825
f 829 786 824
f 790 786 829
f 825 828 829
f 829 828 830
f 828 831 830
f 830 790 829
f 830 831 832
f 833 790 830
f 833 792 790
f 772 792 833
f 834 830 832
f 833 830 834
f 833 834 772
f 834 832 835
f 835 836 834
f 834 836 772
f 837 836 835
f 772 836 837
f 837 838 772
f 777 776 772
f 772 838 777
f 839 574 572
f 573 574 839
f 572 840 839
f 573 841 560
f 560 841 521
f 839 840 842
f 521 841 843
f 843 841 573
f 843 525 521
f 839 844 573
f 573 844 843
f 842 845 839
f 846 844 839
f 839 845 846
f 843 844 846
f 847 845 842
f 846 845 847
f 842 848 847
f 846 528 843
f 528 525 843
f 849 528 846
f 847 850 846
f 846 850 849
f 847 848 851
f 851 848 852
f 852 853 851
f 851 854 847
f 855 850 847
f 847 854 855
f 849 850 855
f 856 854 851
f 855 854 856
f 851 857 856
f 856 858 855
f 855 859 849
f 857 860 856
f 855 858 861
f 861 859 855
f 862 858 856
f 856 860 862
f 861 858 862
f 863 860 857
f 862 860 863
f 864 865 866
f 866 867 868
f 868 867 869
f 869 870 868
f 871 867 866
f 869 867 871
f 872 866 865
f 871 866 872
f 872 865 873
f 873 874 872
f 872 874 875
f 875 871 872
f 876 871 875
f 875 877 876
f 876 877 878
f 871 876 869
f 878 879 876
f 876 879 880
f 869 876 880
f 881 879 878
f 880 879 881
f 878 882 881
f 880 883 869
f 881 882 884
f 881 885 880
f 884 886 881
f 885 883 880
f 887 885 881
f 881 886 887
f 888 886 884
f 887 886 888
f 884 889 888
f 883 870 869
f 883 890 870
f 891 890 883
f 883 885 891
f 891 892 890
f 893 892 891
f 891 885 894
f 894 893 891
f 895 893 894
f 885 887 894
f 894 896 895
f 894 887 897
f 897 896 894
f 895 896 898
f 898 896 897
f 898 899 895
f 887 900 897
f 901 899 898
f 888 900 887
f 897 900 902
f 902 898 897
f 902 900 888
f 903 901 898
f 903 898 902
f 904 901 903
f 904 905 901
f 904 906 905
f 905 906 907
f 903 908 904
f 909 906 904
f 904 908 909
f 907 906 909
f 910 908 903
f 909 908 910
f 902 911 903
f 903 911 910
f 912 911 902
f 910 911 912
f 913 771 770
f 768 771 913
f 770 914 913
f 768 915 769
f 769 915 916
f 913 914 917
f 916 915 918
f 918 915 768
f 918 919 916
f 913 920 768
f 768 920 918
f 918 921 919
f 919 921 922
f 918 920 923
f 923 921 918
f 923 920 913
f 922 921 923
f 917 923 913
f 917 924 923
f 922 923 925
f 924 925 923
f 924 926 925
f 927 922 925
f 927 925 928
f 926 928 925
f 929 928 926
f 926 930 929
f 931 927 928
f 929 932 928
f 928 932 931
f 933 931 934
f 931 932 935
f 935 932 929
f 934 931 935
f 935 936 934
f 937 929 930
f 935 929 937
f 937 936 935
f 930 938 937
f 937 938 939
f 934 936 940
f 940 936 937
f 939 941 937
f 937 941 940
f 942 941 939
f 940 941 942
f 939 943 942
f 940 944 945
f 942 944 940
f 942 943 946
f 946 947 942
f 948 944 942
f 945 944 948
f 942 947 948
f 948 949 945
f 948 947 950
f 951 949 948
f 950 952 948
f 948 952 951
f 953 732 730
f 730 954 953
f 953 954 955
f 731 956 726
f 732 957 731
f 955 958 953
f 959 957 732
f 959 732 953
f 960 958 955
f 953 958 960
f 955 961 960
f 731 957 959
f 959 956 731
f 960 961 962
f 726 956 717
f 717 956 959
f 717 713 726
f 717 959 718
f 959 963 718
f 718 963 964
f 964 963 959
f 964 835 718
f 953 965 959
f 959 966 964
f 964 967 835
f 959 965 968
f 968 965 953
f 968 966 959
f 964 966 969
f 969 967 964
f 969 966 968
f 835 967 837
f 837 967 969
f 968 970 969
f 953 970 968
f 969 838 837
f 969 970 777
f 777 838 969
f 777 970 953
f 960 971 953
f 962 971 960
f 972 971 962
f 953 971 972
f 962 773 972
f 972 973 953
f 953 973 777
f 772 973 972
f 972 773 772
f 777 973 772
f 974 952 950
f 950 975 974
f 976 975 950
f 950 977 976
f 946 977 950
f 978 975 976
f 974 975 978
f 976 979 978
f 978 979 980
f 950 947 946
f 980 981 978
f 982 981 980
f 980 983 982
f 982 984 981
f 981 984 985
f 985 986 981
f 987 978 981
f 981 986 987
f 974 978 987
f 988 986 985
f 987 986 988
f 985 989 988
f 987 990 974
f 988 989 991
f 991 992 988
f 993 992 991
f 991 994 993
f 988 992 995
f 995 992 993
f 995 987 988
f 993 996 995
f 995 996 997
f 998 987 995
f 998 990 987
f 997 998 995
f 999 998 997
f 997 1000 999
f 999 1000 1001
f 999 1002 998
f 951 990 998
f 998 1002 951
f 974 990 951
f 951 952 974
f 1001 1003 999
f 1004 1002 999
f 951 1002 1004
f 999 1003 1004
f 1005 1003 1001
f 1004 1003 1005
f 1001 1006 1005
f 1004 949 951
f 1005 1006 1007
f 1005 1008 1004
f 1007 1009 1005
f 1004 1008 945
f 945 949 1004
f 1009 1008 1005
f 945 1008 1009
f 1010 1009 1007
f 1007 1011 1010
f 1010 1011 933
f 1010 934 1009
f 933 934 1010
f 933 1012 1013
f 1013 1012 1014
f 1013 931 933
f 934 940 1009
f 1009 940 945
f 1014 927 1013
f 927 931 1013
f 1015 927 1014
f 1014 1016 1015
f 1015 1016 1017
f 1017 1018 1015
f 1019 1018 1017
f 1017 1020 1019
f 1015 1018 1019
f 1019 1020 1021
f 1019 1022 1015
f 1015 1022 927
f 1021 919 1019
f 927 1022 1019
f 1021 1023 919
f 1019 919 922
f 1019 922 927
f 1024 919 1023
f 916 919 1024
f 1024 1023 1025
f 1025 1026 1024
f 1027 1026 1025
f 1025 1028 1027
f 1027 1028 1029
f 1026 1030 1024
f 1024 1030 916
f 1029 1031 1027
f 916 1030 769
f 769 1030 1026
f 1027 761 1026
f 755 1031 1029
f 1029 1032 755
f 1027 1031 758
f 758 761 1027
f 758 1031 755
f 755 1032 1033
f 1033 1034 755
f 761 766 1026
f 1026 766 769
f 1035 1034 1033
f 1033 1036 1035
f 755 1034 750
f 750 1034 1035
f 1035 1036 1037
f 1037 738 1035
f 1038 738 1037
f 1037 1039 1038
f 1038 1039 1040
f 738 749 1035
f 1035 749 750
f 1040 1041 1038
f 1042 1041 1040
f 1040 1043 1042
f 1041 1042 733
f 736 1038 1041
f 738 1038 736
f 735 1041 733
f 736 1041 735
f 857 1044 863
f 1044 862 863
f 1045 1044 857
f 1045 857 1046
f 1047 862 1044
f 1045 1048 1044
f 1047 1049 862
f 862 1049 861
f 1046 1050 1045
f 1051 1048 1045
f 1045 1050 1051
f 1052 1050 1046
f 1051 1050 1052
f 1046 1053 1052
f 1054 1052 1053
f 1053 1055 1054
f 1056 1052 1054
f 1056 905 1052
f 1052 905 1051
f 1055 1057 1054
f 1054 1058 1056
f 1059 1057 1055
f 1055 1060 1059
f 1054 1057 1058
f 1058 1057 1059
f 1056 1058 905
f 1059 1060 1061
f 1059 1062 1058
f 1058 1062 901
f 901 905 1058
f 1063 1062 1059
f 901 1062 1063
f 1061 1063 1059
f 1061 1064 1065
f 1065 1066 1061
f 1067 1063 1061
f 1061 1066 1067
f 1067 1066 1068
f 1067 1069 1063
f 1068 1070 1067
f 893 1069 1067
f 1067 1070 893
f 1071 1070 1068
f 893 1070 1071
f 1068 1072 1071
f 1071 1072 1073
f 1063 1069 895
f 895 1069 893
f 1071 892 893
f 895 899 1063
f 1073 1074 1071
f 1063 899 901
f 1075 1074 1073
f 1073 1076 1075
f 1071 1074 890
f 890 892 1071
f 890 1074 1075
f 1075 1076 1077
f 1077 1078 1075
f 1079 1078 1077
f 1077 1080 1079
f 1079 1080 1081
f 1081 1082 1079
f 1075 1078 868
f 868 1078 1079
f 1082 1083 1079
f 1079 1083 868
f 1082 1084 1083
f 868 870 1075
f 1075 870 890
f 1083 1084 864
f 864 1085 1083
f 1083 1085 868
f 866 1085 864
f 868 1085 866
f 902 1086 912
f 888 1086 902
f 1087 1086 888
f 912 1086 1087
f 888 889 1087
f 1087 889 1088
f 1088 1089 1087
f 1087 1090 912
f 912 1090 1091
f 1091 1092 912
f 912 1092 910
f 1093 1092 1091
f 910 1092 1093
f 1093 1094 910
f 910 1094 909
f 1095 1094 1093
f 909 1094 1095
f 1096 1093 1091
f 1095 1093 1096
f 1095 1097 909
f 909 1097 907
f 1096 1091 1098
f 1096 1099 1095
f 1100 1097 1095
f 907 1097 1100
f 1095 1099 1100
f 1100 1101 907
f 907 1101 905
f 1098 1102 1096
f 1103 1099 1096
f 1096 1102 1103
f 1100 1099 1103
f 1104 1102 1098
f 1103 1102 1104
f 1098 1105 1104
f 1103 1106 1100
f 1104 1105 1107
f 1107 1108 1104
f 1104 1108 1103
f 1109 1108 1107
f 1103 1108 1109
f 1107 1110 1109
f 1109 1110 1111
f 1111 1112 1109
f 1109 1112 1113
f 1111 1114 1112
f 1103 1109 1115
f 1115 1109 1113
f 1115 1116 1103
f 1103 1116 1106
f 1112 1114 1117
f 1112 1118 1113
f 1106 1116 1119
f 1119 1116 1115
f 1113 1120 1115
f 1113 1118 1121
f 1121 1120 1113
f 1112 1122 1118
f 1117 1122 1112
f 539 1122 1117
f 1118 1122 539
f 1117 540 539
f 1123 540 1117
f 1117 1124 1123
f 539 542 1118
f 531 532 542
f 542 532 528
f 542 1125 1118
f 1118 1125 1121
f 849 542 528
f 1125 542 849
f 849 859 1125
f 1125 859 861
f 1125 1126 1121
f 861 1126 1125
f 1121 1126 1047
f 1047 1126 861
f 1047 1120 1121
f 861 1049 1047
f 1115 1120 1047
f 1047 1127 1115
f 1115 1127 1119
f 1119 1127 1047
f 1044 1119 1047
f 1048 1119 1044
f 1048 1128 1119
f 1119 1128 1106
f 1051 1129 1048
f 905 1129 1051
f 1130 1128 1048
f 1106 1128 1130
f 1048 1129 1130
f 1130 1129 905
f 905 1101 1130
f 1100 1106 1130
f 1130 1101 1100
f 1131 1132 1133
f 1132 1131 1134
f 1134 1135 1132
f 1134 1131 1136
f 1135 1134 1137
f 1137 1138 1135
f 1137 1134 1139
f 1140 1138 1137
f 1136 1139 1134
f 1137 1141 1140
f 1140 1141 1142
f 1142 1143 1140
f 1142 1141 1144
f 1144 1141 1137
f 1144 1145 1142
f 1146 1145 1144
f 1137 1147 1144
f 1139 1147 1137
f 1144 1148 1146
f 1144 1147 1149
f 1149 1148 1144
f 1149 1147 1139
f 1150 1146 1148
f 1139 1151 1149
f 1152 1151 1139
f 1152 1139 1136
f 1153 1150 1148
f 1148 1154 1153
f 1149 1154 1148
f 1154 1155 1153
f 1154 1149 1156
f 1156 1149 1151
f 1157 1155 1154
f 1157 1154 1158
f 1158 1154 1156
f 1158 1159 1157
f 1160 1159 1158
f 1158 1161 1160
f 1160 1161 1162
f 1162 1163 1160
f 1156 1161 1158
f 1162 1161 1156
f 1164 1163 1162
f 1162 1156 1165
f 1165 1156 1166
f 1162 1167 1164
f 1165 1167 1162
f 1164 1167 1168
f 1168 1167 1165
f 1168 1169 1164
f 1170 1169 1168
f 1168 1171 1170
f 1165 1171 1168
f 1170 1171 1172
f 1172 1171 1165
f 1172 1173 1170
f 1174 1173 1172
f 1175 1165 1166
f 1165 1176 1172
f 1175 1176 1165
f 1177 1178 1179
f 1178 1180 1179
f 1179 1181 1177
f 1182 1181 1179
f 1182 1183 1181
f 1181 1184 1177
f 1185 1183 1182
f 1181 1186 1184
f 1184 1186 1187
f 1187 1188 1184
f 1189 1186 1181
f 1181 1183 1189
f 1187 1186 1189
f 1190 1188 1187
f 1189 1183 1185
f 1187 1191 1190
f 1190 1191 1192
f 1192 1193 1190
f 1192 1191 1194
f 1194 1191 1187
f 1194 1195 1192
f 1189 1196 1187
f 1187 1196 1194
f 1197 1195 1194
f 1198 1196 1189
f 1194 1196 1198
f 1194 1199 1197
f 1198 1199 1194
f 1199 1200 1197
f 1189 1201 1198
f 1202 1200 1199
f 1185 1201 1189
f 1199 1198 1203
f 1203 1198 1201
f 1199 1204 1202
f 1199 1205 1204
f 1206 1205 1199
f 1201 1207 1203
f 1206 1199 1208
f 1208 1209 1206
f 1208 1199 1203
f 1210 1209 1208
f 1208 1211 1210
f 1203 1211 1208
f 1210 1211 1212
f 1212 1211 1203
f 1212 1213 1210
f 1214 1213 1212
f 1212 1215 1214
f 1214 1215 1216
f 1216 1217 1214
f 1203 1215 1212
f 1216 1215 1203
f 1218 1217 1216
f 1219 1203 1207
f 1203 1219 1216
f 1216 1219 1220
f 1216 1221 1218
f 1220 1221 1216
f 1218 1221 1222
f 1222 1221 1220
f 1222 1223 1218
f 1224 1223 1222
f 1222 1225 1224
f 1220 1225 1222
f 1224 1225 1226
f 1226 1225 1220
f 1227 1228 1229
f 1229 1228 1230
f 1229 1231 1227
f 1232 1231 1229
f 1229 1233 1232
f 1230 1234 1235
f 1229 1230 1233
f 1232 1233 1236
f 1236 1237 1232
f 1233 1230 1236
f 1238 1237 1236
f 1238 1236 1239
f 1239 1236 1230
f 1239 1240 1238
f 1230 1241 1239
f 1241 1230 1235
f 1242 1243 1244
f 1245 1243 1242
f 1242 1246 1245
f 1247 1246 1242
f 1242 1248 1247
f 1244 1248 1242
f 1247 1248 1249
f 1249 1248 1244
f 1249 1250 1247
f 1251 1250 1249
f 1249 1252 1251
f 1244 1252 1249
f 1252 1253 1251
f 1252 1254 1253
f 1252 1244 1255
f 1255 1254 1252
f 1255 1244 1256
f 1253 1254 1257
f 1257 1254 1255
f 1257 1258 1253
f 1257 1259 1258
f 1255 1259 1257
f 1258 1259 1260
f 1260 1259 1255
f 1260 1261 1258
f 1260 1262 1261
f 1261 1262 1263
f 1263 1264 1261
f 1255 1262 1260
f 1263 1262 1255
f 1265 1264 1263
f 1265 1263 1266
f 1266 1267 1265
f 1266 1263 1255
f 1268 1267 1266
f 1266 1255 1269
f 1269 1255 1270
f 1266 1271 1268
f 1269 1271 1266
f 1268 1271 1272
f 1272 1271 1269
f 1272 1273 1268
f 1274 1273 1272
f 1272 1275 1274
f 1270 1276 1269
f 1272 1269 1277
f 1277 1275 1272
f 1277 1269 1276
f 1274 1275 1278
f 1278 1275 1277
f 1279 1280 1281
f 1282 1280 1279
f 1279 1283 1282
f 1284 1283 1279
f 1279 1285 1284
f 1279 1286 1287
f 1279 1288 1285
f 1289 1288 1279
f 1287 1286 1290
f 1289 1279 1291
f 1291 1292 1289
f 1291 1279 1287
f 1293 1292 1291
f 1291 1294 1293
f 1293 1294 1295
f 1295 1296 1293
f 1287 1294 1291
f 1295 1294 1287
f 1297 1296 1295
f 1295 1287 1298
f 1298 1287 1290
f 1295 1299 1297
f 1298 1299 1295
f 1297 1299 1300
f 1300 1299 1298
f 1300 1301 1297
f 1302 1301 1300
f 1300 1303 1302
f 1300 1298 1304
f 1304 1303 1300
f 1302 1303 1305
f 1305 1303 1304
f 1305 1306 1302
f 1307 1306 1305
f 1298 1290 1308
f 1298 1309 1304
f 1308 1309 1298
f 1226 1310 1224
f 1311 1310 1226
f 1220 1219 1312
f 1220 1313 1226
f 1312 1313 1220
f 1207 1312 1219
f 1314 1312 1207
f 1315 1312 1314
f 1312 1316 1313
f 1315 1316 1312
f 1313 1317 1226
f 1226 1317 1311
f 1311 1317 1318
f 1318 1317 1313
f 1318 1319 1311
f 1320 1319 1318
f 1313 1321 1318
f 1316 1321 1313
f 1318 1322 1320
f 1321 1322 1318
f 1322 1323 1320
f 1324 1323 1322
f 1322 1325 1324
f 1322 1321 1286
f 1286 1325 1322
f 1286 1321 1316
f 1324 1325 1326
f 1326 1325 1286
f 1326 1327 1324
f 1328 1327 1326
f 1326 1329 1328
f 1316 1330 1286
f 1316 1315 1330
f 1330 1315 1314
f 1286 1329 1326
f 1329 1281 1328
f 1329 1279 1281
f 1286 1279 1329
f 1331 1304 1309
f 1305 1304 1331
f 1309 1332 1331
f 1308 1332 1309
f 1331 1333 1305
f 1305 1333 1307
f 1307 1333 1334
f 1334 1333 1331
f 1334 1335 1307
f 1336 1335 1334
f 1334 1337 1336
f 1331 1337 1334
f 1336 1337 1338
f 1338 1337 1331
f 1338 1339 1336
f 1340 1339 1338
f 1338 1341 1340
f 1338 1331 1342
f 1342 1341 1338
f 1342 1331 1332
f 1340 1341 1343
f 1343 1341 1342
f 1343 1344 1340
f 1345 1344 1343
f 1343 1346 1345
f 1332 1347 1342
f 1332 1308 1347
f 1347 1308 1348
f 1342 1346 1343
f 1278 1349 1274
f 1350 1349 1278
f 1270 1351 1276
f 1351 1352 1276
f 1353 1277 1276
f 1278 1277 1353
f 1353 1354 1278
f 1278 1354 1350
f 1350 1354 1355
f 1355 1354 1353
f 1355 1356 1350
f 1357 1356 1355
f 1353 1358 1355
f 1353 1276 1358
f 1358 1276 1352
f 1355 1359 1357
f 1358 1359 1355
f 1357 1359 1360
f 1360 1359 1358
f 1360 1361 1357
f 1362 1358 1352
f 1360 1363 1361
f 1358 1363 1360
f 1361 1363 1364
f 1364 1363 1358
f 1364 1365 1361
f 1362 1352 1351
f 1358 1362 1366
f 1358 1366 1364
f 1351 1367 1362
f 1368 1175 1166
f 1175 1369 1176
f 1176 1370 1172
f 1172 1370 1174
f 1174 1370 1371
f 1371 1370 1176
f 1371 1372 1174
f 1373 1372 1371
f 1176 1374 1371
f 1369 1374 1176
f 1371 1375 1373
f 1374 1375 1371
f 1373 1375 1376
f 1376 1375 1374
f 1376 1377 1373
f 1378 1377 1376
f 1376 1379 1378
f 1376 1374 1244
f 1244 1379 1376
f 1244 1374 1369
f 1378 1379 1380
f 1380 1379 1244
f 1380 1381 1378
f 1175 1256 1369
f 1245 1381 1380
f 1368 1256 1175
f 1380 1243 1245
f 1256 1244 1369
f 1244 1243 1380
f 1382 1383 1384
f 1385 1386 1382
f 1387 1383 1382
f 1382 1388 1387
f 1386 1388 1382
f 1388 1389 1387
f 1390 1386 1391
f 1388 1386 1392
f 1392 1386 1390
f 1392 1393 1394
f 1395 1393 1392
f 1395 1392 1396
f 1396 1392 1390
f 1396 1397 1395
f 1390 1397 1396
f 1398 1395 1397
f 1390 1399 1397
f 1397 1400 1398
f 1401 1400 1397
f 1402 1399 1390
f 1402 1390 1391
f 1401 1397 1403
f 1403 1404 1401
f 1403 1397 1399
f 1405 1404 1403
f 1405 1403 1406
f 1406 1403 1399
f 1406 1407 1405
f 1408 1407 1406
f 1406 1409 1408
f 1399 1409 1406
f 1410 1409 1399
f 1399 1411 1410
f 1402 1411 1399
f 1412 1413 1410
f 1410 1414 1412
f 1411 1414 1410
f 1412 1414 1415
f 1415 1414 1411
f 1415 1416 1412
f 1417 1416 1415
f 1415 1418 1417
f 1417 1418 1419
f 1419 1418 1415
f 1419 1420 1417
f 1421 1420 1419
f 1415 1411 1419
f 1419 1422 1421
f 1411 1422 1419
f 1421 1422 1423
f 1423 1422 1411
f 1423 1424 1421
f 1425 1424 1423
f 1423 1426 1425
f 1427 1411 1402
f 1423 1411 1427
f 1427 1426 1423
f 1425 1426 1428
f 1428 1426 1427
f 1428 1429 1425
f 1430 1429 1428
f 1428 1427 1431
f 1428 1431 1430
f 1431 1432 1430
f 1427 1433 1431
f 1434 1432 1431
f 1402 1433 1427
f 1431 1435 1434
f 1435 1431 1433
f 1434 1435 1436
f 1436 1437 1434
f 1438 1437 1436
f 1436 1439 1438
f 1435 1433 1436
f 1433 1439 1436
f 1440 1439 1433
f 1441 1364 1366
f 1365 1364 1441
f 1441 1442 1365
f 1441 1443 1442
f 1441 1366 1444
f 1444 1443 1441
f 1444 1366 1362
f 1443 1445 1442
f 1446 1445 1443
f 1443 1447 1446
f 1444 1447 1443
f 1447 1448 1446
f 1449 1448 1447
f 1447 1450 1449
f 1447 1444 1451
f 1451 1450 1447
f 1451 1444 1362
f 1450 1452 1449
f 1450 1453 1452
f 1451 1453 1450
f 1452 1453 1454
f 1454 1453 1451
f 1454 1455 1452
f 1456 1455 1454
f 1454 1457 1456
f 1456 1457 1458
f 1458 1459 1456
f 1458 1457 1460
f 1460 1457 1454
f 1460 1461 1458
f 1451 1462 1454
f 1454 1462 1460
f 1463 1461 1460
f 1464 1462 1451
f 1460 1462 1464
f 1460 1465 1463
f 1464 1465 1460
f 1465 1133 1463
f 1451 1466 1464
f 1465 1467 1133
f 1465 1464 1468
f 1468 1467 1465
f 1468 1464 1466
f 1133 1467 1131
f 1131 1467 1468
f 1466 1469 1468
f 1367 1469 1466
f 1451 1367 1466
f 1468 1136 1131
f 1152 1136 1468
f 1469 1152 1468
f 1362 1367 1451
f 1367 1351 1469
f 1256 1351 1270
f 1270 1255 1256
f 1256 1368 1351
f 1351 1368 1469
f 1151 1166 1156
f 1368 1166 1151
f 1368 1152 1469
f 1151 1152 1368
f 1346 1470 1345
f 1471 1470 1346
f 1346 1342 1472
f 1472 1342 1347
f 1471 1346 1473
f 1473 1346 1472
f 1473 1474 1471
f 1473 1475 1474
f 1475 1473 1476
f 1476 1473 1472
f 1476 1477 1475
f 1478 1477 1476
f 1476 1479 1478
f 1478 1479 1480
f 1480 1481 1478
f 1480 1479 1482
f 1482 1479 1476
f 1482 1483 1480
f 1472 1484 1476
f 1476 1484 1482
f 1180 1483 1482
f 1482 1485 1180
f 1180 1485 1179
f 1482 1484 1486
f 1486 1485 1482
f 1486 1484 1472
f 1179 1485 1486
f 1472 1487 1486
f 1486 1182 1179
f 1487 1182 1486
f 1487 1488 1182
f 1347 1487 1472
f 1348 1488 1487
f 1348 1487 1347
f 1348 1308 1314
f 1314 1308 1290
f 1330 1290 1286
f 1314 1290 1330
f 1314 1488 1348
f 1314 1185 1488
f 1488 1185 1182
f 1185 1314 1201
f 1314 1207 1201
f 1489 1490 1491
f 1492 1493 1490
f 1493 1494 1490
f 1490 1495 1491
f 1490 1494 1495
f 1493 1496 1494
f 1494 1496 1495
f 1497 1496 1493
f 1495 1496 1497
f 1497 1493 1498
f 1498 1499 1497
f 1497 1499 1495
f 1500 1499 1498
f 1495 1499 1500
f 1498 1501 1500
f 1500 1501 1502
f 1502 1503 1500
f 1500 1503 1495
f 1235 1504 1489
f 1504 1505 1506
f 1506 1505 1507
f 1508 1506 1507
f 1507 1509 1508
f 1510 1509 1507
f 1510 1507 1511
f 1511 1507 1505
f 1511 1512 1510
f 1513 1512 1511
f 1511 1514 1513
f 1515 1514 1511
f 1504 1234 1505
f 1515 1511 1516
f 1516 1511 1505
f 1516 1517 1515
f 1518 1517 1516
f 1504 1235 1234
f 1516 1519 1518
f 1505 1519 1516
f 1518 1519 1520
f 1520 1521 1518
f 1522 1521 1520
f 1234 1519 1505
f 1520 1523 1522
f 1520 1519 1524
f 1524 1519 1234
f 1524 1523 1520
f 1523 1525 1522
f 1526 1525 1523
f 1523 1527 1526
f 1524 1527 1523
f 1526 1527 1528
f 1528 1527 1524
f 1528 1529 1526
f 1227 1529 1528
f 1230 1524 1234
f 1528 1524 1230
f 1528 1228 1227
f 1230 1228 1528
f 1502 1530 1503
f 1503 1530 1531
f 1531 1532 1503
f 1532 1495 1503
f 1533 1495 1532
f 1534 1532 1531
f 1531 1535 1534
f 1534 1535 1536
f 1534 1533 1532
f 1537 1534 1536
f 1533 1534 1537
f 1536 1538 1537
f 1537 1538 1539
f 1537 1540 1533
f 1539 1541 1537
f 1533 1540 1542
f 1537 1541 1540
f 1543 1541 1539
f 1540 1541 1543
f 1539 1544 1543
f 1543 1544 1545
f 1545 1546 1543
f 1543 1546 1540
f 1547 1546 1545
f 1545 1548 1547
f 1540 1546 1547
f 1547 1549 1540
f 1491 1533 1542
f 1495 1533 1491
f 1540 1549 1542
f 1547 1550 1549
f 1549 1550 1551
f 1551 1550 1552
f 1552 1553 1551
f 1551 1553 1554
f 1554 1555 1551
f 1551 1555 1549
f 1556 1555 1554
f 1549 1555 1556
f 1556 1554 1557
f 1235 1491 1542
f 1433 1558 1559
f 1559 1558 1560
f 1560 1561 1559
f 1559 1561 1562
f 1560 1558 1563
f 1563 1558 1433
f 1563 1564 1560
f 1565 1564 1563
f 1562 1566 1559
f 1559 1566 1433
f 1440 1566 1562
f 1433 1566 1440
f 1562 1567 1440
f 1440 1567 1438
f 1568 1563 1433
f 1438 1439 1440
f 1433 1402 1568
f 1568 1391 1569
f 1570 1571 1572
f 1570 1573 1571
f 1570 1574 1573
f 1570 1569 1575
f 1575 1574 1570
f 1571 1573 1576
f 1576 1573 1574
f 1571 1576 1577
f 1577 1576 1574
f 1578 1571 1577
f 1577 1579 1578
f 1574 1579 1577
f 1578 1579 1580
f 1580 1579 1574
f 1580 1581 1578
f 1582 1581 1580
f 1580 1583 1582
f 1580 1574 1584
f 1584 1583 1580
f 1584 1574 1575
f 1582 1583 1585
f 1585 1583 1584
f 1585 1586 1582
f 1587 1586 1585
f 1585 1588 1587
f 1584 1588 1585
f 1589 1588 1584
f 1587 1588 1589
f 1589 1590 1587
f 1575 1386 1584
f 1584 1386 1589
f 1591 1590 1589
f 1589 1592 1591
f 1386 1592 1589
f 1592 1593 1591
f 1384 1593 1592
f 1386 1385 1592
f 1592 1385 1384
f 1386 1575 1391
f 1384 1385 1382
f 1391 1568 1402
f 1569 1391 1575
f 1241 1594 1239
f 1595 1594 1241
f 1596 1594 1595
f 1595 1597 1596
f 1595 1598 1597
f 1241 1598 1595
f 1597 1598 1599
f 1599 1598 1241
f 1597 1599 1600
f 1600 1599 1241
f 1601 1597 1600
f 1600 1557 1601
f 1600 1556 1557
f 1241 1549 1600
f 1549 1556 1600
f 1542 1549 1241
f 1235 1542 1241
f 1489 1491 1235
f 1602 1603 1604
f 1605 1603 1602
f 1604 1606 1602
f 1602 1606 1607
f 1602 1608 1605
f 1609 1605 1608
f 1607 1610 1602
f 1602 1610 1608
f 1611 1610 1607
f 1608 1610 1611
f 1607 1612 1611
f 1611 1612 1613
f 1613 1614 1611
f 1611 1615 1608
f 1611 1614 1615
f 1616 1614 1613
f 1615 1614 1616
f 1613 1617 1616
f 1616 1617 1618
f 1616 1619 1615
f 1620 1608 1615
f 1615 1619 1620
f 1609 1608 1620
f 1621 1622 1623
f 1624 1622 1621
f 1623 1625 1621
f 1621 1625 1626
f 1627 1628 1629
f 1626 1630 1621
f 1627 1624 1628
f 1621 1630 1624
f 1624 1631 1628
f 1624 1630 1632
f 1632 1631 1624
f 1632 1630 1626
f 1626 1633 1632
f 1632 1633 1634
f 1634 1635 1632
f 1632 1635 1631
f 1636 1635 1634
f 1631 1635 1636
f 1634 1637 1636
f 1636 1637 1638
f 1638 1639 1636
f 1636 1639 1631
f 1631 1640 1628
f 1641 1639 1638
f 1631 1639 1641
f 1638 1642 1641
f 1640 1631 1643
f 1643 1631 1641
f 1641 1644 1643
f 1642 1645 1641
f 1645 1644 1641
f 1646 1647 1648
f 1648 1649 1646
f 1648 1650 1651
f 1651 1650 1652
f 1652 1653 1651
f 1651 1653 1654
f 1654 1655 1651
f 1651 1655 1648
f 1656 1655 1654
f 1648 1655 1656
f 1654 1657 1656
f 1656 1657 1658
f 1656 1659 1648
f 1658 1660 1656
f 1648 1659 1649
f 1656 1660 1659
f 1661 1660 1658
f 1659 1660 1661
f 1658 1662 1661
f 1661 1662 1663
f 1663 1664 1661
f 1661 1664 1659
f 1659 1665 1646
f 1649 1659 1646
f 1666 1667 1668
f 1669 1619 1668
f 1620 1619 1669
f 1667 1670 1668
f 1671 1609 1672
f 1672 1609 1620
f 1670 1673 1668
f 1668 1673 1669
f 1669 1674 1620
f 1675 1673 1670
f 1669 1673 1675
f 1670 1676 1675
f 1620 1674 1672
f 1618 1677 1616
f 1616 1677 1619
f 1678 1677 1618
f 1619 1677 1678
f 1618 1679 1678
f 1678 1679 1666
f 1678 1668 1619
f 1666 1668 1678
f 1680 1675 1676
f 1669 1675 1680
f 1676 1681 1680
f 1680 1681 1682
f 1682 1683 1680
f 1680 1683 1669
f 1684 1683 1682
f 1669 1683 1684
f 1682 1685 1684
f 1684 1685 1686
f 1687 1674 1669
f 1684 1688 1669
f 1669 1688 1687
f 1687 1672 1674
f 1684 1689 1688
f 1686 1689 1684
f 1690 1689 1686
f 1688 1689 1690
f 1686 1691 1690
f 1690 1691 1692
f 1692 1693 1690
f 1694 1688 1690
f 1687 1688 1694
f 1690 1693 1694
f 1695 1693 1692
f 1694 1693 1695
f 1692 1696 1695
f 1695 1696 1697
f 1697 1698 1695
f 1699 1687 1694
f 1700 1694 1695
f 1695 1698 1700
f 1699 1694 1700
f 1701 1698 1697
f 1700 1698 1701
f 1697 1702 1701
f 1701 1702 1703
f 1703 1704 1701
f 1701 1704 1700
f 1705 1704 1703
f 1700 1704 1705
f 1703 1706 1705
f 1705 1706 1707
f 1708 1700 1705
f 1699 1700 1708
f 1705 1709 1708
f 1707 1709 1705
f 1710 1709 1707
f 1708 1709 1710
f 1707 1711 1710
f 1708 1712 1699
f 1710 1711 1713
f 1713 1714 1710
f 1710 1714 1708
f 1713 1715 1714
f 1714 1715 1716
f 1714 1716 1717
f 1718 1714 1717
f 1708 1714 1718
f 1718 1717 1719
f 1720 1708 1718
f 1721 1718 1719
f 1720 1718 1721
f 1721 1719 1722
f 1722 1723 1721
f 1724 1723 1722
f 1722 1725 1724
f 1724 1725 1726
f 1726 1727 1724
f 1724 1727 1728
f 1721 1723 1729
f 1729 1723 1724
f 1728 1730 1724
f 1724 1730 1729
f 1731 1730 1728
f 1729 1730 1731
f 1728 1732 1731
f 1729 1720 1721
f 1731 1733 1729
f 1734 1720 1729
f 1729 1733 1734
f 1732 1735 1731
f 1736 1733 1731
f 1731 1735 1736
f 1734 1733 1736
f 1732 1737 1735
f 1736 1738 1734
f 1737 1739 1735
f 1735 1739 1736
f 1740 1736 1739
f 1736 1741 1738
f 1738 1741 1734
f 1734 1672 1720
f 1720 1712 1708
f 1672 1712 1720
f 1734 1742 1672
f 1699 1712 1672
f 1672 1687 1699
f 1742 1671 1672
f 1743 1744 1629
f 1745 1746 1747
f 1748 1749 1745
f 1743 1749 1748
f 1750 1745 1747
f 1748 1745 1750
f 1750 1747 1751
f 1751 1752 1750
f 1753 1748 1750
f 1750 1752 1753
f 1754 1752 1751
f 1753 1752 1754
f 1751 1755 1754
f 1754 1755 1756
f 1756 1757 1754
f 1754 1757 1758
f 1758 1759 1754
f 1754 1759 1753
f 1760 1759 1758
f 1753 1759 1760
f 1758 1761 1760
f 1760 1762 1753
f 1753 1762 1763
f 1763 1748 1753
f 1764 1760 1761
f 1762 1760 1764
f 1761 1765 1764
f 1748 1763 1743
f 1764 1766 1762
f 1766 1763 1762
f 1767 1766 1764
f 1768 1766 1767
f 1765 1769 1764
f 1764 1769 1770
f 1771 1764 1770
f 1767 1764 1771
f 1770 1772 1771
f 1771 1772 1773
f 1771 1774 1767
f 1773 1775 1771
f 1771 1775 1774
f 1776 1775 1773
f 1774 1775 1776
f 1773 1777 1776
f 1776 1777 1778
f 1778 1779 1776
f 1780 1779 1778
f 1778 1781 1780
f 1776 1779 1782
f 1782 1779 1780
f 1780 1781 1783
f 1776 1782 1774
f 1783 1784 1780
f 1774 1782 1785
f 1786 1784 1783
f 1783 1787 1786
f 1780 1784 1788
f 1788 1782 1780
f 1788 1784 1786
f 1786 1787 1652
f 1652 1650 1786
f 1647 1782 1788
f 1647 1785 1782
f 1768 1785 1647
f 1648 1788 1786
f 1786 1650 1648
f 1647 1788 1648
f 1647 1646 1768
f 1767 1774 1785
f 1767 1785 1768
f 1646 1766 1768
f 1646 1743 1766
f 1766 1743 1763
f 1744 1743 1646
f 1646 1629 1744
f 1665 1789 1646
f 1790 1789 1665
f 1665 1659 1790
f 1790 1659 1664
f 1790 1664 1791
f 1791 1664 1792
f 1664 1793 1792
f 1792 1794 1791
f 1791 1794 1795
f 1795 1796 1791
f 1791 1796 1797
f 1663 1793 1664
f 1797 1798 1791
f 1791 1798 1799
f 1800 1791 1799
f 1790 1791 1800
f 1799 1801 1800
f 1800 1801 1802
f 1802 1803 1800
f 1800 1803 1790
f 1804 1803 1802
f 1790 1803 1804
f 1802 1805 1804
f 1804 1805 1806
f 1807 1790 1804
f 1789 1790 1807
f 1646 1789 1629
f 1629 1789 1627
f 1789 1807 1627
f 1808 1627 1807
f 1808 1807 1809
f 1807 1810 1809
f 1804 1810 1807
f 1806 1810 1804
f 1809 1810 1806
f 1806 1811 1809
f 1809 1811 1812
f 1812 1813 1809
f 1809 1813 1808
f 1814 1813 1812
f 1808 1813 1814
f 1812 1815 1814
f 1814 1815 1623
f 1623 1622 1814
f 1624 1808 1814
f 1814 1622 1624
f 1627 1808 1624
f 1736 1816 1741
f 1740 1816 1736
f 1671 1741 1817
f 1816 1817 1741
f 1734 1741 1671
f 1734 1671 1742
f 1818 1817 1819
f 1816 1820 1817
f 1820 1819 1817
f 1820 1816 1821
f 1816 1740 1821
f 1821 1740 1822
f 1740 1739 1822
f 1822 1739 1823
f 1739 1737 1823
f 1824 1822 1823
f 1821 1822 1824
f 1823 1825 1824
f 1824 1825 1826
f 1827 1821 1824
f 1826 1828 1824
f 1824 1828 1827
f 1829 1828 1826
f 1827 1828 1829
f 1826 1830 1829
f 1829 1830 1831
f 1831 1832 1829
f 1829 1832 1833
f 1820 1821 1827
f 1833 1834 1829
f 1829 1834 1827
f 1835 1834 1833
f 1827 1834 1835
f 1835 1820 1827
f 1833 1836 1835
f 1835 1836 1837
f 1835 1838 1820
f 1837 1838 1835
f 1820 1838 1839
f 1839 1838 1837
f 1839 1819 1820
f 1837 1840 1839
f 1839 1840 1841
f 1841 1842 1839
f 1839 1842 1843
f 1843 1844 1839
f 1845 1839 1844
f 1819 1839 1845
f 1844 1846 1845
f 1817 1818 1671
f 1845 1846 1847
f 1847 1848 1845
f 1845 1848 1819
f 1849 1848 1847
f 1819 1848 1849
f 1847 1850 1849
f 1849 1850 1851
f 1851 1852 1849
f 1605 1819 1849
f 1849 1852 1605
f 1818 1819 1605
f 1853 1852 1851
f 1605 1852 1853
f 1851 1854 1853
f 1818 1609 1671
f 1853 1854 1604
f 1818 1605 1609
f 1604 1603 1853
f 1853 1603 1605
f 1855 1743 1856
f 1743 1855 1749
f 1749 1855 1857
f 1745 1857 1858
f 1749 1857 1745
f 1745 1858 1746
f 1857 1859 1858
f 1855 1859 1857
f 1859 1860 1858
f 1859 1861 1860
f 1855 1862 1859
f 1859 1862 1863
f 1863 1861 1859
f 1864 1862 1855
f 1855 1856 1864
f 1863 1862 1864
f 1860 1861 1865
f 1865 1861 1863
f 1865 1866 1860
f 1867 1866 1865
f 1865 1868 1867
f 1869 1868 1865
f 1863 1870 1865
f 1865 1870 1869
f 1869 1870 1871
f 1871 1870 1863
f 1871 1872 1869
f 1873 1872 1871
f 1863 1864 1871
f 1871 1644 1873
f 1871 1864 1643
f 1643 1644 1871
f 1644 1874 1873
f 1645 1874 1644
f 1643 1864 1856
f 1643 1856 1640
f 1640 1856 1628
f 1628 1856 1629
f 1629 1856 1743
f 1875 1876 1877
f 1878 1875 1877
f 1875 1879 1876
f 1877 1880 1878
f 1878 1880 1881
f 1881 1882 1878
f 1883 1882 1881
f 1881 1884 1883
f 1884 1881 1885
f 1885 1881 1880
f 1885 1886 1884
f 1880 1887 1885
f 1880 1877 1887
f 1885 1888 1886
f 1888 1885 1889
f 1889 1885 1887
f 1889 1890 1888
f 1887 1891 1889
f 1890 1889 1892
f 1893 1890 1892
f 1892 1894 1893
f 1895 1894 1892
f 1892 1889 1891
f 1892 1891 1895
f 1895 1896 1897
f 1896 1898 1897
f 1899 1900 1901
f 1902 1900 1899
f 1899 1903 1902
f 1899 1904 1905
f 1905 1903 1899
f 1905 1904 1906
f 1903 1907 1902
f 1908 1907 1903
f 1903 1909 1908
f 1910 1909 1903
f 1903 1905 1910
f 1911 1910 1905
f 1905 1912 1911
f 1912 1905 1906
f 1912 1906 1913
f 1906 1914 1915
f 1915 1913 1906
f 1895 1915 1896
f 1916 1898 1896
f 1915 1916 1896
f 1915 1917 1916
f 1918 1917 1915
f 1915 1914 1918
f 1918 1914 1919
f 1919 1920 1918
f 1921 1920 1919
f 1919 1922 1921
f 1923 1922 1919
f 1923 1919 1924
f 1924 1919 1914
f 1925 1923 1924
f 1924 1914 1904
f 1925 1924 1899
f 1899 1924 1904
f 1899 1901 1925
f 1914 1906 1904
f 1926 1915 1895
f 1891 1926 1895
f 1926 1891 1887
f 1877 1926 1887
f 1877 1876 1926
f 1926 1913 1915
f 1879 1911 1876
f 1911 1912 1876
f 1876 1912 1926
f 1926 1912 1913
