v -0.207128927 -0.303310156 0.297210157
v -0.206426159 -0.303589076 0.29649812
v -0.204167083 -0.304384112 0.298600256
v -0.201463059 -0.30498299 0.300202429
v -0.2018594 -0.304790109 0.301142991
v -0.204730794 -0.304154158 0.299441695
v -0.202018276 -0.304441422 0.301620543
v -0.198691592 -0.304845661 0.302730024
v -0.198714361 -0.301686704 0.303949237
v -0.195094153 -0.30181098 0.304338813
v -0.198608264 -0.305185169 0.302227259
v -0.198402807 -0.305354863 0.30122304
v -0.194996104 -0.305471808 0.301589608
v -0.195048615 -0.305307359 0.302610338
v -0.195071384 -0.304969907 0.3031196
v -0.102770187 -0.30430463 0.3031196
v -0.102792956 -0.301145673 0.304338813
v -0.102758206 -0.304642141 0.302610338
v -0.102732934 -0.304806769 0.301589608
v 0.0601142868 -0.303130567 0.3031196
v 0.0600915179 -0.29997164 0.304338813
v 0.0601071939 -0.303468227 0.302610338
v 0.152415469 -0.30246529 0.3031196
v 0.1523927 -0.299306333 0.304338813
v 0.156010762 -0.299129903 0.303949237
v 0.0600843653 -0.303633213 0.301589608
v 0.152397588 -0.30280301 0.302610338
v 0.15234746 -0.302968204 0.301589608
v 0.156033531 -0.30228883 0.302730024
v 0.159331277 -0.298677742 0.302839756
v 0.155955151 -0.30262953 0.302227259
v 0.159354046 -0.301836699 0.301620543
v 0.162259236 -0.297984868 0.301099241
v 0.159200206 -0.302187622 0.301142991
v 0.155752137 -0.302802175 0.30122304
v 0.158806697 -0.302386224 0.30020237
v 0.162282005 -0.301143795 0.299879968
v 0.164699748 -0.297086209 0.298816442
v 0.162062123 -0.301510394 0.299441695
v 0.16150184 -0.301748425 0.298600256
v 0.164722517 -0.300245136 0.297597229
v 0.166557804 -0.296016753 0.296080232
v 0.164447859 -0.300631881 0.297210157
v 0.166580573 -0.29917568 0.294861019
v 0.167738393 -0.294811457 0.292979479
v 0.166264012 -0.299586564 0.294535697
v 0.163749173 -0.300920904 0.296498179
v 0.165459469 -0.299936503 0.293979585
v 0.167761162 -0.297970384 0.291760266
v 0.168146566 -0.293505311 0.289602995
v 0.16741778 -0.298408657 0.291505396
v 0.166545525 -0.298827738 0.291127145
v 0.166929558 -0.29759863 0.2879498
v 0.167819098 -0.297124386 0.288185418
v 0.168169335 -0.296664268 0.288383782
v 0.168024257 -0.27654013 0.236240983
v 0.168001488 -0.273381203 0.237460196
v 0.16767408 -0.277004153 0.236052692
v 0.166784659 -0.277488232 0.235842526
v -0.165741578 0.0229537189 0.0578039847
v -0.165684864 0.0229972303 0.0578121506
v -0.162608787 0.0230362713 0.0505521856
v -0.165684864 0.0229972303 0.0578121506
v -0.165741578 0.0229537189 0.0578039847
v -0.165768221 0.0229528248 0.0580990873
v -0.162386462 0.0230386555 0.0502219759
v -0.16243346 0.0229952037 0.0501963459
v -0.162661985 0.0229927599 0.0505357943
v 0.151116505 -0.213251561 0.0784860253
v 0.151094273 -0.210161656 0.0784929395
v 0.151095644 -0.210350305 0.0795493722
v 0.151095584 -0.210345596 0.0774356723
v 0.151099518 -0.210888952 0.0804775357
v 0.151099458 -0.210880131 0.0765051246
v 0.151105419 -0.211712569 0.0811654925
v 0.151105359 -0.211700648 0.0758134723
v 0.151112691 -0.212721735 0.0815303326
v 0.151112631 -0.212708205 0.0754441619
v 0.151120439 -0.213794857 0.0815279484
v 0.15112032 -0.213781327 0.0754417777
v 0.151127711 -0.214802474 0.081158638
v 0.151127592 -0.214790553 0.0758066177
v 0.151133612 -0.215622991 0.0804669857
v 0.151133552 -0.21561417 0.0764945745
v 0.151137486 -0.216157466 0.079536438
v 0.151137426 -0.216152757 0.0774227381
v 0.151138797 -0.216341466 0.0784791708
v -0.162661985 0.0229927599 0.0505357943
v -0.162725702 0.0228666365 0.0505157672
v -0.165809497 0.0228275359 0.0577939115
v -0.165741578 0.0229537189 0.0578039847
v -0.165741578 0.0229537189 0.0578039847
v -0.165809497 0.0228275359 0.0577939115
v -0.165837839 0.0228265822 0.0581077896
v -0.165768221 0.0229528248 0.0580990873
v -0.162053391 0.0230416358 0.0499715172
v -0.162087515 0.0229983032 0.0499361716
v -0.16243346 0.0229952037 0.0501963459
v -0.162386462 0.0230386555 0.0502219759
v -0.16245316 0.0230893195 0.0505999289
v -0.162608787 0.0230362713 0.0505521856
v -0.165684864 0.0229972303 0.0578121506
v -0.165519074 0.0230504572 0.0578358732
v -0.16243346 0.0229952037 0.0501963459
v -0.162489668 0.0228691995 0.0501651727
v -0.162725702 0.0228666365 0.0505157672
v -0.162661985 0.0229927599 0.0505357943
v -0.162248954 0.0230915248 0.0502966009
v -0.162386462 0.0230386555 0.0502219759
v -0.162608787 0.0230362713 0.0505521856
v -0.16245316 0.0230893195 0.0505999289
v -0.165519074 0.0230504572 0.0578358732
v -0.165684864 0.0229972303 0.0578121506
v -0.165710106 0.0229963958 0.058091756
v -0.165540233 0.023049742 0.0580701195
v 0.149963573 0.0140558183 0.0525222979
v 0.146591738 0.0155688226 0.0515847765
v 0.148077086 0.0196255147 0.054450389
v 0.146273091 0.00969651341 0.0498433076
v 0.136984065 0.0166351497 0.050890442
v 0.150887683 0.00969108939 0.051572796
v 0.152137712 0.0164289176 0.0546993576
v 0.154446498 0.0109309852 0.0544336401
v 0.151601568 0.00195643329 0.0508601032
v 0.154485002 0.0186603963 0.0580771528
v 0.155543402 0.00287672901 0.0540347062
v 0.157144502 0.0125882328 0.0580019318
v 0.158490494 0.0040152967 0.0578891598
v 0.159176484 0.0138348639 0.0618540011
v 0.150036052 0.0222622454 0.0580195151
v 0.158853665 -0.00390681624 0.0578498207
v 0.160904899 -0.000997215393 0.0618244968
v 0.155922487 -0.00680467486 0.0538999997
v 0.160614565 0.00505033135 0.061836835
v 0.162310436 0.00154879701 0.0653063655
v 0.15189828 -0.00874820352 0.0506048165
v 0.153089657 -0.00852587819 0.0515647493
v 0.162053838 0.00587674975 0.0652049184
v -0.161953375 0.0230941474 0.0500743352
v -0.162053391 0.0230416358 0.0499715172
v -0.162386462 0.0230386555 0.0502219759
v -0.162248954 0.0230915248 0.0502966009
v -0.165623173 0.0229532421 0.0583524071
v -0.165575758 0.0229968131 0.0583263598
v -0.165710106 0.0229963958 0.058091756
v -0.209077969 -0.20256111 0.0681150556
v -0.207640484 -0.208372205 0.0681006908
v -0.207889512 -0.208528072 0.0688816309
v -0.209328637 -0.20270893 0.0688951612
v -0.209543094 -0.202838451 0.0702376366
v -0.209858581 -0.193826824 0.0689154267
v -0.210073426 -0.193946034 0.0702573657
v -0.210165545 -0.181178361 0.0702857375
v -0.206249192 -0.200897783 0.0613847338
v -0.209607497 -0.193691105 0.0681359768
v -0.206770942 -0.192162663 0.0614061914
v -0.206862047 -0.179620534 0.0614356361
v -0.206986025 -0.162476808 0.0614747368
v -0.210291401 -0.163726658 0.0703244805
v -0.210440531 -0.143040925 0.0703704953
v -0.207132682 -0.142160267 0.0615203343
v -0.207291767 -0.120099574 0.0615695678
v -0.211203203 -0.00728240609 0.0693302155
v -0.210602507 -0.120571285 0.070420444
v -0.21092318 -0.0760802329 0.0705193877
v -0.211069033 -0.055842787 0.0705643892
v -0.207453027 -0.0977235734 0.0616193376
v -0.207606271 -0.0764609277 0.0616666041
v -0.165540233 0.023049742 0.0580701195
v -0.165710106 0.0229963958 0.058091756
v -0.165575758 0.0229968131 0.0583263598
v -0.165437087 0.02305004 0.0582503043
v -0.161581025 0.0230971873 0.0499305688
v -0.161633775 0.0230450332 0.0498095714
v -0.162053391 0.0230416358 0.0499715172
v -0.162053391 0.0230416358 0.0499715172
v -0.161953375 0.0230941474 0.0500743352
v -0.161581025 0.0230971873 0.0499305688
v -0.161633775 0.0230450332 0.0498095714
v -0.161651716 0.0230018198 0.0497679673
v -0.162087515 0.0229983032 0.0499361716
v -0.162053391 0.0230416358 0.0499715172
v -0.162087515 0.0229983032 0.0499361716
v -0.162128195 0.0228724182 0.0498933755
v -0.162489668 0.0228691995 0.0501651727
v -0.16243346 0.0229952037 0.0501963459
v -0.195425555 -0.212843269 0.0774358511
v -0.195425525 -0.212847918 0.079549551
v -0.195426896 -0.21265927 0.0784931183
v -0.195421651 -0.213386565 0.0804777145
v -0.19541572 -0.214210182 0.0811656713
v -0.195408419 -0.215219349 0.0815305114
v -0.195421711 -0.213377744 0.0765053034
v -0.19541581 -0.214198261 0.0758136511
v -0.1954007 -0.216292471 0.0815281272
v -0.195408538 -0.215205818 0.0754443407
v -0.195393428 -0.217300087 0.0811588168
v -0.195400789 -0.21627894 0.0754419565
v -0.195387527 -0.218120605 0.0804671645
v -0.195393518 -0.217288166 0.0758067966
v -0.195383683 -0.21865508 0.0795366168
v -0.195387587 -0.218111783 0.0764947534
v -0.195382342 -0.218839079 0.0784793496
v -0.195383713 -0.21865043 0.0774229169
v -0.161133066 0.0231005251 0.049876567
v -0.161146119 0.0230486691 0.0497507416
v -0.161633775 0.0230450332 0.0498095714
v -0.161581025 0.0230971873 0.0499305688
v -0.140408024 0.023249954 0.049876567
v -0.140394196 0.0231982172 0.0497507416
v -0.161146119 0.0230486691 0.0497507416
v -0.161133066 0.0231005251 0.049876567
v -0.165437087 0.02305004 0.0582503043
v -0.165575758 0.0229968131 0.0583263598
v -0.16531764 0.0229983032 0.0584931932
v -0.165238902 0.0230511725 0.0583783947
v -0.165768221 0.0229528248 0.0580990873
v -0.165837839 0.0228265822 0.0581077896
v -0.165679857 0.022827059 0.0583836995
v -0.165623173 0.0229532421 0.0583524071
v -0.139960065 0.0232530534 0.0499305688
v -0.13990657 0.0232016146 0.0498095714
v -0.140394196 0.0231982172 0.0497507416
v -0.140408024 0.023249954 0.049876567
v -0.164934233 0.0230532587 0.058434125
v -0.136606559 0.0232574046 0.058434125
v -0.136642084 0.0232577026 0.0582132302
v -0.136440948 0.0232592523 0.0581763946
v -0.164898708 0.0230540335 0.0582132302
v -0.13630189 0.0232597888 0.0583783947
v -0.136348113 0.0232600272 0.0581163727
v -0.165238902 0.0230511725 0.0583783947
v -0.136103734 0.0232614577 0.0582503043
v -0.165099844 0.0230526626 0.0581763946
v -0.165437087 0.02305004 0.0582503043
v -0.136299774 0.0232605636 0.0580319725
v -0.165192708 0.0230521262 0.0581163727
v -0.136000589 0.0232626498 0.0580701195
v -0.136313751 0.0232608616 0.0578772984
v -0.165540233 0.023049742 0.0580701195
v -0.136021748 0.023263067 0.0578358732
v -0.165241048 0.0230519474 0.0580319725
v -0.165519074 0.0230504572 0.0578358732
v -0.139362022 0.0232556164 0.0506835543
v -0.16522707 0.0230524242 0.0578772984
v -0.139087901 0.0232577622 0.0505999289
v -0.139534429 0.0232549608 0.0504274927
v -0.16245316 0.0230893195 0.0505999289
v -0.139292136 0.0232569873 0.0502966009
v -0.162179038 0.0230911076 0.0506835543
v -0.162248954 0.0230915248 0.0502966009
v -0.139764115 0.0232537091 0.0502547584
v -0.162006631 0.0230929554 0.0504274927
v -0.139587715 0.023255378 0.0500743352
v -0.140053466 0.0232518613 0.0501431189
v -0.161953375 0.0230941474 0.0500743352
v -0.139960065 0.0232530534 0.0499305688
v -0.161776945 0.0230950415 0.0502547584
v -0.161581025 0.0230971873 0.0499305688
v -0.140431628 0.0232492387 0.0500975214
v -0.161487624 0.0230973661 0.0501431189
v -0.140408024 0.023249954 0.049876567
v -0.161109462 0.0231002271 0.0500975214
v -0.161133066 0.0231005251 0.049876567
v -0.136636779 0.0225213468 0.0582115017
v -0.136435643 0.0225228369 0.0581747256
v -0.136342809 0.0225236714 0.0581147037
v -0.136294469 0.0225242078 0.0580303036
v -0.136308447 0.0225244462 0.0578756295
v -0.164893404 0.0223176777 0.0582115017
v -0.139356717 0.022519201 0.0506818257
v -0.139529124 0.022518605 0.0504257642
v -0.13975881 0.0225172937 0.0502530895
v -0.140048161 0.0225155056 0.0501413904
v -0.140426323 0.0225128829 0.0500957929
v -0.161104158 0.0223638117 0.0500957929
v -0.161482319 0.0223610103 0.0501413904
v -0.16177164 0.0223586857 0.0502530895
v -0.162001327 0.0223565996 0.0504257642
v -0.162173733 0.0223547518 0.0506818257
v -0.165221766 0.0223160684 0.0578756295
v -0.165235743 0.0223155916 0.0580303036
v -0.16509454 0.0223163068 0.0581747256
v -0.165187404 0.0223157704 0.0581147037
v -0.161146119 0.0230486691 0.0497507416
v -0.161150441 0.0230055749 0.0497075282
v -0.161651716 0.0230018198 0.0497679673
v -0.161633775 0.0230450332 0.0498095714
v -0.139587715 0.023255378 0.0500743352
v -0.139486954 0.0232042968 0.0499715172
v -0.13990657 0.0232016146 0.0498095714
v -0.13990657 0.0232016146 0.0498095714
v -0.139960065 0.0232530534 0.0499305688
v -0.139587715 0.023255378 0.0500743352
v -0.161651716 0.0230018198 0.0497679673
v -0.161672816 0.0228761137 0.0497176014
v -0.162128195 0.0228724182 0.0498933755
v -0.162087515 0.0229983032 0.0499361716
v -0.165575758 0.0229968131 0.0583263598
v -0.165623173 0.0229532421 0.0583524071
v -0.165344492 0.0229548514 0.0585325323
v -0.16531764 0.0229983032 0.0584931932
v -0.161150441 0.0230055749 0.0497075282
v -0.161146119 0.0230486691 0.0497507416
v -0.140394196 0.0231982172 0.0497507416
v -0.165238902 0.0230511725 0.0583783947
v -0.16531764 0.0229983032 0.0584931932
v -0.164954081 0.023000747 0.058559712
v -0.164934233 0.0230532587 0.058434125
v -0.139292136 0.0232569873 0.0502966009
v -0.139153853 0.023206085 0.0502219759
v -0.139486954 0.0232042968 0.0499715172
v -0.139587715 0.023255378 0.0500743352
v -0.136569455 0.0230362713 0.058654543
v -0.164968178 0.022831589 0.058654543
v -0.164863601 0.00832507014 0.0586222969
v -0.165271804 0.00832232833 0.0585476123
v -0.136464879 0.00852975249 0.0586222969
v -0.16537635 0.0228287876 0.0585798584
v -0.165575311 0.00832059979 0.0583514534
v -0.136161253 0.0230393708 0.0585798584
v -0.165679857 0.022827059 0.0583836995
v -0.136056677 0.00853291154 0.0585476123
v -0.135857746 0.023042053 0.0583836995
v -0.165733293 0.00832006335 0.0580755435
v -0.135753199 0.00853553414 0.0583514534
v -0.165837839 0.0228265822 0.0581077896
v -0.165704921 0.00832101703 0.0577616654
v -0.135699794 0.0230437815 0.0581077896
v -0.165809497 0.0228275359 0.0577939115
v -0.135595217 0.00853732228 0.0580755435
v -0.135728136 0.023044318 0.0577939115
v -0.162621155 0.00836017728 0.0504835211
v -0.135623589 0.00853785872 0.0577616654
v -0.162725702 0.0228666365 0.0505157672
v -0.162385121 0.00836268067 0.0501329266
v -0.138812169 0.0230390131 0.0505157672
v -0.162489668 0.0228691995 0.0501651727
v -0.138707623 0.00853249431 0.0504835211
v -0.139048234 0.0230381191 0.0501651727
v -0.162023619 0.00836589932 0.0498611294
v -0.138943657 0.00853165984 0.0501329266
v -0.162128195 0.0228724182 0.0498933755
v -0.161568239 0.00836959481 0.0496853553
v -0.139409706 0.0230361521 0.0498933755
v -0.161672816 0.0228761137 0.0497176014
v -0.139305159 0.00852963328 0.0498611294
v -0.139865085 0.0230332911 0.0497176014
v -0.161050543 0.00837346911 0.0496228896
v -0.139760539 0.00852677226 0.0496853553
v -0.16115509 0.022879988 0.0496551953
v -0.140278265 0.00852319598 0.0496228896
v -0.140382811 0.0230297148 0.0496551953
v -0.13990657 0.0232016146 0.0498095714
v -0.139888003 0.0231586993 0.0497679673
v -0.140389279 0.0231552422 0.0497075282
v -0.164934233 0.0230532587 0.058434125
v -0.164954081 0.023000747 0.058559712
v -0.136585966 0.0232051909 0.058559712
v -0.136606559 0.0232574046 0.058434125
v -0.139087901 0.0232577622 0.0505999289
v -0.138931528 0.0232069194 0.0505521856
v -0.139153853 0.023206085 0.0502219759
v -0.139292136 0.0232569873 0.0502966009
v -0.136021748 0.023263067 0.0578358732
v -0.135855213 0.0232122242 0.0578121506
v -0.138931528 0.0232069194 0.0505521856
v -0.139087901 0.0232577622 0.0505999289
v -0.136606559 0.0232574046 0.058434125
v -0.136585966 0.0232051909 0.058559712
v -0.136222407 0.0232079923 0.0584931932
v -0.136222407 0.0232079923 0.0584931932
v -0.13630189 0.0232597888 0.0583783947
v -0.136606559 0.0232574046 0.058434125
v -0.20932655 -0.00158193696 0.0651952028
v 0.162283733 0.00109651696 0.0651952028
v 0.160922721 -0.00136879075 0.061823722
v -0.200907782 -0.0109141171 0.0522986017
v 0.158870772 -0.00427922606 0.057847973
v 0.15593715 -0.00717952847 0.0538947545
v -0.205836162 -0.0069078505 0.0578480922
v -0.207930222 -0.00402739644 0.0618236624
v -0.202860579 -0.00976511836 0.0538955294
v -0.198794082 -0.0121338665 0.0506029092
v -0.0234275833 -0.0132609904 0.0473198257
v -0.0814626589 -0.0136792958 0.0473198257
v -0.131004766 -0.0140363872 0.0473198257
v -0.193507597 -0.0135304034 0.0486330949
v -0.183079228 -0.0141726434 0.0476481281
v -0.163560972 -0.0142710507 0.0473198257
v 0.151904479 -0.00960609317 0.0506029688
v 0.153996602 -0.00835296512 0.0523028336
v 0.146638706 -0.0110787451 0.0486330949
v 0.0346074924 -0.012842685 0.0473198257
v 0.0841496214 -0.0124855936 0.0473198257
v 0.116705857 -0.0122509301 0.0473198257
v 0.136220649 -0.0118711889 0.0476481281
v -0.136000589 0.0232626498 0.0580701195
v -0.13582994 0.0232117474 0.058091756
v -0.135855213 0.0232122242 0.0578121506
v -0.136021748 0.023263067 0.0578358732
v -0.161150441 0.0230055749 0.0497075282
v -0.16115509 0.022879988 0.0496551953
v -0.161672816 0.0228761137 0.0497176014
v -0.161651716 0.0230018198 0.0497679673
v -0.139888003 0.0231586993 0.0497679673
v -0.13990657 0.0232016146 0.0498095714
v -0.139486954 0.0232042968 0.0499715172
v -0.13630189 0.0232597888 0.0583783947
v -0.136222407 0.0232079923 0.0584931932
v -0.135964289 0.0232102573 0.0583263598
v -0.136103734 0.0232614577 0.0582503043
v -0.136103734 0.0232614577 0.0582503043
v -0.135964289 0.0232102573 0.0583263598
v -0.13582994 0.0232117474 0.058091756
v -0.136000589 0.0232626498 0.0580701195
v -0.136348113 0.0232600272 0.0581163727
v -0.136299774 0.0232605636 0.0580319725
v -0.136294469 0.0225242078 0.0580303036
v -0.136342809 0.0225236714 0.0581147037
v 0.116703175 -0.0118792355 0.0473206602
v 0.116687678 -0.00973203778 0.0473254286
v 0.136203721 -0.00951835513 0.0476533733
v 0.136218026 -0.0114994943 0.0476489626
v 0.146625295 -0.00922420621 0.0486372076
v 0.136204377 0.00145033014 0.0479961
v 0.14649345 0.00157627475 0.0489520989
v 0.116719805 0.00129261625 0.0476773344
v 0.136381164 0.0101240575 0.0489703976
v 0.116990589 0.0101505816 0.0486792885
v 0.11761149 0.0168739855 0.0506586991
v 0.118693791 0.0214950144 0.0539430343
v -0.167398855 0.0223789513 0.0578938089
v 0.120014988 0.0244506299 0.0578938089
v 0.121352516 0.0261777341 0.0618722998
v -0.0845529214 0.0261963308 0.0673556328
v -0.168761119 0.024086684 0.0618722402
v -0.187234119 0.0216350257 0.0579259954
v -0.16603519 0.0194427073 0.0539430343
v -0.18881245 0.0233118236 0.061873015
v -0.199147835 0.0213452876 0.0618712865
v -0.191351429 0.0250957906 0.0685535669
v 0.162504211 0.00190582883 0.0657946467
v 0.162774578 0.00248435163 0.0664830804
v 0.163000479 0.00313881063 0.0670773983
v 0.163086727 0.00348296785 0.0673148632
v 0.151901796 -0.0092343986 0.0506037436
v 0.146636024 -0.0107070506 0.0486338697
v 0.163322762 0.00723031163 0.0685081482
v 0.163174585 0.00386175537 0.0675762296
v 0.163298503 0.00464251637 0.0679741502
v 0.163376763 0.0054705441 0.0682656765
v 0.16340448 0.00649264455 0.0684563518
v 0.161490813 0.0152533352 0.0673385262
v 0.161957756 0.0155393779 0.0685266256
v 0.157788888 0.0210295618 0.065233469
v 0.158661738 0.02159217 0.0673503876
v 0.159122482 0.0218888819 0.0685408115
v 0.15444614 0.0256771743 0.0685492754
v 0.153996244 0.0253737867 0.0673565269
v 0.14392592 0.0275124013 0.0685535073
v 0.156382695 0.0201231539 0.0618655048
v 0.151775613 0.0238746703 0.0618712865
v 0.153145686 0.0247996151 0.0652391911
v 0.141412929 0.0256920755 0.061873015
v 0.123559259 0.0280025899 0.0685549378
v 0.0893435106 0.0277558863 0.0685549378
v 0.0372759923 0.0273805559 0.0685549378
v -0.0237173215 0.026940912 0.0685549378
v -0.0847106948 0.0265013278 0.0685549378
v 0.139858916 0.0239926875 0.0579259954
v 0.138263002 0.0211158693 0.0540704094
v -0.136778161 0.0261260569 0.0685549378
v -0.170993939 0.0258795917 0.0685549974
v -0.206465796 0.0192541182 0.0685408115
v -0.20184435 0.0231095254 0.068549335
v -0.209209159 0.0128642023 0.0685266256
v -0.210065886 0.00370082282 0.0673208833
v -0.210453972 0.00453618169 0.0685081482
v -0.210524961 0.00379744195 0.0684564114
v -0.210482582 0.00277581834 0.0682656765
v -0.210392371 0.0019490422 0.0679741502
v -0.210257217 0.0011701287 0.0675762892
v -0.210163787 0.000792652485 0.0673148632
v -0.210072711 0.000449806568 0.0670773983
v -0.209837422 -0.000201314571 0.0664830804
v -0.209558651 -0.000775903347 0.0657946467
v -0.209314063 -0.00121018279 0.0651959777
v -0.207714513 0.0023954811 0.061836835
v -0.20640327 0.0111998022 0.0618540011
v -0.207917735 -0.00365564204 0.0618244372
v -0.205575779 0.00139114272 0.0578891598
v -0.20582445 -0.00653526187 0.0578498803
v -0.203700379 0.0175277293 0.0618655048
v -0.201781794 0.016092509 0.0580771528
v -0.204353467 0.0099825561 0.0580019318
v -0.201631919 0.00836440921 0.0544336401
v -0.202612564 0.00029519212 0.0540347062
v -0.20285134 -0.00939014554 0.053900715
v -0.198657885 -0.00056818116 0.0508601032
v -0.199994639 -0.0110708773 0.0515646897
v -0.198796764 -0.011762172 0.0506037436
v -0.193510279 -0.0131587088 0.0486338697
v -0.183096215 -0.0118198097 0.0476533733
v -0.18308194 -0.0138008893 0.0476489626
v -0.163579121 -0.0117521584 0.0473254286
v -0.163563654 -0.0138992965 0.0473206602
v -0.131007448 -0.0136646926 0.0473206602
v -0.183255002 -0.000852316502 0.0479961
v -0.19354482 -0.000874668243 0.0489520989
v -0.193441525 0.007247895 0.0498433076
v -0.0814653412 -0.0133076012 0.0473206602
v -0.0234302655 -0.0128892958 0.0473206602
v -0.19805558 0.0071759522 0.051572796
v -0.197194472 0.0115535557 0.0525222979
v 0.0346048102 -0.0124709904 0.0473206602
v 0.0841469392 -0.012113899 0.0473206602
v -0.199402615 0.0138950646 0.0546993576
v -0.195388451 0.0171498954 0.054450389
v -0.19384481 0.0131150186 0.0515847765
v -0.184253469 0.0143197477 0.050890442
v -0.197385237 0.0197580755 0.0580195151
v -0.185596839 0.0187815726 0.0540704094
v -0.18355681 0.00781801343 0.0489703976
v -0.164168641 0.00812396407 0.0486792885
v -0.1648864 0.0148377717 0.0506586991
v -0.163770124 -0.000729113701 0.0476773344
v -0.165623173 0.0229532421 0.0583524071
v -0.165679857 0.022827059 0.0583836995
v -0.16537635 0.0228287876 0.0585798584
v -0.165344492 0.0229548514 0.0585325323
v -0.16531764 0.0229983032 0.0584931932
v -0.165344492 0.0229548514 0.0585325323
v -0.164960697 0.022957474 0.0586027466
v -0.140389279 0.0231552422 0.0497075282
v -0.140382811 0.0230297148 0.0496551953
v -0.16115509 0.022879988 0.0496551953
v -0.161150441 0.0230055749 0.0497075282
v -0.136299774 0.0232605636 0.0580319725
v -0.136313751 0.0232608616 0.0578772984
v -0.136308447 0.0225244462 0.0578756295
v -0.136294469 0.0225242078 0.0580303036
v -0.134215757 -0.214094728 0.0647056699
v -0.1681806 -0.214340061 0.064707458
v -0.167049304 -0.213396221 0.0613440238
v -0.187107727 -0.213188857 0.061347004
v -0.133348927 -0.213152856 0.0613423549
v -0.16888316 -0.214926392 0.0668231249
v -0.0825308338 -0.213721901 0.064704597
v -0.0820662752 -0.21278289 0.0613413416
v 0.0380811915 -0.211916894 0.0613413416
v -0.0219925418 -0.212349802 0.061340984
v -0.0828193799 -0.214305311 0.0668206811
v -0.134754196 -0.214679927 0.0668215752
v 0.0385591611 -0.21284911 0.064704597
v 0.0893637761 -0.211547583 0.0613423549
v -0.0829802528 -0.214630872 0.0680773854
v -0.083061792 -0.214796215 0.068862617
v 0.0390216932 -0.213751525 0.0680773854
v 0.0391055569 -0.213915676 0.068862617
v 0.0912502035 -0.213539928 0.0688628554
v 0.0907909498 -0.21305427 0.0668215752
v 0.124919914 -0.212808698 0.0668231249
v -0.0219781175 -0.214355916 0.0688624978
v -0.0219770446 -0.214499861 0.0702088475
v 0.0391773209 -0.214059085 0.0702088475
v -0.0831314698 -0.214940697 0.0702088475
v 0.091382347 -0.21368286 0.0702088475
v -0.135336503 -0.215316981 0.0702088475
v -0.169473037 -0.215419382 0.0688632727
v -0.169642642 -0.21556434 0.0702088475
v -0.190061167 -0.215352684 0.0702096224
v -0.169274762 -0.215253383 0.0680789948
v -0.189196631 -0.214716405 0.0668258667
v -0.189868137 -0.215208143 0.068864584
v -0.200398222 -0.214208931 0.0688676238
v -0.200603202 -0.214352161 0.0702120066
v -0.205279902 -0.212232679 0.0702167749
v -0.199684903 -0.213721544 0.0668304563
v -0.200158641 -0.214044958 0.0680849552
v -0.198834375 -0.213141233 0.0647156239
v -0.197464362 -0.212206572 0.061351832
v -0.204338357 -0.211613625 0.0668375492
v -0.202059433 -0.210125178 0.0613591634
v -0.204833195 -0.206620425 0.0613695942
v -0.204824284 -0.211931199 0.0680912733
v -0.205069855 -0.212092072 0.0688730478
v -0.208102569 -0.208664387 0.0702247024
v 0.167768314 -0.241027027 0.144224286
v 0.167745546 -0.237868041 0.145443499
v 0.167418137 -0.241497844 0.144053757
v 0.167623237 -0.22090289 0.0920814872
v 0.167600468 -0.217743963 0.0933007002
v 0.16717352 -0.216443807 0.0899242163
v 0.166528836 -0.241999298 0.143888474
v 0.167273119 -0.221377641 0.0919210315
v 0.166383877 -0.22188887 0.091781199
v 0.167196289 -0.219602793 0.0887050033
v 0.165975705 -0.215255708 0.0868234634
v 0.166853324 -0.220099241 0.0886009932
v 0.165998474 -0.218414634 0.0856042504
v 0.16410245 -0.214213163 0.0840872526
v 0.165682688 -0.218938142 0.085570693
v 0.165982082 -0.220665425 0.0886038542
v 0.164880171 -0.219572455 0.0857514143
v 0.164125219 -0.21737209 0.0828680396
v 0.161649242 -0.21334973 0.0818045139
v 0.163851693 -0.217919081 0.0828962326
v 0.163155928 -0.21861276 0.08323282
v 0.161672011 -0.216508657 0.0805852413
v 0.158711568 -0.212699145 0.0800639391
v 0.16145356 -0.21707508 0.0806646943
v 0.158734336 -0.215858072 0.0788446665
v 0.155384853 -0.212294906 0.0789544582
v 0.155407622 -0.215453833 0.0777352452
v 0.160896853 -0.217817754 0.0811306834
v 0.158582166 -0.216439158 0.0789633989
v 0.15533103 -0.216044098 0.0778791308
v 0.151771381 -0.215921909 0.0774960518
v 0.158192828 -0.217218846 0.0795285702
v 0.155132547 -0.216846973 0.0785079598
v 0.151725844 -0.216730028 0.0781413913
v 0.0594627485 -0.217395097 0.0781413913
v 0.0594433174 -0.21789512 0.0788633227
v -0.103327967 -0.219068378 0.0788633227
v 0.151680365 -0.21723029 0.0788633227
v 0.154940918 -0.217342228 0.0792142153
v 0.15781875 -0.217691928 0.0801739693
v 0.160362735 -0.218255371 0.0816813111
v 0.162488833 -0.219003648 0.0836597681
v 0.164111093 -0.219906479 0.0860292912
v 0.165531889 -0.222105235 0.0917526484
v 0.165147319 -0.220934302 0.088711679
v 0.165676787 -0.242206246 0.143835664
v 0.0596244559 -0.243023545 0.143972576
v 0.165932432 -0.277678668 0.235746741
v -0.103146829 -0.244196802 0.143972576
v -0.209344789 -0.224807292 0.0917526484
v 0.0598793849 -0.278390199 0.23560977
v 0.166077331 -0.297779679 0.287829697
v 0.165709689 -0.298956037 0.290870726
v 0.164688423 -0.299998671 0.293553054
v 0.163079336 -0.300924838 0.295922637
v 0.160964265 -0.301703691 0.297901034
v 0.158428565 -0.302303731 0.299408317
v 0.155556098 -0.302694887 0.30036813
v 0.0600605235 -0.303518623 0.300719023
v 0.152297571 -0.302853793 0.300719023
v -0.102710761 -0.304691851 0.300719023
v -0.1028919 -0.279563427 0.23560977
v -0.20919989 -0.244908303 0.143835604
v -0.208944216 -0.280380696 0.235746741
v -0.194947854 -0.305356681 0.300719023
v -0.198208347 -0.305244744 0.30036813
v -0.201086178 -0.304895073 0.299408376
v -0.203630224 -0.30433163 0.297901034
v -0.208799347 -0.300481737 0.287829697
v -0.205756322 -0.303583354 0.295922637
v -0.208150432 -0.302629411 0.293979585
v -0.207378581 -0.302680492 0.293553054
v -0.209252343 -0.301536441 0.291127145
v -0.208414808 -0.30165267 0.290870667
v -0.209654108 -0.300312996 0.2879498
v -0.209799066 -0.280202568 0.235842526
v -0.21005486 -0.244713634 0.143888474
v -0.210199818 -0.224603206 0.091781199
v -0.209815726 -0.223374099 0.0886038542
v -0.208977178 -0.223630935 0.0887116194
v -0.208729699 -0.222265333 0.0857514143
v -0.207955882 -0.222588271 0.0860292912
v -0.204231694 -0.22088328 0.0816813111
v -0.207019404 -0.221280962 0.08323282
v -0.206346765 -0.221662134 0.0836597085
v -0.20477204 -0.220453411 0.081130743
v -0.139153853 0.023206085 0.0502219759
v -0.139106229 0.0231633484 0.0501963459
v -0.139452204 0.0231614411 0.0499361716
v -0.207749173 -0.0566270649 0.0617105328
v -0.20787935 -0.0385372937 0.0617502891
v -0.211202011 -0.0373893082 0.0706053972
v -0.2113197 -0.0210537612 0.0706417561
v -0.207994476 -0.0225069821 0.0617850386
v -0.208092228 -0.00885143876 0.0618138276
v -0.210950181 -0.00740966201 0.0685502291
v -0.211419716 -0.00716999173 0.0706726909
v -0.211035714 0.00424042344 0.0706980824
v -0.207930222 -0.00402739644 0.0618236624
v -0.20932655 -0.00158193696 0.0651952028
v -0.209647015 -0.00101307023 0.0659794807
v -0.209935203 -0.000418990734 0.0666912198
v -0.21018146 0.000262588379 0.0673132539
v -0.210367724 0.00101515662 0.0678343773
v -0.210509047 0.00182965409 0.0682504773
v -0.210605338 0.00273391628 0.0685635209
v -0.210635439 0.0035978856 0.0687431693
v -0.210630819 0.00401416421 0.0687723756
v -0.210819438 0.00411865115 0.0693550706
v -0.210566655 0.00452455878 0.0688081384
v -0.20948647 0.0130284131 0.0693742633
v -0.209310547 0.0129242837 0.0688267946
v -0.209701434 0.0131559074 0.0707179308
v -0.206565306 0.0193161666 0.0688409209
v -0.20695062 0.0195548236 0.0707321167
v -0.206738576 0.0194241107 0.0693878531
v -0.202110037 0.0232828557 0.069395721
v -0.202316985 0.0234155953 0.0707406998
v -0.201941386 0.0231728256 0.0688494444
v -0.191796497 0.0254050791 0.0707449913
v -0.19160147 0.0252712071 0.0693993568
v -0.191442862 0.0251599848 0.0688536763
v -0.171213582 0.0260555446 0.0694002509
v -0.171385184 0.0261900723 0.0707464218
v -0.171074226 0.0259439051 0.0688551068
v -0.137079045 0.0264372528 0.0707464218
v -0.136839882 0.0261905491 0.0688551068
v -0.0847441927 0.0265659392 0.0688551068
v -0.0848740116 0.0268135369 0.0707464218
v -0.0237177983 0.0270058215 0.0688551068
v -0.0237195864 0.0272543132 0.0707464218
v 0.0373085961 0.0274457037 0.0688551068
v 0.0374348387 0.0276950896 0.0707464218
v 0.0894042477 0.0278212726 0.0688551068
v 0.0896398053 0.0280714333 0.0707464218
v 0.123776339 0.0281817615 0.0694002509
v 0.123638593 0.0280681551 0.0688551068
v 0.123945974 0.0283187926 0.0707464218
v 0.1440164 0.0275779665 0.0688536763
v 0.144366518 0.0278281271 0.0707449913
v 0.144173458 0.0276914537 0.0693993568
v 0.154542461 0.025742203 0.0688494444
v 0.154709592 0.0258547962 0.069395721
v 0.154914573 0.0259905159 0.0707406998
v 0.159221664 0.0219527781 0.0688409209
v 0.159603372 0.0221968591 0.0707321763
v 0.159393266 0.0220631063 0.0693878531
v 0.16223307 0.0157077014 0.0693742633
v 0.162058547 0.0156010091 0.068826735
v 0.162446097 0.0158382952 0.0707179308
v 0.163435712 0.00722029805 0.0688080788
v 0.163908795 0.00694295764 0.0706980824
v 0.163694277 0.00681808591 0.0693550706
v 0.163507178 0.00671091676 0.0687723756
v 0.163517848 0.00629469752 0.0687431693
v 0.164242342 -0.00457629561 0.0693302155
v 0.164457217 -0.00446072221 0.0706726909
v 0.164557353 -0.0183444917 0.0706417561
v 0.163991228 -0.00470718741 0.0685502291
v 0.163500145 0.00543037057 0.0685635209
v 0.163416877 0.0045247972 0.0682504773
v 0.163493231 -0.00496730208 0.067297399
v 0.163287297 0.00370839261 0.0678343773
v 0.163112 0.00295320177 0.0673132539
v 0.162875548 0.00226810598 0.0666912198
v 0.164342538 -0.01844576 0.0692996979
v 0.164460316 -0.0347608626 0.0692636371
v 0.164675131 -0.0346800983 0.0706053972
v 0.164808229 -0.0531335175 0.0705643892
v 0.16259785 -0.00543537736 0.065181911
v 0.162595943 0.00166997325 0.0659794807
v 0.162283733 0.00109651696 0.0651952028
v 0.160922721 -0.00136879075 0.061823722
v 0.161154345 -0.00618991256 0.0618138276
v 0.162697688 -0.0191908181 0.0651530027
v 0.161253467 -0.0198455155 0.0617850386
v 0.161369398 -0.0358758271 0.0617502891
v 0.163593486 -0.0187847912 0.0672680736
v 0.163710967 -0.0350306928 0.0672327876
v 0.164342001 -0.0532519519 0.068443954
v 0.164738908 -0.0733987987 0.0691779256
v 0.164954081 -0.0733709633 0.0705193877
v 0.165274754 -0.117862016 0.070420444
v 0.162814632 -0.0353541672 0.0651180148
v 0.162946418 -0.0536022484 0.0650779605
v 0.161499992 -0.0539655983 0.0617105328
v 0.161643043 -0.0737994611 0.0616666041
v 0.1654367 -0.140331656 0.0703704953
v 0.164643362 -0.0950571001 0.06835109
v 0.163090721 -0.0736117661 0.0650336146
v 0.163245335 -0.0950594246 0.0649859309
v 0.161796287 -0.0950620472 0.0616193376
v 0.161957577 -0.117438048 0.0615695678
v 0.164968804 -0.140211195 0.0682505965
v 0.163407937 -0.117621928 0.0649357438
v 0.163568154 -0.139861196 0.0648861527
v 0.162116483 -0.13949874 0.0615203343
v 0.162262753 -0.159815341 0.0614747368
v 0.165369764 -0.160936147 0.068983078
v 0.165585771 -0.161017388 0.0703244805
v 0.165711537 -0.178469092 0.0702857375
v 0.165242568 -0.178252846 0.0681651831
v 0.163715556 -0.160339028 0.064840138
v 0.162385896 -0.176959068 0.0614356361
v 0.162475601 -0.189501196 0.0614061914
v 0.165333882 -0.19098857 0.0681359768
v 0.165803447 -0.191236764 0.0702573657
v 0.165401354 -0.200135916 0.0702376366
v 0.164741233 -0.178025633 0.0669139624
v 0.16483219 -0.190727323 0.0668843389
v 0.163930014 -0.190257877 0.064770937
v 0.16353102 -0.199068159 0.0647491813
v 0.162079826 -0.198242933 0.0613847338
v 0.16074647 -0.203985363 0.0613695942
v 0.164932266 -0.199865311 0.0681150556
v 0.165185049 -0.200009495 0.0688951612
v 0.163829938 -0.205848724 0.0688816309
v 0.164044991 -0.205982 0.0702247024
v 0.161274031 -0.209590644 0.0702167749
v 0.164431408 -0.199580222 0.0668628216
v 0.163081184 -0.205395728 0.0668478012
v 0.163578704 -0.205696493 0.0681006908
v 0.162187174 -0.204855591 0.0647338033
v 0.159442797 -0.208427757 0.064723134
v 0.158023551 -0.207529753 0.0613591634
v 0.153458968 -0.20967719 0.061351832
v 0.160814121 -0.209295779 0.0680912733
v 0.161061957 -0.209453076 0.0688730478
v 0.156421378 -0.21163699 0.0688676238
v 0.156628385 -0.2117773 0.0702120066
v 0.146101847 -0.212929696 0.0702096224
v 0.160323635 -0.20898518 0.0668375492
v 0.155701056 -0.211159974 0.0668304563
v 0.156179443 -0.211476535 0.0680849552
v 0.154842272 -0.210592002 0.0647156239
v 0.144419685 -0.211732298 0.0647106171
v 0.143117562 -0.210808665 0.061347004
v 0.123064183 -0.211305112 0.0613440238
v 0.145678714 -0.212625712 0.0680810809
v 0.145906761 -0.212787896 0.068864584
v 0.125516847 -0.213293105 0.0688632727
v 0.125688508 -0.21343562 0.0702088475
v 0.145228222 -0.212305874 0.0668258667
v 0.12420895 -0.21223262 0.064707458
v 0.125316158 -0.213130027 0.0680789948
v -0.139888003 0.0231586993 0.0497679673
v -0.139865085 0.0230332911 0.0497176014
v -0.140382811 0.0230297148 0.0496551953
v -0.140389279 0.0231552422 0.0497075282
v -0.136440948 0.0232592523 0.0581763946
v -0.136348113 0.0232600272 0.0581163727
v -0.136342809 0.0225236714 0.0581147037
v -0.136435643 0.0225228369 0.0581747256
v -0.138931528 0.0232069194 0.0505521856
v -0.138877705 0.0231642425 0.0505357943
v -0.139106229 0.0231633484 0.0501963459
v -0.139153853 0.023206085 0.0502219759
v -0.136313751 0.0232608616 0.0578772984
v -0.139362022 0.0232556164 0.0506835543
v -0.139356717 0.022519201 0.0506818257
v -0.136308447 0.0225244462 0.0578756295
v -0.130473152 -0.206596166 0.0501652919
v -0.131308064 -0.20956257 0.0534323417
v -0.1643828 -0.209801227 0.0534332357
v -0.132323191 -0.211695105 0.0573713146
v -0.0809772387 -0.209199637 0.0534318648
v -0.0815177932 -0.211328715 0.0573704801
v -0.0220030323 -0.210899621 0.0573702417
v -0.0220396891 -0.205814451 0.0501649342
v -0.162647799 -0.202872247 0.0482100807
v -0.0220183507 -0.208774656 0.053431686
v 0.036940597 -0.208349735 0.0534318648
v 0.0375117287 -0.210470766 0.0573704801
v 0.0883171782 -0.210104793 0.0573713146
v 0.118511461 -0.200845629 0.0482100807
v -0.16235505 -0.197056264 0.04724079
v 0.0872714147 -0.2079871 0.0534323417
v 0.120346151 -0.20774892 0.0534332357
v 0.121703885 -0.209864527 0.0573726259
v 0.141541079 -0.209390908 0.0574069582
v 0.118134879 -0.195034534 0.04724079
v -0.162305012 -0.188521713 0.0469323955
v 0.119209252 -0.204796582 0.0501657687
v 0.138577774 -0.20447585 0.0503987633
v 0.13990958 -0.207334906 0.0535623394
v 0.149706498 -0.20644471 0.0539476238
v 0.151698008 -0.208324999 0.0575066768
v 0.156106248 -0.206277102 0.057576891
v 0.137900367 -0.200648814 0.0485017262
v 0.147787407 -0.200406283 0.0493761264
v 0.137619928 -0.19494018 0.0475593768
v 0.117961787 -0.186501592 0.0469323955
v 0.148173347 -0.203862995 0.0510967933
v 0.151528791 -0.203101307 0.0520393811
v 0.153731242 -0.204655796 0.0542077385
v -0.135855213 0.0232122242 0.0578121506
v -0.135797873 0.0231695473 0.0578039847
v -0.138877705 0.0231642425 0.0505357943
v -0.138931528 0.0232069194 0.0505521856
v -0.0219770446 -0.214499861 0.0702088475
v 0.0391773209 -0.214059085 0.0702088475
v 0.0391825661 -0.21478036 0.0705638528
v 0.0913875327 -0.214404136 0.0705638528
v 0.091382347 -0.21368286 0.0702088475
v 0.125699475 -0.214156657 0.0705633163
v 0.125688508 -0.21343562 0.0702088475
v 0.146147147 -0.213647813 0.0705604553
v 0.146101847 -0.212929696 0.0702096224
v 0.156811431 -0.212462932 0.0705468655
v 0.156628385 -0.2117773 0.0702120066
v 0.161704794 -0.210136861 0.0705299973
v 0.161274031 -0.209590644 0.0702167749
v 0.164673641 -0.206277519 0.0705344081
v 0.164044991 -0.205982 0.0702247024
v 0.166099563 -0.200229555 0.0705580711
v 0.165401354 -0.200135916 0.0702376366
v 0.166511253 -0.191249877 0.0705832839
v 0.165803447 -0.191236764 0.0702573657
v 0.166420057 -0.178464741 0.0706128478
v 0.165711537 -0.178469092 0.0702857375
v 0.166294351 -0.161012977 0.0706516504
v 0.165585771 -0.161017388 0.0703244805
v 0.16614528 -0.140327305 0.0706976652
v 0.1654367 -0.140331656 0.0703704953
v 0.165983334 -0.117857605 0.0707476139
v 0.165274754 -0.117862016 0.070420444
v 0.165662661 -0.0733666122 0.0708465576
v 0.164954081 -0.0733709633 0.0705193877
v 0.165516749 -0.0531291664 0.0708915591
v 0.164808229 -0.0531335175 0.0705643892
v -0.136194929 0.0231649578 0.0585325323
v -0.136222407 0.0232079923 0.0584931932
v -0.136585966 0.0232051909 0.058559712
v -0.139452204 0.0231614411 0.0499361716
v -0.139409706 0.0230361521 0.0498933755
v -0.139865085 0.0230332911 0.0497176014
v -0.139888003 0.0231586993 0.0497679673
v -0.13582994 0.0232117474 0.058091756
v -0.1357712 0.0231690109 0.0580990873
v -0.135797873 0.0231695473 0.0578039847
v -0.135855213 0.0232122242 0.0578121506
v -0.210874096 -0.181184202 0.0706128478
v -0.210999921 -0.163732499 0.0706516504
v -0.210291401 -0.163726658 0.0703244805
v -0.210165545 -0.181178361 0.0702857375
v -0.210780993 -0.193969339 0.0705832839
v -0.210073426 -0.193946034 0.0702573657
v -0.210239843 -0.202942103 0.0705580711
v -0.209543094 -0.202838451 0.0702376366
v -0.208726957 -0.208968967 0.0705344081
v -0.208102569 -0.208664387 0.0702247024
v -0.205702707 -0.212785095 0.0705299973
v -0.205279902 -0.212232679 0.0702167749
v -0.200776353 -0.215040416 0.0705468655
v -0.200603202 -0.214352161 0.0702120066
v -0.190096125 -0.216071397 0.0705604553
v -0.190061167 -0.215352684 0.0702096224
v -0.169643268 -0.216285437 0.0705633163
v -0.169642642 -0.21556434 0.0702088475
v -0.135331288 -0.216038316 0.0705638528
v -0.135336503 -0.215316981 0.0702088475
v -0.0831262842 -0.215661973 0.0705638528
v -0.0831314698 -0.214940697 0.0702088475
v -0.021971859 -0.215221137 0.0705638528
v -0.139362022 0.0232556164 0.0506835543
v -0.139534429 0.0232549608 0.0504274927
v -0.139529124 0.022518605 0.0504257642
v -0.139356717 0.022519201 0.0506818257
v 0.155977979 -0.201545447 0.0539610945
v 0.158697322 -0.202857763 0.0575228296
v 0.159941092 -0.197242409 0.0574416481
v 0.152403131 -0.200558335 0.0511053167
v 0.153023914 -0.195376009 0.0504213534
v 0.147910371 -0.195004314 0.0485150181
v 0.156978324 -0.196204394 0.0535920225
v 0.157263771 -0.18772313 0.0534844957
v 0.160307363 -0.18860659 0.0574305616
v 0.160218373 -0.176181167 0.0574594699
v 0.147903696 -0.186586708 0.0482428037
v 0.137478903 -0.186436146 0.0472599827
v 0.153183058 -0.187000126 0.0502084456
v 0.153095201 -0.174787253 0.050235983
v 0.157175377 -0.175413817 0.0535126887
v 0.160096303 -0.159197062 0.0574979745
v 0.159951404 -0.139071852 0.0575430952
v 0.152832463 -0.138317138 0.0503174625
v 0.156754807 -0.11701563 0.0536433421
v 0.159793928 -0.117223114 0.0575917922
v 0.159634307 -0.0950684249 0.0576410256
v 0.0346074924 -0.012842685 0.0473198257
v 0.0841496214 -0.0124855936 0.0473198257
v 0.116705857 -0.0122509301 0.0473198257
v 0.136220649 -0.0118711889 0.0476481281
v 0.146638706 -0.0110787451 0.0486330949
v 0.151904479 -0.00960609317 0.0506029688
v 0.152233496 -0.0552141964 0.0505022369
v 0.156178787 -0.0371235311 0.0538206659
v 0.1560653 -0.0214081109 0.053855177
v 0.155968264 -0.00798884034 0.0538842045
v 0.153996602 -0.00835296512 0.0523028336
v 0.15593715 -0.00717952847 0.0538947545
v 0.1589991 -0.00708857179 0.0578342043
v 0.158870772 -0.00427922606 0.057847973
v 0.15909715 -0.0206256807 0.0578053556
v 0.159211889 -0.0364980996 0.0577707849
v 0.159341052 -0.054399997 0.0577313863
v 0.15630658 -0.0548385084 0.0537815057
v 0.156446591 -0.0742566288 0.0537384115
v 0.159482613 -0.0740254223 0.0576878153
v 0.156596676 -0.0950811803 0.0536921583
v -0.136222407 0.0232079923 0.0584931932
v -0.136194929 0.0231649578 0.0585325323
v -0.135916248 0.0231674016 0.0583524071
v -0.136642084 0.0232577026 0.0582132302
v -0.136440948 0.0232592523 0.0581763946
v -0.136435643 0.0225228369 0.0581747256
v -0.136636779 0.0225213468 0.0582115017
v -0.1357712 0.0231690109 0.0580990873
v -0.13582994 0.0232117474 0.058091756
v -0.135964289 0.0232102573 0.0583263598
v -0.199022368 -0.21939972 0.0785079598
v -0.199232355 -0.218599707 0.0778791308
v -0.195674822 -0.218426198 0.0774960518
v -0.195699438 -0.217834204 0.0773456693
v -0.198823556 -0.219892114 0.0792142153
v -0.201696023 -0.22028324 0.0801740289
v -0.202076927 -0.219815642 0.0795285702
v -0.20247744 -0.219041616 0.0789633989
v -0.1993175 -0.218010634 0.0777352452
v -0.199340269 -0.214851707 0.0789544582
v -0.195722207 -0.214675277 0.0785648823
v -0.195704296 -0.214337498 0.0790741444
v -0.103413917 -0.21367231 0.0790741444
v -0.199261829 -0.214511007 0.0794571638
v -0.202660754 -0.215303868 0.0800639391
v -0.202637985 -0.218462795 0.0788447261
v -0.205339387 -0.219718844 0.0806646943
v -0.205565974 -0.219155699 0.0805852413
v -0.205588743 -0.215996712 0.0818045139
v -0.202506915 -0.214952916 0.0805414915
v -0.199058846 -0.214338392 0.0804614425
v -0.195654169 -0.214172333 0.0800948143
v -0.103391029 -0.213507324 0.0800948143
v 0.0594262704 -0.212333769 0.0800948143
v 0.0594514832 -0.212498397 0.0790741444
v 0.151689366 -0.21166876 0.0800948143
v 0.151741877 -0.211833209 0.0790741444
v 0.155096069 -0.211785704 0.0804614425
v 0.155301586 -0.211955398 0.0794571638
v 0.151764646 -0.212170631 0.0785648823
v 0.15815635 -0.212157518 0.0814820528
v 0.158552662 -0.212350398 0.0805414915
v 0.160860375 -0.212756425 0.083084166
v 0.161424056 -0.21298638 0.0822427869
v 0.16311945 -0.213551491 0.0851863027
v 0.163822189 -0.213830382 0.0844743252
v 0.164843693 -0.214511126 0.0877048969
v 0.165653184 -0.214849442 0.0871487856
v 0.165945604 -0.215604097 0.0905573368
v 0.166823819 -0.216010541 0.0901790857
v 0.166347399 -0.216827542 0.0937346816
v 0.167243674 -0.217288941 0.0934990644
v 0.166492358 -0.23693797 0.145841956
v 0.167388692 -0.237409145 0.14563179
v 0.166748181 -0.272426903 0.237796009
v 0.167644575 -0.272915453 0.237630725
v 0.16689308 -0.292537302 0.289903283
v 0.167789653 -0.293035656 0.289763451
v 0.166509047 -0.293766409 0.293080628
v 0.167388275 -0.294319957 0.293083489
v 0.165422991 -0.294875175 0.295933068
v 0.166234508 -0.295497864 0.296113789
v 0.163712695 -0.295859575 0.298451662
v 0.164418355 -0.296543181 0.298788249
v 0.161465362 -0.296687126 0.300553739
v 0.162032679 -0.297421664 0.301019788
v 0.158770218 -0.297324896 0.302155852
v 0.159170702 -0.298098922 0.302721083
v 0.155715659 -0.297740847 0.303176522
v 0.155925646 -0.298540831 0.303805351
v 0.152310982 -0.297906876 0.303543091
v 0.152368143 -0.29871431 0.30418843
v 0.0600478277 -0.298571885 0.303543091
v 0.0600777492 -0.299379528 0.30418843
v -0.102769472 -0.29974547 0.303543091
v -0.102787711 -0.300553441 0.30418843
v -0.195032582 -0.300410479 0.303543091
v -0.19507809 -0.301218659 0.30418843
v -0.198439285 -0.300293535 0.303176522
v -0.198637739 -0.301096469 0.303805351
v -0.201499537 -0.299921691 0.302155912
v -0.201888874 -0.30070141 0.302721083
v -0.204203591 -0.299322814 0.300553739
v -0.204760268 -0.300065458 0.301019788
v -0.206462637 -0.298527747 0.298451602
v -0.202041045 -0.301282465 0.302839756
v -0.207158402 -0.299221456 0.298788249
v -0.20818691 -0.297568083 0.295933068
v -0.204978719 -0.300631851 0.301099241
v -0.208989367 -0.298202395 0.296113789
v -0.209288821 -0.296475112 0.293080628
v -0.207431927 -0.299768478 0.298816442
v -0.210160032 -0.297041267 0.293083489
v -0.209690586 -0.295251667 0.289903283
v -0.209305182 -0.298725903 0.296080232
v -0.210579827 -0.295762897 0.289763451
v -0.209835544 -0.275141269 0.237796009
v -0.210503027 -0.297537774 0.292979479
v -0.210724875 -0.275642663 0.237630725
v -0.210091338 -0.239652306 0.145841956
v -0.210929975 -0.296237648 0.289602995
v -0.210980788 -0.240136415 0.14563179
v -0.210236296 -0.219541878 0.0937346816
v -0.211125806 -0.220016152 0.0934990644
v -0.209852204 -0.21831277 0.0905573368
v -0.210724488 -0.21873185 0.0901790857
v -0.208766177 -0.217204064 0.0877048969
v -0.211476043 -0.2204763 0.0933007002
v -0.209570691 -0.217554003 0.0871487856
v -0.207055882 -0.216219634 0.0851863027
v -0.2110679 -0.219170123 0.0899242163
v -0.207754537 -0.216508657 0.0844743252
v -0.204808548 -0.215392083 0.0830842257
v -0.209887311 -0.217964858 0.0868234634
v -0.205368862 -0.215630144 0.0822427869
v -0.202113405 -0.214754313 0.0814820528
v -0.208029225 -0.216895372 0.0840872526
v -0.208006456 -0.220054358 0.0828680396
v -0.207725093 -0.220597357 0.0828962326
v -0.209864542 -0.221123785 0.0856042504
v -0.209541216 -0.221642703 0.085570693
v -0.211045131 -0.22232905 0.0887050033
v -0.210695013 -0.22282055 0.0886009932
v -0.211096331 -0.224104851 0.0919209719
v -0.211453274 -0.223635226 0.0920814872
v -0.211308226 -0.243759304 0.144224286
v -0.210951313 -0.244225115 0.144053698
v -0.211052254 -0.279272467 0.236240983
v -0.210695401 -0.279731363 0.236052632
v -0.210907206 -0.299396574 0.288383782
v -0.210550383 -0.299851596 0.288185358
v -0.210480258 -0.300696701 0.291760266
v -0.210130557 -0.301129967 0.291505396
v -0.209282413 -0.30188483 0.294861019
v -0.208959922 -0.302291095 0.294535697
v -0.207409158 -0.302927405 0.29759717
v -0.20495595 -0.303790778 0.299879968
v -0.204705968 -0.178811461 0.0574594699
v -0.204828694 -0.161827356 0.0574979745
v -0.201585278 -0.190309674 0.0534844957
v -0.204615846 -0.191236883 0.0574305616
v -0.204973921 -0.141702145 0.0575430952
v -0.204125121 -0.199866563 0.0574416481
v -0.205131486 -0.119853407 0.0575917922
v -0.205291167 -0.0976987183 0.0576410256
v -0.205442831 -0.0766557753 0.0576878153
v -0.205584213 -0.05703035 0.0577313863
v -0.192242578 -0.189038426 0.0482428037
v -0.197515443 -0.189527899 0.0502084456
v -0.198794082 -0.0121338665 0.0506029092
v -0.205713108 -0.0391284525 0.0577707849
v -0.205827162 -0.0232559741 0.0578053556
v -0.202860579 -0.00976511836 0.0538955294
v -0.205924198 -0.00971892476 0.0578342043
v -0.200907782 -0.0109141171 0.0522986017
v -0.205836162 -0.0069078505 0.0578480922
v -0.193507597 -0.0135304034 0.0486330949
v -0.183079228 -0.0141726434 0.0476481281
v -0.163560972 -0.0142710507 0.0473198257
v -0.131004766 -0.0140363872 0.0473198257
v -0.0814626589 -0.0136792958 0.0473198257
v -0.0234275833 -0.0132609904 0.0473198257
v -0.181821033 -0.188737601 0.0472599827
v -0.181839451 -0.197242826 0.0475593768
v -0.19723554 -0.197900623 0.0504213534
v -0.192127898 -0.197455257 0.0485150181
v -0.201177612 -0.198785931 0.0535920225
v -0.200100407 -0.204112023 0.0539610945
v -0.202800527 -0.20546338 0.0575228296
v -0.200160429 -0.208845049 0.057576891
v -0.19192712 -0.202854902 0.0493761264
v -0.196540132 -0.203073472 0.0511053167
v -0.195629194 -0.20560357 0.0520393811
v -0.197809026 -0.20718959 0.0542077385
v -0.19375892 -0.208920389 0.0539476238
v -0.195723131 -0.210829169 0.0575066768
v -0.185551867 -0.21174857 0.0574069582
v -0.192263141 -0.206316799 0.0510967933
v -0.18265973 -0.206791252 0.0503987633
v -0.182037607 -0.202954918 0.0485017262
v -0.183950201 -0.209669262 0.0535623394
v -0.165709898 -0.211936146 0.0573726259
v -0.163288608 -0.206832796 0.0501657687
v -0.199343428 -0.22496137 0.105309904
v -0.103290476 -0.224269003 0.105309904
v -0.103295542 -0.223560959 0.105583191
v -0.199348524 -0.224253327 0.105583191
v 0.0594757423 -0.222387761 0.105583191
v 0.0594808087 -0.223095804 0.105309904
v 0.155528679 -0.221695393 0.105583191
v 0.155533746 -0.222403437 0.105309904
v -0.165344492 0.0229548514 0.0585325323
v -0.16537635 0.0228287876 0.0585798584
v -0.164968178 0.022831589 0.058654543
v -0.164960697 0.022957474 0.0586027466
v -0.209647015 -0.00101307023 0.0659794807
v 0.162595943 0.00166997325 0.0659794807
v -0.209935203 -0.000418990734 0.0666912198
v 0.162875548 0.00226810598 0.0666912198
v -0.21018146 0.000262588379 0.0673132539
v 0.163112 0.00295320177 0.0673132539
v -0.210367724 0.00101515662 0.0678343773
v 0.163287297 0.00370839261 0.0678343773
v -0.210509047 0.00182965409 0.0682504773
v 0.163416877 0.0045247972 0.0682504773
v -0.210605338 0.00273391628 0.0685635209
v 0.163500145 0.00543037057 0.0685635209
v -0.210635439 0.0035978856 0.0687431693
v 0.163517848 0.00629469752 0.0687431693
v -0.210630819 0.00401416421 0.0687723756
v 0.163507178 0.00671091676 0.0687723756
v 0.163435712 0.00722029805 0.0688080788
v -0.210566655 0.00452455878 0.0688081384
v -0.206565306 0.0193161666 0.0688409209
v -0.209310547 0.0129242837 0.0688267946
v 0.162058547 0.0156010091 0.068826735
v 0.154542461 0.025742203 0.0688494444
v 0.159221664 0.0219527781 0.0688409209
v 0.1440164 0.0275779665 0.0688536763
v 0.123638593 0.0280681551 0.0688551068
v 0.0894042477 0.0278212726 0.0688551068
v 0.0373085961 0.0274457037 0.0688551068
v -0.0237177983 0.0270058215 0.0688551068
v -0.0847441927 0.0265659392 0.0688551068
v -0.136839882 0.0261905491 0.0688551068
v -0.171074226 0.0259439051 0.0688551068
v -0.191442862 0.0251599848 0.0688536763
v -0.201941386 0.0231728256 0.0688494444
v -0.139106229 0.0231633484 0.0501963459
v -0.139048234 0.0230381191 0.0501651727
v -0.139409706 0.0230361521 0.0498933755
v -0.139452204 0.0231614411 0.0499361716
v -0.164898708 0.0230540335 0.0582132302
v -0.136642084 0.0232577026 0.0582132302
v -0.136636779 0.0225213468 0.0582115017
v -0.164893404 0.0223176777 0.0582115017
v -0.139534429 0.0232549608 0.0504274927
v -0.139764115 0.0232537091 0.0502547584
v -0.13975881 0.0225172937 0.0502530895
v -0.139529124 0.022518605 0.0504257642
v -0.164960697 0.022957474 0.0586027466
v -0.164968178 0.022831589 0.058654543
v -0.136569455 0.0230362713 0.058654543
v -0.136578724 0.0231620371 0.0586027466
v -0.138877705 0.0231642425 0.0505357943
v -0.138812169 0.0230390131 0.0505157672
v -0.139048234 0.0230381191 0.0501651727
v -0.139106229 0.0231633484 0.0501963459
v -0.165099844 0.0230526626 0.0581763946
v -0.164898708 0.0230540335 0.0582132302
v -0.164893404 0.0223176777 0.0582115017
v -0.16509454 0.0223163068 0.0581747256
v -0.136578724 0.0231620371 0.0586027466
v -0.136569455 0.0230362713 0.058654543
v -0.136161253 0.0230393708 0.0585798584
v -0.136194929 0.0231649578 0.0585325323
v 0.0594634637 -0.212835938 0.0785648823
v 0.0594862327 -0.215994865 0.0773456693
v 0.151787415 -0.215329558 0.0773456693
v -0.103384413 -0.21776101 0.0774960518
v 0.0594809875 -0.216587096 0.0774960518
v -0.103354551 -0.218568653 0.0781413913
v -0.195617691 -0.219233662 0.0781413913
v -0.195565 -0.219733208 0.0788633227
v -0.135797873 0.0231695473 0.0578039847
v -0.135728136 0.023044318 0.0577939115
v -0.138812169 0.0230390131 0.0505157672
v -0.138877705 0.0231642425 0.0505357943
v -0.139764115 0.0232537091 0.0502547584
v -0.140053466 0.0232518613 0.0501431189
v -0.140048161 0.0225155056 0.0501413904
v -0.13975881 0.0225172937 0.0502530895
v -0.1357712 0.0231690109 0.0580990873
v -0.135699794 0.0230437815 0.0581077896
v -0.135728136 0.023044318 0.0577939115
v -0.135797873 0.0231695473 0.0578039847
v -0.136194929 0.0231649578 0.0585325323
v -0.136161253 0.0230393708 0.0585798584
v -0.135857746 0.023042053 0.0583836995
v -0.135916248 0.0231674016 0.0583524071
v 0.137895837 -0.183470815 0.0781120658
v 0.136960402 -0.0536916554 0.0784006119
v 0.129922703 -0.0640274584 0.0783777833
v -0.174297914 -0.0662202537 0.0783777833
v 0.130704358 -0.172470421 0.0781366229
v -0.18148385 -0.0559869111 0.0784006119
v -0.173516259 -0.174663216 0.0781366229
v -0.180548444 -0.185766131 0.0781120658
v -0.135916248 0.0231674016 0.0583524071
v -0.135857746 0.023042053 0.0583836995
v -0.135699794 0.0230437815 0.0581077896
v -0.1357712 0.0231690109 0.0580990873
v 0.133098319 -0.173733741 0.0687590837
v 0.132284358 -0.0608020723 0.0690101981
v -0.176981464 -0.0630311668 0.0690101981
v -0.176167473 -0.175962895 0.0687590837
v 0.159122482 0.0218888819 0.0685408115
v 0.15444614 0.0256771743 0.0685492754
v 0.14392592 0.0275124013 0.0685535073
v -0.210453972 0.00453618169 0.0685081482
v 0.0893435106 0.0277558863 0.0685549378
v 0.123559259 0.0280025899 0.0685549378
v -0.206465796 0.0192541182 0.0685408115
v -0.209209159 0.0128642023 0.0685266256
v 0.0372759923 0.0273805559 0.0685549378
v -0.0237173215 0.026940912 0.0685549378
v -0.0847106948 0.0265013278 0.0685549378
v -0.136778161 0.0261260569 0.0685549378
v -0.170993939 0.0258795917 0.0685549974
v -0.191351429 0.0250957906 0.0685535669
v -0.20184435 0.0231095254 0.068549335
v -0.140053466 0.0232518613 0.0501431189
v -0.140431628 0.0232492387 0.0500975214
v -0.140426323 0.0225128829 0.0500957929
v -0.140048161 0.0225155056 0.0501413904
v -0.165192708 0.0230521262 0.0581163727
v -0.165099844 0.0230526626 0.0581763946
v -0.16509454 0.0223163068 0.0581747256
v -0.165187404 0.0223157704 0.0581147037
v -0.140431628 0.0232492387 0.0500975214
v -0.161109462 0.0231002271 0.0500975214
v -0.161104158 0.0223638117 0.0500957929
v -0.140426323 0.0225128829 0.0500957929
v -0.173516259 -0.174663216 0.0781366229
v 0.130704358 -0.172470421 0.0781366229
v 0.130704239 -0.172459334 0.0731366873
v -0.173516348 -0.17465207 0.0731366873
v 0.16340448 0.00649264455 0.0684563518
v 0.163322762 0.00723031163 0.0685081482
v 0.161957756 0.0155393779 0.0685266256
v -0.210524961 0.00379744195 0.0684564114
v -0.210482582 0.00277581834 0.0682656765
v 0.163376763 0.0054705441 0.0682656765
v -0.210392371 0.0019490422 0.0679741502
v 0.163298503 0.00464251637 0.0679741502
v -0.210257217 0.0011701287 0.0675762892
v 0.163174585 0.00386175537 0.0675762296
v -0.210163787 0.000792652485 0.0673148632
v 0.163086727 0.00348296785 0.0673148632
v -0.210072711 0.000449806568 0.0670773983
v 0.163000479 0.00313881063 0.0670773983
v -0.209837422 -0.000201314571 0.0664830804
v 0.162774578 0.00248435163 0.0664830804
v -0.209558651 -0.000775903347 0.0657946467
v 0.162504211 0.00190582883 0.0657946467
v -0.209314063 -0.00121018279 0.0651959777
v 0.162310436 0.00154879701 0.0653063655
v -0.161109462 0.0231002271 0.0500975214
v -0.161487624 0.0230973661 0.0501431189
v -0.161482319 0.0223610103 0.0501413904
v -0.161104158 0.0223638117 0.0500957929
v 0.129922703 -0.0640274584 0.0783777833
v -0.174297914 -0.0662202537 0.0783777833
v -0.174297974 -0.0662091076 0.0733777881
v 0.129922643 -0.0640163124 0.0733777881
v -0.161487624 0.0230973661 0.0501431189
v -0.161776945 0.0230950415 0.0502547584
v -0.16177164 0.0223586857 0.0502530895
v -0.161482319 0.0223610103 0.0501413904
v 0.155645624 -0.237921208 0.145517349
v 0.155533746 -0.222403437 0.105309904
v 0.0598479733 -0.27403304 0.237291455
v 0.155901328 -0.273393571 0.237428427
v -0.10317824 -0.239839643 0.145654321
v 0.0594808087 -0.223095804 0.105309904
v -0.103290476 -0.224269003 0.105309904
v 0.0600031242 -0.295560896 0.293071449
v 0.156056061 -0.294868559 0.293071449
v -0.10276816 -0.296734124 0.293071449
v -0.198821113 -0.297426462 0.293071449
v -0.198975876 -0.275951475 0.237428427
v -0.19923158 -0.240479082 0.14551729
v -0.199343428 -0.22496137 0.105309904
v -0.165241048 0.0230519474 0.0580319725
v -0.165192708 0.0230521262 0.0581163727
v -0.165187404 0.0223157704 0.0581147037
v -0.165235743 0.0223155916 0.0580303036
v -0.161776945 0.0230950415 0.0502547584
v -0.162006631 0.0230929554 0.0504274927
v -0.162001327 0.0223565996 0.0504257642
v -0.16177164 0.0223586857 0.0502530895
v 0.160904899 -0.000997215393 0.0618244968
v 0.158853665 -0.00390681624 0.0578498207
v -0.199994639 -0.0110708773 0.0515646897
v 0.155922487 -0.00680467486 0.0538999997
v 0.153089657 -0.00852587819 0.0515647493
v -0.20582445 -0.00653526187 0.0578498803
v -0.207917735 -0.00365564204 0.0618244372
v -0.20285134 -0.00939014554 0.053900715
v -0.0814653412 -0.0133076012 0.0473206602
v -0.0234302655 -0.0128892958 0.0473206602
v -0.131007448 -0.0136646926 0.0473206602
v 0.151901796 -0.0092343986 0.0506037436
v -0.198796764 -0.011762172 0.0506037436
v 0.0346048102 -0.0124709904 0.0473206602
v 0.146636024 -0.0107070506 0.0486338697
v 0.0841469392 -0.012113899 0.0473206602
v 0.116703175 -0.0118792355 0.0473206602
v 0.136218026 -0.0114994943 0.0476489626
v -0.193510279 -0.0131587088 0.0486338697
v -0.18308194 -0.0138008893 0.0476489626
v -0.163563654 -0.0138992965 0.0473206602
v 0.13395156 -0.210285217 0.0784929395
v 0.151095644 -0.210350305 0.0795493722
v 0.151094273 -0.210161656 0.0784929395
v 0.133952931 -0.210473865 0.0795493722
v 0.133952871 -0.210469157 0.0774356723
v 0.151099518 -0.210888952 0.0804775357
v 0.151095584 -0.210345596 0.0774356723
v 0.133956805 -0.211012512 0.0804775357
v 0.133956745 -0.211003691 0.0765051246
v 0.151105419 -0.211712569 0.0811654925
v 0.151099458 -0.210880131 0.0765051246
v 0.133962765 -0.211836129 0.0811654925
v 0.133962646 -0.211824208 0.0758134723
v 0.151112691 -0.212721735 0.0815303326
v 0.151105359 -0.211700648 0.0758134723
v 0.133970037 -0.212845296 0.0815303326
v 0.133969918 -0.212831765 0.0754442215
v 0.151120439 -0.213794857 0.0815279484
v 0.151112631 -0.212708205 0.0754441619
v 0.133977726 -0.213918418 0.0815279484
v 0.133977666 -0.213904887 0.0754417777
v 0.151127711 -0.214802474 0.081158638
v 0.15112032 -0.213781327 0.0754417777
v 0.133984998 -0.214926034 0.081158638
v 0.133984938 -0.214914113 0.0758066177
v 0.151133612 -0.215622991 0.0804669857
v 0.151127592 -0.214790553 0.0758066177
v 0.133990958 -0.215746552 0.0804670453
v 0.133990839 -0.21573773 0.0764945745
v 0.151137486 -0.216157466 0.079536438
v 0.151133552 -0.21561417 0.0764945745
v 0.133994773 -0.216281027 0.079536438
v 0.133994773 -0.216276318 0.0774227381
v 0.151138797 -0.216341466 0.0784791708
v 0.151137426 -0.216152757 0.0774227381
v 0.133996084 -0.216465026 0.0784791708
v -0.162006631 0.0230929554 0.0504274927
v -0.162179038 0.0230911076 0.0506835543
v -0.162173733 0.0223547518 0.0506818257
v -0.162001327 0.0223565996 0.0504257642
v -0.16522707 0.0230524242 0.0578772984
v -0.165241048 0.0230519474 0.0580319725
v -0.165235743 0.0223155916 0.0580303036
v -0.165221766 0.0223160684 0.0578756295
v -0.162179038 0.0230911076 0.0506835543
v -0.16522707 0.0230524242 0.0578772984
v -0.165221766 0.0223160684 0.0578756295
v -0.162173733 0.0223547518 0.0506818257
v -0.165271804 0.00832232833 0.0585476123
v -0.165575311 0.00832059979 0.0583514534
v -0.165733293 0.00832006335 0.0580755435
v -0.164863601 0.00832507014 0.0586222969
v -0.165704921 0.00832101703 0.0577616654
v -0.162621155 0.00836017728 0.0504835211
v -0.162385121 0.00836268067 0.0501329266
v -0.162023619 0.00836589932 0.0498611294
v -0.161568239 0.00836959481 0.0496853553
v -0.161050543 0.00837346911 0.0496228896
v -0.140278265 0.00852319598 0.0496228896
v -0.139760539 0.00852677226 0.0496853553
v -0.139305159 0.00852963328 0.0498611294
v -0.138943657 0.00853165984 0.0501329266
v -0.138707623 0.00853249431 0.0504835211
v -0.135623589 0.00853785872 0.0577616654
v -0.136464879 0.00852975249 0.0586222969
v -0.135595217 0.00853732228 0.0580755435
v -0.135753199 0.00853553414 0.0583514534
v -0.136056677 0.00853291154 0.0585476123
v -0.174297914 -0.0662202537 0.0783777833
v -0.173516259 -0.174663216 0.0781366229
v -0.173516348 -0.17465207 0.0731366873
v -0.174297974 -0.0662091076 0.0733777881
v -0.178278938 -0.213263005 0.0804777145
v -0.178284183 -0.212535709 0.0784931183
v -0.178282842 -0.212724358 0.079549551
v -0.178282872 -0.212719709 0.0774358511
v -0.178279027 -0.213254184 0.0765052438
v -0.178273097 -0.214074701 0.0758136511
v -0.178273007 -0.214086622 0.0811656713
v -0.178265736 -0.215095788 0.0815304518
v -0.178265855 -0.215082258 0.0754443407
v -0.178258017 -0.21616891 0.0815280676
v -0.178258106 -0.21615538 0.0754419565
v -0.178250745 -0.217176527 0.0811588168
v -0.178250834 -0.217164606 0.0758067369
v -0.178244844 -0.217997044 0.0804671645
v -0.178244904 -0.217988223 0.0764947534
v -0.17824097 -0.218531519 0.0795366168
v -0.178241 -0.21852687 0.0774229169
v -0.178239658 -0.218715519 0.0784793496
v -0.195426896 -0.21265927 0.0784931183
v -0.178282842 -0.212724358 0.079549551
v -0.178284183 -0.212535709 0.0784931183
v -0.195425525 -0.212847918 0.079549551
v -0.195425555 -0.212843269 0.0774358511
v -0.178278938 -0.213263005 0.0804777145
v -0.178282872 -0.212719709 0.0774358511
v -0.195421651 -0.213386565 0.0804777145
v -0.195421711 -0.213377744 0.0765053034
v -0.178273007 -0.214086622 0.0811656713
v -0.178279027 -0.213254184 0.0765052438
v -0.19541572 -0.214210182 0.0811656713
v -0.19541581 -0.214198261 0.0758136511
v -0.178265736 -0.215095788 0.0815304518
v -0.178273097 -0.214074701 0.0758136511
v -0.195408419 -0.215219349 0.0815305114
v -0.195408538 -0.215205818 0.0754443407
v -0.178258017 -0.21616891 0.0815280676
v -0.178265855 -0.215082258 0.0754443407
v -0.1954007 -0.216292471 0.0815281272
v -0.195400789 -0.21627894 0.0754419565
v -0.178250745 -0.217176527 0.0811588168
v -0.178258106 -0.21615538 0.0754419565
v -0.195393428 -0.217300087 0.0811588168
v -0.195393518 -0.217288166 0.0758067966
v -0.178244844 -0.217997044 0.0804671645
v -0.178250834 -0.217164606 0.0758067369
v -0.195387527 -0.218120605 0.0804671645
v -0.195387587 -0.218111783 0.0764947534
v -0.17824097 -0.218531519 0.0795366168
v -0.178244904 -0.217988223 0.0764947534
v -0.195383683 -0.21865508 0.0795366168
v -0.195383713 -0.21865043 0.0774229169
v -0.178239658 -0.218715519 0.0784793496
v -0.178241 -0.21852687 0.0774229169
v -0.195382342 -0.218839079 0.0784793496
v -0.19923158 -0.240479082 0.14551729
v -0.199343428 -0.22496137 0.105309904
v -0.199348524 -0.224253327 0.105583191
v -0.199236676 -0.239771038 0.145790577
v -0.198975876 -0.275951475 0.237428427
v -0.198981002 -0.275243431 0.237701714
v -0.198821113 -0.297426462 0.293071449
v -0.198826209 -0.296718419 0.293344736
v 0.130704358 -0.172470421 0.0781366229
v 0.129922703 -0.0640274584 0.0783777833
v 0.129922643 -0.0640163124 0.0733777881
v 0.130704239 -0.172459334 0.0731366873
v 0.133973852 -0.213375121 0.0784860849
v 0.133952931 -0.210473865 0.0795493722
v 0.13395156 -0.210285217 0.0784929395
v 0.133956805 -0.211012512 0.0804775357
v 0.133952871 -0.210469157 0.0774356723
v 0.133962765 -0.211836129 0.0811654925
v 0.133956745 -0.211003691 0.0765051246
v 0.133970037 -0.212845296 0.0815303326
v 0.133962646 -0.211824208 0.0758134723
v 0.133977726 -0.213918418 0.0815279484
v 0.133969918 -0.212831765 0.0754442215
v 0.133984998 -0.214926034 0.081158638
v 0.133977666 -0.213904887 0.0754417777
v 0.133990958 -0.215746552 0.0804670453
v 0.133984938 -0.214914113 0.0758066177
v 0.133994773 -0.216281027 0.079536438
v 0.133990839 -0.21573773 0.0764945745
v 0.133996084 -0.216465026 0.0784791708
v 0.133994773 -0.216276318 0.0774227381
v 0.155901328 -0.273393571 0.237428427
v 0.156056061 -0.294868559 0.293071449
v 0.156050995 -0.294160515 0.293344676
v 0.155896202 -0.272685528 0.237701714
v 0.155645624 -0.237921208 0.145517349
v 0.155640498 -0.237213165 0.145790577
v 0.155533746 -0.222403437 0.105309904
v 0.155528679 -0.221695393 0.105583191
v -0.10276816 -0.296734124 0.293071449
v -0.198821113 -0.297426462 0.293071449
v -0.198826209 -0.296718419 0.293344736
v -0.102773227 -0.296026081 0.293344676
v 0.0600031242 -0.295560896 0.293071449
v 0.0599980578 -0.294852853 0.293344676
v 0.156056061 -0.294868559 0.293071449
v 0.156050995 -0.294160515 0.293344676
f 1 2 3
f 4 5 6
f 4 5 6
f 6 3 4
f 6 3 4
f 7 8 9
f 7 8 9
f 10 9 8
f 10 9 8
f 7 5 11
f 7 5 11
f 11 8 7
f 11 8 7
f 5 4 12
f 12 11 5
f 5 4 12
f 12 11 5
f 11 12 13
f 11 12 13
f 13 14 11
f 8 11 14
f 13 14 11
f 8 11 14
f 8 15 10
f 8 15 10
f 14 15 8
f 14 15 8
f 10 15 16
f 10 15 16
f 16 17 10
f 16 17 10
f 15 14 18
f 18 16 15
f 15 14 18
f 18 16 15
f 14 13 19
f 19 18 14
f 14 13 19
f 19 18 14
f 17 16 20
f 17 16 20
f 20 21 17
f 20 21 17
f 22 20 16
f 22 20 16
f 16 18 22
f 16 18 22
f 21 20 23
f 21 20 23
f 23 24 21
f 23 24 21
f 25 24 23
f 25 24 23
f 26 22 18
f 26 22 18
f 18 19 26
f 18 19 26
f 20 22 27
f 27 23 20
f 20 22 27
f 27 23 20
f 22 26 28
f 28 27 22
f 22 26 28
f 28 27 22
f 23 29 25
f 23 29 25
f 30 25 29
f 30 25 29
f 31 29 23
f 31 29 23
f 23 27 31
f 23 27 31
f 29 32 30
f 29 32 30
f 33 30 32
f 33 30 32
f 29 31 34
f 29 31 34
f 34 32 29
f 34 32 29
f 35 31 27
f 35 31 27
f 27 28 35
f 27 28 35
f 36 34 31
f 36 34 31
f 31 35 36
f 31 35 36
f 32 37 33
f 32 37 33
f 38 33 37
f 38 33 37
f 32 34 39
f 32 34 39
f 39 37 32
f 39 37 32
f 34 36 40
f 40 39 34
f 34 36 40
f 40 39 34
f 37 41 38
f 37 41 38
f 42 38 41
f 42 38 41
f 43 41 37
f 43 41 37
f 37 39 43
f 37 39 43
f 41 44 42
f 41 44 42
f 45 42 44
f 45 42 44
f 41 43 46
f 41 43 46
f 46 44 41
f 46 44 41
f 47 43 39
f 47 43 39
f 39 40 47
f 39 40 47
f 48 46 43
f 48 46 43
f 43 47 48
f 43 47 48
f 44 49 45
f 44 49 45
f 50 45 49
f 50 45 49
f 44 46 51
f 44 46 51
f 51 49 44
f 51 49 44
f 46 48 52
f 52 51 46
f 46 48 52
f 52 51 46
f 51 52 53
f 51 52 53
f 53 54 51
f 49 51 54
f 53 54 51
f 49 51 54
f 49 55 50
f 49 55 50
f 54 55 49
f 54 55 49
f 50 55 56
f 50 55 56
f 56 57 50
f 56 57 50
f 55 54 58
f 58 56 55
f 55 54 58
f 58 56 55
f 54 53 59
f 59 58 54
f 54 53 59
f 59 58 54
f 60 61 62
f 60 61 62
f 63 64 65
f 63 64 65
f 66 67 68
f 66 67 68
f 69 70 71
f 69 70 71
f 69 72 70
f 69 72 70
f 69 71 73
f 69 71 73
f 69 74 72
f 69 74 72
f 69 73 75
f 69 73 75
f 69 76 74
f 69 76 74
f 69 75 77
f 69 75 77
f 69 78 76
f 69 78 76
f 69 77 79
f 69 77 79
f 69 80 78
f 69 80 78
f 69 79 81
f 69 79 81
f 69 82 80
f 69 82 80
f 69 81 83
f 69 81 83
f 69 84 82
f 69 84 82
f 69 83 85
f 69 83 85
f 69 86 84
f 69 86 84
f 69 85 87
f 69 85 87
f 69 87 86
f 69 87 86
f 88 89 90
f 88 89 90
f 90 91 88
f 90 91 88
f 92 93 94
f 92 93 94
f 94 95 92
f 94 95 92
f 96 97 98
f 96 97 98
f 98 99 96
f 98 99 96
f 100 101 102
f 100 101 102
f 102 103 100
f 102 103 100
f 104 105 106
f 104 105 106
f 106 107 104
f 106 107 104
f 108 109 110
f 108 109 110
f 110 111 108
f 110 111 108
f 112 113 114
f 112 113 114
f 114 115 112
f 114 115 112
f 116 117 118
f 116 117 118
f 119 117 116
f 119 117 116
f 118 117 120
f 120 117 119
f 120 117 119
f 118 117 120
f 116 121 119
f 116 121 119
f 118 122 116
f 118 122 116
f 123 121 116
f 123 121 116
f 116 122 123
f 116 122 123
f 124 121 123
f 124 121 123
f 119 121 124
f 119 121 124
f 123 122 125
f 125 122 118
f 123 122 125
f 125 122 118
f 123 126 124
f 123 126 124
f 125 127 123
f 125 127 123
f 128 126 123
f 128 126 123
f 123 127 128
f 123 127 128
f 129 127 125
f 129 127 125
f 128 127 129
f 128 127 129
f 118 130 125
f 118 130 125
f 126 128 131
f 126 128 131
f 132 131 128
f 132 131 128
f 131 133 126
f 131 133 126
f 128 134 132
f 128 134 132
f 129 134 128
f 129 134 128
f 135 132 134
f 135 132 134
f 133 136 126
f 133 136 126
f 133 137 136
f 133 137 136
f 136 124 126
f 136 124 126
f 134 138 135
f 134 138 135
f 138 134 129
f 138 134 129
f 139 140 141
f 139 140 141
f 141 142 139
f 141 142 139
f 143 144 145
f 143 144 145
f 146 147 148
f 146 147 148
f 148 149 146
f 148 149 146
f 150 149 148
f 150 149 148
f 151 149 150
f 151 149 150
f 146 149 151
f 146 149 151
f 150 152 151
f 150 152 151
f 151 152 153
f 151 152 153
f 147 146 154
f 147 146 154
f 154 146 155
f 154 146 155
f 151 155 146
f 151 155 146
f 154 155 156
f 154 155 156
f 155 157 156
f 155 157 156
f 158 157 155
f 158 157 155
f 153 159 151
f 153 159 151
f 151 159 160
f 151 159 160
f 155 161 158
f 155 161 158
f 162 161 155
f 162 161 155
f 163 151 160
f 163 151 160
f 155 151 163
f 155 151 163
f 160 164 163
f 160 164 163
f 164 165 163
f 164 165 163
f 163 165 166
f 163 165 166
f 155 167 162
f 155 167 162
f 168 167 155
f 168 167 155
f 169 170 171
f 169 170 171
f 171 172 169
f 171 172 169
f 173 174 175
f 173 174 175
f 176 177 178
f 176 177 178
f 179 180 181
f 179 180 181
f 181 182 179
f 181 182 179
f 183 184 185
f 183 184 185
f 185 186 183
f 185 186 183
f 187 188 189
f 187 188 189
f 187 190 188
f 187 190 188
f 187 191 190
f 187 191 190
f 187 192 191
f 187 192 191
f 187 193 194
f 187 193 194
f 187 195 192
f 187 195 192
f 187 194 196
f 187 194 196
f 187 197 195
f 187 197 195
f 187 196 198
f 187 196 198
f 187 199 197
f 187 199 197
f 187 198 200
f 187 198 200
f 187 201 199
f 187 201 199
f 187 200 202
f 187 200 202
f 187 203 201
f 187 203 201
f 187 202 204
f 187 202 204
f 187 204 203
f 187 204 203
f 205 206 207
f 205 206 207
f 207 208 205
f 207 208 205
f 209 210 211
f 209 210 211
f 211 212 209
f 211 212 209
f 213 214 215
f 213 214 215
f 215 216 213
f 215 216 213
f 217 218 219
f 217 218 219
f 219 220 217
f 219 220 217
f 221 222 223
f 221 222 223
f 223 224 221
f 223 224 221
f 225 226 227
f 225 226 227
f 228 227 226
f 228 227 226
f 227 229 225
f 227 229 225
f 226 230 228
f 226 230 228
f 231 228 230
f 231 228 230
f 232 225 229
f 232 225 229
f 230 233 231
f 230 233 231
f 229 234 232
f 229 234 232
f 235 232 234
f 235 232 234
f 236 231 233
f 236 231 233
f 234 237 235
f 234 237 235
f 233 238 236
f 233 238 236
f 239 236 238
f 239 236 238
f 240 235 237
f 240 235 237
f 238 241 239
f 238 241 239
f 237 242 240
f 237 242 240
f 243 240 242
f 243 240 242
f 244 239 241
f 244 239 241
f 242 245 243
f 242 245 243
f 241 246 244
f 241 246 244
f 247 244 246
f 247 244 246
f 248 243 245
f 248 243 245
f 246 249 247
f 246 249 247
f 245 250 248
f 245 250 248
f 251 248 250
f 251 248 250
f 252 247 249
f 252 247 249
f 250 253 251
f 250 253 251
f 249 254 252
f 249 254 252
f 255 252 254
f 255 252 254
f 256 251 253
f 256 251 253
f 254 257 255
f 254 257 255
f 253 258 256
f 253 258 256
f 259 256 258
f 259 256 258
f 260 255 257
f 260 255 257
f 258 261 259
f 258 261 259
f 257 262 260
f 257 262 260
f 263 260 262
f 263 260 262
f 264 259 261
f 264 259 261
f 261 263 264
f 261 263 264
f 262 264 263
f 262 264 263
f 265 266 267
f 265 266 267
f 265 267 268
f 265 267 268
f 265 268 269
f 265 268 269
f 265 269 270
f 265 269 270
f 269 271 270
f 269 271 270
f 271 272 270
f 271 272 270
f 272 273 270
f 272 273 270
f 273 274 270
f 273 274 270
f 274 275 270
f 274 275 270
f 275 276 270
f 275 276 270
f 276 277 270
f 276 277 270
f 277 278 270
f 277 278 270
f 278 279 270
f 278 279 270
f 279 280 270
f 279 280 270
f 280 281 270
f 280 281 270
f 281 282 270
f 281 282 270
f 282 283 270
f 282 283 270
f 282 284 283
f 282 284 283
f 285 286 287
f 285 286 287
f 287 288 285
f 287 288 285
f 289 290 291
f 289 290 291
f 292 293 294
f 292 293 294
f 295 296 297
f 295 296 297
f 297 298 295
f 297 298 295
f 299 300 301
f 299 300 301
f 301 302 299
f 301 302 299
f 303 304 305
f 303 304 305
f 306 307 308
f 306 307 308
f 308 309 306
f 308 309 306
f 310 311 312
f 310 311 312
f 312 313 310
f 312 313 310
f 314 315 316
f 314 315 316
f 317 316 315
f 317 316 315
f 316 318 314
f 316 318 314
f 315 319 317
f 315 319 317
f 320 317 319
f 320 317 319
f 321 314 318
f 321 314 318
f 319 322 320
f 319 322 320
f 318 323 321
f 318 323 321
f 324 321 323
f 324 321 323
f 325 320 322
f 325 320 322
f 323 326 324
f 323 326 324
f 322 327 325
f 322 327 325
f 328 325 327
f 328 325 327
f 329 324 326
f 329 324 326
f 327 330 328
f 327 330 328
f 326 331 329
f 326 331 329
f 332 329 331
f 332 329 331
f 333 328 330
f 333 328 330
f 331 334 332
f 331 334 332
f 330 335 333
f 330 335 333
f 336 333 335
f 336 333 335
f 337 332 334
f 337 332 334
f 335 338 336
f 335 338 336
f 334 339 337
f 334 339 337
f 340 337 339
f 340 337 339
f 341 336 338
f 341 336 338
f 339 342 340
f 339 342 340
f 338 343 341
f 338 343 341
f 344 341 343
f 344 341 343
f 345 340 342
f 345 340 342
f 343 346 344
f 343 346 344
f 342 347 345
f 342 347 345
f 348 345 347
f 348 345 347
f 349 344 346
f 349 344 346
f 347 350 348
f 347 350 348
f 346 351 349
f 346 351 349
f 352 349 351
f 352 349 351
f 353 348 350
f 353 348 350
f 350 352 353
f 350 352 353
f 351 353 352
f 351 353 352
f 354 355 356
f 354 355 356
f 357 358 359
f 357 358 359
f 359 360 357
f 359 360 357
f 361 362 363
f 361 362 363
f 363 364 361
f 363 364 361
f 365 366 367
f 365 366 367
f 367 368 365
f 367 368 365
f 369 370 371
f 369 370 371
f 372 373 374
f 372 373 374
f 375 376 377
f 375 376 377
f 375 377 378
f 375 377 378
f 377 379 378
f 377 379 378
f 379 380 378
f 379 380 378
f 375 378 381
f 375 378 381
f 375 381 382
f 375 381 382
f 378 383 381
f 378 383 381
f 380 384 378
f 380 384 378
f 380 385 384
f 380 385 384
f 385 386 384
f 385 386 384
f 386 387 384
f 386 387 384
f 387 388 384
f 387 388 384
f 387 389 388
f 387 389 388
f 387 390 389
f 387 390 389
f 380 391 385
f 380 391 385
f 380 392 391
f 380 392 391
f 391 393 385
f 391 393 385
f 393 394 385
f 393 394 385
f 393 395 394
f 393 395 394
f 393 396 395
f 393 396 395
f 393 397 396
f 393 397 396
f 398 399 400
f 398 399 400
f 400 401 398
f 400 401 398
f 402 403 404
f 402 403 404
f 404 405 402
f 404 405 402
f 406 407 408
f 406 407 408
f 409 410 411
f 409 410 411
f 411 412 409
f 411 412 409
f 413 414 415
f 413 414 415
f 415 416 413
f 415 416 413
f 417 418 419
f 417 418 419
f 419 420 417
f 419 420 417
f 421 422 423
f 421 422 423
f 423 424 421
f 423 424 421
f 424 423 425
f 424 423 425
f 425 423 426
f 426 423 422
f 425 423 426
f 426 423 422
f 426 427 425
f 426 427 425
f 425 427 124
f 425 427 124
f 124 427 119
f 124 427 119
f 119 427 426
f 119 427 426
f 422 428 426
f 422 428 426
f 426 429 119
f 426 429 119
f 426 428 430
f 426 428 430
f 430 429 426
f 430 429 426
f 119 429 120
f 119 429 120
f 120 429 430
f 120 429 430
f 430 431 120
f 430 431 120
f 120 431 432
f 120 431 432
f 432 433 434
f 432 433 434
f 434 433 435
f 434 433 435
f 436 435 437
f 436 435 437
f 433 437 435
f 433 437 435
f 438 433 439
f 438 433 439
f 437 433 438
f 437 433 438
f 438 440 437
f 438 440 437
f 441 440 438
f 441 440 438
f 437 440 442
f 437 440 442
f 442 440 441
f 442 440 441
f 138 443 135
f 138 443 135
f 138 444 443
f 138 444 443
f 138 445 444
f 138 445 444
f 138 446 445
f 138 446 445
f 447 136 137
f 447 136 137
f 425 136 447
f 425 136 447
f 124 136 425
f 124 136 425
f 447 448 425
f 447 448 425
f 425 448 424
f 425 448 424
f 138 449 446
f 138 449 446
f 450 446 449
f 450 446 449
f 451 450 449
f 451 450 449
f 452 451 449
f 452 451 449
f 452 449 453
f 452 449 453
f 454 449 138
f 454 449 138
f 449 454 455
f 449 454 455
f 129 454 138
f 129 454 138
f 456 454 129
f 456 454 129
f 455 454 457
f 455 454 457
f 456 457 454
f 456 457 454
f 457 458 455
f 457 458 455
f 459 458 457
f 459 458 457
f 457 460 459
f 457 460 459
f 460 457 456
f 460 457 456
f 461 459 460
f 461 459 460
f 129 462 456
f 129 462 456
f 125 462 129
f 125 462 129
f 463 462 125
f 463 462 125
f 456 462 463
f 456 462 463
f 125 130 463
f 125 130 463
f 456 464 460
f 456 464 460
f 463 464 456
f 463 464 456
f 460 464 465
f 460 464 465
f 465 461 460
f 465 461 460
f 465 464 463
f 465 464 463
f 466 461 465
f 466 461 465
f 466 436 467
f 466 436 467
f 468 467 436
f 468 467 436
f 469 468 436
f 469 468 436
f 435 436 466
f 435 436 466
f 470 469 436
f 470 469 436
f 465 435 466
f 465 435 466
f 471 465 463
f 471 465 463
f 435 465 471
f 435 465 471
f 463 130 471
f 463 130 471
f 471 130 118
f 471 130 118
f 118 472 471
f 118 472 471
f 120 472 118
f 120 472 118
f 471 472 432
f 432 472 120
f 471 472 432
f 432 472 120
f 471 434 435
f 432 434 471
f 471 434 435
f 432 434 471
f 470 436 473
f 470 436 473
f 474 473 436
f 474 473 436
f 437 474 436
f 437 474 436
f 442 474 437
f 442 474 437
f 475 476 441
f 441 476 442
f 475 476 441
f 441 476 442
f 477 478 479
f 477 478 479
f 478 480 479
f 478 480 479
f 478 481 480
f 478 481 480
f 478 482 481
f 478 482 481
f 478 483 482
f 478 483 482
f 478 484 483
f 478 484 483
f 478 485 484
f 478 485 484
f 478 486 485
f 478 486 485
f 478 487 486
f 478 487 486
f 478 488 487
f 478 488 487
f 488 478 489
f 488 478 489
f 478 477 490
f 478 477 490
f 490 489 478
f 490 489 478
f 490 477 475
f 490 477 475
f 489 491 488
f 489 491 488
f 491 489 492
f 491 489 492
f 492 489 490
f 492 489 490
f 492 493 491
f 492 493 491
f 475 494 490
f 475 494 490
f 441 494 475
f 441 494 475
f 490 494 495
f 495 494 441
f 490 494 495
f 495 494 441
f 495 496 490
f 495 496 490
f 490 496 492
f 490 496 492
f 497 496 495
f 497 496 495
f 492 496 497
f 492 496 497
f 493 492 498
f 493 492 498
f 497 498 492
f 497 498 492
f 498 499 493
f 498 499 493
f 500 499 498
f 500 499 498
f 500 498 497
f 500 498 497
f 500 501 499
f 500 501 499
f 500 502 501
f 500 502 501
f 503 502 500
f 503 502 500
f 504 505 503
f 504 505 503
f 505 504 506
f 505 504 506
f 506 507 505
f 506 507 505
f 506 508 507
f 506 508 507
f 509 504 503
f 506 504 509
f 509 504 503
f 506 504 509
f 503 510 509
f 503 510 509
f 500 510 503
f 500 510 503
f 509 510 511
f 511 510 500
f 509 510 511
f 511 510 500
f 506 512 508
f 506 512 508
f 506 513 512
f 506 513 512
f 500 514 511
f 500 514 511
f 497 514 500
f 497 514 500
f 511 514 515
f 515 514 497
f 511 514 515
f 515 514 497
f 506 422 513
f 506 422 513
f 422 516 513
f 422 516 513
f 422 517 516
f 422 517 516
f 422 421 517
f 422 421 517
f 497 518 515
f 497 518 515
f 495 518 497
f 495 518 497
f 515 518 519
f 519 518 495
f 515 518 519
f 519 518 495
f 519 520 515
f 519 520 515
f 515 520 511
f 515 520 511
f 521 520 519
f 521 520 519
f 511 520 521
f 511 520 521
f 495 522 519
f 495 522 519
f 441 522 495
f 441 522 495
f 519 522 438
f 438 522 441
f 519 522 438
f 438 522 441
f 519 523 521
f 438 523 519
f 519 523 521
f 438 523 519
f 521 524 511
f 521 524 511
f 511 524 509
f 511 524 509
f 525 524 521
f 525 524 521
f 509 524 525
f 509 524 525
f 521 523 439
f 439 523 438
f 521 523 439
f 439 523 438
f 521 526 525
f 439 526 521
f 521 526 525
f 439 526 521
f 525 527 509
f 525 527 509
f 509 527 506
f 509 527 506
f 431 526 439
f 431 526 439
f 525 526 431
f 525 526 431
f 506 527 428
f 506 527 428
f 428 527 525
f 428 527 525
f 506 428 422
f 506 428 422
f 439 432 431
f 439 432 431
f 433 432 439
f 433 432 439
f 525 430 428
f 525 430 428
f 431 430 525
f 431 430 525
f 528 529 530
f 528 529 530
f 530 531 528
f 530 531 528
f 532 533 534
f 532 533 534
f 535 536 537
f 535 536 537
f 537 538 535
f 537 538 535
f 539 540 541
f 539 540 541
f 541 542 539
f 541 542 539
f 543 544 545
f 543 544 545
f 545 544 546
f 545 544 546
f 545 547 543
f 545 547 543
f 546 544 548
f 548 544 543
f 546 544 548
f 548 544 543
f 549 543 547
f 549 543 547
f 547 550 549
f 547 550 549
f 551 549 550
f 551 549 550
f 550 552 551
f 550 552 551
f 543 549 553
f 553 549 551
f 543 549 553
f 553 549 551
f 543 554 548
f 553 554 543
f 543 554 548
f 553 554 543
f 548 554 553
f 548 554 553
f 555 551 556
f 555 551 556
f 557 551 555
f 557 551 555
f 553 551 557
f 553 551 557
f 553 557 548
f 553 557 548
f 548 557 558
f 548 557 558
f 555 559 557
f 555 559 557
f 557 559 560
f 557 559 560
f 561 559 555
f 561 559 555
f 560 559 561
f 560 559 561
f 555 562 561
f 555 562 561
f 556 562 555
f 556 562 555
f 561 562 563
f 563 562 556
f 561 562 563
f 563 562 556
f 560 564 557
f 560 564 557
f 557 564 558
f 557 564 558
f 565 564 560
f 565 564 560
f 558 564 565
f 558 564 565
f 560 566 565
f 560 566 565
f 565 567 558
f 565 567 558
f 568 566 560
f 568 566 560
f 558 567 569
f 558 567 569
f 569 548 558
f 569 548 558
f 570 548 569
f 570 548 569
f 569 571 570
f 569 571 570
f 570 571 572
f 570 571 572
f 570 573 548
f 570 573 548
f 574 573 570
f 574 573 570
f 548 573 574
f 548 573 574
f 572 575 570
f 572 575 570
f 570 575 574
f 570 575 574
f 576 575 572
f 576 575 572
f 574 575 576
f 574 575 576
f 572 577 576
f 572 577 576
f 576 577 578
f 576 577 578
f 548 574 546
f 548 574 546
f 546 574 579
f 546 574 579
f 574 580 579
f 576 580 574
f 574 580 579
f 576 580 574
f 579 581 546
f 579 581 546
f 546 581 582
f 546 581 582
f 582 581 583
f 582 581 583
f 583 581 579
f 583 581 579
f 583 584 582
f 583 584 582
f 585 584 583
f 585 584 583
f 586 580 576
f 586 580 576
f 579 580 586
f 579 580 586
f 576 587 586
f 576 587 586
f 578 587 576
f 578 587 576
f 148 587 578
f 148 587 578
f 586 587 148
f 586 587 148
f 578 588 148
f 578 588 148
f 148 588 150
f 148 588 150
f 586 583 579
f 586 583 579
f 147 583 586
f 147 583 586
f 148 147 586
f 148 147 586
f 147 585 583
f 147 585 583
f 154 585 147
f 154 585 147
f 57 56 589
f 57 56 589
f 589 590 57
f 589 590 57
f 591 589 56
f 591 589 56
f 56 58 591
f 56 58 591
f 590 589 592
f 590 589 592
f 592 593 590
f 592 593 590
f 594 593 592
f 594 593 592
f 595 591 58
f 595 591 58
f 58 59 595
f 58 59 595
f 589 591 596
f 596 592 589
f 589 591 596
f 596 592 589
f 591 595 597
f 597 596 591
f 591 595 597
f 597 596 591
f 592 598 594
f 592 598 594
f 599 594 598
f 599 594 598
f 600 598 592
f 600 598 592
f 592 596 600
f 592 596 600
f 598 601 599
f 598 601 599
f 602 599 601
f 602 599 601
f 598 600 603
f 598 600 603
f 603 601 598
f 603 601 598
f 604 600 596
f 604 600 596
f 596 597 604
f 596 597 604
f 605 603 600
f 605 603 600
f 600 604 605
f 600 604 605
f 601 606 602
f 601 606 602
f 607 602 606
f 607 602 606
f 601 603 608
f 601 603 608
f 608 606 601
f 608 606 601
f 603 605 609
f 609 608 603
f 603 605 609
f 609 608 603
f 606 610 607
f 606 610 607
f 611 607 610
f 611 607 610
f 612 610 606
f 612 610 606
f 606 608 612
f 606 608 612
f 610 613 611
f 610 613 611
f 614 611 613
f 614 611 613
f 613 615 614
f 613 615 614
f 616 612 608
f 616 612 608
f 608 609 616
f 608 609 616
f 610 612 617
f 617 613 610
f 610 612 617
f 617 613 610
f 618 615 613
f 618 615 613
f 613 617 618
f 613 617 618
f 615 618 619
f 615 618 619
f 620 617 612
f 620 617 612
f 612 616 620
f 612 616 620
f 617 620 621
f 617 620 621
f 621 618 617
f 621 618 617
f 622 619 618
f 622 619 618
f 618 621 622
f 618 621 622
f 619 622 623
f 619 622 623
f 624 623 622
f 624 623 622
f 623 624 625
f 623 624 625
f 626 622 621
f 626 622 621
f 622 626 624
f 622 626 624
f 621 627 626
f 621 627 626
f 624 626 627
f 624 626 627
f 627 621 620
f 627 621 620
f 620 628 627
f 620 628 627
f 628 620 616
f 628 620 616
f 627 628 629
f 616 629 628
f 627 628 629
f 616 629 628
f 624 627 629
f 624 627 629
f 629 616 609
f 629 616 609
f 609 630 629
f 609 630 629
f 630 609 605
f 630 609 605
f 605 631 630
f 605 631 630
f 631 629 630
f 631 629 630
f 631 605 604
f 631 605 604
f 632 624 629
f 632 624 629
f 631 632 629
f 631 632 629
f 604 633 631
f 604 633 631
f 631 633 632
f 631 633 632
f 633 604 597
f 633 604 597
f 597 632 633
f 597 632 633
f 632 597 595
f 632 597 595
f 595 634 632
f 595 634 632
f 632 634 624
f 632 634 624
f 634 595 59
f 634 595 59
f 634 635 624
f 634 635 624
f 59 636 634
f 59 636 634
f 635 634 636
f 635 634 636
f 636 59 53
f 636 59 53
f 625 624 635
f 625 624 635
f 635 637 625
f 635 637 625
f 625 637 638
f 625 637 638
f 637 635 639
f 637 635 639
f 636 639 635
f 636 639 635
f 53 640 636
f 53 640 636
f 639 636 640
f 639 636 640
f 640 53 52
f 640 53 52
f 52 641 640
f 52 641 640
f 641 52 48
f 641 52 48
f 48 642 641
f 48 642 641
f 640 641 642
f 640 641 642
f 642 48 47
f 642 48 47
f 47 643 642
f 47 643 642
f 643 47 40
f 643 47 40
f 642 643 644
f 40 644 643
f 642 643 644
f 40 644 643
f 640 642 644
f 640 642 644
f 644 40 36
f 644 40 36
f 36 645 644
f 36 645 644
f 645 36 35
f 645 36 35
f 646 644 645
f 646 644 645
f 35 646 645
f 35 646 645
f 646 640 644
f 646 640 644
f 646 35 28
f 646 35 28
f 646 647 640
f 646 647 640
f 28 648 646
f 28 648 646
f 646 648 647
f 646 648 647
f 648 28 26
f 648 28 26
f 26 647 648
f 26 647 648
f 647 26 19
f 647 26 19
f 647 639 640
f 647 639 640
f 19 649 647
f 19 649 647
f 650 639 647
f 650 639 647
f 647 649 650
f 647 649 650
f 639 650 637
f 639 650 637
f 649 19 13
f 649 19 13
f 651 637 650
f 651 637 650
f 637 651 638
f 637 651 638
f 652 650 649
f 652 650 649
f 650 652 651
f 650 652 651
f 13 653 649
f 13 653 649
f 653 13 12
f 653 13 12
f 12 654 653
f 12 654 653
f 649 653 654
f 649 653 654
f 654 12 4
f 654 12 4
f 4 655 654
f 4 655 654
f 655 4 3
f 655 4 3
f 654 655 656
f 3 656 655
f 654 655 656
f 3 656 655
f 649 654 656
f 649 654 656
f 656 3 2
f 656 3 2
f 657 649 656
f 657 649 656
f 657 652 649
f 657 652 649
f 2 658 656
f 2 658 656
f 658 2 659
f 658 2 659
f 660 656 658
f 660 656 658
f 659 660 658
f 659 660 658
f 660 657 656
f 660 657 656
f 660 659 661
f 660 659 661
f 661 662 660
f 661 662 660
f 660 662 657
f 660 662 657
f 662 661 663
f 662 661 663
f 663 657 662
f 663 657 662
f 657 663 664
f 657 663 664
f 664 652 657
f 664 652 657
f 652 664 665
f 652 664 665
f 665 651 652
f 665 651 652
f 651 665 666
f 651 665 666
f 666 638 651
f 666 638 651
f 638 666 667
f 638 666 667
f 667 668 638
f 667 668 638
f 668 667 669
f 668 667 669
f 638 668 670
f 669 670 668
f 638 668 670
f 669 670 668
f 638 670 671
f 638 670 671
f 670 669 672
f 670 669 672
f 670 673 671
f 670 673 671
f 672 673 670
f 672 673 670
f 674 671 673
f 674 671 673
f 673 672 674
f 673 672 674
f 675 676 677
f 675 676 677
f 155 678 168
f 155 678 168
f 679 678 155
f 679 678 155
f 166 680 163
f 166 680 163
f 163 680 681
f 163 680 681
f 155 682 679
f 155 682 679
f 683 682 155
f 683 682 155
f 684 155 163
f 684 155 163
f 681 685 163
f 681 685 163
f 163 685 686
f 163 685 686
f 155 684 683
f 155 684 683
f 687 683 684
f 687 683 684
f 684 688 687
f 684 688 687
f 689 688 684
f 689 688 684
f 689 684 690
f 689 684 690
f 684 691 690
f 684 691 690
f 692 691 684
f 692 691 684
f 693 692 684
f 693 692 684
f 694 693 684
f 694 693 684
f 695 694 684
f 695 694 684
f 696 695 684
f 696 695 684
f 163 696 684
f 163 696 684
f 163 697 696
f 163 697 696
f 698 696 697
f 698 696 697
f 686 697 163
f 686 697 163
f 698 697 699
f 699 697 686
f 698 697 699
f 699 697 686
f 698 699 700
f 698 699 700
f 686 701 699
f 686 701 699
f 702 700 699
f 702 700 699
f 699 701 703
f 699 701 703
f 699 704 702
f 699 704 702
f 703 704 699
f 703 704 699
f 702 704 705
f 705 704 703
f 702 704 705
f 705 704 703
f 703 706 705
f 703 706 705
f 705 707 702
f 705 707 702
f 705 706 708
f 705 706 708
f 707 705 709
f 707 705 709
f 708 709 705
f 708 709 705
f 709 710 707
f 709 710 707
f 711 709 708
f 711 709 708
f 710 709 711
f 710 709 711
f 708 712 711
f 708 712 711
f 711 713 710
f 711 713 710
f 711 712 714
f 711 712 714
f 711 715 713
f 711 715 713
f 716 715 711
f 716 715 711
f 714 717 711
f 714 717 711
f 718 716 711
f 718 716 711
f 711 717 719
f 711 717 719
f 720 718 711
f 720 718 711
f 719 721 711
f 719 721 711
f 722 720 711
f 722 720 711
f 711 721 723
f 711 721 723
f 711 724 722
f 711 724 722
f 723 724 711
f 723 724 711
f 725 722 724
f 725 722 724
f 723 726 724
f 723 726 724
f 727 725 724
f 727 725 724
f 724 726 728
f 724 726 728
f 724 729 727
f 724 729 727
f 728 729 724
f 728 729 724
f 730 727 729
f 730 727 729
f 731 729 728
f 731 729 728
f 729 731 730
f 729 731 730
f 728 732 731
f 728 732 731
f 733 730 731
f 733 730 731
f 731 732 734
f 731 732 734
f 731 735 733
f 731 735 733
f 734 735 731
f 734 735 731
f 733 735 736
f 736 735 734
f 733 735 736
f 736 735 734
f 736 737 733
f 736 737 733
f 734 738 736
f 734 738 736
f 739 737 736
f 739 737 736
f 736 738 740
f 736 738 740
f 741 739 736
f 741 739 736
f 740 741 736
f 740 741 736
f 741 742 739
f 741 742 739
f 743 742 741
f 743 742 741
f 744 741 740
f 744 741 740
f 743 741 744
f 743 741 744
f 740 745 744
f 740 745 744
f 744 745 746
f 744 745 746
f 747 743 744
f 747 743 744
f 747 748 743
f 747 748 743
f 749 748 747
f 749 748 747
f 750 749 747
f 750 749 747
f 750 751 749
f 750 751 749
f 750 752 751
f 750 752 751
f 753 752 750
f 753 752 750
f 750 747 744
f 750 747 744
f 746 754 744
f 746 754 744
f 755 754 746
f 755 754 746
f 744 754 755
f 744 754 755
f 746 756 755
f 746 756 755
f 755 756 757
f 755 756 757
f 758 753 750
f 758 753 750
f 758 759 753
f 758 759 753
f 758 760 759
f 758 760 759
f 761 760 758
f 761 760 758
f 758 762 761
f 758 762 761
f 762 758 763
f 762 758 763
f 763 758 750
f 763 758 750
f 763 764 762
f 763 764 762
f 765 764 763
f 765 764 763
f 750 766 763
f 750 766 763
f 744 766 750
f 744 766 750
f 755 766 744
f 755 766 744
f 763 766 767
f 763 766 767
f 768 766 755
f 768 766 755
f 767 766 768
f 767 766 768
f 755 757 768
f 755 757 768
f 768 757 769
f 768 757 769
f 757 770 769
f 757 770 769
f 769 770 771
f 769 770 771
f 767 772 763
f 767 772 763
f 763 772 765
f 763 772 765
f 765 772 773
f 765 772 773
f 773 772 767
f 773 772 767
f 773 774 765
f 773 774 765
f 775 774 773
f 775 774 773
f 769 771 776
f 769 771 776
f 769 767 768
f 769 767 768
f 777 767 769
f 777 767 769
f 767 778 773
f 767 778 773
f 773 778 775
f 773 778 775
f 775 778 779
f 775 778 779
f 779 778 767
f 779 778 767
f 779 780 775
f 779 780 775
f 777 779 767
f 777 779 767
f 781 780 779
f 781 780 779
f 777 769 782
f 777 769 782
f 777 783 779
f 777 783 779
f 779 783 781
f 779 783 781
f 781 783 784
f 781 783 784
f 784 783 777
f 784 783 777
f 784 785 781
f 784 785 781
f 786 785 784
f 786 785 784
f 776 782 769
f 776 782 769
f 787 782 776
f 787 782 776
f 776 788 787
f 776 788 787
f 787 788 789
f 787 788 789
f 782 790 777
f 782 790 777
f 777 790 784
f 777 790 784
f 782 787 790
f 782 787 790
f 790 791 784
f 790 791 784
f 784 791 786
f 784 791 786
f 791 792 786
f 791 792 786
f 791 793 792
f 791 793 792
f 789 790 787
f 789 790 787
f 794 790 789
f 794 790 789
f 789 795 794
f 789 795 794
f 794 795 796
f 794 795 796
f 790 797 791
f 790 797 791
f 798 797 790
f 798 797 790
f 791 797 798
f 791 797 798
f 790 794 798
f 790 794 798
f 798 799 791
f 798 799 791
f 791 799 793
f 791 799 793
f 793 799 800
f 793 799 800
f 800 799 798
f 800 799 798
f 800 801 793
f 800 801 793
f 802 801 800
f 802 801 800
f 798 794 803
f 798 794 803
f 794 804 803
f 794 804 803
f 796 804 794
f 796 804 794
f 805 804 796
f 805 804 796
f 803 804 805
f 803 804 805
f 796 806 805
f 796 806 805
f 805 806 807
f 805 806 807
f 803 808 798
f 803 808 798
f 798 808 800
f 798 808 800
f 809 808 803
f 809 808 803
f 800 808 809
f 800 808 809
f 803 810 809
f 805 810 803
f 803 810 809
f 805 810 803
f 809 811 800
f 809 811 800
f 800 811 802
f 800 811 802
f 802 811 812
f 802 811 812
f 812 811 809
f 812 811 809
f 812 813 802
f 812 813 802
f 814 813 812
f 814 813 812
f 815 810 805
f 815 810 805
f 809 810 815
f 809 810 815
f 805 816 815
f 805 816 815
f 807 816 805
f 807 816 805
f 817 816 807
f 817 816 807
f 815 816 817
f 815 816 817
f 807 818 817
f 807 818 817
f 817 818 819
f 817 818 819
f 815 820 809
f 815 820 809
f 809 820 812
f 809 820 812
f 821 820 815
f 821 820 815
f 812 820 821
f 812 820 821
f 815 822 821
f 817 822 815
f 815 822 821
f 817 822 815
f 821 823 812
f 821 823 812
f 812 823 814
f 812 823 814
f 814 823 824
f 814 823 824
f 824 823 821
f 824 823 821
f 824 825 814
f 824 825 814
f 826 825 824
f 826 825 824
f 827 822 817
f 827 822 817
f 821 822 827
f 821 822 827
f 817 828 827
f 817 828 827
f 819 828 817
f 819 828 817
f 829 828 819
f 829 828 819
f 827 828 829
f 827 828 829
f 819 830 829
f 819 830 829
f 829 830 568
f 829 830 568
f 827 831 821
f 827 831 821
f 821 831 824
f 821 831 824
f 563 831 827
f 563 831 827
f 824 831 563
f 824 831 563
f 824 832 826
f 824 832 826
f 563 832 824
f 563 832 824
f 826 832 556
f 826 832 556
f 556 832 563
f 556 832 563
f 827 833 563
f 827 833 563
f 829 833 827
f 829 833 827
f 563 833 561
f 563 833 561
f 561 833 829
f 561 833 829
f 568 561 829
f 568 561 829
f 560 561 568
f 560 561 568
f 834 835 836
f 834 835 836
f 836 837 834
f 836 837 834
f 838 839 840
f 838 839 840
f 840 841 838
f 840 841 838
f 842 843 844
f 842 843 844
f 844 845 842
f 844 845 842
f 846 847 848
f 846 847 848
f 848 849 846
f 848 849 846
f 850 851 852
f 850 851 852
f 852 851 853
f 852 851 853
f 853 851 854
f 853 851 854
f 854 851 850
f 854 851 850
f 854 855 853
f 854 855 853
f 856 855 854
f 856 855 854
f 854 850 857
f 857 850 858
f 854 850 857
f 857 850 858
f 857 859 854
f 857 859 854
f 854 859 856
f 854 859 856
f 856 859 860
f 856 859 860
f 860 859 857
f 860 859 857
f 860 861 856
f 860 861 856
f 862 861 860
f 862 861 860
f 857 858 863
f 863 858 864
f 857 858 863
f 863 858 864
f 860 865 862
f 857 865 860
f 860 865 862
f 857 865 860
f 862 865 866
f 862 865 866
f 866 865 857
f 866 865 857
f 866 867 862
f 866 867 862
f 868 867 866
f 868 867 866
f 864 869 863
f 864 869 863
f 870 869 864
f 870 869 864
f 863 871 857
f 863 871 857
f 857 871 866
f 857 871 866
f 872 871 863
f 872 871 863
f 866 871 872
f 866 871 872
f 872 873 866
f 872 873 866
f 866 873 868
f 866 873 868
f 868 873 874
f 868 873 874
f 874 873 872
f 874 873 872
f 874 875 868
f 874 875 868
f 876 875 874
f 876 875 874
f 863 877 872
f 863 877 872
f 872 877 878
f 872 877 878
f 879 877 863
f 879 877 863
f 878 877 879
f 878 877 879
f 863 869 879
f 863 869 879
f 879 869 880
f 879 869 880
f 869 870 880
f 869 870 880
f 878 881 872
f 878 881 872
f 872 881 874
f 872 881 874
f 882 881 878
f 882 881 878
f 874 881 882
f 874 881 882
f 882 883 874
f 882 883 874
f 874 883 876
f 874 883 876
f 884 885 886
f 884 885 886
f 886 887 884
f 886 887 884
f 888 889 890
f 888 889 890
f 891 890 889
f 891 890 889
f 889 892 891
f 889 892 891
f 893 891 892
f 893 891 892
f 892 894 893
f 892 894 893
f 895 893 894
f 895 893 894
f 894 896 895
f 894 896 895
f 897 895 896
f 897 895 896
f 896 898 897
f 896 898 897
f 899 897 898
f 899 897 898
f 898 900 899
f 898 900 899
f 901 899 900
f 901 899 900
f 900 902 901
f 900 902 901
f 903 901 902
f 903 901 902
f 902 904 903
f 902 904 903
f 905 903 904
f 905 903 904
f 904 906 905
f 904 906 905
f 907 905 906
f 907 905 906
f 906 908 907
f 906 908 907
f 909 907 908
f 909 907 908
f 908 910 909
f 908 910 909
f 911 909 910
f 911 909 910
f 910 912 911
f 910 912 911
f 913 911 912
f 913 911 912
f 912 914 913
f 912 914 913
f 915 913 914
f 915 913 914
f 914 916 915
f 914 916 915
f 917 915 916
f 917 915 916
f 916 918 917
f 916 918 917
f 919 920 921
f 919 920 921
f 922 923 924
f 922 923 924
f 924 925 922
f 924 925 922
f 926 927 928
f 926 927 928
f 928 929 926
f 928 929 926
f 930 931 932
f 930 931 932
f 932 933 930
f 932 933 930
f 934 930 933
f 934 930 933
f 933 935 934
f 933 935 934
f 936 934 935
f 936 934 935
f 935 937 936
f 935 937 936
f 938 936 937
f 938 936 937
f 937 939 938
f 937 939 938
f 940 938 939
f 940 938 939
f 939 941 940
f 939 941 940
f 942 940 941
f 942 940 941
f 941 943 942
f 941 943 942
f 944 942 943
f 944 942 943
f 943 945 944
f 943 945 944
f 946 944 945
f 946 944 945
f 945 947 946
f 945 947 946
f 948 946 947
f 948 946 947
f 947 949 948
f 947 949 948
f 950 948 949
f 950 948 949
f 949 951 950
f 949 951 950
f 952 950 951
f 952 950 951
f 951 888 952
f 951 888 952
f 890 952 888
f 890 952 888
f 953 954 955
f 953 954 955
f 955 956 953
f 955 956 953
f 876 883 957
f 876 883 957
f 957 883 882
f 957 883 882
f 957 958 876
f 957 958 876
f 959 958 957
f 959 958 957
f 878 960 882
f 878 960 882
f 882 960 957
f 882 960 957
f 961 960 878
f 961 960 878
f 957 960 961
f 957 960 961
f 878 962 961
f 878 962 961
f 879 962 878
f 879 962 878
f 961 963 957
f 957 963 959
f 957 963 959
f 961 963 957
f 959 963 964
f 959 963 964
f 964 963 961
f 964 963 961
f 964 965 959
f 964 965 959
f 966 965 964
f 966 965 964
f 967 962 879
f 967 962 879
f 961 962 967
f 961 962 967
f 879 968 967
f 879 968 967
f 880 968 879
f 880 968 879
f 967 969 961
f 961 969 964
f 967 969 961
f 961 969 964
f 964 969 970
f 970 969 967
f 964 969 970
f 970 969 967
f 964 971 966
f 970 971 964
f 964 971 966
f 970 971 964
f 971 972 966
f 971 972 966
f 973 972 971
f 973 972 971
f 970 974 971
f 967 974 970
f 970 974 971
f 967 974 970
f 973 971 975
f 973 971 975
f 975 971 974
f 975 971 974
f 975 976 973
f 975 976 973
f 977 976 975
f 977 976 975
f 880 870 978
f 880 870 978
f 880 978 979
f 880 978 979
f 980 880 979
f 980 880 979
f 981 982 967
f 981 982 967
f 983 967 982
f 983 967 982
f 981 880 980
f 981 880 980
f 968 880 981
f 968 880 981
f 968 981 967
f 968 981 967
f 967 983 984
f 967 983 984
f 984 983 985
f 984 983 985
f 983 986 985
f 983 986 985
f 983 987 986
f 983 987 986
f 983 988 987
f 983 988 987
f 989 987 988
f 989 987 988
f 990 987 989
f 990 987 989
f 989 991 990
f 989 991 990
f 987 990 992
f 987 990 992
f 992 986 987
f 992 986 987
f 985 986 992
f 985 986 992
f 992 993 985
f 992 993 985
f 985 993 994
f 985 993 994
f 994 995 985
f 994 995 985
f 985 995 984
f 985 995 984
f 996 995 994
f 996 995 994
f 984 995 996
f 984 995 996
f 994 997 996
f 994 997 996
f 996 997 977
f 996 997 977
f 967 984 974
f 967 984 974
f 974 984 996
f 974 984 996
f 977 998 996
f 977 998 996
f 996 998 974
f 996 998 974
f 975 998 977
f 975 998 977
f 974 998 975
f 974 998 975
f 999 1000 1001
f 999 1000 1001
f 1002 1003 1004
f 1002 1003 1004
f 1004 1005 1002
f 1004 1005 1002
f 1006 1007 1008
f 1006 1007 1008
f 1009 1010 1011
f 1009 1010 1011
f 1012 1011 1010
f 1012 1011 1010
f 1009 1013 1014
f 1009 1013 1014
f 1014 1015 1009
f 1010 1009 1015
f 1014 1015 1009
f 1010 1009 1015
f 1013 671 1014
f 1013 671 1014
f 1015 1014 671
f 1015 1014 671
f 1013 638 671
f 1013 638 671
f 1013 625 638
f 1013 625 638
f 671 674 1015
f 671 674 1015
f 1015 1016 1010
f 1015 1016 1010
f 1016 1015 674
f 1016 1015 674
f 1017 1010 1016
f 1017 1010 1016
f 1010 1017 1012
f 1010 1017 1012
f 1012 1017 1018
f 1012 1017 1018
f 1018 1019 1012
f 1018 1019 1012
f 1020 1019 1018
f 1020 1019 1018
f 1019 1020 1021
f 1019 1020 1021
f 1018 1022 1020
f 1018 1022 1020
f 1023 1018 1017
f 1022 1018 1023
f 1023 1018 1017
f 1022 1018 1023
f 1016 1024 1017
f 1016 1024 1017
f 1017 1024 1023
f 1017 1024 1023
f 1024 1016 1025
f 1024 1016 1025
f 674 1025 1016
f 674 1025 1016
f 1025 1026 1024
f 1025 1026 1024
f 1027 1023 1024
f 1027 1023 1024
f 1024 1026 1027
f 1024 1026 1027
f 1023 1028 1022
f 1023 1028 1022
f 1028 1023 1027
f 1028 1023 1027
f 1029 1022 1028
f 1029 1022 1028
f 1022 1029 1030
f 1022 1029 1030
f 1030 1020 1022
f 1030 1020 1022
f 1020 1030 1031
f 1020 1030 1031
f 1031 1021 1020
f 1031 1021 1020
f 1021 1031 1032
f 1021 1031 1032
f 1032 1033 1021
f 1032 1033 1021
f 1033 1032 1034
f 1033 1032 1034
f 1034 1035 1033
f 1034 1035 1033
f 1035 1034 1036
f 1035 1034 1036
f 1036 1037 1035
f 1036 1037 1035
f 1038 1035 1037
f 1038 1035 1037
f 1037 1036 1039
f 1037 1036 1039
f 1037 614 1038
f 1037 614 1038
f 1039 1040 1037
f 1039 1040 1037
f 614 1037 1040
f 614 1037 1040
f 1040 1039 1041
f 1040 1039 1041
f 1038 614 615
f 1038 614 615
f 1041 1042 1040
f 1041 1042 1040
f 1042 1041 1043
f 1042 1041 1043
f 611 1040 1042
f 611 1040 1042
f 1040 611 614
f 1040 611 614
f 1043 1044 1042
f 1043 1044 1042
f 1044 1043 1045
f 1044 1043 1045
f 607 1042 1044
f 607 1042 1044
f 1042 607 611
f 1042 607 611
f 1045 1046 1044
f 1045 1046 1044
f 1046 1045 1047
f 1046 1045 1047
f 602 1044 1046
f 602 1044 1046
f 1044 602 607
f 1044 602 607
f 1047 1048 1046
f 1047 1048 1046
f 1048 1047 1049
f 1048 1047 1049
f 599 1046 1048
f 599 1046 1048
f 1046 599 602
f 1046 599 602
f 1049 1050 1048
f 1049 1050 1048
f 1050 1049 1051
f 1050 1049 1051
f 594 1048 1050
f 594 1048 1050
f 1048 594 599
f 1048 594 599
f 1051 1052 1050
f 1051 1052 1050
f 1052 1051 1053
f 1052 1051 1053
f 593 1050 1052
f 593 1050 1052
f 1050 593 594
f 1050 593 594
f 1053 1054 1052
f 1053 1054 1052
f 1054 1053 1055
f 1054 1053 1055
f 590 1052 1054
f 590 1052 1054
f 1052 590 593
f 1052 590 593
f 1055 1056 1054
f 1055 1056 1054
f 1056 1055 1057
f 1056 1055 1057
f 57 1054 1056
f 57 1054 1056
f 1054 57 590
f 1054 57 590
f 1057 1058 1056
f 1057 1058 1056
f 1058 1057 1059
f 1058 1057 1059
f 50 1056 1058
f 50 1056 1058
f 1056 50 57
f 1056 50 57
f 1059 1060 1058
f 1059 1060 1058
f 1060 1059 1061
f 1060 1059 1061
f 45 1058 1060
f 45 1058 1060
f 1058 45 50
f 1058 45 50
f 1061 1062 1060
f 1061 1062 1060
f 1062 1061 1063
f 1062 1061 1063
f 42 1060 1062
f 42 1060 1062
f 1060 42 45
f 1060 42 45
f 1063 1064 1062
f 1063 1064 1062
f 1064 1063 1065
f 1064 1063 1065
f 38 1062 1064
f 38 1062 1064
f 1062 38 42
f 1062 38 42
f 1065 1066 1064
f 1065 1066 1064
f 1066 1065 1067
f 1066 1065 1067
f 33 1064 1066
f 33 1064 1066
f 1064 33 38
f 1064 33 38
f 1067 1068 1066
f 1067 1068 1066
f 1068 1067 1069
f 1068 1067 1069
f 30 1066 1068
f 30 1066 1068
f 1066 30 33
f 1066 30 33
f 1069 1070 1068
f 1069 1070 1068
f 1070 1069 1071
f 1070 1069 1071
f 25 1068 1070
f 25 1068 1070
f 1068 25 30
f 1068 25 30
f 1071 1072 1070
f 1071 1072 1070
f 1072 1071 1073
f 1072 1071 1073
f 24 1070 1072
f 24 1070 1072
f 1070 24 25
f 1070 24 25
f 1073 1074 1072
f 1073 1074 1072
f 1074 1073 1075
f 1074 1073 1075
f 21 1072 1074
f 21 1072 1074
f 1072 21 24
f 1072 21 24
f 1075 1076 1074
f 1075 1076 1074
f 1076 1075 1077
f 1076 1075 1077
f 17 1074 1076
f 17 1074 1076
f 1074 17 21
f 1074 17 21
f 1077 1078 1076
f 1077 1078 1076
f 1078 1077 1079
f 1078 1077 1079
f 10 1076 1078
f 10 1076 1078
f 1076 10 17
f 1076 10 17
f 1079 1080 1078
f 1079 1080 1078
f 1080 1079 1081
f 1080 1079 1081
f 9 1078 1080
f 9 1078 1080
f 1078 9 10
f 1078 9 10
f 1081 1082 1080
f 1081 1082 1080
f 1082 1081 1083
f 1082 1081 1083
f 1084 1080 1082
f 1084 1080 1082
f 1080 1084 9
f 1080 1084 9
f 1083 1085 1082
f 1083 1085 1082
f 1085 1083 1086
f 1085 1083 1086
f 1087 1082 1085
f 1087 1082 1085
f 1082 1087 1084
f 1082 1087 1084
f 1086 1088 1085
f 1086 1088 1085
f 1088 1086 1089
f 1088 1086 1089
f 1090 1085 1088
f 1090 1085 1088
f 1085 1090 1087
f 1085 1090 1087
f 1089 1091 1088
f 1089 1091 1088
f 1091 1089 1092
f 1091 1089 1092
f 1093 1088 1091
f 1093 1088 1091
f 1088 1093 1090
f 1088 1093 1090
f 1092 1094 1091
f 1092 1094 1091
f 1094 1092 1095
f 1094 1092 1095
f 1096 1091 1094
f 1096 1091 1094
f 1091 1096 1093
f 1091 1096 1093
f 1095 1097 1094
f 1095 1097 1094
f 1097 1095 1098
f 1097 1095 1098
f 1099 1094 1097
f 1099 1094 1097
f 1094 1099 1096
f 1094 1099 1096
f 1098 1100 1097
f 1098 1100 1097
f 1100 1098 1101
f 1100 1098 1101
f 1099 1097 1100
f 1099 1097 1100
f 1101 1102 1100
f 1101 1102 1100
f 1102 1101 1103
f 1102 1101 1103
f 1099 1100 1102
f 1099 1100 1102
f 1103 1104 1102
f 1103 1104 1102
f 1104 1103 1105
f 1104 1103 1105
f 1106 1102 1104
f 1106 1102 1104
f 1102 1106 1099
f 1102 1106 1099
f 1105 1107 1104
f 1105 1107 1104
f 1107 1105 1108
f 1107 1105 1108
f 1109 1104 1107
f 1109 1104 1107
f 1104 1109 1106
f 1104 1109 1106
f 1108 1110 1107
f 1108 1110 1107
f 1110 1108 1111
f 1110 1108 1111
f 1112 1107 1110
f 1112 1107 1110
f 1107 1112 1109
f 1107 1112 1109
f 1111 1113 1110
f 1111 1113 1110
f 1113 1111 1114
f 1113 1111 1114
f 1115 1110 1113
f 1115 1110 1113
f 1110 1115 1112
f 1110 1115 1112
f 1114 1028 1113
f 1114 1028 1113
f 1028 1114 1029
f 1028 1114 1029
f 1027 1113 1028
f 1027 1113 1028
f 1113 1027 1115
f 1113 1027 1115
f 1115 1027 1026
f 1115 1027 1026
f 1026 1116 1115
f 1112 1115 1116
f 1026 1116 1115
f 1112 1115 1116
f 1117 1116 1026
f 1117 1116 1026
f 1026 1025 1117
f 1026 1025 1117
f 1116 1118 1112
f 1116 1118 1112
f 1109 1112 1118
f 1109 1112 1118
f 1116 1117 1119
f 1116 1117 1119
f 1119 1118 1116
f 1119 1118 1116
f 672 1117 1025
f 672 1117 1025
f 1025 674 672
f 1025 674 672
f 669 1119 1117
f 669 1119 1117
f 1117 672 669
f 1117 672 669
f 1118 1120 1109
f 1118 1120 1109
f 1106 1109 1120
f 1106 1109 1120
f 1118 1119 1121
f 1118 1119 1121
f 1121 1120 1118
f 1121 1120 1118
f 1119 669 667
f 667 1121 1119
f 1119 669 667
f 667 1121 1119
f 1121 667 666
f 1121 667 666
f 666 1122 1121
f 1120 1121 1122
f 666 1122 1121
f 1120 1121 1122
f 1120 1123 1106
f 1120 1123 1106
f 1122 1123 1120
f 1122 1123 1120
f 1106 1123 1124
f 1106 1123 1124
f 1124 1099 1106
f 1124 1099 1106
f 1123 1122 1125
f 1125 1124 1123
f 1123 1122 1125
f 1125 1124 1123
f 1122 666 665
f 665 1125 1122
f 1122 666 665
f 665 1125 1122
f 1099 1124 1126
f 1099 1124 1126
f 1127 1126 1124
f 1127 1126 1124
f 1124 1125 1127
f 1124 1125 1127
f 1099 1126 1128
f 1099 1126 1128
f 1096 1099 1128
f 1096 1099 1128
f 664 1127 1125
f 664 1127 1125
f 1125 665 664
f 1125 665 664
f 1126 1127 1129
f 1129 1128 1126
f 1126 1127 1129
f 1129 1128 1126
f 1127 664 663
f 663 1129 1127
f 1127 664 663
f 663 1129 1127
f 1128 1130 1096
f 1128 1130 1096
f 1093 1096 1130
f 1093 1096 1130
f 1131 1130 1128
f 1131 1130 1128
f 1128 1129 1131
f 1128 1129 1131
f 1130 1132 1093
f 1130 1132 1093
f 1090 1093 1132
f 1090 1093 1132
f 1130 1131 1133
f 1130 1131 1133
f 1133 1132 1130
f 1133 1132 1130
f 661 1131 1129
f 661 1131 1129
f 1129 663 661
f 1129 663 661
f 659 1133 1131
f 659 1133 1131
f 1131 661 659
f 1131 661 659
f 1132 1134 1090
f 1132 1134 1090
f 1087 1090 1134
f 1087 1090 1134
f 1132 1133 1
f 1132 1133 1
f 1 1134 1132
f 1 1134 1132
f 1133 659 2
f 2 1 1133
f 1133 659 2
f 2 1 1133
f 1134 1135 1087
f 1134 1135 1087
f 1084 1087 1135
f 1084 1087 1135
f 6 1135 1134
f 6 1135 1134
f 1134 1 6
f 1134 1 6
f 1135 7 1084
f 1135 7 1084
f 9 1084 7
f 9 1084 7
f 1135 6 5
f 1135 6 5
f 5 7 1135
f 5 7 1135
f 3 6 1
f 3 6 1
f 1 2 3
f 1136 1137 1138
f 1136 1137 1138
f 1138 1139 1136
f 1138 1139 1136
f 1138 1137 1140
f 1138 1137 1140
f 1141 1139 1138
f 1141 1139 1138
f 1140 1142 1138
f 1140 1142 1138
f 1138 1142 1143
f 1138 1142 1143
f 1143 1144 1138
f 1143 1144 1138
f 1138 1144 1145
f 1138 1144 1145
f 1146 1147 1148
f 1148 1147 1138
f 1146 1147 1148
f 1148 1147 1138
f 1145 1149 1138
f 1145 1149 1138
f 1138 1149 1150
f 1138 1149 1150
f 1151 1138 1150
f 1151 1138 1150
f 1150 1152 1151
f 1150 1152 1151
f 1138 1151 1153
f 1138 1153 1148
f 1138 1151 1153
f 1138 1153 1148
f 1152 1154 1151
f 1152 1154 1151
f 1148 1155 1146
f 1148 1155 1146
f 1146 1155 1156
f 1146 1155 1156
f 1157 1158 1159
f 1157 1158 1159
f 1157 1159 1160
f 1157 1159 1160
f 1156 1157 870
f 1156 1157 870
f 870 1157 1160
f 870 1157 1160
f 870 1160 978
f 870 1160 978
f 1146 1156 1161
f 1146 1156 1161
f 1161 1156 870
f 1161 1156 870
f 1146 1161 1162
f 1162 1161 870
f 1146 1161 1162
f 1162 1161 870
f 1163 1147 1146
f 1163 1147 1146
f 1138 1147 1163
f 1138 1147 1163
f 1146 1164 1163
f 1162 1164 1146
f 1146 1164 1163
f 1162 1164 1146
f 1163 1165 1138
f 1163 1165 1138
f 1138 1165 1141
f 1138 1165 1141
f 1141 1165 1166
f 1141 1165 1166
f 1166 1165 1163
f 1166 1165 1163
f 1166 1167 1141
f 1166 1167 1141
f 1168 1167 1166
f 1168 1167 1166
f 1169 1164 1162
f 1169 1164 1162
f 1163 1164 1169
f 1163 1164 1169
f 1163 1170 1166
f 1163 1170 1166
f 1169 1170 1163
f 1169 1170 1163
f 1166 1170 1171
f 1171 1170 1169
f 1166 1170 1171
f 1171 1170 1169
f 1166 1172 1168
f 1171 1172 1166
f 1166 1172 1168
f 1171 1172 1166
f 1168 1172 1173
f 1168 1172 1173
f 1173 1172 1171
f 1173 1172 1171
f 1173 1174 1168
f 1173 1174 1168
f 1175 1174 1173
f 1175 1174 1173
f 1169 1176 1171
f 1169 1176 1171
f 1171 1176 1173
f 1171 1176 1173
f 1177 1176 1169
f 1177 1176 1169
f 1173 1176 1177
f 1173 1176 1177
f 1169 1178 1177
f 1169 1178 1177
f 1162 1178 1169
f 1162 1178 1169
f 1177 1179 1173
f 1173 1179 1175
f 1173 1179 1175
f 1177 1179 1173
f 1175 1179 852
f 1175 1179 852
f 852 1179 1177
f 852 1179 1177
f 852 1180 1175
f 852 1180 1175
f 853 1180 852
f 853 1180 852
f 858 1178 1162
f 858 1178 1162
f 1177 1178 858
f 1177 1178 858
f 1162 864 858
f 1162 864 858
f 870 864 1162
f 870 864 1162
f 858 1181 1177
f 858 1181 1177
f 1177 1181 852
f 1177 1181 852
f 850 1181 858
f 850 1181 858
f 852 1181 850
f 852 1181 850
f 1182 1183 1184
f 1182 1183 1184
f 1184 1185 1182
f 1184 1185 1182
f 1186 1184 1183
f 1186 1184 1183
f 1183 1187 1186
f 1183 1187 1186
f 1188 1186 1187
f 1188 1186 1187
f 1187 1189 1188
f 1187 1189 1188
f 1190 1191 1192
f 1190 1191 1192
f 1192 1193 1190
f 1192 1193 1190
f 375 1194 1195
f 375 1194 1195
f 1195 1194 1196
f 1195 1194 1196
f 375 1195 376
f 375 1195 376
f 1196 1197 1195
f 1196 1197 1195
f 1197 1196 1198
f 1197 1196 1198
f 1198 1199 1197
f 1198 1199 1197
f 1199 1198 1200
f 1199 1198 1200
f 1200 1201 1199
f 1200 1201 1199
f 1201 1200 1202
f 1201 1200 1202
f 1202 1203 1201
f 1202 1203 1201
f 1203 1202 1204
f 1203 1202 1204
f 1204 1205 1203
f 1204 1205 1203
f 1205 1204 1206
f 1205 1204 1206
f 1206 1207 1205
f 1206 1207 1205
f 1208 1207 1206
f 1208 1207 1206
f 1208 1209 1207
f 1208 1209 1207
f 1208 1210 1209
f 1208 1210 1209
f 1208 1211 1210
f 1208 1211 1210
f 1211 1212 1210
f 1211 1212 1210
f 1211 1213 1212
f 1211 1213 1212
f 1212 1214 1210
f 1212 1214 1210
f 1215 1216 1214
f 1215 1216 1214
f 1217 1215 1214
f 1217 1215 1214
f 1218 1217 1214
f 1218 1217 1214
f 1212 1218 1214
f 1212 1218 1214
f 1212 1219 1218
f 1212 1219 1218
f 1212 1220 1219
f 1212 1220 1219
f 1212 1221 1220
f 1212 1221 1220
f 1212 1222 1221
f 1212 1222 1221
f 1212 1223 1222
f 1212 1223 1222
f 1212 1224 1223
f 1212 1224 1223
f 1212 1225 1224
f 1212 1225 1224
f 1212 1226 1225
f 1212 1226 1225
f 1227 1228 1229
f 1227 1228 1229
f 1229 1230 1227
f 1229 1230 1227
f 1231 1232 1233
f 1231 1232 1233
f 1233 1234 1231
f 1233 1234 1231
f 1235 1236 1237
f 1235 1236 1237
f 1237 1238 1235
f 1237 1238 1235
f 1239 1240 1241
f 1239 1240 1241
f 1241 1242 1239
f 1241 1242 1239
f 1243 1244 1245
f 1243 1244 1245
f 1245 1246 1243
f 1245 1246 1243
f 1247 1248 1249
f 1247 1248 1249
f 1249 1250 1247
f 1249 1250 1247
f 1251 1252 1253
f 1251 1252 1253
f 1253 1254 1251
f 1253 1254 1251
f 1012 1019 1255
f 1012 1019 1255
f 1033 1255 1019
f 1033 1255 1019
f 1255 1256 1012
f 1255 1256 1012
f 1019 1021 1033
f 1019 1021 1033
f 1256 1255 1038
f 1256 1255 1038
f 1035 1038 1255
f 1255 1033 1035
f 1035 1038 1255
f 1255 1033 1035
f 1038 1257 1256
f 1038 1257 1256
f 1258 1012 1256
f 1258 1012 1256
f 1012 1258 1011
f 1012 1258 1011
f 1259 1256 1257
f 1259 1256 1257
f 1256 1259 1258
f 1256 1259 1258
f 1257 619 1259
f 1257 619 1259
f 619 1257 615
f 619 1257 615
f 615 1257 1038
f 615 1257 1038
f 623 1259 619
f 623 1259 619
f 1260 1258 1259
f 1259 623 1260
f 1260 1258 1259
f 1259 623 1260
f 1258 1260 1261
f 1258 1260 1261
f 1261 1011 1258
f 1261 1011 1258
f 1262 1261 1260
f 1262 1261 1260
f 625 1260 623
f 1260 625 1262
f 625 1260 623
f 1260 625 1262
f 1261 1262 1013
f 1013 1262 625
f 1261 1262 1013
f 1013 1262 625
f 1011 1261 1009
f 1013 1009 1261
f 1011 1261 1009
f 1013 1009 1261
f 1263 1264 1265
f 1263 1264 1265
f 1265 1266 1263
f 1265 1266 1263
f 1267 1268 1269
f 1267 1268 1269
f 1269 1270 1267
f 1269 1270 1267
f 1271 1272 1273
f 1271 1272 1273
f 1273 1274 1271
f 1273 1274 1271
f 1275 1276 1277
f 1275 1276 1277
f 1277 1278 1275
f 1277 1278 1275
f 1279 1280 1281
f 1279 1280 1281
f 1282 1281 1280
f 1282 1281 1280
f 1281 1283 1279
f 1281 1283 1279
f 1280 1284 1282
f 1280 1284 1282
f 1285 1282 1284
f 1285 1282 1284
f 1286 1279 1283
f 1286 1279 1283
f 1283 1285 1286
f 1283 1285 1286
f 1284 1286 1285
f 1284 1286 1285
f 1287 1288 1289
f 1287 1288 1289
f 1289 1290 1287
f 1289 1290 1287
f 1291 1292 1293
f 1291 1292 1293
f 1293 1294 1291
f 1293 1294 1291
f 1295 1296 1297
f 1295 1296 1297
f 1295 1297 1298
f 1295 1297 1298
f 1297 1299 1298
f 1297 1299 1298
f 1297 1300 1299
f 1297 1300 1299
f 1299 1301 1298
f 1299 1301 1298
f 1301 1302 1298
f 1301 1302 1298
f 1299 1303 1301
f 1299 1303 1301
f 1303 1304 1301
f 1303 1304 1301
f 1304 1305 1301
f 1304 1305 1301
f 1305 1306 1301
f 1305 1306 1301
f 1306 1307 1301
f 1306 1307 1301
f 1307 1308 1301
f 1307 1308 1301
f 1308 1309 1301
f 1308 1309 1301
f 1310 1311 1312
f 1310 1311 1312
f 1312 1313 1310
f 1312 1313 1310
f 1314 1315 1316
f 1314 1315 1316
f 1316 1317 1314
f 1316 1317 1314
f 1318 1319 1320
f 1318 1319 1320
f 1320 1321 1318
f 1320 1321 1318
f 1322 1323 1324
f 1322 1323 1324
f 1324 1325 1322
f 1324 1325 1322
f 1326 1327 1298
f 1326 1327 1298
f 1328 1298 1327
f 1328 1298 1327
f 1328 1295 1298
f 1328 1295 1298
f 1326 1298 1329
f 1326 1298 1329
f 1326 1329 1330
f 1326 1329 1330
f 1326 1330 1331
f 1326 1330 1331
f 1331 1330 1332
f 1331 1330 1332
f 1332 1333 1331
f 1332 1333 1331
f 1333 1332 1334
f 1333 1332 1334
f 1334 1335 1333
f 1334 1335 1333
f 1336 1335 1334
f 1336 1335 1334
f 1336 1337 1335
f 1336 1337 1335
f 1336 1338 1337
f 1336 1338 1337
f 1338 1339 1337
f 1338 1339 1337
f 1339 1338 1340
f 1339 1338 1340
f 1340 1341 1339
f 1340 1341 1339
f 1341 1340 1342
f 1341 1340 1342
f 1342 1343 1341
f 1342 1343 1341
f 1343 1342 1344
f 1343 1342 1344
f 1345 1343 1344
f 1345 1343 1344
f 1346 1347 1348
f 1346 1347 1348
f 1348 1349 1346
f 1348 1349 1346
f 1350 1351 1352
f 1350 1351 1352
f 1352 1353 1350
f 1352 1353 1350
f 1354 1355 1356
f 1354 1355 1356
f 1356 1357 1354
f 1356 1357 1354
f 1358 1359 1360
f 1358 1359 1360
f 1360 1361 1358
f 1360 1361 1358
f 1362 1359 1363
f 1362 1359 1363
f 1363 1364 1362
f 1363 1364 1362
f 1361 1360 1365
f 1361 1360 1365
f 1365 1366 1361
f 1365 1366 1361
f 1367 1365 1360
f 1367 1365 1360
f 1360 1359 1367
f 1360 1359 1367
f 1368 1367 1359
f 1368 1367 1359
f 1359 1369 1368
f 1359 1369 1368
f 1369 1359 1362
f 1369 1359 1362
f 1362 1370 1369
f 1362 1370 1369
f 1370 1362 1364
f 1370 1362 1364
f 1364 1371 1370
f 1364 1371 1370
f 1372 1373 1374
f 1372 1373 1374
f 1374 1375 1372
f 1374 1375 1372
f 1376 1377 1378
f 1376 1377 1378
f 1378 1379 1376
f 1378 1379 1376
f 1380 1345 1344
f 1380 1345 1344
f 1381 1380 1344
f 1381 1380 1344
f 1382 1381 1344
f 1382 1381 1344
f 1382 1383 1381
f 1382 1383 1381
f 1382 1384 1383
f 1382 1384 1383
f 1382 1344 1385
f 1382 1344 1385
f 1344 1386 1385
f 1344 1386 1385
f 1382 1385 1387
f 1382 1385 1387
f 1382 1388 1384
f 1382 1388 1384
f 1388 1389 1384
f 1388 1389 1384
f 1382 1390 1388
f 1382 1390 1388
f 1389 1391 1384
f 1389 1391 1384
f 1382 1392 1390
f 1382 1392 1390
f 1389 1393 1391
f 1389 1393 1391
f 1393 1394 1391
f 1393 1394 1391
f 1393 1395 1394
f 1393 1395 1394
f 1395 1396 1394
f 1395 1396 1394
f 1396 1397 1394
f 1396 1397 1394
f 1392 1398 1390
f 1392 1398 1390
f 1398 1399 1390
f 1398 1399 1390
f 1399 1400 1390
f 1399 1400 1390
f 1401 1402 1403
f 1401 1402 1403
f 1401 1404 1402
f 1401 1404 1402
f 1405 1401 1403
f 1405 1401 1403
f 1404 1406 1402
f 1404 1406 1402
f 1405 1403 1407
f 1405 1403 1407
f 1404 1408 1406
f 1404 1408 1406
f 1409 1405 1407
f 1409 1405 1407
f 1408 1410 1406
f 1408 1410 1406
f 1409 1407 1411
f 1409 1407 1411
f 1408 1412 1410
f 1408 1412 1410
f 1413 1409 1411
f 1413 1409 1411
f 1412 1414 1410
f 1412 1414 1410
f 1413 1411 1415
f 1413 1411 1415
f 1412 1416 1414
f 1412 1416 1414
f 1417 1413 1415
f 1417 1413 1415
f 1416 1418 1414
f 1416 1418 1414
f 1417 1415 1419
f 1417 1415 1419
f 1416 1420 1418
f 1416 1420 1418
f 1421 1417 1419
f 1421 1417 1419
f 1420 1422 1418
f 1420 1422 1418
f 1421 1419 1423
f 1421 1419 1423
f 1420 1424 1422
f 1420 1424 1422
f 1425 1421 1423
f 1425 1421 1423
f 1424 1426 1422
f 1424 1426 1422
f 1425 1423 1427
f 1425 1423 1427
f 1424 1428 1426
f 1424 1428 1426
f 1429 1425 1427
f 1429 1425 1427
f 1428 1430 1426
f 1428 1430 1426
f 1429 1427 1431
f 1429 1427 1431
f 1428 1432 1430
f 1428 1432 1430
f 1433 1429 1431
f 1433 1429 1431
f 1432 1434 1430
f 1432 1434 1430
f 1433 1431 1435
f 1433 1431 1435
f 1432 1436 1434
f 1432 1436 1434
f 1436 1433 1435
f 1436 1433 1435
f 1436 1435 1434
f 1436 1435 1434
f 1437 1438 1439
f 1437 1438 1439
f 1439 1440 1437
f 1439 1440 1437
f 1441 1442 1443
f 1441 1442 1443
f 1443 1444 1441
f 1443 1444 1441
f 1445 1446 1447
f 1445 1446 1447
f 1447 1448 1445
f 1447 1448 1445
f 1449 1450 1451
f 1449 1450 1451
f 1452 1449 1451
f 1452 1449 1451
f 1452 1451 1453
f 1452 1451 1453
f 1452 1453 1454
f 1452 1453 1454
f 1452 1454 1455
f 1452 1454 1455
f 1452 1455 1456
f 1452 1455 1456
f 1452 1456 1457
f 1452 1456 1457
f 1452 1457 1458
f 1452 1457 1458
f 1452 1458 1459
f 1452 1458 1459
f 1452 1459 1460
f 1452 1459 1460
f 1452 1460 1461
f 1452 1460 1461
f 1452 1461 1462
f 1452 1461 1462
f 1452 1462 1463
f 1452 1462 1463
f 1452 1463 1464
f 1452 1463 1464
f 1465 1452 1464
f 1465 1452 1464
f 1465 1464 1466
f 1465 1464 1466
f 1465 1466 1467
f 1465 1466 1467
f 1465 1467 1468
f 1465 1467 1468
f 1469 1470 1471
f 1469 1470 1471
f 1471 1472 1469
f 1471 1472 1469
f 1473 1474 1475
f 1473 1474 1475
f 1473 1476 1474
f 1473 1476 1474
f 1473 1477 1476
f 1473 1477 1476
f 1473 1478 1477
f 1473 1478 1477
f 1473 1479 1480
f 1473 1479 1480
f 1473 1481 1478
f 1473 1481 1478
f 1473 1480 1482
f 1473 1480 1482
f 1473 1483 1481
f 1473 1483 1481
f 1473 1482 1484
f 1473 1482 1484
f 1473 1485 1483
f 1473 1485 1483
f 1473 1484 1486
f 1473 1484 1486
f 1473 1487 1485
f 1473 1487 1485
f 1473 1486 1488
f 1473 1486 1488
f 1473 1489 1487
f 1473 1489 1487
f 1473 1488 1490
f 1473 1488 1490
f 1473 1490 1489
f 1473 1490 1489
f 1491 1492 1493
f 1491 1492 1493
f 1491 1494 1492
f 1491 1494 1492
f 1495 1491 1493
f 1495 1491 1493
f 1494 1496 1492
f 1494 1496 1492
f 1495 1493 1497
f 1495 1493 1497
f 1494 1498 1496
f 1494 1498 1496
f 1499 1495 1497
f 1499 1495 1497
f 1498 1500 1496
f 1498 1500 1496
f 1499 1497 1501
f 1499 1497 1501
f 1498 1502 1500
f 1498 1502 1500
f 1503 1499 1501
f 1503 1499 1501
f 1502 1504 1500
f 1502 1504 1500
f 1503 1501 1505
f 1503 1501 1505
f 1502 1506 1504
f 1502 1506 1504
f 1507 1503 1505
f 1507 1503 1505
f 1506 1508 1504
f 1506 1508 1504
f 1507 1505 1509
f 1507 1505 1509
f 1506 1510 1508
f 1506 1510 1508
f 1511 1507 1509
f 1511 1507 1509
f 1510 1512 1508
f 1510 1512 1508
f 1511 1509 1513
f 1511 1509 1513
f 1510 1514 1512
f 1510 1514 1512
f 1515 1511 1513
f 1515 1511 1513
f 1514 1516 1512
f 1514 1516 1512
f 1515 1513 1517
f 1515 1513 1517
f 1514 1518 1516
f 1514 1518 1516
f 1519 1515 1517
f 1519 1515 1517
f 1518 1520 1516
f 1518 1520 1516
f 1519 1517 1521
f 1519 1517 1521
f 1518 1522 1520
f 1518 1522 1520
f 1523 1519 1521
f 1523 1519 1521
f 1522 1524 1520
f 1522 1524 1520
f 1523 1521 1525
f 1523 1521 1525
f 1522 1526 1524
f 1522 1526 1524
f 1526 1523 1525
f 1526 1523 1525
f 1526 1525 1524
f 1526 1525 1524
f 1527 1528 1529
f 1527 1528 1529
f 1529 1530 1527
f 1529 1530 1527
f 1531 1527 1530
f 1531 1527 1530
f 1530 1532 1531
f 1530 1532 1531
f 1533 1531 1532
f 1533 1531 1532
f 1532 1534 1533
f 1532 1534 1533
f 1535 1536 1537
f 1535 1536 1537
f 1537 1538 1535
f 1537 1538 1535
f 1539 1540 1541
f 1539 1540 1541
f 1539 1542 1540
f 1539 1542 1540
f 1539 1541 1543
f 1539 1541 1543
f 1539 1544 1542
f 1539 1544 1542
f 1539 1543 1545
f 1539 1543 1545
f 1539 1546 1544
f 1539 1546 1544
f 1539 1545 1547
f 1539 1545 1547
f 1539 1548 1546
f 1539 1548 1546
f 1539 1547 1549
f 1539 1547 1549
f 1539 1550 1548
f 1539 1550 1548
f 1539 1549 1551
f 1539 1549 1551
f 1539 1552 1550
f 1539 1552 1550
f 1539 1551 1553
f 1539 1551 1553
f 1539 1554 1552
f 1539 1554 1552
f 1539 1553 1555
f 1539 1553 1555
f 1539 1556 1554
f 1539 1556 1554
f 1539 1555 1557
f 1539 1555 1557
f 1539 1557 1556
f 1539 1557 1556
f 1558 1559 1560
f 1558 1559 1560
f 1560 1561 1558
f 1560 1561 1558
f 1562 1558 1561
f 1562 1558 1561
f 1561 1563 1562
f 1561 1563 1562
f 1564 1562 1563
f 1564 1562 1563
f 1563 1565 1564
f 1563 1565 1564
f 1566 1567 1568
f 1566 1567 1568
f 1568 1569 1566
f 1568 1569 1566
f 1570 1566 1569
f 1570 1566 1569
f 1569 1571 1570
f 1569 1571 1570
f 1572 1570 1571
f 1572 1570 1571
f 1571 1573 1572
f 1571 1573 1572
