v -0.206343725 0.278550863 1.12445688
v -0.205935419 0.274167746 1.12555861
v -0.20326753 0.275226086 1.12686408
v -0.204901844 0.272205621 1.12561929
v -0.205184147 0.281351507 1.12404752
v -0.208703667 0.27920413 1.1211946
v -0.197429612 0.274936199 1.12752891
v -0.203506231 0.271077901 1.12431443
v -0.201778442 0.280405015 1.12662065
v -0.206279829 0.281806231 1.12100482
v -0.197936147 0.276729882 1.1278702
v -0.200234637 0.283538401 1.12583649
v -0.199756846 0.285306156 1.12355316
v -0.199217871 0.28126055 1.12711918
v -0.194699541 0.285546899 1.12614167
v -0.191638008 0.283954978 1.1271807
v -0.198176607 0.287877828 1.11692011
v -0.197156012 0.289389431 1.11129367
v -0.190519482 0.292413801 1.11331832
v -0.193643972 0.288743198 1.12110531
v -0.186343148 0.292499632 1.11736155
v -0.192566305 0.287677079 1.12433958
v -0.170357049 0.291515142 1.12642527
v -0.170700505 0.293034971 1.12452495
v -0.172168553 0.295111209 1.11939609
v -0.179964915 0.296462357 1.11038101
v -0.150780961 0.302452356 1.11317742
v -0.150193587 0.300207227 1.11916208
v -0.148738757 0.297946423 1.12464583
v -0.126391023 0.300869107 1.12661648
v -0.128616065 0.304637909 1.11903656
v -0.129156947 0.306870431 1.11304164
v 0.218258783 0.313999355 0.030795699
v 0.219598472 0.312497318 0.0308050066
v 0.219633639 0.311804354 0.0246586744
v 0.220312133 0.310615361 0.030810073
v 0.218206674 0.313269973 0.037273176
v 0.21954903 0.311805248 0.0369513668
v 0.218142182 0.311117589 0.0434258878
v 0.220209032 0.308066487 0.0419812761
v 0.220362812 0.308064908 0.019638868
v 0.216434315 0.314553589 0.0354786217
v 0.218295857 0.313269079 0.0243181903
v 0.216391459 0.313454449 0.0400583036
v 0.213060796 0.315445036 0.0307598095
v 0.212980568 0.313952893 0.0401853472
v 0.213024095 0.315069854 0.0355313234
v 0.21293129 0.31212163 0.0446072817
v 0.205697194 0.314027816 0.0401352048
v 0.205777436 0.315519989 0.030709669
v 0.205594093 0.309696108 0.0486381054
v 0.216498941 0.314552903 0.0260880273
v 0.213089779 0.315069169 0.0259882957
v 0.205826953 0.314026475 0.0212841332
v 0.212877467 0.309621185 0.0486882478
v 0.213110343 0.313951582 0.0213342719
v 0.216519147 0.313453138 0.0215083137
v 0.213121921 0.312119663 0.0169123374
v 0.205840901 0.309693575 0.0127812326
v 0.218316063 0.311115801 0.0181655101
v 0.21312429 0.309618622 0.0128313731
v 0.213117361 0.306510031 0.00919187721
v 0.205817923 0.302945346 0.0060332776
v 0.219652817 0.309761137 0.0188205391
v 0.218318358 0.307647467 0.012646162
v 0.216526076 0.306130469 0.00955985859
v 0.220364839 0.304997236 0.0147570632
v 0.218302652 0.303038001 0.00803687889
v 0.213101298 0.302870423 0.00608341768
v 0.218269765 0.297518581 0.00456886087
v 0.213076517 0.298789412 0.00358262425
v 0.205760241 0.294442385 0.00170084904
v 0.220350951 0.300920218 0.0106802499
v 0.219671577 0.303111851 0.0153141916
v 0.220278978 0.290596426 0.00570860039
v 0.21304363 0.294367462 0.00175098947
v 0.219618857 0.293392807 0.00844440982
v 0.219651476 0.308319539 0.0260163099
v 0.216453522 0.294181824 0.00223780586
v 0.219563574 0.307727665 0.037903212
v 0.218221262 0.291365892 0.00241593691
v 0.216413975 0.28960216 0.00113831833
v 0.213003427 0.289713502 0.000633649121
v 0.205673546 0.285017043 0.000207989753
v 0.21295692 0.284942091 0.000258130138
v 0.218159646 0.284888536 0.00168607815
v 0.212905243 0.280170739 0.000633648713
v 0.205566287 0.27559185 0.00170084822
v 0.216317356 0.280211866 0.00113831786
v 0.212849677 0.275516927 0.00175098865
v 0.212791577 0.271095246 0.00358262286
v 0.205448985 0.267089546 0.00603327574
v 0.216262668 0.275632352 0.00223780493
v 0.218087986 0.278411329 0.00241593621
v 0.212732375 0.267014593 0.00608341629
v 0.218009844 0.272258937 0.00456885947
v 0.216147229 0.267265797 0.00650104927
v 0.21267353 0.263375401 0.00919187535
v -0.208735153 0.292691946 0.000386395841
v -0.20149827 0.287845641 6.0986702e-05
v -0.20878166 0.287920564 1.08463255e-05
v -0.201411575 0.297270983 0.00155384606
v -0.208833337 0.283149242 0.000386395433
v -0.201605529 0.278420478 0.00155384513
v -0.214003518 0.287974298 0.00136704755
v -0.212136105 0.294634461 0.00122703309
v -0.208694965 0.297345936 0.00150370563
v -0.208662078 0.301767886 0.00333534041
v -0.213893414 0.300604314 0.00424983026
v -0.201353908 0.305773944 0.00588630466
v -0.208637297 0.305848897 0.00583616458
v -0.213860527 0.306123763 0.00771784782
v -0.208621249 0.309488535 0.00894459337
v -0.20133093 0.312522173 0.0126342298
v -0.21531029 0.294134587 0.00353843439
v -0.21598582 0.30454582 0.0107389353
v -0.216034725 0.296801865 0.00626801839
v -0.216114655 0.287995994 0.0047152834
v -0.212035999 0.311422139 0.0117752822
v -0.20861432 0.312597096 0.01258412
v -0.208616674 0.315098137 0.0166650824
v -0.201344877 0.316855103 0.0211371593
v -0.212038383 0.314998299 0.0174662303
v -0.215218157 0.309583783 0.0132456496
v -0.215220347 0.312874794 0.0184828322
v -0.208628267 0.316930056 0.0210870188
v -0.213867337 0.316354841 0.0239991602
v -0.208648801 0.318047673 0.0257410426
v -0.201394409 0.318348557 0.030562697
v -0.215817973 0.309454113 0.0180738047
v -0.216000214 0.313352615 0.0259913765
v -0.213904396 0.317085117 0.030476667
v -0.208677769 0.31842351 0.0305125564
v -0.2087145 0.318048328 0.0352840722
v -0.201474637 0.316856444 0.0399882346
v -0.213956505 0.316355735 0.0369541459
v -0.216061756 0.31335327 0.0349332094
v -0.208758011 0.316931367 0.0399380922
v -0.214020997 0.314203322 0.043106854
v -0.20880729 0.315100133 0.0443600304
v -0.303446084 -0.100166768 0.0353881493
v -0.302957624 -0.103329845 0.0362575315
v -0.303557485 -0.108366966 0.0393154249
v 0.302067041 -0.100805096 0.035164088
v 0.3019557 -0.110643685 0.0366313122
v 0.301481277 -0.106329829 0.0354437195
v -0.134045854 0.308946967 1.10191596
v -0.150367051 0.305699617 1.10155594
v -0.150200695 0.305170715 1.09902525
v -0.113556512 0.31196326 1.09971607
v -0.113676541 0.312506199 1.1022563
v -0.107936002 0.310595632 1.11300743
v -0.0931706131 0.314964145 1.09987795
v -0.0928538889 0.312647194 1.09874094
v -0.0932587162 0.315529346 1.10241461
v -0.0800622329 0.316602439 1.09989727
v -0.11349903 0.304826319 1.1246928
v -0.0870219544 0.313654333 1.11304581
v -0.0774273798 0.310359657 1.12460876
v -0.0949990824 0.306301862 1.12662971
v -0.0801302269 0.317183554 1.10242891
v -0.0662717894 0.316066355 1.11312199
v -0.062193647 0.319040537 1.10240531
v -0.062140774 0.318445057 1.09988785
v -0.0599235632 0.310772479 1.12659431
v -0.0600742958 0.312326521 1.12456512
v -0.045369301 0.317769825 1.11320257
v -0.0457035862 0.320253611 1.10238671
v -0.0441926569 0.317420542 1.09877193
v -0.044326216 0.319744825 1.09987986
v -0.0251572095 0.31942758 1.11021316
v -0.025157271 0.321123183 1.10237062
v 0.0698154867 0.317183554 1.10242891
v 0.0518789105 0.319040537 1.10240531
v 0.0559570529 0.316066355 1.11312199
v 0.0697474927 0.316602468 1.09989727
v 0.0767072141 0.313654333 1.11304581
v 0.0497595593 0.312326521 1.12456512
v 0.0829439685 0.315529346 1.10241461
v 0.0976212621 0.310595632 1.11300743
v 0.0849191099 0.30784595 1.12465823
v 0.0846843421 0.306301862 1.12662971
v 0.0496088304 0.310772479 1.12659431
v 0.10318429 0.304826349 1.1246928
v 0.0666194782 0.306484282 1.12758958
v 0.118301317 0.304637909 1.11903656
v 0.116076283 0.300869107 1.12661648
v 0.102520503 0.301019967 1.12757742
v 0.0227461793 0.312669933 1.12659287
v 0.0226466935 0.310296446 1.12759531
v 0.0410983674 0.304599285 1.12821746
v 0.00768286828 0.313099653 1.12660539
v 0.0148425661 0.314503729 1.12454367
v -0.00324763427 0.314766645 1.12455058
v -0.00325719523 0.310827732 1.12761509
v -0.0141859008 0.313155115 1.12660742
v -0.00724659022 0.30622071 1.12825704
v -0.0250570886 0.310567617 1.12760365
v -0.0251573026 0.314503729 1.12454367
v -0.0330609158 0.312669933 1.12659287
v -0.0251573604 0.317557573 1.11671746
v -0.00515736826 0.318241477 1.11543894
v -0.0331249759 0.314228833 1.12454009
v -0.0498063043 0.313226163 1.12454867
v -0.0495067462 0.309308469 1.12758553
v -0.0769342184 0.306484252 1.12758958
v -0.0514131002 0.304599285 1.12821746
v -0.112835243 0.301019967 1.12757742
v -0.0876709893 0.299114466 1.12796557
v -0.105890781 0.296308726 1.12793601
v -0.136295706 0.292176455 1.12812507
v -0.176910117 0.282456189 1.12799823
v -0.155997753 0.285924584 1.12779713
v -0.124156833 0.292956859 1.12789881
v -0.176118121 0.279472977 1.12639654
v -0.123911127 0.291709363 1.1267941
v -0.0693427995 0.300117254 1.12700284
v -0.105681241 0.295062184 1.12687874
v -0.0915576965 0.28487739 1.10866165
v -0.157323867 0.284262598 1.12657154
v -0.118507847 0.282351613 1.1105932
v -0.0992061868 0.277410626 1.09821916
v -0.131955594 0.280754507 1.11167467
v -0.14703688 0.269998133 1.09722984
v -0.0797374472 0.279663056 1.09853828
v -0.0780554041 0.285802394 1.1078099
v -0.158982843 0.27007997 1.10135543
v -0.170960695 0.265534639 1.09671938
v -0.185766339 0.266011924 1.10385132
v -0.176107869 0.263897598 1.09529102
v -0.185556784 0.272207171 1.11677063
v -0.181963012 0.258851647 1.08664012
v -0.199134216 0.263717979 1.10519218
v -0.208956987 0.266107887 1.11624539
v -0.211841449 0.257084459 1.0958358
v -0.199392229 0.258048803 1.09208894
v -0.199684054 0.252495348 1.07893157
v -0.184626237 0.249095574 1.06531799
v -0.214673713 0.248472169 1.07530344
v -0.200010419 0.247013748 1.06573832
v -0.200368777 0.241582513 1.05252647
v -0.187892795 0.237767249 1.03914273
v -0.201154649 0.230942428 1.02607656
v -0.191166565 0.227003247 1.01291001
v -0.222907901 0.223410934 1.0134151
v -0.220196873 0.23160845 1.03412163
v -0.219867274 0.240801588 1.05472672
v -0.225283235 0.224238515 1.0134002
v -0.200404778 0.294614077 0.000525830721
v -0.200339377 0.303221464 0.003889265
v -0.181040868 0.303022891 0.00402210793
v -0.200304747 0.310443848 0.00965470728
v -0.181106284 0.294415504 0.000658673758
v -0.181006238 0.310245275 0.0097875502
v -0.18119657 0.285198003 1.24664039e-08
v -0.200304031 0.315630972 0.0173030831
v -0.200495109 0.285396546 -0.000132830537
v -0.181005523 0.3154324 0.0174359269
v -0.200602174 0.276398808 0.00197260734
v -0.200337276 0.318315923 0.026145827
v -0.18130365 0.276200235 0.00210548076
v -0.181038752 0.31811735 0.0262787007
v -0.181417853 0.268232226 0.00678547332
v -0.2004015 0.318256915 0.0353868529
v -0.200716376 0.268430829 0.00665259967
v -0.181102976 0.318058342 0.0355197266
v -0.181528896 0.262011349 0.0136186639
v -0.181192398 0.315260708 0.0443270691
v -0.200827405 0.262209922 0.013485821
v -0.200490907 0.315459281 0.0441942289
v -0.200925305 0.258296251 0.0218570661
v -0.20059748 0.310174882 0.0517750084
v -0.181626782 0.258097678 0.0219899099
v -0.181298971 0.30997631 0.0519078523
v -0.181702733 0.256843507 0.0311455503
v -0.200711578 0.302879453 0.0574466996
v -0.201001242 0.25704208 0.0310127065
v -0.181413069 0.30268091 0.0575795434
v -0.200822964 0.294229835 0.0606987141
v -0.181524456 0.294031233 0.0608315542
v -0.191229567 0.257286102 0.0352522098
v -0.200921595 0.285004675 0.0612382926
v -0.181623086 0.284806132 0.0613711365
v -0.196505994 0.257449925 0.035888318
v -0.201042369 0.25809285 0.0385561623
v -0.193861604 0.255453944 0.0368464179
v -0.198158175 0.25539577 0.0393483676
v -0.192721188 0.281028986 0.0606823564
v -0.198563322 0.279250979 0.060171064
v -0.200987473 0.277491868 0.0595787168
v -0.186617136 0.280086279 0.0605139583
v -0.181693137 0.276756257 0.0595143549
v 0.185414732 0.292005152 0.000525830663
v 0.185480148 0.300612539 0.00388926477
v 0.204778656 0.300413966 0.00402210793
v 0.185514778 0.307834923 0.00965470728
v 0.204713255 0.291806579 0.000658673642
v 0.204813272 0.30763635 0.0097875502
v 0.204622954 0.282589078 1.23523645e-08
v 0.185515493 0.313022077 0.0173030831
v 0.185324416 0.282787621 -0.000132830653
v 0.204814017 0.312823504 0.0174359269
v 0.185217366 0.273789883 0.0019726071
v 0.185482249 0.315706998 0.026145827
v 0.204515874 0.27359131 0.00210548076
v 0.204780757 0.315508455 0.0262787007
v 0.204401672 0.265623331 0.00678547285
v 0.185418025 0.315648019 0.0353868529
v 0.185103163 0.265821904 0.00665259967
v 0.204716533 0.315449417 0.0355197266
v 0.204290614 0.259402454 0.0136186639
v 0.204627126 0.312651783 0.0443270691
v 0.184992105 0.259601027 0.013485821
v 0.185328618 0.312850356 0.0441942289
v 0.184894219 0.255687356 0.0218570661
v 0.185222045 0.307565987 0.0517750084
v 0.204192728 0.255488783 0.0219899099
v 0.204520553 0.307367384 0.0519078486
v 0.204116791 0.254234582 0.0311455503
v 0.185107946 0.300270557 0.0574466996
v 0.184818283 0.254433155 0.0310127065
v 0.204406455 0.300071985 0.0575795434
v 0.184996545 0.29162091 0.0606987141
v 0.204295054 0.291422367 0.0608315542
v 0.194589958 0.254677176 0.0352522098
v 0.184897915 0.28239578 0.0612382926
v 0.204196423 0.282197207 0.0613711365
v 0.189313516 0.254841 0.035888318
v 0.184777141 0.255483955 0.0385561623
v 0.191957921 0.252845019 0.0368464179
v 0.18766135 0.252786875 0.0393483676
v 0.193098336 0.278420061 0.0606823564
v 0.187256217 0.276642054 0.060171064
v 0.184832066 0.274882972 0.0595787168
v 0.199202374 0.277477384 0.0605139583
v 0.204126388 0.274147332 0.0595143549
v 0.204350129 0.279367208 0.034816999
v 0.204364687 0.278030127 0.0307025872
v 0.205377012 0.279356658 0.034824077
v 0.205391586 0.278019547 0.0307096671
v 0.205395505 0.282856613 0.0373668931
v 0.204406768 0.279366642 0.0265882071
v 0.204368636 0.282867223 0.0373598449
v 0.205433652 0.279356092 0.0265952572
v 0.204460278 0.282866269 0.0240453612
v 0.205531687 0.287181735 0.0240524411
v 0.205440044 0.287182689 0.0373668931
v 0.204413131 0.287193239 0.0373598449
v 0.20549354 0.290682286 0.034824077
v 0.204466641 0.290692836 0.034816999
v 0.20553562 0.292018801 0.030709669
v 0.204508722 0.292029381 0.0307025891
v 0.205550179 0.29068169 0.0265952572
v 0.20452328 0.29069227 0.026588209
v 0.205531687 0.287181735 0.0240524411
v 0.204460278 0.282866269 0.0240453612
v 0.32224384 -0.11222592 0.0401351862
v 0.329527229 -0.112300858 0.0401853286
v 0.329515636 -0.110468976 0.0446072631
v 0.334746063 -0.109572373 0.0434258692
v 0.332947671 -0.111872703 0.040058285
v 0.329547733 -0.113418505 0.0355313048
v 0.322293341 -0.113719419 0.0307096504
v 0.334766269 -0.111725666 0.0372731574
v 0.336117089 -0.104954585 0.0480266996
v 0.336119294 -0.108245604 0.0427894853
v 0.336873204 -0.103496753 0.0468630344
v 0.336887091 -0.0994197652 0.0509398766
v 0.336224675 -0.103395469 0.0438887887
v 0.336725086 -0.106650583 0.0392839015
v 0.336138487 -0.110288806 0.0369513519
v 0.332967848 -0.11297249 0.0354786031
v 0.334803343 -0.112455934 0.0307956804
v 0.329576731 -0.113794349 0.0307597909
v 0.336925894 -0.109114908 0.0308100544
v 0.329613447 -0.113419175 0.025988277
v 0.336173654 -0.110981762 0.030804988
v 0.333032489 -0.112973154 0.0260880087
v 0.322373599 -0.112227261 0.0212841146
v 0.334855437 -0.111726582 0.0243181717
v 0.333075345 -0.111874007 0.0215082951
v 0.329656988 -0.112302192 0.0213342533
v 0.329706281 -0.110470936 0.0169123188
v 0.322476685 -0.107895546 0.0127812149
v 0.329760075 -0.107970476 0.0128313554
v 0.334919959 -0.109574169 0.0181654915
v 0.336223096 -0.110289678 0.0246586557
v 0.334993631 -0.106106617 0.0126461443
v 0.333232909 -0.104553036 0.00955983996
v 0.336429328 -0.100583822 0.00920968223
v 0.337094218 -0.103499033 0.0147570446
v 0.337164223 -0.0994226187 0.0106802322
v 0.336432487 -0.101996504 0.0157937892
v 0.33702901 -0.106566034 0.0196388494
v 0.336307228 -0.106922589 0.0266277418
v 0.337410957 -0.0951706022 0.028720241
v 0.336262912 -0.107220873 0.0326184332
v 0.177084371 0.290083081 0.000386395724
v 0.18432124 0.285236716 6.09865892e-05
v 0.17703785 0.285311639 1.08462118e-05
v 0.184407949 0.294662088 0.00155384594
v 0.176986173 0.280540317 0.000386395317
v 0.184213996 0.275811553 0.00155384501
v 0.171815991 0.285365373 0.00136704743
v 0.173683405 0.292025536 0.00122703298
v 0.17712456 0.294737041 0.00150370551
v 0.177157462 0.299158961 0.00333534018
v 0.171926096 0.297995418 0.0042498298
v 0.184465602 0.303165048 0.00588630466
v 0.177182227 0.303240001 0.00583616458
v 0.171958998 0.303514838 0.00771784782
v 0.177198276 0.30687961 0.00894459337
v 0.18448858 0.309913278 0.0126342298
v 0.170509234 0.291525662 0.00353843439
v 0.16983369 0.301936895 0.0107389353
v 0.169784799 0.29419297 0.00626801839
v 0.169704869 0.285387129 0.0047152834
v 0.173783526 0.308813244 0.0117752822
v 0.17720522 0.30998823 0.01258412
v 0.177202851 0.312489271 0.0166650824
v 0.184474647 0.314246178 0.0211371593
v 0.173781157 0.312389404 0.0174662303
v 0.170601368 0.306974858 0.0132456496
v 0.170599177 0.310265869 0.0184828322
v 0.177191257 0.314321131 0.0210870188
v 0.171952188 0.313745916 0.0239991583
v 0.177170709 0.315438747 0.0257410407
v 0.184425116 0.315739661 0.030562697
v 0.170001537 0.306845218 0.0180738047
v 0.16981931 0.310743719 0.0259913765
v 0.171915129 0.314476192 0.030476667
v 0.177141756 0.315814614 0.0305125564
v 0.177105024 0.315439433 0.0352840722
v 0.184344888 0.314247519 0.0399882346
v 0.171863019 0.31374681 0.0369541459
v 0.169757769 0.310744345 0.0349332094
v 0.177061513 0.314322472 0.0399380922
v 0.171798527 0.311594427 0.043106854
v 0.17701222 0.312491208 0.0443600304
v -0.303504258 -0.0896803588 0.05951434
v -0.305739433 -0.0877321213 0.0660947561
v -0.302983224 -0.0902586281 0.0595129356
v -0.308428288 -0.0863503367 0.0605139434
v -0.303394407 -0.0897613615 0.0661362559
v -0.311470747 -0.0854647756 0.0660273433
v -0.31453231 -0.0854076445 0.0606823377
v -0.31761843 -0.0859086066 0.0659914538
v -0.320374459 -0.0871856436 0.0601710454
v -0.322964996 -0.0889757201 0.065994136
v -0.301559776 -0.0922615677 0.0661802962
v -0.32279861 -0.0889447331 0.0595787019
v -0.300263017 -0.0952317566 0.0570323132
v -0.299759597 -0.0981560275 0.0662670583
v -0.303032219 -0.0980270058 0.0550263338
v -0.299702942 -0.0980612561 0.0550492518
v -0.299702942 -0.0980612561 0.0550492518
v -0.30069533 -0.104247987 0.0663378537
v -0.299805433 -0.101558514 0.0518170409
v -0.299805433 -0.101558514 0.0518170409
v -0.300572395 -0.104478389 0.0481331758
v -0.303050756 -0.104278982 0.0483696237
v -0.300572395 -0.104478389 0.0481331758
v -0.302164763 -0.107538238 0.0423670895
v -0.304181755 -0.109330893 0.0663786232
v -0.303036511 -0.108270183 0.0403353237
v -0.302957624 -0.103329845 0.0362575315
v -0.303557485 -0.108366966 0.0393154249
v -0.303854525 -0.109479696 0.0423802435
v -0.302164763 -0.107538238 0.0423670895
v -0.307490945 -0.111976296 0.0423872955
v -0.309528321 -0.112397999 0.0663813427
v -0.307710797 -0.111506611 0.039437037
v -0.307815522 -0.109045058 0.0362381861
v -0.311727822 -0.113203079 0.0423742011
v -0.315676063 -0.112841845 0.0663454235
v -0.303513885 -0.109593116 0.0311455335
v -0.311776131 -0.112683728 0.0394244641
v -0.311953992 -0.111123964 0.0368732847
v -0.316135466 -0.113035619 0.0423423089
v -0.31600529 -0.112523019 0.0393938869
v -0.320266783 -0.111490868 0.0422948562
v -0.321407318 -0.110574491 0.0662780404
v -0.323497117 -0.108309761 0.0662352517
v -0.313040704 -0.109150521 0.0352521911
v -0.315672755 -0.110982679 0.0368463993
v -0.323702753 -0.108725563 0.0422366597
v -0.325356752 -0.106281146 0.0441159606
v -0.325586975 -0.10604503 0.0661924705
v -0.326350182 -0.103233188 0.0484708883
v -0.327296048 -0.100321382 0.0526114441
v -0.327387214 -0.100150608 0.0661057085
v -0.323385954 -0.108311415 0.0393915363
v -0.326392651 -0.0941687971 0.0573311411
v -0.326451421 -0.0940586179 0.0660349354
v -0.319969326 -0.111040846 0.0393483527
v -0.323384047 -0.0976992771 0.0549792759
v -0.32340318 -0.104267433 0.0479406379
v -0.327296048 -0.100321382 0.0526114441
v -0.32340318 -0.104267433 0.0479406379
v -0.326350182 -0.103233188 0.0484708883
v -0.325356752 -0.106281146 0.0441159606
v -0.323385954 -0.108311415 0.0393915363
v -0.323293 -0.101919733 0.0354437195
v -0.323217958 -0.0941793025 0.036114987
v -0.322707206 -0.0963950008 0.035164088
v -0.322667927 -0.0903445706 0.0385000557
v -0.322853506 -0.108343758 0.0385561474
v -0.322818547 -0.106233589 0.0366313122
v -0.322667927 -0.0903445706 0.0385000557
v -0.322812378 -0.109394543 0.0310126897
v -0.322736442 -0.108140357 0.0218570512
v -0.322638541 -0.104226679 0.0134858051
v -0.322707206 -0.0963950008 0.035164088
v -0.322306246 -0.081040062 -0.000132846559
v -0.322527498 -0.0980058089 0.00665258383
v -0.322413325 -0.0900378302 0.00197259127
v -0.322732747 -0.0814319402 0.0612382777
v -0.322634131 -0.0722067878 0.0606986955
v -0.32252273 -0.063557148 0.0574466847
v -0.322408617 -0.0562617406 0.0517749898
v -0.322302073 -0.0509773344 0.0441942103
v -0.322212636 -0.0481797047 0.035386838
v -0.322148412 -0.0481206924 0.0261458103
v -0.322564512 -0.0855990201 0.0305697285
v -0.322579086 -0.084261924 0.0346841402
v -0.322522432 -0.0842625052 0.0264553484
v -0.322560549 -0.0807619095 0.0372269861
v -0.322462559 -0.0729362816 0.0346841402
v -0.322424412 -0.0764368549 0.0239125025
v -0.322420478 -0.0715997741 0.0305697303
v -0.322115183 -0.050805632 0.0173030682
v -0.322405905 -0.0729368702 0.0264553502
v -0.322215945 -0.0718225464 0.000525814714
v -0.322115898 -0.0559927784 0.00965469144
v -0.322150499 -0.0632151589 0.00388924894
v -0.0118044978 -0.313282967 0.026455339
v -0.0118465675 -0.314619482 0.0305697192
v -0.0128313787 -0.313272357 0.0264482591
v -0.0127778742 -0.30977273 0.0239054132
v -0.011706464 -0.305457294 0.0239124931
v -0.0128734717 -0.314608932 0.030562669
v -0.0118611371 -0.313282371 0.0346841291
v -0.012888019 -0.313271791 0.034677051
v -0.011842615 -0.309782356 0.037226975
v -0.0128250122 -0.30544579 0.0372198969
v 0.0199970677 -1.19255628e-09 0.0272825006
v -1.6342483e-16 0.0199998617 0.0269325264
v 0.0184751917 0.00765360892 0.0272336733
v 0.0141404774 0.0141420355 0.0271499939
v 0.0184744224 -0.00765362661 0.0272890627
v 0.00765285455 0.0184774622 0.0270442516
v 0.0141390581 -0.0141420448 0.02725235
v 0.00765099749 -0.018477479 0.0271779783
v -2.0103455e-06 -0.0199998785 0.0270772688
v -0.00765300868 0.0184774622 0.0268317871
v -0.0141410688 0.0141420355 0.0267574172
v -0.00765486527 -0.018477479 0.0269655138
v -0.0184764303 0.00765360892 0.0267207343
v -0.0141424891 -0.0141420448 0.0268597715
v -0.0199990794 -1.16828747e-09 0.0267272945
v -0.0184771996 -0.00765362661 0.0267761219
v 0.132555246 0.179852977 0.698695898
v 0.107769348 0.184965432 0.697949708
v 0.109163709 0.180820927 0.699189603
v 0.131791919 0.183566198 0.695883572
v 0.134267569 0.181663781 0.697247684
v 0.130842641 0.175747111 0.699189603
v 0.137959629 0.182290211 0.693824053
v 0.130842641 0.159849435 0.699189603
v 0.00404981663 0.188899934 0.699189603
v 0.138438195 0.17892158 0.696550369
v 0.136644125 0.177062139 0.697930992
v 0.133957937 0.159849435 0.698838592
v 0.140833721 0.178275988 0.694571197
v 0.139571488 0.159849435 0.696135283
v 0.138400361 0.15481016 0.696974397
v 0.132539287 0.155546114 0.699086428
v 0.142730847 0.15423508 0.692583501
v 0.117644511 0.157145724 0.699189603
v 0.0798297003 0.160246477 0.699189603
v 0.0507832132 0.161972165 0.699189603
v 0.0369170494 0.162536576 0.699189603
v 0.0148500744 0.163089648 0.699189603
v -0.00515736826 0.163243726 0.699189603
v -0.00736924494 0.190929145 0.698805988
v 0.143516153 0.174933508 0.69113791
v 0.144755572 0.154009059 0.686748564
v 0.14484264 0.172472253 0.685189605
v 0.14484264 0.154557958 0.662667096
v 0.142442763 0.178610548 0.691689014
v 0.142223343 0.179888472 0.688886702
v 0.140257955 0.181723595 0.690009594
v 0.136114165 0.183569178 0.692578971
v 0.130531818 0.184784964 0.691424191
v 0.136935443 0.183245704 0.689575553
v 0.139091879 0.180994526 0.681423366
v 0.132939696 0.183770403 0.686406612
v 0.116323225 0.186230347 0.683504522
v 0.108105943 0.187809393 0.693034291
v 0.107990436 0.186577514 0.67814368
v 0.141689837 0.177717343 0.670015752
v 0.133000717 0.182502136 0.673291326
v 0.124739207 0.184477881 0.673121214
v 0.120729439 0.184503511 0.657270074
v 0.112363219 0.185252324 0.65716058
v 0.103842631 0.186278239 0.672998548
v 0.103842631 0.183885589 0.635721087
v 0.137106165 0.180424437 0.668159068
v 0.125035539 0.182396933 0.636325657
v 0.137204796 0.179200277 0.652405977
v 0.133179232 0.180627212 0.647027969
v 0.116731912 0.183482543 0.633563936
v 0.112600684 0.183274925 0.625631094
v 0.103842631 0.183698893 0.629402041
v 0.120953411 0.182367921 0.625748396
v 0.1333175 0.179867521 0.631251872
v 0.13343215 0.179623991 0.620721579
v 0.137336552 0.178363934 0.636633694
v 0.137457892 0.178199023 0.626099408
v 0.135868266 0.179246411 0.613304794
v 0.14157334 0.17599909 0.643342316
v 0.141194835 0.176108137 0.626131594
v 0.140014648 0.177566931 0.615162909
v 0.142952532 0.174212188 0.636719346
v 0.142930701 0.174862981 0.650154173
v 0.142947614 0.174822077 0.61613971
v 0.144626856 0.170675427 0.643595278
v 0.144004032 0.174952164 0.675225854
v 0.14484264 0.168993801 0.650523007
v 0.14484264 0.156773314 0.63361454
v 0.14484261 0.168829918 0.617853165
v 0.14484264 0.160320759 0.617883563
v 0.143944904 0.161897942 0.612950921
v 0.143431991 0.173146218 0.613022089
v 0.143357337 0.170487478 0.611607969
v 0.141470492 0.176079065 0.612398922
v 0.141564861 0.173209101 0.609366059
v 0.140839309 0.171141326 0.608082235
v 0.137025297 0.178736478 0.611274779
v 0.139622167 0.175619751 0.60870707
v 0.138622969 0.173771545 0.606664717
v 0.138173416 0.164874062 0.605956316
v 0.184923455 0.267432719 0.0351641029
v 0.184812114 0.257594109 0.0366313271
v 0.184337676 0.261907965 0.0354437381
v -0.167560726 0.31660828 0.030795699
v -0.166221052 0.315106243 0.0308050066
v -0.166185901 0.314413279 0.0246586744
v -0.165507391 0.313224286 0.030810073
v -0.167612851 0.315878898 0.037273176
v -0.166270494 0.314414144 0.0369513705
v -0.167677343 0.313726485 0.0434258878
v -0.165610507 0.310675412 0.0419812761
v -0.165456712 0.310673833 0.019638868
v -0.16938521 0.317162484 0.0354786217
v -0.167523682 0.315878004 0.0243181903
v -0.169428065 0.316063344 0.0400583036
v -0.172758728 0.318053961 0.0307598095
v -0.172838941 0.316561788 0.0401853472
v -0.17279543 0.317678779 0.0355313234
v -0.172888234 0.314730525 0.0446072817
v -0.180122331 0.316636741 0.0401352085
v -0.180042088 0.318128914 0.030709669
v -0.180225432 0.312305033 0.0486381054
v -0.169320568 0.317161828 0.0260880273
v -0.172729731 0.317678094 0.0259882957
v -0.179992586 0.3166354 0.0212841332
v -0.172942042 0.31223011 0.0486882478
v -0.172709197 0.316560447 0.0213342737
v -0.169300362 0.316062033 0.0215083137
v -0.172697604 0.314728588 0.0169123374
v -0.179978624 0.3123025 0.0127812335
v -0.167503461 0.313724726 0.0181655101
v -0.172695234 0.312227547 0.0128313731
v -0.172702178 0.309118956 0.00919187721
v -0.180001616 0.305554271 0.0060332776
v -0.166166723 0.312370062 0.0188205391
v -0.167501166 0.310256392 0.012646162
v -0.169293463 0.308739394 0.00955985859
v -0.165454686 0.307606131 0.0147570632
v -0.167516857 0.305646926 0.00803687889
v -0.172718227 0.305479348 0.00608341768
v -0.167549759 0.300127506 0.00456886087
v -0.172742993 0.301398277 0.00358262425
v -0.180059284 0.297051311 0.00170084916
v -0.165468574 0.303529143 0.0106802499
v -0.166147947 0.305720747 0.0153141916
v -0.165540546 0.293205351 0.00570860039
v -0.172775894 0.296976358 0.00175098958
v -0.166200668 0.296001703 0.00844440982
v -0.166168049 0.310928464 0.0260163099
v -0.169366002 0.296790749 0.00223780586
v -0.166255951 0.31033659 0.037903212
v -0.167598248 0.293974817 0.00241593691
v -0.16940555 0.292211086 0.00113831845
v -0.172816083 0.292322397 0.000633649237
v -0.180145979 0.287625909 0.00020798987
v -0.172862589 0.287550986 0.000258130254
v -0.167659864 0.287497461 0.00168607826
v -0.172914281 0.282779634 0.00063364883
v -0.180253237 0.278200775 0.00170084834
v -0.169502169 0.282820761 0.00113831798
v -0.172969848 0.278125823 0.00175098877
v -0.173027933 0.273704171 0.00358262309
v -0.180370525 0.269698411 0.00603327574
v -0.169556856 0.278241277 0.00223780517
v -0.167731538 0.281020194 0.00241593644
v -0.17308715 0.269623518 0.00608341629
v -0.16780968 0.274867862 0.00456885947
v -0.169672281 0.269874722 0.00650104927
v -0.173145995 0.265984327 0.00919187535
v 0.0890371129 0.186747119 0.677972317
v 0.0911607221 0.187728792 0.683213055
v 0.0995690376 0.18826656 0.688530147
v 0.0924257934 0.189511821 0.692595303
v 0.084701553 0.190189123 0.692392349
v 0.0846641362 0.189703926 0.695298493
v 0.0696186125 0.190957278 0.69521749
v 0.100218192 0.188502803 0.694231987
v 0.0845194757 0.18782796 0.697788835
v 0.100074723 0.187113717 0.696870685
v 0.115970254 0.186482951 0.694471121
v 0.0582309105 0.191025525 0.696666479
v 0.0505137965 0.189330608 0.69861573
v 0.0843147561 0.185173199 0.699050844
v 0.0389913581 0.188763395 0.699062705
v 0.0313373096 0.191369221 0.697919846
v 0.0390945412 0.192642555 0.695571959
v 0.00799856521 0.192945212 0.696959198
v 0.321493715 -0.0888705701 0.0348169804
v 0.321402133 -0.0935204253 0.0411678441
v 0.321508259 -0.0902076885 0.0307025723
v 0.321512192 -0.0853705779 0.03735983
v 0.321556747 -0.0810445696 0.03735983
v 0.321543604 -0.0936737284 0.0203891564
v 0.321550339 -0.0888711512 0.0265881922
v 0.321603864 -0.0853715241 0.0240453463
v 0.321550012 -0.0681658089 0.0575795248
v 0.321610242 -0.0775449499 0.0348169841
v 0.321652323 -0.0762084126 0.0307025723
v 0.321758419 -0.0728956684 0.0202373322
v 0.321666867 -0.0775455311 0.0265881922
v 0.321766555 -0.085648708 -3.74382481e-09
v 0.321856856 -0.0764312148 0.000658657576
v 0.321659446 -0.0946464911 0.00210546469
v 0.321922243 -0.0678238198 0.00402209163
v 0.321956843 -0.0606014468 0.00978753436
v 0.321957588 -0.055414293 0.0174359102
v 0.321924359 -0.052729357 0.0262786839
v 0.321545243 -0.10261447 0.00678545702
v 0.321860105 -0.0527883694 0.0355197117
v 0.3214342 -0.10883534 0.0136186471
v 0.321770728 -0.055585999 0.0443270542
v 0.321664155 -0.0608704053 0.0519078337
v 0.32143867 -0.0768154487 0.0608315393
v 0.321340024 -0.0860406086 0.0613711216
v 0.321269959 -0.0940904543 0.05951434
v 0.321392983 -0.0944060534 0.0411743112
v 0.32139048 -0.0974878147 0.0369303562
v 0.321908325 -0.0948885232 0.042146448
v 0.321328163 -0.104576863 0.0353881493
v 0.321336299 -0.112749025 0.0219898932
v 0.321216762 -0.112777062 0.0393154249
v 0.321260363 -0.114003204 0.0311455335
v 0.321864963 -0.10339997 0.0357239023
v 0.321816653 -0.107739933 0.0362575315
v 0.321723521 -0.108689077 0.0483696237
v 0.321741998 -0.102437094 0.0550263338
v 0.321791053 -0.0946687236 0.0595129356
v 0.124468789 0.161648884 0.61782676
v 0.136826739 0.177818656 0.608708978
v 0.134473935 0.176510036 0.605915368
v 0.13554357 0.17175743 0.604696393
v 0.134110183 0.17936714 0.609925389
v 0.131782517 0.177786991 0.606301069
v 0.134323657 0.174321085 0.604718685
v 0.129399121 0.180445358 0.611866593
v 0.109334759 0.182985082 0.608039677
v 0.11270988 0.182967708 0.6151039
v 0.104279764 0.183761209 0.620263457
v 0.104362033 0.183931887 0.614983797
v 0.0999967009 0.183757871 0.625498593
v 0.096465461 0.183602959 0.629402041
v 0.0841905996 0.183762446 0.625362515
v 0.0725591928 0.183324441 0.629402041
v 0.0959988609 0.184716478 0.614872575
v 0.0853775069 0.184529185 0.62006247
v 0.0929534361 0.185406327 0.608237445
v 0.0778429285 0.187106878 0.608350337
v 0.0663124397 0.184182763 0.625187755
v 0.0965124369 0.182618797 0.604997158
v 0.0853011534 0.185923368 0.607103825
v 0.0664866865 0.187173098 0.605924845
v 0.0589267239 0.188694865 0.608036458
v 0.0453502871 0.185508803 0.624941111
v 0.0556301177 0.184070528 0.629402041
v 0.0435664915 0.189778358 0.607701778
v 0.0406544432 0.185009047 0.629402041
v 0.0329305641 0.187357411 0.619469821
v 0.00821520388 0.186238602 0.629402041
v -0.0406261571 0.185541749 0.629402041
v 0.0242975261 0.190657854 0.607424259
v 0.00844964478 0.187743261 0.621056855
v -0.00515736826 0.18642123 0.629402041
v -0.01199813 0.188378721 0.618853629
v -0.114157371 0.160901755 0.629402041
v 0.096465461 0.183602959 0.629402041
v 0.103842631 0.183698893 0.629402041
v -0.0799088329 0.164212838 0.629402041
v -0.0540194362 0.165928915 0.629402041
v -0.0251674671 0.166984141 0.629402041
v -0.00515736826 0.167190418 0.629402041
v 0.018817883 0.166892156 0.629402041
v 0.0446173027 0.165886223 0.629402041
v 0.0695940927 0.164212838 0.629402041
v 0.103842631 0.160901755 0.629402041
v -0.0902983993 0.183267504 0.629402041
v -0.114157371 0.183698893 0.629402041
v -0.0659448579 0.184070528 0.629402041
v -0.0767882392 0.185276523 0.619862497
v -0.0956922546 0.184529185 0.62006247
v -0.0348423645 0.187676072 0.619381607
v -0.0516382307 0.186921522 0.619563818
v -0.0423212387 0.190397248 0.608472466
v -0.080652155 0.187772393 0.608266294
v -0.0692424178 0.188708737 0.609135389
v -0.0956550092 0.186335072 0.608332515
v -0.106313609 0.184716478 0.614872575
v -0.0577309988 0.189545065 0.608811677
v -0.0615229048 0.188436151 0.605767488
v -0.0805222169 0.185949162 0.605030775
v -0.107132539 0.185114115 0.609402478
v -0.114676774 0.183931887 0.614983797
v -0.116789728 0.183755502 0.609276235
v -0.107042715 0.184379473 0.606976748
v -0.122557193 0.182520598 0.608057618
v -0.138393745 0.18051526 0.61032927
v -0.127192348 0.182412967 0.615167558
v -0.120258376 0.180362582 0.604955614
v -0.146182999 0.179246411 0.613304794
v -0.139612734 0.180572271 0.62063843
v -0.142230883 0.17859073 0.607283354
v -0.146424741 0.178963348 0.610733092
v -0.148874432 0.177953944 0.62045151
v -0.143121421 0.174471885 0.604417086
v -0.147548765 0.176100075 0.60703516
v -0.150329381 0.177566931 0.615162909
v -0.151785225 0.176079065 0.612398922
v -0.121833883 0.177622125 0.603993833
v -0.145858288 0.17175743 0.604696393
v -0.141157359 0.166473851 0.603883564
v -0.0886675194 0.1817296 0.603883564
v -0.150185168 0.173559368 0.60762167
v -0.151154041 0.171141326 0.608082235
v -0.152676299 0.17277886 0.610350966
v -0.148488149 0.164874062 0.605956316
v -0.153672054 0.170487478 0.611607969
v -0.152843922 0.162938401 0.610174835
v -0.143230021 0.161084577 0.617286444
v -0.154785588 0.16131109 0.614678621
v -0.154785588 0.16131109 0.614678621
v -0.155157328 0.168829918 0.617853165
v -0.154346794 0.172167465 0.614157856
v -0.154256567 0.173067823 0.616670251
v -0.155157357 0.158558622 0.624540806
v -0.151778638 0.175787225 0.631109357
v -0.154933929 0.170395389 0.631096423
v -0.154301912 0.172408983 0.636762977
v -0.155157357 0.168993801 0.650523007
v -0.15494971 0.172476619 0.670474768
v -0.155157357 0.172472253 0.685189605
v -0.155157357 0.154728487 0.657606363
v -0.155157357 0.156773314 0.63361454
v -0.155157357 0.155235916 0.647788465
v -0.155157357 0.154021129 0.685189605
v -0.154795989 0.173784077 0.6883021
v -0.154385045 0.154068917 0.689775288
v -0.15487659 0.174934968 0.685575843
v -0.153770939 0.171842262 0.691263974
v -0.15304558 0.15423508 0.692583501
v -0.152793393 0.1772324 0.692649007
v -0.152103007 0.171842262 0.693918467
v -0.151121631 0.154490545 0.695023954
v -0.149688646 0.176589414 0.696289897
v -0.145912826 0.155170947 0.698357165
v -0.152538076 0.179888472 0.688886702
v -0.153339878 0.176183745 0.670150042
v -0.150963217 0.180052876 0.693490207
v -0.144269615 0.177401394 0.698827207
v -0.14285402 0.155546114 0.699086428
v -0.147362128 0.181140527 0.696191728
v -0.147492051 0.183234125 0.69198817
v -0.14440167 0.179669976 0.698421061
v -0.141157359 0.177696466 0.699189603
v -0.118490711 0.158009022 0.699189603
v -0.141467795 0.179615945 0.698914111
v -0.0901444405 0.160246477 0.699189603
v -0.141748995 0.181354687 0.698128223
v -0.0645864233 0.187810048 0.699055314
v -0.117933609 0.18369399 0.69865787
v -0.142169699 0.183955997 0.695154965
v -0.118216164 0.18608135 0.696958423
v -0.118388116 0.187534183 0.694403648
v -0.10261108 0.188066915 0.69675982
v -0.102727711 0.18936868 0.694017768
v -0.0873815864 0.189645916 0.696605384
v -0.14226678 0.18455641 0.691346765
v -0.0872337595 0.187291473 0.698583543
v -0.148277134 0.182575107 0.687582433
v -0.147377655 0.181504309 0.678648055
v -0.143315449 0.182502136 0.673291326
v -0.150295809 0.179488942 0.674673855
v -0.147420898 0.180424437 0.668159068
v -0.151842743 0.176946372 0.657923996
v -0.0486037172 0.187645301 0.699189603
v -0.0731573701 0.161332339 0.699189603
v -0.047231786 0.162536576 0.699189603
v -0.0531763174 0.189774707 0.698631883
v -0.0128357699 0.192480564 0.697715878
v -0.068545647 0.191025525 0.696666479
v -0.0723907724 0.191761285 0.693828404
v -0.0532699302 0.192759737 0.694170296
v -0.0455351695 0.192159265 0.696864188
v -0.0183296483 0.193405837 0.696092248
v -0.0128658535 0.193935424 0.694163442
v 0.00818752218 -0.336836278 0.0401351787
v 0.015470908 -0.336911201 0.0401853174
v 0.0154593177 -0.335079312 0.0446072556
v 0.0206897613 -0.334182709 0.043425858
v 0.0188913345 -0.336483061 0.0400582738
v 0.0154914306 -0.338028848 0.0355312973
v 0.00823703129 -0.338329762 0.0307096411
v 0.0207099579 -0.336335987 0.0372731499
v 0.0220607985 -0.329564929 0.0480266884
v 0.0220629927 -0.33285597 0.0427894741
v 0.0228168983 -0.328107119 0.0468630232
v 0.0228307825 -0.324030131 0.0509398654
v 0.0221683644 -0.328005821 0.0438887812
v 0.0226687826 -0.33126092 0.0392838903
v 0.0220821705 -0.334899127 0.0369513407
v 0.0189115331 -0.337582856 0.0354785919
v 0.0207470395 -0.337066293 0.0307956692
v 0.0155204162 -0.338404685 0.0307597816
v 0.0228696037 -0.333725244 0.0308100432
v 0.0155571215 -0.338029504 0.0259882659
v 0.0221173335 -0.335592091 0.0308049787
v 0.018976178 -0.337583512 0.0260879975
v 0.00831727684 -0.33683762 0.0212841034
v 0.0207991283 -0.336336941 0.0243181624
v 0.0190190263 -0.336484373 0.0215082858
v 0.0156006627 -0.336912543 0.0213342439
v 0.0156499464 -0.335081279 0.0169123076
v 0.00842037983 -0.332505882 0.0127812047
v 0.0157037657 -0.332580835 0.0128313452
v 0.0208636243 -0.334184498 0.0181654822
v 0.0221667774 -0.334900022 0.0246586464
v 0.0209373012 -0.330716938 0.012646134
v 0.0191766061 -0.329163402 0.00955983065
v 0.0223729964 -0.32519418 0.00920967199
v 0.0230378825 -0.328109384 0.0147570353
v 0.0231078975 -0.324032962 0.0106802229
v 0.0223761704 -0.32660684 0.015793778
v 0.022972716 -0.3311764 0.0196388401
v 0.0222508926 -0.331532925 0.0266277324
v 0.023354644 -0.319780946 0.0287202317
v 0.0222066026 -0.331831217 0.0326184258
v 0.0963253826 0.179784313 0.670771897
v 0.101003729 0.175500304 0.670771897
v 0.103842631 0.178495392 0.670771897
v 0.0858591273 0.188439369 0.670771897
v 0.0805242211 0.192396641 0.670771897
v 0.0744529217 0.19646138 0.670771897
v 0.0575399697 0.210623235 0.670771897
v 0.0681410432 0.20014149 0.670771897
v 0.0616129562 0.203422785 0.670771897
v 0.0548938066 0.206292614 0.670771897
v 0.0480095036 0.208739921 0.670771897
v 0.0409865826 0.210755229 0.670771897
v 0.0266336501 0.213460624 0.670771897
v 0.0193589646 0.214140236 0.670771897
v 0.103842631 0.179696232 0.670771897
v 0.100670069 0.182580173 0.670771897
v 0.0834335163 0.196463093 0.670771897
v 0.0887427852 0.192529112 0.670771897
v 0.0709141344 0.204324692 0.670771897
v 0.0662564263 0.206692308 0.670771897
v -0.024590876 0.21934697 0.670771897
v 0.0120561253 0.214367062 0.670771897
v -0.0223708618 0.214367062 0.670771897
v -0.0296737012 0.214140236 0.670771897
v -0.0430474691 0.212506026 0.670771897
v -0.0513013192 0.210755229 0.670771897
v -0.0583242364 0.208739921 0.670771897
v 0.0437046997 0.215207875 0.670771897
v 0.0363036096 0.216946781 0.670771897
v 0.0142761404 0.21934697 0.670771897
v 0.0286702197 0.218226761 0.670771897
v -0.0258550942 0.242431894 0.670771897
v 0.0155403595 0.242431894 0.670771897
v -0.0540194362 0.215207875 0.670771897
v -0.0652085394 0.206292614 0.670771897
v -0.0784557909 0.20014149 0.670771897
v -0.084767662 0.19646138 0.670771897
v -0.0314677134 0.219014958 0.670771897
v -0.0389849544 0.218226761 0.670771897
v -0.0466183424 0.216946781 0.670771897
v -0.093748264 0.196463093 0.670771897
v -0.096173875 0.188439369 0.670771897
v -0.10664013 0.179784313 0.670771897
v -0.111318476 0.175500289 0.670771897
v -0.0746367574 0.207675621 0.670771897
v -0.0678547025 0.210623235 0.670771897
v -0.0812288746 0.204324692 0.670771897
v -0.114157371 0.179696232 0.670771897
v -0.114157371 0.178495392 0.670771897
v -0.0990575254 0.192529112 0.670771897
v 0.335402369 -0.0542384274 0.0307956822
v 0.336742043 -0.0557404906 0.0308049899
v 0.33677721 -0.0564334467 0.0246586576
v 0.33745572 -0.057622429 0.0308100563
v 0.335350245 -0.054967802 0.0372731611
v 0.336692601 -0.0564325675 0.0369513519
v 0.335285753 -0.0571202189 0.0434258692
v 0.337352604 -0.0601713061 0.0419812612
v 0.337506384 -0.0601728931 0.0196388531
v 0.333577871 -0.0536842234 0.0354786031
v 0.335439414 -0.0549687222 0.0243181735
v 0.333535045 -0.0547833703 0.040058285
v 0.330204368 -0.0527927727 0.0307597946
v 0.33012414 -0.0542849079 0.0401853323
v 0.330167651 -0.0531679466 0.0355313085
v 0.330074847 -0.0561161675 0.0446072668
v 0.32284075 -0.0542099699 0.0401351899
v 0.322921008 -0.0527178161 0.0307096541
v 0.322737664 -0.0585416853 0.0486380905
v 0.333642513 -0.0536848828 0.0260880105
v 0.330233365 -0.0531686172 0.0259882789
v 0.32297051 -0.0542113073 0.0212841164
v 0.330021054 -0.0586166196 0.0486882292
v 0.330253899 -0.0542862415 0.021334257
v 0.333662719 -0.0547846742 0.0215082988
v 0.330265492 -0.056118127 0.0169123206
v 0.322984457 -0.0585442297 0.0127812168
v 0.33545965 -0.0571219921 0.0181654952
v 0.330267847 -0.0586191639 0.0128313573
v 0.330260932 -0.0617277659 0.00919186138
v 0.322961479 -0.0652924478 0.00603326131
v 0.336796373 -0.0584766455 0.0188205242
v 0.335461944 -0.060590338 0.0126461461
v 0.333669633 -0.0621073321 0.00955984183
v 0.33750841 -0.0632405803 0.0147570465
v 0.335446268 -0.0651997924 0.00803686213
v 0.330244869 -0.0653673857 0.00608340185
v 0.335413337 -0.0707192197 0.00456884457
v 0.330220103 -0.0694484115 0.00358260795
v 0.322903842 -0.073795408 0.00170083297
v 0.337494552 -0.0673175752 0.0106802341
v 0.336815149 -0.0651259646 0.0153141757
v 0.33742255 -0.0776413605 0.0057085841
v 0.330187231 -0.073870346 0.00175097329
v 0.336762428 -0.0748449862 0.00844439398
v 0.336795062 -0.0599182397 0.0260162931
v 0.333597094 -0.0740559772 0.0022377898
v 0.336707145 -0.0605101287 0.0379031971
v 0.335364848 -0.0768718868 0.00241592061
v 0.333557546 -0.0786356181 0.00113830226
v 0.330147028 -0.0785243139 0.000633633055
v 0.322817117 -0.0832207873 0.000207973659
v 0.330100507 -0.0832957178 0.000258114043
v 0.335303217 -0.0833492428 0.00168606208
v 0.330048829 -0.0880670622 0.000633632648
v 0.322709858 -0.0926459357 0.00170083216
v 0.333460927 -0.0880259499 0.0011383018
v 0.329993248 -0.0927208737 0.00175097247
v 0.329935163 -0.0971425399 0.00358260679
v 0.322592556 -0.101148278 0.00603325991
v 0.33340624 -0.0926054344 0.00223778887
v 0.335231572 -0.0898264945 0.00241592014
v 0.329875946 -0.101223208 0.00608339999
v 0.335153431 -0.0959788561 0.00456884364
v 0.333290815 -0.100971982 0.00650103297
v 0.329817116 -0.104862399 0.00919185951
v 0.301021308 -0.112007551 0.0211371407
v 0.301219821 -0.0932885855 0.020273434
v 0.30094105 -0.113499708 0.0305626784
v 0.301124394 -0.107675835 0.0126342112
v 0.301240265 -0.100928567 0.00588628696
v 0.301357567 -0.092426233 0.00155382894
v 0.301464826 -0.0830010772 6.09704948e-05
v 0.301431537 -0.0727107078 0.020273434
v 0.301551521 -0.0735757053 0.00155382976
v 0.301609188 -0.0650727451 0.00588628883
v 0.301632166 -0.0583245233 0.012634214
v 0.301618218 -0.0539916009 0.0211371444
v 0.301568687 -0.052498132 0.0305626802
v 0.301289916 -0.0727092624 0.0408518948
v 0.301488459 -0.0539902672 0.039988216
v 0.301385373 -0.0583219826 0.0484911166
v 0.301269501 -0.0650692508 0.0552390404
v 0.30115217 -0.0735716075 0.0595715009
v 0.301044911 -0.0829967633 0.0610643588
v 0.301326901 -0.0759992823 0.0305626802
v 0.301341474 -0.0773363784 0.0264482684
v 0.30128482 -0.0773358047 0.0346770585
v 0.301278442 -0.0851623937 0.0239054225
v 0.301231295 -0.0808354467 0.0372199044
v 0.301224947 -0.0886620209 0.0264482684
v 0.301182836 -0.0899985582 0.0305626784
v 0.300958216 -0.0924221352 0.0595714971
v 0.301168293 -0.0886614397 0.0346770585
v 0.300891548 -0.112006217 0.039988216
v 0.300900549 -0.100925095 0.0552390404
v 0.300877601 -0.107673295 0.0484911129
v -0.30195713 -0.0788106918 0.000207973848
v -0.302297533 -0.10348545 0.0127812149
v -0.301789761 -0.0541341379 0.0127812168
v -0.302064389 -0.0882358477 0.00170083228
v -0.302181661 -0.096738182 0.00603325991
v -0.301870435 -0.0693853199 0.00170083309
v -0.302480906 -0.109309323 0.0307096504
v -0.302400678 -0.107817173 0.0212841146
v -0.301812738 -0.0608823597 0.00603326131
v -0.301803708 -0.0498012118 0.0212841164
v -0.30185324 -0.0483077243 0.0307096541
v -0.302530438 -0.107815824 0.0401351899
v -0.302544385 -0.10348291 0.0486380868
v -0.302521408 -0.0967346877 0.0553860441
v -0.30246371 -0.08823172 0.059718471
v -0.302377015 -0.0788063556 0.061211329
v -0.30209896 -0.0766459852 0.0240524262
v -0.302197009 -0.0844716355 0.0265952423
v -0.302080482 -0.0731460005 0.0265952423
v -0.30223906 -0.085808143 0.0307096522
v -0.302253664 -0.0844710469 0.0348240621
v -0.302095056 -0.071808897 0.0307096522
v -0.302235156 -0.0809710622 0.0373668782
v -0.302269757 -0.0693811998 0.059718471
v -0.302190602 -0.076645039 0.0373668782
v -0.301933467 -0.0497998782 0.0401351899
v -0.302036583 -0.0541315936 0.0486380905
v -0.302137107 -0.0731454119 0.0348240621
v -0.302152455 -0.0608788617 0.0553860441
v 0.00727184769 -0.329187185 0.0353881381
v 0.00776033523 -0.332350284 0.036257524
v 0.007160448 -0.337387413 0.0393154137
v -0.323285758 -0.0495801717 0.0399882197
v -0.330618441 -0.0513365008 0.0443600118
v -0.323388875 -0.0539118908 0.0484911166
v -0.330672264 -0.0538369529 0.0484409779
v -0.335832149 -0.0522332862 0.0431068391
v -0.33590582 -0.0557008423 0.0486261882
v -0.330729306 -0.0569450371 0.0520804711
v -0.323504746 -0.060659159 0.0552390404
v -0.337266415 -0.0568504222 0.0476889946
v -0.33796218 -0.0561409518 0.0433357842
v -0.337872893 -0.0530833565 0.0349331945
v -0.337341487 -0.0612236038 0.0520626195
v -0.33790198 -0.0625117868 0.0494454913
v -0.337309927 -0.0580766313 0.0430246554
v -0.337195367 -0.0545472614 0.0316586271
v -0.337811381 -0.0530839898 0.0259913616
v -0.337454945 -0.0666450337 0.0512840562
v -0.335984945 -0.0603096299 0.0532354414
v -0.338178962 -0.0696313307 0.0546565503
v -0.33741802 -0.0664604157 0.0553533584
v -0.330788136 -0.0605842248 0.0551889017
v -0.334269524 -0.0654543936 0.0575311854
v -0.330847353 -0.0646649003 0.0576897264
v -0.323622078 -0.0691615194 0.0595715009
v -0.337492168 -0.0722982362 0.0573962368
v -0.330905467 -0.0690865591 0.0595213585
v -0.334350109 -0.0717980191 0.059751004
v -0.330961019 -0.0737403631 0.0606386997
v -0.323729336 -0.0785866752 0.0610643588
v -0.334423989 -0.0784766302 0.060503535
v -0.331012696 -0.0785117149 0.0610142164
v -0.331059217 -0.0832831189 0.0606386997
v -0.323816031 -0.0880120397 0.0595714971
v -0.334487528 -0.0851553455 0.059751004
v -0.331099391 -0.0879370794 0.0595213585
v -0.331132293 -0.0923590213 0.0576897226
v -0.323873729 -0.0965149999 0.0552390404
v -0.334537506 -0.0914992616 0.0575311854
v -0.331157088 -0.096440047 0.055188898
v -0.336277038 -0.0849355385 0.0588564128
v -0.334571451 -0.0971902981 0.0539553165
v -0.331173122 -0.100079671 0.0520804711
v -0.323896676 -0.103263199 0.0484911166
v -0.337560147 -0.0784443542 0.0580887422
v -0.336325526 -0.091088213 0.0567034855
v -0.338323534 -0.0829077587 0.0558181107
v -0.338231534 -0.0739661977 0.0558181107
v -0.337594569 -0.0781327486 0.054393582
v -0.33838895 -0.0913103148 0.0527598225
v -0.338539392 -0.0812632889 0.0421041511
v -0.337694228 -0.0896978602 0.0515839495
v -0.337695897 -0.0956659615 0.0520626195
v -0.338419855 -0.0981603637 0.047012113
v -0.337729275 -0.0984793603 0.0435502268
v -0.337710798 -0.100039765 0.0476889908
v -0.334587634 -0.101943038 0.0492027849
v -0.338421047 -0.10073477 0.0433357805
v -0.334585279 -0.105519198 0.0435118377
v -0.331180066 -0.103188276 0.0484409742
v -0.326350182 -0.103233188 0.0484708883
v -0.331177711 -0.105689302 0.0443600118
v -0.323882729 -0.107596122 0.039988216
v -0.337708592 -0.103330791 0.0424518064
v -0.331166118 -0.107521191 0.0399380736
v -0.336351663 -0.106838733 0.0369541273
v -0.338394672 -0.103793561 0.0349331908
v -0.331145555 -0.108638816 0.0352840535
v -0.323833197 -0.109089613 0.0305626784
v -0.337654233 -0.106066942 0.0304673109
v -0.336314559 -0.107569002 0.0304766502
v -0.331116587 -0.109014682 0.0305125378
v -0.3310799 -0.108639501 0.0257410239
v -0.32375297 -0.107597455 0.0211371407
v -0.336262494 -0.106839657 0.0239991415
v -0.337604791 -0.105374865 0.0243209787
v -0.338291317 -0.10263294 0.0216562767
v -0.336197942 -0.104687221 0.0178464614
v -0.331036359 -0.107522532 0.0210870001
v -0.330987066 -0.105691269 0.0166650657
v -0.323649883 -0.103265747 0.0126342122
v -0.330933273 -0.103190809 0.0125841023
v -0.336124301 -0.101219684 0.0123271132
v -0.330876231 -0.100082733 0.00894457567
v -0.323533952 -0.0965184793 0.00588628743
v -0.338192046 -0.0981627181 0.0139124105
v -0.336045146 -0.0966108739 0.00771783013
v -0.330817342 -0.0964435413 0.00583614688
v -0.330758154 -0.0923628807 0.00333532318
v -0.32341668 -0.0880161449 0.00155382918
v -0.334165215 -0.0915030912 0.0034468649
v -0.337398589 -0.0956690311 0.00887200516
v -0.33070007 -0.087941207 0.00150368875
v -0.330644488 -0.083287403 0.000386379426
v -0.337322056 -0.0904322267 0.00558126438
v -0.33408469 -0.085159488 0.00122701656
v -0.335814655 -0.0784623101 0.00136703148
v -0.337247938 -0.0845943987 0.00353841786
v -0.337925822 -0.0784406066 0.00471526757
v -0.338081956 -0.0913134664 0.00816472992
v -0.33802709 -0.0872462243 0.00626800163
v -0.337448359 -0.0927621424 0.0112927202
v -0.337303996 -0.081754826 0.00676787971
v -0.337191492 -0.0699288771 0.00810583215
v -0.337845892 -0.0696347505 0.00626800256
v -0.337796956 -0.0618907996 0.0107389195
v -0.338365495 -0.0800925419 0.0185922198
v -0.337138802 -0.060209848 0.0149756446
v -0.33762911 -0.0569825023 0.0180737898
v -0.337139606 -0.0569300354 0.0199977998
v -0.338282764 -0.0693034381 0.0227024499
v -0.338336855 -0.066991955 0.0340143703
v -0.33876285 -0.0784319937 0.0304577295
v -0.338508248 -0.0893432647 0.0254994463
v -0.338573396 -0.089782007 0.0343108177
v -0.337521464 -0.0970803946 0.0154552571
v -0.337646723 -0.102006473 0.0262891799
v -7.55820292e-05 -0.0195782222 0.130709007
v 0.00657227961 -0.0181962028 0.104887724
v 0.00525670312 -0.0184700675 0.130779028
v 0.0100923767 -0.0159642696 0.130837098
v -0.00108072895 -0.0197186023 0.104786985
v -0.00550900958 -0.0192065332 0.130632266
v -0.00873358455 -0.0181962028 0.104675263
v -0.0106406035 -0.0173825733 0.130554408
v -2.0103455e-06 -0.0199998785 0.0270772688
v 0.00765099749 -0.018477479 0.0271779783
v -0.00765486527 -0.018477479 0.0269655138
v 0.0141390581 -0.0141420448 0.02725235
v -0.0152212083 -0.0138607835 0.104569517
v -0.0150897801 -0.0142415985 0.130481288
v -0.0141424891 -0.0141420448 0.0268597715
v -0.0185265616 -0.0100165922 0.130418271
v 0.0130603379 -0.0138607835 0.104962096
v 0.0184744224 -0.00765362661 0.0272890627
v 0.0140727991 -0.0122466488 0.130878881
v 0.0173957031 -0.0073723495 0.104998782
v 0.0169027615 -0.00759294722 0.130901337
v 0.0199970677 -1.19255628e-09 0.0272825006
v 0.0183723774 -0.0023482875 0.130902737
v 0.0189183503 0.000281260669 0.104992218
v 0.0184751917 0.00765360892 0.0272336733
v 0.0183726493 0.00309833721 0.130883023
v 0.0173964705 0.00793487858 0.104943387
v 0.0169035625 0.00834298879 0.130843654
v 0.0140740667 0.0129966987 0.130787537
v 0.0130617591 0.0144233052 0.10485974
v 0.0141404774 0.0141420355 0.0271499939
v 0.0100940187 0.0167143121 0.130718842
v 0.00765285455 0.0184774622 0.0270442516
v 0.00657413434 0.018758731 0.104754001
v 0.00525859697 0.0192201175 0.130642638
v -1.6342483e-16 0.0199998617 0.0269325264
v -7.35783542e-05 0.0203282647 0.1305646
v -0.00107871916 0.0202811304 0.104642242
v -0.00765300868 0.0184774622 0.0268317871
v -0.00550704263 0.0199565757 0.130490541
v -0.00873172749 0.018758731 0.104541533
v -0.0141410688 0.0141420355 0.0267574172
v -0.0106388209 0.0181326084 0.1304259
v -0.0152197871 0.0144233052 0.104467161
v -0.0150883114 0.0149916401 0.13037549
v -0.0184764303 0.00765360892 0.0267207343
v -0.0185255166 0.0107666338 0.13034308
v -0.0195551515 0.00793487858 0.104430452
v -0.0199990794 -1.16828747e-09 0.0267272945
v -0.0206955168 0.00577092171 0.130331025
v -0.0210777968 0.000281260698 0.104437009
v -0.0214373711 0.000375024829 0.130340278
v -0.0184771996 -0.00765362661 0.0267761219
v -0.0206960589 -0.00502087967 0.13037008
v -0.0195559189 -0.0073723495 0.10448584
v 0.0861314535 0.23388274 0.534419894
v 0.0863397717 0.235541016 0.536126196
v 0.0975330248 0.2328787 0.537250042
v 0.0668938309 0.237810165 0.532960176
v 0.0862831548 0.236249521 0.538406432
v 0.108542927 0.230661586 0.540787697
v 0.108050495 0.231547549 0.551988959
v 0.0670866519 0.239496782 0.534765184
v 0.0670519173 0.240130827 0.537160337
v 0.0908164009 0.235595897 0.549818277
v 0.105737962 0.232015863 0.558026254
v 0.124550395 0.227289379 0.562619388
v 0.090494968 0.234839126 0.562137544
v 0.11823386 0.228580624 0.567394495
v 0.140490457 0.222748622 0.572126687
v 0.125318274 0.226031169 0.569894254
v 0.104512215 0.232056856 0.563765645
v 0.0900099576 0.233753115 0.564646721
v 0.117045343 0.225361362 0.569752574
v 0.103213586 0.228537202 0.567572296
v 0.09230645 0.207463309 0.568397105
v 0.0894271135 0.231296867 0.565803587
v 0.0753304809 0.23370032 0.564403534
v 0.0785462111 0.225285456 0.56544894
v 0.0622121543 0.235605165 0.563474536
v 0.0632990599 0.225337774 0.56450516
v 0.0651346445 0.215083465 0.5655635
v 0.0710665435 0.195177764 0.567746282
v 0.0842618272 0.193517283 0.568928123
v 0.0973186642 0.191490009 0.570496678
v 0.110166915 0.18911235 0.572453201
v 0.122809723 0.186384618 0.574818671
v 0.0596346706 0.235467494 0.564142585
v 0.0615134016 0.223271996 0.565750241
v 0.0597437248 0.230791196 0.568192184
v 0.0604506433 0.238287985 0.562231123
v 0.0580387488 0.240039423 0.563605189
v 0.0590940975 0.234908342 0.573047876
v 0.0586022437 0.239701167 0.561524332
v 0.0713527948 0.23797597 0.56050396
v 0.0597152449 0.240020961 0.556319892
v 0.0572700426 0.243023142 0.54838717
v 0.0579937659 0.241663814 0.548234224
v 0.0592682548 0.241121069 0.54678911
v 0.0729311258 0.238988787 0.548169017
v 0.0573558211 0.242041737 0.544661403
v 0.0571881495 0.241756722 0.541081965
v 0.0540257245 0.242455035 0.536658645
v 0.0552198105 0.242607087 0.540619671
v 0.0559328608 0.243644029 0.543151021
v 0.0514027365 0.242351308 0.534090638
v 0.051510632 0.243317187 0.535846829
v 0.0497574694 0.240914583 0.532142103
v 0.0665207803 0.235485196 0.532188594
v 0.0522389486 0.244524971 0.537893414
v 0.0486104302 0.242753148 0.532268524
v 0.0477905124 0.238815814 0.531247854
v 0.201662511 0.189094812 0.559124231
v 0.202968538 0.192225605 0.565667272
v 0.208643645 0.184766814 0.56168133
v 0.20660086 0.183458164 0.560080767
v 0.180394396 0.198132262 0.551701963
v 0.211104155 0.184587955 0.565373302
v 0.19749932 0.197819903 0.569682062
v 0.205309331 0.191393688 0.569684386
v 0.199684441 0.197069168 0.57439965
v 0.20708169 0.190052211 0.573753655
v 0.201408625 0.195662007 0.579356253
v 0.1947418 0.200656697 0.584814727
v 0.192855537 0.202449873 0.579555631
v 0.187430397 0.205616176 0.589931309
v 0.206405237 0.190189272 0.580048919
v 0.213688388 0.181907892 0.570658267
v 0.202674121 0.193614513 0.584318757
v 0.21000196 0.18399772 0.585963249
v 0.196439147 0.197521314 0.592377543
v 0.189138293 0.20283699 0.596758604
v 0.205240235 0.186386153 0.603044033
v 0.191041663 0.197724134 0.610348463
v 0.186918154 0.203498691 0.597055256
v 0.184913293 0.205728441 0.591099739
v 0.184883729 0.202299714 0.597131908
v 0.187872335 0.203383282 0.597149849
v 0.186233878 0.203236178 0.597317278
v 0.188302293 0.197722226 0.612054467
v 0.189185023 0.191800937 0.627153873
v 0.189938635 0.197874933 0.611873329
v 0.190522134 0.192770362 0.627246559
v 0.192838565 0.188570708 0.642707944
v 0.197917551 0.192746028 0.605942905
v 0.199517325 0.188522503 0.619270146
v 0.193005145 0.19323577 0.62383914
v 0.192157194 0.192927286 0.627051234
v -0.181634948 0.266269833 0.0353881642
v -0.181146458 0.263106793 0.0362575501
v -0.181746334 0.258069634 0.0393154398
v -0.0119892657 -0.325415432 0.0351640806
v -0.0121006146 -0.335254043 0.036631301
v -0.0125750508 -0.330940187 0.035443712
v 0.185168117 0.290891409 0.0346841551
v 0.185210198 0.292227924 0.0305697452
v 0.184141248 0.290902019 0.0346770771
v 0.184087723 0.287402332 0.037219923
v 0.185070112 0.283065796 0.037227001
v 0.184183314 0.292238533 0.0305626951
v 0.185224757 0.290890843 0.0264553651
v 0.184197888 0.290901423 0.0264482852
v 0.185206264 0.287390828 0.0239125192
v 0.184134856 0.283075422 0.0239054393
v -0.200651392 0.293500334 0.0346841551
v -0.200609326 0.294836849 0.0305697452
v -0.201678261 0.293510914 0.0346770771
v -0.201731801 0.290011257 0.037219923
v -0.200749412 0.285674721 0.037227001
v -0.201636195 0.294847399 0.0305626951
v -0.200594753 0.293499768 0.0264553651
v -0.201621637 0.293510318 0.0264482852
v -0.200613245 0.289999753 0.0239125192
v -0.201684669 0.285684317 0.0239054393
v -0.2474951 0.152240738 0.74335289
v -0.245476976 0.153821602 0.731435061
v -0.246461421 0.151094079 0.731545925
v -0.247133404 0.156473666 0.753968358
v -0.247453585 0.14692843 0.739803851
v -0.242637724 0.152902618 0.707267046
v -0.246222079 0.14584516 0.72708571
v -0.243588865 0.150153965 0.707143068
v -0.248345718 0.148479864 0.752435267
v -0.238996729 0.159491077 0.716382742
v -0.248576611 0.155946597 0.766868234
v -0.246340469 0.14444074 0.740156472
v -0.248791412 0.15011251 0.762958646
v -0.247711927 0.147653162 0.763404787
v -0.248956129 0.152399927 0.77540344
v -0.248780549 0.155065358 0.788096368
v -0.247733995 0.152648672 0.788605154
v -0.248441666 0.160386458 0.78665024
v -0.245090723 0.143349126 0.727370918
v -0.247476071 0.162022889 0.781833231
v -0.242401108 0.14284651 0.727694631
v -0.243851438 0.142844111 0.71681881
v -0.243507117 0.145072371 0.704987943
v -0.240391076 0.142731249 0.691093802
v -0.241576716 0.145237461 0.691012263
v -0.239650473 0.142089784 0.705529451
v -0.238372788 0.143590897 0.677028954
v -0.237371355 0.142351046 0.68929261
v -0.240120783 0.150978073 0.682262897
v -0.226525173 0.146521911 0.71857059
v -0.237327456 0.147810504 0.661572933
v -0.240960836 0.1531014 0.694980562
v -0.237301037 0.159540266 0.704108357
v -0.233267069 0.161327451 0.678690076
v -0.237999633 0.154395834 0.674296021
v -0.236990854 0.153168321 0.660675287
v -0.231017709 0.16724205 0.706123352
v -0.236086369 0.155907854 0.661178887
v -0.229130358 0.167832777 0.693996191
v -0.231123731 0.163005993 0.665708482
v -0.235126555 0.155226231 0.647696793
v -0.229043871 0.165166572 0.652787745
v -0.227037534 0.168948472 0.681263626
v -0.221726611 0.174546018 0.695622563
v -0.224874541 0.170566335 0.668281496
v -0.219627753 0.175620064 0.683046341
v -0.222773537 0.172666296 0.655401051
v -0.217455462 0.177188277 0.670221984
v -0.223599702 0.173981845 0.707573295
v -0.209597096 0.183615997 0.66539222
v -0.212997302 0.181140736 0.687496245
v -0.214462385 0.180712864 0.705413759
v -0.225159839 0.173951432 0.718983471
v -0.215357944 0.179237798 0.657519937
v -0.220790491 0.175263226 0.642636716
v -0.213391885 0.181785613 0.644948661
v -0.227073476 0.167821541 0.639897704
v -0.21892646 0.178397238 0.629760623
v -0.234226391 0.157956958 0.648315966
v -0.232424214 0.160556167 0.63550806
v -0.225214899 0.171011806 0.626860976
v -0.211551875 0.184869364 0.632270157
v -0.21718128 0.182104409 0.616565824
v -0.206478924 0.187506929 0.644920707
v -0.23158887 0.161002487 0.621944189
v -0.23069711 0.1636893 0.622780859
v -0.223469481 0.174774006 0.61351788
v -0.229020864 0.167381823 0.61006844
v -0.215554968 0.186386153 0.603044033
v -0.221837267 0.179109275 0.599862874
v 0.0447016805 0.264053911 0.533256412
v 0.0297456663 0.219635457 0.529471934
v 0.0345426314 0.254564971 0.531549513
v 0.0227426328 0.243956506 0.530603349
v 0.0430532433 0.264161527 0.532418251
v 0.0148426313 0.237075329 0.530048728
v 0.0158426315 0.243959576 0.530445218
v 0.0345194042 0.262465358 0.531981885
v 0.00884263124 0.253953159 0.530873656
v 0.0158426315 0.253950864 0.530992091
v 0.00884263124 0.243961841 0.530327141
v 0.00284263189 0.243963078 0.530263484
v -0.00515736826 0.237085849 0.529856563
v -0.0131573686 0.253954381 0.530809879
v 0.00284263189 0.253954381 0.530809879
v -0.0131573686 0.243963078 0.530263484
v -0.0251573678 0.237075329 0.530048728
v -0.0191573668 0.243961841 0.530327141
v -0.0191573668 0.253953159 0.530873656
v -0.026157368 0.243959576 0.530445218
v -0.026157368 0.253950864 0.530992091
v -0.0330573693 0.243956506 0.530603349
v -0.04450031 0.235485777 0.530490518
v -0.0448573679 0.254564971 0.531549513
v -0.058105249 0.238815814 0.531247854
v -0.0666889846 0.233127639 0.531396687
v -0.0535016805 0.263816118 0.532405138
v -0.0448573679 0.262161732 0.53196609
v -0.0467883609 0.268304348 0.53237462
v -0.0432986356 0.264111787 0.532017648
v -0.0550164133 0.264053911 0.533256412
v -0.076835528 0.235485196 0.532188594
v -0.0901166946 0.229241475 0.53295058
v -0.096020475 0.231653064 0.533676863
v -0.0772085711 0.237810165 0.532960176
v -0.0964462012 0.23388274 0.534419894
v -0.0774013996 0.239496782 0.534765184
v -0.060072206 0.240914583 0.532142103
v -0.061717473 0.242351308 0.534090638
v -0.0589251667 0.242753148 0.532268524
v -0.0625536814 0.244524971 0.537893414
v -0.0643404648 0.242455035 0.536658645
v -0.0773666576 0.240130827 0.537160337
v -0.0675028861 0.241756722 0.541081965
v -0.0695829913 0.241121069 0.54678911
v -0.065534547 0.242607087 0.540619671
v -0.0676705539 0.242041737 0.544661403
v -0.0683085024 0.241663814 0.548234224
v -0.0662475973 0.243644029 0.543151021
v -0.0619249791 0.261729419 0.54223609
v -0.0675847754 0.243023142 0.54838717
v -0.0637887642 0.261475384 0.545907557
v -0.0613393895 0.263361037 0.542924404
v -0.0532196835 0.265990317 0.533066273
v -0.0634210408 0.26303345 0.548628569
v -0.0643702149 0.261347055 0.549444497
v -0.0680237859 0.241597176 0.560154736
v -0.0689169839 0.239701167 0.561524332
v -0.068763338 0.237866223 0.565274537
v -0.0696620792 0.233184174 0.569859445
v -0.0694067106 0.234890267 0.572713912
v -0.0670814514 0.259815216 0.702615798
v -0.0715041384 0.234600991 0.701120436
v -0.0679238662 0.260646671 0.707497776
v -0.0652170032 0.261763006 0.647983789
v -0.0663072616 0.261697948 0.704797089
v -0.0661080629 0.261537433 0.702186286
v -0.0642931834 0.262289107 0.702602983
v -0.062496379 0.263094991 0.594322383
v -0.0677604154 0.262676597 0.709311783
v -0.0702801123 0.262121379 0.711766541
v -0.071677655 0.265247881 0.715239942
v -0.0652129874 0.26288408 0.707389832
v -0.0655404255 0.26443696 0.7119928
v -0.0624835864 0.267068237 0.716919303
v -0.0725355819 0.265652061 0.717164934
v -0.0593016036 0.265300989 0.711314738
v -0.0651867762 0.267079562 0.73310262
v -0.0597441792 0.26311475 0.704251051
v -0.0538692325 0.265151322 0.703282893
v -0.0582289547 0.263371676 0.700764
v -0.0611048713 0.262639761 0.678334415
v -0.052458901 0.268193603 0.713354647
v -0.0452447794 0.269016623 0.719712555
v -0.0482446402 0.268530995 0.706558287
v -0.063410446 0.262522459 0.648022592
v -0.0577889793 0.263453752 0.654748678
v -0.0572417229 0.263918757 0.607661963
v -0.0572513565 0.264503568 0.560251534
v -0.0542401969 0.264718801 0.678322375
v -0.0536765195 0.265072137 0.631162345
v -0.0533735119 0.265565306 0.58396548
v -0.0574458428 0.264876455 0.540193021
v -0.0534211062 0.266474068 0.534458399
v -0.0463546962 0.270314842 0.534380376
v -0.0483240187 0.26827994 0.637694955
v -0.0478050299 0.269019753 0.578198135
v -0.0485926941 0.269285113 0.537715256
v -0.0459196828 0.270100981 0.555796206
v -0.0463494137 0.269775867 0.532993495
v -0.0493198149 0.267698914 0.698422372
v -0.0468770713 0.268669248 0.66899085
v -0.0308888517 0.270945102 0.532583117
v -0.0308911595 0.271484375 0.533971965
v -0.0252085347 0.271777928 0.533864915
v -0.0252214298 0.270207644 0.666193724
v -0.00515736826 0.272231281 0.533695757
v -0.0151417498 0.271579504 0.532347739
v -0.0151166692 0.270228773 0.531717062
v -0.027442757 0.265210867 0.531635046
v -0.00515736826 0.26592198 0.531433344
v 0.0048270137 0.271579504 0.532347739
v 0.00480193365 0.270228773 0.531717062
v 0.00370070897 0.265815258 0.53146559
v 0.0171280205 0.265210867 0.531635046
v 0.0326823033 0.264156371 0.532009661
v 0.0359299928 0.268433034 0.53236115
v 0.0205741152 0.270945102 0.532583117
v 0.0360346809 0.269775867 0.532993495
v 0.0431063697 0.266474068 0.534458399
v 0.0148937982 0.271777928 0.533864915
v 0.0360399596 0.270314842 0.534380376
v 0.0349300429 0.270281851 0.545732439
v 0.0382779576 0.269285113 0.537715256
v 0.0471311063 0.264876455 0.540193021
v 0.0430587754 0.265565306 0.58396548
v 0.0374902971 0.269019753 0.578198135
v 0.0365623347 0.268669248 0.66899085
v 0.0149066932 0.270207644 0.666193724
v 0.0380092859 0.26827997 0.637694955
v 0.0468552038 0.26417169 0.583994925
v -0.00515736826 0.270546913 0.677639484
v -0.0252214298 0.270068377 0.692959368
v 0.0149066932 0.270068377 0.692959368
v -0.00515736826 0.270642996 0.70855844
v 0.0368523672 0.268531859 0.691342652
v -0.0471671037 0.268531859 0.691342652
v 0.0149066932 0.27016446 0.706342459
v 0.0388802774 0.267745942 0.691336334
v 0.0379299037 0.268530995 0.706558287
v -0.0252214298 0.27016446 0.706342459
v -0.0223999526 0.271049708 0.741291046
v -0.0425657816 0.269826114 0.741828084
v -0.00333377207 0.271376044 0.741165161
v -0.0568989143 0.268406898 0.74257946
v -0.0708961412 0.266578346 0.743706286
v -0.0850069523 0.264285892 0.745219231
v -0.0424187817 0.269071519 0.743917108
v -0.0705911219 0.265852094 0.745785832
v -0.00697448384 0.270596981 0.743272722
v 0.0120234173 0.270276636 0.7433936
v 0.0120852152 0.271049708 0.741291046
v 0.0322510451 0.269826114 0.741828084
v 0.0349300429 0.269016623 0.719712555
v 0.0321040452 0.269071519 0.743917108
v 0.0463614911 0.267668366 0.744659841
v 0.0460701026 0.265704632 0.745650768
v 0.0318993442 0.267087281 0.744904995
v 0.0300420616 0.238140687 0.747316241
v 0.0148426611 0.239074945 0.746570647
v 0.0172211789 0.26803717 0.744467258
v -0.000749618979 0.253892034 0.745230377
v 0.00484263198 0.239408538 0.746286511
v -0.000205520148 0.268696874 0.744243801
v -0.0112416446 0.239478543 0.746227562
v -0.0275359135 0.26803717 0.744467258
v -0.0251573958 0.239074945 0.746570647
v -0.0422140807 0.267087281 0.744904995
v -0.0403567962 0.238140687 0.747316241
v -0.0702105612 0.263895273 0.746771336
v -0.0554150939 0.236703932 0.748302639
v -0.0702624246 0.23478435 0.74942565
v -0.0848767385 0.232400879 0.750721276
v -0.0960781202 0.261251569 0.74876678
v -0.106691048 0.256441057 0.751298547
v -0.0922201201 0.244843721 0.750485301
v -0.0992924199 0.229561836 0.752272785
v 0.0206893254 0.304231465 1.12804222
v -0.00515736826 0.303840667 1.12755644
v 0.0149527201 0.292467356 1.11269104
v 0.0149270911 0.282869965 1.09877193
v -0.00515736826 0.293125749 1.11328745
v -0.0252418276 0.282869965 1.09877193
v -0.0310040601 0.304231465 1.12804222
v -0.025269039 0.292993069 1.11340189
v -0.0487508141 0.303229392 1.12802052
v -0.0372886397 0.295798838 1.11785865
v -0.0374367796 0.287201375 1.10570037
v -0.0417961553 0.282386452 1.09877193
v -0.0509954207 0.28696695 1.10632968
v -0.0606475994 0.281318367 1.09871614
v -0.0643909872 0.294961721 1.11923599
v -0.0645347759 0.286499649 1.1070329
v 0.194473088 0.188730225 0.642499804
v 0.195105791 0.189224571 0.637914836
v 0.201237157 0.184869364 0.632270157
v 0.206866547 0.182104409 0.616565824
v 0.195214123 0.185277775 0.65835458
v 0.193891034 0.184279874 0.658377349
v 0.196298674 0.181944475 0.674172759
v 0.196936086 0.186382607 0.650006533
v 0.196849033 0.185437679 0.65813452
v 0.197617427 0.182950914 0.67409122
v 0.200045988 0.181447744 0.689866245
v 0.201185554 0.179553837 0.705830991
v 0.199254662 0.183107808 0.673859894
v 0.205043212 0.179237798 0.657519937
v 0.203077167 0.181785613 0.644948661
v 0.202503145 0.1805664 0.705664873
v 0.204336748 0.179836959 0.721595526
v 0.201687396 0.181598991 0.689624608
v 0.20657298 0.180361748 0.721242368
v 0.208611727 0.178397253 0.629760623
v 0.204147667 0.180712864 0.705413759
v 0.210475773 0.175263226 0.642636716
v 0.214900181 0.171011806 0.626860976
v 0.211411878 0.174546018 0.695622563
v 0.216758743 0.167821541 0.639897704
v 0.213154748 0.174774006 0.61351788
v 0.211522534 0.179109275 0.599862874
v 0.220382392 0.1636893 0.622780859
v 0.215465128 0.176335588 0.584792614
v 0.218706131 0.167381823 0.61006844
v 0.222109482 0.160556167 0.63550806
v 0.221274137 0.161002487 0.621944189
v 0.217951834 0.168979093 0.59637624
v 0.214622587 0.179158017 0.569917679
v 0.213533208 0.181844726 0.567216575
v 0.213471264 0.175787672 0.565492392
v 0.212823153 0.180682302 0.564913988
v 0.209981814 0.181970045 0.561856866
v 0.212527201 0.176487908 0.564038873
v 0.209187418 0.178252742 0.561029732
v 0.212211654 0.173770726 0.564971209
v 0.214831889 0.174089253 0.569708824
v 0.21365653 0.171871096 0.568836033
v 0.205924466 0.177450851 0.560155451
v 0.190688789 0.186283693 0.554517627
v 0.17523396 0.190760404 0.550181448
v 0.215028584 0.167106122 0.579845607
v 0.211064413 0.171287045 0.568893909
v 0.207932368 0.174747974 0.563138127
v -0.33054629 -0.0737446472 0.000386379834
v -0.323309422 -0.0785909891 6.0970684e-05
v -0.330592811 -0.0785160512 1.08303084e-05
v -0.323222727 -0.0691656172 0.00155382999
v -0.333947271 -0.0718021616 0.00122701714
v -0.330506116 -0.0690906867 0.00150368956
v -0.330473244 -0.0646687448 0.00333532435
v -0.335704565 -0.0658322945 0.00424981397
v -0.323165059 -0.0606626496 0.00588628883
v -0.330448449 -0.0605877191 0.00583614828
v -0.335671663 -0.0603128597 0.00771783199
v -0.330432415 -0.0569480993 0.00894457754
v -0.323142081 -0.0539144278 0.012634214
v -0.337121427 -0.0723020509 0.00353841856
v -0.333847135 -0.0550144687 0.0117752664
v -0.330425441 -0.0538394973 0.0125841042
v -0.330427825 -0.051338464 0.0166650675
v -0.323156029 -0.0495815091 0.0211371444
v -0.333849519 -0.051438313 0.0174662154
v -0.337029308 -0.0568528436 0.0132456338
v -0.337031484 -0.053561829 0.0184828155
v -0.330439419 -0.0495065786 0.0210870039
v -0.335678458 -0.0500817895 0.0239991434
v -0.330459952 -0.0483889505 0.0257410258
v -0.32320556 -0.0480880402 0.0305626802
v -0.335715532 -0.0493514985 0.0304766521
v -0.33048892 -0.0480130874 0.0305125415
v -0.330525637 -0.04838828 0.0352840573
v -0.335767627 -0.0500808693 0.036954131
v -0.330569148 -0.0495052375 0.0399380773
v -0.225598261 0.215452597 0.992611349
v -0.194964632 0.21525453 0.982423365
v -0.230632916 0.208582148 0.97170651
v -0.234197289 0.203355566 0.950048804
v -0.236871645 0.19080399 0.920443535
v -0.239667565 0.187715292 0.903515995
v -0.228914127 0.218501523 0.99189198
v -0.235323802 0.20433791 0.937188506
v -0.240177259 0.190447569 0.894815326
v -0.236758977 0.199960187 0.915051937
v -0.24209331 0.184113652 0.86456883
v -0.230098203 0.219232947 0.979128659
v -0.231687903 0.214281768 0.957148254
v -0.22354953 0.234631166 1.03334451
v -0.22367239 0.237702057 1.01953328
v -0.222060129 0.243178844 1.04140794
v -0.218126222 0.251476377 1.07452023
v -0.218284592 0.254208535 1.06077814
v -0.212251499 0.274396092 1.11470473
v -0.222630829 0.23132354 0.984588146
v -0.217179239 0.24732089 1.0260222
v -0.227911532 0.216253504 0.942692876
v -0.233007178 0.202043995 0.900491059
v -0.219123155 0.229927078 0.961277425
v -0.213774756 0.245297059 1.00258911
v -0.240844578 0.177363545 0.817708015
v -0.24545902 0.172614574 0.823289633
v -0.247347981 0.163127452 0.78638196
v -0.224330246 0.215415865 0.919495106
v -0.229175463 0.201748967 0.877577186
v -0.241180897 0.170441255 0.784260094
v -0.235506937 0.179230452 0.797870874
v -0.214648172 0.228213295 0.938981116
v -0.219657049 0.214250192 0.897653759
v -0.209403098 0.242958605 0.980065763
v -0.212377653 0.221843809 0.906627417
v -0.206464037 0.238845855 0.956243515
v -0.224173099 0.201214716 0.856114209
v -0.216701522 0.208607927 0.864077032
v -0.227396056 0.190035418 0.817276537
v -0.219897479 0.196403146 0.82106638
v -0.230492577 0.180324703 0.782267332
v -0.221131697 0.190779075 0.799459279
v -0.237458408 0.174424618 0.783655763
v -0.216536701 0.202914253 0.84232682
v -0.235703573 0.176621914 0.77987051
v -0.233381078 0.178084776 0.781812131
v -0.222061723 0.186386198 0.780949533
v -0.230656043 0.180271864 0.781071484
v -0.22413978 0.185190246 0.779536724
v -0.220120385 0.186964259 0.780928791
v -0.21920903 0.191297278 0.799230158
v -0.22053583 0.187308311 0.778785467
v 0.0556920506 0.0438777655 0.128331661
v 0.0429798923 0.0567872934 0.128108457
v 0.0630656332 0.0722310022 0.124118075
v 0.0306385346 0.0451938026 0.130089119
v 0.0353998393 0.0620000847 0.127984375
v 0.020573983 0.0645032749 0.128349647
v 0.0421904065 0.0340548642 0.130289793
v 0.0484877117 0.032964509 0.129947364
v 0.0471072271 0.0292407554 0.130254731
v 0.0463982299 0.0254966598 0.130468786
v 0.0343522094 0.0140644852 0.130998835
v 0.0468724817 0.0177434795 0.13070111
v 0.048101496 0.013933802 0.130730376
v 0.0251587443 0.0279627256 0.13082093
v 0.00552352937 0.0380590521 0.130511805
v 0.0163674578 0.0525319241 0.129864439
v 0.0151387285 0.057980448 0.129358128
v 0.0119492346 0.055455979 0.129652217
v 0.00861395337 0.053631898 0.129828766
v 0.0100940187 0.0167143121 0.130718842
v 0.0140740667 0.0129966987 0.130787537
v 0.00525859697 0.0192201175 0.130642638
v 0.0169035625 0.00834298879 0.130843654
v 0.0183726493 0.00309833721 0.130883023
v 0.000981238787 0.051676333 0.129939675
v -7.35783542e-05 0.0203282647 0.1305646
v -0.00680113398 0.0523269512 0.129769072
v -0.0213982761 0.0330859385 0.1301561
v -0.00550704263 0.0199565757 0.130490541
v -0.0106388209 0.0181326084 0.1304259
v -0.0301329587 0.0474149883 0.129237488
v -0.0138800228 0.055453632 0.12931326
v -0.0150883114 0.0149916401 0.13037549
v -0.0195196774 0.0607146174 0.128510013
v -0.0185255166 0.0107666338 0.13034308
v -0.0413393714 0.0600077547 0.126926333
v -0.0206955168 0.00577092171 0.130331025
v -0.0497921929 0.0838176161 0.122509524
v -0.0646958053 0.120524399 0.115233377
v -0.0486393161 0.0544086397 0.126845285
v -0.0424681045 0.0371491127 0.129103392
v -0.0496759266 0.0301127881 0.128888518
v -0.0527644269 0.0368685238 0.128134832
v -0.0489734188 0.026380267 0.129128024
v -0.0494740307 0.0185195561 0.12935929
v -0.0856499225 0.085544996 0.117900819
v -0.0393480398 0.00595446955 0.130005121
v -0.0524976365 0.0113174915 0.129283175
v -0.0214373711 0.000375024829 0.130340278
v -0.0206960589 -0.00502087967 0.13037008
v -0.060069263 0.0769339725 0.12239176
v -0.0687313676 0.101058133 0.117866457
v -0.0900120437 0.116107009 0.113094486
v -0.121275038 0.138144508 0.1057624
v -0.0960764959 0.142045662 0.108390018
v -0.0931594148 0.158320442 0.106078312
v -0.134828448 0.174750403 0.0983684137
v -0.163002491 0.199627057 0.0905342773
v -0.137797296 0.217722699 0.0908154994
v -0.057656724 0.00554507645 0.128886238
v -0.0565347113 0.000372079929 0.129041255
v -0.0609548986 0.00333928876 0.128535375
v -0.0541990176 -0.015505529 0.129131138
v -0.0687377155 0.00027216546 0.127409875
v 0.00505475653 -0.0711296275 0.128045008
v 0.0179452393 -0.0825534686 0.126005039
v 0.00115938659 -0.0961345881 0.12386813
v 0.0186713263 -0.059344884 0.129474699
v 0.000581810949 -0.0547027811 0.130033448
v 0.016426485 -0.133926436 0.117372923
v -0.0067946054 -0.145500258 0.115196526
v -0.0205579158 -0.134222925 0.116768122
v -0.0195470285 -0.181660488 0.108330712
v 0.0201275572 -0.0520535484 0.130154908
v 0.00551974354 -0.0373095013 0.130784541
v 0.0217479933 -0.04861762 0.130381167
v 0.0267681535 -0.0425491408 0.130638674
v 0.0300112944 -0.040202748 0.130676791
v 0.0319761224 -0.01838056 0.13108328
v 0.0100923767 -0.0159642696 0.130837098
v 0.0372403935 -0.0373533219 0.130569145
v 0.0140727991 -0.0122466488 0.130878881
v 0.0169027615 -0.00759294722 0.130901337
v 0.0183723774 -0.0023482875 0.130902737
v 0.0500415079 -0.0193154961 0.130591944
v 0.041022718 -0.0368682444 0.130409539
v 0.044994507 -0.037027061 0.130152196
v 0.048696734 -0.0378079899 0.129813537
v 0.0523221903 0.00728064915 0.130603269
v 0.0535314418 -0.00365080824 0.130583674
v 0.0550901629 0.00467439461 0.130434901
v 0.0615781583 0.00102573587 0.129851803
v 0.0703355223 -0.0021563624 0.128701538
v 0.0674184337 -0.0200391598 0.128725767
v 0.0622475855 -0.0328215249 0.128700256
v 0.0947793797 -0.0517395847 0.122786038
v 0.0869166851 -0.0386938229 0.124850646
v 0.106853314 -0.0153327994 0.122822262
v 0.112489752 -0.0415010564 0.120898068
v 0.166214257 -0.0734476969 0.110517636
v 0.0059911143 0.268003702 0.417293429
v -0.00515736826 0.268147558 0.416559547
v -0.00515736826 0.267992496 0.43317163
v 0.0059911143 0.267574787 0.410748422
v -0.0163058508 0.268003702 0.417293429
v 0.0171280205 0.267178863 0.412323445
v -0.00515736826 0.266629875 0.402651638
v -0.0163058508 0.267574787 0.410748392
v -0.0163058508 0.267881483 0.430327058
v 0.0059911143 0.265468001 0.397807389
v 0.0171280205 0.265177786 0.398964167
v -0.00515736826 0.263237447 0.389081657
v -0.0163058508 0.265468001 0.397807389
v -0.027442757 0.267178833 0.412323445
v -0.027442757 0.265177786 0.398964167
v -0.027442757 0.267431557 0.426244885
v -0.0163058508 0.265968233 0.52112484
v -0.027442757 0.265210867 0.531635046
v -0.00515736826 0.26592198 0.531433344
v -0.0429970399 0.266474873 0.421629339
v -0.0432986356 0.264111787 0.532017648
v -0.0443201289 0.263855428 0.516331792
v -0.0448573679 0.262161732 0.53196609
v 0.0059911143 0.267881483 0.430327058
v 0.00370070897 0.265815258 0.53146559
v 0.0171280205 0.265210867 0.531635046
v 0.0171280205 0.267431587 0.426244885
v 0.0326823033 0.264156371 0.532009661
v 0.0326823033 0.266474873 0.421629339
v 0.0326823033 0.266257197 0.414035439
v 0.0340053923 0.263855428 0.516331792
v 0.0345194042 0.262465358 0.531981885
v 0.0340053923 0.265843719 0.421623677
v 0.0345426314 0.264479846 0.421611428
v 0.0345426314 0.254564971 0.531549513
v 0.0340053923 0.265627414 0.414077252
v 0.0326823033 0.265479803 0.406554222
v 0.0345426314 0.263504446 0.406834185
v 0.0340053923 0.263526887 0.399267197
v 0.0326823033 0.264143497 0.399132252
v 0.0326823033 0.262419283 0.392379999
v 0.0171280205 0.262032449 0.387704611
v 0.0340053923 0.259814411 0.386500716
v 0.0345426314 0.258537769 0.386980891
v 0.0326823033 0.260405153 0.38627851
v 0.0345426314 0.253169775 0.375851423
v 0.0326823033 0.25789544 0.380418628
v 0.0340053923 0.254340321 0.375151277
v 0.0171280205 0.257313728 0.376984298
v 0.0326823033 0.253088236 0.371983379
v 0.0340053923 0.248810321 0.367203563
v 0.0059911143 0.259060293 0.379197687
v 0.220177859 0.180324703 0.782267332
v 0.227143675 0.174424618 0.783655763
v 0.22106196 0.181283027 0.777415991
v 0.215565279 0.186590612 0.77716881
v 0.230866164 0.170441255 0.784260094
v 0.216120496 0.1865343 0.775353849
v 0.20736073 0.195400372 0.772471845
v 0.22012046 0.179239333 0.761211395
v 0.233643547 0.163517892 0.766541719
v 0.237033248 0.163127452 0.78638196
v 0.230529845 0.17736356 0.817708015
v 0.226632103 0.168693915 0.748167217
v 0.221346304 0.175128937 0.747367561
v 0.236818686 0.156473666 0.753968358
v 0.224722981 0.169597968 0.746227503
v 0.220071271 0.173524752 0.744921982
v 0.231164575 0.161170512 0.741044462
v 0.216065824 0.174486578 0.73036921
v 0.209747791 0.180682734 0.741933346
v 0.22359103 0.167740956 0.729275823
v 0.214845106 0.173951432 0.718983471
v 0.220702991 0.16724205 0.706123352
v 0.213284969 0.173981845 0.707573295
v 0.218815625 0.167832777 0.693996191
v 0.226986319 0.159540266 0.704108357
v 0.216722816 0.168948472 0.681263626
v 0.222952351 0.161327451 0.678690076
v 0.232322991 0.152902618 0.707267046
v 0.235162243 0.153821602 0.731435061
v 0.20931302 0.175620064 0.683046341
v 0.214559808 0.170566335 0.668281496
v 0.207140729 0.177188277 0.670221984
v 0.212458819 0.172666311 0.655401051
v 0.220809013 0.163005993 0.665708482
v 0.218729138 0.165166572 0.652787745
v 0.223911673 0.157956958 0.648315966
v 0.225771636 0.155907854 0.661178887
v 0.224811822 0.155226231 0.647696793
v 0.2276849 0.154395834 0.674296021
v 0.223204732 0.152543172 0.634607792
v 0.219418898 0.160182327 0.605901361
v 0.227012724 0.147810504 0.661572933
v 0.229806066 0.150978073 0.682262897
v 0.230646104 0.1531014 0.694980562
v -0.101131141 0.235595897 0.549818277
v -0.0832458735 0.238988772 0.548169017
v -0.100809708 0.234839126 0.562137544
v -0.0816675425 0.23797597 0.56050396
v -0.0700299814 0.240020961 0.556319892
v -0.0707653835 0.238287985 0.562231123
v -0.100324698 0.233753115 0.564646721
v -0.0725268945 0.235605165 0.563474476
v -0.0699494109 0.235467494 0.564142585
v -0.0720986873 0.222549945 0.565644562
v -0.0706101134 0.227532208 0.566782713
v -0.0754493847 0.215083465 0.5655635
v -0.0997418612 0.231296867 0.565803587
v -0.0813812837 0.195177749 0.567746282
v -0.10262119 0.207463309 0.568397105
v -0.0945765674 0.193517283 0.568928123
v -0.107633404 0.191489995 0.570496678
v -0.113528326 0.228537202 0.567572296
v -0.127360091 0.225361347 0.569752574
v -0.120481662 0.18911235 0.572453201
v -0.133124471 0.186384618 0.574818671
v -0.114236027 0.231037393 0.566373408
v -0.114826955 0.232056856 0.563765645
v -0.135633007 0.226031169 0.569894254
v -0.142182663 0.221898124 0.572556734
v -0.156198218 0.2050405 0.577326238
v -0.141666189 0.184327304 0.576673269
v -0.155987114 0.180538803 0.580227554
v -0.149974525 0.221249253 0.573893845
v -0.173059285 0.199854448 0.582044005
v -0.171036825 0.176215932 0.584528387
v -0.171657786 0.214887291 0.579547405
v -0.172160923 0.215787694 0.578818202
v -0.183430538 0.182830557 0.587114036
v -0.185842738 0.171501502 0.590143144
v -0.186706319 0.208607361 0.584635258
v -0.187793836 0.210554078 0.583648622
v -0.189912334 0.206842586 0.58640939
v -0.190904424 0.209055901 0.585377872
v 0.234825835 0.1503966 0.719462276
v 0.231261998 0.145237461 0.691012263
v 0.234690562 0.14532502 0.716594994
v 0.237180367 0.152240738 0.74335289
v 0.237138852 0.14692843 0.739803851
v 0.238261893 0.155946597 0.766868234
v 0.238030985 0.148479864 0.752435267
v 0.238476679 0.15011251 0.762958646
v 0.236025736 0.14444074 0.740156472
v 0.237397209 0.147653162 0.763404787
v 0.238641396 0.152399927 0.77540344
v 0.238126934 0.160386458 0.78665024
v 0.237419263 0.152648672 0.788605154
v 0.237997606 0.158079028 0.801110446
v 0.23738347 0.164952099 0.805273771
v 0.236266375 0.159042358 0.815043688
v 0.235144287 0.172614574 0.823289633
v 0.236370519 0.165058285 0.828284085
v 0.234693766 0.175385624 0.844334245
v 0.231778577 0.184113652 0.86456883
v 0.234393314 0.1550093 0.801687002
v 0.222692445 0.202043995 0.900491059
v 0.218860731 0.201748967 0.877577186
v 0.214015514 0.215415865 0.919495106
v 0.217596799 0.216253504 0.942692876
v 0.208808422 0.229927078 0.961277425
v 0.221373171 0.214281768 0.957148254
v 0.212316096 0.231323555 0.984588146
v 0.203460023 0.245297059 1.00258911
v 0.229862541 0.190447569 0.894815326
v 0.206864521 0.24732089 1.0260222
v 0.225009084 0.20433791 0.937188506
v 0.213357672 0.237702057 1.01953328
v 0.197957754 0.261610299 1.04339576
v 0.219783485 0.219232962 0.979128659
v 0.207969859 0.254208535 1.06077814
v 0.201239824 0.264284164 1.06697428
v 0.192215264 0.279067338 1.08414674
v 0.194317609 0.282324106 1.10269392
v 0.206297264 0.260287434 1.08249986
v 0.201296449 0.275737673 1.10977733
v 0.202165231 0.27380392 1.11290073
v 0.201568514 0.27596873 1.11420107
v 0.202308849 0.269042164 1.11540473
v 0.193672836 0.284160584 1.10976803
v 0.201432526 0.275065422 1.11709654
v 0.199621305 0.278746724 1.11685681
v 0.190384731 0.286851615 1.10639656
v 0.189969301 0.286947608 1.11461258
v 0.183949307 0.291280776 1.10851979
v 0.195965096 0.28180626 1.12100482
v 0.199253798 0.278540164 1.1201148
v 0.180204764 0.292413801 1.11331832
v 0.177075952 0.294242144 1.11012101
v 0.175734207 0.292710662 1.11703312
v 0.192381695 0.283907115 1.12287271
v 0.184891939 0.287016928 1.12403691
v 0.182009682 0.286682725 1.12579083
v 0.188411921 0.284102708 1.1260215
v -0.0185265616 -0.0100165922 0.130418271
v -0.0150897801 -0.0142415985 0.130481288
v -0.0299780555 -0.0251980349 0.130247951
v -0.0303034801 -0.0420744978 0.129846305
v -0.0335368402 -0.0397149883 0.12979129
v -0.0106406035 -0.0173825733 0.130554408
v -0.0253576096 -0.0480676331 0.129738986
v -0.00550900958 -0.0192065332 0.130632266
v -0.0153690269 -0.0529475138 0.129805699
v -0.0237249658 -0.0515129901 0.129563779
v -0.0222383868 -0.0590949468 0.128905907
v -7.55820292e-05 -0.0195782222 0.130709007
v 0.00525670312 -0.0184700675 0.130779028
v -0.0132928845 -0.0704288557 0.127787784
v -0.0216996651 -0.0823122188 0.125453666
v -0.00414159102 -0.0713683814 0.127918214
v 0.33650586 -0.0953470245 0.00591894099
v 0.336579978 -0.0895091966 0.00387609471
v 0.337368041 -0.0833704919 0.00506304577
v 0.337096065 -0.0918433592 0.00752395205
v 0.336649954 -0.0866709426 0.00710644154
v 0.337613732 -0.0820258334 0.0189054534
v 0.337655246 -0.0716321841 0.0284140296
v 0.33785066 -0.0833754689 0.030814603
v 0.337473661 -0.092703782 0.0232948866
v 0.337544084 -0.0750559568 0.0394399688
v 0.337387145 -0.0890068337 0.0413871109
v 0.336359382 -0.0830488577 0.0547321141
v 0.336573154 -0.0667552203 0.0480341762
v 0.33721745 -0.0673147216 0.0509398766
v 0.336259723 -0.0946139768 0.0519224815
v 0.336949915 -0.0748905316 0.0540938377
v 0.336561501 -0.0617652237 0.0480266996
v 0.336409837 -0.0713752285 0.0556910671
v 0.333377481 -0.0621043406 0.0520067737
v 0.335132927 -0.0651965588 0.0535544716
v 0.329964012 -0.0617247038 0.0523277558
v 0.322621793 -0.0652889609 0.0553860441
v 0.329905182 -0.0653638914 0.0554361865
v 0.329845965 -0.0694445595 0.0579369776
v 0.335052282 -0.0707155019 0.0570225194
v 0.322504491 -0.0737912953 0.059718471
v 0.32978785 -0.0738662407 0.0597686134
v 0.33320412 -0.0740519464 0.0593288243
v 0.329732269 -0.0785200521 0.0608859509
v 0.322397262 -0.0832164511 0.061211329
v 0.33497414 -0.076867871 0.0591754429
v 0.333149433 -0.0786314234 0.0604282804
v 0.329680592 -0.0832913965 0.0612614714
v 0.334902495 -0.0833451226 0.0599052683
v 0.336335719 -0.0772130638 0.057733912
v 0.337013572 -0.083366856 0.0565570332
v 0.3296341 -0.0880628079 0.0608859509
v 0.322310537 -0.0926418155 0.059718471
v 0.333052814 -0.0880217627 0.0604282804
v 0.329593897 -0.0927167684 0.0597686134
v 0.334840894 -0.0898224711 0.0591754429
v 0.333013266 -0.0926013961 0.0593288243
v 0.329560995 -0.0971387029 0.0579369776
v 0.32225287 -0.101144776 0.0553860441
v 0.334792376 -0.0959751382 0.0570225194
v 0.336959064 -0.0890959799 0.0559115261
v 0.329536259 -0.101219714 0.0554361828
v 0.334759474 -0.101494581 0.0535544679
v 0.329520196 -0.104859337 0.0523277558
v 0.322229892 -0.107892998 0.0486380868
v 0.332940727 -0.104550049 0.0520067699
v 0.329513282 -0.107967936 0.0486882292
v 0.332933903 -0.107608996 0.0484253801
v 0.0934583619 0.0978254452 0.11751093
v 0.0889935121 0.115013413 0.115583286
v 0.120719306 0.136672065 0.109125584
v 0.063362062 0.119327776 0.117107794
v 0.0955028087 0.14087525 0.111053653
v 0.0928456858 0.157178342 0.108665809
v 0.134915024 0.173102468 0.102118813
v 0.165685594 0.200599924 0.0943904221
v 0.138609335 0.21602352 0.0946617201
v 0.135085285 0.244498491 0.756802142
v 0.135783777 0.245070115 0.754568756
v 0.124480754 0.249896884 0.752500176
v 0.130039543 0.246451318 0.735990942
v 0.110294171 0.254306048 0.752395034
v 0.110874929 0.254966706 0.750235736
v 0.113367341 0.253313571 0.73284936
v 0.101895019 0.257825702 0.748869538
v 0.0970626473 0.258416057 0.750356495
v 0.125825897 0.247824028 0.726486146
v 0.114474364 0.251719862 0.722889662
v 0.104865573 0.256058335 0.723475814
v 0.097567752 0.259111166 0.748230338
v 0.136606708 0.242780074 0.728270352
v 0.136516348 0.241935477 0.726432264
v 0.146503881 0.238355115 0.739446878
v 0.0857633725 0.261251569 0.74876678
v 0.146929994 0.237350091 0.730129182
v 0.1463774 0.239922538 0.756669581
v 0.156966612 0.231379688 0.732067466
v 0.146806553 0.236507341 0.728322506
v 0.16066891 0.230001956 0.74278903
v 0.135850132 0.240258873 0.725512862
v 0.156487256 0.234334007 0.758826375
v 0.155691519 0.233862847 0.761116266
v 0.166933611 0.22781986 0.761223495
v 0.166094586 0.227405444 0.763540745
v 0.175153643 0.220016673 0.746604919
v 0.167027369 0.224651426 0.73414284
v 0.166829601 0.223831788 0.732402921
v 0.177352339 0.216996446 0.736413836
v 0.176536664 0.221185789 0.763599515
v 0.156011075 0.228992566 0.729382277
v 0.190122277 0.208277404 0.750961185
v 0.185141101 0.213719025 0.768487334
v 0.186046347 0.2140297 0.766127348
v 0.187916711 0.208450466 0.738885164
v 0.321493715 -0.0888705701 0.0348169804
v 0.321508259 -0.0902076885 0.0307025723
v 0.322520614 -0.0888811424 0.0348240621
v 0.322535157 -0.0902182385 0.0307096522
v 0.322539091 -0.0853811577 0.0373668782
v 0.321550339 -0.0888711512 0.0265881922
v 0.321512192 -0.0853705779 0.03735983
v 0.322577238 -0.088881731 0.0265952423
v 0.321603864 -0.0853715241 0.0240453463
v 0.322675258 -0.0810560808 0.0240524262
v 0.322583616 -0.0810551345 0.0373668782
v 0.321556747 -0.0810445696 0.03735983
v 0.322637111 -0.0775555074 0.0348240621
v 0.321610242 -0.0775449499 0.0348169841
v 0.322679192 -0.076218985 0.0307096522
v 0.321652323 -0.0762084126 0.0307025723
v 0.322693765 -0.0775560886 0.0265952423
v 0.321666867 -0.0775455311 0.0265881922
v 0.322675258 -0.0810560808 0.0240524262
v 0.321603864 -0.0853715241 0.0240453463
v 0.240846634 -0.143880889 0.347606748
v 0.241115719 -0.141365603 0.34506163
v 0.241184339 -0.132558778 0.357377172
v 0.241346985 -0.129552066 0.342127502
v 0.240324482 -0.143871829 0.343656659
v 0.240505606 -0.135733709 0.340734601
v 0.239919379 -0.129548401 0.339241475
v 0.238265008 -0.143142238 0.340909541
v 0.238199994 -0.146871179 0.348190725
v 0.238280848 -0.145678565 0.342979103
v 0.238438427 -0.136015967 0.338898748
v 0.231669962 -0.147138759 0.340326756
v 0.235251665 -0.147572324 0.343434662
v 0.229021728 -0.144504547 0.337445319
v 0.227912277 -0.148831055 0.340280205
v 0.235306367 -0.139465243 0.338240206
v 0.227994874 -0.13981159 0.335483044
v 0.231782109 -0.136743903 0.336124301
v 0.233259887 -0.129109249 0.335936338
v 0.22812441 -0.13394855 0.334371477
v 0.223728836 -0.145173982 0.336021304
v 0.220453516 -0.140034944 0.333419651
v 0.213015363 -0.14577347 0.334039629
v 0.215760738 -0.149030551 0.336465806
v 0.219881743 -0.151219025 0.340076447
v 0.211417586 -0.150329277 0.336953759
v -0.318459749 -0.11085704 0.0610173605
v -0.321171284 -0.109284423 0.0660045445
v -0.323289037 -0.107166357 0.0609369464
v -0.323358804 -0.107148163 0.0659613907
v -0.318529665 -0.110838808 0.0660540387
v -0.324605733 -0.105277456 0.0659351423
v -0.315593064 -0.111714788 0.0661069304
v -0.32585007 -0.101653859 0.0608814657
v -0.312468529 -0.111880422 0.061104212
v -0.325919777 -0.101635672 0.0659031942
v -0.325625926 -0.0955641642 0.0658926964
v -0.325556099 -0.095582366 0.0608635508
v -0.322474509 -0.0903428197 0.0608873852
v -0.322544545 -0.0903245583 0.0659324899
v -0.320165306 -0.0884120837 0.0659687445
v -0.317311287 -0.0871355161 0.0609474443
v -0.316489369 -0.0868628696 0.0660284683
v -0.311249167 -0.086695224 0.0610299967
v -0.308821082 -0.111018226 0.0662223473
v -0.306687891 -0.110002033 0.0611776672
v -0.306887269 -0.109844245 0.0701994598
v -0.302442104 -0.105652206 0.0612208508
v -0.308103949 -0.11298728 0.066239439
v -0.312628835 -0.113876969 0.0661633536
v -0.315593064 -0.111714788 0.0661069304
v -0.303848535 -0.111104056 0.0742746517
v -0.318861514 -0.112815492 0.0660530627
v -0.318529665 -0.110838808 0.0660540387
v -0.321171284 -0.109284423 0.0660045445
v -0.324040681 -0.109220505 0.0659547076
v -0.323358804 -0.107148163 0.0659613907
v -0.324605733 -0.105277456 0.0659351423
v -0.327208161 -0.103772387 0.0658862889
v -0.325919777 -0.101635672 0.0659031942
v -0.327770054 -0.0974919498 0.0658605024
v -0.325625926 -0.0955641642 0.0658926964
v -0.325613976 -0.0915577561 0.0658824444
v -0.322544545 -0.0903245583 0.0659324899
v -0.321157843 -0.0871062651 0.0659480244
v -0.320165306 -0.0884120837 0.0659687445
v -0.316939861 -0.0852101892 0.0660162345
v -0.31267646 -0.0842404068 0.0737161189
v -0.311434865 -0.0866467953 0.0744081065
v -0.308725566 -0.0830297768 0.0766935423
v -0.305676997 -0.0891227871 0.0611161143
v -0.306263238 -0.0887958258 0.0769642591
v -0.30187127 -0.093862094 0.0611861236
v -0.28336522 -0.0798134059 0.0823999271
v -0.30209884 -0.093802765 0.0775798932
v -0.301310271 -0.0952893719 0.0611990616
v -0.250045896 -0.0627499297 0.090272516
v -0.3011522 -0.0967189372 0.077607967
v -0.300703824 -0.0998274237 0.0612239018
v -0.301632762 -0.103381976 0.0770813525
v -0.244012907 -0.0933081731 0.0897848159
v -0.299787462 -0.10974399 0.0770362839
v -0.208308131 -0.0730877444 0.0982454792
v -0.169351593 -0.0713955611 0.105853453
v -0.179848775 -0.03841988 0.105587035
v -0.161971986 -0.0566099435 0.108194336
v -0.304160506 -0.107678838 0.0751495585
v -0.14161022 -0.0394463688 0.11294125
v -0.135161743 -0.0228893794 0.114774294
v -0.115557149 -0.0401078537 0.117727414
v -0.0941970348 -0.0259512383 0.122290432
v -0.0904632956 -0.00731848693 0.123478636
v -0.0874569342 -0.043220982 0.1224465
v -0.0519962795 -0.0371928141 0.128413573
v -0.0715732872 -0.0147305662 0.126777157
v -0.0690669119 -0.0235826466 0.126843989
v -0.0473884083 -0.0300367344 0.129278287
v -0.0446214452 -0.0363317467 0.129199192
v -0.0408561379 -0.0368134044 0.129469424
v 0.0654534474 -0.179226041 0.400176376
v 0.0888426304 -0.179226041 0.400176376
v 0.0888426304 -0.179056525 0.404172808
v 0.0654534474 -0.179056525 0.404172808
v 0.0636417121 -0.179066628 0.403934509
v 0.058597099 -0.179447606 0.394952863
v 0.0561278313 -0.179310605 0.39818266
v 0.056667652 -0.179481477 0.3941544
v 0.0545970984 -0.17949304 0.393882036
v -0.0649118349 -0.17949304 0.393882036
v -0.0649118349 -0.179323524 0.397878438
v -0.0669823885 -0.179481477 0.3941544
v -0.0664425641 -0.179310605 0.39818266
v -0.0689118356 -0.179447606 0.394952863
v -0.0746201426 -0.179235727 0.399948239
v -0.0739564523 -0.179066628 0.403934509
v -0.0757681876 -0.179226041 0.400176376
v -0.0757681876 -0.179056525 0.404172808
v -0.0991573706 -0.179056525 0.404172808
v -0.0991573706 -0.179226041 0.400176376
v -0.0258550942 0.242431909 0.631771922
v -0.0258550942 0.242431894 0.670771897
v 0.0155403595 0.242431894 0.670771897
v 0.0155403595 0.242431909 0.631771922
v 0.0638426319 -0.184844419 0.369308531
v 0.0638426319 -0.185295627 0.372441411
v -0.0736573711 -0.184844419 0.369308531
v -0.0736573711 -0.185479492 0.375601262
v 0.0638426319 -0.185394719 0.378765315
v 0.0638426319 -0.184129119 0.366225183
v -0.0736573711 -0.185394719 0.378765315
v -0.0736573711 -0.183154911 0.363213658
v 0.0638426319 -0.185041875 0.381910801
v 0.0638426319 -0.181928799 0.360295594
v -0.0736573711 -0.185041875 0.381910801
v -0.0736573711 -0.181928799 0.360295594
v 0.0638426319 -0.184423521 0.385014981
v -0.0736573711 -0.183544159 0.388055563
v 0.0638426319 -0.183544159 0.388055563
v 0.0638426319 -0.180459589 0.35749203
v -0.0580323674 -0.178757906 0.354823172
v -0.0736573711 -0.176835999 0.352308273
v 0.0638426319 -0.176835999 0.352308273
v -0.0736573711 -0.174707741 0.349965423
v 0.0638426319 -0.174707741 0.349965423
v 0.138671964 -0.0411586948 0.116838165
v 0.177103028 -0.0405981801 0.110551268
v 0.186091676 -0.0552136116 0.108390287
v 0.205336735 -0.07561481 0.103996582
v 0.241098166 -0.0962972939 0.0965118706
v 0.250729114 -0.0669808388 0.0965572447
v 0.305786371 -0.08664684 0.0853589103
v 0.29857254 -0.106966645 0.0854844898
v 0.297319174 -0.113515839 0.0852166414
v 0.299220532 -0.0979775712 0.0859465301
v 0.29827252 -0.100893438 0.0859395415
v 0.300836205 -0.095381476 0.0858030319
v 0.298885107 -0.0994682834 0.0695457384
v 0.298500091 -0.100952774 0.0695457757
v 0.30106166 -0.0954402685 0.0695613697
v 0.298793435 -0.107024252 0.0695718005
v 0.30168879 -0.112215385 0.0830116495
v 0.301874489 -0.112263799 0.0696335435
v 0.301294178 -0.114901893 0.0823498815
v 0.306095779 -0.115133993 0.0747731552
v 0.305488855 -0.116735891 0.0747705325
v 0.307037413 -0.115471102 0.0697168186
v 0.310015917 -0.117681615 0.0748202428
v 0.309980422 -0.11604166 0.0748160332
v 0.309980422 -0.11604166 0.0748160332
v 0.313099444 -0.115911409 0.0698025748
v 0.313029438 -0.115893148 0.0748476833
v 0.313029438 -0.115893148 0.0748476833
v 0.316237628 -0.116699927 0.0748832375
v 0.318602085 -0.113465622 0.0749002919
v 0.318602085 -0.113465622 0.0749002919
v 0.318671882 -0.113483831 0.0698711202
v 0.321469903 -0.113166526 0.0749295875
v 0.322478086 -0.108744524 0.0699068233
v 0.322408378 -0.108726352 0.0749285519
v 0.322408378 -0.108726352 0.0749285519
v 0.324706674 -0.107755117 0.0749501586
v 0.323485762 -0.105007544 0.074930571
v 0.323485762 -0.105007544 0.074930571
v 0.323646158 -0.102779195 0.0699014217
v 0.325346142 -0.101485297 0.0749410987
v 0.323062152 -0.0997467041 0.0749128684
v 0.323062152 -0.0997467041 0.0749128684
v 0.321908444 -0.0969544128 0.0698562264
v 0.323268831 -0.0955320746 0.0749041736
v 0.319977492 -0.0945011005 0.0748672411
v 0.319977492 -0.0945011005 0.0748672411
v 0.317663074 -0.092604585 0.0697815493
v 0.3188501 -0.091009222 0.0748464018
v 0.31408909 -0.091083467 0.0747970566
v 0.311882615 -0.0907262117 0.0696945116
v 0.314666212 -0.0890688524 0.0747977868
v 0.311743796 -0.0908383653 0.0787181035
v 0.305891335 -0.0917495787 0.0696150437
v 0.309933394 -0.0879735723 0.0827110857
v 0.305678904 -0.0916941836 0.0849175677
v 0.170835227 -0.0985332206 0.355408967
v 0.175149918 -0.0972385705 0.352529317
v 0.177511498 -0.0938150212 0.354791522
v 0.166728571 -0.104766741 0.355211586
v 0.1693376 -0.102397352 0.353082895
v 0.163218677 -0.107093722 0.356117696
v 0.164926752 -0.109021515 0.354324639
v 0.181743219 -0.0920265168 0.354499727
v 0.180864632 -0.0911653414 0.354582846
v 0.179724723 -0.0945375338 0.353228807
v 0.192774966 -0.0890693367 0.353978932
v 0.195740715 -0.0829549283 0.352522314
v 0.196050182 -0.0875924528 0.352108389
v 0.190819144 -0.0912124142 0.353691608
v 0.193603992 -0.090481475 0.352598101
v 0.185502008 -0.0927365124 0.352922171
v 0.190975085 -0.0920897201 0.351704836
v 0.193676457 -0.0905906036 0.347560048
v 0.19551675 -0.0884971172 0.346405715
v 0.197009876 -0.0851039588 0.345782876
v 0.189852104 -0.0916107297 0.346209377
v 0.195693925 -0.0852039158 0.344466984
v 0.195982948 -0.0790397972 0.342611223
v 0.193271473 -0.0892838463 0.345369399
v 0.192030996 -0.0787579641 0.342554003
v 0.18364659 -0.0928944126 0.346817166
v 0.183159351 -0.0912018865 0.345540822
v 0.191893145 -0.0838030726 0.344150722
v 0.189652249 -0.0871146694 0.344926029
v 0.175026581 -0.0944322348 0.346046329
v 0.177824512 -0.0953906402 0.348245889
v 0.171209335 -0.0999317467 0.348787814
v 0.182581857 -0.0882758498 0.345153123
v 0.166823551 -0.10102284 0.346730024
v 0.190410599 -0.0850273594 0.345713735
v 0.173655242 -0.0918137506 0.345815539
v 0.168695271 -0.102500767 0.348973751
v 0.166078985 -0.106099747 0.349617273
v 0.166150302 -0.1051201 0.347963125
v 0.167210832 -0.105184205 0.353233397
v 0.163392663 -0.11106018 0.348939717
v 0.163760036 -0.109175414 0.347923279
v 0.163407817 -0.105582766 0.346901834
v 0.204350129 0.279367208 0.034816999
v 0.204258561 0.274717361 0.041167859
v 0.204364687 0.278030127 0.0307025872
v 0.204368636 0.282867223 0.0373598449
v 0.204413131 0.287193239 0.0373598449
v 0.204401672 0.265623331 0.00678547285
v 0.204406768 0.279366642 0.0265882071
v 0.204460278 0.282866269 0.0240453612
v 0.204473391 0.295495421 0.0410160348
v 0.204466641 0.290692836 0.034816999
v 0.204508722 0.292029381 0.0307025891
v 0.20452328 0.29069227 0.026588209
v 0.204622954 0.282589078 1.23523645e-08
v 0.204713255 0.291806579 0.000658673642
v 0.204515874 0.27359131 0.00210548076
v 0.204778656 0.300413966 0.00402210793
v 0.204813272 0.30763635 0.0097875502
v 0.204814017 0.312823504 0.0174359269
v 0.204780757 0.315508455 0.0262787007
v 0.204716533 0.315449417 0.0355197266
v 0.204627126 0.312651783 0.0443270691
v 0.204520553 0.307367384 0.0519078486
v 0.204406455 0.300071985 0.0575795434
v 0.204196423 0.282197207 0.0613711365
v 0.204295054 0.291422367 0.0608315542
v 0.204126388 0.274147332 0.0595143549
v 0.204249412 0.273831755 0.0411743298
v 0.204246908 0.270749956 0.0369303711
v 0.204764739 0.273349285 0.0421464667
v 0.204184592 0.263660938 0.0353881642
v 0.204290614 0.259402454 0.0136186639
v 0.204192728 0.255488783 0.0219899099
v 0.204073176 0.255460739 0.0393154398
v 0.204116791 0.254234582 0.0311455503
v 0.204721391 0.264837831 0.0357239172
v 0.204673067 0.260497868 0.0362575501
v 0.204579905 0.259548724 0.0483696386
v 0.204598442 0.265800714 0.0550263487
v 0.204647467 0.273569047 0.0595129505
v -0.180517361 0.211094245 0.564144671
v -0.169332698 0.212437347 0.549164891
v -0.181018576 0.207098603 0.551974058
v -0.175095782 0.214603856 0.569756269
v -0.170831382 0.214868903 0.561576307
v -0.165612921 0.217893034 0.56727159
v -0.15080519 0.222748622 0.572126567
v -0.164631039 0.215756431 0.553209305
v -0.161459148 0.218387052 0.559444547
v -0.155835763 0.217857644 0.546410382
v -0.169226661 0.21085754 0.546808481
v -0.149926931 0.222331449 0.5578686
v -0.140668735 0.223769262 0.543908417
v -0.149861738 0.218680054 0.542659461
v -0.15502274 0.212440729 0.542466402
v -0.134845972 0.227119699 0.5549649
v -0.140483841 0.221391737 0.540324807
v -0.132581532 0.227884352 0.566539586
v -0.116052702 0.232015863 0.558026254
v -0.131763846 0.228010654 0.560577571
v -0.118365243 0.231547549 0.5519889
v -0.118857667 0.230661586 0.540787697
v 0.00986371934 -0.32735616 0.0714291856
v 0.0084333038 -0.334012926 0.0714094713
v 0.00958751515 -0.331171423 0.0663685128
v 0.00676264148 -0.336553723 0.0663487986
v 0.00439815968 -0.338567913 0.0713537782
v 0.00176034588 -0.340006769 0.0662918538
v -0.00047378111 -0.340596646 0.0712862685
v -0.00427340809 -0.340739489 0.0662107393
v -0.00434311712 -0.34072125 0.0712324977
v -0.00995635893 -0.338583976 0.0661240667
v -0.0100261699 -0.338565737 0.0711532161
v -0.0140566435 -0.334015846 0.0710967556
v -0.0139866108 -0.334034085 0.0660516545
v -0.0151400724 -0.331161767 0.0710815266
v -0.0154408831 -0.328132123 0.0660100877
v -0.0154773165 -0.327186525 0.0710767955
v -0.0139860185 -0.32223019 0.0660089254
v -0.0141717242 -0.322181731 0.0793870389
v -0.00995530933 -0.317680329 0.066048421
v -0.016839752 -0.322629631 0.0786855966
v -0.0171881989 -0.32710433 0.0710527524
v -0.0151400724 -0.331161767 0.0710815266
v -0.0167879574 -0.318451792 0.0815981627
v -0.0166886076 -0.331702381 0.0710598007
v -0.0140566435 -0.334015846 0.0710967556
v -0.0138324844 -0.337316483 0.0710998997
v -0.0100261699 -0.338565737 0.0711532161
v -0.00885553379 -0.341200918 0.0711695701
v -0.00434311712 -0.34072125 0.0712324977
v -0.00270932214 -0.342606992 0.0712552369
v -0.00047378111 -0.340596646 0.0712862685
v 0.00345061626 -0.34127751 0.0713406801
v 0.00439815968 -0.338567913 0.0713537782
v 0.00846995506 -0.337461919 0.0714099854
v 0.0084333038 -0.334012926 0.0714094713
v 0.0114055555 -0.331861436 0.0714503974
v 0.0119578838 -0.327282429 0.071457997
v 0.00932065584 -0.325092047 0.075367935
v 0.0114331134 -0.322527736 0.0794164315
v 0.00958781969 -0.325092852 0.066346541
v 0.00676348852 -0.319710523 0.0662878603
v 0.00807392504 -0.321752191 0.0802586526
v 0.0113781951 -0.318202347 0.0821102187
v 0.00475721993 -0.317990333 0.0821112245
v 0.00176153798 -0.316257507 0.0662059188
v -0.00449971016 -0.31546548 0.0825132579
v -0.00427214103 -0.315524817 0.0661194921
v 0.01291217 -0.259885758 0.093954213
v -0.0101761986 -0.317622721 0.0819611102
v -0.0120416395 -0.293252498 0.0869388282
v -0.0179423746 -0.259785831 0.0935077742
v 0.00466879318 -0.219551712 0.101732016
v 0.0150561836 -0.181864619 0.108813129
v 0.0032621827 -0.170241296 0.110899314
v 0.195510864 -0.149279475 0.358284205
v 0.198264748 -0.152892247 0.352941155
v 0.204206035 -0.152643681 0.35385415
v 0.193759546 -0.152866706 0.351769716
v 0.227886707 -0.150483057 0.343294322
v 0.220133111 -0.152527645 0.343135685
v 0.223921314 -0.152097419 0.345367432
v 0.215610489 -0.153718904 0.347980678
v 0.23162961 -0.149724364 0.345755458
v 0.219829366 -0.152059808 0.351543784
v 0.211395472 -0.153109342 0.352151603
v 0.227796555 -0.150557712 0.349901736
v 0.231525958 -0.149008542 0.350480646
v 0.213927537 -0.150870755 0.355579227
v 0.221192762 -0.149939552 0.354746699
v 0.228399545 -0.146798894 0.355957538
v 0.235348687 -0.144881859 0.354308158
v 0.23933579 -0.143624753 0.352672547
v 0.228409991 -0.142903686 0.360480189
v 0.240893409 -0.137682125 0.356048346
v 0.224875778 -0.145703435 0.358961612
v 0.235349879 -0.140988767 0.358832657
v 0.239377886 -0.139280543 0.35771215
v 0.240379304 -0.134196043 0.359997958
v 0.238259494 -0.136586666 0.360981643
v 0.228951588 -0.139035404 0.363684118
v 0.238342524 -0.134543583 0.36177966
v 0.235304728 -0.135097131 0.363071978
v 0.238428265 -0.13105911 0.361574918
v 0.240448371 -0.131120175 0.359614789
v 0.240540341 -0.127651215 0.354887038
v 0.238440275 -0.128470734 0.359971851
v 0.228057534 -0.132098719 0.366093636
v 0.224055648 -0.135640323 0.366920739
v 0.231861502 -0.129307255 0.364030987
v 0.22419481 -0.128231391 0.36632514
v 0.228137642 -0.124539308 0.361908227
v 0.232354 -0.123095594 0.355994076
v 0.220042765 -0.131763458 0.368202895
v 0.220242962 -0.122782759 0.3632285
v 0.238489851 -0.125924632 0.35562399
v 0.225359485 -0.120786376 0.35676536
v 0.239705116 -0.125426874 0.352226853
v 0.235788539 -0.122495867 0.349893391
v 0.22539936 -0.118818283 0.351130426
v 0.240643606 -0.12552622 0.348788619
v -0.200686499 -0.1884882 0.426771939
v -0.198010311 -0.187702402 0.426771939
v -0.20077011 -0.188487455 0.416163445
v -0.199052691 -0.188210785 0.415461093
v -0.203868642 -0.187329814 0.41732946
v -0.196343735 -0.185913697 0.41416499
v -0.203362659 -0.187702402 0.426771939
v -0.196183801 -0.185594484 0.426771939
v -0.205166101 -0.185586125 0.417872995
v -0.195786878 -0.182833716 0.426771939
v -0.205189168 -0.185594484 0.426771939
v -0.19625704 -0.18132855 0.414064825
v -0.205605939 -0.182989106 0.41824016
v -0.196945533 -0.18029663 0.426771939
v -0.205586106 -0.182833716 0.426771939
v -0.199297324 -0.178814054 0.415678203
v -0.204416618 -0.180307984 0.417945296
v -0.199291915 -0.178788707 0.426771939
v -0.204427451 -0.18029663 0.426771939
v -0.202080488 -0.178790554 0.416978359
v -0.202081069 -0.178788707 0.426771939
v -0.0540194362 0.215207875 0.670771897
v -0.0466183424 0.216946781 0.670771897
v -0.0540194362 0.215207875 0.631771922
v -0.0466183424 0.216946781 0.631771922
v -0.0389849544 0.218226761 0.670771897
v -0.0389849544 0.218226761 0.631771922
v -0.0314677134 0.219014958 0.670771897
v -0.024590876 0.21934697 0.631771922
v -0.024590876 0.21934697 0.670771897
v -0.0609073751 0.213156864 0.638271928
v -0.0678547025 0.210623235 0.670771897
v -0.0678547025 0.210623235 0.631771922
v -0.0746367574 0.207675621 0.670771897
v -0.0746367574 0.207675621 0.631771922
v -0.0812288746 0.204324692 0.631771922
v -0.0812288746 0.204324692 0.670771897
v -0.0876071006 0.200582638 0.664271891
v -0.0876071006 0.200582638 0.631771922
v -0.093748264 0.196463093 0.670771897
v -0.093748264 0.196463093 0.631771922
v -0.0990575254 0.192529112 0.670771897
v -0.104232609 0.188420251 0.631771922
v -0.114157371 0.179696232 0.670771897
v -0.114157371 0.179696232 0.631771922
v 0.0142761404 0.219346985 0.631771922
v 0.0142761404 0.21934697 0.670771897
v 0.0216624439 0.218990356 0.631771922
v 0.0286702197 0.218226761 0.670771897
v 0.0290138405 0.218189314 0.631771922
v 0.0363036096 0.216946781 0.670771897
v 0.0363036096 0.216946781 0.631771922
v 0.0437046997 0.215207875 0.670771897
v 0.0505926386 0.213156864 0.631771922
v 0.0505926386 0.213156864 0.664271951
v 0.0575399697 0.210623235 0.670771897
v 0.0575399697 0.210623235 0.631771922
v 0.0662564263 0.206692308 0.670771897
v 0.0643220171 0.207675621 0.631771922
v 0.0709141344 0.204324692 0.670771897
v 0.0772923604 0.200582638 0.631771922
v 0.0772923604 0.200582638 0.664271891
v 0.0834335163 0.196463093 0.670771897
v 0.0888081416 0.192477226 0.631771922
v 0.0887427852 0.192529112 0.670771897
v 0.093917869 0.188420251 0.664271891
v 0.0989530161 0.184141025 0.631771922
v 0.100670069 0.182580173 0.670771897
v 0.103842631 0.179696232 0.631771922
v 0.103842631 0.179696232 0.670771897
v -0.143632233 0.179867521 0.631251872
v -0.150055438 0.177011609 0.631112397
v -0.139395341 0.181991667 0.646924317
v -0.14349395 0.180627212 0.647027969
v -0.150152177 0.177639991 0.649979651
v -0.151888058 0.17599909 0.643342316
v 0.1866308 -0.18029663 0.426771939
v 0.18945457 -0.178673893 0.41590929
v 0.188977182 -0.178788707 0.426771939
v 0.191754952 -0.178785369 0.41697371
v 0.186735988 -0.180179074 0.414511949
v 0.191766337 -0.178788707 0.426771939
v 0.185472146 -0.182833716 0.426771939
v 0.194280222 -0.180500671 0.418011993
v 0.185456008 -0.182956874 0.413809538
v 0.194112718 -0.18029663 0.426771939
v 0.185872421 -0.185601786 0.414078444
v 0.195271373 -0.182833716 0.426771939
v 0.185869083 -0.185594484 0.426771939
v 0.195176259 -0.184729531 0.418046653
v 0.187842607 -0.18779327 0.415064096
v 0.194874436 -0.185594484 0.426771939
v 0.187695593 -0.187702402 0.426771939
v 0.194175184 -0.186706215 0.417572469
v 0.190371141 -0.188447207 0.416126847
v 0.193047926 -0.187702402 0.426771939
v 0.190371767 -0.1884882 0.426771939
v -0.180145979 0.287625909 0.00020798987
v -0.180253237 0.278200775 0.00170084834
v -0.180059284 0.297051311 0.00170084916
v -0.180370525 0.269698411 0.00603327574
v -0.180486411 0.262951165 0.0127812307
v -0.180589512 0.258619457 0.0212841295
v -0.180669755 0.257127285 0.0307096671
v -0.180001616 0.305554271 0.0060332776
v -0.179978624 0.3123025 0.0127812335
v -0.179992586 0.3166354 0.0212841332
v -0.180042088 0.318128914 0.030709669
v -0.180719271 0.258620799 0.0401352048
v -0.180733219 0.262953699 0.0486381054
v -0.180710241 0.269701928 0.055386059
v -0.180652574 0.278204888 0.0597184859
v -0.180565864 0.28763029 0.0612113476
v -0.180287838 0.28979066 0.0240524411
v -0.180385858 0.281964988 0.0265952572
v -0.180269331 0.293290615 0.0265952591
v -0.180427939 0.280628473 0.0307096671
v -0.180442512 0.281965584 0.034824077
v -0.180283904 0.294627726 0.030709669
v -0.180424005 0.285465539 0.0373668931
v -0.18045862 0.297055423 0.0597184896
v -0.18037948 0.289791554 0.0373668931
v -0.180122331 0.316636741 0.0401352085
v -0.180225432 0.312305033 0.0486381054
v -0.18032597 0.293291211 0.0348240808
v -0.180341318 0.305557758 0.055386059
v 0.183877721 0.256230265 0.0211371575
v 0.18407625 0.274949223 0.0202734489
v 0.183797464 0.254738092 0.0305626951
v 0.183980823 0.260561943 0.012634228
v 0.184096694 0.267309248 0.00588630326
v 0.184213996 0.275811553 0.00155384501
v 0.18432124 0.285236716 6.09865892e-05
v 0.184407949 0.294662088 0.00155384594
v 0.184465602 0.303165048 0.00588630466
v 0.18448858 0.309913278 0.0126342298
v 0.184474647 0.314246178 0.0211371593
v 0.184425116 0.315739661 0.030562697
v 0.18414633 0.295528531 0.0408519097
v 0.184344888 0.314247519 0.0399882346
v 0.184241787 0.309915841 0.0484911315
v 0.1841259 0.303168535 0.055239059
v 0.184008583 0.294666201 0.0595715158
v 0.18390134 0.285241038 0.0610643737
v 0.184183314 0.292238533 0.0305626951
v 0.184197888 0.290901423 0.0264482852
v 0.184141248 0.290902019 0.0346770771
v 0.184134856 0.283075422 0.0239054393
v 0.184087723 0.287402332 0.037219923
v 0.184081361 0.279575765 0.0264482852
v 0.184039265 0.27823925 0.0305626951
v 0.18381463 0.275815666 0.0595715158
v 0.184024721 0.279576361 0.0346770734
v 0.183747962 0.256231576 0.0399882309
v 0.183756962 0.267312706 0.0552390553
v 0.183734015 0.260564506 0.0484911315
v -0.179915175 0.262847155 0.0775038898
v -0.175045758 0.267404974 0.0772808045
v -0.192211479 0.254366219 0.0773053989
v -0.197690204 0.250645816 0.077149123
v -0.183252946 0.257764369 0.077957131
v -0.188337535 0.254750937 0.0615003146
v -0.194626227 0.254659444 0.0767190382
v -0.200203001 0.254117131 0.0743914917
v -0.183025375 0.257705003 0.0615633652
v -0.194413796 0.254604071 0.0614165142
v -0.179694295 0.262789577 0.0615911968
v -0.179208234 0.26626718 0.0766633451
v -0.179293081 0.268888205 0.0749555454
v -0.177379593 0.270819932 0.0743090957
v -0.179107383 0.268839777 0.0615774356
v -0.180951938 0.27371785 0.066604808
v -0.179519475 0.27465713 0.0666212887
v -0.181399077 0.274469614 0.0615252517
v -0.183560759 0.276735574 0.0665433481
v -0.183560759 0.276735574 0.0665433481
v -0.182625592 0.278083175 0.0665492341
v -0.186044425 0.278389305 0.0614465773
v -0.18611446 0.278407604 0.0664917082
v -0.18611446 0.278407604 0.0664917082
v -0.188235402 0.280946046 0.0664411709
v -0.191979185 0.279700994 0.0613594465
v -0.192049012 0.279719204 0.0663885921
v -0.192049012 0.279719204 0.0663885921
v -0.194544613 0.281162858 0.0663393065
v -0.19784382 0.278104097 0.0612838268
v -0.197913527 0.278122276 0.0663055852
v -0.197913527 0.278122276 0.0663055852
v -0.200343475 0.278687418 0.0662630126
v -0.200970769 0.275746912 0.0662722588
v -0.200970769 0.275746912 0.0662722588
v -0.202294782 0.273964494 0.0612370409
v -0.20454587 0.27399081 0.0662264228
v -0.202364534 0.273982674 0.0662614554
v -0.202364534 0.273982674 0.0662614554
v -0.203720227 0.271241754 0.0662576109
v -0.203720227 0.271241754 0.0662576109
v -0.204312414 0.268230498 0.0612297803
v -0.206364572 0.267953455 0.066236496
v -0.20438233 0.268248707 0.0662664622
v -0.20438233 0.268248707 0.0662664622
v -0.204308152 0.26518476 0.0662875473
v -0.204308152 0.26518476 0.0662875473
v -0.203434512 0.262215704 0.0612637438
v -0.205448568 0.261697054 0.0662917867
v -0.203504682 0.262234002 0.0663196221
v -0.203504682 0.262234002 0.0663196221
v -0.203204647 0.257667989 0.066354014
v -0.201553717 0.258958668 0.0663722679
v -0.199862182 0.257298023 0.0613311268
v -0.199891344 0.257439882 0.0703553259
v 0.0196914133 -0.155641019 0.325855732
v 0.0196914133 -0.160445929 0.330115199
v -0.0300061498 -0.160445929 0.330115199
v 0.0196914133 -0.164729059 0.334898978
v -0.0300061498 -0.164729059 0.334898978
v 0.0264580455 -0.167500243 0.33912766
v 0.0196914133 -0.168433562 0.340143681
v 0.025464844 -0.169545934 0.342008442
v 0.0280000605 -0.170522705 0.344329566
v 0.0288633462 -0.168231323 0.34163776
v 0.0196914133 -0.171510309 0.345779598
v 0.0267910827 -0.171908319 0.346678734
v 0.030441951 -0.170944944 0.346887499
v 0.0323024392 -0.166967526 0.344100684
v 0.0296256226 -0.173016027 0.349968582
v 0.0267910678 -0.173918456 0.351731986
v 0.0344762988 -0.167805016 0.346625447
v 0.03414746 -0.171634272 0.352521807
v 0.0328649469 -0.162865147 0.339888394
v 0.0312771462 -0.174844205 0.355761915
v 0.0362801328 -0.162304774 0.339652032
v 0.0336036384 -0.158378482 0.335557371
v 0.0431863815 -0.157460913 0.334704697
v 0.0329565033 -0.176018372 0.361661881
v 0.0267910678 -0.17562601 0.357921839
v -0.0371058062 -0.17562601 0.357921839
v 0.0513287 -0.162265956 0.339905769
v 0.0500926338 -0.159237236 0.336388588
v 0.0500926338 -0.155808285 0.333255172
v 0.0431863815 -0.152080074 0.330347508
v 0.0513287 -0.152033076 0.330554903
v 0.0524437763 -0.155315161 0.333838612
v 0.0533287004 -0.15118359 0.331733793
v 0.0533287004 -0.15807873 0.337561876
v 0.0540926307 -0.149809107 0.333641291
v 0.0538968593 -0.160325781 0.341588378
v 0.0540926307 -0.164546385 0.349363387
v 0.0533287004 -0.163993835 0.344382524
v 0.0533287004 -0.168787658 0.35203293
v 0.0513287 -0.165161863 0.343518138
v 0.0538968593 -0.169702426 0.356552333
v 0.0540926307 -0.173085049 0.377617896
v 0.0513287 -0.170074925 0.351358801
v 0.0371217653 -0.170898467 0.352546185
v 0.0377672873 -0.17396155 0.359961003
v 0.0431863815 -0.17301181 0.357343823
v 0.0377675705 -0.17530866 0.364557862
v 0.0513287 -0.173721552 0.359862626
v 0.0533287004 -0.174583405 0.369077027
v 0.0529203042 -0.175915226 0.377617896
v 0.0513287 -0.176014766 0.368826717
v 0.0471220426 -0.177086428 0.377617896
v 0.0362801403 -0.176642999 0.371824771
v 0.0362801328 -0.177086428 0.377617896
v 0.0319208615 -0.176693633 0.365214258
v 0.0267910678 -0.176610321 0.364267021
v -0.0420622379 -0.176640138 0.36458531
v -0.050466191 -0.177086428 0.377617896
v -0.0470194668 -0.176517218 0.370753706
v -0.0611912273 -0.177008852 0.377617896
v -0.0604073666 -0.176830322 0.373396009
v -0.0627585128 -0.175455108 0.368924588
v -0.0632370636 -0.175913215 0.377617896
v -0.0604073666 -0.175231233 0.364251792
v -0.064407371 -0.173085049 0.377617896
v -0.048082307 -0.17530866 0.364557862
v -0.053501118 -0.17301181 0.357343823
v -0.0456534773 -0.174400672 0.359900981
v -0.0422560684 -0.175388187 0.358094305
v -0.0462838337 -0.172230035 0.355056167
v -0.0371058062 -0.173918456 0.351731986
v -0.040231593 -0.173389032 0.350987971
v -0.0368519016 -0.171507269 0.34577319
v -0.0353295617 -0.168627679 0.34045741
v -0.0378507338 -0.169680536 0.342743844
v -0.0355691276 -0.164709657 0.335249275
v -0.0402801633 -0.170194671 0.34528929
v -0.0387162045 -0.167313531 0.340133041
v -0.0444621965 -0.171634272 0.352521807
v -0.0426171757 -0.166967526 0.344100684
v -0.0447910354 -0.167805016 0.346625447
v -0.0469176359 -0.168966338 0.348946184
v -0.053501118 -0.170132175 0.351047277
v -0.053501118 -0.166547298 0.345123768
v -0.0437410548 -0.164615259 0.342055857
v -0.0414307676 -0.163650274 0.339595616
v -0.0367976315 -0.162933111 0.334144413
v -0.0425943583 -0.161011383 0.337799728
v -0.0465948693 -0.162304774 0.339652032
v -0.0401064046 -0.159683749 0.335183531
v -0.0338167995 -0.159877539 0.329867333
v -0.0300061498 -0.155641019 0.325855732
v -0.0341873839 -0.155026093 0.326440245
v -0.0388600193 -0.155533075 0.331387818
v 0.0194574632 -0.150378108 0.322177142
v 0.0211143047 -0.150051326 0.32221514
v -0.0300061442 -0.151737332 0.32304886
v 0.0180773698 -0.139134884 0.315517366
v 0.0196901783 -0.126169384 0.30888167
v -0.028359279 -0.138653994 0.315244287
v -0.0313810669 -0.146156251 0.320041269
v 0.0176566113 -0.130830571 0.310933709
v -0.0280824583 -0.133499175 0.312376499
v 0.0173183847 -0.121751264 0.306232721
v -0.0300535262 -0.127469748 0.309558392
v -0.0333685391 -0.145398125 0.320826173
v -0.0276368801 -0.121856295 0.306285292
v -0.186534524 -0.0946072862 0.349026293
v -0.189884245 -0.0916341692 0.343550593
v -0.185827032 -0.0943342894 0.343871832
v -0.194311678 -0.0888409093 0.3424142
v -0.196916103 -0.0888248459 0.343148232
v -0.199144304 -0.0875990018 0.342233539
v -0.203040436 -0.087762557 0.343013436
v -0.187308758 -0.09228044 0.342882156
v -0.193087682 -0.0847219229 0.341718316
v -0.18306601 -0.0979075953 0.349367172
v -0.182232425 -0.096947372 0.351778835
v -0.187434152 -0.0871937573 0.342162728
v -0.183239564 -0.095471926 0.343214244
v -0.177691624 -0.106032424 0.350996494
v -0.18211785 -0.0977997407 0.344162911
v -0.182761386 -0.0902434364 0.342643946
v -0.179834291 -0.0991815627 0.343456864
v -0.179124579 -0.101675488 0.344315082
v -0.176628709 -0.106257476 0.344249099
v -0.176941812 -0.103588134 0.343533844
v -0.174075618 -0.102108248 0.343257904
v -0.174849629 -0.108232759 0.343357325
v -0.176111206 -0.110769227 0.350741416
v -0.173913375 -0.110305317 0.352270156
v -0.174997583 -0.118044846 0.349951446
v -0.174304798 -0.113588884 0.343568027
v -0.174675331 -0.117050797 0.345909238
v -0.174194321 -0.117073528 0.34376207
v -0.171865419 -0.104143374 0.343576044
v -0.172307938 -0.113090836 0.342617065
v -0.171718806 -0.117389478 0.341949224
v -0.168865934 -0.117357269 0.342130542
v -0.173143849 -0.11789348 0.340343773
v -0.169932246 -0.109442458 0.343340635
v -0.181693137 0.276756257 0.0595143549
v -0.183928296 0.278704494 0.066094771
v -0.181172058 0.276177973 0.0595129505
v -0.186617136 0.280086279 0.0605139583
v -0.181583256 0.276675254 0.0661362708
v -0.189659581 0.280971825 0.0660273582
v -0.192721188 0.281028986 0.0606823564
v -0.195807293 0.280528009 0.0659914687
v -0.198563322 0.279250979 0.060171064
v -0.201153845 0.277460903 0.0659941509
v -0.179748639 0.274175048 0.0661803111
v -0.200987473 0.277491868 0.0595787168
v -0.178451896 0.271204859 0.0570323318
v -0.177948445 0.268280596 0.0662670732
v -0.181221098 0.26840961 0.0550263487
v -0.177891791 0.268375367 0.0550492667
v -0.177891791 0.268375367 0.0550492667
v -0.178884208 0.262188613 0.0663378686
v -0.177994281 0.264878124 0.0518170595
v -0.177994281 0.264878124 0.0518170595
v -0.178761244 0.261958212 0.0481331907
v -0.181239605 0.262157619 0.0483696386
v -0.178761244 0.261958212 0.0481331907
v -0.180353627 0.258898377 0.0423671082
v -0.182370618 0.257105738 0.0663786456
v -0.181225359 0.258166432 0.0403353386
v -0.181146458 0.263106793 0.0362575501
v -0.181746334 0.258069634 0.0393154398
v -0.182043374 0.256956935 0.0423802584
v -0.180353627 0.258898377 0.0423671082
v -0.185679778 0.254460335 0.0423873104
v -0.187717184 0.254038632 0.0663813576
v -0.18589963 0.254930019 0.0394370519
v -0.18600437 0.257391542 0.036238201
v -0.18991667 0.253233522 0.042374216
v -0.193864912 0.253594756 0.0663454384
v -0.189964965 0.253752887 0.039424479
v -0.190142825 0.255312651 0.0368733034
v -0.194324315 0.253401011 0.0423423275
v -0.194194123 0.253913611 0.0393939018
v -0.198455632 0.254945725 0.0422948711
v -0.199596167 0.255862147 0.0662780553
v -0.201685995 0.258126855 0.0662352741
v -0.201891631 0.257711053 0.0422366746
v -0.203545615 0.260155469 0.0441159792
v -0.203775823 0.260391563 0.0661924854
v -0.204539031 0.263203442 0.0484709069
v -0.205484912 0.266115218 0.0526114628
v -0.205576047 0.266286016 0.0661057234
v -0.201574802 0.258125216 0.0393915512
v -0.204581499 0.272267818 0.0573311597
v -0.204640254 0.272377998 0.0660349578
v -0.201572895 0.268737346 0.0549792908
v -0.201592028 0.262169182 0.0479406565
v -0.205484912 0.266115218 0.0526114628
v -0.201592028 0.262169182 0.0479406565
v -0.204539031 0.263203442 0.0484709069
v -0.203545615 0.260155469 0.0441159792
v -0.201574802 0.258125216 0.0393915512
v -0.201481849 0.26451686 0.0354437381
v -0.201406822 0.272257328 0.0361150019
v -0.200896055 0.270041615 0.0351641066
v -0.200856775 0.276092052 0.0385000743
v -0.201007396 0.260203034 0.0366313271
v -0.200856775 0.276092052 0.0385000743
v -0.201001242 0.25704208 0.0310127065
v -0.200925305 0.258296251 0.0218570661
v -0.200827405 0.262209922 0.013485821
v -0.200896055 0.270041615 0.0351641066
v -0.200711295 0.28217411 0.0264553651
v -0.200716376 0.268430829 0.00665259967
v -0.200602174 0.276398808 0.00197260734
v -0.200495109 0.285396546 -0.000132830537
v -0.200921595 0.285004675 0.0612382926
v -0.200822964 0.294229835 0.0606987141
v -0.200711578 0.302879453 0.0574466996
v -0.200490907 0.315459281 0.0441942289
v -0.20059748 0.310174882 0.0517750084
v -0.2004015 0.318256915 0.0353868529
v -0.200337276 0.318315923 0.026145827
v -0.200753361 0.280837595 0.0305697452
v -0.200767934 0.282174677 0.0346841551
v -0.200749412 0.285674721 0.037227001
v -0.200651392 0.293500334 0.0346841551
v -0.200609326 0.294836849 0.0305697452
v -0.200613245 0.289999753 0.0239125192
v -0.200594753 0.293499768 0.0264553651
v -0.200304031 0.315630972 0.0173030831
v -0.200304747 0.310443848 0.00965470728
v -0.200339377 0.303221464 0.003889265
v -0.200404778 0.294614077 0.000525830721
v -0.0650573745 -0.175697386 0.391102672
v -0.0650573745 -0.171584085 0.392877072
v -0.068094559 -0.175330848 0.390514314
v 0.0547426343 -0.171584085 0.392877072
v 0.0577798188 -0.171407625 0.392206669
v 0.0547426343 -0.167130277 0.393357664
v 0.0547426343 -0.175697386 0.391102672
v 0.0577798188 -0.167159647 0.392665058
v -0.069421798 -0.171195373 0.391400158
v -0.0650573745 -0.167130277 0.393357664
v -0.0650573745 -0.17910327 0.388192803
v 0.0577798188 -0.175330848 0.390514314
v -0.0713641495 -0.173601985 0.387739152
v 0.0602154508 -0.170913234 0.390328288
v 0.0547426343 -0.17910327 0.388192803
v -0.068094559 -0.178579316 0.387738913
v -0.071549952 -0.176534817 0.384355992
v -0.0686038062 -0.180405155 0.384473205
v -0.0720129088 -0.174263984 0.384287179
v -0.0650573745 -0.181454495 0.384505004
v -0.0718818679 -0.168791354 0.38787362
v -0.0580103062 -0.179974765 0.387085766
v -0.0720573738 -0.16307795 0.383948356
v 0.0547005273 -0.181454495 0.384505004
v -0.0580103062 -0.17801483 0.389323771
v 0.0476955734 -0.17801483 0.389323771
v 0.0578908548 -0.180642277 0.384480387
v 0.0577798188 -0.178579316 0.387738913
v 0.0603471659 -0.178358853 0.384411216
v 0.0610494129 -0.17493543 0.386762679
v 0.0617426336 -0.173186764 0.384254575
v 0.0615671277 -0.170198798 0.387613982
v 0.0617426336 -0.160525426 0.386071205
v 0.0617426336 -0.16307795 0.383948356
v 0.0614000298 -0.16022934 0.388223708
v -0.216051787 0.102503724 0.437385947
v -0.213555589 0.112591781 0.438197494
v -0.209841281 0.108800903 0.423207402
v -0.224714816 0.0522769578 0.436071694
v -0.219930679 0.0832378715 0.436501294
v -0.218692884 0.0651087239 0.423463732
v -0.215409651 0.084140107 0.422571003
v -0.21553801 0.0753113031 0.42023474
v -0.222257182 0.0406893119 0.424376845
v -0.21898371 0.0531226024 0.421293885
v -0.228303373 0.0286545288 0.436107725
v -0.218463182 0.0399338268 0.420012116
v -0.223881632 0.0274363216 0.424760997
v -0.231153026 0.00476317992 0.436684757
v -0.222364664 0.0271431096 0.422337145
v -0.225120842 0.0140845384 0.425100684
v -0.224442944 0.000539913774 0.423245817
v -0.226001576 0.000730862143 0.425424188
v -0.232278958 -0.00752577605 0.437125444
v -0.226632684 -0.0126077002 0.425756902
v -0.233221844 -0.0200232584 0.437619895
v -0.225475729 -0.0261115301 0.424108773
v -0.221343741 0.0135812806 0.421177417
v 0.205737054 0.102503724 0.437385947
v 0.202192321 0.099258475 0.423648745
v 0.199526548 0.108800903 0.423207432
v 0.203240857 0.112591781 0.438197494
v 0.203047633 0.0895839781 0.421359897
v 0.198198751 0.10827069 0.420536637
v 0.196410239 0.1186442 0.422696054
v 0.198553905 0.129288554 0.439994425
v 0.195100576 0.118059307 0.420025349
v 0.192740798 0.129055142 0.422093749
v 0.192932472 0.11722707 0.418076783
v 0.198630422 0.0981249288 0.419030041
v 0.201208889 0.0875170156 0.419314831
v 0.20351252 0.084260866 0.419778138
v 0.189723775 0.12974669 0.418260843
v 0.193263412 0.106651716 0.417635828
v 0.198018402 0.0883691981 0.418453872
v 0.183494493 0.291018218 1.10009527
v 0.190473929 0.285308093 1.09896553
v 0.185711443 0.288103431 1.09469581
v 0.177537516 0.293213636 1.09206533
v 0.188136593 0.275232136 1.06085742
v 0.179152936 0.290529668 1.08699203
v 0.176841706 0.292023122 1.08873975
v 0.174399734 0.295822084 1.0963105
v 0.185479939 0.270519823 1.03928626
v 0.174818113 0.294526637 1.09310246
v 0.180469438 0.293159574 1.10523331
v 0.171112299 0.297576606 1.098719
v 0.174328178 0.292535931 1.09081459
v 0.16856274 0.296927929 1.09670138
v 0.175418854 0.290153712 1.08665586
v 0.164367661 0.299406707 1.09838629
v 0.167271972 0.299153388 1.10032868
v 0.179892838 0.282509476 1.06677008
v 0.181732297 0.270180076 1.03893518
v 0.18626067 0.262710154 1.01823115
v 0.187092617 0.253867477 0.997595489
v 0.191601202 0.246857822 0.976739705
v 0.19083935 0.25419572 0.997951627
v 0.193712741 0.25861451 1.02063763
v 0.196149305 0.238845855 0.956243515
v 0.196819574 0.231963262 0.934850216
v 0.199088365 0.242958605 0.980065763
v 0.202062935 0.221843809 0.906627417
v 0.200159878 0.222322941 0.906257451
v 0.204333454 0.228213295 0.938981116
v 0.202437714 0.215563536 0.885069072
v 0.206875667 0.221118495 0.918300569
v 0.20638679 0.208607927 0.864077032
v 0.206221968 0.202914253 0.84232682
v 0.209582746 0.196403146 0.82106638
v 0.208894297 0.191297278 0.799230158
v 0.217081323 0.190035433 0.817276537
v 0.210816965 0.190779075 0.799459279
v 0.210844859 0.186842203 0.780936062
v 0.225192219 0.179230452 0.797870874
v 0.180612683 -0.148353085 0.340119064
v 0.180829227 -0.146375671 0.3376908
v 0.18932727 -0.148523405 0.336741179
v 0.193615839 -0.15040186 0.3377119
v 0.198362783 -0.147490472 0.334431469
v 0.189133078 -0.150575355 0.339300156
v 0.20260042 -0.150260553 0.336445391
v 0.20710206 -0.149291873 0.335612744
v 0.199143857 -0.152731255 0.340189725
v 0.207829863 -0.152900323 0.340148449
v 0.186957777 -0.151642397 0.342667282
v 0.191578001 -0.152781829 0.343010694
v 0.180541784 -0.15045841 0.346172094
v 0.170338303 -0.145536229 0.343363017
v 0.170574188 -0.146595433 0.348412275
v 0.184797764 -0.151806146 0.347517788
v 0.180941224 -0.149721593 0.352190673
v 0.193464532 -0.153569281 0.345419973
v 0.199531391 -0.153912023 0.3433249
v 0.198011637 -0.154102236 0.348525494
v 0.205216497 -0.15414615 0.343412191
v 0.202424988 -0.154477879 0.34676379
v 0.210957006 -0.153914005 0.343400747
v 0.206876203 -0.154499814 0.346659094
v 0.202522963 -0.154137731 0.349886149
v -0.322215945 -0.0718225464 0.000525814714
v -0.322150499 -0.0632151589 0.00388924894
v -0.302852035 -0.0634137318 0.00402209209
v -0.322115898 -0.0559927784 0.00965469144
v -0.302917421 -0.0720211267 0.000658657751
v -0.302817374 -0.056191355 0.00978753436
v -0.303007722 -0.08123862 -3.55105367e-09
v -0.322115183 -0.050805632 0.0173030682
v -0.322306246 -0.081040062 -0.000132846559
v -0.302816659 -0.0510042012 0.0174359102
v -0.322413325 -0.0900378302 0.00197259127
v -0.322148412 -0.0481206924 0.0261458103
v -0.303114802 -0.0902363956 0.00210546469
v -0.302849919 -0.0483192652 0.0262786839
v -0.303229004 -0.0982043818 0.00678545702
v -0.322212636 -0.0481797047 0.035386838
v -0.322527498 -0.0980058089 0.00665258383
v -0.302914113 -0.0483782738 0.0355197117
v -0.303340048 -0.104425251 0.0136186481
v -0.30300355 -0.0511759073 0.0443270542
v -0.322638541 -0.104226679 0.0134858051
v -0.322302073 -0.0509773344 0.0441942103
v -0.322736442 -0.108140357 0.0218570512
v -0.322408617 -0.0562617406 0.0517749898
v -0.303437918 -0.108338937 0.0219898932
v -0.303110093 -0.0564603135 0.0519078337
v -0.32252273 -0.063557148 0.0574466847
v -0.322812378 -0.109394543 0.0310126897
v -0.303224206 -0.0637557209 0.0575795248
v -0.322634131 -0.0722067878 0.0606986955
v -0.303335607 -0.0724053606 0.0608315393
v -0.322732747 -0.0814319402 0.0612382777
v -0.303434223 -0.0816305131 0.0613711216
v -0.318317145 -0.108986698 0.0358882993
v -0.31453231 -0.0854076445 0.0606823377
v -0.320374459 -0.0871856436 0.0601710454
v -0.32279861 -0.0889447331 0.0595787019
v -0.308428288 -0.0863503367 0.0605139434
v -0.303504258 -0.0896803588 0.05951434
v -0.106099017 0.183788687 0.625460804
v -0.110400349 0.184006304 0.620215118
v -0.118721545 0.183523059 0.625582635
v -0.118783444 0.183455124 0.620314777
v -0.114157371 0.183698893 0.629402041
v -0.122873671 0.183578938 0.63088727
v -0.114157371 0.184342071 0.644523621
v -0.12709868 0.182902172 0.625685811
v -0.118305176 0.186577514 0.67814368
v -0.114157371 0.186278239 0.672998548
v -0.126827821 0.185281619 0.662466645
v -0.131200865 0.183166176 0.63625133
v -0.131044179 0.184503511 0.657270074
v -0.13515012 0.184018224 0.662601531
v -0.134966329 0.185037956 0.68363595
v -0.126637965 0.186230347 0.683504522
v -0.118276097 0.187030151 0.683392525
v 0.302558333 -0.0762326419 0.000525814539
v 0.302623719 -0.0676252544 0.00388924871
v 0.321922243 -0.0678238198 0.00402209163
v 0.302658349 -0.0604028739 0.00965469051
v 0.321856856 -0.0764312148 0.000658657576
v 0.321956843 -0.0606014468 0.00978753436
v 0.321766555 -0.085648708 -3.74382481e-09
v 0.302659065 -0.0552157201 0.0173030682
v 0.302468002 -0.0854501575 -0.000132846748
v 0.321957588 -0.055414293 0.0174359102
v 0.302360922 -0.0944479182 0.00197259104
v 0.302625835 -0.0525307842 0.0261458103
v 0.321659446 -0.0946464911 0.00210546469
v 0.321924359 -0.052729357 0.0262786839
v 0.321545243 -0.10261447 0.00678545702
v 0.302561611 -0.0525897965 0.035386838
v 0.302246749 -0.102415904 0.00665258337
v 0.321860105 -0.0527883694 0.0355197117
v 0.3214342 -0.10883534 0.0136186471
v 0.321770728 -0.055585999 0.0443270542
v 0.302135676 -0.108636774 0.0134858042
v 0.302472204 -0.0553874299 0.0441942103
v 0.302037805 -0.112550452 0.0218570512
v 0.302365631 -0.0606718324 0.0517749898
v 0.321336299 -0.112749025 0.0219898932
v 0.321664155 -0.0608704053 0.0519078337
v 0.321260363 -0.114003204 0.0311455335
v 0.302251518 -0.0679672435 0.057446681
v 0.301961839 -0.113804638 0.0310126897
v 0.321550012 -0.0681658089 0.0575795248
v 0.302140146 -0.0766168758 0.0606986955
v 0.32143867 -0.0768154487 0.0608315393
v 0.311733544 -0.11356061 0.0352521911
v 0.302041501 -0.0858420283 0.0612382777
v 0.321340024 -0.0860406086 0.0613711216
v 0.306457102 -0.113396794 0.0358882993
v 0.301920742 -0.112753846 0.0385561474
v 0.309101492 -0.115392767 0.0368463993
v 0.304804921 -0.115450926 0.0393483527
v 0.310241908 -0.08981774 0.0606823377
v 0.304399788 -0.0915957391 0.0601710454
v 0.301975638 -0.0933548212 0.0595787019
v 0.31634596 -0.0907604322 0.0605139434
v 0.321269959 -0.0940904543 0.05951434
v 0.20382683 0.256245345 0.0720093176
v 0.199638203 0.253085941 0.0802728385
v 0.199823901 0.253037542 0.066894725
v 0.204469636 0.256957233 0.0669450462
v 0.193888992 0.251725882 0.0668170899
v 0.2058907 0.259659529 0.0720112994
v 0.206761912 0.2625871 0.0669564903
v 0.206691876 0.262605339 0.0720015988
v 0.206105784 0.268655479 0.0719555765
v 0.206175596 0.26863727 0.0669264346
v 0.202775314 0.273739994 0.0718835592
v 0.202845022 0.273721844 0.0668618008
v 0.199571803 0.275913715 0.0718317404
v 0.19753316 0.27667591 0.0667773858
v 0.194437936 0.277136415 0.0717632547
v 0.191456914 0.276822776 0.0666924864
v 0.191386998 0.276841044 0.0717291683
v 0.188496053 0.275823414 0.0717017055
v 0.18600826 0.274128854 0.0666266307
v 0.185938075 0.274147123 0.0716825053
v 0.183425933 0.271279007 0.071671702
v 0.182435438 0.269211143 0.0665948316
v 0.182443693 0.269186139 0.0756201297
v 0.181556925 0.263196349 0.0666044131
v 0.181688458 0.272450417 0.0716433525
v 0.184826896 0.27583012 0.0716581866
v 0.185938075 0.274147123 0.0716825053
v 0.179135054 0.26841256 0.0796054825
v 0.188496053 0.275823414 0.0717017055
v 0.190493792 0.278635234 0.0717067719
v 0.191386998 0.276841044 0.0717291683
v 0.194437936 0.277136415 0.0717632547
v 0.196797222 0.27877146 0.0717803463
v 0.199571803 0.275913715 0.0718317404
v 0.202562064 0.276225954 0.071864821
v 0.202775314 0.273739994 0.0718835592
v 0.206707746 0.271475464 0.0719443187
v 0.206105784 0.268655479 0.0719555765
v 0.20845072 0.265407324 0.0720039457
v 0.206691876 0.262605339 0.0720015988
v 0.207461223 0.259186625 0.0720325708
v 0.2058907 0.259659529 0.0720112994
v 0.205162615 0.255173177 0.0720317513
v 0.202075124 0.251870126 0.07964506
v 0.1995105 0.248563528 0.0825483799
v 0.197149768 0.25217703 0.0819386989
v 0.193668112 0.25178346 0.0827297792
v 0.188024536 0.25332275 0.0667299032
v 0.187796965 0.253382087 0.083123669
v 0.186731815 0.254147619 0.0667089969
v 0.18531701 0.25518474 0.0830871388
v 0.165573657 0.24220553 0.0874662921
v 0.176575035 0.264920652 0.0822927654
v 0.183348522 0.257521152 0.082894817
v 0.183573991 0.257462382 0.0666531473
v 0.181344494 0.263251722 0.0819069296
v -0.211381212 0.0843002871 0.417770177
v -0.211991519 0.0637708083 0.417927265
v -0.213827237 0.084260866 0.419778109
v -0.213803977 0.0872251317 0.421147972
v -0.211124957 0.0890178755 0.419409871
v -0.208333135 0.0883691981 0.418453872
v -0.206176996 0.0973619893 0.418076724
v -0.211160794 0.0987887383 0.420980364
v -0.206320971 0.10751833 0.418586224
v -0.196942493 0.126454651 0.416544557
v -0.214726239 0.0899867713 0.424025714
v -0.218147561 0.092871584 0.436839312
v -0.212507054 0.099258475 0.423648745
v 0.0521816462 0.263094991 0.594322383
v 0.0549022667 0.261763006 0.647983789
v 0.053156253 0.263011903 0.549495995
v 0.0516102463 0.261729419 0.54223609
v 0.0534740239 0.261475384 0.545907557
v 0.0540554821 0.261347055 0.549444497
v 0.0567667112 0.259815216 0.702615798
v 0.0611893944 0.234600991 0.701120436
v 0.057609126 0.260646671 0.707497776
v 0.0620066337 0.234478384 0.7055161
v 0.0558033511 0.261537611 0.702594638
v 0.0648681521 0.234035969 0.710047305
v 0.0599653758 0.262121379 0.711766541
v 0.0638914257 0.262968779 0.714963973
v 0.0613629185 0.265247881 0.715239942
v 0.0574456789 0.262676597 0.709311783
v 0.0530957058 0.262522459 0.648022592
v 0.055225689 0.26443696 0.7119928
v 0.0521688499 0.267068237 0.716919303
v 0.0548982546 0.26288408 0.707389832
v 0.0489868708 0.265300989 0.711314738
v 0.0421441644 0.268193603 0.713354647
v 0.0432368368 0.265955836 0.706882477
v 0.0494294427 0.26311475 0.704251051
v 0.0539784469 0.262289107 0.702602983
v 0.0499442369 0.262795746 0.701270401
v 0.042600736 0.265416414 0.699408829
v 0.0462420247 0.263821244 0.700350642
v 0.0507901348 0.262639761 0.678334415
v 0.0477222688 0.26332593 0.678330719
v 0.0439254604 0.264718801 0.678322375
v 0.0433617868 0.265072137 0.631162345
v 0.0171280205 0.250923067 0.367173761
v 0.0326823033 0.249302387 0.366808295
v 0.0059911143 0.255883366 0.373425603
v -0.00515736826 0.25875324 0.378204018
v 0.0059911143 0.252196193 0.367965341
v -0.00515736826 0.252874166 0.368600309
v -0.0163058508 0.259060293 0.379197687
v 0.0059911143 0.248029038 0.362861961
v -0.0163058508 0.255883366 0.373425603
v -0.027442757 0.262032449 0.387704611
v -0.027442757 0.257313728 0.376984298
v -0.0163058508 0.252196193 0.367965341
v -0.027442757 0.250923067 0.367173761
v -0.0163058508 0.248029038 0.362861961
v -0.00515736826 0.245221779 0.35965693
v -0.0163058508 0.24341625 0.358157486
v -0.027442757 0.243023857 0.358524233
v -0.00515736826 0.236226574 0.352064013
v 0.0059911143 0.24341625 0.358157486
v 0.0171280205 0.243023857 0.358524233
v 0.0171280205 0.233828306 0.351269633
v 0.0326823033 0.245101333 0.362033308
v 0.0326823033 0.240499765 0.357662112
v 0.0340053923 0.244646624 0.362471044
v 0.0345426314 0.243663996 0.36341697
v 0.0340053923 0.23637116 0.355128318
v 0.0345426314 0.230411813 0.352687776
v 0.0326823033 0.236751646 0.354624718
v 0.0326823033 0.23146607 0.350993961
v 0.0340053923 0.225637034 0.348442137
v 0.0326823033 0.225921258 0.347878575
v 0.0171280205 0.223579288 0.345601052
v 0.0326823033 0.220131308 0.345276266
v 0.0059911143 0.227300897 0.346806735
v 0.0171280205 0.212551922 0.341669232
v 0.0059911143 0.221317708 0.344047964
v -0.00515736826 0.226125196 0.346021324
v 0.0059911143 0.215108931 0.341843188
v -0.00515736826 0.215182304 0.341686875
v -0.0163058508 0.227300897 0.346806735
v -0.027442757 0.233828306 0.351269633
v -0.0163058508 0.221317708 0.344047964
v -0.027442757 0.223579288 0.345601052
v -0.0163058508 0.215108931 0.341843188
v -0.027442757 0.212551922 0.341669232
v -0.0163058508 0.20872584 0.340210438
v 0.0059911143 0.20872584 0.340210438
v -0.00515736826 0.203686252 0.339173973
v -0.0443201289 0.244646624 0.362471044
v -0.0448573679 0.239191666 0.359168559
v -0.0448573679 0.247746974 0.368057758
v -0.0443201289 0.248810321 0.367203563
v -0.0443201289 0.254340321 0.375151277
v -0.0448573679 0.258537769 0.386980891
v -0.0429970399 0.253088236 0.371983379
v -0.0429970399 0.249302387 0.366808295
v -0.0429970399 0.245101333 0.362033308
v -0.0429970399 0.25789544 0.380418628
v -0.0429970399 0.240499765 0.357662112
v -0.0429970399 0.260405153 0.38627851
v -0.0429970399 0.236751646 0.354624718
v -0.0443201289 0.23637116 0.355128318
v -0.0429970399 0.23146607 0.350993961
v -0.0443201289 0.225637034 0.348442137
v -0.0429970399 0.225921258 0.347878575
v -0.0429970399 0.220131308 0.345276266
v -0.0448573679 0.209001362 0.343929291
v -0.0443201289 0.215398625 0.344252437
v -0.0429970399 0.215591013 0.343651325
v -0.0443201289 0.209298879 0.34259817
v -0.0448573679 0.202837855 0.342842519
v -0.0429970399 0.209436536 0.341982216
v -0.027442757 0.206291407 0.340291202
v -0.0429970399 0.20309487 0.340864003
v -0.0443201289 0.203013554 0.341489911
v -0.0429970399 0.192509621 0.33980158
v 0.176828295 -0.0673626363 0.337030321
v 0.185375005 -0.0665845498 0.337154001
v 0.175937921 -0.0680724308 0.341786832
v 0.185170129 -0.0667060837 0.341233343
v 0.187212721 -0.0670637041 0.341456413
v 0.178807199 -0.0681570917 0.341894388
v 0.187852338 -0.0667353198 0.336894006
v 0.183979362 -0.0656750947 0.336059123
v 0.167224899 -0.0699749142 0.338269591
v 0.167700559 -0.0682215691 0.337195545
v 0.176165372 -0.065351896 0.335981429
v 0.183920771 -0.0636126548 0.335847735
v 0.171070099 -0.0693215355 0.342334956
v 0.161790416 -0.0722878873 0.339339495
v 0.173971832 -0.0694276541 0.342462569
v 0.166621745 -0.0708804503 0.343017161
v 0.164538458 -0.073153913 0.344047725
v 0.157924309 -0.0751868412 0.344786614
v 0.151745364 -0.0814673156 0.347001344
v 0.171496227 -0.071275875 0.341388762
v 0.164538458 -0.073153913 0.344047725
v 0.149557799 -0.0810682103 0.34685123
v 0.144818082 -0.0882316008 0.348801732
v 0.151017204 -0.0787980631 0.34200117
v 0.141101107 -0.0896641091 0.349112481
v 0.155420795 -0.073212795 0.339523584
v 0.141905025 -0.0871417671 0.344603956
v 0.143720672 -0.0800592974 0.342406839
v 0.138929307 -0.0960770845 0.350205123
v 0.136902779 -0.093437545 0.34597373
v 0.135765702 -0.0973550379 0.350385398
v 0.159396499 -0.0690831617 0.338439405
v 0.152088583 -0.0728576481 0.340158969
v -0.234795108 -0.0953957886 0.441195548
v -0.234999523 -0.0756274462 0.440416187
v -0.227086589 -0.055884432 0.42736131
v -0.226267561 -0.105632283 0.430976659
v -0.225711539 -0.0700418428 0.427158177
v -0.234365046 -0.111969031 0.441547722
v -0.226592049 -0.12472339 0.432650089
v -0.233963773 -0.12539275 0.441540986
v -0.233669713 -0.136544138 0.441239238
v -0.221745417 -0.12518771 0.428161591
v -0.226866499 -0.134271085 0.433312982
v -0.233426794 -0.146263823 0.440668076
v -0.227777094 -0.153408453 0.434136629
v -0.232742563 -0.16205731 0.438899577
v -0.222383931 -0.144266665 0.429348379
v -0.22122921 -0.0947556198 0.425439239
v -0.221024469 -0.0774410591 0.423656285
v -0.223451748 -0.0701014623 0.424884439
v -0.217733026 -0.0701742619 0.420380384
v -0.215495601 -0.0778490603 0.419987887
v -0.21056366 -0.0701557025 0.416578382
v -0.210802644 -0.0834522098 0.418325096
v -0.322522432 -0.0842625052 0.0264553484
v -0.322564512 -0.0855990201 0.0305697285
v -0.32354933 -0.0842519328 0.0264482684
v -0.323495805 -0.0807523057 0.0239054225
v -0.322424412 -0.0764368549 0.0239125025
v -0.323591411 -0.0855884627 0.0305626802
v -0.322579086 -0.084261924 0.0346841402
v -0.323605955 -0.0842513442 0.0346770585
v -0.322560549 -0.0807619095 0.0372269861
v -0.323542953 -0.0764253587 0.0372199081
v -0.172136307 0.021484036 0.418852568
v -0.172136307 0.00933403429 0.418852568
v -0.176130295 0.00933403429 0.425296187
v -0.176130295 0.021484036 0.425296187
v 0.302251786 -0.0886726007 0.0264553484
v 0.302209735 -0.0900091082 0.0305697285
v 0.301224947 -0.0886620209 0.0264482684
v 0.301278442 -0.0851623937 0.0239054225
v 0.302349865 -0.0808469504 0.0239125025
v 0.301182836 -0.0899985582 0.0305626784
v 0.302195191 -0.0886720121 0.0346841402
v 0.301168293 -0.0886614397 0.0346770585
v 0.302213699 -0.085172005 0.0372269861
v 0.301231295 -0.0808354467 0.0372199044
v 0.165815562 0.00933403429 0.425296187
v 0.161821574 0.00933403429 0.418852568
v 0.161821574 0.021484036 0.418852568
v 0.165815562 0.021484036 0.425296187
v -0.0268021803 -0.0980233923 0.295385897
v -0.0264550652 -0.0858410597 0.290577859
v 0.0164022576 -0.0952749178 0.294257492
v -0.028521128 -0.0795271546 0.288656235
v 0.0182839427 -0.0831868127 0.289974451
v 0.0187863875 -0.100773036 0.29692772
v 0.0167698879 -0.106484339 0.299023062
v 0.0204147566 -0.0887962654 0.293185472
v 0.0199840851 -0.0641517118 0.2846618
v 0.0216029193 -0.0699103847 0.288162947
v 0.021645898 -0.0550143085 0.284357995
v 0.0209532361 -0.105795451 0.300237089
v 0.0221384317 -0.09399762 0.296967447
v 0.0225097612 -0.0630724579 0.288104147
v 0.0233801175 -0.0577228069 0.289684594
v 0.0242658816 -0.051054012 0.289897442
v 0.0232889522 -0.0988257602 0.301150233
v 0.0246436 -0.0938987881 0.303085953
v 0.0259706844 -0.0689840093 0.296758324
v 0.026263006 -0.0994136482 0.306677729
v 0.0226958208 -0.110357083 0.30406791
v 0.0249840617 -0.120193876 0.312778026
v 0.0266232155 -0.125570238 0.316558659
v 0.0215009805 -0.121007748 0.307413489
v 0.0193472356 -0.116660796 0.304129481
v 0.0259531103 -0.140621096 0.322225422
v 0.0280079264 -0.140169069 0.323269904
v 0.0288884845 -0.147938967 0.32721743
v 0.0305401925 -0.143959075 0.325435758
v 0.0230947994 -0.145669714 0.320990384
v 0.0274228826 -0.151043981 0.328008294
v 0.031482812 -0.149796233 0.328785092
v 0.0431863815 -0.146233678 0.326638252
v 0.0298646968 -0.152508274 0.330245107
v 0.0324919522 -0.154205054 0.331946701
v 0.0285452846 -0.155533075 0.331387818
v 0.0250236634 -0.153308436 0.326369673
v 0.0310104974 -0.156804875 0.333700329
v 0.0304946713 -0.161827177 0.337456793
v 0.0255705994 -0.160508141 0.331440926
v 0.0232885666 -0.159203246 0.329219073
v 0.0273149684 -0.164940819 0.336681992
v 0.0246912893 -0.163271636 0.333496153
v -0.175762981 -0.0332659632 0.426527709
v -0.171541989 -0.0332659632 0.421082973
v -0.174629897 -0.0452659652 0.426395833
v -0.171541989 -0.0452659652 0.421082973
v 0.165448263 -0.0332659632 0.426527709
v 0.164315164 -0.0452659652 0.426395833
v 0.161227271 -0.0332659632 0.421082973
v 0.161227271 -0.0452659652 0.421082973
v 0.165328011 0.0900340304 0.420924127
v 0.161777213 0.0900340304 0.416670769
v 0.164418787 0.10143403 0.420829087
v 0.161777213 0.10143403 0.416670769
v -0.109307848 -0.0574604496 0.396960825
v -0.108667023 -0.043294955 0.389065444
v -0.108652644 -0.0702821687 0.389982432
v -0.11050608 -0.0687972754 0.411116689
v -0.110504404 -0.0571796447 0.410631955
v -0.110138215 -0.0542790554 0.406328499
v -0.110075235 -0.0523706675 0.405531824
v -0.110078149 -0.0452659614 0.405280471
v -0.110538691 -0.0332659632 0.410065889
v -0.110515624 -0.0452659652 0.410282999
v -0.110083066 -0.0332659632 0.404855967
v -0.108699843 0.0183317009 0.386971623
v -0.110094711 -0.00486596907 0.403851151
v -0.11010053 0.00933403522 0.403348804
v -0.110719427 0.0133669861 0.410264164
v -0.110697694 0.00933403522 0.410177171
v -0.110105515 0.0214840379 0.402918935
v -0.110763177 0.021484036 0.410439223
v -0.110131204 0.0841293409 0.400702626
v -0.108752221 0.116657108 0.383630872
v -0.110186607 0.0859570727 0.401262879
v -0.110459663 0.0881092176 0.404299021
v -0.110521145 0.0900340304 0.404924989
v -0.110966779 0.0900340304 0.410020769
v -0.110552698 0.101434037 0.404828936
v -0.111007109 0.101434037 0.41002515
v -0.110676989 0.146354571 0.404450357
v -0.108766071 0.142655894 0.382747501
v -0.109729454 0.147167459 0.393582851
v -0.11077451 0.150181219 0.405412257
v -0.111130364 0.153678104 0.409341246
v 0.0744819865 -0.141651452 0.355811507
v 0.0744317025 -0.144881293 0.35534656
v 0.07038261 -0.141584352 0.355788738
v 0.0703323111 -0.144814208 0.355323792
v 0.0702769831 -0.147642702 0.35695076
v 0.0743763745 -0.147709802 0.356973529
v 0.0702341571 -0.148675412 0.361620277
v 0.0743335411 -0.148742497 0.361643016
v 0.0743369758 -0.148027062 0.36313495
v 0.0702702999 -0.145313606 0.365021676
v 0.0743696913 -0.145380706 0.365044415
v 0.0743953958 -0.143739536 0.365252912
v 0.0703243911 -0.142053097 0.364891589
v 0.0744517371 -0.140700102 0.364065766
v 0.074494496 -0.139040619 0.361255974
v 0.070395112 -0.138973504 0.361233205
v 0.0704060718 -0.139400974 0.357997835
v 0.0745054632 -0.139468074 0.358020604
v 0.138930306 -0.188463226 0.404060394
v 0.127607957 -0.185721382 0.401448488
v 0.139935389 -0.185747981 0.40271917
v 0.129930213 -0.203322023 0.413719267
v 0.150316507 -0.191664487 0.407269776
v 0.151465729 -0.189000919 0.405932814
v 0.161577731 -0.195078641 0.41093877
v 0.145399019 -0.208109617 0.418892831
v 0.169729352 -0.206580997 0.420962185
v 0.153650329 -0.183220163 0.404064834
v 0.141852602 -0.179890051 0.400832444
v 0.172710419 -0.198587254 0.415016055
v 0.190405533 -0.20506601 0.422992945
v 0.16407828 -0.189669073 0.408548892
v 0.175383911 -0.193235323 0.412650317
v 0.185100317 -0.199627876 0.418209732
v 0.20503369 -0.202141151 0.425368339
v 0.166345239 -0.183722317 0.407303423
v 0.187768087 -0.193971381 0.416440457
v 0.177780926 -0.187310055 0.411457479
v 0.131128266 -0.170091093 0.433508188
v 0.117332511 -0.169580787 0.431746542
v 0.117511444 -0.182610899 0.431654781
v 0.103649646 -0.182174683 0.430666119
v 0.144981295 -0.170621529 0.435634494
v 0.144830301 -0.157734558 0.435858399
v 0.172891349 -0.158662722 0.441492319
v 0.131340429 -0.183127195 0.432970613
v 0.0896640271 -0.175254181 0.42973873
v 0.0477645993 -0.181571722 0.427851409
v 0.117599428 -0.189234719 0.431237638
v 0.0613908358 -0.188221678 0.428201139
v 0.0753964856 -0.195162088 0.42857632
v 0.103725471 -0.195608273 0.429816365
v 0.0476383083 -0.188202053 0.427647203
v 0.0613237023 -0.194982097 0.427724868
v 0.075385794 -0.202088475 0.427594543
v 0.0475276485 -0.194902524 0.427118391
v 0.034134347 -0.181665316 0.427971631
v 0.0342778489 -0.175095275 0.428033233
v 0.0205987096 -0.175217226 0.428902656
v 0.0339833274 -0.188286081 0.427641362
v 0.0474404618 -0.201677009 0.426195294
v 0.0204496812 -0.181813911 0.428703487
v 0.00288594863 -0.176076144 0.430424333
v 0.0338278376 -0.19496423 0.426992625
v 0.0202799551 -0.188459694 0.428212464
v 0.00282975589 -0.182784364 0.430009067
v -0.00515736826 -0.176110625 0.430629641
v -0.00515736826 -0.189604014 0.429395378
v 0.00275880005 -0.189539611 0.429247767
v 0.0200872608 -0.195160493 0.427378416
v 0.0336705856 -0.201708719 0.425962508
v 0.00267112162 -0.196344033 0.428078115
v 0.0198705383 -0.201924384 0.426135957
v -0.0130735356 -0.189539611 0.429247767
v -0.0129858581 -0.196344033 0.428078115
v -0.0304019973 -0.195160493 0.427378416
v 0.00256665982 -0.203161865 0.426439136
v -0.0301852748 -0.201924384 0.426135957
v -0.0439853221 -0.201708719 0.425962508
v -0.0128813963 -0.203161865 0.426439136
v -0.00515736826 -0.203244209 0.426498652
v 0.0196309127 -0.208773538 0.424393475
v 0.00245097303 -0.209843233 0.424304485
v -0.0127657093 -0.209843233 0.424304485
v -0.0299456473 -0.208773538 0.424393475
v -0.0438267738 -0.208544955 0.424463719
v 0.033512041 -0.208544955 0.424463719
v 0.0333525464 -0.215516791 0.42234233
v 0.0473791696 -0.208535716 0.424793184
v 0.060103938 -0.219113126 0.421949923
v 0.117756039 -0.209728703 0.427513212
v 0.0278508533 -0.219867498 0.420474559
v 0.110597581 -0.216936186 0.424673766
v 0.0193816349 -0.215731114 0.42200458
v 0.00966686383 -0.22007446 0.419913888
v -0.0199816003 -0.22007446 0.419913888
v -0.0296963714 -0.215731114 0.42200458
v -0.0381655879 -0.219867498 0.420474559
v -0.0436672829 -0.215516791 0.42234233
v -0.0704186782 -0.219113126 0.421949923
v -0.071626626 -0.208750769 0.425353616
v -0.0999370068 -0.209338441 0.426551163
v -0.0857005417 -0.202088475 0.427594543
v -0.0577551946 -0.201677009 0.426195294
v -0.0576939061 -0.208535716 0.424793184
v -0.150250122 -0.185747981 0.40271917
v -0.127934635 -0.179878205 0.39755106
v -0.134056613 -0.187532201 0.402320832
v -0.176659971 -0.183722317 0.407303423
v -0.165893793 -0.177098185 0.403371543
v -0.163965061 -0.183220163 0.404064834
v -0.178559721 -0.177588984 0.407275826
v -0.174392998 -0.189669073 0.408548892
v -0.160631239 -0.191664487 0.407269776
v -0.140244931 -0.203322023 0.413719267
v -0.171892449 -0.195078641 0.41093877
v -0.155713752 -0.208109617 0.418892831
v -0.180044085 -0.206580997 0.420962185
v -0.185698643 -0.193235323 0.412650317
v -0.183025151 -0.198587254 0.415016055
v -0.200720266 -0.20506601 0.422992945
v -0.196789205 -0.196876377 0.417174518
v 0.187434629 -0.185407385 0.440462202
v 0.201608717 -0.172617704 0.445032597
v 0.187327132 -0.178754851 0.441863179
v 0.168259844 -0.197968513 0.43459636
v 0.159303859 -0.190907806 0.435304701
v 0.159156099 -0.184279978 0.436508507
v 0.201782897 -0.185908139 0.442139328
v 0.216180578 -0.179675296 0.445176601
v 0.216106296 -0.173055395 0.446629137
v 0.226202011 -0.174160436 0.447162062
v 0.216035336 -0.166493267 0.447764993
v 0.225516409 -0.185875922 0.444007605
v 0.20871079 -0.159761295 0.447741717
v 0.216260925 -0.186349243 0.443343282
v 0.224432915 -0.191798642 0.4419159
v 0.201482803 -0.159542635 0.446695358
v 0.201393157 -0.146657839 0.447516799
v 0.187241346 -0.172153085 0.442926407
v 0.18712008 -0.159105957 0.444248021
v 0.187050074 -0.14625223 0.444791526
v 0.158935115 -0.171149939 0.438023657
v 0.145205051 -0.183693662 0.434614062
v 0.145344302 -0.190298855 0.43370232
v 0.131459773 -0.189730108 0.43232578
v 0.145497248 -0.196950689 0.432459682
v 0.117675379 -0.195948496 0.430480391
v 0.131579146 -0.196399942 0.431355149
v 0.117729895 -0.202771246 0.429286182
v 0.134346232 -0.215491146 0.426247805
v 0.131687701 -0.203152224 0.429980993
v 0.159668729 -0.204250857 0.431783229
v 0.157203287 -0.213845193 0.428035706
v 0.170226619 -0.204734802 0.432525963
v 0.179269567 -0.212018192 0.43006587
v 0.20189622 -0.192626253 0.440079093
v 0.20203194 -0.199369699 0.43752408
v 0.202416018 -0.20984982 0.432423085
v 0.208097368 -0.208625153 0.433394402
v 0.216250375 -0.204082102 0.436173946
v 0.222008094 -0.197330996 0.439590603
v 0.216347426 -0.193068266 0.441059709
v 0.0997857898 0.00933403522 0.403348804
v 0.098385103 0.0183317009 0.386971623
v 0.100404687 0.0133669861 0.410264164
v 0.100382946 0.00933403522 0.410177171
v 0.0997907743 0.0214840379 0.402918935
v 0.10044843 0.021484036 0.410439223
v 0.099811323 0.0716002807 0.401145905
v 0.0984300002 0.102610625 0.384108096
v 0.0983598232 -0.0291294716 0.388584167
v 0.0997799709 -0.00486596907 0.403851151
v 0.0997683257 -0.0332659632 0.404855967
v 0.100200884 -0.0452659652 0.410282999
v 0.100223944 -0.0332659632 0.410065889
v 0.0997634083 -0.0452659614 0.405280471
v 0.0989931002 -0.0574604496 0.396960825
v 0.0983378962 -0.0702821687 0.389982432
v 0.0997604877 -0.0523706675 0.405531824
v 0.10019134 -0.0687972754 0.411116689
v 0.0998234674 -0.0542790554 0.406328499
v 0.100189656 -0.0571796447 0.410631955
v 0.0998164564 0.0841293409 0.400702626
v 0.0998718664 0.0859570727 0.401262879
v 0.0995349512 0.0983599126 0.396913439
v 0.100144923 0.0881092176 0.404299021
v 0.100206405 0.0900340304 0.404924989
v 0.100652039 0.0900340304 0.410020769
v 0.100237951 0.101434037 0.404828936
v 0.100692369 0.101434037 0.41002515
v 0.100307837 0.126690894 0.404616058
v 0.100362241 0.146354571 0.404450357
v 0.0984513313 0.142655894 0.382747501
v 0.100459769 0.150181219 0.405412257
v 0.100815624 0.153678104 0.409341246
v -0.199640825 0.133286044 0.419881344
v -0.20176442 0.128416181 0.419427872
v -0.203055531 0.129055142 0.422093749
v -0.206724957 0.1186442 0.422696054
v -0.208868638 0.129288554 0.439994425
v -0.201527312 0.132911116 0.423219115
v -0.206246853 0.134413153 0.440396011
v -0.205415294 0.118059307 0.420025349
v -0.199624389 0.127505824 0.417485207
v -0.201517567 0.136357993 0.431313992
v -0.19974874 0.139697105 0.440002054
v -0.198646754 0.135855213 0.422037035
v -0.195727423 0.138778925 0.424595773
v -0.194942355 0.140736431 0.43329218
v -0.187412187 0.143994272 0.438139647
v -0.196475923 0.136454523 0.419749022
v -0.191605255 0.140070379 0.422144264
v -0.178188205 0.143222317 0.419973552
v -0.173975244 0.148133263 0.436041415
v -0.19088456 0.139364317 0.419580758
v -0.197232917 0.133642882 0.41798979
v -0.165709049 0.145802274 0.417854726
v -0.15858084 0.152268916 0.433678538
v -0.165807933 0.144698486 0.415549129
v -0.153354451 0.148072004 0.415817648
v -0.151103392 0.154119536 0.432565629
v -0.194640279 0.133113474 0.41656667
v -0.143026561 0.15215902 0.420865238
v -0.139812395 0.156603098 0.431013852
v -0.141270369 0.148860499 0.411769956
v -0.129149199 0.151723996 0.412021786
v -0.128488958 0.158790097 0.42963925
v -0.116935186 0.160721213 0.42846036
v -0.111130364 0.153678104 0.409341246
v -0.104854763 0.162438706 0.427475989
v -0.117436759 0.151870593 0.408261567
v -0.11077451 0.150181219 0.405412257
v -0.129264235 0.148774207 0.408382595
v -0.104384109 0.149679497 0.39791581
v -0.0817387924 0.165005207 0.426169187
v -0.109729454 0.147167459 0.393582851
v -0.106269076 0.142917931 0.38273859
v -0.108766071 0.142655894 0.382747501
v -0.0626199394 0.166720331 0.425317377
v -0.0533326343 0.162182257 0.414145231
v -0.0789820701 0.151974037 0.397364974
v -0.0481709614 0.167838469 0.424754739
v -0.0344242454 0.16871047 0.424313247
v -0.0449647084 0.154310375 0.39683944
v -0.0856103823 0.149287522 0.394535065
v -0.10475263 0.147660866 0.394966573
v -0.0964222476 0.146972448 0.393775016
v -0.105017647 0.143308967 0.392920583
v -0.0531300083 0.15166761 0.394229054
v -0.0853526145 0.14635326 0.393061042
v -0.095784761 0.140828714 0.392422855
v -0.105112784 0.13153404 0.392449647
v -0.0527877435 0.146803007 0.39249444
v -0.0200716238 0.151533291 0.393127471
v -0.0308854263 0.145538211 0.392202854
v -0.175642744 0.0900340304 0.420924127
v -0.175642744 0.10143403 0.420924127
v -0.172091931 0.10143403 0.416670769
v -0.172091931 0.0900340304 0.416670769
v -0.0991573706 -0.0607940555 0.388847142
v -0.0991573706 -0.122569978 0.391467512
v -0.0991573706 -0.126520962 0.392707884
v -0.0991573706 -0.0328648835 0.387662441
v -0.0991573706 0.0299253836 0.384999067
v -0.0991573706 0.0366719402 0.386737049
v -0.0991573706 0.0345521681 0.385717064
v -0.0991573706 0.0442565531 0.392198175
v -0.0991573706 -0.12240047 0.395463914
v -0.0991573706 -0.123916917 0.395833015
v -0.0991573706 -0.0676068291 0.39313972
v -0.0991573706 -0.131180063 0.401903272
v -0.0991573706 -0.132012233 0.397945136
v -0.0991573706 0.00919839274 0.389881849
v -0.0991573706 0.0231629778 0.389289498
v -0.0991573706 0.032175146 0.389180064
v -0.0991573706 0.0341367237 0.38989678
v -0.0991573706 0.0444260687 0.396194577
v -0.0991573706 0.0426058546 0.396033049
v -0.0991573706 0.0652177706 0.391309053
v -0.0991573706 0.0653872862 0.395305455
v -0.0991573706 -0.159309477 0.403335154
v -0.0991573706 -0.132980078 0.402218342
v -0.0991573706 -0.179226041 0.400176376
v -0.0991573706 -0.179056525 0.404172808
v -0.0991573706 -0.158279181 0.399287879
v -0.185548693 0.190760404 0.550181448
v -0.190709129 0.198132262 0.551701963
v -0.180133864 0.203193948 0.548668385
v -0.172006115 0.195841372 0.546408474
v -0.191504031 0.200319558 0.552778363
v -0.21161589 0.188078761 0.558527052
v -0.212091625 0.189509109 0.559467494
v -0.180896014 0.205524206 0.54978919
v -0.201741606 0.196327567 0.557711184
v -0.209511042 0.193566769 0.562482059
v -0.191681996 0.201860934 0.554819763
v -0.159537479 0.201712668 0.54294771
v -0.146265373 0.203754142 0.540497541
v -0.134119391 0.208268166 0.537879467
v -0.196675807 0.201809153 0.562264442
v -0.196725771 0.205327228 0.57208246
v -0.20492433 0.198216394 0.565595627
v -0.201003805 0.20182471 0.568520606
v -0.207814038 0.197819903 0.569682002
v -0.215624049 0.191393688 0.569684386
v -0.209999174 0.197069168 0.57439965
v -0.201007575 0.203513101 0.574723244
v -0.203170255 0.202449873 0.579555571
v -0.19569172 0.207256347 0.579453588
v -0.194322973 0.208277807 0.585017145
v -0.188703015 0.210963771 0.581423461
v -0.192242458 0.208489716 0.576131999
v -0.178321749 0.214487135 0.5782336
v -0.201577723 0.312524706 0.0484911315
v -0.208861113 0.312599659 0.0484409928
v -0.214094684 0.310735762 0.0486262031
v -0.208918154 0.309491575 0.0520804897
v -0.201693624 0.30577746 0.055239059
v -0.215455264 0.309586167 0.0476890095
v -0.216151044 0.310295641 0.0433357991
v -0.215530351 0.305213004 0.0520626344
v -0.216090813 0.303924829 0.0494455099
v -0.21549879 0.308359981 0.0430246703
v -0.21538423 0.31188935 0.0316586457
v -0.215643808 0.299791604 0.0512840711
v -0.214173809 0.306126982 0.0532354563
v -0.216367796 0.296805292 0.0546565689
v -0.215606883 0.2999762 0.055353377
v -0.208976999 0.305852383 0.0551889166
v -0.212458372 0.300982237 0.0575312003
v -0.209036216 0.30177173 0.0576897413
v -0.201810926 0.297275126 0.0595715158
v -0.215681016 0.294138372 0.0573962517
v -0.209094301 0.297350079 0.0595213771
v -0.212538958 0.294638574 0.0597510189
v -0.209149867 0.292696267 0.0606387146
v -0.201918185 0.287849933 0.0610643737
v -0.212612838 0.287959993 0.0605035536
v -0.209201559 0.287924886 0.061014235
v -0.209248066 0.283153504 0.0606387146
v -0.20200488 0.278424591 0.0595715158
v -0.212676376 0.281281292 0.0597510189
v -0.209288254 0.278499544 0.0595213734
v -0.209321141 0.274077594 0.0576897413
v -0.202062562 0.269921631 0.0552390553
v -0.21272637 0.274937332 0.0575312003
v -0.209345922 0.269996583 0.0551889166
v -0.214465886 0.281501055 0.0588564277
v -0.212760299 0.26924634 0.0539553352
v -0.20936197 0.266356945 0.052080486
v -0.20208551 0.263173401 0.0484911315
v -0.21574901 0.287992269 0.0580887571
v -0.214514375 0.275348425 0.0567035042
v -0.216512397 0.283528864 0.0558181293
v -0.216420412 0.292470425 0.0558181293
v -0.215783417 0.288303852 0.0543935969
v -0.216577783 0.275126308 0.0527598374
v -0.21672824 0.285173327 0.0421041697
v -0.215883061 0.276738733 0.0515839644
v -0.21588473 0.270770669 0.0520626344
v -0.216608718 0.268276244 0.0470121279
v -0.215918124 0.26795727 0.0435502455
v -0.215899631 0.26639685 0.0476890057
v -0.212776482 0.264493585 0.0492027998
v -0.21660991 0.26570183 0.0433357954
v -0.212774128 0.260917425 0.0435118526
v -0.209368899 0.263248354 0.0484409891
v -0.204539031 0.263203442 0.0484709069
v -0.209366545 0.260747313 0.0443600267
v -0.202071562 0.258840472 0.0399882309
v -0.215897426 0.263105839 0.042451825
v -0.209354952 0.258915424 0.0399380922
v -0.214540496 0.259597868 0.0369541422
v -0.21658352 0.262643069 0.0349332094
v -0.209334418 0.257797778 0.0352840684
v -0.202022061 0.257347018 0.0305626951
v -0.215843096 0.260369688 0.0304673277
v -0.214503407 0.258867621 0.0304766651
v -0.20930545 0.257421941 0.0305125546
v -0.209268734 0.257797122 0.0257410388
v -0.201941818 0.25883913 0.0211371575
v -0.214451328 0.259596944 0.0239991564
v -0.215793654 0.261061758 0.0243209954
v -0.216480181 0.263803691 0.0216562916
v -0.214386806 0.261749387 0.0178464781
v -0.209225208 0.258914083 0.0210870169
v -0.209175915 0.260745347 0.0166650806
v -0.201838717 0.263170868 0.012634228
v -0.209122106 0.263245821 0.0125841182
v -0.214313135 0.265216917 0.01232713
v -0.209065065 0.266353875 0.00894459151
v -0.201722831 0.269918144 0.00588630326
v -0.216380894 0.26827389 0.0139124263
v -0.214233994 0.269825757 0.00771784643
v -0.209006205 0.269993067 0.00583616272
v -0.208947003 0.27407372 0.00333533902
v -0.212354079 0.274933547 0.00344688096
v -0.215587452 0.27076757 0.00887202099
v -0.208888918 0.278495431 0.00150370481
v -0.215510905 0.276004404 0.00558128022
v -0.212273538 0.28127712 0.00122703251
v -0.215436786 0.281842232 0.00353843393
v -0.216270834 0.275123149 0.00816474576
v -0.216215938 0.279190391 0.00626801746
v -0.215637222 0.273674458 0.011292737
v -0.21549283 0.284681797 0.00676789554
v -0.215380371 0.296507746 0.00810584798
v -0.216554359 0.286344081 0.0185922366
v -0.21532765 0.30622679 0.0149756605
v -0.21532847 0.309506595 0.0199978165
v -0.216471627 0.297133178 0.0227024667
v -0.216525733 0.299444675 0.0340143852
v -0.216951698 0.288004637 0.0304577462
v -0.216697082 0.277093351 0.0254994631
v -0.216762245 0.276654601 0.0343108326
v -0.215710312 0.269356221 0.015455273
v -0.215835586 0.264430135 0.0262891967
v 0.205333114 0.26034224 0.0127812307
v 0.219285741 0.267653972 0.00920969807
v 0.219362259 0.272890776 0.00591895729
v 0.219436392 0.278728604 0.00387611077
v 0.216089338 0.26368475 0.00955985673
v 0.212616503 0.260267347 0.0128313713
v 0.220224455 0.284867316 0.0050630616
v 0.219952494 0.276394427 0.00752396835
v 0.219506398 0.281566858 0.00710645784
v 0.220470175 0.286211967 0.0189054683
v 0.219361991 0.270559549 0.0116312988
v 0.220020637 0.26881519 0.010680249
v 0.22051166 0.296605617 0.0284140445
v 0.220707044 0.284862339 0.0308146179
v 0.220330089 0.275534034 0.0232949033
v 0.219288915 0.266241312 0.0157938041
v 0.220267385 0.273067206 0.0287202578
v 0.220400527 0.293181866 0.0394399837
v 0.220243573 0.279230952 0.0413871258
v 0.21921581 0.285188943 0.054732129
v 0.219429567 0.301482558 0.0480341911
v 0.219081104 0.264842331 0.0438888073
v 0.220073834 0.300923049 0.0509398952
v 0.219116151 0.273623794 0.0519224964
v 0.219806328 0.293347269 0.0540938526
v 0.21941793 0.30647257 0.0480267145
v 0.219266266 0.296862572 0.055691082
v 0.216233879 0.306133449 0.0520067886
v 0.21798937 0.30304122 0.0535544865
v 0.212820441 0.306513101 0.0523277707
v 0.205478206 0.302948862 0.055386059
v 0.212761596 0.302873909 0.0554362014
v 0.212702394 0.298793226 0.0579369925
v 0.21790871 0.297522306 0.0570225343
v 0.205360919 0.294446498 0.0597184896
v 0.212644279 0.294371545 0.0597686283
v 0.216060549 0.294185847 0.0593288392
v 0.212588698 0.289717734 0.0608859695
v 0.205253661 0.285021365 0.0612113476
v 0.217830583 0.291369945 0.0591754578
v 0.216005862 0.289606392 0.0604282953
v 0.21253702 0.284946412 0.0612614863
v 0.217758909 0.284892678 0.0599052869
v 0.219192132 0.291024745 0.0577339306
v 0.219870016 0.284870952 0.0565570481
v 0.212490514 0.280174971 0.0608859695
v 0.205166951 0.275595963 0.0597184859
v 0.215909243 0.280216038 0.0604282953
v 0.212450311 0.27552101 0.0597686283
v 0.217697293 0.278415322 0.0591754578
v 0.215869695 0.275636405 0.0593288392
v 0.212417439 0.271099091 0.0579369925
v 0.205109283 0.267093003 0.055386059
v 0.217648804 0.272262663 0.0570225343
v 0.219815508 0.279141814 0.055911541
v 0.21974352 0.268818021 0.0509398915
v 0.212392673 0.26701808 0.0554361977
v 0.217615888 0.266743213 0.0535544865
v 0.212376624 0.263378471 0.0523277707
v 0.205086306 0.260344774 0.0486381017
v 0.215797156 0.26368773 0.0520067848
v 0.218973532 0.263283193 0.0480267145
v 0.212369695 0.26026985 0.0486882441
v 0.21237205 0.25776884 0.0446072817
v 0.215790331 0.260628819 0.048425395
v 0.205100253 0.256011873 0.0401352048
v 0.217602491 0.258665442 0.0434258841
v 0.0888426304 -0.123916917 0.395833015
v 0.0888426304 -0.131180063 0.401903272
v 0.0888426304 -0.132980078 0.402218342
v 0.0888426304 -0.132012233 0.397945136
v 0.0888426304 -0.133149594 0.39822194
v 0.0888426304 -0.179226041 0.400176376
v 0.0888426304 -0.165261447 0.399584025
v 0.0888426304 -0.165091947 0.403580457
v 0.0888426304 -0.179056525 0.404172808
v 0.0888426304 -0.122569978 0.391467512
v 0.0888426304 -0.126520962 0.392707884
v 0.0888426304 -0.12240047 0.395463914
v 0.0888426304 -0.0536422431 0.392547399
v 0.0888426304 -0.0396776609 0.391955048
v 0.0888426304 -0.0326953605 0.391658872
v 0.0888426304 0.00221609324 0.390177995
v 0.0888426304 0.0231629778 0.389289498
v 0.0888426304 0.0300949011 0.388995469
v 0.0888426304 -0.0328648835 0.38766247
v 0.0888426304 -0.0468294695 0.388254791
v 0.0888426304 0.0322741307 0.385130227
v 0.0888426304 0.0341367237 0.38989678
v 0.0888426304 -0.00493571628 0.386477768
v 0.0888426304 0.0408894718 0.395405948
v 0.0888426304 0.0442565531 0.392198175
v 0.0888426304 0.0366719402 0.386737049
v 0.0888426304 0.0653872862 0.395305455
v 0.0888426304 0.0444260687 0.396194577
v 0.0888426304 0.0652177706 0.391309053
v -0.2270841 0.0674576983 0.437060207
v -0.229589209 0.0517737605 0.436793894
v -0.229155198 0.0546291322 0.446962744
v -0.231326133 0.0396275744 0.446732283
v -0.231719866 0.0366888754 0.436635226
v -0.224150717 0.0838319212 0.447492808
v -0.233215392 0.0247364007 0.446749896
v -0.224280432 0.083144553 0.437294781
v -0.233584628 0.0215573087 0.436731815
v -0.222120672 0.0942155048 0.437699705
v -0.234894887 0.00931443367 0.447053671
v -0.222039327 0.0946179181 0.447933763
v -0.235230029 0.00588671491 0.437100053
v -0.217617765 0.115171224 0.439387083
v -0.21761106 0.115200676 0.449708164
v -0.236619815 -0.0102185551 0.4376508
v -0.214923739 0.126628593 0.440779269
v -0.237456739 -0.022203587 0.448170811
v -0.214923739 0.126628593 0.451167375
v -0.2377 -0.026226094 0.438297302
v -0.212949723 0.132091224 0.441391766
v -0.238271296 -0.037280567 0.4489173
v -0.211477116 0.134711117 0.45201692
v -0.238455892 -0.0416011252 0.439100385
v -0.209857732 0.136976749 0.441681951
v -0.207896098 0.139177606 0.452136934
v -0.239090368 -0.0659702495 0.440524876
v -0.205722407 0.14113377 0.441602141
v -0.203449756 0.142775029 0.451876581
v -0.239125386 -0.0716831237 0.450931698
v -0.200920701 0.14421764 0.441150486
v -0.239149332 -0.0824151337 0.441356242
v -0.198226884 0.145384684 0.451226234
v -0.239021942 -0.0998514295 0.452117175
v -0.187526777 0.149137616 0.449564189
v -0.238613933 -0.121759906 0.442251384
v -0.18756184 0.149125963 0.439146191
v -0.177412584 0.152326733 0.447948605
v -0.238555416 -0.124047533 0.452321887
v -0.167182669 0.155208543 0.43593666
v -0.238088399 -0.139293551 0.451763183
v -0.156779736 0.157793686 0.444707364
v -0.23819159 -0.13627167 0.441843718
v -0.15679656 0.157789782 0.434349865
v -0.237390786 -0.156714261 0.440042585
v -0.237519026 -0.153815225 0.450507581
v -0.13873215 0.161521405 0.442216694
v -0.236867458 -0.167572021 0.448493391
v -0.135256574 0.162167341 0.431443483
v -0.236771464 -0.169423014 0.437938541
v -0.127135023 0.163608253 0.440937221
v -0.236516744 -0.174160436 0.447162062
v -0.115132757 0.165562987 0.439907104
v -0.235745519 -0.186591774 0.443767279
v -0.123416185 0.164236128 0.430198848
v -0.236101285 -0.181419313 0.434922308
v -0.111408658 0.166127399 0.429213762
v -0.235495701 -0.18868348 0.432423055
v -0.103101201 0.167314887 0.439121544
v -0.234747648 -0.191798642 0.4419159
v -0.0992389023 0.167833477 0.428447723
v -0.232280269 -0.197402894 0.428528577
v -0.232322812 -0.197330996 0.439590603
v -0.0741057992 0.170691699 0.427121788
v -0.228681505 -0.202103972 0.425952822
v -0.0772105455 0.170386866 0.437675625
v -0.0633088201 0.171646416 0.436846912
v -0.047608126 0.172743738 0.42576316
v -0.0490287133 0.172658607 0.436062276
v -0.0345486179 0.17339474 0.435451657
v -0.033967346 0.173418209 0.425233781
v -0.0201572776 0.173837692 0.42490688
v -0.0199792013 0.173841387 0.435102344
v -0.00515736826 0.173993632 0.424793184
v -0.00515736826 0.173993632 0.43499893
v 0.009842542 0.173837706 0.42490688
v 0.0236526094 0.173418209 0.425233781
v 0.0242338832 0.17339474 0.435451657
v 0.0372933932 0.172743738 0.42576316
v 0.0387139767 0.172658607 0.436062276
v 0.0529940836 0.171646416 0.436846912
v 0.0506971963 0.171828464 0.426423132
v 0.0668958053 0.170386866 0.437675625
v 0.0765269399 0.169354886 0.427791834
v 0.0927864611 0.167314887 0.439121544
v 0.101093918 0.166127399 0.429213762
v 0.104818016 0.165562987 0.439907104
v 0.113101438 0.164236128 0.430198848
v 0.124941841 0.162167341 0.431443483
v 0.116820276 0.163608253 0.440937221
v 0.128417417 0.161521405 0.442216694
v 0.136021346 0.160046607 0.432852089
v 0.146465018 0.157793686 0.444707364
v 0.146481827 0.157789782 0.434349865
v 0.156867936 0.155208543 0.43593666
v 0.167097852 0.152326733 0.447948605
v 0.177247122 0.149125963 0.439146191
v 0.177212045 0.149137616 0.449564189
v 0.190605968 0.14421764 0.441150486
v 0.187912151 0.145384684 0.451226234
v 0.193135023 0.142775029 0.451876581
v 0.195407689 0.14113377 0.441602141
v 0.197581381 0.139177606 0.452136934
v 0.199542999 0.136976749 0.441681951
v 0.201162383 0.134711117 0.45201692
v 0.203784674 0.12937583 0.441117346
v 0.203770533 0.12941502 0.451526225
v 0.207296327 0.115200676 0.449708164
v 0.207303032 0.115171224 0.439387113
v 0.211724594 0.0946179181 0.447933763
v 0.21180594 0.0942155048 0.437699705
v 0.213835984 0.0838319287 0.447492808
v 0.213965699 0.083144553 0.437294781
v 0.216769382 0.0674576983 0.437060207
v 0.218840465 0.0546291322 0.446962744
v 0.222900659 0.0247364007 0.446749896
v 0.221405134 0.0366888754 0.436635226
v 0.224915296 0.00588671491 0.437100053
v 0.224580154 0.00931443367 0.447053671
v 0.226010665 -0.00649303105 0.447563022
v 0.227142006 -0.022203587 0.448170811
v 0.227385268 -0.026226094 0.438297302
v 0.228271574 -0.0450135544 0.449370682
v 0.228515655 -0.0538005419 0.43981567
v 0.228810653 -0.0716831237 0.450931698
v 0.228834614 -0.0824151337 0.441356242
v 0.228707209 -0.0998514295 0.452117175
v 0.228611693 -0.106555 0.442158997
v 0.228299215 -0.121759906 0.442251384
v 0.228240699 -0.124047533 0.452321887
v 0.227773666 -0.139293551 0.451763183
v 0.227876857 -0.13627167 0.441843718
v 0.227076069 -0.156714261 0.440042585
v 0.227204293 -0.153815225 0.450507581
v 0.226202011 -0.174160436 0.447162062
v 0.226456746 -0.169423014 0.437938541
v 0.225516409 -0.185875922 0.444007605
v 0.225786567 -0.181419313 0.434922308
v 0.225516409 -0.185875922 0.433461845
v 0.224432915 -0.191798642 0.4419159
v 0.224498555 -0.191614971 0.43123287
v 0.222008094 -0.197330996 0.439590603
v 0.221965551 -0.197402894 0.428528577
v 0.218366772 -0.202103972 0.425952822
v 0.216250375 -0.204082102 0.436173946
v 0.213717371 -0.205928996 0.432423085
v 0.213710338 -0.205916941 0.423596233
v 0.208097368 -0.208625153 0.433394402
v 0.211572409 -0.20715937 0.422774553
v 0.208290339 -0.208536163 0.42182368
v 0.202416018 -0.20984982 0.432423085
v 0.196594328 -0.210393101 0.420334518
v 0.179269567 -0.212018192 0.43006587
v 0.128362745 -0.215880677 0.41492787
v 0.157203287 -0.213845193 0.428035706
v 0.134346232 -0.215491146 0.426247805
v 0.110597581 -0.216936186 0.424673766
v 0.106319353 -0.21715647 0.413466752
v 0.060103938 -0.219113126 0.421949923
v 0.0823616236 -0.218302518 0.412148595
v 0.0526167117 -0.219313636 0.410667628
v 0.0278508533 -0.219867498 0.420474559
v 0.025505757 -0.219903022 0.409272194
v 0.00966686383 -0.22007446 0.419913888
v 0.00234263181 -0.220113382 0.408298939
v -0.0093652159 -0.220122531 0.408243835
v -0.0199816003 -0.22007446 0.419913888
v -0.0358204916 -0.219903022 0.409272194
v -0.0381655879 -0.219867498 0.420474559
v -0.0926763713 -0.218302518 0.412148595
v -0.0704186782 -0.219113126 0.421949923
v -0.0957374871 -0.218173653 0.423283547
v -0.112651341 -0.217375651 0.420334518
v -0.144660965 -0.215491146 0.426247805
v -0.163351491 -0.214163914 0.416753173
v -0.16751802 -0.213845193 0.428035706
v -0.189584285 -0.212018192 0.43006587
v -0.192535758 -0.211734354 0.419090182
v -0.21261166 -0.209860995 0.432438344
v -0.215532511 -0.209414467 0.421187937
v -0.218612835 -0.208556458 0.432423085
v -0.224025071 -0.205916941 0.423596233
v -0.224032104 -0.205928996 0.432423085
v -0.226565108 -0.204082102 0.436173946
v -0.212346658 -0.199369699 0.43752408
v -0.232322812 -0.197330996 0.439590603
v -0.189584285 -0.212018192 0.43006587
v -0.226662159 -0.193068266 0.441059709
v -0.234747648 -0.191798642 0.4419159
v -0.180541351 -0.204734802 0.432525963
v -0.16751802 -0.213845193 0.428035706
v -0.212210953 -0.192626253 0.440079093
v -0.235745519 -0.186591774 0.443767279
v -0.169983461 -0.204250857 0.431783229
v -0.144660965 -0.215491146 0.426247805
v -0.178574577 -0.197968513 0.43459636
v -0.21209763 -0.185908139 0.442139328
v -0.226495296 -0.179675296 0.445176601
v -0.236516744 -0.174160436 0.447162062
v -0.212002933 -0.179236174 0.44376865
v -0.226350069 -0.166493267 0.447764993
v -0.197749361 -0.185407385 0.440462202
v -0.21192345 -0.172617704 0.445032597
v -0.236867458 -0.167572021 0.448493391
v -0.237519026 -0.153815225 0.450507581
v -0.197641864 -0.178754851 0.441863179
v -0.219025508 -0.159761295 0.447741717
v -0.226153851 -0.147080302 0.449775755
v -0.238088399 -0.139293551 0.451763183
v -0.211797535 -0.159542635 0.446695358
v -0.226065725 -0.134304747 0.450299054
v -0.21170789 -0.146657839 0.447516799
v -0.238555416 -0.124047533 0.452321887
v -0.218840018 -0.121479742 0.449110657
v -0.197556078 -0.172153085 0.442926407
v -0.197434813 -0.159105957 0.444248021
v -0.169470832 -0.184279978 0.436508507
v -0.169249848 -0.171149939 0.438023657
v -0.169618592 -0.190907806 0.435304701
v -0.155519769 -0.183693662 0.434614062
v -0.15581198 -0.196950689 0.432459682
v -0.15565902 -0.190298855 0.43370232
v -0.142002434 -0.203152224 0.429980993
v -0.141893879 -0.196399942 0.431355149
v -0.128070787 -0.209728703 0.427513212
v -0.128044635 -0.202771246 0.429286182
v -0.0957374871 -0.218173653 0.423283547
v -0.141774505 -0.189730108 0.43232578
v -0.127990127 -0.195948496 0.430480391
v -0.127914175 -0.189234719 0.431237638
v -0.141655147 -0.183127195 0.432970613
v -0.155296028 -0.170621529 0.435634494
v -0.183206066 -0.158662722 0.441492319
v -0.141442999 -0.170091093 0.433508188
v -0.127647251 -0.169580787 0.431746542
v -0.113964386 -0.182174683 0.430666119
v -0.0999837145 -0.188543156 0.429777175
v -0.0857112259 -0.195162088 0.42857632
v -0.0857998207 -0.181635931 0.429146171
v -0.0717055723 -0.188221678 0.428201139
v -0.0716384426 -0.194982097 0.427724868
v -0.0999787673 -0.175254181 0.42973873
v -0.0717997178 -0.181553558 0.428320557
v -0.0719083548 -0.174971953 0.428159356
v -0.0580793358 -0.181571722 0.427851409
v -0.057842385 -0.194902524 0.427118391
v -0.0445925817 -0.175095275 0.428033233
v -0.0582121611 -0.175005347 0.42778942
v -0.0442980602 -0.188286081 0.427641362
v -0.0441425741 -0.19496423 0.426992625
v -0.0307644159 -0.181813911 0.428703487
v -0.0305946898 -0.188459694 0.428212464
v -0.0131444922 -0.182784364 0.430009067
v 0.192273557 0.282580793 1.12522948
v 0.188903138 0.28126055 1.12711918
v 0.166595384 0.282456189 1.12799823
v 0.187114879 0.274936199 1.12752891
v 0.192952812 0.275226086 1.12686408
v 0.196028993 0.278550893 1.12445688
v 0.194587111 0.272205621 1.12561929
v 0.195620701 0.274167746 1.12555861
v 0.199470073 0.272080898 1.12212944
v 0.199682459 0.268865526 1.12059438
v 0.193191499 0.271077901 1.12431443
v 0.201892719 0.269850492 1.11740041
v 0.201216638 0.266782194 1.11629021
v 0.198642254 0.266107887 1.11624539
v 0.204032302 0.257816434 1.09586012
v 0.147009134 0.284262627 1.12657154
v 0.145683035 0.285924584 1.12779713
v 0.188819483 0.263717979 1.10519218
v 0.20781149 0.251476377 1.07452023
v 0.201526716 0.257084459 1.0958358
v 0.209552556 0.240801588 1.05472672
v 0.218599394 0.218501523 0.99189198
v 0.214968503 0.22423853 1.0134002
v 0.223882571 0.203355566 0.950048804
v 0.220318198 0.208582148 0.97170651
v 0.227506265 0.193059802 0.919803798
v 0.20988214 0.231608465 1.03412163
v 0.224588349 0.196433187 0.937142015
v 0.232625574 0.17781724 0.872172177
v 0.230100289 0.180353269 0.888256967
v 0.224164739 0.189981356 0.920439661
v 0.220564321 0.200285643 0.95071137
v 0.217949554 0.207746014 0.97170943
v 0.229210466 0.17473568 0.872785985
v 0.208591729 0.187557727 0.906443477
v 0.207524672 0.196153492 0.933450818
v 0.187874585 0.205727667 0.956033468
v 0.190965414 0.196795911 0.929763377
v 0.193833902 0.188453898 0.903737307
v 0.1846499 0.21525453 0.982423365
v 0.209717944 0.179382756 0.879323065
v 0.196705982 0.179738969 0.874719799
v 0.210907012 0.171682164 0.852089703
v 0.19849129 0.173975632 0.854183197
v 0.200060353 0.168685466 0.833965778
v 0.180851832 0.227003247 1.01291001
v 0.231802687 0.165929198 0.843092501
v 0.207141191 0.240000844 1.05473745
v 0.189695701 0.247013748 1.06573832
v 0.174311504 0.249095574 1.06531799
v 0.20435898 0.248472184 1.07530344
v 0.189369321 0.252495348 1.07893157
v 0.171648279 0.258851647 1.08664012
v 0.189077497 0.258048803 1.09208894
v 0.165793136 0.263897628 1.09529102
v 0.175242051 0.272207171 1.11677063
v 0.161871254 0.274658948 1.1153841
v 0.160645962 0.265534639 1.09671938
v 0.148668125 0.27008 1.10135543
v 0.136722147 0.269998133 1.09722984
v 0.1350701 0.278937697 1.1128341
v 0.1484804 0.276904404 1.11407101
v 0.125360101 0.289273977 1.1267277
v 0.0768594444 -0.147648677 0.360270828
v 0.0769671723 -0.140590757 0.361674905
v 0.0768776909 -0.145383731 0.363660514
v 0.0743335411 -0.148742497 0.361643016
v 0.0743994936 -0.143939242 0.363925874
v 0.0744156986 -0.145343408 0.356867313
v 0.0744675472 -0.140549839 0.361661047
v 0.0744831339 -0.140550077 0.358852923
v 0.0769153237 -0.145384341 0.356881201
v 0.0744616538 -0.142535672 0.356867313
v 0.0769763514 -0.14138636 0.357676506
v -0.192357585 -0.0427462198 0.429271936
v -0.191703141 -0.0394560732 0.429271936
v -0.190995708 -0.041309163 0.419097364
v -0.191063926 -0.0372377336 0.418963492
v -0.193625256 -0.0461315326 0.419636905
v -0.192357585 -0.0361659117 0.429271936
v -0.194221318 -0.0455354787 0.429271936
v -0.192217231 -0.0344775431 0.419030279
v -0.196704105 -0.048139073 0.420118243
v -0.194221318 -0.0333766676 0.429271936
v -0.197010577 -0.0473992042 0.429271936
v -0.196683466 -0.03072327 0.419502318
v -0.200300723 -0.0488130674 0.420591772
v -0.197010577 -0.0315129422 0.429271936
v -0.200300723 -0.048053652 0.429271936
v -0.200300723 -0.0300413091 0.419931501
v -0.203868479 -0.0480694138 0.420980185
v -0.200300723 -0.0308584943 0.429271936
v -0.20359087 -0.0473992042 0.429271936
v -0.203888729 -0.0307938419 0.420375407
v -0.206877291 -0.0460326411 0.421235442
v -0.20359087 -0.0315129422 0.429271936
v -0.206380129 -0.0455354787 0.429271936
v -0.206905752 -0.0328510478 0.420775533
v -0.208884612 -0.0430116318 0.421344519
v -0.206380129 -0.0333766676 0.429271936
v -0.208898306 -0.0394560732 0.429271936
v -0.208904654 -0.0358921997 0.421096623
v -0.209596112 -0.0394560732 0.421295911
v -0.208243847 -0.0361659117 0.429271936
v 0.0516233668 0.0177652072 0.297661543
v 0.0339518487 0.0128487572 0.296699762
v 0.0431863815 0.0268597361 0.298836023
v 0.0241856445 -0.0172489285 0.289018095
v 0.0249160696 -0.00686469767 0.290911734
v 0.0296269301 -0.00384695199 0.29382208
v 0.0301612318 0.00866543036 0.29518491
v 0.0311252251 0.0174475126 0.297139525
v 0.0243884642 -0.00112643186 0.29212907
v 0.0212785378 -0.0215027742 0.286876917
v 0.0190986544 -0.0380357467 0.282506138
v 0.0208301209 -0.0411773212 0.282993793
v 0.0171722826 -0.0348969698 0.282892376
v 0.00992343575 -0.009744443 0.289771944
v 0.0128501896 0.0115140332 0.295586407
v 0.0166405793 -0.040590588 0.281664997
v 0.0186408293 -0.043669384 0.28162688
v 0.0219984595 -0.0468660854 0.284044296
v 0.0242413431 -0.0422780439 0.288270265
v 0.0183270518 -0.0493973345 0.281361938
v 0.0162659679 -0.0463705249 0.281066835
v 0.0160062145 -0.0522645526 0.281106502
v -0.0265356731 -0.0472425818 0.281031579
v 0.0181142949 -0.0552087836 0.281729788
v 0.015844129 -0.058062695 0.281787068
v -0.0262917131 -0.053097561 0.281164825
v -0.026889747 -0.0414564498 0.281534642
v -0.0273896027 -0.0358043201 0.282652766
v -0.0293315761 -0.0388993211 0.282330513
v -0.0286039319 -0.0502738468 0.281376362
v -0.030037906 -0.0186803713 0.287327826
v -0.0283462051 -0.058863353 0.282293886
v -0.0212985147 -0.0587508529 0.281911016
v 0.0157988332 -0.0637212619 0.283088863
v -0.0261187181 -0.064593032 0.283348203
v -0.0320252106 -0.0530884825 0.284163564
v -0.0324304439 -0.0449934043 0.284163445
v -0.0283205379 -0.0644703656 0.283682287
v -0.0262165647 -0.0734846443 0.286199182
v 0.0160812903 -0.0833541378 0.289656878
v 0.00721365819 -0.31870082 0.0595143288
v 0.0049784868 -0.316752553 0.0660947412
v 0.00773473177 -0.319279075 0.0595129244
v 0.00228964211 -0.315370798 0.0605139323
v 0.00732353376 -0.318781793 0.0661362484
v -0.00075278501 -0.314485222 0.0660273284
v -0.00381439459 -0.314428061 0.0606823303
v -0.00690049957 -0.314929038 0.0659914389
v -0.00965652708 -0.316206098 0.0601710379
v -0.0122470483 -0.317996144 0.0659941286
v 0.0091581447 -0.321282029 0.0661802813
v -0.0120806778 -0.31796518 0.0595786907
v 0.0104549024 -0.324252188 0.0570323057
v 0.0109583568 -0.327176452 0.0662670434
v 0.00768569671 -0.327047467 0.0550263226
v 0.0110150017 -0.32708171 0.0550492406
v 0.0110150017 -0.32708171 0.0550492406
v 0.0100225909 -0.333268434 0.0663378462
v 0.0109125087 -0.330578953 0.0518170334
v 0.0109125087 -0.330578953 0.0518170334
v 0.010145545 -0.333498836 0.0481331646
v 0.00766718294 -0.333299398 0.0483696125
v 0.010145545 -0.333498836 0.0481331646
v 0.00855316874 -0.3365587 0.0423670821
v 0.00653616432 -0.338351309 0.0663786158
v 0.00768143311 -0.337290615 0.0403353125
v 0.00776033523 -0.332350284 0.036257524
v 0.007160448 -0.337387413 0.0393154137
v 0.00686340965 -0.338500112 0.0423802361
v 0.00855316874 -0.3365587 0.0423670821
v 0.0032270127 -0.340996742 0.0423872843
v 0.001189615 -0.341418415 0.0663813353
v 0.0030071598 -0.340527028 0.0394370258
v 0.00290242373 -0.338065505 0.0362381749
v -0.00100987707 -0.342223525 0.0423741899
v -0.00495812157 -0.341862291 0.066345416
v 0.00720406463 -0.33861357 0.0311455242
v -0.00105817837 -0.34170416 0.0394244529
v -0.00123602815 -0.340144426 0.0368732773
v -0.00541751971 -0.342056066 0.0423423015
v -0.00528733106 -0.341543466 0.0393938757
v -0.00954884104 -0.340511322 0.042294845
v -0.0106893713 -0.33959493 0.066278033
v -0.0127792004 -0.337330192 0.0662352443
v -0.00232277485 -0.338170975 0.0352521837
v -0.00495481305 -0.340003103 0.0368463919
v -0.0129848365 -0.337745994 0.0422366485
v -0.014638816 -0.335301608 0.0441159531
v -0.0148690296 -0.335065454 0.066192463
v -0.0156322457 -0.332253635 0.0484708808
v -0.0165781155 -0.329341829 0.0526114367
v -0.0166692641 -0.329171062 0.066105701
v -0.0126680043 -0.337331861 0.0393915251
v -0.0156747084 -0.323189229 0.0573311336
v -0.0157334749 -0.323079079 0.066034928
v -0.00925138034 -0.340061277 0.0393483415
v -0.0126661081 -0.326719731 0.0549792647
v -0.0126852402 -0.333287865 0.0479406305
v -0.0165781155 -0.329341829 0.0526114367
v -0.0126852402 -0.333287865 0.0479406305
v -0.0156322457 -0.332253635 0.0484708808
v -0.014638816 -0.335301608 0.0441159531
v -0.0126680043 -0.337331861 0.0393915251
v -0.0125750508 -0.330940187 0.035443712
v -0.0125000309 -0.323199749 0.0361149758
v -0.0119892657 -0.325415432 0.0351640806
v -0.0119499918 -0.319365025 0.0385000482
v -0.0121355793 -0.337364197 0.0385561362
v -0.0121006146 -0.335254043 0.036631301
v -0.0119527057 -0.317932218 0.0410349891
v -0.0120944493 -0.338414967 0.0310126804
v -0.012018512 -0.337160796 0.02185704
v -0.0119206207 -0.333247125 0.0134857949
v -0.0119892657 -0.325415432 0.0351640806
v -0.0119499918 -0.319365025 0.0385000482
v -0.0116953775 -0.319058269 0.00197258126
v -0.0118095716 -0.327026248 0.00665257359
v -0.0120148137 -0.310452402 0.0612382665
v -0.0119161783 -0.301227242 0.060698688
v -0.011804794 -0.292577565 0.0574466735
v -0.0114947082 -0.277200133 0.0353868268
v -0.0116906893 -0.285282165 0.0517749824
v -0.0115841208 -0.279997766 0.0441942029
v -0.0118465675 -0.314619482 0.0305697192
v -0.0118611371 -0.313282371 0.0346841291
v -0.0118044978 -0.313282967 0.026455339
v -0.011842615 -0.309782356 0.037226975
v -0.0117446035 -0.301956713 0.0346841291
v -0.011706464 -0.305457294 0.0239124931
v -0.0117025347 -0.300620198 0.0305697192
v -0.0115883136 -0.310060531 -0.00013285657
v -0.0114304833 -0.277141154 0.0261458009
v -0.0116879642 -0.301957309 0.026455339
v -0.0113972407 -0.279826075 0.017303057
v -0.0113979653 -0.285013229 0.0096546812
v -0.0114325862 -0.292235583 0.00388923893
v -0.011497993 -0.300843 0.000525804702
v 0.0744675472 -0.140549839 0.361661047
v 0.0744831339 -0.140550077 0.358852923
v 0.074494496 -0.139040619 0.361255974
v 0.0745054632 -0.139468074 0.358020604
v 0.0744517371 -0.140700102 0.364065766
v 0.0744819865 -0.141651452 0.355811507
v 0.0744616538 -0.142535672 0.356867313
v 0.0744317025 -0.144881293 0.35534656
v 0.0744156986 -0.145343408 0.356867313
v 0.0743763745 -0.147709802 0.356973529
v 0.0743335411 -0.148742497 0.361643016
v 0.0743994936 -0.143939242 0.363925874
v 0.0743369758 -0.148027062 0.36313495
v 0.0743953958 -0.143739536 0.365252912
v 0.0743696913 -0.145380706 0.365044415
v -0.0820799023 -0.14567019 0.350134075
v -0.0820713118 -0.14630118 0.352250636
v -0.0820420682 -0.145068541 0.356407076
v -0.0821066648 -0.140886381 0.340999186
v -0.0819465518 -0.133620843 0.363291323
v -0.0819757581 -0.137949824 0.361931831
v -0.0819019005 -0.115133099 0.354661942
v -0.0819977447 -0.119126193 0.34099859
v -0.0818901435 -0.116826847 0.358306617
v -0.0818934143 -0.11563611 0.356644064
v -0.0819040686 -0.12462157 0.362828314
v -0.0818931833 -0.120454893 0.361031711
v -0.19089064 -0.125140384 0.330372363
v -0.198902354 -0.120703951 0.329116911
v -0.183087662 -0.122613482 0.333985358
v -0.203011811 -0.115838669 0.331087589
v -0.207734197 -0.120907716 0.327356011
v -0.184273034 -0.127013341 0.332293838
v -0.185431272 -0.130145237 0.332125425
v -0.194441319 -0.117533199 0.33258009
v -0.211915478 -0.114841595 0.330316633
v -0.216549426 -0.118670516 0.327567369
v -0.198644385 -0.114423968 0.334270507
v -0.207414493 -0.113027357 0.333175659
v -0.190339357 -0.116585784 0.335915834
v -0.20306477 -0.112071291 0.336604685
v -0.194600835 -0.113479234 0.339347184
v -0.183257952 -0.117172748 0.341041625
v -0.182781398 -0.119377866 0.33686012
v -0.178693742 -0.121553466 0.335277557
v -0.211941019 -0.111082777 0.335796118
v -0.178617924 -0.119117096 0.337979585
v -0.179825887 -0.125876412 0.332947195
v -0.173171312 -0.119771391 0.337091208
v -0.181551561 -0.129580811 0.332396507
v -0.173199266 -0.122524597 0.334536701
v -0.0447827391 -0.126551464 0.332194179
v -0.0448044389 -0.130265355 0.331634521
v -0.0447567515 -0.123167604 0.333823651
v -0.044819925 -0.133979216 0.332194388
v -0.0447287895 -0.120414384 0.336378187
v -0.173262432 -0.133336216 0.332907408
v -0.0448278151 -0.137363091 0.333824068
v -0.182280466 -0.132144779 0.332662076
v -0.18023026 -0.136683345 0.334578365
v -0.184924707 -0.135200098 0.333364904
v -0.196367115 -0.13792035 0.330825061
v -0.173269928 -0.139473289 0.337091774
v -0.0448274165 -0.140116304 0.336378753
v -0.044818759 -0.141994208 0.339631438
v -0.183819577 -0.137891814 0.335028321
v -0.183152646 -0.140099004 0.337321579
v -0.178669915 -0.141259953 0.340214163
v -0.0448026173 -0.142829955 0.343293071
v -0.194665685 -0.143532068 0.335184991
v -0.203408703 -0.143264309 0.332037449
v -0.203156188 -0.146503597 0.335650176
v -0.194541112 -0.145251796 0.337873161
v -0.183069527 -0.142571166 0.344027668
v -0.178941146 -0.142175227 0.344297945
v -0.179825336 -0.14186725 0.347786576
v -0.044780422 -0.142549291 0.347038388
v -0.183465168 -0.142509162 0.346378714
v -0.0447541438 -0.141177118 0.350534499
v -0.190444961 -0.144932583 0.341315955
v -0.181502163 -0.140489191 0.351291806
v -0.0447261184 -0.138835415 0.353470892
v -0.184682146 -0.141415253 0.350229174
v -0.173168644 -0.138192415 0.354183882
v -0.0446988419 -0.135732204 0.355586499
v -0.184742138 -0.136706933 0.355804592
v -0.180104867 -0.135050625 0.356330782
v -0.17311725 -0.131500244 0.357406467
v -0.0446747281 -0.132143244 0.356693447
v -0.18293871 -0.130587429 0.357996017
v -0.173098445 -0.127744451 0.357406378
v -0.0446559303 -0.128387421 0.356693357
v -0.17866455 -0.129811466 0.357576132
v -0.178805426 -0.123778731 0.356156647
v -0.0446441062 -0.124798477 0.355586201
v -0.182702616 -0.12663272 0.357711911
v -0.113801681 -0.121349044 0.353854328
v -0.0446403213 -0.121695265 0.353470385
v -0.0446448959 -0.119353563 0.350533932
v -0.179686517 -0.12102475 0.35421437
v -0.120020606 -0.118977129 0.35095185
v -0.0446574353 -0.117981397 0.347037673
v -0.123728149 -0.119450912 0.351758957
v -0.120866023 -0.117599897 0.347460747
v -0.0446768217 -0.117700726 0.343292385
v -0.127443314 -0.114345014 0.351041704
v -0.121265441 -0.117284879 0.344392687
v -0.128854081 -0.112568311 0.344343543
v -0.113862693 -0.118190244 0.340014696
v -0.0447013304 -0.11853648 0.339630753
v -0.12540251 -0.117444947 0.34253937
v -0.143503264 -0.118041873 0.340179265
v -0.135142803 -0.109265611 0.343271643
v -0.133440956 -0.10792587 0.344697475
v -0.138762608 -0.117398255 0.342499703
v -0.140282333 -0.117186949 0.344719827
v -0.140141189 -0.109400116 0.343233466
v -0.135791525 -0.106336378 0.343745291
v -0.142062798 -0.11007791 0.345035672
v -0.140282333 -0.117186949 0.344719827
v -0.140437752 -0.117296129 0.34642759
v -0.142138496 -0.110558227 0.347154647
v -0.137725756 -0.101379499 0.344763637
v -0.142547488 -0.102551334 0.343323141
v -0.142568022 -0.106376782 0.343864709
v -0.1444069 -0.103214219 0.34513548
v -0.14514406 -0.0997612476 0.343704373
v -0.139655083 -0.0994559005 0.34358564
v -0.145438269 -0.0961004198 0.342887402
v -0.147605911 -0.0964425951 0.346950531
v -0.147393689 -0.0951147154 0.343272746
v -0.148048624 -0.0914835185 0.342267662
v -0.151093543 -0.0891025364 0.34232381
v -0.149738938 -0.083427839 0.340787083
v -0.152284116 -0.0855743587 0.341100037
v -0.155640841 -0.0833798647 0.341012388
v -0.157301247 -0.0800393075 0.339622259
v -0.152744681 -0.0880660117 0.345748246
v -0.159778669 -0.0791309997 0.339779317
v -0.162104487 -0.0778580904 0.34320122
v -0.158726722 -0.0745511129 0.338002652
v -0.155288354 -0.0760920569 0.339360893
v -0.171776488 -0.066445142 0.334653288
v -0.144324407 -0.0881851465 0.34361285
v -0.142402932 -0.0911629945 0.34523955
v -0.14708896 -0.0853020176 0.349101394
v -0.143148065 -0.0916942731 0.350368053
v -0.137505248 -0.103337862 0.351476967
v -0.134386644 -0.107773133 0.351466298
v -0.139260948 -0.104360752 0.352558851
v -0.135188892 -0.110140398 0.352522641
v -0.142234832 -0.0953444391 0.351618707
v -0.148666576 -0.0861446112 0.350247175
v -0.15102458 -0.0941634253 0.351764619
v -0.17103228 -0.101708218 0.352444321
v -0.172047749 -0.118735492 0.351274252
v -0.183264107 -0.122088499 0.355650574
v -0.184725538 -0.118893586 0.352333158
v -0.18708171 -0.121675797 0.35688144
v -0.190240383 -0.125066116 0.360239565
v -0.190711647 -0.119024612 0.356184721
v -0.194507539 -0.120498903 0.359501809
v -0.188499913 -0.117614791 0.352001488
v -0.190391675 -0.13115418 0.36067304
v -0.194318473 -0.127877042 0.362289071
v -0.198516294 -0.124387652 0.36291796
v -0.198581427 -0.129320011 0.36356926
v -0.190782547 -0.135213405 0.359270543
v -0.198883191 -0.133985743 0.362570792
v -0.193163007 -0.138754487 0.357316881
v -0.200345516 -0.137727231 0.360631436
v -0.198508948 -0.142517641 0.355214924
v -0.207382947 -0.130651161 0.365211129
v -0.195086032 -0.145279482 0.349835366
v -0.203975216 -0.140529364 0.35889712
v -0.190549016 -0.145232573 0.344352037
v -0.204038218 -0.145722017 0.35263288
v -0.198789537 -0.147753447 0.342234462
v -0.199030653 -0.147439152 0.34699896
v -0.203452677 -0.147973627 0.348301202
v -0.209480837 -0.143733889 0.356332362
v -0.208612055 -0.147564277 0.350747794
v -0.20759581 -0.149487182 0.343434244
v -0.208221316 -0.149074882 0.339492887
v -0.212249994 -0.149165615 0.347912669
v -0.217622638 -0.14824079 0.350246847
v -0.216528475 -0.150121182 0.34311375
v -0.221042737 -0.149722144 0.34604463
v -0.220574796 -0.143808812 0.356502384
v -0.222048387 -0.148191527 0.349940538
v -0.20740138 -0.148074523 0.33705914
v -0.212092891 -0.146709099 0.333959132
v -0.21530509 -0.148503631 0.336451918
v -0.221011221 -0.146972105 0.334143728
v -0.216097742 -0.148704097 0.338223696
v -0.219069421 -0.149734497 0.339760453
v -0.223175183 -0.148368314 0.336563975
v -0.224878773 -0.148349941 0.337909669
v -0.0580103062 -0.17297858 0.392436266
v -0.0580103062 -0.170100346 0.393188387
v 0.0476955734 -0.170100346 0.393188387
v 0.0703865439 -0.14418149 0.347421795
v 0.0703226551 -0.147589788 0.348881453
v 0.0704034418 -0.143878087 0.345272869
v 0.070373863 -0.144033685 0.35014236
v 0.0702769831 -0.147642702 0.35695076
v 0.0702055022 -0.152876318 0.354396313
v 0.0701537505 -0.154516906 0.358881474
v 0.0701350123 -0.154049188 0.363634527
v 0.0703323111 -0.144814208 0.355323792
v 0.070371218 -0.143304572 0.352767587
v 0.07038261 -0.141584352 0.355788738
v 0.0702341571 -0.148675412 0.361620277
v 0.0701530129 -0.15156579 0.367714107
v 0.0702702999 -0.145313606 0.365021676
v 0.0702783838 -0.142821193 0.370914251
v 0.0701749474 -0.149708495 0.369238913
v 0.0703243911 -0.142053097 0.364891589
v 0.0703609139 -0.13829197 0.369400948
v 0.070395112 -0.138973504 0.361233205
v 0.0705145821 -0.131136537 0.362819612
v 0.0705701783 -0.128582522 0.360336542
v 0.0705414489 -0.130237982 0.360629469
v 0.0704968572 -0.132962227 0.360629559
v 0.070456557 -0.135622829 0.360043943
v 0.0704224408 -0.138095394 0.358899981
v 0.0704060718 -0.139400974 0.357997835
v -0.0272102486 -0.110029429 0.300621808
v -0.0296288226 -0.115745224 0.303689748
v -0.0292042829 -0.103841826 0.298248947
v -0.0318194665 -0.121112391 0.307465792
v -0.0313936919 -0.109325208 0.30182749
v -0.0309849717 -0.0973758996 0.296620488
v -0.0303972103 -0.0729919076 0.287495643
v -0.0329471976 -0.108611085 0.303264976
v -0.032354854 -0.0907111168 0.295652866
v -0.0318527296 -0.0636694133 0.28618741
v -0.0349130742 -0.089843303 0.301720619
v -0.0366547927 -0.107430048 0.309524626
v -0.0363998562 -0.0832465217 0.301234841
v -0.0345806181 -0.051054012 0.289897442
v -0.0362657383 -0.0649083704 0.295534283
v -0.0344974659 -0.0455041341 0.288651735
v -0.0360824205 -0.0479207449 0.290757805
v -0.0382751487 -0.070722349 0.298364967
v -0.03497703 -0.0358687416 0.288429439
v -0.0382139385 -0.0584811978 0.294725031
v -0.0384455025 -0.088975355 0.304204285
v -0.0404458717 -0.0644961521 0.296856821
v -0.0405208468 -0.0767007545 0.300595462
v -0.0403110906 -0.0501440093 0.292739302
v -0.0604073666 -0.0697068945 0.298426151
v -0.0604073666 -0.0501440093 0.292739302
v -0.0402212813 -0.0449521467 0.291570902
v -0.0627585128 -0.0694840401 0.299156815
v -0.0604073666 -0.082662873 0.302502155
v -0.0407151878 -0.0948863626 0.306578368
v -0.0386750624 -0.113058455 0.312681437
v -0.0368335173 -0.119346984 0.314044982
v -0.0408770107 -0.112924971 0.313010931
v -0.0616434366 -0.108283736 0.311516047
v -0.0627585128 -0.0888715833 0.305349737
v -0.0356629267 -0.137476444 0.32034573
v -0.0616434366 -0.133639917 0.32123819
v -0.0377376191 -0.151043981 0.328008294
v -0.0384356789 -0.142097712 0.324128985
v -0.0401794314 -0.152508274 0.330245107
v -0.0407267176 -0.130802885 0.319888711
v -0.0465948693 -0.146233678 0.326638252
v -0.0413252339 -0.156804875 0.333700329
v -0.042806685 -0.154205054 0.331946701
v -0.0439183749 -0.158378482 0.335557371
v -0.0604073666 -0.13999936 0.32362619
v -0.053501118 -0.157460913 0.334704697
v -0.0616434366 -0.152033076 0.330554903
v -0.0616434366 -0.144130766 0.325741678
v -0.0616434366 -0.159099668 0.336527884
v -0.0616434366 -0.165161863 0.343518138
v -0.0636434332 -0.15807873 0.337561876
v -0.0636434332 -0.15118359 0.331733793
v -0.0627585128 -0.139707208 0.324332058
v -0.0604073666 -0.167935938 0.347239494
v -0.0627585128 -0.127124995 0.319253117
v -0.0642115921 -0.138942376 0.326180011
v -0.0642115921 -0.126392648 0.321114212
v -0.0642115921 -0.0882380381 0.307246745
v -0.064407371 -0.10698425 0.315091461
v -0.064407371 -0.156426817 0.339234889
v -0.064407371 -0.0620692559 0.300309509
v -0.064407371 0.0238531288 0.302200228
v -0.064407371 -0.0493909903 0.336254984
v -0.064407371 -0.038948182 0.328972518
v -0.064407371 -0.0486253053 0.342219144
v -0.064407371 -0.0332734212 0.330679953
v -0.064407371 -0.0452569872 0.34456405
v -0.064407371 -0.031565275 0.336354524
v -0.064407371 -0.166704863 0.353123695
v -0.064407371 -0.0411601551 0.344318658
v -0.064407371 0.0587596558 0.377617896
v -0.0636434332 -0.163993835 0.344382524
v -0.0627585128 -0.167288572 0.347645104
v -0.0636434332 -0.173633784 0.364660442
v -0.0627585128 -0.171540558 0.355764091
v -0.0616434366 -0.173721552 0.359862626
v -0.0604073666 -0.172242641 0.355462998
v 0.19659102 -0.0328510478 0.420775533
v 0.193276137 -0.0315129422 0.429271936
v 0.193574011 -0.0307938419 0.420375407
v 0.189985991 -0.0308584943 0.429271936
v 0.196065396 -0.0333766676 0.429271936
v 0.189985991 -0.0300413091 0.419931501
v 0.198589921 -0.0358921997 0.421096623
v 0.186695844 -0.0315129422 0.429271936
v 0.197929129 -0.0361659117 0.429271936
v 0.186368749 -0.03072327 0.419502318
v 0.199281394 -0.0394560732 0.421295911
v 0.183906585 -0.0333766676 0.429271936
v 0.197929129 -0.0427462198 0.429271936
v 0.181902498 -0.0344775431 0.419030279
v 0.198569879 -0.0430116318 0.421344519
v 0.182042867 -0.0361659117 0.429271936
v 0.196562558 -0.0460326411 0.421235442
v 0.180749193 -0.0372377336 0.418963492
v 0.193276137 -0.0473992042 0.429271936
v 0.181388408 -0.0394560732 0.429271936
v 0.193553761 -0.0480694138 0.420980185
v 0.18068099 -0.041309163 0.419097364
v 0.189985991 -0.048053652 0.429271936
v 0.182042867 -0.0427462198 0.429271936
v 0.189985991 -0.0488130674 0.420591772
v 0.183310539 -0.0461315326 0.419636905
v 0.186695844 -0.0473992042 0.429271936
v 0.183906585 -0.0455354787 0.429271936
v 0.186389372 -0.048139073 0.420118243
v -0.0760573745 -0.0861421078 0.357179761
v -0.0760573745 -0.0948069319 0.359995157
v -0.0760573745 -0.0900171325 0.359995157
v -0.0760573745 -0.0924120322 0.357680708
v -0.0760573745 -0.0986819491 0.357179761
v -0.0760573745 -0.0904770643 0.357295841
v -0.0760573745 -0.0873557255 0.352624416
v -0.0785573721 -0.0924120322 0.356770813
v -0.0785573721 -0.0894801021 0.355556369
v -0.0760573745 -0.0873557255 0.352624416
v -0.0785573721 -0.0882656574 0.352624416
v -0.0785573721 -0.0894801021 0.349692494
v -0.0760573745 -0.0904770643 0.347952992
v -0.0760573745 -0.0959873796 0.356199771
v -0.0785573721 -0.0962427855 0.354211181
v -0.0785573721 -0.0962427855 0.351037681
v -0.0785573721 -0.0939987823 0.348793656
v -0.0760573745 -0.0974683389 0.352624416
v -0.0760573745 -0.0959873796 0.349049062
v -0.0760573745 -0.100162081 0.352624416
v -0.0720573738 -0.100115582 0.355127454
v -0.0720573738 -0.0949150696 0.360327959
v -0.0760573745 -0.0948069319 0.359995157
v -0.0720573738 -0.100115582 0.350121409
v -0.0760573745 -0.0900171325 0.359995157
v -0.0720573738 -0.0899089947 0.360327959
v -0.0720573738 -0.0847084671 0.355127454
v -0.0760573745 -0.0997827575 0.350229532
v -0.0720573738 -0.0989650711 0.347863376
v -0.0760573745 -0.0969673917 0.346354514
v -0.0720573738 -0.0949150696 0.344920874
v -0.0760573745 -0.0846619904 0.352624416
v -0.0720573738 -0.0847084671 0.350121409
v -0.0760573745 -0.0861421078 0.348069072
v -0.0720573738 -0.0876509696 0.346071362
v -0.0760573745 -0.0948069319 0.345253676
v -0.0720573738 -0.0924120322 0.344524413
v -0.0760573745 -0.0900171325 0.345253676
v -0.0760573745 -0.0943470001 0.347952992
v 0.0683173537 -0.124909088 0.380621284
v 0.0683953986 -0.121197499 0.377506822
v 0.0660574809 -0.122322574 0.380957991
v 0.0660007149 -0.125690207 0.381252378
v 0.0661094412 -0.120322831 0.377494127
v 0.0682957098 -0.127474338 0.376957029
v 0.0659761801 -0.127785951 0.379493445
v 0.0659900606 -0.128080562 0.376125395
v 0.0683238134 -0.126392722 0.375083476
v 0.0660424605 -0.125690207 0.373734951
v 0.0683778375 -0.12327832 0.374534577
v 0.0660772175 -0.123627797 0.373554677
v -0.0700583905 -0.146150395 0.354382485
v -0.0820713118 -0.14630118 0.352250636
v -0.0700716451 -0.146361232 0.352184027
v -0.0820799023 -0.14567019 0.350134075
v -0.0820420682 -0.145068541 0.356407076
v -0.0701070055 -0.140946478 0.340932578
v -0.0700424016 -0.145128608 0.356340438
v -0.0821066648 -0.140886381 0.340999186
v -0.0700085461 -0.141898319 0.359526843
v -0.0819977447 -0.119126193 0.34099859
v -0.0819757581 -0.137949824 0.361931831
v -0.0699980706 -0.119186267 0.340931982
v -0.0699468851 -0.13368094 0.363224685
v -0.0699147731 -0.115447037 0.352566242
v -0.0819465518 -0.133620843 0.363291323
v -0.0819019005 -0.115133099 0.354661942
v -0.0699225292 -0.129153714 0.363529205
v -0.0698937476 -0.115696184 0.356577486
v -0.0819040686 -0.12462157 0.362828314
v -0.0818934143 -0.11563611 0.356644064
v -0.0699044019 -0.124681644 0.362761676
v -0.0818901435 -0.116826847 0.358306617
v -0.0818931833 -0.120454893 0.361031711
v -0.0698935166 -0.120514967 0.360965073
v -0.0736573711 -0.172439516 0.351894706
v -0.0736573711 -0.174707741 0.349965423
v -0.0736573711 -0.176835999 0.352308273
v -0.0736573711 -0.161098391 0.361541212
v -0.0736573711 -0.181928799 0.360295594
v -0.0736573711 -0.183154911 0.363213658
v -0.0736573711 -0.184844419 0.369308531
v -0.0736573711 -0.159165561 0.365642637
v -0.0736573711 -0.159688905 0.363383114
v -0.0736573711 -0.16286923 0.381939709
v -0.0736573711 -0.179958627 0.385318935
v -0.0736573711 -0.16475895 0.383527279
v -0.0736573711 -0.183544159 0.388055563
v -0.0736573711 -0.185394719 0.378765315
v -0.0736573711 -0.185041875 0.381910801
v -0.0736573711 -0.185479492 0.375601262
v -0.0720761046 0.0612133406 0.345115155
v -0.0738616884 0.0624482892 0.347440958
v -0.0720761046 0.0644409955 0.349162489
v -0.0743145719 0.0634453595 0.351832747
v -0.0720761046 0.0648278594 0.354324758
v -0.0743145719 0.0583884977 0.345491648
v -0.0720761046 0.0588549562 0.343979388
v -0.0750347301 0.0593884215 0.348650247
v -0.0738616884 0.06311398 0.356324077
v -0.0720761046 0.0622394793 0.358807951
v -0.0754728094 0.0587082505 0.352512926
v -0.0750347301 0.0551465377 0.347644895
v -0.0738616884 0.0562665798 0.344464034
v -0.0720761046 0.0536781996 0.343979388
v -0.0743145719 0.0522112884 0.346422702
v -0.0720761046 0.0494009629 0.346895576
v -0.0754728094 0.0543047339 0.350910187
v -0.0738616884 0.0489064343 0.349482059
v -0.0720761046 0.0475096889 0.351714492
v -0.0743145719 0.0492481552 0.353972614
v -0.0720761046 0.0502936766 0.358807951
v -0.0754728094 0.0549225844 0.354414165
v -0.0750347301 0.0579276718 0.356934547
v -0.0743145719 0.0531430878 0.358856678
v -0.0720761046 0.0549577698 0.361054093
v -0.0738616884 0.0574450083 0.36018911
v 0.013745808 0.00375938672 0.289771944
v 0.0115737729 0.0108267013 0.289771944
v 0.014422955 -1.70110743e-05 0.292432517
v 0.0134363938 -0.00375607051 0.29140982
v 0.0130562289 -0.00360194128 0.289771944
v -0.0202381723 -0.009744443 0.289771944
v -0.0218885075 0.0108267013 0.289771944
v -0.0240605436 0.00375938672 0.289771944
v -0.0233215578 0.00739969872 0.289771944
v -0.0233709645 -0.00360194128 0.289771944
v -0.0231649242 0.0115140332 0.295586407
v -0.0247376896 -1.70110743e-05 0.292432517
v -0.0221267827 -0.00712495157 0.290488392
v -0.0247376896 -1.70110743e-05 0.292432517
v -0.0184809975 0.0178706311 0.297230035
v -0.0403934084 0.0149284611 0.296520293
v -0.043062225 0.0215206854 0.297854364
v -0.0341509767 -0.0028902411 0.29164663
v -0.0421302021 0.013133334 0.29640907
v -0.0442443043 0.00880685635 0.296161622
v -0.0331330039 -0.0145666478 0.288789809
v -0.039233949 -0.000965039711 0.293594867
v -0.0339268185 -0.0197519045 0.288311332
v -0.0368928462 -0.0213479437 0.290918559
v -0.0386548862 -0.0280922819 0.291038692
v -0.0396089889 -0.0152555667 0.292699784
v 0.212749988 -0.140133306 0.332068473
v 0.220573053 -0.134172112 0.332305938
v 0.221904084 -0.128518224 0.332315832
v 0.212859377 -0.134270504 0.330953568
v 0.207476348 -0.145672247 0.333446503
v 0.204953447 -0.140105769 0.33144173
v 0.201018035 -0.142895117 0.332259476
v 0.197165862 -0.13704282 0.330886632
v 0.205052614 -0.134242833 0.330326557
v 0.207653478 -0.127209812 0.330238998
v 0.216294393 -0.128422722 0.331164747
v 0.20150356 -0.128902406 0.329985589
v 0.21625191 -0.124601163 0.331794977
v 0.198767692 -0.1262068 0.330344051
v 0.195836231 -0.129359499 0.33023563
v 0.189440414 -0.133811489 0.331264585
v 0.190051377 -0.128526062 0.330941081
v 0.193237409 -0.139829278 0.331870377
v 0.196748897 -0.144677758 0.333111912
v 0.185524777 -0.136579737 0.332410663
v 0.189388573 -0.14252758 0.333227724
v 0.181775123 -0.133411705 0.332821161
v 0.181706086 -0.139275998 0.333931386
v 0.189597458 -0.146096125 0.334795117
v 0.185477346 -0.143878445 0.334533542
v 0.172935292 -0.137020513 0.336098135
v 0.177262619 -0.141652003 0.336031377
v 0.171617717 -0.140833065 0.337783068
v -0.0691718683 0.072732687 0.381845176
v -0.0707204863 0.072732687 0.380295157
v -0.0707204863 -0.160146669 0.390173346
v -0.0717147663 -0.16022934 0.388223708
v -0.0717147663 0.072732687 0.378342032
v -0.0720573738 -0.139320165 0.385171711
v -0.0720573738 -0.158625513 0.375002623
v -0.0720573738 0.07123404 0.371878088
v -0.0720573738 0.072732687 0.371814519
v -0.0720573738 -0.15686743 0.373831034
v -0.0720573738 -0.154802978 0.373382032
v -0.0720573738 -0.135691017 0.372453243
v -0.0720573738 -0.124337628 0.368939579
v -0.0720573738 0.0599718988 0.356435269
v -0.0720573738 -0.110105991 0.358318686
v -0.0720573738 0.07123404 0.342182845
v -0.0720573738 0.0525612496 0.356435269
v -0.0720573738 0.0617665797 0.352370709
v -0.0720573738 0.0606556684 0.349056214
v -0.0720573738 0.0552559569 0.346964359
v -0.0720573738 -0.102069139 0.345475882
v -0.0720573738 0.0269597713 0.33808139
v -0.0720573738 0.0697288439 0.338607043
v -0.0720573738 0.0680678114 0.337531209
v -0.0720573738 0.066119507 0.337184131
v -0.0720573738 0.0509765409 0.350865573
v -0.0720573738 -0.00879441854 0.350934833
v -0.0720573738 -0.0302122794 0.345531076
v -0.0720573738 -0.0670830384 0.346243888
v -0.0720573738 -0.0727164447 0.345443279
v -0.0720573738 -0.0968174264 0.340495765
v -0.0720573738 -0.0919958651 0.339720309
v -0.0680573732 -0.0989528522 0.341715872
v -0.0680573732 -0.0944533572 0.339817613
v -0.0720573738 -0.0919958651 0.339720309
v -0.0680573732 -0.0895855427 0.340209305
v -0.0680573732 -0.0727164447 0.345443279
v -0.0720573738 -0.0727164447 0.345443279
v -0.0720573738 -0.0670830384 0.346243888
v -0.0680573732 -0.0613943785 0.346368611
v -0.0720573738 -0.0302122794 0.345531076
v -0.0680573732 -0.0302122794 0.345531076
v -0.0720573738 -0.00879441854 0.350934833
v -0.0680573732 -0.0111418767 0.350565732
v -0.0680573732 -0.00645874022 0.350497335
v -0.0720573738 0.0269597713 0.33808139
v -0.0680573732 0.0269597713 0.33808139
v -0.0720573738 0.066119507 0.337184131
v -0.0680573732 0.066119507 0.337184131
v -0.0720573738 0.0680678114 0.337531209
v -0.0720573738 0.0697288439 0.338607043
v -0.0680573732 0.07123404 0.342182845
v -0.0720573738 0.07123404 0.342182845
v -0.0720573738 0.07123404 0.371878088
v -0.0680573732 0.07123404 0.371878088
v -0.0680573732 0.0269597713 0.33808139
v -0.0680573732 0.0562665798 0.346870691
v -0.0680573732 0.05187748 0.349056214
v -0.0680573732 0.0615566187 0.350865573
v -0.0680573732 -0.00645874022 0.350497335
v -0.0680573732 0.0611899719 0.354822278
v -0.0680573732 0.050790038 0.352878183
v -0.0680573732 0.07123404 0.371878088
v -0.0680573732 -0.0111418767 0.350565732
v -0.0680573732 0.0562665798 0.357870698
v -0.0680573732 -0.0302122794 0.345531076
v -0.0680573732 -0.0613943785 0.346368611
v -0.0680573732 -0.0727164447 0.345443279
v -0.0680573732 -0.106468812 0.353602022
v -0.0680573732 0.0525612496 0.356435269
v -0.0680573732 -0.129894316 0.371084154
v -0.0680573732 0.068736285 0.371984005
v -0.0680573732 -0.141620025 0.373021454
v -0.0680573732 -0.119124144 0.366059363
v -0.0680573732 -0.15686743 0.373831034
v -0.0680573732 -0.110105991 0.358318686
v -0.0720573738 -0.124337628 0.368939579
v -0.0680573732 -0.129894316 0.371084154
v -0.0720573738 -0.110105991 0.358318686
v -0.0720573738 -0.135691017 0.372453243
v -0.0680573732 -0.141620025 0.373021454
v -0.0720573738 -0.154802978 0.373382032
v -0.0680573732 -0.0895855427 0.340209305
v -0.0680573732 -0.0944533572 0.339817613
v -0.0720573738 -0.15686743 0.373831034
v -0.0720573738 -0.158625513 0.375002623
v -0.0680573732 -0.16307795 0.383948356
v -0.0720573738 -0.16307795 0.383948356
v 0.0657426268 -0.0846619904 0.352624416
v 0.0617426336 -0.0847084671 0.355127454
v 0.0657426268 -0.0861421078 0.357179761
v 0.0617426336 -0.0876509696 0.35917747
v 0.0617426336 -0.0847084671 0.350121409
v 0.0657426268 -0.0900171325 0.359995157
v 0.0617426336 -0.0924120322 0.360724419
v 0.0657426268 -0.0948069319 0.359995157
v 0.0617426336 -0.0949150696 0.360327959
v 0.0657426268 -0.0969673917 0.358894348
v 0.0617426336 -0.0989650711 0.357385486
v 0.0657426268 -0.0873557255 0.352624416
v 0.0657426268 -0.0904770643 0.357295841
v 0.0657426268 -0.0904770643 0.347952992
v 0.0657426268 -0.0997827575 0.355019301
v 0.0657426268 -0.0861421078 0.348069072
v 0.0617426336 -0.0899089947 0.344920874
v 0.0657426268 -0.0900171325 0.345253676
v 0.0617426336 -0.0949150696 0.344920874
v 0.0657426268 -0.0948069319 0.345253676
v 0.0657426268 -0.0986819491 0.348069072
v 0.0657426268 -0.0900171325 0.345253676
v 0.0617426336 -0.100115582 0.350121409
v 0.0657426268 -0.0924120322 0.347568125
v 0.0657426268 -0.0948069319 0.345253676
v 0.0657426268 -0.100162081 0.352624416
v 0.0617426336 -0.100115582 0.355127454
v 0.0657426268 -0.0974683389 0.352624416
v 0.0657426268 -0.0959873796 0.349049062
v 0.0682426319 -0.0924120322 0.348478049
v 0.0682426319 -0.0962427855 0.351037681
v 0.0682426319 -0.0894801021 0.349692494
v 0.0657426268 -0.0873557255 0.352624416
v 0.0682426319 -0.0882656574 0.352624416
v 0.0682426319 -0.0894801021 0.355556369
v 0.0682426319 -0.0962427855 0.354211181
v 0.0657426268 -0.0959873796 0.356199771
v 0.0682426319 -0.0939987823 0.356455177
v 0.0657426268 -0.0943470001 0.357295841
v 0.0638426319 -0.181928799 0.360295594
v 0.0638426319 -0.180459589 0.35749203
v 0.0638426319 -0.176835999 0.352308273
v 0.0638426319 -0.184844419 0.369308531
v 0.0638426319 -0.184129119 0.366225183
v 0.0638426319 -0.185394719 0.378765315
v 0.0638426319 -0.185295627 0.372441411
v 0.0638426319 -0.184423521 0.385014981
v 0.0638426319 -0.185041875 0.381910801
v 0.0638426319 -0.177864686 0.38457641
v 0.0638426319 -0.183544159 0.388055563
v 0.0638426319 -0.174707741 0.349965423
v 0.0638426319 -0.160295293 0.362386912
v 0.0638426319 -0.159165561 0.365642637
v 0.0638426319 -0.163724512 0.382840097
v 0.0638426319 -0.167150691 0.38413626
v 0.0638426319 -0.16223605 0.380871385
v 0.155579075 -0.177098185 0.403371543
v 0.168244988 -0.177588984 0.407275826
v 0.178826421 -0.184248075 0.411330611
v 0.185872421 -0.185601786 0.414078444
v 0.187842607 -0.18779327 0.415064096
v 0.185456008 -0.182956874 0.413809538
v 0.190371141 -0.188447207 0.416126847
v 0.176613331 -0.176922336 0.410467267
v 0.186735988 -0.180179074 0.414511949
v 0.182882458 -0.172218204 0.413497746
v 0.18945457 -0.178673893 0.41590929
v 0.170603529 -0.165047124 0.409046859
v 0.156415135 -0.174017027 0.403472334
v 0.174003124 -0.150250182 0.411153018
v 0.191885397 -0.172293708 0.417534977
v 0.191754952 -0.178785369 0.41697371
v 0.194280222 -0.180500671 0.418011993
v 0.187239245 -0.150250182 0.416448921
v 0.160963014 -0.150250182 0.406678915
v 0.179813266 -0.135391966 0.413565367
v 0.191832259 -0.135391966 0.418492883
v 0.193852082 -0.150250182 0.419396818
v 0.207157657 -0.154279783 0.425928026
v 0.200838223 -0.1723634 0.421888709
v 0.205566332 -0.189339444 0.422895193
v 0.195176259 -0.184729531 0.418046653
v 0.194175184 -0.186706215 0.417572469
v 0.204374105 -0.140556857 0.4245058
v 0.208636984 -0.173446506 0.425974667
v 0.212069198 -0.144266665 0.429348379
v 0.200937077 -0.191548929 0.420870125
v 0.207952529 -0.196967989 0.424796194
v 0.213357359 -0.198098764 0.427849382
v 0.209062651 -0.193070933 0.424780428
v 0.212475166 -0.188862547 0.427164942
v 0.216782108 -0.192794159 0.430419892
v 0.219516471 -0.183497623 0.433953077
v 0.213991553 -0.172997504 0.429786235
v 0.221366897 -0.173101664 0.436816424
v 0.213272035 -0.163404539 0.429760933
v 0.217462376 -0.153408453 0.434136629
v 0.222427845 -0.16205731 0.438899577
v 0.223112062 -0.146263823 0.440668076
v 0.216551766 -0.134271085 0.433312982
v 0.22335498 -0.136544138 0.441239238
v 0.216277331 -0.12472339 0.432650089
v 0.224050328 -0.111969031 0.441547722
v 0.211430699 -0.12518771 0.428161591
v 0.216089889 -0.115178242 0.431857258
v 0.224480376 -0.0953957886 0.441195548
v 0.205901727 -0.125616074 0.42452842
v 0.219901994 -0.0793685913 0.433644921
v 0.224684805 -0.0756274462 0.440416187
v 0.210867539 -0.0917699933 0.425159991
v 0.215738818 -0.0865323842 0.429141492
v 0.216592237 -0.0577377044 0.427332461
v 0.224641144 -0.0628656074 0.439798713
v 0.215396807 -0.0700418428 0.427158177
v 0.210709751 -0.0774410591 0.423656285
v 0.213137031 -0.0701014623 0.424884439
v 0.206784487 -0.070176959 0.419970453
v 0.205243409 -0.0873954669 0.421056092
v 0.0631794408 0.0562665798 0.35859701
v 0.0636198744 0.060748443 0.355464339
v 0.0620424077 0.0596140437 0.3585563
v 0.0620424077 0.0551089384 0.359308064
v 0.0620424077 0.0627074689 0.355195969
v 0.0636198744 0.0526552945 0.356446981
v 0.0620424077 0.0632758364 0.352951497
v 0.0620424077 0.0510920249 0.357134223
v 0.0637458265 0.0607919618 0.351821244
v 0.0620424077 0.0621546023 0.348523855
v 0.0635399744 0.057148803 0.355950058
v 0.0631794408 0.0504448786 0.354578584
v 0.0620424077 0.0492573231 0.352951497
v 0.0637458265 0.051741194 0.351821244
v 0.0620424077 0.0494485162 0.350644141
v 0.063030608 0.0590240695 0.353416502
v 0.063030608 0.0543109365 0.354578167
v 0.0600756556 0.0566241927 0.353821605
v 0.0635399744 0.0587111376 0.349611372
v 0.0631794408 0.0511424243 0.34883377
v 0.0620424077 0.0519466475 0.346820474
v 0.0636198744 0.0587974004 0.347548634
v 0.0620424077 0.0605865009 0.346820474
v 0.0620424077 0.0562665798 0.345337421
v 0.0631794408 0.054776527 0.346325308
v 0.0637458265 0.0551756285 0.347944558
v 0.0600756556 0.0574963763 0.35152185
v 0.0622876845 0.0538364351 0.352665782
v 0.0600756556 0.0550367795 0.35152185
v 0.059681844 0.0551266484 0.352803051
v 0.112770088 -0.0332659632 0.412768155
v 0.100223944 -0.0332659632 0.410065889
v 0.0997683257 -0.0332659632 0.404855967
v 0.161227271 -0.0332659632 0.421082973
v 0.134070262 -0.0332659632 0.418078065
v 0.166277796 -0.0332659632 0.421641827
v 0.165448263 -0.0332659632 0.426527709
v 0.175924644 -0.0332659632 0.422709227
v 0.126833469 -0.0332659632 0.409588367
v 0.154550686 -0.0332659632 0.414434791
v 0.177368969 -0.0332659632 0.418323129
v -0.204634815 0.0241469778 0.418527991
v -0.20102942 0.0249027535 0.418086588
v -0.20102942 0.0239679068 0.428771943
v -0.197767019 0.0233189743 0.428771943
v -0.204291835 0.0233189743 0.428771943
v -0.197394952 0.0242171604 0.41765973
v -0.207666576 0.0220799539 0.418927878
v -0.195001259 0.0214709584 0.428771943
v -0.208905607 0.0187052116 0.428771943
v -0.193281502 0.0210011788 0.417222887
v -0.210370034 0.0154427914 0.41945079
v -0.193153247 0.0187052116 0.428771943
v -0.209554538 0.0154427914 0.428771943
v -0.191712886 0.0175144542 0.417124957
v -0.208905607 0.0121803703 0.428771943
v -0.192504317 0.0154427914 0.428771943
v -0.207637981 0.00883422513 0.419390023
v -0.19244045 0.0113459593 0.417445719
v -0.204291835 0.0075666164 0.428771943
v -0.193153247 0.0121803703 0.428771943
v -0.204614475 0.00678772433 0.41913563
v -0.194322392 0.00873576012 0.41779837
v -0.20102942 0.00691768294 0.428771943
v -0.195001259 0.00941463094 0.428771943
v -0.20102942 0.00604086742 0.418749928
v -0.19741568 0.00671844184 0.418278486
v -0.197767019 0.0075666164 0.428771943
v -0.176592529 -0.0332659632 0.421641827
v -0.186239362 -0.0332659632 0.422709227
v -0.187683702 -0.0332659632 0.418323129
v -0.171541989 -0.0332659632 0.421082973
v -0.175762981 -0.0332659632 0.426527709
v -0.178724021 -0.0332659632 0.416857988
v -0.123084828 -0.0332659632 0.412768155
v -0.144384995 -0.0332659632 0.418078065
v -0.110538691 -0.0332659632 0.410065889
v -0.137148201 -0.0332659632 0.409588367
v -0.110083066 -0.0332659632 0.404855967
v -0.112687029 0.0900340304 0.410207927
v -0.115848787 0.0900340304 0.414672792
v -0.115848787 0.101434037 0.414672792
v -0.112687029 0.101434037 0.410207927
v 0.0617426336 -0.108609982 0.351222962
v 0.0617426336 0.0542797484 0.357499301
v 0.0617426336 -0.115824096 0.359364301
v 0.0617426336 -0.135356352 0.368477017
v 0.0617426336 -0.155227602 0.369737267
v 0.0617426336 -0.153412685 0.369342536
v 0.0617426336 -0.156773224 0.370767236
v 0.0617426336 0.050790038 0.352878183
v 0.0617426336 0.07123404 0.371878088
v 0.0617426336 0.072732687 0.376176983
v 0.0617426336 0.072732687 0.371814519
v 0.0617426336 0.0599718988 0.356435269
v 0.0617426336 0.07123404 0.342182845
v 0.0617426336 0.0617431179 0.352878183
v 0.0617426336 0.0591619574 0.347694516
v 0.0617426336 0.0552559569 0.346964359
v 0.0617426336 0.0269597713 0.33808139
v 0.0617426336 0.0697288439 0.338607043
v 0.0617426336 0.066119507 0.337184131
v 0.0617426336 -0.00645874022 0.350497335
v 0.0617426336 -0.104045123 0.34346357
v 0.0617426336 -0.0613943785 0.346368611
v 0.0617426336 -0.0302122794 0.345531076
v 0.0617426336 -0.0782146007 0.343978137
v 0.0617426336 -0.0938434452 0.339159667
v 0.0617426336 -0.101962447 0.34148857
v 0.0617426336 -0.0994703546 0.340064675
v -0.0616434366 -0.0326384269 0.291019678
v -0.0636434332 -0.0284417551 0.292865604
v -0.0619381033 -0.0216886718 0.292408496
v -0.0627585128 0.0242802221 0.298992455
v -0.0604073666 -0.028224133 0.291231155
v -0.0627585128 -0.0413802788 0.291835308
v -0.0604073666 0.0243810453 0.298235238
v -0.0604073666 -0.0326282643 0.290824145
v -0.0604073666 -0.0370508544 0.290772289
v -0.0401767455 -0.0332001485 0.290797412
v -0.0604073666 -0.0414633155 0.291075885
v -0.0402133912 -0.0402796753 0.290959418
v -0.0363631584 -0.0376834534 0.289647341
v -0.0627585128 -0.049940411 0.293475658
v -0.064407371 -0.041028548 0.295052171
v -0.064407371 -0.00383840711 0.298513263
v -0.0636434332 0.0291963592 0.301973671
v -0.0604073666 0.0284183212 0.299520016
v -0.053501118 0.0268597361 0.298836023
v -0.053501118 0.0291577466 0.299942374
v -0.053501118 0.0311732665 0.301505268
v -0.0604073666 0.0330494083 0.303812236
v 0.0431863815 0.0291577466 0.299942374
v 0.0431863815 0.0311732665 0.301505268
v 0.0500926338 0.0330494083 0.303812236
v 0.0513287 0.0316212848 0.302247584
v -0.00106312323 0.0224643722 0.297980011
v 0.00778390281 0.0182021204 0.297298312
v -0.0137719493 0.0209675319 0.297777593
v -0.0109582422 0.0209982395 0.293928444
v 0.000643506064 0.0209982395 0.293928444
v -0.00330008729 0.0207289066 0.289771944
v -0.0140916454 0.0185886249 0.289771944
v 0.00686892727 0.0165301319 0.289771944
v 0.0103008468 0.0145689109 0.293928444
v 0.182838514 0.0121803703 0.428771943
v 0.184686542 0.00941463094 0.428771943
v 0.18400766 0.00873576012 0.41779837
v 0.187100947 0.00671844184 0.418278486
v 0.182125717 0.0113459593 0.417445719
v 0.187452286 0.0075666164 0.428771943
v 0.182189584 0.0154427914 0.428771943
v 0.190714687 0.00604086742 0.418749928
v 0.181398168 0.0175144542 0.417124957
v 0.190714687 0.00691768294 0.428771943
v 0.182838514 0.0187052116 0.428771943
v 0.194299743 0.00678772433 0.41913563
v 0.182966769 0.0210011788 0.417222887
v 0.193977118 0.0075666164 0.428771943
v 0.184686542 0.0214709584 0.428771943
v 0.197323263 0.00883422513 0.419390023
v 0.187080234 0.0242171604 0.41765973
v 0.196742862 0.00941463094 0.428771943
v 0.190714687 0.0239679068 0.428771943
v 0.200055316 0.0154427914 0.41945079
v 0.194320083 0.0241469778 0.418527991
v 0.199239805 0.0154427914 0.428771943
v 0.196742862 0.0214709584 0.428771943
v 0.198590875 0.0187052116 0.428771943
v 0.19936049 0.0190239921 0.419250518
v -0.201242924 -0.058231201 0.339251548
v -0.201402485 -0.0582248084 0.333516717
v -0.206486151 -0.0597668439 0.335677415
v -0.209292844 -0.0664529726 0.336183965
v -0.209965557 -0.0671996325 0.342085063
v -0.209407195 -0.0636878014 0.337199211
v -0.209688917 -0.0707595199 0.338578641
v -0.208792597 -0.0711031482 0.337716669
v -0.20542568 -0.0603262 0.333282501
v -0.207394958 -0.0620068647 0.334151924
v -0.201343998 -0.0616757795 0.332540363
v -0.205894217 -0.0620823503 0.333267033
v -0.207252085 -0.0660196245 0.335038722
v -0.202134743 -0.0639111325 0.333992451
v -0.199830756 -0.0626209676 0.333183944
v -0.201167867 -0.0639443845 0.335225075
v -0.20431003 -0.0673012659 0.335834652
v -0.203460395 -0.0678121671 0.337877035
v -0.204544529 -0.0709430352 0.3374919
v -0.20448862 -0.079687573 0.340500742
v -0.203464538 -0.0792218447 0.342151344
v -0.202977911 -0.0812177882 0.341874063
v -0.203381464 -0.0675699487 0.340082228
v -0.203449398 -0.0753884614 0.343081295
v -0.201134607 -0.0639450699 0.338310808
v -0.203430936 -0.0793057382 0.344253868
v -0.201466307 -0.0817732513 0.344863743
v -0.200198546 -0.0633633882 0.337988675
v -0.200839415 -0.0644398779 0.338549763
v -0.203381464 -0.0675699487 0.340082228
v -0.20084475 -0.0666956007 0.339627147
v -0.200704724 -0.0657608062 0.337293118
v -0.198625982 -0.064778395 0.336421758
v -0.198444784 -0.0629824847 0.337741673
v -0.199747711 -0.06819316 0.338402867
v -0.190705419 -0.0654711872 0.336882323
v -0.188573092 -0.0649853945 0.338492453
v -0.1935561 -0.069290176 0.338742048
v -0.200018376 -0.0676455349 0.340036362
v -0.183625653 -0.0676749572 0.337769419
v -0.181090981 -0.0676544309 0.339582264
v -0.185374275 -0.0716794729 0.339565098
v -0.178846359 -0.0745466277 0.340542167
v -0.171475679 -0.0737644956 0.340102464
v -0.170562848 -0.0733869299 0.341769338
v -0.18831037 -0.0702796802 0.340901136
v -0.199254215 -0.069351472 0.340755135
v -0.181306347 -0.073023878 0.341844589
v -0.191011444 -0.07127022 0.341360718
v -0.180243656 -0.0759421661 0.342871934
v -0.200424463 -0.0699142441 0.341013581
v -0.174623236 -0.0766913295 0.343026876
v -0.167902738 -0.0817826986 0.342683405
v -0.20084472 -0.0726669431 0.342090696
v -0.203449398 -0.0753884614 0.343081295
v -0.200864241 -0.0709486529 0.340354681
v -0.199216634 -0.0710406527 0.339286387
v -0.20059894 -0.0712992251 0.33973226
v -0.200838938 -0.0730615109 0.341163844
v -0.199752584 -0.0733413845 0.340186536
v -0.194534034 -0.0711906701 0.339562148
v -0.191011444 -0.07127022 0.341360718
v -0.199331924 -0.0739017949 0.342506737
v -0.191127345 -0.0763411075 0.341389835
v -0.187552825 -0.0734215975 0.34029144
v -0.199201807 -0.0756507888 0.343096435
v -0.178595066 -0.0824309066 0.342993557
v -0.192212984 -0.0757103562 0.342999011
v -0.184338972 -0.080984056 0.344454139
v -0.200769931 -0.0767298117 0.343465
v -0.185334995 -0.0784779191 0.343761235
v -0.178595066 -0.0824309066 0.342993557
v -0.178849146 -0.0821570009 0.344689727
v -0.172903046 -0.0896285549 0.346188098
v -0.172858357 -0.0867310017 0.3456631
v -0.168697685 -0.0906360894 0.344591737
v -0.165222257 -0.0949250162 0.346852481
v -0.164706498 -0.095738925 0.345923841
v -0.162528411 -0.0984056219 0.345423609
v -0.163094223 -0.0979370102 0.347104609
v -0.168286577 -0.0949578881 0.346865416
v -0.164509103 -0.100769855 0.347246379
v -0.171770841 -0.0914924294 0.344738722
v -0.159481242 -0.104296505 0.347302765
v -0.165611014 -0.0995579958 0.345488727
v -0.179300815 -0.0849211887 0.343598068
v -0.184338972 -0.080984056 0.344454139
v -0.168923616 -0.101774029 0.345557004
v -0.172512949 -0.0966783315 0.345314264
v -0.166069552 -0.107261427 0.345484018
v -0.191268668 -0.0785994083 0.342103153
v -0.16789116 -0.10412474 0.347273588
v -0.199201807 -0.0756507888 0.343096435
v -0.162647814 -0.105137162 0.345572591
v -0.161597967 -0.106916502 0.347233027
v -0.160748303 -0.110008486 0.345346361
v -0.160421759 -0.111138321 0.34696722
v -0.16084379 -0.111869872 0.3458713
v -0.162371278 -0.112691402 0.346794009
v -0.163552836 -0.112121232 0.345126808
v -0.164165869 -0.112300858 0.346819431
v -0.168939501 -0.111237735 0.346885055
v -0.168058187 -0.117104404 0.346112072
v -0.170682743 -0.105394758 0.347239435
v -0.162371278 -0.112691402 0.346794009
v -0.171289042 -0.0985823646 0.347149581
v -0.174780518 -0.097497724 0.347087502
v -0.153345957 -0.117206529 0.346280158
v -0.178312123 -0.0907102823 0.344662398
v -0.178244427 -0.0908998251 0.34641552
v -0.182742313 -0.0890340582 0.346158296
v -0.184797361 -0.0860585645 0.343894064
v -0.18375361 -0.0866680145 0.345746398
v -0.190241739 -0.0846200585 0.345391154
v -0.189664811 -0.0833931416 0.345113575
v -0.195750445 -0.0827469751 0.345030457
v -0.193482369 -0.0820034668 0.34306705
v -0.199384794 -0.0801974759 0.34444043
v -0.199872151 -0.0801565871 0.342666745
v -0.198622555 -0.0764809251 0.341560006
v -0.200312942 -0.0770436674 0.341764241
v -0.200844705 -0.0789468661 0.344119608
v 0.105534039 0.0900340304 0.414672792
v 0.102372281 0.0900340304 0.410207927
v 0.102372281 0.101434037 0.410207927
v 0.105534039 0.101434037 0.414672792
v -0.200896055 0.270041615 0.0351641066
v -0.201007396 0.260203034 0.0366313271
v -0.201481849 0.26451686 0.0354437381
v -0.215348423 -0.202141151 0.425368339
v -0.188095659 -0.187310055 0.411457479
v -0.189141139 -0.184248075 0.411330611
v -0.196343735 -0.185913697 0.41416499
v -0.19625704 -0.18132855 0.414064825
v -0.19927302 -0.190961331 0.416022688
v -0.199052691 -0.188210785 0.415461093
v -0.20077011 -0.188487455 0.416163445
v -0.203868642 -0.187329814 0.41732946
v -0.1868736 -0.176904872 0.410446644
v -0.199297324 -0.178814054 0.415678203
v -0.211251795 -0.191548929 0.420870125
v -0.205166101 -0.185586125 0.417872995
v -0.208970159 -0.197628275 0.421355397
v -0.218370736 -0.197341949 0.424926221
v -0.223672092 -0.198098764 0.427849382
v -0.219377384 -0.193070933 0.424780428
v -0.214906871 -0.186813638 0.422526658
v -0.205605939 -0.182989106 0.41824016
v -0.220809862 -0.190269262 0.425633997
v -0.227096826 -0.192794159 0.430419892
v -0.218951702 -0.173446506 0.425974667
v -0.204416618 -0.180307984 0.417945296
v -0.11764621 0.0900340304 0.410747439
v -0.115848787 0.0900340304 0.414672792
v -0.112687029 0.0900340304 0.410207927
v -0.110521145 0.0900340304 0.404924989
v -0.110966779 0.0900340304 0.410020769
v -0.172091931 0.0900340304 0.416670769
v -0.178015649 0.0900340304 0.417315215
v -0.175642744 0.0900340304 0.420924127
v -0.186860844 0.0900340304 0.418277532
v -0.123450734 0.0900340304 0.406711429
v -0.188098684 0.0900340304 0.415643483
v 0.161777213 0.0900340304 0.416670769
v 0.165328011 0.0900340304 0.420924127
v 0.167700931 0.0900340304 0.417315215
v 0.177783951 0.0900340304 0.415643483
v 0.176546112 0.0900340304 0.418277532
v 0.10733147 0.0900340304 0.410747439
v 0.102372281 0.0900340304 0.410207927
v 0.105534039 0.0900340304 0.414672792
v 0.100652039 0.0900340304 0.410020769
v 0.142042771 0.0900340304 0.410705328
v 0.100206405 0.0900340304 0.404924989
v -0.216674164 -0.144753382 0.331748903
v -0.221144155 -0.143658265 0.331089973
v -0.217434183 -0.141048864 0.329546958
v -0.226233631 -0.141210109 0.330299199
v -0.229761645 -0.143314153 0.332013547
v -0.226220578 -0.135814935 0.328443825
v -0.237089097 -0.135413691 0.330526352
v -0.215166032 -0.135967746 0.327814311
v -0.213072181 -0.14070724 0.329441488
v -0.220688373 -0.131951258 0.327073872
v -0.207901284 -0.14271085 0.330876142
v -0.204693839 -0.139587805 0.329760939
v -0.209631145 -0.135949925 0.328049064
v -0.209590167 -0.131978333 0.327178448
v -0.204071015 -0.131897405 0.327780694
v -0.208732814 -0.125227034 0.326641619
v -0.215134233 -0.127946198 0.326449662
v -0.226187304 -0.127793431 0.327079147
v -0.198641211 -0.12770474 0.32824713
v -0.216783822 -0.12301898 0.326416522
v -0.22216031 -0.12405473 0.32657212
v -0.199160218 -0.123634823 0.328238636
v -0.0651573688 0.0601185001 0.332116216
v -0.0651573688 0.034644831 0.330725491
v -0.0651573688 0.0486972965 0.328745902
v -0.0651573688 0.0659991503 0.336392999
v -0.0651573688 0.0686896592 0.340450168
v -0.0651573688 0.0362208635 0.360172987
v -0.0651573688 0.0235021971 0.356290281
v -0.0651573688 0.0212806929 0.340905845
v -0.0651573688 0.0405936055 0.363200903
v -0.0651573688 0.0564531088 0.343972772
v -0.0651573688 0.0452162847 0.344603032
v -0.0651573688 0.0489861816 0.347129554
v -0.0651573688 0.070130229 0.345100343
v -0.0651573688 0.0616484359 0.345921248
v -0.0651573688 0.0639137849 0.348895043
v -0.0651573688 0.0708953738 0.35503453
v -0.0651573688 0.0637519136 0.356182486
v -0.0651573688 0.06912034 0.358296752
v -0.0651573688 0.0613567568 0.359052777
v -0.0651573688 0.0661305189 0.360499889
v -0.0651573688 0.0560253225 0.362850994
v -0.0651573688 0.0597182624 0.363335311
v -0.0651573688 0.0483514704 0.364878356
v -0.0651573688 0.0607292838 0.365621746
v -0.0651573688 0.0387050621 0.366840452
v -0.0651573688 0.0318787619 0.363741666
v -0.0651573688 0.0460732803 0.368222594
v -0.0651573688 0.0498283915 0.368240982
v -0.0676573738 0.0287936851 0.361600727
v -0.0676573738 0.0213723443 0.353197545
v -0.0676573738 0.0351985618 0.365496695
v -0.0651573688 0.0387050621 0.366840452
v -0.0676573738 0.0423475318 0.367753476
v -0.0651573688 0.0460732803 0.368222594
v -0.0676573738 0.0460732803 0.368222594
v -0.0676573738 0.0535585545 0.367808372
v -0.0676573738 0.0344428569 0.358184308
v -0.0676573738 0.0212806929 0.340905845
v -0.0676573738 0.0382880867 0.361859024
v -0.0676573738 0.0110345464 0.330756664
v -0.0676573738 0.0430806652 0.364165634
v -0.0676573738 0.0198168959 0.333765119
v -0.0676573738 0.0351985618 0.365496695
v -0.0676573738 0.0228725746 0.3291336
v -0.0676573738 0.0483514704 0.364878356
v -0.0676573738 0.0140324496 0.31015715
v -0.0676573738 0.0423475318 0.367753476
v -0.0676573738 0.0460732803 0.368222594
v -0.0676573738 0.0689481124 0.361775637
v -0.0676573738 0.0535845421 0.363927454
v -0.0676573738 0.0300133303 0.327669799
v -0.0676573738 0.0582676455 0.361405969
v -0.0556573682 0.0671415478 0.362786323
v -0.0556573682 0.0607292838 0.365621746
v -0.0556573682 0.0705346614 0.360445946
v -0.0676573738 0.0718455911 0.358843893
v -0.0676573738 0.0718455911 0.358843893
v -0.0676573738 0.0627160445 0.357752562
v -0.0556573682 0.0728349686 0.357025564
v -0.0676573738 0.0737228543 0.353000373
v -0.0676573738 0.0737228543 0.353000373
v -0.0676573738 0.0644954592 0.350683838
v -0.0556573682 0.0737228543 0.353000373
v -0.0676573738 0.0719640106 0.341984034
v -0.0676573738 0.0616484359 0.345921248
v -0.0676573738 0.0527909175 0.344723523
v -0.0676573738 0.0441187732 0.343162298
v -0.0676573738 0.0489861816 0.347129554
v -0.0676573738 0.034644831 0.330725491
v -0.0676573738 0.0695727617 0.336943865
v -0.0676573738 0.0658602566 0.332779855
v -0.0676573738 0.0611263141 0.329828352
v -0.0676573738 0.0470124446 0.325047463
v -0.0676573738 0.0454667769 0.322848916
v -0.0676573738 0.029612001 0.30240044
v -0.0676573738 0.0363496356 0.300298035
v -0.01324437 -0.169417888 0.430543959
v -0.00515736826 -0.16281718 0.430653334
v -0.0133020859 -0.156251401 0.430078447
v -0.03104412 -0.168668061 0.428853333
v -0.0312582254 -0.155703276 0.428162068
v -0.0447259583 -0.168573886 0.427868783
v -0.0449559204 -0.155665472 0.427011967
v -0.0583436899 -0.168497935 0.427511424
v -0.058582142 -0.155636787 0.426476419
v -0.0720211267 -0.168466434 0.427781999
v -0.0722323656 -0.155641451 0.426582277
v -0.202938139 -0.121094391 0.362571329
v -0.203237236 -0.117461033 0.35954532
v -0.212017432 -0.117177799 0.360883176
v -0.207412913 -0.119545765 0.362440258
v -0.20726265 -0.123971082 0.364697188
v -0.216264546 -0.120844543 0.364164054
v -0.220794961 -0.118493579 0.362410426
v -0.217440009 -0.115605481 0.358985126
v -0.202861339 -0.127469972 0.364565253
v -0.211743176 -0.127171353 0.36584875
v -0.216211274 -0.125433698 0.365877569
v -0.225099772 -0.122519992 0.364697248
v -0.21625632 -0.128715247 0.366131961
v -0.216430962 -0.133370325 0.365199536
v -0.220690116 -0.127010435 0.36608395
v -0.22074981 -0.130175322 0.365978509
v -0.225121245 -0.128518373 0.365847945
v -0.229427516 -0.125539497 0.365103632
v -0.225262225 -0.134167209 0.364430398
v -0.23368302 -0.131055057 0.364205033
v -0.233648986 -0.120725371 0.362228543
v -0.23774536 -0.127105311 0.363594443
v -0.241667673 -0.130582303 0.362146527
v -0.234629825 -0.135365203 0.361907274
v -0.245432779 -0.128338203 0.361143947
v -0.245385781 -0.132112488 0.360187382
v -0.245420337 -0.124327168 0.360381007
v -0.252023846 -0.128099456 0.358271122
v -0.242252201 -0.13781403 0.357011974
v -0.231536359 -0.140001342 0.358725905
v -0.251951724 -0.132187441 0.356836051
v -0.237008229 -0.141783848 0.354978919
v -0.24753803 -0.139044404 0.352804244
v -0.231591195 -0.142741024 0.355721891
v -0.252015144 -0.137008637 0.352133721
v -0.254454732 -0.130494297 0.354785562
v -0.226062894 -0.140676335 0.359233797
v -0.221595615 -0.13678515 0.363162011
v -0.21500802 -0.141173825 0.359539956
v -0.212876514 -0.13740097 0.362804353
v -0.209476411 -0.140994117 0.359336823
v -0.207680658 -0.135171056 0.363756001
v -0.204513907 -0.137706816 0.361569792
v 0.093244791 0.0904330015 0.406160712
v 0.0947412029 0.0892036483 0.394005209
v -0.105055943 0.0892036483 0.394005209
v -0.103559531 0.0904330015 0.406160712
v 0.0317347646 -0.0338967815 0.190507233
v 0.0351837613 -0.0328892283 0.189958498
v 0.031663999 -0.0331572965 0.192210779
v 0.0329078324 -0.0375331938 0.144031525
v 0.0390746035 -0.0312318504 0.191241786
v 0.0259748735 -0.0359087475 0.192638636
v 0.0387727395 -0.0323275365 0.189226568
v 0.0385046266 -0.0359944813 0.144359767
v 0.0440264195 -0.0324061364 0.187885836
v 0.0372403935 -0.0373533219 0.130569145
v 0.041022718 -0.0368682444 0.130409539
v 0.0300112944 -0.040202748 0.130676791
v 0.044994507 -0.037027061 0.130152196
v 0.0276704263 -0.0404165871 0.143878877
v 0.0267681535 -0.0425491408 0.130638674
v 0.0287065692 -0.0366349109 0.175601497
v 0.0232587978 -0.0444543362 0.143922612
v 0.0217479933 -0.04861762 0.130381167
v 0.0243100673 -0.0414180681 0.159708247
v 0.0234053116 -0.0386884995 0.190863281
v 0.0196283031 -0.0425118022 0.190401584
v 0.0200030115 -0.0492654927 0.144151002
v 0.0189280994 -0.0422153398 0.192102015
v 0.0175394993 -0.0454594642 0.189794883
v 0.0201275572 -0.0520535484 0.130154908
v 0.0180206113 -0.0543888919 0.144524962
v 0.0186713263 -0.059344884 0.129474699
v 0.0151496353 -0.0539532565 0.176261693
v 0.0157795865 -0.0488126315 0.188974828
v 0.0146130659 -0.0487665199 0.19097583
v 0.0145060634 -0.0523263775 0.188008964
v 0.0134374825 -0.0595672838 0.185686916
v -0.0554073676 -0.0336063989 0.339842975
v -0.0554073676 -0.0314908884 0.334307402
v -0.0554073676 -0.0332734212 0.330679953
v -0.0554073676 -0.0471387766 0.343675464
v -0.0554073676 -0.0431878977 0.344786644
v -0.0554073676 -0.040861588 0.329704076
v -0.0554073676 -0.0369010605 0.328897893
v -0.0554073676 -0.0493909903 0.336254984
v -0.0554073676 -0.0495522916 0.340355992
v -0.0554073676 -0.0483205244 0.334470361
v 0.047842633 0.0406688005 0.310981333
v 0.047842633 0.0654438734 0.325193435
v 0.047842633 0.0694494322 0.329223573
v 0.047842633 0.0481170453 0.325828046
v 0.047842633 0.0461134352 0.324036866
v 0.047842633 0.0611263141 0.329828352
v 0.047842633 0.0658602566 0.332779855
v 0.047842633 0.0709483474 0.339378536
v 0.047842633 0.0725991502 0.3447074
v 0.047842633 0.0707077086 0.332823396
v -0.0501573682 0.132510483 0.353015095
v -0.0551573671 0.131122753 0.353726685
v -0.0501573682 0.101591676 0.365319997
v -0.0551573671 0.0960459039 0.366942763
v -0.0551573671 0.133729711 0.352042645
v -0.0501573682 0.0902999043 0.367552996
v -0.0551573671 0.0287452452 0.368560851
v -0.0501573682 0.0287452452 0.368560851
v -0.0501573682 0.134732097 0.3508479
v -0.0551573671 0.135937542 0.347988009
v -0.0501573682 0.135937542 0.347988009
v -0.0501573682 0.136092797 0.340547562
v -0.0549567901 0.136092812 0.338767171
v -0.0534120165 0.136092812 0.335558981
v -0.0495844185 0.136092812 0.338783979
v -0.0480844192 0.136092812 0.337694019
v 0.0386228003 0.136092812 0.332747102
v -0.0357028246 0.136092812 0.337547153
v 0.036842633 0.136092812 0.337547153
v 0.0446420573 0.136092812 0.338767171
v -0.0471573696 0.136092812 0.332546473
v -0.0521452874 0.136092812 0.334292054
v 0.036842633 0.136092812 0.332546473
v 0.0430972837 0.136092812 0.335558981
v 0.0403137021 0.136092812 0.333338857
v 0.0440503843 0.136092812 0.337076038
v -0.289371878 -0.0498283356 0.0307956822
v -0.288032204 -0.0513303988 0.0308049899
v -0.287997037 -0.0520233549 0.0246586595
v -0.287318528 -0.0532123372 0.0308100563
v -0.289423972 -0.0505577102 0.0372731611
v -0.288081646 -0.0520224795 0.0369513519
v -0.289488494 -0.0527101234 0.0434258692
v -0.287421644 -0.0557612143 0.0419812612
v -0.287267864 -0.0557627976 0.0196388531
v -0.291196346 -0.0492741317 0.0354786068
v -0.289334804 -0.0505586267 0.0243181735
v -0.291239202 -0.0503732748 0.040058285
v -0.29456988 -0.0483826771 0.0307597946
v -0.294650078 -0.0498748124 0.0401853323
v -0.294606566 -0.0487578511 0.0355313085
v -0.294699371 -0.0517060757 0.0446072668
v -0.301933467 -0.0497998782 0.0401351899
v -0.30185324 -0.0483077243 0.0307096541
v -0.302036583 -0.0541315936 0.0486380905
v -0.291131705 -0.049274791 0.0260880105
v -0.294540882 -0.0487585254 0.0259882789
v -0.301803708 -0.0498012118 0.0212841164
v -0.294753194 -0.0542065315 0.0486882292
v -0.294520319 -0.0498761497 0.021334257
v -0.291111499 -0.0503745824 0.0215082988
v -0.294508755 -0.0517080352 0.0169123206
v -0.301789761 -0.0541341379 0.0127812168
v -0.289314598 -0.0527119003 0.0181654952
v -0.294506371 -0.0542090684 0.0128313573
v -0.294513315 -0.0573176704 0.00919186138
v -0.301812738 -0.0608823597 0.00603326131
v -0.287977874 -0.0540665537 0.0188205242
v -0.289312303 -0.0561802424 0.0126461461
v -0.291104615 -0.0576972403 0.00955984276
v -0.287265837 -0.0588304922 0.0147570474
v -0.289328009 -0.0607896969 0.00803686213
v -0.294529349 -0.060957294 0.00608340185
v -0.289360911 -0.0663091317 0.00456884457
v -0.294554144 -0.065038316 0.00358260819
v -0.301870435 -0.0693853199 0.00170083309
v -0.287279725 -0.0629074797 0.0106802341
v -0.287959099 -0.0607158691 0.0153141757
v -0.287351698 -0.0732312724 0.00570858456
v -0.294587046 -0.0694602504 0.00175097352
v -0.288011819 -0.0704348981 0.00844439398
v -0.287979186 -0.0555081442 0.0260162931
v -0.291177154 -0.0696458817 0.00223779003
v -0.288067102 -0.0561000332 0.0379031971
v -0.289409399 -0.0724617988 0.00241592084
v -0.291216701 -0.0742255226 0.00113830238
v -0.294627219 -0.0741142184 0.00063363323
v -0.30195713 -0.0788106918 0.000207973848
v -0.294673741 -0.0788856298 0.000258114218
v -0.289471 -0.0789391473 0.0016860622
v -0.294725448 -0.0836569741 0.000633632822
v -0.302064389 -0.0882358477 0.00170083228
v -0.29131332 -0.0836158618 0.00113830203
v -0.294780999 -0.0883107856 0.0017509727
v -0.294839084 -0.0927324444 0.00358260702
v -0.302181661 -0.096738182 0.00603325991
v -0.291368008 -0.0881953463 0.0022377891
v -0.289542705 -0.0854163989 0.00241592037
v -0.294898272 -0.0968131199 0.00608340045
v -0.289620817 -0.0915687606 0.00456884364
v -0.291483432 -0.0965619013 0.00650103344
v -0.294957161 -0.100452304 0.00919185951
v 0.0762612745 0.00457641296 0.416068912
v 0.0763629749 0.0168497358 0.416331738
v 0.0625749081 0.00476505002 0.414392203
v 0.0900904164 0.0166779459 0.418541253
v 0.0627636313 0.0292609837 0.415071517
v 0.0489696898 0.0171835683 0.413505077
v 0.0488982536 0.00494939927 0.41328007
v 0.0352100469 0.00512750726 0.412727684
v 0.0351652689 -0.00710052764 0.412762076
v 0.0902190506 0.0289551429 0.418920815
v 0.104000986 0.0287941247 0.421569258
v 0.0214554146 -0.00691800192 0.412823677
v 0.0214297716 -0.0191432219 0.413167924
v 0.0767449662 0.0535786934 0.418055534
v 0.0903552771 0.0412118211 0.419443905
v 0.117852271 0.0286300853 0.424618602
v 0.117703855 0.0163214225 0.424353987
v 0.104302317 0.053300824 0.422648787
v 0.131638288 0.0161365774 0.427773297
v 0.0628821626 0.0414879955 0.415675908
v 0.118176512 0.0531586111 0.425530493
v 0.0630152673 0.0536928773 0.416472703
v 0.0768923908 0.0657707751 0.418994814
v 0.0906405896 0.065650709 0.421001226
v 0.0631610453 0.0658674985 0.417483121
v 0.0770519003 0.077939555 0.420158207
v 0.10445676 0.0655148551 0.423446834
v 0.090792574 0.0778333619 0.422080934
v 0.0633179098 0.0780172348 0.418734878
v 0.0494121462 0.0659575239 0.416453421
v 0.0495503172 0.0780910775 0.417777389
v 0.049281165 0.053798452 0.415384561
v 0.049161803 0.0416125692 0.414547741
v 0.0356396027 0.0660543218 0.415879518
v 0.0357509367 0.0781786814 0.417245537
v 0.0355306752 0.053906057 0.414776891
v 0.0490575284 0.0294059422 0.413925201
v 0.0352688134 0.0173447002 0.412906021
v 0.0214924868 0.00529753603 0.41270867
v 0.0216020606 0.0296897329 0.413178563
v 0.021754222 0.0540213883 0.414623022
v 0.0102752168 0.00829214975 0.413049757
v -0.00515736826 0.00505098421 0.413405359
v -0.00515736826 0.0173199214 0.413415909
v 0.00248915865 0.0540773049 0.41497606
v 0.0218389574 0.0661644489 0.415729254
v 0.021921901 0.0782876089 0.417101473
v -0.00515736826 0.0663203523 0.416104496
v -0.00515736826 0.041831471 0.41422382
v -0.0128038954 0.0540773049 0.41497606
v -0.0204839427 0.0361039862 0.413689315
v -0.012862456 0.0173134208 0.41334039
v -0.0318560861 0.0175007526 0.412825316
v -0.0128915301 0.0050412342 0.413318962
v -0.0129264183 -0.00723910797 0.413550884
v -0.0318072215 0.00529753603 0.41270867
v -0.0319167972 0.0296897329 0.413178563
v -0.0320689566 0.0540213883 0.414623022
v -0.0455835499 0.0173447002 0.412906021
v -0.0321536958 0.0661644489 0.415729254
v -0.045845408 0.053906057 0.414776891
v -0.0457448438 0.0417365842 0.413921863
v -0.0594765395 0.0416125692 0.414547712
v -0.0592844225 0.0171835683 0.413505077
v -0.0730783716 0.0292609837 0.415071517
v -0.0595959015 0.053798452 0.415384561
v -0.0454800017 -0.00710052764 0.412762076
v -0.0592129901 0.00494939927 0.41328007
v -0.0728896484 0.00476505002 0.414392203
v -0.0317445062 -0.0191432219 0.413167924
v -0.0454486087 -0.0193370692 0.413007408
v -0.0728203207 -0.00749562355 0.414307117
v -0.0591164492 -0.019544024 0.413404107
v -0.0454307757 -0.0315802656 0.413464636
v -0.0317252614 -0.0436201654 0.414548725
v -0.012966983 -0.0195244625 0.41403389
v -0.00515736826 -0.019506732 0.414148748
v 0.00265224604 -0.0195244625 0.41403389
v 0.0214105248 -0.0436201654 0.414548725
v 0.00274862186 -0.0441106893 0.415749371
v 0.00280099967 -0.0563956015 0.416965604
v -0.00515736826 -0.0440828577 0.415900767
v -0.00515736826 -0.0686352253 0.418590635
v -0.0130633581 -0.0441106893 0.415749371
v -0.0408561379 -0.0368134044 0.129469424
v -0.0335368402 -0.0397149883 0.12979129
v -0.0366065726 -0.0371085107 0.143065035
v -0.042191118 -0.0355014876 0.143237829
v -0.0446214452 -0.0363317467 0.129199192
v -0.0314025581 -0.0400556996 0.143057555
v -0.0303034801 -0.0420744978 0.129846305
v -0.0270435065 -0.0441470258 0.143223241
v -0.0253576096 -0.0480676331 0.129738986
v -0.0238543414 -0.0489975512 0.143541232
v -0.0237249658 -0.0515129901 0.129563779
v -0.0278995484 -0.0402118601 0.174828678
v -0.0336000212 -0.0373388752 0.158889621
v -0.024553882 -0.0424049906 0.189756677
v -0.0316901244 -0.0359683149 0.190088615
v -0.028275542 -0.0375719368 0.191891596
v -0.0208691694 -0.0485994332 0.188457549
v -0.0364441648 -0.0328136533 0.191299349
v -0.019760197 -0.0485694669 0.190487847
v -0.036487449 -0.0335529707 0.189590171
v -0.039928291 -0.0324709415 0.188950136
v -0.0193022527 -0.0536055826 0.187083498
v -0.0439931452 -0.0307225268 0.190096989
v -0.0414260924 -0.029797174 0.191278905
v -0.0436502919 -0.0318247154 0.188088372
v -0.0481374301 -0.0293220151 0.189675838
v -0.045062393 -0.0220478289 0.191645592
v -0.05167244 -0.0313757882 0.187603146
v -0.0514397249 -0.0237282943 0.189844519
v -0.0483746193 -0.0141107719 0.191613287
v -0.05415399 -0.0301756524 0.187871367
v -0.0610731915 -0.0183917005 0.187890232
v -0.0510426834 -0.0320522375 0.185918733
v -0.0502243638 -0.00572756259 0.19152765
v -0.0545583591 -0.0328856744 0.184646487
v -0.0485677086 -0.0326781832 0.175300196
v -0.0476808175 -0.0352035128 0.143543482
v -0.0519962795 -0.0371928141 0.128413573
v -0.0589148216 -0.033400353 0.185044095
v -0.0949164256 -0.0452314839 0.170337498
v -0.169351593 -0.0713955611 0.105853453
v -0.311192214 -0.111219794 0.0955867842
v -0.244012907 -0.0933081731 0.0897848159
v -0.299787462 -0.10974399 0.0770362839
v -0.0956765935 -0.0446396098 0.172017723
v -0.0853625163 -0.039715033 0.176747561
v -0.303067565 -0.107808448 0.101083338
v -0.310346574 -0.112296194 0.0809015185
v -0.303848535 -0.111104056 0.0742746517
v -0.308103949 -0.11298728 0.066239439
v -0.312628835 -0.113876969 0.0661633536
v -0.303854614 -0.106177755 0.10192956
v -0.316140592 -0.112595521 0.0806903616
v -0.318861514 -0.112815492 0.0660530627
v -0.315402478 -0.111732304 0.0939834863
v -0.321514577 -0.110407002 0.0805031657
v -0.324040681 -0.109220505 0.0659547076
v -0.321381778 -0.10963662 0.0922185332
v -0.312249273 -0.110673755 0.0971927717
v -0.318396568 -0.11054381 0.094639793
v -0.32545352 -0.106144004 0.0803752691
v -0.327208161 -0.103772387 0.0658862889
v -0.32481128 -0.106200166 0.091488339
v -0.321910411 -0.108673602 0.0935582519
v -0.317139924 -0.105102815 0.0971188918
v -0.327213317 -0.100611761 0.080330804
v -0.327770054 -0.0974919498 0.0658605024
v -0.326416224 -0.102498189 0.0913330615
v -0.324122578 -0.104119301 0.0939140245
v -0.325132489 -0.0990735814 0.0940852016
v -0.326605648 -0.0974129364 0.0917048603
v -0.326461613 -0.0948552713 0.0803781971
v -0.325613976 -0.0915577561 0.0658824444
v -0.323340386 -0.0899618566 0.0805085078
v -0.321157843 -0.0871062651 0.0659480244
v -0.3258757 -0.0948654637 0.0921499282
v -0.318439186 -0.0868558362 0.080697082
v -0.316939861 -0.0852101892 0.0660162345
v -0.31267646 -0.0842404068 0.0737161189
v -0.308725566 -0.0830297768 0.0766935423
v -0.325116605 -0.0944487676 0.09390039
v -0.323097646 -0.0907505378 0.0934461653
v 0.00335562858 0.0123462649 0.4140746
v -0.0022572591 0.0150495963 0.413986892
v -0.00537293823 0.00140069297 0.413993031
v -0.00848724507 0.0150495963 0.413900405
v -0.0141004035 0.0123462649 0.413832277
v -0.0179849807 0.00747502595 0.413795948
v -0.0193715896 0.00140069297 0.41379872
v 0.00723971613 0.00747502595 0.414146125
v 0.00862571411 0.00140069297 0.414187342
v 0.00723910565 -0.00467363279 0.414190084
v -0.0141015034 -0.0095448792 0.413911462
v -0.0179855917 -0.00467363279 0.413839936
v -0.00848861597 -0.0122482022 0.41399917
v -0.00225863024 -0.0122482022 0.414085656
v 0.00335452892 -0.0095448792 0.414153814
v 0.0450926311 -0.0498172753 0.338291854
v 0.0450926311 -0.0483205244 0.334470361
v 0.0450926311 -0.038948182 0.328972518
v 0.0450926311 -0.0471387766 0.343675464
v 0.0450926311 -0.0495522916 0.340355992
v 0.0450926311 -0.0336063989 0.339842975
v 0.0450926311 -0.0431878977 0.344786644
v 0.0450926311 -0.0320813432 0.332345843
v 0.0450926311 -0.031565275 0.336354524
v 0.0450926311 -0.0349394679 0.329488099
v -0.197180912 0.0615933202 0.416316062
v -0.194897085 0.0644047707 0.428771943
v -0.19409667 0.0636043623 0.415833622
v -0.193092421 0.067105636 0.428771943
v -0.197597951 0.0626001135 0.428771943
v -0.192014351 0.0666590855 0.41543442
v -0.200783834 0.0619664043 0.428771943
v -0.192458704 0.0702915192 0.428771943
v -0.204357833 0.0616630763 0.417179048
v -0.191469729 0.0722415894 0.415159434
v -0.203969717 0.0626001135 0.428771943
v -0.193092421 0.0734773949 0.428771943
v -0.2061425 0.0626595765 0.417339325
v -0.19406718 0.0770081505 0.415357083
v -0.206670567 0.0644047707 0.428771943
v -0.194897085 0.0761782601 0.428771943
v -0.209382787 0.0667297095 0.417543709
v -0.197160244 0.0790395886 0.415699035
v -0.208475217 0.067105636 0.428771943
v -0.197597951 0.0779829174 0.428771943
v -0.210094243 0.0704793334 0.417488277
v -0.200783834 0.0797227472 0.416128933
v -0.209108934 0.0702915192 0.428771943
v -0.200783834 0.0786166266 0.428771943
v -0.208475217 0.0734773949 0.428771943
v -0.204378128 0.0789689198 0.416573256
v -0.209402859 0.0738616362 0.417295396
v -0.203969717 0.0779829174 0.428771943
v -0.206670567 0.0761782601 0.428771943
v -0.207400456 0.0769081414 0.41697377
v -0.220979154 -0.150047973 0.343009084
v -0.23079589 -0.148535803 0.339629889
v -0.230057374 -0.147786707 0.337242365
v -0.225405216 -0.146763146 0.334421337
v -0.233915269 -0.145713195 0.335318863
v -0.237845257 -0.146677762 0.339016616
v -0.237975746 -0.14409259 0.335002273
v -0.239203393 -0.140155733 0.332762808
v -0.245609939 -0.142158717 0.336676747
v -0.247575909 -0.134771183 0.334024429
v -0.252118051 -0.138022155 0.337259561
v -0.245641485 -0.144288212 0.340102613
v -0.241883934 -0.146095797 0.341895819
v -0.252191871 -0.141555056 0.341277778
v -0.245588183 -0.144751593 0.344109505
v -0.237947896 -0.14729166 0.344195306
v -0.2296893 -0.149153501 0.342917889
v -0.225413308 -0.14941296 0.345864177
v -0.233880371 -0.147762299 0.346753418
v -0.231102332 -0.14730072 0.349204957
v -0.226122975 -0.145868838 0.352969408
v -0.236999527 -0.144238457 0.351719946
v -0.241810471 -0.14565967 0.346251696
v -0.242310107 -0.143006802 0.350747794
v -0.24801515 -0.142696291 0.347253591
v -0.252132744 -0.141751647 0.344540745
v -0.254594803 -0.138770357 0.341512829
v -0.254548252 -0.138687626 0.345261753
v -0.254911363 -0.137403905 0.343346149
v -0.25459677 -0.136717588 0.339639783
v -0.252139151 -0.130893797 0.335248739
v -0.254936159 -0.122358717 0.34079203
v -0.254619241 -0.124379806 0.337340176
v -0.252130896 -0.124405108 0.334633201
v -0.247539729 -0.126749739 0.332659215
v -0.242426395 -0.131149203 0.331236333
v -0.231699869 -0.131673217 0.328434646
v -0.237054348 -0.127392188 0.329161495
v -0.233911395 -0.121372007 0.328590095
v -0.241846293 -0.12189462 0.330701858
v -0.22546421 -0.12124069 0.327200562
v -0.229664832 -0.117407985 0.329281181
v -0.237951204 -0.119346954 0.330295891
v -0.220876634 -0.114593595 0.330296576
v -0.233860165 -0.116635054 0.330727339
v -0.22961317 -0.114062056 0.332053155
v -0.216381565 -0.112463214 0.33270973
v -0.225268662 -0.111937791 0.334202051
v -0.220897838 -0.110511139 0.3369793
v -0.225308537 -0.110505342 0.338400394
v -0.216565326 -0.109924197 0.340111434
v -0.229596391 -0.111802325 0.335764647
v -0.237912506 -0.114571653 0.334273487
v -0.207714856 -0.110462353 0.340782821
v -0.241863891 -0.11791116 0.332498789
v -0.199034438 -0.111966901 0.341740102
v -0.184146509 -0.116615996 0.344342917
v -0.245601177 -0.120453231 0.332577199
v -0.245605245 -0.117222607 0.334975928
v -0.252196848 -0.119561948 0.336768836
v -0.237886041 -0.113388151 0.33648935
v -0.245536 -0.115325853 0.338523895
v -0.233790696 -0.11164584 0.339845449
v -0.239016235 -0.112991869 0.342180192
v -0.23033829 -0.111077517 0.342304468
v -0.221565902 -0.11013519 0.342657149
v -0.212832466 -0.110162109 0.343259633
v -0.226036862 -0.111586504 0.348044932
v -0.204461798 -0.111102737 0.344036132
v -0.22050783 -0.111166351 0.348179579
v -0.209423453 -0.111374326 0.34806177
v -0.196160674 -0.112959653 0.344914347
v -0.236943871 -0.113465548 0.347391427
v -0.220491827 -0.112396747 0.352055043
v -0.231533065 -0.11358583 0.351656824
v -0.203918174 -0.112001494 0.347809792
v -0.198404744 -0.114211366 0.35130316
v -0.209382221 -0.112606525 0.35193646
v -0.214933008 -0.112326413 0.352060407
v -0.203892216 -0.114830352 0.355439007
v -0.208439738 -0.115532026 0.358037293
v -0.194910735 -0.117501996 0.356339335
v -0.19420737 -0.0871075168 0.412109017
v -0.216035351 -0.116064578 0.423707873
v -0.212186724 -0.0995134637 0.420388192
v -0.199167505 -0.105556473 0.415447414
v -0.188793972 -0.101844758 0.411378294
v -0.193863854 -0.116735734 0.414261818
v -0.205289677 -0.116735734 0.418863028
v -0.216460079 -0.135166317 0.425229996
v -0.202681139 -0.129800484 0.418538213
v -0.0533174351 -0.173588112 0.377617896
v -0.0533242971 -0.17629227 0.377617896
v -0.0534215868 -0.176246554 0.377927095
v -0.0131157357 -0.0563956015 0.416965604
v -0.0132172927 -0.080952473 0.420021415
v -0.0317261778 -0.0681577325 0.41683647
v -0.0317217037 -0.0804645717 0.4182944
v -0.0454320684 -0.0683608875 0.416125476
v -0.0317255855 -0.0558790304 0.415582567
v -0.0454273522 -0.0560889319 0.415023446
v -0.0590759814 -0.0563200414 0.415043056
v -0.0590783544 -0.0440589637 0.414296955
v -0.0727062225 -0.0443018079 0.415073872
v -0.059090551 -0.0318002962 0.413752973
v -0.0727298334 -0.0320325345 0.414644599
v -0.0863734633 -0.0322738215 0.416152298
v -0.0864913985 -0.0077041504 0.415950775
v -0.100107946 -0.0202220939 0.418147802
v -0.0999484733 -0.057099171 0.418920487
v -0.113691621 -0.0450816527 0.421128333
v -0.0865760222 0.00457641296 0.416068912
v -0.113935448 -0.0081342198 0.420895785
v -0.127647877 -0.0206967201 0.42405206
v -0.100405157 0.0166779459 0.418541253
v -0.114315726 0.0287941247 0.421569258
v -0.128018603 0.0163214225 0.424353987
v -0.141953021 0.0161365774 0.427773297
v -0.0867940187 0.0291115306 0.416743189
v -0.0731969029 0.0414879955 0.415675908
v -0.0869220421 0.0413565636 0.417312622
v -0.0733300075 0.0536928773 0.416472703
v -0.184879169 0.0647664592 0.438847691
v -0.128491253 0.0531586111 0.425530493
v -0.10095533 0.065650709 0.421001226
v -0.1147715 0.0655148551 0.423446834
v -0.128657743 0.0653751343 0.426237881
v -0.0872071311 0.0657707751 0.418994814
v -0.0734757856 0.0658674985 0.417483121
v -0.087366648 0.077939555 0.420158207
v -0.0597268827 0.0659575239 0.416453421
v -0.0736326501 0.0780172348 0.418734878
v -0.05986505 0.0780910775 0.417777389
v -0.0459543392 0.0660543218 0.415879518
v -0.0460656732 0.0781786814 0.417245537
v -0.0322366357 0.0782876089 0.417101473
v -0.00515736826 0.0785547942 0.41744709
v -0.0323166437 0.0903842077 0.418759108
v -0.0127524463 0.0907592699 0.419032365
v 0.00243770983 0.0907592699 0.419032365
v -0.0127251018 0.10292723 0.420936704
v -0.0463042036 0.102364741 0.420836747
v -0.0323899165 0.102474555 0.420714349
v 0.00993080623 0.109938733 0.422100335
v 0.0220019072 0.0903842077 0.418759108
v -0.0600165613 0.0902086496 0.419368714
v -0.0738051459 0.090159215 0.420232773
v -0.032447923 0.114582121 0.422953933
v -0.0464166589 0.114452161 0.423076659
v -0.0603443421 0.114375718 0.423408628
v -0.0739928484 0.10226921 0.421987265
v -0.0875340104 0.0901011601 0.421548337
v -0.101107314 0.0778333619 0.422080934
v -0.0324828029 0.126732185 0.425436199
v -0.114924371 0.0776999071 0.424446523
v -0.101253025 0.0899937898 0.423382759
v -0.0877051577 0.102226838 0.42317763
v -0.128815874 0.0775520131 0.427151859
v -0.115063168 0.0898448527 0.425679743
v -0.101385824 0.102119759 0.424929291
v -0.0741843432 0.114338361 0.424031049
v -0.0878791064 0.114300631 0.42508775
v -0.115185395 0.101961233 0.42717889
v -0.101516619 0.114204451 0.426757455
v -0.128957614 0.0896790549 0.428319991
v -0.0604816303 0.126449898 0.425879687
v -0.0743583292 0.126376316 0.426398963
v -0.0880528092 0.126323 0.427330941
v -0.0744851753 0.138410851 0.429107964
v -0.0324870311 0.151272044 0.43080309
v -0.10166426 0.126247659 0.428908765
v -0.0199792013 0.173841387 0.435102344
v -0.0464679673 0.163449362 0.433963954
v 0.00233013206 0.127257004 0.425445348
v -0.00515736826 0.173993632 0.43499893
v -0.0345486179 0.17339474 0.435451657
v -0.0490287133 0.172658607 0.436062276
v 0.00962821394 0.155406326 0.43136704
v 0.0242338832 0.17339474 0.435451657
v -0.0633088201 0.171646416 0.436846912
v -0.0772105455 0.170386866 0.437675625
v -0.0883463547 0.150297701 0.43296656
v -0.103101201 0.167314887 0.439121544
v -0.0882160291 0.138311014 0.429951221
v -0.101845682 0.138256073 0.431420386
v -0.102066167 0.150243625 0.43431595
v -0.115873203 0.150264859 0.436151803
v -0.115132757 0.165562987 0.439907104
v -0.115628213 0.138210416 0.43344602
v -0.129745349 0.150281981 0.438338101
v -0.127135023 0.163608253 0.440937221
v -0.13873215 0.161521405 0.442216694
v -0.156779736 0.157793686 0.444707364
v -0.143483147 0.138040751 0.438437819
v -0.177412584 0.152326733 0.447948605
v -0.129209593 0.113892756 0.431526452
v -0.198226884 0.145384684 0.451226234
v -0.187526777 0.149137616 0.449564189
v -0.207896098 0.139177606 0.452136934
v -0.203449756 0.142775029 0.451876581
v -0.211477116 0.134711117 0.45201692
v -0.214923739 0.126628593 0.451167375
v -0.199531794 0.112911195 0.445742369
v -0.21761106 0.115200676 0.449708164
v -0.185316533 0.10109327 0.441380709
v -0.222039327 0.0946179181 0.447933763
v -0.213512525 0.0886706263 0.445841849
v -0.224150717 0.0838319212 0.447492808
v -0.199337974 0.0888672173 0.443089575
v -0.229155198 0.0546291322 0.446962744
v -0.199203551 0.0767759383 0.442340612
v -0.199088171 0.0645575896 0.441868633
v -0.143065065 0.101610117 0.432592988
v -0.142777339 0.0773991868 0.430094004
v -0.115304977 0.114058159 0.428965271
v -0.115444623 0.126140818 0.43105188
v 0.0548426323 0.0646645054 0.352557242
v 0.0548426323 0.0708953738 0.35503453
v 0.0548426323 0.070130229 0.345100343
v 0.0548426323 0.034644831 0.330725491
v 0.0548426323 0.0622759946 0.333256513
v 0.0548426323 0.0578208789 0.33129403
v 0.0548426323 0.0637519136 0.356182486
v 0.0548426323 0.0453462526 0.326911271
v 0.0548426323 0.0613567568 0.359052777
v 0.0548426323 0.0661305189 0.360499889
v 0.0548426323 0.0560253225 0.362850994
v 0.0548426323 0.0597182624 0.363335311
v 0.0548426323 0.0281492937 0.327417731
v 0.0548426323 0.0510054231 0.364608824
v 0.0548426323 0.0607292838 0.365621746
v 0.0548426323 0.0140324496 0.31015715
v 0.0548426323 0.0440682769 0.325474709
v 0.0548426323 0.0378484353 0.310675174
v 0.0548426323 0.0338729955 0.300842106
v 0.0548426323 0.0110345464 0.330756664
v 0.0548426323 0.0204774253 0.332003891
v 0.0548426323 0.0195648279 0.335629135
v 0.0548426323 0.0136497272 0.336572915
v 0.0548426323 0.0212806929 0.340905845
v 0.0548426323 0.0196292195 0.349871486
v 0.0548426323 0.0322491601 0.355304569
v 0.0548426323 0.0259879678 0.359104931
v 0.0548426323 0.0382880867 0.361859024
v 0.0548426323 0.0318787619 0.363741666
v 0.0548426323 0.0430806652 0.364165634
v 0.0548426323 0.0351985618 0.365496695
v 0.0548426323 0.0423475318 0.367753476
v 0.0548426323 0.0498283915 0.368240982
v 0.0573426336 0.0213723443 0.353197545
v 0.0573426336 0.0153318867 0.34031406
v 0.0548426323 0.0136497272 0.336572915
v 0.0573426336 0.0110345464 0.330756664
v 0.0548426323 0.0110345464 0.330756664
v 0.0573426336 0.0140324496 0.31015715
v 0.0548426323 0.0140324496 0.31015715
v 0.0573426336 0.0319462456 0.301413983
v 0.0548426323 0.0338729955 0.300842106
v 0.0573426336 0.0363496356 0.300298035
v 0.0573426336 0.0287936851 0.361600727
v 0.0548426323 0.0318787619 0.363741666
v 0.0573426336 0.0318787619 0.363741666
v 0.0548426323 0.0351985618 0.365496695
v 0.0573426336 0.0387050621 0.366840452
v 0.0548426323 0.0423475318 0.367753476
v 0.0573426336 0.0460732803 0.368222594
v 0.0573426336 0.0535585545 0.367808372
v 0.0573426336 0.0362208635 0.360172987
v 0.0573426336 0.0405936055 0.363200903
v 0.0573426336 0.0212806929 0.340905845
v 0.0573426336 0.0318787619 0.363741666
v 0.0573426336 0.0153318867 0.34031406
v 0.0573426336 0.0456880182 0.364729404
v 0.0573426336 0.0197338797 0.337502539
v 0.0573426336 0.0110345464 0.330756664
v 0.0573426336 0.0198168959 0.333765119
v 0.0573426336 0.026275903 0.3275868
v 0.0573426336 0.0387050621 0.366840452
v 0.0573426336 0.0535845421 0.363927454
v 0.0573426336 0.0460732803 0.368222594
v 0.0573426336 0.0140324496 0.31015715
v 0.0573426336 0.0689481124 0.361775637
v 0.0453426316 0.0607292838 0.365621746
v 0.0453426316 0.0671415478 0.362786323
v 0.0573426336 0.0582676455 0.361405969
v 0.0453426316 0.0718455911 0.358843893
v 0.0573426336 0.0718455911 0.358843893
v 0.0573426336 0.0718455911 0.358843893
v 0.0573426336 0.0627160445 0.357752562
v 0.0573426336 0.0737228543 0.353000373
v 0.0573426336 0.0737228543 0.353000373
v 0.0573426336 0.0646645054 0.352557242
v 0.0453426316 0.0737228543 0.353000373
v 0.0573426336 0.0719640106 0.341984034
v 0.0573426336 0.0639137849 0.348895043
v 0.0573426336 0.0600783601 0.344885379
v 0.0573426336 0.0527909175 0.344723523
v 0.0573426336 0.034644831 0.330725491
v 0.0573426336 0.0695727617 0.336943865
v 0.0573426336 0.0635986626 0.331135064
v 0.0573426336 0.0584933646 0.328886181
v 0.0573426336 0.0470124446 0.325047463
v 0.0573426336 0.0454667769 0.322848916
v 0.0573426336 0.0363496356 0.300298035
v 0.0573426336 0.0319462456 0.301413983
v 0.181154996 0.0722415894 0.415159434
v 0.182143986 0.0702915192 0.428771943
v 0.181699634 0.0666590855 0.41543445
v 0.182777688 0.067105636 0.428771943
v 0.182777688 0.0734773949 0.428771943
v 0.183781937 0.0636043623 0.415833622
v 0.183752462 0.0770081505 0.415357083
v 0.184582353 0.0644047707 0.428771943
v 0.184582353 0.0761782676 0.428771943
v 0.186866179 0.0615933202 0.416316062
v 0.186845526 0.0790395886 0.415699035
v 0.187283218 0.0626001135 0.428771943
v 0.187283218 0.0779829174 0.428771943
v 0.190469101 0.0609181561 0.416790366
v 0.190469101 0.0797227472 0.416128933
v 0.190469101 0.0619664043 0.428771943
v 0.190469101 0.0786166266 0.428771943
v 0.193654984 0.0626001135 0.428771943
v 0.194063395 0.0789689198 0.416573256
v 0.195827767 0.0626595765 0.417339325
v 0.193654984 0.0779829174 0.428771943
v 0.196355835 0.0644047707 0.428771943
v 0.197085723 0.0769081414 0.41697377
v 0.199068055 0.0667297095 0.417543709
v 0.196355835 0.0761782676 0.428771943
v 0.198160499 0.067105636 0.428771943
v 0.199088141 0.0738616362 0.417295396
v 0.19977951 0.0704793334 0.417488277
v 0.198160499 0.0734773949 0.428771943
v 0.198794201 0.0702915192 0.428771943
v 0.172846958 -0.108210623 0.44076848
v 0.179907992 -0.120827675 0.442948163
v 0.187241346 -0.0836972818 0.443456233
v 0.194215715 -0.108657777 0.445885658
v 0.187021747 -0.13356021 0.444841117
v 0.201344073 -0.133926794 0.447783172
v 0.208525285 -0.121479742 0.449110657
v 0.172825053 -0.145849124 0.441769153
v 0.215750992 -0.134304747 0.450299054
v 0.228240699 -0.124047533 0.452321887
v 0.227773666 -0.139293551 0.451763183
v 0.215759367 -0.10906516 0.45023483
v 0.228707209 -0.0998514295 0.452117175
v 0.215839133 -0.147080302 0.449775785
v 0.227204293 -0.153815225 0.450507581
v 0.194952831 -0.0404236354 0.443980038
v 0.21615462 -0.0716188997 0.449013442
v 0.228810653 -0.0716831237 0.450931698
v 0.228271574 -0.0450135544 0.449370682
v 0.227142006 -0.022203587 0.448170811
v 0.202444002 -0.0218887068 0.444882244
v 0.216988534 -0.0220271964 0.447069496
v 0.226010665 -0.00649303105 0.447563022
v 0.210084721 0.0150931431 0.4451994
v 0.224580154 0.00931443367 0.447053671
v 0.209847838 -0.00957820565 0.445712537
v 0.222900659 0.0247364007 0.446749896
v 0.202993259 0.0397440009 0.444068462
v 0.218840465 0.0546291322 0.446962744
v 0.188418597 0.0153807029 0.441452503
v 0.18109268 0.00312049477 0.440081865
v 0.181560948 0.052410543 0.440081775
v 0.203014776 0.0520056933 0.444292963
v 0.167072311 0.028011227 0.436674088
v 0.174709588 0.0769427493 0.439375639
v 0.213835984 0.0838319287 0.447492808
v 0.211724594 0.0946179181 0.447933763
v 0.203278527 0.100660481 0.446951509
v 0.174863577 0.0890363678 0.44020167
v 0.207296327 0.115200676 0.449708164
v 0.1750018 0.10109327 0.441380739
v 0.189217076 0.112911195 0.445742369
v -0.0862913951 -0.069097586 0.41767472
v -0.0863353685 -0.0445547812 0.416483611
v -0.0726936907 -0.0565680861 0.415690035
v -0.0590782985 -0.0685875863 0.415996403
v -0.0590790212 -0.0808690041 0.41715613
v -0.045433253 -0.0806542262 0.41743359
v -0.0454242602 -0.0929798335 0.418927401
v -0.0590708405 -0.0931746736 0.418511003
v -0.0590454899 -0.105517581 0.420034945
v -0.0317065679 -0.0928105339 0.419927448
v -0.0451333635 -0.142915651 0.425665647
v -0.058770597 -0.142943889 0.425030112
v -0.0315383561 -0.130232215 0.425291508
v -0.0214215256 -0.115445212 0.424391359
v -0.013335472 -0.130585447 0.427360713
v -0.0314198509 -0.142899424 0.426900893
v -0.0214331616 -0.146109402 0.428445846
v -0.0133298859 -0.14330411 0.428931594
v -0.00515736826 -0.130549356 0.427620471
v -0.00515736826 -0.0932107717 0.422025084
v 0.00300888112 -0.118036017 0.425558329
v -0.00515736826 -0.143280149 0.429190308
v 0.00302073522 -0.130585447 0.427360713
v 0.00298734987 -0.156251401 0.430078447
v -0.00515736826 -0.156245947 0.43032679
v 0.0111115444 -0.148014933 0.428637505
v 0.0212236214 -0.130232215 0.425291508
v 0.0211051162 -0.142899424 0.426900893
v 0.00292963465 -0.169417888 0.430543959
v 0.0110023944 -0.165382996 0.429791451
v 0.0207293853 -0.168668061 0.428853333
v 0.0344112255 -0.168573886 0.427868783
v 0.0346411839 -0.155665472 0.427011967
v 0.0348186269 -0.142915651 0.425665647
v 0.0480289534 -0.168497935 0.427511424
v 0.0482674055 -0.155636787 0.426476419
v 0.0617063865 -0.168466434 0.427781999
v 0.0484558605 -0.142943889 0.425030112
v 0.0619176291 -0.155641451 0.426582277
v 0.0349463709 -0.130297512 0.424041659
v 0.0350831412 -0.105351105 0.420570046
v 0.0487307534 -0.105517581 0.420034945
v 0.0213918332 -0.0928105339 0.419927448
v 0.00290255598 -0.080952473 0.420021415
v 0.0351185203 -0.0806542262 0.41743359
v 0.048756104 -0.0931746736 0.418511003
v 0.0487642847 -0.0808690041 0.41715616
v 0.0214069672 -0.0804645717 0.4182944
v 0.0214114413 -0.0681577325 0.41683647
v 0.0351173319 -0.0683608875 0.416125476
v 0.048763562 -0.0685875863 0.415996403
v 0.0351126157 -0.0560889319 0.415023446
v 0.0487612449 -0.0563200414 0.415043056
v 0.0214108489 -0.0558790304 0.415582567
v 0.0487636179 -0.0440589637 0.414296955
v 0.0623789467 -0.0565680861 0.415690035
v 0.0623914823 -0.0443018079 0.415073872
v 0.0623732246 -0.0688342899 0.416504145
v 0.075994119 -0.0568288304 0.41698584
v 0.0623585023 -0.0933950841 0.418743849
v 0.0759766549 -0.069097586 0.41767472
v 0.0759645924 -0.0813663229 0.4185628
v 0.0896337256 -0.057099171 0.418920487
v 0.0896745548 -0.0448149294 0.418513775
v 0.0896041915 -0.0693751723 0.419499844
v 0.0759533718 -0.0936437845 0.419655263
v 0.0895845518 -0.0816476494 0.420267701
v 0.0622879528 -0.118071415 0.421713471
v 0.0895732194 -0.0939250961 0.42123279
v 0.0759376734 -0.105941825 0.420945346
v 0.0620871633 -0.143002659 0.425041944
v 0.0757171512 -0.15573068 0.427224308
v 0.089579694 -0.130923614 0.425194234
v 0.0896227881 -0.155970499 0.42817831
v 0.0895688683 -0.106219456 0.422392219
v 0.103420764 -0.15633738 0.429467708
v 0.103234753 -0.106534943 0.424456745
v 0.116973944 -0.119225144 0.428092092
v 0.117073938 -0.1441468 0.430262685
v 0.116966143 -0.106871583 0.427077919
v 0.103238501 -0.0942327455 0.423437178
v -0.0717147663 0.072732687 0.378342032
v -0.0707204863 0.072732687 0.380295157
v -0.0691718683 0.072732687 0.381845176
v -0.0720573738 0.072732687 0.371814519
v 0.0547005273 0.072732687 0.371814519
v -0.0580103062 0.072732687 0.3831833
v -0.0672204867 0.072732687 0.382840365
v 0.0617426336 0.072732687 0.376176983
v 0.0617426336 0.072732687 0.371814519
v 0.0604057498 0.072732687 0.380295157
v 0.0614000298 0.072732687 0.378342032
v 0.0569057502 0.072732687 0.382840365
v 0.058857128 0.072732687 0.381845176
v 0.0547426343 0.072732687 0.3831833
v 0.0641704351 0.138410851 0.429107964
v 0.0362308621 0.14180176 0.429026723
v 0.0361873992 0.126567066 0.425590277
v 0.0640435889 0.126376316 0.426398963
v 0.063869603 0.114338361 0.424031049
v 0.0775643587 0.114300631 0.42508775
v 0.0500296056 0.114375718 0.423408628
v 0.07739041 0.102226838 0.42317763
v 0.0910710841 0.102119759 0.424929291
v 0.0636781156 0.10226921 0.421987265
v 0.0361019261 0.114452161 0.423076659
v 0.090938285 0.0899937898 0.423382759
v 0.104748428 0.0898448527 0.425679773
v 0.104609624 0.0776999071 0.424446523
v 0.0772192702 0.0901011601 0.421548337
v 0.0498664901 0.102301873 0.421240151
v 0.0634904057 0.090159215 0.420232773
v 0.0497018248 0.0902086496 0.419368714
v 0.0359894671 0.102364741 0.420836747
v 0.02217797 0.138952047 0.428088367
v 0.0387139767 0.172658607 0.436062276
v 0.0430095643 -0.17629227 0.377617896
v 0.0430027023 -0.173588112 0.377617896
v 0.0431068502 -0.176246554 0.377927095
v 0.0811427161 -0.0738931447 0.393726736
v 0.0787410289 -0.0651774332 0.393036693
v 0.0774004087 -0.0738081038 0.395731449
v 0.0824465305 -0.0699884072 0.39324075
v 0.0756715313 -0.124953277 0.398254752
v 0.0781846717 -0.125262633 0.397783458
v 0.0792531818 -0.126998201 0.398737222
v 0.0811066702 -0.122497104 0.395800799
v 0.0828963444 -0.122401245 0.395466655
v 0.0888426304 -0.12240047 0.395463914
v 0.0829314664 -0.123429962 0.395645857
v 0.0888426304 -0.123916917 0.395833015
v -0.00190736819 0.109979711 0.32547307
v -0.00683969213 0.109330453 0.32548368
v -0.00975356158 0.111012541 0.325456142
v 0.00112114998 0.117290221 0.325353354
v 0.00112114998 0.113926023 0.325408459
v -0.00515736826 0.122107252 0.325274467
v -0.00190736819 0.121236533 0.325288743
v -0.0114358868 0.117290221 0.325353354
v -0.00975356158 0.120203704 0.325305641
v -0.0114358868 0.113926023 0.325408459
v -0.0432865322 0.089564316 0.325807333
v -0.0441573672 0.0928138793 0.325754136
v -0.0422535613 0.0974094644 0.325678855
v -0.0393396914 0.0865361989 0.325856894
v -0.0359750427 0.0865361989 0.325856894
v -0.0311573669 0.0928138793 0.325754136
v -0.032028202 0.089564316 0.325807333
v -0.0359750427 0.0990915596 0.325651348
v -0.0330611765 0.0974094644 0.325678855
v -0.0393396914 0.0990915596 0.325651348
v -0.0409073681 0.0984422937 0.325661957
v 0.0305926315 0.0871854722 0.325846285
v 0.0240926314 0.0984422937 0.325661957
v 0.0290249549 0.0990915596 0.325651348
v 0.0256603081 0.0865361989 0.325856894
v 0.0217134673 0.089564316 0.325807333
v 0.0210641138 0.0944959819 0.325726599
v 0.033621151 0.0944959819 0.325726599
v 0.0319388285 0.0974094644 0.325678855
v 0.0329717994 0.089564316 0.325807333
v -0.0125678424 -0.278600603 0.0399882086
v -0.0199005101 -0.280356944 0.0443600044
v -0.0126709454 -0.282932341 0.0484911054
v -0.0199543331 -0.282857388 0.0484409668
v -0.0251142103 -0.281253725 0.0431068279
v -0.0251878873 -0.284721285 0.048626177
v -0.0200113617 -0.285965472 0.0520804636
v -0.0127868261 -0.289679587 0.055239033
v -0.0265484657 -0.28587088 0.0476889834
v -0.0272442605 -0.285161376 0.0433357731
v -0.0271549691 -0.282103777 0.0349331833
v -0.0266235638 -0.290244043 0.0520626083
v -0.0271840338 -0.291532218 0.0494454838
v -0.0265919976 -0.287097067 0.0430246443
v -0.0264774449 -0.283567727 0.0316586196
v -0.0270934217 -0.282104433 0.0259913504
v -0.0267370269 -0.295665473 0.051284045
v -0.0252670273 -0.289330095 0.0532354303
v -0.0274610091 -0.298651755 0.0546565428
v -0.0267000962 -0.295480877 0.0553533509
v -0.020070212 -0.289604664 0.0551888905
v -0.0235515889 -0.29447484 0.0575311743
v -0.0201294124 -0.293685347 0.0576897152
v -0.012904143 -0.298181951 0.0595714897
v -0.0267742258 -0.301318675 0.0573962256
v -0.0201875065 -0.298106998 0.059521351
v -0.0236321576 -0.300818443 0.0597509928
v -0.0202430822 -0.30276081 0.0606386885
v -0.0130113941 -0.307607114 0.0610643476
v -0.0237060506 -0.307497084 0.0605035275
v -0.0202947576 -0.307532161 0.0610142089
v -0.0203412715 -0.312303573 0.0606386885
v -0.0130980993 -0.317032486 0.0595714897
v -0.0237695854 -0.314175785 0.0597509928
v -0.0203814637 -0.316957533 0.0595213473
v -0.0204143524 -0.321379453 0.0576897152
v -0.0131557677 -0.325535446 0.0552390292
v -0.0238195751 -0.320519716 0.0575311743
v -0.0204391312 -0.325460494 0.0551888905
v -0.0255590975 -0.313955992 0.0588564016
v -0.0238535162 -0.326210737 0.0539553091
v -0.0204551816 -0.329100102 0.0520804599
v -0.0131787267 -0.332283646 0.0484911054
v -0.0268422235 -0.307464778 0.058088731
v -0.0256075896 -0.320108652 0.0567034781
v -0.0276056025 -0.311928183 0.0558181033
v -0.0275136139 -0.302986622 0.0558181033
v -0.0268766247 -0.307153195 0.0543935709
v -0.0276710056 -0.320330739 0.0527598113
v -0.027821457 -0.31028372 0.0421041436
v -0.0269762706 -0.318718284 0.0515839383
v -0.0269779433 -0.324686408 0.0520626083
v -0.0277019218 -0.327180833 0.0470121019
v -0.0270113312 -0.327499777 0.0435502194
v -0.0269928351 -0.329060227 0.0476889797
v -0.0238697007 -0.330963463 0.0492027737
v -0.0277031139 -0.329755217 0.0433357693
v -0.0238673277 -0.334539652 0.0435118265
v -0.0204621125 -0.332208723 0.048440963
v -0.0156322457 -0.332253635 0.0484708808
v -0.0204597525 -0.334709764 0.0443600006
v -0.0131647773 -0.336616576 0.0399882048
v -0.0269906428 -0.332351238 0.0424517989
v -0.0204481613 -0.336541623 0.0399380662
v -0.0256337039 -0.33585915 0.0369541161
v -0.0276767369 -0.332814008 0.0349331833
v -0.0204276182 -0.33765927 0.0352840424
v -0.0131152682 -0.338110059 0.030562669
v -0.0269362982 -0.335087359 0.0304673016
v -0.0255966205 -0.336589456 0.030476639
v -0.020398654 -0.338035136 0.0305125285
v -0.0203619506 -0.337659955 0.0257410128
v -0.0130350227 -0.336617887 0.0211371314
v -0.0255445316 -0.335860103 0.0239991304
v -0.026886858 -0.334395289 0.0243209694
v -0.0275733843 -0.331653386 0.0216562655
v -0.0254800133 -0.33370766 0.0178464521
v -0.0203184094 -0.336542964 0.0210869908
v -0.0202691257 -0.334711701 0.0166650545
v -0.0129319187 -0.332286209 0.0126342019
v -0.0202153046 -0.332211256 0.0125840921
v -0.0254063569 -0.330240101 0.0123271039
v -0.0201582741 -0.329103172 0.00894456543
v -0.012816038 -0.325538903 0.00588627718
v -0.0274740998 -0.327183157 0.0139124002
v -0.0253271982 -0.32563132 0.00771782035
v -0.0200994238 -0.32546398 0.0058361371
v -0.0200402215 -0.321383327 0.00333531317
v -0.0126987435 -0.317036599 0.00155381917
v -0.0234472957 -0.32052353 0.00344685488
v -0.0266806576 -0.324689478 0.00887199491
v -0.0199821293 -0.316961646 0.00150367874
v -0.0199265536 -0.312307835 0.000386369415
v -0.0266041234 -0.319452673 0.00558125414
v -0.0233667474 -0.314179927 0.00122700655
v -0.0250967424 -0.307482749 0.00136702147
v -0.0265299957 -0.313614845 0.00353840785
v -0.0272078626 -0.307461053 0.00471525732
v -0.0273640435 -0.320333928 0.00816471968
v -0.0273091495 -0.316266656 0.00626799138
v -0.0267304368 -0.321782589 0.0112927109
v -0.0265860409 -0.31077528 0.00676786993
v -0.0264735743 -0.298949301 0.00810582191
v -0.0271279328 -0.298655182 0.00626799231
v -0.0270790365 -0.290911257 0.0107389092
v -0.0276475605 -0.309112966 0.0185922105
v -0.0264208596 -0.289230287 0.0149756344
v -0.0269111879 -0.286002934 0.0180737786
v -0.0264216848 -0.285950482 0.0199977905
v -0.0275648404 -0.29832387 0.0227024406
v -0.0276189297 -0.296012402 0.0340143591
v -0.0280449074 -0.30745241 0.0304577202
v -0.0277902912 -0.318363696 0.025499437
v -0.027855454 -0.318802476 0.0343108065
v -0.0268035233 -0.326100826 0.0154552469
v -0.026928803 -0.331026912 0.0262891706
v -0.0619381033 0.0627454668 0.377617896
v -0.0616434366 0.0338345729 0.305779755
v -0.063235797 0.0355873033 0.312721997
v -0.0641028881 0.0604106374 0.377617896
v -0.0604073666 0.0630738735 0.377617896
v -0.0641028881 0.0343841277 0.313208163
v -0.0636434332 0.0316521861 0.304687738
v -0.0556573682 0.0630738735 0.377617896
v -0.0556573682 0.0438509136 0.330045402
v -0.0604073666 0.0340160839 0.305706412
v -0.0627585128 0.0311999992 0.302628785
v 0.0500926338 0.0340160839 0.305706412
v 0.0453426316 0.0438509136 0.330045402
v 0.0453426316 0.0630738735 0.377617896
v 0.0516233668 0.0627454668 0.377617896
v 0.0529210605 0.0355873033 0.312721997
v 0.0537881516 0.0604106374 0.377617896
v 0.0537881516 0.0343841277 0.313208163
v 0.0540926307 0.0587596558 0.377617896
v 0.0533287004 0.0324873142 0.306324154
v 0.0540926307 0.0303074121 0.307205021
v 0.0540926307 -0.0411601551 0.344318658
v 0.0540926307 -0.0336063989 0.339842975
v 0.0540926307 -0.0314908884 0.334307402
v 0.0540926307 -0.0332734212 0.330679953
v 0.0540926307 -0.0452569872 0.34456405
v 0.0540926307 -0.038948182 0.328972518
v 0.0538968593 0.0285130627 0.302854866
v 0.0540926307 -0.0942451283 0.310587347
v 0.0540926307 -0.0467242114 0.333135277
v 0.0540926307 0.025243273 0.302511454
v 0.0540926307 -0.0493909903 0.336254984
v 0.0540926307 -0.0495522916 0.340355992
v 0.0538968593 -0.0411629006 0.293823451
v 0.0533287004 0.0241634306 0.299869657
v 0.0537881516 -0.0219743773 0.294554353
v 0.0538968593 -0.0559216142 0.297235191
v 0.0538968593 -0.0753643438 0.303072304
v 0.0513287 0.028327249 0.299693316
v 0.0529210605 -0.0218031127 0.293267995
v 0.0533287004 -0.0284417551 0.292865604
v 0.0500926338 -0.028224133 0.291231155
v 0.0513287 -0.0326384269 0.291019678
v 0.0524437763 -0.037029095 0.291535914
v 0.0500926338 -0.0370508544 0.290772289
v 0.0524437763 -0.0456933416 0.29248324
v 0.0533287004 -0.0497045889 0.294328541
v 0.0533287004 -0.0692258552 0.30000326
v 0.0500926338 -0.056681484 0.294577777
v 0.0513287 -0.0696497783 0.298613399
v 0.0524437763 -0.0888715833 0.305349737
v 0.0538968593 -0.101036586 0.311646104
v 0.0500926338 -0.0458371267 0.291732967
v 0.0538968593 -0.132678613 0.323619634
v 0.0299963579 -0.0501440093 0.292739302
v 0.0298955273 -0.0392765328 0.290880859
v 0.0524437763 -0.120801009 0.316796541
v 0.0524437763 -0.101703279 0.309760481
v 0.0513287 -0.0954817757 0.3069897
v 0.0500926338 -0.108350612 0.311332047
v 0.0303102229 -0.0868274346 0.303865612
v 0.0500926338 -0.121074505 0.316083252
v 0.0524437763 -0.139707208 0.324332058
v 0.0533287004 -0.143473014 0.327037364
v 0.0513287 -0.144130766 0.325741678
v 0.0500926338 -0.13999936 0.32362619
v 0.0303531718 -0.134088859 0.321208388
v 0.0283603296 -0.113058455 0.312681437
v 0.0305033196 -0.104937896 0.310100734
v 0.0281760748 -0.0930176675 0.305565119
v 0.0279490277 -0.0686755627 0.297741026
v 0.0301895868 -0.074667573 0.299957335
v 0.027754223 -0.0482831709 0.291895419
v 0.0299123488 -0.0455600731 0.291680634
v 0.0277039725 -0.0429838076 0.290907115
v 0.0257411636 -0.0458512083 0.290332496
v 0.0279374234 -0.0358309746 0.290479183
v 0.0246043783 -0.0367016271 0.288367003
v 0.0298620109 -0.0332001485 0.290797412
v 0.025354078 -0.0276978742 0.289485127
v 0.0279683992 -0.026159117 0.291151226
v 0.0300314017 -0.028224133 0.291231155
v -0.0860318914 -0.15573068 0.427224308
v -0.0861205608 -0.143132046 0.425652027
v -0.0998856202 -0.118545838 0.423726469
v -0.0999375284 -0.155970499 0.42817831
v -0.11364878 -0.143736914 0.428247124
v -0.113591857 -0.131261051 0.42692554
v -0.113735504 -0.15633738 0.429467708
v -0.127388686 -0.1441468 0.430262685
v -0.127288684 -0.119225144 0.428092092
v -0.113847755 -0.169122219 0.430381089
v -0.12749669 -0.15677844 0.431184769
v -0.0581573695 0.0725991502 0.3447074
v -0.0676573738 0.0719640106 0.341984034
v -0.0581573695 0.0709483474 0.339378536
v -0.0676573738 0.0695727617 0.336943865
v -0.0581573695 0.067865178 0.334729284
v -0.0676573738 0.0658602566 0.332779855
v -0.0581573695 0.0635986626 0.331135064
v -0.0676573738 0.0611263141 0.329828352
v -0.0581573695 0.0584933646 0.328886181
v -0.0676573738 0.0470124446 0.325047463
v -0.0581573695 0.0493697822 0.326338083
v -0.0581573695 0.0461134352 0.324036866
v -0.0676573738 0.0454667769 0.322848916
v -0.0581573695 0.0406688005 0.310981333
v -0.0676573738 0.0363496356 0.300298035
v -0.0556573682 0.0406688005 0.310981333
v -0.0581573695 0.0654438734 0.325193435
v -0.0556573682 0.0477126688 0.328404039
v 0.0453426316 0.0477126688 0.328404039
v -0.00654342398 0.0375863202 0.303356946
v -0.0556573682 0.0670128912 0.326290101
v -0.0175555386 0.0363496356 0.300298035
v -0.0651573688 0.0338729955 0.300842106
v -0.0182684865 0.0338729955 0.300842106
v -0.00654342398 0.0375863202 0.303356946
v -0.00339687103 0.0352685787 0.30429399
v 0.00761524355 0.0363496356 0.300298035
v 0.00832819194 0.0338729955 0.300842106
v -0.0581573695 0.0702395812 0.330967188
v -0.0581573695 0.0406688005 0.310981333
v -0.0581573695 0.0461134352 0.324036866
v -0.0581573695 0.0493697822 0.326338083
v -0.0581573695 0.0584933646 0.328886181
v -0.0581573695 0.0635986626 0.331135064
v -0.0581573695 0.067865178 0.334729284
v -0.0581573695 0.0709483474 0.339378536
v -0.0581573695 0.0725991502 0.3447074
v -0.0556573682 0.0707077086 0.332823396
v -0.0556573682 0.0406688005 0.310981333
v -0.0556573682 0.0601185001 0.332116216
v -0.0556573682 0.0477126688 0.328404039
v -0.0556573682 0.0659991503 0.336392999
v -0.0556573682 0.0695759729 0.342723817
v -0.0556573682 0.0712118521 0.353193432
v -0.0556573682 0.0728349686 0.357025564
v -0.0556573682 0.0737228543 0.353000373
v -0.0556573682 0.0701869428 0.356763065
v -0.0556573682 0.0677463785 0.359562457
v -0.0556573682 0.0671415478 0.362786323
v -0.0556573682 0.0705346614 0.360445946
v -0.0556573682 0.0597182624 0.363335311
v -0.0556573682 0.0607292838 0.365621746
v 0.294227928 -0.0781547427 0.00038637963
v 0.301464826 -0.0830010772 6.09704948e-05
v 0.294181436 -0.0829261467 1.08301156e-05
v 0.301551521 -0.0735757053 0.00155382976
v 0.294129759 -0.087697491 0.000386379223
v 0.301357567 -0.092426233 0.00155382894
v 0.288959563 -0.0828723982 0.00136703125
v 0.290827006 -0.0762122571 0.00122701691
v 0.294268131 -0.0735007674 0.00150368945
v 0.294301033 -0.0690788329 0.00333532412
v 0.289069682 -0.0702423826 0.00424981397
v 0.301609188 -0.0650727451 0.00588628883
v 0.294325799 -0.0649978071 0.00583614828
v 0.289102614 -0.0647229552 0.00771783153
v 0.294341862 -0.0613581873 0.00894457754
v 0.301632166 -0.0583245233 0.012634214
v 0.287652791 -0.076712139 0.00353841833
v 0.286977261 -0.0663008988 0.0107389195
v 0.286928385 -0.0740448385 0.00626800209
v 0.286848456 -0.0828506947 0.00471526757
v 0.290927082 -0.0594245605 0.0117752664
v 0.294348776 -0.0582495928 0.0125841042
v 0.294346422 -0.0557485558 0.0166650675
v 0.301618218 -0.0539916009 0.0211371444
v 0.290924758 -0.0558484048 0.0174662154
v 0.287744969 -0.0612629391 0.0132456329
v 0.287742764 -0.0579719208 0.0184828155
v 0.294334829 -0.0539166704 0.0210870039
v 0.289095759 -0.054491885 0.0239991434
v 0.294314295 -0.052799046 0.0257410258
v 0.301568687 -0.052498132 0.0305626802
v 0.287145108 -0.0613925941 0.0180737879
v 0.286962897 -0.0574940853 0.0259913616
v 0.289058715 -0.0537615903 0.0304766521
v 0.294285327 -0.0524231754 0.0305125397
v 0.294248611 -0.0527983718 0.0352840535
v 0.301488459 -0.0539902672 0.039988216
v 0.289006591 -0.0544909649 0.036954131
v 0.286901325 -0.0574934483 0.0349331945
v 0.29420507 -0.053915333 0.0399380773
v 0.288942099 -0.0566433817 0.0431068391
v 0.294155806 -0.0557465963 0.0443600118
v 0.10325484 -0.0819472969 0.422597438
v 0.117002048 -0.0822585821 0.425475836
v 0.130784169 -0.107216053 0.430157125
v 0.103323482 -0.0573786348 0.421456546
v 0.117040418 -0.0699649975 0.424919367
v 0.130893528 -0.0702668354 0.428322077
v 0.130957201 -0.0579525046 0.427988082
v 0.10337688 -0.0450816527 0.421128333
v 0.117157198 -0.0453529395 0.424252421
v 0.117333129 -0.0206967201 0.42405206
v 0.131238103 -0.0209295694 0.427593499
v 0.152300939 -0.021260852 0.433237642
v 0.0897932053 -0.0202220939 0.418147802
v 0.103620708 -0.0081342198 0.420895785
v 0.076058723 -0.0322738215 0.416152298
v 0.0899741501 0.00438507553 0.418290526
v 0.0761766583 -0.0077041504 0.415950775
v 0.062452618 -0.0197618585 0.414390802
v 0.0487758145 -0.0318002962 0.413752973
v 0.0351160392 -0.0315802656 0.413464636
v 0.0488017127 -0.019544024 0.413404107
v 0.0625055805 -0.00749562355 0.414307117
v 0.0283860322 0.0979023799 0.337841988
v 0.031207379 0.0961877555 0.338036627
v 0.0305565726 0.0969792083 0.346188664
v 0.032266669 0.0940176249 0.346237153
v 0.0273426324 0.0981488377 0.346169531
v 0.0323421434 0.0930861458 0.338115722
v 0.025683973 0.0977262929 0.337658197
v 0.0316727608 0.0906498358 0.346292287
v 0.0241286941 0.0969792083 0.346188664
v 0.0300439615 0.0888056308 0.337956041
v 0.0230962336 0.0956460163 0.337484598
v 0.0290527344 0.0884516686 0.346328318
v 0.022418594 0.0940176249 0.346237153
v 0.0284953807 0.0881459713 0.337849498
v 0.0228533186 0.0908040181 0.337468415
v 0.0256325323 0.0884516686 0.346328318
v 0.023012504 0.0906498358 0.346292287
v 0.025204448 0.0884879082 0.337625861
v -0.00190736819 0.110102504 0.33297205
v -0.00347504392 0.109453231 0.332982659
v -0.00190736819 0.109979711 0.32547307
v -0.00683969213 0.109330453 0.32548368
v 0.00112114998 0.113926023 0.325408459
v -0.00683969213 0.109453231 0.332982659
v 0.000471796986 0.112481348 0.332933098
v -0.00975356158 0.111012541 0.325456142
v 0.00112114998 0.117413007 0.332852364
v -0.0107865334 0.112481348 0.332933098
v 0.00112114998 0.117290221 0.325353354
v -0.0114358868 0.113926023 0.325408459
v -0.000561174413 0.120326497 0.33280462
v -0.0116573675 0.115730911 0.332879901
v -0.00190736819 0.121236533 0.325288743
v -0.0114358868 0.117290221 0.325353354
v -0.00347504392 0.122008592 0.332777113
v -0.0107865334 0.118980475 0.332826704
v -0.00515736826 0.122107252 0.325274467
v -0.00975356158 0.120203704 0.325305641
v -0.00840736739 0.121359326 0.332787722
v -0.0393396914 0.0865361989 0.325856894
v -0.0359750427 0.0865361989 0.325856894
v -0.0376573689 0.0864375383 0.33335954
v -0.0359750427 0.0866589919 0.333355904
v -0.0422535613 0.0883410871 0.333328366
v -0.032028202 0.089564316 0.325807333
v -0.0432865322 0.089564316 0.325807333
v -0.0330611765 0.0883410871 0.333328366
v -0.0439358875 0.0912545696 0.333280683
v -0.0313788503 0.0912545696 0.333280683
v -0.0441573672 0.0928138793 0.325754136
v -0.0311573669 0.0928138793 0.325754136
v -0.0439358875 0.0946187675 0.333225578
v -0.032028202 0.0961862355 0.333199918
v -0.0422535613 0.0974094644 0.325678855
v -0.0330611765 0.0974094644 0.325678855
v -0.0409073681 0.0985650793 0.333160967
v -0.0344073661 0.0985650793 0.333160967
v -0.0409073681 0.0984422937 0.325661957
v -0.0359750427 0.0990915596 0.325651348
v -0.0393396914 0.0990915596 0.325651348
v -0.0376573689 0.0994357988 0.333146691
v 0.0338426307 0.0929366723 0.333253115
v 0.033621151 0.0944959819 0.325726599
v 0.0329717994 0.0961862355 0.333199918
v 0.0319388285 0.0974094644 0.325678855
v 0.0329717994 0.089564316 0.325807333
v 0.0305926315 0.0985650793 0.333160967
v 0.0319388285 0.0883410871 0.333328366
v 0.0290249549 0.0990915596 0.325651348
v 0.0305926315 0.0871854722 0.325846285
v 0.0273426324 0.0994357988 0.333146691
v 0.0273426324 0.0864375383 0.33335954
v 0.0240926314 0.0984422937 0.325661957
v 0.0256603081 0.0865361989 0.325856894
v 0.0240926314 0.0985650793 0.333160967
v 0.0227464382 0.0883410871 0.333328366
v 0.0217134673 0.0961862355 0.333199918
v 0.0217134673 0.089564316 0.325807333
v 0.0210641138 0.0944959819 0.325726599
v 0.0210641138 0.0912545696 0.333280683
v -0.177387044 0.028011227 0.436674088
v -0.184090748 -0.0091659436 0.438591003
v -0.191672608 0.0278103836 0.439896822
v -0.213307977 0.0397440009 0.444068462
v -0.191407412 0.00312049477 0.440081865
v -0.198733315 0.0153807029 0.441452503
v -0.231326133 0.0396275744 0.446732283
v -0.220399439 0.0150931431 0.4451994
v -0.233215392 0.0247364007 0.446749896
v -0.234894887 0.00931443367 0.447053671
v -0.212758735 -0.0218887068 0.444882244
v -0.227303267 -0.0220271964 0.447069496
v -0.237456739 -0.022203587 0.448170811
v -0.238271296 -0.037280567 0.4489173
v -0.226908296 -0.0467649885 0.447998345
v -0.239125386 -0.0716831237 0.450931698
v -0.226469338 -0.0716188997 0.449013442
v -0.239021942 -0.0998514295 0.452117175
v -0.2124044 -0.046687182 0.445566595
v -0.205267563 -0.0404236354 0.443980038
v -0.218961418 -0.0964457914 0.448551863
v -0.197823048 -0.0589388609 0.442818344
v -0.197556078 -0.0836972818 0.443456233
v -0.183523089 -0.0587380864 0.439309359
v -0.162615657 -0.021260852 0.433237642
v -0.141283974 -0.157253414 0.433336049
v -0.155010656 -0.132432133 0.434983194
v -0.155145034 -0.157734558 0.435858399
v -0.170793727 -0.14549011 0.439025462
v -0.176047906 -0.133007362 0.439949185
v -0.183139786 -0.145849124 0.441769153
v -0.197364807 -0.14625223 0.444791526
v -0.197336465 -0.13356021 0.444841117
v -0.211658806 -0.133926794 0.447783172
v -0.19022271 -0.120827675 0.442948163
v -0.172528654 -0.120401047 0.438614875
v -0.027442757 0.193399906 0.338829398
v -0.0443201289 0.176656112 0.339342386
v -0.0429970399 0.176688209 0.338712007
v -0.027442757 0.165885985 0.33724764
v -0.0429970399 0.160208315 0.338180572
v -0.0443201289 0.160199702 0.338811725
v -0.0163058508 0.156781912 0.336565018
v -0.0429970399 0.104975969 0.338139504
v -0.0448573679 0.176586777 0.34070453
v -0.027442757 0.0919165239 0.337093174
v -0.0163058508 0.117853224 0.336557388
v -0.0448573679 0.0165340435 0.340134621
v -0.0443201289 0.0165340435 0.338770688
v -0.0337835327 0.0961680114 0.337509423
v -0.0366068557 0.0978985205 0.337699354
v -0.0326576903 0.0930620804 0.337434471
v -0.0393142588 0.0977306217 0.337884068
v -0.0365076549 0.0881426856 0.337692618
v -0.0425367169 0.0941080526 0.338107318
v -0.0429970399 0.079002887 0.338139504
v -0.027442757 0.0165340435 0.337093174
v -0.0398057178 0.088497512 0.337917894
v -0.0411785506 0.0894642994 0.338012785
v -0.0429970399 0.0919894278 0.338139504
v 0.189253822 0.124962464 0.447649479
v 0.203770533 0.12941502 0.451526225
v 0.201162383 0.134711117 0.45201692
v 0.167097852 0.152326733 0.447948605
v 0.197581381 0.139177606 0.452136934
v 0.193135023 0.142775029 0.451876581
v 0.187912151 0.145384684 0.451226234
v 0.177212045 0.149137616 0.449564189
v 0.132883191 0.113722324 0.434294581
v 0.119033396 0.126012385 0.433552861
v 0.146465018 0.157793686 0.444707364
v 0.128417417 0.161521405 0.442216694
v 0.116820276 0.163608253 0.440937221
v 0.104818016 0.165562987 0.439907104
v 0.119205609 0.138145193 0.4358311
v 0.105558455 0.150264859 0.436151803
v 0.0927864611 0.167314887 0.439121544
v 0.118770353 0.101785429 0.429776818
v 0.104990236 0.114058159 0.428965271
v 0.118642867 0.0896790549 0.428319991
v 0.105129883 0.126140818 0.43105188
v 0.105313472 0.138210416 0.43344602
v 0.0917514265 0.150243625 0.43431595
v 0.091530934 0.138256073 0.431420386
v 0.078031607 0.150297701 0.43296656
v 0.0913495198 0.126247659 0.428908765
v 0.0779012814 0.138311014 0.429951221
v 0.0641349778 0.162696883 0.435395062
v 0.0668958053 0.170386866 0.437675625
v 0.0529940836 0.171646416 0.436846912
v 0.0502101742 0.156896099 0.433107883
v 0.077738069 0.126323 0.427330941
v 0.0912018716 0.114204451 0.426757455
v 0.104870655 0.101961233 0.42717889
v 0.132462621 0.0773991868 0.430094004
v 0.132298961 0.0652353838 0.429274946
v 0.160259068 0.052711416 0.435295731
v 0.131953984 0.0407585874 0.428250253
v 0.145827308 0.0282887463 0.431461602
v 0.021346055 -0.278848797 0.0307956729
v 0.0226857364 -0.280350834 0.0308049805
v 0.0227208994 -0.281043798 0.0246586483
v 0.0233994052 -0.282232791 0.0308100469
v 0.0212939437 -0.279578149 0.0372731499
v 0.0226362925 -0.281042904 0.0369513445
v 0.0212294478 -0.281730562 0.0434258617
v 0.0232962929 -0.284781635 0.04198125
v 0.0234500729 -0.284783244 0.019638842
v 0.0195215773 -0.278294593 0.0354785956
v 0.021383116 -0.279579073 0.0243181642
v 0.0194787271 -0.279393703 0.0400582775
v 0.0161480661 -0.277403116 0.0307597835
v 0.0160678439 -0.278895259 0.0401853211
v 0.0161113627 -0.277778298 0.0355312973
v 0.0160185602 -0.280726492 0.0446072556
v 0.00878445804 -0.278820306 0.0401351824
v 0.00886470452 -0.277328163 0.0307096429
v 0.00868135411 -0.283152044 0.0486380793
v 0.0195862204 -0.278295219 0.0260880012
v 0.0161770526 -0.277778953 0.0259882696
v 0.00891421176 -0.278821647 0.0212841071
v 0.0159647409 -0.283226967 0.0486882217
v 0.0161975995 -0.2788966 0.0213342477
v 0.0196064189 -0.279395014 0.0215082876
v 0.016209187 -0.280728489 0.0169123113
v 0.00892816298 -0.283154577 0.0127812074
v 0.0214033332 -0.281732321 0.0181654841
v 0.016211547 -0.28322953 0.0128313471
v 0.0162046161 -0.286338091 0.00919185113
v 0.0089051798 -0.289902806 0.00603325153
v 0.0227400772 -0.283087015 0.018820513
v 0.0214056298 -0.285200685 0.0126461359
v 0.0196133386 -0.286717683 0.00955983251
v 0.0234521106 -0.287850916 0.0147570372
v 0.0213899352 -0.289810151 0.00803685281
v 0.0161885656 -0.289977729 0.00608339207
v 0.021357026 -0.295329571 0.00456883479
v 0.0161637887 -0.29405874 0.00358259818
v 0.00884751324 -0.298405766 0.0017008232
v 0.0234382264 -0.291927904 0.0106802238
v 0.0227588341 -0.289736331 0.0153141655
v 0.0233662389 -0.302251697 0.00570857432
v 0.0161309 -0.29848069 0.00175096351
v 0.0227061212 -0.299455345 0.00844438374
v 0.0227387492 -0.284528583 0.0260162838
v 0.0195407961 -0.298666328 0.00223778002
v 0.0226508342 -0.285120487 0.0379031859
v 0.0213085301 -0.30148223 0.00241591083
v 0.0195012409 -0.303245962 0.00113829237
v 0.016090706 -0.30313468 0.000633623218
v 0.00876080804 -0.307831138 0.000207963836
v 0.0160441939 -0.307906061 0.000258104206
v 0.0212469175 -0.307959586 0.00168605219
v 0.0159925167 -0.312677443 0.000633622811
v 0.008653556 -0.317256272 0.00170082226
v 0.0194046274 -0.312636286 0.00113829202
v 0.0159369428 -0.317331225 0.00175096269
v 0.0158788469 -0.321752906 0.00358259701
v 0.00853626058 -0.325758636 0.00603325013
v 0.0193499383 -0.3172158 0.00223777909
v 0.0211752504 -0.314436823 0.00241591036
v 0.0158196464 -0.325833559 0.00608339021
v 0.021097118 -0.320589215 0.00456883386
v 0.019234499 -0.325582325 0.00650102319
v 0.0157607961 -0.32947275 0.00919184927
v -0.0653553158 0.0653475448 0.39436847
v -0.0588421114 0.0651021525 0.388583302
v -0.0615089536 0.0649729222 0.385536611
v -0.0688553154 0.0653872862 0.395305455
v -0.0548421107 0.0648872107 0.383516043
v -0.0677072704 0.0652080998 0.391080916
v -0.0548421107 0.0650567338 0.387512475
v 0.0445273742 0.0650567338 0.387512475
v -0.0782684833 0.0652177706 0.391309053
v -0.0991573706 0.0653872862 0.395305455
v -0.0991573706 0.0652177706 0.391309053
v 0.0445273742 0.0648872107 0.383516043
v 0.0511942171 0.0649729222 0.385536611
v 0.0485273749 0.0651021525 0.388583302
v 0.0564192571 0.0651805326 0.390431166
v 0.0550405756 0.0653475448 0.39436847
v 0.0585405752 0.0652177706 0.391309053
v 0.0888426304 0.0653872862 0.395305455
v 0.0888426304 0.0652177706 0.391309053
v 0.0585405752 0.0653872862 0.395305455
v -0.0847171769 -0.0717089996 0.396016151
v -0.0831934959 -0.0691421404 0.395533502
v -0.0873003379 -0.0714774504 0.395632565
v -0.0909359232 -0.0689491928 0.393330276
v -0.0877151489 -0.0738081038 0.395731449
v -0.0914574564 -0.0738931447 0.393726736
v -0.0991573706 -0.0676068291 0.39313972
v -0.0859862715 -0.124953277 0.398254752
v -0.0991573706 -0.12240047 0.395463914
v -0.0884994119 -0.125262633 0.397783458
v -0.0895679221 -0.126998201 0.398737222
v -0.0914214104 -0.122497104 0.395800799
v -0.0932462066 -0.123429962 0.395645857
v -0.0991573706 -0.123916917 0.395833015
v -0.0991573706 -0.131180063 0.401903272
v -0.141271934 -0.0579525046 0.427988082
v -0.127552152 -0.0330292545 0.424102873
v -0.183304772 -0.0834533125 0.439899147
v -0.14144285 -0.0332818478 0.427644461
v -0.127471939 -0.0453529395 0.424252421
v -0.127355158 -0.0699649975 0.424919367
v -0.113638222 -0.0573786348 0.421456546
v -0.0999189392 -0.0693751723 0.419499844
v -0.141208246 -0.0702668354 0.428322077
v -0.155015767 -0.10755837 0.433566183
v -0.11356958 -0.0819472969 0.422597438
v -0.0998879597 -0.0939250961 0.42123279
v -0.141120732 -0.0948841572 0.429405719
v -0.127291515 -0.0945558026 0.426197022
v -0.113553248 -0.0942327455 0.423437178
v -0.113560766 -0.118870594 0.425634801
v -0.127280891 -0.106871583 0.427077919
v -0.141098887 -0.107216053 0.430157125
v -0.0862524211 -0.105941825 0.420945346
v -0.0862793326 -0.0813663229 0.4185628
v -0.0726493299 -0.105711661 0.4201518
v -0.0726732388 -0.0933950841 0.418743849
v -0.0726834461 -0.0811067671 0.417522848
v -0.0726879686 -0.0688342899 0.416504145
v -0.192850143 0.204311371 0.589973211
v -0.188540354 0.16988185 0.593461692
v -0.195228025 0.205728441 0.591099739
v -0.19425647 0.20193623 0.594408631
v -0.189921603 0.168292359 0.597633004
v -0.194859058 0.20318383 0.594756007
v -0.198280916 0.191821858 0.622658789
v -0.191761553 0.16445154 0.609953701
v -0.193799242 0.16097793 0.623111844
v -0.197273344 0.196769223 0.611912787
v -0.200771466 0.169971317 0.653209031
v -0.197458357 0.156131908 0.646404326
v -0.199675426 0.153949097 0.660627842
v -0.201929927 0.152303785 0.675222814
v -0.206613407 0.181944475 0.674172759
v -0.201823264 0.187585786 0.642670274
v -0.204205766 0.184279874 0.658377349
v -0.205528855 0.185277775 0.65835458
v -0.203153282 0.188570708 0.642707944
v -0.204787806 0.188730225 0.642499804
v -0.200836867 0.192770362 0.627246559
v -0.203018829 0.193875834 0.621797681
v -0.198617026 0.197722226 0.612054467
v -0.196880087 0.204312682 0.594855785
v -0.200491533 0.20023109 0.604048371
v -0.209832042 0.188522503 0.619270146
v -0.198920012 0.204080835 0.59349674
v -0.20675388 0.197521314 0.592377543
v -0.197530419 0.205834046 0.589478254
v -0.205056533 0.200656697 0.584814727
v -0.212996334 0.193608418 0.584310949
v -0.220316678 0.18399772 0.585963249
v -0.216728836 0.190180287 0.580037892
v -0.223925337 0.18209739 0.570297003
v -0.211723357 0.195662007 0.579356253
v -0.217396423 0.190052211 0.573753655
v -0.221418887 0.184587955 0.565373302
v -0.223137885 0.180682302 0.564913988
v -0.218958378 0.184766814 0.561681271
v -0.220996276 0.177556708 0.562101781
v -0.2154129 0.188750073 0.561985135
v -0.217092335 0.179162487 0.559900403
v -0.216239199 0.177450851 0.560155451
v -0.201003507 0.186283693 0.554517627
v -0.225106016 -0.182611182 0.429685682
v -0.230857953 -0.178460002 0.435467422
v -0.223586768 -0.163404539 0.429760933
v -0.202200115 -0.172293708 0.417534977
v -0.202080488 -0.178790554 0.416978359
v -0.211152956 -0.1723634 0.421888709
v -0.217472374 -0.154279783 0.425928026
v -0.208094239 -0.157655373 0.421024919
v -0.186160207 -0.157655373 0.411491662
v -0.171277747 -0.150250182 0.406678915
v -0.184317857 -0.150250182 0.411153018
v -0.190127984 -0.135391966 0.413565367
v -0.192897618 -0.146543026 0.414596766
v -0.00786057208 0.120018475 0.337810367
v -0.0101064751 0.116524249 0.337867588
v -0.0101064751 0.11644239 0.332868218
v -0.0101064751 0.115101293 0.337890863
v -0.00786057208 0.119936615 0.332811028
v -0.00893611647 0.112457044 0.332933515
v -0.00245416421 0.120018475 0.337810367
v -0.00893611647 0.112538904 0.337932825
v -0.00245416421 0.119936615 0.332811028
v -0.00374870514 0.110934094 0.33295843
v -0.000208261015 0.11644239 0.332868218
v -0.00374870514 0.111015946 0.33795777
v -0.000208261015 0.115101293 0.337890863
v -0.00137862016 0.112457044 0.332933515
v 0.0259339698 0.0977334902 0.333174586
v 0.0311213806 0.0962105319 0.333199531
v 0.0287512932 0.0978153497 0.338173926
v 0.0311213806 0.0962923914 0.33819887
v 0.0259339698 0.0978153497 0.338173926
v 0.0322917402 0.0922251865 0.333264768
v 0.0227944721 0.0950953215 0.338218451
v 0.0311213806 0.0897446573 0.338306069
v 0.0227944721 0.0950134695 0.333219111
v 0.0311213806 0.0896628052 0.33330673
v 0.0223935246 0.0937300026 0.338240832
v 0.0287512932 0.0882217064 0.338330984
v 0.0235638842 0.0896628052 0.33330673
v 0.0287512932 0.0881398469 0.333331674
v 0.0235638842 0.0897446573 0.338306069
v 0.166786224 0.00330177695 0.436739326
v 0.187508315 -0.0589388609 0.442818344
v 0.173208356 -0.0587380864 0.439309359
v 0.172990054 -0.0834533125 0.439899147
v 0.144701034 -0.10755837 0.433566183
v 0.130781606 -0.119591251 0.43101275
v 0.162213922 -0.120401047 0.438614875
v 0.144695923 -0.132432133 0.434983194
v 0.130864471 -0.144579962 0.432732224
v 0.14474006 -0.145014226 0.435566694
v 0.130969256 -0.157253414 0.433336079
v 0.117181949 -0.15677844 0.431184769
v 0.103533015 -0.169122219 0.430381089
v 0.187666804 0.207673848 0.73723048
v 0.197486058 0.200002313 0.741248786
v 0.197215199 0.199259222 0.739635587
v 0.176244363 0.214785904 0.73380816
v 0.1963 0.198012248 0.73872149
v 0.204946011 0.194972113 0.755746007
v 0.195357248 0.206375048 0.768779933
v 0.206586018 0.1912155 0.743598998
v 0.214866519 0.181485027 0.744298041
v 0.215184346 0.182132244 0.745833337
v 0.206320614 0.179025829 0.740627587
v 0.196029529 0.17764017 0.737187982
v 0.204672262 0.169938192 0.739185095
v 0.186985746 0.184941828 0.735107362
v 0.173029542 0.194881409 0.732009292
v 0.16313459 0.201063275 0.729875803
v 0.153035238 0.20670785 0.727743268
v 0.126982957 0.228687271 0.723126411
v 0.132253006 0.216421247 0.723584056
v 0.110705324 0.224069372 0.719764531
v 0.108097047 0.236797616 0.720099568
v 0.0996397808 0.227119729 0.718035042
v 0.125149876 0.245261058 0.723686576
v 0.0887297988 0.229614809 0.716477156
v 0.0718538165 0.232879892 0.714202166
v 0.1043787 0.253422439 0.72060442
v 0.101309828 0.256377101 0.721080005
v 0.0913276151 0.25724268 0.718916893
v 0.0706702396 0.2503874 0.715588748
v 0.0688624829 0.233387291 0.713019431
v 0.0910641477 0.260087848 0.721737981
v 0.0686633736 0.261924416 0.716290057
v 0.0878449827 0.260067344 0.719396174
v 0.066266939 0.264292032 0.716786921
v 0.0765047967 0.2632806 0.72005254
v 0.0862065181 0.26196298 0.74666214
v 0.0746922046 0.264285892 0.745219231
v 0.0622208454 0.265652061 0.717164934
v 0.054872036 0.267079562 0.73310262
v 0.060581401 0.266578346 0.743706286
v 0.0465841778 0.268406898 0.74257946
v 0.0598958246 0.263895273 0.746771336
v 0.0963763073 0.256441087 0.751298547
v 0.0599476881 0.23478435 0.74942565
v 0.0680999905 0.24703598 0.749005198
v 0.0889776796 0.229561836 0.752272785
v 0.0979833975 0.22752738 0.753406823
v 0.109460875 0.252337396 0.75332588
v 0.122882091 0.247315094 0.755630791
v 0.119581595 0.221200123 0.756719708
v 0.144437179 0.23747994 0.759855092
v 0.13598749 0.214782402 0.75983572
v 0.174134731 0.219033226 0.766851068
v 0.160523742 0.202584594 0.765324831
v 0.175936595 0.192933932 0.769370139
v 0.194366902 0.179037884 0.774827063
v 0.197374523 0.203546226 0.772041857
v 0.204556689 0.193607748 0.775750399
v 0.206392884 0.195204794 0.774865627
v 0.209942743 0.189157888 0.777371168
v 0.207150221 0.188322321 0.776875019
v 0.204784542 0.184192166 0.776739061
v 0.203057453 0.171435237 0.777632177
v 0.20700489 0.185450017 0.777926803
v 0.205099404 0.1695375 0.78089875
v 0.209361225 0.187344402 0.778461277
v 0.207072765 0.184097171 0.779867768
v 0.211282551 0.186972544 0.778996348
v 0.208034888 0.186076641 0.780305862
v 0.206106856 0.188790619 0.799703598
v 0.207049787 0.190518603 0.799325824
v 0.205827475 0.196139291 0.820905924
v 0.200060353 0.168685466 0.833965778
v 0.20145002 0.163910419 0.814077914
v 0.203422427 0.200439885 0.842821717
v 0.19849129 0.173975632 0.854183197
v 0.204379007 0.202145323 0.842408299
v 0.196705982 0.179738969 0.874719799
v 0.202636868 0.208339021 0.863823235
v 0.199639186 0.213089928 0.885552943
v 0.193833902 0.188453898 0.903737307
v 0.194921076 0.226903558 0.927852392
v 0.190965414 0.196795911 0.929763377
v 0.200598344 0.214787856 0.885122836
v 0.187874585 0.205727667 0.956033468
v 0.195879057 0.228597015 0.927387595
v 0.191440612 0.236839622 0.956368744
v 0.1846499 0.21525453 0.982423365
v 0.188801602 0.244381189 0.977292776
v 0.180851832 0.227003247 1.01291001
v 0.192399278 0.238533631 0.955886841
v -0.0925324783 -0.167053923 0.399660081
v -0.0946425572 -0.164410338 0.399547964
v -0.0925324783 -0.166884407 0.403656483
v -0.0891481861 -0.167053923 0.399660081
v -0.0938894749 -0.160944372 0.403404534
v -0.0870381147 -0.164240852 0.403544366
v -0.0925324783 -0.16003269 0.399362266
v -0.0891481861 -0.16003269 0.399362266
v -0.0925324783 -0.159863159 0.403358668
v -0.0891481861 -0.159863159 0.403358668
v 0.047842633 0.0725991502 0.3447074
v 0.0573426336 0.0719640106 0.341984034
v 0.0453426316 0.0718607232 0.340067863
v 0.047842633 0.0709483474 0.339378536
v 0.0573426336 0.0695727617 0.336943865
v 0.047842633 0.0658602566 0.332779855
v 0.0573426336 0.0635986626 0.331135064
v 0.047842633 0.0611263141 0.329828352
v 0.0573426336 0.0584933646 0.328886181
v 0.0573426336 0.0470124446 0.325047463
v 0.047842633 0.0481170453 0.325828046
v 0.047842633 0.0461134352 0.324036866
v 0.0573426336 0.0454667769 0.322848916
v 0.047842633 0.0406688005 0.310981333
v 0.0453426316 0.0406688005 0.310981333
v 0.0453426316 0.0607532226 0.322502643
v 0.047842633 0.0654438734 0.325193435
v 0.0453426316 0.0406688005 0.310981333
v 0.0453426316 0.0477126688 0.328404039
v 0.0453426316 0.0601185001 0.332116216
v 0.0453426316 0.0642495602 0.334691793
v 0.0453426316 0.0694494322 0.329223573
v 0.047842633 0.0694494322 0.329223573
v 0.047842633 0.0707077086 0.332823396
v 0.0453426316 0.0674892664 0.3383255
v 0.0453426316 0.070130229 0.345100343
v 0.0453426316 0.0712118521 0.353193432
v 0.0453426316 0.0718455911 0.358843893
v 0.0453426316 0.0737228543 0.353000373
v 0.0453426316 0.0677463785 0.359562457
v 0.0453426316 0.0607292838 0.365621746
v 0.0453426316 0.0671415478 0.362786323
v 0.0453426316 0.0597182624 0.363335311
v 0.203243583 -0.0250706673 0.421215415
v 0.195121318 -0.0151535673 0.419996232
v 0.196258053 -0.0126575045 0.420030653
v 0.194091409 -0.00784163177 0.419626564
v 0.195602849 0.00222933642 0.419437557
v 0.195501238 -0.0250706673 0.42038548
v 0.192818284 -0.0166538879 0.419793159
v 0.190056741 -0.0166810174 0.419470102
v 0.191441491 -0.00703461003 0.419295788
v 0.20703879 0.0264359247 0.419813305
v 0.200055316 0.0154427914 0.41945079
v 0.197323263 0.00883422513 0.419390023
v 0.19936049 0.0190239921 0.419250518
v 0.194299743 0.00678772433 0.41913563
v 0.190714687 0.00604086742 0.418749928
v 0.188761905 -0.00779544376 0.418998986
v 0.187100947 0.00671844184 0.418278486
v 0.18400766 0.00873576012 0.41779837
v 0.182125717 0.0113459593 0.417445719
v 0.186501116 -0.0114206569 0.418839782
v 0.182014823 -0.0114206569 0.418232977
v 0.187704206 -0.0152033567 0.419127136
v 0.177282244 0.00933403522 0.416805059
v 0.181398168 0.0175144542 0.417124957
v 0.177438691 0.021484036 0.416399747
v 0.182966769 0.0210011788 0.417222887
v 0.164676145 0.00933403522 0.414695054
v 0.187080234 0.0242171604 0.41765973
v 0.143715918 -0.00893979147 0.411677927
v 0.141797081 -0.00558522297 0.411223471
v 0.140948325 0.00933403522 0.410546184
v 0.138676807 -0.00329175079 0.410596579
v 0.13682431 -0.00267735566 0.410250902
v 0.113231108 0.00933403522 0.40569973
v 0.132937491 -0.00265461998 0.409570456
v 0.128572881 -0.00486596953 0.408885717
v 0.0997799709 -0.00486596907 0.403851151
v 0.0997857898 0.00933403522 0.403348804
v 0.12699315 -0.00671902718 0.408675164
v 0.125677168 -0.00994250737 0.408559352
v 0.125543997 -0.0127910031 0.408637017
v 0.126932621 -0.0167816803 0.409021288
v 0.0997683257 -0.0332659632 0.404855967
v 0.126833469 -0.0332659632 0.409588367
v 0.129382655 -0.0193820056 0.409541905
v 0.132943347 -0.0209419727 0.410219789
v 0.136820868 -0.0209188573 0.410896957
v 0.140778825 -0.0188455079 0.411515534
v 0.154550686 -0.0332659632 0.414434791
v 0.142922476 -0.0164499544 0.411805421
v 0.144112378 -0.0127791474 0.411883354
v 0.177368969 -0.0332659632 0.418323129
v 0.181948319 -0.0250706673 0.418704987
v 0.181902498 -0.0344775431 0.419030279
v 0.180749193 -0.0372377336 0.418963492
v 0.186368749 -0.03072327 0.419502318
v 0.177308559 -0.0387206599 0.418506593
v 0.189985991 -0.0300413091 0.419931501
v 0.193574011 -0.0307938419 0.420375407
v 0.18068099 -0.041309163 0.419097364
v 0.19659102 -0.0328510478 0.420775533
v 0.198589921 -0.0358921997 0.421096623
v 0.210530341 -0.0522991978 0.422952831
v 0.199281394 -0.0394560732 0.421295911
v 0.17723605 -0.0452659652 0.418726772
v 0.198569879 -0.0430116318 0.421344519
v 0.183310539 -0.0461315326 0.419636905
v 0.195399627 -0.0523706712 0.421333373
v 0.196562558 -0.0460326411 0.421235442
v 0.193553761 -0.0480694138 0.420980185
v 0.197962627 -0.0559177734 0.422934085
v 0.189985991 -0.0488130674 0.420591772
v 0.181815341 -0.0523706712 0.419648975
v 0.186389372 -0.048139073 0.420118243
v 0.154505357 -0.0523706712 0.415104121
v 0.151566789 -0.0452659652 0.41433844
v 0.183310956 -0.0551814772 0.421217859
v 0.178584695 -0.0690895095 0.421381921
v 0.210254669 -0.0699964166 0.424615264
v 0.16823861 -0.0536251552 0.417834073
v 0.15615426 -0.055901736 0.417960793
v 0.149624243 -0.0686565265 0.417981207
v 0.213274792 -0.0558079258 0.424705774
v 0.214885935 -0.0515600927 0.424780339
v 0.216860324 -0.0394412279 0.426424384
v 0.223660707 -0.0327179469 0.438188553
v 0.215160996 -0.0261115301 0.424108773
v 0.222907126 -0.0200232584 0.437619895
v 0.216317967 -0.0126077002 0.425756902
v 0.22196424 -0.00752577605 0.437125444
v 0.214128226 0.000539913774 0.423245817
v 0.215686843 0.000730862143 0.425424188
v 0.214806125 0.0140845384 0.425100714
v 0.219519213 0.016832035 0.436332852
v 0.212049946 0.0271431096 0.422337145
v 0.213566914 0.0274363216 0.424760997
v 0.211029008 0.0135812806 0.421177417
v 0.211942464 0.0406893119 0.424376845
v 0.214400083 0.0522769578 0.436071694
v 0.206334174 0.0526696071 0.419398189
v 0.206936479 0.0647424385 0.420761585
v 0.206652209 0.0757084638 0.422961444
v 0.209615946 0.0832378715 0.436501294
v 0.201676786 0.0637708083 0.417927265
v 0.195806056 0.0568293333 0.417541742
v 0.194320083 0.0241469778 0.418527991
v 0.204411522 0.0899867713 0.424025744
v 0.207832843 0.092871584 0.436839312
v -0.140345141 -0.0561707504 0.414447963
v -0.153369263 -0.0576670244 0.416765213
v -0.166468993 -0.055901736 0.417960793
v -0.130978093 -0.0686021298 0.414154023
v -0.159938961 -0.0686565265 0.417981207
v -0.180680498 -0.0567539111 0.420031607
v -0.192084908 -0.0536251552 0.419969529
v -0.188899428 -0.0690895095 0.421381921
v -0.205590203 -0.0559518933 0.422673136
v -0.220569402 -0.0699964166 0.424615264
v -0.221433505 -0.0557259694 0.424194843
v -0.220845059 -0.0522991978 0.422952831
v -0.224594057 -0.0558388084 0.425180048
v -0.225200668 -0.0515600927 0.424780339
v -0.224392995 -0.0395521261 0.42362693
v -0.226892978 -0.0394573249 0.425980568
v -0.234540001 -0.0455959365 0.438864738
v -0.234955877 -0.0628656074 0.439798713
v -0.132703841 -0.126239121 0.394510537
v -0.133236706 -0.114375442 0.394148678
v -0.124521919 -0.11995282 0.392334431
v -0.134630561 -0.0851781294 0.392970681
v -0.155462682 -0.0871075168 0.399591893
v -0.13579011 -0.0701681376 0.39217931
v -0.166878536 -0.0699670091 0.401088238
v -0.126789913 -0.0797332898 0.390902609
v -0.119978197 -0.0702614933 0.389981687
v -0.182074741 -0.0871075168 0.407917172
v -0.192498907 -0.0700199604 0.409622461
v -0.11591424 -0.126422599 0.39188987
v -0.105962977 -0.162441254 0.393113643
v -0.108652644 -0.0702821687 0.389982432
v -0.108667023 -0.043294955 0.389065444
v -0.108699843 0.0183317009 0.386971623
v -0.108752221 0.116657108 0.383630872
v -0.108766071 0.142655894 0.382747501
v -0.106269076 0.142917931 0.38273859
v -0.118766509 -0.162168637 0.393104404
v -0.119958781 -0.168807134 0.393824071
v -0.105802342 -0.173158914 0.39469853
v -0.126004204 -0.157794654 0.393529028
v -0.133154824 -0.146742165 0.395059377
v -0.120605066 -0.175393984 0.395531803
v -0.105347142 -0.181751773 0.397830695
v -0.126535654 -0.168000251 0.394087225
v -0.125403136 -0.174150825 0.395322382
v -0.133311197 -0.165925562 0.394996196
v -0.132061034 -0.169559017 0.395095766
v -0.111768208 -0.183514252 0.398880601
v -0.101517662 -0.187479094 0.400887012
v -0.106854141 -0.198443234 0.407859355
v -0.0963252485 -0.189090669 0.40168485
v -0.117840707 -0.204465181 0.412457496
v -0.0997154489 -0.21143353 0.415319622
v -0.129121155 -0.197539032 0.408787847
v -0.130305588 -0.209702149 0.417093635
v -0.0868562758 -0.21202518 0.414623648
v -0.073650904 -0.199534297 0.406785488
v -0.0589937195 -0.189209133 0.400719881
v -0.0387065858 -0.213370726 0.412351519
v -0.0408118628 -0.200382352 0.405883908
v -0.0243950114 -0.189312473 0.399878353
v -0.0201570857 -0.21380417 0.411839724
v -0.00953107141 -0.189338103 0.399669528
v -0.0101378234 -0.191319406 0.400643051
v -0.00912491791 -0.194803864 0.40234217
v -0.00693757087 -0.19643344 0.403130352
v -0.00624654535 -0.20092538 0.405326277
v -0.00515736826 -0.213930234 0.41168642
v -0.00545698497 -0.196752071 0.403283983
v 0.00984234829 -0.21380417 0.411839724
v -0.000620185398 -0.193834439 0.401871175
v 0.0304971281 -0.200382352 0.405883908
v 0.00693089841 -0.189326882 0.399761081
v -0.00022480535 -0.191050291 0.400510997
v -0.000783665164 -0.189338103 0.399669528
v 0.0486789867 -0.189209133 0.400719881
v 0.0283918492 -0.213370726 0.412351519
v 0.0633361638 -0.199534297 0.406785488
v 0.0520956293 -0.212718114 0.413335264
v 0.0860105082 -0.189090669 0.40168485
v 0.0765415356 -0.21202518 0.414623678
v 0.0965394005 -0.198443234 0.407859355
v 0.0912029222 -0.187479094 0.400887012
v 0.10752596 -0.204465181 0.412457496
v 0.119990848 -0.209702149 0.417093635
v 0.117343538 -0.180493221 0.397812158
v 0.0942866206 -0.183848426 0.398876041
v 0.0950324014 -0.181751773 0.397830695
v 0.110290319 -0.175393984 0.395531803
v 0.0954876021 -0.173158914 0.39469853
v 0.129744485 -0.18018128 0.399098903
v 0.109644033 -0.168807134 0.393824071
v 0.119797975 -0.174714357 0.395895451
v 0.116220914 -0.168000251 0.394087225
v 0.0956482291 -0.162441254 0.393113643
v 0.122103103 -0.168550819 0.395030767
v -0.141120091 -0.132036418 0.43190667
v -0.141096324 -0.119591251 0.43101275
v 0.0246394295 0.0887309685 0.333321989
v 0.0235638842 0.089875631 0.346304983
v 0.0235638842 0.0896628052 0.33330673
v 0.0259339698 0.0883526802 0.346329927
v 0.0227944721 0.0910727009 0.346285373
v 0.0273426324 0.0879373401 0.333334982
v 0.0227944721 0.0908598751 0.33328715
v 0.0287512932 0.0883526802 0.346329927
v 0.0223935246 0.0936481506 0.333241463
v 0.0300458372 0.0887309685 0.333321989
v 0.0223935246 0.0938609764 0.346239716
v 0.0311213806 0.089875631 0.346304983
v 0.0235638842 0.0964233652 0.346197784
v 0.0311213806 0.0896628052 0.33330673
v 0.0246394295 0.097142376 0.333184272
v 0.0318907946 0.0910727009 0.346285373
v 0.0259339698 0.097946316 0.346172839
v 0.0318907946 0.0908598751 0.33328715
v 0.0273426324 0.0979359969 0.333171278
v 0.0322917402 0.0936481506 0.333241463
v 0.0287512932 0.097946316 0.346172839
v 0.0322917402 0.0938609764 0.346239716
v 0.0300458372 0.097142376 0.333184272
v 0.0311213806 0.0964233652 0.346197784
v 0.0398426317 0.0931865498 0.367376417
v 0.0448426306 0.0960459039 0.366942763
v 0.0398426317 0.0988550931 0.366255432
v 0.0448426306 0.101591676 0.365319997
v 0.0448426306 0.0902999043 0.367552996
v 0.0398426317 0.0287452452 0.368560851
v 0.0448426306 0.0287452452 0.368560851
v 0.0398426317 0.132510483 0.353015095
v 0.0448426306 0.128425121 0.354785711
v 0.0448426306 0.134732097 0.3508479
v 0.0398426317 0.133729711 0.352042645
v 0.0448426306 0.101591676 0.365319997
v 0.0398426317 0.135477886 0.349478275
v 0.0448426306 0.0902999043 0.367552996
v 0.0448426306 0.0960459039 0.366942763
v 0.0448426306 0.135937542 0.347988009
v 0.0398426317 0.136092797 0.346436232
v 0.039269682 0.136092812 0.338783979
v 0.038605988 0.136092812 0.338120192
v 0.0448426306 0.0287452471 0.342305273
v 0.0448426306 0.0287452452 0.368560851
v 0.0448426306 0.135937542 0.347988009
v 0.0446420573 0.136092812 0.338767171
v 0.0446420573 0.0287452471 0.340524852
v 0.0440503843 0.136092812 0.337076038
v 0.0430972837 0.0287452471 0.337316692
v 0.0430972837 0.136092812 0.335558981
v 0.0418305509 0.0287452471 0.336049765
v 0.0403137021 0.136092812 0.333338857
v 0.0403137021 0.0287452471 0.335096538
v 0.0386228003 0.0287452471 0.334504783
v 0.0386228003 0.136092812 0.332747102
v 0.036842633 0.0287452471 0.334304184
v 0.036842633 0.136092812 0.332546473
v 0.0287512932 0.0881398469 0.333331674
v 0.0311213806 0.0896628052 0.33330673
v 0.0322917402 0.0922251865 0.333264768
v 0.0311213806 0.0962105319 0.333199531
v 0.0259339698 0.0977334902 0.333174586
v -0.0471573696 0.0287452471 0.334304184
v -0.0390660278 0.0881398469 0.333331674
v -0.0426064767 0.0922251865 0.333264768
v -0.0338786207 0.0896628052 0.33330673
v -0.0362487063 0.0881398469 0.333331674
v 0.0235638842 0.0896628052 0.33330673
v -0.0327082612 0.0936481506 0.333241463
v 0.0227944721 0.0950134695 0.333219111
v -0.0376573689 0.0979359969 0.333171278
v -0.0471573696 0.120757446 0.332797587
v -0.0403605737 0.097142376 0.333184272
v -0.00374870514 0.110934094 0.33295843
v -0.00893611647 0.112457044 0.332933515
v -0.00137862016 0.112457044 0.332933515
v -0.000208261015 0.11644239 0.332868218
v -0.00245416421 0.119936615 0.332811028
v -0.0101064751 0.11644239 0.332868218
v -0.0471573696 0.136092812 0.332546473
v -0.00786057208 0.119936615 0.332811028
v -0.0521452874 0.136092812 0.334292054
v -0.0506284386 0.101789422 0.333900511
v -0.0489375331 0.0287452471 0.334504783
v -0.0521452874 0.0287452471 0.336049765
v -0.0534120165 0.0287452471 0.337316692
v -0.0534120165 0.136092812 0.335558981
v -0.0543651208 0.0287452471 0.338833719
v -0.0549567901 0.136092812 0.338767171
v -0.0551573671 0.0287452471 0.342305273
v -0.0551573671 0.135937542 0.347988009
v -0.0551573671 0.0287452452 0.368560851
v -0.0551573671 0.0960459039 0.366942763
v -0.0551573671 0.131122753 0.353726685
v -0.0551573671 0.133729711 0.352042645
v 0.0472385138 0.00217853463 0.192393959
v 0.0449824445 0.00754669867 0.192283601
v 0.0408468246 0.0119484933 0.193628386
v 0.0409744158 0.000602088054 0.19395569
v 0.0498854928 0.00140126725 0.191283882
v 0.045491308 0.00809422974 0.190577418
v 0.051801797 -0.00863659009 0.191223025
v 0.046087224 0.0124023063 0.159815729
v 0.048746746 0.0102164932 0.144078553
v 0.0462710038 0.0156586934 0.143934116
v 0.0402370133 -0.00735213561 0.193974242
v 0.0524232872 -0.00217324146 0.190973505
v 0.0532560609 0.000152839057 0.188356936
v 0.0565368012 -0.00261953031 0.189001158
v 0.0578319356 -0.00504473178 0.189334929
v 0.050340876 0.00392757403 0.176114902
v 0.0598260388 -0.00313738291 0.18612662
v 0.048101496 0.013933802 0.130730376
v 0.0523221903 0.00728064915 0.130603269
v 0.0468724817 0.0177434795 0.13070111
v 0.0523141883 0.00563729974 0.14440079
v 0.0550901629 0.00467439461 0.130434901
v 0.056571357 0.00217479072 0.14485538
v 0.0615781583 0.00102573587 0.129851803
v 0.0451471135 0.0215325095 0.143987611
v 0.0437594838 0.021566933 0.15982157
v 0.0463982299 0.0254966598 0.130468786
v 0.045412045 0.0273352973 0.144226447
v 0.0471072271 0.0292407554 0.130254731
v 0.0468844511 0.0326271206 0.144610688
v 0.0434390157 0.0343784019 0.187635958
v 0.0484877117 0.032964509 0.129947364
v 0.0462816805 0.0394441001 0.185769111
v 0.049576018 0.0368653797 0.140560642
v 0.0556920506 0.0438777655 0.128331661
v 0.0934583619 0.0978254452 0.11751093
v 0.120719306 0.136672065 0.109125584
v 0.165685594 0.200599924 0.0943904221
v 0.0738478377 0.0790145546 0.172249913
v 0.200423405 0.25487119 0.105463572
v 0.204041958 0.258350104 0.101384871
v 0.0726170838 0.0802306309 0.173118681
v 0.1995105 0.248563528 0.0825483799
v 0.202075124 0.251870126 0.07964506
v 0.205162615 0.255173177 0.0720317513
v 0.207461223 0.259186625 0.0720325708
v 0.199145824 0.256163597 0.10629078
v 0.195020154 0.259057134 0.10676524
v 0.204958126 0.261607051 0.101965316
v 0.206139535 0.263230711 0.0995114893
v 0.20845072 0.265407324 0.0720039457
v 0.204331234 0.265472203 0.101593606
v 0.206003278 0.268194765 0.0982190669
v 0.206803665 0.26854986 0.0864653438
v 0.206707746 0.271475464 0.0719443187
v 0.200135514 0.265921474 0.102949783
v 0.192787796 0.271333635 0.10283488
v 0.19909969 0.274647683 0.0998061374
v 0.202876717 0.271159053 0.100074627
v 0.201977387 0.274688601 0.0973026827
v 0.198499873 0.276739806 0.0973665565
v 0.199354887 0.277089804 0.0862732381
v 0.205108717 0.270685434 0.0977534577
v 0.204030126 0.273648769 0.0863505676
v 0.202562064 0.276225954 0.071864821
v -0.0567557402 0.041344434 0.388518274
v 0.0464410074 0.041344434 0.388518274
v 0.0445273742 0.0650567338 0.387512475
v -0.0653065443 0.0323758163 0.3888987
v 0.0466332845 0.048269812 0.388464242
v 0.0485273749 0.0651021525 0.388583302
v 0.0506631061 0.0403517447 0.389246285
v 0.0542904958 0.0515447818 0.394205719
v 0.0550405756 0.0653475448 0.39436847
v 0.0585405752 0.0550231449 0.395745099
v 0.0585405752 0.0653872862 0.395305455
v 0.0689077526 0.0592696369 0.395564944
v 0.0888426304 0.0653872862 0.395305455
v 0.072410278 0.0592696369 0.395564944
v 0.0665641055 0.0566690899 0.395675272
v 0.0743878111 0.053188879 0.395822883
v 0.0681282207 0.0518595576 0.395879269
v 0.069147177 0.0444260687 0.396194577
v 0.0888426304 0.0444260687 0.396194577
v 0.0888426304 0.0408894718 0.395405948
v 0.0618050806 0.0468707345 0.396090895
v 0.0567081235 0.0490426011 0.395345926
v 0.0614585616 0.042031303 0.394928217
v 0.064491272 0.0419937894 0.395596594
v 0.069147177 0.0408894718 0.395405948
v 0.0888426304 0.0341367237 0.38989678
v 0.0625144839 0.0356970131 0.390774876
v 0.0571056306 0.0367349163 0.390305877
v 0.0549918078 0.0323758163 0.3888987
v 0.0620505549 0.0322637931 0.389136523
v 0.0657405779 0.0341367237 0.38989678
v 0.0888426304 0.0300949011 0.388995469
v 0.0749167055 0.0300949011 0.388995469
v 0.0753495321 0.0279036462 0.389088422
v 0.0743501782 0.0290973801 0.389037788
v 0.0713741779 0.0297033451 0.389012098
v 0.067953743 0.0300949011 0.388995469
v 0.0699869469 0.0289955586 0.389042079
v 0.0687334239 0.0262316037 0.389159322
v 0.067953743 0.00919839274 0.389881849
v -0.0782684833 0.00221609324 0.390177995
v -0.0808796659 0.00876514241 0.389900208
v -0.0850643143 0.0118027329 0.389771372
v -0.0824780613 0.00385021023 0.390108705
v -0.0859791264 0.00310670282 0.390140235
v -0.0805391818 0.0188371334 0.389472991
v -0.083515197 0.0182311758 0.389498681
v -0.0790481642 0.0262316037 0.389159322
v -0.0883341506 0.0103482194 0.389833063
v -0.0861559436 0.0217029098 0.389351428
v -0.0694974214 0.0345048495 0.389609843
v -0.0991573706 0.0231629778 0.389289498
v -0.0860462561 0.0263949186 0.389152408
v -0.0991573706 0.00919839274 0.389881849
v -0.0888748243 0.00520866225 0.390051097
v -0.0991573706 0.032175146 0.389180064
v -0.0921944156 0.00221609324 0.390177995
v -0.0852314457 0.0300949011 0.388995469
v -0.0846649259 0.0290973801 0.389037788
v -0.0816889182 0.0297033451 0.389012098
v -0.0818308368 0.032175146 0.389180064
v -0.0991573706 0.0341367237 0.38989678
v -0.0782684833 0.0300949011 0.388995469
v -0.0803016871 0.0289955586 0.389042079
v -0.0760553181 0.0341367237 0.38989678
v -0.0748060122 0.0419937894 0.395596594
v -0.0717732981 0.042031303 0.394928217
v -0.0794619247 0.0408894718 0.395405948
v -0.0991573706 0.0426058546 0.396033049
v -0.0696049929 0.0475062989 0.395913959
v -0.0794619247 0.0426058546 0.396033049
v -0.0991573706 0.0444260687 0.396194577
v -0.078442961 0.0518595576 0.395879269
v -0.0766916946 0.0548901111 0.395750731
v -0.0818689466 0.0511319935 0.395910114
v -0.0688553154 0.0653872862 0.395305455
v -0.0847025514 0.053188879 0.395822883
v -0.0777740404 0.0582182147 0.395609558
v -0.0991573706 0.0653872862 0.395305455
v -0.0827250183 0.0592696369 0.395564944
v -0.16767256 -0.117102675 0.343763322
v -0.155246809 -0.112631455 0.346867204
v -0.148703545 -0.112297483 0.346959084
v -0.155861631 -0.112362213 0.346889406
v -0.152183875 -0.111137435 0.347034425
v -0.156663433 -0.111312836 0.346982628
v -0.160421759 -0.111138321 0.34696722
v -0.14944464 -0.111204192 0.347050428
v -0.159198657 -0.104212724 0.345596731
v -0.156373411 -0.111065753 0.345293045
v -0.156364545 -0.102545001 0.345301658
v -0.154874802 -0.112566486 0.345866084
v -0.155246809 -0.112631455 0.346867204
v -0.153795898 -0.11219278 0.345206857
v -0.152605236 -0.111874118 0.345943153
v -0.152183875 -0.111137435 0.347034425
v -0.152511477 -0.110015824 0.345407039
v -0.153426394 -0.106708296 0.347281754
v -0.161104485 -0.0934982896 0.344954401
v -0.168697685 -0.0906360894 0.344591737
v -0.157950222 -0.0975197479 0.347058654
v -0.172707766 -0.0817350894 0.342734605
v -0.1625918 -0.0908269361 0.346310884
v -0.167742863 -0.0851934478 0.345288545
v -0.180890411 -0.0764759183 0.341260254
v -0.173710719 -0.0801466033 0.344079494
v -0.165504292 -0.083870545 0.34495607
v -0.160325244 -0.089543961 0.346084356
v -0.15412049 -0.0990896299 0.347170353
v -0.160356596 -0.0893711671 0.344320089
v -0.156328097 -0.0948753655 0.345098585
v -0.158170134 -0.0852135345 0.343437731
v -0.165415093 -0.0781837031 0.341565669
v -0.164191335 -0.0783053413 0.343379647
v -0.151863873 -0.0937795714 0.344946921
v -0.152976573 -0.10081055 0.345547855
v -0.146998644 -0.103538074 0.345628142
v -0.151165009 -0.105754122 0.347315341
v -0.15037325 -0.10703671 0.345577776
v -0.148123667 -0.111293077 0.34504649
v -0.144833222 -0.11011757 0.345454633
v -0.145561099 -0.106699429 0.34731847
v -0.144535616 -0.11113666 0.347094148
v -0.146242246 -0.112218812 0.345271051
v -0.146485403 -0.112691402 0.34694019
v 0.0702244416 0.0188371334 0.389472991
v 0.067953743 0.0161806848 0.389585674
v 0.0732004568 0.0182311758 0.389498681
v 0.0688431188 0.021539595 0.389358371
v 0.0729599297 0.0114226742 0.389787495
v 0.0747495741 0.0118027329 0.389771372
v 0.0703736693 0.00694717234 0.389977336
v 0.075530149 0.0201780144 0.389416099
v 0.0780194104 0.0103482194 0.389833063
v 0.070939064 0.00520866225 0.390051097
v 0.0888426304 0.00221609324 0.390177995
v 0.0789342225 0.00876514241 0.389900208
v 0.0773358271 0.00385021023 0.390108705
v 0.0757315159 0.0263949186 0.389152408
v 0.0888426304 0.0231629778 0.389289498
v 0.0888426304 -0.0326953605 0.391658872
v 0.0757753104 -0.00729721272 0.390581548
v 0.073834762 0.00310670282 0.390140235
v 0.0717999414 -0.0054975301 0.390505195
v 0.0828477964 -0.0304236617 0.391562492
v 0.0762669742 -0.013497957 0.390844584
v 0.0888426304 -0.0396776609 0.391955048
v 0.0782280713 -0.0293701962 0.391517818
v 0.0750134513 -0.0162619036 0.390961796
v 0.0828477964 -0.0351579301 0.39176333
v 0.076172106 -0.0319459699 0.391627073
v 0.0798768327 -0.0365873873 0.391823977
v 0.070650205 -0.0163637251 0.390966117
v -0.0782684833 -0.0326953605 0.391658872
v 0.067953743 -0.0326953605 0.391658872
v 0.0782280713 -0.0362113975 0.391808003
v -0.0852314457 -0.025713075 0.391362697
v -0.0807876065 -0.0459323749 0.392220348
v -0.083746694 -0.045248691 0.39219135
v 0.0704728588 -0.0459323749 0.392220348
v 0.0734319538 -0.045248691 0.39219135
v 0.0758119226 -0.0471338667 0.39227131
v 0.0888426304 -0.0536422431 0.392547399
v 0.0758341029 -0.0548943356 0.392600507
v -0.0808167383 -0.0561262667 0.39265275
v 0.0719073191 -0.0567974858 0.392681211
v -0.0733815134 -0.0734888017 0.393389225
v 0.0691628978 -0.0486700609 0.392336488
v -0.0691301823 -0.126515329 0.395638466
v 0.0630889311 -0.0730691105 0.393371433
v 0.0673200414 -0.0652253926 0.39303872
v 0.0695273504 -0.054912325 0.392601252
v 0.0669036582 -0.0688992143 0.393704385
v 0.0706928745 -0.0638461635 0.392980188
v 0.0710967705 -0.0695325807 0.395550072
v 0.0687353313 -0.0738081038 0.395731449
v 0.064999111 -0.0735425577 0.393711895
v 0.0687372684 -0.124966525 0.397895932
v 0.0709910914 -0.11252553 0.397747487
v 0.0751446411 -0.0737922862 0.396104515
v 0.0750389621 -0.0695325807 0.395550072
v -0.0511181429 0.0102206729 0.158545598
v -0.0493110977 0.0162426308 0.1426052
v -0.0524976365 0.0113174915 0.129283175
v -0.0494740307 0.0185195561 0.12935929
v -0.0481174551 0.0221022889 0.142690912
v -0.0487906709 0.0125230793 0.174347803
v -0.0476132706 0.0190025643 0.15849115
v -0.0453058928 0.022589935 0.189264551
v -0.045332361 0.0262033846 0.188662753
v -0.0446117558 0.0227589477 0.19098483
v -0.0461261049 0.0172759779 0.189695522
v -0.0500364043 0.0085039055 0.189218655
v -0.0547707751 0.0030994257 0.187799841
v -0.0495910197 0.00794451032 0.190934077
v -0.0466188975 0.0135138771 0.191452056
v -0.0451417901 0.0129025029 0.192443445
v 0.0619534478 -0.140790984 0.40161103
v 0.0633811727 -0.136115149 0.401698291
v 0.0562568754 -0.134697884 0.396238297
v 0.0561278313 -0.179310605 0.39818266
v 0.0636417121 -0.179066628 0.403934509
v 0.0640056729 -0.138591677 0.402261466
v 0.0545970984 -0.137942836 0.396123201
v -0.0649118349 -0.179323524 0.397878438
v 0.0580705106 -0.129374266 0.395954549
v 0.0661754236 -0.13254483 0.401614636
v 0.0570332892 -0.128717259 0.395731866
v -0.0649118349 -0.137942836 0.396123201
v -0.0664425641 -0.137929931 0.396427393
v -0.0664425641 -0.179310605 0.39818266
v -0.0683154762 -0.132204041 0.396720946
v -0.072268188 -0.140790984 0.40161103
v -0.0739564523 -0.179066628 0.403934509
v 0.0622668937 -0.12672627 0.39640981
v 0.0636754557 -0.123643786 0.395548403
v 0.0687115714 -0.126336589 0.39819473
v 0.070505701 -0.130131349 0.401345253
v 0.071300745 -0.13317062 0.402226448
v 0.072853446 -0.12650007 0.398645014
v 0.0888426304 -0.131180063 0.401903272
v 0.0888426304 -0.132980078 0.402218342
v 0.073232919 -0.13908048 0.402477115
v 0.0683700591 -0.140189394 0.402524173
v 0.0746247098 -0.145172819 0.402735531
v 0.0683700591 -0.145172819 0.402735531
v 0.082217738 -0.159863159 0.403358668
v 0.0714973807 -0.146677524 0.402799368
v 0.0888426304 -0.165091947 0.403580457
v 0.0835747272 -0.160944372 0.403404534
v 0.0843278095 -0.164240852 0.403544366
v 0.080525592 -0.167270273 0.403672844
v 0.0774764493 -0.160944372 0.403404534
v 0.0888426304 -0.179056525 0.404172808
v 0.0771480352 -0.172474191 0.40389359
v 0.0788334459 -0.166884407 0.403656483
v 0.0654534474 -0.179056525 0.404172808
v -0.0743204206 -0.138591677 0.402261466
v -0.0764901638 -0.13254483 0.401614636
v -0.0816154853 -0.13317062 0.402226448
v -0.0786847994 -0.140189394 0.402524173
v -0.0818121284 -0.13868472 0.402460307
v -0.0779124126 -0.141791835 0.402592123
v -0.08493945 -0.140189394 0.402524173
v -0.0991573706 -0.132980078 0.402218342
v -0.0857118368 -0.143570408 0.402667552
v -0.0835463628 -0.131180063 0.401903272
v -0.0991573706 -0.159309477 0.403335154
v -0.0835476592 -0.146281764 0.402782589
v -0.0757681876 -0.159309477 0.403335154
v -0.0938894749 -0.160944372 0.403404534
v -0.0925324783 -0.159863159 0.403358668
v -0.0925324783 -0.166884407 0.403656483
v -0.0891481861 -0.159863159 0.403358668
v -0.0991573706 -0.179056525 0.404172808
v -0.0757681876 -0.179056525 0.404172808
v -0.0870381147 -0.164240852 0.403544366
v -0.073695913 -0.136115149 0.401698291
v -0.0721653476 -0.13216202 0.399276912
v -0.0725816339 -0.12672627 0.39640981
v -0.073990196 -0.123643786 0.395548403
v -0.0790263116 -0.126336589 0.39819473
v -0.0808204412 -0.130131349 0.401345253
v -0.0831681937 -0.12650007 0.398645014
v -0.0790520087 -0.124966525 0.397895932
v -0.0753077641 -0.0738931447 0.393726736
v -0.0790500715 -0.0738081038 0.395731449
v -0.0813058317 -0.11252553 0.397747487
v -0.0792919174 -0.0687733665 0.39459902
v -0.0810076147 -0.0638461635 0.392980188
v -0.0837797001 -0.0567930453 0.392681032
v -0.0861488506 -0.0548943356 0.392600507
v -0.0864776075 -0.0486501008 0.392335624
v -0.0921944156 -0.0466599613 0.392251223
v -0.0931625366 -0.0351579301 0.39176333
v -0.0861266628 -0.0471338667 0.39227131
v -0.0931625366 -0.0304236617 0.391562492
v -0.088542819 -0.0362113975 0.391808003
v -0.0872206166 -0.0304236617 0.391562492
v -0.0918403342 -0.0293701962 0.391517818
v -0.088542819 -0.0293701962 0.391517818
v -0.0862706676 -0.0150228599 0.390909255
v -0.0839409605 -0.0169696975 0.390991807
v -0.0795836225 -0.0136612719 0.390851498
v -0.0860900506 -0.00729721272 0.390581548
v -0.0797849894 -0.00744435284 0.390587807
v -0.0850906968 -0.00610348675 0.390530914
v -0.0821146816 -0.0054975301 0.390505195
v 0.0694702417 -0.00744435284 0.390587807
v 0.0732004568 0.0180616584 0.385502279
v 0.0702244416 0.018667616 0.385476589
v 0.0702244416 0.0188371334 0.389472991
v 0.0732004568 0.0182311758 0.389498681
v 0.0688431188 0.021539595 0.389358371
v 0.075530149 0.0201780144 0.389416099
v 0.0688431188 0.0213700775 0.38536194
v 0.075530149 0.0200084969 0.385419697
v 0.0687334239 0.0260620862 0.38516292
v 0.0757315159 0.0263949186 0.389152408
v 0.0687334239 0.0262316037 0.389159322
v 0.0753495321 0.0277341288 0.38509202
v 0.0699869469 0.0288260411 0.385045677
v 0.0753495321 0.0279036462 0.389088422
v 0.0699869469 0.0289955586 0.389042079
v 0.0743501782 0.0289278626 0.385041386
v 0.0713741779 0.0297033451 0.389012098
v 0.0743501782 0.0290973801 0.389037788
v -0.0860462561 0.0262254011 0.385156006
v -0.0860462561 0.0263949186 0.389152408
v -0.0861559436 0.0217029098 0.389351428
v -0.083515197 0.0180616584 0.385502279
v -0.0846649259 0.0289278626 0.385041386
v -0.083515197 0.0182311758 0.389498681
v -0.0846649259 0.0290973801 0.389037788
v -0.0805391818 0.018667616 0.385476589
v -0.0816889182 0.0297033451 0.389012098
v -0.0805391818 0.0188371334 0.389472991
v -0.0803016871 0.0288260411 0.385045677
v -0.0791578591 0.0213700775 0.38536194
v -0.0803016871 0.0289955586 0.389042079
v -0.0790481642 0.0262316037 0.389159322
v -0.0821146816 -0.0054975301 0.390505195
v -0.0821146816 -0.00566703966 0.386508793
v -0.0797849894 -0.00744435284 0.390587807
v -0.0797849894 -0.00761387777 0.386591375
v -0.0850906968 -0.00627299678 0.386534482
v -0.0795836225 -0.0136612719 0.390851498
v -0.0850906968 -0.00610348675 0.390530914
v -0.0809649527 -0.01653325 0.386969715
v -0.0860900506 -0.00729721272 0.390581548
v -0.0839409605 -0.0169696975 0.390991807
v -0.0860900506 -0.00746673765 0.386585146
v -0.0839409605 -0.0171392076 0.386995435
v -0.0862706676 -0.015192369 0.386912853
v -0.0862706676 -0.0150228599 0.390909255
v -0.0196080655 0.137923181 0.392214864
v -0.105073251 0.102093942 0.393531531
v -0.00515736826 0.102093942 0.393531531
v -0.0125783794 0.14850691 0.392389774
v 0.0204246994 0.142212138 0.392128915
v 0.0947585031 0.10209395 0.393531531
v 0.0947980434 0.13153404 0.392449647
v 0.0947697163 0.13987574 0.392474771
v 0.0316146426 0.14749223 0.392455518
v 0.00975688454 0.151533291 0.393127471
v 0.0859417766 0.145364761 0.393137574
v 0.0945566967 0.146388724 0.394032061
v 0.0208900906 0.152877778 0.39407593
v 0.0863588005 0.149453431 0.395918846
v -0.00515736826 0.153824851 0.394345403
v 0.0940693691 0.149679497 0.39791581
v -0.0201205257 0.153665036 0.394375056
v -0.00515736826 0.155463889 0.396505237
v -0.0302597657 0.157685101 0.401930004
v -0.0201572645 0.169329301 0.424004763
v 0.00234263181 0.169504747 0.423919111
v 0.0177126154 0.155108482 0.396640956
v 0.024109507 0.16871047 0.424313247
v 0.0319700688 0.153466493 0.395231843
v 0.0318267569 0.151030585 0.393378496
v 0.0645152181 0.151270553 0.39559114
v 0.042892918 0.156627372 0.402748436
v 0.0378562286 0.167838469 0.424754739
v 0.0790111721 0.151143357 0.397570491
v 0.0644327626 0.165665895 0.425844491
v 0.0813615024 0.164005727 0.426654607
v 0.100815624 0.153678104 0.409341246
v 0.0945400149 0.162438706 0.427475989
v 0.0984513313 0.142655894 0.382747501
v 0.0959543288 0.142917931 0.38273859
v 0.118834466 0.151723996 0.412021816
v 0.106620446 0.160721213 0.42846036
v 0.11817421 0.158790097 0.42963925
v 0.129497662 0.156603098 0.431013852
v 0.107122019 0.151870593 0.408261567
v 0.100459769 0.150181219 0.405412257
v 0.132711843 0.15215902 0.420865238
v 0.140788659 0.154119536 0.432565629
v 0.130955637 0.148860499 0.411769956
v 0.143039718 0.148072004 0.415817648
v 0.148266107 0.152268916 0.433678538
v 0.118949495 0.148774207 0.408382595
v 0.107069537 0.148018569 0.405706793
v 0.100362241 0.146354571 0.404450357
v 0.155394316 0.145802274 0.417854726
v 0.163660526 0.148133263 0.436041415
v 0.155493215 0.144698486 0.415549129
v 0.167873472 0.143222317 0.419973552
v 0.177097455 0.143994272 0.438139647
v 0.143068448 0.145167813 0.411874563
v 0.180569842 0.139364317 0.419580758
v 0.181290522 0.140070379 0.422144264
v 0.184627622 0.140736431 0.43329218
v 0.189434007 0.139697105 0.440002054
v 0.188151047 0.138940424 0.432216614
v 0.19263193 0.137715936 0.440316349
v 0.167860731 0.14042227 0.41555509
v -0.0587632991 0.0485010669 0.389159143
v -0.0646052286 0.0515447818 0.394205719
v -0.0598305054 0.0427201763 0.389198691
v -0.0588421114 0.0651021525 0.388583302
v -0.0653553158 0.0653475448 0.39436847
v -0.0548421107 0.0650567338 0.387512475
v -0.0674732029 0.0521430187 0.395672679
v -0.0674620494 0.0459217429 0.394819766
v -0.0625158846 0.0383316465 0.389311105
v 0.0256325323 0.0884516686 0.346328318
v 0.023012504 0.0906498358 0.346292287
v 0.022418594 0.0940176249 0.346237153
v 0.0290527344 0.0884516686 0.346328318
v 0.0316727608 0.0906498358 0.346292287
v 0.032266669 0.0940176249 0.346237153
v 0.0273426324 0.0981488377 0.346169531
v 0.0305565726 0.0969792083 0.346188664
v 0.0241286941 0.0969792083 0.346188664
v -0.00344726699 0.111245908 0.345955074
v -0.00686746929 0.111245908 0.345955074
v -0.00948749483 0.113444075 0.345919073
v -0.000827241398 0.113444075 0.345919073
v -0.000233329294 0.116811864 0.345863938
v -0.00194343016 0.119773455 0.34581542
v -0.00837130658 0.119773455 0.34581542
v -0.00515736826 0.120943077 0.345796287
v -0.0100814067 0.116811864 0.345863938
v -0.0408713073 0.0969792083 0.346188664
v -0.0376573689 0.0981488377 0.346169531
v -0.0344434306 0.0969792083 0.346188664
v -0.0425814055 0.0940176249 0.346237153
v -0.0419874936 0.0906498358 0.346292287
v -0.0393674709 0.0884516686 0.346328318
v -0.0333272405 0.0906498358 0.346292287
v -0.0359472707 0.0884516686 0.346328318
v -0.0327333286 0.0940176249 0.346237153
v 0.144818082 -0.0882316008 0.348801732
v 0.142679259 -0.091603823 0.347774416
v 0.144229904 -0.0967896283 0.348610193
v 0.136924252 -0.100201033 0.348966867
v 0.140265986 -0.103200562 0.349169672
v 0.140186638 -0.104005054 0.350882709
v 0.136511415 -0.100200072 0.3506594
v 0.1342614 -0.105587952 0.34926331
v 0.136617199 -0.111637741 0.349158168
v 0.13272506 -0.108658902 0.350977927
v 0.133508772 -0.101624161 0.350791097
v 0.130928427 -0.106153317 0.347876757
v 0.129725829 -0.110854067 0.35093683
v 0.134167627 -0.0992001668 0.347415
v 0.131287247 -0.10351523 0.347131759
v 0.129744783 -0.0972202942 0.346481681
v 0.127908006 -0.102757826 0.346859336
v 0.124422558 -0.10533151 0.347846359
v 0.12929368 -0.108339965 0.34724018
v 0.12907128 -0.111089706 0.347837865
v 0.12411698 -0.107423984 0.347240716
v 0.126759246 -0.115931578 0.346823663
v 0.121891059 -0.108261079 0.348751605
v 0.123987697 -0.106404953 0.354879975
v 0.120421559 -0.112092577 0.347124934
v 0.12648426 -0.119996153 0.346984535
v 0.124687612 -0.120109163 0.346038878
v 0.12694779 -0.119929776 0.348846376
v 0.121652097 -0.109603547 0.354868233
v 0.124806814 -0.109132886 0.356235027
v 0.118039779 -0.112701342 0.348511517
v 0.114178076 -0.116562024 0.354417175
v 0.128238037 -0.115492888 0.350629807
v 0.115875907 -0.116227828 0.346811146
v 0.110433623 -0.118409455 0.347856462
v 0.110303044 -0.119797438 0.346404076
v 0.111103863 -0.120122485 0.34495616
v 0.109268799 -0.119485736 0.35406366
v 0.107853308 -0.119610734 0.348159671
v 0.106459588 -0.120452181 0.352889806
v 0.110301301 -0.121831357 0.355408967
v 0.105759181 -0.119741529 0.350335866
v 0.0313042738 -0.118375368 0.347201824
v 0.0312867612 -0.118522525 0.349922389
v 0.0312602632 -0.11925102 0.352547675
v 0.0312260166 -0.120526798 0.354954898
v 0.0313119851 -0.118816406 0.344513178
v 0.105781943 -0.121044055 0.342395633
v 0.0313095227 -0.119825058 0.341982156
v 0.0312970169 -0.121354125 0.339727104
v 0.155930892 -0.12074136 0.345649987
v 0.12648426 -0.119996153 0.346984535
v 0.164295986 -0.122001834 0.342720479
v 0.127053156 -0.120034181 0.350077569
v 0.14720498 -0.120325029 0.349847376
v 0.154319778 -0.120378345 0.348121017
v 0.156097665 -0.116083205 0.346529275
v 0.164283484 -0.123530917 0.340465456
v 0.160009101 -0.120685749 0.34625122
v 0.164261505 -0.125508904 0.338591814
v 0.0312750451 -0.123332135 0.337853491
v 0.167940319 -0.123519287 0.3402628
v 0.164231092 -0.12784335 0.337187231
v 0.0312446281 -0.125666574 0.336448908
v 0.168219537 -0.126448065 0.337779194
v 0.166622862 -0.130465388 0.336333483
v 0.0312071983 -0.128248319 0.335579008
v 0.16789332 -0.13319464 0.336044312
v 0.0311645046 -0.130956605 0.335284501
v 0.0311185382 -0.133664861 0.335579157
v 0.171019897 -0.126687884 0.337030202
v 0.170725495 -0.123921417 0.339041531
v 0.171438798 -0.128796503 0.336130261
v 0.168568969 -0.135773674 0.336312056
v 0.172732502 -0.133068576 0.335511386
v 0.167410374 -0.138476536 0.337209374
v 0.0310714524 -0.136246368 0.336449176
v 0.16620712 -0.140698299 0.338533014
v 0.031025447 -0.138580471 0.337853909
v 0.163969144 -0.142734826 0.340465963
v 0.0309826769 -0.140558049 0.33972764
v 0.163931608 -0.144263372 0.342721105
v 0.0309451371 -0.14208658 0.341982782
v 0.170681804 -0.143766478 0.340439916
v 0.167620689 -0.145773128 0.346302569
v 0.163901046 -0.145271391 0.345252186
v 0.163878918 -0.145711824 0.347940862
v 0.0734702423 -0.143791199 0.344750106
v 0.0703865439 -0.14418149 0.347421795
v 0.163866222 -0.14556399 0.350661427
v 0.070373863 -0.144033685 0.35014236
v 0.0704034418 -0.143878087 0.345272869
v 0.070371218 -0.143304572 0.352767587
v 0.0659041107 -0.143804446 0.345247924
v 0.0703226551 -0.147589788 0.348881453
v 0.0308924485 -0.143535033 0.347202539
v 0.0658745319 -0.143960029 0.350117356
v 0.0308771208 -0.142658114 0.352548301
v 0.0658794194 -0.141954556 0.355149746
v 0.0309019927 -0.13961789 0.357031971
v 0.0659231097 -0.138021752 0.358875036
v 0.0309283417 -0.137448952 0.358680725
v 0.0659572333 -0.135549158 0.360018969
v 0.0310027618 -0.13231574 0.360410303
v 0.065997526 -0.132888556 0.360604584
v 0.0310473517 -0.129591525 0.360410213
v 0.0630109087 -0.127453461 0.360001653
v 0.0311409719 -0.124458723 0.358680397
v 0.0660708472 -0.128508881 0.360311538
v 0.164127439 -0.126635507 0.35941869
v 0.0311856233 -0.122290179 0.357031494
v 0.0705701783 -0.128582522 0.360336542
v 0.0705145821 -0.131136537 0.362819612
v 0.0703609139 -0.13829197 0.369400948
v 0.0659008548 -0.136318788 0.367904484
v 0.0657790527 -0.142747536 0.370889246
v 0.0702783838 -0.142821193 0.370914251
v 0.0657399148 -0.14515011 0.370855153
v 0.0701749474 -0.149708495 0.369238913
v 0.0656756237 -0.149634853 0.369213909
v 0.0701530129 -0.15156579 0.367714107
v 0.0656401441 -0.152963623 0.365789235
v 0.0701350123 -0.154049188 0.363634527
v 0.065640524 -0.154477149 0.361259341
v 0.0701537505 -0.154516906 0.358881474
v 0.0656766742 -0.153875604 0.356521487
v 0.0702055022 -0.152876318 0.354396313
v 0.065640524 -0.154477149 0.361259341
v 0.0656401441 -0.152963623 0.365789235
v 0.0656756237 -0.149634853 0.369213909
v 0.0658222288 -0.147566497 0.348905414
v 0.0657790527 -0.142747536 0.370889246
v 0.0657399148 -0.14515011 0.370855153
v 0.0658794194 -0.141954556 0.355149746
v 0.0659008548 -0.136318788 0.367904484
v 0.0658745319 -0.143960029 0.350117356
v 0.0659041107 -0.143804446 0.345247924
v 0.0659231097 -0.138021752 0.358875036
v 0.0659572333 -0.135549158 0.360018969
v 0.065997526 -0.132888556 0.360604584
v 0.0660708472 -0.128508881 0.360311538
v 0.0614000298 0.072732687 0.378342032
v 0.0604057498 0.072732687 0.380295157
v 0.0604057498 -0.160146669 0.390173346
v 0.058857128 -0.160081029 0.391720533
v 0.058857128 0.072732687 0.381845176
v 0.0569057502 -0.160038888 0.392713964
v 0.0569057502 0.072732687 0.382840365
v 0.0547426343 0.072732687 0.3831833
v -0.0650573745 -0.0392240919 0.387932181
v -0.0580103062 0.072732687 0.3831833
v -0.0672204867 0.072732687 0.382840365
v -0.0672204867 -0.160038888 0.392713964
v -0.069421798 -0.167194977 0.391831845
v -0.0327333286 0.0940176249 0.346237153
v -0.0344434306 0.0969792083 0.346188664
v -0.0337835327 0.0961680114 0.337509423
v -0.0366068557 0.0978985205 0.337699354
v -0.0326576903 0.0930620804 0.337434471
v -0.0376573689 0.0981488377 0.346169531
v -0.0333272405 0.0906498358 0.346292287
v -0.0393142588 0.0977306217 0.337884068
v -0.0365076549 0.0881426856 0.337692618
v -0.0408713073 0.0969792083 0.346188664
v -0.0359472707 0.0884516686 0.346328318
v -0.0425367169 0.0941080526 0.338107318
v -0.0393674709 0.0884516686 0.346328318
v -0.0425814055 0.0940176249 0.346237153
v -0.0398057178 0.088497512 0.337917894
v -0.0411785506 0.0894642994 0.338012785
v -0.0419874936 0.0906498358 0.346292287
v -0.205772504 -0.0125424378 0.429271936
v -0.202899382 -0.0158582032 0.429271936
v -0.205436051 -0.0151535673 0.419996232
v -0.203133017 -0.0166538879 0.419793159
v -0.206572786 -0.0126575045 0.420030653
v -0.200613067 -0.0158582032 0.429271936
v -0.205447122 -0.0102794068 0.429271936
v -0.200371474 -0.0166810174 0.419470102
v -0.204406142 -0.00784163177 0.419626564
v -0.198689714 -0.0146221351 0.429271936
v -0.201756224 -0.00790739805 0.429271936
v -0.198018938 -0.0152033567 0.419127136
v -0.201756224 -0.00703461003 0.419295758
v -0.197739944 -0.0125424378 0.429271936
v -0.199562535 -0.0085515324 0.429271936
v -0.196815848 -0.0114206569 0.418839782
v -0.199076623 -0.00779544376 0.418998986
v -0.198065326 -0.0102794068 0.429271936
v 0.212383643 0.255936921 0.0401853435
v 0.215804055 0.256365091 0.0400582999
v 0.212404162 0.254819274 0.0355313234
v 0.20514977 0.25451839 0.0307096671
v 0.217622697 0.256512135 0.0372731723
v 0.218975723 0.259992182 0.0427895002
v 0.219729632 0.264741063 0.0468630493
v 0.219581515 0.261587232 0.0392839164
v 0.218994901 0.257948995 0.0369513668
v 0.215824261 0.255265296 0.035478618
v 0.217659771 0.255781859 0.0307956953
v 0.212433144 0.254443437 0.0307598077
v 0.219782338 0.259122878 0.0308100693
v 0.212469846 0.254818618 0.0259882919
v 0.219030052 0.257256031 0.0308050048
v 0.215888917 0.25526464 0.0260880236
v 0.205230013 0.256010532 0.0212841295
v 0.217711851 0.256511241 0.0243181866
v 0.215931758 0.256363809 0.0215083119
v 0.212513402 0.255935609 0.02133427
v 0.21256268 0.257766873 0.0169123337
v 0.217776358 0.258663625 0.0181655083
v 0.219079509 0.25794813 0.0246586725
v 0.217850029 0.262131184 0.0126461601
v 0.219950601 0.264738768 0.0147570614
v 0.219885454 0.261671752 0.0196388662
v 0.219163626 0.261315227 0.0266277585
v 0.21911934 0.261016935 0.0326184519
v -0.0191573668 0.25109458 0.399638772
v -0.0191573668 0.244784102 0.387445599
v -0.0191573668 0.2361902 0.376738548
v -0.0191573668 0.225651294 0.367939204
v -0.0191573668 0.213582382 0.361394197
v -0.0191573668 0.255970985 0.426523417
v -0.0191573668 0.254873127 0.412837982
v -0.0191573668 0.253953159 0.530873656
v -0.0191573668 0.245972842 0.42633009
v -0.0191573668 0.243961841 0.530327141
v -0.0191573668 0.245033666 0.414622694
v -0.0191573668 0.241801247 0.40333125
v -0.0191573668 0.236402869 0.392900407
v -0.0191573668 0.229051113 0.383740872
v -0.0191573668 0.220035464 0.376213431
v -0.0191573668 0.209710926 0.37061438
v -0.0191573668 0.198484078 0.367164254
v -0.0191573668 0.186797038 0.365998954
v -0.0191573668 0.0165340416 0.365998924
v -0.0191573668 0.186797038 0.355998933
v -0.0191573668 0.0165340416 0.355998933
v -0.0191573668 0.200458691 0.357361168
v 0.194091409 -0.00784163177 0.419626564
v 0.195132405 -0.0102794068 0.429271936
v 0.191441491 -0.00790739805 0.429271936
v 0.196258053 -0.0126575045 0.420030653
v 0.191441491 -0.00703461003 0.419295788
v 0.195457786 -0.0125424378 0.429271936
v 0.189247802 -0.0085515324 0.429271936
v 0.195121318 -0.0151535673 0.419996232
v 0.188761905 -0.00779544376 0.418998986
v 0.192584649 -0.0158582032 0.429271936
v 0.187750593 -0.0102794068 0.429271936
v 0.192818284 -0.0166538879 0.419793159
v 0.186501116 -0.0114206569 0.418839782
v 0.190298334 -0.0158582032 0.429271936
v 0.187425211 -0.0125424378 0.429271936
v 0.190056741 -0.0166810174 0.419470102
v 0.187704206 -0.0152033567 0.419127136
v 0.188374981 -0.0146221351 0.429271936
v 0.00884263217 0.0165340416 0.355998933
v 0.00884263217 0.0165340416 0.365998924
v 0.00284263189 0.0165340416 0.365998924
v 0.00284263189 0.0165340416 0.355998933
v -0.0448573679 0.0165340435 0.340134621
v -0.0131573677 0.0165340416 0.355998933
v -0.0131573677 0.0165340416 0.365998924
v -0.0191573668 0.0165340416 0.365998924
v -0.0191573668 0.0165340416 0.355998933
v -0.026157368 0.0165340416 0.355998933
v -0.026157368 0.0165340416 0.365998924
v -0.0318300165 0.0165340416 0.365998924
v -0.0448573679 0.0165340416 0.354269058
v 0.0345426314 0.0165340435 0.340134621
v 0.0158426315 0.0165340416 0.355998933
v 0.0215152819 0.0165340416 0.365998924
v 0.0158426315 0.0165340416 0.365998924
v 0.0345426314 0.0165340416 0.354269058
v -0.0443201289 0.0165340435 0.338770688
v -0.027442757 0.0165340435 0.337093174
v -0.00515736826 0.0165340435 0.336386442
v -0.0163083952 0.0165340435 0.336557448
v 0.0171280205 0.0165340435 0.337093174
v 0.0340053923 0.0165340435 0.338770688
v 0.00599365868 0.0165340435 0.336557448
v -0.179088518 -0.124202728 0.409356207
v -0.177708387 -0.135391966 0.409118116
v -0.148568109 -0.146543026 0.399832308
v -0.141258836 -0.157655373 0.397374868
v 0.203118071 -0.123034865 0.331217378
v 0.19860746 -0.121788867 0.332004815
v 0.207531437 -0.11905136 0.333946556
v 0.211950734 -0.123075575 0.3317312
v 0.216257453 -0.122052915 0.332931191
v 0.216277316 -0.118706651 0.335703164
v 0.22453621 -0.122030728 0.335191518
v 0.224478766 -0.125287771 0.33351621
v 0.228399038 -0.124759734 0.335016757
v 0.232173473 -0.123710677 0.337232798
v 0.227616072 -0.128755987 0.333910555
v -0.153873786 -0.173717037 0.400102556
v -0.166729853 -0.174017027 0.403472334
v -0.140059218 -0.18018128 0.399098903
v 0.0573426336 0.0646645054 0.352557242
v 0.0573426336 0.0627160445 0.357752562
v 0.0548426323 0.0637519136 0.356182486
v 0.0548426323 0.0613567568 0.359052777
v 0.0548426323 0.0646645054 0.352557242
v 0.0573426336 0.0582676455 0.361405969
v 0.0573426336 0.0639137849 0.348895043
v 0.0548426323 0.0560253225 0.362850994
v 0.0548426323 0.0629486442 0.347280532
v 0.0573426336 0.0535845421 0.363927454
v 0.0573426336 0.0600783601 0.344885379
v 0.0548426323 0.0510054231 0.364608824
v 0.0573426336 0.0456880182 0.364729404
v 0.0548426323 0.0430806652 0.364165634
v 0.0573426336 0.0405936055 0.363200903
v 0.0548426323 0.0382880867 0.361859024
v 0.0573426336 0.0362208635 0.360172987
v 0.0548426323 0.0322491601 0.355304569
v 0.0573426336 0.0212806929 0.340905845
v 0.0548426323 0.0212806929 0.340905845
v 0.0573426336 0.0197338797 0.337502539
v 0.0548426323 0.0195648279 0.335629135
v 0.0573426336 0.0198168959 0.333765119
v 0.0548426323 0.0204774253 0.332003891
v 0.0573426336 0.026275903 0.3275868
v -0.322707206 -0.0963950008 0.035164088
v -0.322818547 -0.106233589 0.0366313122
v -0.323293 -0.101919733 0.0354437195
v 0.0540926307 0.0587596558 0.377617896
v 0.0453426316 -0.00164808775 0.377617896
v 0.0540926307 -0.173085049 0.377617896
v 0.0453426316 0.0630738735 0.377617896
v 0.0537881516 0.0604106374 0.377617896
v 0.0516233668 0.0627454668 0.377617896
v -0.0556573682 -0.00164808775 0.377617896
v -0.064407371 -0.173085049 0.377617896
v -0.064407371 0.0587596558 0.377617896
v -0.0556573682 0.0630738735 0.377617896
v -0.0641028881 0.0604106374 0.377617896
v -0.0619381033 0.0627454668 0.377617896
v -0.0604073666 0.0630738735 0.377617896
v -0.0533174351 -0.173588112 0.377617896
v -0.0632370636 -0.175913215 0.377617896
v 0.0430027023 -0.173588112 0.377617896
v -0.0534215868 -0.176246554 0.377927095
v 0.0431068502 -0.176246554 0.377927095
v 0.0529203042 -0.175915226 0.377617896
v -0.0533242971 -0.17629227 0.377617896
v -0.0611912273 -0.177008852 0.377617896
v 0.0430095643 -0.17629227 0.377617896
v -0.050466191 -0.177086428 0.377617896
v 0.0431068502 -0.176246554 0.377927095
v -0.0534215868 -0.176246554 0.377927095
v 0.0362801328 -0.177086428 0.377617896
v 0.0471220426 -0.177086428 0.377617896
v 0.00884263217 0.186797038 0.365998954
v 0.00884263217 0.0165340416 0.365998924
v 0.00884263217 0.0165340416 0.355998933
v 0.00884263124 0.200458691 0.357361168
v 0.00884263217 0.186797038 0.355998933
v 0.00884263124 0.198484078 0.367164254
v 0.00884263124 0.209710926 0.37061438
v 0.00884263124 0.220035464 0.376213431
v 0.00884263124 0.229051113 0.383740872
v 0.00884263124 0.244784102 0.387445599
v 0.00884263124 0.236402869 0.392900407
v 0.00884263124 0.241801247 0.40333125
v 0.00884263124 0.245033666 0.414622694
v 0.00884263124 0.245972842 0.42633009
v 0.00884263124 0.213582382 0.361394197
v 0.00884263124 0.225651294 0.367939204
v 0.00884263124 0.2361902 0.376738548
v 0.00884263124 0.253953159 0.530873656
v 0.00884263124 0.243961841 0.530327141
v 0.00884263124 0.254873127 0.412837982
v 0.00884263124 0.255970985 0.426523417
v 0.00884263124 0.25109458 0.399638772
v -0.0258550942 0.242431909 0.631771922
v -0.024590876 0.21934697 0.631771922
v -0.024590876 0.21934697 0.670771897
v -0.0258550942 0.242431894 0.670771897
v 0.00743739912 -0.313480914 0.0348169729
v 0.00734583149 -0.318130761 0.0411678329
v 0.00745194778 -0.314818025 0.0307025611
v 0.00745589891 -0.309980929 0.0373598188
v 0.00750040542 -0.305654943 0.0373598188
v 0.00760313589 -0.319256842 0.00210545468
v 0.00749403844 -0.31348151 0.0265881829
v 0.00754754385 -0.309981883 0.0240453351
v 0.00771439355 -0.280196339 0.044327043
v 0.00755391084 -0.302155316 0.0348169729
v 0.00759600149 -0.300818771 0.030702563
v 0.0079005491 -0.285211802 0.00978752412
v 0.00761055015 -0.302155882 0.0265881829
v 0.00771022355 -0.310259074 -1.35618583e-08
v 0.0078005204 -0.301041573 0.000658647739
v 0.00786592718 -0.292434186 0.00402208185
v 0.00790127181 -0.280024648 0.0174359009
v 0.00786803011 -0.277339697 0.0262786746
v 0.00780380471 -0.277398705 0.0355197005
v 0.00748894224 -0.327224821 0.00678544724
v 0.0073778932 -0.333445668 0.0136186378
v 0.00749371946 -0.292776167 0.0575795174
v 0.00760782557 -0.285480738 0.0519078262
v 0.00728370063 -0.310650945 0.0613711104
v 0.00738233468 -0.301425815 0.0608315282
v 0.00733667007 -0.319016427 0.0411743037
v 0.00733416714 -0.322098166 0.036930345
v 0.00785201509 -0.319498867 0.0421464406
v 0.00727184769 -0.329187185 0.0353881381
v 0.00728000281 -0.337359369 0.0219898839
v 0.007160448 -0.337387413 0.0393154137
v 0.00720406463 -0.33861357 0.0311455242
v 0.0078086541 -0.328010321 0.0357238948
v 0.00768569671 -0.327047467 0.0550263226
v -0.137224481 0.021484036 0.407660782
v -0.110105515 0.0214840379 0.402918935
v -0.110763177 0.021484036 0.410439223
v -0.148929462 0.021484036 0.409707427
v -0.162026078 0.021484036 0.411997408
v -0.128079697 0.021484036 0.414182156
v -0.172136307 0.021484036 0.418852568
v -0.178688556 0.021484036 0.41954717
v -0.179053321 0.021484036 0.41497466
v -0.187753424 0.021484036 0.416399747
v -0.1862299 0.021484036 0.420346648
v -0.178102165 0.021484036 0.425501019
v -0.176130295 0.021484036 0.425296187
v 0.168738589 0.021484036 0.41497466
v 0.177438691 0.021484036 0.416399747
v 0.175915182 0.021484036 0.420346648
v 0.151711345 0.021484036 0.411997408
v 0.10044843 0.021484036 0.410439223
v 0.126909748 0.021484036 0.407660782
v 0.0997907743 0.0214840379 0.402918935
v 0.168373823 0.021484036 0.41954717
v 0.167787448 0.021484036 0.425501019
v 0.165815562 0.021484036 0.425296187
v 0.161821574 0.021484036 0.418852568
v 0.117764965 0.021484036 0.414182156
v 0.200497568 -0.0834529027 0.41834417
v 0.200245157 -0.0701551363 0.416586667
v 0.196443811 -0.113004245 0.419195265
v 0.183892637 -0.0871075168 0.412109017
v 0.182184175 -0.0700199604 0.409622461
v 0.193009347 -0.124202728 0.418529779
v 0.185391515 -0.113004245 0.414705604
v 0.181138739 -0.124202728 0.413757771
v 0.171760008 -0.0871075168 0.407917172
v 0.168902859 -0.0699718073 0.405007392
v 0.156563818 -0.0699670091 0.401088238
v 0.167393655 -0.135391966 0.409118116
v 0.143607065 -0.0700068548 0.397305667
v 0.124315821 -0.0851781294 0.392970681
v 0.125475377 -0.0701681376 0.39217931
v 0.178479254 -0.101844758 0.411378294
v 0.168773785 -0.124202728 0.409356207
v 0.173504904 -0.113004245 0.41043368
v 0.143636867 -0.101844758 0.400078177
v 0.122921973 -0.114375442 0.394148678
v 0.122389108 -0.126239121 0.394510537
v 0.116475172 -0.0797332898 0.390902609
v 0.109663449 -0.0702614933 0.389981687
v 0.114207178 -0.11995282 0.392334431
v 0.106048852 -0.11323642 0.391441822
v 0.0983378962 -0.0702821687 0.389982432
v 0.114798531 -0.147451356 0.393227667
v 0.108451769 -0.162168637 0.393104404
v 0.095815368 0.0042852154 0.387448847
v 0.098385103 0.0183317009 0.386971623
v 0.0983598232 -0.0291294716 0.388584167
v 0.0958320647 0.0209437553 0.386882871
v 0.0984300002 0.102610625 0.384108096
v 0.0984513313 0.142655894 0.382747501
v 0.0959048644 0.0935673937 0.384415388
v 0.0959543288 0.142917931 0.38273859
v 0.11308068 -0.164937556 0.393447876
v 0.115689464 -0.157794654 0.393529028
v 0.120021835 -0.164997742 0.394338399
v 0.122840092 -0.146742165 0.395059377
v 0.123716757 -0.159733579 0.395229578
v 0.143559054 -0.173717037 0.400102556
v 0.144305915 -0.170615762 0.400178701
v 0.130944103 -0.157655373 0.397374868
v 0.148608342 -0.157655373 0.402480096
v 0.138253391 -0.146543026 0.399832308
v -0.0448573679 0.186797038 0.354269058
v -0.0448573679 0.0165340416 0.354269058
v -0.0318300165 0.0165340416 0.365998924
v -0.026157368 0.0165340416 0.365998924
v -0.026157368 0.186797038 0.365998954
v -0.0318300165 0.186797038 0.365998954
v -0.026157368 0.193579301 0.366388798
v -0.0319030806 0.197877929 0.367045462
v -0.026157368 0.204806969 0.368805587
v -0.0358902402 0.193895429 0.362672657
v -0.0448573679 0.206205621 0.356075674
v -0.0382583775 0.206819192 0.362843663
v -0.0319867954 0.203482777 0.36839962
v -0.0322194919 0.21410875 0.372677177
v -0.026157368 0.215356514 0.373345256
v -0.0361818373 0.214946568 0.368207663
v -0.0448573679 0.224885762 0.362328917
v -0.032363005 0.219446883 0.375819057
v -0.026157368 0.222156182 0.378004313
v -0.0448573679 0.234510303 0.368497103
v -0.032621786 0.228441596 0.383128494
v -0.026157368 0.232872814 0.388035983
v -0.0400300212 0.235165715 0.377180964
v -0.0448573679 0.241803005 0.37575537
v -0.0431911573 0.244803324 0.383517861
v -0.0328226164 0.235968456 0.392242551
v -0.026157368 0.239180058 0.39763391
v -0.0448573679 0.251050532 0.392128468
v -0.0329574049 0.24158445 0.402793288
v -0.026157368 0.24351491 0.408269256
v -0.0448573679 0.254359782 0.403240532
v -0.0330332369 0.244971022 0.414282888
v -0.026157368 0.245714173 0.419541538
v -0.0448573679 0.256244391 0.416095823
v -0.0330573693 0.245972842 0.42633009
v -0.026157368 0.245972842 0.42633009
v -0.0330573693 0.243956506 0.530603349
v -0.026157368 0.243959576 0.530445218
v -0.0448573679 0.256599605 0.42633009
v -0.0448573679 0.254564971 0.531549513
v -0.0448573679 0.264266461 0.414167583
v -0.0443201289 0.265843719 0.421623677
v -0.0429970399 0.266257197 0.414035439
v -0.0443201289 0.264854908 0.406642795
v -0.0443201289 0.263526887 0.399267197
v -0.0429970399 0.265479803 0.406554222
v -0.0429970399 0.264143497 0.399132252
v -0.0443201289 0.259814382 0.386500716
v -0.0429970399 0.262419283 0.392379999
v 0.0142761404 0.219346985 0.631771922
v 0.0155403595 0.242431909 0.631771922
v 0.0155403595 0.242431894 0.670771897
v 0.0142761404 0.21934697 0.670771897
v -0.251996756 -0.124005891 0.35689652
v -0.253483146 -0.125398099 0.356499016
v -0.245351791 -0.121167988 0.35810563
v -0.254812002 -0.127039462 0.353575975
v -0.251947254 -0.12250717 0.3552908
v -0.253485948 -0.121809155 0.351536125
v -0.254546642 -0.121170625 0.344937772
v -0.25200659 -0.119548127 0.348820418
v -0.247454062 -0.119527295 0.353865772
v -0.237708628 -0.119505554 0.359864742
v -0.236913517 -0.116294436 0.355020612
v -0.242306665 -0.116152301 0.350748956
v -0.230926916 -0.116944715 0.358858556
v -0.226007983 -0.114415556 0.355674058
v -0.225168213 -0.118792586 0.362288266
v -0.221864894 -0.11588449 0.35915035
v -0.242272586 -0.114915967 0.346875519
v -0.247485846 -0.116698764 0.346236438
v -0.24741289 -0.115840152 0.342194915
v -0.252050966 -0.117873736 0.342222661
v -0.252133697 -0.11795938 0.33983916
v -0.253617823 -0.119040817 0.340081096
v -0.253663182 -0.121417187 0.336652339
v 0.135479599 -0.115071781 0.349613339
v 0.135094285 -0.11395441 0.348715425
v 0.135067508 -0.115297884 0.349593908
v 0.13160105 -0.112951189 0.349104673
v 0.132425115 -0.11489705 0.348940164
v 0.131503522 -0.112446718 0.350833774
v 0.131588042 -0.114686415 0.350682169
v 0.132538453 -0.115433425 0.350606978
v 0.127053156 -0.120034181 0.350077569
v 0.134818986 -0.115503952 0.350584805
v 0.135898188 -0.114739701 0.350650072
v 0.134818986 -0.115503952 0.350584805
v 0.141469941 -0.115736589 0.350515425
v 0.139604777 -0.115260527 0.350576639
v 0.139242142 -0.113990664 0.348974973
v 0.14064078 -0.108853824 0.350948125
v 0.144908443 -0.10074611 0.35071373
v 0.138997138 -0.113083072 0.35076493
v 0.13891004 -0.113955401 0.350218326
v -0.0500105359 0.0287452471 0.341378093
v -0.0501573682 0.0287452452 0.368560851
v -0.0551573671 0.0287452452 0.368560851
v -0.0543651208 0.0287452471 0.338833719
v -0.0551573671 0.0287452471 0.342305273
v -0.0489207245 0.0287452471 0.339877874
v -0.0471573696 0.0287452471 0.339304835
v 0.036842633 0.0287452471 0.339304835
v 0.0418305509 0.0287452471 0.336049765
v 0.039269682 0.0287452471 0.340541661
v 0.0396957994 0.0287452471 0.341378093
v 0.0448426306 0.0287452452 0.368560851
v 0.0398426317 0.0287452452 0.368560851
v 0.0446420573 0.0287452471 0.340524852
v 0.0448426306 0.0287452471 0.342305273
v 0.0430972837 0.0287452471 0.337316692
v -0.0534120165 0.0287452471 0.337316692
v -0.0521452874 0.0287452471 0.336049765
v -0.0471573696 0.0287452471 0.334304184
v -0.0489375331 0.0287452471 0.334504783
v 0.0386228003 0.0287452471 0.334504783
v 0.0403137021 0.0287452471 0.335096538
v 0.036842633 0.0287452471 0.334304184
v -0.175037518 0.11994765 0.413575381
v -0.175781637 0.116816938 0.413705796
v -0.176355764 0.119593553 0.428771943
v -0.175777897 0.122372337 0.413656324
v -0.176923156 0.117476001 0.428771943
v -0.178473324 0.123261273 0.428771943
v -0.177827403 0.114807069 0.414006144
v -0.177823678 0.124386474 0.413921207
v -0.178473324 0.115925841 0.428771943
v -0.180681631 0.125093192 0.414309859
v -0.180590883 0.114100553 0.41439417
v -0.180590883 0.123828672 0.428771943
v -0.180590883 0.115358442 0.428771943
v -0.183324799 0.124328844 0.414681792
v -0.182708442 0.115925841 0.428771943
v -0.184258595 0.121711113 0.428771943
v -0.183321163 0.114864543 0.414764643
v -0.18602246 0.119593553 0.415096223
v -0.185300499 0.116874449 0.415020466
v -0.184825987 0.119593553 0.428771943
v -0.184258595 0.117476001 0.428771943
v 0.321328163 -0.104576863 0.0353881493
v 0.321816653 -0.107739933 0.0362575315
v 0.321216762 -0.112777062 0.0393154249
v -0.0847025514 0.0530193597 0.391826481
v -0.0827250183 0.0591001175 0.391568542
v -0.0827250183 0.0592696369 0.395564944
v -0.0847025514 0.053188879 0.395822883
v -0.0818689466 0.0509624779 0.391913742
v -0.0818689466 0.0511319935 0.395910114
v -0.078442961 0.0516900383 0.391882867
v -0.078442961 0.0518595576 0.395879269
v -0.0766916946 0.0548901111 0.395750731
v -0.0766916946 0.0547205955 0.391754329
v -0.0777740404 0.0580486953 0.391613156
v -0.0777740404 0.0582182147 0.395609558
v -0.0827250183 0.0592696369 0.395564944
v -0.0827250183 0.0591001175 0.391568542
v 0.163398102 -0.100572385 0.34688434
v 0.161095679 -0.110004865 0.3468256
v 0.160354421 -0.115780897 0.346624523
v 0.161051244 -0.103886761 0.347054601
v 0.158434555 -0.108857803 0.347061843
v 0.169582143 -0.0929666758 0.347340405
v 0.162540287 -0.0998231843 0.348100662
v 0.15933986 -0.104618989 0.348328918
v 0.164078981 -0.098090671 0.3505027
v 0.161389545 -0.101581343 0.350774735
v 0.170547724 -0.0922549739 0.349739552
v 0.158137575 -0.107399888 0.350914538
v 0.173105374 -0.0906655714 0.346975237
v 0.176209614 -0.0890076309 0.349155605
v 0.178456932 -0.088719435 0.345808476
v 0.190414131 -0.0847541466 0.348258585
v 0.19084385 -0.0833987147 0.347903877
v 0.19115603 -0.0835903436 0.344843805
v 0.190982476 -0.0781163201 0.346271992
v 0.191430137 -0.0735257566 0.34128508
v 0.191123486 -0.0727500021 0.344204366
v 0.190450922 -0.0698976889 0.342915535
v 0.190923825 -0.0702707991 0.339531183
v 0.189105153 -0.0681834593 0.342060566
v 0.188581616 -0.0705846101 0.343208134
v 0.188362136 -0.069421418 0.340756387
v 0.186640397 -0.0687805489 0.340080887
v 0.187869102 -0.0719121546 0.341925055
v 0.179535732 -0.0698268861 0.340489447
v 0.186855555 -0.0719224662 0.343788087
v 0.174422458 -0.074900955 0.343034327
v 0.167059243 -0.0738397241 0.342167884
v 0.187514454 -0.0735596791 0.34449783
v 0.190982476 -0.0781163201 0.346271992
v 0.182218626 -0.0725632012 0.344016284
v 0.174151614 -0.0766185597 0.345568955
v 0.188526005 -0.0760875717 0.345511705
v 0.173144415 -0.074951537 0.344917178
v 0.164355367 -0.0788720548 0.346279651
v 0.161031649 -0.0836640447 0.347750932
v 0.168541923 -0.0771127045 0.343840837
v 0.156179637 -0.0842920393 0.347885132
v 0.159329966 -0.0821453854 0.34549427
v 0.150580212 -0.0931122303 0.349805981
v 0.15427433 -0.0813253298 0.34487623
v 0.152388111 -0.0875805393 0.346949846
v 0.149045482 -0.0909799784 0.349415064
v 0.143167138 -0.0986895636 0.350531012
v 0.14867869 -0.091286771 0.347739905
v 0.145820171 -0.0890713334 0.346953601
v 0.158361927 -0.07758075 0.343900263
v 0.151745364 -0.0814673156 0.347001344
v 0.147766218 -0.0853651911 0.347075284
v 0.168158606 0.115925841 0.428771943
v 0.17027615 0.115358442 0.428771943
v 0.17027615 0.114100553 0.41439417
v 0.172393709 0.115925841 0.428771943
v 0.167512685 0.114807069 0.414006144
v 0.173006445 0.114864543 0.414764643
v 0.166608423 0.117476001 0.428771943
v 0.174985781 0.116874449 0.415020466
v 0.165466905 0.116816938 0.413705796
v 0.174511254 0.119593553 0.428771943
v 0.166041031 0.119593553 0.428771943
v 0.174989372 0.122314744 0.414972991
v 0.1647228 0.11994765 0.413575381
v 0.172393709 0.123261273 0.428771943
v 0.165463164 0.122372337 0.413656324
v 0.173010066 0.124328844 0.414681792
v 0.168158606 0.123261273 0.428771943
v 0.17027615 0.123828672 0.428771943
v 0.16750896 0.124386474 0.413921237
v 0.170366898 0.125093192 0.414309889
v 0.0620424077 0.0510920249 0.357134223
v 0.0620424077 0.0551089384 0.359308064
v 0.0619386099 0.0526113659 0.354481041
v 0.0620424077 0.0492573231 0.352951497
v 0.0619386099 0.0571441054 0.356499135
v 0.0620424077 0.0596140437 0.3585563
v 0.0620424077 0.0627074689 0.355195969
v 0.0619386099 0.0604641326 0.352811903
v 0.0620424077 0.0632758364 0.352951497
v 0.0620424077 0.0621546023 0.348523855
v 0.0619386099 0.0522524714 0.35106644
v 0.0620424077 0.0494485162 0.350644141
v 0.0620424077 0.0519466475 0.346820474
v 0.0619386099 0.0545498729 0.348514915
v 0.0620424077 0.0562665798 0.345337421
v 0.0619386099 0.057983283 0.348514915
v 0.0620424077 0.0605865009 0.346820474
v 0.0597130023 0.0562665798 0.349027932
v 0.058442127 0.055104766 0.350157082
v 0.058442127 0.0574283823 0.350157082
v 0.0597130023 0.0591615215 0.350699306
v 0.058442127 0.0587483533 0.352069378
v 0.058442127 0.0583240353 0.350950569
v 0.058442127 0.0579243861 0.354241967
v 0.0515727475 0.0585406572 0.351332188
v -0.0720761046 0.0585406572 0.351332188
v 0.0515727475 0.0587411337 0.352726489
v -0.0720761046 0.0587411337 0.352726489
v -0.0720761046 0.0581559539 0.35400787
v -0.0720761046 0.0576181784 0.350267589
v 0.0515727475 0.0569709092 0.354769439
v -0.0720761046 0.0569709092 0.354769439
v 0.058442127 0.0556682907 0.354798079
v -0.0720761046 0.0555622466 0.354769439
v 0.0515727475 0.0562665798 0.349870712
v -0.0720761046 0.0562665798 0.349870712
v -0.0720761046 0.0549149774 0.350267589
v 0.0515727475 0.0539924987 0.351332188
v -0.0720761046 0.0539924987 0.351332188
v 0.058442127 0.0537848063 0.352069378
v 0.0515727475 0.0537920222 0.352726489
v -0.0720761046 0.0537920222 0.352726489
v 0.058442127 0.0539290383 0.353257239
v 0.0515727475 0.0543772057 0.35400787
v -0.0720761046 0.0543772057 0.35400787
v -0.152273923 -0.0813378617 0.349008232
v -0.16948168 -0.0760353729 0.347561538
v -0.179572135 -0.098072201 0.352259517
v -0.189212352 -0.08936809 0.351271093
v -0.187816396 -0.0919504389 0.351239175
v -0.194486216 -0.0885115638 0.350732028
v -0.196430132 -0.0863553435 0.350777239
v -0.206374153 -0.0822323933 0.349966019
v -0.204120681 -0.0862056091 0.350383699
v -0.194807753 -0.0895768926 0.349762231
v -0.192563832 -0.090882428 0.348489255
v -0.203074798 -0.0877883434 0.349503577
v -0.205738872 -0.08655826 0.349330902
v -0.197090104 -0.0892584845 0.348219395
v -0.209139884 -0.0819328427 0.348504514
v -0.129824519 0.22737284 0.542256653
v -0.107775018 0.233611956 0.539483964
v -0.0965979025 0.236249506 0.538406432
v -0.118940346 0.229908317 0.538597047
v -0.129909232 0.2265912 0.540128887
v -0.0966545194 0.235541016 0.536126196
v -0.118704274 0.228288382 0.536956072
v -0.107629403 0.231237978 0.535578668
v -0.107168242 0.229052961 0.534839749
v -0.129114002 0.222919926 0.537802458
v -0.133477002 0.218871891 0.538352907
v -0.109240197 0.212810367 0.534209788
v -0.12162929 0.209062144 0.536252975
v -0.133299887 0.205547541 0.539280355
v -0.108944453 0.211225182 0.534538805
v 0.212599099 -0.0129266232 0.422219008
v 0.209357217 0.000140377713 0.420985311
v 0.213210896 -0.0395719483 0.423177868
v -0.00939708855 0.118439466 0.336408436
v -0.00837130658 0.119773455 0.34581542
v -0.0100814067 0.116811864 0.345863938
v -0.00965237524 0.113598719 0.336411446
v -0.00463092327 0.120761201 0.336386293
v -0.00948749483 0.113444075 0.345919073
v -0.00515736826 0.120943077 0.345796287
v -0.00729886629 0.111269616 0.336390942
v -0.00194343016 0.119773455 0.34581542
v -0.00686746929 0.111245908 0.345955074
v -0.00164025615 0.119342901 0.336400956
v -0.00515736826 0.11078766 0.336386442
v -0.000233329294 0.116811864 0.345863938
v -0.00344726699 0.111245908 0.345955074
v -0.000918553327 0.113136463 0.336408436
v -0.00350289117 0.111069396 0.336388737
v -0.000827241398 0.113444075 0.345919073
v 0.00284263189 0.245972842 0.42633009
v 0.00284263189 0.243963078 0.530263484
v 0.00284263189 0.253954381 0.530809879
v 0.00284263189 0.254873127 0.412837982
v 0.00284263189 0.255970985 0.426523417
v 0.00284263189 0.245033666 0.414622694
v 0.00284263189 0.241801247 0.40333125
v 0.00284263189 0.236402869 0.392900407
v 0.00284263189 0.229051113 0.383740872
v 0.00284263189 0.225651294 0.367939204
v 0.00284263189 0.220035464 0.376213431
v 0.00284263189 0.209710926 0.37061438
v 0.00284263189 0.198484078 0.367164254
v 0.00284263189 0.186797038 0.365998954
v 0.00284263189 0.25109458 0.399638772
v 0.00284263189 0.244784102 0.387445599
v 0.00284263189 0.2361902 0.376738548
v 0.00284263189 0.0165340416 0.355998933
v 0.00284263189 0.0165340416 0.365998924
v 0.00284263189 0.200458691 0.357361168
v 0.00284263189 0.186797038 0.355998933
v 0.00284263189 0.213582382 0.361394197
v 0.201066479 0.0843002871 0.417770177
v 0.202873081 0.0747941285 0.418274313
v 0.199088141 0.0738616362 0.417295396
v 0.195827767 0.0626595765 0.417339325
v 0.199068055 0.0667297095 0.417543709
v 0.19977951 0.0704793334 0.417488277
v 0.190469101 0.0609181561 0.416790366
v 0.197085723 0.0769081414 0.41697377
v 0.198228091 0.0841425508 0.416843653
v 0.194063395 0.0789689198 0.416573256
v 0.190469101 0.0797227472 0.416128933
v 0.182347253 0.0568293333 0.415872931
v 0.186866179 0.0615933202 0.416316062
v 0.183781937 0.0636043623 0.415833622
v 0.181699634 0.0666590855 0.41543445
v 0.182480246 0.0841293409 0.414928943
v 0.186845526 0.0790395886 0.415699035
v 0.183752462 0.0770081505 0.415357083
v 0.181154996 0.0722415894 0.415159434
v 0.180842265 0.0870541036 0.415908843
v 0.169115394 0.0841293409 0.412819743
v 0.177783951 0.0900340304 0.415643483
v 0.142042771 0.0900340304 0.410705328
v 0.177828282 0.10143403 0.415549189
v 0.155418783 0.0875565186 0.412290037
v 0.100206405 0.0900340304 0.404924989
v 0.100144923 0.0881092176 0.404299021
v 0.0998718664 0.0859570727 0.401262879
v 0.14113602 0.0859570727 0.408478022
v 0.0998164564 0.0841293409 0.400702626
v 0.154372051 -0.0542790554 0.415866464
v 0.130030409 -0.0561707504 0.414447963
v 0.14305453 -0.0576670244 0.416765213
v 0.120663352 -0.0686021298 0.414154023
v 0.116898164 -0.0580089912 0.413250625
v 0.10019134 -0.0687972754 0.411116689
v 0.100189656 -0.0571796447 0.410631955
v 0.108585849 -0.0562070943 0.41132167
v 0.0998234674 -0.0542790554 0.406328499
v 0.126794025 -0.0542790554 0.411044359
v 0.0997604877 -0.0523706675 0.405531824
v 0.0998234674 -0.0542790554 0.406328499
v 0.0997634083 -0.0452659614 0.405280471
v 0.193783477 0.136204869 0.438570201
v 0.195932135 0.134413153 0.440396011
v 0.188637182 0.136194631 0.423784554
v 0.185533628 0.136916861 0.419726789
v 0.180051193 0.135274261 0.416038513
v 0.196053699 0.133021593 0.437766105
v 0.19121258 0.132911116 0.423219115
v 0.189326093 0.133286044 0.419881344
v 0.186918184 0.133642882 0.41798982
v 0.182596013 0.131317139 0.415944666
v 0.186092481 0.127636582 0.416460186
v 0.173010066 0.124328844 0.414681792
v 0.167020738 0.135583073 0.413755119
v 0.174989372 0.122314744 0.414972991
v 0.170366898 0.125093192 0.414309889
v 0.18449156 0.111299634 0.416382909
v 0.174985781 0.116874449 0.415020466
v 0.16750896 0.124386474 0.413921237
v 0.173006445 0.114864543 0.414764643
v 0.17027615 0.114100553 0.41439417
v 0.167512685 0.114807069 0.414006144
v 0.156209305 0.111299634 0.412475288
v 0.151964828 0.101434037 0.411975771
v 0.165466905 0.116816938 0.413705796
v 0.1647228 0.11994765 0.413575381
v 0.100307837 0.126690894 0.404616058
v 0.165463164 0.122372337 0.413656324
v 0.100237951 0.101434037 0.404828936
v 0.130724981 0.144959047 0.409025848
v 0.15511395 0.140707359 0.412477791
v -0.0680573732 0.07123404 0.371878088
v -0.0720573738 0.07123404 0.371878088
v -0.0720573738 0.072732687 0.371814519
v 0.0547005273 0.072732687 0.371814519
v -0.0680573732 0.068736285 0.371984005
v 0.0577426329 0.068736285 0.371984005
v 0.0577426329 0.07123404 0.371878088
v 0.0617426336 0.072732687 0.371814519
v 0.0617426336 0.07123404 0.371878088
v 0.194084585 -0.118234463 0.335478455
v 0.194145963 -0.116327286 0.338272333
v 0.203066096 -0.117834918 0.335050493
v 0.194277003 -0.115125656 0.341339618
v 0.194460943 -0.114639774 0.344432861
v 0.198888242 -0.114343584 0.344055027
v 0.197162852 -0.114575654 0.347116441
v 0.202806696 -0.114396028 0.346659392
v 0.185628057 -0.116093718 0.343888134
v 0.203537971 -0.115518466 0.352095038
v 0.21091792 -0.116003722 0.352001458
v 0.191482037 -0.115169585 0.347656697
v 0.196143985 -0.115654722 0.35195899
v 0.210858911 -0.117969148 0.357637137
v 0.218175218 -0.119072966 0.357314497
v 0.203469306 -0.11748375 0.357730657
v 0.214471698 -0.119719163 0.36021325
v 0.20713453 -0.118925035 0.36042133
v 0.201531142 -0.119846024 0.362449139
v 0.207441106 -0.121916458 0.365020633
v 0.211732283 -0.123341098 0.365938246
v 0.21594125 -0.126101479 0.367240787
v 0.202786788 -0.125202298 0.367814094
v 0.196065694 -0.117620699 0.357594252
v 0.198619023 -0.121445619 0.364533156
v 0.211584195 -0.127066195 0.368347257
v 0.215846419 -0.130177498 0.368753642
v 0.207101464 -0.129869819 0.369520038
v 0.211471036 -0.134572998 0.36936444
v 0.215781182 -0.135912135 0.368579
v 0.207084864 -0.136143893 0.369323969
v 0.211481765 -0.137418434 0.368639171
v 0.219955355 -0.138179019 0.366970241
v 0.207181782 -0.140167609 0.367595643
v 0.223641902 -0.139778078 0.365005851
v 0.212875471 -0.140881166 0.3665784
v 0.217623621 -0.142695159 0.364235252
v 0.221272141 -0.144333035 0.361725718
v 0.21398595 -0.147291079 0.360368907
v 0.217622101 -0.148759067 0.357673585
v 0.206657842 -0.143524989 0.365013301
v 0.206610546 -0.147719175 0.360784143
v 0.195564434 -0.145382881 0.362805367
v 0.202735767 -0.139110968 0.368246049
v 0.196613178 -0.141751096 0.366185367
v 0.188254789 -0.144543514 0.362166554
v 0.198151991 -0.134751648 0.369380087
v 0.193814903 -0.137932032 0.368035585
v 0.190948978 -0.141810119 0.365273267
v 0.198150083 -0.129760444 0.369275272
v 0.189292446 -0.134877071 0.368082583
v 0.189432561 -0.137976021 0.36724782
v 0.185362667 -0.140588775 0.364848226
v 0.185037851 -0.136490881 0.366716921
v 0.193662941 -0.131468967 0.368986845
v 0.184926569 -0.13329792 0.367219269
v 0.193720132 -0.128135741 0.368347198
v 0.189260304 -0.129859105 0.36799255
v 0.181186289 -0.140427709 0.363623828
v 0.180762276 -0.134953886 0.365795374
v 0.176636726 -0.130370021 0.364270061
v 0.185036749 -0.126816556 0.365978688
v 0.198407724 -0.123735197 0.366633713
v 0.189458087 -0.12516728 0.366221309
v 0.189694807 -0.122602902 0.364300966
v 0.189984173 -0.12063396 0.362029761
v 0.185249507 -0.124040119 0.364333779
v 0.180919811 -0.125675336 0.364022672
v 0.181184083 -0.123246551 0.362170696
v 0.188707516 -0.118378878 0.357229084
v 0.179494604 -0.12104997 0.358225614
v 0.185156494 -0.117020719 0.351327389
v 0.177278638 -0.122836687 0.359834701
v 0.181671262 -0.116998568 0.347339779
v 0.177986234 -0.118695118 0.350626171
v 0.172239423 -0.122800887 0.35674876
v 0.171067849 -0.12568523 0.35964343
v 0.1731859 -0.121032789 0.353343457
v 0.166320637 -0.124376498 0.357661068
v 0.170610845 -0.128324315 0.361104667
v 0.167778835 -0.129328579 0.360844254
v 0.173110992 -0.132111505 0.3629857
v 0.167790994 -0.133280188 0.361439377
v 0.176778316 -0.136404231 0.363995373
v 0.170654446 -0.134689569 0.361942172
v 0.171405256 -0.138507694 0.360851407
v 0.168485269 -0.137211725 0.360781938
v 0.172614664 -0.14179416 0.358668357
v 0.1809984 -0.145224512 0.358916849
v 0.166817963 -0.139672548 0.359433979
v 0.188235909 -0.150152221 0.355188906
v 0.17179434 -0.145592868 0.353452325
v 0.168055326 -0.143625766 0.355716169
v 0.166682586 -0.144878387 0.353301287
v 0.0744819865 -0.141651452 0.355811507
v 0.07038261 -0.141584352 0.355788738
v 0.163888454 -0.141794682 0.357770294
v 0.0787771121 -0.140401527 0.357297748
v 0.0745054632 -0.139468074 0.358020604
v 0.0704224408 -0.138095394 0.358899981
v 0.0704060718 -0.139400974 0.357997835
v 0.163948923 -0.137153134 0.36056301
v 0.070456557 -0.135622829 0.360043943
v 0.0704968572 -0.132962227 0.360629559
v 0.163989231 -0.134492517 0.361148655
v 0.0705414489 -0.130237982 0.360629469
v 0.164033815 -0.131768286 0.361148566
v 0.164080605 -0.129107818 0.360562801
v 0.16746819 -0.122758441 0.355710208
v 0.159338012 -0.122153446 0.354917109
v 0.11484912 -0.119160093 0.355718225
v 0.161121488 -0.112270862 0.356005639
v 0.161281303 -0.121719129 0.3540456
v 0.163081884 -0.112270281 0.355136335
v 0.162615076 -0.115834489 0.352822721
v 0.161515817 -0.120654173 0.350645423
v 0.161438406 -0.1172802 0.348270148
v 0.155383557 -0.11457216 0.347977549
v 0.157437712 -0.1084776 0.348326653
v 0.156510487 -0.111631438 0.350766003
v 0.154671371 -0.120432787 0.349762082
v 0.15019542 -0.115862928 0.350440025
v 0.156510487 -0.111631438 0.350766003
v 0.155687556 -0.105951265 0.35091731
v 0.158137575 -0.107399888 0.350914538
v 0.161389545 -0.101581343 0.350774735
v 0.160812512 -0.098965317 0.350578636
v 0.164078981 -0.098090671 0.3505027
v 0.152893558 -0.110549562 0.349133998
v 0.167137504 -0.0930576771 0.349860728
v 0.170547724 -0.0922549739 0.349739552
v 0.156212032 -0.1045876 0.349195182
v 0.170745581 -0.0905427709 0.349440366
v 0.176209614 -0.0890076309 0.349155605
v 0.164206788 -0.0953547806 0.348463923
v 0.160409302 -0.0991322622 0.348883003
v 0.154991984 -0.100635923 0.348711282
v 0.163120434 -0.0920409262 0.347644895
v 0.174161881 -0.0886338651 0.347319692
v 0.178542569 -0.0866006613 0.348645598
v 0.190414131 -0.0847541466 0.348258585
v 0.153065562 -0.102128766 0.349101782
v 0.157414168 -0.0965253636 0.348601699
v 0.161510825 -0.0917782113 0.349619597
v 0.155527189 -0.0981198847 0.350489616
v 0.150681153 -0.105449557 0.350922197
v 0.149604455 -0.108172849 0.349225581
v 0.147232249 -0.113262363 0.350703657
v 0.14852266 -0.114500806 0.348581553
v 0.150273561 -0.115354463 0.348776788
v 0.147840664 -0.115436859 0.350502491
v 0.143079355 -0.114985049 0.350580275
v 0.14451836 -0.111476608 0.350834787
v 0.150681153 -0.105449557 0.350922197
v 0.142935172 -0.114509843 0.348910719
v 0.148740038 -0.103288464 0.350863695
v 0.155527189 -0.0981198847 0.350489616
v 0.145688012 -0.108139209 0.349240035
v 0.157692641 -0.0923333764 0.349704981
v 0.142449215 -0.105710141 0.349247605
v 0.150878057 -0.0997627228 0.348934263
v 0.161261916 -0.0892360359 0.349127591
v 0.155231759 -0.0946436897 0.348340541
v 0.147799179 -0.0972373784 0.348671645
v 0.144908443 -0.10074611 0.35071373
v 0.150580212 -0.0931122303 0.349805981
v 0.157383114 -0.0872590467 0.346903622
v 0.161031649 -0.0836640447 0.347750932
v 0.158934429 -0.0911333486 0.347756207
v 0.166251689 -0.0812140033 0.345261991
v 0.174151614 -0.0766185597 0.345568955
v 0.165946871 -0.0859923884 0.346643537
v 0.170459092 -0.0834792927 0.345992059
v 0.182122409 -0.0750953704 0.343212157
v 0.187514454 -0.0735596791 0.34449783
v 0.188001245 -0.0749804825 0.343237907
v 0.186827645 -0.0782075673 0.344449729
v 0.18769899 -0.0775746778 0.346047282
v 0.19084385 -0.0833987147 0.347903877
v 0.177890927 -0.0801598206 0.346841604
v 0.188160852 -0.0806169137 0.347067714
v 0.186022371 -0.0796716139 0.346746504
v 0.169243902 -0.0839561895 0.347905725
v 0.17927596 -0.0814367682 0.347254515
v 0.186096951 -0.0804717839 0.345210016
v 0.166953221 -0.0875256956 0.348787785
v 0.188129231 -0.0820884705 0.345732093
v 0.174875766 -0.0839280412 0.346155047
v 0.168641612 -0.0880568698 0.346861094
v 0.182170138 -0.0821494907 0.34539324
v 0.187307552 -0.0832624808 0.345762312
v 0.178454727 -0.0867319182 0.346909821
v 0.186779588 -0.0842037797 0.34809041
v 0.188265905 -0.0829846635 0.347769618
v -0.012816038 -0.325538903 0.00588627718
v -0.0130350227 -0.336617887 0.0211371314
v -0.0129319187 -0.332286209 0.0126342019
v -0.0126987435 -0.317036599 0.00155381917
v -0.0125914915 -0.307611406 6.09606759e-05
v -0.0124471197 -0.289683104 0.00588627905
v -0.0125047863 -0.298186064 0.00155381998
v -0.0124380877 -0.278601974 0.0211371332
v -0.0124241393 -0.282934874 0.0126342038
v -0.0124876173 -0.27710849 0.0305626709
v -0.012904143 -0.298181951 0.0595714897
v -0.0125678424 -0.278600603 0.0399882086
v -0.0126709454 -0.282932341 0.0484911054
v -0.0127868261 -0.289679587 0.055239033
v -0.0127294157 -0.300609618 0.030562669
v -0.0127148461 -0.301946729 0.0264482591
v -0.0127714854 -0.301946133 0.034677051
v -0.0127778742 -0.30977273 0.0239054132
v -0.0128250122 -0.30544579 0.0372198969
v -0.0128313787 -0.313272357 0.0264482591
v -0.0128734717 -0.314608932 0.030562669
v -0.0130113941 -0.307607114 0.0610643476
v -0.012888019 -0.313271791 0.034677051
v -0.0131152682 -0.338110059 0.030562669
v -0.0130980993 -0.317032486 0.0595714897
v -0.0131557677 -0.325535446 0.0552390292
v -0.0131647773 -0.336616576 0.0399882048
v -0.0131787267 -0.332283646 0.0484911054
v -0.0131573677 0.213582382 0.361394197
v -0.0131573686 0.225651294 0.367939204
v -0.0131573686 0.2361902 0.376738548
v -0.0131573686 0.244784102 0.387445599
v -0.0131573686 0.25109458 0.399638772
v -0.0131573677 0.186797038 0.355998933
v -0.0131573677 0.200458691 0.357361168
v -0.0131573677 0.0165340416 0.355998933
v -0.0131573677 0.186797038 0.365998954
v -0.0131573677 0.0165340416 0.365998924
v -0.0131573677 0.198484078 0.367164254
v -0.0131573677 0.209710926 0.37061438
v -0.0131573686 0.220035464 0.376213431
v -0.0131573686 0.229051113 0.383740872
v -0.0131573686 0.236402869 0.392900407
v -0.0131573686 0.241801247 0.40333125
v -0.0131573686 0.245033666 0.414622694
v -0.0131573686 0.245972842 0.42633009
v -0.0131573686 0.243963078 0.530263484
v -0.0131573686 0.255970985 0.426523417
v -0.0131573686 0.253954381 0.530809879
v -0.0131573686 0.254873127 0.412837982
v 0.0171280205 0.206291407 0.340291202
v 0.0059911143 0.202220887 0.339163244
v -0.0163058508 0.202220887 0.339163244
v -0.00515736826 0.189971909 0.337829649
v 0.0326823033 0.209436536 0.341982216
v 0.0326823033 0.20309487 0.340864003
v 0.0340053923 0.215398625 0.344252437
v 0.0340053923 0.203013554 0.341489911
v 0.0345426314 0.219395623 0.347130775
v 0.0345426314 0.202837855 0.342842519
v 0.0326823033 0.192509621 0.33980158
v 0.0340053923 0.176656112 0.339342386
v 0.0171280205 0.193399906 0.338829398
v 0.0326823033 0.176688209 0.338712007
v 0.0059911143 0.182777151 0.337478518
v 0.0171280205 0.165885985 0.33724764
v 0.0340053923 0.160199702 0.338811725
v 0.0059911143 0.169786245 0.33683154
v 0.0326823033 0.160208315 0.338180572
v 0.0345426314 0.176586777 0.34070453
v 0.0345426314 0.0165340435 0.340134621
v 0.0340053923 0.137774527 0.338770688
v 0.0059911143 0.156781912 0.336565018
v -0.00515736826 0.1624237 0.336462915
v -0.00515736826 0.142625406 0.336386442
v -0.0163058508 0.169786245 0.33683154
v -0.0163058508 0.182777151 0.337478518
v -0.00463092327 0.120761201 0.336386293
v -0.00164025615 0.119342901 0.336400956
v -0.00939708855 0.118439466 0.336408436
v -0.000918553327 0.113136463 0.336408436
v -0.00965237524 0.113598719 0.336411446
v 0.0059911143 0.104879238 0.336557388
v -0.00350289117 0.111069396 0.336388737
v -0.00515736826 0.104875632 0.336386442
v -0.00515736826 0.11078766 0.336386442
v -0.00729886629 0.111269616 0.336390942
v 0.00599365868 0.0165340435 0.336557448
v -0.0163083952 0.0165340435 0.336557448
v -0.00515736826 0.0165340435 0.336386442
v 0.0171280205 0.0165340435 0.337093174
v 0.0326823033 0.104975969 0.338139504
v 0.025683973 0.0977262929 0.337658197
v 0.0230962336 0.0956460163 0.337484598
v 0.0283860322 0.0979023799 0.337841988
v 0.0228533186 0.0908040181 0.337468415
v 0.031207379 0.0961877555 0.338036627
v 0.025204448 0.0884879082 0.337625861
v 0.0323421434 0.0930861458 0.338115722
v 0.0326823033 0.079002887 0.338139504
v 0.0284953807 0.0881459713 0.337849498
v 0.0300439615 0.0888056308 0.337956041
v 0.0340053923 0.0165340435 0.338770688
v 0.0345426314 0.186797082 0.354268849
v 0.0345426314 0.0165340416 0.354269058
v 0.0215152819 0.0165340416 0.365998924
v 0.0345426314 0.198027089 0.354911268
v 0.0215152819 0.186797038 0.365998954
v 0.0158426315 0.0165340416 0.365998924
v 0.0158426315 0.193579301 0.366388798
v 0.0256166011 0.193940371 0.362639308
v 0.0215597525 0.195273861 0.366609126
v 0.021630995 0.200952947 0.36771661
v 0.0158426315 0.204806969 0.368805587
v 0.0345426314 0.207158506 0.356291384
v 0.0252954885 0.204760954 0.364991724
v 0.0217410289 0.20711726 0.369596243
v 0.0345426314 0.217068955 0.359010339
v 0.0259528402 0.215039223 0.368148595
v 0.02187692 0.213017076 0.372123629
v 0.0158426315 0.215356514 0.373345256
v 0.0220207255 0.218415529 0.375150919
v 0.0158426315 0.222156182 0.378004313
v 0.0345426314 0.222897723 0.361368477
v 0.0345426314 0.232014611 0.366681993
v 0.0247163698 0.223168775 0.374672353
v 0.0221635196 0.223442733 0.378705293
v 0.0222970974 0.228085041 0.382778019
v 0.0158426315 0.232872814 0.388035983
v 0.0244011711 0.230563939 0.381719857
v 0.0224118847 0.232255161 0.387281895
v 0.0225077849 0.235920563 0.392169595
v 0.0158426315 0.239180058 0.39763391
v 0.0345426314 0.238974497 0.372568429
v 0.0345426314 0.246633083 0.382765949
v 0.022641005 0.241506502 0.402604312
v 0.0158426315 0.24351491 0.408269256
v 0.0345426314 0.251155525 0.392369807
v 0.0227175318 0.244929031 0.414060831
v 0.0345426314 0.254590303 0.404286385
v 0.0158426315 0.245714173 0.419541538
v 0.0345426314 0.255951077 0.41243729
v 0.0345426314 0.256599694 0.426330537
v 0.0227426328 0.243956506 0.530603349
v 0.0227426328 0.245972842 0.42633009
v 0.0158426315 0.245972842 0.42633009
v 0.0158426315 0.243959576 0.530445218
v 0.0753970966 -0.141961366 0.398595721
v 0.073232919 -0.139249995 0.398480713
v 0.0888426304 -0.133149594 0.39822194
v 0.0746247098 -0.14534235 0.398739129
v 0.0684865862 -0.133361086 0.39808166
v 0.0683700591 -0.140358925 0.398527771
v 0.0843278095 -0.162676245 0.399474382
v 0.082217738 -0.16003269 0.399362266
v 0.0888426304 -0.165261447 0.399584025
v 0.080525592 -0.167439789 0.399676442
v 0.0888426304 -0.179226041 0.400176376
v 0.0654534474 -0.159478977 0.399338782
v 0.0714973807 -0.146847054 0.398802966
v 0.0774764493 -0.161113858 0.399408132
v 0.0767233744 -0.162676245 0.399474382
v 0.0771480352 -0.172643676 0.399897188
v 0.0788334459 -0.167053923 0.399660081
v 0.0654534474 -0.179226041 0.400176376
v 0.0637870431 -0.138395816 0.397740364
v 0.0683700591 -0.14534235 0.398739129
v 0.0675976723 -0.143739939 0.39867118
v 0.058597099 -0.179447606 0.394952863
v 0.0654987469 -0.136466458 0.398210615
v 0.058597099 -0.138066933 0.393197626
v 0.056667652 -0.179481477 0.3941544
v 0.0602351055 -0.133488551 0.393644422
v 0.0545970984 -0.138112366 0.392126799
v 0.0545970984 -0.17949304 0.393882036
v -0.0649118349 -0.17949304 0.393882036
v 0.0606033914 -0.129414126 0.392424583
v 0.0732316226 -0.132012233 0.397945136
v 0.0888426304 -0.132012233 0.397945136
v 0.0773963779 -0.129200876 0.395468891
v 0.0888426304 -0.126520962 0.392707884
v 0.0700580999 -0.128811195 0.395165533
v 0.0664718449 -0.126992553 0.392992139
v 0.0830762237 -0.125602886 0.392205685
v 0.0888426304 -0.122569978 0.391467512
v 0.072853446 -0.127210274 0.394639611
v 0.0694339946 -0.12447127 0.393814474
v 0.065756768 -0.12375652 0.391888827
v 0.00876080804 -0.307831138 0.000207963836
v 0.00853626058 -0.325758636 0.00603325013
v 0.00872754958 -0.297540784 0.0204203967
v 0.008653556 -0.317256272 0.00170082226
v 0.00884751324 -0.298405766 0.0017008232
v 0.00842037983 -0.332505882 0.0127812047
v 0.00831727684 -0.33683762 0.0212841034
v 0.00823703129 -0.338329762 0.0307096411
v 0.0089051798 -0.289902806 0.00603325153
v 0.00892816298 -0.283154577 0.0127812074
v 0.00891421176 -0.278821647 0.0212841071
v 0.00886470452 -0.277328163 0.0307096429
v 0.00817357283 -0.332503349 0.0486380793
v 0.00818752218 -0.336836278 0.0401351787
v 0.00819655415 -0.325755119 0.0553860329
v 0.00825422164 -0.317252159 0.0597184598
v 0.00834092684 -0.307826787 0.0612113215
v 0.00861895457 -0.305666417 0.024052415
v 0.00852092076 -0.31349206 0.0265952311
v 0.00863745436 -0.302166432 0.026595233
v 0.00847885106 -0.314828575 0.0307096429
v 0.00846428145 -0.313491493 0.034824051
v 0.00862288289 -0.300829351 0.0307096429
v 0.00848277938 -0.309991509 0.0373668671
v 0.00844817888 -0.298401654 0.0597184636
v 0.00852730963 -0.305665463 0.0373668708
v 0.00878445804 -0.278820306 0.0401351824
v 0.00868135411 -0.283152044 0.0486380793
v 0.00858081412 -0.302165866 0.0348240547
v 0.00856547337 -0.28989929 0.0553860329
v -0.182625592 0.278083175 0.0665492341
v -0.186205521 0.279120535 0.081076242
v -0.181739196 0.275417358 0.0812834278
v -0.179519475 0.27465713 0.0666212887
v -0.177379593 0.270819932 0.0743090957
v -0.188235402 0.280946046 0.0664411709
v -0.175045758 0.267404974 0.0772808045
v -0.183067605 0.27503407 0.0959508494
v -0.137797296 0.217722699 0.0908154994
v -0.187049076 0.27850756 0.0939981788
v -0.191822022 0.280577987 0.080888316
v -0.194544613 0.281162858 0.0663393065
v -0.197527781 0.279514462 0.0807551667
v -0.191804007 0.2798917 0.0926546156
v -0.19444631 0.279803395 0.092174083
v -0.199218601 0.278055757 0.0917213261
v -0.195601031 0.277863771 0.0945189297
v -0.200084686 0.275345951 0.094262369
v -0.191485256 0.273683667 0.0974854529
v -0.189752534 0.277513355 0.096079573
v -0.182532057 0.269779593 0.100943282
v -0.18588528 0.276920885 0.0964844152
v -0.180902958 0.27058208 0.100113384
v -0.0241798442 0.0586933345 0.184721321
v -0.0931594148 0.158320442 0.106078312
v -0.0646958053 0.120524399 0.115233377
v -0.0195196774 0.0607146174 0.128510013
v -0.0172575656 0.0565136746 0.143633857
v -0.0138800228 0.055453632 0.12931326
v -0.0126779061 0.0534721762 0.143325478
v -0.0202526916 0.0544540621 0.18667917
v -0.0227277596 0.0557098612 0.187696695
v -0.0160812084 0.0513229594 0.188162357
v -0.0170156863 0.0506435782 0.190166846
v -0.011497993 -0.300843 0.000525804702
v -0.0114325862 -0.292235583 0.00388923893
v 0.00786592718 -0.292434186 0.00402208185
v -0.0113979653 -0.285013229 0.0096546812
v 0.0078005204 -0.301041573 0.000658647739
v 0.0079005491 -0.285211802 0.00978752412
v 0.00771022355 -0.310259074 -1.35618583e-08
v -0.0113972407 -0.279826075 0.017303057
v -0.0115883136 -0.310060531 -0.00013285657
v 0.00790127181 -0.280024648 0.0174359009
v -0.0116953775 -0.319058269 0.00197258126
v -0.0114304833 -0.277141154 0.0261458009
v 0.00760313589 -0.319256842 0.00210545468
v 0.00786803011 -0.277339697 0.0262786746
v 0.00748894224 -0.327224821 0.00678544724
v -0.0114947082 -0.277200133 0.0353868268
v -0.0118095716 -0.327026248 0.00665257359
v 0.00780380471 -0.277398705 0.0355197005
v 0.0073778932 -0.333445668 0.0136186378
v 0.00771439355 -0.280196339 0.044327043
v -0.0119206207 -0.333247125 0.0134857949
v -0.0115841208 -0.279997766 0.0441942029
v -0.012018512 -0.337160796 0.02185704
v -0.0116906893 -0.285282165 0.0517749824
v 0.00728000281 -0.337359369 0.0219898839
v 0.00760782557 -0.285480738 0.0519078262
v -0.011804794 -0.292577565 0.0574466735
v -0.0120944493 -0.338414967 0.0310126804
v 0.00749371946 -0.292776167 0.0575795174
v -0.0119161783 -0.301227242 0.060698688
v 0.00738233468 -0.301425815 0.0608315282
v -0.0120148137 -0.310452402 0.0612382665
v 0.00728370063 -0.310650945 0.0613711104
v -0.0075992113 -0.338007152 0.0358882919
v -0.00381439459 -0.314428061 0.0606823303
v -0.00965652708 -0.316206098 0.0601710379
v -0.0120806778 -0.31796518 0.0595786907
v 0.00228964211 -0.315370798 0.0605139323
v 0.00721365819 -0.31870082 0.0595143288
v -0.217353523 0.0264359247 0.419813305
v -0.207666576 0.0220799539 0.418927878
v -0.210370034 0.0154427914 0.41945079
v -0.21967195 0.000140377713 0.420985311
v -0.213659912 0.00222933642 0.420267522
v -0.207637981 0.00883422513 0.419390023
v -0.206572786 -0.0126575045 0.420030653
v -0.205917567 0.00222933642 0.419437557
v -0.204406142 -0.00784163177 0.419626564
v -0.204614475 0.00678772433 0.41913563
v -0.201756224 -0.00703461003 0.419295758
v -0.20102942 0.00604086742 0.418749928
v -0.19239603 0.00222933665 0.417760968
v -0.19741568 0.00671844184 0.418278486
v -0.194322392 0.00873576012 0.41779837
v -0.19244045 0.0113459593 0.417445719
v -0.199076623 -0.00779544376 0.418998986
v -0.187596977 0.00933403522 0.416805029
v -0.196815848 -0.0114206569 0.418839782
v -0.178855404 -0.0114206569 0.416106522
v -0.174990878 0.00933403522 0.414695054
v -0.196683466 -0.03072327 0.419502318
v -0.198018938 -0.0152033567 0.419127136
v -0.200371474 -0.0166810174 0.419470102
v -0.178724021 -0.0332659632 0.416857988
v -0.154030636 -0.00893979147 0.411677927
v -0.152111799 -0.00558522297 0.411223471
v -0.164950818 -0.0190659668 0.413946331
v -0.151263043 0.00933403522 0.410546184
v -0.148991525 -0.00329175079 0.410596579
v -0.147139043 -0.00267735566 0.410250902
v -0.143252209 -0.00265461998 0.409570456
v -0.138887599 -0.00486596953 0.408885717
v -0.154427111 -0.0127791474 0.411883354
v -0.153237194 -0.0164499544 0.411805421
v -0.123545855 0.00933403522 0.40569973
v -0.137307897 -0.00671902718 0.408675164
v -0.135991901 -0.00994250737 0.408559352
v -0.151093557 -0.0188455079 0.411515534
v -0.11010053 0.00933403522 0.403348804
v -0.110094711 -0.00486596907 0.403851151
v -0.135858729 -0.0127910031 0.408637017
v -0.137247354 -0.0167816803 0.409021288
v -0.110083066 -0.0332659632 0.404855967
v -0.137148201 -0.0332659632 0.409588367
v -0.139697388 -0.0193820056 0.409541905
v -0.143258065 -0.0209419727 0.410219789
v -0.147135586 -0.0209188573 0.410896957
v -0.187683702 -0.0332659632 0.418323129
v -0.192217231 -0.0344775431 0.419030279
v -0.191063926 -0.0372377336 0.418963492
v -0.187623292 -0.0387206599 0.418506593
v -0.190995708 -0.041309163 0.419097364
v -0.187550783 -0.0452659652 0.418726772
v -0.193625256 -0.0461315326 0.419636905
v -0.196704105 -0.048139073 0.420118243
v -0.200300723 -0.0300413091 0.419931501
v -0.203133017 -0.0166538879 0.419793159
v -0.203888729 -0.0307938419 0.420375407
v -0.206905752 -0.0328510478 0.420775533
v -0.213558301 -0.0250706673 0.421215415
v -0.205436051 -0.0151535673 0.419996232
v -0.208904654 -0.0358921997 0.421096623
v -0.209596112 -0.0394560732 0.421295911
v -0.208884612 -0.0430116318 0.421344519
v -0.206877291 -0.0460326411 0.421235442
v -0.205679834 -0.0536251552 0.421655267
v -0.203868479 -0.0480694138 0.420980185
v -0.200300723 -0.0488130674 0.420591772
v -0.178609103 -0.0523706712 0.417515159
v -0.178651825 -0.0452659652 0.41727078
v -0.110075235 -0.0523706675 0.405531824
v -0.110078149 -0.0452659614 0.405280471
v -0.164686784 -0.0542790554 0.415866464
v -0.110138215 -0.0542790554 0.406328499
v -0.11890059 -0.0562070943 0.41132167
v -0.110504404 -0.0571796447 0.410631955
v -0.127212912 -0.0580089912 0.413250595
v -0.11050608 -0.0687972754 0.411116689
v -0.141131192 -0.0199436974 0.417143524
v -0.136058807 -0.0117397951 0.41583243
v -0.137909323 -0.0172962677 0.416306049
v -0.13733533 -0.00717230514 0.416161448
v -0.142118856 -0.00326108094 0.417391628
v -0.147077978 -0.0206461977 0.418708801
v -0.145397127 -0.0027547637 0.41824019
v -0.15047285 -0.0190703608 0.419605523
v -0.149924085 -0.00413115229 0.419422448
v -0.153766423 -0.0144974096 0.420465082
v -0.152144313 -0.00609309692 0.420009315
v -0.154170319 -0.0115221441 0.420561075
v -0.0650573745 -0.176986456 0.384369642
v -0.0686038062 -0.180405155 0.384473205
v -0.0674733371 -0.175489843 0.384324342
v -0.0668207258 -0.172571018 0.387625039
v -0.0650573745 -0.172835052 0.388133526
v -0.0668207258 -0.167324066 0.388788819
v -0.0650573745 -0.167299777 0.389361262
v 0.0560675897 -0.176623657 0.384358674
v -0.0650573745 -0.181454495 0.384505004
v 0.0547005273 -0.181454495 0.384505004
v -0.0580103062 -0.175141752 0.38653186
v 0.0578908548 -0.180642277 0.384480387
v 0.0547426343 -0.174446627 0.387110054
v 0.0603471659 -0.178358853 0.384411216
v 0.0476955734 -0.172804654 0.388149261
v 0.0577426329 -0.173186764 0.384254575
v 0.0617426336 -0.173186764 0.384254575
v 0.0565059893 -0.172571018 0.387625039
v 0.0617426336 -0.16307795 0.383948356
v 0.0547426343 -0.171070799 0.388862938
v 0.0575958006 -0.168935433 0.387221247
v 0.0476955734 -0.170131162 0.389113814
v 0.0577426329 -0.16307795 0.383948356
v 0.0617426336 -0.156773224 0.370767236
v -0.0580103062 -0.170131162 0.389113814
v 0.0547426343 -0.167299777 0.389361262
v -0.0650573745 0.0687362775 0.379349172
v 0.0547426343 0.0687362775 0.379349172
v 0.0565059893 -0.169131935 0.388708293
v 0.0558906831 -0.160321817 0.388836682
v 0.0558906831 0.0687362775 0.379120648
v 0.0568639524 0.0687362775 0.378469735
v 0.0568639524 -0.160349369 0.388186961
v 0.0575142726 0.0687362775 0.377495587
v 0.0577426329 -0.0973744243 0.383392483
v 0.0577426329 0.0431326292 0.377432555
v 0.0577426329 0.0599718988 0.356435269
v 0.0577426329 0.068736285 0.371984005
v 0.0577426329 0.0617431179 0.352878183
v 0.0577426329 0.0606556684 0.349056214
v 0.0577426329 0.0562665798 0.357870698
v 0.0577426329 0.07123404 0.342182845
v 0.0577426329 0.07123404 0.371878088
v 0.0577426329 0.0572771989 0.346964359
v 0.0577426329 0.0533712022 0.347694516
v 0.0577426329 -0.00645874022 0.350497335
v 0.0577426329 0.0525612496 0.356435269
v 0.0577426329 0.050790038 0.352878183
v 0.0577426329 0.0269597713 0.33808139
v 0.0577426329 0.066119507 0.337184131
v 0.0577426329 -0.111939013 0.355540007
v 0.0617426336 0.0697288439 0.338607043
v 0.0617426336 0.07123404 0.342182845
v 0.0577426329 0.07123404 0.371878088
v 0.0617426336 0.07123404 0.371878088
v 0.0617426336 0.066119507 0.337184131
v 0.0617426336 0.0269597713 0.33808139
v 0.0577426329 0.0269597713 0.33808139
v 0.0617426336 -0.00645874022 0.350497335
v 0.0577426329 -0.00645874022 0.350497335
v 0.0577426329 -0.0111418767 0.350565732
v 0.0577426329 -0.0357868187 0.345402807
v 0.0617426336 -0.0302122794 0.345531076
v 0.0617426336 -0.0613943785 0.346368611
v 0.0577426329 -0.0670830384 0.346243888
v 0.0577426329 -0.0670830384 0.346243888
v 0.0617426336 -0.0782146007 0.343978137
v 0.0577426329 -0.0910305306 0.339730382
v 0.0617426336 -0.0938434452 0.339159667
v 0.0577426329 -0.0967113972 0.339273274
v 0.0617426336 -0.0994703546 0.340064675
v 0.0577426329 -0.101962447 0.34148857
v 0.0617426336 -0.101962447 0.34148857
v 0.0617426336 -0.104045123 0.34346357
v 0.0617426336 -0.108609982 0.351222962
v 0.0577426329 -0.111939013 0.355540007
v 0.0617426336 -0.115824096 0.359364301
v 0.0577426329 -0.120193101 0.362624854
v 0.0617426336 -0.135356352 0.368477017
v 0.0577426329 -0.130050778 0.367223889
v 0.0577426329 -0.155227602 0.369737267
v 0.0617426336 -0.153412685 0.369342536
v 0.0617426336 -0.155227602 0.369737267
v 0.0577426329 -0.0967113972 0.339273274
v 0.0577426329 -0.101962447 0.34148857
v 0.0577426329 -0.0910305306 0.339730382
v 0.127594575 -0.0172962677 0.416306049
v 0.125744075 -0.0117397951 0.41583243
v 0.135082394 -0.0027547637 0.41824019
v 0.127020597 -0.00717230514 0.416161448
v 0.130816475 -0.0199436974 0.417143524
v 0.131804124 -0.00326108094 0.417391658
v 0.136763245 -0.0206461977 0.418708801
v 0.140158132 -0.0190703608 0.419605523
v 0.141829595 -0.00609309692 0.420009315
v 0.139609367 -0.00413115229 0.419422448
v 0.143451691 -0.0144974096 0.420465082
v 0.143855587 -0.0115221441 0.420561075
v -0.141039699 0.144959047 0.409025848
v -0.165428683 0.140707359 0.412477791
v -0.15338318 0.145167813 0.411874563
v -0.110676989 0.146354571 0.404450357
v -0.164989293 0.138228133 0.412026018
v -0.178175464 0.14042227 0.41555509
v -0.193387106 0.136492059 0.417662859
v -0.190365925 0.135274261 0.416038513
v -0.177335471 0.135583073 0.413755119
v -0.189784884 0.132631093 0.415501237
v -0.183324799 0.124328844 0.414681792
v -0.180681631 0.125093192 0.414309859
v -0.177823678 0.124386474 0.413921207
v -0.18602246 0.119593553 0.415096223
v -0.194806293 0.111299634 0.416382909
v -0.185300499 0.116874449 0.415020466
v -0.188143 0.10143403 0.415549189
v -0.183321163 0.114864543 0.414764643
v -0.162279561 0.101434037 0.411975771
v -0.180590883 0.114100553 0.41439417
v -0.166524038 0.111299634 0.412475288
v -0.177827403 0.114807069 0.414006144
v -0.175781637 0.116816938 0.413705796
v -0.166538134 0.123101227 0.412373275
v -0.175037518 0.11994765 0.413575381
v -0.175777897 0.122372337 0.413656324
v -0.110552698 0.101434037 0.404828936
v 0.204184592 0.263660938 0.0353881642
v 0.204673067 0.260497868 0.0362575501
v 0.204073176 0.255460739 0.0393154398
v -0.0651567206 -0.134863764 0.391989022
v -0.0669823885 -0.138100803 0.392399132
v -0.0669823885 -0.179481477 0.3941544
v -0.0689118356 -0.138066933 0.393197626
v -0.0689118356 -0.179447606 0.394952863
v -0.069845967 -0.13104324 0.392527372
v -0.0741017833 -0.138395816 0.397740364
v -0.0746201426 -0.179235727 0.399948239
v -0.0741471574 -0.123827472 0.391550809
v -0.0757681876 -0.147304997 0.398822367
v -0.0757681876 -0.179226041 0.400176376
v -0.0740850419 -0.133626863 0.396088034
v -0.0891481861 -0.167053923 0.399660081
v -0.0925324783 -0.167053923 0.399660081
v -0.0991573706 -0.179226041 0.400176376
v -0.0946425572 -0.164410338 0.399547964
v -0.0991573706 -0.158279181 0.399287879
v -0.0925324783 -0.16003269 0.399362266
v -0.0891481861 -0.16003269 0.399362266
v -0.0857118368 -0.143739939 0.39867118
v -0.0991573706 -0.132012233 0.397945136
v -0.0835476592 -0.146451265 0.398786157
v -0.0786847994 -0.14534235 0.398739129
v -0.0874627754 -0.133149594 0.39822194
v -0.08493945 -0.140358925 0.398527771
v -0.0818121284 -0.138854221 0.398463935
v -0.0759879872 -0.138775915 0.398460597
v -0.0786847994 -0.140358925 0.398527771
v -0.0779124126 -0.143739939 0.39867118
v -0.0779124126 -0.141791835 0.402592123
v -0.0786847994 -0.140358925 0.398527771
v -0.0835476592 -0.146281764 0.402782589
v -0.0786847994 -0.140189394 0.402524173
v -0.0835476592 -0.146451265 0.398786157
v -0.0818121284 -0.138854221 0.398463935
v -0.0857118368 -0.143739939 0.39867118
v -0.0818121284 -0.13868472 0.402460307
v -0.0857118368 -0.143570408 0.402667552
v -0.08493945 -0.140189394 0.402524173
v -0.08493945 -0.140358925 0.398527771
v -0.0788013339 -0.133361086 0.39808166
v -0.0835463628 -0.132012233 0.397945136
v -0.0790710971 -0.128329009 0.394585818
v -0.0877111182 -0.129200876 0.395468891
v -0.0774771422 -0.125437528 0.392662078
v -0.0991573706 -0.126520962 0.392707884
v -0.0823892802 -0.129029885 0.395464063
v -0.0809317529 -0.127165586 0.3945674
v -0.0776107982 -0.117971666 0.392215073
v -0.0923405662 -0.125636458 0.392273515
v -0.0864237621 -0.124548405 0.394086719
v -0.0991573706 -0.122569978 0.391467512
v -0.0803390816 -0.119156554 0.393864989
v -0.0776107982 -0.0740363151 0.390351474
v -0.0813058317 -0.0739617944 0.392108113
v -0.0736963078 -0.0712461099 0.389290482
v 0.0630667731 -0.0736583099 0.389392823
v -0.0758762658 -0.0668984875 0.389106065
v 0.0691764057 -0.0535656139 0.388540536
v 0.0691628978 -0.0488395877 0.388340056
v 0.0704728588 -0.0461018831 0.388223946
v -0.0767356232 -0.0691888481 0.389421433
v -0.0811234787 -0.0714797229 0.391861528
v -0.0802007914 -0.0686026514 0.390061587
v -0.0855112523 -0.0713493675 0.391856015
v -0.0845181942 -0.068359606 0.390266031
v -0.0852314457 -0.0639199242 0.388979733
v -0.0883749127 -0.0702783987 0.39011687
v -0.0864261389 -0.0739685819 0.391948223
v -0.0894517899 -0.122697286 0.392282188
v -0.0891544223 -0.0740363151 0.390351474
v -0.0912209824 -0.116239458 0.391437501
v -0.175739333 -0.0452659652 0.426666945
v -0.175762981 -0.0332659632 0.426527709
v -0.174629897 -0.0452659652 0.426395833
v 0.0695273504 -0.0550818332 0.38860485
v 0.0666501299 -0.0658751726 0.389062673
v 0.0689214766 -0.0668724254 0.389328271
v 0.0731489137 -0.0705859214 0.391804755
v 0.0708087385 -0.0714797229 0.391861528
v 0.0677396655 -0.0722013265 0.390387386
v 0.0700243413 -0.0739685819 0.391948223
v 0.0700243413 -0.119156554 0.393864989
v 0.0751446411 -0.119022965 0.394019485
v 0.0672960579 -0.117971666 0.392215073
v 0.0652294904 -0.0740661174 0.389648616
v 0.0630595163 -0.118011586 0.391274154
v -0.0362487063 0.0881398469 0.333331674
v -0.0362487063 0.0882217064 0.338330984
v -0.0338786207 0.0896628052 0.33330673
v -0.0327082612 0.0937300026 0.338240832
v -0.0390660278 0.0882217064 0.338330984
v -0.0327082612 0.0936481506 0.333241463
v -0.0390660278 0.0881398469 0.333331674
v -0.0338786207 0.0962923914 0.33819887
v -0.0426064767 0.0922251865 0.333264768
v -0.0376573689 0.0979359969 0.333171278
v -0.0426064767 0.0923070461 0.338264108
v -0.0376573689 0.0980178639 0.338170588
v -0.0403605737 0.0972242281 0.338183612
v -0.0403605737 0.097142376 0.333184272
v -0.136923715 0.0457609519 0.416865051
v -0.136468828 0.041433353 0.416619092
v -0.144389704 0.0337040536 0.41831556
v -0.138269857 0.0371535234 0.416921645
v -0.139702559 0.0496794619 0.417645603
v -0.141495571 0.0345409214 0.417630881
v -0.142425761 0.0512077138 0.418331712
v -0.145494998 0.0517182499 0.419064403
v -0.148590475 0.0511446968 0.419771075
v -0.150762051 0.0354382284 0.419909149
v -0.147466615 0.0338806733 0.419071734
v -0.153103098 0.0474411063 0.420734853
v -0.154047191 0.0399933532 0.420796812
v -0.154451966 0.0429861173 0.420955181
v -0.197180912 0.0615933202 0.416316062
v -0.19409667 0.0636043623 0.415833622
v -0.192661986 0.0568293333 0.415872931
v -0.192014351 0.0666590855 0.41543442
v -0.204357833 0.0616630763 0.417179048
v -0.179053321 0.021484036 0.41497466
v -0.192595512 0.0431793407 0.416344941
v -0.179354757 0.0716002807 0.413250744
v -0.191469729 0.0722415894 0.415159434
v -0.19406718 0.0770081505 0.415357083
v -0.2061425 0.0626595765 0.417339325
v -0.192529008 0.0295293406 0.41681692
v -0.204634815 0.0241469778 0.418527991
v -0.20102942 0.0249027535 0.418086588
v -0.197394952 0.0242171604 0.41765973
v -0.193281502 0.0210011788 0.417222887
v -0.187753424 0.021484036 0.416399747
v -0.191712886 0.0175144542 0.417124957
v -0.153838098 0.0465421565 0.409677386
v -0.154787719 0.0417136662 0.410014629
v -0.153589427 0.0380170494 0.40993613
v -0.151339084 0.0500212684 0.409117103
v -0.151250616 0.0353122093 0.409623057
v -0.162026078 0.021484036 0.411997408
v -0.148929462 0.021484036 0.409707427
v -0.147410601 0.0336866491 0.409009248
v -0.143540129 0.0334934294 0.408339351
v -0.137224481 0.021484036 0.407660782
v -0.139954388 0.0350643732 0.40765667
v -0.138487339 0.0363700539 0.407353878
v -0.136504337 0.0397697948 0.406886607
v -0.110105515 0.0214840379 0.402918935
v -0.110131204 0.0841293409 0.400702626
v -0.136222839 0.044570256 0.406667233
v -0.137381271 0.0475493893 0.40676415
v -0.16548717 0.0841293409 0.410381764
v -0.139942542 0.0503311977 0.407113373
v -0.14165704 0.0513105504 0.407378465
v -0.145494998 0.0521038808 0.40802142
v -0.149313897 0.0512677878 0.408718795
v -0.165393725 0.0859570727 0.410916001
v -0.110186607 0.0859570727 0.401262879
v -0.179396942 0.0852962658 0.413009375
v -0.139875859 0.0879545286 0.408580452
v -0.110459663 0.0881092176 0.404299021
v -0.192768112 0.0852962658 0.415119529
v -0.197160244 0.0790395886 0.415699035
v -0.179256439 0.0883676931 0.414436489
v -0.200783834 0.0797227472 0.416128933
v -0.123450734 0.0900340304 0.406711429
v -0.110459663 0.0881092176 0.404299021
v -0.110521145 0.0900340304 0.404924989
v -0.188098684 0.0900340304 0.415643483
v -0.208542809 0.0841425508 0.416843653
v -0.204378128 0.0789689198 0.416573256
v -0.207400456 0.0769081414 0.41697377
v -0.210270092 0.0742347687 0.417375237
v -0.209402859 0.0738616362 0.417295396
v -0.210094243 0.0704793334 0.417488277
v -0.209382787 0.0667297095 0.417543709
v 0.1654246 -0.0452659652 0.426666945
v 0.164315164 -0.0452659652 0.426395833
v 0.165448263 -0.0332659632 0.426527709
v 0.0158426315 0.253950864 0.530992091
v 0.0158426315 0.255970985 0.426523417
v 0.0158426315 0.254873127 0.412837982
v 0.0158426315 0.245972842 0.42633009
v 0.0158426315 0.243959576 0.530445218
v 0.0158426315 0.245714173 0.419541538
v 0.0158426315 0.244784102 0.387445599
v 0.0158426315 0.25109458 0.399638772
v 0.0158426315 0.24351491 0.408269256
v 0.0158426315 0.239180058 0.39763391
v 0.0158426315 0.232872814 0.388035983
v 0.0158426315 0.222156182 0.378004313
v 0.0158426315 0.215356514 0.373345256
v 0.0158426315 0.200458691 0.357361168
v 0.0158426315 0.204806969 0.368805587
v 0.0158426315 0.193579301 0.366388798
v 0.0158426315 0.225651294 0.367939204
v 0.0158426315 0.2361902 0.376738548
v 0.0158426315 0.213582382 0.361394197
v 0.0158426315 0.0165340416 0.355998933
v 0.0158426315 0.0165340416 0.365998924
v 0.0158426315 0.186797038 0.355998933
v 0.0311213806 0.0964233652 0.346197784
v 0.0235638842 0.0964233652 0.346197784
v 0.0223935246 0.0938609764 0.346239716
v 0.0287512932 0.097946316 0.346172839
v 0.0259339698 0.097946316 0.346172839
v 0.0318907946 0.0910727009 0.346285373
v 0.0322917402 0.0938609764 0.346239716
v 0.0235638842 0.089875631 0.346304983
v 0.0227944721 0.0910727009 0.346285373
v 0.0287512932 0.0883526802 0.346329927
v 0.0311213806 0.089875631 0.346304983
v 0.0259339698 0.0883526802 0.346329927
v -0.0327082612 0.0938609764 0.346239716
v -0.0338786207 0.0964233652 0.346197784
v -0.0376573689 0.0981488377 0.346169531
v -0.0362487063 0.0883526802 0.346329927
v -0.0338786207 0.089875631 0.346304983
v -0.0422055274 0.0952262953 0.346217394
v -0.0403605737 0.0973552018 0.346182525
v -0.0414361134 0.089875631 0.346304983
v -0.0390660278 0.0883526802 0.346329927
v -0.0422055274 0.0910727009 0.346285373
v -0.00374870514 0.111146919 0.345956713
v -0.00137862016 0.112669878 0.345931768
v -0.000208261015 0.115232259 0.345889807
v -0.00893611647 0.112669878 0.345931768
v -0.0065660309 0.111146919 0.345956713
v -0.00374870514 0.120740563 0.345799595
v -0.00137862016 0.119217604 0.345824569
v -0.00970552862 0.118020542 0.34584415
v -0.0101064751 0.115232259 0.345889807
v -0.0065660309 0.120740563 0.345799595
v 0.099811323 0.0716002807 0.401145905
v 0.168889299 0.0465421565 0.414112717
v 0.141024351 0.0500212684 0.409117103
v 0.138999179 0.0512677878 0.408718824
v 0.135180265 0.0521038808 0.40802142
v 0.131342322 0.0513105504 0.407378465
v 0.154946372 0.0465421565 0.411674738
v 0.14407371 0.0455800295 0.409807742
v 0.144472986 0.0417136662 0.410014629
v 0.14327471 0.0380170494 0.40993613
v 0.168738589 0.021484036 0.41497466
v 0.140935883 0.0353122093 0.409623057
v 0.151711345 0.021484036 0.411997408
v 0.137095869 0.0336866491 0.409009248
v 0.133225396 0.0334934294 0.408339351
v 0.126909748 0.021484036 0.407660782
v 0.12963967 0.0350643732 0.40765667
v 0.128172606 0.0363700539 0.407353878
v 0.126189604 0.0397697948 0.406886637
v 0.113117531 0.0465421565 0.404360831
v 0.125908107 0.044570256 0.406667233
v 0.0997907743 0.0214840379 0.402918935
v 0.127066538 0.0475493893 0.40676415
v 0.129627809 0.0503311977 0.407113403
v 0.126154095 0.041433353 0.416619092
v 0.14278838 0.0474411063 0.420734853
v 0.127955109 0.0371535234 0.416921645
v 0.131180853 0.0345409214 0.417630881
v 0.126608983 0.0457609519 0.416865051
v 0.134074986 0.0337040536 0.41831556
v 0.129387826 0.0496794619 0.417645633
v 0.137151882 0.0338806733 0.419071734
v 0.132111043 0.0512077138 0.418331712
v 0.140447333 0.0354382284 0.419909149
v 0.143732473 0.0399933532 0.420796812
v 0.135180265 0.0517182499 0.419064403
v 0.144137233 0.0429861173 0.420955181
v 0.138275743 0.0511446968 0.419771075
v -0.0933836699 -0.0736571997 0.389392763
v -0.0991573706 -0.0607940555 0.388847142
v -0.0918534398 -0.0681999549 0.389161289
v -0.0861488506 -0.0550638437 0.388604105
v -0.0837797001 -0.056962572 0.38868463
v -0.0808167383 -0.0562957935 0.388656348
v -0.0798199102 -0.047321368 0.388275653
v -0.0861266628 -0.0473033786 0.388274908
v 0.067953743 -0.039847184 0.387958646
v 0.0734319538 -0.0454182141 0.388194948
v 0.0758119226 -0.0473033786 0.388274908
v 0.0782280713 -0.0363809206 0.387811601
v 0.0798768327 -0.0367568992 0.387827545
v 0.076172106 -0.0321154967 0.387630671
v 0.0888426304 -0.0328648835 0.38766247
v 0.0888426304 -0.0468294695 0.388254791
v 0.0828477964 -0.0353274569 0.387766898
v 0.0828477964 -0.0305931866 0.38756609
v 0.0749167055 -0.025882585 0.387366295
v 0.0782280713 -0.0295397043 0.387521416
v -0.083746694 -0.0454182141 0.388194948
v 0.0888426304 -0.00493571628 0.386477768
v -0.0872206166 -0.0353274569 0.387766898
v -0.0872206166 -0.0305931866 0.38756609
v -0.088542819 -0.0363809206 0.387811601
v -0.0931625366 -0.0353274569 0.387766898
v -0.0991573706 -0.0328648835 0.387662441
v -0.0918403342 -0.0295397043 0.387521416
v -0.0991573706 0.0299253836 0.384999067
v -0.0852314457 -0.025882585 0.387366295
v -0.088542819 -0.0295397043 0.387521416
v 0.070650205 -0.01653325 0.386969715
v -0.0888748243 0.00503914477 0.386054665
v -0.0892489627 0.00859562494 0.385903805
v -0.0850643143 0.0116332155 0.38577497
v -0.0862706676 -0.015192369 0.386912853
v -0.0860900506 -0.00746673765 0.386585146
v -0.0839409605 -0.0171392076 0.386995435
v -0.0859791264 0.00293718558 0.386143833
v -0.0850906968 -0.00627299678 0.386534482
v -0.0821146816 -0.00566703966 0.386508793
v -0.0824780613 0.00368069299 0.386112303
v -0.0812538043 0.00503914477 0.386054665
v -0.0808796659 0.00859562494 0.385903805
v -0.0782684833 0.0160111673 0.385589272
v -0.00863885041 0.00902887527 0.385885447
v -0.0797849894 -0.00761387777 0.386591375
v -0.083515197 0.0180616584 0.385502279
v -0.0860462561 0.0262254011 0.385156006
v -0.0846649259 0.0289278626 0.385041386
v -0.0805391818 0.018667616 0.385476589
v -0.0725638568 0.03232456 0.385095775
v -0.0791578591 0.0213700775 0.38536194
v -0.0803016871 0.0288260411 0.385045677
v -0.0991573706 0.0345521681 0.385717064
v -0.0688320771 0.0308650415 0.384959191
v -0.0760553181 0.0345521681 0.385717064
v -0.0991573706 0.0366719402 0.386737049
v -0.0708836764 0.0382433385 0.387325644
v -0.0794619247 0.0442565531 0.392198175
v -0.0743770376 0.0432455055 0.391608626
v -0.0991573706 0.0442565531 0.392198175
v -0.0656079352 0.0404159985 0.386759073
v -0.0651734397 0.0365516655 0.385298193
v -0.0589136891 0.0374615379 0.384679377
v -0.0622413829 0.0425530523 0.385810018
v -0.0699036941 0.0464594252 0.391551077
v -0.0712254569 0.0476069637 0.392056078
v -0.078442961 0.0516900383 0.391882867
v -0.0818689466 0.0509624779 0.391913742
v -0.0847025514 0.0530193597 0.391826481
v -0.0766916946 0.0547205955 0.391754329
v -0.0827250183 0.0591001175 0.391568542
v -0.0991573706 0.0652177706 0.391309053
v -0.0782684833 0.0652177706 0.391309053
v -0.0777740404 0.0580486953 0.391613156
v -0.0691318065 0.0520379543 0.391868114
v -0.0677072704 0.0652080998 0.391080916
v -0.0672352389 0.0516140573 0.391176224
v -0.0615089536 0.0649729222 0.385536611
v -0.0613403544 0.0497831404 0.386043817
v -0.0548421107 0.0648872107 0.383516043
v 0.0445797294 0.0493225232 0.384176284
v 0.0445273742 0.0648872107 0.383516043
v 0.049009487 0.0496202074 0.385015041
v 0.0511942171 0.0649729222 0.385536611
v 0.0519266464 0.0425530523 0.385810018
v 0.0530126579 0.051268477 0.387611598
v 0.0564192571 0.0651805326 0.390431166
v 0.0569204986 0.0516140573 0.391176224
v 0.0585405752 0.0652177706 0.391309053
v 0.050514441 0.0353089124 0.384770691
v 0.0595889539 0.0464594252 0.391551077
v 0.0609107167 0.0476069637 0.392056078
v 0.0646009818 0.0512436293 0.391901791
v 0.055827152 0.0380141735 0.385948181
v 0.0681282207 0.0516900383 0.391882867
v 0.0669302121 0.0530193597 0.391826481
v 0.0665641055 0.0564995706 0.39167887
v 0.0689077526 0.0591001175 0.391568542
v 0.072410278 0.0591001175 0.391568542
v 0.0888426304 0.0652177706 0.391309053
v 0.0743878111 0.0530193597 0.391826481
v 0.0888426304 0.0442565531 0.392198175
v 0.0715542063 0.0509624779 0.391913742
v 0.0643648431 0.0440784357 0.392043203
v 0.0888426304 0.0366719402 0.386737049
v 0.062776953 0.0364122391 0.386471033
v 0.0888426304 0.0322741307 0.385130227
v 0.057050325 0.0354686566 0.385385215
v 0.0657405779 0.0322741307 0.385130227
v 0.0743501782 0.0289278626 0.385041386
v 0.0699869469 0.0288260411 0.385045677
v 0.0753495321 0.0277341288 0.38509202
v 0.0687334239 0.0260620862 0.38516292
v 0.075530149 0.0200084969 0.385419697
v 0.0657405779 0.0299253836 0.384999067
v 0.0688431188 0.0213700775 0.38536194
v 0.067953743 0.0160111673 0.385589272
v 0.0702244416 0.018667616 0.385476589
v 0.0789342225 0.00859562494 0.385903805
v 0.0780194104 0.010178702 0.385836661
v 0.0732004568 0.0180616584 0.385502279
v 0.0729599297 0.0112531567 0.385791063
v 0.0705649257 0.00859562494 0.385903805
v 0.070939064 0.00503914477 0.386054665
v 0.0818796679 0.00204657577 0.386181623
v 0.0785600841 0.00503914477 0.386054665
v 0.0773358271 0.00368069299 0.386112303
v 0.073834762 0.00293718558 0.386143833
v 0.0717999414 -0.00566703966 0.386508793
v 0.0757753104 -0.00746673765 0.386585146
v 0.0759559274 -0.015192369 0.386912853
v 0.067953743 -0.00493571628 0.386477768
v 0.0694702417 -0.00761387777 0.386591375
v 0.0750134513 -0.0164314285 0.386965394
v 0.0736262202 -0.0171392076 0.386995435
v -0.0809649527 -0.01653325 0.386969715
v -0.114157371 0.178495392 0.631771922
v -0.111318476 0.175500289 0.631771922
v -0.111318476 0.175500289 0.670771897
v -0.114157371 0.178495392 0.670771897
v -0.0807876065 -0.0459323749 0.392220348
v -0.083746694 -0.045248691 0.39219135
v -0.083746694 -0.0454182141 0.388194948
v -0.0861266628 -0.0471338667 0.39227131
v -0.0798199102 -0.047321368 0.388275653
v -0.0861266628 -0.0473033786 0.388274908
v -0.0808167383 -0.0561262667 0.39265275
v -0.0864776075 -0.0486501008 0.392335624
v -0.0808167383 -0.0562957935 0.388656348
v -0.0861488506 -0.0550638437 0.388604105
v -0.0837797001 -0.0567930453 0.392681032
v -0.0861488506 -0.0548943356 0.392600507
v -0.0837797001 -0.056962572 0.38868463
v -0.0824780613 0.00368069299 0.386112303
v -0.0824780613 0.00385021023 0.390108705
v -0.0812538043 0.00503914477 0.386054665
v -0.0808796659 0.00876514241 0.389900208
v -0.0859791264 0.00310670282 0.390140235
v -0.0808796659 0.00859562494 0.385903805
v -0.0859791264 0.00293718558 0.386143833
v -0.0850643143 0.0118027329 0.389771372
v -0.0888748243 0.00503914477 0.386054665
v -0.0850643143 0.0116332155 0.38577497
v -0.0888748243 0.00520866225 0.390051097
v -0.0883341506 0.0103482194 0.389833063
v -0.0892489627 0.00859562494 0.385903805
v 0.0773358271 0.00368069299 0.386112303
v 0.0773358271 0.00385021023 0.390108705
v 0.0785600841 0.00503914477 0.386054665
v 0.0789342225 0.00876514241 0.389900208
v 0.073834762 0.00310670282 0.390140235
v 0.0789342225 0.00859562494 0.385903805
v 0.073834762 0.00293718558 0.386143833
v 0.0780194104 0.0103482194 0.389833063
v 0.070939064 0.00520866225 0.390051097
v 0.0780194104 0.010178702 0.385836661
v 0.070939064 0.00503914477 0.386054665
v 0.0747495741 0.0118027329 0.389771372
v 0.0703736693 0.00694717234 0.389977336
v 0.0729599297 0.0112531567 0.385791063
v 0.0705649257 0.00859562494 0.385903805
v 0.0729599297 0.0114226742 0.389787495
v 0.0736262202 -0.0171392076 0.386995435
v 0.070650205 -0.0163637251 0.390966117
v 0.0750134513 -0.0162619036 0.390961796
v 0.070650205 -0.01653325 0.386969715
v 0.0750134513 -0.0164314285 0.386965394
v 0.0694702417 -0.00744435284 0.390587807
v 0.0759559274 -0.015192369 0.386912853
v 0.0694702417 -0.00761387777 0.386591375
v 0.0762669742 -0.013497957 0.390844584
v 0.0717999414 -0.00566703966 0.386508793
v 0.0757753104 -0.00746673765 0.386585146
v 0.0717999414 -0.0054975301 0.390505195
v 0.0757753104 -0.00729721272 0.390581548
v 0.0695273504 -0.0550818332 0.38860485
v 0.0691764057 -0.0535656139 0.388540536
v 0.0695273504 -0.054912325 0.392601252
v 0.0691628978 -0.0488395877 0.388340056
v 0.0719073191 -0.0569670126 0.388684809
v 0.0691628978 -0.0486700609 0.392336488
v 0.0719073191 -0.0567974858 0.392681211
v 0.0704728588 -0.0461018831 0.388223946
v 0.0758341029 -0.0548943356 0.392600507
v 0.0704728588 -0.0459323749 0.392220348
v 0.0758341029 -0.0550638437 0.388604105
v 0.0734319538 -0.0454182141 0.388194948
v 0.0758119226 -0.0471338667 0.39227131
v 0.0734319538 -0.045248691 0.39219135
v 0.0758119226 -0.0473033786 0.388274908
v -0.174990878 0.00933403522 0.414695054
v -0.187596977 0.00933403522 0.416805029
v -0.1862299 0.00933403429 0.420346648
v -0.151263043 0.00933403522 0.410546184
v -0.178688556 0.00933403429 0.41954717
v -0.178102165 0.00933403429 0.425501019
v -0.176130295 0.00933403429 0.425296187
v -0.172136307 0.00933403429 0.418852568
v -0.11010053 0.00933403522 0.403348804
v -0.123545855 0.00933403522 0.40569973
v -0.123535626 0.00933403522 0.412944406
v -0.110697694 0.00933403522 0.410177171
v -0.129469275 0.00933403522 0.414329499
v 0.164676145 0.00933403522 0.414695054
v 0.140948325 0.00933403522 0.410546184
v 0.113231108 0.00933403522 0.40569973
v 0.0997857898 0.00933403522 0.403348804
v 0.100382946 0.00933403522 0.410177171
v 0.113220885 0.00933403522 0.412944406
v 0.168373823 0.00933403429 0.41954717
v 0.177282244 0.00933403522 0.416805059
v 0.175915182 0.00933403429 0.420346648
v 0.161821574 0.00933403429 0.418852568
v 0.119154535 0.00933403522 0.414329499
v 0.167787448 0.00933403429 0.425501019
v 0.165815562 0.00933403429 0.425296187
v 0.0145658348 -0.0140233878 0.251308858
v 0.00842638873 -0.0191752426 0.25124228
v 0.0161307938 -0.0153175769 0.248951524
v 0.00561696198 -0.010134792 0.251170576
v 0.00950153917 -0.00526356092 0.251206845
v 3.80277629e-06 -0.0128381308 0.251102418
v 0.0185732543 -0.00708231702 0.251339376
v 0.0108881462 0.000810780039 0.251204103
v 0.0204855055 -0.00777497422 0.248984665
v 0.0199652892 0.000810780039 0.251330137
v 0.0219981801 0.000802143652 0.248974621
v 0.0208485089 -0.0078696236 0.222834423
v 0.0223611835 0.000707494561 0.222824365
v 0.0185740478 0.00870386977 0.251282245
v 0.00950214919 0.00688511319 0.251162887
v 0.0204863679 0.00937928446 0.248922586
v 0.0208493695 0.00928462762 0.222772345
v 0.0161324143 0.0169218872 0.248834848
v 0.0145673249 0.0156449396 0.251201481
v 0.0056180614 0.0117563447 0.251091331
v 0.0164954159 0.0168272294 0.222684607
v 0.0222974569 0.00522089284 0.196651533
v 0.0210313387 0.0096720187 0.196617842
v 0.0227241833 0.000612845412 0.196674138
v 0.0189689528 0.0138146356 0.196574226
v 0.0222969931 -0.00399518665 0.196684882
v 0.0161805246 0.0175076891 0.196522146
v 0.0127610136 0.0206254106 0.196463391
v 0.0210304298 -0.00844631251 0.196683407
v 0.0189676266 -0.0125889368 0.196669772
v 0.00982447155 0.0224255584 0.222571731
v 0.00882686675 0.0230616219 0.196399957
v 0.00451205764 0.0247333739 0.196334019
v 0.0164937973 -0.0154122263 0.222801268
v 0.0161788277 -0.0162819903 0.196644425
v 0.0127590019 -0.0193997119 0.19660823
v 0.00945928879 -0.020915905 0.248879164
v 0.00982228946 -0.0210105535 0.222728923
v 0.00882461201 -0.0218359306 0.196562439
v 0.00450963434 -0.0235076677 0.196508586
v 0.000895423873 -0.0219164845 0.251147658
v 0.00127567095 -0.0238947105 0.248776346
v -3.89871602e-05 -0.0243580248 0.196448535
v -0.00711871544 -0.0219164845 0.251036435
v -0.00622618338 -0.0128381308 0.251015931
v -0.00706999283 -0.0239893589 0.222505212
v -0.00466635684 -0.0243580248 0.196384296
v -0.00743299443 -0.0238947105 0.248655453
v -0.00921489391 -0.0235076677 0.196318075
v -0.0146494061 -0.0191752426 0.250921965
v -0.0118390704 -0.010134792 0.250928253
v -0.0156163136 -0.020915905 0.248531088
v -0.015253312 -0.0210105535 0.222380847
v -0.0135297021 -0.0218359306 0.196252137
v -0.0174638499 -0.0193997119 0.196188703
v -0.0207883343 -0.0140233878 0.250818104
v -0.0157231595 -0.00526356092 0.250856698
v -0.0219242536 -0.0154122263 0.22226797
v -0.020883359 -0.0162819903 0.196129948
v -0.022287257 -0.0153175769 0.248418212
v -0.0236717872 -0.0125889368 0.196077883
v -0.0247950535 -0.00708231702 0.250737339
v -0.0171091557 0.000810780039 0.250815481
v -0.0262782071 -0.0078696236 0.222180232
v -0.025734175 -0.00844631251 0.196034253
v -0.0266412105 -0.00777497422 0.248330474
v -0.0270002913 -0.00399518665 0.196000561
v -0.0261862986 0.000810780039 0.250689477
v -0.0277900212 0.000707494561 0.222128198
v -0.0274270196 0.000612845412 0.195977971
v -0.0281530228 0.00080214371 0.248278439
v -0.0269998275 0.00522089284 0.195967212
v -0.0247942619 0.00870386977 0.250680208
v -0.0157225486 0.00688511319 0.250812739
v -0.0262773465 0.00928462762 0.222118169
v -0.0257332642 0.0096720187 0.195968688
v -0.0266403481 0.00937928446 0.248268396
v -0.026157368 0.200458691 0.357361168
v -0.026157368 0.213582382 0.361394197
v -0.026157368 0.225651294 0.367939204
v -0.026157368 0.0165340416 0.355998933
v -0.026157368 0.186797038 0.355998933
v -0.026157368 0.186797038 0.365998954
v -0.026157368 0.0165340416 0.365998924
v -0.026157368 0.193579301 0.366388798
v -0.026157368 0.204806969 0.368805587
v -0.026157368 0.215356514 0.373345256
v -0.026157368 0.222156182 0.378004313
v -0.026157368 0.232872814 0.388035983
v -0.026157368 0.239180058 0.39763391
v -0.026157368 0.254873127 0.412837982
v -0.026157368 0.24351491 0.408269256
v -0.026157368 0.245714173 0.419541538
v -0.026157368 0.245972842 0.42633009
v -0.026157368 0.244784102 0.387445599
v -0.026157368 0.2361902 0.376738548
v -0.026157368 0.25109458 0.399638772
v -0.026157368 0.253950864 0.530992091
v -0.026157368 0.243959576 0.530445218
v -0.026157368 0.255970985 0.426523417
v 0.101003729 0.175500304 0.670771897
v 0.101003729 0.175500304 0.631771922
v 0.103842631 0.178495392 0.631771922
v 0.103842631 0.178495392 0.670771897
v -0.0179855917 -0.00467363279 0.413839936
v -0.0157231577 -0.00526356092 0.250856698
v -0.0141015034 -0.0095448792 0.413911462
v -0.0193715896 0.00140069297 0.41379872
v -0.0118390704 -0.010134792 0.250928253
v -0.0171091557 0.000810780039 0.250815481
v -0.00848861597 -0.0122482022 0.41399917
v -0.0179849807 0.00747502595 0.413795948
v -0.00622618292 -0.0128381308 0.251015931
v -0.0157225467 0.00688511319 0.250812739
v 3.80277629e-06 -0.0128381308 0.251102418
v -0.0118379705 0.0117563447 0.250849038
v -0.00225863024 -0.0122482022 0.414085656
v -0.0141004035 0.0123462649 0.413832277
v 0.00561696198 -0.010134792 0.251170576
v -0.00848724507 0.0150495963 0.413900405
v 0.00335452892 -0.0095448792 0.414153814
v -0.00622481108 0.0144596752 0.250917166
v 0.00723910565 -0.00467363279 0.414190084
v 5.17368335e-06 0.0144596752 0.251003653
v 0.0095015401 -0.00526356092 0.251206845
v -0.0022572591 0.0150495963 0.413986892
v 0.00862571411 0.00140069297 0.414187342
v 0.0056180614 0.0117563447 0.251091331
v 0.0108881472 0.000810780039 0.251204103
v 0.00335562858 0.0123462649 0.4140746
v 0.00950215012 0.00688511319 0.251162887
v 0.00723971613 0.00747502595 0.414146125
v -0.171541989 -0.0452659652 0.421082973
v -0.144384995 -0.0332659632 0.418078065
v -0.143443301 -0.0452659652 0.417973876
v -0.171541989 -0.0332659632 0.421082973
v -0.123084828 -0.0332659632 0.412768155
v -0.122758411 -0.0452659652 0.412874371
v -0.110538691 -0.0332659632 0.410065889
v -0.110515624 -0.0452659652 0.410282999
v -0.198903009 0.268367231 0.097408399
v -0.202993095 0.269656479 0.0953773633
v -0.200970143 0.262643188 0.0986290723
v -0.203775972 0.264171392 0.0962711275
v -0.19920817 0.257041812 0.100045726
v -0.204433188 0.26790747 0.0948519707
v -0.2028611 0.260837078 0.0957439393
v -0.203726962 0.271838546 0.0938215479
v -0.204772592 0.265732467 0.0938366205
v -0.204461843 0.271052599 0.0924636349
v -0.202244729 0.27538377 0.0918085724
v -0.205504984 0.265277237 0.0808584392
v -0.205082789 0.271066189 0.0807386562
v -0.203431889 0.259857416 0.0810386166
v -0.206364572 0.267953455 0.066236496
v -0.205448568 0.261697054 0.0662917867
v -0.20454587 0.27399081 0.0662264228
v -0.203204647 0.257667989 0.066354014
v -0.200203001 0.254117131 0.0743914917
v -0.197690204 0.250645816 0.077149123
v -0.163002491 0.199627057 0.0905342773
v -0.202245057 0.276130825 0.0807019472
v -0.200343475 0.278687418 0.0662630126
v -0.0501935445 0.0400343612 0.184443146
v -0.121275038 0.138144508 0.1057624
v -0.0856499225 0.085544996 0.117900819
v -0.0739177689 0.0756403804 0.171884432
v -0.0661079139 0.0673029795 0.176627472
v -0.0527644269 0.0368685238 0.128134832
v -0.0479041003 0.0377248302 0.187405363
v -0.047533527 0.0404527746 0.187707618
v -0.0497357883 0.0332174003 0.143267334
v -0.0496759266 0.0301127881 0.128888518
v -0.0468659103 0.0335446484 0.186846226
v -0.048318021 0.0279079154 0.142923281
v -0.0489734188 0.026380267 0.129128024
v -0.0464460254 0.0285978392 0.174682066
v -0.0449413396 0.0305970609 0.189861879
v -0.0448852889 0.0349755473 0.189488277
v -0.0405891798 0.0398428105 0.189765021
v -0.0370431058 0.0342780463 0.191553041
v -0.0432832092 0.0284291226 0.191042364
v -0.0388371199 0.0238259193 0.192763731
v -0.0283932313 0.0351470485 0.192867711
v -0.0305191241 0.039881058 0.191665709
v -0.0276149027 0.0236583706 0.194598451
v -0.0216018278 0.0393523462 0.192946777
v -0.0231180675 0.0442316979 0.191723078
v -0.0175812989 0.0312357862 0.194710299
v -0.0141534712 0.0422380604 0.19303973
v -0.0116942301 0.0335166082 0.194783762
v -0.00921246968 0.0247333739 0.196143493
v -0.0135274474 0.0230616219 0.196089655
v -0.0174618401 0.0206254106 0.196043849
v -0.0208816621 0.0175076891 0.196007669
v -0.0236704592 0.0138146356 0.195982337
v -0.00466384832 0.0255837236 0.196203575
v -0.0342341065 0.0129678948 0.194545254
v -0.0257332642 0.0096720187 0.195968688
v -0.0269998275 0.00522089284 0.195967212
v -3.64789958e-05 0.0255837236 0.196267799
v -0.0365449525 0.000608176284 0.194557905
v -0.0274270196 0.000612845412 0.195977971
v -0.0454752967 0.0038138649 0.192744017
v -0.035962753 -0.00567873474 0.194588751
v -0.0270002913 -0.00399518665 0.196000561
v -0.0448581576 -0.00735213561 0.192792997
v -0.025734175 -0.00844631251 0.196034253
v -0.0314215608 -0.0174034815 0.194694221
v -0.0236717872 -0.0125889368 0.196077883
v -0.0426726341 -0.0150355007 0.192851141
v -0.027617218 -0.0224420242 0.19476527
v -0.020883359 -0.0162819903 0.196129948
v -0.035684552 -0.0269647762 0.192991331
v -0.0305497982 -0.0339458548 0.192803428
v -0.0229518637 -0.0266956408 0.194845423
v -0.0174638499 -0.0193997119 0.196188703
v -0.0135297021 -0.0218359306 0.196252137
v -0.0116975373 -0.0323002711 0.195021942
v -0.00921489391 -0.0235076677 0.196318075
v -0.00466635684 -0.0243580248 0.196384296
v 0.000821459747 -0.033460442 0.195199922
v -3.89871602e-05 -0.0243580248 0.196448535
v 0.00450963434 -0.0235076677 0.196508586
v -0.0141576547 -0.0410338677 0.193341061
v -0.0242919922 -0.039196983 0.192700595
v -0.0203381833 -0.0445799641 0.19188492
v -0.0238947589 -0.0421274044 0.191472009
v -0.00630613603 -0.0425017178 0.193455383
v -0.0110921506 -0.0469453819 0.192220062
v 0.00168145995 -0.0425017178 0.193566248
v -0.00254845526 -0.0477756895 0.192371279
v 0.00953312591 -0.0410338677 0.193669915
v 0.00566103682 -0.05369021 0.190745607
v -0.00238019507 -0.0612324439 0.188860044
v -0.0101064751 0.115019433 0.332891554
v -0.0101064751 0.115232259 0.345889807
v -0.00970552862 0.118020542 0.34584415
v -0.00893611647 0.112457044 0.332933515
v -0.00970552862 0.117807709 0.332845896
v -0.00893611647 0.112669878 0.345931768
v -0.00786057208 0.119936615 0.332811028
v -0.00786057208 0.111525208 0.332948774
v -0.0065660309 0.120740563 0.345799595
v -0.0065660309 0.111146919 0.345956713
v -0.00515736826 0.120730244 0.332798034
v -0.00515736826 0.110731587 0.332961768
v -0.00374870514 0.120740563 0.345799595
v -0.00374870514 0.111146919 0.345956713
v -0.00137862016 0.119004779 0.332826287
v -0.00245416421 0.111525208 0.332948774
v -0.00137862016 0.119217604 0.345824569
v -0.00137862016 0.112669878 0.345931768
v -0.000208261015 0.11644239 0.332868218
v -0.00137862016 0.112457044 0.332933515
v -0.000208261015 0.115232259 0.345889807
v -0.000208261015 0.115019433 0.332891554
v -0.0403605737 0.0887309685 0.333321989
v -0.0414361134 0.089875631 0.346304983
v -0.0414361134 0.0896628052 0.33330673
v -0.0390660278 0.0883526802 0.346329927
v -0.0422055274 0.0910727009 0.346285373
v -0.0376573689 0.0879373401 0.333334982
v -0.0422055274 0.0908598751 0.33328715
v -0.0362487063 0.0883526802 0.346329927
v -0.0426064767 0.0936481506 0.333241463
v -0.0349541679 0.0887309685 0.333321989
v -0.0422055274 0.0952262953 0.346217394
v -0.0338786207 0.089875631 0.346304983
v -0.0414361134 0.0962105319 0.333199531
v -0.0338786207 0.0896628052 0.33330673
v -0.0403605737 0.0973552018 0.346182525
v -0.0327082612 0.0938609764 0.346239716
v -0.0390660278 0.0977334902 0.333174586
v -0.0327082612 0.0936481506 0.333241463
v -0.0376573689 0.0981488377 0.346169531
v -0.0338786207 0.0964233652 0.346197784
v -0.0349541679 0.097142376 0.333184272
v 0.112443663 -0.0452659652 0.412874371
v 0.112770088 -0.0332659632 0.412768155
v 0.133128569 -0.0452659652 0.417973876
v 0.100223944 -0.0332659632 0.410065889
v 0.100200884 -0.0452659652 0.410282999
v 0.134070262 -0.0332659632 0.418078065
v 0.161227271 -0.0452659652 0.421082973
v 0.161227271 -0.0332659632 0.421082973
v 0.0763479173 -0.126359716 0.394287735
v 0.0791370496 -0.122697286 0.392282188
v 0.0830762237 -0.122569978 0.391467512
v 0.0761113986 -0.0739685819 0.391948223
v 0.0827496946 -0.071226716 0.389289677
v 0.078396298 -0.0721886307 0.3903853
v 0.0760862231 -0.0664652735 0.389331162
v 0.0758341029 -0.0550638437 0.388604105
v 0.071066834 -0.0639393032 0.388980567
v 0.0719073191 -0.0569670126 0.388684809
v 0.0398426317 0.0931865498 0.367376417
v 0.0398426317 0.0988550931 0.366255432
v 0.0396957994 0.132889509 0.339672834
v 0.0398426317 0.0287452452 0.368560851
v 0.0396957994 0.0287452471 0.341378093
v 0.0398426317 0.132510483 0.353015095
v 0.039269682 0.0287452471 0.340541661
v 0.0398426317 0.133729711 0.352042645
v 0.0398426317 0.135477886 0.349478275
v 0.0398426317 0.136092797 0.346436232
v 0.039269682 0.136092812 0.338783979
v 0.038605988 0.136092812 0.338120192
v 0.0377696827 0.0862784982 0.338509679
v 0.036842633 0.0287452471 0.339304835
v 0.036842633 0.136092812 0.337547153
v 0.036842633 0.0824190304 0.338425994
v -0.0390660278 0.0882217064 0.338330984
v -0.0471573696 0.0287452471 0.339304835
v 0.0287512932 0.0882217064 0.338330984
v -0.0426064767 0.0923070461 0.338264108
v 0.0311213806 0.0897446573 0.338306069
v 0.0311213806 0.0962923914 0.33819887
v 0.0292062685 0.101588234 0.338112116
v 0.0287512932 0.0978153497 0.338173926
v 0.0259339698 0.0978153497 0.338173926
v 0.0235638842 0.0897446573 0.338306069
v -0.0362487063 0.0882217064 0.338330984
v -0.0327082612 0.0937300026 0.338240832
v 0.0223935246 0.0937300026 0.338240832
v 0.0227944721 0.0950953215 0.338218451
v -0.0338786207 0.0962923914 0.33819887
v -0.0376573689 0.0980178639 0.338170588
v -0.0471573696 0.113447458 0.337917954
v -0.0403605737 0.0972242281 0.338183612
v -0.0556573682 0.0597182624 0.363335311
v -0.0556573682 0.0607292838 0.365621746
v -0.0651573688 0.0607292838 0.365621746
v -0.0651573688 0.0597182624 0.363335311
v 0.0453426316 0.0597182624 0.363335311
v 0.0548426323 0.0597182624 0.363335311
v 0.0548426323 0.0607292838 0.365621746
v 0.0453426316 0.0607292838 0.365621746
v 0.0675976723 -0.143739939 0.39867118
v 0.0683700591 -0.140358925 0.398527771
v 0.0683700591 -0.140189394 0.402524173
v 0.073232919 -0.139249995 0.398480713
v 0.0683700591 -0.145172819 0.402735531
v 0.073232919 -0.13908048 0.402477115
v 0.0683700591 -0.14534235 0.398739129
v 0.0753970966 -0.141961366 0.398595721
v 0.0714973807 -0.146847054 0.398802966
v 0.0746247098 -0.145172819 0.402735531
v 0.0714973807 -0.146677524 0.402799368
v 0.0746247098 -0.14534235 0.398739129
v 0.0669302121 0.0530193597 0.391826481
v 0.0665641055 0.0564995706 0.39167887
v 0.0665641055 0.0566690899 0.395675272
v 0.0689077526 0.0591001175 0.391568542
v 0.0681282207 0.0518595576 0.395879269
v 0.0689077526 0.0592696369 0.395564944
v 0.0681282207 0.0516900383 0.391882867
v 0.072410278 0.0591001175 0.391568542
v 0.0715542063 0.0509624779 0.391913742
v 0.072410278 0.0592696369 0.395564944
v 0.0743878111 0.053188879 0.395822883
v 0.0743878111 0.0530193597 0.391826481
v 0.0947412029 0.0892036483 0.394005209
v 0.0943791568 -0.180421814 0.403913528
v -0.105055943 0.0892036483 0.394005209
v -0.104721971 -0.159517944 0.403145343
v -0.102233276 -0.18633765 0.404130936
v -0.104693905 -0.180421814 0.403913528
v -0.0963252485 -0.188779294 0.40422067
v -0.0340423286 -0.188779294 0.40422067
v -0.0065660309 -0.186963633 0.404153943
v -0.00917097926 -0.188779294 0.40422067
v -0.00374870514 -0.186963633 0.404153943
v 0.00928511005 -0.188779294 0.40422067
v -0.00114375737 -0.188779294 0.40422067
v 0.0860105082 -0.188779294 0.40422067
v 0.0919185355 -0.18633765 0.404130936
v 0.0937363803 -0.18362698 0.404031307
v -0.172136307 0.00933403429 0.418852568
v -0.172136307 0.021484036 0.418852568
v -0.128079697 0.021484036 0.414182156
v -0.129469275 0.00933403522 0.414329499
v -0.123535626 0.00933403522 0.412944406
v -0.110763177 0.021484036 0.410439223
v -0.110719427 0.0133669861 0.410264164
v -0.110697694 0.00933403522 0.410177171
v -0.0651573688 0.0453462526 0.326911271
v 0.0548426323 0.0453462526 0.326911271
v 0.0453426316 0.0477126688 0.328404039
v -0.0651573688 0.0440682769 0.325474709
v 0.0548426323 0.0578208789 0.33129403
v 0.0548426323 0.0440682769 0.325474709
v 0.0453426316 0.0601185001 0.332116216
v 0.0548426323 0.0622759946 0.333256513
v 0.0453426316 0.0642495602 0.334691793
v 0.0548426323 0.0659991503 0.336392999
v 0.0453426316 0.0674892664 0.3383255
v 0.0548426323 0.0686896592 0.340450168
v 0.0453426316 0.070130229 0.345100343
v 0.0548426323 0.070130229 0.345100343
v 0.0453426316 0.0712118521 0.353193432
v 0.0548426323 0.0708953738 0.35503453
v 0.0453426316 0.0677463785 0.359562457
v 0.0548426323 0.0661305189 0.360499889
v 0.0453426316 0.0597182624 0.363335311
v 0.0548426323 0.0597182624 0.363335311
v -0.0651573688 0.0391735844 0.313952863
v 0.0548426323 0.0378484353 0.310675174
v -0.00339687103 0.0352685787 0.30429399
v 0.0548426323 0.0338729955 0.300842106
v 0.00832819194 0.0338729955 0.300842106
v -0.0182684865 0.0338729955 0.300842106
v -0.0651573688 0.0338729955 0.300842106
v 0.113220885 0.00933403522 0.412944406
v 0.117764965 0.021484036 0.414182156
v 0.119154535 0.00933403522 0.414329499
v 0.161821574 0.00933403429 0.418852568
v 0.161821574 0.021484036 0.418852568
v 0.10044843 0.021484036 0.410439223
v 0.100404687 0.0133669861 0.410264164
v 0.100382946 0.00933403522 0.410177171
v -0.0198283643 -0.302765071 0.000386369822
v -0.0125914915 -0.307611406 6.09606759e-05
v -0.0198748764 -0.307536513 1.08202976e-05
v -0.0125047863 -0.298186064 0.00155381998
v -0.0232293177 -0.300822616 0.00122700713
v -0.0197881721 -0.298111111 0.00150367955
v -0.0197552834 -0.293689191 0.00333531434
v -0.024986634 -0.294852734 0.00424980419
v -0.0124471197 -0.289683104 0.00588627905
v -0.0197305065 -0.289608151 0.0058361385
v -0.0249537267 -0.289333314 0.00771782175
v -0.0197144542 -0.285968542 0.00894456729
v -0.0124241393 -0.282934874 0.0126342038
v -0.0264035035 -0.30132249 0.00353840855
v -0.0231292062 -0.284034908 0.0117752561
v -0.0197075233 -0.282859951 0.012584094
v -0.0197098851 -0.280358911 0.0166650582
v -0.0124380877 -0.278601974 0.0211371332
v -0.0231315792 -0.280458748 0.0174662042
v -0.026311364 -0.285873294 0.0132456236
v -0.0263135545 -0.282582283 0.0184828062
v -0.0197214726 -0.278527021 0.0210869927
v -0.0249605421 -0.279102236 0.0239991341
v -0.0197420176 -0.277409405 0.0257410165
v -0.0124876173 -0.27710849 0.0305626709
v -0.024997605 -0.27837196 0.0304766428
v -0.0197709817 -0.277033538 0.0305125304
v -0.0198077094 -0.277408719 0.0352840461
v -0.0250497162 -0.279101312 0.0369541198
v -0.0198512264 -0.27852571 0.0399380662
v 0.0273426324 0.0864375383 0.33335954
v 0.0319388285 0.0883410871 0.333328366
v 0.0300458372 0.0887309685 0.333321989
v 0.0273426324 0.0879373401 0.333334982
v 0.0311213806 0.0896628052 0.33330673
v 0.0318907946 0.0908598751 0.33328715
v 0.0322917402 0.0936481506 0.333241463
v 0.0227464382 0.0883410871 0.333328366
v 0.0246394295 0.0887309685 0.333321989
v 0.0235638842 0.0896628052 0.33330673
v 0.0227944721 0.0908598751 0.33328715
v 0.0329717994 0.0961862355 0.333199918
v 0.0338426307 0.0929366723 0.333253115
v 0.0300458372 0.097142376 0.333184272
v 0.0217134673 0.0961862355 0.333199918
v 0.0210641138 0.0912545696 0.333280683
v 0.0223935246 0.0936481506 0.333241463
v 0.0246394295 0.097142376 0.333184272
v 0.0273426324 0.0994357988 0.333146691
v 0.0305926315 0.0985650793 0.333160967
v 0.0240926314 0.0985650793 0.333160967
v 0.0273426324 0.0979359969 0.333171278
v -0.00190736819 0.110102504 0.33297205
v -0.00245416421 0.111525208 0.332948774
v -0.00515736826 0.110731587 0.332961768
v 0.000471796986 0.112481348 0.332933098
v -0.00137862016 0.112457044 0.332933515
v -0.00683969213 0.109453231 0.332982659
v -0.00347504392 0.109453231 0.332982659
v -0.00786057208 0.111525208 0.332948774
v -0.000208261015 0.115019433 0.332891554
v -0.0107865334 0.112481348 0.332933098
v 0.00112114998 0.117413007 0.332852364
v -0.00893611647 0.112457044 0.332933515
v -0.000208261015 0.11644239 0.332868218
v -0.0101064751 0.115019433 0.332891554
v -0.00137862016 0.119004779 0.332826287
v -0.0116573675 0.115730911 0.332879901
v -0.000561174413 0.120326497 0.33280462
v -0.00970552862 0.117807709 0.332845896
v -0.00515736826 0.120730244 0.332798034
v -0.0107865334 0.118980475 0.332826704
v -0.00347504392 0.122008592 0.332777113
v -0.00786057208 0.119936615 0.332811028
v -0.00840736739 0.121359326 0.332787722
v -0.178015649 0.10143403 0.417315215
v -0.178015649 0.0900340304 0.417315215
v -0.186860844 0.0900340304 0.418277532
v -0.186860844 0.10143403 0.418277532
v -0.172091931 0.0900340304 0.416670769
v -0.172091931 0.10143403 0.416670769
v -0.144869059 0.101434037 0.413709104
v -0.11764621 0.101434037 0.410747439
v -0.11764621 0.0900340304 0.410747439
v -0.110966779 0.0900340304 0.410020769
v -0.112687029 0.0900340304 0.410207927
v -0.112687029 0.101434037 0.410207927
v -0.111007109 0.101434037 0.41002515
v 0.0453426316 -0.00164808775 0.377617896
v 0.0453426316 0.00163871085 0.330775261
v -0.0556573682 0.00163871085 0.330775261
v -0.0556573682 -0.00164808775 0.377617896
v 0.176546112 0.10143403 0.418277532
v 0.176546112 0.0900340304 0.418277532
v 0.167700931 0.0900340304 0.417315215
v 0.167700931 0.10143403 0.417315215
v 0.100652039 0.0900340304 0.410020769
v 0.100692369 0.101434037 0.41002515
v 0.102372281 0.101434037 0.410207927
v 0.102372281 0.0900340304 0.410207927
v 0.10733147 0.101434037 0.410747439
v 0.134554341 0.101434037 0.413709104
v 0.10733147 0.0900340304 0.410747439
v 0.161777213 0.0900340304 0.416670769
v 0.161777213 0.10143403 0.416670769
v -0.1862299 0.00933403429 0.420346648
v -0.1862299 0.021484036 0.420346648
v -0.178688556 0.021484036 0.41954717
v -0.178688556 0.00933403429 0.41954717
v -0.0236704592 0.0138146356 0.195982337
v -0.0207868423 0.0156449396 0.250710726
v -0.0118379714 0.0117563447 0.250849038
v -0.0222856365 0.0169218872 0.248301551
v -0.0219226349 0.0168272294 0.222151309
v -0.0208816621 0.0175076891 0.196007669
v -0.0174618401 0.0206254106 0.196043849
v -0.0146473981 0.0207967944 0.250777304
v -0.00622481108 0.0144596752 0.250917166
v -0.0156141315 0.0225202069 0.248373896
v -0.0152511299 0.0224255584 0.222223654
v -0.0135274483 0.0230616219 0.196089655
v -0.00921246968 0.0247333739 0.196143493
v -0.0071164323 0.0235380363 0.250871927
v 0.00089770701 0.0235380363 0.250983179
v -0.00743051339 0.0254990123 0.248476714
v 5.17368335e-06 0.0144596752 0.251003653
v -0.00706751086 0.0254043639 0.222326472
v -0.00466384832 0.0255837236 0.196203575
v -3.64789958e-05 0.0255837236 0.196267799
v 0.00127815199 0.0254990123 0.248597607
v 0.00164115382 0.0254043639 0.222447366
v 0.00946147088 0.0225202069 0.248721987
v 0.00842839666 0.0207967944 0.25109762
v 0.175915182 0.021484036 0.420346648
v 0.175915182 0.00933403429 0.420346648
v 0.168373823 0.00933403429 0.41954717
v 0.168373823 0.021484036 0.41954717
v -0.0556573682 0.0438509136 0.330045402
v -0.0556573682 0.00163871085 0.330775261
v 0.0453426316 0.00163871085 0.330775261
v 0.0453426316 0.0438509136 0.330045402
v -0.00374870514 0.111015946 0.33795777
v -0.000208261015 0.115101293 0.337890863
v -0.00245416421 0.120018475 0.337810367
v -0.00786057208 0.120018475 0.337810367
v -0.00893611647 0.112538904 0.337932825
v -0.0357028246 0.136092812 0.337547153
v -0.0101064751 0.116524249 0.337867588
v -0.0101064751 0.115101293 0.337890863
v -0.0480844192 0.136092812 0.337694019
v -0.0489207245 0.0287452471 0.339877874
v -0.0495844185 0.136092812 0.338783979
v -0.0500105359 0.0287452471 0.341378093
v -0.0501573682 0.090086706 0.341300845
v -0.0501573682 0.136092797 0.340547562
v -0.0501573682 0.135937542 0.347988009
v -0.0501573682 0.0902999043 0.367552996
v -0.0501573682 0.0287452452 0.368560851
v -0.0501573682 0.101591676 0.365319997
v -0.0501573682 0.132510483 0.353015095
v -0.0501573682 0.134732097 0.3508479
v -0.176592529 -0.0332659632 0.421641827
v -0.176592529 -0.0452659652 0.421641827
v -0.186239362 -0.0452659652 0.422709227
v -0.186239362 -0.0332659632 0.422709227
v 0.0310473517 -0.129591525 0.360410213
v 0.0308771208 -0.142658114 0.352548301
v 0.0309019927 -0.13961789 0.357031971
v 0.0309283417 -0.137448952 0.358680725
v 0.0310027618 -0.13231574 0.360410303
v 0.0311856233 -0.122290179 0.357031494
v 0.0311409719 -0.124458723 0.358680397
v 0.0312260166 -0.120526798 0.354954898
v 0.0311504677 -0.128405511 0.345334053
v 0.0312602632 -0.11925102 0.352547675
v 0.0309835132 -0.138605103 0.345334351
v 0.0308924485 -0.143535033 0.347202539
v 0.0309451371 -0.14208658 0.341982782
v 0.0309826769 -0.140558049 0.33972764
v 0.0313119851 -0.118816406 0.344513178
v 0.0312867612 -0.118522525 0.349922389
v 0.0313042738 -0.118375368 0.347201824
v 0.031025447 -0.138580471 0.337853909
v 0.0310714524 -0.136246368 0.336449176
v 0.0311185382 -0.133664861 0.335579157
v 0.0311645046 -0.130956605 0.335284501
v 0.0312970169 -0.121354125 0.339727104
v 0.0313095227 -0.119825058 0.341982156
v 0.0312750451 -0.123332135 0.337853491
v 0.0312446281 -0.125666574 0.336448908
v 0.0312071983 -0.128248319 0.335579008
v 0.166277796 -0.0452659652 0.421641827
v 0.166277796 -0.0332659632 0.421641827
v 0.175924644 -0.0332659632 0.422709227
v 0.175924644 -0.0452659652 0.422709227
v 0.012914367 -0.0300194491 0.195355326
v 0.00882461201 -0.0218359306 0.196562439
v 0.01828219 -0.0266956408 0.195417821
v 0.0127590019 -0.0193997119 0.19660823
v 0.0218178127 -0.0369365178 0.193541169
v 0.0229479708 -0.0224420261 0.195467189
v 0.0161788277 -0.0162819903 0.196644425
v 0.0189676266 -0.0125889368 0.196669772
v 0.0295671765 -0.0117515493 0.195520371
v 0.0210304298 -0.00844631251 0.196683407
v 0.0307222102 -0.0273704771 0.193914607
v 0.0312951878 -0.00567873474 0.195522383
v 0.0222969931 -0.00399518665 0.196684882
v 0.0227241833 0.000612845412 0.196674138
v 0.0312958211 0.00689507974 0.19547689
v 0.0222974569 0.00522089284 0.196651533
v 0.029568417 0.0129678948 0.19543092
v 0.0210313387 0.0096720187 0.196617842
v 0.0189689528 0.0138146356 0.196574226
v 0.022950286 0.0236583706 0.195300356
v 0.0161805246 0.0175076891 0.196522146
v 0.0127610136 0.0206254106 0.196463391
v 0.0129174432 0.0312357862 0.195133671
v 0.00882686768 0.0230616219 0.196399957
v 0.00451205764 0.0247333739 0.196334019
v 0.0237763561 0.0351470485 0.193591923
v 0.0345000811 0.023377914 0.193783358
v 0.0388753936 0.0198724046 0.193363652
v 0.000824882998 0.0346767716 0.194953337
v 0.00953730848 0.0422380604 0.193368599
v 0.00023978758 0.0451517403 0.192944527
v -0.00790364295 0.0457216017 0.192620724
v -0.0142419701 0.0477535985 0.191635311
v -0.021065481 0.0519200526 0.189780921
v -0.00991342682 0.047860764 0.191340402
v -0.00370530109 0.0467498377 0.191927463
v 0.0057126563 0.047703024 0.191593111
v 0.0115145314 0.0481912009 0.191731513
v 0.0189988874 0.0440589041 0.192295566
v -0.00949681923 0.0484755486 0.189636752
v 4.74047665e-05 0.0474625789 0.190227211
v -0.00779899675 0.0503630079 0.159001619
v -0.00509598292 0.0486920178 0.174823433
v 0.00535976375 0.0483293235 0.189874724
v 0.00163615565 0.049744308 0.159063533
v -0.00130619213 0.0506760255 0.143146947
v -0.00680113398 0.0523269512 0.129769072
v 0.00463379547 0.0513507463 0.143317327
v 0.000981238787 0.051676333 0.129939675
v 0.00861395337 0.053631898 0.129828766
v 0.00879553333 0.0494775772 0.189329863
v 0.0119492346 0.055455979 0.129652217
v 0.0146955997 0.0563184582 0.144078091
v 0.0151387285 0.057980448 0.129358128
v 0.0130788479 0.0504506603 0.190595433
v 0.0122086089 0.0511440262 0.188563451
v 0.0181119926 0.0556769483 0.186561152
v 0.0180351045 0.0600802153 0.140150666
v 0.020573983 0.0645032749 0.128349647
v 0.0204998963 0.0584198162 0.185357913
v 0.0189728886 0.0554971695 0.188269377
v 0.063362062 0.119327776 0.117107794
v 0.0928456858 0.157178342 0.108665809
v 0.047187835 0.0921189636 0.173505887
v 0.184425235 0.272788525 0.10107673
v 0.138609335 0.21602352 0.0946617201
v 0.176575035 0.264920652 0.0822927654
v 0.181526214 0.267618865 0.105500013
v 0.179135054 0.26841256 0.0796054825
v 0.181688458 0.272450417 0.0716433525
v 0.184826896 0.27583012 0.0716581866
v 0.188024104 0.276834249 0.0862793401
v 0.190493792 0.278635234 0.0717067719
v 0.188514277 0.276139587 0.0992583111
v 0.187306166 0.274683356 0.101661846
v 0.19368729 0.277502775 0.0979671478
v 0.193661034 0.278222978 0.0862478763
v 0.196797222 0.27877146 0.0717803463
v 0.19067423 0.276478052 0.100305587
v 0.194644183 0.277032286 0.0993326828
v 0.192775786 0.275643408 0.100849502
v 0.186350808 0.271064579 0.104245193
v 0.0547426343 0.0687362775 0.379349172
v -0.0650573745 0.0687362775 0.379349172
v -0.0662054196 0.0687362775 0.379120648
v 0.0568639524 0.0687362775 0.378469735
v 0.0558906831 0.0687362775 0.379120648
v 0.0577426329 0.068736285 0.371984005
v 0.0575142726 0.0687362775 0.377495587
v -0.0680573732 0.0687362775 0.376346499
v -0.0680573732 0.068736285 0.371984005
v -0.0671786889 0.0687362775 0.378469735
v -0.0651573688 0.0486972965 0.328745902
v -0.0556573682 0.0477126688 0.328404039
v -0.0556573682 0.0601185001 0.332116216
v -0.0651573688 0.0601185001 0.332116216
v -0.0588240363 0.0642495602 0.334691793
v -0.0651573688 0.0659991503 0.336392999
v -0.0556573682 0.0659991503 0.336392999
v -0.0651573688 0.0686896592 0.340450168
v -0.0556573682 0.0695759729 0.342723817
v -0.0651573688 0.070130229 0.345100343
v -0.0556573682 0.0712118521 0.353193432
v -0.0651573688 0.0708953738 0.35503453
v -0.0556573682 0.0701869428 0.356763065
v -0.0651573688 0.06912034 0.358296752
v -0.0556573682 0.0677463785 0.359562457
v -0.0651573688 0.0661305189 0.360499889
v -0.0556573682 0.0597182624 0.363335311
v -0.0651573688 0.0597182624 0.363335311
v -0.103559531 0.0904330015 0.406160712
v -0.103523843 0.101693615 0.406160712
v 0.0932090953 0.101693615 0.406160712
v 0.093244791 0.0904330015 0.406160712
v -0.0447287895 -0.120414384 0.336378187
v -0.0447013304 -0.11853648 0.339630753
v -0.0447567515 -0.123167604 0.333823651
v -0.0447827391 -0.126551464 0.332194179
v -0.0448044389 -0.130265355 0.331634521
v -0.044819925 -0.133979216 0.332194388
v -0.0448278151 -0.137363091 0.333824068
v -0.0446768217 -0.117700726 0.343292385
v -0.0446574353 -0.117981397 0.347037673
v -0.0446448959 -0.119353563 0.350533932
v -0.0446403213 -0.121695265 0.353470385
v -0.0446441062 -0.124798477 0.355586201
v -0.0446559303 -0.128387421 0.356693357
v -0.044818759 -0.141994208 0.339631438
v -0.0446747281 -0.132143244 0.356693447
v -0.0446988419 -0.135732204 0.355586499
v -0.0447261184 -0.138835415 0.353470892
v -0.0447541438 -0.141177118 0.350534499
v -0.044780422 -0.142549291 0.347038388
v -0.0448026173 -0.142829955 0.343293071
v -0.0448274165 -0.140116304 0.336378753
v -0.178102165 0.00933403429 0.425501019
v -0.178102165 0.021484036 0.425501019
v -0.176130295 0.021484036 0.425296187
v -0.176130295 0.00933403429 0.425296187
v 0.167787448 0.021484036 0.425501019
v 0.167787448 0.00933403429 0.425501019
v 0.165815562 0.00933403429 0.425296187
v 0.165815562 0.021484036 0.425296187
v 0.0179452393 -0.0825534686 0.126005039
v 0.016426485 -0.133926436 0.117372923
v 0.0128755877 -0.0563099757 0.188589409
v 0.00914186146 -0.329212159 0.100822493
v 0.0150561836 -0.181864619 0.108813129
v 0.01291217 -0.259885758 0.093954213
v 0.0122786248 -0.0837780833 0.179660156
v 0.0113781951 -0.318202347 0.0821102187
v 0.010965446 -0.0582946539 0.188877076
v 0.0120025789 -0.052281227 0.190593779
v 0.0145194056 -0.0460209288 0.192114219
v 0.028746834 -0.032610178 0.193412989
v 0.0350933447 -0.0305266809 0.192603514
v 0.0401991867 -0.0224601217 0.192843407
v 0.0380507186 -0.0150355007 0.193971679
v 0.0436291657 -0.0145899281 0.192892149
v 0.0565000549 -0.0186435468 0.18952322
v 0.0536487401 -0.0256521683 0.189341009
v 0.0504823364 -0.0329409577 0.187783286
v 0.0848954618 -0.0331234969 0.179594636
v 0.0639336482 -0.0165625699 0.187511101
v 0.0497466475 -0.0335240848 0.18608129
v 0.0783424526 -0.0400008783 0.17978327
v 0.0948530957 -0.0469817445 0.173397422
v 0.0877709314 -0.0244617853 0.179610327
v 0.303300887 -0.112679966 0.108222008
v 0.238045752 -0.0929498225 0.126712158
v 0.0947793797 -0.0517395847 0.122786038
v 0.166214257 -0.0734476969 0.110517636
v 0.241098166 -0.0962972939 0.0965118706
v 0.048696734 -0.0378079899 0.129813537
v 0.307780892 -0.115002476 0.104176231
v 0.297319174 -0.113515839 0.0852166414
v 0.307331294 -0.116069764 0.0894894078
v 0.301294178 -0.114901893 0.0823498815
v 0.305488855 -0.116735891 0.0747705325
v 0.310015917 -0.117681615 0.0748202428
v 0.313094884 -0.115468971 0.10236688
v 0.316237628 -0.116699927 0.0748832375
v 0.318528324 -0.114317201 0.0894020051
v 0.31115368 -0.114873476 0.104802117
v 0.321469903 -0.113166526 0.0749295875
v 0.304124117 -0.11107447 0.109077238
v 0.314640164 -0.113078892 0.104494989
v 0.317789972 -0.113791555 0.101153404
v 0.305594027 -0.106261879 0.109622404
v 0.313752621 -0.108964466 0.105883844
v 0.319618076 -0.109922014 0.103074491
v 0.319887936 -0.112166159 0.100732505
v 0.321771294 -0.105249137 0.102884032
v 0.316629112 -0.100303091 0.105899103
v 0.322521031 -0.110102668 0.0893843919
v 0.324706674 -0.107755117 0.0749501586
v 0.322732508 -0.107946366 0.100363888
v 0.324348837 -0.104592338 0.0893897936
v 0.325346142 -0.101485297 0.0749410987
v 0.323459357 -0.101357549 0.100754604
v 0.323666513 -0.0988270789 0.0894172639
v 0.323268831 -0.0955320746 0.0749041736
v 0.322667629 -0.100270011 0.102475457
v 0.32204634 -0.0973575339 0.101518944
v 0.320602834 -0.0938958749 0.0894615725
v 0.3188501 -0.091009222 0.0748464018
v 0.320900649 -0.09667629 0.103463955
v 0.319193095 -0.0939650014 0.10272824
v 0.315736622 -0.0907301977 0.0895143375
v 0.314666212 -0.0890688524 0.0747977868
v 0.309933394 -0.0879735723 0.0827110857
v 0.305786371 -0.08664684 0.0853589103
v 0.315450251 -0.0918819457 0.10421548
v 0.250729114 -0.0669808388 0.0965572447
v 0.315947205 -0.0929212421 0.105848782
v 0.177103028 -0.0405981801 0.110551268
v 0.106853314 -0.0153327994 0.122822262
v 0.310854048 -0.0912077501 0.10811761
v 0.0703355223 -0.0021563624 0.128701538
v 0.100276388 -0.0179767068 0.174641326
v 0.102734655 -0.0206308514 0.174655065
v 0.310560703 -0.0929940417 0.108965479
v 0.308469683 -0.0976002365 0.109638028
v 0.31575793 -0.0947422087 0.106650658
v 0.189874455 -0.062037155 0.338485032
v 0.183873489 -0.0621006154 0.337266624
v 0.185311183 -0.062028259 0.341966391
v 0.1925015 -0.0629649833 0.342508793
v 0.190914854 -0.0630193353 0.336690605
v 0.193029821 -0.0630666316 0.338960052
v 0.195812106 -0.0659368113 0.344535679
v 0.194399744 -0.0670326874 0.346312046
v 0.195682287 -0.0655151978 0.338950008
v 0.189203009 -0.0647224411 0.335867167
v 0.194312498 -0.0672127083 0.337334305
v 0.191250503 -0.0683638752 0.337690264
v 0.193034679 -0.0719153881 0.339482009
v 0.196704209 -0.0711650401 0.339744478
v 0.197494149 -0.0691013485 0.341266632
v 0.196886808 -0.0706640333 0.347329617
v 0.19730249 -0.0836290717 0.35032934
v 0.195873648 -0.0776669309 0.350807756
v 0.190551087 -0.0713460371 0.348366171
v 0.190927655 -0.0808682591 0.352045983
v 0.154596508 -0.0774400309 0.350455791
v 0.152978495 -0.0727907419 0.34847334
v 0.144759968 -0.0778860003 0.350298792
v 0.140764326 -0.081699416 0.351612389
v 0.143857986 -0.0774518922 0.348607689
v 0.136836514 -0.0878440216 0.353602916
v 0.136654273 -0.0847413763 0.350888729
v 0.132138908 -0.0914716497 0.353467673
v 0.138621345 -0.0821002349 0.345332146
v 0.142632231 -0.0782447085 0.344107598
v 0.134271711 -0.0871487111 0.346667528
v 0.139218763 -0.0830866545 0.343913376
v -0.00970552862 -0.193838134 0.413771927
v -0.010106476 -0.191049501 0.413771927
v -0.00893611647 -0.188486755 0.413771927
v -0.00786057208 -0.195967346 0.413771927
v -0.00515736826 -0.196761087 0.413771927
v -0.00245416421 -0.195967346 0.413771927
v -0.00374870514 -0.186963633 0.413771927
v -0.0065660309 -0.186963633 0.413771927
v -0.000208261015 -0.191049501 0.413771927
v -0.000609208131 -0.193838134 0.413771927
v -0.00137862016 -0.188486755 0.413771927
v 0.0453426316 0.0438509136 0.330045402
v 0.0453426316 0.00163871085 0.330775261
v 0.0453426316 -0.00164808775 0.377617896
v 0.0453426316 0.0630738735 0.377617896
v -0.225779861 0.176335588 0.584792614
v -0.23351945 0.152543172 0.634607792
v -0.228266552 0.168979093 0.59637624
v -0.229733631 0.160182327 0.605901361
v -0.234147653 0.147450283 0.647612751
v -0.22493732 0.179158017 0.569917679
v -0.236116052 0.145329222 0.661419809
v -0.233411163 0.14485684 0.661748528
v -0.235659912 0.143129855 0.6773808
v -0.222763717 0.148520321 0.658014715
v -0.223368049 0.146854877 0.678848386
v -0.231447026 0.146969408 0.647910655
v -0.229297206 0.150124311 0.632212222
v -0.222144261 0.149971411 0.647190511
v -0.22155191 0.151783705 0.636490107
v -0.209239155 0.153200686 0.648729265
v -0.230185524 0.154032752 0.618258178
v -0.208640784 0.154961511 0.638001621
v -0.197458357 0.156131908 0.646404326
v -0.199675426 0.153949097 0.660627842
v -0.193799242 0.16097793 0.623111844
v -0.209860757 0.151780784 0.659572065
v -0.201929927 0.152303785 0.675222814
v -0.211100504 0.149978772 0.680127978
v -0.204813302 0.151034147 0.693788588
v -0.222124845 0.146908492 0.688997984
v -0.222799316 0.146735251 0.698958933
v -0.20930402 0.150828212 0.721771896
v -0.211539403 0.151275292 0.734475017
v -0.226772547 0.148469865 0.741403162
v -0.213195249 0.151923046 0.74464041
v -0.243656993 0.143919215 0.740437746
v -0.225996494 0.150442749 0.755450845
v -0.214311659 0.152880251 0.75459224
v -0.214639097 0.153792202 0.761760056
v -0.244580135 0.145457461 0.753070474
v -0.225245684 0.152754486 0.769420445
v -0.214101315 0.156035304 0.775537729
v -0.245262444 0.149350703 0.776002467
v -0.224519521 0.155361786 0.783324003
v -0.212999269 0.15967907 0.794587493
v -0.244708031 0.1550093 0.801687002
v -0.223137587 0.161309004 0.810969591
v -0.211764753 0.163910419 0.814077914
v -0.243164599 0.1619789 0.828867793
v -0.210375071 0.168685466 0.833965778
v -0.24211742 0.165929198 0.843092501
v -0.246581107 0.159042358 0.815043688
v -0.244608507 0.166677341 0.843081057
v -0.248312339 0.158079028 0.801110446
v -0.246685237 0.165058285 0.828284085
v -0.247698203 0.164952099 0.805273771
v -0.248145387 0.161724806 0.786460817
v -0.244350001 0.173269987 0.8571257
v -0.245008498 0.175385624 0.844334245
v -0.24314487 0.181442663 0.865458846
v -0.243369117 0.170956507 0.857725203
v -0.242940307 0.17781724 0.872172177
v -0.240415022 0.180353269 0.888256967
v -0.239525199 0.17473568 0.872785985
v -0.234479457 0.189981356 0.920439661
v -0.221221745 0.171682164 0.852089703
v -0.208806008 0.173975632 0.854183197
v -0.2070207 0.179738969 0.874719799
v -0.220032662 0.179382756 0.879323065
v -0.204148635 0.188453883 0.903737307
v -0.218906462 0.187557727 0.906443477
v -0.201280132 0.196795896 0.929763377
v -0.198189318 0.205727667 0.956033468
v -0.230879039 0.200285643 0.95071137
v -0.216829792 0.205169052 0.960337341
v -0.228264287 0.207746014 0.97170943
v 0.0450926311 -0.0495522916 0.340355992
v 0.0540926307 -0.0495522916 0.340355992
v 0.0450926311 -0.0498172753 0.338291854
v 0.0450926311 -0.0471387766 0.343675464
v 0.0540926307 -0.0493909903 0.336254984
v 0.0540926307 -0.0452569872 0.34456405
v 0.0450926311 -0.0483205244 0.334470361
v 0.0450926311 -0.0431878977 0.344786644
v 0.0540926307 -0.0467242114 0.333135277
v 0.0540926307 -0.0411601551 0.344318658
v 0.0450926311 -0.038948182 0.328972518
v 0.0450926311 -0.0336063989 0.339842975
v 0.0540926307 -0.038948182 0.328972518
v 0.0540926307 -0.0336063989 0.339842975
v 0.0450926311 -0.0349394679 0.329488099
v 0.0450926311 -0.031565275 0.336354524
v 0.0540926307 -0.0332734212 0.330679953
v 0.0540926307 -0.0314908884 0.334307402
v 0.0450926311 -0.0320813432 0.332345843
v -0.0556573682 -0.00164808775 0.377617896
v -0.0556573682 0.00163871085 0.330775261
v -0.0556573682 0.0438509136 0.330045402
v -0.0556573682 0.0630738735 0.377617896
v 0.00284263189 0.198484078 0.367164254
v 0.00884263124 0.198484078 0.367164254
v 0.00884263124 0.209710926 0.37061438
v 0.00884263217 0.186797038 0.365998954
v 0.00284263189 0.209710926 0.37061438
v 0.00284263189 0.186797038 0.365998954
v 0.00884263217 0.0165340416 0.365998924
v 0.00284263189 0.0165340416 0.365998924
v 0.00284263189 0.220035464 0.376213431
v 0.00884263124 0.220035464 0.376213431
v 0.00284263189 0.229051113 0.383740872
v 0.00884263124 0.229051113 0.383740872
v 0.00884263124 0.236402869 0.392900407
v 0.00284263189 0.236402869 0.392900407
v 0.00884263124 0.241801247 0.40333125
v 0.00284263189 0.241801247 0.40333125
v 0.00284263189 0.245033666 0.414622694
v 0.00884263124 0.245033666 0.414622694
v 0.00884263124 0.245972842 0.42633009
v 0.00284263189 0.245972842 0.42633009
v 0.00884263124 0.243961841 0.530327141
v 0.00284263189 0.243963078 0.530263484
v -0.0131573686 0.243963078 0.530263484
v -0.0191573668 0.243961841 0.530327141
v -0.0191573668 0.245972842 0.42633009
v -0.0131573686 0.245972842 0.42633009
v -0.0191573668 0.245033666 0.414622694
v -0.0131573686 0.245033666 0.414622694
v -0.0131573686 0.241801247 0.40333125
v -0.0191573668 0.241801247 0.40333125
v -0.0191573668 0.236402869 0.392900407
v -0.0131573686 0.236402869 0.392900407
v -0.0131573686 0.229051113 0.383740872
v -0.0191573668 0.229051113 0.383740872
v -0.0191573668 0.220035464 0.376213431
v -0.0131573686 0.220035464 0.376213431
v -0.0131573677 0.209710926 0.37061438
v -0.0191573668 0.209710926 0.37061438
v -0.0131573677 0.198484078 0.367164254
v -0.0191573668 0.198484078 0.367164254
v -0.0131573677 0.186797038 0.365998954
v -0.0191573668 0.186797038 0.365998954
v -0.0131573677 0.0165340416 0.365998924
v -0.0191573668 0.0165340416 0.365998924
v -0.0554073676 -0.0493909903 0.336254984
v -0.0554073676 -0.0483205244 0.334470361
v -0.064407371 -0.0493909903 0.336254984
v -0.0554073676 -0.040861588 0.329704076
v -0.0554073676 -0.0495522916 0.340355992
v -0.064407371 -0.038948182 0.328972518
v -0.064407371 -0.0486253053 0.342219144
v -0.0554073676 -0.0369010605 0.328897893
v -0.0554073676 -0.0471387766 0.343675464
v -0.064407371 -0.0332734212 0.330679953
v -0.064407371 -0.0452569872 0.34456405
v -0.0554073676 -0.0332734212 0.330679953
v -0.0554073676 -0.0431878977 0.344786644
v -0.0554073676 -0.0314908884 0.334307402
v -0.064407371 -0.0411601551 0.344318658
v -0.064407371 -0.031565275 0.336354524
v -0.0554073676 -0.0336063989 0.339842975
v 0.0224495307 -0.319957376 0.00591893122
v 0.0225236602 -0.314119548 0.00387608493
v 0.0233117305 -0.307980835 0.00506303599
v 0.0230397657 -0.316453695 0.00752394227
v 0.0225936566 -0.311281294 0.00710643176
v 0.0235574413 -0.306636184 0.0189054441
v 0.0224492587 -0.322288603 0.0116312727
v 0.0235989261 -0.296242535 0.0284140185
v 0.0237943195 -0.307985812 0.0308145918
v 0.0234173629 -0.317314118 0.0232948773
v 0.0234877933 -0.299666286 0.0394399576
v 0.0233308468 -0.3136172 0.0413871035
v 0.0223030709 -0.307659209 0.0547321029
v 0.0225168318 -0.291365564 0.0480341688
v 0.0231611114 -0.291925073 0.0509398691
v 0.0222034249 -0.319224328 0.0519224703
v 0.022893602 -0.299500883 0.0540938303
v 0.0225051921 -0.286375582 0.0480266921
v 0.0223535392 -0.295985579 0.055691056
v 0.0193211474 -0.286714703 0.0520067625
v 0.0210766327 -0.289806932 0.0535544604
v 0.0159077104 -0.286335051 0.0523277447
v 0.00856547337 -0.28989929 0.0553860329
v 0.0158488601 -0.289974242 0.0554361753
v 0.0157896578 -0.294054896 0.0579369701
v 0.0209959783 -0.295325875 0.0570225082
v 0.00844817888 -0.298401654 0.0597184636
v 0.0157315414 -0.298476607 0.0597686023
v 0.0191478152 -0.298662305 0.0593288131
v 0.0156759657 -0.303130418 0.0608859435
v 0.00834092684 -0.307826787 0.0612113215
v 0.020917844 -0.301478207 0.0591754317
v 0.0190931242 -0.303241789 0.0604282692
v 0.0156242903 -0.30790177 0.0612614602
v 0.0208461769 -0.307955474 0.0599052608
v 0.0222794097 -0.301823407 0.0577339046
v 0.0229572766 -0.3079772 0.056557022
v 0.0155777773 -0.312673151 0.0608859435
v 0.00825422164 -0.317252159 0.0597184598
v 0.0189965107 -0.312632114 0.0604282692
v 0.0155375851 -0.317327112 0.0597686023
v 0.0207845625 -0.31443283 0.0591754317
v 0.0189569574 -0.317211777 0.0593288131
v 0.0155046955 -0.321749061 0.0579369664
v 0.00819655415 -0.325755119 0.0553860329
v 0.0207360685 -0.320585489 0.0570225082
v 0.0229027681 -0.313706338 0.0559115149
v 0.01547994 -0.325830042 0.0554361753
v 0.0207031611 -0.326104909 0.0535544604
v 0.0154638896 -0.329469711 0.0523277447
v 0.00817357283 -0.332503349 0.0486380793
v 0.0188844148 -0.329160392 0.0520067587
v 0.0154569577 -0.332578272 0.048688218
v 0.0188775957 -0.332219362 0.048425369
v -0.0651573688 0.0110345464 0.330756664
v -0.0651573688 0.0196292195 0.349871486
v -0.0676573738 0.0110345464 0.330756664
v -0.0676573738 0.0140324496 0.31015715
v -0.0651573688 0.0140324496 0.31015715
v -0.0676573738 0.029612001 0.30240044
v -0.0651573688 0.0391735844 0.313952863
v -0.0651573688 0.0440682769 0.325474709
v -0.0651573688 0.0453462526 0.326911271
v -0.0651573688 0.0300133303 0.327669799
v -0.0651573688 0.0244870987 0.328168452
v -0.0651573688 0.0215132982 0.330433816
v -0.0651573688 0.0110345464 0.330756664
v -0.0651573688 0.0195648279 0.335629135
v -0.0651573688 0.0196292195 0.349871486
v 0.00743739912 -0.313480914 0.0348169729
v 0.00745194778 -0.314818025 0.0307025611
v 0.00846428145 -0.313491493 0.034824051
v 0.00847885106 -0.314828575 0.0307096429
v 0.00848277938 -0.309991509 0.0373668671
v 0.00749403844 -0.31348151 0.0265881829
v 0.00745589891 -0.309980929 0.0373598188
v 0.00852092076 -0.31349206 0.0265952311
v 0.00754754385 -0.309981883 0.0240453351
v 0.00861895457 -0.305666417 0.024052415
v 0.00852730963 -0.305665463 0.0373668708
v 0.00750040542 -0.305654943 0.0373598188
v 0.00858081412 -0.302165866 0.0348240547
v 0.00755391084 -0.302155316 0.0348169729
v 0.00862288289 -0.300829351 0.0307096429
v 0.00759600149 -0.300818771 0.030702563
v 0.00863745436 -0.302166432 0.026595233
v 0.00761055015 -0.302155882 0.0265881829
v 0.00861895457 -0.305666417 0.024052415
v 0.00754754385 -0.309981883 0.0240453351
v 0.241149008 -0.127677515 0.351468325
v 0.24125807 -0.126674458 0.343004286
v 0.239822507 -0.12373329 0.344704807
v 0.239863023 -0.125285417 0.340959221
v 0.238663077 -0.12741974 0.338638902
v 0.235739723 -0.122400098 0.341091245
v 0.235656008 -0.12149249 0.344318241
v 0.229450494 -0.119072877 0.345826
v 0.228449315 -0.118988082 0.341704965
v 0.228470936 -0.12042015 0.338632911
v 0.224519432 -0.11739856 0.344755441
v 0.224565238 -0.118736878 0.339005619
v 0.220506653 -0.116527803 0.342244923
v 0.2182246 -0.117106616 0.351679087
v 0.216359034 -0.115512602 0.344728708
v 0.216321006 -0.115993045 0.340753257
v 0.207681537 -0.114643842 0.342103094
v 0.20757401 -0.116126709 0.337734759
v 0.198672876 -0.115350373 0.339446127
v 0.188977182 -0.178788707 0.426771939
v 0.191766337 -0.178788707 0.426771939
v 0.194112718 -0.18029663 0.426771939
v 0.1866308 -0.18029663 0.426771939
v 0.185472146 -0.182833716 0.426771939
v 0.185869083 -0.185594484 0.426771939
v 0.194874436 -0.185594484 0.426771939
v 0.195271373 -0.182833716 0.426771939
v 0.190371767 -0.1884882 0.426771939
v 0.187695593 -0.187702402 0.426771939
v 0.193047926 -0.187702402 0.426771939
v -0.205586106 -0.182833716 0.426771939
v -0.204427451 -0.18029663 0.426771939
v -0.202081069 -0.178788707 0.426771939
v -0.205189168 -0.185594484 0.426771939
v -0.203362659 -0.187702402 0.426771939
v -0.200686499 -0.1884882 0.426771939
v -0.196945533 -0.18029663 0.426771939
v -0.199291915 -0.178788707 0.426771939
v -0.196183801 -0.185594484 0.426771939
v -0.198010311 -0.187702402 0.426771939
v -0.195786878 -0.182833716 0.426771939
v -0.175918847 -0.0959442109 0.344151676
v -0.169963896 -0.106559008 0.345478415
v -0.172331467 -0.101155274 0.345522791
v -0.174780518 -0.097497724 0.347087502
v -0.170682743 -0.105394758 0.347239435
v -0.168939501 -0.111237735 0.346885055
v -0.179696143 -0.0914586335 0.344844252
v -0.182742313 -0.0890340582 0.346158296
v -0.168399319 -0.112252444 0.345087647
v -0.168058187 -0.117104404 0.346112072
v -0.184617758 -0.0878813341 0.343190879
v -0.190241739 -0.0846200585 0.345391154
v -0.190183654 -0.0848769844 0.342679501
v -0.195560202 -0.0830464959 0.342345476
v -0.195750445 -0.0827469751 0.345030457
v -0.20142211 -0.0820485651 0.342178136
v -0.204846159 -0.0820290223 0.340847522
v -0.205137402 -0.0860813633 0.342011273
v -0.208243683 -0.0822721422 0.341256559
v -0.206770375 -0.0857699439 0.342733949
v -0.208362132 -0.0844286829 0.346936166
v -0.209457174 -0.0821948871 0.343295038
v -0.20948796 -0.080927901 0.341853529
v -0.209955394 -0.0792421103 0.342775136
v -0.209539577 -0.0790514201 0.347873628
v -0.207358867 -0.0787043273 0.349040926
v -0.198708102 -0.0742864683 0.347475767
v -0.207392246 -0.0694544539 0.345780373
v -0.208521977 -0.0649860054 0.343443364
v -0.205899119 -0.061721053 0.342027873
v -0.20949696 -0.064244844 0.341057867
v -0.207484454 -0.0608641356 0.339744866
v 0.135479599 -0.115071781 0.349613339
v 0.136617199 -0.111637741 0.349158168
v 0.135067508 -0.115297884 0.349593908
v -0.209108934 0.0702915192 0.428771943
v -0.208475217 0.0734773949 0.428771943
v -0.206670567 0.0761782601 0.428771943
v -0.206670567 0.0644047707 0.428771943
v -0.208475217 0.067105636 0.428771943
v -0.203969717 0.0779829174 0.428771943
v -0.200783834 0.0786166266 0.428771943
v -0.194897085 0.0761782601 0.428771943
v -0.197597951 0.0779829174 0.428771943
v -0.200783834 0.0619664043 0.428771943
v -0.203969717 0.0626001135 0.428771943
v -0.194897085 0.0644047707 0.428771943
v -0.197597951 0.0626001135 0.428771943
v -0.192458704 0.0702915192 0.428771943
v -0.193092421 0.067105636 0.428771943
v -0.193092421 0.0734773949 0.428771943
v -0.195001259 0.0214709584 0.428771943
v -0.193153247 0.0187052116 0.428771943
v -0.192504317 0.0154427914 0.428771943
v -0.197767019 0.0233189743 0.428771943
v -0.20102942 0.0239679068 0.428771943
v -0.208905607 0.0187052116 0.428771943
v -0.204291835 0.0233189743 0.428771943
v -0.193153247 0.0121803703 0.428771943
v -0.195001259 0.00941463094 0.428771943
v -0.20102942 0.00691768294 0.428771943
v -0.197767019 0.0075666164 0.428771943
v -0.208905607 0.0121803703 0.428771943
v -0.209554538 0.0154427914 0.428771943
v -0.204291835 0.0075666164 0.428771943
v 0.182838514 0.0121803703 0.428771943
v 0.182189584 0.0154427914 0.428771943
v 0.182838514 0.0187052116 0.428771943
v 0.184686542 0.0214709584 0.428771943
v 0.190714687 0.0239679068 0.428771943
v 0.184686542 0.00941463094 0.428771943
v 0.187452286 0.0075666164 0.428771943
v 0.190714687 0.00691768294 0.428771943
v 0.196742862 0.00941463094 0.428771943
v 0.193977118 0.0075666164 0.428771943
v 0.198590875 0.0187052116 0.428771943
v 0.199239805 0.0154427914 0.428771943
v 0.196742862 0.0214709584 0.428771943
v 0.182777688 0.067105636 0.428771943
v 0.182143986 0.0702915192 0.428771943
v 0.182777688 0.0734773949 0.428771943
v 0.187283218 0.0626001135 0.428771943
v 0.184582353 0.0644047707 0.428771943
v 0.184582353 0.0761782676 0.428771943
v 0.187283218 0.0779829174 0.428771943
v 0.193654984 0.0779829174 0.428771943
v 0.190469101 0.0786166266 0.428771943
v 0.193654984 0.0626001135 0.428771943
v 0.190469101 0.0619664043 0.428771943
v 0.198160499 0.067105636 0.428771943
v 0.196355835 0.0644047707 0.428771943
v 0.198160499 0.0734773949 0.428771943
v 0.198794201 0.0702915192 0.428771943
v 0.196355835 0.0761782676 0.428771943
v -0.184258595 0.117476001 0.428771943
v -0.184825987 0.119593553 0.428771943
v -0.184258595 0.121711113 0.428771943
v -0.180590883 0.115358442 0.428771943
v -0.182708442 0.115925841 0.428771943
v -0.178473324 0.123261273 0.428771943
v -0.180590883 0.123828672 0.428771943
v -0.176923156 0.117476001 0.428771943
v -0.178473324 0.115925841 0.428771943
v -0.176355764 0.119593553 0.428771943
v 0.168158606 0.115925841 0.428771943
v 0.166608423 0.117476001 0.428771943
v 0.166041031 0.119593553 0.428771943
v 0.17027615 0.123828672 0.428771943
v 0.168158606 0.123261273 0.428771943
v 0.174511254 0.119593553 0.428771943
v 0.172393709 0.123261273 0.428771943
v 0.172393709 0.115925841 0.428771943
v 0.17027615 0.115358442 0.428771943
v 0.0577426329 0.050790038 0.352878183
v 0.0617426336 0.050790038 0.352878183
v 0.0577426329 0.0533712022 0.347694516
v 0.0577426329 0.0525612496 0.356435269
v 0.0617426336 0.0552559569 0.346964359
v 0.0617426336 0.0542797484 0.357499301
v 0.0577426329 0.0572771989 0.346964359
v 0.0577426329 0.0562665798 0.357870698
v 0.0617426336 0.0591619574 0.347694516
v 0.0617426336 0.0599718988 0.356435269
v 0.0577426329 0.0606556684 0.349056214
v 0.0577426329 0.0599718988 0.356435269
v 0.0617426336 0.0617431179 0.352878183
v 0.0577426329 0.0617431179 0.352878183
v 0.232031986 0.142570883 0.705163777
v 0.22933574 0.142089784 0.705529451
v 0.212484583 0.146735251 0.698958933
v 0.227056623 0.142351046 0.68929261
v 0.215775296 0.146637216 0.718613744
v 0.198989287 0.150828212 0.721771896
v 0.20122467 0.151275292 0.734475017
v 0.23085469 0.142333016 0.717165768
v 0.217259541 0.146880001 0.727263391
v 0.234776005 0.143349126 0.727370918
v 0.232086375 0.14284651 0.727694631
v 0.216457829 0.148469865 0.741403162
v 0.202880517 0.151923046 0.74464041
v 0.233342275 0.143919215 0.740437746
v 0.215681762 0.150442749 0.755450845
v 0.203996927 0.152880251 0.75459224
v 0.204324365 0.153792202 0.761760056
v 0.234265417 0.145457461 0.753070474
v 0.214930952 0.152754486 0.769420445
v 0.203786597 0.156035304 0.775537729
v 0.234947726 0.149350703 0.776002467
v 0.214204788 0.155361786 0.783324003
v 0.202684537 0.15967907 0.794587493
v 0.212822855 0.161309004 0.810969591
v 0.20145002 0.163910419 0.814077914
v 0.21216476 0.164588824 0.824721694
v 0.232849866 0.1619789 0.828867793
v 0.234293774 0.166677341 0.843081057
v 0.233054385 0.170956507 0.857725203
v 0.234035283 0.173269987 0.8571257
v -0.208243847 -0.0361659117 0.429271936
v -0.206380129 -0.0333766676 0.429271936
v -0.20359087 -0.0315129422 0.429271936
v -0.208898306 -0.0394560732 0.429271936
v -0.206380129 -0.0455354787 0.429271936
v -0.20359087 -0.0473992042 0.429271936
v -0.197010577 -0.0315129422 0.429271936
v -0.200300723 -0.0308584943 0.429271936
v -0.197010577 -0.0473992042 0.429271936
v -0.200300723 -0.048053652 0.429271936
v -0.192357585 -0.0427462198 0.429271936
v -0.194221318 -0.0455354787 0.429271936
v -0.192357585 -0.0361659117 0.429271936
v -0.191703141 -0.0394560732 0.429271936
v -0.194221318 -0.0333766676 0.429271936
v 0.197929129 -0.0427462198 0.429271936
v 0.193276137 -0.0473992042 0.429271936
v 0.189985991 -0.048053652 0.429271936
v 0.196065396 -0.0333766676 0.429271936
v 0.197929129 -0.0361659117 0.429271936
v 0.186695844 -0.0473992042 0.429271936
v 0.183906585 -0.0455354787 0.429271936
v 0.181388408 -0.0394560732 0.429271936
v 0.182042867 -0.0427462198 0.429271936
v 0.189985991 -0.0308584943 0.429271936
v 0.193276137 -0.0315129422 0.429271936
v 0.183906585 -0.0333766676 0.429271936
v 0.186695844 -0.0315129422 0.429271936
v 0.182042867 -0.0361659117 0.429271936
v 0.190298334 -0.0158582032 0.429271936
v 0.188374981 -0.0146221351 0.429271936
v 0.187425211 -0.0125424378 0.429271936
v 0.189247802 -0.0085515324 0.429271936
v 0.187750593 -0.0102794068 0.429271936
v 0.195132405 -0.0102794068 0.429271936
v 0.191441491 -0.00790739805 0.429271936
v 0.195457786 -0.0125424378 0.429271936
v 0.192584649 -0.0158582032 0.429271936
v -0.202899382 -0.0158582032 0.429271936
v -0.205772504 -0.0125424378 0.429271936
v -0.205447122 -0.0102794068 0.429271936
v -0.200613067 -0.0158582032 0.429271936
v -0.198689714 -0.0146221351 0.429271936
v -0.197739944 -0.0125424378 0.429271936
v -0.199562535 -0.0085515324 0.429271936
v -0.198065326 -0.0102794068 0.429271936
v -0.201756224 -0.00790739805 0.429271936
v 0.00884263124 0.25109458 0.399638772
v 0.00884263124 0.244784102 0.387445599
v 0.0158426315 0.244784102 0.387445599
v 0.00884263124 0.2361902 0.376738548
v 0.0158426315 0.25109458 0.399638772
v 0.0158426315 0.2361902 0.376738548
v 0.00884263124 0.254873127 0.412837982
v 0.0158426315 0.225651294 0.367939204
v 0.0158426315 0.254873127 0.412837982
v 0.00884263124 0.225651294 0.367939204
v 0.00884263124 0.255970985 0.426523417
v 0.0158426315 0.213582382 0.361394197
v 0.0158426315 0.255970985 0.426523417
v 0.0158426315 0.253950864 0.530992091
v 0.00884263124 0.253953159 0.530873656
v 0.00884263124 0.213582382 0.361394197
v 0.00884263124 0.200458691 0.357361168
v 0.0158426315 0.200458691 0.357361168
v 0.0158426315 0.186797038 0.355998933
v 0.00884263217 0.186797038 0.355998933
v 0.0158426315 0.0165340416 0.355998933
v 0.00884263217 0.0165340416 0.355998933
v -0.0191573668 0.244784102 0.387445599
v -0.026157368 0.244784102 0.387445599
v -0.026157368 0.2361902 0.376738548
v -0.026157368 0.25109458 0.399638772
v -0.0191573668 0.2361902 0.376738548
v -0.0191573668 0.25109458 0.399638772
v -0.026157368 0.225651294 0.367939204
v -0.026157368 0.254873127 0.412837982
v -0.0191573668 0.225651294 0.367939204
v -0.0191573668 0.254873127 0.412837982
v -0.0191573668 0.213582382 0.361394197
v -0.0191573668 0.255970985 0.426523417
v -0.026157368 0.213582382 0.361394197
v -0.026157368 0.255970985 0.426523417
v -0.026157368 0.253950864 0.530992091
v -0.0191573668 0.253953159 0.530873656
v -0.0191573668 0.200458691 0.357361168
v -0.026157368 0.200458691 0.357361168
v -0.0191573668 0.186797038 0.355998933
v -0.026157368 0.186797038 0.355998933
v -0.0191573668 0.0165340416 0.355998933
v -0.026157368 0.0165340416 0.355998933
v -0.0131573686 0.2361902 0.376738548
v 0.00284263189 0.2361902 0.376738548
v 0.00284263189 0.244784102 0.387445599
v 0.00284263189 0.225651294 0.367939204
v -0.0131573686 0.244784102 0.387445599
v -0.0131573686 0.225651294 0.367939204
v -0.0131573686 0.25109458 0.399638772
v 0.00284263189 0.213582382 0.361394197
v 0.00284263189 0.25109458 0.399638772
v -0.0131573677 0.213582382 0.361394197
v -0.0131573686 0.254873127 0.412837982
v -0.0131573677 0.200458691 0.357361168
v 0.00284263189 0.254873127 0.412837982
v 0.00284263189 0.200458691 0.357361168
v 0.00284263189 0.255970985 0.426523417
v 0.00284263189 0.186797038 0.355998933
v -0.0131573686 0.255970985 0.426523417
v 0.00284263189 0.253954381 0.530809879
v -0.0131573686 0.253954381 0.530809879
v -0.0131573677 0.186797038 0.355998933
v -0.0131573677 0.0165340416 0.355998933
v 0.00284263189 0.0165340416 0.355998933
v -0.0651573688 0.034644831 0.330725491
v -0.0651573688 0.0452162847 0.344603032
v -0.0676573738 0.0441187732 0.343162298
v -0.0651573688 0.0489861816 0.347129554
v -0.0676573738 0.034644831 0.330725491
v -0.0676573738 0.0489861816 0.347129554
v -0.0676573738 0.0300133303 0.327669799
v -0.0676573738 0.0527909175 0.344723523
v -0.0651573688 0.0300133303 0.327669799
v -0.0651573688 0.0564531088 0.343972772
v -0.0651573688 0.0244870987 0.328168452
v -0.0676573738 0.0616484359 0.345921248
v -0.0676573738 0.0228725746 0.3291336
v -0.0651573688 0.0616484359 0.345921248
v -0.0651573688 0.0215132982 0.330433816
v -0.0651573688 0.0639137849 0.348895043
v -0.0676573738 0.0198168959 0.333765119
v -0.0676573738 0.0644954592 0.350683838
v -0.0651573688 0.0195648279 0.335629135
v -0.0651573688 0.0637519136 0.356182486
v -0.0676573738 0.0212806929 0.340905845
v -0.0676573738 0.0627160445 0.357752562
v -0.0651573688 0.0212806929 0.340905845
v -0.0651573688 0.0613567568 0.359052777
v -0.0676573738 0.0344428569 0.358184308
v -0.0676573738 0.0582676455 0.361405969
v -0.0651573688 0.0362208635 0.360172987
v -0.0651573688 0.0560253225 0.362850994
v -0.0676573738 0.0382880867 0.361859024
v -0.0676573738 0.0535845421 0.363927454
v -0.0651573688 0.0405936055 0.363200903
v -0.0651573688 0.0483514704 0.364878356
v -0.0676573738 0.0430806652 0.364165634
v -0.0676573738 0.0483514704 0.364878356
v 0.0608426332 -0.181422487 0.36771968
v 0.0608426332 -0.18239893 0.373770326
v 0.0608426332 -0.182282478 0.379898161
v 0.0608426332 -0.180532873 0.364784002
v 0.0608426332 -0.18107684 0.385907352
v 0.0608426332 -0.176018372 0.384354562
v 0.0608426332 -0.163724512 0.382840097
v 0.0608426332 -0.165920466 0.383966684
v 0.0608426332 -0.174487889 0.35417679
v 0.0608426332 -0.177986294 0.35920915
v 0.0608426332 -0.161098391 0.361541212
v 0.0608426332 -0.172415555 0.351915091
v 0.0608426332 -0.159165561 0.365642637
v 0.0608426332 -0.159688905 0.363383114
v 0.0608426332 -0.161856845 0.379688859
v 0.0617426336 -0.0876509696 0.35917747
v 0.0617426336 -0.0847084671 0.355127454
v 0.0617426336 -0.0847084671 0.350121409
v 0.0617426336 -0.0949150696 0.360327959
v 0.0617426336 -0.0924120322 0.360724419
v 0.0617426336 -0.0949150696 0.344920874
v 0.0617426336 -0.0899089947 0.344920874
v 0.0617426336 -0.100115582 0.355127454
v 0.0617426336 -0.0989650711 0.357385486
v 0.0617426336 -0.100115582 0.350121409
v 0.0548426323 0.0281492937 0.327417731
v 0.0573426336 0.034644831 0.330725491
v 0.0548426323 0.034644831 0.330725491
v 0.0573426336 0.0464872681 0.346271485
v 0.0548426323 0.0471826643 0.346885651
v 0.0573426336 0.0480601639 0.347186983
v 0.0548426323 0.0489861816 0.347129554
v 0.0573426336 0.0464872681 0.346271485
v 0.0548426323 0.0527909175 0.344723523
v 0.0548426323 0.0471826643 0.346885651
v 0.0548426323 0.0489861816 0.347129554
v 0.0548426323 0.0583171546 0.34422487
v 0.0548426323 0.0686896592 0.340450168
v 0.0548426323 0.0629486442 0.347280532
v 0.0548426323 0.0659991503 0.336392999
v -0.0680573732 0.0687362775 0.376346499
v -0.0680573732 -0.125501007 0.384585559
v -0.0680573732 -0.173186764 0.384254575
v -0.0678290129 0.000325392321 0.380397409
v -0.0671786889 0.0687362775 0.378469735
v -0.0678290129 -0.16039063 0.387214571
v -0.0662054196 0.0687362775 0.379120648
v -0.0720129088 -0.174263984 0.384287179
v -0.0662054196 -0.160321817 0.388836682
v -0.071549952 -0.176534817 0.384355992
v -0.0698937476 -0.115696184 0.356577486
v -0.0698935166 -0.120514967 0.360965073
v -0.0699147731 -0.115447037 0.352566242
v -0.0699980706 -0.119186267 0.340931982
v -0.0699044019 -0.124681644 0.362761676
v -0.0699225292 -0.129153714 0.363529205
v -0.0699468851 -0.13368094 0.363224685
v -0.0700085461 -0.141898319 0.359526843
v -0.0700424016 -0.145128608 0.356340438
v -0.0701070055 -0.140946478 0.340932578
v -0.0700716451 -0.146361232 0.352184027
v -0.0700583905 -0.146150395 0.354382485
v -0.0680573732 0.0611899719 0.354822278
v -0.0680573732 0.0562665798 0.357870698
v -0.0720573738 0.0599718988 0.356435269
v -0.0720573738 0.0617665797 0.352370709
v -0.0720573738 0.0525612496 0.356435269
v -0.0680573732 0.0615566187 0.350865573
v -0.0680573732 0.0525612496 0.356435269
v -0.0720573738 0.0606556684 0.349056214
v -0.0680573732 0.050790038 0.352878183
v -0.0680573732 0.0562665798 0.346870691
v -0.0720573738 0.0509765409 0.350865573
v -0.0720573738 0.0552559569 0.346964359
v -0.0680573732 0.05187748 0.349056214
v -0.0706573725 -0.177864686 0.38457641
v -0.0706573725 -0.18107684 0.385907352
v -0.0706573725 -0.181814209 0.382929742
v -0.0706573725 -0.182046175 0.370723128
v -0.0706573725 -0.182477877 0.376836836
v -0.0706573725 -0.161856845 0.379688859
v -0.0706573725 -0.165920466 0.383966684
v -0.0706573725 -0.163724512 0.382840097
v -0.0706573725 -0.181422487 0.36771968
v -0.0706573725 -0.179384395 0.361939579
v -0.0706573725 -0.174487889 0.35417679
v -0.0706573725 -0.176349759 0.356614649
v -0.0706573725 -0.170824528 0.353268385
v -0.0706573725 -0.159306586 0.364484906
v -0.0706573725 -0.172415555 0.351915091
v -0.0720761046 0.0502936766 0.358807951
v -0.0720761046 0.0622394793 0.358807951
v -0.0720761046 0.0549577698 0.361054093
v -0.0720761046 0.0475096889 0.351714492
v -0.0720761046 0.0555622466 0.354769439
v -0.0720761046 0.0569709092 0.354769439
v -0.0720761046 0.0543772057 0.35400787
v -0.0720761046 0.0648278594 0.354324758
v -0.0720761046 0.0537920222 0.352726489
v -0.0720761046 0.0581559539 0.35400787
v -0.0720761046 0.0539924987 0.351332188
v -0.0720761046 0.0644409955 0.349162489
v -0.0720761046 0.0494009629 0.346895576
v -0.0720761046 0.0587411337 0.352726489
v -0.0720761046 0.0549149774 0.350267589
v -0.0720761046 0.0585406572 0.351332188
v -0.0720761046 0.0576181784 0.350267589
v -0.0720761046 0.0562665798 0.349870712
v -0.0720761046 0.0612133406 0.345115155
v -0.0720761046 0.0536781996 0.343979388
v -0.0720761046 0.0588549562 0.343979388
v -0.0720573738 -0.0899089947 0.360327959
v -0.0720573738 -0.0949150696 0.360327959
v -0.0720573738 -0.100115582 0.355127454
v -0.0720573738 -0.0847084671 0.350121409
v -0.0720573738 -0.0847084671 0.355127454
v -0.0720573738 -0.0924120322 0.344524413
v -0.0720573738 -0.0876509696 0.346071362
v -0.0720573738 -0.0989650711 0.347863376
v -0.0720573738 -0.0949150696 0.344920874
v -0.0720573738 -0.100115582 0.350121409
v 0.167700931 0.10143403 0.417315215
v 0.164418787 0.10143403 0.420829087
v 0.161777213 0.10143403 0.416670769
v 0.100237951 0.101434037 0.404828936
v 0.134554341 0.101434037 0.413709104
v 0.10733147 0.101434037 0.410747439
v 0.176546112 0.10143403 0.418277532
v 0.102372281 0.101434037 0.410207927
v 0.105534039 0.101434037 0.414672792
v 0.100692369 0.101434037 0.41002515
v 0.151964828 0.101434037 0.411975771
v 0.177828282 0.10143403 0.415549189
v -0.162279561 0.101434037 0.411975771
v -0.110552698 0.101434037 0.404828936
v -0.111007109 0.101434037 0.41002515
v -0.112687029 0.101434037 0.410207927
v -0.115848787 0.101434037 0.414672792
v -0.11764621 0.101434037 0.410747439
v -0.144869059 0.101434037 0.413709104
v -0.172091931 0.10143403 0.416670769
v -0.178015649 0.10143403 0.417315215
v -0.175642744 0.10143403 0.420924127
v -0.188143 0.10143403 0.415549189
v -0.186860844 0.10143403 0.418277532
v 0.132870048 -0.0896612853 0.346345872
v 0.13396354 -0.0906434953 0.345360756
v 0.129695728 -0.0937486142 0.348858923
v 0.128330678 -0.0962180644 0.348319829
v 0.128933325 -0.0961703658 0.353240073
v 0.130120024 -0.096551083 0.355055213
v 0.133780628 -0.0923107937 0.354592741
v 0.134717986 -0.0979884937 0.355520546
v 0.127890483 -0.103900224 0.356072634
v 0.165696114 -0.0967984945 0.355429679
v 0.166440129 -0.101859711 0.355922222
v -0.0872206166 -0.0353274569 0.387766898
v -0.0872206166 -0.0304236617 0.391562492
v -0.0872206166 -0.0305931866 0.38756609
v -0.088542819 -0.0295397043 0.387521416
v -0.088542819 -0.0362113975 0.391808003
v -0.088542819 -0.0293701962 0.391517818
v -0.088542819 -0.0363809206 0.387811601
v -0.0918403342 -0.0295397043 0.387521416
v -0.0931625366 -0.0353274569 0.387766898
v -0.0918403342 -0.0293701962 0.391517818
v -0.0931625366 -0.0351579301 0.39176333
v -0.0931625366 -0.0304236617 0.391562492
v -0.00515736826 0.102093942 0.393531531
v 0.0947585031 0.10209395 0.393531531
v 0.0932090953 0.101693615 0.406160712
v -0.105073251 0.102093942 0.393531531
v -0.103523843 0.101693615 0.406160712
v 0.061842151 -0.144831508 0.353273809
v 0.061705891 -0.150727719 0.36043337
v 0.0619290732 -0.138890103 0.355133832
v 0.0617649257 -0.148831233 0.355390668
v 0.0618993267 -0.14120777 0.353658855
v 0.0617088117 -0.149114534 0.36466217
v 0.0619149357 -0.137041107 0.363132179
v 0.0617691986 -0.143029541 0.371726185
v 0.0619816631 -0.13090314 0.36920917
v 0.0618823431 -0.133164406 0.380432159
v 0.0659196228 -0.135964632 0.365567744
v 0.0660104826 -0.128930971 0.369939089
v 0.0659401938 -0.136876166 0.359176099
v 0.0661205277 -0.121914037 0.370806307
v 0.062152043 -0.119474933 0.372213244
v 0.0619683266 -0.126644596 0.38416642
v 0.0620109439 -0.123903781 0.384571046
v 0.0620586723 -0.121216603 0.383896917
v 0.062117748 -0.118413836 0.381519049
v 0.0621626787 -0.117157713 0.377130002
v 0.0661668032 -0.117553085 0.375327975
v 0.0621626787 -0.117157713 0.377130002
v 0.0658488944 -0.135895178 0.378513157
v 0.0660104826 -0.128930971 0.369939089
v 0.0659196228 -0.135964632 0.365567744
v 0.0661293864 -0.118001543 0.380744755
v 0.062117748 -0.118413836 0.381519049
v 0.0620586723 -0.121216603 0.383896917
v 0.066010341 -0.123969242 0.384593219
v 0.0620109439 -0.123903781 0.384571046
v 0.0619683266 -0.126644596 0.38416642
v 0.0618823431 -0.133164406 0.380432159
v 0.0617691986 -0.143029541 0.371726185
v 0.0657300353 -0.147135675 0.366780937
v 0.0617088117 -0.149114534 0.36466217
v 0.0657052845 -0.15079318 0.360455602
v 0.061705891 -0.150727719 0.36043337
v 0.0657384768 -0.149969265 0.35690552
v 0.0617649257 -0.148831233 0.355390668
v 0.0659102425 -0.14043802 0.354069263
v 0.0618993267 -0.14120777 0.353658855
v 0.0658415481 -0.144896969 0.353295982
v 0.061842151 -0.144831508 0.353273809
v 0.0660772175 -0.123627797 0.373554677
v 0.0660424605 -0.125690207 0.373734951
v 0.0659900606 -0.128080562 0.376125395
v 0.0659761801 -0.127785951 0.379493445
v 0.0661094412 -0.120322831 0.377494127
v 0.0660574809 -0.122322574 0.380957991
v 0.0660007149 -0.125690207 0.381252378
v -0.302530438 -0.107815824 0.0401351899
v -0.295247048 -0.107890762 0.0401853286
v -0.295258611 -0.106058881 0.0446072631
v -0.290028155 -0.105162278 0.0434258692
v -0.291826606 -0.107462607 0.040058285
v -0.295226514 -0.109008409 0.0355313048
v -0.302480906 -0.109309323 0.0307096504
v -0.290008008 -0.10731557 0.0372731574
v -0.288657129 -0.100544497 0.0480266996
v -0.288654923 -0.103835516 0.0427894853
v -0.287901044 -0.0990866646 0.0468630344
v -0.287887156 -0.0950096697 0.0509398766
v -0.288549572 -0.098985374 0.0438887887
v -0.288049161 -0.102240488 0.0392839015
v -0.288635761 -0.105878711 0.0369513519
v -0.2918064 -0.108562402 0.0354786031
v -0.289970875 -0.108045839 0.0307956804
v -0.295197517 -0.109384254 0.0307597909
v -0.287848324 -0.104704812 0.0308100544
v -0.29516083 -0.10900908 0.025988277
v -0.288600624 -0.106571674 0.030804988
v -0.291741759 -0.108563066 0.0260880087
v -0.302400678 -0.107817173 0.0212841146
v -0.28991881 -0.107316494 0.0243181717
v -0.291698903 -0.107463911 0.021508297
v -0.295117289 -0.107892096 0.0213342551
v -0.295067996 -0.10606084 0.0169123188
v -0.302297533 -0.10348545 0.0127812149
v -0.295014173 -0.103560388 0.0128313554
v -0.289854318 -0.105164081 0.0181654915
v -0.288551152 -0.10587959 0.0246586557
v -0.289780647 -0.101696521 0.0126461443
v -0.291541308 -0.100142948 0.0095598409
v -0.288344949 -0.0961737335 0.00920968223
v -0.28768006 -0.0990889445 0.0147570455
v -0.287610054 -0.0950125232 0.0106802331
v -0.288341761 -0.0975864083 0.0157937892
v -0.287745208 -0.102155939 0.0196388513
v -0.28846705 -0.102512501 0.0266277418
v -0.287363291 -0.0907605141 0.028720241
v -0.288511336 -0.102810778 0.0326184332
v 0.151566789 -0.0452659652 0.41433844
v 0.0997634083 -0.0452659614 0.405280471
v 0.112443663 -0.0452659652 0.412874371
v 0.100200884 -0.0452659652 0.410282999
v 0.166277796 -0.0452659652 0.421641827
v 0.17723605 -0.0452659652 0.418726772
v 0.175924644 -0.0452659652 0.422709227
v 0.161227271 -0.0452659652 0.421082973
v 0.133128569 -0.0452659652 0.417973876
v 0.1654246 -0.0452659652 0.426666945
v 0.164315164 -0.0452659652 0.426395833
v -0.122758411 -0.0452659652 0.412874371
v -0.110515624 -0.0452659652 0.410282999
v -0.110078149 -0.0452659614 0.405280471
v -0.171541989 -0.0452659652 0.421082973
v -0.143443301 -0.0452659652 0.417973876
v -0.178651825 -0.0452659652 0.41727078
v -0.176592529 -0.0452659652 0.421641827
v -0.174629897 -0.0452659652 0.426395833
v -0.175739333 -0.0452659652 0.426666945
v -0.186239362 -0.0452659652 0.422709227
v -0.187550783 -0.0452659652 0.418726772
v -0.201570004 -0.13911441 0.41830501
v -0.216863245 -0.144717351 0.425716817
v -0.236771464 -0.169423014 0.437938541
v -0.237390786 -0.156714261 0.440042585
v -0.236101285 -0.181419313 0.434922308
v -0.233426794 -0.146263823 0.440668076
v -0.235495701 -0.18868348 0.432423055
v -0.23819159 -0.13627167 0.441843718
v -0.227096826 -0.192794159 0.430419892
v -0.233669713 -0.136544138 0.441239238
v -0.232280269 -0.197402894 0.428528577
v -0.233963773 -0.12539275 0.441540986
v -0.223672092 -0.198098764 0.427849382
v -0.238613933 -0.121759906 0.442251384
v -0.228681505 -0.202103972 0.425952822
v -0.234365046 -0.111969031 0.441547722
v -0.215348423 -0.202141151 0.425368339
v -0.224025071 -0.205916941 0.423596233
v -0.234795108 -0.0953957886 0.441195548
v -0.200720266 -0.20506601 0.422992945
v -0.239149332 -0.0824151337 0.441356242
v -0.215532511 -0.209414467 0.421187937
v -0.234999523 -0.0756274462 0.440416187
v -0.192535758 -0.211734354 0.419090182
v -0.239090368 -0.0659702495 0.440524876
v -0.180044085 -0.206580997 0.420962185
v -0.234955877 -0.0628656074 0.439798713
v -0.163351491 -0.214163914 0.416753173
v -0.155713752 -0.208109617 0.418892831
v -0.234540001 -0.0455959365 0.438864738
v -0.238455892 -0.0416011252 0.439100385
v -0.130305588 -0.209702149 0.417093635
v -0.233221844 -0.0200232584 0.437619895
v -0.0926763713 -0.218302518 0.412148595
v -0.2377 -0.026226094 0.438297302
v -0.0997154489 -0.21143353 0.415319622
v -0.236619815 -0.0102185551 0.4376508
v -0.0868562758 -0.21202518 0.414623648
v -0.232278958 -0.00752577605 0.437125444
v -0.231153026 0.00476317992 0.436684757
v -0.0387065858 -0.213370726 0.412351519
v -0.235230029 0.00588671491 0.437100053
v -0.0358204916 -0.219903022 0.409272194
v -0.233584628 0.0215573087 0.436731815
v -0.0201570857 -0.21380417 0.411839724
v -0.228303373 0.0286545288 0.436107725
v -0.0093652159 -0.220122531 0.408243835
v -0.231719866 0.0366888754 0.436635226
v -0.00515736826 -0.213930234 0.41168642
v -0.224714816 0.0522769578 0.436071694
v 0.00234263181 -0.220113382 0.408298939
v -0.229589209 0.0517737605 0.436793894
v 0.00984234829 -0.21380417 0.411839724
v -0.2270841 0.0674576983 0.437060207
v 0.025505757 -0.219903022 0.409272194
v -0.219930679 0.0832378715 0.436501294
v 0.0283918492 -0.213370726 0.412351519
v -0.224280432 0.083144553 0.437294781
v 0.0526167117 -0.219313636 0.410667628
v 0.0520956293 -0.212718114 0.413335264
v -0.218147561 0.092871584 0.436839312
v 0.0765415356 -0.21202518 0.414623678
v -0.222120672 0.0942155048 0.437699705
v 0.0823616236 -0.218302518 0.412148595
v -0.216051787 0.102503724 0.437385947
v -0.217617765 0.115171224 0.439387083
v 0.106319353 -0.21715647 0.413466752
v -0.213555589 0.112591781 0.438197494
v 0.119990848 -0.209702149 0.417093635
v -0.214923739 0.126628593 0.440779269
v 0.128362745 -0.215880677 0.41492787
v -0.208868638 0.129288554 0.439994425
v 0.145399019 -0.208109617 0.418892831
v -0.212949723 0.132091224 0.441391766
v -0.206246853 0.134413153 0.440396011
v 0.169729352 -0.206580997 0.420962185
v -0.209857732 0.136976749 0.441681951
v 0.196594328 -0.210393101 0.420334518
v -0.205722407 0.14113377 0.441602141
v 0.190405533 -0.20506601 0.422992945
v -0.19974874 0.139697105 0.440002054
v -0.200920701 0.14421764 0.441150486
v -0.187412187 0.143994272 0.438139647
v -0.18756184 0.149125963 0.439146191
v -0.173975244 0.148133263 0.436041415
v -0.167182669 0.155208543 0.43593666
v -0.15858084 0.152268916 0.433678538
v -0.15679656 0.157789782 0.434349865
v -0.151103392 0.154119536 0.432565629
v -0.139812395 0.156603098 0.431013852
v -0.135256574 0.162167341 0.431443483
v -0.128488958 0.158790097 0.42963925
v -0.123416185 0.164236128 0.430198848
v -0.116935186 0.160721213 0.42846036
v -0.111408658 0.166127399 0.429213762
v -0.104854763 0.162438706 0.427475989
v -0.0992389023 0.167833477 0.428447723
v -0.0817387924 0.165005207 0.426169187
v -0.0741057992 0.170691699 0.427121788
v -0.0626199394 0.166720331 0.425317377
v -0.047608126 0.172743738 0.42576316
v -0.0481709614 0.167838469 0.424754739
v -0.033967346 0.173418209 0.425233781
v -0.0344242454 0.16871047 0.424313247
v -0.0201572776 0.173837692 0.42490688
v -0.0201572645 0.169329301 0.424004763
v -0.00515736826 0.173993632 0.424793184
v 0.00234263181 0.169504747 0.423919111
v 0.009842542 0.173837706 0.42490688
v 0.024109507 0.16871047 0.424313247
v 0.0236526094 0.173418209 0.425233781
v 0.0378562286 0.167838469 0.424754739
v 0.0372933932 0.172743738 0.42576316
v 0.0506971963 0.171828464 0.426423132
v 0.0644327626 0.165665895 0.425844491
v 0.0765269399 0.169354886 0.427791834
v 0.0813615024 0.164005727 0.426654607
v 0.0945400149 0.162438706 0.427475989
v 0.101093918 0.166127399 0.429213762
v 0.106620446 0.160721213 0.42846036
v 0.113101438 0.164236128 0.430198848
v 0.11817421 0.158790097 0.42963925
v 0.124941841 0.162167341 0.431443483
v 0.129497662 0.156603098 0.431013852
v 0.136021346 0.160046607 0.432852089
v 0.140788659 0.154119536 0.432565629
v 0.146481827 0.157789782 0.434349865
v 0.148266107 0.152268916 0.433678538
v 0.156867936 0.155208543 0.43593666
v 0.163660526 0.148133263 0.436041415
v 0.177247122 0.149125963 0.439146191
v 0.177097455 0.143994272 0.438139647
v 0.190605968 0.14421764 0.441150486
v 0.189434007 0.139697105 0.440002054
v 0.19263193 0.137715936 0.440316349
v 0.195407689 0.14113377 0.441602141
v 0.195932135 0.134413153 0.440396011
v 0.199542999 0.136976749 0.441681951
v 0.203784674 0.12937583 0.441117346
v 0.198553905 0.129288554 0.439994425
v 0.207303032 0.115171224 0.439387113
v 0.203240857 0.112591781 0.438197494
v 0.205737054 0.102503724 0.437385947
v 0.21180594 0.0942155048 0.437699705
v 0.207832843 0.092871584 0.436839312
v 0.213965699 0.083144553 0.437294781
v 0.209615946 0.0832378715 0.436501294
v 0.216769382 0.0674576983 0.437060207
v 0.214400083 0.0522769578 0.436071694
v 0.221405134 0.0366888754 0.436635226
v 0.219519213 0.016832035 0.436332852
v 0.224915296 0.00588671491 0.437100053
v 0.22196424 -0.00752577605 0.437125444
v 0.222907126 -0.0200232584 0.437619895
v 0.227385268 -0.026226094 0.438297302
v 0.223660707 -0.0327179469 0.438188553
v 0.228515655 -0.0538005419 0.43981567
v 0.224641144 -0.0628656074 0.439798713
v 0.224684805 -0.0756274462 0.440416187
v 0.228834614 -0.0824151337 0.441356242
v 0.224480376 -0.0953957886 0.441195548
v 0.228611693 -0.106555 0.442158997
v 0.224050328 -0.111969031 0.441547722
v 0.228299215 -0.121759906 0.442251384
v 0.22335498 -0.136544138 0.441239238
v 0.227876857 -0.13627167 0.441843718
v 0.223112062 -0.146263823 0.440668076
v 0.227076069 -0.156714261 0.440042585
v 0.222427845 -0.16205731 0.438899577
v 0.226456746 -0.169423014 0.437938541
v 0.221366897 -0.173101664 0.436816424
v 0.225786567 -0.181419313 0.434922308
v 0.219516471 -0.183497623 0.433953077
v 0.225516409 -0.185875922 0.433461845
v 0.224498555 -0.191614971 0.43123287
v 0.216782108 -0.192794159 0.430419892
v 0.221965551 -0.197402894 0.428528577
v 0.213357359 -0.198098764 0.427849382
v 0.218366772 -0.202103972 0.425952822
v 0.20503369 -0.202141151 0.425368339
v 0.213710338 -0.205916941 0.423596233
v 0.201386034 -0.205802709 0.42319873
v 0.211572409 -0.20715937 0.422774553
v 0.208290339 -0.208536163 0.42182368
v -0.00383269018 -0.341060609 0.0966744572
v -0.00872958172 -0.339663446 0.096994251
v -0.00580544723 -0.341408432 0.0856639594
v -0.00670952117 -0.338738352 0.0993728191
v -0.0110477395 -0.338913947 0.0856399685
v -5.52177426e-07 -0.341443837 0.0857446715
v -0.00885553379 -0.341200918 0.0711695701
v -0.00270932214 -0.342606992 0.0712552369
v -0.0138324844 -0.337316483 0.0710998997
v 0.00345061626 -0.34127751 0.0713406801
v -0.0147372177 -0.334431648 0.0856771991
v -0.0166886076 -0.331702381 0.0710598007
v -0.0109292772 -0.338175088 0.0974024832
v -0.0111016501 -0.337297022 0.0991383195
v -0.0139916847 -0.33424142 0.0986182988
v -0.01617698 -0.328808159 0.0857686624
v -0.0171881989 -0.32710433 0.0710527524
v -0.016839752 -0.322629631 0.0786855966
v -0.0167879574 -0.318451792 0.0815981627
v -0.0179423746 -0.259785831 0.0935077742
v -0.0195470285 -0.181660488 0.108330712
v -0.0205579158 -0.134222925 0.116768122
v -0.0126450649 -0.330297321 0.102927566
v -0.0149003826 -0.331691653 0.0994951651
v -0.01524192 -0.323518813 0.102850877
v -0.0181590058 -0.0942402706 0.173961729
v -0.0216996651 -0.0823122188 0.125453666
v -0.0144436667 -0.324128181 0.104576617
v -0.0222383868 -0.0590949468 0.128905907
v -0.012673608 -0.324424088 0.10545186
v -0.00764987711 -0.324340582 0.106063493
v -0.0157261081 -0.0950365216 0.176575899
v -0.0174073204 -0.0947683305 0.175661772
v -0.00728433207 -0.11723382 0.170775786
v -0.0160174109 -0.0717873946 0.184057578
v -0.0185734108 -0.0593716502 0.18522647
v -0.0219458379 -0.0541447364 0.143969297
v -0.0178136509 -0.0599092953 0.186932862
v -0.0172267184 -0.0519876033 0.190210298
v -0.00992396474 -0.0606847629 0.188585326
v -0.00516937301 -0.0675331801 0.186849907
v -0.00722148409 -0.0800803006 0.182580993
v 0.00192297366 -0.0676371381 0.18683517
v 0.00188368082 -0.092662774 0.178664908
v 0.0101893237 -0.107307673 0.173165247
v 0.00149254466 -0.314461946 0.109337173
v 0.00859278254 -0.201448604 0.143983424
v 0.00147549203 -0.324398816 0.106197402
v 0.00650934642 -0.325097054 0.105532609
v 0.00147649285 -0.332953632 0.10236641
v 0.0084192222 -0.317707181 0.1069948
v 0.00828591362 -0.330023408 0.102436207
v 0.010517206 -0.328971267 0.0861397833
v 0.0114331134 -0.322527736 0.0794164315
v 0.0119578838 -0.327282429 0.071457997
v 0.0114055555 -0.331861436 0.0714503974
v 0.0083375033 -0.333399385 0.0992797688
v 0.00901195686 -0.334576726 0.0860074013
v 0.00846995506 -0.337461919 0.0714099854
v 0.00627758447 -0.335868925 0.0999622941
v 0.00600931235 -0.33714819 0.0979998335
v 0.00527046155 -0.339013636 0.0858668387
v 0.00265239202 -0.339719951 0.0971641093
v 0.00341938739 -0.338649362 0.098906666
v -0.00159782032 -0.339340001 0.0992425084
v 0.137095869 0.0336866491 0.409009248
v 0.133225396 0.0334934294 0.408339351
v 0.134074986 0.0337040536 0.41831556
v 0.131180853 0.0345409214 0.417630881
v 0.137151882 0.0338806733 0.419071734
v 0.12963967 0.0350643732 0.40765667
v 0.140935883 0.0353122093 0.409623057
v 0.127955109 0.0371535234 0.416921645
v 0.140447333 0.0354382284 0.419909149
v 0.128172606 0.0363700539 0.407353878
v 0.14327471 0.0380170494 0.40993613
v 0.126189604 0.0397697948 0.406886637
v 0.143732473 0.0399933532 0.420796812
v 0.126154095 0.041433353 0.416619092
v 0.144472986 0.0417136662 0.410014629
v 0.125908107 0.044570256 0.406667233
v 0.144137233 0.0429861173 0.420955181
v 0.126608983 0.0457609519 0.416865051
v 0.14407371 0.0455800295 0.409807742
v 0.127066538 0.0475493893 0.40676415
v 0.14278838 0.0474411063 0.420734853
v 0.129387826 0.0496794619 0.417645633
v 0.141024351 0.0500212684 0.409117103
v 0.129627809 0.0503311977 0.407113403
v 0.138275743 0.0511446968 0.419771075
v 0.131342322 0.0513105504 0.407378465
v 0.138999179 0.0512677878 0.408718824
v 0.132111043 0.0512077138 0.418331712
v 0.135180265 0.0517182499 0.419064403
v 0.135180265 0.0521038808 0.40802142
v -0.151250616 0.0353122093 0.409623057
v -0.150762051 0.0354382284 0.419909149
v -0.147466615 0.0338806733 0.419071734
v -0.153589427 0.0380170494 0.40993613
v -0.147410601 0.0336866491 0.409009248
v -0.154047191 0.0399933532 0.420796812
v -0.144389704 0.0337040536 0.41831556
v -0.154787719 0.0417136662 0.410014629
v -0.143540129 0.0334934294 0.408339351
v -0.154451966 0.0429861173 0.420955181
v -0.141495571 0.0345409214 0.417630881
v -0.153838098 0.0465421565 0.409677386
v -0.139954388 0.0350643732 0.40765667
v -0.153103098 0.0474411063 0.420734853
v -0.138269857 0.0371535234 0.416921645
v -0.151339084 0.0500212684 0.409117103
v -0.138487339 0.0363700539 0.407353878
v -0.148590475 0.0511446968 0.419771075
v -0.136504337 0.0397697948 0.406886607
v -0.149313897 0.0512677878 0.408718795
v -0.136468828 0.041433353 0.416619092
v -0.145494998 0.0517182499 0.419064403
v -0.136222839 0.044570256 0.406667233
v -0.145494998 0.0521038808 0.40802142
v -0.136923715 0.0457609519 0.416865051
v -0.142425761 0.0512077138 0.418331712
v -0.137381271 0.0475493893 0.40676415
v -0.14165704 0.0513105504 0.407378465
v -0.139702559 0.0496794619 0.417645603
v -0.139942542 0.0503311977 0.407113373
v 0.10019134 -0.0687972754 0.411116689
v 0.120663352 -0.0686021298 0.414154023
v 0.109663449 -0.0702614933 0.389981687
v 0.0983378962 -0.0702821687 0.389982432
v 0.125475377 -0.0701681376 0.39217931
v 0.143607065 -0.0700068548 0.397305667
v 0.149624243 -0.0686565265 0.417981207
v 0.156563818 -0.0699670091 0.401088238
v 0.168902859 -0.0699718073 0.405007392
v 0.182184175 -0.0700199604 0.409622461
v 0.178584695 -0.0690895095 0.421381921
v 0.200245157 -0.0701551363 0.416586667
v 0.210254669 -0.0699964166 0.424615264
v 0.206784487 -0.070176959 0.419970453
v 0.213137031 -0.0701014623 0.424884439
v 0.215396807 -0.0700418428 0.427158177
v -0.11050608 -0.0687972754 0.411116689
v -0.119978197 -0.0702614933 0.389981687
v -0.130978093 -0.0686021298 0.414154023
v -0.108652644 -0.0702821687 0.389982432
v -0.13579011 -0.0701681376 0.39217931
v -0.159938961 -0.0686565265 0.417981207
v -0.166878536 -0.0699670091 0.401088238
v -0.188899428 -0.0690895095 0.421381921
v -0.192498907 -0.0700199604 0.409622461
v -0.21056366 -0.0701557025 0.416578382
v -0.220569402 -0.0699964166 0.424615264
v -0.217733026 -0.0701742619 0.420380384
v -0.223451748 -0.0701014623 0.424884439
v -0.225711539 -0.0700418428 0.427158177
v 0.0947585031 0.10209395 0.393531531
v 0.0947980434 0.13153404 0.392449647
v 0.0959048644 0.0935673937 0.384415388
v 0.0947697163 0.13987574 0.392474771
v 0.0959543288 0.142917931 0.38273859
v 0.0945566967 0.146388724 0.394032061
v 0.0940693691 0.149679497 0.39791581
v 0.0947412029 0.0892036483 0.394005209
v 0.0958320647 0.0209437553 0.386882871
v 0.093244791 0.0904330015 0.406160712
v 0.0932090953 0.101693615 0.406160712
v 0.0943791568 -0.180421814 0.403913528
v 0.095815368 0.0042852154 0.387448847
v 0.0956482291 -0.162441254 0.393113643
v 0.0954876021 -0.173158914 0.39469853
v 0.0950324014 -0.181751773 0.397830695
v 0.0942866206 -0.183848426 0.398876041
v 0.0937363803 -0.18362698 0.404031307
v 0.0919185355 -0.18633765 0.404130936
v 0.0912029222 -0.187479094 0.400887012
v 0.0860105082 -0.188779294 0.40422067
v 0.0860105082 -0.189090669 0.40168485
v 0.0486789867 -0.189209133 0.400719881
v 0.00928511005 -0.188779294 0.40422067
v 0.00693089841 -0.189326882 0.399761081
v -0.00114375737 -0.188779294 0.40422067
v -0.000783665164 -0.189338103 0.399669528
v -0.0955023393 0.212031558 0.534217119
v -0.0822467282 0.214886293 0.531920731
v -0.0960285813 0.214781657 0.532745361
v -0.0824515298 0.216479644 0.5315727
v -0.0685874447 0.217830285 0.530668974
v -0.0543467253 0.217251703 0.530338585
v -0.040060401 0.219635457 0.529471934
v -0.0150944851 0.220419541 0.528992653
v -0.00515736826 0.218891814 0.529310822
v 0.00477974862 0.220419541 0.528992653
v 0.0149994101 0.218593523 0.529489696
v 0.0440319888 0.217251718 0.530338585
v 0.0441476405 0.218851626 0.529980242
v 0.0582727082 0.217830285 0.530668974
v 0.0719319806 0.214886293 0.531920731
v 0.0721367896 0.216479644 0.5315727
v 0.0857138336 0.214781657 0.532745361
v 0.0986297056 0.211225182 0.534538805
v 0.0798019469 0.22924149 0.53295058
v 0.0989254564 0.212810367 0.534209788
v 0.111314543 0.209062144 0.536252975
v 0.123804651 0.208268166 0.537879467
v 0.13595064 0.203754157 0.540497541
v 0.123134099 0.221501336 0.538525343
v 0.138726905 0.215953067 0.541309059
v 0.149222746 0.201712668 0.54294771
v 0.161691397 0.195841372 0.546408474
v 0.130345047 0.222250685 0.54100579
v 0.169819131 0.203193948 0.548668385
v 0.170581281 0.205524221 0.54978919
v 0.158135623 0.208397016 0.545624018
v 0.150661334 0.214197606 0.544882774
v 0.15901798 0.212437347 0.549164891
v 0.170703843 0.207098603 0.551974058
v 0.170202643 0.211094245 0.564144671
v 0.145521045 0.217857644 0.546410382
v 0.154316321 0.215756431 0.553209305
v 0.1536901 0.217870444 0.562462509
v 0.142853364 0.22012566 0.551649153
v 0.130354002 0.223769262 0.543908417
v 0.139612198 0.222331449 0.5578686
v 0.144143939 0.221510321 0.56489563
v 0.148148954 0.22074604 0.572899222
v 0.12797834 0.226140529 0.556350589
v 0.119509779 0.22737284 0.542256653
v 0.119594492 0.2265912 0.540128887
v 0.119340204 0.224997565 0.53853482
v 0.107885465 0.226149932 0.536217213
v 0.108389534 0.228288382 0.536956072
v 0.0857057348 0.231653064 0.533676922
v -0.318575561 -0.0880072042 0.0953838453
v -0.250045896 -0.0627499297 0.090272516
v -0.32124427 -0.09009514 0.095933862
v -0.318986952 -0.0908584297 0.0978084654
v -0.313698113 -0.0872592032 0.0995652154
v -0.202997714 -0.0491046198 0.136010185
v -0.179848775 -0.03841988 0.105587035
v -0.135161743 -0.0228893794 0.114774294
v -0.313443691 -0.0890433267 0.100424804
v -0.0642624944 -0.00237815129 0.184385955
v -0.0904632956 -0.00731848693 0.123478636
v -0.0687377155 0.00027216546 0.127409875
v -0.311819166 -0.0938015953 0.101006769
v -0.115606688 -0.0308402777 0.168959409
v -0.109453291 -0.0201555248 0.170884892
v -0.0924432278 -0.0126419598 0.176022679
v -0.070929803 -0.00717632333 0.184588403
v -0.0597970225 0.00288572069 0.143237457
v -0.0609548986 0.00333928876 0.128535375
v -0.057656724 0.00554507645 0.128886238
v -0.0609946102 -0.00187258201 0.187373906
v -0.0590289272 7.69724429e-05 0.186337739
v -0.055486884 0.00629588449 0.142901972
v -0.0804109275 -0.0195449609 0.18134591
v -0.0568894409 -0.00143030612 0.189476714
v -0.0544258989 0.00203234027 0.189823493
v -0.0628809631 -0.0110454336 0.187670529
v -0.0508290827 0.00379991066 0.191286534
v -0.0658068582 -0.0244415365 0.185738653
v -0.0895100087 -0.0320503153 0.177176878
v -0.309055179 -0.102499194 0.101083644
v -0.309190959 -0.107818484 0.0999404863
v 0.143715918 -0.00893979147 0.411677927
v 0.141829595 -0.00609309692 0.420009315
v 0.141797081 -0.00558522297 0.411223471
v 0.139609367 -0.00413115229 0.419422448
v 0.143855587 -0.0115221441 0.420561075
v 0.138676807 -0.00329175079 0.410596579
v 0.144112378 -0.0127791474 0.411883354
v 0.135082394 -0.0027547637 0.41824019
v 0.143451691 -0.0144974096 0.420465082
v 0.13682431 -0.00267735566 0.410250902
v 0.142922476 -0.0164499544 0.411805421
v 0.132937491 -0.00265461998 0.409570456
v 0.140158132 -0.0190703608 0.419605523
v 0.131804124 -0.00326108094 0.417391658
v 0.140778825 -0.0188455079 0.411515534
v 0.128572881 -0.00486596953 0.408885717
v 0.136763245 -0.0206461977 0.418708801
v 0.127020597 -0.00717230514 0.416161448
v 0.136820868 -0.0209188573 0.410896957
v 0.12699315 -0.00671902718 0.408675164
v 0.132943347 -0.0209419727 0.410219789
v 0.125677168 -0.00994250737 0.408559352
v 0.130816475 -0.0199436974 0.417143524
v 0.125744075 -0.0117397951 0.41583243
v 0.129382655 -0.0193820056 0.409541905
v 0.125543997 -0.0127910031 0.408637017
v 0.127594575 -0.0172962677 0.416306049
v 0.126932621 -0.0167816803 0.409021288
v 0.0828477964 -0.0353274569 0.387766898
v 0.0828477964 -0.0351579301 0.39176333
v 0.0828477964 -0.0304236617 0.391562492
v 0.0798768327 -0.0365873873 0.391823977
v 0.0828477964 -0.0305931866 0.38756609
v 0.0798768327 -0.0367568992 0.387827545
v 0.0782280713 -0.0295397043 0.387521416
v 0.0782280713 -0.0362113975 0.391808003
v 0.0782280713 -0.0293701962 0.391517818
v 0.0782280713 -0.0363809206 0.387811601
v 0.076172106 -0.0319459699 0.391627073
v 0.076172106 -0.0321154967 0.387630671
v -0.106269076 0.142917931 0.38273859
v -0.105112784 0.13153404 0.392449647
v -0.105962977 -0.162441254 0.393113643
v -0.105073251 0.102093942 0.393531531
v -0.105017647 0.143308967 0.392920583
v -0.10475263 0.147660866 0.394966573
v -0.104384109 0.149679497 0.39791581
v -0.105055943 0.0892036483 0.394005209
v -0.103559531 0.0904330015 0.406160712
v -0.103523843 0.101693615 0.406160712
v -0.104721971 -0.159517944 0.403145343
v -0.105802342 -0.173158914 0.39469853
v -0.104693905 -0.180421814 0.403913528
v -0.105347142 -0.181751773 0.397830695
v -0.102233276 -0.18633765 0.404130936
v -0.101517662 -0.187479094 0.400887012
v -0.0963252485 -0.188779294 0.40422067
v -0.0963252485 -0.189090669 0.40168485
v -0.0589937195 -0.189209133 0.400719881
v -0.0340423286 -0.188779294 0.40422067
v -0.0243950114 -0.189312473 0.399878353
v -0.00917097926 -0.188779294 0.40422067
v -0.00953107141 -0.189338103 0.399669528
v -0.153766423 -0.0144974096 0.420465082
v -0.15047285 -0.0190703608 0.419605523
v -0.153237194 -0.0164499544 0.411805421
v -0.151093557 -0.0188455079 0.411515534
v -0.154427111 -0.0127791474 0.411883354
v -0.147077978 -0.0206461977 0.418708801
v -0.154170319 -0.0115221441 0.420561075
v -0.147135586 -0.0209188573 0.410896957
v -0.154030636 -0.00893979147 0.411677927
v -0.143258065 -0.0209419727 0.410219789
v -0.152144313 -0.00609309692 0.420009315
v -0.141131192 -0.0199436974 0.417143524
v -0.152111799 -0.00558522297 0.411223471
v -0.139697388 -0.0193820056 0.409541905
v -0.149924085 -0.00413115229 0.419422448
v -0.137909323 -0.0172962677 0.416306049
v -0.148991525 -0.00329175079 0.410596579
v -0.137247354 -0.0167816803 0.409021288
v -0.145397127 -0.0027547637 0.41824019
v -0.136058807 -0.0117397951 0.41583243
v -0.147139043 -0.00267735566 0.410250902
v -0.135858729 -0.0127910031 0.408637017
v -0.143252209 -0.00265461998 0.409570456
v -0.135991901 -0.00994250737 0.408559352
v -0.142118856 -0.00326108094 0.417391628
v -0.13733533 -0.00717230514 0.416161448
v -0.138887599 -0.00486596953 0.408885717
v -0.137307897 -0.00671902718 0.408675164
v 0.302311718 -0.0773463771 0.0346841402
v 0.302353799 -0.0760098621 0.0305697285
v 0.30128482 -0.0773358047 0.0346770585
v 0.301231295 -0.0808354467 0.0372199044
v 0.302213699 -0.085172005 0.0372269861
v 0.301326901 -0.0759992823 0.0305626802
v 0.302368343 -0.0773469582 0.0264553502
v 0.301341474 -0.0773363784 0.0264482684
v 0.302349865 -0.0808469504 0.0239125025
v 0.301278442 -0.0851623937 0.0239054225
v -0.142567739 0.216421247 0.723584056
v -0.125807136 0.222569659 0.738391221
v -0.145892188 0.215028897 0.738391221
v -0.131890029 0.220502362 0.72161895
v -0.15305464 0.211824685 0.725635946
v -0.121020064 0.224069372 0.719764531
v -0.163349956 0.20670785 0.727743268
v -0.129896328 0.221200123 0.756719708
v -0.146302208 0.214782402 0.75983572
v -0.119192585 0.224612847 0.754969299
v -0.165217578 0.20571214 0.738391221
v -0.160890311 0.20798701 0.762958944
v -0.170838475 0.202584594 0.765324831
v -0.173449308 0.201063275 0.729875803
v -0.183626652 0.194694921 0.75983572
v -0.183626652 0.194694936 0.738391221
v -0.183344275 0.194881395 0.732009292
v -0.200970173 0.182066575 0.738391221
v -0.197300479 0.184941828 0.735107362
v -0.105125234 0.228273302 0.738391221
v -0.0992924199 0.229561836 0.752272785
v -0.109954521 0.227119729 0.718035042
v -0.099044539 0.229614809 0.716477156
v -0.0908780023 0.231278375 0.731238961
v -0.0848767385 0.232400879 0.750721276
v -0.0821685567 0.232879892 0.714202166
v -0.0702624246 0.23478435 0.74942565
v -0.0665706769 0.235308617 0.731238961
v -0.0791772231 0.233387291 0.713019431
v -0.0554150939 0.236703932 0.748302639
v -0.0751828924 0.234035969 0.710047305
v -0.0403567962 0.238140687 0.747316241
v -0.0723213702 0.234478384 0.7055161
v -0.0715041384 0.234600991 0.701120436
v -0.0174769554 0.239350989 0.731238961
v -0.0251573958 0.239074945 0.746570647
v -0.0694067106 0.234890267 0.572713912
v -0.0420791805 0.238002181 0.594222248
v -0.0665706769 0.235308632 0.594222248
v -0.0112416446 0.239478543 0.746227562
v -0.0516164228 0.237114593 0.572577596
v -0.0515307263 0.236113533 0.570073843
v -0.0696620792 0.233184174 0.569859445
v -0.0283576716 0.238592744 0.571040332
v -0.0174769554 0.239351004 0.594222248
v 0.00716221845 0.239350989 0.731238961
v 0.00484263198 0.239408538 0.746286511
v 0.00716221845 0.239351004 0.594222248
v 0.0148426611 0.239074945 0.746570647
v -0.00515736826 0.239519686 0.572473109
v 0.0317644477 0.238002181 0.594222248
v 0.0300420616 0.238140687 0.747316241
v 0.0111617465 0.239223659 0.572478592
v -0.00515746837 0.238520071 0.569921553
v -0.0283037573 0.237497315 0.569450438
v 0.0179890208 0.23749733 0.569450438
v 0.0255477913 0.238470733 0.572505236
v -0.00515742321 0.236320287 0.567940354
v -0.0513264574 0.234012932 0.568179965
v -0.0282054543 0.235542491 0.567848444
v -0.0646569356 0.232180491 0.568332374
v -0.0507806353 0.228580609 0.565691888
v -0.0639579818 0.226250947 0.565792143
v -0.0278995 0.229538441 0.565310538
v -0.00515734078 0.230886266 0.565493524
v -0.0501164049 0.222102523 0.564554751
v -0.00515726721 0.224422827 0.564415038
v -0.0612807646 0.217134371 0.564850211
v 0.0174091328 0.226117566 0.564640284
v 0.00625811797 0.220500216 0.564524651
v -0.0050367075 0.19835487 0.566929102
v -0.025266422 0.198203415 0.566824496
v -0.0546015576 0.197354063 0.566571355
v -0.0680528283 0.196458161 0.566954851
v 0.0149516854 0.198203415 0.566824496
v 0.048260875 0.21747449 0.564768434
v 0.0442868248 0.197354063 0.566571355
v 0.0398016684 0.222102523 0.564554751
v 0.0630933121 0.219415233 0.565384626
v 0.0404659025 0.228580609 0.565691888
v 0.0175847653 0.229538441 0.565310538
v 0.0178907178 0.235542506 0.567848444
v 0.0410117358 0.234012946 0.568179965
v 0.053643249 0.226250947 0.565792143
v 0.0597437248 0.230791196 0.568192184
v 0.0545419157 0.234114751 0.569910109
v 0.0590940975 0.234908342 0.573047876
v 0.0412160084 0.236113533 0.570073843
v 0.04130169 0.237114593 0.572577596
v 0.0611893944 0.234600991 0.701120436
v 0.0562559441 0.235308617 0.731238961
v 0.0620066337 0.234478384 0.7055161
v 0.0648681521 0.234035969 0.710047305
v 0.0599476881 0.23478435 0.74942565
v 0.0688624829 0.233387291 0.713019431
v 0.0718538165 0.232879892 0.714202166
v 0.0805632621 0.231278375 0.731238961
v 0.0887297988 0.229614809 0.716477156
v 0.0889776796 0.229561836 0.752272785
v 0.0948104933 0.228273302 0.738391221
v 0.0996397808 0.227119729 0.718035042
v 0.0979833975 0.22752738 0.753406823
v 0.110705324 0.224069372 0.719764531
v 0.115492396 0.222569659 0.738391221
v 0.132253006 0.216421247 0.723584056
v 0.119581595 0.221200123 0.756719708
v 0.135577455 0.215028897 0.738391221
v 0.153035238 0.20670785 0.727743268
v 0.13598749 0.214782402 0.75983572
v 0.154902846 0.20571214 0.738391221
v 0.16313459 0.201063275 0.729875803
v 0.154902846 0.20571214 0.75983572
v 0.160523742 0.202584594 0.765324831
v 0.173029542 0.194881409 0.732009292
v 0.173311919 0.194694921 0.75983572
v 0.175936595 0.192933932 0.769370139
v 0.19065544 0.182066575 0.75983572
v 0.194366902 0.179037884 0.774827063
v 0.186985746 0.184941828 0.735107362
v 0.19065544 0.182066575 0.738391221
v 0.196029529 0.17764017 0.737187982
v 0.206048772 0.168639868 0.75482899
v 0.206145376 0.168547943 0.762055457
v 0.204672262 0.169938192 0.739185095
v 0.204324365 0.153792202 0.761760056
v 0.203996927 0.152880251 0.75459224
v 0.202880517 0.151923046 0.74464041
v 0.203786597 0.156035304 0.775537729
v 0.20122467 0.151275292 0.734475017
v 0.202684537 0.15967907 0.794587493
v 0.204454884 0.177846864 0.72995621
v 0.198989287 0.150828212 0.721771896
v 0.206320614 0.179025829 0.740627587
v 0.194498584 0.151034147 0.693788588
v 0.195764259 0.180598363 0.674314022
v 0.191615209 0.152303785 0.675222814
v 0.189360708 0.153949097 0.660627842
v 0.187143624 0.156131908 0.646404326
v 0.191951156 0.184738666 0.649255276
v 0.184913471 0.158897758 0.63221252
v 0.190050483 0.187760204 0.636664748
v 0.183941737 0.20193623 0.594408631
v 0.18144682 0.16445154 0.609953701
v 0.17960687 0.168292359 0.597633004
v 0.178225636 0.16988185 0.593461692
v 0.182584554 0.204196095 0.590200484
v 0.177916214 0.190130636 0.588346064
v 0.173406333 0.172392085 0.588716388
v 0.18071641 0.206033021 0.587440193
v 0.174805164 0.196117416 0.585837722
v 0.160722092 0.176215932 0.584528387
v 0.162744552 0.199854448 0.582044005
v 0.145672381 0.180538803 0.580227554
v 0.145883486 0.2050405 0.577326238
v 0.131351456 0.184327304 0.576673269
v 0.174994141 0.209118426 0.58417052
v 0.129455566 0.210050479 0.573424101
v 0.161343068 0.214887291 0.579547405
v 0.132259339 0.223087177 0.572254479
v 0.178685576 0.20741342 0.585752845
v 0.177531287 0.210614115 0.58356297
v 0.18310535 0.207422569 0.587898135
v 0.161846191 0.215787694 0.578818202
v 0.140089378 0.222185895 0.57317555
v 0.183668137 0.208481953 0.584690928
v 0.168012381 0.214480489 0.578238487
v 0.178388298 0.210963771 0.581423461
v 0.185377002 0.207256362 0.579453588
v 0.174272582 0.211182222 0.572894633
v 0.182326138 0.20822756 0.575762987
v 0.186850011 0.204990894 0.571700037
v 0.186361089 0.201809153 0.562264442
v 0.190692842 0.203513101 0.574723244
v 0.190999269 0.201551557 0.568278372
v 0.195339665 0.197507173 0.565080583
v 0.191426873 0.196327567 0.557711184
v 0.181367263 0.201860934 0.554819763
v 0.181189299 0.200319558 0.552778363
v -0.322462559 -0.0729362816 0.0346841402
v -0.322420478 -0.0715997741 0.0305697303
v -0.323489398 -0.0729257092 0.0346770585
v -0.323542953 -0.0764253587 0.0372199081
v -0.322560549 -0.0807619095 0.0372269861
v -0.323447347 -0.0715891868 0.0305626802
v -0.322405905 -0.0729368702 0.0264553502
v -0.323432773 -0.0729262829 0.0264482703
v -0.322424412 -0.0764368549 0.0239125025
v -0.323495805 -0.0807523057 0.0239054225
v 0.0327667631 0.0338904113 0.19253628
v 0.0388610102 0.0265385956 0.192449257
v 0.0399818346 0.0456384942 0.188893259
v 0.0407376699 0.0343350992 0.190702483
v 0.0467162058 0.044298768 0.187226474
v 0.0568068698 0.0728898942 0.178821012
v 0.0595372729 0.0591546483 0.179936558
v 0.0438547619 0.0371093675 0.188688263
v 0.0407708064 0.0300851744 0.191043392
v 0.0403049365 0.0224584565 0.192129433
v 0.0417318642 0.029427886 0.189044133
v 0.0411601178 0.0162049774 0.192660823
v 0.0411519967 0.0258529577 0.189828739
v 0.0410405397 0.0222704764 0.1904331
v 0.0430201851 0.0128746256 0.190948918
v 0.0427999496 0.0183107071 0.175598264
v 0.10733147 0.0900340304 0.410747439
v 0.105534039 0.0900340304 0.414672792
v 0.105534039 0.101434037 0.414672792
v 0.10733147 0.101434037 0.410747439
v -0.11764621 0.0900340304 0.410747439
v -0.11764621 0.101434037 0.410747439
v -0.115848787 0.101434037 0.414672792
v -0.115848787 0.0900340304 0.414672792
v -0.225454912 0.186377645 0.777761579
v -0.226435229 0.1865343 0.775353849
v -0.219221294 0.189301133 0.777185559
v -0.230435178 0.179239333 0.761211395
v -0.217675462 0.195400372 0.772471845
v -0.207689255 0.203546226 0.772041857
v -0.218223855 0.186537504 0.778103888
v -0.218349606 0.186076641 0.780305862
v -0.215099275 0.184192166 0.776739061
v -0.205671981 0.206375048 0.768779933
v -0.21680899 0.184038922 0.777886569
v -0.217387497 0.184097171 0.779867768
v -0.195641845 0.186203927 0.772063613
v -0.20468162 0.179037884 0.774827063
v -0.213372171 0.171435237 0.777632177
v -0.203021809 0.204430982 0.772054434
v -0.186251327 0.192933932 0.769370139
v -0.195455819 0.213719025 0.768487334
v -0.174978212 0.22557193 0.764454663
v -0.170838475 0.202584594 0.765324831
v -0.160890311 0.20798701 0.762958944
v -0.215414137 0.1695375 0.78089875
v -0.196361065 0.2140297 0.766127348
v -0.176409319 0.227405444 0.763540745
v -0.154751912 0.23747994 0.759855092
v -0.146302208 0.214782402 0.75983572
v -0.129896328 0.221200123 0.756719708
v -0.186851397 0.221185789 0.763599515
v -0.200437009 0.208277389 0.750961185
v -0.133196816 0.247315094 0.755630791
v -0.119192585 0.224612847 0.754969299
v -0.145400003 0.244498491 0.756802142
v -0.166006237 0.233862847 0.761116266
v -0.119775623 0.252337396 0.75332588
v -0.120608918 0.254306048 0.752395034
v -0.166801989 0.234333992 0.758826375
v -0.156692117 0.239922538 0.756669581
v -0.177248344 0.227819845 0.761223495
v -0.185468376 0.220016673 0.746604919
v -0.170983642 0.230001956 0.74278903
v -0.156818599 0.238355115 0.739446878
v -0.146098509 0.245070115 0.754568756
v -0.134795487 0.249896884 0.752500176
v -0.140354261 0.246451318 0.735990942
v -0.121189676 0.254966706 0.750235736
v -0.123682082 0.253313571 0.73284936
v -0.11220976 0.257825702 0.748869538
v -0.107377388 0.258416057 0.750356495
v -0.107882492 0.259111166 0.748230338
v -0.115180314 0.256058335 0.723475814
v -0.101378888 0.260087848 0.721737981
v -0.124789111 0.251719862 0.722889662
v -0.0965212658 0.26196298 0.74666214
v -0.111624576 0.256377101 0.721080005
v -0.0868195444 0.2632806 0.72005254
v -0.0981597304 0.260067344 0.719396174
v -0.11469344 0.253422439 0.72060442
v -0.0765816793 0.264292032 0.716786921
v -0.0789781213 0.261924416 0.716290057
v -0.0742061585 0.262968779 0.714963973
v -0.0809849873 0.2503874 0.715588748
v -0.0791772231 0.233387291 0.713019431
v -0.0821685567 0.232879892 0.714202166
v -0.0751828924 0.234035969 0.710047305
v -0.0976919681 0.243738025 0.717323124
v -0.099044539 0.229614809 0.716477156
v -0.0723213702 0.234478384 0.7055161
v -0.118411787 0.236797616 0.720099568
v -0.109954521 0.227119729 0.718035042
v -0.121020064 0.224069372 0.719764531
v -0.137297705 0.228687271 0.723126411
v -0.131890029 0.220502362 0.72161895
v -0.135464609 0.245261058 0.723686576
v -0.142567739 0.216421247 0.723584056
v -0.15305464 0.211824685 0.725635946
v -0.146164849 0.240258873 0.725512862
v -0.146831065 0.241935477 0.726432264
v -0.166325808 0.228992566 0.729382277
v -0.13614063 0.247824028 0.726486146
v -0.146921426 0.24278006 0.728270352
v -0.157121271 0.236507341 0.728322506
v -0.157244727 0.237350091 0.730129182
v -0.167281345 0.231379688 0.732067466
v -0.177144334 0.223831773 0.732402921
v -0.177342102 0.224651426 0.73414284
v -0.187667072 0.216996446 0.736413836
v -0.186559096 0.214785889 0.73380816
v -0.197981536 0.207673833 0.73723048
v -0.1721562 0.208531737 0.729911685
v -0.163349956 0.20670785 0.727743268
v -0.173449308 0.201063275 0.729875803
v -0.183344275 0.194881395 0.732009292
v -0.206614733 0.198012233 0.73872149
v -0.197300479 0.184941828 0.735107362
v -0.206344247 0.17764017 0.737187982
v -0.216641247 0.179036871 0.740630507
v -0.21498698 0.169938192 0.739185095
v -0.215686291 0.189353883 0.741104305
v -0.218345135 0.180456445 0.741328359
v -0.207529917 0.199259222 0.739635587
v -0.220062152 0.180679113 0.741932929
v -0.198231444 0.208450466 0.738885164
v -0.207800776 0.200002313 0.741248786
v -0.215260744 0.194972113 0.755746007
v -0.216900736 0.1912155 0.743598998
v -0.225499064 0.182132244 0.745833337
v -0.225181237 0.181485027 0.744298041
v -0.230386004 0.173524752 0.744921982
v -0.231661022 0.175128922 0.747367561
v -0.236946836 0.168693915 0.748167217
v -0.235037699 0.169597968 0.746227503
v -0.241479307 0.161170512 0.741044462
v -0.233905762 0.167740956 0.729275823
v -0.216365337 0.180404887 0.721326113
v -0.217017949 0.180229396 0.732196152
v -0.218345135 0.180456445 0.741328359
v -0.216641247 0.179036871 0.740630507
v -0.212817878 0.1805664 0.705664873
v -0.211500272 0.179553837 0.705830991
v -0.212002128 0.181598991 0.689624608
v -0.210360721 0.181447744 0.689866245
v -0.209569395 0.183107808 0.673859894
v -0.21498698 0.169938192 0.739185095
v -0.207163751 0.185437679 0.65813452
v -0.207932159 0.182950914 0.67409122
v -0.204813302 0.151034147 0.693788588
v -0.20930402 0.150828212 0.721771896
v -0.211539403 0.151275292 0.734475017
v -0.213195249 0.151923046 0.74464041
v -0.215771854 0.169200435 0.746375382
v -0.206344247 0.17764017 0.737187982
v -0.21636349 0.168639868 0.75482899
v -0.214311659 0.152880251 0.75459224
v -0.214639097 0.153792202 0.761760056
v -0.216460094 0.168547943 0.762055457
v -0.214101315 0.156035304 0.775537729
v -0.200970173 0.182066575 0.75983572
v -0.212999269 0.15967907 0.794587493
v -0.20468162 0.179037884 0.774827063
v -0.195641845 0.186203927 0.772063613
v -0.186251327 0.192933932 0.769370139
v -0.216421589 0.188790619 0.799703598
v -0.211764753 0.163910419 0.814077914
v -0.215193197 0.194428608 0.82131207
v -0.216142192 0.196139291 0.820905924
v -0.210375071 0.168685466 0.833965778
v -0.213737145 0.200439885 0.842821717
v -0.208806008 0.173975632 0.854183197
v -0.21469374 0.202145323 0.842408299
v -0.211992055 0.206636801 0.864240527
v -0.2070207 0.179738969 0.874719799
v -0.212951601 0.208339021 0.863823235
v -0.209953919 0.213089928 0.885552943
v -0.204148635 0.188453883 0.903737307
v -0.212752447 0.215563521 0.885069072
v -0.208637148 0.221542358 0.906306922
v -0.208033755 0.229380429 0.927338839
v -0.20767948 0.219847918 0.906753838
v -0.201280132 0.196795896 0.929763377
v -0.198189318 0.205727667 0.956033468
v -0.205292657 0.231179327 0.934898973
v -0.204558209 0.239319414 0.955837846
v -0.201755345 0.236839622 0.956368744
v -0.194964632 0.21525453 0.982423365
v -0.200073481 0.24607031 0.976794362
v -0.196450517 0.252185345 0.998116136
v -0.191166565 0.227003247 1.01291001
v -0.20191592 0.246857822 0.976739705
v -0.19740735 0.253867447 0.997595489
v -0.187892795 0.237767249 1.03914273
v -0.184626237 0.249095574 1.06531799
v -0.201154083 0.25419572 0.997951627
v -0.196575388 0.262710154 1.01823115
v -0.181963012 0.258851647 1.08664012
v -0.19204703 0.270180047 1.03893518
v -0.187421873 0.2800515 1.06743705
v -0.180095628 0.261711359 1.09173954
v -0.176107869 0.263897598 1.09529102
v -0.182219684 0.28403464 1.09218264
v -0.184789598 0.288494736 1.08724654
v -0.185733587 0.290153682 1.08665586
v -0.184400976 0.289667517 1.08917248
v -0.179047719 0.294918209 1.09590364
v -0.170960695 0.265534639 1.09671938
v -0.182930365 0.291885227 1.09232247
v -0.183668584 0.293664813 1.09255815
v -0.180775687 0.29587993 1.0955714
v -0.17289938 0.285847127 1.09710801
v -0.17602396 0.296447009 1.09708452
v -0.170345366 0.298289537 1.09741139
v -0.176655143 0.297946095 1.0974946
v -0.14703688 0.269998133 1.09722984
v -0.133440226 0.306144595 1.09821916
v -0.0992061868 0.277410626 1.09821916
v -0.17090252 0.300532043 1.09855759
v -0.0797374472 0.279663056 1.09853828
v -0.171086624 0.30107072 1.10107338
v -0.174836591 0.299832344 1.09910583
v -0.179751113 0.297888547 1.09777272
v -0.177586704 0.299153388 1.10032868
v -0.183520973 0.295785636 1.09505618
v -0.186253339 0.293367028 1.09115851
v -0.184714466 0.295822084 1.0963105
v -0.187852249 0.293213636 1.09206533
v -0.187563509 0.290949672 1.08655632
v -0.192918003 0.273986608 1.04625559
v -0.194823951 0.273541212 1.04668772
v -0.192112967 0.282075465 1.06720459
v -0.195537671 0.283994526 1.0810715
v -0.198451325 0.275232136 1.06085742
v -0.204027459 0.25861451 1.02063763
v -0.208272472 0.261610299 1.04339576
v -0.202529997 0.279067308 1.08414674
v -0.211554557 0.264284164 1.06697428
v -0.196020767 0.288106233 1.09469104
v -0.204632938 0.282323629 1.10269451
v -0.215539798 0.262920618 1.08120966
v -0.193809226 0.291018218 1.10009527
v -0.200793892 0.285304517 1.09897029
v -0.190784171 0.293159544 1.10523331
v -0.197530672 0.289000779 1.10343659
v -0.200699463 0.286851615 1.10639656
v -0.202232182 0.285700113 1.11221397
v -0.203987569 0.284160584 1.10976803
v -0.211611181 0.275737673 1.10977733
v -0.208811641 0.279851079 1.11859035
v -0.210989401 0.277314454 1.11369848
v -0.211448848 0.276677281 1.11629963
v -0.210987121 0.275762886 1.11903393
v -0.212623581 0.269042134 1.11540473
v -0.212207437 0.269850492 1.11740041
v -0.209784806 0.272080898 1.12212944
v -0.214347035 0.257816434 1.09586012
v -0.211531371 0.266782194 1.11629021
v -0.209997192 0.268865526 1.12059438
v -0.047231786 0.162536576 0.699189603
v -0.046199061 0.162555411 0.689548552
v -0.0251656752 0.163150907 0.684399247
v -0.0731573701 0.161332339 0.699189603
v -0.00965191144 0.163236812 0.690235734
v -0.0251664594 0.16343604 0.672998548
v -0.00515736826 0.163243726 0.699189603
v -0.0540194362 0.162537888 0.672998548
v 0.0148517247 0.16343604 0.672998548
v -0.0736042187 0.161276892 0.688469231
v -0.0901444405 0.160246477 0.699189603
v -0.0913648456 0.160263121 0.672998548
v 0.0148506947 0.163083658 0.690234125
v 0.0148500744 0.163089648 0.699189603
v 0.0291024707 0.163086027 0.672998548
v 0.0369170494 0.162536576 0.699189603
v -0.102227338 0.159290567 0.687135339
v -0.118490711 0.158009022 0.699189603
v -0.114157371 0.158414304 0.672998548
v 0.0523212366 0.161860839 0.688923955
v 0.0507832132 0.161972165 0.699189603
v 0.0580793396 0.161812514 0.672998548
v 0.0798297003 0.160246477 0.699189603
v 0.0785005763 0.160290778 0.687782526
v 0.0810501054 0.160263121 0.672998548
v 0.103842631 0.158414304 0.672998548
v 0.117644511 0.157145724 0.699189603
v 0.121699862 0.15670377 0.685583889
v 0.1217006 0.156964317 0.645615578
v 0.103842631 0.158897117 0.647923112
v 0.137379155 0.154959485 0.684650838
v 0.132539287 0.155546114 0.699086428
v 0.138400361 0.15481016 0.696974397
v 0.142730847 0.15423508 0.692583501
v 0.144755572 0.154009059 0.686748564
v 0.14484264 0.154557958 0.662667096
v 0.134721532 0.155651629 0.650503814
v 0.14484264 0.156773314 0.63361454
v 0.103842631 0.159677729 0.637405992
v 0.134000942 0.156354517 0.639065742
v 0.125561967 0.156935558 0.639601827
v 0.121022724 0.157984868 0.634292185
v 0.133676931 0.157048166 0.633464992
v 0.137627095 0.157964826 0.627759695
v 0.14484264 0.160320759 0.617883563
v 0.129162982 0.158269644 0.628214657
v 0.133135051 0.159419149 0.622582734
v 0.124690175 0.159948066 0.62310946
v 0.103842631 0.160901755 0.629402041
v 0.103363685 0.163589299 0.619321227
v 0.167102426 -0.0662770718 0.337066472
v 0.164234489 -0.0656757653 0.338890135
v 0.175918967 -0.0634128898 0.336653471
v 0.154098019 -0.070176892 0.340964705
v 0.149284691 -0.0731125474 0.342198789
v 0.152859524 -0.0709861442 0.346058995
v 0.156661764 -0.069147259 0.346060544
v 0.148220345 -0.0740186647 0.347316027
v 0.166379362 -0.0651675835 0.344128549
v 0.162449375 -0.0678412318 0.346183717
v 0.169633329 -0.0638877228 0.339149475
v 0.178538114 -0.0624691322 0.337376863
v 0.173978209 -0.063272275 0.34318766
v 0.171791807 -0.0648354068 0.344687819
v 0.180174589 -0.0628553033 0.343523681
v 0.189593092 -0.0633979067 0.344194323
v 0.181200087 -0.125415474 0.333687574
v 0.181410745 -0.12826477 0.332852632
v 0.185521424 -0.126158863 0.332241327
v 0.19418931 -0.123588257 0.331556588
v 0.185360417 -0.123251498 0.333470523
v 0.181068376 -0.122675918 0.335215092
v 0.19410041 -0.120724961 0.333188474
v 0.185284778 -0.120586902 0.335397601
v 0.176958546 -0.12039046 0.339565814
v 0.185307875 -0.118406631 0.337920487
v 0.185427845 -0.116886929 0.340835243
v 0.181285426 -0.117375702 0.342997193
v 0.171170935 -0.120593198 0.34443748
v 0.177440807 -0.118187651 0.346500248
v 0.172376931 -0.120055422 0.348998427
v 0.168525636 -0.120999739 0.344830751
v 0.166795164 -0.12059541 0.347954154
v 0.161515817 -0.120654173 0.350645423
v 0.170639291 -0.120683365 0.350821495
v -0.140437752 -0.117296129 0.34642759
v -0.163263664 -0.117942944 0.340288937
v -0.179247871 -0.117474943 0.341525674
v -0.180174842 -0.117006503 0.344288737
v -0.174675331 -0.117050797 0.345909238
v -0.1818638 -0.117296726 0.347798884
v -0.00515736826 0.187534541 0.672998548
v -0.0335323103 0.187037498 0.672998548
v -0.0116347019 0.188684672 0.678096473
v -0.0656867176 0.185831681 0.672998548
v 0.00778680202 0.188413501 0.677518606
v 0.0338791795 0.186750531 0.672998548
v 0.103842631 0.158414304 0.672998548
v 0.0364948325 0.189251617 0.682666898
v 0.00787250698 0.190536886 0.684716463
v 0.0659128129 0.188226625 0.68297112
v 0.039099846 0.192842051 0.692969859
v -0.00160602026 0.193998143 0.69415915
v 0.0552896857 0.191751271 0.691402197
v 0.0620760322 0.191761285 0.693828404
v 0.0696341023 0.191248089 0.69233036
v 0.0785983205 0.189492255 0.68828845
v 0.0700603351 0.186641872 0.677814543
v 0.0709979609 0.185554057 0.672998548
v 0.078489475 0.186630249 0.677887499
v 0.0784702972 0.18567206 0.672998548
v -0.0320374817 0.0546659455 0.187860847
v -0.0405994467 0.0768959895 0.179224148
v -0.0526899993 0.0789285228 0.177279174
v -0.0546684004 0.0960333422 0.171336979
v -0.053126093 0.0968141779 0.170465305
v -0.0384672135 0.0506742336 0.187954038
v -0.0456555225 0.0533293821 0.18573688
v -0.0601071455 0.0736112148 0.177202582
v -0.193979442 0.261440873 0.101363778
v -0.186562181 0.266758025 0.101440474
v -0.197931513 0.258314341 0.100909926
v 0.18311213 0.266778678 0.106380478
v 0.1876719 0.26446858 0.10665068
v 0.0416122042 0.0820646137 0.178069338
v 0.0494585037 0.0783011839 0.178706512
v 0.0216775797 0.0559845343 0.188612148
v 0.017264653 0.0517544076 0.190290257
v 0.0232175868 0.0491699986 0.19061701
v 0.0345285274 0.0581988506 0.186832309
v 0.0263423417 0.0395849161 0.192456111
v 0.0341970511 0.0505185835 0.188963294
v -0.140437752 -0.117296129 0.34642759
v -0.144535616 -0.11113666 0.347094148
v -0.144813612 -0.102737091 0.347325951
v -0.148203075 -0.0998500362 0.347211182
v -0.153762147 -0.0900204629 0.346118093
v -0.158544526 -0.083914049 0.34488526
v -0.166800708 -0.0741514713 0.341985226
v -0.170167595 -0.0713154897 0.336943001
v -0.178200066 -0.067631349 0.339499742
v -0.176779762 -0.0678017437 0.33544606
v -0.181090981 -0.0676544309 0.339582264
v -0.18426688 -0.0653670505 0.338566869
v -0.188573092 -0.0649853945 0.338492453
v -0.183214039 -0.0653198212 0.334337831
v -0.191093937 -0.0636803582 0.337897599
v -0.1786156 -0.0637343302 0.333402783
v -0.189822257 -0.0636257604 0.333605319
v -0.198444784 -0.0629824847 0.337741673
v -0.196841255 -0.0626590401 0.333509088
v -0.194236562 -0.060580872 0.332077295
v -0.187179521 -0.0615196377 0.332404315
v -0.190542519 -0.0596957095 0.332542747
v -0.183422655 -0.0610487983 0.333104074
v -0.174763486 -0.0638395101 0.334388196
v -0.164747953 -0.068907544 0.336633533
v -0.171242252 -0.0641685054 0.337231278
v -0.160932466 -0.0702774078 0.339725196
v -0.181808278 -0.0602525026 0.335499436
v -0.186872408 -0.0593726188 0.333719313
v -0.179527819 -0.0610958077 0.339480549
v -0.190546513 -0.05861862 0.338422418
v -0.183111772 -0.0602495261 0.339851558
v -0.194082409 -0.0584007725 0.333386362
v -0.197767004 -0.059124589 0.332439244
v -0.197697654 -0.0579129159 0.334678471
v -0.190696597 -0.0591946878 0.339940071
v -0.180204555 -0.062255051 0.341547817
v -0.169801369 -0.0653397217 0.342209071
v -0.166629776 -0.0671010613 0.3429901
v -0.167612299 -0.0680476204 0.344200522
v -0.16241248 -0.0705532357 0.345028102
v -0.15895611 -0.0724719539 0.345177531
v -0.155029848 -0.075127393 0.341432035
v -0.156679839 -0.0752957612 0.346832931
v -0.153033391 -0.0775481686 0.346007884
v -0.149760231 -0.0806195363 0.343053728
v 0.165328011 0.0900340304 0.420924127
v 0.167700931 0.10143403 0.417315215
v 0.167700931 0.0900340304 0.417315215
v 0.164418787 0.10143403 0.420829087
v -0.0803690702 0.183800265 0.603996813
v -0.0536982082 0.186357588 0.603982151
v -0.0520229265 0.174253002 0.603883564
v -0.0180006009 0.175277263 0.603883564
v -0.0461424291 0.189428508 0.605626106
v -0.0229818951 0.187829867 0.603972912
v 0.0318865217 0.187119767 0.603977203
v -0.0383939892 0.188209444 0.604281306
v -0.0138322767 0.189896375 0.604949534
v -0.0307609756 0.190766558 0.607391834
v 0.00127609295 0.188663885 0.604159236
v -0.0138444817 0.190779716 0.606144488
v -0.0166018438 0.190955594 0.609063327
v -0.006273726 0.191063806 0.609046936
v 0.00129813189 0.19080545 0.606142044
v 0.00884829834 0.189805225 0.604953945
v 0.0358276926 0.189428508 0.605626106
v 0.051101543 0.186705545 0.604325771
v 0.0552870743 0.184302986 0.603883564
v 0.0776898265 0.185171634 0.605050802
v 0.07751403 0.182949379 0.603999257
v 0.101956978 0.169681877 0.603883564
v 0.0667032301 0.172673494 0.603883564
v 0.111519143 0.177622125 0.603993833
v 0.112026751 0.181059837 0.605817914
v 0.131504908 0.176117495 0.604977369
v 0.130842641 0.17213431 0.603883564
v 0.130842641 0.166473851 0.603883564
v -0.175642744 0.0900340304 0.420924127
v -0.178015649 0.0900340304 0.417315215
v -0.178015649 0.10143403 0.417315215
v -0.175642744 0.10143403 0.420924127
v 0.167787448 0.021484036 0.425501019
v 0.168373823 0.021484036 0.41954717
v 0.168373823 0.00933403429 0.41954717
v 0.167787448 0.00933403429 0.425501019
v 0.1654246 -0.0452659652 0.426666945
v 0.165448263 -0.0332659632 0.426527709
v 0.166277796 -0.0452659652 0.421641827
v 0.166277796 -0.0332659632 0.421641827
v 0.0480095036 0.208739921 0.670771897
v 0.0409865826 0.210755229 0.670771897
v 0.0409865826 0.210755244 0.631771922
v 0.0327327363 0.212506026 0.631771922
v 0.0480095036 0.208739921 0.631771922
v 0.0266336501 0.213460624 0.670771897
v 0.0548938066 0.206292614 0.670771897
v 0.0266336501 0.213460624 0.631771922
v 0.0193589646 0.214140236 0.670771897
v 0.0193589646 0.214140236 0.631771922
v 0.0120561253 0.214367062 0.670771897
v -0.0223708618 0.214367062 0.670771897
v -0.0223708618 0.214367062 0.631771922
v -0.0296737012 0.214140236 0.670771897
v -0.0369483866 0.213460624 0.631771922
v -0.0430474691 0.212506026 0.670771897
v -0.0465021953 0.211815104 0.631771922
v -0.0513013192 0.210755229 0.670771897
v -0.0583242364 0.208739921 0.631771922
v -0.0583242364 0.208739921 0.670771897
v -0.0652085394 0.206292614 0.670771897
v -0.0652085394 0.206292614 0.631771922
v -0.0719276965 0.203422785 0.664271891
v -0.0719276965 0.2034228 0.631771922
v -0.0784557909 0.20014149 0.670771897
v -0.0784557909 0.200141504 0.631771922
v -0.084767662 0.19646138 0.670771897
v -0.084767662 0.19646138 0.631771922
v -0.0908389688 0.192396641 0.631771922
v -0.096173875 0.188439369 0.670771897
v -0.101369493 0.1843009 0.631771922
v -0.10664013 0.179784313 0.670771897
v -0.111318476 0.175500289 0.631771922
v -0.111318476 0.175500289 0.670771897
v 0.0805242211 0.192396641 0.670771897
v 0.0744529217 0.19646138 0.670771897
v 0.0744529217 0.19646138 0.631771922
v 0.0681410432 0.20014149 0.670771897
v 0.0805242211 0.192396641 0.631771922
v 0.0858591273 0.188439369 0.670771897
v 0.091054745 0.1843009 0.631771922
v 0.0963253826 0.179784313 0.670771897
v 0.101003729 0.175500304 0.631771922
v 0.101003729 0.175500304 0.670771897
v 0.0681410432 0.200141504 0.631771922
v 0.0616129562 0.2034228 0.638271928
v 0.0616129562 0.203422785 0.670771897
v 0.0548938066 0.206292614 0.631771922
v -0.199752584 -0.0733413845 0.340186536
v -0.200864241 -0.0709486529 0.340354681
v -0.200838938 -0.0730615109 0.341163844
v -0.0913648456 0.160263121 0.672998548
v -0.114157371 0.158414304 0.672998548
v -0.0540194362 0.162537888 0.672998548
v -0.0251664594 0.16343604 0.672998548
v 0.0148517247 0.16343604 0.672998548
v 0.0291024707 0.163086027 0.672998548
v 0.0580793396 0.161812514 0.672998548
v 0.0810501054 0.160263121 0.672998548
v -0.105679385 0.186804876 0.678023815
v -0.10664013 0.186181009 0.672998548
v -0.105694406 0.188567504 0.688479066
v -0.110555455 0.188720852 0.692837417
v -0.0962145627 0.187821761 0.683163226
v -0.0845881328 0.186618373 0.677851856
v -0.0934170336 0.19007425 0.691056371
v -0.0719589591 0.186806127 0.677733958
v -0.0789906383 0.190980926 0.691090167
v -0.0874513611 0.19075723 0.693735063
v -0.0510141924 0.189129278 0.682709157
v -0.046748843 0.187746808 0.677470088
v -0.0580990426 0.192144096 0.691615343
v -0.0468929783 0.191022292 0.687850535
v -0.0343535356 0.192957759 0.692133248
v 0.18144682 0.16445154 0.609953701
v 0.197749943 0.15706192 0.627374351
v 0.184913471 0.158897758 0.63221252
v 0.198326051 0.154961511 0.638001621
v 0.187143624 0.156131908 0.646404326
v 0.197206438 0.15948908 0.616858661
v 0.198924422 0.153200686 0.648729265
v 0.189360708 0.153949097 0.660627842
v 0.211237177 0.151783705 0.636490107
v 0.199546039 0.151780784 0.659572065
v 0.191615209 0.152303785 0.675222814
v 0.211829528 0.149971411 0.647190511
v 0.212448984 0.148520321 0.658014715
v 0.201738745 0.149757907 0.680035532
v 0.194498584 0.151034147 0.693788588
v 0.213086635 0.146845624 0.67884469
v 0.211810127 0.146908492 0.688997984
v 0.225345179 0.143129855 0.6773808
v 0.221132293 0.146969408 0.647910655
v 0.22309643 0.14485684 0.661748528
v 0.228058085 0.143590912 0.677028954
v 0.223832935 0.147450283 0.647612751
v 0.225801334 0.145329222 0.661419809
v 0.230076358 0.142731249 0.691093802
v -0.178102165 0.00933403429 0.425501019
v -0.178688556 0.00933403429 0.41954717
v -0.178688556 0.021484036 0.41954717
v -0.178102165 0.021484036 0.425501019
v -0.175762981 -0.0332659632 0.426527709
v -0.176592529 -0.0452659652 0.421641827
v -0.176592529 -0.0332659632 0.421641827
v -0.175739333 -0.0452659652 0.426666945
v -0.181469396 0.281976134 0.034816999
v -0.181570113 0.27644065 0.0411743298
v -0.181454852 0.280639023 0.0307025872
v -0.181450903 0.285476148 0.0373598449
v -0.181406394 0.289802134 0.0373598449
v -0.18130365 0.276200235 0.00210548076
v -0.181412756 0.281975567 0.026588209
v -0.181359246 0.285475194 0.0240453612
v -0.181623086 0.284806132 0.0613711365
v -0.181352869 0.293301761 0.034816999
v -0.181310788 0.294638306 0.0307025891
v -0.181005523 0.3154324 0.0174359269
v -0.181296229 0.293301165 0.026588209
v -0.18119657 0.285198003 1.24664039e-08
v -0.181106284 0.294415504 0.000658673758
v -0.181040868 0.303022891 0.00402210793
v -0.181006238 0.310245275 0.0097875502
v -0.181038752 0.31811735 0.0262787007
v -0.181102976 0.318058342 0.0355197266
v -0.181417853 0.268232226 0.00678547332
v -0.181528896 0.262011349 0.0136186639
v -0.181192398 0.315260708 0.0443270691
v -0.181298971 0.30997631 0.0519078523
v -0.181413069 0.30268091 0.0575795434
v -0.181524456 0.294031233 0.0608315542
v -0.181572616 0.273358881 0.0369303711
v -0.181054786 0.27595818 0.0421464667
v -0.181634948 0.266269833 0.0353881642
v -0.181626782 0.258097678 0.0219899099
v -0.181746334 0.258069634 0.0393154398
v -0.181702733 0.256843507 0.0311455503
v -0.181098133 0.267446756 0.0357239209
v -0.181221098 0.26840961 0.0550263487
v 0.0843278095 -0.164240852 0.403544366
v 0.0835747272 -0.160944372 0.403404534
v 0.0843278095 -0.162676245 0.399474382
v 0.082217738 -0.16003269 0.399362266
v 0.080525592 -0.167439789 0.399676442
v 0.082217738 -0.159863159 0.403358668
v 0.080525592 -0.167270273 0.403672844
v 0.0774764493 -0.160944372 0.403404534
v 0.0788334459 -0.166884407 0.403656483
v 0.0774764493 -0.161113858 0.399408132
v 0.0788334459 -0.167053923 0.399660081
v 0.0767233744 -0.162676245 0.399474382
v 0.177828282 0.10143403 0.415549189
v 0.177783951 0.0900340304 0.415643483
v 0.176546112 0.10143403 0.418277532
v 0.176546112 0.0900340304 0.418277532
v 0.177282244 0.00933403522 0.416805059
v 0.175915182 0.00933403429 0.420346648
v 0.175915182 0.021484036 0.420346648
v 0.177438691 0.021484036 0.416399747
v 0.177368969 -0.0332659632 0.418323129
v 0.177308559 -0.0387206599 0.418506593
v 0.175924644 -0.0332659632 0.422709227
v 0.175924644 -0.0452659652 0.422709227
v 0.17723605 -0.0452659652 0.418726772
v -0.186860844 0.0900340304 0.418277532
v -0.188098684 0.0900340304 0.415643483
v -0.186860844 0.10143403 0.418277532
v -0.188143 0.10143403 0.415549189
v -0.187753424 0.021484036 0.416399747
v -0.1862299 0.021484036 0.420346648
v -0.187596977 0.00933403522 0.416805029
v -0.1862299 0.00933403429 0.420346648
v -0.186239362 -0.0332659632 0.422709227
v -0.186239362 -0.0452659652 0.422709227
v -0.187623292 -0.0387206599 0.418506593
v -0.187550783 -0.0452659652 0.418726772
v -0.187683702 -0.0332659632 0.418323129
v 0.205566287 0.27559185 0.00170084822
v 0.205333114 0.26034224 0.0127812307
v 0.205673546 0.285017043 0.000207989753
v 0.205448985 0.267089546 0.00603327574
v 0.20514977 0.25451839 0.0307096671
v 0.205230013 0.256010532 0.0212841295
v 0.205817923 0.302945346 0.0060332776
v 0.205760241 0.294442385 0.00170084904
v 0.205840901 0.309693575 0.0127812326
v 0.205826953 0.314026475 0.0212841332
v 0.205777436 0.315519989 0.030709669
v 0.205086306 0.260344774 0.0486381017
v 0.205100253 0.256011873 0.0401352048
v 0.205166951 0.275595963 0.0597184859
v 0.205253661 0.285021365 0.0612113476
v 0.205109283 0.267093003 0.055386059
v 0.205531687 0.287181735 0.0240524411
v 0.205433652 0.279356092 0.0265952572
v 0.205550179 0.29068169 0.0265952572
v 0.205391586 0.278019547 0.0307096671
v 0.205377012 0.279356658 0.034824077
v 0.20553562 0.292018801 0.030709669
v 0.205395505 0.282856613 0.0373668931
v 0.205498651 0.295308858 0.0409989133
v 0.205440044 0.287182689 0.0373668931
v 0.205697194 0.314027816 0.0401352048
v 0.205594093 0.309696108 0.0486381054
v 0.205360919 0.294446498 0.0597184896
v 0.20549354 0.290682286 0.034824077
v 0.205478206 0.302948862 0.055386059
v -0.201941818 0.25883913 0.0211371575
v -0.201605529 0.278420478 0.00155384513
v -0.202022061 0.257347018 0.0305626951
v -0.201838717 0.263170868 0.012634228
v -0.201722831 0.269918144 0.00588630326
v -0.201411575 0.297270983 0.00155384606
v -0.201353908 0.305773944 0.00588630466
v -0.20149827 0.287845641 6.0986702e-05
v -0.20133093 0.312522173 0.0126342298
v -0.201344877 0.316855103 0.0211371593
v -0.201394409 0.318348557 0.030562697
v -0.201577723 0.312524706 0.0484911315
v -0.201474637 0.316856444 0.0399882346
v -0.201693624 0.30577746 0.055239059
v -0.201810926 0.297275126 0.0595715158
v -0.201918185 0.287849933 0.0610643737
v -0.201636195 0.294847399 0.0305626951
v -0.201621637 0.293510318 0.0264482852
v -0.201678261 0.293510914 0.0346770771
v -0.201684669 0.285684317 0.0239054393
v -0.201731801 0.290011257 0.037219923
v -0.201738179 0.28218469 0.0264482852
v -0.20178026 0.280848145 0.0305626951
v -0.202071562 0.258840472 0.0399882309
v -0.20200488 0.278424591 0.0595715158
v -0.201794818 0.282185256 0.0346770771
v -0.202062562 0.269921631 0.0552390553
v -0.20208551 0.263173401 0.0484911315
v 0.0608426332 -0.18239893 0.373770326
v 0.0608426332 -0.181422487 0.36771968
v -0.0706573725 -0.182046175 0.370723128
v -0.0706573725 -0.182477877 0.376836836
v -0.0706573725 -0.181422487 0.36771968
v 0.0608426332 -0.182282478 0.379898161
v -0.0706573725 -0.181814209 0.382929742
v 0.0608426332 -0.18107684 0.385907352
v -0.0706573725 -0.18107684 0.385907352
v 0.0608426332 -0.180532873 0.364784002
v -0.0706573725 -0.179384395 0.361939579
v 0.0608426332 -0.177986294 0.35920915
v -0.0706573725 -0.176349759 0.356614649
v 0.0608426332 -0.174487889 0.35417679
v -0.0706573725 -0.174487889 0.35417679
v 0.0608426332 -0.172415555 0.351915091
v -0.0706573725 -0.172415555 0.351915091
v 0.0608426332 -0.159165561 0.365642637
v 0.0608426332 -0.161856845 0.379688859
v 0.0638426319 -0.159165561 0.365642637
v 0.0638426319 -0.16223605 0.380871385
v 0.0608426332 -0.163724512 0.382840097
v 0.0608426332 -0.159688905 0.363383114
v 0.0638426319 -0.163724512 0.382840097
v 0.0638426319 -0.160295293 0.362386912
v 0.0608426332 -0.165920466 0.383966684
v 0.0608426332 -0.161098391 0.361541212
v 0.0638426319 -0.167150691 0.38413626
v 0.0638426319 -0.174707741 0.349965423
v 0.0608426332 -0.176018372 0.384354562
v 0.0608426332 -0.172415555 0.351915091
v 0.0638426319 -0.177864686 0.38457641
v -0.0736573711 -0.174707741 0.349965423
v 0.0608426332 -0.18107684 0.385907352
v -0.0706573725 -0.172415555 0.351915091
v 0.0638426319 -0.183544159 0.388055563
v -0.0736573711 -0.172439516 0.351894706
v -0.0706573725 -0.18107684 0.385907352
v -0.0706573725 -0.170824528 0.353268385
v -0.0736573711 -0.183544159 0.388055563
v -0.0736573711 -0.161098391 0.361541212
v -0.0736573711 -0.179958627 0.385318935
v -0.0706573725 -0.159306586 0.364484906
v -0.0706573725 -0.177864686 0.38457641
v -0.0736573711 -0.159688905 0.363383114
v -0.0736573711 -0.16475895 0.383527279
v -0.0736573711 -0.159165561 0.365642637
v -0.0706573725 -0.165920466 0.383966684
v -0.0706573725 -0.161856845 0.379688859
v -0.0706573725 -0.163724512 0.382840097
v -0.0736573711 -0.16286923 0.381939709
v -0.00912491791 -0.194803864 0.40234217
v -0.0101378234 -0.191319406 0.400643051
v -0.00970552862 -0.193838134 0.413771927
v -0.00786057208 -0.195967346 0.413771927
v -0.00693757087 -0.19643344 0.403130352
v -0.010106476 -0.191049501 0.413771927
v -0.00545698497 -0.196752071 0.403283983
v -0.00515736826 -0.196761087 0.413771927
v -0.00245416421 -0.195967346 0.413771927
v -0.000620185398 -0.193834439 0.401871175
v -0.000609208131 -0.193838134 0.413771927
v -0.000208261015 -0.191049501 0.413771927
v -0.00917097926 -0.188779294 0.40422067
v -0.00953107141 -0.189338103 0.399669528
v -0.00893611647 -0.188486755 0.413771927
v -0.0065660309 -0.186963633 0.404153943
v -0.0065660309 -0.186963633 0.413771927
v -0.00374870514 -0.186963633 0.404153943
v -0.00374870514 -0.186963633 0.413771927
v -0.00137862016 -0.188486755 0.413771927
v -0.00114375737 -0.188779294 0.40422067
v -0.00022480535 -0.191050291 0.400510997
v -0.000783665164 -0.189338103 0.399669528
v 0.218982488 0.150124311 0.632212222
v 0.219870791 0.154032752 0.618258178
v 0.210673586 0.153948694 0.625879347
v 0.217189744 0.153523505 0.618472993
v 0.218212977 0.157817766 0.605309188
v 0.216628656 0.162140355 0.59271735
v 0.210148409 0.156423509 0.61536622
v 0.215551093 0.157288849 0.605484068
v 0.213991851 0.161588877 0.592850804
v 0.212422088 0.166529194 0.579939663
v 0.196212441 0.165372029 0.596152604
v 0.209655911 0.159237847 0.604990721
v 0.196694553 0.162259623 0.606457114
v 0.17960687 0.168292359 0.597633004
v 0.201891214 0.276095569 0.066094771
v 0.199202374 0.277477384 0.0605139583
v 0.204236269 0.274066329 0.0661362708
v 0.196159944 0.2783629 0.0660273582
v 0.193098336 0.278420061 0.0606823564
v 0.190012231 0.277919084 0.0659914687
v 0.187256217 0.276642054 0.060171064
v 0.18466568 0.274851978 0.0659941509
v 0.20607087 0.271566123 0.0661803111
v 0.184832066 0.274882972 0.0595787168
v 0.207367629 0.268595934 0.0570323281
v 0.207871094 0.2656717 0.0662670732
v 0.204598442 0.265800714 0.0550263487
v 0.207927734 0.265766442 0.0550492667
v 0.207927734 0.265766442 0.0550492667
v 0.206935316 0.259579718 0.0663378686
v 0.207825243 0.262269199 0.0518170595
v 0.207825243 0.262269199 0.0518170595
v 0.207058281 0.259349346 0.0481331907
v 0.207058281 0.259349346 0.0481331907
v 0.205465898 0.256289452 0.0423671082
v 0.203448892 0.254496813 0.0663786456
v 0.204594165 0.255557537 0.0403353386
v 0.204073176 0.255460739 0.0393154398
v 0.203776136 0.25434801 0.0423802584
v 0.205465898 0.256289452 0.0423671082
v 0.200139746 0.25185141 0.0423873104
v 0.19810234 0.251429707 0.0663813576
v 0.199919894 0.252321094 0.0394370519
v 0.199815154 0.254782647 0.036238201
v 0.195902854 0.250624627 0.042374216
v 0.191954598 0.250985861 0.0663454384
v 0.19585456 0.251143992 0.039424479
v 0.195676699 0.252703756 0.0368733034
v 0.19149521 0.250792086 0.0423423275
v 0.191625401 0.251304686 0.0393939018
v 0.187363893 0.25233683 0.0422948711
v 0.186223358 0.253253222 0.0662780553
v 0.18413353 0.25551793 0.0662352741
v 0.183927909 0.255102128 0.0422366746
v 0.182273909 0.257546574 0.0441159792
v 0.182043701 0.257782668 0.0661924854
v 0.181280494 0.260594517 0.0484709069
v 0.180334613 0.263506323 0.0526114628
v 0.180243462 0.26367709 0.0661057234
v 0.184244737 0.255516291 0.0393915512
v 0.181238025 0.269658893 0.0573311597
v 0.181179255 0.269769073 0.0660349578
v 0.184246629 0.266128421 0.0549792908
v 0.184227496 0.259560257 0.0479406528
v 0.180334613 0.263506323 0.0526114628
v 0.184227496 0.259560257 0.0479406528
v 0.181280494 0.260594517 0.0484709069
v 0.182273909 0.257546574 0.0441159792
v 0.184244737 0.255516291 0.0393915512
v 0.184337676 0.261907965 0.0354437381
v 0.184412703 0.269648403 0.0361150019
v 0.184923455 0.267432719 0.0351641029
v 0.184962735 0.273483127 0.0385000743
v 0.184812114 0.257594109 0.0366313271
v 0.184960023 0.274915934 0.0410350151
v 0.184818283 0.254433155 0.0310127065
v 0.184894219 0.255687356 0.0218570661
v 0.184992105 0.259601027 0.013485821
v 0.184923455 0.267432719 0.0351641029
v 0.184962735 0.273483127 0.0385000743
v 0.185101479 0.27476263 0.0202563293
v 0.185103163 0.265821904 0.00665259967
v 0.185217366 0.273789883 0.0019726071
v 0.185324416 0.282787621 -0.000132830653
v 0.184897915 0.28239578 0.0612382926
v 0.184996545 0.29162091 0.0606987141
v 0.185107946 0.300270557 0.0574466996
v 0.185222045 0.307565987 0.0517750084
v 0.185328618 0.312850356 0.0441942289
v 0.185418025 0.315648019 0.0353868529
v 0.185482249 0.315706998 0.026145827
v 0.185066164 0.2782287 0.0305697452
v 0.18505159 0.279565781 0.0346841551
v 0.18510823 0.279565185 0.0264553651
v 0.185070112 0.283065796 0.037227001
v 0.185168117 0.290891409 0.0346841551
v 0.185206264 0.287390828 0.0239125192
v 0.185210198 0.292227924 0.0305697452
v 0.185224757 0.290890843 0.0264553651
v 0.185514778 0.307834923 0.00965470728
v 0.185515493 0.313022077 0.0173030831
v 0.185414732 0.292005152 0.000525830663
v 0.185480148 0.300612539 0.00388926477
v -0.0251668431 0.169653073 0.618570209
v -0.045646932 0.169181004 0.618100822
v -0.0284096524 0.171219185 0.613633811
v -0.0288743265 0.168010831 0.624264896
v -0.0501366109 0.167521432 0.623220086
v -0.0251674671 0.166984141 0.629402041
v -0.0540194362 0.165928915 0.629402041
v -0.0496846773 0.170869485 0.612630248
v -0.062872462 0.166994363 0.62251997
v -0.0541465208 0.168925464 0.617664158
v -0.0799088329 0.164212838 0.629402041
v -0.0624296144 0.170431659 0.611957133
v -0.0925302431 0.16525209 0.62072593
v -0.075358808 0.167933613 0.616460741
v -0.114157371 0.160901755 0.629402041
v -0.0965404063 0.166675925 0.615175486
v -0.109452605 0.163960516 0.619613826
v -0.0770179778 0.172673494 0.603883564
v -0.112271719 0.169681877 0.603883564
v -0.117693856 0.165081352 0.613790333
v -0.134783521 0.161648884 0.61782676
v -0.131044567 0.158967301 0.628790319
v -0.143702298 0.158062592 0.627970517
v -0.155157357 0.158558622 0.624540806
v -0.155157357 0.156773314 0.63361454
v -0.139767945 0.157263741 0.633709908
v -0.131337464 0.157984868 0.634292185
v -0.114157371 0.160221905 0.633267283
v -0.144315675 0.156354517 0.639065742
v -0.155157357 0.155235916 0.647788465
v -0.135876715 0.156935558 0.639601827
v -0.144666567 0.15591307 0.644753158
v -0.155157357 0.154728487 0.657606363
v -0.127452388 0.157797962 0.640230179
v -0.132015333 0.156964317 0.645615578
v -0.140815631 0.155966297 0.650778472
v -0.114157371 0.158897117 0.647923112
v -0.114157371 0.158647761 0.655363619
v -0.114157371 0.178495392 0.631771922
v -0.114157371 0.158647761 0.655363619
v -0.114157371 0.160901755 0.629402041
v -0.114157371 0.178495392 0.670771897
v -0.114157371 0.179696232 0.631771922
v -0.114157371 0.158414304 0.672998548
v -0.114157371 0.183698893 0.629402041
v -0.114157371 0.186278239 0.672998548
v -0.114157371 0.184342071 0.644523621
v -0.114157371 0.179696232 0.670771897
v -0.14285402 0.155546114 0.699086428
v -0.148685589 0.15501608 0.673590839
v -0.155157357 0.154021129 0.685189605
v -0.145912826 0.155170947 0.698357165
v -0.151121631 0.154490545 0.695023954
v -0.154385045 0.154068917 0.689775288
v -0.15304558 0.15423508 0.692583501
v -0.178662986 0.191958711 0.54960525
v -0.192240193 0.186525092 0.553706884
v -0.192867741 0.174998626 0.577311873
v -0.192593262 0.179378793 0.5675143
v -0.179992318 0.177080184 0.57858932
v -0.185842738 0.171501502 0.590143144
v -0.205450028 0.176890656 0.566132724
v -0.205741286 0.172597885 0.575949609
v -0.193177894 0.171128109 0.587278843
v -0.188540354 0.16988185 0.593461692
v -0.189921603 0.168292359 0.597633004
v -0.206097424 0.168797866 0.585952163
v -0.206527174 0.165372029 0.596152604
v -0.191761553 0.16445154 0.609953701
v -0.222736821 0.166529194 0.579939604
v -0.218247101 0.174747974 0.563138127
v -0.221379131 0.171287045 0.568893909
v -0.221597597 0.174542516 0.563680887
v -0.225343302 0.167106122 0.579845607
v -0.223546416 0.17263861 0.567141831
v -0.223785996 0.175787672 0.565492392
v -0.225146621 0.174089253 0.569708824
v -0.228138 0.164456621 0.593411982
v -0.226943389 0.162140355 0.59271735
v -0.22852771 0.157817766 0.605309188
v -0.224306583 0.161588877 0.592850804
v -0.227504477 0.153523505 0.618472993
v -0.225865811 0.157288849 0.605484068
v -0.219970644 0.159237847 0.604990721
v -0.207009271 0.162259623 0.606457114
v -0.220463142 0.156423509 0.61536622
v -0.220988318 0.153948694 0.625879347
v -0.20752117 0.15948908 0.616858661
v -0.20806466 0.15706192 0.627374351
v 0.103842631 0.178495392 0.631771922
v 0.103842631 0.158897117 0.647923112
v 0.103842631 0.178495392 0.670771897
v 0.103842631 0.158414304 0.672998548
v 0.103842631 0.179696232 0.670771897
v 0.103842631 0.186278239 0.672998548
v 0.103842631 0.183885589 0.635721087
v 0.103842631 0.179696232 0.631771922
v 0.103842631 0.183698893 0.629402041
v 0.0906800777 0.164644495 0.620181203
v 0.0695940927 0.164212838 0.629402041
v 0.0695106387 0.166056991 0.621512055
v 0.0446173027 0.165886223 0.629402041
v 0.0523236506 0.168583155 0.617200017
v 0.0735186636 0.167456225 0.615954101
v 0.0436202064 0.170745969 0.61241293
v 0.018817883 0.166892156 0.629402041
v 0.0268259179 0.169361889 0.618514299
v 0.04170819 0.174253002 0.603883564
v 0.0266093481 0.171128064 0.613247514
v 0.00985065009 0.170436025 0.616376042
v -0.000154245383 0.168617755 0.622922838
v -0.00515736826 0.167190418 0.629402041
v -0.00515736826 0.170537353 0.616409183
v 0.00985064823 0.172739401 0.60998863
v 0.00201014197 0.175337225 0.603883564
v -0.0101603847 0.172827721 0.610023201
v 0.195426553 0.1725979 0.575949609
v 0.195135295 0.176890671 0.566132724
v 0.182553008 0.174998626 0.577311873
v 0.181925461 0.186525092 0.553706884
v 0.195782706 0.168797866 0.585952163
v 0.182278529 0.179378793 0.5675143
v 0.168348253 0.191958711 0.54960525
v 0.16914922 0.186510593 0.559119165
v 0.169407889 0.181563959 0.568788528
v 0.1696776 0.177080184 0.57858932
v 0.156523421 0.183481097 0.569963872
v 0.156256467 0.18844898 0.560270011
v 0.160722092 0.176215932 0.584528387
v 0.173406333 0.172392085 0.588716388
v 0.145672381 0.180538803 0.580227554
v 0.182863161 0.171128109 0.587278843
v 0.178225636 0.16988185 0.593461692
v 0.143627405 0.185158059 0.571050763
v 0.131351456 0.184327304 0.576673269
v 0.130437434 0.191581562 0.562312484
v 0.143095136 0.195452631 0.551726878
v 0.122809723 0.186384618 0.574818671
v 0.117517121 0.192831874 0.563212276
v 0.110166915 0.18911235 0.572453201
v 0.130158156 0.196850404 0.552665651
v 0.104597099 0.19391416 0.564061284
v 0.0973186642 0.191490009 0.570496678
v 0.116934955 0.203467056 0.543895781
v 0.0842618272 0.193517283 0.568928123
v 0.122985147 0.205547541 0.539280355
v 0.0975714773 0.204767436 0.545024931
v 0.0851875991 0.212031558 0.534217119
v 0.0781773105 0.205865413 0.546140015
v 0.0710665435 0.195177764 0.567746282
v 0.0442868248 0.197354063 0.566571355
v 0.057956066 0.2150653 0.532169402
v 0.0522063002 0.206828982 0.547494709
v 0.039213866 0.207068056 0.54809761
v 0.0149516854 0.198203415 0.566824496
v 0.0295731388 0.216865718 0.530981183
v 0.0149430837 0.207762748 0.548075497
v -0.00503675127 0.207705423 0.548541367
v -0.0050367075 0.19835487 0.566929102
v -0.025266422 0.198203415 0.566824496
v 0.00472620921 0.217649236 0.530502915
v -0.0150409462 0.217649236 0.530502915
v -0.0252579283 0.207815334 0.547976077
v -0.0495286025 0.207068056 0.54809761
v -0.0546015576 0.197354063 0.566571355
v -0.0398878753 0.216865718 0.530981183
v -0.062521033 0.206828982 0.547494709
v -0.0680528283 0.196458161 0.566954851
v -0.0682708025 0.2150653 0.532169402
v -0.0884920508 0.205865413 0.546140015
v -0.0813812837 0.195177749 0.567746282
v -0.0945765674 0.193517283 0.568928123
v -0.107886225 0.204767436 0.545024931
v -0.114911839 0.19391416 0.564061284
v -0.107633404 0.191489995 0.570496678
v -0.120481662 0.18911235 0.572453201
v -0.140752167 0.191581562 0.562312484
v -0.133124471 0.186384618 0.574818671
v -0.127249688 0.203467041 0.543895781
v -0.141666189 0.184327304 0.576673269
v -0.140472889 0.196850404 0.552665651
v -0.153409868 0.195452616 0.551726878
v -0.153942138 0.185158059 0.571050763
v -0.155987114 0.180538803 0.580227554
v -0.153668493 0.19012925 0.561331809
v -0.166838154 0.183481097 0.569963872
v -0.1665712 0.188448966 0.560270011
v -0.171036825 0.176215932 0.584528387
v -0.179722607 0.181563959 0.568788528
v -0.179463938 0.186510593 0.559119165
v -0.200711295 0.28217411 0.0264553651
v -0.200753361 0.280837595 0.0305697452
v -0.201738179 0.28218469 0.0264482852
v -0.201684669 0.285684317 0.0239054393
v -0.200613245 0.289999753 0.0239125192
v -0.20178026 0.280848145 0.0305626951
v -0.200767934 0.282174677 0.0346841551
v -0.201794818 0.282185256 0.0346770771
v -0.200749412 0.285674721 0.037227001
v -0.201731801 0.290011257 0.037219923
v -0.180719271 0.258620799 0.0401352048
v -0.173435882 0.258545876 0.0401853435
v -0.173447475 0.260377735 0.0446072817
v -0.168217033 0.261274338 0.0434258841
v -0.170015454 0.258973986 0.0400582999
v -0.173415363 0.257428229 0.0355313234
v -0.180669755 0.257127285 0.0307096671
v -0.168196842 0.259121031 0.037273176
v -0.166845992 0.265892118 0.0480267145
v -0.166843802 0.262601107 0.0427895002
v -0.166089892 0.267349929 0.0468630493
v -0.166076005 0.271426946 0.0509398915
v -0.166738436 0.267451227 0.0438888073
v -0.16623801 0.264196128 0.0392839164
v -0.166824609 0.26055789 0.0369513668
v -0.169995248 0.257874191 0.035478618
v -0.168159738 0.258390784 0.0307956953
v -0.173386365 0.257052362 0.0307598077
v -0.166037187 0.261731803 0.0308100693
v -0.173349664 0.257427543 0.0259882919
v -0.166789457 0.259864956 0.0308050048
v -0.169930622 0.257873565 0.0260880236
v -0.180589512 0.258619457 0.0212841295
v -0.168107659 0.259120107 0.0243181884
v -0.169887766 0.258972675 0.0215083119
v -0.173306122 0.258544534 0.02133427
v -0.173256844 0.260375768 0.0169123337
v -0.180486411 0.262951165 0.0127812307
v -0.173203021 0.262876213 0.0128313713
v -0.168043166 0.26127255 0.0181655083
v -0.166740015 0.260557026 0.0246586725
v -0.16796948 0.26474008 0.0126461601
v -0.169730172 0.266293675 0.00955985673
v -0.166533798 0.270262867 0.00920969807
v -0.165868908 0.267347693 0.0147570614
v -0.165798888 0.271424115 0.010680249
v -0.166530624 0.268850207 0.0157938041
v -0.165934086 0.264280677 0.0196388662
v -0.166655898 0.263924122 0.0266277585
v -0.165552139 0.275676101 0.0287202578
v -0.166700199 0.26362586 0.0326184519
v 0.18510823 0.279565185 0.0264553651
v 0.185066164 0.2782287 0.0305697452
v 0.184081361 0.279575765 0.0264482852
v 0.184134856 0.283075422 0.0239054393
v 0.185206264 0.287390828 0.0239125192
v 0.184039265 0.27823925 0.0305626951
v 0.18505159 0.279565781 0.0346841551
v 0.184024721 0.279576361 0.0346770734
v 0.185070112 0.283065796 0.037227001
v 0.184087723 0.287402332 0.037219923
v -0.303280562 -0.0844604746 0.0348169841
v -0.303265989 -0.085797593 0.0307025723
v -0.302253664 -0.0844710469 0.0348240621
v -0.30223906 -0.085808143 0.0307096522
v -0.302235156 -0.0809710622 0.0373668782
v -0.303223908 -0.0844610631 0.0265881922
v -0.303262025 -0.0809604898 0.03735983
v -0.302197009 -0.0844716355 0.0265952423
v -0.303170383 -0.080961436 0.0240453463
v -0.30209896 -0.0766459852 0.0240524262
v -0.302190602 -0.076645039 0.0373668782
v -0.30321753 -0.0766344815 0.03735983
v -0.302137107 -0.0731454119 0.0348240621
v -0.303164035 -0.0731348544 0.0348169841
v -0.302095056 -0.071808897 0.0307096522
v -0.303121954 -0.0717983171 0.0307025723
v -0.302080482 -0.0731460005 0.0265952423
v -0.303107381 -0.0731354356 0.0265881922
v -0.30209896 -0.0766459852 0.0240524262
v -0.303170383 -0.080961436 0.0240453463
v -0.101369493 0.1843009 0.631771922
v -0.111318476 0.175500289 0.631771922
v -0.114157371 0.178495392 0.631771922
v -0.0908389688 0.192396641 0.631771922
v -0.084767662 0.19646138 0.631771922
v -0.0876071006 0.200582638 0.631771922
v -0.0784557909 0.200141504 0.631771922
v -0.0719276965 0.2034228 0.631771922
v -0.0652085394 0.206292614 0.631771922
v -0.0583242364 0.208739921 0.631771922
v -0.114157371 0.179696232 0.631771922
v -0.104232609 0.188420251 0.631771922
v -0.093748264 0.196463093 0.631771922
v -0.024590876 0.21934697 0.631771922
v -0.0465021953 0.211815104 0.631771922
v -0.0369483866 0.213460624 0.631771922
v -0.0223708618 0.214367062 0.631771922
v 0.0193589646 0.214140236 0.631771922
v 0.0266336501 0.213460624 0.631771922
v -0.0812288746 0.204324692 0.631771922
v -0.0746367574 0.207675621 0.631771922
v -0.0540194362 0.215207875 0.631771922
v -0.0678547025 0.210623235 0.631771922
v -0.0466183424 0.216946781 0.631771922
v -0.0389849544 0.218226761 0.631771922
v -0.0258550942 0.242431909 0.631771922
v 0.0155403595 0.242431909 0.631771922
v 0.0142761404 0.219346985 0.631771922
v 0.0505926386 0.213156864 0.631771922
v 0.0327327363 0.212506026 0.631771922
v 0.0409865826 0.210755244 0.631771922
v 0.0480095036 0.208739921 0.631771922
v 0.0548938066 0.206292614 0.631771922
v 0.0681410432 0.200141504 0.631771922
v 0.0744529217 0.19646138 0.631771922
v 0.0805242211 0.192396641 0.631771922
v 0.0290138405 0.218189314 0.631771922
v 0.0216624439 0.218990356 0.631771922
v 0.0363036096 0.216946781 0.631771922
v 0.0888081416 0.192477226 0.631771922
v 0.091054745 0.1843009 0.631771922
v 0.0575399697 0.210623235 0.631771922
v 0.0643220171 0.207675621 0.631771922
v 0.0772923604 0.200582638 0.631771922
v 0.101003729 0.175500304 0.631771922
v 0.103842631 0.179696232 0.631771922
v 0.103842631 0.178495392 0.631771922
v 0.0989530161 0.184141025 0.631771922
v 0.319034785 -0.0921422169 0.0660947561
v 0.31634596 -0.0907604322 0.0605139434
v 0.32137984 -0.0941714495 0.0661362559
v 0.31330353 -0.0898748711 0.0660273433
v 0.310241908 -0.08981774 0.0606823377
v 0.307155818 -0.0903186947 0.0659914538
v 0.304399788 -0.0915957391 0.0601710454
v 0.301809251 -0.0933858082 0.065994136
v 0.323214442 -0.0966716632 0.0661802962
v 0.301975638 -0.0933548212 0.0595787019
v 0.32451123 -0.0996418372 0.0570323132
v 0.325014681 -0.102566116 0.0662670583
v 0.321741998 -0.102437094 0.0550263338
v 0.325071305 -0.102471344 0.0550492518
v 0.325071305 -0.102471344 0.0550492518
v 0.324078918 -0.108658075 0.0663378537
v 0.324968815 -0.105968609 0.0518170409
v 0.324968815 -0.105968609 0.0518170409
v 0.324201852 -0.108888477 0.0481331721
v 0.324201852 -0.108888477 0.0481331721
v 0.322609454 -0.111948326 0.0423670895
v 0.320592463 -0.113740988 0.0663786232
v 0.321737736 -0.112680279 0.0403353237
v 0.321216762 -0.112777062 0.0393154249
v 0.320919722 -0.113889784 0.0423802435
v 0.322609454 -0.111948326 0.0423670895
v 0.317283332 -0.116386391 0.0423872918
v 0.315245926 -0.116808094 0.0663813427
v 0.317063481 -0.115916699 0.039437037
v 0.316958725 -0.113455154 0.0362381861
v 0.313046455 -0.117613174 0.0423742011
v 0.309098214 -0.11725194 0.0663454235
v 0.312998146 -0.117093816 0.0394244641
v 0.312820286 -0.115534052 0.0368732847
v 0.308638781 -0.117445715 0.0423423089
v 0.308768988 -0.116933115 0.0393938869
v 0.304507464 -0.115900964 0.0422948562
v 0.303366929 -0.114984587 0.0662780404
v 0.301277101 -0.112719849 0.0662352517
v 0.301071465 -0.113135651 0.0422366597
v 0.299417526 -0.110691242 0.0441159606
v 0.299187273 -0.110455126 0.0661924705
v 0.298424065 -0.107643276 0.0484708883
v 0.297478199 -0.10473147 0.0526114441
v 0.297387064 -0.104560696 0.0661057085
v 0.301388294 -0.112721503 0.0393915363
v 0.298381597 -0.0985788852 0.0573311411
v 0.298322856 -0.0984687135 0.0660349354
v 0.301390201 -0.102109373 0.0549792759
v 0.301371068 -0.108677529 0.0479406379
v 0.297478199 -0.10473147 0.0526114441
v 0.301371068 -0.108677529 0.0479406379
v 0.298424065 -0.107643276 0.0484708883
v 0.299417526 -0.110691242 0.0441159606
v 0.301388294 -0.112721503 0.0393915363
v 0.301481277 -0.106329829 0.0354437195
v 0.301556289 -0.098589398 0.036114987
v 0.302067041 -0.100805096 0.035164088
v 0.302106321 -0.0947546661 0.0385000557
v 0.3019557 -0.110643685 0.0366313122
v 0.302103609 -0.0933218747 0.0410350002
v 0.301961839 -0.113804638 0.0310126897
v 0.302037805 -0.112550452 0.0218570512
v 0.302135676 -0.108636774 0.0134858042
v 0.302067041 -0.100805096 0.035164088
v 0.302106321 -0.0947546661 0.0385000557
v 0.302245051 -0.0934751779 0.0202563126
v 0.302246749 -0.102415904 0.00665258337
v 0.302360922 -0.0944479182 0.00197259104
v 0.302468002 -0.0854501575 -0.000132846748
v 0.302041501 -0.0858420283 0.0612382777
v 0.302140146 -0.0766168758 0.0606986955
v 0.302251518 -0.0679672435 0.057446681
v 0.302318454 -0.0725437924 0.040883176
v 0.302365631 -0.0606718324 0.0517749898
v 0.302472204 -0.0553874299 0.0441942103
v 0.302561611 -0.0525897965 0.035386838
v 0.302625835 -0.0525307842 0.0261458103
v 0.302209735 -0.0900091082 0.0305697285
v 0.302195191 -0.0886720121 0.0346841402
v 0.302251786 -0.0886726007 0.0264553484
v 0.302213699 -0.085172005 0.0372269861
v 0.302311718 -0.0773463771 0.0346841402
v 0.302349865 -0.0808469504 0.0239125025
v 0.302353799 -0.0760098621 0.0305697285
v 0.302659065 -0.0552157201 0.0173030682
v 0.302368343 -0.0773469582 0.0264553502
v 0.302558333 -0.0762326419 0.000525814539
v 0.302658349 -0.0604028739 0.00965469051
v 0.302623719 -0.0676252544 0.00388924871
v -0.166457266 0.275499701 0.00591895729
v -0.166383132 0.281337529 0.003876111
v -0.16559507 0.287476212 0.00506306207
v -0.165867016 0.279003352 0.00752396835
v -0.166313142 0.284175754 0.00710645784
v -0.165349349 0.288820893 0.0189054683
v -0.166457534 0.273168445 0.0116312988
v -0.165307865 0.299214542 0.0284140445
v -0.165112466 0.287471265 0.0308146179
v -0.16548942 0.278142929 0.0232949033
v -0.165418997 0.295790762 0.0394399837
v -0.165575936 0.281839877 0.0413871296
v -0.166603714 0.287797838 0.054732129
v -0.166389957 0.304091483 0.0480341911
v -0.165745676 0.303531975 0.0509398952
v -0.166703373 0.276232719 0.0519224964
v -0.166013181 0.295956165 0.0540938526
v -0.166401595 0.309081465 0.0480267182
v -0.166553259 0.299471498 0.055691082
v -0.169585645 0.308742374 0.0520067886
v -0.167830154 0.305650145 0.0535544865
v -0.172999084 0.309121996 0.0523277707
v -0.180341318 0.305557758 0.055386059
v -0.173057944 0.305482805 0.0554362014
v -0.173117131 0.301402152 0.0579369962
v -0.167910814 0.300131202 0.0570225343
v -0.18045862 0.297055423 0.0597184896
v -0.173175246 0.29698047 0.0597686283
v -0.169758976 0.296794772 0.0593288392
v -0.173230827 0.292326659 0.0608859695
v -0.180565864 0.28763029 0.0612113476
v -0.167988956 0.29397884 0.0591754578
v -0.169813663 0.292215258 0.0604282953
v -0.173282504 0.287555307 0.0612614863
v -0.168060601 0.287501574 0.0599052869
v -0.166627377 0.29363367 0.0577339306
v -0.165949509 0.287479848 0.0565570481
v -0.173329011 0.282783896 0.0608859695
v -0.180652574 0.278204888 0.0597184859
v -0.169910282 0.282824963 0.0604282953
v -0.173369199 0.278129935 0.0597686283
v -0.168122217 0.281024218 0.0591754578
v -0.16994983 0.2782453 0.0593288392
v -0.173402101 0.273708016 0.0579369925
v -0.180710241 0.269701928 0.055386059
v -0.16817072 0.274871588 0.0570225343
v -0.166004032 0.281750739 0.055911541
v -0.173426852 0.269626975 0.0554361977
v -0.168203622 0.269352138 0.0535544865
v -0.1734429 0.265987366 0.0523277707
v -0.180733219 0.262953699 0.0486381054
v -0.170022368 0.266296655 0.0520067848
v -0.173449829 0.262878776 0.0486882441
v -0.170029193 0.263237685 0.048425395
v 0.184241787 0.309915841 0.0484911315
v 0.176958412 0.309990764 0.0484409928
v 0.171724841 0.308126867 0.0486262031
v 0.17690137 0.30688265 0.0520804897
v 0.1841259 0.303168535 0.055239059
v 0.170364276 0.306977302 0.0476890095
v 0.169668466 0.307686776 0.0433357991
v 0.170289174 0.302604079 0.0520626344
v 0.169728696 0.301315904 0.0494455099
v 0.170320734 0.305751055 0.0430246703
v 0.170435295 0.309280455 0.0316586457
v 0.170175701 0.297182679 0.0512840711
v 0.171645701 0.303518057 0.0532354563
v 0.169451728 0.294196367 0.0546565689
v 0.170212626 0.297367305 0.055353377
v 0.176842511 0.303243458 0.0551889166
v 0.173361152 0.298373312 0.0575312003
v 0.176783323 0.299162805 0.0576897413
v 0.184008583 0.294666201 0.0595715158
v 0.170138508 0.291529477 0.0573962517
v 0.176725224 0.294741154 0.0595213734
v 0.173280582 0.292029679 0.0597510189
v 0.176669642 0.290087342 0.0606387146
v 0.18390134 0.285241038 0.0610643737
v 0.173206687 0.285351068 0.0605035536
v 0.17661798 0.28531599 0.061014235
v 0.176571459 0.280544579 0.0606387146
v 0.18381463 0.275815666 0.0595715158
v 0.173143148 0.278672367 0.0597510189
v 0.17653127 0.275890619 0.0595213734
v 0.176498383 0.271468699 0.0576897413
v 0.183756962 0.267312706 0.0552390553
v 0.173093155 0.272328436 0.0575312003
v 0.176473603 0.267387658 0.0551889166
v 0.171353638 0.278892159 0.0588564277
v 0.173059225 0.266637415 0.0539553352
v 0.176457554 0.26374805 0.052080486
v 0.183734015 0.260564506 0.0484911315
v 0.170070514 0.285383373 0.0580887571
v 0.17130515 0.2727395 0.0567035042
v 0.169307128 0.280919939 0.0558181293
v 0.169399127 0.2898615 0.0558181293
v 0.170036107 0.285694957 0.0543935969
v 0.169241726 0.272517383 0.0527598374
v 0.169091284 0.282564431 0.0421041697
v 0.169936463 0.274129838 0.0515839644
v 0.169934779 0.268161744 0.0520626344
v 0.169210821 0.265667319 0.0470121279
v 0.169901401 0.265348345 0.0435502417
v 0.169919893 0.263787925 0.0476890057
v 0.173043028 0.26188466 0.0492027998
v 0.169209614 0.263092935 0.0433357954
v 0.173045412 0.2583085 0.0435118526
v 0.176450625 0.260639429 0.0484409891
v 0.181280494 0.260594517 0.0484709069
v 0.176452979 0.258138388 0.0443600267
v 0.183747962 0.256231576 0.0399882309
v 0.169922084 0.260496914 0.042451825
v 0.176464573 0.256306529 0.0399380922
v 0.171279028 0.256988972 0.0369541422
v 0.169235989 0.260034144 0.0349332094
v 0.176485106 0.255188882 0.0352840684
v 0.183797464 0.254738092 0.0305626951
v 0.169976443 0.257760763 0.0304673277
v 0.171316117 0.256258696 0.0304766651
v 0.176514089 0.254813015 0.0305125546
v 0.176550776 0.255188197 0.0257410388
v 0.183877721 0.256230265 0.0211371575
v 0.171368197 0.256988078 0.0239991564
v 0.170025885 0.258452863 0.0243209954
v 0.169339344 0.261194766 0.0216562916
v 0.171432719 0.259140491 0.0178464781
v 0.176594332 0.256305188 0.0210870169
v 0.176643595 0.258136451 0.0166650806
v 0.183980823 0.260561943 0.012634228
v 0.176697433 0.260636896 0.0125841182
v 0.171506375 0.262608021 0.012327129
v 0.17675446 0.26374495 0.00894459151
v 0.184096694 0.267309248 0.00588630326
v 0.16943863 0.265664965 0.0139124263
v 0.171585545 0.267216831 0.00771784596
v 0.176813304 0.267384142 0.00583616272
v 0.176872507 0.271464854 0.00333533902
v 0.173465446 0.272324622 0.00344688073
v 0.170232072 0.268158674 0.00887202099
v 0.176930606 0.275886506 0.0015037047
v 0.170308605 0.273395479 0.00558128022
v 0.173545986 0.278668225 0.00122703239
v 0.170382738 0.279233307 0.00353843393
v 0.16954869 0.272514254 0.00816474576
v 0.169603571 0.276581496 0.00626801746
v 0.170182303 0.271065593 0.011292736
v 0.170326695 0.282072872 0.00676789554
v 0.170439169 0.293898821 0.00810584798
v 0.169265166 0.283735156 0.0185922366
v 0.170491874 0.303617865 0.0149756605
v 0.17049104 0.30689767 0.0199978165
v 0.169347882 0.294524252 0.0227024667
v 0.169293806 0.29683575 0.0340143852
v 0.168867826 0.285395712 0.0304577462
v 0.169122443 0.274484426 0.0254994631
v 0.16905728 0.274045676 0.0343108326
v 0.170109212 0.266747326 0.015455273
v 0.169983938 0.26182124 0.0262891967
v -0.203775823 0.260391563 0.0661924854
v -0.204335868 0.265497148 0.0661240965
v -0.205576047 0.266286016 0.0661057234
v -0.203725234 0.271544605 0.0660516769
v -0.202066004 0.259858906 0.0662107691
v -0.204640254 0.272377998 0.0660349578
v -0.201685995 0.258126855 0.0662352741
v -0.200374022 0.276615828 0.0660101101
v -0.199596167 0.255862147 0.0662780553
v -0.201153845 0.277460903 0.0659941509
v -0.197435707 0.255921483 0.0662918836
v -0.195807293 0.280528009 0.0659914687
v -0.193864912 0.253594756 0.0663454384
v -0.195049971 0.279549092 0.0660089552
v -0.191505641 0.254586935 0.0663488284
v -0.189659581 0.280971825 0.0660273582
v -0.187717184 0.254038632 0.0663813576
v -0.188972741 0.279672384 0.0660484433
v -0.185634419 0.256160945 0.0663685426
v -0.183928296 0.278704494 0.066094771
v -0.182370618 0.257105738 0.0663786456
v -0.183534533 0.276957542 0.0661195219
v -0.181166962 0.260282993 0.0663465708
v -0.181583256 0.276675254 0.0661362708
v -0.178884208 0.262188613 0.0663378686
v -0.179748639 0.274175048 0.0661803111
v -0.179126769 0.266008705 0.0662878826
v -0.179981202 0.27202642 0.0662059411
v -0.177948445 0.268280596 0.0662670732
v 0.182043701 0.257782668 0.0661924854
v 0.181483656 0.262888253 0.0661240965
v 0.180243462 0.26367709 0.0661057234
v 0.182094306 0.26893571 0.0660516769
v 0.183753505 0.257250011 0.0662107691
v 0.181179255 0.269769073 0.0660349578
v 0.18413353 0.25551793 0.0662352741
v 0.185445502 0.274006933 0.0660101101
v 0.186223358 0.253253222 0.0662780553
v 0.18466568 0.274851978 0.0659941509
v 0.188383833 0.253312588 0.0662918836
v 0.190012231 0.277919084 0.0659914687
v 0.191954598 0.250985861 0.0663454384
v 0.190769553 0.276940197 0.0660089552
v 0.194313869 0.25197804 0.0663488284
v 0.196159944 0.2783629 0.0660273582
v 0.19810234 0.251429707 0.0663813576
v 0.196846768 0.277063459 0.0660484433
v 0.200185105 0.253552049 0.0663685426
v 0.201891214 0.276095569 0.066094771
v 0.203448892 0.254496813 0.0663786456
v 0.202284992 0.274348617 0.0661195219
v 0.204652563 0.257674068 0.0663465708
v 0.204236269 0.274066329 0.0661362708
v 0.206935316 0.259579718 0.0663378686
v 0.20607087 0.271566123 0.0661803111
v 0.20669277 0.26339978 0.0662878826
v 0.205838323 0.269417495 0.0662059411
v 0.207871094 0.2656717 0.0662670732
v -0.325586975 -0.10604503 0.0661924705
v -0.32614699 -0.10093946 0.0661240816
v -0.327387214 -0.100150608 0.0661057085
v -0.32553637 -0.0948920175 0.066051662
v -0.323877156 -0.106577709 0.0662107468
v -0.326451421 -0.0940586179 0.0660349354
v -0.323497117 -0.108309761 0.0662352517
v -0.322185189 -0.0898207873 0.0660100952
v -0.321407318 -0.110574491 0.0662780404
v -0.322964996 -0.0889757201 0.065994136
v -0.319246829 -0.110515118 0.0662918687
v -0.31761843 -0.0859086066 0.0659914538
v -0.315676063 -0.112841845 0.0663454235
v -0.316861123 -0.0868875235 0.0660089403
v -0.313316792 -0.111849673 0.0663488135
v -0.311470747 -0.0854647756 0.0660273433
v -0.309528321 -0.112397999 0.0663813427
v -0.310783893 -0.0867642164 0.0660484284
v -0.307445556 -0.110275663 0.0663685277
v -0.305739433 -0.0877321213 0.0660947561
v -0.304181755 -0.109330893 0.0663786232
v -0.305345684 -0.0894790739 0.0661194995
v -0.302978128 -0.10615363 0.0663465559
v -0.303394407 -0.0897613615 0.0661362559
v -0.30069533 -0.104247987 0.0663378537
v -0.301559776 -0.0922615677 0.0661802962
v -0.300937891 -0.100427911 0.0662878677
v -0.301792353 -0.0944101959 0.0662059262
v -0.299759597 -0.0981560275 0.0662670583
v -0.303280562 -0.0844604746 0.0348169841
v -0.303381264 -0.0899959654 0.0411743112
v -0.303265989 -0.085797593 0.0307025723
v -0.303262025 -0.0809604898 0.03735983
v -0.30321753 -0.0766344815 0.03735983
v -0.303007722 -0.08123862 -3.55105367e-09
v -0.303223908 -0.0844610631 0.0265881922
v -0.303170383 -0.080961436 0.0240453463
v -0.303224206 -0.0637557209 0.0575795248
v -0.303164035 -0.0731348544 0.0348169841
v -0.303121954 -0.0717983171 0.0307025723
v -0.302849919 -0.0483192652 0.0262786839
v -0.303107381 -0.0731354356 0.0265881922
v -0.302917421 -0.0720211267 0.000658657751
v -0.302852035 -0.0634137318 0.00402209209
v -0.302817374 -0.056191355 0.00978753436
v -0.302816659 -0.0510042012 0.0174359102
v -0.303229004 -0.0982043818 0.00678545702
v -0.303114802 -0.0902363956 0.00210546469
v -0.302914113 -0.0483782738 0.0355197117
v -0.303340048 -0.104425251 0.0136186481
v -0.30300355 -0.0511759073 0.0443270542
v -0.303110093 -0.0564603135 0.0519078337
v -0.303335607 -0.0724053606 0.0608315393
v -0.303434223 -0.0816305131 0.0613711216
v -0.303383768 -0.0930777192 0.0369303562
v -0.302865922 -0.0904784352 0.042146448
v -0.303446084 -0.100166768 0.0353881493
v -0.303437918 -0.108338937 0.0219898932
v -0.303557485 -0.108366966 0.0393154249
v -0.303513885 -0.109593116 0.0311455335
v -0.302909285 -0.0989898741 0.0357239023
v -0.303032219 -0.0980270058 0.0550263338
v 0.299187273 -0.110455126 0.0661924705
v 0.298627257 -0.105349556 0.0661240816
v 0.297387064 -0.104560696 0.0661057085
v 0.299237877 -0.0993021131 0.066051662
v 0.300897092 -0.110987805 0.0662107468
v 0.298322856 -0.0984687135 0.0660349354
v 0.301277101 -0.112719849 0.0662352517
v 0.302589089 -0.0942308828 0.0660100952
v 0.303366929 -0.114984587 0.0662780404
v 0.301809251 -0.0933858082 0.065994136
v 0.305527419 -0.114925213 0.0662918687
v 0.307155818 -0.0903186947 0.0659914538
v 0.309098214 -0.11725194 0.0663454235
v 0.307913125 -0.091297619 0.0660089403
v 0.311457455 -0.116259761 0.0663488135
v 0.31330353 -0.0898748711 0.0660273433
v 0.315245926 -0.116808094 0.0663813427
v 0.313990355 -0.0911743119 0.0660484284
v 0.317328691 -0.114685751 0.0663685277
v 0.319034785 -0.0921422169 0.0660947561
v 0.320592463 -0.113740988 0.0663786232
v 0.319428593 -0.0938891694 0.0661194995
v 0.321796149 -0.110563725 0.0663465559
v 0.32137984 -0.0941714495 0.0661362559
v 0.324078918 -0.108658075 0.0663378537
v 0.323214442 -0.0966716632 0.0661802962
v 0.323836327 -0.104838006 0.0662878677
v 0.322981894 -0.0988202915 0.0662059262
v 0.325014681 -0.102566116 0.0662670583
v -0.0148690296 -0.335065454 0.066192463
v -0.0154290693 -0.329959899 0.0661240667
v -0.0166692641 -0.329171062 0.066105701
v -0.0148184383 -0.323912442 0.0660516545
v -0.013159221 -0.335598141 0.0662107393
v -0.0157334749 -0.323079079 0.066034928
v -0.0127792004 -0.337330192 0.0662352443
v -0.0114672408 -0.318841219 0.0660100877
v -0.0106893713 -0.33959493 0.066278033
v -0.0122470483 -0.317996144 0.0659941286
v -0.0085289022 -0.339535564 0.0662918538
v -0.00690049957 -0.314929038 0.0659914389
v -0.00495812157 -0.341862291 0.066345416
v -0.00614318345 -0.315907955 0.0660089254
v -0.00259886263 -0.340870112 0.0663487986
v -0.00075278501 -0.314485222 0.0660273284
v 0.001189615 -0.341418415 0.0663813353
v -6.59558573e-05 -0.315784663 0.066048421
v 0.00327237835 -0.339296103 0.0663685128
v 0.0049784868 -0.316752553 0.0660947412
v 0.00653616432 -0.338351309 0.0663786158
v 0.00537226116 -0.318499506 0.0661194921
v 0.00773982471 -0.335174084 0.066346541
v 0.00732353376 -0.318781793 0.0661362484
v 0.0100225909 -0.333268434 0.0663378462
v 0.0091581447 -0.321282029 0.0661802813
v 0.00978002511 -0.329448372 0.0662878603
v 0.00892558973 -0.323430628 0.0662059188
v 0.0109583568 -0.327176452 0.0662670434
v 0.301385373 -0.0583219826 0.0484911166
v 0.294101983 -0.0582470447 0.0484409779
v 0.288868427 -0.0601109341 0.0486261882
v 0.294044942 -0.0613551289 0.0520804711
v 0.301269501 -0.0650692508 0.0552390404
v 0.287507832 -0.0612605177 0.0476889908
v 0.286812037 -0.0605510436 0.0433357805
v 0.28743273 -0.0656336993 0.0520626195
v 0.286872298 -0.0669218823 0.0494454913
v 0.287464321 -0.0624867231 0.0430246554
v 0.287578851 -0.058957357 0.0316586271
v 0.287319273 -0.0710551217 0.0512840562
v 0.288789272 -0.0647197217 0.0532354414
v 0.286595315 -0.0740414187 0.0546565503
v 0.287356228 -0.0708705038 0.0553533584
v 0.293986112 -0.0649943203 0.0551889017
v 0.290504724 -0.0698644891 0.0575311854
v 0.293926924 -0.0690749809 0.0576897264
v 0.30115217 -0.0735716075 0.0595715009
v 0.287282079 -0.0767083317 0.0573962368
v 0.29386881 -0.0734966546 0.0595213585
v 0.290424168 -0.0762081146 0.059751004
v 0.293813229 -0.0781504586 0.0606386997
v 0.301044911 -0.0829967633 0.0610643588
v 0.290350258 -0.0828867182 0.060503535
v 0.293761551 -0.0829218104 0.0610142164
v 0.29371503 -0.0876932144 0.0606386997
v 0.300958216 -0.0924221352 0.0595714971
v 0.29028672 -0.089565441 0.059751004
v 0.293674827 -0.0923471749 0.0595213585
v 0.293641955 -0.0967691168 0.0576897226
v 0.300900549 -0.100925095 0.0552390404
v 0.290236712 -0.0959093571 0.0575311854
v 0.293617189 -0.100850135 0.055188898
v 0.28849721 -0.089345634 0.058856409
v 0.290202796 -0.101600379 0.0539553165
v 0.293601125 -0.104489766 0.0520804711
v 0.300877601 -0.107673295 0.0484911129
v 0.287214071 -0.0828544423 0.0580887422
v 0.288448721 -0.0954983011 0.0567034855
v 0.286450714 -0.0873178542 0.0558181107
v 0.286542684 -0.0783762932 0.0558181107
v 0.287179679 -0.0825428441 0.054393582
v 0.286385328 -0.0957204029 0.0527598225
v 0.286234856 -0.0856733844 0.0421041511
v 0.28708005 -0.0941079557 0.0515839495
v 0.287078381 -0.100076057 0.0520626195
v 0.286354393 -0.102570459 0.0470121093
v 0.287044972 -0.102889441 0.0435502268
v 0.287063479 -0.104449861 0.0476889908
v 0.290186614 -0.106353126 0.0492027849
v 0.286353201 -0.105144858 0.0433357805
v 0.290188998 -0.109929286 0.0435118377
v 0.293594211 -0.107598357 0.0484409742
v 0.298424065 -0.107643276 0.0484708883
v 0.293596566 -0.110099398 0.0443600118
v 0.300891548 -0.112006217 0.039988216
v 0.287065685 -0.107740879 0.0424518064
v 0.293608159 -0.111931287 0.0399380736
v 0.288422614 -0.111248828 0.0369541273
v 0.286379576 -0.10820365 0.0349331908
v 0.293628693 -0.113048904 0.0352840535
v 0.30094105 -0.113499708 0.0305626784
v 0.287120014 -0.110477038 0.0304673109
v 0.288459688 -0.111979097 0.0304766484
v 0.29365766 -0.113424778 0.0305125378
v 0.293694377 -0.113049597 0.0257410221
v 0.301021308 -0.112007551 0.0211371407
v 0.288511783 -0.111249745 0.0239991415
v 0.287169456 -0.109784953 0.0243209787
v 0.28648293 -0.107043035 0.0216562767
v 0.288576305 -0.109097309 0.0178464614
v 0.293737918 -0.11193262 0.0210870001
v 0.293787211 -0.110101357 0.0166650657
v 0.301124394 -0.107675835 0.0126342112
v 0.293841004 -0.107600905 0.0125841014
v 0.288649976 -0.105629779 0.0123271132
v 0.293898046 -0.104492821 0.00894457567
v 0.301240265 -0.100928567 0.00588628696
v 0.286582202 -0.102572806 0.0139124105
v 0.288729131 -0.101020969 0.00771783013
v 0.293956876 -0.100853637 0.00583614688
v 0.294016093 -0.0967729613 0.00333532295
v 0.290609002 -0.0959131867 0.00344686466
v 0.287375629 -0.100079127 0.00887200516
v 0.294074178 -0.0923513025 0.00150368863
v 0.287452191 -0.0948423147 0.00558126438
v 0.290689588 -0.0895695835 0.00122701633
v 0.287526309 -0.0890044868 0.00353841763
v 0.286692262 -0.0957235545 0.00816472992
v 0.286747158 -0.0916563123 0.00626800116
v 0.287325859 -0.0971722305 0.0112927202
v 0.287470281 -0.0861649215 0.00676787971
v 0.287582725 -0.0743389651 0.00810583215
v 0.286408752 -0.0845026374 0.0185922198
v 0.287635446 -0.0646199435 0.0149756437
v 0.287634641 -0.0613401271 0.0199977998
v 0.286491483 -0.0737135261 0.0227024499
v 0.286437392 -0.0714020506 0.0340143703
v 0.286011428 -0.0828420818 0.0304577295
v 0.286266029 -0.0937533602 0.0254994463
v 0.286200881 -0.0941921026 0.0343108177
v 0.287252784 -0.10149049 0.0154552571
v 0.287127495 -0.106416568 0.0262891799
v -0.32375297 -0.107597455 0.0211371407
v -0.32341668 -0.0880161449 0.00155382918
v -0.323833197 -0.109089613 0.0305626784
v -0.323649883 -0.103265747 0.0126342122
v -0.323533952 -0.0965184793 0.00588628743
v -0.323309422 -0.0785909891 6.0970684e-05
v -0.323222727 -0.0691656172 0.00155382999
v -0.323165059 -0.0606626496 0.00588628883
v -0.323142081 -0.0539144278 0.012634214
v -0.323156029 -0.0495815091 0.0211371444
v -0.32320556 -0.0480880402 0.0305626802
v -0.323388875 -0.0539118908 0.0484911166
v -0.323285758 -0.0495801717 0.0399882197
v -0.323504746 -0.060659159 0.0552390404
v -0.323622078 -0.0691615194 0.0595715009
v -0.323729336 -0.0785866752 0.0610643588
v -0.323447347 -0.0715891868 0.0305626802
v -0.323432773 -0.0729262829 0.0264482703
v -0.323489398 -0.0729257092 0.0346770585
v -0.323495805 -0.0807523057 0.0239054225
v -0.323542953 -0.0764253587 0.0372199081
v -0.32354933 -0.0842519328 0.0264482684
v -0.323591411 -0.0855884627 0.0305626802
v -0.323816031 -0.0880120397 0.0595714971
v -0.323605955 -0.0842513442 0.0346770585
v -0.323882729 -0.107596122 0.039988216
v -0.323873729 -0.0965149999 0.0552390404
v -0.323896676 -0.103263199 0.0484911166
v 0.322817117 -0.0832207873 0.000207973659
v 0.322572142 -0.0935082883 0.020420406
v 0.322984457 -0.0585442297 0.0127812168
v 0.322709858 -0.0926459357 0.00170083216
v 0.322592556 -0.101148278 0.00603325991
v 0.322903842 -0.073795408 0.00170083297
v 0.322476685 -0.107895546 0.0127812149
v 0.322373599 -0.112227261 0.0212841146
v 0.322293341 -0.113719419 0.0307096504
v 0.322961479 -0.0652924478 0.00603326131
v 0.32297051 -0.0542113073 0.0212841164
v 0.322921008 -0.0527178161 0.0307096541
v 0.322430521 -0.093506813 0.0409988984
v 0.32224384 -0.11222592 0.0401351862
v 0.322229892 -0.107892998 0.0486380868
v 0.32225287 -0.101144776 0.0553860441
v 0.322310537 -0.0926418155 0.059718471
v 0.322397262 -0.0832164511 0.061211329
v 0.322675258 -0.0810560808 0.0240524262
v 0.322577238 -0.088881731 0.0265952423
v 0.322693765 -0.0775560886 0.0265952423
v 0.322535157 -0.0902182385 0.0307096522
v 0.322520614 -0.0888811424 0.0348240621
v 0.322679192 -0.076218985 0.0307096522
v 0.322539091 -0.0853811577 0.0373668782
v 0.322642237 -0.0729289427 0.0409988984
v 0.322583616 -0.0810551345 0.0373668782
v 0.32284075 -0.0542099699 0.0401351899
v 0.322737664 -0.0585416853 0.0486380905
v 0.322504491 -0.0737912953 0.059718471
v 0.322637111 -0.0775555074 0.0348240621
v 0.322621793 -0.0652889609 0.0553860441
v -0.0117446035 -0.301956713 0.0346841291
v -0.0117025347 -0.300620198 0.0305697192
v -0.0127714854 -0.301946133 0.034677051
v -0.0128250122 -0.30544579 0.0372198969
v -0.011842615 -0.309782356 0.037226975
v -0.0127294157 -0.300609618 0.030562669
v -0.0116879642 -0.301957309 0.026455339
v -0.0127148461 -0.301946729 0.0264482591
v -0.011706464 -0.305457294 0.0239124931
v -0.0127778742 -0.30977273 0.0239054132
v -0.288268387 -0.090936929 0.00591894146
v -0.288194269 -0.0850991011 0.00387609494
v -0.287406206 -0.0789603963 0.00506304577
v -0.287678152 -0.0874332637 0.00752395252
v -0.288124263 -0.0822608471 0.00710644154
v -0.287160486 -0.0776157379 0.0189054534
v -0.288268685 -0.0932681561 0.011631283
v -0.287119031 -0.067222096 0.0284140296
v -0.286923617 -0.0789653733 0.030814603
v -0.287300557 -0.0882936865 0.0232948866
v -0.287230134 -0.0706458613 0.0394399688
v -0.287387073 -0.0845967382 0.0413871109
v -0.288414866 -0.0786387622 0.0547321141
v -0.288201123 -0.0623451248 0.0480341762
v -0.287556827 -0.0629046336 0.0509398766
v -0.288514525 -0.0902038887 0.0519224815
v -0.287824333 -0.0704804361 0.0540938377
v -0.288212746 -0.057355132 0.0480266996
v -0.28836441 -0.066965133 0.0556910671
v -0.291396797 -0.0576942489 0.0520067737
v -0.289641291 -0.060786467 0.0535544716
v -0.294810236 -0.057314612 0.0523277558
v -0.302152455 -0.0608788617 0.0553860441
v -0.294869065 -0.0609537996 0.0554361865
v -0.294928282 -0.065034464 0.0579369776
v -0.289721966 -0.0663054138 0.0570225194
v -0.302269757 -0.0693811998 0.059718471
v -0.294986397 -0.0694561601 0.0597686134
v -0.291570127 -0.0696418583 0.0593288243
v -0.295041949 -0.0741099641 0.0608859509
v -0.302377015 -0.0788063556 0.061211329
v -0.289800078 -0.0724577755 0.0591754429
v -0.291624814 -0.0742213354 0.0604282804
v -0.295093656 -0.0788813159 0.0612614714
v -0.289871752 -0.0789350271 0.0599052683
v -0.288438529 -0.0728029683 0.0577339157
v -0.287760645 -0.0789567605 0.0565570332
v -0.295140177 -0.0836527124 0.0608859509
v -0.30246371 -0.08823172 0.059718471
v -0.291721433 -0.0836116672 0.0604282804
v -0.295180351 -0.0883066803 0.0597686134
v -0.289933383 -0.0854123756 0.0591754429
v -0.291760981 -0.0881913081 0.0593288243
v -0.295213223 -0.0927286148 0.0579369776
v -0.302521408 -0.0967346877 0.0553860441
v -0.289981872 -0.0915650502 0.0570225194
v -0.287815154 -0.0846858844 0.0559115261
v -0.295238018 -0.0968096182 0.0554361828
v -0.290014774 -0.097084485 0.0535544679
v -0.295254052 -0.100449242 0.0523277558
v -0.302544385 -0.10348291 0.0486380868
v -0.29183352 -0.100139953 0.0520067699
v -0.295260996 -0.10355784 0.0486882292
v -0.291840345 -0.103198908 0.0484253801
v -0.181469396 0.281976134 0.034816999
v -0.181454852 0.280639023 0.0307025872
v -0.180442512 0.281965584 0.034824077
v -0.180427939 0.280628473 0.0307096671
v -0.180424005 0.285465539 0.0373668931
v -0.181412756 0.281975567 0.026588209
v -0.181450903 0.285476148 0.0373598449
v -0.180385858 0.281964988 0.0265952572
v -0.181359246 0.285475194 0.0240453612
v -0.180287838 0.28979066 0.0240524411
v -0.18037948 0.289791554 0.0373668931
v -0.181406394 0.289802134 0.0373598449
v -0.18032597 0.293291211 0.0348240808
v -0.181352869 0.293301761 0.034816999
v -0.180283904 0.294627726 0.030709669
v -0.181310788 0.294638306 0.0307025891
v -0.180269331 0.293290615 0.0265952591
v -0.181296229 0.293301165 0.026588209
v -0.180287838 0.28979066 0.0240524411
v -0.181359246 0.285475194 0.0240453612
v 0.17710714 0.2800515 1.06743705
v 0.174311504 0.249095574 1.06531799
v 0.171914279 0.26160115 1.08669627
v 0.171648279 0.258851647 1.08664012
v 0.169780895 0.261711359 1.09173954
v 0.165793136 0.263897628 1.09529102
v 0.174474865 0.288494766 1.08724654
v 0.167766541 0.284357667 1.09574068
v 0.160645962 0.265534639 1.09671938
v 0.172615632 0.291885227 1.09232247
v 0.170997277 0.293429524 1.09430361
v 0.168732986 0.294918209 1.09590364
v 0.162584662 0.285847127 1.09710801
v 0.165709227 0.296447009 1.09708452
v 0.160030514 0.298289567 1.09741139
v 0.136722147 0.269998133 1.09722984
v 0.123125494 0.306144595 1.09821916
v 0.0888914391 0.277410626 1.09821916
v 0.139885977 0.305170715 1.09902525
v 0.0825391486 0.312647194 1.09874094
v 0.069422707 0.279663056 1.09853828
v 0.103241771 0.31196326 1.09971607
v 0.160771891 0.30107072 1.10107338
v 0.140052319 0.305699617 1.10155594
v 0.123731114 0.308946967 1.10191596
v 0.140466228 0.302452356 1.11317742
v 0.1033618 0.312506199 1.1022563
v 0.169655561 0.296470165 1.11037993
v 0.118842214 0.306870431 1.11304164
v 0.0516195744 0.316119641 1.09877193
v 0.0476513915 0.295958549 1.09877193
v 0.0314814188 0.282386452 1.09877193
v 0.0503328629 0.281318367 1.09871614
v 0.139878854 0.300207227 1.11916208
v 0.138424024 0.297946453 1.12464583
v 0.16185382 0.295111239 1.11939609
v 0.160385773 0.293034971 1.12452495
v 0.160042331 0.291515142 1.12642527
v 0.137638181 0.294190675 1.12747753
v 0.159528926 0.289298445 1.12735391
v 0.125980958 0.292176455 1.12812507
v 0.0958454013 0.297918111 1.12816632
v 0.0773562491 0.299114466 1.12796557
v 0.113842085 0.292956859 1.12789881
v 0.095576033 0.296308726 1.12793601
v 0.11359638 0.291709363 1.1267941
v 0.0771841928 0.297869235 1.12694669
v 0.0953665003 0.295062184 1.12687874
v 0.0947270915 0.283726543 1.10958898
v 0.108193107 0.282351613 1.1105932
v 0.0888914391 0.277410626 1.09821916
v 0.121640861 0.280754507 1.11167467
v 0.0812429488 0.28487739 1.10866165
v 0.069422707 0.279663056 1.09853828
v 0.0405348912 0.295506328 1.11850739
v 0.0406806879 0.28696695 1.10632968
v 0.0503328629 0.281318367 1.09871614
v 0.0590280555 0.300117254 1.12700284
v 0.0314814188 0.282386452 1.09877193
v 0.0384360775 0.303229392 1.12802052
v 0.0269739032 0.295798838 1.11785865
v 0.0271220431 0.287201375 1.10570037
v -0.0579661243 0.295958549 1.09877193
v -0.0606475994 0.281318367 1.09871614
v -0.0417961553 0.282386452 1.09877193
v -0.0252418276 0.282869965 1.09877193
v 0.0149270911 0.282869965 1.09877193
v -0.0251430925 0.32050699 1.09987402
v 0.0147752734 0.318184286 1.09877193
v -0.00401508529 0.320732653 1.09987187
v 0.00655767182 0.321274012 1.10236681
v 0.0148283551 0.32050702 1.09987402
v 0.0340463929 0.320352376 1.10238528
v 0.0340114832 0.319744825 1.09987986
v 0.0148426313 0.318630606 1.11325061
v 0.0518260375 0.318445057 1.09988785
v 0.0350545645 0.317769825 1.11320257
v 0.0228102412 0.314228833 1.12454009
v 0.0394915678 0.313226163 1.12454867
f 1 2 3
f 4 3 2
f 1 5 6
f 7 3 4
f 7 4 8
f 9 1 3
f 9 5 1
f 10 6 5
f 9 3 11
f 3 7 11
f 9 12 5
f 10 5 13
f 12 13 5
f 12 9 14
f 14 9 11
f 15 12 14
f 15 13 12
f 14 11 16
f 16 15 14
f 10 13 17
f 18 10 17
f 18 17 19
f 19 17 20
f 13 20 17
f 19 20 21
f 22 20 13
f 15 22 13
f 21 20 22
f 15 23 22
f 23 15 16
f 21 22 24
f 22 23 24
f 25 21 24
f 21 25 26
f 25 27 26
f 25 24 28
f 27 25 28
f 23 29 24
f 28 24 29
f 29 23 30
f 28 29 31
f 31 29 30
f 27 28 32
f 32 28 31
f 33 34 35
f 35 34 36
f 33 37 34
f 38 34 37
f 34 38 36
f 38 37 39
f 38 39 40
f 38 40 36
f 35 36 41
f 33 42 37
f 35 43 33
f 42 44 37
f 37 44 39
f 33 45 42
f 44 42 46
f 47 46 42
f 42 45 47
f 44 46 48
f 39 44 48
f 47 49 46
f 49 48 46
f 49 47 50
f 47 45 50
f 49 51 48
f 33 52 45
f 33 43 52
f 53 50 45
f 53 45 52
f 54 50 53
f 51 55 48
f 39 48 55
f 54 53 56
f 57 53 52
f 57 56 53
f 52 43 57
f 54 56 58
f 58 56 57
f 59 54 58
f 57 43 60
f 57 60 58
f 58 61 59
f 58 60 61
f 59 61 62
f 59 62 63
f 43 64 60
f 35 64 43
f 65 61 60
f 65 60 64
f 41 64 35
f 66 61 65
f 62 61 66
f 65 64 67
f 41 67 64
f 68 66 65
f 68 65 67
f 62 66 69
f 68 69 66
f 69 63 62
f 70 69 68
f 71 63 69
f 71 69 70
f 72 63 71
f 73 68 67
f 70 68 73
f 73 67 74
f 74 67 41
f 73 75 70
f 71 76 72
f 74 77 73
f 73 77 75
f 78 74 41
f 78 41 36
f 76 71 79
f 71 70 79
f 78 36 80
f 70 81 79
f 70 75 81
f 76 79 82
f 81 82 79
f 83 76 82
f 72 76 83
f 72 83 84
f 83 82 85
f 85 84 83
f 81 86 82
f 85 82 86
f 81 75 86
f 87 84 85
f 88 84 87
f 87 85 89
f 89 85 86
f 87 90 88
f 87 89 90
f 90 91 88
f 88 91 92
f 93 90 89
f 93 91 90
f 89 86 94
f 93 89 94
f 92 91 95
f 93 96 91
f 93 94 96
f 95 91 97
f 97 91 96
f 92 95 98
f 98 95 97
f 99 100 101
f 102 100 99
f 100 103 101
f 100 104 103
f 105 101 103
f 99 101 106
f 106 101 105
f 102 99 107
f 106 107 99
f 108 102 107
f 106 109 107
f 108 107 109
f 110 102 108
f 110 108 111
f 112 111 108
f 112 108 109
f 113 110 111
f 113 111 112
f 110 113 114
f 109 106 115
f 115 106 105
f 112 109 116
f 115 117 109
f 109 117 116
f 105 118 115
f 115 118 117
f 119 113 112
f 120 114 113
f 119 120 113
f 121 114 120
f 122 114 121
f 120 119 123
f 121 120 123
f 112 124 119
f 124 112 116
f 119 125 123
f 125 119 124
f 121 123 126
f 122 121 126
f 125 127 123
f 126 123 127
f 128 122 126
f 128 126 127
f 122 128 129
f 125 124 130
f 124 116 130
f 125 131 127
f 125 130 131
f 132 128 127
f 132 127 131
f 133 129 128
f 132 133 128
f 134 129 133
f 135 129 134
f 132 136 133
f 134 133 136
f 137 132 131
f 136 132 137
f 136 138 134
f 135 134 138
f 139 138 136
f 139 136 137
f 140 135 138
f 140 138 139
f 141 142 143
f 144 145 146
f 32 147 27
f 147 148 27
f 147 149 148
f 149 147 150
f 151 147 32
f 150 147 151
f 32 31 152
f 32 152 151
f 150 151 153
f 153 154 150
f 153 151 155
f 151 152 155
f 153 156 154
f 153 155 156
f 152 31 157
f 31 30 157
f 158 155 152
f 152 157 159
f 159 158 152
f 160 157 30
f 160 159 157
f 155 158 161
f 155 161 156
f 158 162 161
f 158 159 162
f 156 161 163
f 161 162 163
f 156 163 164
f 165 159 160
f 159 166 162
f 165 166 159
f 167 163 162
f 167 162 166
f 168 164 163
f 167 168 163
f 169 156 164
f 156 169 154
f 170 164 168
f 170 169 164
f 171 168 167
f 172 170 168
f 172 168 171
f 173 174 175
f 176 174 173
f 177 175 178
f 177 173 175
f 179 176 173
f 179 173 177
f 177 180 179
f 177 178 181
f 180 177 181
f 182 181 178
f 183 182 178
f 181 184 180
f 182 184 181
f 182 183 185
f 186 180 184
f 187 184 182
f 187 186 184
f 185 188 182
f 182 188 187
f 183 189 185
f 185 189 190
f 185 190 191
f 189 192 190
f 189 193 192
f 192 193 194
f 195 190 192
f 196 192 194
f 196 195 192
f 195 197 190
f 190 197 191
f 195 196 198
f 195 198 197
f 196 194 199
f 196 200 198
f 196 199 200
f 201 199 194
f 202 201 194
f 202 171 201
f 203 199 201
f 201 171 203
f 203 200 199
f 167 203 171
f 204 203 167
f 204 200 203
f 204 167 166
f 204 166 165
f 200 204 165
f 200 165 205
f 205 198 200
f 206 205 165
f 205 207 198
f 205 206 207
f 160 206 165
f 198 207 197
f 206 160 208
f 160 30 208
f 206 209 207
f 30 23 208
f 23 16 208
f 208 210 206
f 206 210 209
f 208 211 210
f 212 208 16
f 208 212 211
f 16 11 212
f 212 11 7
f 211 212 213
f 7 213 212
f 210 211 214
f 213 214 211
f 7 215 213
f 7 8 215
f 213 216 214
f 214 216 210
f 209 210 217
f 210 216 218
f 218 217 210
f 219 218 216
f 213 220 216
f 213 215 220
f 219 216 221
f 219 221 222
f 223 221 216
f 221 223 222
f 224 222 223
f 219 217 218
f 222 225 219
f 223 216 220
f 226 219 225
f 226 217 219
f 227 224 223
f 228 224 227
f 227 223 220
f 227 220 215
f 227 215 228
f 228 229 230
f 215 231 228
f 231 229 228
f 215 8 231
f 232 230 229
f 233 231 8
f 231 233 229
f 234 233 8
f 233 234 235
f 233 236 229
f 236 232 229
f 233 235 236
f 236 237 232
f 235 237 236
f 232 237 238
f 239 237 235
f 240 238 237
f 239 240 237
f 241 238 240
f 242 238 241
f 241 240 239
f 241 243 242
f 239 243 241
f 242 243 244
f 245 244 243
f 246 243 239
f 246 245 243
f 247 246 239
f 248 245 246
f 248 246 247
f 249 250 251
f 251 250 252
f 251 253 249
f 252 254 251
f 249 253 255
f 254 252 256
f 255 257 249
f 256 258 254
f 257 255 259
f 256 260 258
f 259 255 261
f 258 260 262
f 259 261 263
f 262 260 264
f 263 265 259
f 264 266 262
f 267 265 263
f 264 268 266
f 265 267 269
f 264 270 268
f 271 269 267
f 268 270 272
f 267 273 271
f 272 274 268
f 271 273 275
f 274 272 276
f 275 277 271
f 276 278 274
f 278 276 279
f 279 280 278
f 277 275 281
f 280 279 282
f 282 283 280
f 284 277 281
f 285 277 284
f 284 281 286
f 285 284 287
f 287 284 286
f 283 282 288
f 282 289 288
f 290 289 282
f 283 288 291
f 292 283 291
f 293 294 295
f 295 294 296
f 295 297 293
f 296 298 295
f 293 297 299
f 298 296 300
f 299 301 293
f 300 302 298
f 301 299 303
f 300 304 302
f 303 299 305
f 302 304 306
f 303 305 307
f 306 304 308
f 307 309 303
f 308 310 306
f 311 309 307
f 308 312 310
f 309 311 313
f 308 314 312
f 315 313 311
f 312 314 316
f 311 317 315
f 316 318 312
f 315 317 319
f 318 316 320
f 319 321 315
f 320 322 318
f 322 320 323
f 323 324 322
f 321 319 325
f 324 323 326
f 326 327 324
f 328 321 325
f 329 321 328
f 328 325 330
f 329 328 331
f 331 328 330
f 327 326 332
f 326 333 332
f 334 333 326
f 327 332 335
f 336 327 335
f 337 338 339
f 338 340 339
f 341 337 339
f 338 342 340
f 337 341 343
f 344 340 342
f 342 345 344
f 346 344 345
f 343 341 347
f 347 348 343
f 349 348 347
f 350 348 349
f 349 351 350
f 351 352 350
f 351 353 352
f 354 352 353
f 355 354 353
f 355 356 354
f 357 358 359
f 360 359 361
f 361 359 358
f 358 357 362
f 361 358 362
f 357 363 362
f 361 364 360
f 365 360 366
f 364 366 360
f 365 366 367
f 365 367 368
f 368 367 369
f 367 366 370
f 367 370 369
f 366 364 371
f 371 370 366
f 361 372 364
f 362 372 361
f 364 373 371
f 373 364 372
f 362 374 372
f 374 373 372
f 374 362 363
f 371 375 370
f 374 363 376
f 373 377 371
f 377 375 371
f 373 374 378
f 374 376 378
f 363 379 376
f 373 378 380
f 373 380 377
f 381 378 376
f 378 381 380
f 379 382 376
f 376 382 381
f 382 379 383
f 381 382 383
f 384 383 379
f 383 384 385
f 381 383 386
f 381 386 380
f 383 385 386
f 387 377 380
f 387 380 386
f 387 375 377
f 386 385 388
f 388 385 389
f 388 389 390
f 391 388 390
f 388 391 386
f 392 391 390
f 391 392 393
f 394 386 391
f 387 386 394
f 394 391 393
f 387 394 375
f 394 393 395
f 375 394 395
f 396 395 393
f 397 375 395
f 397 395 396
f 370 375 397
f 369 397 396
f 370 397 369
f 398 399 400
f 401 399 398
f 399 402 400
f 399 403 402
f 404 400 402
f 398 400 405
f 405 400 404
f 401 398 406
f 405 406 398
f 407 401 406
f 405 408 406
f 407 406 408
f 409 401 407
f 409 407 410
f 411 410 407
f 411 407 408
f 412 409 410
f 412 410 411
f 409 412 413
f 408 405 414
f 414 405 404
f 411 408 415
f 414 416 408
f 408 416 415
f 404 417 414
f 414 417 416
f 418 412 411
f 419 413 412
f 418 419 412
f 420 413 419
f 421 413 420
f 419 418 422
f 420 419 422
f 411 423 418
f 423 411 415
f 418 424 422
f 424 418 423
f 420 422 425
f 421 420 425
f 424 426 422
f 425 422 426
f 427 421 425
f 427 425 426
f 421 427 428
f 424 423 429
f 423 415 429
f 424 430 426
f 424 429 430
f 431 427 426
f 431 426 430
f 432 428 427
f 431 432 427
f 433 428 432
f 434 428 433
f 431 435 432
f 433 432 435
f 436 431 430
f 435 431 436
f 435 437 433
f 434 433 437
f 438 437 435
f 438 435 436
f 439 434 437
f 439 437 438
f 440 441 442
f 440 443 441
f 442 441 444
f 445 441 443
f 446 445 443
f 447 445 446
f 446 448 447
f 448 449 447
f 450 442 444
f 451 449 448
f 450 452 442
f 453 452 450
f 454 442 452
f 453 455 452
f 452 456 454
f 453 457 455
f 458 454 456
f 459 455 457
f 460 459 457
f 454 458 461
f 462 461 458
f 461 462 463
f 457 464 460
f 465 461 463
f 461 465 466
f 465 467 466
f 464 468 460
f 465 468 467
f 469 460 468
f 469 468 465
f 468 464 470
f 464 471 470
f 467 468 472
f 470 472 468
f 467 472 473
f 474 470 471
f 471 475 474
f 476 467 473
f 470 477 472
f 474 477 470
f 478 473 472
f 477 478 472
f 474 479 477
f 475 479 474
f 477 480 478
f 479 480 477
f 481 479 475
f 481 480 479
f 475 482 481
f 482 483 481
f 473 478 484
f 473 484 476
f 480 485 478
f 478 485 484
f 481 483 486
f 487 486 483
f 488 487 483
f 489 487 488
f 488 490 489
f 488 491 490
f 492 486 487
f 481 486 492
f 490 491 493
f 491 494 493
f 495 480 481
f 480 495 485
f 481 492 495
f 494 451 493
f 494 449 451
f 451 496 493
f 497 496 492
f 498 493 496
f 499 498 496
f 500 498 499
f 499 501 500
f 502 501 499
f 496 503 492
f 451 504 496
f 496 504 503
f 503 504 505
f 506 505 504
f 507 492 503
f 507 495 492
f 507 503 508
f 509 504 451
f 507 508 510
f 511 510 508
f 511 508 512
f 513 512 508
f 512 513 514
f 513 509 514
f 515 512 514
f 516 515 514
f 451 517 509
f 517 518 519
f 520 517 519
f 520 521 517
f 522 517 521
f 522 523 517
f 509 524 514
f 525 524 509
f 526 514 524
f 525 509 527
f 517 527 509
f 517 528 527
f 514 526 529
f 528 517 530
f 531 514 529
f 531 530 517
f 523 531 517
f 531 532 530
f 532 531 529
f 533 514 531
f 531 534 535
f 535 533 531
f 536 537 538
f 539 536 538
f 536 539 540
f 537 541 538
f 542 541 537
f 542 543 541
f 542 544 543
f 545 543 544
f 546 547 548
f 549 548 547
f 546 550 547
f 549 547 551
f 552 547 550
f 552 553 547
f 553 554 547
f 555 547 556
f 554 557 547
f 556 547 558
f 557 559 547
f 558 547 560
f 561 547 559
f 561 560 547
f 562 563 564
f 565 563 562
f 565 562 566
f 567 562 564
f 568 565 566
f 569 567 564
f 569 564 570
f 566 562 571
f 566 571 568
f 567 572 562
f 572 571 562
f 572 567 573
f 569 573 567
f 574 571 572
f 574 568 571
f 575 572 573
f 572 575 574
f 576 575 573
f 577 576 573
f 577 573 569
f 576 578 575
f 577 569 579
f 579 569 580
f 569 581 580
f 569 582 581
f 569 570 582
f 570 583 582
f 570 584 583
f 570 585 584
f 575 578 586
f 587 586 578
f 586 574 575
f 588 586 587
f 587 589 588
f 574 586 590
f 574 590 568
f 586 591 590
f 591 586 588
f 568 590 592
f 591 592 590
f 593 568 592
f 593 565 568
f 565 593 594
f 593 592 595
f 594 593 595
f 591 596 592
f 592 596 595
f 597 594 595
f 597 595 596
f 594 597 598
f 599 594 598
f 600 599 598
f 591 601 596
f 597 596 602
f 598 597 603
f 603 597 602
f 600 598 604
f 604 598 603
f 605 600 604
f 606 600 605
f 606 605 607
f 608 602 596
f 608 596 601
f 603 602 609
f 604 603 609
f 608 610 602
f 608 601 610
f 610 611 602
f 609 602 611
f 604 612 605
f 604 609 612
f 607 605 613
f 605 612 613
f 614 607 613
f 609 615 612
f 615 613 612
f 611 616 609
f 617 609 616
f 609 617 615
f 611 618 616
f 611 610 618
f 617 616 619
f 616 618 619
f 620 615 617
f 617 619 620
f 621 618 610
f 601 621 610
f 618 622 619
f 622 618 621
f 619 622 623
f 619 623 620
f 622 621 624
f 625 621 601
f 625 624 621
f 626 622 624
f 626 623 622
f 627 624 625
f 627 626 624
f 628 625 601
f 628 627 625
f 628 601 591
f 628 591 588
f 628 588 627
f 629 627 588
f 629 588 589
f 589 630 629
f 629 631 627
f 631 629 630
f 631 626 627
f 632 631 630
f 632 633 631
f 631 634 626
f 635 634 631
f 631 633 635
f 626 634 636
f 626 636 623
f 635 637 634
f 636 634 637
f 635 638 637
f 635 633 638
f 636 639 623
f 620 623 639
f 636 637 640
f 639 636 640
f 637 638 641
f 637 641 640
f 642 638 633
f 641 638 642
f 643 644 645
f 646 647 648
f 648 647 649
f 646 650 647
f 651 647 650
f 647 651 649
f 651 650 652
f 651 652 653
f 651 653 649
f 648 649 654
f 646 655 650
f 648 656 646
f 655 657 650
f 650 657 652
f 646 658 655
f 657 655 659
f 660 659 655
f 655 658 660
f 657 659 661
f 652 657 661
f 660 662 659
f 662 661 659
f 662 660 663
f 660 658 663
f 662 664 661
f 646 665 658
f 646 656 665
f 666 663 658
f 666 658 665
f 667 663 666
f 664 668 661
f 652 661 668
f 667 666 669
f 670 666 665
f 670 669 666
f 665 656 670
f 667 669 671
f 671 669 670
f 672 667 671
f 670 656 673
f 670 673 671
f 671 674 672
f 671 673 674
f 672 674 675
f 672 675 676
f 656 677 673
f 648 677 656
f 678 674 673
f 678 673 677
f 654 677 648
f 679 674 678
f 675 674 679
f 678 677 680
f 654 680 677
f 681 679 678
f 681 678 680
f 675 679 682
f 681 682 679
f 682 676 675
f 683 682 681
f 684 676 682
f 684 682 683
f 685 676 684
f 686 681 680
f 683 681 686
f 686 680 687
f 687 680 654
f 686 688 683
f 684 689 685
f 687 690 686
f 686 690 688
f 691 687 654
f 691 654 649
f 689 684 692
f 684 683 692
f 691 649 693
f 683 694 692
f 683 688 694
f 689 692 695
f 694 695 692
f 696 689 695
f 685 689 696
f 685 696 697
f 696 695 698
f 698 697 696
f 694 699 695
f 698 695 699
f 694 688 699
f 700 697 698
f 701 697 700
f 700 698 702
f 702 698 699
f 700 703 701
f 700 702 703
f 703 704 701
f 701 704 705
f 706 703 702
f 706 704 703
f 702 699 707
f 706 702 707
f 705 704 708
f 706 709 704
f 706 707 709
f 708 704 710
f 710 704 709
f 705 708 711
f 711 708 710
f 600 606 712
f 712 713 600
f 714 600 713
f 714 713 715
f 715 713 716
f 714 715 599
f 599 600 714
f 715 716 717
f 717 716 718
f 717 719 715
f 599 715 719
f 717 718 720
f 721 719 717
f 717 720 721
f 721 722 719
f 599 719 722
f 723 720 718
f 722 594 599
f 565 722 721
f 565 594 722
f 720 563 721
f 721 563 565
f 723 724 720
f 725 563 720
f 725 720 724
f 725 564 563
f 725 724 726
f 564 725 726
f 723 727 724
f 727 723 728
f 727 726 724
f 727 728 729
f 564 726 570
f 727 585 726
f 570 726 585
f 727 729 585
f 730 731 732
f 731 730 733
f 733 734 731
f 731 735 732
f 732 735 736
f 736 735 737
f 734 738 731
f 739 738 734
f 739 740 738
f 737 735 741
f 742 737 741
f 742 741 740
f 740 741 738
f 743 741 735
f 743 744 741
f 745 743 735
f 741 744 746
f 746 747 741
f 747 748 741
f 748 749 741
f 749 738 741
f 750 745 735
f 749 751 738
f 750 735 752
f 753 738 751
f 753 754 738
f 738 755 756
f 756 731 738
f 756 757 731
f 758 731 757
f 758 759 731
f 759 735 731
f 760 758 757
f 759 758 760
f 761 735 759
f 752 735 761
f 762 752 761
f 761 763 762
f 764 762 763
f 761 759 765
f 765 759 760
f 766 761 765
f 765 760 767
f 766 765 767
f 768 767 760
f 768 760 769
f 757 769 760
f 633 770 642
f 771 639 640
f 641 772 640
f 771 640 772
f 641 642 773
f 771 774 639
f 774 620 639
f 775 771 772
f 771 775 774
f 641 776 772
f 773 776 641
f 777 620 774
f 777 615 620
f 774 775 778
f 777 774 778
f 777 779 615
f 778 779 777
f 615 779 613
f 779 780 613
f 614 613 780
f 781 780 779
f 778 781 779
f 614 780 782
f 783 614 782
f 783 782 784
f 783 784 785
f 786 782 780
f 781 786 780
f 784 782 787
f 786 787 782
f 784 787 785
f 788 786 781
f 788 781 778
f 786 789 787
f 788 789 786
f 787 790 785
f 789 790 787
f 791 788 778
f 792 789 788
f 788 791 792
f 793 789 792
f 789 794 790
f 793 794 789
f 790 794 795
f 796 785 790
f 796 790 795
f 797 795 794
f 797 794 793
f 796 795 798
f 799 795 797
f 798 795 799
f 796 798 800
f 800 798 799
f 796 801 785
f 796 800 801
f 802 799 797
f 800 799 803
f 802 803 799
f 800 803 804
f 800 804 801
f 805 804 803
f 804 805 801
f 801 806 785
f 806 807 785
f 806 808 807
f 806 809 808
f 809 810 808
f 810 811 808
f 811 812 808
f 812 813 808
f 813 814 808
f 814 815 808
f 815 816 808
f 817 818 806
f 819 817 806
f 801 819 806
f 817 819 820
f 821 817 820
f 801 822 819
f 823 819 822
f 819 823 820
f 801 805 822
f 823 822 824
f 822 805 824
f 823 824 820
f 820 825 821
f 826 825 820
f 827 821 825
f 821 827 828
f 826 820 829
f 820 824 829
f 826 830 825
f 826 829 830
f 827 825 831
f 831 825 830
f 827 832 828
f 828 832 833
f 833 832 834
f 827 835 832
f 834 832 835
f 827 831 835
f 836 834 835
f 834 836 837
f 834 837 838
f 839 836 835
f 839 835 831
f 838 837 840
f 840 841 838
f 842 837 836
f 842 836 839
f 840 837 843
f 842 843 837
f 844 841 840
f 845 842 839
f 842 846 843
f 842 845 846
f 840 843 847
f 847 844 840
f 846 848 843
f 847 843 848
f 845 839 849
f 845 850 846
f 851 845 849
f 845 851 850
f 849 839 852
f 851 849 852
f 846 850 853
f 846 853 848
f 854 853 850
f 848 853 855
f 853 854 855
f 856 854 850
f 856 850 851
f 854 857 855
f 856 858 854
f 854 858 857
f 856 859 858
f 856 851 859
f 858 860 857
f 858 859 861
f 860 862 857
f 857 863 855
f 848 855 863
f 862 863 857
f 864 848 863
f 864 863 862
f 864 847 848
f 860 865 862
f 847 864 866
f 847 866 844
f 864 862 867
f 864 868 866
f 868 864 867
f 862 869 867
f 865 869 862
f 869 870 867
f 868 867 870
f 871 869 865
f 871 870 869
f 872 871 865
f 872 865 873
f 874 872 873
f 872 875 871
f 871 875 876
f 877 876 875
f 871 878 870
f 871 876 878
f 877 879 876
f 877 880 879
f 878 876 881
f 879 881 876
f 880 882 879
f 879 882 881
f 883 882 880
f 883 884 882
f 884 881 882
f 885 884 883
f 886 878 881
f 870 878 887
f 886 887 878
f 868 870 887
f 886 881 888
f 884 888 881
f 889 884 885
f 885 890 889
f 884 891 888
f 886 888 892
f 888 891 892
f 884 893 891
f 889 893 884
f 889 890 894
f 890 895 894
f 889 896 893
f 894 896 889
f 897 894 895
f 896 898 893
f 893 898 891
f 894 899 896
f 894 897 899
f 896 900 898
f 899 900 896
f 898 901 891
f 901 892 891
f 900 902 898
f 898 902 901
f 901 902 903
f 902 900 904
f 902 904 903
f 905 903 904
f 906 905 904
f 901 903 907
f 901 907 892
f 900 908 904
f 906 904 908
f 899 908 900
f 892 907 909
f 892 909 886
f 907 910 909
f 911 910 907
f 886 909 912
f 912 909 910
f 886 912 887
f 911 913 910
f 912 910 913
f 914 887 912
f 912 913 914
f 914 868 887
f 915 899 897
f 915 897 916
f 915 916 917
f 584 915 917
f 584 585 915
f 915 918 899
f 918 915 585
f 908 899 918
f 919 918 585
f 585 729 919
f 920 908 918
f 920 906 908
f 920 921 906
f 920 922 921
f 923 920 918
f 920 923 922
f 923 918 919
f 924 919 729
f 923 919 924
f 923 924 922
f 925 924 729
f 925 922 924
f 926 927 928
f 929 928 930
f 930 928 927
f 927 926 931
f 930 927 931
f 926 932 931
f 930 933 929
f 934 929 935
f 933 935 929
f 934 935 936
f 934 936 937
f 937 936 938
f 936 935 939
f 936 939 938
f 935 933 940
f 940 939 935
f 930 941 933
f 931 941 930
f 933 942 940
f 942 933 941
f 931 943 941
f 943 942 941
f 943 931 932
f 940 944 939
f 943 932 945
f 942 946 940
f 946 944 940
f 942 943 947
f 943 945 947
f 932 948 945
f 942 947 949
f 942 949 946
f 950 947 945
f 947 950 949
f 948 951 945
f 945 951 950
f 951 948 952
f 950 951 952
f 953 952 948
f 952 953 954
f 950 952 955
f 950 955 949
f 952 954 955
f 956 946 949
f 956 949 955
f 956 944 946
f 955 954 957
f 957 954 958
f 957 958 959
f 960 957 959
f 957 960 955
f 961 960 959
f 960 961 962
f 963 955 960
f 956 955 963
f 963 960 962
f 956 963 944
f 963 962 964
f 944 963 964
f 965 964 962
f 966 944 964
f 966 964 965
f 939 944 966
f 938 966 965
f 939 966 938
f 967 968 969
f 970 967 969
f 971 970 969
f 972 971 969
f 972 969 973
f 974 972 973
f 975 974 973
f 976 975 973
f 976 973 977
f 973 978 977
f 973 979 978
f 973 980 979
f 969 981 982
f 969 982 983
f 969 983 973
f 982 984 983
f 983 985 986
f 983 986 973
f 973 987 980
f 987 988 980
f 987 989 988
f 987 990 989
f 987 991 990
f 987 992 991
f 987 993 992
f 973 994 995
f 973 995 996
f 973 996 987
f 995 997 996
f 996 998 987
f 996 999 998
f 987 1000 993
f 1000 1001 993
f 1000 1002 1001
f 1000 1003 1002
f 987 1004 1005
f 987 1005 1000
f 1005 1006 1000
f 1000 1007 1003
f 1007 1008 1003
f 1007 1009 1008
f 1007 1010 1009
f 1000 1011 1007
f 1000 1012 1011
f 1011 1013 1007
f 1007 1014 1010
f 1014 1015 1010
f 1007 1016 1014
f 1017 1018 1019
f 1019 1018 1020
f 1017 1021 1018
f 1022 1018 1021
f 1018 1022 1020
f 1022 1021 1023
f 1022 1023 1024
f 1022 1024 1020
f 1019 1020 1025
f 1017 1026 1021
f 1019 1027 1017
f 1026 1028 1021
f 1021 1028 1023
f 1017 1029 1026
f 1028 1026 1030
f 1031 1030 1026
f 1026 1029 1031
f 1028 1030 1032
f 1023 1028 1032
f 1031 1033 1030
f 1033 1032 1030
f 1033 1031 1034
f 1031 1029 1034
f 1033 1035 1032
f 1017 1036 1029
f 1017 1027 1036
f 1037 1034 1029
f 1037 1029 1036
f 1038 1034 1037
f 1035 1039 1032
f 1023 1032 1039
f 1038 1037 1040
f 1041 1037 1036
f 1041 1040 1037
f 1036 1027 1041
f 1038 1040 1042
f 1042 1040 1041
f 1043 1038 1042
f 1041 1027 1044
f 1041 1044 1042
f 1042 1045 1043
f 1042 1044 1045
f 1043 1045 1046
f 1043 1046 1047
f 1027 1048 1044
f 1019 1048 1027
f 1049 1045 1044
f 1049 1044 1048
f 1025 1048 1019
f 1050 1045 1049
f 1046 1045 1050
f 1049 1048 1051
f 1025 1051 1048
f 1052 1050 1049
f 1052 1049 1051
f 1046 1050 1053
f 1052 1053 1050
f 1053 1047 1046
f 1054 1053 1052
f 1055 1047 1053
f 1055 1053 1054
f 1056 1047 1055
f 1057 1052 1051
f 1054 1052 1057
f 1057 1051 1058
f 1058 1051 1025
f 1057 1059 1054
f 1055 1060 1056
f 1058 1061 1057
f 1057 1061 1059
f 1062 1058 1025
f 1062 1025 1020
f 1060 1055 1063
f 1055 1054 1063
f 1062 1020 1064
f 1054 1065 1063
f 1054 1059 1065
f 1060 1063 1066
f 1065 1066 1063
f 1067 1060 1066
f 1056 1060 1067
f 1056 1067 1068
f 1067 1066 1069
f 1069 1068 1067
f 1065 1070 1066
f 1069 1066 1070
f 1065 1059 1070
f 1071 1068 1069
f 1072 1068 1071
f 1071 1069 1073
f 1073 1069 1070
f 1071 1074 1072
f 1071 1073 1074
f 1074 1075 1072
f 1072 1075 1076
f 1077 1074 1073
f 1077 1075 1074
f 1073 1070 1078
f 1077 1073 1078
f 1076 1075 1079
f 1077 1080 1075
f 1077 1078 1080
f 1079 1075 1081
f 1081 1075 1080
f 1076 1079 1082
f 1082 1079 1081
f 1083 1084 1085
f 1083 1086 1084
f 1087 1084 1086
f 1087 1088 1084
f 1088 1089 1084
f 1089 1090 1084
f 1090 1089 1091
f 1091 1092 1090
f 1092 1093 1090
f 1094 1090 1093
f 1094 1095 1090
f 1096 1090 1095
f 1097 1096 1095
f 1097 1098 1096
f 1099 1096 1098
f 1099 1100 1096
f 1101 1096 1100
f 1090 1096 1102
f 1102 1103 1090
f 1096 1104 1102
f 1103 1105 1090
f 1106 1104 1096
f 1105 1084 1090
f 1105 1107 1084
f 1108 1084 1107
f 1096 1101 1109
f 1096 1109 1106
f 1108 1109 1084
f 1110 1109 1108
f 1106 1109 1110
f 1084 1109 1085
f 1111 1085 1109
f 1112 1113 1109
f 1113 1111 1109
f 1114 1115 1116
f 1117 1115 1114
f 1117 1118 1115
f 1119 1114 1116
f 1120 1115 1121
f 1122 1119 1116
f 1123 1116 1124
f 1125 1115 1120
f 1126 1127 1125
f 1128 1129 1127
f 1129 1125 1127
f 1130 1116 1115
f 1115 1131 1130
f 1116 1130 1132
f 1131 1115 1133
f 1115 1125 1133
f 1134 1133 1125
f 1132 1135 1116
f 1125 1136 1134
f 1116 1135 1137
f 1125 1137 1136
f 1129 1137 1125
f 1124 1116 1137
f 1136 1137 1138
f 1139 1124 1137
f 1139 1137 1140
f 1141 1138 1137
f 1141 1137 1135
f 1142 1140 1137
f 1143 1144 1145
f 1146 1147 1148
f 1147 1149 1148
f 1150 1151 1147
f 1147 1151 1149
f 1148 1149 1152
f 1151 1152 1149
f 1153 1148 1152
f 1150 1154 1151
f 1155 1154 1150
f 1155 1150 1156
f 1151 1154 1157
f 1155 1158 1154
f 1158 1157 1154
f 1159 1155 1156
f 1159 1158 1155
f 1156 1160 1159
f 1156 1161 1160
f 1162 1158 1159
f 1163 1151 1157
f 1152 1151 1163
f 1158 1164 1157
f 1164 1158 1162
f 1163 1157 1165
f 1164 1165 1157
f 1166 1152 1163
f 1153 1152 1166
f 1167 1163 1165
f 1167 1166 1163
f 1153 1166 1168
f 1167 1168 1166
f 1169 1153 1168
f 1167 1165 1170
f 1164 1170 1165
f 1171 1168 1167
f 1171 1169 1168
f 1167 1172 1171
f 1172 1167 1170
f 1169 1171 1173
f 1172 1173 1171
f 1174 1169 1173
f 1172 1170 1175
f 1172 1175 1173
f 1176 1174 1173
f 1175 1176 1173
f 1177 1174 1176
f 1178 1174 1177
f 1175 1179 1176
f 1177 1176 1179
f 1180 1178 1177
f 1180 1177 1179
f 1181 1178 1180
f 1182 1178 1181
f 1183 1180 1179
f 1181 1180 1183
f 1181 1184 1182
f 1185 1183 1179
f 1185 1179 1175
f 1181 1183 1186
f 1181 1186 1184
f 1182 1184 1187
f 1184 1186 1187
f 1182 1187 1188
f 1175 1189 1185
f 1175 1170 1189
f 1190 1183 1185
f 1190 1186 1183
f 1189 1191 1185
f 1190 1185 1191
f 1189 1170 1192
f 1189 1192 1191
f 1164 1192 1170
f 1164 1162 1192
f 1192 1193 1191
f 1162 1193 1192
f 1191 1194 1190
f 1162 1195 1193
f 1196 1191 1193
f 1194 1191 1196
f 1196 1193 1195
f 1197 1190 1194
f 1186 1190 1197
f 1194 1196 1198
f 1197 1194 1198
f 1199 1198 1196
f 1196 1195 1199
f 1197 1198 1200
f 1197 1201 1186
f 1201 1197 1200
f 1187 1186 1201
f 1198 1202 1200
f 1198 1199 1202
f 1201 1200 1203
f 1201 1204 1187
f 1204 1201 1203
f 1187 1204 1205
f 1205 1188 1187
f 1205 1204 1206
f 1206 1188 1205
f 1206 1204 1203
f 1206 1207 1188
f 1200 1208 1203
f 1208 1200 1202
f 1206 1203 1209
f 1207 1206 1209
f 1208 1210 1203
f 1210 1209 1203
f 1208 1202 1211
f 1208 1211 1210
f 1199 1211 1202
f 1212 1207 1209
f 1212 1209 1210
f 1207 1212 1213
f 1211 1214 1210
f 1215 1212 1210
f 1215 1210 1214
f 1212 1216 1213
f 1215 1216 1212
f 1217 1213 1216
f 1218 1213 1217
f 1215 1219 1216
f 1217 1216 1219
f 1215 1214 1220
f 1219 1215 1220
f 1214 1221 1220
f 1211 1221 1214
f 1219 1220 1222
f 1222 1220 1221
f 1219 1223 1217
f 1223 1218 1217
f 1222 1223 1219
f 1224 1218 1223
f 1224 1223 1222
f 1218 1224 1225
f 1224 1226 1225
f 1222 1227 1224
f 1224 1227 1226
f 1225 1226 1228
f 1227 1228 1226
f 1229 1225 1228
f 1222 1230 1227
f 1221 1230 1222
f 1227 1231 1228
f 1229 1228 1232
f 1231 1232 1228
f 1232 1233 1229
f 1229 1233 1234
f 1235 1232 1231
f 1232 1235 1233
f 1231 1227 1236
f 1227 1230 1236
f 1237 1234 1233
f 1235 1237 1233
f 1238 1234 1237
f 1239 1235 1231
f 1231 1236 1239
f 1235 1240 1237
f 1237 1240 1238
f 1235 1239 1240
f 1241 1238 1240
f 1242 1241 1240
f 1239 1242 1240
f 1242 1243 1241
f 1236 1244 1239
f 1230 1244 1236
f 1245 1242 1239
f 1245 1239 1244
f 1245 1243 1242
f 1230 1246 1244
f 1244 1246 1245
f 1245 1247 1243
f 1246 1247 1245
f 1243 1247 1248
f 1243 1248 1249
f 1249 1248 1250
f 1251 1248 1247
f 1246 1251 1247
f 1248 1252 1250
f 1248 1251 1252
f 1252 1253 1250
f 1252 1254 1253
f 1161 1253 1254
f 1160 1161 1254
f 1255 1254 1252
f 1160 1254 1255
f 1251 1255 1252
f 1256 1160 1255
f 1256 1159 1160
f 1162 1159 1256
f 1162 1256 1195
f 1256 1255 1257
f 1251 1257 1255
f 1256 1257 1195
f 1258 1257 1251
f 1251 1246 1258
f 1259 1195 1257
f 1258 1259 1257
f 1199 1195 1259
f 1260 1258 1246
f 1230 1260 1246
f 1221 1260 1230
f 1261 1258 1260
f 1261 1260 1221
f 1258 1261 1259
f 1199 1259 1261
f 1221 1211 1261
f 1211 1199 1261
f 1262 1263 1264
f 1264 1263 1265
f 1262 1266 1263
f 1262 1267 1266
f 1266 1267 1268
f 1268 1267 1269
f 1270 1266 1268
f 1263 1266 1270
f 1270 1271 1263
f 1268 1272 1270
f 1273 1263 1271
f 1269 1274 1268
f 1272 1268 1274
f 1275 1274 1269
f 1272 1274 1276
f 1275 1277 1274
f 1273 1278 1263
f 1278 1265 1263
f 1273 1279 1278
f 1280 1265 1278
f 1279 1281 1278
f 1278 1281 1280
f 1280 1281 1282
f 1279 1283 1281
f 1284 1282 1281
f 1283 1285 1281
f 1285 1284 1281
f 1285 1283 1286
f 1284 1285 1287
f 1288 1287 1285
f 1286 1288 1285
f 1287 1288 1289
f 1290 1289 1288
f 1291 1288 1286
f 1290 1288 1291
f 1286 1292 1291
f 1290 1291 1293
f 1291 1292 1294
f 1291 1295 1293
f 1294 1295 1291
f 1296 1293 1295
f 1295 1294 1297
f 1296 1295 1298
f 1297 1299 1295
f 1299 1298 1295
f 1299 1297 1300
f 1301 1298 1299
f 1300 1302 1299
f 1302 1301 1299
f 1302 1300 1303
f 1301 1302 1304
f 1303 1305 1302
f 1305 1304 1302
f 1306 1304 1305
f 1305 1303 1307
f 1306 1305 1308
f 1307 1309 1305
f 1305 1309 1308
f 1309 1307 1310
f 1311 1308 1309
f 1310 1312 1309
f 1309 1312 1311
f 1311 1312 1313
f 1310 1314 1312
f 1315 1313 1312
f 1314 1316 1312
f 1316 1315 1312
f 1314 1276 1316
f 1315 1316 1277
f 1316 1276 1274
f 1277 1316 1274
f 1317 1318 1319
f 1318 1317 1320
f 1319 1321 1322
f 1318 1321 1319
f 1323 1322 1321
f 1324 1318 1320
f 1325 1321 1318
f 1324 1325 1318
f 1326 1323 1321
f 1326 1321 1325
f 1323 1326 1327
f 1323 1327 1328
f 1326 1329 1327
f 1330 1328 1327
f 1330 1331 1328
f 1330 1332 1331
f 1333 1330 1327
f 1333 1327 1329
f 1334 1332 1330
f 1330 1333 1334
f 1332 1334 1335
f 1329 1334 1333
f 1334 1336 1335
f 1337 1335 1336
f 1334 1338 1336
f 1337 1336 1338
f 1339 1338 1334
f 1339 1340 1338
f 1340 1337 1338
f 1334 1341 1339
f 1339 1342 1340
f 1342 1339 1341
f 1343 1340 1342
f 1344 1340 1343
f 1344 1337 1340
f 1344 1345 1337
f 1346 1337 1345
f 1346 1347 1337
f 1347 1335 1337
f 1347 1348 1335
f 1349 1342 1341
f 1350 1342 1349
f 1350 1349 1351
f 1349 1341 1352
f 1352 1341 1334
f 1349 1353 1351
f 1354 1351 1353
f 1355 1349 1352
f 1355 1353 1349
f 1352 1334 1356
f 1356 1334 1329
f 1355 1352 1357
f 1357 1352 1356
f 1355 1358 1353
f 1359 1355 1357
f 1359 1358 1355
f 1357 1356 1360
f 1360 1359 1357
f 1361 1356 1329
f 1361 1360 1356
f 1326 1361 1329
f 1361 1326 1325
f 1361 1325 1360
f 1359 1360 1362
f 1359 1362 1358
f 1360 1325 1363
f 1363 1362 1360
f 1363 1325 1364
f 1364 1325 1324
f 1363 1365 1362
f 1364 1365 1363
f 1362 1366 1358
f 1362 1365 1366
f 1364 1324 1367
f 1324 1320 1367
f 1364 1368 1365
f 1364 1367 1368
f 1369 1367 1320
f 1367 1369 1368
f 1369 1320 1370
f 1371 1365 1368
f 1365 1371 1366
f 1372 1368 1369
f 1371 1368 1372
f 1373 1369 1370
f 1372 1369 1373
f 1374 1375 1376
f 1374 1376 1377
f 1374 1377 1378
f 1379 1376 1375
f 1375 1380 1381
f 1375 1381 1379
f 1381 1380 1382
f 1381 1382 1383
f 1379 1381 1383
f 1382 1384 1383
f 1382 1385 1384
f 1386 1385 1382
f 1387 1385 1386
f 1383 1384 1388
f 1383 1388 1389
f 1383 1389 1379
f 1390 1388 1384
f 1390 1384 1385
f 1390 1391 1388
f 1388 1391 1389
f 1390 1385 1392
f 1387 1393 1385
f 1393 1392 1385
f 1390 1392 1394
f 1390 1394 1391
f 1395 1392 1393
f 1396 1393 1387
f 1387 1397 1396
f 1396 1397 1398
f 1399 1393 1396
f 1399 1395 1393
f 1396 1398 1400
f 1396 1400 1399
f 1398 1401 1400
f 1399 1400 1401
f 1398 1402 1401
f 1401 1403 1399
f 1399 1403 1395
f 1401 1402 1404
f 1401 1404 1403
f 1404 1402 1405
f 1406 1392 1395
f 1406 1394 1392
f 1406 1395 1407
f 1406 1407 1394
f 1403 1408 1395
f 1407 1395 1408
f 1409 1403 1404
f 1405 1409 1404
f 1410 1411 1412
f 1413 1414 1415
f 1416 1417 1418
f 1419 1416 1418
f 1416 1419 1420
f 1417 1421 1418
f 1422 1421 1417
f 1421 1422 1423
f 1422 1424 1423
f 1424 1425 1423
f 1426 1427 1428
f 1429 1426 1428
f 1426 1429 1430
f 1427 1431 1428
f 1432 1431 1427
f 1431 1432 1433
f 1432 1434 1433
f 1434 1435 1433
f 1436 1437 1438
f 1437 1436 1439
f 1438 1440 1436
f 1438 1437 1441
f 1442 1440 1438
f 1443 1438 1441
f 1443 1442 1438
f 1444 1436 1440
f 1441 1437 1445
f 1444 1446 1436
f 1446 1439 1436
f 1440 1447 1444
f 1442 1447 1440
f 1444 1448 1446
f 1444 1449 1448
f 1444 1447 1449
f 1446 1448 1450
f 1448 1449 1450
f 1450 1451 1446
f 1452 1450 1449
f 1450 1452 1451
f 1446 1451 1453
f 1454 1447 1442
f 1455 1446 1453
f 1455 1439 1446
f 1454 1456 1447
f 1457 1454 1442
f 1457 1456 1454
f 1458 1457 1442
f 1458 1442 1443
f 1458 1459 1457
f 1458 1443 1460
f 1458 1460 1459
f 1459 1461 1457
f 1456 1457 1461
f 1459 1460 1462
f 1459 1463 1461
f 1459 1462 1463
f 1464 1460 1443
f 1461 1465 1456
f 1464 1466 1460
f 1462 1460 1466
f 1443 1467 1464
f 1467 1443 1441
f 1467 1441 1468
f 1468 1441 1445
f 1468 1469 1467
f 1464 1467 1470
f 1469 1470 1467
f 1464 1470 1471
f 1464 1471 1466
f 1468 1445 1472
f 1471 1470 1473
f 1474 1469 1468
f 1474 1468 1472
f 1469 1475 1470
f 1475 1473 1470
f 1471 1473 1476
f 1466 1471 1476
f 1477 1473 1475
f 1474 1478 1469
f 1474 1479 1478
f 1474 1472 1479
f 1480 1469 1478
f 1480 1475 1469
f 1478 1481 1480
f 1479 1481 1478
f 1475 1480 1482
f 1477 1475 1482
f 1483 1480 1481
f 1483 1482 1480
f 1479 1472 1484
f 1485 1483 1481
f 1481 1479 1486
f 1481 1486 1485
f 1479 1484 1487
f 1479 1487 1486
f 1488 1484 1472
f 1487 1484 1488
f 1489 1482 1483
f 1485 1489 1483
f 1489 1490 1482
f 1482 1490 1477
f 1491 1490 1489
f 1491 1489 1485
f 1490 1492 1477
f 1493 1490 1491
f 1493 1492 1490
f 1494 1477 1492
f 1494 1473 1477
f 1494 1476 1473
f 1495 1494 1492
f 1495 1476 1494
f 1496 1492 1493
f 1496 1495 1492
f 1493 1491 1497
f 1498 1496 1493
f 1493 1497 1498
f 1491 1499 1497
f 1491 1485 1499
f 1495 1500 1476
f 1495 1496 1501
f 1495 1501 1500
f 1502 1501 1496
f 1498 1502 1496
f 1503 1501 1502
f 1503 1500 1501
f 1498 1504 1502
f 1505 1503 1502
f 1505 1502 1504
f 1372 1506 1371
f 1506 1372 1373
f 1373 1370 1507
f 1508 1373 1507
f 1509 1508 1507
f 1510 1373 1508
f 1509 1507 1511
f 1373 1510 1506
f 1512 1509 1511
f 1513 1510 1508
f 1512 1511 1514
f 1515 1512 1514
f 1514 1511 1516
f 1516 1511 1517
f 1517 1511 1518
f 1519 1517 1518
f 1520 1517 1519
f 1519 1518 1521
f 1521 1518 1522
f 1521 1522 1523
f 1523 1522 1524
f 1525 1524 1522
f 1526 1524 1525
f 1525 1522 1527
f 1527 1522 1528
f 1527 1528 1529
f 1530 1529 1528
f 1531 1530 1528
f 1529 1530 1532
f 1533 1529 1532
f 1533 1532 1534
f 1533 1534 1535
f 1536 1532 1530
f 1531 1537 1530
f 1538 1537 1531
f 1537 1538 1539
f 1537 1539 1540
f 1539 1541 1540
f 1540 1541 1542
f 1543 1537 1540
f 1530 1537 1543
f 1540 1542 1544
f 1543 1540 1544
f 1530 1543 1545
f 1543 1544 1545
f 1536 1530 1545
f 1545 1544 1546
f 1545 1546 1536
f 1547 1544 1542
f 1547 1546 1544
f 1542 1548 1547
f 1549 1547 1548
f 1550 1549 1548
f 1547 1551 1546
f 1547 1549 1551
f 1549 1550 1552
f 1549 1552 1551
f 1550 1553 1552
f 1554 1546 1551
f 1552 1554 1551
f 1555 1546 1554
f 1555 1536 1546
f 1554 1552 1556
f 1556 1552 1553
f 1557 1555 1554
f 1554 1556 1557
f 1536 1555 1558
f 1557 1558 1555
f 1559 1536 1558
f 1536 1559 1532
f 1560 1558 1557
f 1561 1557 1556
f 1561 1560 1557
f 1556 1553 1562
f 1561 1556 1562
f 1562 1553 1563
f 1562 1563 1564
f 1561 1562 1564
f 1565 1561 1564
f 1566 1561 1565
f 1561 1566 1567
f 1568 1567 1566
f 1568 1569 1567
f 1570 1561 1567
f 1561 1570 1560
f 1571 1567 1569
f 1572 1570 1567
f 1571 1572 1567
f 1572 1573 1570
f 1571 1573 1572
f 1560 1570 1574
f 1571 1569 1575
f 1569 1576 1575
f 1577 1575 1576
f 1571 1575 1578
f 1571 1578 1573
f 1577 1579 1575
f 1578 1575 1579
f 1580 1579 1577
f 1581 1580 1577
f 1582 1578 1579
f 1580 1582 1579
f 1581 1583 1580
f 1582 1584 1578
f 1573 1578 1584
f 1585 1584 1582
f 1584 1586 1573
f 1584 1585 1586
f 1573 1586 1587
f 1588 1582 1580
f 1588 1585 1582
f 1588 1580 1589
f 1583 1589 1580
f 1588 1590 1585
f 1588 1589 1590
f 1573 1587 1591
f 1570 1573 1591
f 1574 1570 1591
f 1592 1591 1587
f 1587 1586 1592
f 1574 1591 1593
f 1592 1593 1591
f 1593 1594 1574
f 1560 1574 1594
f 1592 1586 1595
f 1585 1595 1586
f 1596 1593 1592
f 1592 1595 1596
f 1597 1594 1593
f 1596 1597 1593
f 1560 1594 1598
f 1598 1558 1560
f 1597 1599 1594
f 1599 1598 1594
f 1598 1559 1558
f 1599 1559 1598
f 1599 1600 1559
f 1596 1601 1597
f 1602 1599 1597
f 1601 1602 1597
f 1599 1602 1603
f 1599 1603 1600
f 1604 1603 1602
f 1600 1603 1604
f 1600 1605 1559
f 1606 1601 1596
f 1595 1606 1596
f 1607 1602 1601
f 1607 1604 1602
f 1534 1559 1605
f 1559 1534 1532
f 1534 1605 1608
f 1600 1608 1605
f 1600 1604 1609
f 1600 1609 1608
f 1610 1609 1604
f 1610 1608 1609
f 1604 1607 1611
f 1610 1604 1611
f 1607 1601 1606
f 1610 1611 1612
f 1608 1610 1613
f 1610 1612 1613
f 1608 1614 1534
f 1608 1613 1614
f 1535 1534 1614
f 1615 1535 1614
f 1615 1614 1616
f 1614 1613 1617
f 1617 1613 1612
f 1616 1614 1618
f 1617 1618 1614
f 1619 1616 1618
f 1619 1618 1620
f 1620 1618 1621
f 1622 1621 1618
f 1621 1622 1513
f 1513 1622 1510
f 1623 1622 1618
f 1623 1618 1617
f 1622 1624 1510
f 1622 1623 1624
f 1510 1624 1625
f 1623 1617 1626
f 1612 1626 1617
f 1624 1623 1627
f 1627 1623 1626
f 1627 1625 1624
f 1625 1506 1510
f 1627 1626 1628
f 1627 1629 1625
f 1628 1629 1627
f 1625 1630 1506
f 1629 1631 1625
f 1625 1631 1630
f 1632 1631 1629
f 1628 1632 1629
f 1628 1626 1633
f 1633 1632 1628
f 1626 1634 1633
f 1626 1612 1634
f 1633 1635 1632
f 1632 1635 1631
f 1636 1630 1631
f 1634 1612 1637
f 1611 1637 1612
f 1637 1611 1638
f 1638 1611 1607
f 1637 1639 1634
f 1633 1634 1639
f 1637 1640 1639
f 1637 1638 1640
f 1639 1641 1633
f 1642 1638 1607
f 1642 1607 1606
f 1639 1643 1641
f 1639 1640 1643
f 1633 1641 1644
f 1633 1644 1635
f 1641 1643 1645
f 1645 1644 1641
f 1585 1606 1595
f 1585 1590 1606
f 1590 1642 1606
f 1642 1590 1638
f 1646 1638 1590
f 1590 1589 1646
f 1646 1640 1638
f 1647 1646 1589
f 1640 1646 1647
f 1647 1589 1648
f 1649 1640 1647
f 1648 1589 1650
f 1583 1650 1589
f 1583 1651 1650
f 1583 1652 1651
f 1650 1653 1648
f 1651 1653 1650
f 1654 1651 1652
f 1654 1653 1651
f 1653 1647 1648
f 1655 1649 1647
f 1653 1655 1647
f 1655 1656 1649
f 1649 1656 1657
f 1640 1649 1657
f 1640 1657 1643
f 1656 1658 1657
f 1659 1643 1657
f 1658 1659 1657
f 1645 1643 1659
f 1658 1656 1660
f 1661 1658 1660
f 1661 1660 1662
f 1662 1660 1663
f 1662 1663 1664
f 1665 1664 1663
f 1660 1666 1663
f 1666 1665 1663
f 1656 1666 1660
f 1666 1667 1665
f 1668 1665 1667
f 1666 1656 1669
f 1669 1667 1666
f 1668 1667 1670
f 1655 1669 1656
f 1669 1671 1667
f 1655 1671 1669
f 1670 1667 1671
f 1655 1653 1671
f 1672 1670 1671
f 1672 1671 1673
f 1673 1671 1653
f 1672 1673 1674
f 1675 1673 1653
f 1675 1674 1673
f 1676 1674 1675
f 1676 1675 1677
f 1654 1675 1653
f 1678 1677 1675
f 1679 1675 1654
f 1679 1680 1675
f 1678 1675 1681
f 1680 1681 1675
f 1678 1681 1682
f 1682 1681 1680
f 1683 197 1684
f 1683 1684 1685
f 1686 1685 1687
f 1684 1687 1685
f 1686 1687 1688
f 1684 197 1689
f 1689 197 207
f 1690 1687 1684
f 1689 1690 1684
f 1690 1688 1687
f 1689 207 1691
f 209 1691 207
f 1689 1692 1690
f 1689 1691 1692
f 1690 1693 1688
f 1690 1692 1693
f 1688 1693 1694
f 1694 1693 1695
f 1693 1692 1695
f 1696 1694 1695
f 209 217 1691
f 1697 1692 1691
f 1697 1691 217
f 1697 1695 1692
f 226 1697 217
f 1695 1697 1698
f 226 1698 1697
f 1696 1695 1698
f 1698 226 225
f 1696 1698 225
f 1409 1408 1403
f 1405 1699 1409
f 1409 1700 1408
f 1409 1699 1700
f 1407 1408 1701
f 1700 1701 1408
f 1701 1702 1407
f 1407 1702 1394
f 1703 1699 1405
f 1405 1704 1703
f 1703 1704 1705
f 1699 1706 1700
f 1707 1699 1703
f 1699 1707 1706
f 1703 1705 1708
f 1703 1708 1707
f 1705 1709 1708
f 1710 1709 1705
f 1711 1707 1708
f 1711 1708 1709
f 1707 1712 1706
f 1712 1707 1711
f 1706 1713 1700
f 1706 1712 1713
f 1701 1700 1713
f 1710 1714 1709
f 1715 1714 1710
f 1711 1709 1716
f 1709 1714 1716
f 1715 1717 1714
f 1701 1713 1718
f 1702 1701 1718
f 1719 1716 1714
f 1717 1719 1714
f 1720 1718 1713
f 1712 1720 1713
f 1721 1702 1718
f 1719 1722 1716
f 1720 1723 1718
f 1721 1718 1723
f 1702 1721 1724
f 1702 1724 1394
f 1725 1394 1724
f 1725 1391 1394
f 1721 1726 1724
f 1725 1727 1391
f 1391 1727 1389
f 1725 1724 1728
f 1728 1724 1726
f 1725 1728 1727
f 1721 1729 1726
f 1721 1723 1729
f 1728 1726 1730
f 1726 1729 1730
f 1727 1728 1731
f 1731 1728 1730
f 1389 1727 1732
f 1732 1727 1731
f 1732 1733 1389
f 1379 1389 1733
f 1732 1734 1733
f 1379 1733 1735
f 1733 1734 1735
f 1736 1379 1735
f 1376 1379 1736
f 1376 1736 1377
f 1736 1735 1737
f 1734 1737 1735
f 1736 1738 1377
f 1736 1737 1738
f 1734 1739 1737
f 1737 1739 1738
f 1732 1740 1734
f 1732 1731 1740
f 1741 1734 1740
f 1739 1734 1741
f 1742 1377 1738
f 1739 1742 1738
f 1377 1742 1743
f 1378 1377 1743
f 1378 1743 1744
f 1743 1742 1744
f 1745 1741 1740
f 1739 1741 1746
f 1746 1741 1745
f 1739 1747 1742
f 1746 1747 1739
f 1748 1749 1750
f 1751 1749 1748
f 1749 1238 1750
f 1749 1234 1238
f 1241 1750 1238
f 1748 1750 1752
f 1752 1750 1241
f 1751 1748 1753
f 1752 1753 1748
f 1754 1751 1753
f 1752 1755 1753
f 1754 1753 1755
f 1756 1751 1754
f 1756 1754 1757
f 1758 1757 1754
f 1758 1754 1755
f 1759 1756 1757
f 1759 1757 1758
f 1756 1759 1760
f 1755 1752 1761
f 1761 1752 1241
f 1758 1755 1250
f 1761 1249 1755
f 1755 1249 1250
f 1241 1243 1761
f 1761 1243 1249
f 1762 1759 1758
f 1763 1760 1759
f 1762 1763 1759
f 1764 1760 1763
f 1765 1760 1764
f 1763 1762 1766
f 1764 1763 1766
f 1758 1767 1762
f 1767 1758 1250
f 1762 1768 1766
f 1768 1762 1767
f 1764 1766 1769
f 1765 1764 1769
f 1768 1770 1766
f 1769 1766 1770
f 1771 1765 1769
f 1771 1769 1770
f 1765 1771 1772
f 1768 1767 1253
f 1767 1250 1253
f 1768 1161 1770
f 1768 1253 1161
f 1773 1771 1770
f 1773 1770 1161
f 1774 1772 1771
f 1773 1774 1771
f 1775 1772 1774
f 1146 1772 1775
f 1773 1776 1774
f 1775 1774 1776
f 1156 1773 1161
f 1776 1773 1156
f 1776 1777 1775
f 1146 1775 1777
f 1150 1777 1776
f 1150 1776 1156
f 1147 1146 1777
f 1147 1777 1150
f 1778 1779 245
f 1779 244 245
f 248 1780 1778
f 1778 245 248
f 1780 1781 1782
f 1782 1781 1783
f 1781 1780 1784
f 248 1784 1780
f 1785 1783 1781
f 1781 1784 1785
f 1783 1785 1786
f 1786 1785 1787
f 1787 1788 1786
f 1785 1784 1789
f 1785 1790 1787
f 1785 1789 1790
f 1789 1784 1791
f 248 1791 1784
f 1792 1790 1789
f 248 247 1791
f 1793 1789 1791
f 1792 1789 1793
f 1794 1793 1791
f 1794 1791 247
f 1793 1795 1792
f 1796 1793 1794
f 1796 1795 1793
f 1797 1790 1792
f 1792 1795 1798
f 1792 1798 1797
f 1797 1799 1790
f 1799 1787 1790
f 1799 1800 1787
f 1787 1800 1788
f 1801 1799 1797
f 1802 1797 1798
f 1801 1797 1802
f 1803 1788 1800
f 1804 1788 1803
f 1804 1803 1805
f 1799 1806 1800
f 1801 1806 1799
f 1807 1800 1806
f 1807 1803 1800
f 1808 1805 1803
f 1805 1808 1455
f 1803 1807 1809
f 1801 1810 1806
f 1807 1806 1811
f 1811 1806 1810
f 1812 1810 1801
f 1812 1801 1802
f 1811 1810 1813
f 1810 1812 1814
f 1810 1814 1813
f 1807 1811 1815
f 1809 1807 1815
f 1811 1813 1816
f 1811 1816 1815
f 1808 1803 1809
f 1809 1815 1817
f 1815 1816 1818
f 1817 1815 1818
f 1819 1809 1817
f 1817 1818 1820
f 1819 1817 1820
f 1808 1809 1821
f 1822 1818 1816
f 1808 1821 1823
f 1821 1809 1824
f 1821 1824 1823
f 1819 1824 1809
f 1825 1819 1820
f 1826 1824 1819
f 1826 1823 1824
f 1827 1819 1825
f 1826 1819 1827
f 1825 1820 1828
f 1820 1818 1829
f 1820 1829 1828
f 1818 1822 1829
f 1828 1830 1825
f 1827 1825 1830
f 1831 1832 1833
f 1832 1834 1835
f 1831 1834 1832
f 1836 1835 1834
f 1837 1834 1831
f 1838 1837 1831
f 1838 1839 1837
f 1839 1840 1837
f 1837 1840 1841
f 1842 1841 1840
f 1842 1843 1841
f 1834 1837 1844
f 1844 1837 1841
f 1844 1845 1834
f 1834 1846 1836
f 1834 1845 1846
f 1847 1836 1846
f 1847 1846 1848
f 1849 1848 1846
f 1849 1846 1845
f 1844 1850 1845
f 1851 1850 1844
f 1851 1844 1841
f 1852 1845 1850
f 1853 1851 1841
f 1854 1853 1841
f 1855 1849 1845
f 1852 1856 1845
f 1857 1855 1845
f 1858 1845 1856
f 1858 1857 1845
f 1859 1858 1856
f 1859 1860 1858
f 1857 1858 1861
f 1857 1861 1862
f 1863 1858 1860
f 1864 1862 1861
f 1863 1865 1858
f 1866 1864 1861
f 1867 1858 1865
f 1866 1868 1864
f 1864 1868 1869
f 1866 1861 1870
f 1871 1861 1858
f 1871 1870 1861
f 1871 1858 1872
f 1873 1871 1872
f 1870 1871 1873
f 1874 1872 1858
f 1875 1874 1858
f 1870 1873 1876
f 1877 1875 1858
f 1877 1858 1867
f 1878 1875 1877
f 1867 1879 1877
f 1880 1877 1879
f 1870 1876 1881
f 1870 1881 1866
f 1866 1881 1868
f 1868 1881 1882
f 1881 1876 1882
f 1868 1882 1869
f 1882 1876 1883
f 1869 1882 1883
f 1884 1883 1876
f 1869 1883 1885
f 1883 1884 1885
f 1886 1869 1885
f 1887 1885 1884
f 1886 1885 1887
f 1888 1887 1884
f 1889 1886 1887
f 1888 1889 1887
f 1890 1878 1891
f 1878 1877 1891
f 1892 1890 1891
f 1893 1891 1877
f 1894 1892 1891
f 1893 1894 1891
f 1895 1896 1897
f 1898 1896 1895
f 1895 1899 1898
f 1900 1897 1896
f 1901 1897 1900
f 1902 1901 1903
f 1904 1898 1899
f 1904 1899 1905
f 1906 1904 1905
f 1906 1905 1907
f 1907 1905 1908
f 1905 1909 1908
f 1905 1910 1909
f 1908 1909 1911
f 1912 1909 1910
f 1912 1913 1909
f 1914 1909 1913
f 1911 1909 1915
f 1916 1911 1915
f 1916 1915 1917
f 1918 1917 1915
f 1914 1854 1909
f 1854 1841 1909
f 1843 1909 1841
f 1919 1909 1843
f 1920 1909 1919
f 1915 1909 1920
f 1919 1921 1920
f 1922 1920 1921
f 1922 1923 1920
f 1915 1920 1924
f 1923 1924 1920
f 1925 1918 1915
f 1925 1915 1924
f 1918 1925 1926
f 1925 1924 1927
f 1926 1925 1927
f 1923 1928 1924
f 1926 1927 1929
f 1927 1924 1929
f 1926 1929 1930
f 1929 1924 1928
f 1931 1932 1933
f 1931 1934 1932
f 1932 1935 1933
f 1936 1934 1931
f 1934 1937 1932
f 1932 1938 1935
f 1937 1938 1932
f 1935 1939 1933
f 1937 1934 1940
f 1941 1940 1934
f 1936 1941 1934
f 1937 1940 1942
f 1937 1943 1938
f 1943 1937 1942
f 1935 1938 1944
f 1943 1945 1938
f 1938 1945 1944
f 1946 1939 1935
f 1946 1935 1944
f 1947 1939 1946
f 1933 1939 1947
f 1946 1948 1947
f 1949 1933 1947
f 1948 1949 1947
f 1946 1950 1948
f 1946 1944 1950
f 1948 1950 1951
f 1951 1950 1952
f 1951 1952 1953
f 1949 1954 1933
f 1949 1955 1954
f 1954 1931 1933
f 1956 1954 1955
f 1954 1957 1931
f 1957 1954 1956
f 1956 1958 1957
f 1957 1936 1931
f 1959 1957 1958
f 1959 1936 1957
f 1936 1959 1960
f 1959 1958 1961
f 1962 1961 1958
f 1963 1959 1961
f 1961 1962 1964
f 1961 1964 1963
f 1962 1965 1964
f 1963 1966 1959
f 1966 1960 1959
f 1963 1964 1966
f 1936 1960 1967
f 1960 1966 1967
f 1936 1967 1941
f 1968 1964 1965
f 1966 1964 1968
f 1969 1967 1966
f 1969 1966 1968
f 1967 1970 1941
f 1969 1970 1967
f 1970 1971 1941
f 1969 1971 1970
f 1972 1941 1971
f 1941 1972 1940
f 1969 1973 1971
f 1974 1969 1968
f 1973 1969 1974
f 1972 1971 1975
f 1973 1975 1971
f 1972 1942 1940
f 1973 1974 1976
f 1976 1974 1968
f 1977 1975 1973
f 1977 1972 1975
f 1973 1978 1977
f 1976 1978 1973
f 1979 1972 1977
f 1980 1977 1978
f 1980 1979 1977
f 1980 1978 1981
f 1978 1976 1981
f 1979 1982 1972
f 1972 1982 1942
f 1983 1984 1985
f 1986 1983 1985
f 1984 1987 1985
f 1985 1988 1986
f 1986 1988 1989
f 1988 1990 1989
f 1985 1990 1988
f 1987 1990 1985
f 1991 1990 1987
f 1987 1992 1991
f 1987 1993 1992
f 1994 1990 1991
f 1994 1995 1990
f 1994 1991 1996
f 1992 1996 1991
f 1994 1997 1995
f 1998 1995 1997
f 1994 1999 1997
f 1999 1994 1996
f 1998 1997 2000
f 1998 2000 2001
f 1997 2002 2000
f 1997 1999 2002
f 2001 2000 1717
f 1715 2001 1717
f 2000 2002 2003
f 2000 2003 1717
f 2004 2003 2002
f 2003 2005 1717
f 2003 2004 2005
f 1717 2005 1719
f 2005 1722 1719
f 2005 2004 1722
f 2004 2002 1999
f 2006 1722 2004
f 2007 2004 1999
f 2006 2004 2007
f 2006 2008 1722
f 2006 2007 2009
f 2006 2009 2008
f 2007 1999 2010
f 2011 2010 1999
f 2008 2012 1722
f 1722 2012 1716
f 1711 1716 2012
f 2008 2013 2012
f 2008 2009 2013
f 1711 2012 2014
f 2013 2014 2012
f 1712 1711 2014
f 1712 2014 2015
f 2013 2015 2014
f 1712 2015 1720
f 2016 2013 2009
f 2013 2016 2015
f 2017 1720 2015
f 2017 2015 2016
f 1723 1720 2017
f 2017 2018 1723
f 1729 1723 2018
f 2017 2016 2019
f 2017 2019 2018
f 1729 2018 2020
f 2020 2018 2019
f 2020 1730 1729
f 2019 2016 2021
f 2009 2021 2016
f 2019 2021 2020
f 2020 2022 1730
f 2022 2023 1730
f 2022 2020 2024
f 2025 2020 2021
f 2025 2024 2020
f 2009 2026 2021
f 2025 2021 2026
f 2027 2028 1548
f 1548 2028 1550
f 2027 2029 2028
f 1550 2028 2030
f 2030 2028 2029
f 2031 1550 2030
f 2031 2030 2032
f 1550 2031 1553
f 2033 2030 2029
f 2032 2030 2033
f 2031 2032 1563
f 1563 1553 2031
f 2034 2032 2033
f 2035 1563 2032
f 2034 2035 2032
f 2036 2035 2034
f 2037 2035 2036
f 2038 2036 2034
f 1564 2035 2037
f 1564 1563 2035
f 1565 1564 2037
f 2034 2033 2039
f 2038 2034 2039
f 2038 2039 2040
f 2040 2039 2041
f 2040 2041 2042
f 2043 2042 2041
f 2041 2039 2044
f 2039 2033 2044
f 2043 2041 2045
f 2043 2045 2046
f 2045 2041 2044
f 2046 2045 2047
f 2048 2044 2033
f 2045 2044 2048
f 2048 2033 2049
f 2033 2029 2049
f 2048 2050 2045
f 2048 2049 2050
f 2047 2045 2051
f 2045 2050 2051
f 2047 2051 2052
f 2053 2047 2052
f 2054 2053 2052
f 2051 2055 2052
f 2051 2050 2055
f 2054 2052 2056
f 2057 2054 2056
f 2052 2055 2058
f 2056 2052 2058
f 2059 2055 2050
f 2058 2055 2059
f 2057 2056 2060
f 2057 2060 2061
f 2058 2062 2056
f 2060 2056 2062
f 2058 2063 2062
f 2063 2058 2059
f 2064 2060 2062
f 2064 2061 2060
f 2063 2065 2062
f 2064 2062 2065
f 2007 2026 2009
f 2026 2007 2010
f 2025 2026 2066
f 2026 2010 2066
f 2025 2066 2067
f 2025 2067 2024
f 2011 2066 2010
f 2066 2068 2067
f 2011 2069 2066
f 2068 2066 2070
f 2070 2066 2069
f 2011 1996 2069
f 2011 1999 1996
f 1996 2071 2069
f 2072 2070 2069
f 2072 2069 2071
f 2073 2072 2071
f 2072 2074 2070
f 2075 2072 2073
f 2074 2072 2075
f 2076 2073 2071
f 2076 2075 2073
f 2071 1996 2077
f 2071 2077 2076
f 1992 2077 1996
f 2078 2075 2076
f 2076 2077 2079
f 2078 2076 2079
f 2079 2077 2080
f 1992 2080 2077
f 2078 2079 2081
f 1992 2082 2080
f 1992 1993 2082
f 2079 2080 2083
f 2079 2083 2081
f 2084 2080 2082
f 2080 2084 2083
f 2082 1993 2085
f 2085 2084 2082
f 2078 2081 2086
f 2085 1993 2087
f 2087 1993 2088
f 2087 2088 2089
f 2090 2087 2089
f 2091 2090 2089
f 2092 2085 2087
f 2090 2092 2087
f 2093 2090 2091
f 2093 2091 2094
f 2093 2092 2090
f 2092 2095 2085
f 2093 2094 2096
f 2097 2095 2092
f 2098 2092 2093
f 2093 2096 2098
f 2096 2094 2099
f 2100 2092 2098
f 2097 2092 2100
f 2096 2101 2098
f 2102 2096 2099
f 2102 2101 2096
f 2102 2099 2103
f 2104 2102 2103
f 2104 2101 2102
f 2105 2098 2101
f 2105 2100 2098
f 2106 2101 2104
f 2107 2105 2101
f 2106 2107 2101
f 2107 2106 2108
f 2107 2109 2105
f 2104 2110 2106
f 2107 2108 2111
f 2109 2107 2111
f 2108 2106 2112
f 2112 2106 2110
f 2108 2112 2111
f 2104 2113 2110
f 2114 2110 2113
f 2114 2113 2115
f 2112 2110 2116
f 2116 2110 2114
f 2117 2111 2112
f 2116 2117 2112
f 2115 2118 2114
f 2118 2115 2119
f 2118 2119 2120
f 2114 2118 2121
f 2114 2121 2116
f 2118 2120 2122
f 2118 2122 2121
f 2122 2120 2123
f 2122 2123 2124
f 2121 2122 2124
f 2125 2126 2127
f 2128 2129 2127
f 2126 2130 2127
f 2128 2127 1905
f 2127 2130 1905
f 2131 2128 1905
f 1905 2130 2132
f 2133 2131 1905
f 2134 2131 2133
f 2135 2134 2133
f 2136 1905 2132
f 2136 2137 1905
f 1899 2133 1905
f 2135 2133 2138
f 1899 2138 2133
f 2135 2138 2139
f 2137 1910 1905
f 2139 2138 1902
f 2140 2138 1899
f 1901 1902 2138
f 1897 2138 2140
f 1897 1901 2138
f 2140 1899 1895
f 2140 1895 1897
f 384 1076 1082
f 1081 1080 390
f 1080 1078 2141
f 1080 2141 390
f 2141 1078 2142
f 1070 2142 1078
f 1081 389 1082
f 1081 390 389
f 384 1082 385
f 1082 389 385
f 2142 1070 2143
f 1070 1059 2143
f 2142 2143 2144
f 2142 2144 2141
f 2143 1059 2145
f 2143 2145 2144
f 1059 1061 2145
f 1061 2146 2145
f 1058 2146 1061
f 2145 393 2144
f 393 2145 2146
f 392 2141 2144
f 392 2144 393
f 392 390 2141
f 2147 2146 1058
f 1062 2147 1058
f 1062 1064 2147
f 2147 2148 2146
f 2146 2149 393
f 2148 2149 2146
f 396 2149 2148
f 396 393 2149
f 2147 2150 2148
f 2147 1064 2150
f 2148 2150 2151
f 396 2148 2151
f 2152 2151 2150
f 2153 2150 1064
f 2153 2152 2150
f 1024 2153 1064
f 1020 1024 1064
f 2151 369 396
f 1024 2154 2153
f 2152 2155 2151
f 2151 2155 369
f 2156 2152 2153
f 2154 2156 2153
f 2154 1024 2157
f 1024 1023 2157
f 2154 2158 2156
f 1023 2159 2157
f 2154 2157 2160
f 2159 2160 2157
f 2160 2158 2154
f 2159 1023 1039
f 2159 1039 2161
f 1039 1035 2161
f 2162 2161 1035
f 2163 2159 2161
f 2163 2161 2162
f 2159 2163 2160
f 2163 2162 2164
f 2160 2163 2165
f 2165 2158 2160
f 2165 2163 2164
f 2166 2164 2162
f 2166 2167 2164
f 2165 2164 2168
f 2168 2164 2167
f 2169 2167 2166
f 2168 2167 2169
f 2166 2170 2169
f 2168 2171 2165
f 2158 2165 2171
f 2169 2172 2168
f 2172 2171 2168
f 2169 2170 2173
f 2169 2173 2172
f 2174 2171 2172
f 2174 2172 2173
f 2171 2175 2158
f 2175 2171 2174
f 2156 2158 2175
f 2175 2176 2156
f 2175 2174 2176
f 2176 2152 2156
f 2170 2177 2173
f 2178 2177 2170
f 2174 2173 2179
f 2177 2179 2173
f 2177 2178 2180
f 2174 2179 2181
f 2174 2181 2176
f 2177 2182 2179
f 2182 2177 2180
f 2181 2179 2182
f 2183 2180 2178
f 2182 2180 2183
f 2178 2184 2183
f 2185 2181 2182
f 2183 2185 2182
f 2176 2181 2186
f 2176 2186 2152
f 2181 2185 2186
f 2152 2186 2155
f 2186 368 2155
f 2186 2185 368
f 368 369 2155
f 2183 2187 2185
f 2183 2184 2187
f 2185 2188 368
f 2185 2187 2188
f 2184 2189 2187
f 2184 2190 2189
f 2188 2187 2191
f 2191 2187 2189
f 2188 365 368
f 2188 2191 365
f 2189 2190 2192
f 2189 2192 2191
f 2192 2190 359
f 2193 2191 2192
f 2191 2193 365
f 2193 2192 359
f 2190 357 359
f 2193 360 365
f 2193 359 360
f 2194 1831 1833
f 2194 1833 2195
f 2194 2195 2196
f 1833 1835 2195
f 1835 2197 2195
f 2196 2195 2198
f 2198 2195 2197
f 1835 1836 2197
f 2199 2198 2197
f 2200 2196 2198
f 2199 2200 2198
f 2196 2200 2201
f 2202 2200 2199
f 2202 2201 2200
f 1832 1835 1833
f 2203 2204 2205
f 2205 2204 2206
f 2203 2205 2207
f 2205 2208 2207
f 2205 2209 2208
f 2205 2206 2209
f 2207 2208 2210
f 2209 2210 2208
f 2207 2210 2211
f 2209 2206 2212
f 2213 2209 2212
f 2214 2210 2209
f 2214 2209 2213
f 2210 2214 2215
f 2210 2215 2211
f 2206 2216 2212
f 2212 2216 2217
f 2213 2212 2217
f 2206 2218 2216
f 2204 2218 2206
f 2219 2211 2215
f 2218 2220 2216
f 2216 2220 2217
f 2221 2218 2204
f 2221 2204 2203
f 2218 2222 2220
f 2217 2220 2223
f 2223 2220 2222
f 2224 2222 2218
f 2217 2223 2225
f 2221 2226 2218
f 2224 2218 2226
f 2227 2226 2221
f 2203 2227 2221
f 2224 2226 2228
f 2227 2229 2226
f 2229 2228 2226
f 2228 2230 2224
f 2231 2222 2224
f 2230 2231 2224
f 2232 2222 2231
f 2223 2222 2232
f 2230 2233 2231
f 2232 2231 2233
f 2234 2230 2228
f 2234 2228 2229
f 2223 2232 2235
f 2234 2236 2230
f 2223 2235 2225
f 2237 2234 2229
f 2238 2236 2234
f 2237 2238 2234
f 2230 2239 2233
f 2236 2239 2230
f 2240 2241 2242
f 2241 2243 2242
f 2244 2240 2242
f 2241 2245 2243
f 2240 2244 2246
f 2247 2243 2245
f 2245 2248 2247
f 2249 2247 2248
f 2246 2244 2250
f 2250 2251 2246
f 2252 2251 2250
f 2253 2251 2252
f 2252 2254 2253
f 2254 2255 2253
f 2254 2256 2255
f 2257 2255 2256
f 2258 2257 2256
f 2258 2259 2257
f 2260 2261 2262
f 2262 2261 2263
f 2260 2264 2261
f 2261 2265 2263
f 2265 2261 2264
f 2266 2263 2265
f 2267 2265 2264
f 2260 2268 2264
f 2267 2264 2269
f 2264 2268 2269
f 2265 2267 2270
f 2265 2270 2266
f 2269 2271 2267
f 2272 2271 2269
f 2272 2269 2268
f 2267 2271 2273
f 2274 2271 2272
f 2274 2273 2271
f 2267 2273 2275
f 2270 2267 2275
f 2275 2273 2276
f 2277 2270 2275
f 2277 2275 2276
f 2270 2277 2278
f 2266 2270 2278
f 2276 2279 2277
f 2278 2277 2279
f 2273 2280 2276
f 2273 2274 2280
f 2276 2280 2281
f 2276 2281 2279
f 2282 2281 2280
f 2274 2283 2280
f 2283 2282 2280
f 2284 2283 2274
f 2283 2285 2282
f 2283 2284 2285
f 2286 2287 2288
f 2287 2289 2288
f 2290 2287 2286
f 2289 2291 2288
f 2290 2286 2292
f 2293 2288 2291
f 2294 2292 2286
f 2295 2293 2291
f 2295 2296 2293
f 2296 2297 2293
f 2297 2296 2298
f 2299 2298 2296
f 2299 2300 2298
f 2301 2298 2300
f 2302 2301 2300
f 2303 2301 2302
f 2304 2292 2294
f 2294 2305 2304
f 2306 2304 2305
f 2307 2306 2305
f 2308 2304 2306
f 2308 2309 2304
f 2304 2309 2310
f 2311 2308 2306
f 2312 2310 2309
f 2313 2310 2312
f 2313 2312 2314
f 2312 2315 2314
f 2314 2315 2316
f 2316 2315 2317
f 2318 2317 2315
f 2319 2317 2318
f 2320 2319 2318
f 2319 2320 2321
f 2320 2322 2321
f 2322 2323 2321
f 2324 2323 2322
f 2323 2324 2325
f 2302 2325 2324
f 2326 2302 2324
f 2326 2327 2302
f 2327 2328 2302
f 2302 2328 2303
f 2329 2328 2327
f 2330 2303 2328
f 2328 2331 2330
f 2328 2329 2331
f 2332 2330 2331
f 2333 2331 2329
f 2334 2332 2331
f 2334 2331 2333
f 2332 2334 2335
f 2329 2336 2333
f 2334 2337 2335
f 2334 2333 2337
f 2335 2337 2338
f 2337 2339 2338
f 2338 2339 2307
f 2333 2339 2337
f 2336 2340 2333
f 2333 2340 2339
f 2341 2339 2340
f 2340 2336 2342
f 2343 2340 2342
f 2336 2344 2342
f 2343 2342 2345
f 2345 2342 2344
f 2346 2339 2341
f 2346 2307 2339
f 2341 2311 2346
f 2346 2306 2307
f 2346 2311 2306
f 2344 2347 2345
f 2345 2347 2343
f 2344 2348 2347
f 2347 2349 2343
f 2348 2350 2347
f 2350 2349 2347
f 2351 2350 2348
f 2343 2349 2352
f 2350 2352 2349
f 2343 2352 2353
f 2354 2350 2351
f 1894 2354 2351
f 2355 2352 2350
f 2353 2352 2355
f 2355 2350 2354
f 1894 1893 2354
f 2355 2354 1893
f 2356 2353 2355
f 1893 2356 2355
f 2357 2353 2356
f 2358 2357 2356
f 2358 2356 2127
f 2129 2358 2127
f 1893 2127 2356
f 2127 1893 1877
f 2127 1877 1880
f 1880 2125 2127
f 2359 2360 2361
f 2361 2362 2359
f 2363 2359 2362
f 2364 2359 2363
f 2363 2365 2364
f 2366 2364 2365
f 2367 2366 2365
f 2368 2367 2365
f 2365 2369 2368
f 2370 2368 2369
f 2370 2369 2371
f 2371 2372 2370
f 2373 2372 2371
f 2374 2373 2371
f 2375 2373 2374
f 2374 2376 2375
f 2375 2376 2377
f 2377 2378 2375
f 2379 2380 2381
f 2381 2382 2379
f 2383 2384 2385
f 2386 2385 2384
f 2387 2386 2384
f 2383 2385 2388
f 2389 2386 2387
f 2390 2388 2385
f 2389 2387 2391
f 2392 2388 2390
f 2391 2393 2389
f 2390 2394 2392
f 2391 2395 2393
f 2396 2393 2395
f 2397 2396 2395
f 2392 2394 2398
f 2394 2399 2398
f 2394 2400 2399
f 2398 2399 2401
f 2400 2401 2399
f 2401 2400 2402
f 2402 2403 2401
f 1929 1928 2404
f 2404 1930 1929
f 1928 2405 2404
f 2404 2406 1930
f 2405 2406 2404
f 1930 2406 2407
f 1930 2407 2408
f 2405 2409 2406
f 2409 2407 2406
f 2408 2407 2409
f 2410 2408 2409
f 2411 2412 2408
f 2408 2410 2413
f 2414 2408 2413
f 2414 2411 2408
f 2415 2413 2410
f 2414 2413 2416
f 2415 2416 2413
f 2416 2417 2414
f 2411 2414 2417
f 2418 2416 2415
f 2419 2411 2417
f 2411 2419 2420
f 2412 2411 2420
f 2421 2420 2419
f 2422 2412 2420
f 2423 2420 2421
f 2422 2420 2423
f 2424 2422 2423
f 2423 2421 2425
f 2424 2423 2426
f 2423 2425 2427
f 2423 2428 2426
f 2427 2425 2429
f 2426 2428 2430
f 2431 2427 2429
f 2430 2432 2426
f 2433 2431 2429
f 2432 2430 2434
f 2429 2435 2433
f 2436 2432 2434
f 2435 2437 2433
f 2436 2434 2438
f 2439 2433 2437
f 2440 2436 2438
f 2439 2437 2441
f 2438 2442 2440
f 2437 2443 2441
f 2440 2442 2444
f 2443 2445 2441
f 2446 2444 2442
f 2443 2447 2445
f 2448 2444 2446
f 2447 2449 2445
f 2448 2446 2450
f 2451 2449 2447
f 2452 2448 2450
f 2453 2449 2451
f 2453 2452 2450
f 2454 2453 2451
f 2455 2452 2453
f 2453 2454 2456
f 2453 2456 2455
f 2454 2457 2456
f 2455 2456 2458
f 2457 2459 2456
f 2458 2456 2459
f 2418 2459 2457
f 2458 2459 2410
f 2415 2459 2418
f 2415 2410 2459
f 2460 2461 2462
f 2463 2464 2460
f 2460 2464 2461
f 2463 2465 2466
f 2462 2467 2468
f 2462 2461 2469
f 2462 2469 2467
f 2470 2468 2467
f 2470 2471 2468
f 2472 2471 2470
f 2470 2467 2473
f 2470 2474 2472
f 2474 2470 2473
f 2475 2473 2467
f 2469 2475 2467
f 2476 2474 2473
f 2475 2476 2473
f 2472 2474 2477
f 2476 2477 2474
f 2478 2472 2477
f 2479 2472 2478
f 2480 2477 2476
f 2479 2478 2481
f 2479 2481 2482
f 2483 2478 2477
f 2483 2477 2480
f 2483 2481 2478
f 2482 2481 2484
f 2480 2476 2485
f 2476 2475 2485
f 2480 2486 2483
f 2480 2485 2486
f 2483 2487 2481
f 2487 2484 2481
f 2488 2483 2486
f 2483 2488 2487
f 2485 2489 2486
f 2485 2475 2490
f 2490 2489 2485
f 2469 2490 2475
f 2461 2490 2469
f 2461 2491 2490
f 2489 2490 2491
f 2461 2464 2491
f 2492 2486 2489
f 2488 2486 2492
f 2491 2493 2489
f 2488 2492 2494
f 2488 2494 2487
f 2495 2492 2489
f 2495 2489 2493
f 2496 2491 2464
f 2496 2493 2491
f 2497 2496 2464
f 2498 2493 2496
f 2498 2496 2497
f 2499 2497 2464
f 2463 2499 2464
f 2466 2499 2463
f 2499 2500 2497
f 2466 2500 2499
f 2501 2498 2497
f 2501 2497 2500
f 2502 2493 2498
f 2501 2502 2498
f 2503 2504 2505
f 2504 2503 2506
f 2506 2507 2504
f 2504 2508 2505
f 2505 2508 2509
f 2509 2508 2510
f 2507 2511 2504
f 2512 2511 2507
f 2512 2513 2511
f 2510 2508 2514
f 2513 2514 2511
f 2515 2514 2508
f 2515 2516 2514
f 2517 2515 2508
f 2514 2516 2518
f 2518 2519 2514
f 2519 2520 2514
f 2520 2521 2514
f 2521 2511 2514
f 2521 2522 2511
f 2523 2511 2522
f 2523 2524 2511
f 2525 2511 2524
f 2526 2511 2525
f 2525 2527 2526
f 2526 2504 2511
f 2526 2528 2504
f 2529 2504 2528
f 2529 2530 2504
f 2530 2508 2504
f 2531 2529 2528
f 2530 2529 2531
f 2532 2508 2530
f 2533 2508 2532
f 2534 2533 2532
f 2532 2535 2534
f 2536 2534 2535
f 2532 2530 2537
f 2537 2530 2531
f 2538 2532 2537
f 2537 2531 2539
f 2538 2537 2539
f 2540 2539 2531
f 2540 2531 2541
f 2528 2541 2531
f 2542 2543 2544
f 2545 2546 2542
f 2542 2546 2543
f 2547 2545 2059
f 2545 2547 2546
f 2548 2547 2059
f 2548 2059 2050
f 2549 2543 2546
f 2550 2546 2547
f 2550 2549 2546
f 2543 2549 2551
f 2550 2551 2549
f 2552 2543 2551
f 2550 2547 2553
f 2548 2553 2547
f 2554 2551 2550
f 2550 2553 2554
f 2555 2552 2551
f 2554 2555 2551
f 2552 2555 2556
f 2557 2553 2548
f 2554 2553 2557
f 2558 2555 2554
f 2558 2556 2555
f 2050 2559 2548
f 2548 2559 2557
f 2559 2050 2049
f 2559 2049 2560
f 2049 2029 2560
f 2561 2559 2560
f 2557 2559 2561
f 2027 2560 2029
f 2560 2562 2561
f 2557 2561 2562
f 2560 2027 2562
f 2563 2557 2562
f 2027 2563 2562
f 2564 2565 2566
f 2566 2565 2567
f 2565 2568 2567
f 2569 2567 2568
f 2569 2568 2570
f 2571 2569 2570
f 2572 2571 2570
f 2573 2571 2572
f 2574 2573 2572
f 2573 2574 2575
f 2575 2576 2573
f 2575 2577 2576
f 2578 2576 2577
f 2577 2579 2578
f 2578 2579 2580
f 2581 2580 2579
f 2582 2580 2581
f 2581 2579 2583
f 2584 2583 2579
f 2584 2579 2585
f 2586 2581 2583
f 2587 2584 2585
f 2585 2588 2587
f 2587 2588 2589
f 2589 2588 2590
f 2591 2589 2590
f 2590 2592 2591
f 2591 2592 2593
f 2593 2592 2594
f 2593 2594 2595
f 2596 2595 2594
f 2597 2595 2596
f 2598 2597 2596
f 2597 2598 2599
f 2599 2598 2564
f 2600 2599 2564
f 2564 2601 2600
f 2600 2601 2602
f 2564 2603 2601
f 2603 2564 2566
f 2603 2604 2601
f 2602 2601 2605
f 2601 2604 2605
f 2602 2605 2606
f 2605 2604 2607
f 2605 2607 2606
f 2608 2607 2604
f 2607 2608 2609
f 2608 2610 2609
f 2606 2607 2611
f 2609 2610 2612
f 2582 2612 2610
f 2612 2582 2581
f 2612 2581 2586
f 2609 2612 2613
f 2613 2612 2586
f 2613 2607 2609
f 2586 2614 2613
f 2613 2614 2607
f 2607 2614 2611
f 2614 2615 2611
f 2616 2611 2615
f 1903 2615 2614
f 2616 2615 2617
f 1903 2617 2615
f 2616 2617 1900
f 2617 1903 1901
f 2617 1901 1900
f 2618 2619 2620
f 2621 2619 2618
f 2284 2622 2623
f 2274 2622 2284
f 2274 2272 2622
f 2624 2623 2622
f 2624 2625 2623
f 2272 2626 2622
f 2624 2622 2626
f 2268 2626 2272
f 2627 2625 2624
f 2627 2628 2625
f 2624 2626 2629
f 2624 2629 2627
f 2268 2630 2626
f 2630 2629 2626
f 2627 2631 2628
f 2620 2628 2631
f 2627 2629 2632
f 2627 2632 2631
f 2630 2633 2629
f 2633 2632 2629
f 2268 2634 2630
f 2634 2633 2630
f 2635 2634 2268
f 2260 2635 2268
f 2633 2634 2636
f 2260 2637 2635
f 2633 2638 2632
f 2633 2636 2638
f 2262 2637 2260
f 2635 2639 2634
f 2639 2636 2634
f 2640 2635 2637
f 2640 2639 2635
f 2641 2640 2637
f 2641 2637 2262
f 2642 2639 2640
f 2642 2640 2641
f 2639 2643 2636
f 2642 2643 2639
f 2642 2641 2644
f 2643 2642 2645
f 2642 2644 2645
f 2641 2646 2644
f 2645 2644 2646
f 2262 2647 2641
f 2647 2646 2641
f 2262 2648 2647
f 2649 2646 2647
f 2648 2649 2647
f 2650 2645 2646
f 2651 2643 2645
f 2650 2651 2645
f 2646 2652 2650
f 2646 2649 2652
f 2650 2652 2653
f 2654 2652 2649
f 2653 2652 2654
f 2655 2654 2649
f 2650 2653 2656
f 2650 2656 2651
f 2657 2653 2654
f 2658 2655 2649
f 2658 2649 2648
f 2654 2655 2659
f 2657 2654 2659
f 2660 2658 2648
f 2658 2661 2655
f 2660 2661 2658
f 2659 2655 2662
f 2661 2662 2655
f 2663 2660 2648
f 2663 2661 2660
f 2664 2665 2666
f 2667 2666 2665
f 2668 2664 2666
f 2669 2667 2665
f 2664 2668 2670
f 2671 2669 2665
f 2668 2672 2670
f 2673 2669 2671
f 2672 2674 2670
f 2673 2675 2669
f 2676 2674 2672
f 2677 2675 2673
f 2678 2674 2676
f 2675 2677 2679
f 2676 2680 2678
f 2681 2679 2677
f 2678 2680 2682
f 2683 2679 2681
f 2684 2682 2680
f 2683 2684 2680
f 2684 2683 2681
f 2685 2686 2687
f 2687 2686 2688
f 2688 2686 2689
f 2689 2690 2688
f 2689 2691 2690
f 2690 2691 2692
f 2691 2693 2692
f 2687 2694 2685
f 2685 2694 2695
f 2687 2696 2694
f 2696 2695 2694
f 2697 2695 2696
f 2696 2698 2697
f 2697 2698 2699
f 2699 2700 2697
f 2701 2700 2699
f 2699 2702 2701
f 2700 2701 2703
f 2701 2702 2704
f 2704 2703 2701
f 2705 2703 2704
f 2706 2705 2704
f 2706 2707 2705
f 2708 2707 2706
f 2709 2710 2711
f 2710 2712 2711
f 2713 2711 2712
f 2712 2714 2713
f 2715 2713 2714
f 2714 2716 2715
f 2715 2716 2717
f 2718 2717 2716
f 2719 2718 2716
f 2720 2717 2718
f 2718 2719 2720
f 2720 2719 2721
f 2721 2722 2720
f 2721 2723 2722
f 2722 2723 2724
f 2725 2724 2723
f 2723 2726 2725
f 2726 2724 2725
f 2724 2726 2727
f 2726 2728 2727
f 2728 2729 2727
f 2727 2729 2730
f 2728 2731 2729
f 2731 2730 2729
f 2732 2730 2731
f 2733 2732 2731
f 2734 844 2735
f 2734 841 844
f 2736 841 2734
f 844 866 2735
f 2737 2736 2734
f 2734 2735 2737
f 2736 2737 911
f 911 2737 913
f 2737 2738 913
f 2737 2735 2738
f 913 2738 914
f 866 2739 2735
f 2738 2735 2739
f 2739 914 2738
f 866 868 2739
f 2739 868 914
f 2740 2741 2742
f 2741 2743 2742
f 2744 2741 2740
f 2743 2745 2742
f 2746 2744 2740
f 2747 2745 2743
f 2748 2744 2746
f 2745 2747 2749
f 2750 2748 2746
f 2747 2751 2749
f 2752 2750 2746
f 2753 2751 2747
f 2754 2750 2752
f 2755 2751 2753
f 2756 2754 2752
f 2753 2757 2755
f 2758 2754 2756
f 2755 2757 2759
f 2758 2759 2757
f 2760 2759 2758
f 2758 2756 2760
f 2761 2762 2763
f 2764 2765 2762
f 2765 2766 2762
f 2767 2762 2766
f 2768 2763 2769
f 2763 2770 2769
f 2770 2763 2771
f 2772 2762 2767
f 2773 2774 2772
f 2775 2776 2774
f 2776 2772 2774
f 2777 2763 2762
f 2762 2778 2777
f 2763 2777 2779
f 2778 2762 2780
f 2762 2772 2780
f 2781 2780 2772
f 2779 2782 2763
f 2772 2783 2781
f 2763 2782 2784
f 2772 2784 2783
f 2776 2784 2772
f 2771 2763 2784
f 2783 2784 2785
f 2786 2771 2784
f 2786 2784 2787
f 2788 2785 2784
f 2788 2784 2782
f 2789 2787 2784
f 2790 2791 2792
f 2790 2793 2791
f 2794 2791 2793
f 2794 2795 2791
f 2795 2796 2791
f 2797 2798 2796
f 2798 2799 2796
f 2800 2796 2799
f 2800 2801 2796
f 2802 2796 2801
f 2803 2802 2801
f 2803 2804 2802
f 2805 2802 2804
f 2805 2806 2802
f 2807 2802 2806
f 2796 2802 2808
f 2808 2809 2796
f 2802 2810 2808
f 2809 2811 2796
f 2812 2810 2802
f 2811 2791 2796
f 2811 2813 2791
f 2814 2791 2813
f 2802 2807 2815
f 2802 2815 2812
f 2814 2815 2791
f 2816 2815 2814
f 2812 2815 2816
f 2791 2815 2792
f 2817 2792 2815
f 2818 2819 2815
f 2819 2817 2815
f 2820 1889 1888
f 1889 2820 2821
f 2822 1888 2823
f 2820 1888 2824
f 2824 1888 2822
f 2824 2822 2825
f 2822 2823 2826
f 2822 2826 2825
f 2823 2827 2826
f 2828 2824 2825
f 2825 2826 2829
f 2824 2828 2820
f 2828 2830 2820
f 2820 2831 2821
f 2820 2830 2831
f 2831 2832 2821
f 2831 2830 2832
f 2833 2821 2832
f 2832 2830 2834
f 2835 2833 2832
f 2835 2832 2834
f 2836 2833 2835
f 2835 2834 2837
f 2835 2838 2836
f 2835 2837 2839
f 2838 2840 2836
f 2839 2837 2841
f 2840 2838 2842
f 2843 2839 2841
f 2840 2842 2844
f 2841 2845 2843
f 2842 2846 2844
f 2847 2843 2845
f 2848 2844 2846
f 2847 2845 2849
f 2850 2848 2846
f 2851 2847 2849
f 2852 2848 2850
f 2853 2851 2849
f 2852 2850 2854
f 2855 2853 2849
f 2856 2852 2854
f 2857 2853 2855
f 2858 2856 2854
f 2857 2855 2859
f 2858 2860 2856
f 2855 2861 2859
f 2856 2860 2862
f 2863 2859 2861
f 2864 2862 2860
f 2861 2865 2863
f 2862 2864 2866
f 2867 2865 2861
f 2868 2862 2866
f 2869 2865 2867
f 2870 2868 2866
f 2871 2868 2870
f 2869 2867 2872
f 2870 2872 2871
f 2872 2867 2873
f 2874 2871 2872
f 2874 2872 2873
f 2871 2874 2827
f 2873 2829 2874
f 2827 2874 2826
f 2874 2829 2826
f 2875 2876 2877
f 2876 2878 2879
f 2879 2877 2876
f 2880 2881 2878
f 2878 2881 2879
f 2882 2881 2880
f 2882 2880 2883
f 2883 2880 2884
f 2885 2881 2882
f 2882 2883 2886
f 2882 2886 2885
f 2887 2883 2884
f 2887 2884 2888
f 2886 2883 2889
f 2887 2889 2883
f 2890 2886 2889
f 2890 2885 2886
f 2891 2887 2888
f 2887 2892 2889
f 2891 2892 2887
f 2893 2891 2888
f 2894 2889 2892
f 2890 2889 2894
f 2893 2895 2891
f 2893 2896 2895
f 2895 2896 2897
f 2894 2892 2898
f 2890 2894 2899
f 2894 2898 2899
f 2890 2899 2900
f 2901 2895 2897
f 2902 2901 2897
f 2903 2902 2897
f 2903 2897 2904
f 2905 2903 2904
f 2903 2906 2902
f 2903 2905 2906
f 2902 2906 2901
f 2905 2907 2906
f 2906 2907 2908
f 2901 2906 2908
f 2909 2908 2907
f 2908 2909 2910
f 2909 2911 2910
f 2908 2910 2912
f 2911 2912 2910
f 2912 2901 2908
f 2911 2913 2912
f 2901 2912 2914
f 2915 2913 2911
f 2916 2915 2911
f 2917 2912 2913
f 2912 2917 2914
f 2915 2917 2913
f 2895 2901 2914
f 2891 2895 2914
f 2891 2914 2918
f 2918 2914 2917
f 2918 2892 2891
f 2919 2892 2918
f 2898 2892 2919
f 2917 2920 2918
f 2919 2918 2920
f 2921 2898 2919
f 2921 2919 2920
f 2922 2920 2917
f 2922 2917 2915
f 2922 2921 2920
f 2923 2922 2915
f 2923 2915 2916
f 2916 2924 2923
f 2922 2923 2925
f 2925 2923 2924
f 2925 2921 2922
f 2924 2926 2925
f 2926 2927 2925
f 2925 2927 2921
f 2928 2927 2926
f 2929 2921 2927
f 2929 2898 2921
f 2928 2929 2927
f 2929 2930 2898
f 2929 2928 2930
f 2899 2898 2930
f 2930 2900 2899
f 2930 2928 2931
f 2931 2900 2930
f 2932 2931 2928
f 2932 2933 2931
f 2932 2934 2933
f 2934 2935 2933
f 2936 2935 2934
f 2937 2936 2934
f 2938 2933 2935
f 2938 2935 2936
f 2937 2939 2936
f 2940 2933 2938
f 2931 2933 2940
f 2940 2938 2941
f 2940 2942 2931
f 2940 2941 2942
f 2931 2942 2943
f 2931 2943 2900
f 2944 2943 2942
f 2944 2942 2941
f 2900 2943 2945
f 2900 2945 2890
f 2885 2890 2945
f 2946 2945 2943
f 2946 2943 2944
f 2947 2885 2945
f 2945 2946 2947
f 2947 2948 2885
f 2948 2881 2885
f 2948 2879 2881
f 2947 2949 2948
f 2947 2946 2949
f 2948 2950 2879
f 2948 2949 2950
f 2879 2950 2877
f 2951 2949 2946
f 2952 2950 2949
f 2952 2949 2951
f 2951 2946 2953
f 2944 2953 2946
f 2951 2954 2952
f 2955 2951 2953
f 2955 2954 2951
f 2953 2944 2956
f 2955 2953 2956
f 2956 2944 2957
f 2944 2941 2957
f 2955 2956 2958
f 2956 2957 2958
f 2959 2954 2955
f 2960 2952 2954
f 2959 2960 2954
f 2960 2961 2952
f 2950 2952 2961
f 2960 2959 2962
f 2955 2963 2959
f 2955 2958 2963
f 2963 2962 2959
f 2964 2960 2962
f 2961 2960 2964
f 2965 2950 2961
f 2877 2950 2965
f 2877 2965 2966
f 2877 2966 2875
f 2965 2961 2967
f 2966 2965 2967
f 2968 2961 2964
f 2967 2961 2968
f 2875 2966 2969
f 2969 2970 2875
f 2971 2969 2966
f 2971 2966 2967
f 2972 2970 2969
f 2972 2973 2970
f 2971 2974 2969
f 2972 2969 2974
f 2971 2967 2975
f 2971 2975 2974
f 2976 2973 2972
f 2972 2974 2977
f 2972 2977 2976
f 2976 2978 2973
f 2978 2976 2977
f 2979 2974 2975
f 2979 2977 2974
f 2979 2975 2980
f 2975 2967 2980
f 2978 2977 2981
f 2981 2977 2979
f 2982 2983 2984
f 2985 2983 2986
f 2987 2986 2988
f 2987 2985 2986
f 2989 2983 2985
f 2984 2983 2989
f 2985 2987 2990
f 2982 2984 2991
f 2982 2991 2992
f 2989 2985 2993
f 2993 2985 2990
f 2994 2984 2989
f 2994 2989 2993
f 2992 2991 2995
f 2984 2996 2991
f 2994 2996 2984
f 2991 2996 2995
f 2997 2994 2993
f 2994 2998 2996
f 2994 2997 2998
f 2999 2995 2996
f 2999 2996 2998
f 3000 2995 2999
f 3001 2999 2998
f 3000 2999 3001
f 3002 3001 2998
f 3002 2998 2997
f 3003 3000 3001
f 3002 3003 3001
f 2995 3000 3004
f 2995 3004 3005
f 3006 3005 3004
f 3000 3007 3004
f 3000 3003 3007
f 3008 3006 3004
f 3007 3008 3004
f 3009 3008 3007
f 3010 3003 3002
f 3007 3003 3011
f 3010 3011 3003
f 3012 3007 3011
f 3009 3007 3012
f 3012 3011 3013
f 3009 3012 3014
f 3013 3014 3012
f 3013 3011 3015
f 3010 3015 3011
f 3016 3017 3018
f 3016 3019 3017
f 3018 3017 3020
f 3021 3017 3019
f 3022 3021 3019
f 3023 3021 3022
f 3022 3024 3023
f 3024 3025 3023
f 3026 3018 3020
f 3027 3025 3024
f 3026 3028 3018
f 3029 3028 3026
f 3030 3018 3028
f 3029 3031 3028
f 3028 3032 3030
f 3029 3033 3031
f 3034 3030 3032
f 3035 3031 3033
f 3036 3035 3033
f 3030 3034 3037
f 3038 3037 3034
f 3037 3038 3039
f 3033 3040 3036
f 3041 3037 3039
f 3037 3041 3042
f 3041 3043 3042
f 3040 3044 3036
f 3041 3044 3043
f 3045 3036 3044
f 3045 3044 3041
f 3044 3040 3046
f 3040 3047 3046
f 3043 3044 3048
f 3046 3048 3044
f 3043 3048 3049
f 3050 3046 3047
f 3047 3051 3050
f 275 3043 3049
f 3046 3052 3048
f 3050 3052 3046
f 3053 3049 3048
f 3052 3053 3048
f 3050 3054 3052
f 3051 3054 3050
f 3052 3055 3053
f 3054 3055 3052
f 3056 3054 3051
f 3056 3055 3054
f 3051 3057 3056
f 3057 3058 3056
f 3049 3053 281
f 3049 281 275
f 3055 286 3053
f 3053 286 281
f 3056 3058 3059
f 3060 3059 3058
f 3061 3060 3058
f 3062 3060 3061
f 3061 3063 3062
f 3061 3064 3063
f 3065 3059 3060
f 3056 3059 3065
f 3063 3064 3066
f 3064 3067 3066
f 287 3055 3056
f 3055 287 286
f 3056 3065 287
f 3067 3027 3066
f 3067 3025 3027
f 3027 3068 3066
f 3069 3068 3065
f 3070 3066 3068
f 3071 3070 3068
f 3072 3070 3071
f 3071 3073 3072
f 3074 3073 3071
f 3068 3075 3065
f 3027 3076 3068
f 3068 3076 3075
f 3075 3076 3077
f 3078 3077 3076
f 285 3065 3075
f 285 287 3065
f 285 3075 3079
f 3080 3076 3027
f 285 3079 3081
f 3082 3081 3079
f 3082 3079 3083
f 3084 3083 3079
f 3083 3084 3085
f 3084 3080 3085
f 3086 3083 3085
f 3087 3086 3085
f 3085 3088 3087
f 3027 3089 3080
f 3089 3090 3091
f 3091 3092 3089
f 3089 3092 3080
f 3093 3092 3091
f 3094 3095 3092
f 3080 3096 3085
f 3097 3096 3080
f 3097 3080 3098
f 3092 3098 3080
f 3092 3099 3098
f 3099 3092 3100
f 3088 3085 3101
f 3088 3100 3092
f 3095 3088 3092
f 3088 3102 3100
f 3102 3088 3101
f 3103 3088 3095
f 3104 3088 3103
f 3088 3104 3105
f 3105 3106 3088
f 3107 3108 3109
f 3110 3111 3112
f 3111 3110 3113
f 3112 3111 3114
f 3108 3115 3109
f 3116 3115 3108
f 3107 3109 3117
f 3113 3118 3111
f 3109 3115 3119
f 3111 3118 3120
f 3114 3111 3120
f 3113 3121 3118
f 3119 3122 3109
f 3117 3109 3122
f 3123 3122 3119
f 3124 3122 3123
f 3123 3119 3125
f 3124 3126 3122
f 3126 3117 3122
f 3125 3119 3127
f 3127 3119 3115
f 3126 3128 3117
f 3127 3129 3125
f 3121 3128 3126
f 3126 3130 3121
f 3131 3117 3128
f 3131 3128 3121
f 3107 3117 3131
f 3107 3131 3113
f 3131 3132 3113
f 3121 3132 3131
f 3121 3113 3132
f 3130 3133 3121
f 3133 3134 3121
f 3121 3134 3118
f 3135 3134 3133
f 3134 3136 3118
f 3135 3136 3134
f 3135 3137 3136
f 3136 3120 3118
f 3136 3137 3138
f 3138 3120 3136
f 3137 3139 3138
f 3140 3139 3137
f 3141 3120 3138
f 3141 3138 3139
f 3142 3143 3144
f 3145 3146 3147
f 3148 3149 3147
f 3145 3147 3150
f 3151 3147 3149
f 3151 3150 3147
f 3152 3145 3150
f 3151 3149 3153
f 3152 3150 3154
f 3155 3152 3154
f 3151 3156 3150
f 3153 3156 3151
f 3156 3154 3150
f 3155 3154 3157
f 3156 3157 3154
f 3158 3157 3156
f 3159 3155 3157
f 3158 3159 3157
f 3160 3155 3159
f 3161 3160 3159
f 3161 3159 3158
f 3160 3161 3162
f 3161 3163 3162
f 3158 3163 3161
f 3156 3164 3158
f 3164 3156 3153
f 3158 3164 3163
f 3165 3166 3167
f 3168 3165 3167
f 3166 3169 3170
f 3167 3166 3170
f 3167 3171 3168
f 3168 3171 3172
f 3170 3173 3167
f 3167 3173 3171
f 3174 3171 3173
f 3172 3171 3174
f 3170 3175 3173
f 3176 3170 3169
f 3170 3176 3175
f 3177 3176 3169
f 3177 3169 3178
f 3179 3173 3175
f 3173 3179 3174
f 3175 3176 3180
f 3177 3181 3176
f 3180 3176 3181
f 2113 3182 2115
f 3183 3182 2113
f 2104 3183 2113
f 3184 3182 3183
f 2103 3183 2104
f 3184 3183 2103
f 3184 3185 3182
f 2103 3186 3184
f 3187 3185 3184
f 3187 3184 3186
f 2103 2099 3186
f 3187 3188 3185
f 3185 3189 3182
f 3190 3187 3186
f 3189 3185 3191
f 3191 3185 3188
f 3182 3189 3192
f 2115 3182 3192
f 3189 3191 3193
f 3189 3193 3192
f 3194 3191 3188
f 3191 3194 3195
f 3191 3195 3193
f 3194 3188 3196
f 3197 3193 3195
f 3193 3197 3198
f 3193 3198 3192
f 3192 3198 2119
f 2115 3192 2119
f 3199 3196 3188
f 3188 3187 3199
f 3199 3200 3196
f 3190 3199 3187
f 3200 3199 3201
f 3190 3201 3199
f 3202 3200 3201
f 3202 3201 3203
f 3201 3190 3204
f 3204 3203 3201
f 3204 3190 3205
f 3190 3186 3205
f 3203 3204 3206
f 3186 2099 3205
f 3203 3206 3207
f 3204 3208 3206
f 3204 3205 3208
f 3207 3206 3209
f 3207 3209 3210
f 3211 3206 3208
f 3209 3206 3211
f 3205 2094 3208
f 2094 3205 2099
f 2091 3211 3208
f 2091 3208 2094
f 3212 3210 3209
f 3211 3213 3209
f 2091 2089 3211
f 3211 2089 3213
f 3212 3209 3214
f 3209 3213 3214
f 3212 3214 3215
f 3215 3214 3216
f 3215 3216 3217
f 3218 3214 3213
f 3216 3214 3218
f 3213 2089 2088
f 2088 3218 3213
f 3219 3217 3216
f 3219 3220 3217
f 3218 3219 3216
f 1983 3220 3219
f 1983 3219 3218
f 2088 3221 3218
f 1983 3218 3221
f 3221 2088 1993
f 1983 3221 1984
f 1984 3221 1987
f 1987 3221 1993
f 3222 3223 3224
f 3225 3224 3226
f 3222 3224 3227
f 3225 3227 3224
f 3228 3225 3226
f 3228 3226 3229
f 3227 3225 3230
f 3228 3230 3225
f 3228 3229 3231
f 3230 3228 3231
f 3232 3222 3227
f 3233 3227 3230
f 3232 3227 3233
f 3232 3234 3222
f 3222 3234 3235
f 3236 3235 3234
f 3234 3232 3237
f 3232 3233 3237
f 3236 3234 3238
f 3234 3237 3238
f 3239 3237 3233
f 3239 2621 3237
f 3237 2621 3238
f 3239 3233 3240
f 3240 3233 3230
f 3239 3240 3241
f 3239 3241 2621
f 3240 3230 3242
f 3242 3230 3231
f 3241 3240 3243
f 3240 3242 3243
f 2621 3241 2619
f 3244 3242 3231
f 3244 3231 2284
f 3245 3243 3242
f 3245 3242 3244
f 3246 3241 3243
f 3245 3246 3243
f 3246 2619 3241
f 3245 3244 2625
f 3246 3245 2628
f 3245 2625 2628
f 2623 2625 3244
f 2284 2623 3244
f 3246 2620 2619
f 2620 3246 2628
f 3247 3248 3249
f 3249 3248 3250
f 3249 3251 3247
f 3250 3252 3249
f 3247 3251 3253
f 3252 3250 3254
f 3253 3255 3247
f 3254 3256 3252
f 3255 3253 3257
f 3254 3258 3256
f 3257 3253 3259
f 3256 3258 3260
f 3257 3259 3261
f 3260 3258 3262
f 3261 3263 3257
f 3262 3264 3260
f 3265 3263 3261
f 3262 3266 3264
f 3263 3265 3267
f 3262 3268 3266
f 3269 3267 3265
f 3266 3268 3270
f 3265 3271 3269
f 3270 3272 3266
f 3269 3271 476
f 3272 3270 3273
f 476 3274 3269
f 3273 3275 3272
f 3275 3273 3276
f 3276 3277 3275
f 3274 476 484
f 3277 3276 3278
f 3278 3279 3277
f 3280 3274 484
f 507 3274 3280
f 3280 484 485
f 507 3280 495
f 495 3280 485
f 3279 3278 3281
f 3278 3282 3281
f 3283 3282 3278
f 3279 3281 3284
f 3285 3279 3284
f 821 828 3286
f 3286 828 3287
f 828 833 3287
f 3286 3287 3288
f 3289 3287 833
f 3289 3288 3287
f 3290 3286 3288
f 3289 833 834
f 3290 817 3286
f 821 3286 817
f 3290 3288 3291
f 3292 3290 3291
f 3289 3293 3288
f 3291 3288 3293
f 3291 3294 3292
f 3295 3292 3294
f 3294 3291 3296
f 3291 3293 3296
f 3289 838 3293
f 3289 834 838
f 3293 3297 3296
f 3297 3293 841
f 3293 838 841
f 3297 3298 3296
f 3297 841 3298
f 3299 3296 3298
f 3299 3298 2736
f 3298 841 2736
f 3299 3300 3296
f 3299 911 3300
f 3299 2736 911
f 3300 3301 3296
f 3296 3301 3294
f 3300 907 3301
f 3300 911 907
f 3301 3302 3294
f 3302 3295 3294
f 3301 907 903
f 903 3302 3301
f 3303 3304 3305
f 3305 3304 3306
f 3305 3307 3303
f 3306 3308 3305
f 3303 3307 3309
f 3308 3306 3310
f 3309 3311 3303
f 3310 3312 3308
f 3311 3309 3313
f 3310 3314 3312
f 3313 3309 3315
f 3312 3314 3316
f 3313 3315 3317
f 3316 3314 3318
f 3317 3319 3313
f 3318 3320 3316
f 3321 3319 3317
f 3318 3322 3320
f 3319 3321 3323
f 3318 3324 3322
f 3325 3323 3321
f 3322 3324 3326
f 3321 3327 3325
f 3326 3328 3322
f 3325 3327 3329
f 3328 3326 3330
f 3329 3331 3325
f 3330 3332 3328
f 3332 3330 3333
f 3333 3334 3332
f 3331 3329 3335
f 3334 3333 3336
f 3336 3337 3334
f 3338 3331 3335
f 3339 3331 3338
f 3338 3335 3340
f 3339 3338 3341
f 3341 3338 3340
f 3337 3336 3342
f 3336 3343 3342
f 3344 3343 3336
f 3337 3342 3345
f 3346 3337 3345
f 3347 3348 3349
f 3350 3347 3349
f 3348 3351 3349
f 3347 3350 3352
f 3352 3350 3353
f 3352 3353 3354
f 3355 3354 3353
f 3356 3355 3353
f 3357 3355 3356
f 3356 3358 3357
f 3357 3358 3359
f 3360 3359 3358
f 3361 3359 3360
f 3362 3361 3360
f 3363 3361 3362
f 3363 3362 3364
f 3365 3364 3362
f 3366 3364 3365
f 3366 3365 3367
f 3365 3368 3367
f 3369 3367 3368
f 3370 3369 3368
f 3371 3367 3369
f 3371 3372 3367
f 3373 3367 3372
f 3371 3369 3374
f 3373 3372 3375
f 3376 3375 3372
f 3377 3375 3376
f 3377 3376 3378
f 3376 3379 3378
f 3378 3379 3380
f 3379 3381 3380
f 3381 3382 3380
f 3383 3382 3381
f 3384 3382 3383
f 3383 3385 3384
f 3385 3386 3384
f 3387 3386 3385
f 3388 3386 3387
f 3389 3388 3387
f 3347 3388 3389
f 3389 3390 3347
f 3390 3348 3347
f 3390 3391 3348
f 3392 3348 3391
f 3392 3351 3348
f 3391 3393 3392
f 3392 3393 3351
f 3394 3351 3393
f 3393 3391 2201
f 3395 3394 3393
f 3395 3393 2201
f 3396 3394 3395
f 3397 3395 2201
f 3397 3396 3395
f 3398 3397 2201
f 3398 2201 2202
f 3399 3398 2202
f 3400 3397 3398
f 3400 3396 3397
f 3400 3398 3399
f 3401 3396 3400
f 3399 3402 3400
f 3401 3400 3402
f 3399 3374 3402
f 3402 3370 3401
f 3402 3374 3369
f 3402 3369 3370
f 3403 3404 3153
f 3149 3405 3403
f 3149 3403 3153
f 3405 3406 3403
f 3405 3149 3148
f 3405 3148 3406
f 3406 3407 3403
f 3407 3408 3403
f 3407 3409 3408
f 3406 3410 3407
f 3409 3407 3411
f 3411 3407 3410
f 3411 3412 3409
f 3410 3406 3413
f 3406 3148 3413
f 3146 3413 3148
f 3414 3413 3146
f 3415 3413 3414
f 3410 3413 3415
f 3142 3415 3414
f 3148 3147 3146
f 3144 3415 3142
f 3144 3410 3415
f 3416 3417 3418
f 3418 1630 3416
f 1636 3416 1630
f 3418 3419 1630
f 1630 3419 1506
f 3419 1371 1506
f 1371 3419 1366
f 3420 1366 3419
f 3420 3419 3418
f 1358 1366 3420
f 3421 3420 3418
f 3421 1358 3420
f 3421 3418 3417
f 1353 1358 3421
f 3421 1354 1353
f 1354 3421 3422
f 3417 3422 3421
f 3422 3423 1354
f 3423 3422 3424
f 3423 3424 3425
f 3417 3426 3422
f 3424 3422 3426
f 3427 3425 3424
f 3424 3428 3427
f 3429 3427 3428
f 3429 3428 3430
f 3431 3428 3424
f 3428 3431 3430
f 3431 3424 3426
f 3417 3432 3426
f 3431 3433 3430
f 3433 3434 3430
f 3416 3432 3417
f 3431 3435 3433
f 3426 3435 3431
f 3433 3436 3434
f 3433 3435 3436
f 3437 3434 3436
f 3437 1659 3434
f 1645 1659 3437
f 3436 3438 3437
f 1645 3437 3438
f 3439 3436 3435
f 3439 3438 3436
f 3426 3440 3435
f 3439 3435 3440
f 3426 3432 3440
f 3440 3441 3439
f 3438 3442 1645
f 1645 3442 1644
f 3439 3443 3438
f 3441 3443 3439
f 3442 3438 3443
f 3444 3441 3440
f 3444 3443 3441
f 3440 3432 3444
f 3445 3443 3444
f 3442 3443 3445
f 3445 3444 3432
f 1644 3442 3446
f 3445 3446 3442
f 1635 1644 3446
f 3447 1635 3446
f 3447 3446 3445
f 3447 1631 1635
f 1636 3445 3432
f 3447 3445 1636
f 3447 1636 1631
f 3416 1636 3432
f 1980 3448 1979
f 1980 1981 3449
f 1980 3449 3448
f 1982 1979 3450
f 3448 3450 1979
f 1982 3451 1942
f 1982 3450 3451
f 3452 3450 3448
f 3450 3453 3451
f 3453 3450 3452
f 3454 1942 3451
f 3455 3452 3448
f 3455 3453 3452
f 3456 3454 3451
f 3453 3456 3451
f 3457 1942 3454
f 1943 1942 3457
f 3458 3454 3456
f 3458 3457 3454
f 3456 3453 3459
f 3460 3458 3456
f 3456 3459 3460
f 3453 3461 3459
f 3461 3460 3459
f 3461 3453 3462
f 3453 3455 3462
f 1943 3457 1945
f 3461 3462 3463
f 3464 3461 3463
f 3461 3464 3460
f 3462 3465 3463
f 3455 3466 3462
f 3466 3465 3462
f 3466 3455 3467
f 3455 3448 3467
f 3466 3467 3468
f 3466 3468 3465
f 3467 3448 3469
f 3449 3469 3448
f 3467 3469 3470
f 3468 3467 3470
f 3471 3469 3449
f 3469 3471 3470
f 3449 1981 3471
f 1981 3472 3471
f 1981 1976 3472
f 3473 3470 3471
f 3473 3471 3472
f 3474 3472 1976
f 3473 3472 3474
f 3475 3470 3473
f 3468 3470 3475
f 3476 3475 3473
f 3476 3468 3475
f 3476 3473 3477
f 3477 3473 3474
f 3476 3478 3468
f 3476 3477 3478
f 3478 3479 3468
f 3474 1976 1968
f 3478 3477 3480
f 3480 3479 3478
f 3468 3479 3481
f 3468 3481 3465
f 3480 3482 3479
f 3481 3479 3483
f 3482 3483 3479
f 3484 3465 3481
f 3484 3481 3483
f 3485 3483 3482
f 3486 3484 3483
f 3486 3483 3485
f 3484 3487 3465
f 3465 3487 3488
f 3463 3465 3488
f 3484 3489 3487
f 3486 3489 3484
f 3464 3463 3488
f 3487 3489 3490
f 3490 3488 3487
f 3489 3486 3491
f 3489 3491 3492
f 3490 3489 3492
f 3486 3493 3491
f 3493 3492 3491
f 3494 3486 3485
f 3494 3485 3482
f 3486 3495 3493
f 3486 3494 3495
f 3496 3497 3498
f 3499 3496 3498
f 3500 3499 3498
f 3501 3498 3497
f 3501 3500 3498
f 3500 3502 3499
f 3496 3499 3503
f 3503 3499 3502
f 3460 3503 3502
f 3503 3504 3496
f 3503 3460 3504
f 3458 3460 3502
f 3460 3464 3504
f 3458 3502 3505
f 3502 3500 3505
f 3458 3505 3457
f 3464 3506 3504
f 3504 3506 3496
f 3488 3506 3464
f 3507 3457 3505
f 3506 3488 3508
f 3496 3506 3509
f 3506 3508 3509
f 3497 3496 3509
f 3488 3510 3508
f 3510 3509 3508
f 3497 3509 3511
f 3511 3509 3510
f 3510 3488 3512
f 3510 3512 3511
f 3512 3488 3490
f 3511 3512 3513
f 3513 3512 3490
f 3511 3514 3497
f 3511 3513 3515
f 3514 3511 3515
f 3513 3490 3516
f 3513 3516 3515
f 3516 3490 3492
f 3514 3515 3517
f 3517 3515 3516
f 3497 3514 3518
f 3518 3514 3517
f 3519 3516 3492
f 3516 3519 3517
f 3519 3492 3520
f 3519 3520 3521
f 3522 3517 3519
f 3519 3521 3522
f 3517 3522 3518
f 3520 3523 3521
f 3522 3521 3523
f 3524 3525 3526
f 3527 3526 3525
f 3527 3525 3528
f 3527 3529 3526
f 3527 3528 3529
f 3528 3525 3530
f 3531 3525 3524
f 3525 3531 3530
f 3524 3526 3532
f 3524 3532 3533
f 3531 3524 3534
f 3534 3524 3533
f 3531 3534 3535
f 3532 3526 3536
f 3537 3532 3536
f 3532 3537 3533
f 3526 3538 3536
f 3529 3538 3526
f 3539 3536 3538
f 3539 3537 3536
f 3538 3540 3539
f 3541 3539 3540
f 3537 3539 3541
f 3541 3540 3542
f 3529 3543 3538
f 3538 3543 3544
f 3545 3541 3542
f 3546 3545 3542
f 3547 3537 3541
f 3547 3541 3545
f 3545 3546 3548
f 3549 3537 3547
f 3549 3533 3537
f 3547 3545 3550
f 3545 3548 3550
f 3551 3549 3547
f 3547 3550 3551
f 3548 3546 3552
f 3553 3550 3548
f 3551 3550 3553
f 3548 3552 3554
f 3553 3548 3554
f 3555 3533 3549
f 3556 3549 3551
f 3555 3549 3556
f 3557 3558 3559
f 3557 3559 3560
f 3561 3560 3559
f 3557 3560 3562
f 3563 3562 3560
f 3564 3562 3563
f 3564 3563 3565
f 3566 3563 3560
f 3567 3565 3563
f 3567 3563 3566
f 3565 3567 3568
f 3567 3569 3568
f 3568 3569 3570
f 3571 3569 3567
f 3571 3567 3566
f 3572 3566 3560
f 3572 3560 3561
f 3561 3573 3572
f 3561 3574 3573
f 3575 3573 3574
f 3575 3576 3573
f 3575 3577 3576
f 3576 3572 3573
f 3577 3578 3576
f 3579 3580 3581
f 3582 3579 3581
f 3579 3582 3583
f 3580 3584 3581
f 3585 3584 3580
f 3585 3586 3584
f 3585 3587 3586
f 3588 3586 3587
f 3589 3590 3591
f 3591 3592 3589
f 3593 3594 3595
f 3596 3593 3595
f 3593 3596 3597
f 3594 3598 3595
f 3599 3598 3594
f 3599 3600 3598
f 3599 3601 3600
f 3602 3600 3601
f 3603 3604 3605
f 3605 3606 3603
f 3607 3608 3609
f 3607 3610 3608
f 3609 3611 3612
f 3607 3609 3613
f 3609 3612 3613
f 3612 3611 3614
f 3614 3611 3615
f 3616 3614 3615
f 3616 3615 3617
f 3612 3614 3618
f 3616 3619 3614
f 3614 3619 3618
f 3616 3617 3620
f 3616 3620 3619
f 3620 3617 3621
f 3617 3622 3621
f 3619 3620 3623
f 3620 3621 3623
f 3622 3624 3621
f 3623 3621 3624
f 3625 3624 3622
f 3624 3625 3626
f 3619 3623 3627
f 3627 3623 3624
f 3627 3618 3619
f 3624 3626 3628
f 3627 3624 3628
f 3628 3626 3629
f 3627 3628 3630
f 3627 3630 3618
f 3628 3629 3630
f 3631 3618 3630
f 3631 3612 3618
f 3613 3612 3631
f 2973 3631 3630
f 3613 3631 2978
f 2978 3631 2973
f 3630 3629 3632
f 3629 3633 3632
f 3634 3632 3633
f 3634 3633 3635
f 3636 3630 3632
f 2973 3630 3636
f 3634 3637 3632
f 3636 3632 3637
f 3634 3635 3638
f 3639 3638 3635
f 3640 3637 3634
f 3634 3638 3640
f 3638 3639 2904
f 3639 2905 2904
f 3638 3641 3640
f 3638 2904 3641
f 3642 3637 3640
f 3643 3636 3637
f 3643 3637 3642
f 3636 3643 2970
f 3636 2970 2973
f 3644 3640 3641
f 3644 3642 3640
f 3644 3641 2896
f 2897 2896 3641
f 3641 2904 2897
f 3644 2896 2893
f 3645 3642 3644
f 2893 3645 3644
f 3646 3642 3645
f 3643 3642 3646
f 2893 2888 3645
f 3646 3647 3643
f 3647 2970 3643
f 3646 3645 3648
f 3648 3645 2888
f 3647 3646 3649
f 3648 3649 3646
f 2875 2970 3647
f 2880 3649 3648
f 3648 2888 2884
f 2880 3648 2884
f 3647 3649 2876
f 2875 3647 2876
f 2878 2876 3649
f 2878 3649 2880
f 3650 3651 3652
f 3653 3652 3651
f 3654 3655 3656
f 3657 3656 3655
f 3658 3659 3660
f 3661 3660 3659
f 3662 3663 3664
f 3664 3665 3662
f 3665 3666 3662
f 3666 3667 3662
f 3663 3662 3667
f 3663 3667 3668
f 3663 3668 3669
f 3670 3663 3669
f 3671 3670 3669
f 3670 3672 3663
f 3673 3663 3672
f 3673 3672 3674
f 3673 3674 3675
f 3675 3676 3673
f 3676 3675 3677
f 3678 3673 3676
f 3676 3679 3678
f 3673 3678 3680
f 3681 3673 3680
f 3682 3681 3680
f 3681 3682 3683
f 3681 3683 3684
f 3684 3685 3681
f 3685 3686 3681
f 3687 3686 3685
f 3686 3688 3681
f 3689 3681 3688
f 3690 3689 3688
f 3688 3691 3690
f 3692 3690 3691
f 3693 3694 3695
f 3696 3695 3694
f 3696 3694 3697
f 3698 3697 3694
f 3697 3698 3699
f 3699 3698 3700
f 3699 3700 3701
f 3702 3699 3701
f 3703 3702 3701
f 3703 3704 3702
f 3705 3702 3704
f 3705 3704 3706
f 3707 3705 3706
f 3708 3705 3707
f 3709 3708 3707
f 3707 3710 3709
f 3711 3712 3713
f 3711 3714 3712
f 3715 3714 3711
f 3711 3713 3716
f 3715 3711 3716
f 3715 3717 3714
f 3717 3715 3716
f 3717 3718 3714
f 3719 3718 3717
f 3720 3713 3721
f 3720 3716 3713
f 3719 3717 3722
f 3723 3719 3722
f 3724 3717 3716
f 3724 3716 3720
f 3722 3717 3725
f 3724 3725 3717
f 3726 3723 3722
f 3726 3722 3725
f 3723 3726 3727
f 3724 3728 3725
f 3724 3720 3728
f 3729 3726 3725
f 3726 3729 3727
f 3725 3728 3730
f 3725 3730 3729
f 3731 3732 3733
f 3733 3732 3734
f 3731 3735 3736
f 3735 3737 3736
f 3733 3738 3731
f 3735 3731 3738
f 3734 3739 3740
f 3741 3733 3734
f 3740 3742 3734
f 3741 3734 3742
f 3741 3738 3733
f 3743 3741 3742
f 3743 3744 3741
f 3745 3742 3740
f 3743 3742 3746
f 3745 3746 3742
f 3747 3743 3746
f 3743 3747 3744
f 3745 3748 3746
f 3749 3740 3750
f 3745 3740 3749
f 3749 3750 3751
f 3745 3752 3748
f 3749 3752 3745
f 3753 3746 3748
f 3747 3746 3753
f 3754 3749 3751
f 3749 3754 3752
f 3754 3751 3755
f 3748 3752 3756
f 3753 3748 3756
f 3754 3757 3752
f 3757 3756 3752
f 3755 3758 3754
f 3754 3758 3757
f 3755 3759 3758
f 3758 3759 3760
f 3758 3761 3757
f 3758 3760 3761
f 3757 3762 3756
f 3757 3761 3762
f 3763 3756 3762
f 3753 3756 3763
f 3761 3764 3762
f 3760 3764 3761
f 3765 3763 3762
f 3764 3765 3762
f 3760 3766 3767
f 3767 3766 3768
f 3760 3767 3764
f 3764 3769 3765
f 3767 3768 3770
f 3770 3768 3771
f 3767 3772 3764
f 3770 3772 3767
f 3769 3764 3773
f 3773 3764 3772
f 3774 3765 3769
f 3769 3773 3775
f 3775 3774 3769
f 3772 3776 3773
f 3775 3773 3776
f 3770 3777 3772
f 3772 3777 3776
f 3770 3778 3777
f 3770 3771 3778
f 3779 3765 3774
f 3765 3779 3763
f 3779 3774 3780
f 3779 3781 3763
f 3779 3780 3781
f 3781 3753 3763
f 3753 3781 3747
f 3781 3780 3782
f 3783 3747 3781
f 3783 3781 3782
f 3782 3780 3784
f 3785 3783 3782
f 3780 3786 3784
f 3774 3786 3780
f 3784 3786 3787
f 3775 3786 3774
f 3788 3787 3786
f 3775 3788 3786
f 3775 3776 3788
f 3789 3788 3776
f 3790 3788 3789
f 3777 3789 3776
f 3790 3789 3791
f 3791 3789 3777
f 3792 3790 3791
f 3778 3791 3777
f 3792 3791 3793
f 3792 3793 3794
f 3793 3795 3794
f 3796 3795 3793
f 3797 3793 3791
f 3797 3796 3793
f 3778 3797 3791
f 3797 3771 3796
f 3778 3771 3797
f 3798 3799 3800
f 3801 3802 3803
f 3804 3802 3801
f 3805 3803 3798
f 3805 3801 3803
f 3806 3798 3800
f 3798 3806 3805
f 3806 3800 3807
f 3806 3807 3808
f 3808 3805 3806
f 3809 3808 3807
f 3809 3810 3808
f 3805 3808 3811
f 3805 3811 3801
f 3812 3808 3810
f 3812 3811 3808
f 3813 3812 3810
f 3812 3813 3814
f 3812 3814 3811
f 3815 3816 3817
f 3815 3817 3818
f 3817 3819 3818
f 3820 3819 3817
f 3821 3815 3818
f 3821 3816 3815
f 3821 3822 3816
f 3822 3823 3816
f 3822 3824 3823
f 3824 3825 3823
f 3823 3825 3816
f 3824 3822 3826
f 3816 3825 3827
f 3826 3822 3828
f 3828 3822 3821
f 3826 3828 3829
f 3827 3830 3816
f 3827 3831 3830
f 3817 3816 3832
f 3816 3830 3832
f 3820 3817 3832
f 3830 3831 3833
f 3832 3830 3833
f 3833 3831 3834
f 3833 3834 3737
f 3835 3832 3833
f 3833 3737 3835
f 3820 3832 3835
f 3835 3737 3735
f 3835 3735 3836
f 3820 3835 3836
f 3836 3735 3738
f 3837 3820 3836
f 3820 3837 3819
f 3838 3836 3738
f 3837 3836 3838
f 3838 3738 3741
f 3837 3839 3819
f 3741 3840 3838
f 3741 3744 3840
f 3837 3838 3841
f 3841 3838 3840
f 3837 3841 3839
f 3840 3744 3842
f 3841 3840 3842
f 3744 3747 3842
f 3783 3842 3747
f 3819 3839 3818
f 3785 3843 3783
f 3844 3842 3783
f 3844 3841 3842
f 3843 3844 3783
f 3841 3844 3839
f 3843 3845 3844
f 3845 3839 3844
f 3845 3818 3839
f 3843 3846 3845
f 3846 3847 3845
f 3845 3847 3818
f 3848 3847 3846
f 3849 3818 3847
f 3821 3818 3849
f 3821 3849 3828
f 3850 3847 3848
f 3850 3849 3847
f 3851 3850 3848
f 3852 3850 3851
f 3853 3850 3852
f 3854 3850 3853
f 3849 3855 3828
f 3849 3850 3855
f 3854 3855 3850
f 3828 3855 3829
f 3829 3855 3854
f 3856 3857 3858
f 3856 3858 3859
f 3858 3857 3860
f 3860 3861 3858
f 3862 3860 3857
f 3863 3862 3857
f 3864 3857 3856
f 3864 3856 3865
f 3866 3864 3865
f 3867 3866 3868
f 3867 3869 3866
f 3870 3864 3866
f 3869 3870 3866
f 3871 3864 3870
f 3869 3872 3870
f 3871 3870 3873
f 3872 3874 3870
f 3873 3870 3875
f 3874 3875 3870
f 3876 3862 3863
f 3876 3863 3877
f 3878 3877 3863
f 3879 3877 3878
f 3880 3879 3878
f 3878 3881 3880
f 3878 3882 3881
f 3882 3883 3881
f 3882 3878 3863
f 3884 3882 3863
f 3884 3863 3885
f 3886 3885 3863
f 3887 3885 3886
f 3888 3887 3886
f 3889 3890 3891
f 3891 3890 3892
f 3891 3892 3893
f 3893 3892 3143
f 3892 3144 3143
f 3894 3891 3893
f 3894 3889 3891
f 3895 3894 3893
f 3144 3892 3896
f 3890 3896 3892
f 3144 3896 3410
f 3896 3411 3410
f 3897 3411 3896
f 3897 3896 3890
f 3897 3412 3411
f 3894 3895 3898
f 3899 3898 3895
f 3900 3894 3898
f 3889 3894 3900
f 3901 3898 3899
f 3901 3900 3898
f 3899 3902 3901
f 3903 3902 3899
f 3904 3900 3901
f 3904 3889 3900
f 3905 3901 3902
f 3903 3905 3902
f 3905 3904 3901
f 3906 3905 3903
f 3907 3906 3903
f 3908 3904 3905
f 3908 3905 3906
f 3909 3889 3904
f 3909 3890 3889
f 3897 3890 3909
f 3907 3910 3906
f 3907 3911 3910
f 3908 3906 3912
f 3912 3906 3910
f 3910 3911 3913
f 3912 3910 3913
f 3911 3914 3913
f 3909 3915 3897
f 3916 3913 3914
f 3917 3916 3914
f 3912 3913 3918
f 3916 3918 3913
f 3917 3919 3916
f 3919 3918 3916
f 3920 3919 3917
f 3921 3919 3920
f 3921 3922 3919
f 3921 3923 3922
f 3919 3924 3918
f 3919 3922 3924
f 3925 3924 3922
f 3926 3918 3924
f 3926 3924 3925
f 3927 3922 3923
f 3928 3927 3923
f 3929 3922 3927
f 3927 3930 3929
f 3931 3929 3930
f 3932 3927 3928
f 3932 3933 3927
f 3927 3933 3934
f 3935 3933 3932
f 3936 3933 3935
f 3937 3934 3933
f 3936 3937 3933
f 3927 3934 3938
f 3939 3927 3938
f 3939 3938 3940
f 3939 3940 3941
f 3934 3942 3938
f 3934 3937 3942
f 3940 3938 3943
f 3941 3940 3943
f 3943 3938 3942
f 3941 3943 3944
f 3941 3944 3945
f 3943 3942 3946
f 3943 3946 3944
f 3942 3947 3946
f 3948 3944 3946
f 3945 3944 3948
f 3947 3948 3946
f 3949 3950 3951
f 3951 3952 3949
f 3953 3954 3955
f 3956 3953 3955
f 3957 3956 3955
f 3957 3958 3959
f 3957 3960 3958
f 3957 3955 3961
f 3955 3962 3961
f 3957 3961 3963
f 3955 3964 3962
f 3955 3965 3964
f 3957 3963 3966
f 3957 3966 3967
f 3957 3967 3968
f 3957 3968 3960
f 3968 3969 3960
f 3969 3970 3960
f 3969 3971 3970
f 3970 3972 3960
f 3970 3973 3972
f 3974 3975 3964
f 3965 3974 3964
f 3965 3976 3974
f 3976 3977 3974
f 3965 3978 3976
f 3979 3980 3981
f 3982 3979 3981
f 3983 3980 3984
f 3984 3985 3983
f 3983 3986 3980
f 3981 3980 3986
f 3983 3985 3987
f 3987 3985 3988
f 3989 3983 3987
f 3983 3989 3986
f 3982 3981 3990
f 3982 3990 3991
f 3990 3981 2556
f 3991 3990 3992
f 3992 3990 2556
f 3986 2552 3981
f 3981 2552 2556
f 2552 3986 2543
f 3989 2544 3986
f 2544 2543 3986
f 3989 3993 2544
f 3989 3987 3993
f 3993 3994 2544
f 3993 3987 3995
f 3988 3995 3987
f 3996 3993 3995
f 3996 3994 3993
f 3997 3995 3988
f 3996 3995 3997
f 3997 3988 3998
f 3998 3999 3997
f 3997 4000 3996
f 3997 3999 4000
f 3996 4000 3994
f 4001 4000 3999
f 4001 4002 4000
f 3994 4000 4002
f 4003 4002 4001
f 2542 2544 3994
f 4003 4004 4002
f 2065 4004 4003
f 2063 4004 2065
f 4005 3994 4002
f 4005 4002 4004
f 2542 3994 4005
f 2063 4006 4004
f 4005 4004 4006
f 2063 2059 4006
f 2545 4005 4006
f 4005 2545 2542
f 2545 4006 2059
f 135 140 4007
f 140 4008 4007
f 139 4009 140
f 140 4009 4008
f 4007 4008 4010
f 4009 4010 4008
f 4011 4007 4010
f 139 4012 4009
f 4013 4012 139
f 4013 139 137
f 4009 4012 4014
f 4013 4015 4012
f 4015 4014 4012
f 4016 4013 137
f 4016 4015 4013
f 137 4017 4016
f 137 131 4017
f 4018 4015 4016
f 4019 4009 4014
f 4010 4009 4019
f 4015 4020 4014
f 4020 4015 4018
f 4019 4014 4021
f 4020 4021 4014
f 4022 4010 4019
f 4011 4010 4022
f 4023 4019 4021
f 4023 4022 4019
f 4011 4022 4024
f 4023 4024 4022
f 4025 4011 4024
f 4023 4021 4026
f 4020 4026 4021
f 4027 4024 4023
f 4027 4025 4024
f 4023 4028 4027
f 4028 4023 4026
f 4025 4027 4029
f 4028 4029 4027
f 4030 4025 4029
f 4028 4026 4031
f 4028 4031 4029
f 4032 4030 4029
f 4031 4032 4029
f 4033 4030 4032
f 4034 4030 4033
f 4031 4035 4032
f 4033 4032 4035
f 4036 4034 4033
f 4036 4033 4035
f 4037 4034 4036
f 4038 4034 4037
f 4039 4036 4035
f 4037 4036 4039
f 4037 4040 4038
f 4041 4039 4035
f 4041 4035 4031
f 4037 4039 4042
f 4037 4042 4040
f 4038 4040 4043
f 4040 4042 4043
f 4038 4043 4044
f 4031 4045 4041
f 4031 4026 4045
f 4046 4039 4041
f 4046 4042 4039
f 4045 4047 4041
f 4046 4041 4047
f 4045 4026 4048
f 4045 4048 4047
f 4020 4048 4026
f 4020 4018 4048
f 4048 4049 4047
f 4018 4049 4048
f 4047 4050 4046
f 4018 4051 4049
f 4052 4047 4049
f 4050 4047 4052
f 4052 4049 4051
f 4053 4046 4050
f 4042 4046 4053
f 4050 4052 4054
f 4053 4050 4054
f 4055 4054 4052
f 4052 4051 4055
f 4053 4054 4056
f 4053 4057 4042
f 4057 4053 4056
f 4043 4042 4057
f 4054 4058 4056
f 4054 4055 4058
f 4057 4056 4059
f 4057 4060 4043
f 4060 4057 4059
f 4043 4060 4061
f 4061 4044 4043
f 4061 4060 4062
f 4062 4044 4061
f 4062 4060 4059
f 4062 4063 4044
f 4056 4064 4059
f 4064 4056 4058
f 4062 4059 4065
f 4063 4062 4065
f 4064 4066 4059
f 4066 4065 4059
f 4064 4058 4067
f 4064 4067 4066
f 4055 4067 4058
f 4068 4063 4065
f 4068 4065 4066
f 4063 4068 4069
f 4067 4070 4066
f 4071 4068 4066
f 4071 4066 4070
f 4068 4072 4069
f 4071 4072 4068
f 4073 4069 4072
f 4074 4069 4073
f 4071 4075 4072
f 4073 4072 4075
f 4071 4070 4076
f 4075 4071 4076
f 4070 4077 4076
f 4067 4077 4070
f 4075 4076 4078
f 4078 4076 4077
f 4075 4079 4073
f 4079 4074 4073
f 4078 4079 4075
f 4080 4074 4079
f 4080 4079 4078
f 4074 4080 4081
f 4080 4082 4081
f 4078 4083 4080
f 4080 4083 4082
f 4081 4082 4084
f 4083 4084 4082
f 4085 4081 4084
f 4078 4086 4083
f 4077 4086 4078
f 4083 4087 4084
f 4085 4084 4088
f 4087 4088 4084
f 4088 4089 4085
f 4085 4089 104
f 4090 4088 4087
f 4088 4090 4089
f 4087 4083 4091
f 4083 4086 4091
f 4092 104 4089
f 4090 4092 4089
f 103 104 4092
f 4093 4090 4087
f 4087 4091 4093
f 4090 4094 4092
f 4092 4094 103
f 4090 4093 4094
f 105 103 4094
f 4095 105 4094
f 4093 4095 4094
f 4095 118 105
f 4091 4096 4093
f 4086 4096 4091
f 4097 4095 4093
f 4097 4093 4096
f 4097 118 4095
f 4086 4098 4096
f 4096 4098 4097
f 4097 4099 118
f 4098 4099 4097
f 118 4099 4100
f 118 4100 117
f 117 4100 116
f 4101 4100 4099
f 4098 4101 4099
f 4100 4102 116
f 4100 4101 4102
f 4102 130 116
f 4102 4103 130
f 131 130 4103
f 4017 131 4103
f 4104 4103 4102
f 4017 4103 4104
f 4101 4104 4102
f 4105 4017 4104
f 4105 4016 4017
f 4018 4016 4105
f 4018 4105 4051
f 4105 4104 4106
f 4101 4106 4104
f 4105 4106 4051
f 4107 4106 4101
f 4101 4098 4107
f 4108 4051 4106
f 4107 4108 4106
f 4055 4051 4108
f 4109 4107 4098
f 4086 4109 4098
f 4077 4109 4086
f 4110 4107 4109
f 4110 4109 4077
f 4107 4110 4108
f 4055 4108 4110
f 4077 4067 4110
f 4067 4055 4110
f 4111 92 98
f 97 96 4112
f 96 94 4113
f 96 4113 4112
f 4113 94 4114
f 86 4114 94
f 97 4115 98
f 97 4112 4115
f 4111 98 4116
f 98 4115 4116
f 4114 86 4117
f 86 75 4117
f 4114 4117 4118
f 4114 4118 4113
f 4117 75 4119
f 4117 4119 4118
f 75 77 4119
f 77 4120 4119
f 74 4120 77
f 4119 4121 4118
f 4121 4119 4120
f 4122 4113 4118
f 4122 4118 4121
f 4122 4112 4113
f 4123 4120 74
f 78 4123 74
f 78 80 4123
f 4123 4124 4120
f 4120 4125 4121
f 4124 4125 4120
f 4126 4122 4121
f 4126 4121 4125
f 4127 4125 4124
f 4127 4126 4125
f 4123 4128 4124
f 4123 80 4128
f 4124 4128 4129
f 4127 4124 4129
f 4130 4129 4128
f 4131 4128 80
f 4131 4130 4128
f 40 4131 80
f 36 40 80
f 4129 4132 4127
f 40 4133 4131
f 4130 4134 4129
f 4129 4134 4132
f 4135 4130 4131
f 4133 4135 4131
f 4133 40 4136
f 40 39 4136
f 4133 4137 4135
f 39 4138 4136
f 4133 4136 4139
f 4138 4139 4136
f 4139 4137 4133
f 4138 39 55
f 4138 55 4140
f 55 51 4140
f 4141 4140 51
f 4142 4138 4140
f 4142 4140 4141
f 4138 4142 4139
f 4142 4141 4143
f 4139 4142 4144
f 4144 4137 4139
f 4144 4142 4143
f 4145 4143 4141
f 4145 4146 4143
f 4144 4143 4147
f 4147 4143 4146
f 4148 4146 4145
f 4147 4146 4148
f 4145 4149 4148
f 4147 4150 4144
f 4137 4144 4150
f 4148 4151 4147
f 4151 4150 4147
f 4148 4149 4152
f 4148 4152 4151
f 4153 4150 4151
f 4153 4151 4152
f 4150 4154 4137
f 4154 4150 4153
f 4135 4137 4154
f 4154 4155 4135
f 4154 4153 4155
f 4155 4130 4135
f 4149 4156 4152
f 4157 4156 4149
f 4153 4152 4158
f 4156 4158 4152
f 4156 4157 4159
f 4153 4158 4160
f 4153 4160 4155
f 4156 4161 4158
f 4161 4156 4159
f 4160 4158 4161
f 4162 4159 4157
f 4161 4159 4162
f 4157 4163 4162
f 4164 4160 4161
f 4162 4164 4161
f 4155 4160 4165
f 4155 4165 4130
f 4160 4164 4165
f 4130 4165 4134
f 4165 4166 4134
f 4165 4164 4166
f 4166 4132 4134
f 4162 4167 4164
f 4162 4163 4167
f 4164 4168 4166
f 4164 4167 4168
f 4163 4169 4167
f 4163 4170 4169
f 4168 4167 4171
f 4171 4167 4169
f 4168 4172 4166
f 4168 4171 4172
f 4169 4170 4173
f 4169 4173 4171
f 4173 4170 4174
f 4175 4171 4173
f 4171 4175 4172
f 4175 4173 4174
f 4170 4176 4174
f 4175 4177 4172
f 4175 4174 4177
f 4178 4179 4180
f 4178 4180 4181
f 4180 4182 4181
f 4180 4183 4182
f 4183 4184 4182
f 4180 4185 4183
f 4185 4186 4183
f 4178 4181 4187
f 4181 4188 4187
f 4189 4178 4187
f 4190 4189 4187
f 4191 4190 4187
f 4192 4191 4187
f 4187 4193 4192
f 4187 4194 4193
f 4187 4195 4194
f 4187 4196 4195
f 4187 4197 4196
f 4196 4198 4195
f 4198 4199 4195
f 4196 4200 4198
f 4198 4201 4199
f 4198 4202 4201
f 4198 4203 4202
f 4202 4204 4201
f 4204 4205 4201
f 4202 4206 4204
f 4207 4208 4209
f 4210 4209 4208
f 4211 4210 4208
f 4212 4207 4209
f 4213 4210 4211
f 4207 4212 4214
f 4211 4215 4213
f 4216 4214 4212
f 4213 4215 4217
f 4218 4216 4212
f 4215 4219 4217
f 4220 4216 4218
f 4221 4220 4218
f 4217 4219 4222
f 4220 4221 4223
f 4217 4222 4224
f 4221 4225 4223
f 4226 4224 4222
f 4227 4223 4225
f 4224 4226 4228
f 4229 4227 4225
f 4226 4230 4228
f 4229 4231 4227
f 4232 4231 4229
f 4230 4233 4228
f 4231 4232 4234
f 4232 4235 4234
f 4228 4233 4236
f 4237 4234 4235
f 4233 4238 4236
f 4235 4239 4237
f 4236 4238 4240
f 4239 4241 4237
f 4242 4240 4238
f 4237 4241 4243
f 4241 4244 4243
f 4245 4240 4242
f 4244 4246 4243
f 4245 4242 4247
f 4248 4246 4244
f 4242 4249 4247
f 4250 4246 4248
f 4249 4251 4247
f 4247 4251 4252
f 4253 4250 4248
f 4254 4252 4251
f 4250 4253 4255
f 4254 4251 4256
f 4253 4257 4255
f 4258 4254 4256
f 4257 4259 4255
f 4258 4256 4260
f 4255 4259 4261
f 4256 4262 4260
f 4259 4263 4261
f 4264 4260 4262
f 4259 4265 4263
f 4260 4264 4266
f 4263 4265 4267
f 4264 4268 4266
f 4269 4266 4268
f 4270 4267 4265
f 4271 4269 4268
f 4265 4272 4270
f 4273 4270 4272
f 4273 4274 4270
f 4275 4274 4273
f 4275 4276 4274
f 4277 4274 4276
f 4277 4276 4278
f 4279 4278 4276
f 4278 4279 4280
f 4279 4281 4280
f 4282 4280 4281
f 4283 4282 4281
f 4281 4284 4283
f 4284 4285 4283
f 4286 4285 4284
f 4287 4285 4286
f 4288 4285 4287
f 4287 4289 4288
f 4290 4288 4289
f 4289 4291 4290
f 4292 4290 4291
f 4291 4293 4292
f 4294 4292 4293
f 4295 4294 4293
f 4296 4295 4293
f 4297 4295 4296
f 4298 4295 4297
f 4299 4298 4297
f 4298 4299 4300
f 4301 4300 4299
f 4302 4301 4299
f 4302 4303 4301
f 4304 4303 4302
f 4305 4303 4304
f 4306 4305 4304
f 4306 4307 4305
f 4305 4307 4308
f 4309 4308 4307
f 4308 4309 4310
f 4309 4311 4310
f 4311 4312 4310
f 4313 4312 4311
f 4313 4314 4312
f 4312 4314 4315
f 4316 4315 4314
f 4315 4316 4317
f 4316 4318 4317
f 4317 4318 4319
f 4318 4320 4319
f 4321 4320 4318
f 4322 4320 4321
f 4323 4320 4322
f 4323 4322 4324
f 4322 4325 4324
f 4326 4324 4325
f 4326 4327 4324
f 4328 4324 4327
f 4329 4328 4327
f 4329 4330 4328
f 4330 4329 4331
f 4332 4330 4331
f 4333 4332 4331
f 4334 4332 4333
f 4334 4333 4335
f 4336 4335 4333
f 4336 4337 4335
f 4335 4337 4338
f 4338 4337 4339
f 4337 4340 4339
f 4340 4341 4339
f 4339 4341 4342
f 4343 4342 4341
f 4343 4344 4342
f 4345 4344 4343
f 4343 4346 4345
f 4347 4345 4346
f 4347 4346 4348
f 4349 4347 4348
f 4350 4349 4348
f 4348 4351 4350
f 4352 4350 4351
f 4353 4350 4352
f 4354 4352 4351
f 4354 4353 4352
f 4355 4353 4354
f 4355 4354 4356
f 4354 4357 4356
f 4358 4356 4357
f 4357 4359 4358
f 4358 4359 4360
f 4359 4361 4360
f 4360 4361 4362
f 4362 4363 4360
f 4364 4360 4363
f 4363 4365 4364
f 4364 4365 4366
f 4367 4366 4365
f 4368 4367 4365
f 4369 4367 4368
f 4368 4370 4369
f 4369 4370 4371
f 4372 4371 4370
f 4373 4372 4370
f 4372 4373 4374
f 4375 4374 4373
f 4374 4375 4376
f 4377 4376 4375
f 4377 4378 4376
f 4378 4379 4376
f 4378 4380 4379
f 4379 4380 4376
f 4376 4380 4381
f 4382 4381 4380
f 4383 4381 4382
f 4384 4381 4383
f 4385 4384 4383
f 4386 4384 4385
f 4386 4385 4387
f 4386 4387 4388
f 4389 4388 4387
f 4271 4388 4389
f 4390 4389 4387
f 4271 4389 4390
f 4390 4387 4385
f 4271 4390 4269
f 4385 4391 4390
f 4392 4390 4391
f 4385 4393 4391
f 4392 4391 4394
f 4392 4394 4395
f 4391 4393 4396
f 4393 4397 4396
f 4398 4394 4391
f 4391 4396 4398
f 4394 4399 4395
f 4398 4399 4394
f 4397 4400 4396
f 4401 4400 4397
f 4396 4402 4398
f 4400 4402 4396
f 4398 4403 4399
f 4403 4398 4402
f 4403 4404 4399
f 4405 4399 4404
f 4403 4406 4404
f 4404 4407 4405
f 4404 4406 4407
f 4403 4408 4406
f 4403 4402 4408
f 4407 4406 4409
f 4405 4407 4410
f 4410 4407 4411
f 4408 4412 4406
f 4406 4412 4409
f 4407 4413 4411
f 4409 4413 4407
f 4414 4411 4413
f 4415 4411 4414
f 4413 4409 4416
f 4417 4415 4414
f 4418 4414 4413
f 4413 4416 4418
f 4417 4414 4418
f 4419 4415 4417
f 4419 4417 4420
f 4409 4421 4416
f 4412 4421 4409
f 4418 4416 4422
f 4421 4422 4416
f 4423 4421 4412
f 4412 4408 4423
f 4424 4422 4421
f 4423 4424 4421
f 4423 4408 4425
f 4425 4408 4402
f 4423 4426 4424
f 4425 4402 4427
f 4423 4425 4428
f 4428 4425 4427
f 4428 4426 4423
f 4400 4427 4402
f 4429 4427 4400
f 4401 4429 4400
f 4428 4427 4430
f 4430 4427 4429
f 4401 4431 4429
f 4429 4432 4430
f 4429 4431 4432
f 4401 3794 4431
f 3794 4432 4431
f 3794 4401 4433
f 3792 3794 4433
f 4428 4430 4434
f 4428 4434 4426
f 4430 4432 4435
f 4430 4435 4434
f 3794 3795 4432
f 3795 4435 4432
f 4436 4434 4435
f 4434 4437 4426
f 4434 4436 4437
f 4426 4437 4438
f 4424 4426 4438
f 4424 4438 4439
f 4422 4424 4439
f 4438 4437 4440
f 4436 4440 4437
f 4440 4436 4441
f 4436 4442 4441
f 4436 4435 4443
f 4442 4436 4443
f 4444 4443 4435
f 4444 4435 3795
f 4442 4443 4445
f 4444 4446 4443
f 4443 4446 4445
f 3795 4447 4444
f 4444 4447 4446
f 3795 3796 4447
f 4442 4445 4448
f 4449 4445 4446
f 4449 4450 4445
f 4445 4450 4448
f 4449 4446 4451
f 4447 4452 4446
f 4452 4451 4446
f 3796 4452 4447
f 4452 4453 4451
f 4451 4454 4449
f 4449 4454 4450
f 4451 4453 4454
f 4453 4452 4455
f 4455 4452 4456
f 3796 4456 4452
f 4453 4455 4457
f 4457 4455 4458
f 4458 4455 4456
f 4457 4458 4459
f 3796 3771 4456
f 4458 4456 3768
f 3771 3768 4456
f 4458 3768 3766
f 4459 4458 3766
f 2116 2121 4460
f 4460 2121 2124
f 4460 2124 4461
f 4461 2124 4462
f 4461 4462 4463
f 4461 4464 4460
f 4461 4463 4464
f 4460 4465 2116
f 4464 4465 4460
f 4465 2117 2116
f 4466 4464 4463
f 4467 4465 4464
f 4466 4467 4464
f 4465 4468 2117
f 4467 4468 4465
f 4468 2111 2117
f 4466 4469 4467
f 4467 4469 4468
f 4466 4463 4470
f 4470 4469 4466
f 4468 4471 2111
f 4471 4468 4469
f 2109 2111 4471
f 4469 4472 4471
f 2109 4471 4472
f 4469 4473 4472
f 4473 4469 4470
f 4474 2109 4472
f 4473 4474 4472
f 4463 4475 4470
f 4463 4476 4475
f 4473 4470 4477
f 2109 4474 4478
f 2109 4478 2105
f 4474 4473 4479
f 4479 4473 4477
f 4478 4474 4480
f 2105 4478 2100
f 2100 4478 4481
f 4481 2097 2100
f 4482 4481 4478
f 4482 4478 4480
f 4483 2097 4481
f 4483 4481 4484
f 4482 4484 4481
f 4483 4485 2097
f 4482 4480 4486
f 4485 2095 2097
f 4483 4487 4485
f 4484 4487 4483
f 4488 2095 4485
f 4489 4485 4487
f 4488 4485 4489
f 4489 4487 4490
f 4484 4491 4487
f 4491 4490 4487
f 4491 4484 4492
f 4489 4490 4493
f 4490 4494 4493
f 4495 4490 4491
f 4490 4495 4494
f 4496 4495 4491
f 4491 4492 4496
f 4497 4494 4495
f 4497 4495 4496
f 4498 4494 4497
f 4496 4492 4499
f 4482 4492 4484
f 4498 4500 4494
f 4501 4500 4498
f 4500 4493 4494
f 4501 4502 4500
f 4500 4502 4493
f 4503 4502 4501
f 4503 4504 4502
f 4492 4482 4486
f 4492 4486 4499
f 4505 4499 4486
f 4504 4506 4502
f 4502 4506 4493
f 4486 4507 4505
f 4507 4508 4505
f 4505 4508 4509
f 4480 4507 4486
f 4510 4507 4480
f 4474 4510 4480
f 4474 4479 4510
f 4510 4508 4507
f 4511 4509 4508
f 4510 4511 4508
f 4479 4511 4510
f 4512 4509 4511
f 4511 4479 4513
f 4512 4511 4513
f 4477 4513 4479
f 4513 4514 4512
f 4477 4514 4513
f 4515 4514 4477
f 4477 4470 4515
f 4475 4515 4470
f 4515 4516 4514
f 4475 4516 4515
f 4517 4514 4516
f 4518 4517 4516
f 4517 4518 4519
f 4518 4520 4519
f 4521 4518 4516
f 4521 4520 4518
f 4521 4516 4475
f 4521 4475 4520
f 4520 4475 4522
f 4476 4522 4475
f 4523 4524 4525
f 4525 4526 4523
f 4526 4525 4527
f 4525 4524 4527
f 4523 4526 4528
f 4529 4527 4524
f 4529 4524 4530
f 4531 4523 4528
f 4531 4524 4523
f 4528 4532 4531
f 4533 4530 4524
f 4533 4532 4530
f 4533 4524 4531
f 4531 4532 4533
f 4534 4535 4536
f 4536 4535 4537
f 4536 4538 4534
f 4539 4537 4535
f 4534 4538 4540
f 4541 4537 4539
f 4542 4540 4538
f 4541 4539 4543
f 4544 4540 4542
f 4545 4541 4543
f 4542 4546 4544
f 4547 4545 4543
f 4548 4544 4546
f 4545 4547 4549
f 4548 4546 4550
f 4547 4551 4549
f 4550 4552 4548
f 4549 4551 4553
f 4550 4554 4552
f 4555 4553 4551
f 4556 4552 4554
f 4557 4553 4555
f 4554 4558 4556
f 4555 4559 4557
f 4556 4558 4560
f 4557 4559 4561
f 4558 4562 4560
f 4563 4561 4559
f 4562 4561 4563
f 4560 4562 4563
f 4564 4565 4566
f 4567 4568 4569
f 4570 4565 4569
f 4570 4569 4568
f 4565 4570 4571
f 4571 4566 4565
f 4572 4570 4568
f 4572 4571 4570
f 4567 4573 4568
f 4572 4568 4573
f 4573 4567 4574
f 4575 4574 4567
f 4572 4573 4576
f 4573 4574 4576
f 4572 4576 4577
f 4578 4571 4572
f 4579 4576 4574
f 4575 4580 4574
f 4574 4580 4579
f 4575 4581 4580
f 4582 4581 4575
f 4582 3622 4581
f 4580 4581 4583
f 3617 4581 3622
f 3617 4583 4581
f 4580 4583 4584
f 4579 4580 4584
f 4584 4583 4585
f 4579 4584 4586
f 4585 4586 4584
f 4583 4587 4585
f 3617 4587 4583
f 4585 4587 4588
f 3617 3615 4587
f 3615 4588 4587
f 4585 4588 4589
f 4586 4585 4589
f 4586 4590 4579
f 4591 4579 4590
f 4579 4591 4576
f 4586 4592 4590
f 4591 4590 4592
f 4586 4589 4593
f 4586 4593 4592
f 4591 4594 4576
f 4591 4592 4594
f 4577 4576 4594
f 4595 4593 4589
f 4596 4589 4588
f 4596 4595 4589
f 4597 4596 4588
f 4597 4588 3615
f 4595 4596 4598
f 4597 4598 4596
f 4593 4595 4599
f 4597 3615 3611
f 4600 4592 4593
f 4600 4593 4599
f 4598 4601 4595
f 4602 4598 4597
f 4602 4601 4598
f 4597 4603 4602
f 4603 4597 3611
f 3610 4601 4602
f 4602 4603 3608
f 4602 3608 3610
f 3609 3608 4603
f 3609 4603 3611
f 4604 4605 4606
f 4604 4607 4605
f 4606 4605 4608
f 4609 4605 4607
f 4610 4609 4607
f 4611 4609 4610
f 4610 4612 4611
f 4612 4613 4611
f 4614 4606 4608
f 4615 4613 4612
f 4614 4616 4606
f 4617 4616 4614
f 4618 4606 4616
f 4617 4619 4616
f 4616 4620 4618
f 4617 4621 4619
f 4622 4618 4620
f 4623 4619 4621
f 4624 4623 4621
f 4618 4622 4625
f 4626 4625 4622
f 4625 4626 4627
f 4621 4628 4624
f 4629 4625 4627
f 4625 4629 4630
f 4629 4631 4630
f 4628 4632 4624
f 4629 4632 4631
f 4633 4624 4632
f 4633 4632 4629
f 4632 4628 4634
f 4628 4635 4634
f 4631 4632 4636
f 4634 4636 4632
f 4631 4636 4637
f 4638 4634 4635
f 4635 4639 4638
f 4640 4631 4637
f 4634 4641 4636
f 4638 4641 4634
f 4642 4637 4636
f 4641 4642 4636
f 4638 4643 4641
f 4639 4643 4638
f 4641 4644 4642
f 4643 4644 4641
f 4645 4643 4639
f 4645 4644 4643
f 4639 4646 4645
f 4646 4647 4645
f 4637 4642 4648
f 4637 4648 4640
f 4644 4649 4642
f 4642 4649 4648
f 4645 4647 4650
f 4651 4650 4647
f 4652 4651 4647
f 4653 4651 4652
f 4652 4654 4653
f 4652 4655 4654
f 4656 4650 4651
f 4645 4650 4656
f 4654 4655 4657
f 4655 4658 4657
f 4659 4644 4645
f 4644 4659 4649
f 4645 4656 4659
f 4658 4615 4657
f 4658 4613 4615
f 4615 4660 4657
f 4661 4660 4656
f 4662 4657 4660
f 4663 4662 4660
f 4664 4662 4663
f 4663 4665 4664
f 4666 4665 4663
f 4660 4667 4656
f 4615 4668 4660
f 4660 4668 4667
f 4667 4668 4669
f 4670 4669 4668
f 4671 4656 4667
f 4671 4659 4656
f 4671 4667 4672
f 4673 4668 4615
f 4671 4672 4674
f 4675 4674 4672
f 4675 4672 4676
f 4677 4676 4672
f 4678 4668 4673
f 4676 4677 4679
f 4677 4678 4679
f 4680 4676 4679
f 4678 4673 4679
f 4615 4681 4673
f 4681 4682 4683
f 4683 4684 4681
f 4681 4684 4673
f 4685 4684 4683
f 4685 4686 4684
f 4673 4687 4679
f 4688 4687 4673
f 4689 4679 4687
f 4688 4673 4690
f 4684 4690 4673
f 4684 4691 4690
f 4679 4689 4692
f 4691 4684 4693
f 4694 4679 4692
f 4694 4693 4684
f 4695 4694 4684
f 4694 4696 4693
f 4696 4694 4692
f 4697 4694 4695
f 4698 4694 4697
f 4694 4698 4699
f 4699 4700 4694
f 4701 4702 4703
f 4704 4703 4702
f 4705 4701 4703
f 4702 4706 4704
f 4706 4702 4707
f 4708 4706 4707
f 4709 4708 4707
f 4708 4709 4710
f 4710 4709 4711
f 4712 4701 4705
f 4712 4713 4711
f 4705 4714 4712
f 4715 4713 4712
f 4712 4714 4715
f 4716 4717 4718
f 4719 4716 4718
f 4720 4719 4718
f 4720 4718 4721
f 4720 4722 4719
f 4723 4719 4722
f 4724 4722 4720
f 4725 4722 4724
f 4724 4720 4726
f 4726 4727 4724
f 4728 4729 4730
f 4731 4729 4732
f 4733 4728 4730
f 4733 4734 4728
f 4729 4735 4730
f 4731 4735 4729
f 4731 4732 4736
f 4737 4736 4732
f 4735 4731 4738
f 4731 4736 4739
f 4731 4739 4738
f 4735 4738 4740
f 4740 4730 4735
f 4739 4741 4738
f 4740 4738 4742
f 4742 4738 4741
f 4740 4742 4743
f 4744 4730 4740
f 4744 4740 4743
f 4744 4745 4730
f 4739 4746 4741
f 4744 4743 4747
f 4747 4745 4744
f 4730 4745 4748
f 4733 4730 4748
f 4749 4745 4747
f 4733 4748 4750
f 4733 4750 4734
f 4751 4748 4745
f 4751 4745 4749
f 4748 4751 4752
f 4753 4748 4752
f 4750 4748 4753
f 4754 4752 4751
f 4753 4755 4750
f 4756 4754 4751
f 4749 4756 4751
f 4757 4750 4755
f 4758 4757 4755
f 4750 4757 4759
f 4750 4759 4734
f 4757 4758 4760
f 4757 4760 4759
f 4761 4734 4759
f 4760 4761 4759
f 4761 4762 4734
f 4758 4763 4760
f 4758 4764 4763
f 4763 4764 4765
f 4761 4760 4766
f 4761 4766 4762
f 4767 4760 4763
f 4760 4767 4766
f 4763 4765 4768
f 4767 4763 4768
f 4765 4769 4768
f 4770 4762 4766
f 4767 4770 4766
f 4762 4770 4771
f 4771 4770 4772
f 4770 4767 4773
f 4770 4773 4772
f 4774 4767 4768
f 4775 4768 4769
f 4775 4774 4768
f 4776 4775 4769
f 4769 4777 4776
f 4774 4775 4778
f 4776 4778 4775
f 4777 4779 4776
f 4780 4767 4774
f 4767 4780 4773
f 4774 4778 4780
f 4781 4776 4779
f 4782 4781 4779
f 4783 4778 4776
f 4781 4783 4776
f 4782 4784 4781
f 4782 4785 4784
f 4781 4784 4786
f 4781 4786 4783
f 4784 4785 4787
f 4787 4786 4784
f 4788 4787 4785
f 4789 4788 4785
f 4790 4786 4787
f 4791 4788 4789
f 4789 4792 4791
f 4788 4793 4787
f 4791 4793 4788
f 4790 4787 4793
f 4794 4791 4792
f 4795 4794 4792
f 4791 4794 4793
f 4790 4793 4796
f 4796 4793 4794
f 4797 4794 4795
f 4795 4798 4797
f 4799 4797 4798
f 4797 4800 4794
f 4801 4797 4799
f 4802 4801 4799
f 4797 4803 4800
f 4801 4803 4797
f 4801 4802 4804
f 4802 4805 4804
f 4801 4804 4806
f 4801 4806 4803
f 4805 4807 4804
f 4807 4808 4804
f 4804 4808 4806
f 4809 4807 4805
f 4810 4809 4805
f 4810 4756 4809
f 4811 4807 4809
f 4811 4808 4807
f 4756 4812 4809
f 4809 4812 4811
f 4812 4756 4749
f 4811 4813 4808
f 4808 4814 4806
f 4808 4813 4814
f 4815 4813 4811
f 4811 4812 4815
f 4815 4812 4816
f 4817 4813 4815
f 4813 4818 4814
f 4813 4817 4818
f 4817 4815 4819
f 4815 4820 4819
f 4820 4821 4819
f 4821 4822 4819
f 4814 4818 4823
f 4817 4824 4818
f 4819 4825 4817
f 4817 4825 4824
f 4819 4826 4825
f 4822 4826 4819
f 4824 4825 4827
f 4826 4827 4825
f 4824 4828 4818
f 4823 4818 4828
f 4824 4827 4829
f 4824 4829 4828
f 4826 4830 4827
f 4831 4829 4827
f 4831 4827 4830
f 4831 4832 4829
f 4828 4829 4832
f 4831 4833 4832
f 4831 4830 4833
f 4834 4828 4832
f 4832 4833 4835
f 4834 4832 4835
f 4835 4833 4836
f 4834 4835 4837
f 4836 4837 4835
f 4836 4833 4838
f 4838 4833 4830
f 4836 4839 4837
f 4840 4836 4838
f 4839 4836 4840
f 4834 4837 4841
f 4839 4841 4837
f 4834 4841 4842
f 4841 4839 4843
f 4828 4834 4844
f 4844 4834 4842
f 4845 4828 4844
f 4823 4828 4845
f 4845 4844 4846
f 4847 4823 4845
f 4846 4847 4845
f 4848 4823 4847
f 4849 4823 4848
f 4814 4823 4849
f 4849 4806 4814
f 4849 4848 4850
f 4851 4806 4849
f 4851 4849 4850
f 4851 4803 4806
f 4852 4848 4847
f 4852 4850 4848
f 4852 4847 4853
f 4847 4846 4853
f 4850 4852 4854
f 4854 4852 4853
f 4851 4850 3005
f 3005 4803 4851
f 4854 4855 4850
f 3005 4850 4855
f 4856 4803 3005
f 4856 4800 4803
f 4856 3006 4800
f 4856 3005 3006
f 4794 4800 4857
f 4794 4857 4796
f 4857 4800 4858
f 4800 3006 4858
f 4857 4859 4796
f 4857 4858 4859
f 4796 4859 4860
f 4858 4861 4859
f 4859 4861 4862
f 4859 4862 4860
f 4858 4863 4861
f 4796 4860 4864
f 4790 4796 4864
f 4864 4860 4865
f 4865 4860 4866
f 4860 4862 4866
f 4867 4864 4865
f 4867 4865 4866
f 4790 4864 4868
f 4786 4790 4868
f 4864 4867 4869
f 4864 4869 4868
f 4786 4868 4870
f 4783 4786 4870
f 4870 4868 4871
f 4868 4869 4871
f 4872 4783 4870
f 4872 4870 4871
f 4867 4873 4869
f 4783 4872 4874
f 4874 4778 4783
f 4872 4871 4875
f 4876 4778 4874
f 4780 4778 4876
f 4872 4877 4874
f 4780 4876 4878
f 4780 4878 4773
f 4879 4876 4874
f 4879 4874 4877
f 4879 4878 4876
f 4878 4772 4773
f 4879 4877 4880
f 4879 4880 4878
f 4881 4877 4872
f 4881 4872 4875
f 4882 4880 4877
f 4881 4882 4877
f 4883 4878 4880
f 4884 4772 4878
f 4883 4884 4878
f 4885 4880 4882
f 4883 4880 4885
f 4885 4882 4886
f 4886 4882 4881
f 4883 4885 4887
f 4883 4887 4884
f 4886 4888 4885
f 4888 4887 4885
f 4881 4889 4886
f 4886 4890 4888
f 4886 4889 4890
f 4772 4884 4891
f 4892 4772 4891
f 4893 4892 4891
f 4892 4893 4894
f 4884 4895 4891
f 4893 4891 4895
f 4896 4895 4884
f 4887 4896 4884
f 4895 4897 4893
f 4894 4893 4897
f 4898 4895 4896
f 4898 4897 4895
f 3113 3110 4899
f 4900 4899 3110
f 3113 4899 3107
f 3110 4901 4900
f 4900 4901 3112
f 3112 4901 3110
f 3108 4899 4900
f 3107 4899 3108
f 3108 4900 3116
f 3112 3116 4900
f 4902 4903 4904
f 4905 4903 4902
f 4905 4906 4903
f 4907 4903 4906
f 4908 4907 4906
f 4909 4908 4906
f 4910 4906 4905
f 4911 4910 4905
f 4911 4912 4910
f 4913 4909 4906
f 4914 4909 4913
f 4913 4915 4914
f 4914 4916 4917
f 4916 4914 4915
f 4915 4918 4916
f 4919 4916 4918
f 4919 4918 4920
f 4921 4919 4920
f 4922 4921 4923
f 4921 4924 4923
f 4921 4920 4924
f 4920 4925 4924
f 4925 4920 4926
f 4927 4926 4920
f 2981 4928 2978
f 2978 4928 3613
f 3613 4928 3607
f 2981 4929 4928
f 2981 2979 4929
f 3607 4928 4930
f 4930 4928 4929
f 3607 4930 3610
f 4929 2979 4931
f 4931 2979 2980
f 4930 4929 4932
f 4929 4931 4932
f 3610 4930 4933
f 4933 4930 4932
f 3610 4933 4934
f 4934 4601 3610
f 4933 4932 4935
f 4932 4931 4935
f 4936 4934 4933
f 4933 4935 4936
f 4934 4937 4601
f 4937 4934 4936
f 4601 4937 4595
f 4599 4595 4937
f 4937 4936 4938
f 4937 4938 4599
f 4936 4935 4938
f 4939 4938 4935
f 4935 4931 4939
f 4940 4938 4939
f 4599 4938 4941
f 4942 4938 4940
f 4942 4941 4938
f 4599 4941 4943
f 4600 4599 4943
f 4944 4941 4942
f 4943 4941 4944
f 4942 4940 4945
f 4600 4943 4946
f 4944 4942 4947
f 4945 4947 4942
f 4940 4948 4945
f 4940 4939 4948
f 4945 4949 4947
f 4950 4945 4948
f 4950 4949 4945
f 4947 4949 4951
f 4944 4947 4951
f 4952 4949 4950
f 4953 4951 4949
f 4952 4953 4949
f 4951 4954 4944
f 4951 4953 4954
f 4955 4953 4952
f 4950 4956 4952
f 4955 4952 4956
f 4950 4957 4956
f 4950 4948 4957
f 4958 4957 4948
f 4939 4958 4948
f 4939 4959 4958
f 4939 4931 4959
f 4931 2980 4959
f 4958 4960 4957
f 4958 4959 4960
f 4956 4957 4961
f 4961 4957 4960
f 4962 4956 4961
f 4962 4955 4956
f 4963 4959 2980
f 4961 4960 4964
f 2980 4965 4963
f 2980 2967 4965
f 2968 4965 2967
f 4966 4963 4965
f 4963 4966 4959
f 2968 4967 4965
f 4966 4965 4967
f 4960 4959 4968
f 4959 4966 4968
f 4960 4968 4964
f 4966 4967 4969
f 4966 4969 4968
f 4970 4967 2968
f 2968 2964 4970
f 2964 2962 4970
f 4971 4967 4970
f 4971 4969 4967
f 4972 4970 2962
f 4971 4970 4972
f 4972 2962 2963
f 4969 4973 4968
f 4973 4964 4968
f 4971 4972 4974
f 2963 4974 4972
f 4975 4969 4971
f 4971 4974 4975
f 4969 4976 4973
f 4973 4976 4964
f 4975 4976 4969
f 4974 2963 4977
f 4975 4974 4977
f 4978 4977 2963
f 4978 2963 2958
f 4977 4979 4975
f 4977 4978 4979
f 4975 4980 4976
f 4975 4979 4980
f 4980 4981 4976
f 4981 4964 4976
f 4982 4978 2958
f 4982 2958 2957
f 4981 4983 4964
f 4961 4964 4983
f 4961 4983 4962
f 4984 4983 4981
f 4984 4981 4980
f 4962 4983 4985
f 4983 4984 4985
f 4985 4986 4962
f 4962 4986 4955
f 4987 4985 4984
f 4984 4980 4988
f 4987 4984 4988
f 4980 4979 4988
f 4986 4985 4987
f 4955 4986 4989
f 4989 4986 4987
f 4987 4990 4989
f 4988 4991 4987
f 4987 4991 4992
f 4992 4990 4987
f 4988 4993 4991
f 4994 4990 4992
f 4988 4995 4993
f 4996 4990 4994
f 4995 4988 4997
f 4998 4990 4996
f 4997 4998 4995
f 4998 4999 4990
f 4999 4998 2939
f 2939 4998 4997
f 4988 5000 4997
f 4988 4979 5000
f 4978 5000 4979
f 5000 4978 5001
f 5000 5001 4997
f 4982 5001 4978
f 2939 4997 5002
f 2936 2939 5002
f 5003 4997 5001
f 5003 5001 4982
f 5003 5002 4997
f 2936 5002 5004
f 5003 5004 5002
f 2938 2936 5004
f 2938 5004 2941
f 5004 5003 5005
f 5003 4982 5005
f 2941 5004 5005
f 4982 2957 5005
f 2941 5005 2957
f 5006 5007 5008
f 5007 5009 5008
f 5007 5006 5010
f 5008 5009 5011
f 5006 5012 5010
f 5013 5011 5009
f 5014 5010 5012
f 5013 5015 5011
f 5012 5016 5014
f 5013 5017 5015
f 5018 5014 5016
f 5015 5017 5019
f 5020 5018 5016
f 5017 5021 5019
f 5020 5022 5018
f 5019 5021 5023
f 5022 5024 5018
f 5021 5025 5023
f 5026 5024 5022
f 5027 5023 5025
f 5028 5024 5026
f 5029 5027 5025
f 5026 5030 5028
f 5031 5027 5029
f 5032 5028 5030
f 5029 5033 5031
f 5034 5032 5030
f 5032 5034 5033
f 5031 5033 5034
f 5035 5036 5037
f 5036 5035 5038
f 5038 5039 5036
f 5038 5035 5040
f 5040 5035 5041
f 5040 5042 5038
f 5040 5043 5042
f 5044 5043 5040
f 5045 5043 5044
f 5042 5043 5045
f 5044 5046 5045
f 5042 5045 5046
f 5047 5046 5044
f 5038 5042 5048
f 5039 5038 5048
f 5042 5049 5048
f 5050 5042 5046
f 5050 5049 5042
f 5051 5050 5046
f 5047 5051 5046
f 5049 5050 5052
f 5049 5052 5048
f 5051 5053 5050
f 5050 5053 5052
f 5054 5048 5052
f 5039 5048 5054
f 5054 5052 5053
f 5055 5039 5054
f 5056 5039 5055
f 5056 5057 5039
f 5054 5058 5055
f 5059 5057 5056
f 5056 5060 5059
f 5059 5060 5035
f 5061 5035 5060
f 5054 5062 5058
f 5054 5053 5062
f 5058 5062 5063
f 5063 5062 5064
f 5062 5053 5064
f 5065 5063 5064
f 5066 5035 5061
f 5041 5035 5066
f 5067 5066 5061
f 5041 5066 5068
f 5066 5067 5068
f 5041 5068 5047
f 5067 5069 5068
f 5064 5070 5065
f 5065 5070 5071
f 5071 5072 5069
f 5072 5068 5069
f 5071 5070 5072
f 5047 5068 5072
f 5064 5072 5070
f 5047 5072 5073
f 5073 5072 5064
f 5047 5073 5051
f 5064 5053 5073
f 5053 5051 5073
f 5074 5075 5076
f 5077 5074 5076
f 5078 5076 5075
f 5077 5079 5074
f 5074 5079 5075
f 5080 5079 5077
f 5081 5079 5080
f 5081 5082 5079
f 5083 5082 5081
f 5084 5075 5079
f 5075 5084 5078
f 5082 5084 5079
f 5083 5084 5082
f 5078 5084 5085
f 5083 5085 5084
f 5086 5087 5088
f 5087 5089 5088
f 5087 5086 5090
f 5091 5088 5089
f 5086 5092 5090
f 5093 5091 5089
f 5094 5090 5092
f 5091 5093 5095
f 5096 5090 5094
f 5095 5097 5091
f 5096 5094 5098
f 5097 5095 5099
f 5100 5096 5098
f 5095 5101 5099
f 5098 5102 5100
f 5099 5101 5103
f 5104 5100 5102
f 5105 5103 5101
f 5106 5104 5102
f 5107 5103 5105
f 5108 5104 5106
f 5103 5107 5109
f 5108 5109 5107
f 5106 5109 5108
f 5110 5111 5112
f 5113 5110 5112
f 5112 5114 5115
f 5112 5115 5116
f 5113 5112 5116
f 5113 5117 5118
f 5113 5119 5117
f 5113 5120 5119
f 5113 5116 5120
f 5120 5121 5119
f 5116 5122 5120
f 5116 5123 5122
f 5123 5124 5122
f 5116 5125 5123
f 5126 5127 5128
f 5127 5129 5128
f 5128 5129 5130
f 5126 5131 5127
f 5132 5131 5126
f 5133 5129 5127
f 5127 5131 5133
f 5129 5134 5130
f 5130 5134 5135
f 5136 5129 5133
f 5129 5136 5134
f 5133 5131 5137
f 5136 5133 5137
f 5138 5131 5132
f 5138 5137 5131
f 5139 5138 5132
f 5140 5138 5139
f 5140 5137 5138
f 5139 5141 5140
f 5142 5136 5137
f 5142 5137 5140
f 5141 5143 5140
f 5143 5142 5140
f 5144 5143 5141
f 5145 5143 5144
f 5145 5142 5143
f 5145 5144 5146
f 5142 5147 5136
f 5142 5145 5147
f 5136 5147 5148
f 5136 5148 5134
f 5147 5145 5149
f 5145 5146 5149
f 5148 5147 5149
f 5150 5149 5146
f 5148 5151 5134
f 5151 5148 5149
f 5151 5149 5150
f 5134 5151 5135
f 5135 5151 5150
f 5152 5153 4578
f 5154 5152 4578
f 5154 4578 4572
f 5154 4572 5155
f 4577 5155 4572
f 5152 5154 5156
f 5155 5156 5154
f 5153 5152 5156
f 4577 5156 5155
f 5153 5156 5157
f 5156 4577 5157
f 5158 5153 5157
f 4594 5157 4577
f 5159 5158 5157
f 5159 5160 5158
f 5161 5159 5157
f 5160 5162 5158
f 5160 5159 5162
f 5159 5161 5163
f 5163 5162 5159
f 5163 5161 5164
f 5157 5164 5161
f 5157 4594 5164
f 4594 5165 5164
f 4594 5162 5165
f 5162 5166 5158
f 5162 5167 5166
f 5167 5168 5166
f 4594 5169 5162
f 5162 5169 5167
f 5170 5168 5167
f 5169 5170 5167
f 5170 5171 5168
f 4594 5172 5169
f 5169 5172 5170
f 4594 4592 5172
f 5170 5173 5171
f 5170 5172 5173
f 5172 4592 5174
f 5172 5174 5173
f 4600 5174 4592
f 4600 4946 5174
f 5174 4946 5175
f 5174 5175 5173
f 5176 5175 4946
f 5177 5171 5173
f 5177 5173 5175
f 5176 5177 5175
f 5177 5176 5171
f 2282 5178 2281
f 2281 5179 2279
f 2281 5178 5179
f 5180 2279 5179
f 5181 5179 5178
f 5181 5180 5179
f 2282 5182 5178
f 2285 3229 2282
f 2282 3229 5182
f 2285 3231 3229
f 2284 3231 2285
f 5178 5182 5183
f 5178 5183 5181
f 3226 5182 3229
f 5182 5184 5183
f 3226 5184 5182
f 5185 5183 5184
f 5183 5186 5181
f 5186 5183 5185
f 5187 5181 5186
f 5188 5181 5187
f 5180 5181 5188
f 5186 5189 5187
f 5186 5185 5189
f 5188 5190 5180
f 5188 5187 5190
f 5191 5187 5189
f 5189 5185 5192
f 5191 5189 5192
f 5193 5192 5185
f 5191 5192 5194
f 5192 5193 5194
f 5195 5193 5185
f 5185 5184 5195
f 5195 5184 5196
f 3226 5196 5184
f 5193 5195 5197
f 5195 5196 5198
f 5195 5198 5197
f 5193 5197 5199
f 5193 5199 5194
f 5198 5200 5197
f 5197 5200 5199
f 5198 5196 5201
f 3226 5201 5196
f 5202 5200 5198
f 5202 5198 5201
f 5203 5199 5200
f 5203 5200 5204
f 5202 5204 5200
f 5205 5203 5204
f 5205 5204 3223
f 5204 5202 3223
f 5202 5201 3223
f 5201 3224 3223
f 3226 3224 5201
f 5206 5207 5208
f 3127 5208 5209
f 5209 5208 5207
f 5207 5210 5209
f 3127 5209 3129
f 5209 5210 5211
f 5211 3129 5209
f 3129 5211 5212
f 5210 5213 5211
f 5212 5211 5213
f 5210 5214 5213
f 5212 5213 5215
f 5215 5213 5216
f 5216 5213 5217
f 5217 5213 5218
f 5218 5213 5219
f 5218 5219 5220
f 5219 5213 5221
f 5222 5220 5219
f 5219 5221 5223
f 5223 5221 5224
f 5224 5221 5225
f 5220 5222 5226
f 5227 5225 5221
f 5227 5221 5228
f 5227 5228 5229
f 5227 5229 5230
f 5227 5231 5225
f 5232 5231 5227
f 5231 5232 5222
f 5226 5222 5232
f 5233 5234 5232
f 5226 5232 5234
f 5226 5234 5235
f 5226 5235 5236
f 5236 5235 5237
f 5226 5236 5238
f 5236 5239 5238
f 5240 5239 5236
f 5239 5240 5241
f 5241 5240 5242
f 5243 5242 5240
f 5244 5242 5243
f 5242 5244 5245
f 5246 5245 5244
f 5247 5245 5246
f 5248 5247 5246
f 5249 5247 5248
f 5250 5249 5248
f 5248 5251 5250
f 5252 5250 5251
f 5252 5251 5253
f 5253 5254 5252
f 5253 5255 5254
f 5255 5256 5254
f 5257 5254 5256
f 5257 5256 5258
f 5258 5259 5260
f 5260 5257 5258
f 5257 5261 5254
f 5262 5261 5257
f 5263 5261 5262
f 5257 5264 5262
f 5263 5265 5261
f 5257 5266 5264
f 5267 5265 5263
f 5268 5266 5257
f 5265 5267 5269
f 5268 5270 5266
f 5271 5269 5272
f 5269 5273 5272
f 5267 5274 5269
f 5269 5274 5273
f 5275 5274 5267
f 5270 5274 5275
f 5268 5276 5270
f 5277 5276 5268
f 5277 5278 5276
f 5270 5276 5279
f 5277 5280 5278
f 5270 5279 5281
f 5274 5270 5281
f 5281 5279 5282
f 5283 5282 5279
f 5284 5281 5282
f 5284 5274 5281
f 5282 5283 5285
f 5226 5274 5284
f 5283 5286 5285
f 5238 5274 5226
f 5286 5287 5285
f 5273 5274 5238
f 5280 5287 5286
f 5273 5238 5288
f 5288 5238 5289
f 5290 5287 5280
f 5290 5280 5291
f 5280 5292 5291
f 5291 5292 5293
f 5294 5295 5296
f 5295 5297 5296
f 5298 5295 5294
f 5296 5297 5299
f 5297 5300 5299
f 5301 5299 5300
f 5301 5296 5299
f 5302 5301 5300
f 5303 5301 5302
f 5296 5301 5303
f 5302 5304 5303
f 5296 5305 5294
f 5296 5306 5305
f 5296 5303 5306
f 5294 5305 5307
f 5304 5308 5303
f 5294 5309 5298
f 5294 5307 5309
f 5298 5309 5310
f 5311 5310 5309
f 5312 5310 5311
f 5311 5313 5312
f 5313 5314 5312
f 5309 5307 5315
f 5316 5312 5314
f 5315 5307 5317
f 5317 5318 5315
f 5317 5314 5318
f 5319 5316 5314
f 5316 5319 5320
f 5320 5308 5304
f 5319 5308 5320
f 5321 5308 5319
f 5321 5319 5314
f 5322 5314 5317
f 5321 5314 5322
f 5323 5322 5317
f 5307 5323 5317
f 5321 5322 5324
f 5323 5324 5322
f 5323 5307 5325
f 5323 5325 5324
f 5326 5325 5307
f 5327 5325 5326
f 5325 5327 5328
f 5326 5328 5327
f 5325 5328 5324
f 5306 5328 5326
f 5324 5329 5321
f 5328 5329 5324
f 5321 5329 5330
f 5330 5308 5321
f 5328 5331 5329
f 5331 5330 5329
f 5306 5331 5328
f 5332 5308 5330
f 5330 5331 5332
f 5331 5306 5332
f 5332 5303 5308
f 5303 5332 5306
f 5333 5334 5335
f 5333 5336 5337
f 5333 5335 5336
f 5338 5339 5336
f 5335 5338 5336
f 5340 5341 5338
f 5342 5340 5338
f 5335 5342 5338
f 5342 5343 5340
f 5335 5344 5345
f 5335 5345 5346
f 5335 5346 5342
f 5346 5347 5342
f 5347 5348 5342
f 5346 5349 5347
f 3720 5350 3728
f 3720 3721 5350
f 5351 3728 5350
f 3730 3728 5352
f 3728 5351 5352
f 3730 5352 5353
f 5354 3730 5353
f 3729 3730 5354
f 5353 5352 5355
f 5352 5351 5355
f 5356 3729 5354
f 5351 5357 5355
f 5358 5355 5357
f 5358 5357 5359
f 5358 5359 5360
f 5351 5361 5357
f 5357 5361 5359
f 5351 5362 5361
f 5362 5351 5350
f 5361 5363 5359
f 5362 5363 5361
f 5360 5359 5364
f 5360 5364 5365
f 5366 5365 5364
f 5367 5359 5363
f 5367 5364 5359
f 5368 5363 5362
f 5363 5369 5367
f 5363 5368 5369
f 5367 5369 5370
f 5367 5371 5364
f 5367 5370 5371
f 5364 5371 5372
f 5373 5366 5364
f 5373 5364 5372
f 5366 5373 5374
f 5375 5366 5374
f 5374 5376 5375
f 5371 5370 5377
f 5372 5371 5377
f 5373 5372 5378
f 5374 5373 5378
f 5372 5377 5379
f 5376 5374 5380
f 5356 5376 5380
f 5356 5380 3729
f 5381 3729 5380
f 3729 5381 3727
f 3727 5381 5382
f 5381 5380 5383
f 5383 5380 5374
f 5381 5383 5382
f 5384 5383 5374
f 5382 5383 5384
f 5374 5378 5384
f 5382 5384 5385
f 5385 5384 5386
f 5386 5384 5387
f 5384 5378 5387
f 5386 5387 5388
f 5389 5387 5378
f 5389 5388 5387
f 5378 5372 5389
f 5372 5379 5389
f 5388 5389 5390
f 5390 5389 5379
f 5391 5388 5390
f 5391 5390 5392
f 5392 5390 5393
f 5379 5393 5390
f 5392 5393 5394
f 5393 5395 5394
f 5394 5395 5396
f 5393 5397 5395
f 5379 5397 5393
f 5396 5395 5398
f 5397 5398 5395
f 5396 5398 5399
f 5379 5400 5397
f 5379 5377 5400
f 5370 5400 5377
f 5399 5398 5401
f 5399 5401 5402
f 5403 5398 5397
f 5397 5400 5403
f 5404 5401 5398
f 5403 5404 5398
f 5402 5401 5405
f 5406 5402 5405
f 5407 5401 5404
f 5401 5407 5405
f 5408 5404 5403
f 5407 5404 5408
f 5407 5408 5409
f 5410 5409 5408
f 5408 5403 5411
f 5410 5408 5411
f 5403 5400 5411
f 5412 5413 5414
f 5412 5414 5415
f 5414 5413 5416
f 5412 5415 5417
f 5418 5416 5413
f 5419 5417 5415
f 5420 5418 5413
f 5418 5420 5421
f 5422 5413 5412
f 5422 5412 5417
f 5419 5423 5417
f 5419 5424 5423
f 5424 5425 5423
f 5423 5425 5417
f 5426 5425 5424
f 5427 5413 5422
f 5420 5413 5427
f 5428 5422 5417
f 5428 5417 5425
f 5422 5429 5427
f 5422 5428 5429
f 5420 5427 5430
f 5426 5431 5425
f 5432 5431 5426
f 5433 5420 5430
f 5421 5420 5433
f 5434 5421 5433
f 5434 5433 5435
f 5432 5435 5436
f 5432 5436 5431
f 5435 5433 5436
f 5437 5431 5436
f 5437 5436 5433
f 5431 5437 5425
f 5437 5433 5430
f 5438 5430 5427
f 5437 5430 5438
f 5438 5427 5429
f 5425 5437 5439
f 5425 5439 5428
f 5440 5437 5438
f 5439 5437 5440
f 5441 5438 5429
f 5429 5428 5441
f 5441 5440 5438
f 5441 5428 5439
f 5441 5439 5440
f 5442 5443 5444
f 5442 5444 5445
f 5446 5442 5445
f 5444 5447 5445
f 5447 5448 5445
f 5444 5449 5447
f 5444 5450 5449
f 5450 5451 5449
f 5451 5452 5449
f 5453 5454 5455
f 5456 5455 5454
f 5455 5457 5453
f 5458 5456 5454
f 5459 5453 5457
f 5456 5458 5460
f 5461 5459 5457
f 5458 5462 5460
f 5459 5461 5463
f 5460 5462 5464
f 5461 5465 5463
f 5462 5466 5464
f 5467 5463 5465
f 5468 5464 5466
f 5463 5467 5469
f 5470 5468 5466
f 5471 5469 5467
f 5472 5468 5470
f 5469 5471 5473
f 5474 5472 5470
f 5471 5475 5473
f 5476 5472 5474
f 5477 5473 5475
f 5478 5476 5474
f 5479 5477 5475
f 5479 5476 5478
f 5477 5479 5478
f 5480 5481 5482
f 5480 5482 5483
f 5480 5483 5484
f 5482 5485 5483
f 5486 5487 5483
f 5488 5486 5483
f 5485 5488 5483
f 5485 5489 5488
f 5489 5490 5488
f 5491 5492 5493
f 5493 5494 5491
f 5495 5496 5497
f 5496 5498 5497
f 5498 5499 5500
f 5496 5499 5498
f 5496 5501 5499
f 5496 5495 5502
f 5503 5501 5496
f 5504 5501 5503
f 5505 5504 5503
f 5503 5496 5506
f 5503 5506 5507
f 5507 5506 5508
f 5507 5508 5509
f 5507 5509 5510
f 5510 5511 5507
f 5507 5511 5512
f 5512 5511 5513
f 5510 5514 5511
f 5502 5514 5510
f 5502 5495 5514
f 5515 5514 5495
f 5514 5515 5516
f 5517 5514 5516
f 5516 5515 5518
f 5518 5515 5519
f 5519 5515 5520
f 5519 5520 5521
f 5522 5523 5524
f 5524 5523 5525
f 5522 5524 5526
f 5522 5527 5523
f 5526 5524 5528
f 5525 5528 5524
f 5522 5526 5529
f 5530 5522 5529
f 5522 5530 5527
f 5176 5529 5526
f 5530 5529 5531
f 5176 5531 5529
f 5176 5526 5171
f 5171 5526 5528
f 5532 5527 5530
f 5533 5530 5531
f 5533 5532 5530
f 5533 5531 5534
f 5176 5534 5531
f 5533 4954 5532
f 4944 4954 5533
f 4944 5533 5534
f 4954 4953 5532
f 4944 5534 4943
f 5534 4946 4943
f 5534 5176 4946
f 5532 4953 5535
f 5535 5527 5532
f 4953 4955 5535
f 5535 4955 4989
f 5527 5535 5536
f 5536 5535 4989
f 5536 5523 5527
f 4989 5537 5536
f 5536 5537 5523
f 4989 4990 5537
f 5525 5523 5537
f 4990 5525 5537
f 5538 5525 4990
f 5538 5539 5525
f 5525 5539 5528
f 5528 5539 5540
f 5539 5541 5540
f 5539 5542 5541
f 5542 5539 5543
f 5544 5541 5542
f 5540 5541 5544
f 5545 5542 5543
f 5542 5545 5544
f 5543 5546 5545
f 5546 5547 5545
f 5545 5547 5544
f 5544 4566 5540
f 5528 5540 5168
f 5548 5540 4566
f 5528 5168 5171
f 5548 4566 5549
f 5549 4566 4571
f 5550 5540 5548
f 5168 5540 5550
f 5550 5548 5551
f 4578 5549 4571
f 5549 5552 5548
f 5551 5548 5553
f 5553 5548 5552
f 5550 5551 5554
f 5554 5551 5553
f 5166 5550 5554
f 5166 5168 5550
f 5555 5552 5549
f 5555 5553 5552
f 5549 5556 5555
f 4578 5556 5549
f 5555 5556 5153
f 4578 5153 5556
f 5553 5555 5153
f 5158 5554 5553
f 5554 5158 5166
f 5158 5553 5153
f 5557 5558 5559
f 5558 5560 5559
f 5561 5557 5559
f 5562 5560 5558
f 5557 5561 5563
f 5564 5560 5562
f 5565 5563 5561
f 5562 5566 5564
f 5567 5563 5565
f 5568 5564 5566
f 5565 5569 5567
f 5570 5568 5566
f 5567 5569 5571
f 5572 5568 5570
f 5573 5571 5569
f 5570 5574 5572
f 5575 5571 5573
f 5576 5572 5574
f 5577 5575 5573
f 5578 5576 5574
f 5575 5577 5579
f 5578 5580 5576
f 5577 5581 5579
f 5581 5576 5580
f 5579 5581 5580
f 5582 5583 5584
f 5585 5586 5587
f 5588 5586 5585
f 5589 5588 5585
f 5583 5590 5584
f 5591 5587 5584
f 5591 5585 5587
f 5590 5591 5584
f 5583 5592 5590
f 5593 5591 5590
f 5593 5590 5592
f 5594 5585 5591
f 5593 5594 5591
f 5589 5585 5594
f 5593 5592 5594
f 5594 5592 5595
f 5596 5595 5592
f 5595 5596 5597
f 5594 5595 5598
f 5594 5598 5589
f 5595 5597 5599
f 5598 5595 5599
f 5598 5600 5589
f 5598 5599 5600
f 5601 5589 5600
f 5601 5600 5602
f 5602 5603 5601
f 5600 5599 5602
f 5602 5599 5604
f 5605 5602 5604
f 5604 5599 5606
f 5599 5597 5606
f 5607 5602 5605
f 5602 5607 5603
f 5608 5603 5607
f 5597 5609 5606
f 5610 5606 5609
f 5611 5606 5610
f 5611 5610 5612
f 5610 5609 5613
f 5610 5613 5612
f 5613 5609 5614
f 5615 5614 5609
f 5616 5612 5613
f 5613 5614 5616
f 5615 5617 5614
f 5618 5617 5615
f 5616 5614 5619
f 5619 5614 5617
f 5612 5616 5620
f 5616 5619 5620
f 5612 5620 5611
f 5617 5618 5621
f 5618 5622 5621
f 5619 5617 5623
f 5617 5621 5624
f 5624 5623 5617
f 5622 5625 5621
f 5625 5624 5621
f 5626 5625 5622
f 5619 5627 5620
f 5619 5623 5627
f 5627 5628 5620
f 5611 5620 5628
f 5627 5623 5629
f 5624 5629 5623
f 5627 5629 5630
f 5628 5627 5630
f 5629 5631 5630
f 5632 5611 5628
f 5624 5633 5629
f 5629 5633 5631
f 5624 5634 5633
f 5625 5634 5624
f 5635 5611 5632
f 5636 5611 5635
f 5632 5637 5635
f 5632 5638 5637
f 5638 5632 5628
f 5639 5637 5638
f 5640 5637 5639
f 5641 5640 5639
f 5635 5637 5641
f 5639 5638 5641
f 5642 5638 5628
f 5641 5638 5642
f 5628 5643 5642
f 5644 5635 5641
f 5644 5636 5635
f 5641 5642 5645
f 5641 5645 5644
f 5642 5643 5646
f 5642 5646 5645
f 5631 5646 5643
f 5644 5647 5636
f 5646 5648 5645
f 5644 5649 5647
f 5644 5645 5649
f 5649 5650 5647
f 5636 5647 5651
f 5636 5651 5607
f 5652 5649 5645
f 5652 5650 5649
f 5645 5653 5652
f 5652 5654 5650
f 5654 5652 5653
f 5655 5650 5654
f 5656 5654 5653
f 5656 5655 5654
f 5653 5657 5656
f 5656 5657 5658
f 5655 5656 5658
f 5657 5659 5658
f 5657 5660 5659
f 5661 5658 5659
f 5659 5660 5661
f 5661 5662 5658
f 5655 5658 5662
f 5663 5662 5661
f 5655 5662 5664
f 5661 5665 5663
f 5661 5660 5665
f 5663 5666 5662
f 5666 5664 5662
f 5655 5664 5667
f 5655 5667 5668
f 5666 5669 5664
f 5669 5670 5664
f 5667 5664 5670
f 5669 5666 5671
f 5667 5672 5668
f 5670 5669 5673
f 5669 5671 5673
f 5674 5668 5672
f 5666 5663 5675
f 5666 5675 5671
f 5663 5676 5675
f 5663 5665 5676
f 5671 5675 5677
f 5676 5677 5675
f 5676 5678 5677
f 5678 5679 5677
f 5680 5679 5678
f 5681 5677 5679
f 5680 5681 5679
f 5671 5677 5681
f 5682 5681 5680
f 5682 5671 5681
f 5671 5682 5673
f 5683 5673 5682
f 5683 5682 5684
f 5685 5673 5683
f 5682 5686 5684
f 5687 5673 5685
f 5687 5670 5673
f 5688 5687 5685
f 5684 5686 5689
f 5670 5687 5690
f 5690 5667 5670
f 5691 5687 5688
f 5690 5687 5691
f 5692 5691 5688
f 5690 5693 5667
f 5690 5691 5693
f 5692 5694 5691
f 5691 5694 5693
f 5695 5694 5692
f 5667 5693 5672
f 5696 5694 5695
f 5696 5693 5694
f 5695 5697 5696
f 5693 5698 5672
f 5696 5698 5693
f 5697 5699 5696
f 5699 5698 5696
f 5608 5699 5697
f 5700 5672 5698
f 5700 5698 5699
f 5672 5700 5701
f 5672 5701 5674
f 5702 5674 5701
f 5700 5702 5701
f 5702 5651 5674
f 5700 5699 5703
f 5702 5700 5703
f 5608 5703 5699
f 5651 5702 5703
f 5608 5607 5703
f 5651 5703 5607
f 5704 5705 5706
f 5706 5707 5704
f 5708 5709 5710
f 5711 3814 3813
f 3801 3811 5712
f 3814 5712 3811
f 5712 5713 3801
f 3804 3801 5713
f 5712 5714 5713
f 5714 5715 5713
f 5714 5712 5716
f 5716 5712 3814
f 5717 5714 5716
f 5717 5716 5718
f 5718 5716 5719
f 5715 5720 5713
f 3804 5713 5720
f 5715 5721 5720
f 5719 5716 5722
f 5719 5722 5723
f 3814 5724 5716
f 5722 5716 5724
f 5711 5724 3814
f 5711 5725 5724
f 5724 5725 5722
f 5711 5726 5725
f 5722 5725 5727
f 5722 5727 5723
f 5725 5726 5727
f 5723 5727 5728
f 5729 5723 5728
f 5730 5727 5726
f 5728 5727 5730
f 5731 5730 5726
f 5729 5728 5732
f 5729 5732 5733
f 5730 5732 5728
f 5734 5735 5736
f 5734 5736 5737
f 5736 5738 5737
f 5739 5734 5737
f 5739 5737 5740
f 5741 5739 5740
f 5737 5742 5740
f 5737 5743 5742
f 5743 5744 5742
f 5745 5746 5747
f 5745 5747 5748
f 5747 5749 5748
f 5750 5745 5748
f 5750 5748 5751
f 5752 5750 5751
f 5748 5753 5751
f 5748 5754 5753
f 5754 5755 5753
f 5756 5757 5758
f 5759 5758 5757
f 5760 5759 5757
f 5761 5758 5759
f 5760 5762 5759
f 5761 5759 5762
f 5763 5758 5761
f 5758 5764 5756
f 5758 5763 5764
f 5757 5756 4894
f 5761 5765 5763
f 5756 5764 5766
f 5756 5766 4892
f 5756 4892 4894
f 5766 5764 5767
f 5763 5768 5764
f 5768 5767 5764
f 5763 5769 5768
f 5763 5765 5769
f 5768 5770 5767
f 5768 5769 5770
f 4771 5766 5767
f 4771 4892 5766
f 4762 5767 5770
f 4771 5767 4762
f 5770 5769 5771
f 4772 4892 4771
f 5772 5769 5765
f 5772 5771 5769
f 5773 5772 5765
f 5770 5771 5774
f 4762 5770 5774
f 5772 5775 5771
f 5775 5772 5776
f 5773 5776 5772
f 5775 4732 5771
f 5775 5776 4737
f 5775 4737 4732
f 5774 5771 5777
f 5771 4732 5777
f 5774 5777 4728
f 4732 4729 5777
f 4728 5777 4729
f 4728 4734 5774
f 4762 5774 4734
f 5778 5779 5780
f 5781 5779 5778
f 5782 5779 5781
f 5783 5784 5785
f 5786 5784 5783
f 5787 5779 5782
f 5787 5788 5779
f 5788 5787 5789
f 5790 5787 5782
f 5790 5791 5787
f 5790 5792 5791
f 5793 5792 5790
f 5793 5794 5792
f 5795 5794 5793
f 5795 5796 5794
f 5797 5796 5795
f 5797 5798 5796
f 5799 5798 5797
f 5799 5800 5798
f 5800 5799 5801
f 5801 5802 5800
f 5800 5802 5803
f 5801 5804 5802
f 5800 5803 5786
f 5786 5803 5784
f 5804 5801 5805
f 5784 5803 5806
f 5807 5784 5806
f 5808 5806 5803
f 5809 5808 5803
f 5809 5810 5808
f 5809 5811 5810
f 5812 5810 5811
f 5805 5812 5811
f 5813 5812 5805
f 5801 5813 5805
f 5806 5814 5807
f 5807 5814 5815
f 5806 5816 5814
f 5807 5815 5817
f 5806 5818 5816
f 5817 5815 5819
f 5820 5818 5806
f 5817 5819 5821
f 5818 5820 5822
f 5817 5821 5823
f 5824 5822 5820
f 5813 5824 5825
f 5824 5826 5822
f 5824 5813 5826
f 5822 5826 5827
f 5823 5821 5828
f 5801 5826 5813
f 5827 5826 5829
f 5801 5830 5826
f 5831 5830 5801
f 5826 5830 5832
f 5829 5826 5833
f 5826 5832 5834
f 5829 5833 5835
f 5834 5832 5836
f 5835 5833 5837
f 5838 5834 5836
f 5835 5837 5839
f 5840 5838 5836
f 5839 5837 5841
f 5839 5841 5842
f 5842 5841 5843
f 5843 5841 5844
f 5844 5845 5843
f 5844 5841 5846
f 5846 5841 5847
f 5846 5847 5848
f 5846 5848 5849
f 5846 5849 5828
f 5828 5849 5850
f 5823 5828 5850
f 5823 5850 5851
f 5823 5851 5852
f 5852 5851 5853
f 4459 3766 3760
f 3759 4459 3760
f 4459 5854 4457
f 4459 3759 5854
f 3759 5855 5854
f 5855 5856 5854
f 5854 5856 5857
f 5854 5857 4457
f 5856 5858 5857
f 4457 5857 4453
f 5857 5858 5859
f 4453 5857 5859
f 5860 5859 5858
f 4453 5859 4454
f 5861 5859 5860
f 4454 5859 5861
f 5861 5860 5862
f 4450 4454 5861
f 5863 5861 5862
f 4450 5861 5863
f 5864 5863 5862
f 4448 4450 5863
f 5864 4448 5863
f 5865 4862 5866
f 5865 4866 4862
f 5866 5867 5868
f 5865 5866 5868
f 5869 4866 5865
f 5865 5868 5869
f 5868 5867 5870
f 5869 5868 5870
f 5871 5867 5872
f 5871 5870 5867
f 5869 5873 4866
f 4867 4866 5873
f 5873 4873 4867
f 5869 5874 5873
f 5874 4873 5873
f 5870 5875 5869
f 5875 5874 5869
f 5871 5876 5870
f 5875 5870 5876
f 5874 5877 4873
f 5874 5875 5877
f 4873 5877 5878
f 5875 5879 5877
f 5875 5876 5879
f 5879 5880 5877
f 5880 5878 5877
f 5880 5879 5881
f 5882 5879 5876
f 5879 5882 5881
f 5880 5881 5883
f 5883 5878 5880
f 5881 5882 5884
f 5883 5881 5884
f 5882 5876 5885
f 5886 5884 5882
f 5882 5885 5886
f 5884 5886 5887
f 5884 5887 5888
f 5888 5883 5884
f 5886 5889 5887
f 5890 5888 5887
f 5889 5890 5887
f 5886 5891 5889
f 5885 5891 5886
f 5892 5890 5889
f 5892 5889 5891
f 5890 5893 5888
f 5888 5894 5883
f 5888 5893 5894
f 5890 5895 5893
f 5890 5892 5895
f 5893 5896 5894
f 5893 5897 5896
f 5897 5893 5895
f 5898 5894 5896
f 5899 5897 5895
f 5899 5895 5900
f 5892 5900 5895
f 5901 5894 5898
f 5883 5894 5901
f 5901 5898 4889
f 5883 5901 5902
f 5902 5878 5883
f 4889 5903 5901
f 5902 5901 5903
f 4889 4881 5903
f 5904 5878 5902
f 5904 5902 5903
f 4881 5905 5903
f 5905 5904 5903
f 4875 5905 4881
f 5904 5906 5878
f 4873 5878 5906
f 4869 4873 5906
f 5906 5904 5907
f 4869 5906 5907
f 5904 5905 5907
f 4875 5907 5905
f 4871 4869 5907
f 4871 5907 4875
f 5908 5909 5910
f 5910 5911 5908
f 5912 5913 5914
f 5912 5915 5913
f 5913 5916 5914
f 5917 5912 5914
f 5913 5918 5916
f 5918 5913 5919
f 5913 5915 5919
f 5918 5920 5916
f 5918 5919 5920
f 5915 5921 5919
f 5921 5922 5919
f 5923 5921 5915
f 5924 5919 5922
f 5919 5924 5920
f 5925 5923 5915
f 5926 5923 5925
f 5927 5925 5915
f 5927 5915 5912
f 5926 5925 5928
f 5926 5928 5929
f 5927 5930 5925
f 5925 5930 5928
f 5912 5931 5927
f 5931 5930 5927
f 5912 5917 5931
f 5930 5932 5928
f 5931 5932 5930
f 5929 5928 5933
f 5931 5934 5932
f 5931 5917 5934
f 5935 5928 5932
f 5933 5928 5935
f 5935 5932 5934
f 5929 5933 5936
f 5936 5933 5937
f 5938 5936 5937
f 5933 5939 5937
f 5938 5937 5939
f 5935 5940 5933
f 5939 5933 5940
f 5935 5941 5940
f 5941 5935 5934
f 5942 5939 5940
f 5942 5940 5941
f 5938 5939 5943
f 5942 5943 5939
f 5944 5945 5946
f 5944 5946 5947
f 5948 5944 5947
f 5946 5949 5947
f 5946 5950 5949
f 5949 5951 5947
f 5951 5952 5947
f 5949 5953 5951
f 5954 5955 5956
f 5954 5957 5958
f 5954 5956 5957
f 5956 5959 5957
f 5956 5960 5959
f 5956 5961 5960
f 5956 5962 5961
f 5956 5963 5962
f 5964 5965 5966
f 5967 5966 5965
f 5968 5965 5964
f 5969 5966 5967
f 5969 5967 5970
f 5971 5969 5970
f 5964 5972 5968
f 5968 5972 5973
f 5972 5974 5973
f 5974 5975 5973
f 5976 5973 5975
f 5975 5977 5976
f 5975 5978 5977
f 5978 5979 5977
f 5979 5980 5977
f 5979 5981 5980
f 5981 5982 5980
f 5982 5983 5980
f 5980 5984 5977
f 5984 5985 5977
f 5980 5986 5984
f 5983 5987 5980
f 5987 5988 5980
f 5983 5989 5987
f 5990 5991 5992
f 5992 5991 5993
f 5990 5994 5991
f 5995 5991 5994
f 5991 5995 5993
f 5995 5994 5996
f 5995 5996 5997
f 5995 5997 5993
f 5992 5993 5998
f 5990 5999 5994
f 5992 6000 5990
f 5999 6001 5994
f 5994 6001 5996
f 5990 6002 5999
f 6001 5999 6003
f 6004 6003 5999
f 5999 6002 6004
f 6001 6003 6005
f 5996 6001 6005
f 6004 6006 6003
f 6006 6005 6003
f 6006 6004 6007
f 6004 6002 6007
f 6006 6008 6005
f 5990 6009 6002
f 5990 6000 6009
f 6010 6007 6002
f 6010 6002 6009
f 6011 6007 6010
f 6008 6012 6005
f 5996 6005 6012
f 6011 6010 6013
f 6014 6010 6009
f 6014 6013 6010
f 6009 6000 6014
f 6011 6013 6015
f 6015 6013 6014
f 6016 6011 6015
f 6014 6000 6017
f 6014 6017 6015
f 6015 6018 6016
f 6015 6017 6018
f 6016 6018 6019
f 6016 6019 6020
f 6000 6021 6017
f 5992 6021 6000
f 6022 6018 6017
f 6022 6017 6021
f 5998 6021 5992
f 6023 6018 6022
f 6019 6018 6023
f 6022 6021 6024
f 5998 6024 6021
f 6025 6023 6022
f 6025 6022 6024
f 6019 6023 6026
f 6025 6026 6023
f 6026 6020 6019
f 6027 6026 6025
f 6028 6020 6026
f 6028 6026 6027
f 6029 6020 6028
f 6030 6025 6024
f 6027 6025 6030
f 6030 6024 6031
f 6031 6024 5998
f 6030 6032 6027
f 6028 6033 6029
f 6031 6034 6030
f 6030 6034 6032
f 6035 6031 5998
f 6035 5998 5993
f 6033 6028 6036
f 6028 6027 6036
f 6035 5993 6037
f 6027 6038 6036
f 6027 6032 6038
f 6033 6036 6039
f 6038 6039 6036
f 6040 6033 6039
f 6029 6033 6040
f 6029 6040 6041
f 6040 6039 6042
f 6042 6041 6040
f 6038 6043 6039
f 6042 6039 6043
f 6038 6032 6043
f 6044 6041 6042
f 6045 6041 6044
f 6044 6042 6046
f 6046 6042 6043
f 6044 6047 6045
f 6044 6046 6047
f 6047 6048 6045
f 6045 6048 6049
f 6050 6047 6046
f 6050 6048 6047
f 6046 6043 6051
f 6050 6046 6051
f 6049 6048 6052
f 6050 6053 6048
f 6050 6051 6053
f 6052 6048 6054
f 6054 6048 6053
f 6049 6052 6055
f 6055 6052 6054
f 6056 6057 6058
f 6056 6059 6057
f 6058 6057 6060
f 6061 6062 6058
f 6061 6058 6060
f 6061 6063 6062
f 6062 6063 6064
f 6065 6057 6059
f 6065 6059 6066
f 6064 6063 6067
f 6068 6064 6067
f 6057 6065 6069
f 6065 6066 6070
f 6065 6070 6069
f 6071 6066 6072
f 6066 6073 6070
f 6071 6073 6066
f 6071 6072 6074
f 6057 6069 6075
f 6060 6057 6075
f 6076 6073 6071
f 6075 6069 6077
f 6069 6070 6078
f 6079 6070 6073
f 6079 6078 6070
f 6080 6069 6078
f 6077 6069 6080
f 6079 6081 6078
f 6082 6079 6073
f 6082 6073 6076
f 6083 6079 6082
f 6083 6081 6079
f 6080 6078 6084
f 6078 6081 6084
f 6077 6080 6085
f 6080 6084 6086
f 6085 6080 6086
f 6085 6087 6077
f 6087 6075 6077
f 6088 6075 6087
f 6060 6075 6088
f 6089 6087 6085
f 6085 6086 6090
f 6089 6085 6090
f 6091 6087 6089
f 6088 6087 6091
f 6092 6060 6088
f 6061 6060 6092
f 6061 6092 6093
f 6093 6063 6061
f 6093 6092 6088
f 6091 6093 6088
f 6093 6094 6063
f 6094 6067 6063
f 6091 6095 6093
f 6095 6094 6093
f 6095 6091 6096
f 6094 6097 6067
f 6097 6098 6067
f 6095 6099 6094
f 6094 6099 6097
f 6068 6067 6098
f 6100 6095 6096
f 6096 6091 6101
f 6096 6101 6100
f 6089 6101 6091
f 6089 6102 6101
f 6089 6090 6102
f 6103 6100 6101
f 6103 6101 6102
f 6104 6095 6100
f 6103 6105 6100
f 6100 6105 6104
f 6106 6095 6104
f 6106 6099 6095
f 6099 6098 6097
f 6106 6107 6099
f 6107 6098 6099
f 6104 6105 6106
f 6108 6107 6106
f 6109 6098 6107
f 6109 6110 6098
f 6111 6109 6107
f 6111 6110 6109
f 6108 6111 6107
f 6112 6108 6106
f 6112 6106 6113
f 6113 6106 6105
f 6114 6108 6112
f 6111 6108 6114
f 6113 6105 6115
f 6105 6103 6115
f 6113 6115 6116
f 6113 6117 6112
f 6114 6112 6117
f 6117 6113 6116
f 6114 6117 6118
f 6117 6116 6118
f 6119 6114 6118
f 6119 6118 6120
f 6118 6116 6121
f 6122 6114 6119
f 6122 6111 6114
f 6122 6119 6123
f 6123 6119 6124
f 6120 6124 6119
f 6125 6110 6111
f 6122 6125 6111
f 6122 6123 6126
f 6122 6126 6125
f 6127 6123 6124
f 6123 6128 6126
f 6123 6127 6128
f 6126 6129 6125
f 6126 6128 6129
f 6125 6129 6130
f 6131 6110 6125
f 6131 6125 6130
f 6131 6132 6110
f 6098 6110 6132
f 6133 6098 6132
f 6068 6098 6133
f 6068 6133 6134
f 6135 6134 6133
f 6133 6132 6135
f 6135 6136 6134
f 6137 6136 6135
f 6137 6135 6132
f 6137 6138 6136
f 6139 6132 6131
f 6137 6132 6139
f 6139 6131 6130
f 6140 6141 6142
f 6140 6142 6143
f 6140 6143 6144
f 6142 6141 6145
f 6146 6145 6141
f 6146 6147 6145
f 6146 6148 6147
f 6148 6149 6147
f 6150 6149 6148
f 6145 6147 6151
f 6152 6142 6145
f 6152 6145 6151
f 6153 6151 6147
f 6149 6153 6147
f 6154 6152 6151
f 6153 6154 6151
f 6155 6154 6153
f 6153 6149 6156
f 6155 6157 6154
f 6153 6156 6158
f 6154 6159 6152
f 6154 6157 6159
f 6152 6159 6142
f 6159 6160 6142
f 6159 6157 6160
f 6143 6142 6160
f 6158 6156 6161
f 6156 6149 6161
f 6162 6160 6157
f 6163 6162 6157
f 6164 6143 6160
f 6164 6160 6162
f 6165 6162 6163
f 6166 6165 6163
f 6164 6162 6167
f 6167 6162 6165
f 6168 6165 6166
f 6168 6166 6169
f 6168 6170 6165
f 6167 6165 6170
f 6171 6168 6169
f 6167 6172 6164
f 6169 6173 6171
f 6172 6167 6174
f 6175 6164 6172
f 6175 6172 6174
f 6143 6164 6175
f 6175 6176 6143
f 6175 6174 6176
f 6143 6176 6144
f 6144 6176 6177
f 6176 6174 6177
f 6167 6178 6174
f 6174 6179 6177
f 6178 6179 6174
f 6177 6179 6180
f 6167 6170 6178
f 6179 6181 6180
f 6182 6180 6181
f 6181 6183 6182
f 6184 6179 6178
f 6184 6181 6179
f 6170 6185 6178
f 6178 6185 6184
f 6186 6181 6184
f 6181 6187 6183
f 6183 6187 6188
f 6189 6188 6187
f 6190 6189 6187
f 6185 6191 6184
f 6184 6191 6186
f 6187 6192 6190
f 6193 6190 6192
f 6194 6192 6187
f 6181 6194 6187
f 6195 6193 6192
f 6193 6195 6196
f 6194 6197 6192
f 6197 6195 6192
f 6181 6198 6194
f 6186 6198 6181
f 6199 6197 6194
f 6199 6194 6198
f 6196 6195 6200
f 6201 6196 6200
f 6197 6202 6195
f 6195 6202 6200
f 6197 6199 6203
f 6197 6203 6202
f 6198 6204 6199
f 6203 6199 6204
f 6205 6201 6200
f 6205 6206 6201
f 6207 6200 6202
f 6207 6205 6200
f 6208 6202 6203
f 6207 6202 6208
f 6208 6203 6204
f 6208 6209 6207
f 6208 6204 6209
f 6207 6210 6205
f 6207 6209 6210
f 6211 6206 6205
f 6210 6211 6205
f 6212 6206 6211
f 6213 6212 6211
f 6213 6214 6212
f 6211 6210 6215
f 6211 6215 6213
f 6213 6216 6214
f 6217 6214 6216
f 6217 6216 6218
f 6219 6218 6216
f 6210 6220 6215
f 6210 6209 6220
f 6221 6213 6215
f 6221 6216 6213
f 6220 6221 6215
f 6222 6223 6224
f 6223 6225 6224
f 6225 6226 6224
f 6227 6224 6226
f 6224 6227 6228
f 6229 6222 6230
f 6222 6224 6230
f 6224 6231 6230
f 6224 6228 6232
f 6228 6233 6232
f 6234 6224 6232
f 6235 6224 6234
f 6231 6224 6235
f 6235 6236 6231
f 6237 6238 6239
f 6237 6239 6240
f 6241 6237 6240
f 6239 6242 6240
f 6242 6243 6240
f 6239 6244 6242
f 6244 6245 6242
f 6239 6246 6244
f 6247 6248 6249
f 6248 6250 6249
f 6248 6247 6251
f 6252 6249 6250
f 6247 6253 6251
f 6254 6252 6250
f 6255 6253 6247
f 6256 6252 6254
f 6253 6255 6257
f 6254 6258 6256
f 6255 6259 6257
f 6256 6258 6260
f 6261 6257 6259
f 6262 6260 6258
f 6263 6261 6259
f 6260 6262 6264
f 6265 6261 6263
f 6262 6266 6264
f 6263 6267 6265
f 6268 6264 6266
f 6265 6267 6269
f 6270 6268 6266
f 6267 6271 6269
f 6272 6268 6270
f 6273 6271 6267
f 6270 6274 6272
f 6271 6273 6275
f 6272 6274 6276
f 6276 6275 6273
f 6274 6275 6276
f 4887 6277 4896
f 4887 4888 6277
f 4896 6278 4898
f 6277 6278 4896
f 4898 6279 4897
f 6278 6279 4898
f 4894 4897 6280
f 4897 6279 6280
f 4894 6280 5757
f 5760 5757 6280
f 6281 6280 6279
f 5760 6280 6281
f 6278 6282 6279
f 6282 6281 6279
f 6281 6283 5760
f 6281 6282 6283
f 5760 6283 6284
f 6284 5762 5760
f 6283 6285 6284
f 6282 6285 6283
f 6284 6286 5762
f 6284 6285 6287
f 6287 6286 6284
f 6282 6288 6285
f 6282 6289 6288
f 6288 6290 6285
f 6287 6285 6290
f 6291 6288 6289
f 6291 6290 6288
f 6292 6289 6282
f 6292 6291 6289
f 6278 6292 6282
f 6293 6292 6278
f 6293 6278 6277
f 6293 6277 6294
f 4888 6294 6277
f 4888 4890 6294
f 6293 6294 6295
f 6293 6295 6292
f 4890 6296 6294
f 6294 6296 6295
f 6297 6296 4890
f 4890 4889 6297
f 6297 5898 6296
f 6297 4889 5898
f 6298 6295 6296
f 5898 6298 6296
f 6295 6299 6292
f 6298 6299 6295
f 6291 6292 6299
f 6300 6299 6298
f 6301 6291 6299
f 6301 6299 6300
f 6301 6302 6291
f 6291 6302 6290
f 6298 5898 5896
f 6298 5896 6300
f 6301 6300 5897
f 6300 5896 5897
f 5899 6302 6301
f 5899 6301 5897
f 6290 6302 6303
f 6290 6303 6287
f 5899 6304 6302
f 6303 6302 6304
f 5899 5900 6304
f 6305 6303 6304
f 6305 6304 5900
f 6287 6303 6306
f 6305 6306 6303
f 6287 6306 6307
f 6287 6307 6286
f 6305 6308 6306
f 6307 6306 6309
f 6308 6309 6306
f 6310 6307 6309
f 6311 6286 6307
f 6310 6311 6307
f 6312 6286 6311
f 6312 5762 6286
f 6312 6313 5762
f 5761 5762 6313
f 5761 6313 5765
f 5773 5765 6313
f 6312 6314 6313
f 6314 5773 6313
f 6312 6311 6314
f 6315 5773 6314
f 6316 6314 6311
f 6315 6314 6316
f 6310 6316 6311
f 6317 5773 6315
f 5776 5773 6317
f 4737 5776 6317
f 6318 6317 6315
f 6318 4737 6317
f 6316 6319 6315
f 6320 4737 6318
f 6320 4736 4737
f 6321 6318 6315
f 6321 6315 6319
f 6322 6320 6318
f 6321 6322 6318
f 6320 6323 4736
f 4739 4736 6323
f 4746 4739 6323
f 6324 6323 6320
f 6324 6320 6322
f 4746 6323 6325
f 6325 6323 6324
f 6324 6326 6325
f 4746 6325 6327
f 6325 6326 6327
f 6324 6322 6328
f 6324 6328 6326
f 6329 6328 6322
f 6322 6321 6329
f 4746 6327 6330
f 6330 4741 4746
f 6329 6321 6331
f 6321 6319 6331
f 6332 4741 6330
f 4742 4741 6332
f 4742 6332 6333
f 4743 4742 6333
f 6334 6331 6319
f 6316 6334 6319
f 6316 6310 6334
f 6335 6331 6334
f 6335 6329 6331
f 6310 6336 6334
f 6336 6335 6334
f 6337 6329 6335
f 6337 6328 6329
f 6338 6337 6335
f 6336 6338 6335
f 6337 6339 6328
f 6326 6328 6339
f 6338 6340 6337
f 6339 6337 6340
f 6341 6326 6339
f 6341 6339 6340
f 6341 6342 6326
f 6326 6342 6327
f 6343 6327 6342
f 6330 6327 6343
f 6341 6344 6342
f 6330 6343 6345
f 6330 6345 6332
f 6343 6342 6346
f 6342 6344 6346
f 6343 6347 6345
f 6343 6346 6347
f 6348 6332 6345
f 6341 6349 6344
f 6340 6349 6341
f 6346 6344 6350
f 6351 6344 6349
f 6351 6350 6344
f 6333 6332 6348
f 6348 6345 6352
f 6345 6347 6352
f 6333 6348 4863
f 6348 6352 6353
f 6348 6353 4863
f 6347 6354 6352
f 6355 6347 6346
f 6355 6354 6347
f 6355 6346 6350
f 6352 6354 6356
f 6353 6352 6356
f 6355 6357 6354
f 6356 6354 6357
f 5872 6355 6350
f 6355 5872 6357
f 6358 6353 6356
f 4863 6353 6358
f 6356 6357 5866
f 5866 6358 6356
f 6358 4861 4863
f 6358 4862 4861
f 4862 6358 5866
f 5867 6357 5872
f 5866 6357 5867
f 3577 6359 3578
f 6360 3572 3576
f 6360 3566 3572
f 3578 6361 3576
f 6361 6360 3576
f 6359 6362 3578
f 3578 6362 6361
f 6363 6362 6359
f 6364 6362 6363
f 6361 6362 6365
f 6360 6361 6365
f 6364 6365 6362
f 6366 3566 6360
f 6360 6365 6366
f 6364 6367 6365
f 6366 6365 6367
f 6368 6369 6370
f 6137 6371 6138
f 6137 6139 6371
f 6139 6130 6371
f 6372 6138 6371
f 6371 6373 6372
f 6373 6374 6372
f 6373 6375 6374
f 6371 6376 6373
f 6376 6371 6130
f 6377 6375 6373
f 6377 6373 6376
f 6377 6378 6375
f 6376 6130 6129
f 6377 6376 6129
f 6378 6377 6379
f 6377 6129 6379
f 6378 6379 6380
f 6381 6379 6129
f 6381 6129 6128
f 6380 6379 6382
f 6381 6382 6379
f 6380 6382 6383
f 6382 6381 6128
f 6127 6382 6128
f 6382 6384 6383
f 6127 6384 6382
f 6383 6384 6385
f 6385 6386 6383
f 6387 6386 6385
f 6388 6384 6127
f 6127 6124 6388
f 6388 6385 6384
f 6389 6387 6385
f 6390 6387 6389
f 6124 6120 6388
f 6385 6388 6391
f 6389 6385 6392
f 6391 6392 6385
f 6390 6389 6393
f 6393 6389 6392
f 6390 6393 6394
f 6395 6388 6120
f 6395 6391 6388
f 6120 6396 6395
f 6120 6118 6396
f 6118 6121 6396
f 6391 6395 6397
f 6396 6397 6395
f 6396 6398 6397
f 6121 6398 6396
f 6393 6399 6394
f 6393 6400 6399
f 6400 6393 6392
f 6401 6392 6391
f 6391 6397 6401
f 6402 6392 6401
f 6402 6400 6392
f 6403 6399 6400
f 6401 6397 6404
f 6402 6403 6400
f 6405 6404 6397
f 6398 6405 6397
f 6401 6404 6406
f 6398 6407 6405
f 6407 6398 6121
f 6405 6408 6404
f 6408 6406 6404
f 6407 6409 6405
f 6409 6408 6405
f 6407 6121 6410
f 6116 6410 6121
f 6115 6410 6116
f 6411 6407 6410
f 6407 6411 6409
f 6115 6412 6410
f 6412 6411 6410
f 6412 6115 6103
f 6412 6103 6413
f 6413 6103 6102
f 6412 6414 6411
f 6412 6413 6415
f 6414 6412 6415
f 6416 6413 6102
f 6416 6415 6413
f 6414 6415 6417
f 6416 6417 6415
f 6411 6414 6418
f 6411 6418 6409
f 6414 6417 6419
f 6414 6419 6418
f 6416 6420 6417
f 6421 6416 6102
f 6421 6420 6416
f 6090 6421 6102
f 6409 6418 6422
f 6409 6422 6408
f 6422 6423 6408
f 6423 6406 6408
f 6418 6419 6424
f 6425 6422 6418
f 6418 6424 6425
f 6426 6422 6425
f 6427 6423 6422
f 6426 6427 6422
f 6428 6406 6423
f 6427 6428 6423
f 6428 6429 6406
f 6429 6401 6406
f 6429 6402 6401
f 6426 6425 6430
f 6425 6424 6430
f 6429 6431 6402
f 6402 6431 6403
f 6428 6432 6429
f 6429 6432 6431
f 6428 6433 6432
f 6427 6433 6428
f 6434 6403 6431
f 6435 6431 6432
f 6435 6434 6431
f 6436 6432 6433
f 6436 6435 6432
f 6427 6437 6433
f 6437 6427 6426
f 6438 6436 6433
f 6438 6433 6437
f 6435 6436 6439
f 6440 6436 6438
f 6440 6439 6436
f 6441 6435 6439
f 6435 6441 6434
f 6442 6437 6426
f 6442 6426 6430
f 6443 6438 6437
f 6443 6437 6442
f 6444 6438 6443
f 6440 6438 6444
f 6442 6445 6443
f 6444 6443 6445
f 6442 6430 6446
f 6442 6446 6445
f 6440 6444 6447
f 6448 6446 6430
f 6448 6449 6446
f 6448 6430 6450
f 6424 6450 6430
f 6448 6450 6451
f 6424 6419 6450
f 6417 6420 6419
f 6450 6419 6420
f 6452 6449 6448
f 6453 6449 6452
f 6454 6451 6450
f 6451 6454 6455
f 6453 6456 6449
f 6449 6456 6446
f 6446 6456 6445
f 6456 6457 6445
f 6458 6457 6459
f 6458 6445 6457
f 6445 6458 6460
f 6444 6445 6460
f 6444 6460 6447
f 6458 6461 6460
f 6447 6460 6461
f 6459 6462 6458
f 6461 6458 6462
f 6463 6462 6459
f 6464 6463 6459
f 6465 6461 6462
f 6463 6465 6462
f 6466 6463 6464
f 6467 6466 6464
f 6468 6466 6467
f 6468 6469 6466
f 6463 6466 6465
f 6469 6470 6466
f 6469 6471 6470
f 6466 6470 6472
f 6466 6472 6465
f 6473 6471 6474
f 6475 6473 6476
f 6477 6473 6475
f 6473 6478 6471
f 6477 6478 6473
f 6471 6478 6470
f 6479 6470 6478
f 6480 6479 6478
f 6479 6472 6470
f 6480 6481 6479
f 6482 6481 6480
f 6482 6483 6481
f 6484 6483 6482
f 6481 6483 6485
f 6484 6485 6483
f 6484 6486 6485
f 6487 6485 6488
f 6488 6399 6487
f 6481 6485 6489
f 6479 6481 6489
f 6487 6441 6485
f 6441 6489 6485
f 6487 6399 6490
f 6441 6487 6490
f 6403 6490 6399
f 6403 6434 6490
f 6441 6490 6434
f 6441 6439 6489
f 6472 6479 6489
f 6439 6491 6489
f 6491 6472 6489
f 6439 6440 6491
f 6440 6447 6491
f 6472 6491 6492
f 6447 6492 6491
f 6492 6465 6472
f 6447 6461 6492
f 6461 6465 6492
f 6493 6494 6495
f 6496 6497 6498
f 6499 6494 6493
f 6496 6498 6500
f 6501 6494 6499
f 6501 6502 6494
f 6503 6502 6501
f 6503 6504 6502
f 6496 6500 6505
f 6506 6504 6503
f 6506 6507 6504
f 6508 6505 6500
f 6508 6500 6509
f 6508 6509 6510
f 6508 6510 6511
f 6512 6505 6508
f 6512 6513 6505
f 6512 6514 6513
f 6515 6514 6512
f 6515 6516 6514
f 6517 6516 6515
f 6517 6518 6516
f 6519 6518 6517
f 6519 6520 6518
f 6521 6520 6519
f 6521 6522 6520
f 6521 6506 6522
f 6506 6521 6523
f 6523 6507 6506
f 6524 6507 6523
f 6507 6524 6525
f 6519 6517 6526
f 6527 6526 6517
f 6528 6527 6517
f 6529 6527 6528
f 6530 6529 6528
f 6531 6529 6530
f 6530 6532 6531
f 6531 6532 6533
f 6533 6532 6534
f 6533 6534 6535
f 6536 6519 6526
f 6537 6519 6536
f 6536 6538 6537
f 6537 6538 6539
f 6540 6539 6538
f 6541 6539 6540
f 6540 6542 6541
f 6541 6542 6525
f 6525 6542 6543
f 6543 6507 6525
f 6544 6536 6526
f 6545 6536 6544
f 6544 6526 6546
f 6545 6547 6536
f 6546 6526 6548
f 6549 6547 6545
f 6546 6548 6550
f 6550 6548 6551
f 6550 6551 6552
f 6552 6551 6553
f 6547 6549 6554
f 6555 6554 6549
f 6554 6543 6556
f 6553 6551 6557
f 6558 6554 6555
f 6543 6554 6558
f 6507 6543 6558
f 6507 6558 6559
f 6558 6560 6559
f 6558 6555 6561
f 6562 6560 6558
f 6558 6561 6563
f 6558 6564 6562
f 6563 6561 6565
f 6562 6564 6566
f 6563 6565 6567
f 6567 6565 6568
f 6566 6569 6562
f 6567 6568 6570
f 6570 6568 6571
f 6570 6571 6572
f 6570 6572 6573
f 6573 6574 6570
f 6570 6574 6575
f 6575 6574 6576
f 6576 6574 6577
f 6577 6574 6553
f 6577 6553 6578
f 6553 6557 6578
f 6578 6557 6579
f 6579 6557 6580
f 6580 6557 6581
f 6582 6583 6584
f 6585 6584 6583
f 6586 6583 6582
f 6587 6584 6585
f 6582 6588 6586
f 6585 6589 6587
f 6590 6586 6588
f 6587 6589 6591
f 6588 6592 6590
f 6593 6591 6589
f 6592 6594 6590
f 6591 6593 6595
f 6592 6596 6594
f 6597 6595 6593
f 6598 6594 6596
f 6599 6595 6597
f 6598 6596 6600
f 6601 6595 6599
f 6600 6602 6598
f 6599 6603 6601
f 6600 6604 6602
f 6601 6603 6605
f 6602 6604 6606
f 6607 6605 6603
f 6608 6606 6604
f 6605 6607 6609
f 6610 6606 6608
f 6609 6610 6608
f 6609 6607 6611
f 6610 6609 6611
f 6612 6613 6614
f 6615 6614 6613
f 6612 6616 6613
f 6616 6615 6613
f 6616 6617 6615
f 6618 6615 6617
f 6616 3834 6617
f 6616 6619 3834
f 3831 6617 3834
f 6619 3737 3834
f 3831 6620 6617
f 6617 6620 6618
f 6621 6618 6620
f 6621 6620 6622
f 6618 6621 6623
f 6621 6624 6623
f 6618 6623 6615
f 6620 6625 6622
f 6620 3831 6625
f 6626 6622 6625
f 6627 6615 6623
f 6623 6624 6628
f 6623 6628 6627
f 6624 6629 6628
f 6626 6625 3827
f 3831 3827 6625
f 6626 3827 3825
f 3824 6626 3825
f 6630 6628 6629
f 6630 6631 6628
f 6627 6628 6632
f 6628 6631 6633
f 6631 6634 6633
f 6628 6633 6632
f 6634 6635 6633
f 6634 6636 6635
f 6637 6633 6635
f 6632 6633 6637
f 6638 6635 6636
f 6635 6632 6637
f 6638 6639 6635
f 6640 6639 6638
f 6641 6635 6639
f 6632 6635 6641
f 6641 6642 6632
f 6632 6642 6627
f 6643 6641 6639
f 6640 6644 6639
f 6643 6639 6644
f 6642 6641 6643
f 6645 6642 6643
f 6643 6644 6646
f 6640 6647 6644
f 6647 6646 6644
f 6648 6649 6647
f 6649 6650 6647
f 6648 6651 6649
f 6647 6650 6646
f 6649 6652 6650
f 6651 6653 6649
f 6653 6652 6649
f 6654 6655 6386
f 6654 6656 6655
f 6655 6383 6386
f 6655 6656 6380
f 6655 6380 6383
f 6378 6656 6657
f 6378 6380 6656
f 6658 6659 6657
f 6657 6375 6378
f 6375 6657 6659
f 6659 6658 6660
f 6658 6661 6660
f 6374 6375 6659
f 6662 6660 6661
f 6659 6660 6663
f 6663 6374 6659
f 6664 6660 6662
f 6665 6664 6662
f 6660 6666 6663
f 6660 6664 6666
f 6663 6667 6374
f 6663 6666 6667
f 6372 6374 6667
f 6665 5862 6664
f 6665 5864 5862
f 6372 6667 6668
f 6664 6669 6666
f 6664 5860 6669
f 6664 5862 5860
f 6668 6667 6666
f 6669 5860 5858
f 6669 6670 6666
f 5858 6670 6669
f 6668 6666 6671
f 6671 6666 6670
f 6672 6668 6671
f 6672 6673 6668
f 6372 6668 6673
f 6671 6670 5856
f 5856 6670 5858
f 6672 6674 6673
f 6672 6671 6675
f 6671 5856 6675
f 6672 6676 6674
f 6676 6672 6675
f 6676 6675 6677
f 6675 5856 6678
f 6675 6678 6677
f 5855 6678 5856
f 6677 6678 5855
f 6676 6677 6679
f 6674 6676 6680
f 6679 6681 6676
f 6681 6680 6676
f 6677 5855 6682
f 6677 6683 6679
f 6682 6683 6677
f 6684 6679 6683
f 6682 3751 6683
f 6684 6683 3751
f 6682 5855 3759
f 6679 6684 6685
f 6681 6679 6686
f 6679 6685 6686
f 6684 3750 6685
f 3751 3750 6684
f 3755 3751 6682
f 3755 6682 3759
f 6687 6681 6686
f 6687 6680 6681
f 6685 6688 6686
f 6687 6686 6689
f 6686 6688 6689
f 3740 6688 6685
f 6685 3750 3740
f 6690 6689 6688
f 3740 6690 6688
f 6691 6687 6689
f 6692 6689 6690
f 6691 6689 6692
f 6687 6693 6680
f 6687 6691 6693
f 6694 6680 6693
f 6693 6691 6695
f 6693 6695 6694
f 6694 6696 6680
f 6674 6680 6696
f 6697 6674 6696
f 6673 6674 6697
f 6696 6694 6698
f 6694 6699 6698
f 6695 6699 6694
f 6698 6699 6700
f 6698 6701 6696
f 6697 6696 6701
f 6697 6138 6673
f 6673 6138 6372
f 6697 6136 6138
f 6702 6697 6701
f 6136 6697 6702
f 6698 6703 6701
f 6702 6701 6703
f 6698 6704 6703
f 6700 6704 6698
f 6705 6702 6703
f 6706 6703 6704
f 6705 6703 6706
f 6702 6705 6707
f 6136 6702 6707
f 6706 6708 6705
f 6134 6136 6707
f 6134 6707 6705
f 6706 6704 6709
f 6706 6710 6708
f 6706 6709 6710
f 6711 6709 6704
f 6700 6711 6704
f 6710 6709 6712
f 6700 6713 6711
f 6700 6699 6713
f 6711 6712 6709
f 6713 6714 6711
f 6711 6714 6712
f 6695 6713 6699
f 6715 6714 6713
f 6714 6716 6712
f 6712 6716 6717
f 6715 6718 6714
f 6718 6716 6714
f 6713 6719 6715
f 6720 6718 6715
f 6719 6720 6715
f 6713 6721 6719
f 6713 6695 6721
f 6722 6720 6719
f 6723 6719 6721
f 6723 6722 6719
f 6695 6691 6721
f 6721 6691 6724
f 6692 6724 6691
f 6721 6724 6723
f 6723 6724 6692
f 6725 6723 6692
f 6725 6692 6690
f 6725 6726 6723
f 6725 6690 6727
f 6727 6726 6725
f 6690 3740 3739
f 6690 3739 6727
f 6726 6728 6723
f 6722 6723 6728
f 6727 6729 6726
f 6729 6727 3739
f 6729 6730 6726
f 6729 6731 6730
f 6729 6732 6731
f 6726 6730 6728
f 6731 6733 6730
f 6730 6734 6728
f 6722 6728 6734
f 6735 6736 6737
f 6738 6735 6739
f 6735 6737 6740
f 6735 6740 6739
f 6737 6741 6740
f 6742 6743 6739
f 6744 6742 6739
f 6740 6744 6739
f 6744 6745 6742
f 6740 6746 6744
f 6746 6747 6744
f 6740 6748 6746
f 6749 6750 6751
f 6749 6751 6752
f 6752 6751 6753
f 6752 6753 6754
f 6755 6753 6751
f 6754 6753 6756
f 6754 6756 6757
f 6755 6758 6753
f 6758 6756 6753
f 6755 6751 6759
f 6757 6756 6760
f 6757 6760 6761
f 6761 6760 6762
f 6083 6762 6760
f 6763 6760 6756
f 6763 6083 6760
f 6758 6763 6756
f 6763 6081 6083
f 6755 6764 6758
f 6755 6759 6764
f 6758 6765 6763
f 6763 6765 6081
f 6758 6764 6765
f 6081 6765 6084
f 6766 6084 6765
f 6764 6766 6765
f 6086 6084 6766
f 6759 6767 6764
f 6767 6766 6764
f 6090 6086 6766
f 6090 6766 6421
f 6767 6421 6766
f 6767 6420 6421
f 6759 6420 6767
f 6759 6450 6420
f 6759 6751 6768
f 6450 6759 6768
f 6750 6768 6751
f 6454 6450 6768
f 6454 6768 6750
f 6454 6750 6769
f 6769 6455 6454
f 6770 6771 6772
f 6773 6774 6775
f 6776 6774 6773
f 6777 6778 6775
f 6777 6779 6778
f 6773 6775 6780
f 6780 6775 6778
f 6776 6773 6781
f 6773 6780 6781
f 6776 6781 6782
f 6778 6779 6783
f 6780 6778 6783
f 6781 6780 6783
f 6781 6783 6782
f 6779 6784 6783
f 6784 6782 6783
f 6785 6786 6787
f 6785 6787 6788
f 6789 6785 6788
f 6787 6790 6788
f 6790 6791 6788
f 6787 6792 6790
f 6792 6793 6790
f 6787 6794 6792
f 6795 6796 6797
f 6798 6795 6799
f 6795 6797 6799
f 6797 6800 6799
f 6800 6801 6799
f 6797 6802 6800
f 6802 6803 6800
f 6797 6804 6802
f 6805 6804 6797
f 6806 6807 6808
f 6806 6809 6807
f 6809 6810 6807
f 6810 6811 6807
f 6806 6808 6812
f 6808 6813 6812
f 6814 6806 6812
f 6815 6816 6817
f 6816 6818 6817
f 6819 6820 6816
f 6816 6820 6818
f 6817 6818 6821
f 6820 6821 6818
f 6822 6817 6821
f 6819 6823 6820
f 6824 6823 6819
f 6824 6819 6825
f 6820 6823 6826
f 6824 6827 6823
f 6827 6826 6823
f 6828 6824 6825
f 6828 6827 6824
f 6825 6829 6828
f 6825 6830 6829
f 6831 6827 6828
f 6832 6820 6826
f 6821 6820 6832
f 6827 6833 6826
f 6833 6827 6831
f 6832 6826 6834
f 6833 6834 6826
f 6835 6821 6832
f 6822 6821 6835
f 6836 6832 6834
f 6836 6835 6832
f 6822 6835 6837
f 6836 6837 6835
f 6838 6822 6837
f 6836 6834 6839
f 6833 6839 6834
f 6840 6837 6836
f 6840 6838 6837
f 6836 6841 6840
f 6841 6836 6839
f 6838 6840 6842
f 6841 6842 6840
f 6843 6838 6842
f 6841 6839 6844
f 6841 6844 6842
f 6845 6843 6842
f 6844 6845 6842
f 6846 6843 6845
f 6847 6843 6846
f 6844 6848 6845
f 6846 6845 6848
f 6849 6847 6846
f 6849 6846 6848
f 6850 6847 6849
f 6851 6847 6850
f 6852 6849 6848
f 6850 6849 6852
f 6850 6853 6851
f 6854 6852 6848
f 6854 6848 6844
f 6850 6852 6855
f 6850 6855 6853
f 6851 6853 6856
f 6853 6855 6856
f 6851 6856 6857
f 6844 6858 6854
f 6844 6839 6858
f 6859 6852 6854
f 6859 6855 6852
f 6858 6860 6854
f 6859 6854 6860
f 6858 6839 6861
f 6858 6861 6860
f 6833 6861 6839
f 6833 6831 6861
f 6861 6862 6860
f 6831 6862 6861
f 6860 6863 6859
f 6831 6864 6862
f 6865 6860 6862
f 6863 6860 6865
f 6865 6862 6864
f 6866 6859 6863
f 6855 6859 6866
f 6863 6865 6867
f 6866 6863 6867
f 6868 6867 6865
f 6865 6864 6868
f 6866 6867 6869
f 6866 6870 6855
f 6870 6866 6869
f 6856 6855 6870
f 6867 6871 6869
f 6867 6868 6871
f 6870 6869 6872
f 6870 6873 6856
f 6873 6870 6872
f 6856 6873 6874
f 6874 6857 6856
f 6874 6873 6875
f 6875 6857 6874
f 6875 6873 6872
f 6875 6876 6857
f 6869 6877 6872
f 6877 6869 6871
f 6875 6872 6878
f 6876 6875 6878
f 6877 6879 6872
f 6879 6878 6872
f 6877 6871 6880
f 6877 6880 6879
f 6868 6880 6871
f 6881 6876 6878
f 6881 6878 6879
f 6876 6881 6882
f 6880 6883 6879
f 6884 6881 6879
f 6884 6879 6883
f 6881 6885 6882
f 6884 6885 6881
f 6886 6882 6885
f 6887 6882 6886
f 6884 6888 6885
f 6886 6885 6888
f 6884 6883 6889
f 6888 6884 6889
f 6883 6890 6889
f 6880 6890 6883
f 6888 6889 6891
f 6891 6889 6890
f 6888 6892 6886
f 6892 6887 6886
f 6891 6892 6888
f 6893 6887 6892
f 6893 6892 6891
f 6887 6893 6894
f 6893 6895 6894
f 6891 6896 6893
f 6893 6896 6895
f 6894 6895 6897
f 6896 6897 6895
f 6898 6894 6897
f 6891 6899 6896
f 6890 6899 6891
f 6896 6900 6897
f 6898 6897 6901
f 6900 6901 6897
f 6901 6902 6898
f 6898 6902 6903
f 6904 6901 6900
f 6901 6904 6902
f 6900 6896 6905
f 6896 6899 6905
f 6906 6903 6902
f 6904 6906 6902
f 6907 6903 6906
f 6908 6904 6900
f 6900 6905 6908
f 6904 6909 6906
f 6906 6909 6907
f 6904 6908 6909
f 6910 6907 6909
f 6911 6910 6909
f 6908 6911 6909
f 6911 6912 6910
f 6905 6913 6908
f 6899 6913 6905
f 6914 6911 6908
f 6914 6908 6913
f 6914 6912 6911
f 6899 6915 6913
f 6913 6915 6914
f 6914 6916 6912
f 6915 6916 6914
f 6912 6916 6917
f 6912 6917 6918
f 6918 6917 6919
f 6920 6917 6916
f 6915 6920 6916
f 6917 6921 6919
f 6917 6920 6921
f 6921 6922 6919
f 6921 6923 6922
f 6830 6922 6923
f 6829 6830 6923
f 6924 6923 6921
f 6829 6923 6924
f 6920 6924 6921
f 6925 6829 6924
f 6925 6828 6829
f 6831 6828 6925
f 6831 6925 6864
f 6925 6924 6926
f 6920 6926 6924
f 6925 6926 6864
f 6927 6926 6920
f 6920 6915 6927
f 6928 6864 6926
f 6927 6928 6926
f 6868 6864 6928
f 6929 6927 6915
f 6899 6929 6915
f 6890 6929 6899
f 6930 6927 6929
f 6930 6929 6890
f 6927 6930 6928
f 6868 6928 6930
f 6890 6880 6930
f 6880 6868 6930
f 6931 6932 6933
f 6931 6933 6934
f 6931 6935 6932
f 6934 6933 6936
f 6934 6936 4999
f 6936 6933 6937
f 6937 6933 6932
f 4999 6936 4990
f 6936 6937 4990
f 6938 6939 6935
f 6940 6932 6935
f 6939 6940 6935
f 6932 6941 6937
f 6942 6940 6939
f 6939 6943 6942
f 6943 6944 6942
f 6932 6940 5543
f 6932 5543 6941
f 5543 6940 6942
f 6944 6945 6942
f 5538 6937 6941
f 5538 4990 6937
f 5538 6941 5539
f 5543 5539 6941
f 6945 6946 6942
f 6945 6947 6946
f 6942 5546 5543
f 5546 6942 6946
f 6946 6947 6948
f 6948 6947 6949
f 5546 6946 5547
f 6946 6948 6950
f 6950 5547 6946
f 6949 6951 6948
f 6950 6948 6951
f 6949 6952 6951
f 6952 6949 2916
f 6951 6952 6953
f 6951 6953 6954
f 6951 6954 6955
f 6952 2916 6956
f 6951 6955 6957
f 6956 2916 2911
f 6950 6951 6958
f 5547 6950 6958
f 6951 6957 6959
f 6960 6959 6957
f 6961 6958 6951
f 6960 2909 6959
f 6962 2909 6960
f 6963 2909 6962
f 6956 2909 6963
f 2909 6956 2911
f 6951 6959 6961
f 6961 6959 6964
f 6961 6965 6958
f 6966 6961 6964
f 6961 6966 6965
f 6959 6967 6964
f 6959 6968 6967
f 6969 6958 6965
f 6969 5547 6958
f 6970 6965 6966
f 4564 6969 6965
f 4564 6965 6970
f 5544 5547 6969
f 4564 4566 6969
f 5544 6969 4566
f 6966 6971 6970
f 6966 6964 6971
f 4564 6970 6972
f 6971 6973 6970
f 6972 6970 6973
f 6974 6973 6971
f 6974 6971 6964
f 6974 6975 6973
f 6972 6973 6975
f 6964 6976 6974
f 6975 6974 6976
f 6977 6964 6967
f 6977 6976 6964
f 6977 6967 6978
f 6978 6967 6968
f 6976 6977 6979
f 6977 6978 6980
f 6979 6977 6980
f 6978 6968 6981
f 6978 6981 6980
f 6981 6968 6982
f 6968 6959 6982
f 6983 6976 6979
f 6976 6983 6975
f 6984 6982 6959
f 6983 6979 6985
f 6984 6959 2909
f 6975 6983 6986
f 6987 6982 6984
f 6988 6981 6982
f 6988 6982 6987
f 6989 6981 6988
f 6981 6989 6980
f 6987 6990 6988
f 6989 6988 6990
f 6989 6990 6991
f 6989 6991 6980
f 6990 6987 6992
f 6987 6984 6993
f 6992 6987 6993
f 6994 6993 6984
f 6994 6984 2909
f 6994 6995 6993
f 6996 6993 6995
f 6993 6996 6992
f 6994 2905 6995
f 6994 2909 2907
f 2905 6994 2907
f 6996 6995 3639
f 2905 3639 6995
f 6996 6997 6992
f 6996 3639 3635
f 6996 3635 6997
f 6998 6992 6997
f 6999 6990 6992
f 6998 6999 6992
f 6999 6991 6990
f 3633 6997 3635
f 3633 6998 6997
f 6998 7000 6999
f 7000 6991 6999
f 3629 6998 3633
f 7000 6998 3626
f 6998 3629 3626
f 7000 3626 3625
f 7000 7001 6991
f 7000 3625 7001
f 6991 7001 7002
f 6991 7002 6980
f 6979 6980 7002
f 6979 7002 6985
f 7001 6985 7002
f 7003 6985 7001
f 7003 7001 3625
f 6985 7003 7004
f 6985 7004 6983
f 6986 6983 7004
f 7003 7005 7004
f 7005 6986 7004
f 3625 7006 7003
f 7003 7006 7005
f 3622 7006 3625
f 7005 7006 4582
f 3622 4582 7006
f 7007 6986 7005
f 4582 7008 7005
f 7005 7008 7007
f 4582 4575 7008
f 7007 7009 6986
f 6986 7009 6975
f 7009 6972 6975
f 7007 7008 7010
f 4575 7010 7008
f 7007 7011 7009
f 7007 7010 7011
f 7012 6972 7009
f 7012 7009 7011
f 7012 4565 6972
f 4564 6972 4565
f 7011 4569 7012
f 4565 7012 4569
f 4567 7011 7010
f 4569 7011 4567
f 4567 7010 4575
f 7013 4448 5864
f 7013 5864 7014
f 7013 7014 7015
f 7013 7016 4448
f 7016 7013 7015
f 7016 7015 7017
f 7017 7015 7018
f 7019 4448 7016
f 7019 7016 7017
f 7018 7020 7017
f 7019 7017 7020
f 7018 7021 7020
f 7022 4448 7019
f 7022 4442 4448
f 4442 7022 4441
f 7023 7022 7019
f 7023 4441 7022
f 7023 7019 7020
f 5838 7024 7025
f 5838 5840 7024
f 7024 7026 7025
f 7025 7026 7027
f 7026 7028 7027
f 7029 7027 7028
f 7029 7028 7030
f 7031 7029 7030
f 7030 7032 7031
f 7033 7031 7032
f 7034 7033 7032
f 7035 7033 7034
f 7033 7035 7036
f 7035 7037 7036
f 7036 7037 7038
f 7038 7037 7039
f 7037 7040 7039
f 7039 7041 7042
f 7043 7039 7042
f 7043 7038 7039
f 7040 7044 7039
f 7043 7045 7038
f 7046 7038 7045
f 7045 7047 7046
f 7045 7048 7047
f 7047 7048 7049
f 7050 7049 7048
f 6535 7050 7043
f 7051 7049 7050
f 7050 6535 6534
f 6534 7051 7050
f 7044 7040 7052
f 7052 7040 7053
f 7053 7054 7055
f 7052 7053 7055
f 7052 7055 7056
f 7052 7056 7057
f 7052 7057 7058
f 7052 7058 7059
f 7052 7059 7060
f 7044 7052 7061
f 7052 7024 7061
f 7024 5840 7061
f 7062 7044 7061
f 7063 7064 7062
f 7063 7062 7065
f 7062 7061 7065
f 7061 7066 7065
f 7061 7067 7066
f 7061 7068 7067
f 7061 7069 7068
f 7068 7070 7067
f 7068 7071 7070
f 7068 7072 7071
f 7068 7073 7072
f 7072 7074 7071
f 7072 7075 7074
f 7076 7077 7078
f 7079 7077 7076
f 7077 7080 7078
f 7077 7081 7080
f 7082 7078 7080
f 7076 7078 7083
f 7083 7078 7082
f 7079 7076 7084
f 7083 7084 7076
f 7085 7079 7084
f 7083 7086 7084
f 7085 7084 7086
f 7087 7079 7085
f 7087 7085 7088
f 7089 7088 7085
f 7089 7085 7086
f 7090 7087 7088
f 7090 7088 7089
f 7087 7090 7091
f 7086 7083 7092
f 7092 7083 7082
f 7089 7086 7093
f 7092 7094 7086
f 7086 7094 7093
f 7082 7095 7092
f 7092 7095 7094
f 7096 7090 7089
f 7097 7091 7090
f 7096 7097 7090
f 7098 7091 7097
f 7099 7091 7098
f 7097 7096 7100
f 7098 7097 7100
f 7089 7101 7096
f 7101 7089 7093
f 7096 7102 7100
f 7102 7096 7101
f 7098 7100 7103
f 7099 7098 7103
f 7102 7104 7100
f 7103 7100 7104
f 7105 7099 7103
f 7105 7103 7104
f 7099 7105 7106
f 7102 7101 7107
f 7101 7093 7107
f 7102 7108 7104
f 7102 7107 7108
f 7109 7105 7104
f 7109 7104 7108
f 7110 7106 7105
f 7109 7110 7105
f 7111 7106 7110
f 7112 7106 7111
f 7109 7113 7110
f 7111 7110 7113
f 7114 7109 7108
f 7113 7109 7114
f 7113 7115 7111
f 7112 7111 7115
f 7116 7115 7113
f 7116 7113 7114
f 7117 7112 7115
f 7117 7115 7116
f 6733 6734 6730
f 7118 6722 6734
f 6722 7118 6720
f 6733 7119 6734
f 7119 7118 6734
f 7119 6733 7120
f 7118 7121 6720
f 6720 7121 6718
f 7119 7122 7118
f 7118 7122 7121
f 7119 7120 7123
f 7119 7123 7122
f 6718 7121 6716
f 7122 7123 7124
f 7121 7125 6716
f 7122 7126 7121
f 7121 7126 7125
f 7124 7126 7122
f 7125 6717 6716
f 7126 7127 7125
f 7127 7126 7128
f 7124 7129 7126
f 7128 7126 7129
f 7127 7128 6074
f 7125 7130 6717
f 7127 7131 7125
f 7125 7131 7130
f 7132 6717 7130
f 6712 6717 7132
f 6712 7132 6710
f 7127 6072 7131
f 6072 7127 6074
f 7131 7133 7130
f 7132 7130 7134
f 7130 7133 7134
f 7132 7135 6710
f 7135 7132 7134
f 6708 6710 7136
f 7136 6710 7135
f 7136 6705 6708
f 7131 6066 7133
f 6072 6066 7131
f 7137 6705 7136
f 7138 7136 7135
f 7138 7137 7136
f 7137 6134 6705
f 7139 7138 7135
f 7139 7135 7134
f 7138 6064 7137
f 6068 6134 7137
f 6068 7137 6064
f 7138 6062 6064
f 7138 7139 6062
f 7139 6058 6062
f 6056 7139 7134
f 7139 6056 6058
f 6056 7134 7133
f 7133 6059 6056
f 6066 6059 7133
f 7140 7141 7142
f 7142 7141 7143
f 7140 7142 7144
f 7145 7143 7141
f 7140 7144 7146
f 7147 7143 7145
f 7144 7148 7146
f 7145 7149 7147
f 7150 7146 7148
f 7151 7147 7149
f 7152 7150 7148
f 7153 7151 7149
f 7150 7152 7154
f 7151 7153 7155
f 7156 7154 7152
f 7153 7157 7155
f 7157 7154 7156
f 7155 7157 7156
f 7158 7159 7160
f 7161 7160 7159
f 7160 7162 7158
f 7161 7159 7163
f 7162 7164 7158
f 7161 7163 7165
f 7166 7164 7162
f 7163 7167 7165
f 7168 7166 7162
f 7169 7165 7167
f 7166 7168 7170
f 7167 7171 7169
f 7172 7170 7168
f 7169 7171 7173
f 7170 7172 7174
f 7171 7175 7173
f 7172 7176 7174
f 7173 7175 7177
f 7176 7178 7174
f 7177 7175 7178
f 7177 7178 7176
f 7179 7180 7181
f 7182 7181 7180
f 7179 7181 7183
f 7184 7182 7180
f 7185 7179 7183
f 7182 7184 7186
f 7185 7183 7187
f 7188 7186 7184
f 7185 7187 7189
f 7190 7188 7184
f 7187 7191 7189
f 7190 7192 7188
f 7193 7189 7191
f 7194 7192 7190
f 7195 7193 7191
f 7192 7194 7196
f 7197 7193 7195
f 7198 7196 7194
f 7197 7195 7199
f 7198 7200 7196
f 7199 7195 7200
f 7198 7199 7200
f 7201 7202 7203
f 7202 7204 7203
f 7205 7202 7201
f 7203 7204 7206
f 7205 7201 7207
f 7204 7208 7206
f 7209 7205 7207
f 7208 7210 7206
f 7211 7209 7207
f 7208 7212 7210
f 7213 7209 7211
f 7214 7210 7212
f 7215 7213 7211
f 7212 7216 7214
f 7217 7213 7215
f 7212 7218 7216
f 7219 7217 7215
f 7217 7219 7218
f 7218 7219 7216
f 7220 6394 6399
f 7220 7221 6394
f 6399 7222 7220
f 6488 7223 6399
f 6399 7223 7222
f 7221 7220 7224
f 7220 7222 7224
f 7224 7222 7225
f 7223 7225 7222
f 6486 7226 7223
f 6485 6486 7223
f 6485 7223 6488
f 7226 7227 7223
f 7226 7228 7227
f 7225 7223 7227
f 7228 7229 7227
f 7230 7225 7227
f 7225 7230 7224
f 7227 7229 7231
f 7230 7227 7231
f 7232 7231 7229
f 7232 7233 7231
f 7234 7231 7233
f 7234 7230 7231
f 7233 7235 7234
f 7234 7235 7236
f 7235 7237 7236
f 7238 7230 7234
f 7238 7234 7236
f 7239 7230 7238
f 7239 7224 7230
f 7239 7238 7236
f 7240 7236 7237
f 7240 7239 7236
f 7240 7237 4420
f 4419 4420 7237
f 7221 7224 7239
f 7241 7221 7239
f 7241 7239 7242
f 7242 7239 7240
f 7243 7221 7241
f 7243 7241 7242
f 7243 7244 7221
f 7245 7246 7247
f 7245 7247 4440
f 4440 7247 4438
f 4438 7247 4439
f 7247 7246 7248
f 7247 7248 4439
f 7248 7246 7249
f 7248 7250 4439
f 7248 7249 7250
f 7250 7251 4439
f 4422 4439 7251
f 4422 7251 4418
f 7252 7251 7250
f 7250 7249 7252
f 4418 7251 7253
f 7252 7253 7251
f 4418 7253 4417
f 7253 4420 4417
f 7253 7252 4420
f 7240 4420 7252
f 7249 7254 7252
f 7240 7252 7254
f 7255 7254 7249
f 7240 7254 7242
f 7255 7242 7254
f 7256 3523 3520
f 3523 7257 3522
f 3518 3522 7257
f 7256 7258 3523
f 7257 3523 7258
f 7259 7258 7256
f 7260 7257 7258
f 7260 7258 7259
f 7257 7260 7261
f 7259 7262 7260
f 7262 7263 7260
f 7261 7260 7263
f 7257 7261 7264
f 3518 7257 7264
f 7265 7262 7266
f 7264 7261 7267
f 3518 7264 7267
f 7263 7268 7261
f 7268 7267 7261
f 7269 7262 7265
f 7269 7270 7262
f 7270 7263 7262
f 7271 7269 7265
f 7272 7263 7270
f 7271 7265 7273
f 7272 7274 7263
f 7273 7265 7275
f 7275 7265 7276
f 7268 7275 7276
f 7277 7273 7275
f 7277 7275 7278
f 7279 7275 7268
f 7278 7275 7279
f 7263 7279 7268
f 7274 7278 7279
f 7263 7274 7279
f 6653 6651 7280
f 7281 7280 6651
f 7281 7282 7280
f 7282 7283 7280
f 7282 7284 7283
f 7284 7285 7283
f 7286 7283 7285
f 7286 7287 7283
f 7280 7283 7288
f 6653 7280 7288
f 7289 7283 7290
f 7289 7288 7283
f 7291 7289 7290
f 7292 7293 7291
f 6653 7288 6652
f 7289 7291 7294
f 7291 7293 7295
f 7291 7295 7294
f 7296 7295 7293
f 7288 7297 6652
f 7297 6650 6652
f 7289 7298 7288
f 7288 7298 7297
f 7299 6650 7297
f 6650 7299 6646
f 7300 7298 7289
f 7301 7289 7294
f 7301 7294 7295
f 7289 7301 7300
f 7295 7302 7301
f 7295 7296 7302
f 7303 7300 7301
f 7303 7301 7302
f 7296 7304 7302
f 7303 7302 7304
f 7303 7305 7300
f 7300 7305 7298
f 7304 7306 7303
f 7303 7306 7305
f 7304 7296 7307
f 7308 7307 7296
f 7309 7307 7308
f 7304 7307 6749
f 7304 6749 7306
f 7309 7310 7307
f 6749 7307 7310
f 7309 6769 7310
f 7310 6769 6750
f 6749 7310 6750
f 6749 7311 7306
f 7306 7311 7305
f 7305 7311 7312
f 7312 7298 7305
f 7311 6749 6752
f 7312 7313 7298
f 7313 7297 7298
f 6754 7312 7311
f 7311 6752 6754
f 7312 6757 7313
f 6754 6757 7312
f 7313 7299 7297
f 6761 7313 6757
f 6761 7299 7313
f 7314 6646 7299
f 6761 7314 7299
f 7315 6646 7314
f 7316 6643 6646
f 7316 6646 7315
f 6645 6643 7316
f 7315 7314 6076
f 6761 6762 7314
f 6082 6076 7314
f 6082 7314 6762
f 6083 6082 6762
f 7315 6076 7317
f 7316 7315 7317
f 6076 6071 7317
f 7317 6071 6074
f 7316 7317 7318
f 7318 7317 6074
f 6645 7316 7318
f 7319 7320 7321
f 7321 7320 7322
f 7319 7323 7320
f 7324 7320 7323
f 7320 7324 7322
f 7324 7323 7325
f 7324 7325 7326
f 7324 7326 7322
f 7321 7322 7327
f 7319 7328 7323
f 7321 7329 7319
f 7328 7330 7323
f 7323 7330 7325
f 7319 7331 7328
f 7330 7328 7332
f 7333 7332 7328
f 7328 7331 7333
f 7330 7332 7334
f 7325 7330 7334
f 7333 7335 7332
f 7335 7334 7332
f 7335 7333 7336
f 7333 7331 7336
f 7335 7337 7334
f 7319 7338 7331
f 7319 7329 7338
f 7339 7336 7331
f 7339 7331 7338
f 7340 7336 7339
f 7337 7341 7334
f 7325 7334 7341
f 7340 7339 7342
f 7343 7339 7338
f 7343 7342 7339
f 7338 7329 7343
f 7340 7342 7344
f 7344 7342 7343
f 7345 7340 7344
f 7343 7329 7346
f 7343 7346 7344
f 7344 7347 7345
f 7344 7346 7347
f 7345 7347 7348
f 7345 7348 7349
f 7329 7350 7346
f 7321 7350 7329
f 7351 7347 7346
f 7351 7346 7350
f 7327 7350 7321
f 7352 7347 7351
f 7348 7347 7352
f 7351 7350 7353
f 7327 7353 7350
f 7354 7352 7351
f 7354 7351 7353
f 7348 7352 7355
f 7354 7355 7352
f 7355 7349 7348
f 7356 7355 7354
f 7357 7349 7355
f 7357 7355 7356
f 7358 7349 7357
f 7359 7354 7353
f 7356 7354 7359
f 7359 7353 7360
f 7360 7353 7327
f 7359 7361 7356
f 7357 7362 7358
f 7360 7363 7359
f 7359 7363 7361
f 7364 7360 7327
f 7364 7327 7322
f 7362 7357 7365
f 7357 7356 7365
f 7364 7322 7366
f 7356 7367 7365
f 7356 7361 7367
f 7362 7365 7368
f 7367 7368 7365
f 7369 7362 7368
f 7358 7362 7369
f 7358 7369 7370
f 7369 7368 7371
f 7371 7370 7369
f 7367 7372 7368
f 7371 7368 7372
f 7367 7361 7372
f 7373 7370 7371
f 7374 7370 7373
f 7373 7371 7375
f 7375 7371 7372
f 7373 7376 7374
f 7373 7375 7376
f 7376 7377 7374
f 7374 7377 7378
f 7379 7376 7375
f 7379 7377 7376
f 7375 7372 7380
f 7379 7375 7380
f 7378 7377 7381
f 7379 7382 7377
f 7379 7380 7382
f 7381 7377 7383
f 7383 7377 7382
f 7378 7381 7384
f 7384 7381 7383
f 7385 7386 7387
f 7387 7388 7385
f 7387 7386 7389
f 7387 7390 7388
f 7391 7389 7386
f 7389 7391 7392
f 7390 7393 7388
f 7394 7388 7393
f 7393 7395 7394
f 7392 7396 7389
f 7396 7392 7397
f 7392 7398 7397
f 7397 7398 7399
f 7398 7400 7399
f 7400 7401 7399
f 7400 7402 7401
f 7402 7403 7401
f 7400 7404 7402
f 7405 7406 7407
f 7408 7407 7406
f 7409 7405 7407
f 7408 7410 7407
f 7409 7407 7410
f 7411 7410 7408
f 7412 7405 7409
f 7413 7410 7411
f 7414 7412 7409
f 7412 7414 7415
f 7416 7409 7410
f 7416 7410 7413
f 7416 7414 7409
f 7413 7417 7416
f 7416 7417 7414
f 7417 7415 7414
f 7418 7417 7413
f 7418 7415 7417
f 7419 7415 7418
f 7244 7243 7420
f 7244 7421 7221
f 7422 7243 7242
f 7243 7422 7420
f 7422 7242 7255
f 7421 6394 7221
f 7421 7244 7423
f 7420 7423 7244
f 6390 6394 7421
f 7424 7421 7423
f 7424 7423 7420
f 6390 7421 6387
f 7424 6387 7421
f 7420 7425 7424
f 7426 6387 7424
f 7425 7426 7424
f 7426 6386 6387
f 7427 6386 7426
f 7425 7420 7428
f 7428 7420 7422
f 7429 7428 7422
f 7430 7426 7425
f 7426 7431 7427
f 7430 7431 7426
f 7425 7428 7432
f 7429 7432 7428
f 7255 7429 7422
f 7425 7432 7433
f 7425 7434 7430
f 7433 7434 7425
f 7430 7434 7431
f 7433 7435 7434
f 7436 7433 7432
f 7436 7435 7433
f 7436 7432 7437
f 7432 7429 7437
f 7435 7431 7434
f 7015 7431 7435
f 7431 7015 7438
f 7021 7435 7436
f 7021 7436 7437
f 7018 7435 7021
f 7018 7015 7435
f 7438 7439 7431
f 7014 7438 7015
f 7014 5864 7438
f 7440 7438 5864
f 7438 7440 7439
f 6662 7440 5864
f 6662 5864 6665
f 7441 7439 7440
f 7441 7440 6662
f 7439 7427 7431
f 7439 6654 7427
f 7427 6654 6386
f 7441 7442 7439
f 7439 7442 6654
f 6662 6661 7441
f 7441 6661 7442
f 7442 7443 6654
f 6658 7443 7442
f 6658 7442 6661
f 7443 6656 6654
f 6658 6657 7443
f 7443 6657 6656
f 2064 7444 2061
f 7445 2061 7444
f 7446 2064 2065
f 2064 7446 7444
f 7445 7444 7447
f 7445 7447 7448
f 7449 7447 7444
f 7446 7449 7444
f 7447 7450 7448
f 7451 7448 7450
f 7451 7450 7452
f 7453 7450 7447
f 7449 7453 7447
f 7454 7452 7450
f 7455 7452 7454
f 7455 7454 7456
f 7456 7454 7457
f 7457 7454 7458
f 7453 7459 7450
f 7459 7454 7450
f 7460 7458 7454
f 7459 7460 7454
f 7460 7461 7458
f 7460 7462 7461
f 7459 7462 7460
f 7462 7463 7461
f 7459 7464 7462
f 7462 7464 7463
f 7459 7453 7464
f 7465 7463 7464
f 7464 7453 7466
f 7464 7466 7465
f 7466 7453 7449
f 7467 7466 7449
f 7467 7449 7446
f 7465 7466 7468
f 7466 7467 7468
f 7465 7468 7469
f 1497 7465 7469
f 1498 1497 7469
f 1498 7469 1504
f 7469 7468 1504
f 7468 7467 7470
f 7468 7471 1504
f 7468 7470 7471
f 7467 7472 7470
f 7446 7472 7467
f 7470 7473 7471
f 7473 7470 7472
f 1504 7471 7474
f 7474 7471 7473
f 1504 7474 7475
f 4003 7472 7446
f 4003 7446 2065
f 4001 7473 7472
f 4001 7472 4003
f 7474 7476 7475
f 7476 7477 7475
f 7474 7473 7478
f 7474 7478 7476
f 7473 4001 3999
f 3999 7478 7473
f 7479 7476 7478
f 7476 7479 7477
f 3999 7479 7478
f 7480 7477 7479
f 7480 7481 7477
f 3998 7479 3999
f 3998 7480 7479
f 7482 7481 7480
f 7482 7483 7481
f 7480 3998 7484
f 7482 7480 7484
f 7482 7485 7483
f 7483 7485 7486
f 7487 7486 7485
f 3979 7486 7487
f 3984 7485 7482
f 3984 7487 7485
f 7484 3985 7482
f 3984 7482 3985
f 7484 3988 3985
f 3988 7484 3998
f 7487 3980 3979
f 7487 3984 3980
f 5731 7488 5730
f 5730 7488 5732
f 5731 7489 7488
f 7488 7490 5732
f 7488 7489 7490
f 7491 5733 5732
f 7492 5733 7491
f 7491 5721 7492
f 5721 7491 5720
f 7493 7491 5732
f 7494 7493 5732
f 5732 7490 7494
f 7491 7493 7495
f 7495 7493 7494
f 7496 5720 7491
f 3804 5720 7496
f 3804 7496 7497
f 7496 7498 7497
f 7499 7497 7498
f 7500 7498 7496
f 7499 7498 7500
f 7496 7491 7500
f 7501 7502 7503
f 7502 7504 7503
f 7503 7505 7501
f 7506 7503 7504
f 7507 7501 7505
f 7508 7506 7504
f 7505 7509 7507
f 7510 7506 7508
f 7509 7511 7507
f 7508 7512 7510
f 7513 7507 7511
f 7514 7510 7512
f 7513 7514 7512
f 7511 7514 7513
f 7515 7516 7517
f 7518 7517 7516
f 7517 7519 7515
f 7520 7518 7516
f 7515 7519 7521
f 7522 7518 7520
f 7521 7523 7515
f 7524 7522 7520
f 7521 7525 7523
f 7526 7522 7524
f 7527 7523 7525
f 7524 7528 7526
f 7527 7525 7529
f 7529 7526 7528
f 7528 7527 7529
f 7318 6074 7530
f 6645 7318 7530
f 7128 7530 6074
f 7129 7530 7128
f 7530 6642 6645
f 7530 6627 6642
f 7531 6627 7530
f 7532 7530 7129
f 7532 7531 7530
f 7124 7532 7129
f 7531 6614 6627
f 7532 6614 7531
f 6614 6615 6627
f 7532 7124 7533
f 7533 6614 7532
f 7123 7533 7124
f 7533 6612 6614
f 6612 7533 7123
f 6612 7123 7120
f 6731 7120 6733
f 7534 6612 7120
f 7120 6731 7535
f 7120 7535 7534
f 7536 6612 7534
f 6616 6612 7536
f 7536 7534 7537
f 7537 6616 7536
f 7537 7534 7535
f 7535 6731 6732
f 7538 7537 7535
f 7538 7535 6732
f 7539 6616 7537
f 7538 7539 7537
f 6619 6616 7539
f 3736 6619 7539
f 3736 3737 6619
f 7538 7540 7539
f 3736 7539 7540
f 7541 7538 6732
f 7541 7540 7538
f 7541 6732 6729
f 7541 6729 7542
f 7542 6729 3739
f 7541 3732 7540
f 7541 7542 3732
f 3731 3736 7540
f 3731 7540 3732
f 3734 3732 7542
f 7542 3739 3734
f 2239 7543 2233
f 7543 2232 2233
f 2236 7544 2239
f 7545 7543 2239
f 7545 2239 7544
f 7543 7546 2232
f 2232 7546 2235
f 7543 7547 7546
f 7543 7545 7547
f 7548 7544 2236
f 7549 2236 2238
f 7549 7548 2236
f 7549 2238 2237
f 7545 7544 7550
f 7550 7544 7548
f 1989 7548 7549
f 7550 7551 7545
f 7550 7548 7552
f 7550 7552 7551
f 7548 1990 7552
f 1989 1990 7548
f 7551 7552 1995
f 7552 1990 1995
f 7545 7551 7547
f 7551 1995 1998
f 7551 1998 7547
f 7553 7554 7547
f 7555 7554 7553
f 7556 7547 7554
f 7556 7557 7547
f 7557 7546 7547
f 2001 7553 7547
f 2001 7547 1998
f 7557 2235 7546
f 7558 2235 7557
f 7558 7559 2235
f 7559 2225 2235
f 7559 7560 2225
f 7561 7560 7559
f 7561 7562 7560
f 7562 7563 7560
f 7564 7563 7562
f 7565 2225 7560
f 7565 7560 7563
f 7565 2217 2225
f 7564 7566 7563
f 2217 7565 2213
f 7563 7566 7567
f 7568 7565 7563
f 7568 2213 7565
f 7563 7567 7568
f 7568 7569 2213
f 2214 2213 7569
f 7568 7567 7570
f 7568 7570 7569
f 7567 7571 7570
f 7572 7571 7567
f 7569 7573 2214
f 7571 7572 3429
f 2214 7573 2215
f 7574 7570 7571
f 7574 7571 3429
f 7575 7569 7570
f 7575 7570 7574
f 7575 7573 7569
f 7572 3427 3429
f 7574 7576 7575
f 7574 3429 7576
f 7575 7577 7573
f 7577 7575 7576
f 7578 2215 7573
f 7578 7573 7577
f 2215 7578 2219
f 7576 3429 3430
f 7577 7579 7578
f 7579 2219 7578
f 7577 7576 7580
f 7580 7576 3430
f 7577 7581 7579
f 7580 7581 7577
f 1661 2219 7579
f 7580 3430 3434
f 7580 3434 7581
f 7581 7582 7579
f 7579 7582 1661
f 7581 7583 7582
f 7583 1661 7582
f 7581 1659 7583
f 3434 1659 7581
f 1658 1661 7583
f 1658 7583 1659
f 1661 7584 2219
f 7585 2219 7584
f 2219 7585 2211
f 7586 7587 7584
f 1662 7584 1661
f 1662 7586 7584
f 7586 1662 1664
f 7587 7585 7584
f 7586 7588 7587
f 7588 7589 7587
f 7587 7589 7585
f 7585 7589 7590
f 7585 7590 2211
f 2207 2211 7590
f 7589 7591 7590
f 7590 7591 2207
f 7589 7592 7591
f 2207 7591 2203
f 7592 7593 7591
f 7591 7593 2203
f 7592 7594 7593
f 2227 2203 7593
f 7595 2227 7593
f 7595 7593 7594
f 2227 7595 2229
f 7596 7595 7594
f 2237 2229 7595
f 7596 7597 7595
f 7598 7595 7597
f 7599 2237 7595
f 7599 7549 2237
f 7595 7598 7600
f 7595 7600 7599
f 7599 1989 7549
f 7599 7600 7601
f 7599 7601 1989
f 1986 1989 7601
f 7602 7601 7600
f 7601 7602 1986
f 7600 7598 7603
f 7602 7600 7603
f 7604 7603 7598
f 7605 7604 7598
f 7605 7606 7604
f 7604 7606 7603
f 7607 7606 7605
f 7602 7603 7608
f 7606 7608 7603
f 7609 7606 7607
f 7602 7608 7610
f 1986 7602 7610
f 7611 7608 7606
f 7611 7606 7609
f 7611 7610 7608
f 7609 7607 7612
f 7611 7609 7613
f 7613 7609 7612
f 7611 7613 3217
f 7613 7612 7614
f 7613 7614 3217
f 7615 7612 7616
f 3220 7610 7611
f 7611 3217 3220
f 3220 1983 7610
f 1983 1986 7610
f 7615 7617 7612
f 7618 7617 7615
f 7612 7617 7619
f 7614 7612 7619
f 7620 7617 7618
f 7614 7619 3215
f 7614 3215 3217
f 7621 7619 7617
f 7619 7621 3215
f 7622 7617 7620
f 7621 7617 7622
f 7622 7620 7623
f 7623 7624 7622
f 7623 7625 7624
f 7626 7621 7622
f 7626 7622 7624
f 3215 7621 3212
f 7626 3212 7621
f 7627 7624 7625
f 7626 7624 7628
f 7624 7627 7629
f 7624 7629 7628
f 7627 7630 7629
f 3212 7626 3210
f 7626 7628 3210
f 7630 7631 7629
f 7632 7631 7630
f 7633 7628 7629
f 7633 7629 7631
f 7628 3207 3210
f 7628 7633 3207
f 7634 7635 7636
f 7634 7636 7637
f 7638 7636 7635
f 7636 7639 7637
f 7638 7635 7640
f 7641 7637 7639
f 7642 7638 7640
f 7643 7641 7639
f 7643 7642 7640
f 7640 7641 7643
f 6566 7644 6569
f 6566 7645 7644
f 6569 7644 7646
f 7644 7645 7647
f 7648 7647 7645
f 7648 7649 7647
f 7650 7649 7648
f 7651 7649 7650
f 7650 7652 7651
f 7653 7651 7652
f 7651 7653 7654
f 7653 7655 7654
f 7653 7656 7655
f 7657 7655 7656
f 6535 7657 7656
f 6535 7658 7657
f 7657 7658 7659
f 7659 7660 7657
f 6535 7043 7658
f 7043 7042 7658
f 7659 7661 7662
f 7659 7662 7663
f 7659 7663 7664
f 7659 7665 7660
f 7666 7660 7665
f 7667 7666 7665
f 7646 7665 7659
f 7665 7646 7667
f 7646 7659 7664
f 7644 7667 7646
f 7646 7664 7668
f 7669 7646 7668
f 7669 7670 7646
f 7670 7671 7646
f 7671 7672 7646
f 7670 7673 7671
f 7673 7674 7671
f 7674 7675 7671
f 7673 7676 7674
f 7677 7678 7679
f 7680 7681 7679
f 7682 7678 7677
f 7683 7678 7682
f 7683 7682 7684
f 7685 7681 7680
f 7686 7681 7687
f 7687 7681 7688
f 7686 7687 7689
f 7688 7681 7690
f 7691 7690 7681
f 7685 7692 7681
f 7691 7681 7692
f 7691 7692 7693
f 7694 7693 7692
f 7694 7692 7695
f 7692 7696 7697
f 7696 7698 7697
f 7695 7692 7699
f 7700 7695 7699
f 7699 7692 7697
f 7700 7699 7701
f 7701 7702 7700
f 7703 7699 7697
f 7702 7701 7704
f 7703 7697 7705
f 7705 7706 7703
f 7706 7707 7703
f 7708 7707 7706
f 7709 7707 7708
f 7710 7707 7709
f 7710 7709 7711
f 7712 7710 7711
f 7712 7713 7710
f 7714 7710 7713
f 7712 7715 7713
f 7715 7716 7713
f 7717 7713 7716
f 7713 7717 7718
f 7718 7719 7713
f 7719 7718 7720
f 7721 7720 7718
f 7721 7722 7720
f 7723 7720 7722
f 7723 7724 7720
f 7720 7724 7725
f 7726 7725 7724
f 7727 7725 7726
f 7727 7705 7725
f 7705 7697 7725
f 7725 7697 7728
f 7728 7697 7729
f 7729 7697 7698
f 7729 7698 7684
f 7729 7684 7682
f 7729 7730 7728
f 7730 7731 7728
f 7732 7730 7729
f 7728 7731 7733
f 7732 7729 7734
f 7734 7729 7682
f 7734 7682 7735
f 7736 7733 7731
f 7737 7735 7682
f 7737 7682 7677
f 7737 7677 7738
f 7739 7738 7677
f 7738 7739 7740
f 7741 7733 7736
f 7740 7739 7742
f 7741 7736 7743
f 7742 7739 7744
f 7742 7744 7745
f 7746 7745 7744
f 7747 7744 7739
f 7748 7746 7744
f 7749 7748 7744
f 7741 7743 7749
f 7750 7748 7749
f 7743 7750 7749
f 7749 7751 7741
f 7751 7752 7741
f 7753 7749 7744
f 7747 7753 7744
f 7754 7753 7747
f 7755 7754 7747
f 7753 7756 7749
f 7756 7751 7749
f 7753 7754 7757
f 7753 7757 7756
f 7754 7758 7757
f 7759 7755 7747
f 7755 7759 5407
f 7759 7747 7739
f 5407 7759 5405
f 7760 7759 7739
f 7759 7760 5405
f 7761 5405 7760
f 7761 5406 5405
f 7762 5406 7761
f 7761 7760 7763
f 7761 7763 7762
f 7764 7762 7763
f 7764 7763 7765
f 7766 7764 7765
f 7767 7765 7763
f 7765 7768 7766
f 7765 7767 7768
f 7769 7766 7768
f 7767 7769 7768
f 7770 7766 7769
f 7771 7769 7767
f 7770 7769 7772
f 7771 7772 7769
f 7767 7773 7771
f 7770 7772 7774
f 7772 7771 7774
f 7775 7770 7774
f 7771 7773 7776
f 7776 7773 7686
f 7777 7774 7771
f 7771 7776 7777
f 7778 7775 7774
f 7777 7778 7774
f 7775 7778 7779
f 7686 7780 7776
f 7780 7686 7689
f 7780 7689 7781
f 7782 7781 7689
f 7779 7778 7783
f 7779 7783 7784
f 7778 3178 7783
f 7778 7777 3178
f 7783 3166 7784
f 3165 7784 3166
f 7783 3169 3166
f 7783 3178 3169
f 7785 7786 7787
f 7788 7789 7786
f 7786 7790 7787
f 7789 7790 7786
f 7791 7787 7790
f 7789 7792 7790
f 7793 7791 7790
f 7790 7792 7793
f 7793 7792 7794
f 7793 7794 7795
f 7796 7793 7795
f 7797 7795 7794
f 7796 7795 7797
f 3561 7797 7794
f 7798 7796 7797
f 7796 7798 7799
f 7800 7799 7798
f 7798 7797 3559
f 7800 7798 3559
f 7797 3561 3559
f 7801 7800 3559
f 7802 7801 3559
f 7802 3559 3558
f 7803 7804 7805
f 7804 7806 7805
f 7803 6363 7804
f 7807 7806 7804
f 7807 7804 6363
f 7806 7807 7808
f 7808 7807 7809
f 7810 7806 7808
f 7805 7806 7810
f 7808 7811 7810
f 7807 7812 7809
f 6363 7812 7807
f 7809 7812 7813
f 6359 7813 7812
f 6359 7812 6363
f 7813 6359 3577
f 7811 7814 7810
f 7805 7810 7814
f 7815 7814 7811
f 7815 7811 7816
f 7816 7817 7815
f 7817 7818 7815
f 7815 7818 7819
f 7820 7815 7819
f 7821 7815 7820
f 7815 7822 7814
f 7805 7814 7822
f 7815 7823 7822
f 7815 7824 7823
f 7825 7805 7822
f 7805 7826 7803
f 7825 7826 7805
f 7823 7824 7827
f 7824 7828 7827
f 7823 7829 7822
f 7825 7822 7829
f 7830 7823 7827
f 7823 7830 7829
f 7831 7825 7829
f 7831 7826 7825
f 7829 7830 7832
f 7832 7831 7829
f 7830 7827 3799
f 3799 7832 7830
f 7828 7833 7827
f 3799 7827 7833
f 7828 7834 7833
f 3799 7833 3800
f 7834 7835 7833
f 3800 7833 7835
f 7834 7836 7835
f 7837 7835 7838
f 7839 7835 7837
f 3800 7835 7839
f 7840 7837 7838
f 7839 7837 7840
f 7841 7838 7835
f 7840 3807 7839
f 3807 3800 7839
f 3809 3807 7840
f 7836 7842 7835
f 7841 7835 7842
f 7836 7843 7842
f 7844 7841 7842
f 7842 7845 7844
f 7843 7845 7842
f 7843 7846 7845
f 7844 7845 7846
f 7847 7844 7846
f 7848 7849 7846
f 7850 7846 7849
f 7851 7846 7850
f 7847 7846 7852
f 7851 7852 7846
f 7853 7847 7852
f 7851 7854 7852
f 7853 7852 7855
f 7856 7852 7854
f 7855 7852 7856
f 7856 7857 7855
f 7858 7857 7856
f 7856 7859 7858
f 7860 7858 7859
f 7861 7857 7858
f 7855 7857 7862
f 7857 7863 7862
f 7857 7861 7863
f 7864 7862 7863
f 7865 7863 7861
f 7864 7863 7866
f 7863 7867 7866
f 7865 7867 7863
f 7868 7867 7865
f 7867 7869 7866
f 7870 7866 7869
f 7870 7869 3714
f 7870 3714 3718
f 3712 7869 7867
f 3714 7869 3712
f 7871 7867 7868
f 7872 7871 7868
f 7873 7871 7872
f 3712 7867 7871
f 7871 7873 7874
f 7873 7875 7874
f 3712 7871 7876
f 7875 7877 7874
f 7871 7874 7878
f 7876 7871 7878
f 7878 7874 7879
f 7877 7879 7874
f 7875 7880 7877
f 7881 7878 7879
f 3721 7876 7878
f 7881 3721 7878
f 3713 3712 7876
f 3713 7876 3721
f 7023 7245 4441
f 4440 4441 7245
f 7023 7020 7882
f 7023 7882 7245
f 7882 7020 7021
f 7882 7021 7883
f 7246 7882 7883
f 7437 7883 7021
f 7437 7429 7883
f 7246 7883 7429
f 7255 7246 7429
f 7882 7246 7245
f 7246 7255 7249
f 7884 7885 7886
f 7887 7885 7884
f 7886 7885 7888
f 7884 7889 7887
f 7888 7890 7886
f 7887 7889 7891
f 7892 7890 7888
f 7889 7893 7891
f 7888 7894 7892
f 7895 7891 7893
f 7894 7896 7892
f 7895 7893 7897
f 7892 7896 7898
f 7899 7895 7897
f 7900 7898 7896
f 7897 7901 7899
f 7900 7902 7898
f 7899 7901 7903
f 7904 7902 7900
f 7903 7905 7899
f 7906 7902 7904
f 7907 7905 7903
f 7903 7906 7907
f 7907 7906 7904
f 7908 7909 7910
f 7909 7911 7910
f 7908 7912 7909
f 7913 7912 7908
f 7914 7912 7913
f 7915 7910 7911
f 7916 7915 7911
f 7915 7916 7917
f 7918 7915 7917
f 7917 7916 7919
f 7918 7917 7920
f 7921 7917 7919
f 7922 7921 7919
f 7917 7923 7920
f 7924 7920 7923
f 5983 7924 7923
f 7925 7924 5983
f 7926 7925 5983
f 5982 7926 5983
f 7921 7927 7917
f 7921 7928 7927
f 7927 7929 7917
f 7930 7929 7927
f 7931 7930 7927
f 7930 7931 7932
f 7931 7933 7932
f 7932 7933 7934
f 7933 7935 7934
f 7934 7935 7936
f 7937 7936 7935
f 7936 7937 7938
f 7938 7939 7936
f 7940 7939 7938
f 7940 7941 7939
f 7940 7942 7943
f 7940 7943 7944
f 7944 7941 7940
f 7941 7944 7945
f 7941 7945 7946
f 7940 7947 7942
f 7942 7947 7948
f 7947 7949 7948
f 7950 7942 7951
f 7942 7950 7952
f 7952 7950 7953
f 7952 7953 7954
f 7954 7953 7955
f 7954 7955 7946
f 7949 7947 7956
f 7949 7956 7957
f 7957 7956 7955
f 7958 7946 7955
f 7955 7956 7958
f 7941 7946 7958
f 7958 7956 7959
f 7941 7958 7960
f 7941 7960 7961
f 7941 7961 7962
f 7941 7962 7956
f 7959 7956 7963
f 7941 7956 7964
f 7963 7956 7965
f 7965 7956 7962
f 7966 7964 7956
f 7956 7967 7966
f 7967 7956 7947
f 7968 7967 7947
f 7968 7969 7967
f 7967 7969 7966
f 7966 7969 7970
f 7970 7971 7966
f 7970 7972 7971
f 7971 7972 7973
f 7974 7973 7972
f 7973 7974 7975
f 7975 7974 7976
f 7975 7976 7977
f 7975 7977 7978
f 7979 7975 7978
f 7980 7981 7982
f 7980 7982 7983
f 7980 7984 7981
f 7985 7981 7984
f 7983 7986 7980
f 7987 7985 7988
f 7988 7989 7987
f 7990 7986 7983
f 7980 7991 7984
f 7980 7986 7991
f 7992 7985 7984
f 7993 7984 7991
f 7992 7984 7993
f 7994 7993 7991
f 7994 7991 7986
f 7985 7992 7995
f 7988 7985 7995
f 7996 7992 7993
f 7997 7989 7988
f 7998 7997 7988
f 7999 7989 7997
f 7998 7988 8000
f 8000 7988 7995
f 7998 8000 8001
f 7995 7992 8002
f 7995 8002 8000
f 8000 8002 8001
f 7996 8002 7992
f 8001 8002 8003
f 8003 8002 7996
f 7999 8004 7989
f 8004 8005 7989
f 8006 8004 7999
f 8004 8007 8005
f 8006 8007 8004
f 8007 8006 8008
f 8007 8008 8009
f 8010 8007 8009
f 8011 8009 8008
f 8010 8009 8012
f 8013 8009 8011
f 8012 8009 8013
f 8011 8014 8013
f 8014 8015 8013
f 8012 8013 8015
f 8016 8012 8015
f 8016 8017 8012
f 8018 8012 8019
f 8020 8012 8017
f 8012 8020 8019
f 8018 8019 8021
f 8022 8020 8017
f 8020 8022 8023
f 8023 8024 8020
f 8024 8025 8020
f 8019 8026 8021
f 8027 8021 8026
f 8019 8020 8028
f 8019 8028 8026
f 8020 8029 8028
f 8020 8025 8029
f 8030 8029 8025
f 8028 8029 8031
f 8028 8031 8026
f 8029 8032 8031
f 8029 8030 8033
f 8032 8029 8033
f 8030 8034 8033
f 8027 8026 8035
f 8026 8031 8035
f 8035 8036 8027
f 8037 8036 8035
f 8038 8035 8031
f 8038 8037 8035
f 8031 8032 8038
f 8038 8039 8037
f 8039 8040 8037
f 8040 8039 8041
f 8032 8042 8038
f 8039 8038 8042
f 8032 8033 8042
f 8039 8043 8041
f 8039 8042 8043
f 8042 8033 8043
f 8043 8033 8034
f 8043 8044 8041
f 8044 8043 8034
f 8045 8046 8047
f 8046 8045 8048
f 8046 8049 8047
f 8047 8049 8050
f 8046 8051 8049
f 8049 8052 8050
f 8049 8051 8052
f 8050 8052 8053
f 8053 8052 8054
f 8055 8053 8054
f 8056 8055 8054
f 8057 8055 8056
f 8057 8056 8058
f 8054 8059 8056
f 8057 8058 8060
f 8061 8059 8054
f 8057 8060 8062
f 8060 8061 8062
f 8057 8062 8063
f 8064 8063 8062
f 8054 8065 8061
f 8062 8061 8065
f 8066 8054 8052
f 8066 8065 8054
f 8051 8066 8052
f 8067 8065 8066
f 8067 8066 8051
f 8062 8065 8068
f 8067 8068 8065
f 8062 8069 8064
f 8062 8068 8069
f 8070 8064 8069
f 8067 8071 8068
f 8068 8071 8069
f 8051 8072 8067
f 8067 8072 8071
f 8051 8073 8072
f 8046 8073 8051
f 8071 8072 8074
f 8073 8074 8072
f 8075 8069 8071
f 8069 8075 8070
f 8071 8074 8075
f 8048 8073 8046
f 8074 8070 8075
f 8076 8070 8074
f 8077 8076 8074
f 8077 8078 8076
f 8079 8078 8077
f 8077 8080 8079
f 8074 8081 8077
f 8077 8081 8080
f 8081 8082 8080
f 8081 8083 8082
f 8081 8073 8083
f 8073 8081 8074
f 8084 8073 8048
f 8084 8048 8085
f 8048 8086 8085
f 8048 8087 8086
f 8086 8088 8085
f 8088 8089 8085
f 8048 8090 8087
f 8090 8091 8087
f 8048 8092 8090
f 8093 8087 8091
f 8093 8091 8094
f 8048 8095 8092
f 8094 8096 8093
f 8094 8097 8096
f 8093 8096 8098
f 8098 8099 8093
f 8089 8099 8098
f 8097 8100 8096
f 8089 8098 8101
f 8102 8100 8097
f 8102 8097 8103
f 8102 8103 8104
f 8105 8100 8102
f 8106 8100 8105
f 8107 8102 8104
f 8102 8107 8105
f 8107 8104 8108
f 8107 8108 8092
f 8095 8107 8092
f 8105 8107 8109
f 8095 8109 8107
f 8105 8109 8106
f 8095 8110 8109
f 8111 8110 8095
f 8112 8106 8109
f 8110 8112 8109
f 8113 8106 8112
f 8111 8114 8110
f 8115 8113 8112
f 8115 8112 8110
f 8114 8115 8110
f 8113 8115 8116
f 8115 8114 8117
f 8114 8118 8117
f 8117 8119 8115
f 8116 8115 8119
f 8118 8114 8120
f 8121 8116 8119
f 8122 8118 8120
f 8121 8123 8116
f 8121 8124 8123
f 8120 8124 8122
f 8124 8120 8123
f 5684 5689 8125
f 5689 8126 8127
f 8126 5689 8128
f 8127 8126 8129
f 5689 8130 8128
f 5689 5686 8130
f 8130 5686 8131
f 8130 8131 5676
f 5665 8130 5676
f 8127 8129 8132
f 5665 8133 8130
f 5660 8133 5665
f 8134 8130 8133
f 8134 8128 8130
f 5660 8135 8133
f 8134 8133 8135
f 8136 8128 8134
f 8137 8128 8136
f 8134 8138 8136
f 8137 8136 8138
f 8134 8135 8138
f 8139 8137 8138
f 8139 8140 8137
f 8139 8138 8141
f 8139 8141 8140
f 8138 8135 8141
f 8140 8141 8142
f 8135 8142 8141
f 8143 8135 5660
f 8144 8143 5660
f 8142 8135 8145
f 8143 8145 8135
f 8146 8143 8144
f 8146 8144 5648
f 8147 8145 8143
f 8148 8143 8146
f 8147 8143 8148
f 8146 5648 8149
f 8149 5648 5646
f 5631 8149 5646
f 8146 8149 8150
f 5631 8150 8149
f 8148 8146 8150
f 8150 5631 5633
f 8148 8150 8151
f 8151 8150 5633
f 8151 8147 8148
f 5634 8151 5633
f 8152 8147 8151
f 8152 8151 5634
f 8152 8145 8147
f 8152 8153 8145
f 8142 8145 8153
f 8154 8152 5634
f 8152 8155 8153
f 8154 8155 8152
f 8154 8156 8155
f 8154 5634 8157
f 8156 8154 8157
f 8157 5634 5625
f 8157 5625 5626
f 5626 8158 8157
f 8158 8156 8157
f 8159 8155 8156
f 8159 8160 8155
f 8155 8160 8153
f 8161 8160 8159
f 8160 8162 8153
f 8162 8142 8153
f 8161 8163 8160
f 8160 8163 8162
f 8162 8132 8142
f 8162 8163 8132
f 8129 8142 8132
f 8164 8132 8163
f 8164 8163 8161
f 8127 8132 8164
f 8165 8164 8161
f 8165 8161 8166
f 8165 8166 8167
f 8165 8168 8164
f 8127 8164 8168
f 8167 8168 8165
f 8169 8127 8168
f 8169 8168 8167
f 8170 8171 8172
f 8170 8173 8171
f 8073 8171 8173
f 8173 8083 8073
f 8172 8171 8084
f 8171 8073 8084
f 8172 8084 8174
f 8172 8174 8175
f 8084 8176 8174
f 8172 8175 8177
f 8177 8175 8178
f 8176 8084 8179
f 8180 8177 8178
f 8180 8178 8181
f 8180 8181 8182
f 8180 8183 8177
f 8183 8180 8184
f 8182 8185 8180
f 8076 8183 8184
f 8078 8183 8076
f 8185 8182 8186
f 8187 8186 8182
f 8188 8186 8187
f 8187 8179 8188
f 8189 8185 8186
f 8189 8186 8190
f 8189 8191 8185
f 8189 8190 8192
f 8193 8192 8190
f 8189 8194 8191
f 8195 8192 8193
f 8194 8196 8191
f 8197 8195 8193
f 8198 8199 8195
f 8200 8195 8199
f 8200 8199 8198
f 8196 8200 8198
f 8201 8198 8195
f 8197 8201 8195
f 8196 8198 8202
f 8196 8202 8191
f 8198 8203 8202
f 8198 8201 8203
f 8202 8204 8191
f 8204 8205 8191
f 8205 8206 8191
f 8207 8191 8206
f 8207 8206 8208
f 8202 8209 8204
f 8207 8208 6774
f 8210 6774 8208
f 6774 6776 8207
f 8207 6776 6782
f 8204 8209 8211
f 8212 8204 8213
f 8204 8211 8213
f 8212 8213 8214
f 8212 8214 8215
f 8212 8215 8216
f 8215 8214 8217
f 8215 8218 8216
f 8210 8216 8218
f 8215 8217 8218
f 8218 6774 8210
f 8217 8219 8218
f 8218 8219 6774
f 8217 8220 8219
f 8220 8217 8221
f 8220 8221 8222
f 8222 8223 8220
f 8222 6777 8223
f 8220 8223 8224
f 8220 8224 8219
f 6777 8224 8223
f 8224 8225 8219
f 6774 8219 8225
f 6775 8225 8224
f 6775 6774 8225
f 8224 6777 6775
f 8226 8227 8228
f 8228 8227 8229
f 8230 8229 8227
f 8226 8231 8227
f 8232 8230 8227
f 8232 8227 8231
f 8233 8230 8232
f 8233 8234 8230
f 8233 8235 8234
f 8236 8233 8232
f 8233 8236 8235
f 8236 8232 8231
f 8226 8237 8231
f 8237 8236 8231
f 8237 8226 8238
f 8239 8237 8238
f 8240 8236 8237
f 8239 8240 8237
f 8235 8236 8240
f 8240 8239 8241
f 8240 8241 8235
f 8242 8243 8244
f 8242 8244 8245
f 8246 8242 8245
f 8247 8243 8242
f 8246 8247 8242
f 8248 8245 8244
f 8249 8245 8248
f 8243 8250 8244
f 8243 8251 8250
f 8247 8251 8243
f 8252 8244 8250
f 8248 8244 8252
f 8248 8253 8249
f 8248 8252 8253
f 8253 8254 8249
f 8249 8254 8255
f 8253 8256 8254
f 8254 8257 8255
f 8254 8256 8257
f 8258 8255 8257
f 8252 8250 8259
f 8250 8251 8259
f 8213 8253 8252
f 8213 8256 8253
f 8252 8259 8260
f 8251 8261 8259
f 8259 8261 8260
f 8260 8214 8252
f 8213 8252 8214
f 8260 8261 8222
f 8262 8261 8251
f 8260 8221 8214
f 8260 8222 8221
f 8217 8214 8221
f 8251 8263 8262
f 8262 8264 8261
f 8264 8222 8261
f 6779 8264 8262
f 6777 8222 8264
f 6779 6777 8264
f 8263 8265 8262
f 6779 8262 8265
f 8265 6784 6779
f 8266 8265 8263
f 8247 8263 8251
f 8267 8266 8263
f 8267 8263 8268
f 8268 8263 8247
f 8266 8267 8269
f 8270 8268 8247
f 8269 8271 8266
f 8271 8269 8272
f 8273 8266 8271
f 8271 8274 8273
f 8274 8275 8273
f 8273 8275 8276
f 8277 8271 8272
f 8276 8278 8273
f 8278 8276 8279
f 8280 8279 8276
f 8278 8279 8281
f 8279 8280 8281
f 8281 8280 8277
f 8272 8281 8277
f 8272 8270 8281
f 8247 8281 8270
f 8246 8281 8247
f 8282 8283 8284
f 8285 8282 8284
f 8286 8285 8284
f 8285 8287 8282
f 8286 8284 8288
f 8289 8288 8284
f 8288 8289 8290
f 8289 8284 8291
f 8290 8289 8292
f 8289 8291 7419
f 8292 8293 8290
f 8294 8287 8293
f 8282 8287 8294
f 8291 7415 7419
f 8292 8295 8293
f 8296 8293 8295
f 8295 8292 8297
f 8293 8296 8298
f 8298 8294 8293
f 8292 8299 8297
f 8299 8300 8297
f 8298 8301 8294
f 8301 8297 8300
f 8300 8294 8301
f 8294 8300 8258
f 8294 8258 8282
f 8282 8258 8257
f 8282 8257 8302
f 8257 8256 8302
f 8282 8302 8283
f 8302 8256 8303
f 8283 8302 8303
f 8304 8303 8256
f 8283 8303 8304
f 8213 8304 8256
f 8305 8304 8213
f 8283 8304 8306
f 8305 8306 8304
f 8305 8213 8211
f 8307 8283 8306
f 8283 8307 8284
f 8307 8291 8284
f 8307 8308 8291
f 8307 8306 8308
f 8291 8308 7415
f 8305 8309 8306
f 8309 8308 8306
f 8211 8310 8305
f 8305 8310 8309
f 8309 7412 8308
f 7412 7415 8308
f 8311 8309 8310
f 7412 8309 8312
f 8311 8312 8309
f 8313 8310 8211
f 8311 8310 8313
f 8314 8313 8211
f 8209 8314 8211
f 8209 8315 8314
f 8314 7406 8313
f 8311 8313 7406
f 8315 7408 8314
f 8314 7408 7406
f 8315 8316 7408
f 7405 8312 8311
f 7405 8311 7406
f 7405 7412 8312
f 7411 7408 8316
f 8317 7411 8316
f 8318 7411 8317
f 8318 8098 7411
f 8319 8318 8317
f 8098 8318 8319
f 8319 8317 8320
f 8319 8320 8203
f 8319 8321 8098
f 8319 8203 8322
f 8322 8203 8323
f 8098 8321 8324
f 8203 8201 8323
f 8201 8325 8323
f 8201 8324 8325
f 8101 8098 8324
f 8201 8101 8324
f 8201 8326 8101
f 8201 8327 8326
f 8328 8327 8201
f 8326 8329 8101
f 8197 8328 8201
f 8197 8330 8328
f 8331 8101 8329
f 8101 8331 8332
f 8197 8332 8330
f 8085 8101 8332
f 8197 8085 8332
f 8085 8089 8101
f 8197 8333 8085
f 8333 8084 8085
f 8333 8179 8084
f 8333 8188 8179
f 8334 8335 8336
f 8336 8337 8334
f 8338 8336 8335
f 8334 8337 8339
f 8335 8340 8338
f 8339 8341 8334
f 8338 8340 8342
f 8339 8343 8341
f 8342 8344 8338
f 8341 8343 8345
f 8344 8342 8346
f 8347 8345 8343
f 8346 8348 8344
f 8349 8345 8347
f 8348 8346 8350
f 8349 8350 8346
f 8351 8350 8349
f 8347 8351 8349
f 8352 8353 8354
f 8354 8355 8352
f 8353 8352 8356
f 8354 8357 8355
f 8356 8358 8353
f 8359 8355 8357
f 8358 8356 8360
f 8357 8361 8359
f 8360 8356 8362
f 8359 8361 8363
f 8364 8360 8362
f 8361 8365 8363
f 8364 8362 8365
f 8362 8363 8365
f 8366 8367 8368
f 8368 8367 8369
f 8370 8367 8366
f 8371 8368 8369
f 8366 8372 8370
f 8373 8371 8369
f 8372 8374 8370
f 8375 8371 8373
f 8370 8374 8376
f 8373 8377 8375
f 8378 8376 8374
f 8379 8375 8377
f 8374 8379 8378
f 8377 8378 8379
f 3948 8380 3945
f 8381 3945 8380
f 8380 8382 8381
f 3948 8383 8380
f 3948 3947 8383
f 8380 8384 8382
f 8380 8383 8384
f 8385 8382 8384
f 8385 8384 8386
f 8386 8384 8387
f 8384 8383 8388
f 8388 8387 8384
f 3947 8389 8383
f 8389 8388 8383
f 8388 8390 8387
f 8391 8387 8390
f 8389 8392 8388
f 8391 8390 8393
f 3947 8394 8389
f 8389 8394 8392
f 8395 8391 8393
f 8396 8394 3947
f 3947 3942 8396
f 8396 3942 3937
f 8396 8397 8394
f 8394 8397 8392
f 8398 8396 3937
f 8398 8397 8396
f 8398 3937 3936
f 8399 8398 3936
f 8398 8399 8397
f 8400 8397 8399
f 8400 8401 8397
f 8392 8397 8401
f 8400 8402 8401
f 8401 8403 8392
f 8401 8402 8403
f 8392 8403 8404
f 8388 8392 8404
f 8388 8404 8390
f 8405 8390 8404
f 8404 8403 8405
f 8405 8393 8390
f 8406 8403 8402
f 8405 8403 8406
f 8407 8406 8402
f 8393 8405 8408
f 8407 8405 8406
f 8408 8405 8407
f 8393 8408 8395
f 8407 8409 8408
f 8395 8408 8409
f 8410 8411 8409
f 8395 8409 8411
f 8412 8411 8410
f 8395 8411 8413
f 8414 8395 8413
f 8412 8415 8411
f 8416 8415 8412
f 8416 8417 8415
f 8418 8415 8417
f 8415 8419 8411
f 8411 8419 8420
f 8418 8421 8415
f 8418 8422 8421
f 8415 8423 8419
f 8415 8421 8423
f 8421 8422 8424
f 8421 8424 8423
f 8425 8424 8422
f 8426 8420 8419
f 8426 8419 8423
f 8426 8427 8420
f 8420 8427 8428
f 8424 8425 8429
f 8430 8429 8425
f 8424 8431 8423
f 8431 8424 8429
f 8430 8432 8429
f 8431 8429 8432
f 8430 8433 8432
f 8431 8434 8423
f 8423 8434 8426
f 8435 8431 8432
f 8432 8433 8436
f 8435 8432 8436
f 8433 8437 8436
f 8433 8438 8437
f 8438 8439 8437
f 8436 8437 8439
f 8440 8439 8438
f 8435 8441 8431
f 8431 8441 8434
f 8442 8443 8444
f 8442 8445 8443
f 8445 8446 8443
f 8045 8445 8442
f 8442 8444 8045
f 8447 8445 8045
f 8047 8447 8045
f 8446 8448 8443
f 8446 8120 8448
f 8443 8449 8444
f 8448 8449 8443
f 8045 8444 8450
f 8450 8444 8449
f 8448 8114 8449
f 8448 8120 8114
f 8450 8449 8111
f 8114 8111 8449
f 8095 8450 8111
f 8048 8045 8450
f 8095 8048 8450
f 8451 8452 8453
f 8454 8451 8455
f 8451 8456 8455
f 8451 8453 8456
f 8453 8457 8456
f 8457 8458 8456
f 8453 8459 8457
f 8460 8461 8462
f 8463 8460 8464
f 8460 8465 8464
f 8460 8462 8465
f 8462 8466 8465
f 8466 8467 8465
f 8462 8468 8466
f 8469 8470 8471
f 8472 8469 8473
f 8469 8474 8473
f 8469 8471 8474
f 8471 8475 8474
f 8475 8476 8474
f 8471 8477 8475
f 8478 8479 3552
f 8479 8480 8481
f 8479 8481 3552
f 8482 8481 8480
f 8482 8480 8483
f 8484 3552 8481
f 8485 8481 8482
f 8485 8484 8481
f 8484 3554 3552
f 8486 8485 8482
f 8486 8482 8483
f 8485 8487 8484
f 8488 3554 8484
f 8488 8484 8487
f 8488 8489 3554
f 8488 8487 8490
f 8488 8490 8489
f 8489 8491 3554
f 3553 3554 8491
f 8492 3553 8491
f 8492 8491 8489
f 3553 8492 8493
f 8492 8494 8493
f 8495 8493 8494
f 8492 8489 8496
f 8492 8496 8494
f 8496 8489 8497
f 8490 8497 8489
f 8496 8498 8494
f 8498 8495 8494
f 8499 8498 8496
f 8499 8496 8497
f 8495 8498 8500
f 8495 8500 8501
f 8502 8498 8499
f 8502 8500 8498
f 8499 8497 8503
f 8503 8504 8499
f 8499 8504 8502
f 8503 8497 8505
f 8500 8506 8501
f 8507 8501 8506
f 8508 8500 8502
f 8508 8506 8500
f 8509 8507 8506
f 8509 8506 8508
f 8505 8497 8510
f 8510 8497 8490
f 8511 8508 8502
f 8511 8502 8504
f 8512 8508 8511
f 8508 8512 8509
f 8513 8511 8504
f 8513 8512 8511
f 8513 8504 8514
f 8509 8512 8515
f 8516 8512 8513
f 8516 8513 8514
f 8517 8515 8512
f 8516 8517 8512
f 8509 8515 8518
f 8515 8517 8518
f 8517 8516 8519
f 8519 8516 8520
f 8516 8514 8520
f 8521 8519 8520
f 8521 8522 8519
f 8522 8517 8519
f 8523 8517 8522
f 8523 8518 8517
f 8524 8520 8514
f 8525 8524 8514
f 8526 8524 8525
f 8527 8526 8525
f 8525 8514 8528
f 8514 8504 8528
f 8504 8529 8528
f 8525 8530 8527
f 8525 8528 8530
f 8529 8505 8528
f 8531 8505 8510
f 8531 8532 8505
f 8505 8533 8528
f 8532 8533 8505
f 8528 8533 8534
f 8535 8527 8530
f 8536 8530 8528
f 8535 8537 8527
f 8527 8537 8538
f 8535 8530 8539
f 8535 8539 8537
f 8538 8537 8540
f 8540 8541 8538
f 8537 8542 8540
f 8539 8542 8537
f 8540 8543 8541
f 8540 8542 8543
f 8544 8541 8543
f 8545 8544 8543
f 8546 8544 8545
f 8547 8546 8545
f 8548 8543 8542
f 8549 8542 8539
f 8548 8542 8549
f 8545 8543 8550
f 8550 8543 8548
f 8547 8545 8551
f 8552 8545 8550
f 8552 8551 8545
f 8553 8547 8551
f 8547 8553 8554
f 8555 8554 8553
f 8553 8551 5205
f 8553 5205 8555
f 8556 8554 8555
f 8557 8556 8555
f 8556 8557 8558
f 8552 5203 8551
f 8551 5203 5205
f 8552 5199 5203
f 8558 8557 8559
f 8557 8555 3235
f 8557 3235 8559
f 8559 8560 8558
f 8555 5205 8561
f 3235 8555 8561
f 3223 8561 5205
f 3235 8561 3222
f 3222 8561 3223
f 8559 3235 8562
f 8563 8560 8559
f 8562 8563 8559
f 8562 8564 8563
f 8565 8560 8563
f 8562 3235 3236
f 8565 8563 8566
f 8566 8563 8564
f 8562 8567 8564
f 8566 8564 8567
f 8562 3236 8567
f 8568 8566 8567
f 8566 8569 8565
f 8570 8568 8567
f 8565 8569 8571
f 8571 8560 8565
f 8572 8571 8569
f 8573 8560 8571
f 8571 8574 8573
f 8573 8574 8575
f 8574 8576 8575
f 8577 8575 8576
f 8578 8577 8576
f 8579 8577 8578
f 8580 8579 8578
f 8579 8580 8581
f 8582 8581 8580
f 8583 8581 8582
f 8584 8583 8582
f 8583 8584 8585
f 8586 8584 8582
f 8587 8585 8584
f 8588 8585 8587
f 8586 8589 8584
f 8589 8586 8590
f 8591 8590 8586
f 8592 8591 8586
f 8593 8591 8592
f 8591 8593 8594
f 8595 8594 8593
f 8594 8595 8596
f 8597 8596 8595
f 8596 8597 8598
f 8599 8598 8597
f 8598 8599 8600
f 8599 8601 8600
f 8601 8602 8600
f 8601 8603 8602
f 8602 8603 8604
f 8605 8606 8603
f 8606 8607 8603
f 8603 8608 8604
f 8604 8608 8572
f 8572 8608 8571
f 8603 8607 8609
f 8607 8610 8609
f 8603 8609 8611
f 8603 8611 8608
f 8609 8612 8611
f 8613 8608 8611
f 8614 8608 8613
f 8615 8611 8612
f 8615 8612 8616
f 8617 8616 8612
f 8618 8617 8612
f 3139 3140 5504
f 5504 3140 5501
f 8619 3141 3139
f 3139 5504 8619
f 3141 8619 8620
f 3141 8621 3120
f 8620 8621 3141
f 3114 3120 8621
f 8622 8621 8620
f 8622 3114 8621
f 8620 8623 8622
f 8622 8624 3114
f 8622 8623 8624
f 8623 8625 8624
f 3112 3114 8624
f 8624 8625 8626
f 8626 3112 8624
f 3116 3112 8626
f 8626 8627 3116
f 8628 8627 8626
f 8628 8629 8627
f 8629 8630 8627
f 3116 8627 8630
f 5206 8630 8629
f 3116 8630 8631
f 5206 8631 8630
f 8631 3115 3116
f 3127 3115 8631
f 5208 8631 5206
f 5208 3127 8631
f 8632 8633 8634
f 8634 8633 8635
f 8636 8632 8634
f 8637 8635 8633
f 8638 8632 8636
f 8637 8639 8635
f 8636 8640 8638
f 8637 8641 8639
f 8638 8640 8642
f 8639 8641 8643
f 8644 8642 8640
f 8645 8643 8641
f 8646 8644 8640
f 8645 8647 8643
f 8646 8647 8644
f 8648 8647 8645
f 8644 8647 8648
f 8649 8650 8651
f 8652 8651 8650
f 8653 8649 8651
f 8650 8654 8652
f 8649 8653 8655
f 8652 8654 8656
f 8653 8657 8655
f 8654 8658 8656
f 8655 8657 8659
f 8656 8658 8660
f 8659 8657 8661
f 8658 8662 8660
f 8659 8661 8663
f 8660 8662 8664
f 8665 8663 8661
f 8662 8666 8664
f 8663 8665 8666
f 8665 8664 8666
f 4176 8667 4174
f 4177 4174 8668
f 8668 4174 8667
f 8667 4176 8669
f 8668 8667 8669
f 4176 8670 8669
f 8668 8671 4177
f 4172 4177 8672
f 8671 8672 4177
f 4172 8672 8673
f 4172 8673 4166
f 4166 8673 4132
f 8673 8672 8674
f 8673 8674 4132
f 8672 8671 8675
f 8675 8674 8672
f 8668 8676 8671
f 8669 8676 8668
f 8671 8677 8675
f 8677 8671 8676
f 8669 8678 8676
f 8678 8677 8676
f 8678 8669 8670
f 8675 8679 8674
f 8678 8670 8680
f 8677 8681 8675
f 8681 8679 8675
f 8677 8678 8682
f 8678 8680 8682
f 8670 8683 8680
f 8677 8682 8684
f 8677 8684 8681
f 8685 8682 8680
f 8682 8685 8684
f 8683 8686 8680
f 8680 8686 8685
f 8686 8683 8687
f 8685 8686 8687
f 4111 8687 8683
f 8687 4111 4116
f 8685 8687 8688
f 8685 8688 8684
f 8687 4116 8688
f 8689 8681 8684
f 8689 8684 8688
f 8689 8679 8681
f 8688 4116 8690
f 8690 4116 4115
f 8690 4115 4112
f 8691 8690 4112
f 8690 8691 8688
f 4122 8691 4112
f 8691 4122 4126
f 8692 8688 8691
f 8689 8688 8692
f 8692 8691 4126
f 8689 8692 8679
f 8692 4126 8693
f 8679 8692 8693
f 4127 8693 4126
f 8694 8679 8693
f 8694 8693 4127
f 8674 8679 8694
f 4132 8694 4127
f 8674 8694 4132
f 8695 8696 8697
f 8697 8698 8699
f 8695 8697 8699
f 8695 8700 8701
f 8695 8702 8700
f 8703 8704 8702
f 8695 8703 8702
f 8695 8705 8703
f 8695 8706 8705
f 8695 8707 8706
f 8695 8708 8707
f 8695 8709 8708
f 8695 8699 8709
f 8699 8710 8709
f 8699 8711 8710
f 8699 8712 8711
f 8699 8713 8712
f 8699 8714 8713
f 8714 8715 8713
f 8699 8716 8714
f 8717 8718 8719
f 8720 8718 8717
f 8721 8717 8719
f 8722 8718 8720
f 8719 8723 8721
f 8720 8724 8722
f 8725 8721 8723
f 8722 8724 8726
f 8723 8727 8725
f 8728 8726 8724
f 8725 8727 8729
f 8728 8730 8726
f 8731 8729 8727
f 8728 8732 8730
f 8729 8731 8733
f 8730 8732 8734
f 8734 8733 8731
f 8733 8734 8732
f 8735 8736 8737
f 8735 8737 8738
f 8735 8738 8739
f 8738 8740 8739
f 8740 8741 8742
f 8740 8742 8743
f 8740 8743 8739
f 8743 8744 8739
f 8744 8745 8746
f 8744 8746 8739
f 8746 8747 8739
f 8735 8739 8748
f 8749 8735 8748
f 8749 8750 8751
f 8749 8748 8750
f 8748 8752 8750
f 8739 8753 8754
f 8739 8754 8755
f 8739 8755 8748
f 8754 8756 8755
f 8755 8757 8748
f 8757 8758 8748
f 8755 8759 8757
f 6363 8760 6364
f 6363 7803 8760
f 6364 7499 6367
f 8760 7499 6364
f 7803 8761 8760
f 7803 7826 8761
f 8761 7499 8760
f 7826 8762 8761
f 8763 8762 7826
f 8763 7826 7831
f 8761 8762 7497
f 8761 7497 7499
f 8763 7497 8762
f 5191 8764 5187
f 8765 8764 5191
f 8766 8764 8765
f 8767 5187 8764
f 8766 8767 8764
f 5190 5187 8767
f 8768 8767 8766
f 8768 5190 8767
f 8768 8766 8769
f 8768 8769 8770
f 8768 8771 5190
f 8770 8771 8768
f 5180 5190 8771
f 8771 8770 8772
f 8770 8773 8772
f 2278 8772 8773
f 8771 8772 8774
f 2278 8774 8772
f 5180 8771 8774
f 2278 2279 8774
f 5180 8774 2279
f 8763 7831 8775
f 8763 8775 7497
f 8776 7497 8775
f 7832 8775 7831
f 8776 3804 7497
f 8775 7832 8777
f 7832 3799 8777
f 8776 8775 3802
f 8776 3802 3804
f 8777 3803 8775
f 8775 3803 3802
f 3798 8777 3799
f 3798 3803 8777
f 8778 8779 8780
f 8780 8779 8781
f 8782 8778 8780
f 8779 8783 8781
f 8784 8778 8782
f 8783 8785 8781
f 8786 8784 8782
f 8785 8783 8787
f 8784 8786 8788
f 8785 8787 8789
f 8787 8790 8789
f 8791 8789 8790
f 8790 8792 8791
f 8791 8792 8793
f 8792 8794 8793
f 8794 8795 8793
f 8796 8795 8794
f 8797 8795 8796
f 8796 8798 8797
f 8797 8798 8799
f 8800 8799 8798
f 8799 8800 8801
f 8800 8802 8801
f 8803 8804 8805
f 8806 8807 8808
f 8807 8806 8809
f 8809 8806 8810
f 8809 8810 8811
f 8812 8808 8807
f 8813 8808 8812
f 8813 8812 8814
f 8814 8812 8815
f 8814 8815 8816
f 8816 8815 8817
f 8817 8815 8818
f 8819 8808 8813
f 8820 8819 8813
f 8821 8808 8819
f 8821 8819 8822
f 8822 8823 8821
f 8821 8824 8808
f 8820 8825 8819
f 8826 8825 8820
f 8827 8824 8821
f 8825 8826 8827
f 8828 8827 8826
f 8825 8827 8829
f 8829 8830 8825
f 8831 8827 8828
f 8831 8824 8827
f 8824 8831 8832
f 8833 8834 8835
f 8833 8835 8836
f 8835 8837 8836
f 8838 8833 8836
f 8838 8836 8839
f 8836 8840 8839
f 8836 8841 8840
f 8836 8842 8841
f 8842 8843 8841
f 8842 8844 8843
f 8842 8845 8844
f 8842 8846 8845
f 8836 8847 8848
f 8836 8848 8842
f 8848 8849 8842
f 8842 8850 8846
f 8850 8851 8846
f 8842 8852 8850
f 8852 8853 8850
f 8842 8854 8852
f 8855 8856 8857
f 8857 8858 8855
f 8859 8860 8861
f 8860 8859 8862
f 8862 8863 8860
f 8860 8864 8861
f 8861 8864 8865
f 8865 8864 8866
f 8863 8867 8860
f 8868 8867 8863
f 8868 8869 8867
f 8866 8864 8870
f 8871 8866 8870
f 8871 8870 8869
f 8869 8870 8867
f 8872 8870 8864
f 8872 8873 8870
f 8870 8873 8874
f 8875 8876 8870
f 8876 8867 8870
f 8876 8877 8867
f 8878 8864 8879
f 8880 8867 8881
f 8882 8867 8880
f 8880 8883 8882
f 8882 8860 8867
f 8882 4604 8860
f 8884 8860 4604
f 8884 8885 8860
f 8885 8864 8860
f 8886 8884 4604
f 8885 8884 8886
f 8887 8864 8885
f 8879 8864 8887
f 8888 8879 8887
f 8887 8889 8888
f 8890 8888 8889
f 8887 8885 8891
f 8891 8885 8886
f 4630 8887 8891
f 8891 8886 4625
f 4630 8891 4625
f 8892 4625 8886
f 8892 8886 4606
f 4604 4606 8886
f 8893 8894 8895
f 8896 8893 8895
f 8897 8896 8895
f 8895 8898 8899
f 8897 8895 8900
f 8895 8899 8900
f 8897 8900 8901
f 8900 8902 8901
f 8900 8903 8902
f 8899 8904 8900
f 8899 8905 8904
f 8906 8907 8908
f 8909 8906 8908
f 8908 8910 8909
f 8910 8911 8909
f 8910 8912 8911
f 8908 8913 8910
f 8913 8914 8915
f 8913 8915 8916
f 8913 8916 8910
f 8916 8917 8910
f 5411 8918 5410
f 8919 5410 8918
f 5411 5400 8920
f 5411 8920 8918
f 8919 8918 8921
f 8918 8920 8921
f 8919 8921 8922
f 8920 5400 8923
f 5370 8923 5400
f 8924 8921 8920
f 8920 8923 8924
f 5370 8925 8923
f 8925 8924 8923
f 5370 5369 8925
f 8921 8926 8922
f 8927 8922 8926
f 8928 8927 8926
f 8925 5369 8929
f 8930 8928 8926
f 8931 8930 8926
f 8931 8932 8930
f 8921 8933 8926
f 8933 8931 8926
f 8933 8921 8924
f 8925 8934 8924
f 8934 8925 8929
f 8935 8933 8924
f 8935 8924 8934
f 8931 8933 8936
f 8935 8936 8933
f 8935 8937 8936
f 8937 8931 8936
f 8935 8934 8938
f 8937 8935 8938
f 8932 8931 8939
f 8932 8939 8940
f 8937 8941 8931
f 8931 8941 8939
f 8937 8938 8941
f 8940 8939 8942
f 8942 8939 8941
f 7880 8940 8942
f 7880 8943 8940
f 8941 8944 8942
f 8941 8938 8944
f 8945 7880 8942
f 8945 8942 8944
f 8943 7880 8946
f 8945 7877 7880
f 8943 8946 8947
f 8948 8943 8947
f 8949 8947 8946
f 8949 8950 8947
f 8949 8951 8950
f 8949 8952 8951
f 8952 8953 8951
f 8945 8954 7877
f 7877 8954 7879
f 8945 8955 8954
f 8945 8944 8955
f 8954 8956 7879
f 8955 8956 8954
f 8956 7881 7879
f 8955 8944 8957
f 8957 8944 8938
f 8955 8958 8956
f 8958 8955 8957
f 7881 8956 8959
f 8958 8959 8956
f 3721 7881 8959
f 5350 3721 8959
f 5362 5350 8959
f 5362 8959 8960
f 5362 8960 5368
f 8958 8961 8959
f 8961 8960 8959
f 8957 8961 8958
f 5368 8960 8962
f 8961 8962 8960
f 8963 8962 8961
f 5368 8962 8963
f 8957 8963 8961
f 5368 8963 8929
f 5368 8929 5369
f 8963 8957 8929
f 8934 8929 8957
f 8938 8934 8957
f 8964 8965 8966
f 8964 7267 8965
f 8966 8967 8968
f 8968 8969 8966
f 8966 8969 8964
f 8970 8969 8968
f 8964 3518 7267
f 8970 8971 8969
f 8971 8970 8972
f 8969 8973 8964
f 8969 8971 8973
f 8964 8973 8974
f 8964 8974 3518
f 8975 8973 8971
f 8974 8973 8975
f 8976 8971 8972
f 8976 8975 8971
f 8976 8972 8977
f 8978 8977 8972
f 8976 8979 8975
f 8976 8977 8979
f 8980 8974 8975
f 8980 8975 8979
f 8974 8980 3518
f 8977 8978 8981
f 8977 8981 8979
f 8980 8979 8981
f 8982 8981 8978
f 8980 8983 3518
f 8980 8981 8983
f 8984 8981 8982
f 8985 8984 8982
f 8983 8981 8986
f 8984 8986 8981
f 8983 3501 3518
f 3501 3497 3518
f 8983 8986 8987
f 8983 8987 3501
f 8984 8988 8986
f 8987 8986 8988
f 8984 8985 8989
f 8984 8989 8988
f 8990 8989 8985
f 8987 8988 8991
f 8991 8988 8989
f 8987 8991 3501
f 8992 8989 8990
f 8992 8991 8989
f 8993 8992 8990
f 8991 8992 8994
f 8991 8994 3501
f 8992 8993 8995
f 8992 8995 8994
f 8996 8995 8993
f 8997 8994 8995
f 8994 8997 3501
f 8998 8995 8996
f 8998 8997 8995
f 8998 8996 8999
f 9000 8998 8999
f 9001 9000 8999
f 9000 9002 8998
f 9002 8997 8998
f 9003 9002 9000
f 9002 9003 1953
f 8997 9002 1953
f 8997 1953 3501
f 1953 9004 3501
f 9005 9004 1953
f 9005 1953 1952
f 1950 9005 1952
f 9005 1950 9006
f 1950 1944 9006
f 9005 9007 9004
f 9005 9006 9007
f 9004 9008 3501
f 9007 9008 9004
f 9006 9009 9007
f 1944 9009 9006
f 9007 9009 9008
f 1944 1945 9009
f 9008 9009 9010
f 9010 9009 1945
f 9011 3501 9008
f 3500 3501 9011
f 3500 9011 3505
f 9011 3507 3505
f 9010 1945 9012
f 9010 9012 9008
f 9008 9012 9011
f 9011 9012 3507
f 1945 3457 9012
f 3507 9012 3457
f 9013 9014 9015
f 9015 9016 9013
f 9017 5892 5891
f 9018 5892 9017
f 9018 5900 5892
f 9019 9017 5891
f 5900 9018 9020
f 5900 9020 6305
f 9020 6308 6305
f 9018 9017 9021
f 9019 9021 9017
f 9018 9022 9020
f 9018 9021 9022
f 9023 6308 9020
f 9022 9023 9020
f 9022 9021 9024
f 9022 9024 9023
f 9019 9025 9021
f 9021 9025 9024
f 9019 5891 9026
f 9026 5891 5885
f 9025 9019 9027
f 9019 9026 9027
f 9028 9024 9025
f 9028 9025 9027
f 9029 9027 9026
f 9029 9026 5885
f 9028 9027 6351
f 6351 9027 9029
f 9028 6351 6349
f 6351 9029 9030
f 9030 6350 6351
f 9031 9029 5885
f 9031 5885 5876
f 5871 9031 5876
f 9031 9032 9029
f 5871 9032 9031
f 9032 9030 9029
f 9030 9032 6350
f 5872 9032 5871
f 5872 6350 9032
f 9033 9028 6349
f 6340 9033 6349
f 9034 9028 9033
f 9034 9024 9028
f 9035 9033 6340
f 9034 9033 9035
f 9035 6340 6338
f 9024 9034 9036
f 9035 9036 9034
f 9023 9024 9036
f 6338 9037 9035
f 9035 9037 9036
f 6338 6336 9037
f 9038 9023 9036
f 9038 9036 9037
f 9037 6336 9038
f 6308 9023 9038
f 9039 9038 6336
f 6308 9038 9039
f 6310 9039 6336
f 6309 6308 9039
f 6309 9039 6310
f 8486 9040 9041
f 9040 9042 9041
f 8485 8486 9041
f 9041 9043 8485
f 8485 9043 8487
f 9044 9043 9041
f 9041 9042 9044
f 9045 8487 9043
f 8490 8487 9045
f 8510 8490 9045
f 9046 9045 9043
f 9046 8510 9045
f 9044 9046 9043
f 9047 8510 9046
f 9047 9046 9044
f 9047 9044 9042
f 8510 9047 9048
f 9042 9049 9047
f 9042 9050 9049
f 8486 9050 9042
f 9051 9048 9047
f 9048 9051 8532
f 9051 9052 8532
f 9050 8486 8483
f 9051 9053 9052
f 9050 9053 9051
f 9053 9054 9052
f 9050 8483 9055
f 8483 9056 9055
f 9055 9057 9050
f 9050 9057 9053
f 9055 9054 9057
f 9058 9054 9053
f 9058 9057 9054
f 9058 9053 9057
f 9059 9060 9061
f 9059 9061 9062
f 9061 9063 9062
f 9064 9059 9062
f 9065 9064 9062
f 9062 9066 9065
f 9062 9067 9066
f 9067 9068 9066
f 9067 9069 9068
f 9070 9071 9069
f 9067 9070 9069
f 9072 9073 9070
f 9067 9072 9070
f 9067 9074 9072
f 9062 9075 9076
f 9062 9076 9077
f 9062 9077 9067
f 9076 9078 9077
f 9077 9079 9067
f 9079 9080 9067
f 9077 9081 9079
f 9082 9083 9084
f 9085 9082 9084
f 9083 9086 9084
f 9084 9087 9085
f 9086 9083 9088
f 9085 9087 9089
f 9088 9090 9086
f 9091 9089 9087
f 9090 9088 9092
f 9093 9091 9087
f 9092 9094 9090
f 9091 9093 9095
f 9096 9094 9092
f 9095 9093 9097
f 9096 9092 9098
f 9099 9095 9097
f 9100 9096 9098
f 9101 9099 9097
f 9100 9102 9096
f 9101 9102 9099
f 9099 9102 9100
f 9103 9104 9105
f 9106 9107 9108
f 9108 9109 9106
f 9110 9106 9109
f 9109 9111 9110
f 9112 9110 9111
f 9111 9113 9112
f 9112 9113 9114
f 9114 9115 9112
f 9116 9115 9114
f 9114 9117 9116
f 9116 9117 9118
f 9118 9119 9116
f 9120 2493 2502
f 9120 2495 2493
f 9121 2502 2501
f 2501 2500 9122
f 9122 9121 2501
f 9121 9123 2502
f 9123 9120 2502
f 9123 9121 9124
f 2495 9120 9125
f 9123 9126 9120
f 9120 9126 9125
f 9123 9127 9126
f 9123 9124 9127
f 9125 9126 9128
f 9128 9126 9129
f 9126 9127 9129
f 9130 9125 9128
f 9131 9129 9127
f 9130 9132 9125
f 2495 9125 9132
f 9133 9132 9130
f 9134 2495 9132
f 9133 9134 9132
f 9134 2492 2495
f 9133 9135 9134
f 2492 9134 2494
f 9135 2494 9134
f 9135 9136 2494
f 9136 9137 2494
f 2487 2494 9137
f 2487 9137 2484
f 9138 9137 9136
f 9139 2484 9137
f 9138 9139 9137
f 9140 9139 9138
f 9140 9141 9139
f 9142 9139 9141
f 9141 9143 9142
f 9140 9144 9141
f 9143 9141 9144
f 9143 9144 9145
f 9143 9145 9146
f 3528 9143 9146
f 3528 9146 3529
f 9146 9145 9147
f 9144 9147 9145
f 3529 9146 9148
f 9148 9146 9147
f 3543 3529 9148
f 9144 9149 9147
f 9140 9149 9144
f 9147 9150 9148
f 3543 9148 9151
f 9148 9150 9151
f 3543 9151 3544
f 9152 9149 9140
f 9140 9153 9152
f 9149 9154 9147
f 9149 9152 9154
f 9147 9154 9150
f 9152 9155 9154
f 9156 9152 9153
f 9155 9157 9154
f 9154 9157 9150
f 9157 9155 9158
f 9157 9158 9150
f 9155 9159 9158
f 9150 9158 9160
f 9150 9160 9151
f 9161 9158 9159
f 9160 9158 9162
f 9151 9160 9162
f 9162 9158 9161
f 9159 9163 9161
f 9162 9164 9151
f 9162 9161 9165
f 9162 9165 9164
f 9166 9161 9163
f 9161 9166 9165
f 9166 9163 9167
f 9167 9163 9056
f 9168 9165 9166
f 9166 9167 9168
f 9168 9169 9165
f 9165 9169 9164
f 8480 9168 9167
f 8480 9169 9168
f 8483 9167 9056
f 8480 9167 8483
f 9170 9151 9164
f 3544 9151 9170
f 3544 9170 9171
f 9170 9164 9171
f 9171 9164 9172
f 9169 9172 9164
f 8478 9171 9172
f 8479 9172 9169
f 8479 8478 9172
f 8479 9169 8480
f 9173 9174 9175
f 9176 9175 9174
f 9175 9177 9173
f 9178 9175 9176
f 9179 9173 9177
f 9180 9178 9176
f 9177 9181 9179
f 9180 9176 9182
f 9183 9179 9181
f 9180 9182 9184
f 9181 9185 9183
f 9182 9186 9184
f 9187 9183 9185
f 9184 9186 9188
f 9189 9183 9187
f 9186 9190 9188
f 9191 9189 9187
f 9189 9191 9190
f 9190 9191 9192
f 9188 9190 9192
f 9193 9194 9195
f 9193 9195 9196
f 9194 9197 9195
f 9198 9197 9194
f 9198 9199 9197
f 9199 9200 9197
f 9201 9200 9199
f 9201 9202 9200
f 9195 9203 9196
f 9204 9196 9203
f 9205 9204 9203
f 9206 9205 9203
f 9205 9206 9207
f 9208 9207 9206
f 9209 9207 9208
f 9209 9208 9202
f 9202 9208 9200
f 9208 9206 9210
f 9211 9206 9203
f 9210 9206 9211
f 9212 9208 9210
f 9212 9210 9211
f 9208 9213 9200
f 9208 9212 9213
f 9213 9214 9200
f 9215 9213 9212
f 9215 9214 9213
f 9214 9216 9200
f 9216 9197 9200
f 9215 9217 9214
f 9215 9212 9217
f 9218 9217 9212
f 9214 9217 9219
f 9219 9217 9218
f 9219 9216 9214
f 9218 9220 9219
f 9220 9221 9219
f 9221 9216 9219
f 9212 9222 9218
f 9216 9221 9223
f 9221 9224 9223
f 9216 9223 9225
f 9224 9225 9223
f 9216 9225 9197
f 9226 9225 9224
f 9225 9195 9197
f 9222 9212 9227
f 9227 9228 9222
f 9228 9227 9229
f 9227 9212 9211
f 9227 9211 9229
f 9211 9230 9229
f 9229 9230 9231
f 9211 9232 9230
f 9232 9211 9203
f 9195 9232 9203
f 9231 9230 9233
f 9232 9233 9230
f 9233 9234 9231
f 9235 9232 9195
f 9235 9233 9232
f 9235 9195 9225
f 9234 9233 9236
f 9235 9236 9233
f 9235 9225 9236
f 9236 9237 9234
f 9236 9225 9226
f 9237 9236 9226
f 4846 9238 4853
f 4853 9238 9239
f 4854 9240 4855
f 9240 3005 4855
f 9241 9240 4854
f 9241 4854 4853
f 2992 3005 9240
f 2992 9240 9241
f 2992 2995 3005
f 9241 9242 2992
f 9242 2982 2992
f 9241 9243 9242
f 9242 9243 2982
f 9244 9241 4853
f 9241 9244 9243
f 9245 9244 4853
f 9243 9244 9246
f 9245 9246 9244
f 9243 9246 9247
f 9243 9247 9248
f 2982 9243 9248
f 9249 9247 9246
f 9249 9246 9250
f 9250 9246 9245
f 9249 9251 9247
f 9251 9248 9247
f 9249 2988 9251
f 9250 2988 9249
f 9248 9251 2983
f 9248 2983 2982
f 9250 9245 9252
f 9251 2986 2983
f 2986 9251 2988
f 2563 9253 2557
f 9253 2554 2557
f 2563 2027 9254
f 2027 9255 9254
f 2563 9256 9253
f 2563 9254 9256
f 9257 2554 9253
f 9257 9253 9256
f 2558 2554 9257
f 2027 1548 9255
f 9258 9254 9255
f 9258 9256 9254
f 1548 9258 9255
f 9259 9257 9256
f 9259 2558 9257
f 9258 9260 9256
f 9259 9256 9260
f 1542 9258 1548
f 9261 9259 9260
f 1541 9260 9258
f 1542 1541 9258
f 1541 9261 9260
f 9259 9262 2558
f 9262 9259 9261
f 9263 2558 9262
f 2556 2558 9263
f 9262 9261 9264
f 9262 9264 9263
f 3992 2556 9263
f 9263 9264 3992
f 3991 3992 9265
f 9265 9266 3991
f 3992 9264 9265
f 9265 9267 9266
f 9265 9264 9267
f 9268 7739 9269
f 9270 7739 9268
f 9270 9268 7763
f 9270 7760 7739
f 9270 7763 7760
f 7763 9268 7767
f 9268 9269 7773
f 7767 9268 7773
f 9269 7739 7677
f 7686 7773 9269
f 9269 7677 7679
f 9269 7679 7681
f 7686 9269 7681
f 9271 9272 9273
f 9274 9271 9273
f 9271 9275 9272
f 9276 9274 9273
f 9277 9272 9275
f 9278 9274 9276
f 9279 9277 9275
f 9280 9278 9276
f 9281 9279 9275
f 9282 9278 9280
f 9283 9279 9281
f 9284 9282 9280
f 9285 9283 9281
f 9286 9282 9284
f 9286 9284 9285
f 9283 9285 9287
f 9285 9284 9287
f 9288 9289 9290
f 9288 9290 9291
f 9290 9292 9291
f 9293 9288 9291
f 9294 9293 9291
f 9295 9294 9291
f 9296 9295 9291
f 9296 9291 9297
f 9296 9297 9298
f 9297 9299 9298
f 9297 9300 9299
f 9297 9301 9300
f 9291 9302 9303
f 9291 9303 9297
f 9303 9304 9297
f 9297 9305 9301
f 9305 9306 9301
f 9297 9307 9305
f 9307 9308 9305
f 9297 9309 9307
f 3178 9310 3177
f 9310 3181 3177
f 9310 3178 9311
f 3178 7777 9311
f 7777 7776 9311
f 9311 7776 7780
f 9310 9311 9312
f 9312 9311 7780
f 9313 9314 7780
f 7780 9314 9315
f 9312 7780 9315
f 9313 7780 7781
f 9316 9313 7781
f 9312 9317 9318
f 9310 9312 9318
f 9319 9318 9317
f 9310 9318 3181
f 9319 9320 9318
f 9316 7781 9321
f 9322 9316 9321
f 9323 9322 9321
f 9323 9321 9324
f 9320 9325 9318
f 9326 9325 9320
f 9326 9327 9325
f 9328 9325 9327
f 9325 9329 9318
f 3181 9318 9329
f 9325 9328 9330
f 9325 9330 9329
f 9329 9331 3181
f 9331 9329 9332
f 3180 3181 9331
f 9331 9333 3180
f 9332 9329 9334
f 9329 9330 9334
f 9335 9332 9334
f 9335 9334 9336
f 9336 9334 9337
f 9338 9337 9334
f 9334 9330 9338
f 9339 9337 9338
f 9339 9338 9330
f 9340 7757 9341
f 9340 7756 7757
f 9340 7751 7756
f 9341 7757 9342
f 7758 9342 7757
f 7758 9343 9342
f 9342 9343 9344
f 9341 9342 9344
f 9345 9344 9343
f 9346 9344 9345
f 9347 9344 9346
f 9347 9341 9344
f 9346 9348 9347
f 9348 9349 9347
f 9341 9347 9349
f 9349 9340 9341
f 9340 9349 7751
f 9349 9350 7751
f 9351 9350 9349
f 9350 7752 7751
f 9352 7752 9350
f 8440 9353 8439
f 8440 9354 9353
f 8436 8439 9355
f 9355 8439 9353
f 8435 8436 9356
f 8436 9355 9356
f 9357 8441 8435
f 9356 9357 8435
f 9354 9358 9353
f 9354 3172 9358
f 3174 9358 3172
f 9359 9353 9358
f 9359 9358 3174
f 9355 9353 9359
f 3174 9360 9359
f 9359 9360 9355
f 9355 9360 9356
f 3174 3179 9360
f 9361 9356 9360
f 9360 3179 9361
f 9361 9357 9356
f 3179 9362 9361
f 9361 9362 9357
f 9362 3179 9363
f 3179 3175 9363
f 3175 3180 9363
f 9362 9363 9364
f 9365 9357 9362
f 9364 9365 9362
f 9366 9364 9363
f 9364 9367 9365
f 9368 9366 9363
f 9363 3180 9368
f 9369 9366 9368
f 9365 9367 9370
f 9368 9371 9369
f 9368 3180 9333
f 9371 9368 9333
f 9371 9333 9372
f 9333 9373 9372
f 9333 9374 9373
f 9333 9375 9374
f 9376 9373 9374
f 9374 8428 9376
f 9377 9376 8428
f 9374 9375 9378
f 9379 9377 8428
f 8428 9374 9378
f 9379 8428 9370
f 9370 8428 9365
f 9375 9380 9378
f 9381 8428 8427
f 8427 8426 9381
f 8434 9381 8426
f 8428 9381 9382
f 9382 9381 8434
f 9365 8428 9382
f 9382 8434 8441
f 9357 9365 9382
f 9357 9382 8441
f 9383 9384 9385
f 9385 9386 9383
f 9387 9383 9386
f 9386 9388 9387
f 9388 9386 9389
f 9389 9386 9390
f 9390 9391 9389
f 9392 9393 9394
f 9395 9396 9397
f 9398 9397 9396
f 9399 9397 9398
f 9395 9400 9396
f 9399 9398 9401
f 9402 9399 9401
f 9403 9398 9396
f 9403 9396 9400
f 9404 9401 9398
f 9403 9404 9398
f 9402 9401 9405
f 9405 9406 9402
f 9407 9405 9401
f 9407 9401 9404
f 9408 9406 9405
f 9408 2657 9406
f 9409 9405 9407
f 9408 9405 9409
f 9409 9407 9410
f 9411 9408 9409
f 9411 9409 9410
f 2657 9408 9412
f 9411 9412 9408
f 2657 9412 9413
f 2657 9413 2653
f 9411 9414 9412
f 9410 9407 9415
f 9415 9407 9404
f 9416 9411 9410
f 9416 9410 9415
f 9417 9413 9412
f 9417 9412 9414
f 9418 2653 9413
f 9418 9413 9417
f 2656 2653 9418
f 9419 9418 9417
f 9419 9417 9414
f 2656 9418 9420
f 9420 9418 9419
f 9420 9421 2656
f 9421 2651 2656
f 9420 9419 9422
f 9423 9421 9420
f 9420 9422 9423
f 9424 9421 9423
f 9424 2651 9421
f 9423 9422 9425
f 9426 2651 9424
f 2643 2651 9426
f 2643 9426 2636
f 9427 9424 9423
f 9427 9423 9425
f 9426 9424 9428
f 9427 9428 9424
f 9426 9429 2636
f 9429 9426 9428
f 9429 2638 2636
f 9430 9428 9427
f 9429 9428 9430
f 9429 9431 2638
f 9430 9431 9429
f 9431 2632 2638
f 9431 2631 2632
f 9430 2631 9431
f 9427 9432 9430
f 9427 9425 9432
f 9430 9433 2631
f 9433 9430 9432
f 2620 2631 9433
f 2618 2620 9433
f 9433 9432 9434
f 2618 9433 9434
f 9435 9432 9425
f 9435 9425 9422
f 9436 9434 9432
f 9435 9436 9432
f 9434 9437 2618
f 9422 9438 9435
f 9422 9419 9438
f 9435 9439 9436
f 9438 9439 9435
f 9440 9434 9436
f 9440 9436 9439
f 9440 9437 9434
f 9441 9438 9419
f 9419 9414 9441
f 9439 9438 9442
f 9443 9440 9439
f 9439 9442 9443
f 9440 9443 9444
f 9440 9444 9437
f 9445 9443 9442
f 9445 9444 9443
f 9438 9446 9442
f 9441 9446 9438
f 9445 9442 9447
f 9447 9442 9446
f 9448 9446 9441
f 9448 9441 9414
f 9449 9447 9446
f 9449 9446 9448
f 9445 9450 9444
f 9444 9450 9437
f 9445 9447 9451
f 9445 9451 9450
f 9447 9449 9452
f 9447 9452 9451
f 9448 9453 9449
f 9449 9453 9452
f 9448 9414 9454
f 9411 9454 9414
f 9416 9454 9411
f 9448 9454 9455
f 9453 9448 9455
f 9416 9456 9454
f 9456 9455 9454
f 9457 9456 9416
f 9456 9458 9455
f 9458 9453 9455
f 9456 9457 9458
f 9453 9458 9459
f 9452 9453 9459
f 9457 9416 9415
f 9457 9460 9458
f 9460 9459 9458
f 9457 9415 9461
f 9404 9461 9415
f 9460 9457 9462
f 9457 9461 9462
f 9463 9461 9404
f 9463 9462 9461
f 9404 9403 9463
f 9460 9464 9459
f 9460 9462 9464
f 9465 9463 9403
f 9400 9465 9403
f 9463 9466 9462
f 9463 9465 9466
f 9464 9462 9467
f 9464 9468 9459
f 9468 9464 9467
f 9467 9462 9469
f 9462 9466 9469
f 9468 9467 9470
f 9468 9471 9459
f 9452 9459 9471
f 9468 9472 9471
f 9470 9472 9468
f 9452 9471 9473
f 9452 9473 9451
f 9473 9471 9474
f 9472 9474 9471
f 9475 9451 9473
f 9475 9450 9451
f 9473 9476 9475
f 9474 9476 9473
f 9477 9450 9475
f 9477 9475 9476
f 9474 9478 9476
f 9478 9477 9476
f 9479 9450 9477
f 9478 9479 9477
f 9479 9480 9450
f 9480 9437 9450
f 9478 9481 9479
f 9480 9482 9437
f 2618 9437 9482
f 2618 9482 2621
f 9482 3238 2621
f 3238 9482 9480
f 3238 9480 9483
f 9479 9483 9480
f 3238 9483 3236
f 9484 9483 9479
f 9484 9479 9481
f 9485 3236 9483
f 9485 9483 9484
f 9485 8567 3236
f 9485 8570 8567
f 9486 8570 9485
f 9485 9484 9486
f 9487 8570 9486
f 9488 9486 9484
f 9488 9484 9481
f 9489 9486 9488
f 9489 9488 9481
f 9486 9489 9490
f 9491 9490 9489
f 9489 9481 9491
f 9492 9490 9491
f 9493 9491 9481
f 9494 9491 9493
f 9478 9493 9481
f 9495 9494 9493
f 9478 9496 9493
f 9493 9496 9495
f 9478 9474 9496
f 9497 9495 9496
f 9498 9496 9474
f 9496 9498 9497
f 9498 9474 9472
f 8589 9497 9498
f 9499 9498 9472
f 9498 9499 8589
f 8587 8584 8589
f 9499 8587 8589
f 9499 9472 8587
f 8587 9472 9470
f 9470 8588 8587
f 8523 8588 9470
f 8518 8523 9470
f 8518 9470 9500
f 9470 9467 9500
f 9500 9467 9469
f 9501 8518 9500
f 9501 9502 8518
f 9502 8509 8518
f 8507 8509 9502
f 8507 9502 9503
f 9502 9501 9503
f 2465 8507 9503
f 9501 9500 9504
f 9501 9504 9503
f 9503 9505 2465
f 9503 9504 9505
f 2465 9505 2466
f 2466 9505 9506
f 9504 9506 9505
f 2466 9506 2500
f 9504 9507 9506
f 9508 2500 9506
f 9508 9506 9507
f 9122 2500 9508
f 8536 9508 9507
f 9122 9508 8536
f 8536 8528 9122
f 8528 8534 9122
f 9122 8534 9121
f 8534 9124 9121
f 8534 9509 9124
f 9509 8534 8533
f 9509 9510 9124
f 9510 9127 9124
f 9131 9127 9510
f 9511 9131 9510
f 9509 9511 9510
f 9511 9509 9512
f 9512 9509 8533
f 9512 8533 8532
f 9512 9513 9514
f 9512 8532 9052
f 9514 9513 9515
f 9514 9515 9516
f 9516 9515 9517
f 9515 9518 9517
f 9519 9517 9518
f 9515 9513 9520
f 9519 9518 9521
f 9519 9521 9522
f 9515 9523 9518
f 9523 9515 9520
f 9521 9524 9522
f 9525 9522 9524
f 9526 9521 9518
f 9521 9526 9524
f 9523 9527 9518
f 9527 9526 9518
f 9523 9528 9527
f 9523 9520 9528
f 9527 9529 9526
f 9529 9527 9528
f 9530 9524 9526
f 9529 9530 9526
f 9525 9524 9531
f 9531 9524 9530
f 9525 9531 9532
f 9528 9520 9533
f 9534 9529 9528
f 9534 9528 9533
f 9535 9529 9534
f 9534 9533 9536
f 9536 9535 9534
f 9536 9533 9537
f 9538 9537 9533
f 9539 9537 9538
f 9538 9533 9540
f 9520 9540 9533
f 9540 9539 9538
f 9541 9540 9520
f 9541 9520 9513
f 9541 9542 9540
f 9513 9542 9541
f 9542 9539 9540
f 9513 9512 9542
f 9512 9543 9542
f 9539 9542 9543
f 9512 9052 9543
f 9543 9544 9539
f 9539 9544 9545
f 9543 9546 9544
f 9052 9546 9543
f 9545 9544 9547
f 9547 9548 9545
f 9549 9544 9546
f 9544 9549 9547
f 9547 9550 9548
f 9546 9551 9549
f 9552 9547 9549
f 9550 9547 9552
f 9549 9551 9552
f 9550 9535 9548
f 9054 9546 9052
f 9054 9551 9546
f 9550 9553 9535
f 9554 9550 9552
f 9555 9552 9551
f 9554 9552 9555
f 9556 9555 9551
f 9557 9555 9556
f 9055 9556 9551
f 9054 9055 9551
f 9555 9557 9558
f 9555 9558 9554
f 9559 9558 9557
f 9554 9560 9550
f 9554 9558 9560
f 9550 9560 9553
f 9559 9561 9558
f 9561 9560 9558
f 9559 9562 9561
f 9553 9560 9563
f 9561 9563 9560
f 9563 9564 9553
f 9563 9561 9564
f 9565 9561 9562
f 9565 9562 9566
f 9566 9567 9565
f 9566 9156 9567
f 9565 9568 9561
f 9565 9567 9568
f 9561 9568 9564
f 9567 9156 9568
f 9156 9569 9568
f 9156 9153 9569
f 9570 9569 9153
f 9568 9569 9571
f 9568 9571 9564
f 9572 9569 9570
f 9573 9571 9569
f 9573 9569 9572
f 9564 9571 9574
f 9564 9574 9553
f 9575 9571 9573
f 9575 9574 9571
f 9573 9572 9576
f 9573 9576 9575
f 9553 9574 9577
f 9577 9574 9575
f 9577 9535 9553
f 9578 9576 9572
f 9579 9577 9575
f 9577 9580 9535
f 9579 9580 9577
f 9580 9529 9535
f 9579 9575 9581
f 9576 9581 9575
f 9579 9581 9580
f 9580 9530 9529
f 9582 9581 9576
f 9581 9582 9580
f 9582 9576 9578
f 9580 9583 9530
f 9582 9583 9580
f 9530 9583 9531
f 9531 9583 9584
f 9582 9584 9583
f 9531 9584 9532
f 9582 9578 9585
f 9582 9585 9584
f 9532 9584 9585
f 9585 9578 9572
f 9532 9585 9570
f 9585 9572 9570
f 9586 9587 9588
f 9586 9589 9587
f 9589 9590 9587
f 9590 9591 9587
f 9591 9590 9592
f 9593 9591 9594
f 9593 9595 9591
f 9596 9591 9595
f 9597 9596 9595
f 9597 9598 9596
f 9599 9596 9598
f 9591 9596 9600
f 9600 9601 9591
f 9596 9602 9600
f 9601 9603 9591
f 9604 9602 9596
f 9603 9587 9591
f 9603 9605 9587
f 9606 9587 9605
f 9596 9607 9604
f 9606 9607 9587
f 9608 9607 9606
f 9604 9607 9608
f 9587 9607 9609
f 9610 9611 9607
f 9612 9609 9607
f 9611 9613 9607
f 9613 9612 9607
f 9614 9615 9616
f 9616 9617 9618
f 9614 9616 9618
f 9614 9619 9620
f 9614 9621 9619
f 9622 9623 9621
f 9614 9622 9621
f 9614 9624 9622
f 9614 9625 9624
f 9614 9626 9625
f 9614 9627 9626
f 9614 9628 9627
f 9614 9618 9628
f 9618 9629 9628
f 9618 9630 9629
f 9618 9631 9630
f 9618 9632 9631
f 9618 9633 9632
f 9633 9634 9632
f 9618 9635 9633
f 3520 3492 3493
f 3482 9636 3494
f 9637 3495 3494
f 9637 3494 9636
f 9638 3493 3495
f 9638 3520 3493
f 9637 9639 3495
f 3495 9639 9638
f 9640 9636 3482
f 9640 3482 3480
f 9640 9641 9636
f 9642 9640 3480
f 9642 3480 3477
f 9643 9641 9640
f 9640 9642 9643
f 3477 9644 9642
f 9644 3477 3474
f 9644 9645 9642
f 9643 9642 9645
f 9645 9644 3474
f 9643 9646 9641
f 9636 9641 9646
f 9647 9643 9645
f 9643 9647 9646
f 9648 9636 9646
f 9637 9636 9648
f 9648 9646 9649
f 9649 9646 9647
f 9650 9637 9648
f 9650 9639 9637
f 9651 9648 9649
f 9650 9648 9651
f 9647 9652 9649
f 9650 9651 9653
f 9650 9653 9639
f 9651 9649 9654
f 9652 9654 9649
f 9647 9655 9652
f 9645 9655 9647
f 9645 9656 9655
f 9652 9655 9657
f 9657 9655 9656
f 9652 9657 9654
f 9651 9654 9658
f 9645 3474 9656
f 9658 9653 9651
f 9659 9653 9658
f 9653 9659 9639
f 9659 9658 9660
f 9661 9639 9659
f 9662 9639 9661
f 9638 9639 9662
f 7262 9661 9659
f 9659 9660 7262
f 9662 9661 7259
f 7259 9661 7262
f 9662 7256 9638
f 9662 7259 7256
f 9638 7256 3520
f 7266 7262 9660
f 7266 9660 9663
f 9660 9658 9663
f 9664 9663 9658
f 9665 7266 9663
f 9666 9664 9658
f 9665 9667 7266
f 9668 9666 9658
f 9668 9669 9666
f 9669 9668 9670
f 9671 9669 9670
f 9671 9670 9672
f 9672 7266 9667
f 9670 7266 9672
f 9670 9668 9673
f 9658 9673 9668
f 9674 7266 9670
f 7265 7266 9674
f 9674 9670 9675
f 9673 9675 9670
f 9674 7276 7265
f 9658 9676 9673
f 9654 9677 9658
f 9677 9678 9658
f 9679 9658 9678
f 9679 9676 9658
f 9680 9678 9677
f 9681 9676 9679
f 9680 9677 9682
f 9683 9676 9681
f 9684 9682 9677
f 9683 9685 9676
f 9686 9685 9683
f 9686 9687 9685
f 9685 9687 9684
f 9688 9676 9685
f 9677 9657 9684
f 9657 9685 9684
f 9688 9685 9657
f 9657 9677 9654
f 9656 9688 9657
f 9689 9690 9656
f 9690 9689 9691
f 9692 9689 9656
f 3474 9692 9656
f 9693 9691 9689
f 9694 9691 9693
f 9693 9695 9694
f 9693 9689 9696
f 9689 9692 9696
f 9693 9697 9695
f 9697 9693 9696
f 9697 9698 9695
f 9697 9696 9698
f 9695 9698 9699
f 9700 9696 9692
f 3474 9700 9692
f 9698 9696 9701
f 9700 9701 9696
f 9699 9698 9702
f 9698 9701 9702
f 9700 9703 9701
f 3474 9703 9700
f 9704 9702 9701
f 9703 9704 9701
f 9702 9705 9699
f 9702 9704 9705
f 9699 9705 9706
f 9705 9707 9706
f 9705 9704 9707
f 9706 9707 9708
f 9703 9709 9704
f 3474 9709 9703
f 9709 9710 9704
f 3474 9710 9709
f 9707 9704 9711
f 9711 9704 9710
f 9707 9712 9708
f 9707 9711 9712
f 9708 9712 9713
f 9708 9713 9714
f 9712 9711 9715
f 9715 9711 9710
f 9713 9712 9715
f 9714 9713 9716
f 9713 9715 9716
f 9717 9714 9716
f 9717 9716 9715
f 9718 9714 9717
f 9719 9715 9710
f 3474 9719 9710
f 9719 9717 9715
f 3474 9720 9719
f 9720 9717 9719
f 3474 1968 9720
f 9721 9718 9717
f 9718 9721 9722
f 9720 9723 9717
f 9721 9717 9723
f 1968 9723 9720
f 9721 9724 9722
f 9723 9725 9721
f 1968 9725 9723
f 9721 9725 9724
f 9722 9724 9726
f 1968 9727 9725
f 9724 9725 9727
f 1968 9728 9727
f 1968 1965 9728
f 1965 9729 9728
f 9730 9727 9728
f 9730 9724 9727
f 9730 9726 9724
f 9729 9730 9728
f 9731 9726 9730
f 9729 9731 9730
f 9732 9731 9729
f 9733 9734 9735
f 9735 9736 9733
f 9734 9737 9735
f 9734 9738 9737
f 9735 9739 9736
f 9740 9736 9739
f 9735 9741 9739
f 9741 9742 9739
f 9743 9742 9741
f 9740 9744 9736
f 9736 9744 9745
f 9746 9744 9740
f 9747 9744 9746
f 9742 9743 9748
f 9749 9742 9748
f 9747 9749 9748
f 9743 9750 9748
f 9748 9744 9747
f 9748 9750 9744
f 9744 9750 9751
f 9745 9744 9752
f 9752 9744 9753
f 9754 9751 9750
f 9753 9744 9755
f 9751 9755 9744
f 9753 9755 9738
f 9756 9751 9754
f 9754 9757 9756
f 9755 9737 9738
f 9751 9758 9755
f 9756 9758 9751
f 9759 9756 9757
f 9756 9759 9758
f 9760 9759 9757
f 9761 9759 9760
f 9758 9762 9755
f 9759 9762 9758
f 9762 9737 9755
f 9763 9735 9737
f 9735 9763 9764
f 9763 9765 9764
f 9766 9764 9765
f 9763 9737 9767
f 9763 9767 9765
f 9762 9768 9737
f 9767 9737 9768
f 9766 9765 9769
f 9766 9769 9770
f 9767 9771 9765
f 9767 9768 9772
f 9772 9771 9767
f 9773 9768 9762
f 9772 9768 9773
f 9774 9775 9776
f 9777 9775 9774
f 9778 9774 9776
f 9779 9780 9775
f 9781 9775 9780
f 9782 9778 9783
f 9778 9776 9783
f 9776 9784 9783
f 9784 9776 9785
f 9786 9781 9787
f 9786 9788 9781
f 9789 9790 9788
f 9790 9781 9788
f 9791 9776 9775
f 9775 9792 9791
f 9776 9791 9793
f 9792 9775 9794
f 9775 9781 9794
f 9795 9794 9781
f 9793 9796 9776
f 9781 9797 9795
f 9776 9796 9798
f 9781 9798 9797
f 9790 9798 9781
f 9785 9776 9798
f 9797 9798 9799
f 9800 9785 9798
f 9800 9798 9801
f 9802 9799 9798
f 9802 9798 9796
f 9803 9801 9798
f 9804 9805 9806
f 9804 9806 9807
f 9807 9806 9808
f 9804 9809 9805
f 9806 9810 9808
f 9806 9811 9810
f 9812 9810 9811
f 9813 9806 9805
f 9811 9806 9813
f 9814 9805 9809
f 9814 9809 9815
f 9816 9814 9815
f 9817 9805 9814
f 9813 9805 9817
f 9818 9814 9816
f 9817 9814 9818
f 9819 9818 9816
f 9819 9820 9818
f 9817 9818 9820
f 9821 9820 9819
f 9821 9822 9820
f 9820 9823 9817
f 9820 9822 9823
f 9817 9823 9813
f 9822 9824 9823
f 9825 9813 9823
f 9825 9823 9824
f 9825 9811 9813
f 9826 9825 9824
f 9826 9811 9825
f 9826 9827 9811
f 9812 9811 9827
f 9827 9828 9812
f 9829 9828 9827
f 9827 9830 9829
f 9831 9830 9827
f 9832 9830 9831
f 9832 9831 9833
f 9834 9831 9827
f 9834 9833 9831
f 9834 9827 9835
f 9834 9836 9833
f 9834 9835 9837
f 9834 9837 9836
f 9838 9839 9840
f 9840 9839 9841
f 9840 9842 9838
f 9841 9843 9840
f 9838 9842 9844
f 9843 9841 9845
f 9844 9846 9838
f 9845 9847 9843
f 9846 9844 9848
f 9845 9849 9847
f 9848 9844 9850
f 9847 9849 9851
f 9848 9850 9852
f 9851 9849 9853
f 9852 9854 9848
f 9853 9855 9851
f 9856 9854 9852
f 9853 9857 9855
f 9854 9856 9858
f 9853 9859 9857
f 9860 9858 9856
f 9857 9859 9861
f 9856 9862 9860
f 9861 9863 9857
f 9860 9862 4640
f 9863 9861 9864
f 4640 9865 9860
f 9864 9866 9863
f 9866 9864 9867
f 9867 9868 9866
f 9865 4640 4648
f 9868 9867 9869
f 9869 9870 9868
f 9871 9865 4648
f 4671 9865 9871
f 9871 4648 4649
f 4671 9871 4659
f 4659 9871 4649
f 9870 9869 9872
f 9869 9873 9872
f 9874 9873 9869
f 9870 9872 9875
f 9876 9870 9875
f 7800 3162 3163
f 7801 3162 7800
f 7799 3163 3164
f 7800 3163 7799
f 3164 3153 9877
f 3153 3404 9877
f 9878 9877 3404
f 9879 9877 9878
f 3164 9877 9880
f 9879 9881 9877
f 9877 9881 9880
f 9882 9881 9879
f 9883 9880 9881
f 9882 9884 9881
f 9883 9881 9885
f 9884 9885 9881
f 9882 9886 9884
f 9885 9884 9887
f 9888 9884 9886
f 9889 9887 9884
f 9888 9889 9884
f 9888 9890 9889
f 9891 9889 9890
f 9891 9892 9889
f 9893 9887 9889
f 9889 9892 9894
f 9895 9893 9889
f 9894 9896 9889
f 9889 9896 9895
f 9894 9897 9896
f 9898 9899 9895
f 9900 9899 9898
f 9901 9895 9896
f 9901 9898 9895
f 9897 9902 9896
f 9902 9897 9903
f 9904 9896 9902
f 9905 9903 9897
f 9904 9901 9896
f 9906 9903 9905
f 9907 9906 9905
f 9908 9907 9905
f 9909 9908 9905
f 9910 9904 9902
f 9910 9911 9904
f 9909 9905 9912
f 9912 9913 9909
f 9912 9914 9913
f 9911 9915 9904
f 9914 9912 9916
f 9916 9917 9914
f 9917 9918 9914
f 9919 9918 9917
f 9917 9920 9919
f 9919 9920 9921
f 9922 9919 9921
f 9922 9921 9923
f 9901 9923 9921
f 9924 9923 9901
f 9924 9901 9915
f 9915 9901 9904
f 9898 9901 9925
f 9926 9898 9925
f 9926 9925 9927
f 9925 9928 9927
f 9929 9927 9928
f 9929 9928 9930
f 9931 9929 9930
f 9932 9931 9930
f 9933 9934 9898
f 9898 9934 9900
f 9933 9935 9934
f 9935 9936 9934
f 9936 9937 9934
f 9937 9938 9934
f 9883 9938 9937
f 9936 9939 9937
f 9937 9880 9883
f 9940 9937 9939
f 7796 9880 9937
f 9880 7796 3164
f 9940 9941 9937
f 7796 7799 3164
f 9941 7796 9937
f 9942 7796 9941
f 9943 7796 9942
f 9944 9943 9942
f 9944 9945 9943
f 9932 9943 9945
f 9943 7793 7796
f 9932 7791 9943
f 7793 9943 7791
f 7791 9932 9946
f 9932 9930 9946
f 9930 9947 9946
f 9948 9946 9947
f 9949 9948 9947
f 9950 9946 9948
f 9950 7791 9946
f 9951 9950 9948
f 9950 7787 7791
f 7785 9950 9951
f 9950 7785 7787
f 7785 9951 9952
f 9953 9952 9951
f 9953 9954 9952
f 7785 9952 9954
f 9955 9954 9953
f 7788 9954 9955
f 7785 9954 7786
f 7788 7786 9954
f 9956 9957 9958
f 9959 9957 9960
f 9956 9961 9957
f 9960 9957 9962
f 9961 9963 9957
f 9962 9957 9964
f 9965 9957 9963
f 9966 9964 9957
f 9967 9957 9965
f 9967 9966 9957
f 9968 9969 9970
f 9968 9970 9971
f 9972 9971 9973
f 9972 9968 9971
f 9973 9974 9972
f 9968 9975 9969
f 9975 9976 9969
f 9975 9977 9976
f 9968 9972 9978
f 9975 9968 9978
f 9979 9977 9975
f 9978 9980 9975
f 9981 9979 9975
f 9982 9978 9972
f 9982 9980 9978
f 9983 9981 9975
f 9981 9983 9984
f 9980 9985 9975
f 9975 9985 9983
f 9986 9984 9983
f 9987 9985 9980
f 9982 9987 9980
f 9988 9983 9985
f 9987 9982 9989
f 9983 9990 9986
f 9988 9990 9983
f 9991 9986 9990
f 9982 9992 9989
f 9992 9982 9972
f 9974 9992 9972
f 9993 9989 9992
f 9992 9974 9993
f 9987 9989 9993
f 9993 9974 9994
f 9994 9995 9993
f 9993 9996 9987
f 9987 9996 9985
f 9988 9985 9996
f 9997 9993 9995
f 9997 9996 9993
f 9998 9997 9995
f 9997 9998 9999
f 9997 10000 9996
f 9988 9996 10000
f 9999 10000 9997
f 10001 10000 9999
f 10001 9988 10000
f 10001 10002 9988
f 9988 10002 9990
f 10003 10002 10001
f 9990 10002 10003
f 10001 10004 10003
f 10001 10005 10004
f 10006 10004 10005
f 10007 10006 10005
f 10003 10004 10008
f 10009 10007 10005
f 10009 10005 10010
f 10009 10011 10007
f 10009 10012 10011
f 10013 10003 10008
f 10009 10013 10012
f 10013 10008 10014
f 10013 10015 10012
f 10013 10014 10015
f 10009 10016 10013
f 10009 10017 10016
f 10013 10018 10003
f 10017 10009 10019
f 10009 10020 10019
f 10020 10009 10021
f 10021 10022 10020
f 10023 10017 10019
f 10017 10023 10024
f 10024 10025 10017
f 10025 10024 10026
f 10026 10027 10025
f 10027 10026 10028
f 10013 10028 10018
f 10029 10028 10026
f 10026 10030 10029
f 10030 10031 10029
f 10028 10029 10032
f 10028 10032 10018
f 10031 10033 10029
f 10034 10033 10031
f 10035 10033 10034
f 10036 10035 10034
f 10037 10035 10036
f 10038 10037 10036
f 10037 10038 10039
f 10038 10040 10039
f 10040 10041 10039
f 10041 10042 10039
f 10043 10039 10042
f 10044 10043 10042
f 10044 10045 10043
f 10045 10044 10046
f 10046 10047 10045
f 10045 10047 9990
f 10045 9990 10003
f 10018 10045 10003
f 10047 10048 9990
f 10048 10047 10046
f 9990 10048 9991
f 10046 10049 10048
f 9991 10048 10050
f 10049 10050 10048
f 10051 10052 10018
f 10032 10051 10018
f 10032 10053 10051
f 10054 10055 10056
f 10055 10057 10056
f 10058 10054 10056
f 10057 10059 10056
f 10058 10056 10060
f 10060 10056 10061
f 10062 10056 10063
f 10064 10061 10056
f 10065 10056 10062
f 10065 10064 10056
f 10066 10067 10068
f 10068 3926 10066
f 10066 3926 3925
f 3918 3926 10068
f 10069 10066 3925
f 3912 3918 10068
f 10069 10070 10066
f 10066 10070 10067
f 3912 10068 10071
f 10068 10067 10071
f 3908 3912 10071
f 10072 3908 10071
f 3904 3908 10072
f 3909 3904 10072
f 3915 3909 10072
f 10073 10072 10071
f 10073 3915 10072
f 10073 10071 10067
f 10073 10067 10074
f 10074 10067 10070
f 10073 10075 3915
f 10074 10075 10073
f 3915 10075 3412
f 3915 3412 3897
f 10074 10076 10075
f 10075 10076 3412
f 10077 10076 10074
f 10078 10077 10074
f 10074 10070 10078
f 3412 10076 10079
f 10079 10080 3412
f 3412 10080 3409
f 10081 10080 10079
f 3409 10080 10082
f 10081 10083 10080
f 10084 10082 10080
f 10083 10084 10080
f 10084 10083 10085
f 10086 10084 10085
f 10086 10085 10087
f 10086 10087 10088
f 10088 10089 10086
f 10090 10089 10088
f 10091 10089 10090
f 10091 10078 10089
f 10089 10078 10070
f 10069 10086 10089
f 10089 10070 10069
f 10086 10069 10084
f 10084 10069 10092
f 10093 10094 10095
f 9759 9761 10096
f 10097 10096 9761
f 9761 10098 10097
f 10099 10097 10098
f 10098 10100 10099
f 10096 10097 10101
f 10097 10099 10101
f 10099 10100 10102
f 10099 10102 10101
f 10103 10102 10100
f 10096 10101 10104
f 10105 10102 10103
f 10106 10105 10103
f 10107 10101 10102
f 10107 10104 10101
f 10108 10105 10106
f 10109 10108 10106
f 10109 10106 10110
f 10109 10110 10111
f 10110 10112 10111
f 10112 10113 10111
f 10108 10114 10105
f 10115 10113 10112
f 10115 10112 10116
f 10114 10113 10117
f 10117 10113 10115
f 10117 10118 10114
f 10105 10114 10118
f 10116 10119 10115
f 10119 10120 10115
f 10120 10119 10121
f 10122 10121 10119
f 10123 10121 10122
f 10105 10122 10102
f 10122 10124 10123
f 10122 10105 10124
f 10118 10124 10105
f 10107 10102 10122
f 10118 10125 10124
f 10126 10124 10125
f 10127 10125 10118
f 10128 10126 10125
f 10127 10118 10129
f 10126 10128 10130
f 10129 10131 10127
f 10128 10132 10130
f 10133 10127 10131
f 10132 10134 10130
f 10133 10131 10135
f 10135 10130 10134
f 10135 10134 10133
f 10136 10107 10122
f 10136 10122 10119
f 10137 10136 10119
f 10116 10137 10119
f 10138 10107 10136
f 10138 10136 10137
f 10139 10137 10116
f 10140 10107 10138
f 10141 10139 10116
f 10104 10107 10140
f 10138 10137 10142
f 10139 10142 10137
f 10138 10143 10140
f 10138 10142 10143
f 10104 10140 10144
f 10139 10141 10145
f 10146 10142 10139
f 10143 10142 10146
f 10146 10139 10145
f 10147 10145 10141
f 10148 10140 10143
f 10148 10144 10140
f 10146 10148 10143
f 10149 10144 10148
f 10149 10104 10144
f 10150 10148 10146
f 10148 10150 10149
f 10104 10149 10151
f 10104 10151 10096
f 10096 10151 10152
f 10152 10151 10153
f 10153 10154 10152
f 10155 10154 10153
f 10156 10155 10153
f 10157 10151 10149
f 10153 10151 10157
f 10157 10149 10158
f 10150 10158 10149
f 10159 10157 10158
f 10159 10153 10157
f 10160 10158 10150
f 10159 10158 10161
f 10161 10158 10160
f 10162 10159 10161
f 10153 10159 10162
f 10161 10160 10163
f 10162 10161 10163
f 10164 10160 10150
f 10160 10164 10163
f 10164 10150 10146
f 10146 10165 10164
f 10165 10146 10145
f 10166 10163 10164
f 10166 10164 10165
f 10165 10145 10167
f 10165 10167 10166
f 10168 10169 10170
f 10154 10171 10172
f 10173 10174 10175
f 10172 10152 10154
f 10175 10176 10173
f 10173 10176 10172
f 10177 10175 10174
f 10177 10176 10175
f 10177 10174 10178
f 10179 10178 10174
f 10179 9772 10178
f 10177 10178 10180
f 10180 10178 9772
f 10177 10180 10176
f 9773 10180 9772
f 10181 10172 10176
f 10181 10176 10180
f 9773 10181 10180
f 10152 10172 10181
f 10181 9773 10182
f 10152 10181 10182
f 9773 9762 10182
f 9759 10182 9762
f 10096 10182 9759
f 10152 10182 10096
f 10183 10184 10185
f 10186 10185 10184
f 10187 10184 10183
f 10188 10185 10186
f 10183 10189 10187
f 10188 10186 10190
f 10187 10189 10191
f 10188 10190 10192
f 10191 10193 10187
f 10194 10192 10190
f 10195 10193 10191
f 10196 10192 10194
f 10194 10195 10196
f 10191 10196 10195
f 10197 10198 10199
f 10198 10200 10199
f 10197 10199 10201
f 10200 10202 10199
f 10203 10201 10199
f 10204 10203 10199
f 10204 10199 10205
f 10206 10199 10207
f 10208 10205 10199
f 10209 10199 10206
f 10208 10199 10210
f 10209 10210 10199
f 10211 10212 10213
f 10212 10214 10213
f 10211 10213 10215
f 10214 10216 10213
f 10213 10217 10215
f 10217 10213 10216
f 10217 3404 10215
f 10214 10218 10216
f 10219 10218 10214
f 10219 10220 10218
f 10221 10215 3404
f 10222 3404 10217
f 10216 10222 10217
f 10223 9878 3404
f 10223 3404 10224
f 10222 10224 3404
f 10225 10224 10222
f 10225 10222 10226
f 10222 10227 10226
f 10222 10216 10227
f 10226 10227 10228
f 10228 10227 9894
f 9892 10228 9894
f 10229 10230 10216
f 10230 10231 10216
f 10232 10229 10216
f 10231 10233 10216
f 10233 10234 10216
f 10235 10234 10233
f 10233 10236 10235
f 10236 10237 10235
f 10238 10235 10237
f 10237 10239 10238
f 10240 10238 10239
f 10240 10241 10238
f 10242 10238 10241
f 10241 10243 10242
f 10244 10243 10241
f 10245 10243 10244
f 10243 10245 10246
f 10245 10247 10246
f 10247 10248 10246
f 10248 10249 10246
f 10250 10246 10249
f 10250 10232 10218
f 10250 10218 10246
f 10232 10216 10218
f 10246 10251 10243
f 10243 10251 10252
f 10246 10218 10253
f 10246 10253 10251
f 10220 10253 10218
f 10252 10251 10254
f 10252 10254 10255
f 10256 10253 10220
f 10220 10257 10256
f 10258 10251 10253
f 10254 10251 10258
f 10256 10258 10253
f 10257 10259 10256
f 10260 10254 10258
f 10260 10261 10254
f 10262 10261 10260
f 10260 10258 10263
f 10264 10256 10259
f 10265 10264 10259
f 10256 3408 10258
f 10263 10258 3408
f 10256 10264 3408
f 10265 10266 10264
f 3408 3409 10263
f 3409 10082 10263
f 10264 3403 3408
f 10264 10266 10267
f 3403 10264 10267
f 10267 10266 10268
f 3404 10267 10268
f 3404 10268 10269
f 3404 10269 10270
f 10270 10221 3404
f 3403 10267 3404
f 10271 10272 10273
f 10274 10275 10276
f 10274 10277 10278
f 10274 10279 10277
f 10274 10276 10280
f 10274 10280 10279
f 10276 10281 10280
f 10280 10282 10279
f 10280 10283 10282
f 10280 10284 10283
f 10280 10285 10284
f 10280 10286 10285
f 10280 10287 10286
f 10287 10288 10286
f 10287 10289 10288
f 10280 10290 10287
f 10280 10291 10290
f 10290 10292 10287
f 10287 10293 10289
f 10293 10294 10289
f 10287 10295 10293
f 10296 10297 10298
f 10297 10296 10299
f 10299 10300 10297
f 10296 10298 10301
f 10302 10296 10301
f 10298 10303 10301
f 10298 10304 10303
f 10303 10305 10301
f 10305 10306 10301
f 10303 10307 10305
f 10308 10309 10310
f 10308 10310 10311
f 10312 10308 10311
f 10310 10313 10311
f 10310 10314 10313
f 10313 10315 10311
f 10315 10316 10311
f 10313 10317 10315
f 10318 10319 10320
f 10318 10320 10321
f 10322 10318 10321
f 10320 10323 10321
f 10320 10324 10323
f 10323 10325 10321
f 10325 10326 10321
f 10323 10327 10325
f 9339 9330 10328
f 9328 10329 9330
f 9328 9324 10329
f 9321 10329 9324
f 9330 10329 10330
f 10330 10331 9330
f 9330 10331 10332
f 9330 10332 10333
f 10330 10329 10334
f 10335 10330 10334
f 10336 10335 10334
f 10337 10336 10334
f 10337 10334 10338
f 10338 10334 10329
f 10337 10338 10339
f 10339 10338 10340
f 10340 10341 10339
f 10340 10342 10341
f 10343 10342 10340
f 10342 10343 10344
f 10345 10344 10343
f 10345 10343 10346
f 7701 10338 7704
f 7704 10338 10329
f 10329 9321 7704
f 9321 7781 7704
f 7781 7782 7704
f 10343 10347 10346
f 10348 10346 10347
f 10349 10347 10343
f 10350 10348 10347
f 10347 10351 10350
f 10347 10333 10351
f 10347 10349 10328
f 10347 9330 10333
f 10347 10328 9330
f 10352 10353 10354
f 10354 10353 10355
f 10356 10353 10352
f 10353 10357 10355
f 10356 10358 10353
f 10359 10357 10353
f 10353 10358 10360
f 10361 10359 10353
f 10362 10361 10353
f 10363 10353 10360
f 10364 10362 10353
f 10363 10365 10353
f 10167 10145 10147
f 10366 10166 10167
f 10147 10366 10167
f 10366 10163 10166
f 10367 10366 10147
f 10366 10368 10163
f 10162 10163 10368
f 10367 10368 10366
f 10368 10369 10162
f 10367 10369 10368
f 10162 10369 10370
f 10370 10153 10162
f 10153 10370 10371
f 10153 10371 10372
f 10373 10369 10367
f 10153 10372 10374
f 10156 10153 10374
f 10375 10156 10374
f 10376 10375 10374
f 10376 10374 10377
f 10378 10376 10377
f 10379 10377 10374
f 10380 10376 10378
f 10381 10376 10380
f 10378 10382 10380
f 10383 10380 10382
f 10384 10380 10383
f 10384 10383 10385
f 10384 10385 10379
f 10374 10386 10379
f 10386 10384 10379
f 10372 10386 10374
f 10384 10387 10380
f 10373 10388 10386
f 10388 10389 10386
f 10373 10367 10388
f 10367 10390 10388
f 10367 10391 10390
f 10391 10367 10392
f 10391 10392 10393
f 10392 10394 10393
f 10386 10389 10395
f 10389 10396 10395
f 10395 10396 10393
f 10397 10386 10395
f 10386 10397 10384
f 10398 10395 10393
f 10394 10398 10393
f 10394 10399 10398
f 10400 10399 10394
f 10398 10401 10395
f 10398 10402 10401
f 10401 10403 10395
f 10402 10398 10404
f 10397 10395 10403
f 10405 10402 10404
f 10406 10405 10404
f 10404 10407 10406
f 10406 10407 10408
f 10408 10409 10406
f 10406 10409 10410
f 10406 10410 10411
f 10410 10409 10400
f 10412 10406 10411
f 10400 10413 10410
f 10413 10400 10394
f 10414 10413 10394
f 10394 10415 10414
f 10416 10410 10413
f 10415 10394 10417
f 10410 10416 10418
f 10415 10417 10419
f 10417 10394 10420
f 10419 10421 10418
f 10418 10421 10410
f 10419 10417 10421
f 10420 10422 10417
f 10420 10423 10422
f 10422 10424 10417
f 10425 10422 10423
f 10424 10422 10426
f 10426 10422 10425
f 10427 10425 10423
f 10424 10426 10428
f 10424 10428 10417
f 10428 10429 10417
f 10421 10417 10429
f 10421 10429 10430
f 10410 10421 10430
f 10428 10431 10429
f 10431 10430 10429
f 10428 10426 10432
f 10431 10428 10432
f 10426 10433 10432
f 10426 10425 10433
f 10434 10433 10425
f 10434 10425 10427
f 10435 10434 10427
f 10436 10435 10427
f 10434 10437 10433
f 10438 10436 10427
f 10438 10427 10439
f 10438 10439 10440
f 10441 10438 10440
f 10442 10433 10437
f 10437 10441 10442
f 10441 10440 10442
f 10442 10432 10433
f 10442 10440 10443
f 10442 10444 10432
f 10442 10443 10444
f 10431 10432 10444
f 10443 10445 10444
f 10446 10431 10444
f 10446 10444 10445
f 10446 10445 10447
f 10431 10446 10430
f 10446 10447 10430
f 10448 10430 10447
f 10447 10449 10448
f 10449 10450 10448
f 10451 10450 10449
f 10448 10450 10452
f 10450 10451 10453
f 10450 10453 10452
f 10451 10454 10453
f 10454 10455 10453
f 10455 10452 10453
f 10456 10455 10454
f 10457 10448 10452
f 10448 10457 10430
f 10455 10458 10452
f 10455 10456 10459
f 10459 10458 10455
f 10460 10459 10456
f 10452 10458 10461
f 10452 10461 10457
f 10462 10459 10460
f 10462 10460 10463
f 10456 10463 10460
f 10456 10464 10463
f 10456 10465 10464
f 10456 10466 10465
f 10456 10467 10466
f 10467 10468 10466
f 10467 10469 10468
f 10468 10469 10470
f 10471 10462 10470
f 10470 10469 10471
f 10471 10459 10462
f 10459 10471 10458
f 10458 10471 10461
f 10469 10472 10471
f 10472 10473 10471
f 10473 10461 10471
f 10474 10473 10472
f 10461 10473 10475
f 10473 10474 10476
f 10473 10476 10475
f 10461 10475 10457
f 10477 10476 10474
f 10477 10478 10476
f 10477 10474 10479
f 10478 10480 10476
f 10481 10479 10474
f 10480 10482 10476
f 10482 10475 10476
f 10457 10475 10482
f 10480 10483 10482
f 10483 10484 10482
f 10484 10457 10482
f 10485 10484 10483
f 10486 10481 10474
f 10481 10486 10487
f 10487 10484 10485
f 10487 10488 10481
f 10487 10485 10488
f 10489 10484 10487
f 10490 10484 10489
f 10484 10490 10491
f 10484 10491 10457
f 10492 10493 10486
f 10486 10474 10492
f 10494 10493 10492
f 10474 10387 10492
f 10494 10492 10495
f 10492 10387 10496
f 10387 10497 10496
f 10498 10497 10387
f 10384 10498 10387
f 10499 10492 10496
f 10499 10495 10492
f 10499 10496 10500
f 10499 10491 10495
f 10501 10498 10384
f 10502 10501 10384
f 10384 10397 10502
f 10499 10500 10397
f 10499 10397 10403
f 10499 10403 10503
f 10412 10499 10503
f 10491 10499 10412
f 10411 10491 10412
f 10491 10411 10457
f 10457 10411 10410
f 10430 10457 10410
f 10504 10505 10506
f 10506 10507 10504
f 10508 10509 10510
f 10509 10511 10510
f 10508 10510 10512
f 10513 10510 10511
f 10514 10508 10512
f 10511 10515 10513
f 10512 10516 10514
f 10517 10513 10515
f 10518 10514 10516
f 10515 10519 10517
f 10516 10520 10518
f 10519 10518 10520
f 10520 10517 10519
f 10521 10522 10523
f 10524 10523 10522
f 10525 10522 10521
f 10526 10523 10524
f 10521 10527 10525
f 10526 10524 10528
f 10525 10527 10529
f 10528 10530 10526
f 10529 10531 10525
f 10530 10528 10532
f 10529 10533 10531
f 10533 10530 10532
f 10531 10533 10532
f 10534 10535 10536
f 10535 10537 10536
f 10538 10535 10534
f 10539 10536 10537
f 10534 10540 10538
f 10539 10537 10541
f 10542 10538 10540
f 10541 10543 10539
f 10540 10544 10542
f 10541 10545 10543
f 10546 10542 10544
f 10547 10543 10545
f 10544 10548 10546
f 10549 10547 10545
f 10548 10547 10549
f 10549 10546 10548
f 10550 10551 10552
f 10550 10553 10551
f 10554 10550 10552
f 10555 10551 10553
f 10554 10552 10556
f 10553 10557 10555
f 10552 10558 10556
f 10557 10559 10555
f 10560 10556 10558
f 10561 10555 10559
f 10562 10560 10558
f 10562 10561 10559
f 10560 10562 10559
f 10563 10564 10565
f 10564 10566 10565
f 10567 10563 10565
f 10566 10568 10565
f 10569 10567 10565
f 10566 10570 10568
f 10569 10571 10567
f 10572 10568 10570
f 10571 10573 10567
f 10570 10574 10572
f 10573 10571 10575
f 10572 10574 10576
f 10575 10576 10574
f 10575 10577 10573
f 10574 10577 10575
f 10578 10579 10580
f 10581 10578 10580
f 10581 10580 10582
f 10582 10583 10584
f 10582 10584 10585
f 10581 10582 10586
f 10582 10585 10586
f 10581 10586 10587
f 10585 10588 10586
f 10588 10589 10586
f 10585 10590 10588
f 10591 10592 10593
f 10593 10594 10595
f 10593 10595 10596
f 10591 10593 10597
f 10598 10591 10597
f 10598 10597 10599
f 10593 10600 10597
f 10593 10596 10600
f 10596 10601 10600
f 10600 10602 10597
f 10600 10603 10602
f 10604 10605 10606
f 10605 10604 10607
f 10608 10607 10604
f 10607 10609 10605
f 10608 10604 10610
f 10610 10611 10608
f 10610 10604 10612
f 10612 10604 10606
f 10610 10613 10611
f 10614 10610 10612
f 10614 10613 10610
f 10615 10612 10606
f 10616 10614 10612
f 10612 10615 10616
f 10617 10611 10613
f 10618 10611 10617
f 10613 10614 10619
f 10619 10617 10613
f 10619 10614 10620
f 10614 10616 10620
f 10619 10621 10617
f 10617 10622 10618
f 10621 10622 10617
f 10618 10622 10623
f 10624 10621 10619
f 10619 10620 10624
f 10616 10625 10620
f 10625 10626 10620
f 10627 10625 10616
f 10626 10628 10620
f 10624 10620 10628
f 10627 10616 10629
f 10630 10624 10628
f 10630 10631 10624
f 10629 10616 10615
f 10632 10629 10615
f 10632 10615 10633
f 10624 10631 10634
f 10634 10621 10624
f 10631 10635 10634
f 10635 10636 10634
f 10633 10615 10637
f 10633 10637 10638
f 10606 10637 10615
f 10638 10637 10639
f 10637 10606 10640
f 10637 10641 10639
f 10640 10641 10637
f 10606 10605 10640
f 10639 10641 10642
f 10642 10641 10643
f 10644 10640 10605
f 10644 10605 10609
f 10641 10640 10645
f 10645 10640 10644
f 10641 10645 10643
f 10643 10645 10646
f 10644 10609 10647
f 10644 10647 10645
f 10648 10647 10609
f 10646 10645 10649
f 10649 10650 10646
f 10645 10647 10651
f 10651 10649 10645
f 10652 10650 10649
f 10647 10648 10653
f 10651 10647 10653
f 10648 10654 10653
f 10649 10651 10655
f 10653 10655 10651
f 10649 10656 10652
f 10655 10656 10649
f 10657 10652 10656
f 10657 10656 10658
f 10653 10654 10659
f 10655 10653 10659
f 10654 10660 10659
f 10661 10658 10656
f 10658 10661 10662
f 10656 10655 10663
f 10659 10663 10655
f 10663 10661 10656
f 10662 10661 10664
f 10659 10665 10663
f 10665 10659 10660
f 10660 10666 10665
f 10661 10667 10664
f 10664 10667 10668
f 10661 10663 10669
f 10663 10665 10669
f 10669 10667 10661
f 10670 10668 10667
f 10669 10665 10671
f 10665 10666 10671
f 10670 10667 10672
f 10670 10672 10673
f 10667 10669 10674
f 10671 10674 10669
f 10674 10672 10667
f 10673 10672 10675
f 10674 10671 10676
f 10676 10671 10666
f 10666 10677 10676
f 10672 10678 10675
f 10679 10675 10678
f 10674 10680 10672
f 10680 10674 10676
f 10680 10678 10672
f 10681 10682 10683
f 10681 10684 10685
f 10681 10683 10684
f 10686 10687 10684
f 10688 10686 10684
f 10683 10688 10684
f 10683 10689 10688
f 10683 10690 10689
f 10683 10691 10690
f 10683 10692 10691
f 10683 10693 10692
f 10683 10694 10693
f 10694 10695 10693
f 10694 10696 10695
f 10694 10697 10696
f 10683 10698 10694
f 10683 10699 10698
f 10698 10700 10694
f 10694 10701 10697
f 10701 10702 10697
f 10694 10703 10701
f 10704 10705 10706
f 10706 10707 10704
f 10708 10709 10710
f 10711 10709 10708
f 10712 10710 10709
f 10711 10713 10709
f 10714 10710 10712
f 10713 10711 10715
f 10716 10714 10712
f 10715 10717 10713
f 10714 10716 10718
f 10717 10715 10719
f 10718 10720 10714
f 10715 10721 10719
f 10722 10720 10718
f 10719 10721 10723
f 10724 10720 10722
f 10723 10725 10719
f 10726 10724 10722
f 10727 10725 10723
f 10728 10726 10722
f 10723 10729 10727
f 10726 10728 10730
f 10731 10727 10729
f 10728 10732 10730
f 10729 10733 10731
f 10730 10732 10734
f 10733 10735 10731
f 10734 10735 10730
f 10734 10731 10735
f 10736 10737 10738
f 10739 10737 10736
f 10738 10737 10740
f 10741 10738 10740
f 10742 10741 10740
f 10743 10741 10742
f 10744 9822 9821
f 10744 10745 10746
f 10744 9821 10745
f 10746 10745 10747
f 10748 10746 10747
f 10749 10747 10745
f 10748 10747 10750
f 10745 10751 10749
f 9821 10751 10745
f 10749 10752 10747
f 10747 10752 10750
f 10753 10749 10751
f 10753 10752 10749
f 9821 10754 10751
f 10753 10751 10754
f 10754 9821 9819
f 10752 10753 10755
f 10753 10754 10756
f 10753 10756 10755
f 10752 10755 10757
f 10750 10752 10757
f 10758 10755 10756
f 10758 10759 10755
f 10759 10757 10755
f 10760 10758 10756
f 10761 10757 10759
f 10762 10757 10761
f 10763 10757 10762
f 10750 10757 10763
f 10763 10764 10750
f 10756 10765 10760
f 10756 10754 10765
f 10766 10760 10765
f 10767 10750 10764
f 10764 10768 10767
f 10748 10750 10767
f 10768 10769 10767
f 9819 10765 10754
f 9816 10766 10765
f 9819 9816 10765
f 9816 9815 10766
f 10767 10770 10748
f 10770 10771 10748
f 10772 10767 10769
f 10770 10773 10771
f 10773 10770 10767
f 10771 10773 10774
f 10772 10775 10767
f 10772 10776 10775
f 10777 10767 10775
f 10773 10767 10777
f 10778 10775 10776
f 10779 10778 10776
f 10777 10775 10780
f 10778 10780 10775
f 10779 8230 10778
f 10778 8230 10780
f 10779 8229 8230
f 8234 10777 10780
f 8234 10780 8230
f 10773 10777 10781
f 10777 8234 10781
f 10773 10782 10774
f 10773 10781 10782
f 10783 10774 10782
f 10784 10783 10782
f 10781 10785 10782
f 10784 10782 10785
f 8235 10781 8234
f 10781 8235 10785
f 10785 10786 10784
f 8235 10786 10785
f 10786 10787 10784
f 10784 10787 10788
f 10789 10787 10786
f 10788 10787 10790
f 10791 10788 10790
f 10790 10787 10792
f 10789 10792 10787
f 10790 10793 10791
f 8235 8241 10786
f 10790 10792 10794
f 10794 10793 10790
f 10795 10794 10792
f 10796 10795 10792
f 10796 10792 10797
f 10797 10792 10789
f 10797 10789 10798
f 10799 10798 10789
f 10800 10794 10795
f 10799 10789 10801
f 10786 10801 10789
f 10799 10801 10802
f 10786 8241 10801
f 10803 10802 10801
f 10800 10804 10794
f 10803 10801 10805
f 10806 10803 10805
f 10805 10801 10807
f 10807 10801 8241
f 10808 10806 10805
f 10809 10806 10808
f 10805 10807 10810
f 10808 10805 10810
f 10809 10808 10811
f 6173 10810 10807
f 10811 10808 10812
f 10813 10811 10812
f 10814 10808 10810
f 10808 10814 10812
f 10812 10815 10813
f 10813 10815 10816
f 10814 10817 10812
f 10812 10817 10815
f 10814 10810 6169
f 6173 6169 10810
f 6166 10817 10814
f 10814 6169 6166
f 10817 10818 10815
f 10819 10816 10815
f 10819 10815 10818
f 10820 10816 10819
f 10821 10820 10819
f 6163 10817 6166
f 6163 10818 10817
f 10819 10822 10821
f 10821 10822 10823
f 10824 10823 10822
f 10824 10822 10825
f 10826 10824 10825
f 10826 10825 10827
f 6163 6157 10818
f 10828 10822 10819
f 10819 10818 10829
f 10829 10828 10819
f 6155 10829 10818
f 6155 10818 6157
f 10830 10828 10829
f 6155 10831 10829
f 10831 10830 10829
f 10828 10832 10822
f 10822 10832 10825
f 10828 10830 10833
f 10828 10833 10832
f 6158 10830 10831
f 6155 6153 10831
f 6158 10831 6153
f 10834 10825 10832
f 10835 10834 10832
f 10835 10832 10833
f 10836 10825 10834
f 10834 10835 10837
f 10836 10834 10837
f 10833 10838 10835
f 10835 10838 10837
f 10839 10840 10841
f 10840 10839 10842
f 10841 10843 10839
f 10842 10844 10840
f 10843 10841 10845
f 10846 10844 10842
f 10841 10847 10845
f 10848 10844 10846
f 10845 10847 10849
f 10850 10848 10846
f 10849 10847 10851
f 10848 10850 10852
f 10849 10851 10853
f 10850 10854 10852
f 10851 10855 10853
f 10856 10852 10854
f 10853 10855 10857
f 10858 10856 10854
f 10859 10857 10855
f 10859 10856 10858
f 10857 10859 10860
f 10858 10860 10859
f 10861 10862 10863
f 10864 10862 10861
f 10863 10862 10865
f 10866 10864 10861
f 10865 10867 10863
f 10868 10864 10866
f 10867 10865 10869
f 10870 10868 10866
f 10865 10871 10869
f 10868 10870 10872
f 10869 10871 10873
f 10870 10874 10872
f 10871 10875 10873
f 10876 10872 10874
f 10873 10875 10877
f 10874 10878 10876
f 10877 10875 10879
f 10878 10880 10876
f 10877 10879 10881
f 10881 10880 10878
f 10880 10881 10879
f 10882 10883 10884
f 10885 10883 10882
f 10886 10885 10882
f 10884 10883 10887
f 10887 10888 10884
f 10889 10888 10887
f 10890 9765 9771
f 9769 9765 10890
f 10179 9771 9772
f 10890 9771 10179
f 10891 9769 10890
f 10891 10890 10179
f 9770 9769 10892
f 10892 9769 10891
f 10381 9770 10892
f 10893 10891 10179
f 10381 10892 10894
f 10892 10891 10894
f 10893 10895 10891
f 10894 10891 10895
f 10893 10179 10174
f 10893 10174 10895
f 10894 10895 10896
f 10174 10896 10895
f 10381 10894 10897
f 10896 10897 10894
f 10376 10381 10897
f 10898 10897 10896
f 10899 10897 10898
f 10171 10899 10898
f 10896 10173 10898
f 10896 10174 10173
f 10898 10172 10171
f 10173 10172 10898
f 10900 10901 10902
f 10903 10900 10902
f 10903 10902 10904
f 10901 10905 10902
f 10906 10904 10902
f 10905 10907 10908
f 10908 10909 10905
f 10905 10909 10902
f 10910 10902 10909
f 10902 10910 10906
f 10911 10906 10910
f 10911 10912 10906
f 10906 10912 10913
f 10911 10914 10912
f 10913 10912 10915
f 10916 10913 10915
f 10916 10917 10913
f 10916 10915 10918
f 10919 10917 10916
f 10920 10918 10915
f 10915 10912 10920
f 10920 10912 10921
f 10922 10921 10912
f 10921 10922 10923
f 10922 10912 10914
f 10922 10924 10923
f 10925 10926 10918
f 10926 10925 10927
f 10927 10925 10928
f 10927 10928 10929
f 10927 10929 10930
f 10930 10929 10924
f 10930 10924 10931
f 10924 10922 10931
f 10932 10931 10922
f 10932 10933 10931
f 10932 10919 10933
f 10934 10935 10936
f 10936 10937 10934
f 10938 10939 10940
f 10940 10941 10938
f 10942 10943 10944
f 10944 10943 10945
f 10944 10946 10942
f 10945 10947 10944
f 10948 10942 10946
f 10947 10945 10949
f 10950 10948 10946
f 10947 10949 10951
f 10946 10952 10950
f 10950 10952 10951
f 10953 10951 10949
f 10951 10953 10950
f 10954 10955 10956
f 10956 10955 10957
f 10956 10958 10954
f 10957 10959 10956
f 10960 10954 10958
f 10959 10957 10961
f 10962 10960 10958
f 10961 10963 10959
f 10958 10964 10962
f 10963 10961 10965
f 10965 10962 10964
f 10965 10964 10963
f 10966 10967 10968
f 10967 10969 10968
f 10970 10971 10972
f 10972 10971 10969
f 10972 10969 10973
f 10973 10969 10974
f 10975 10973 10974
f 10976 10974 10969
f 10969 10977 10976
f 10977 10969 10967
f 10978 10976 10977
f 10967 10979 10977
f 10980 10979 10967
f 10981 10980 10967
f 10982 10983 10984
f 10985 10982 10984
f 10986 10985 10984
f 10987 10986 10984
f 10988 10986 10987
f 10986 10988 10989
f 10990 10991 10992
f 10991 10990 10993
f 10991 10994 10992
f 10993 10995 10991
f 10996 10992 10994
f 10997 10996 10994
f 10998 10996 10997
f 10999 10998 10997
f 10998 10999 11000
f 11001 11000 10999
f 11002 11000 11001
f 11003 11002 11001
f 11004 11002 11003
f 11005 11004 11003
f 11004 11005 11006
f 11005 11007 11006
f 11008 11006 11007
f 11009 11008 11007
f 11010 10995 10993
f 11011 10995 11010
f 11012 11011 11010
f 11013 11011 11012
f 11014 11013 11012
f 11015 11012 11010
f 11016 11015 11010
f 11017 11018 11019
f 11018 11020 11019
f 11021 11020 11018
f 11022 11018 11017
f 11023 11022 11017
f 11023 11017 11024
f 11025 11026 11027
f 11028 11026 11025
f 11026 6907 11027
f 11026 6903 6907
f 6910 11027 6907
f 11025 11027 11029
f 11029 11027 6910
f 11028 11025 11030
f 11029 11030 11025
f 11031 11028 11030
f 11029 11032 11030
f 11031 11030 11032
f 11033 11028 11031
f 11033 11031 11034
f 11035 11034 11031
f 11035 11031 11032
f 11036 11033 11034
f 11036 11034 11035
f 11033 11036 11037
f 11032 11029 11038
f 11038 11029 6910
f 11035 11032 6919
f 11038 6918 11032
f 11032 6918 6919
f 6910 6912 11038
f 11038 6912 6918
f 11039 11036 11035
f 11040 11037 11036
f 11039 11040 11036
f 11041 11037 11040
f 11042 11037 11041
f 11040 11039 11043
f 11041 11040 11043
f 11035 11044 11039
f 11044 11035 6919
f 11039 11045 11043
f 11045 11039 11044
f 11041 11043 11046
f 11042 11041 11046
f 11045 11047 11043
f 11046 11043 11047
f 11048 11042 11046
f 11048 11046 11047
f 11042 11048 11049
f 11045 11044 6922
f 11044 6919 6922
f 11045 6830 11047
f 11045 6922 6830
f 11050 11048 11047
f 11050 11047 6830
f 11051 11049 11048
f 11050 11051 11048
f 11052 11049 11051
f 6815 11049 11052
f 11050 11053 11051
f 11052 11051 11053
f 6825 11050 6830
f 11053 11050 6825
f 11053 11054 11052
f 6815 11052 11054
f 6819 11054 11053
f 6819 11053 6825
f 6816 6815 11054
f 6816 11054 6819
f 11055 11056 11057
f 11055 11057 11058
f 11056 11059 11057
f 11056 11060 11059
f 11056 11061 11060
f 11062 11055 11058
f 11062 11058 11063
f 11062 11063 11064
f 11062 11064 11065
f 11056 11066 11061
f 11056 11067 11066
f 11066 11068 11061
f 11069 11062 11065
f 11069 11070 11062
f 11069 11065 11071
f 11069 11071 11072
f 11066 11073 11068
f 11073 11069 11072
f 11066 11074 11073
f 11073 11075 11069
f 11073 11076 11068
f 11073 11072 11076
f 11077 11078 11079
f 11078 11077 11080
f 11078 11080 11081
f 11082 11077 11079
f 11077 11082 11083
f 11082 11079 11084
f 11081 11080 11085
f 11082 11084 11086
f 11085 11080 11087
f 11086 11084 11088
f 11085 11087 11089
f 11086 11088 11090
f 11089 11087 11091
f 11086 11090 11092
f 11091 11087 11093
f 11092 11090 11094
f 11091 11093 11095
f 11092 11094 11096
f 11095 11093 11097
f 11096 11094 11098
f 11095 11097 11099
f 11096 11098 11099
f 11099 11098 11095
f 11100 11101 11102
f 11102 11103 11100
f 11104 11105 11106
f 11107 11104 11106
f 11104 11107 11108
f 11109 11110 11111
f 11111 11112 11109
f 11113 11114 11115
f 11115 11116 11113
f 11117 11118 11119
f 11119 11120 11117
f 11121 11122 11123
f 11123 11124 11121
f 11125 11126 11127
f 11127 11126 11128
f 11128 11126 11129
f 11130 11131 11132
f 11132 11133 11130
f 11134 10679 10678
f 10676 10677 11135
f 10680 10676 11135
f 10677 11136 11135
f 10678 10680 11137
f 11135 11137 10680
f 10678 11138 11134
f 11137 11138 10678
f 11139 11134 11138
f 11140 11139 11138
f 11135 11136 11141
f 11137 11135 11141
f 11142 11141 11136
f 11137 11143 11138
f 11143 11137 11141
f 11144 11140 11138
f 11143 11144 11138
f 11145 11140 11144
f 11145 11144 11146
f 11147 11141 11142
f 11147 11143 11141
f 11147 11142 11148
f 11143 11147 11149
f 11144 11143 11149
f 11147 11148 11149
f 11150 11148 11142
f 11144 11151 11146
f 11149 11151 11144
f 11152 11146 11151
f 11153 11152 11151
f 11151 11149 11154
f 11149 11148 11154
f 11151 11155 11153
f 11154 11155 11151
f 11153 11155 10636
f 11155 10634 10636
f 11156 10634 11155
f 11155 11154 11156
f 11156 10621 10634
f 11156 10622 10621
f 11157 11156 11154
f 11157 10622 11156
f 11154 11148 11157
f 11157 11148 11150
f 11157 10623 10622
f 11150 10623 11157
f 11158 11159 11160
f 11160 11161 11158
f 11162 11163 11164
f 11164 11165 11162
f 10917 10919 10932
f 10932 10922 11166
f 10914 11166 10922
f 11166 10914 11167
f 11167 10914 11168
f 11168 10914 11169
f 10932 11166 11170
f 11171 11169 10914
f 11171 11172 11169
f 11171 11173 11172
f 11173 10932 11170
f 10932 11173 11171
f 11174 10932 11171
f 11174 10917 10932
f 10917 11174 11175
f 11176 11175 11174
f 11177 11175 11176
f 11178 11177 11176
f 11179 11178 11176
f 11178 11179 11180
f 11181 11177 11178
f 11182 11177 11181
f 11181 11178 11183
f 11178 11180 11183
f 11180 11184 11183
f 11180 11185 11184
f 11186 11187 11188
f 11188 11189 11186
f 11190 11191 11192
f 11190 11192 11193
f 11194 11190 11193
f 11195 11191 11190
f 11195 11190 11196
f 11197 11198 11195
f 11198 11197 11199
f 11200 11191 11195
f 11195 11198 11200
f 11191 11200 11201
f 11200 11202 11201
f 11200 11203 11202
f 11200 11198 11203
f 11204 11198 11199
f 11204 11199 11205
f 11204 11205 11206
f 11204 11203 11198
f 11207 11203 11204
f 11208 11207 11204
f 11208 11204 11209
f 11210 11209 11204
f 11204 11211 11210
f 11204 11212 11211
f 11211 11213 11214
f 11211 11214 11210
f 11214 11215 11210
f 11216 11217 11218
f 11218 11219 11216
f 11220 10825 10836
f 10827 10825 11220
f 11221 10827 11220
f 11220 11222 11221
f 11221 11222 11223
f 10836 11224 11220
f 11220 11224 11222
f 11223 11222 11225
f 11226 11223 11225
f 11226 11225 11227
f 11227 11225 11228
f 11229 11227 11228
f 11225 11222 11230
f 11225 11230 11228
f 11228 11231 11229
f 11232 11229 11231
f 11233 11232 11231
f 11233 11231 11234
f 11233 11234 11235
f 11228 7990 11231
f 11234 11236 11235
f 11237 11235 11236
f 11237 11236 11238
f 7983 11234 11231
f 7990 7983 11231
f 7982 11234 7983
f 11234 7982 11236
f 11238 11236 11239
f 11240 11238 11239
f 11240 11239 11241
f 11241 11239 11242
f 11243 11241 11242
f 11243 11242 11244
f 11239 11245 11242
f 11239 11236 11246
f 11239 11246 11245
f 11246 11236 11247
f 11247 11236 7982
f 11244 11242 11248
f 10804 11244 11248
f 10804 11248 10794
f 11248 11242 11249
f 11249 11242 11245
f 11248 11250 10794
f 11250 11248 11249
f 11251 10794 11250
f 11251 10793 10794
f 11252 10793 11251
f 10791 10793 11252
f 10791 11252 11253
f 9837 11253 11252
f 11251 11254 11252
f 9837 11252 11254
f 11251 11250 11255
f 11251 11255 11254
f 11250 11256 11255
f 9837 11254 9836
f 11249 11257 11250
f 11250 11257 11256
f 11249 11258 11257
f 11258 11249 11245
f 11255 11259 11254
f 9836 11254 11259
f 11260 11259 11255
f 11260 11255 11256
f 11259 11261 9836
f 11260 11262 11259
f 11259 11262 11261
f 11260 11256 11263
f 11260 11264 11262
f 11260 11263 11264
f 11262 11265 11261
f 11264 11265 11262
f 11265 11266 11261
f 11264 11263 11267
f 11264 11267 11265
f 11266 11265 11268
f 11268 11265 11267
f 11269 11268 11267
f 11261 11266 9833
f 11261 9833 9836
f 11266 9832 9833
f 11263 11270 11267
f 11269 11267 11270
f 11263 11256 11270
f 11271 11269 11272
f 11273 11271 11272
f 11270 11256 11274
f 11256 11257 11274
f 11275 11269 11270
f 11275 11270 11274
f 11269 11276 11272
f 11275 11276 11269
f 11273 11272 11277
f 11276 11277 11272
f 11273 11277 11278
f 11279 11277 11276
f 11277 11279 11278
f 11280 11276 11275
f 11280 11279 11276
f 11275 11274 11280
f 11281 11278 11279
f 11281 11279 11282
f 11280 11283 11279
f 11282 11279 11284
f 11285 11282 11284
f 11286 11285 11284
f 11279 11283 11287
f 11287 11284 11279
f 11286 11284 11288
f 11289 11288 11284
f 11289 11284 11290
f 11284 11291 11290
f 11291 11292 11290
f 11293 11291 11284
f 11293 11284 11294
f 11287 11294 11284
f 11293 11295 11291
f 11296 11292 11291
f 11295 11296 11291
f 11297 11292 11296
f 11295 11293 11298
f 11298 11293 11294
f 11296 8041 11297
f 11297 8041 8044
f 11295 8040 11296
f 8040 8041 11296
f 11299 11295 11298
f 11295 11299 8040
f 11298 11294 11300
f 11299 11298 11300
f 11300 11294 11301
f 11301 11294 11287
f 8037 11299 11300
f 8037 8040 11299
f 8036 11300 11301
f 8036 8037 11300
f 11302 11303 11304
f 11302 11304 11305
f 11306 11302 11305
f 11304 11307 11305
f 11307 11308 11305
f 11304 11309 11307
f 11309 11310 11307
f 11304 11311 11309
f 11312 11313 11314
f 10990 11313 11312
f 11312 11314 11315
f 10992 11313 10990
f 11314 11316 11315
f 11317 11315 11316
f 11314 11318 11316
f 11316 11318 11317
f 11317 11318 11319
f 11318 11320 11319
f 11321 11319 11320
f 11320 11322 11321
f 11323 11321 11322
f 11324 11323 11322
f 11325 11323 11324
f 11326 11325 11324
f 11327 11325 11326
f 11328 11327 11326
f 11329 11327 11328
f 11330 11331 11332
f 11332 11333 11330
f 11334 11335 11336
f 11336 11335 11337
f 11337 11335 11338
f 11338 11335 11339
f 11335 11340 11339
f 11341 11342 11343
f 11341 11343 11335
f 11343 11344 11335
f 11344 11345 11335
f 11345 11346 11335
f 11347 11335 11346
f 11335 11347 11340
f 11348 11347 11346
f 11348 11349 11347
f 11349 11350 11347
f 11350 11351 11347
f 11352 11347 11351
f 11353 11347 11352
f 11347 11354 11340
f 11355 11356 11357
f 11357 11358 11355
f 11359 11360 11361
f 11361 11362 11359
f 5943 11363 5938
f 5943 11364 11363
f 11365 5943 5942
f 11365 5942 5941
f 5943 11366 11364
f 11366 11367 11364
f 11366 11368 11367
f 11365 11369 5943
f 5943 11369 11366
f 11366 11370 11368
f 11365 11371 11369
f 11372 11365 5941
f 11365 11372 11371
f 11373 11372 5941
f 11373 5941 5934
f 10837 11372 11373
f 10837 11371 11372
f 10836 10837 11373
f 10836 11373 11224
f 11373 5934 11224
f 11224 5934 5917
f 11374 11224 5917
f 11374 11222 11224
f 5917 5914 11374
f 11230 11222 11374
f 11374 5914 11375
f 11374 11375 11230
f 11375 5914 5916
f 11230 11375 11376
f 5916 11376 11375
f 11377 11230 11376
f 11228 11230 11377
f 11228 11377 7990
f 7990 11377 11378
f 11376 11378 11377
f 7990 11378 7986
f 11376 11379 11378
f 11378 11379 7986
f 11376 5916 11380
f 11380 11379 11376
f 11381 11380 5916
f 11381 5916 5920
f 11380 11382 11379
f 11379 11383 7986
f 11379 11382 11383
f 11383 7994 7986
f 11384 11381 5920
f 5924 11384 5920
f 11381 11385 11380
f 11385 11382 11380
f 11386 11385 11381
f 11381 11384 11386
f 11382 11387 11383
f 11387 7994 11383
f 11388 11385 11386
f 11386 11384 11389
f 11388 11386 11389
f 11390 11389 11384
f 11390 11391 11389
f 11391 11392 11389
f 11393 11390 11384
f 11393 11384 5924
f 11394 11389 11392
f 11394 11388 11389
f 11395 11394 11392
f 11394 11395 11396
f 11396 11395 11397
f 11397 11398 11396
f 11396 11398 11399
f 11396 11399 11400
f 11401 11400 11399
f 11394 11396 11400
f 11402 11400 11401
f 11403 11394 11400
f 11388 11394 11403
f 11402 11401 11404
f 11388 11403 11405
f 11405 11385 11388
f 11403 11400 11406
f 11403 11406 11405
f 11407 11400 11402
f 11407 11406 11400
f 11405 11408 11385
f 11408 11382 11385
f 11405 11406 11409
f 11408 11405 11409
f 11407 11410 11406
f 11410 11409 11406
f 11407 11411 11410
f 11407 11402 11411
f 11410 11412 11409
f 11413 11408 11409
f 11412 11413 11409
f 11411 11402 11414
f 11402 11404 11414
f 11404 11415 11414
f 11416 11410 11411
f 11412 11410 11416
f 11416 11411 11414
f 11415 11417 11414
f 11416 11414 11417
f 11415 11418 11417
f 11416 11419 11412
f 11419 11416 11417
f 11418 11420 11417
f 11419 11417 11420
f 11421 11420 11418
f 11419 11422 11412
f 11412 11422 11413
f 11419 11420 11423
f 11423 11422 11419
f 11421 11424 11420
f 11423 11420 11424
f 11421 11425 11424
f 11426 11422 11423
f 11426 11413 11422
f 11427 11423 11424
f 11423 11427 11426
f 11428 11424 11425
f 11427 11424 11428
f 11429 11428 11425
f 11430 11428 11429
f 11430 11431 11428
f 11431 11432 11428
f 11428 11432 11427
f 11431 11433 11432
f 11434 11427 11432
f 11434 11426 11427
f 7996 11432 11433
f 11433 11435 7996
f 11436 7996 11435
f 11437 11432 7996
f 11434 11432 11437
f 11438 7996 11436
f 8003 7996 11438
f 7996 11439 11437
f 7996 7993 11439
f 7994 11439 7993
f 11439 7994 11440
f 11437 11439 11440
f 11387 11440 7994
f 11437 11440 11441
f 11441 11440 11387
f 11382 11442 11387
f 11442 11441 11387
f 11442 11382 11408
f 11442 11408 11413
f 11442 11443 11441
f 11443 11437 11441
f 11443 11442 11413
f 11443 11434 11437
f 11426 11443 11413
f 11443 11426 11434
f 11444 11445 11446
f 11446 11447 11444
f 11448 3535 11445
f 11444 11448 11445
f 11447 11449 11444
f 11448 11444 11449
f 11450 11447 11451
f 11447 11450 11449
f 11448 11449 11452
f 11452 11449 11450
f 11448 11453 3535
f 3531 3535 11453
f 11452 11454 11448
f 11448 11454 11453
f 3530 3531 11453
f 3530 11453 11455
f 11455 11453 11454
f 3530 11455 9142
f 11454 11456 11455
f 9142 11455 11456
f 9142 9143 3530
f 3528 3530 9143
f 11456 9139 9142
f 11454 2482 11456
f 11457 11454 11452
f 11457 2482 11454
f 11452 11458 11457
f 11452 11450 11458
f 11457 2479 2482
f 11458 2479 11457
f 2482 2484 11456
f 9139 11456 2484
f 11459 11458 11450
f 11459 11450 11451
f 11459 11460 11458
f 2479 11458 11460
f 11459 11451 11461
f 11459 11461 11460
f 11451 11462 11461
f 2479 11460 2472
f 11461 2471 11460
f 2472 11460 2471
f 11461 11462 11463
f 2471 11461 11463
f 11463 11462 11464
f 11462 11465 11464
f 11465 11466 11464
f 11466 11467 11464
f 11466 11468 11467
f 11463 11464 11469
f 11464 11467 11469
f 11463 2468 2471
f 11463 11469 2468
f 11467 11468 11470
f 11471 11469 11467
f 11467 11470 11471
f 11470 11468 11472
f 11473 11472 11468
f 11470 11472 11474
f 11474 11471 11470
f 11473 11475 11472
f 11475 11474 11472
f 11476 11477 11478
f 11479 11476 11480
f 11476 11481 11480
f 11476 11478 11482
f 11476 11482 11481
f 11478 11483 11482
f 11482 11484 11481
f 11484 11485 11481
f 11482 11486 11484
f 11487 11488 11489
f 11489 11490 11487
f 11491 1503 1505
f 11492 1476 1500
f 11492 1466 1476
f 1500 1503 11493
f 11493 1503 11491
f 11492 1500 11494
f 11494 1500 11493
f 11492 11495 1466
f 1505 7475 11491
f 1505 1504 7475
f 11496 11493 11491
f 11495 11497 1466
f 1462 1466 11497
f 7477 11491 7475
f 7477 11496 11491
f 1462 11497 11498
f 11498 11497 11495
f 11498 11499 1462
f 1462 11499 1463
f 11498 11500 11499
f 11499 11501 1463
f 11501 11499 11500
f 11498 11495 11502
f 11498 11502 11500
f 11503 11502 11495
f 11502 11504 11500
f 11504 11502 11505
f 11503 11505 11502
f 11506 11500 11504
f 11503 11495 11507
f 11507 11495 11492
f 11507 11492 11494
f 11504 11505 11508
f 11506 11504 11508
f 11509 11506 11508
f 11509 11510 11506
f 11509 11508 11511
f 11512 11506 11510
f 11512 11500 11506
f 11513 11512 11510
f 11501 11500 11512
f 11513 11514 11512
f 11514 11501 11512
f 11513 11515 11514
f 11501 11514 11516
f 11515 11516 11514
f 11501 11516 1463
f 11515 11517 11516
f 11516 11517 1463
f 1461 1463 11517
f 11515 11518 11517
f 1461 11517 1465
f 11517 11518 1465
f 11518 11519 1465
f 11519 11520 1465
f 1456 1465 11520
f 11521 11520 11519
f 1456 11520 11522
f 1456 11522 1447
f 11520 11521 11523
f 11520 11523 11522
f 11521 11524 11523
f 11525 11523 11524
f 11526 1447 11522
f 11526 11522 11523
f 11526 1449 1447
f 11523 11525 11527
f 11526 11523 11527
f 11525 11528 11527
f 11526 11529 1449
f 11526 11527 11529
f 1452 1449 11529
f 11528 11530 11527
f 11529 11527 11530
f 11528 11531 11530
f 11529 11532 1452
f 11529 11530 11532
f 11532 11530 11531
f 11533 11532 11531
f 11531 11534 11533
f 11532 11533 11535
f 11534 11535 11533
f 11536 11537 11534
f 11535 11534 11537
f 11538 11532 11535
f 1452 11532 11538
f 11538 11535 11539
f 11535 11537 11539
f 1452 11538 11540
f 1452 11540 1451
f 1453 1451 11540
f 11540 11538 11541
f 11539 11541 11538
f 11542 1453 11540
f 11540 11541 11542
f 11542 1805 1453
f 1453 1805 11543
f 1453 11543 1455
f 1805 1455 11543
f 11544 11541 11539
f 11542 11541 11545
f 11544 11545 11541
f 1804 11542 11545
f 1804 1805 11542
f 11545 11544 11546
f 1804 11545 1788
f 11545 11546 1788
f 11539 11547 11544
f 11539 11537 11547
f 11544 11548 11546
f 11544 11547 11548
f 11548 1786 11546
f 11546 1786 1788
f 11548 11547 11549
f 11537 11550 11547
f 11547 11550 11549
f 1783 11548 11549
f 1783 1786 11548
f 1783 11549 1782
f 1782 11549 11551
f 11551 11549 11550
f 11552 11550 11537
f 11536 11552 11537
f 11553 11552 11536
f 11553 11554 11552
f 11554 11555 11552
f 11555 11550 11552
f 11554 11556 11555
f 11557 11550 11555
f 11555 11556 11557
f 11551 11550 11557
f 11556 11558 11557
f 11558 11551 11557
f 11558 11559 11551
f 1782 11551 11560
f 11559 11561 11551
f 11561 11560 11551
f 11559 1779 11561
f 11561 11562 11560
f 1782 11560 1780
f 1780 11560 11562
f 1778 11562 11561
f 1779 1778 11561
f 1778 1780 11562
f 11563 11564 11565
f 11563 11566 11564
f 11567 11565 11564
f 11568 11564 11566
f 11565 11567 11569
f 11570 11568 11566
f 11567 11571 11569
f 11568 11570 11572
f 11573 11569 11571
f 11574 11572 11570
f 11575 11573 11571
f 11576 11572 11574
f 11573 11575 11577
f 11578 11576 11574
f 11575 11579 11577
f 11580 11576 11578
f 11581 11577 11579
f 11581 11579 11580
f 11581 11580 11578
f 11582 11583 11584
f 11584 11585 11582
f 11586 11587 11588
f 11589 11587 11586
f 11588 11590 11586
f 11586 11591 11589
f 11592 11589 11591
f 11591 11593 11592
f 11594 11590 11588
f 11588 11595 11594
f 11596 11594 11595
f 11595 11597 11596
f 11596 11597 11598
f 11598 11599 11596
f 11599 11598 11600
f 11600 11601 11599
f 11602 11601 11600
f 11600 11603 11602
f 11602 11603 11604
f 11604 11605 11602
f 11605 11604 11606
f 11606 11607 11605
f 11608 11609 11610
f 11610 11611 11608
f 11611 11610 11612
f 11612 11613 11611
f 11614 11613 11612
f 11612 11615 11614
f 11614 11615 11616
f 11616 11617 11614
f 11618 11617 11616
f 11616 11619 11618
f 11618 11619 11620
f 11620 11621 11618
f 11622 11621 11620
f 11620 11623 11622
f 11624 11622 11623
f 11623 11625 11624
f 11626 11624 11625
f 11625 11627 11626
f 11628 11626 11627
f 11627 11629 11628
f 11630 11631 11632
f 11633 11632 11631
f 11634 11630 11632
f 11635 11632 11633
f 11636 11634 11632
f 11637 11635 11633
f 11636 11638 11634
f 11635 11637 11639
f 11640 11638 11636
f 11637 11641 11639
f 11640 11642 11638
f 11643 11639 11641
f 11640 11644 11642
f 11643 11645 11639
f 11642 11644 11646
f 11646 11645 11643
f 11644 11645 11646
f 953 7378 7384
f 7383 7382 959
f 7382 7380 11647
f 7382 11647 959
f 11647 7380 11648
f 7372 11648 7380
f 7383 958 7384
f 7383 959 958
f 953 7384 954
f 7384 958 954
f 11648 7372 11649
f 7372 7361 11649
f 11648 11649 11650
f 11648 11650 11647
f 11649 7361 11651
f 11649 11651 11650
f 7361 7363 11651
f 7363 11652 11651
f 7360 11652 7363
f 11651 11653 11650
f 11653 11651 11652
f 961 11647 11650
f 961 11650 11653
f 961 959 11647
f 11654 11652 7360
f 7364 11654 7360
f 7364 7366 11654
f 11654 11655 11652
f 11652 11656 11653
f 11655 11656 11652
f 962 961 11653
f 962 11653 11656
f 965 11656 11655
f 965 962 11656
f 11654 11657 11655
f 11654 7366 11657
f 11655 11657 11658
f 965 11655 11658
f 11659 11658 11657
f 11660 11657 7366
f 11660 11659 11657
f 7326 11660 7366
f 7322 7326 7366
f 11658 938 965
f 7326 11661 11660
f 11659 11662 11658
f 11658 11662 938
f 11663 11659 11660
f 11661 11663 11660
f 11661 7326 11664
f 7326 7325 11664
f 11661 11665 11663
f 7325 11666 11664
f 11661 11664 11667
f 11666 11667 11664
f 11667 11665 11661
f 11666 7325 7341
f 11666 7341 11668
f 7341 7337 11668
f 11669 11668 7337
f 11670 11666 11668
f 11670 11668 11669
f 11666 11670 11667
f 11670 11669 11671
f 11667 11670 11672
f 11672 11665 11667
f 11672 11670 11671
f 11673 11671 11669
f 11673 11674 11671
f 11672 11671 11675
f 11675 11671 11674
f 11676 11674 11673
f 11675 11674 11676
f 11673 11677 11676
f 11675 11678 11672
f 11665 11672 11678
f 11676 11679 11675
f 11679 11678 11675
f 11676 11677 11680
f 11676 11680 11679
f 11681 11678 11679
f 11681 11679 11680
f 11678 11682 11665
f 11682 11678 11681
f 11663 11665 11682
f 11682 11683 11663
f 11682 11681 11683
f 11683 11659 11663
f 11677 11684 11680
f 11685 11684 11677
f 11681 11680 11686
f 11684 11686 11680
f 11684 11685 11687
f 11681 11686 11688
f 11681 11688 11683
f 11684 11689 11686
f 11689 11684 11687
f 11688 11686 11689
f 11690 11687 11685
f 11689 11687 11690
f 11685 11691 11690
f 11692 11688 11689
f 11690 11692 11689
f 11683 11688 11693
f 11683 11693 11659
f 11688 11692 11693
f 11659 11693 11662
f 11693 937 11662
f 11693 11692 937
f 937 938 11662
f 11690 11694 11692
f 11690 11691 11694
f 11692 11695 937
f 11692 11694 11695
f 11691 11696 11694
f 11691 11697 11696
f 11695 11694 11698
f 11698 11694 11696
f 11695 934 937
f 11695 11698 934
f 11696 11697 11699
f 11696 11699 11698
f 11699 11697 928
f 11700 11698 11699
f 11698 11700 934
f 11700 11699 928
f 11697 926 928
f 11700 929 934
f 11700 928 929
f 11701 11702 11703
f 11701 11703 11704
f 11703 11702 5807
f 11704 11705 11701
f 11704 11706 11705
f 5807 11702 5784
f 7046 11705 11706
f 11706 7038 7046
f 11707 11705 7046
f 11708 11705 11707
f 11709 11705 11708
f 11710 11705 11709
f 5780 11710 11709
f 11711 11705 11710
f 11712 11705 11711
f 11712 11713 11705
f 11714 11713 11712
f 5785 11713 11714
f 5785 11715 11713
f 5780 5779 11710
f 5785 5784 11715
f 11716 11717 11718
f 11717 11719 11718
f 11720 11716 11718
f 11717 11721 11719
f 11716 11720 11722
f 11723 11719 11721
f 11721 11724 11723
f 11725 11723 11724
f 11722 11720 11726
f 11726 11727 11722
f 11728 11727 11726
f 11729 11727 11728
f 11728 11730 11729
f 11730 11731 11729
f 11730 11732 11731
f 11733 11731 11732
f 11734 11733 11732
f 11734 11735 11733
f 11736 2663 2648
f 11736 2648 2262
f 2262 2263 11736
f 2263 11737 11736
f 2663 11736 11737
f 2263 2266 11737
f 11738 2661 2663
f 11738 2663 11737
f 2266 11739 11737
f 11738 11737 11739
f 2266 11740 11739
f 2278 11740 2266
f 8773 11739 11740
f 8773 11740 2278
f 11738 11739 11741
f 11741 11739 8773
f 11742 2661 11738
f 11738 11741 11742
f 11743 2661 11742
f 11743 2662 2661
f 11742 11741 11744
f 11743 11742 11744
f 8773 11745 11741
f 11745 11744 11741
f 11743 11744 11746
f 11743 11746 2662
f 11747 11744 11745
f 8773 8770 11745
f 11745 8770 11747
f 11746 11744 11748
f 11747 11748 11744
f 2662 11746 11749
f 2659 2662 11749
f 11746 11748 11750
f 11746 11750 11749
f 11751 11748 11747
f 11750 11748 11751
f 8769 11751 11747
f 8770 8769 11747
f 2659 11749 9406
f 11750 9402 11749
f 9406 11749 9402
f 2657 2659 9406
f 11750 9399 9402
f 11750 11751 11752
f 11750 11752 9399
f 11753 11752 11751
f 11753 11751 8769
f 9399 11752 9397
f 11753 11754 11752
f 11752 11754 9397
f 11753 8769 8766
f 11753 9394 11754
f 11753 8766 9394
f 9395 9397 11754
f 9393 11754 9394
f 9395 11754 9393
f 11755 11756 11757
f 11758 11755 11759
f 11755 11760 11759
f 11755 11757 11761
f 11755 11761 11760
f 11757 11762 11761
f 11761 11763 11760
f 11763 11764 11760
f 11761 11765 11763
f 11766 11767 11768
f 11769 11766 11770
f 11766 11771 11770
f 11766 11768 11772
f 11766 11772 11771
f 11768 11773 11772
f 11772 11774 11771
f 11774 11775 11771
f 11772 11776 11774
f 3010 3002 11777
f 11777 3002 2997
f 3010 11778 3015
f 11779 3010 11777
f 11779 11778 3010
f 11780 11779 11777
f 11779 11781 11778
f 11781 11779 11780
f 11781 11782 11778
f 11780 11777 11783
f 11783 11777 2997
f 11784 11780 11783
f 11782 11785 11778
f 11778 11785 3015
f 11782 11786 11785
f 11786 8125 11785
f 11785 8125 3015
f 3013 3015 8125
f 11784 11783 11787
f 11783 2997 11787
f 11784 11787 11788
f 2997 2993 11787
f 11787 2993 11789
f 11788 11787 11789
f 2993 2990 11789
f 11788 11789 11790
f 11789 2990 11790
f 11791 11788 11790
f 11791 11790 11792
f 11790 2990 11792
f 5608 11791 11792
f 11793 11792 2990
f 2987 11793 2990
f 5608 11792 5603
f 11793 5603 11792
f 11793 2987 11794
f 11794 2987 2988
f 5601 5603 11793
f 11793 11794 11795
f 11793 11795 5601
f 11796 11794 2988
f 11794 11796 11795
f 11796 2988 9250
f 11797 11796 9250
f 9252 11797 9250
f 11797 11798 11796
f 11795 11796 11798
f 9252 11798 11797
f 11799 11795 11798
f 9252 11800 11798
f 11800 11799 11798
f 11799 5589 11795
f 11795 5589 5601
f 11800 5588 11799
f 5588 5589 11799
f 11800 5586 5588
f 9252 11801 11800
f 11800 11801 5586
f 9252 11802 11801
f 9245 11802 9252
f 9245 11803 11802
f 9245 4853 11803
f 9239 11803 4853
f 9239 11804 11803
f 11804 11802 11803
f 11802 11804 11801
f 11801 11804 11805
f 5586 11801 11805
f 11806 11805 11804
f 5586 11805 11807
f 11806 11808 11805
f 11807 11805 11808
f 11806 5582 11808
f 5587 5586 11807
f 5587 11807 11808
f 5582 5584 11808
f 5587 11808 5584
f 11809 11810 11811
f 11812 11813 11814
f 11812 11814 11815
f 11816 11812 11815
f 11814 11817 11818
f 11814 11818 11819
f 11814 11819 11815
f 11818 11820 11819
f 11821 11822 11815
f 11823 11821 11815
f 11819 11823 11815
f 11823 11824 11821
f 11819 11825 11823
f 11825 11826 11823
f 11819 11827 11825
f 11828 11829 11830
f 11831 11828 11832
f 11828 11830 11832
f 11830 11833 11832
f 11833 11834 11832
f 11830 11835 11836
f 11830 11836 11837
f 11830 11837 11833
f 11836 11838 11837
f 11837 11839 11833
f 11839 11840 11833
f 11837 11841 11839
f 11842 11843 11844
f 11844 11845 11846
f 11842 11844 11846
f 11847 11842 11848
f 11842 11849 11848
f 11842 11850 11849
f 11842 11846 11850
f 11850 11851 11849
f 11846 11852 11850
f 11852 11853 11850
f 11846 11854 11852
f 11855 11856 11857
f 11855 11857 11858
f 11859 11855 11858
f 11857 11860 11861
f 11857 11861 11862
f 11857 11862 11858
f 11861 11863 11862
f 11864 11865 11858
f 11866 11864 11858
f 11862 11866 11858
f 11866 11867 11864
f 11862 11868 11866
f 11868 11869 11866
f 11862 11870 11868
f 11871 11872 11873
f 11871 11873 11874
f 11875 11871 11874
f 11873 11876 11874
f 11873 11877 11876
f 11876 11878 11874
f 11878 11879 11874
f 11876 11880 11878
f 11881 11882 11883
f 11881 11883 11884
f 11883 11885 11884
f 11881 11884 11886
f 11884 11887 11886
f 11881 11886 11888
f 11889 11881 11888
f 11890 11891 11892
f 11890 11893 11891
f 11894 11892 11891
f 11895 11891 11893
f 11896 11892 11894
f 11893 11897 11895
f 11898 11896 11894
f 11899 11895 11897
f 11896 11898 11900
f 11899 11897 11901
f 11898 11902 11900
f 11899 11901 11903
f 11903 11900 11902
f 11903 11902 11899
f 2067 2068 11904
f 11905 11906 11907
f 11904 11905 11907
f 11905 11908 11906
f 11909 11906 11908
f 11909 11908 11910
f 11908 11905 11911
f 11904 11911 11905
f 11908 11912 11910
f 11908 11911 11912
f 11913 11911 11904
f 11913 11904 2068
f 2068 2070 11913
f 2074 11913 2070
f 11914 11911 11913
f 2074 11914 11913
f 11914 11912 11911
f 11910 11912 11915
f 11912 11914 11915
f 11916 11910 11915
f 11917 11914 2074
f 11915 11914 11917
f 11915 11918 11916
f 11915 11917 11918
f 11916 11918 11919
f 11920 11919 11918
f 11921 11917 2074
f 11921 11918 11917
f 2074 2075 11921
f 11920 11918 11922
f 11922 11918 11921
f 11920 11922 11923
f 11921 2075 11924
f 11922 11921 11924
f 2075 2078 11924
f 11923 11922 11925
f 11925 11922 11924
f 11926 11923 11925
f 11924 2078 2086
f 11924 2086 11925
f 2086 11926 11925
f 11927 11926 2086
f 11926 11927 11928
f 11928 11927 11929
f 4504 11928 11929
f 2086 11930 11927
f 11929 11927 11930
f 11930 2086 2081
f 4504 11929 4506
f 11930 4506 11929
f 11931 11930 2081
f 11930 11931 4506
f 2081 2083 11931
f 11931 11932 4506
f 4506 11932 4493
f 11932 4489 4493
f 11932 4488 4489
f 11931 11933 11932
f 11931 2083 11933
f 11933 4488 11932
f 2084 11933 2083
f 11933 2095 4488
f 2084 2095 11933
f 2084 2085 2095
f 11934 11935 11936
f 11937 11934 11938
f 11934 11939 11938
f 11934 11936 11940
f 11934 11940 11939
f 11936 11941 11940
f 11942 11943 11939
f 11944 11942 11939
f 11940 11944 11939
f 11944 11945 11942
f 11940 11946 11944
f 11946 11947 11944
f 11940 11948 11946
f 11949 11950 11951
f 11949 11951 11952
f 11953 11949 11952
f 11951 11954 11955
f 11951 11955 11956
f 11951 11956 11952
f 11955 11957 11956
f 11956 11958 11952
f 11958 11959 11952
f 11956 11960 11958
f 11960 11961 11958
f 11956 11962 11960
f 11963 11964 11965
f 11963 11965 11966
f 11965 11967 11966
f 11963 11966 11968
f 11966 11969 11968
f 11963 11968 11970
f 11971 11963 11970
f 11972 11973 11974
f 11975 11972 11976
f 11972 11977 11976
f 11972 11974 11977
f 11974 11978 11977
f 11978 11979 11977
f 11974 11980 11978
f 11981 11982 11983
f 11983 11982 11984
f 11983 11985 11981
f 11984 11986 11983
f 11987 11981 11985
f 11988 11986 11984
f 11985 11989 11987
f 11984 11990 11988
f 11991 11987 11989
f 11992 11988 11990
f 11989 11993 11991
f 11991 11993 11994
f 11994 11995 11991
f 11990 11996 11992
f 11992 11996 11997
f 11997 11998 11992
f 11999 11998 11997
f 11997 12000 11999
f 12001 11999 12000
f 12000 12002 12001
f 12003 12004 12005
f 12006 12004 12003
f 12005 12007 12003
f 12003 12008 12006
f 12007 12005 12009
f 12010 12006 12008
f 12009 12011 12007
f 12008 12012 12010
f 12013 12011 12009
f 12010 12012 12014
f 12009 12015 12013
f 12014 12016 12010
f 12017 12016 12014
f 12014 12018 12017
f 12019 12013 12015
f 12015 12020 12019
f 12021 12019 12020
f 12020 12022 12021
f 12023 12021 12022
f 12022 12024 12023
f 12025 12026 12027
f 12028 12026 12025
f 12027 12029 12025
f 12025 12030 12028
f 12031 12029 12027
f 12032 12028 12030
f 12027 12033 12031
f 12030 12034 12032
f 12035 12031 12033
f 12032 12034 12036
f 12033 12037 12035
f 12036 12038 12032
f 12035 12037 12039
f 12040 12038 12036
f 12039 12041 12035
f 12041 12039 12042
f 12042 12043 12041
f 12036 12044 12040
f 12040 12044 12045
f 12045 12046 12040
f 12047 12048 12049
f 12048 12050 12049
f 12049 12051 12047
f 12052 12049 12050
f 12047 12051 12053
f 12052 12050 12054
f 12053 12055 12047
f 12050 12056 12054
f 12055 12053 12057
f 12054 12056 12058
f 12053 12059 12057
f 12056 12060 12058
f 12061 12057 12059
f 12062 12058 12060
f 12063 12061 12059
f 12064 12058 12062
f 12065 12061 12063
f 12066 12064 12062
f 12063 12067 12065
f 12068 12064 12066
f 12069 12065 12067
f 12068 12066 12070
f 12071 12069 12067
f 12072 12068 12070
f 12073 12069 12071
f 12074 12072 12070
f 12073 12071 12075
f 12076 12072 12074
f 12077 12073 12075
f 12074 12078 12076
f 12079 12077 12075
f 12077 12079 12078
f 12079 12080 12078
f 12076 12078 12080
f 12081 12082 12083
f 12081 12083 12084
f 12083 12085 12086
f 12083 12086 12087
f 12083 12087 12084
f 12086 12088 12087
f 12089 12090 12084
f 12091 12089 12084
f 12087 12091 12084
f 12091 12092 12089
f 12087 12093 12091
f 12093 12094 12091
f 12087 12095 12093
f 12096 12097 12098
f 12096 12098 12099
f 12100 12096 12099
f 12098 12101 12099
f 12098 12102 12101
f 12101 12103 12099
f 12103 12104 12099
f 12101 12105 12103
f 12106 8801 8802
f 12106 8802 12107
f 12108 12106 12107
f 12109 12108 12107
f 12110 12108 12109
f 12111 12110 12109
f 12112 12110 12111
f 12111 6573 12112
f 12113 6573 12111
f 12112 6573 12114
f 6573 12113 6574
f 12114 12115 12116
f 6573 8788 12114
f 12115 12114 6496
f 8788 12117 12114
f 6496 12114 12117
f 8786 12117 8788
f 6496 12117 12118
f 12117 6495 12118
f 12119 6495 12117
f 6496 12118 12120
f 6493 6495 12119
f 6496 12120 6497
f 12121 5280 5277
f 12121 5292 5280
f 5292 12121 12122
f 5293 5292 12123
f 12122 12121 12124
f 12121 12125 12124
f 12126 5292 12122
f 12124 12126 12122
f 12126 12123 5292
f 12124 12125 9973
f 9973 12126 12124
f 9973 12125 12127
f 5293 12123 12128
f 9973 12123 12126
f 12127 12129 9973
f 12127 9994 12129
f 12129 9974 9973
f 12129 9994 9974
f 12128 12123 9970
f 9970 12130 12128
f 12130 9970 9969
f 9970 12123 9971
f 9973 9971 12123
f 12131 12132 12133
f 12134 12133 12132
f 12135 12134 12132
f 12135 12136 12137
f 12135 12137 12138
f 12135 12138 12134
f 12134 12138 12139
f 12140 12134 12139
f 12141 12140 12139
f 12139 12142 12141
f 12143 12144 12145
f 12145 12146 12143
f 12144 12147 12145
f 12148 12143 12146
f 12144 12149 12147
f 12150 12148 12146
f 12151 12147 12149
f 12152 12148 12150
f 12153 12147 12151
f 12154 12152 12150
f 12155 12153 12151
f 12152 12154 12155
f 12154 12153 12155
f 12156 12157 12158
f 12156 12158 12159
f 12158 12160 12159
f 12156 12159 12161
f 12162 12156 12161
f 12162 12161 12163
f 12159 12164 12165
f 12159 12165 12166
f 12159 12166 12161
f 12165 12167 12166
f 12166 12168 12161
f 12168 12169 12161
f 12166 12170 12168
f 12171 12172 12173
f 12172 12171 12174
f 12172 12174 12175
f 12176 12172 12175
f 12175 12174 12177
f 12172 12176 12178
f 12177 12174 12179
f 12178 12176 12180
f 12179 12174 12181
f 12178 12180 12182
f 12181 12174 12183
f 12182 12180 12184
f 12181 12183 12185
f 12182 12184 12186
f 12182 12186 12187
f 12182 12187 12188
f 12185 12183 12188
f 12188 12183 12182
f 12182 12183 12189
f 12189 12183 12190
f 12189 12190 12191
f 12192 12193 12194
f 12192 12194 12195
f 12196 12192 12195
f 12194 12197 12195
f 12197 12198 12195
f 12194 12199 12197
f 12199 12200 12197
f 12194 12201 12199
f 12202 12203 12204
f 12202 12204 12205
f 12204 12206 12205
f 12206 12207 12205
f 12208 12202 12205
f 12207 12209 12205
f 12207 12210 12209
f 12209 12211 12205
f 12208 12205 12212
f 12208 12212 12213
f 12214 12215 12216
f 12214 12216 12217
f 12217 12218 12219
f 12214 12217 12219
f 12214 12219 12220
f 12214 12220 12221
f 12214 12221 12222
f 12221 12223 12222
f 12224 12214 12222
f 12225 12224 12222
f 11475 11473 3551
f 11475 12226 11474
f 11475 3551 12227
f 11475 12227 12226
f 12227 3551 3553
f 12227 3553 8493
f 8493 12226 12227
f 11474 12226 12228
f 11471 11474 12228
f 8493 8495 12226
f 12228 12226 12229
f 8495 12229 12226
f 12228 12229 12230
f 11471 12228 12230
f 12230 12229 8501
f 8495 8501 12229
f 12231 11471 12230
f 12231 12230 8501
f 11471 12231 12232
f 12232 11469 11471
f 12232 12231 12233
f 12232 2468 11469
f 12233 12231 12234
f 12231 8501 12234
f 12232 12233 12235
f 12232 12235 2468
f 12233 12234 12235
f 12234 8501 8507
f 12235 12234 12236
f 12236 12234 2465
f 8507 2465 12234
f 12235 12236 2460
f 2462 2468 12235
f 2462 12235 2460
f 2460 12236 2463
f 12236 2465 2463
f 12237 12238 12239
f 12238 12240 12239
f 12241 12238 12237
f 12242 12240 12238
f 12243 12241 12237
f 12244 12240 12242
f 12241 12243 12245
f 12242 12246 12244
f 12245 12247 12241
f 12244 12246 12248
f 12247 12245 12248
f 12245 12244 12248
f 12249 12250 12251
f 12252 12249 12251
f 12252 12251 12253
f 12254 12255 12256
f 12257 12255 12254
f 12258 12254 12256
f 12255 12259 12256
f 12256 12259 12260
f 12260 12259 12261
f 12261 12262 12260
f 12263 12262 12261
f 12264 12260 12262
f 12264 12262 12265
f 12266 12260 12264
f 12256 12260 12266
f 12265 12262 12267
f 12262 12263 12268
f 12262 12268 12267
f 12263 12269 12268
f 12270 12271 12269
f 12271 12272 12269
f 12268 12269 12272
f 12273 12268 12272
f 12267 12268 12274
f 12268 12275 12274
f 12267 12274 12276
f 12277 12267 12276
f 12278 12277 12276
f 12279 12274 12275
f 12275 12280 12279
f 12280 12281 12279
f 12279 12282 12274
f 12279 12281 12282
f 12282 12276 12274
f 12281 12283 12282
f 12283 12284 12282
f 12285 12282 12284
f 12282 12285 12276
f 12285 12286 12276
f 12276 12286 12287
f 12287 12278 12276
f 12286 12288 12287
f 12266 12278 12287
f 12289 12287 12288
f 12289 12266 12287
f 12290 12289 12288
f 12291 12289 12290
f 12292 12291 12290
f 12266 12289 12293
f 12293 12256 12266
f 12294 12256 12293
f 12289 12295 12293
f 12295 12294 12293
f 12289 12291 12295
f 12291 12292 12295
f 12294 12295 12296
f 12296 12295 12292
f 12297 12298 12299
f 12297 12299 12300
f 12301 12297 12300
f 12301 12300 12302
f 12303 12302 12300
f 12304 12305 12306
f 12307 12306 12308
f 12308 12306 12305
f 12305 12304 12309
f 12308 12305 12309
f 12304 12310 12309
f 12308 12311 12307
f 12312 12307 12313
f 12311 12313 12307
f 12312 12313 12314
f 12312 12314 12315
f 12315 12314 12316
f 12314 12313 12317
f 12314 12317 12316
f 12313 12311 12318
f 12318 12317 12313
f 12308 12319 12311
f 12309 12319 12308
f 12311 12320 12318
f 12320 12311 12319
f 12309 12321 12319
f 12321 12320 12319
f 12321 12309 12310
f 12318 12322 12317
f 12321 12310 12323
f 12320 12324 12318
f 12324 12322 12318
f 12320 12321 12325
f 12321 12323 12325
f 12310 12326 12323
f 12320 12325 12327
f 12320 12327 12324
f 12328 12325 12323
f 12325 12328 12327
f 12326 12329 12323
f 12323 12329 12328
f 12329 12326 12330
f 12328 12329 12330
f 12331 12330 12326
f 12330 12331 12332
f 12328 12330 12333
f 12328 12333 12327
f 12330 12332 12333
f 12334 12324 12327
f 12334 12327 12333
f 12334 12322 12324
f 12333 12332 12335
f 12335 12332 12336
f 12335 12336 12337
f 12338 12335 12337
f 12335 12338 12333
f 12339 12338 12337
f 12338 12339 12340
f 12341 12333 12338
f 12334 12333 12341
f 12341 12338 12340
f 12334 12341 12322
f 12341 12340 12342
f 12322 12341 12342
f 12343 12342 12340
f 12344 12322 12342
f 12344 12342 12343
f 12317 12322 12344
f 12316 12344 12343
f 12317 12344 12316
f 12345 12346 12347
f 12346 12348 12347
f 12345 12347 12349
f 12350 12345 12349
f 12350 12349 12351
f 12347 12352 12349
f 12347 12353 12352
f 12352 12354 12349
f 12352 12355 12354
f 12356 12357 12358
f 12356 12358 12359
f 12360 12356 12359
f 12358 12361 12359
f 12361 12362 12359
f 12362 12363 12359
f 12362 12364 12363
f 12361 12365 12362
f 12361 12366 12365
f 7500 12367 7499
f 6367 7499 12367
f 7495 7500 7491
f 7495 12367 7500
f 6366 6367 12367
f 7495 12368 12367
f 12368 6366 12367
f 12368 7495 7494
f 6366 12368 3571
f 12368 7494 3571
f 3571 3566 6366
f 3571 7494 7490
f 3571 7490 3569
f 7490 3570 3569
f 7489 3570 7490
f 12369 3570 7489
f 12370 3570 12369
f 12369 7489 12371
f 12372 3570 12370
f 12373 12371 7489
f 12374 12372 12370
f 12375 12373 7489
f 12376 12372 12374
f 12373 12375 12377
f 12378 12376 12374
f 12377 12375 12379
f 12380 12378 12374
f 12381 12377 12379
f 12378 12380 12382
f 12383 12381 12379
f 12381 12383 12384
f 12385 12382 12380
f 12383 12386 12384
f 12380 12387 12385
f 12388 12384 12386
f 12385 12387 12389
f 12388 12386 12390
f 12391 12389 12387
f 12386 12392 12390
f 12393 12389 12391
f 12390 12392 12394
f 12395 12394 12392
f 12396 12393 12391
f 12391 12397 12396
f 12395 12398 12394
f 12396 12397 12399
f 12400 12394 12398
f 12401 12399 12397
f 12400 12398 12402
f 12401 12403 12399
f 12404 12400 12402
f 12403 12405 12399
f 12405 12403 12406
f 12407 12400 12404
f 12403 12408 12406
f 12409 12400 12407
f 12410 12406 12408
f 12407 12411 12409
f 12406 12410 12412
f 12413 12409 12411
f 12414 12412 12410
f 12415 12413 12411
f 12412 12414 12416
f 12413 12415 12417
f 12414 12418 12416
f 12419 12417 12415
f 12420 12416 12418
f 12421 12417 12419
f 12420 12422 12416
f 12419 12423 12421
f 12422 12420 12424
f 12421 12423 12425
f 12426 12425 12423
f 12427 12422 12424
f 12426 12428 12425
f 12429 12427 12424
f 12425 12428 12430
f 12431 12427 12429
f 12432 12431 12429
f 12428 12433 12430
f 12431 12432 12434
f 12433 12428 12435
f 12432 12436 12434
f 12433 12435 12437
f 12438 12434 12436
f 12435 12439 12437
f 12440 12438 12436
f 12441 12438 12440
f 12442 12437 12439
f 12441 12440 12443
f 12444 12437 12442
f 12443 12445 12441
f 12446 12444 12442
f 12447 12441 12445
f 12448 12447 12445
f 12447 12448 12449
f 12448 12450 12449
f 12451 12449 12450
f 12451 12450 12452
f 12451 12452 12453
f 12454 12453 12452
f 12453 12454 12455
f 12456 12455 12454
f 12454 12457 12456
f 12458 12456 12457
f 12457 12459 12458
f 12460 12458 12459
f 12459 12461 12460
f 12461 12462 12460
f 12461 12463 12462
f 12464 12462 12463
f 12465 12464 12463
f 12466 12464 12465
f 12466 12465 12467
f 12466 12467 12468
f 12469 12468 12467
f 12470 12468 12469
f 12469 12471 12470
f 12472 12470 12471
f 12471 12473 12472
f 12474 12472 12473
f 12475 12474 12473
f 12474 12475 12476
f 12477 12476 12475
f 12478 12476 12477
f 12479 12478 12477
f 12480 12478 12479
f 12478 12480 12481
f 12482 12481 12480
f 12483 12481 12482
f 12484 12483 12482
f 12485 12484 12482
f 12485 12486 12484
f 12486 12485 12487
f 12486 12487 12488
f 12489 12488 12487
f 12490 12488 12489
f 12491 12490 12489
f 12490 12491 12492
f 12491 12493 12492
f 12494 12492 12493
f 12495 12494 12493
f 12496 12494 12495
f 12496 12495 12497
f 12496 12497 12498
f 12499 12498 12497
f 12500 12498 12499
f 12501 12500 12499
f 12499 12502 12501
f 12501 12502 12503
f 12502 12504 12503
f 12504 12505 12503
f 12505 12506 12503
f 12505 12507 12506
f 12506 12507 12508
f 12509 12508 12507
f 12507 12510 12509
f 12509 12510 12511
f 12510 12512 12511
f 12513 12511 12512
f 12514 12513 12512
f 12513 12514 12515
f 12516 12515 12514
f 12516 12517 12515
f 12516 12518 12517
f 12517 12518 12519
f 12518 12520 12519
f 12521 12520 12518
f 12520 12521 12522
f 12521 12523 12522
f 12522 12523 12524
f 12524 12523 12525
f 12526 12525 12523
f 12526 12527 12525
f 12528 12527 12526
f 12529 12527 12528
f 12528 12530 12529
f 12531 12529 12530
f 12530 12532 12531
f 12533 12531 12532
f 12532 12534 12533
f 12533 12534 12535
f 12534 12536 12535
f 12536 12537 12535
f 12536 12538 12537
f 12539 12537 12538
f 12540 12539 12538
f 12541 12539 12540
f 12541 12542 12539
f 12543 12542 12541
f 12544 12542 12543
f 12545 12544 12543
f 12546 12544 12545
f 12547 12546 12545
f 12548 12546 12547
f 12549 12548 12547
f 12549 12550 12548
f 12548 12446 12546
f 12550 12444 12548
f 12444 12446 12548
f 12551 12552 12553
f 12551 12554 12552
f 12552 12555 12553
f 12551 12553 12556
f 12553 12555 12557
f 12558 12553 12557
f 12558 12556 12553
f 12557 12555 12559
f 12558 12560 12556
f 12561 12559 12555
f 12559 12561 12562
f 12555 12552 12563
f 12555 12563 12561
f 12564 12563 12552
f 12552 12554 12564
f 12565 12561 12563
f 12564 12565 12563
f 12562 12561 12566
f 12565 12566 12561
f 12567 12562 12566
f 12567 12566 12568
f 12568 12566 12569
f 12566 12570 12569
f 12566 12571 12570
f 12566 12572 12571
f 12564 12573 12565
f 12564 12554 12573
f 12574 12566 12565
f 12574 12565 12573
f 12574 12575 12566
f 12566 12576 12572
f 12566 12575 12576
f 12576 12577 12572
f 12578 12575 12574
f 12574 12573 12578
f 12578 12576 12575
f 12579 12577 12576
f 12578 12573 12580
f 12581 12580 12573
f 12573 12554 12581
f 12580 12582 12578
f 12576 12578 12583
f 12582 12583 12578
f 12584 12582 12580
f 12581 12584 12580
f 12585 12583 12582
f 12576 12586 12579
f 12586 12576 12583
f 12586 12587 12579
f 12579 12587 6150
f 6150 12587 6149
f 6161 6149 12587
f 6161 12587 12586
f 12586 12583 12588
f 12586 12588 6161
f 12585 12588 12583
f 12588 6158 6161
f 12588 12589 6158
f 12585 12589 12588
f 6158 12589 10830
f 10830 12589 10833
f 12590 10833 12589
f 12590 12589 12585
f 12590 10838 10833
f 12585 12591 12590
f 12590 12591 10838
f 12592 12591 12585
f 12585 12582 12592
f 12593 10838 12591
f 12592 12593 12591
f 12593 10837 10838
f 12593 11371 10837
f 12584 12592 12582
f 12594 12593 12592
f 12584 12594 12592
f 12593 12594 11371
f 12595 11371 12594
f 11369 11371 12595
f 12594 12584 12596
f 12594 12597 12595
f 12597 11369 12595
f 12597 12594 12596
f 12581 12596 12584
f 12598 12596 12581
f 12599 12597 12596
f 12598 12599 12596
f 12598 12581 12600
f 12598 12600 12599
f 12581 12554 12600
f 12601 11369 12597
f 12601 12597 12599
f 11369 12601 11366
f 12599 12602 12601
f 12599 12600 12602
f 12601 12602 11366
f 11366 12603 11370
f 11370 12603 12604
f 12605 12604 12603
f 12605 12603 12606
f 11366 12607 12603
f 11366 12602 12607
f 12603 12608 12606
f 12607 12608 12603
f 12606 12608 12609
f 12607 12602 12610
f 12602 12600 12610
f 12611 12608 12607
f 12610 12611 12607
f 12609 12608 12612
f 12611 12612 12608
f 12609 12612 12560
f 12556 12560 12612
f 12613 12556 12612
f 12613 12612 12611
f 12613 12551 12556
f 12610 12614 12611
f 12614 12613 12611
f 12610 12600 12614
f 12613 12615 12551
f 12614 12615 12613
f 12614 12600 12615
f 12615 12554 12551
f 12615 12600 12554
f 12616 12617 12618
f 12618 12617 12619
f 12620 12616 12618
f 12617 12621 12619
f 12616 12620 12622
f 12623 12619 12621
f 12622 12620 12624
f 12625 12623 12621
f 12626 12622 12624
f 12625 12627 12623
f 12628 12626 12624
f 12629 12623 12627
f 12630 12626 12628
f 12631 12629 12627
f 12632 12630 12628
f 12633 12629 12631
f 12630 12632 12634
f 12635 12633 12631
f 12632 12636 12634
f 12633 12635 12637
f 12634 12636 12638
f 12639 12637 12635
f 12638 12636 12640
f 12639 12641 12637
f 12638 12640 12642
f 12641 12643 12637
f 12644 12642 12640
f 12645 12643 12641
f 12645 12642 12644
f 12644 12643 12645
f 12646 12647 12648
f 12649 12647 12646
f 12650 12646 12648
f 12651 12647 12649
f 12648 12652 12650
f 12649 12653 12651
f 12650 12652 12654
f 12655 12651 12653
f 12652 12656 12654
f 12655 12653 12657
f 12654 12656 12658
f 12659 12655 12657
f 12660 12658 12656
f 12659 12657 12661
f 12662 12658 12660
f 12659 12661 12663
f 12662 12660 12664
f 12661 12665 12663
f 12666 12664 12660
f 12667 12663 12665
f 12668 12664 12666
f 12665 12669 12667
f 12670 12668 12666
f 12667 12669 12671
f 12672 12668 12670
f 12669 12673 12671
f 12670 12674 12672
f 12671 12673 12674
f 12672 12674 12675
f 12675 12674 12673
f 12676 12677 12678
f 12679 12676 12678
f 12678 12677 12680
f 12681 12680 12677
f 12682 12681 12677
f 12683 12681 12682
f 12684 12683 12682
f 12684 12682 12685
f 12682 12686 12685
f 12686 12687 12685
f 12688 12687 12686
f 12689 12687 12688
f 12690 12689 12688
f 12691 12690 12688
f 12692 12693 12694
f 12695 12693 12692
f 12696 12694 12693
f 12694 12696 12697
f 12696 12698 12697
f 12697 12698 12699
f 12698 12700 12699
f 12700 12701 12699
f 12701 12702 12699
f 12701 12703 12702
f 12704 12702 12703
f 12705 12702 12704
f 12706 12707 12708
f 12707 12709 12708
f 12710 12708 12709
f 12709 12711 12710
f 12712 12710 12711
f 12706 12708 12713
f 12713 12708 12714
f 12713 12715 12706
f 12716 12706 12715
f 12714 12717 12713
f 12714 12718 12717
f 12719 12717 12718
f 12720 12717 12719
f 12721 12717 12720
f 12721 12722 12717
f 12723 12717 12722
f 12723 12722 12724
f 12722 12725 12724
f 12726 12724 12725
f 12726 12725 12727
f 12726 12727 12728
f 12729 12726 12728
f 12730 12729 12728
f 12731 12729 12730
f 12732 12731 12730
f 9267 12733 9266
f 9267 12734 12733
f 9267 9264 12735
f 12735 12734 9267
f 12735 9264 1538
f 1538 9264 9261
f 12734 12735 12736
f 12735 1538 12736
f 12734 12736 12737
f 12738 12734 12737
f 1538 1531 12736
f 12737 12736 1531
f 1538 9261 1539
f 1539 9261 1541
f 12738 12737 12739
f 12739 12737 1531
f 12739 1531 1528
f 12738 12739 12740
f 12738 12740 12741
f 12740 12739 1522
f 1528 1522 12739
f 12741 12740 12742
f 12743 12741 12742
f 1518 12742 12740
f 1518 12740 1522
f 12743 12742 1507
f 12743 1507 12744
f 1507 12742 1511
f 1518 1511 12742
f 12744 1507 12745
f 12744 12745 12746
f 12747 12744 12746
f 12745 1370 12746
f 12745 1507 1370
f 12747 12746 12748
f 12748 12746 1370
f 12747 12748 12749
f 12749 12750 12747
f 12751 12748 1370
f 12749 12748 12751
f 12749 12752 12750
f 12749 12751 12752
f 12753 12750 12752
f 12753 12752 12754
f 12753 12754 12755
f 12756 12754 12752
f 12754 12757 12755
f 12756 12757 12754
f 12755 12757 12758
f 12759 12755 12758
f 12756 12760 12757
f 12761 12759 12758
f 12759 12761 1744
f 1744 12761 1378
f 12762 1378 12761
f 12763 12761 12758
f 12763 12762 12761
f 12763 12758 12757
f 12764 12763 12757
f 12762 12763 12764
f 12757 12760 12764
f 12764 12765 12762
f 12762 12765 12766
f 12767 12766 12765
f 12764 12768 12765
f 12768 12764 12760
f 12765 12769 12767
f 12768 12769 12765
f 12770 12767 12769
f 12769 12768 12771
f 12770 12769 12771
f 12772 12768 12760
f 12772 12771 12768
f 12773 12770 12771
f 12773 12771 12772
f 12773 12774 12770
f 12770 12774 12775
f 12775 12774 1331
f 12773 12776 12774
f 12776 1331 12774
f 12772 12777 12773
f 12776 12773 12777
f 12772 12778 12777
f 12772 12760 12778
f 12776 12777 1322
f 12777 12778 1322
f 12776 1328 1331
f 12778 12760 12779
f 12756 12779 12760
f 1323 12776 1322
f 12776 1323 1328
f 12779 12756 12780
f 12756 12752 12780
f 12781 12778 12779
f 12781 12779 12780
f 12782 12780 12752
f 12781 12780 12782
f 12751 12782 12752
f 1319 12778 12781
f 1322 12778 1319
f 1317 12781 12782
f 1319 12781 1317
f 1370 12782 12751
f 12782 1320 1317
f 1370 1320 12782
f 12783 6219 6216
f 12783 6216 6221
f 6219 12783 12784
f 6221 6220 12785
f 6221 12785 12783
f 12786 12785 6220
f 12786 6220 6209
f 12787 12783 12785
f 12786 12787 12785
f 12784 12783 12788
f 12787 12788 12783
f 12784 12788 12789
f 12788 12790 12789
f 12787 12786 12791
f 12788 12792 12790
f 12793 12790 12792
f 12787 12792 12788
f 12794 12793 12792
f 12791 12786 12795
f 12786 6209 12795
f 12795 6209 6204
f 12795 12796 12791
f 12787 12791 12797
f 12796 12797 12791
f 12798 12787 12797
f 12798 12792 12787
f 12798 12797 12799
f 12794 12792 12800
f 12794 12800 12801
f 12802 12801 12800
f 12798 12803 12792
f 12799 12803 12798
f 12792 12804 12800
f 12792 12803 12804
f 12802 12800 12805
f 12805 12800 12804
f 12805 8228 12802
f 12797 12806 12799
f 12796 12806 12797
f 12799 12807 12803
f 12808 12804 12803
f 12807 12808 12803
f 8238 12805 12804
f 8238 12804 12808
f 8238 8226 12805
f 12805 8226 8228
f 12807 12799 12809
f 12799 12806 12809
f 12809 6173 12807
f 6171 12809 12806
f 6171 6173 12809
f 12807 6173 12810
f 12807 12810 12808
f 10807 12810 6173
f 10807 8241 12810
f 8239 12808 12810
f 8239 12810 8241
f 8238 12808 8239
f 6171 12806 12811
f 6171 12811 6168
f 6168 12811 6170
f 12811 12806 12812
f 12811 12812 6170
f 12796 12812 12806
f 12812 6185 6170
f 6185 12812 6191
f 12812 12796 12813
f 12812 12813 6191
f 12796 12795 12813
f 12813 12795 6204
f 6186 6191 12814
f 12814 6191 12813
f 12813 6204 12814
f 12814 6198 6186
f 12814 6204 6198
f 12815 12816 12817
f 12816 12818 12817
f 12819 12816 12815
f 12820 12817 12818
f 12815 12821 12819
f 12822 12820 12818
f 12819 12821 12823
f 12824 12820 12822
f 12821 12825 12823
f 12822 12826 12824
f 12823 12825 12827
f 12828 12826 12822
f 12825 12829 12827
f 12830 12826 12828
f 12831 12827 12829
f 12832 12830 12828
f 12833 12831 12829
f 12834 12830 12832
f 12833 12835 12831
f 12836 12834 12832
f 12831 12835 12837
f 12838 12836 12832
f 12839 12837 12835
f 12838 12840 12836
f 12837 12839 12841
f 12840 12838 12842
f 12839 12842 12841
f 12838 12841 12842
f 12843 12844 12845
f 12846 12844 12843
f 12845 12847 12843
f 12848 12846 12843
f 12847 12845 12849
f 12850 12846 12848
f 12845 12851 12849
f 12848 12852 12850
f 12851 12853 12849
f 12853 12850 12852
f 12854 12849 12853
f 12852 12854 12853
f 12855 12856 12857
f 12856 12858 12857
f 12859 12856 12855
f 12860 12859 12855
f 12855 12861 12860
f 12862 12857 12858
f 12863 12862 12858
f 12864 12863 12858
f 12857 12862 12865
f 12857 12865 12866
f 12865 12867 12866
f 12868 12866 12867
f 12869 12868 12867
f 12869 12870 12868
f 12869 12871 12870
f 12870 12871 12872
f 12872 12871 12873
f 12871 12874 12873
f 12873 12874 12875
f 12876 12875 12874
f 12877 12875 12876
f 12878 12879 12880
f 12880 12879 12881
f 12882 12878 12880
f 12883 12881 12879
f 12884 12878 12882
f 12885 12881 12883
f 12882 12886 12884
f 12885 12883 12887
f 12884 12886 12888
f 12883 12889 12887
f 12886 12890 12888
f 12891 12887 12889
f 12888 12890 12892
f 12889 12893 12891
f 12894 12892 12890
f 12891 12893 12895
f 12896 12892 12894
f 12895 12893 12897
f 12898 12896 12894
f 12899 12895 12897
f 12896 12898 12900
f 12897 12901 12899
f 12902 12896 12900
f 12897 12903 12901
f 12904 12902 12900
f 12903 12902 12904
f 12905 12903 12904
f 12901 12903 12905
f 12906 12907 12908
f 12909 12906 12908
f 12906 12909 12910
f 12907 12911 12908
f 12912 12911 12907
f 12911 12912 12913
f 12912 12914 12913
f 12914 12915 12913
f 12916 12917 12918
f 12919 12917 12916
f 12920 12916 12918
f 12919 12921 12917
f 12920 12918 12922
f 12923 12918 12917
f 12924 12918 12923
f 12923 12917 12925
f 12924 12926 12918
f 12922 12918 12926
f 12927 12926 12924
f 12927 12928 12926
f 12929 12922 12926
f 12928 12930 12926
f 12931 12929 12926
f 12931 12926 12930
f 12929 12931 12932
f 12933 12931 12930
f 12934 12932 12931
f 12934 12931 12933
f 12925 12917 12935
f 12935 12917 12921
f 12936 12925 12935
f 12937 12935 12921
f 12937 12938 12935
f 12936 12935 12939
f 12935 12938 12939
f 12940 12936 12939
f 12938 12941 12939
f 12940 12939 12942
f 12943 12939 12941
f 12942 12939 12943
f 12944 12943 12941
f 12945 12942 12943
f 12944 12946 12943
f 12945 12943 12947
f 12948 12943 12946
f 12949 12943 12948
f 12950 12951 12947
f 12949 12952 12943
f 12943 12953 12947
f 12950 12947 12953
f 12954 12943 12952
f 12943 12954 12953
f 12951 12950 12955
f 12952 12956 12954
f 12954 12956 12953
f 12957 12956 12952
f 12952 12958 12957
f 12959 12953 12956
f 12957 12959 12956
f 12953 12960 12950
f 12960 12953 12959
f 12955 12950 12961
f 12962 12955 12961
f 12950 12960 12963
f 12963 12961 12950
f 12962 12961 12964
f 12963 12960 12965
f 12959 12965 12960
f 12961 12963 12966
f 12961 12967 12964
f 12966 12967 12961
f 12968 12963 12965
f 12968 12966 12963
f 12969 12965 12959
f 12969 12968 12965
f 12969 12959 12970
f 12959 12957 12970
f 12968 12969 12971
f 12968 12972 12966
f 12968 12971 12972
f 12973 12969 12970
f 12973 12971 12969
f 12957 12974 12970
f 12975 12973 12970
f 12975 12970 12974
f 12974 12957 12976
f 12957 12958 12976
f 12977 12975 12974
f 12974 12976 12977
f 12958 2037 12976
f 12977 12976 12978
f 12976 2037 12978
f 12979 12975 12977
f 12980 12973 12975
f 12980 12975 12979
f 12977 12978 12981
f 12981 12979 12977
f 2037 2036 12978
f 12982 12979 12981
f 12980 12979 12982
f 12978 12983 12981
f 12983 12978 2036
f 12982 12981 12983
f 12982 12984 12980
f 12982 12983 12985
f 12984 12982 12985
f 12986 12983 12987
f 12986 12985 12983
f 12988 12987 12983
f 12988 12983 12989
f 12990 12985 12986
f 2040 12989 12983
f 12991 12985 12990
f 12991 12984 12985
f 12990 12992 12991
f 2038 2040 12983
f 2038 12983 2036
f 12993 12984 12991
f 1343 12991 12992
f 1344 1343 12992
f 12994 12993 12991
f 1343 12994 12991
f 12995 12984 12993
f 1343 1342 12994
f 12984 12995 12996
f 12984 12996 12980
f 12996 12997 12980
f 12995 12997 12996
f 12997 12973 12980
f 12997 12971 12973
f 12995 12998 12997
f 12997 12998 12971
f 12995 12993 12999
f 12994 12999 12993
f 13000 12998 12995
f 12999 13000 12995
f 1350 12999 12994
f 1350 13000 12999
f 1350 12994 1342
f 13000 13001 12998
f 13002 13001 13000
f 13001 13003 12998
f 13002 13003 13001
f 12998 13003 12971
f 13003 12972 12971
f 13004 12972 13003
f 13004 13003 13002
f 13004 12966 12972
f 13004 13002 12966
f 12967 12966 13002
f 13005 13006 13002
f 12967 13002 13006
f 13005 13007 13006
f 13006 13007 13008
f 13009 12967 13006
f 13010 13006 13008
f 13010 13011 13006
f 13009 13006 13012
f 13006 13011 13012
f 13011 13013 13012
f 13009 13012 13014
f 13012 13013 13015
f 13014 13012 13015
f 13016 13015 13013
f 13017 13014 13015
f 13016 13018 13015
f 13018 13019 13015
f 13017 13015 13019
f 13020 13019 13018
f 13021 13017 13019
f 13021 13019 13022
f 13019 13020 13022
f 13023 13022 13020
f 13021 13022 13024
f 13025 13022 13023
f 13024 13022 13025
f 13025 13023 13026
f 13025 13027 13024
f 13028 13024 13027
f 13029 13025 13026
f 13030 13027 13025
f 13028 13027 13030
f 13025 13029 13030
f 13031 13028 13030
f 13031 13030 13032
f 13032 13030 13029
f 13033 13031 13032
f 13034 13035 13029
f 13029 13035 13032
f 13034 13036 13035
f 13035 13036 13037
f 13035 13037 13032
f 13033 13032 13038
f 13038 13032 13037
f 7605 13033 13038
f 13039 13037 13036
f 13038 13037 13040
f 13040 13037 13041
f 13041 13037 13042
f 13042 13037 13039
f 13040 13043 13038
f 13042 13039 13044
f 7607 13038 13043
f 7607 7605 13038
f 13043 13045 7607
f 13039 13046 13044
f 13047 13044 13046
f 13039 13048 13046
f 13047 13046 13049
f 7612 7607 13045
f 13045 7616 7612
f 13046 13048 1715
f 2001 1715 13048
f 13046 13050 13049
f 1710 13046 1715
f 13050 13046 1710
f 13051 13049 13050
f 13052 13051 13050
f 13052 13050 13053
f 13050 1710 1705
f 13053 13050 13054
f 13053 13054 13055
f 13054 13050 1704
f 13050 1705 1704
f 13056 13055 13054
f 13056 13057 13055
f 13058 13055 13057
f 13056 13054 1405
f 13054 1704 1405
f 13058 13057 13059
f 13056 1402 13057
f 13056 1405 1402
f 13060 13059 13057
f 1402 1398 13057
f 13061 13060 13057
f 13061 13057 1397
f 1398 1397 13057
f 13060 13061 13062
f 13063 13060 13062
f 13061 13064 13062
f 13061 1397 13064
f 13063 13062 13065
f 13065 13062 13064
f 13063 13065 13066
f 13066 13065 13067
f 13066 13067 13068
f 13068 13067 13069
f 13070 13068 13069
f 13071 13067 13065
f 13070 13069 1348
f 1348 13069 13072
f 13069 13067 13073
f 13073 13067 13071
f 13069 13074 13072
f 13074 13069 13073
f 1348 13072 1335
f 13074 1335 13072
f 13071 13065 13075
f 13064 13075 13065
f 13071 13075 13076
f 13064 13077 13075
f 13075 13077 13076
f 1397 13077 13064
f 1397 1387 13077
f 13073 13071 13078
f 13078 13071 13076
f 13073 13078 13079
f 13074 13073 13079
f 13080 13076 13077
f 1387 13080 13077
f 13074 13079 1332
f 13074 1332 1335
f 1331 1332 13079
f 12775 13079 13078
f 1331 13079 12775
f 12775 13078 13081
f 13076 13081 13078
f 13080 13082 13076
f 13076 13082 13081
f 13083 13082 13080
f 12775 13081 12770
f 13082 13084 13081
f 13084 12770 13081
f 13084 13082 13085
f 13083 13085 13082
f 13080 1386 13083
f 13080 1387 1386
f 13086 13085 13083
f 13084 13085 13086
f 12767 13084 13086
f 12767 12770 13084
f 12767 13086 12766
f 13086 13087 12766
f 13086 13083 13088
f 1386 13088 13083
f 13086 13088 13089
f 13086 13089 13087
f 1386 1382 13088
f 1380 13089 13088
f 1380 13088 1382
f 13087 13089 13090
f 1380 13090 13089
f 13091 13087 13090
f 1380 1375 13090
f 13091 13090 1375
f 13092 13087 13091
f 13092 12766 13087
f 13092 13091 13093
f 12766 13092 12762
f 12762 13092 13093
f 1374 13093 13091
f 1374 13091 1375
f 1378 13093 1374
f 1378 12762 13093
f 13094 13095 13096
f 13097 13094 13096
f 13094 13097 13098
f 13095 13099 13096
f 13100 13099 13095
f 13099 13100 13101
f 13100 13102 13101
f 13102 13103 13101
f 13104 11246 13105
f 11246 11247 13105
f 13106 13104 13107
f 13104 13105 13107
f 13106 13108 13109
f 13108 13106 13107
f 8021 13109 13108
f 8027 13109 8021
f 8021 13108 8018
f 13110 8018 13108
f 13108 13111 13110
f 13111 13108 13107
f 13110 8012 8018
f 13111 13107 13112
f 13112 13107 13105
f 13110 13111 8012
f 8012 13111 8010
f 13112 8010 13111
f 13112 13105 13113
f 11247 13113 13105
f 13112 13114 8010
f 13115 13113 11247
f 7982 13115 11247
f 13112 13113 13116
f 13112 13116 13114
f 13115 13117 13113
f 13117 13116 13113
f 13114 8007 8010
f 8007 13114 13116
f 13116 13117 8005
f 8007 13116 8005
f 13118 13117 13115
f 13119 8005 13117
f 13118 13119 13117
f 7989 8005 13119
f 7981 13118 13115
f 7982 7981 13115
f 13118 7987 13119
f 7989 13119 7987
f 13118 7981 7985
f 13118 7985 7987
f 13120 13121 13122
f 13122 13123 13120
f 13124 13125 13126
f 13126 13127 13124
f 1827 13128 1826
f 1830 13128 1827
f 1823 1826 13129
f 13128 13129 1826
f 13130 13128 1830
f 1823 13129 13131
f 13132 13129 13128
f 13132 13131 13129
f 13132 13128 13133
f 13128 13130 13133
f 13134 1830 1828
f 13130 1830 13134
f 13135 13134 1828
f 13135 1828 1829
f 13134 13136 13130
f 13132 13133 13137
f 13134 13135 13138
f 13138 13136 13134
f 13139 13138 13135
f 13140 13130 13136
f 13140 13136 13141
f 13142 13141 13136
f 13138 13142 13136
f 13140 13143 13130
f 13130 13143 13133
f 13144 13143 13140
f 13145 13133 13143
f 13146 13143 13144
f 13146 13145 13143
f 13144 13147 13146
f 13148 13146 13147
f 13149 13142 13138
f 13139 13149 13138
f 13145 13137 13133
f 13137 13145 13150
f 13145 13146 13151
f 13148 13152 13146
f 13148 13153 13152
f 13154 13152 13153
f 13145 13155 13150
f 13145 13151 13155
f 13150 13155 13156
f 13137 13150 13156
f 13157 13152 13154
f 13154 13158 13157
f 13157 13159 13152
f 13146 13152 13160
f 13160 13151 13146
f 13159 13160 13152
f 13158 13161 13157
f 1682 13161 13158
f 13162 13157 13161
f 13162 13159 13157
f 1680 13161 1682
f 13160 13163 13151
f 13159 13164 13160
f 13163 13160 13164
f 13163 13165 13151
f 13155 13151 13165
f 13155 13165 13166
f 13167 13165 13163
f 13166 13165 13167
f 13168 13163 13164
f 13167 13163 13168
f 13164 13159 13169
f 13164 13169 13168
f 13170 13169 13159
f 13170 13159 13162
f 13170 13171 13169
f 13168 13169 13171
f 13170 13162 13172
f 13170 13172 13173
f 13170 13173 13171
f 13162 13174 13172
f 13173 13172 13174
f 13162 13175 13174
f 13162 13161 13175
f 1680 13175 13161
f 13174 13175 13176
f 1679 13175 1680
f 1679 13176 13175
f 13174 13176 13177
f 13177 13173 13174
f 13177 13176 13178
f 13177 13179 13173
f 13180 13176 1679
f 13180 13178 13176
f 13181 13177 13178
f 13177 13181 13179
f 13180 13182 13178
f 1652 13180 1679
f 13182 13180 1652
f 13183 13181 13178
f 13183 13178 13182
f 13183 13184 13181
f 13182 1652 1583
f 13182 13185 13183
f 1679 1654 1652
f 1581 13185 13182
f 1581 13182 1583
f 13186 13183 13185
f 13183 13186 13184
f 1581 1577 13185
f 13186 13185 13187
f 13185 1577 13187
f 13186 13188 13184
f 13186 13187 13188
f 13188 13187 13189
f 13189 13190 13188
f 13189 13187 13191
f 13190 13192 13188
f 13188 13192 13184
f 13193 13192 13190
f 13187 1576 13191
f 13187 1577 1576
f 13191 1576 1569
f 13191 1569 13194
f 1568 13194 1569
f 13195 13192 13193
f 13196 13195 13193
f 13196 13197 13195
f 13195 13184 13192
f 13184 13179 13181
f 13197 13198 13195
f 13199 13198 13197
f 13184 13195 13200
f 13184 13200 13179
f 13198 13200 13195
f 13199 13201 13198
f 13201 13202 13198
f 13198 13203 13200
f 13202 13203 13198
f 13200 13204 13179
f 13204 13200 13203
f 13202 13205 13203
f 13179 13204 13206
f 13179 13206 13173
f 13173 13206 13171
f 13171 13206 13207
f 13204 13207 13206
f 13171 13207 13168
f 13208 13204 13203
f 13208 13203 13205
f 13204 13209 13207
f 13204 13208 13209
f 13168 13207 13209
f 13168 13209 13210
f 13208 13210 13209
f 13210 13167 13168
f 13208 13205 13211
f 13208 13211 13210
f 13212 13167 13210
f 13211 13212 13210
f 13212 13166 13167
f 13211 13213 13212
f 13166 13212 13213
f 13211 13205 13214
f 13211 13215 13213
f 13211 13214 13215
f 13216 13214 13205
f 13216 13205 13202
f 13202 13217 13216
f 13218 13216 13217
f 13218 13219 13216
f 13216 13219 13214
f 13219 13220 13214
f 13220 13215 13214
f 13221 13220 13219
f 13221 13222 13220
f 13222 13223 13220
f 13224 13223 13222
f 13220 13223 13225
f 13226 13225 13223
f 13227 13215 13220
f 13220 13225 13227
f 13228 13225 13226
f 13215 13227 13229
f 13215 13229 13213
f 13166 13213 13229
f 13156 13166 13229
f 13166 13156 13155
f 13227 13230 13229
f 13156 13229 13230
f 13230 13231 13156
f 13137 13156 13231
f 13132 13137 13231
f 13132 13231 13131
f 13232 13231 13230
f 13227 13232 13230
f 13232 13233 13231
f 13233 13131 13231
f 13232 13227 13234
f 13232 13234 13233
f 13227 13225 13234
f 13235 13234 13225
f 13234 13236 13233
f 13233 13236 13131
f 13234 13235 13236
f 13228 13235 13225
f 13236 13237 13131
f 13235 13238 13236
f 13237 13236 13238
f 13237 1455 13131
f 13131 1455 1823
f 1808 1823 1455
f 13237 1439 1455
f 13239 1439 13237
f 13237 13238 13239
f 1437 1439 13239
f 1437 13239 1445
f 13238 13240 13239
f 13240 1445 13239
f 13238 13235 13240
f 1472 1445 13240
f 1488 1472 13240
f 13235 1488 13240
f 13228 1488 13235
f 13228 13241 1488
f 1487 1488 13241
f 13241 13228 13242
f 13228 13243 13242
f 13243 13244 13242
f 13245 13241 13242
f 1487 13241 13245
f 13246 13242 13244
f 13246 13245 13242
f 1487 13245 13247
f 1487 13247 1486
f 13248 13247 13245
f 13246 13248 13245
f 13247 13249 1486
f 13249 13247 13248
f 13249 1485 1486
f 13250 13246 13244
f 13249 13251 1485
f 13251 1499 1485
f 13249 13248 13252
f 13252 13251 13249
f 13246 7458 13248
f 13252 13248 7458
f 13250 13253 13246
f 13246 13253 7458
f 13253 13250 13254
f 13254 13250 13255
f 13255 13250 13256
f 13253 7457 7458
f 7461 13251 13252
f 7461 13252 7458
f 13250 13257 13256
f 7461 7463 13251
f 1499 13251 7463
f 13250 13258 13257
f 7465 1499 7463
f 1499 7465 1497
f 13257 13259 13256
f 13256 13259 13260
f 13261 13260 13259
f 13262 13261 13259
f 13261 13262 13263
f 13257 13264 13259
f 13262 13259 13264
f 13258 12933 13257
f 13264 13257 12933
f 12934 12933 13258
f 13262 13149 13263
f 13265 13263 13149
f 13149 13262 13142
f 13142 13262 13266
f 13262 13264 13266
f 13266 13264 13267
f 13268 13267 13264
f 13269 13265 13149
f 13149 13139 13269
f 13265 13269 13270
f 13135 13269 13139
f 13268 13264 12930
f 12930 13264 12933
f 13268 12930 12928
f 13270 13269 13271
f 13135 13272 13269
f 13269 13272 13271
f 13135 1829 13272
f 13273 13270 13271
f 13272 1829 1822
f 13273 13271 13274
f 13275 13273 13274
f 13272 13276 13271
f 13272 1822 13276
f 13271 13276 13274
f 13275 13274 13277
f 13276 13277 13274
f 13278 13275 13277
f 13276 1822 13279
f 13279 13277 13276
f 13277 13280 13278
f 13279 13280 13277
f 13278 13280 13281
f 13282 13279 1822
f 13282 1822 1816
f 1813 13282 1816
f 13279 13282 13283
f 13279 13283 13280
f 13282 1813 13284
f 13282 13284 13283
f 13284 1813 1814
f 13281 13280 13285
f 13280 13283 13285
f 13281 13285 13286
f 13286 13285 13287
f 13284 13288 13283
f 13285 13283 13288
f 13284 13289 13288
f 13289 13284 1814
f 13287 13285 13290
f 13290 13285 13288
f 13291 13287 13290
f 13289 13292 13288
f 13292 13290 13288
f 13291 13290 13293
f 13290 13292 13293
f 13294 13291 13293
f 13295 13292 13289
f 13295 13289 1814
f 13296 13293 13292
f 13296 13292 13295
f 13297 13294 13293
f 13297 13293 13298
f 13295 1814 13299
f 1812 13299 1814
f 13295 13300 13296
f 13295 13299 13300
f 13301 13298 13293
f 13302 13293 13296
f 13302 13296 13300
f 13302 13303 13293
f 13301 13293 13303
f 13304 13305 13301
f 13304 13301 13306
f 13304 13306 13305
f 13307 13301 13303
f 13306 13301 13307
f 13303 13302 13308
f 13307 13303 13308
f 13307 13309 13306
f 13307 13308 13309
f 13305 13306 13310
f 13311 13305 13310
f 13306 13309 13312
f 13306 13312 13310
f 13312 13309 13313
f 13309 13308 13313
f 13313 13314 13312
f 13312 13314 13310
f 13311 13310 13315
f 13310 13316 13315
f 13311 13315 13317
f 13315 13316 13317
f 13316 13310 13318
f 13310 13314 13318
f 13316 13318 13317
f 13311 13317 13319
f 13319 13317 13320
f 13319 13320 13321
f 149 13320 13317
f 13317 13318 13322
f 149 13317 13322
f 13321 13320 154
f 13321 154 13323
f 150 13320 149
f 154 13320 150
f 13324 149 13322
f 13325 13322 13318
f 13325 13324 13322
f 13325 13318 13326
f 13314 13326 13318
f 13325 13326 13327
f 13325 13327 13324
f 13314 13328 13326
f 13313 13328 13314
f 149 13324 148
f 13313 13329 13328
f 13329 13313 13308
f 13330 13326 13328
f 13326 13330 13327
f 13329 13331 13328
f 13330 13328 13331
f 13332 13329 13308
f 13332 13331 13329
f 13332 13308 13333
f 13333 13308 13302
f 13333 13302 13300
f 13300 13334 13333
f 13300 13299 13334
f 13332 13333 13335
f 13333 13334 13335
f 13331 13332 13336
f 13336 13332 13335
f 13335 13334 13337
f 13336 13335 13337
f 13334 13299 13338
f 13334 13338 13337
f 13299 1812 13338
f 1812 1802 13338
f 13338 1802 13339
f 13337 13338 13339
f 1802 1798 13339
f 13336 13337 13340
f 13337 13339 13340
f 13339 1798 13341
f 13341 13340 13339
f 13341 1798 1795
f 13342 13336 13340
f 13342 13331 13336
f 13343 13340 13341
f 1795 13344 13341
f 13341 13344 13343
f 1795 1796 13344
f 13342 13345 13331
f 13331 13345 13330
f 13342 13340 13346
f 13342 13346 13345
f 13343 13346 13340
f 13347 13330 13345
f 13327 13330 13347
f 13348 13345 13346
f 13348 13347 13345
f 13349 13346 13343
f 13348 13346 13349
f 18 13347 13348
f 13348 13349 18
f 13347 19 13327
f 18 19 13347
f 26 13327 19
f 13324 13327 26
f 13324 26 27
f 13324 27 148
f 21 26 19
f 18 13349 13350
f 13351 13350 13349
f 13343 13351 13349
f 10 18 13350
f 13343 13352 13351
f 13352 13343 13344
f 13352 13344 1796
f 13351 13353 13350
f 10 13350 13353
f 13352 13354 13351
f 13353 13351 13354
f 13352 1796 13354
f 13353 13354 13355
f 1796 13355 13354
f 13353 13355 6
f 10 13353 6
f 13356 13355 1796
f 13356 6 13355
f 13357 1796 1794
f 1796 13358 13356
f 13357 13358 1796
f 6 13356 13359
f 13358 13359 13356
f 13357 1794 13360
f 13357 13361 13358
f 13361 13357 13360
f 13362 13358 13361
f 13362 13359 13358
f 13360 1794 247
f 13361 13360 234
f 13362 13361 234
f 13360 247 239
f 13362 2 13359
f 13360 235 234
f 13360 239 235
f 234 8 13362
f 13359 2 1
f 1 6 13359
f 4 2 13362
f 13362 8 4
f 13363 13364 13365
f 13363 13366 13364
f 13363 13365 13367
f 13365 13364 13368
f 13368 13367 13365
f 13369 13363 13367
f 13368 13364 13370
f 13368 13371 13367
f 13366 13372 13364
f 13372 13370 13364
f 13366 13373 13372
f 13372 13374 13370
f 13371 13375 13367
f 13375 13369 13367
f 13376 13369 13375
f 13371 13377 13375
f 13378 13376 13375
f 13377 13378 13375
f 13374 13372 13379
f 13373 13379 13372
f 13373 13380 13379
f 13374 13379 13381
f 13379 13380 13381
f 13377 13382 13378
f 13383 13378 13382
f 13384 13382 13377
f 13385 13383 13382
f 13384 13386 13382
f 13386 13385 13382
f 13384 13387 13386
f 13387 13385 13386
f 13388 13385 13387
f 13388 13389 13385
f 13389 13388 13390
f 13388 13391 13390
f 13388 13392 13391
f 13393 13389 13390
f 13394 13389 13393
f 13395 13394 13393
f 13396 13395 13393
f 13396 13393 13397
f 13393 13390 13391
f 13397 13393 13398
f 13398 13393 13391
f 13398 13391 13399
f 13398 13399 13400
f 13392 13401 13391
f 13400 13399 13402
f 13391 13403 13399
f 13402 13399 13403
f 13391 13401 13404
f 13391 13404 13403
f 13402 13403 13405
f 13402 13405 13400
f 13403 13404 13405
f 13400 13405 13406
f 13400 13406 13407
f 13405 13404 13408
f 13406 13405 13408
f 13407 13406 13409
f 13406 13408 13409
f 13407 13409 633
f 13409 770 633
f 13408 13410 13409
f 13408 13404 13410
f 13409 13410 770
f 13404 13411 13410
f 13411 13404 13401
f 770 13410 13412
f 13411 13412 13410
f 3555 13413 3533
f 3534 3533 13413
f 13414 13413 3555
f 3534 13413 13415
f 13414 13415 13413
f 13415 3535 3534
f 13416 3555 3556
f 3555 13416 13414
f 13416 3556 13417
f 11473 13417 3556
f 3556 3551 11473
f 13418 13416 13417
f 13416 13419 13414
f 13416 13418 13419
f 13420 13418 13417
f 11473 13420 13417
f 11465 13419 13418
f 13420 11465 13418
f 13419 13421 13414
f 13420 11473 11468
f 11465 13422 13419
f 13422 13421 13419
f 11465 13420 11466
f 13420 11468 11466
f 11465 11462 13422
f 13421 13423 13414
f 13415 13414 13423
f 13424 13415 13423
f 13425 13423 13421
f 13425 13424 13423
f 13426 13421 13422
f 13421 13426 13425
f 13426 13422 11451
f 11451 13422 11462
f 13425 13426 13427
f 13425 13427 13424
f 13424 3535 13415
f 13428 13427 13426
f 13428 13426 11451
f 13424 13427 11446
f 13428 11446 13427
f 13424 11445 3535
f 11446 11445 13424
f 13428 11447 11446
f 13428 11451 11447
f 13429 13430 8550
f 13430 8552 8550
f 8552 13430 5199
f 8550 8548 13429
f 13430 5194 5199
f 13430 13431 5194
f 13431 13430 13429
f 13431 13432 5194
f 5191 5194 13432
f 13433 13431 13429
f 13433 13432 13431
f 13434 13429 8548
f 13434 13433 13429
f 8549 13434 8548
f 13433 13435 13432
f 5191 13432 8765
f 13432 13435 8765
f 13433 13436 13435
f 13433 13434 13436
f 13434 8549 13437
f 13436 13434 13437
f 9392 13435 13436
f 9392 8765 13435
f 9392 9394 8765
f 13438 9392 13436
f 13438 13436 13437
f 9392 13438 9393
f 9394 8766 8765
f 13438 13439 9393
f 13438 13437 13439
f 13439 9395 9393
f 9400 9395 13439
f 13440 9400 13439
f 13439 13437 13440
f 13440 9465 9400
f 13440 13437 13441
f 13437 8549 13441
f 9465 13440 13442
f 13440 13441 13442
f 9465 13442 9466
f 8549 8539 13441
f 13442 13443 9466
f 13442 13441 13443
f 13443 9469 9466
f 13441 8539 13444
f 13441 13444 13443
f 13444 8539 8530
f 13444 8530 8536
f 8536 13445 13444
f 13445 13443 13444
f 13446 13445 8536
f 13447 9469 13443
f 13447 13443 13445
f 13446 13447 13445
f 13447 9500 9469
f 13446 9504 13447
f 9504 9500 13447
f 5689 4816 8125
f 13448 4816 5689
f 8125 4816 4812
f 13449 8125 4812
f 13449 4812 4749
f 3013 8125 13449
f 13449 3014 3013
f 4749 3014 13449
f 4749 4747 3014
f 3014 4747 13450
f 4747 4743 13450
f 3014 13450 3009
f 4743 13451 13450
f 13450 13451 3009
f 6333 13451 4743
f 3009 13451 13452
f 6333 13453 13451
f 13452 13451 13453
f 6333 4863 13453
f 3006 13452 13453
f 4858 13453 4863
f 3006 13453 4858
f 13454 13455 13456
f 13457 13455 13454
f 13454 13456 13458
f 13457 13454 13459
f 13454 13458 13459
f 13460 13457 13459
f 13459 13458 13461
f 13461 13458 13462
f 925 13462 13458
f 13459 13461 13463
f 13461 13462 13464
f 13463 13461 13464
f 13465 13462 925
f 13464 13462 13465
f 925 729 13465
f 13464 13465 728
f 13465 729 728
f 13463 13464 13466
f 13467 13466 13464
f 13464 728 13467
f 13463 13466 13468
f 13468 13466 13467
f 723 13467 728
f 13468 13467 718
f 723 718 13467
f 13469 13463 13468
f 13468 718 716
f 13469 13468 716
f 13463 13469 13470
f 13463 13470 13459
f 716 713 13469
f 13471 13459 13470
f 13460 13459 13471
f 13470 13469 13472
f 13470 13472 13471
f 13469 713 13472
f 13460 13471 13473
f 13473 13471 13472
f 606 13460 13473
f 13472 712 13473
f 712 606 13473
f 712 13472 713
f 13474 13475 13476
f 13474 9835 13475
f 13476 13475 13477
f 13478 13477 13475
f 13478 13475 9835
f 9826 13477 13478
f 9824 13477 9826
f 13478 9827 9826
f 9824 13476 13477
f 9827 13478 9835
f 13474 11253 9835
f 9837 9835 11253
f 11253 13474 10791
f 13474 13476 13479
f 13474 13479 10791
f 13479 13476 13480
f 13481 13480 13476
f 13480 10783 13479
f 13480 13481 10774
f 13480 10774 10783
f 13481 10771 10774
f 13481 13476 13482
f 13481 13482 10771
f 13482 13476 13483
f 10783 10788 13479
f 10788 10791 13479
f 9824 13483 13476
f 10783 10784 10788
f 13482 13484 10771
f 13482 13483 10744
f 13484 13482 10746
f 13482 10744 10746
f 10748 10771 13484
f 13484 10746 10748
f 13483 9822 10744
f 13483 9824 9822
f 13485 11301 11287
f 13486 8036 11301
f 13485 13486 11301
f 8027 8036 13486
f 13487 13485 11287
f 13487 11287 11283
f 13486 13485 13487
f 13487 11283 11280
f 13487 13488 13486
f 13109 13486 13488
f 8027 13486 13109
f 13487 11280 13489
f 13487 13489 13488
f 13490 13489 11280
f 11274 13490 11280
f 11274 11257 13490
f 11258 13490 11257
f 13489 13490 13491
f 11258 13491 13490
f 13492 13488 13489
f 13492 13489 13491
f 11258 13493 13491
f 11258 11245 13493
f 13492 13491 13494
f 13491 13493 13494
f 13493 11245 13104
f 13494 13493 13104
f 11245 11246 13104
f 13494 13109 13492
f 13492 13109 13488
f 13106 13494 13104
f 13106 13109 13494
f 13495 8127 8169
f 13496 13495 8169
f 13495 13496 4822
f 4822 13496 8166
f 5689 8127 13495
f 13497 4822 8166
f 13497 4826 4822
f 4830 4826 13497
f 13498 13497 8166
f 13497 13498 4830
f 13498 8166 8161
f 4830 13498 13499
f 4838 4830 13499
f 13498 8159 13499
f 13498 8161 8159
f 13500 4838 13499
f 4838 13500 4840
f 8159 8156 13499
f 13500 13499 8156
f 13500 8158 4840
f 13500 8156 8158
f 4840 8158 13501
f 4840 13501 4839
f 13502 4839 13501
f 13502 4843 4839
f 13501 8158 5626
f 13501 13503 13502
f 5626 13503 13501
f 13504 13502 13503
f 13504 4843 13502
f 5626 13505 13503
f 13506 13503 13505
f 13504 13503 13506
f 13507 13506 13505
f 13508 13504 13506
f 13506 13507 13509
f 13508 13510 13504
f 13510 4843 13504
f 13508 13506 13511
f 13511 13506 13509
f 13508 13511 13510
f 13512 13509 13507
f 13511 13509 13513
f 13509 13512 13513
f 13514 13511 13513
f 13515 13510 13511
f 13514 13515 13511
f 5596 13513 13512
f 5596 13514 13513
f 5596 13512 5597
f 13514 13516 13515
f 13515 13517 13510
f 13517 13515 13516
f 13518 13510 13517
f 4843 13510 13518
f 13512 5609 5597
f 4843 13518 13519
f 13519 4841 4843
f 13519 4842 4841
f 13519 13518 13520
f 13521 4842 13519
f 13521 13519 13520
f 13522 13518 13517
f 13520 13518 13522
f 13523 13522 13517
f 13523 13517 13516
f 13524 13520 13522
f 13522 13523 13525
f 13524 13522 13526
f 13526 13522 13525
f 13527 13523 13516
f 13523 13527 13525
f 13527 13516 13528
f 13514 13528 13516
f 13527 13529 13525
f 13514 5592 13528
f 5583 13527 13528
f 13527 5583 13529
f 5583 13528 5592
f 13514 5596 5592
f 5583 5582 13529
f 5582 13525 13529
f 13530 13526 13525
f 13530 13525 5582
f 13531 13526 13530
f 13524 13526 13531
f 5582 11806 13530
f 11806 13531 13530
f 13531 13532 13524
f 13520 13524 13532
f 13532 13533 13520
f 13521 13520 13533
f 13534 13532 13531
f 13532 13534 13533
f 13534 13531 11804
f 11806 11804 13531
f 13535 13533 13534
f 13535 13521 13533
f 13534 11804 9239
f 13535 13534 9239
f 13535 13536 13521
f 13536 13537 13521
f 13537 4842 13521
f 13535 13538 13536
f 13538 13535 9239
f 13539 13537 13536
f 13538 13539 13536
f 13540 4842 13537
f 13540 13537 13539
f 13540 4844 4842
f 4846 4844 13540
f 4846 13540 13539
f 13538 4846 13539
f 9238 4846 13538
f 9238 13538 9239
f 13541 13542 13543
f 13544 13542 13541
f 13545 13546 13547
f 13545 13547 852
f 13545 852 839
f 831 13545 839
f 13545 831 13546
f 830 13546 831
f 13547 13546 13548
f 13549 13546 830
f 13549 830 829
f 13548 13546 13550
f 829 824 13549
f 13548 13550 13551
f 13550 13546 13552
f 13549 13552 13546
f 13550 13552 13553
f 13553 13552 13549
f 824 13554 13549
f 13555 13550 13553
f 13555 13551 13550
f 13556 13553 13549
f 13554 13556 13549
f 13554 824 13557
f 13554 13557 13556
f 13557 824 805
f 13557 805 13558
f 13556 13557 13558
f 805 803 13558
f 13559 13553 13556
f 13559 13556 13558
f 13558 803 802
f 13559 13558 802
f 13559 13560 13553
f 13560 13559 802
f 13560 13555 13553
f 13560 802 13561
f 802 797 13561
f 13560 13551 13555
f 13561 13551 13560
f 793 13561 797
f 13562 13551 13561
f 13561 793 13562
f 13562 13563 13551
f 793 13564 13562
f 13564 793 792
f 13564 792 791
f 13564 13565 13562
f 13565 13563 13562
f 791 13565 13564
f 13551 13563 13566
f 13565 13566 13563
f 13551 13566 13567
f 13568 13565 791
f 13568 13566 13565
f 13569 13568 791
f 13569 791 778
f 775 13569 778
f 775 13570 13569
f 13570 13568 13569
f 775 772 13570
f 13570 772 776
f 13571 13570 776
f 13571 13568 13570
f 773 13571 776
f 13572 13566 13568
f 13572 13568 13571
f 13571 773 13572
f 13572 770 13566
f 13572 773 642
f 13572 642 770
f 13573 13574 13575
f 13575 13576 13573
f 13577 13578 13579
f 13579 13580 13577
f 13581 13582 13583
f 13582 13584 13583
f 13585 13586 13587
f 13587 13586 13588
f 13587 13589 13585
f 13586 13590 13588
f 13591 13585 13589
f 13592 13588 13590
f 13592 13590 13593
f 13593 13594 13592
f 13594 13593 13595
f 13594 13595 13596
f 13596 13597 13594
f 13597 13596 13598
f 13599 13597 13598
f 13600 13599 13598
f 13601 13599 13600
f 13602 13601 13600
f 13601 13602 13603
f 13602 13604 13603
f 13603 13604 13605
f 13605 13606 13603
f 13606 13605 13607
f 13607 13608 13606
f 13605 13609 13607
f 13610 13608 13607
f 13607 13609 13610
f 13610 13609 13611
f 13611 13612 13610
f 13613 13612 13611
f 13611 13614 13613
f 13615 13613 13614
f 13616 13615 13614
f 13617 13615 13616
f 13618 13617 13616
f 13619 13620 13621
f 13621 13620 13622
f 13621 13623 13619
f 13624 13619 13623
f 13625 13624 13623
f 13626 13624 13625
f 13627 13626 13625
f 13628 13626 13627
f 13622 13629 13621
f 13630 13629 13622
f 13622 13631 13630
f 13632 13629 13630
f 13630 13631 13591
f 13591 13632 13630
f 13589 13632 13591
f 13633 13634 13635
f 13636 13637 3295
f 13638 13636 3295
f 13639 13638 3295
f 13640 13639 3295
f 13641 13640 3295
f 13642 13641 3295
f 13643 13642 3295
f 13460 13643 3295
f 3295 3302 13644
f 13460 3295 13645
f 13645 3295 13644
f 13646 13644 3302
f 13646 3302 13647
f 903 13647 3302
f 905 13646 13647
f 903 905 13647
f 13646 13648 13644
f 13645 13644 13649
f 13649 13644 13648
f 13646 13650 13648
f 905 13650 13646
f 13649 13648 13651
f 13651 13648 13650
f 13457 13645 13649
f 13651 13457 13649
f 13460 13645 13457
f 13651 13650 13652
f 13653 13650 905
f 13653 13652 13650
f 13651 13652 13654
f 906 13653 905
f 13651 13654 13655
f 13457 13651 13655
f 921 13652 13653
f 921 13653 906
f 13654 13652 13656
f 13652 921 13656
f 13654 13656 13657
f 13655 13654 13657
f 13457 13655 13455
f 13657 13656 13658
f 921 922 13656
f 922 13658 13656
f 13658 925 13657
f 922 925 13658
f 13655 13657 13456
f 13455 13655 13456
f 13456 13657 13458
f 925 13458 13657
f 13659 13660 13661
f 13661 13660 13662
f 13663 13661 13662
f 13660 13659 13664
f 13665 13663 13662
f 13666 13663 13665
f 13667 13662 13660
f 13666 13665 13668
f 13666 13668 13669
f 13665 13662 13670
f 13667 13670 13662
f 13671 13668 13665
f 13665 13670 13671
f 13668 13672 13669
f 13669 13672 13673
f 13674 13672 13668
f 13671 13674 13668
f 13672 13675 13673
f 13674 13675 13672
f 13673 13675 11906
f 13673 11906 11909
f 13675 13674 11907
f 13675 11907 11906
f 13676 13674 13671
f 13674 13676 11907
f 13677 13671 13670
f 13667 13677 13670
f 13678 13676 13671
f 13678 13671 13677
f 13678 13679 13676
f 13679 11907 13676
f 13678 13677 13680
f 13681 13679 13678
f 13680 13681 13678
f 13681 2024 13679
f 13680 2024 13681
f 2024 2067 13679
f 2022 2024 13680
f 13679 2067 13682
f 13679 13682 11907
f 11904 13682 2067
f 11904 11907 13682
f 13683 13684 13685
f 13685 13686 13683
f 13687 13688 13689
f 13690 13688 13687
f 13691 13692 13693
f 13692 13691 13694
f 13694 13695 13692
f 13692 13696 13693
f 13693 13696 13697
f 13697 13696 13698
f 13695 13699 13692
f 13700 13699 13695
f 13700 13701 13699
f 13698 13696 13702
f 13703 13698 13702
f 13703 13702 13701
f 13701 13702 13699
f 13704 13702 13696
f 13704 13705 13702
f 13702 13705 13706
f 13706 13707 13702
f 13708 13699 13702
f 13708 13709 13699
f 13710 13696 13711
f 13712 13699 13709
f 13712 13713 13699
f 13714 13699 13713
f 13714 13715 13699
f 13699 3016 13692
f 13716 13696 13692
f 13717 13692 3016
f 13716 13692 13717
f 13718 13696 13716
f 13711 13696 13718
f 13719 13711 13718
f 13718 13720 13719
f 13721 13719 13720
f 13718 13716 13722
f 13722 13716 13717
f 3042 13718 13722
f 13722 13717 3037
f 3042 13722 3037
f 13723 3037 13717
f 13723 13717 3018
f 3016 3018 13717
f 13724 13725 13726
f 13727 13726 13725
f 13728 13724 13726
f 13729 13727 13725
f 13724 13728 13730
f 13729 13731 13727
f 13732 13730 13728
f 13731 13733 13727
f 13728 13734 13732
f 13735 13733 13731
f 13732 13734 13735
f 13731 13732 13735
f 13736 13737 13738
f 13739 13738 13737
f 13740 13741 13742
f 13743 13740 13742
f 13744 13745 13746
f 13745 13747 13746
f 13748 13747 13745
f 13749 13750 13751
f 13750 13752 13751
f 13753 13754 13755
f 13755 13754 13756
f 13757 13758 13759
f 13760 13759 13758
f 13761 13757 13759
f 13762 13763 13764
f 13762 13765 13763
f 13766 13763 13767
f 13768 13769 13770
f 13769 13764 13770
f 13764 13771 13770
f 13771 13764 13772
f 13773 13763 13766
f 13766 13774 13773
f 13775 13776 13777
f 13776 13773 13777
f 13778 13764 13763
f 13763 13779 13778
f 13764 13778 13780
f 13779 13763 13781
f 13763 13773 13781
f 13782 13781 13773
f 13780 13783 13764
f 13773 13784 13782
f 13764 13783 13785
f 13773 13785 13784
f 13776 13785 13773
f 13772 13764 13785
f 13784 13785 13786
f 13787 13772 13785
f 13787 13785 13788
f 13789 13785 13776
f 13790 13786 13785
f 13790 13785 13783
f 13791 13785 13789
f 13791 13788 13785
f 13792 13793 13794
f 13792 13795 13793
f 13796 13793 13795
f 13797 13798 13799
f 13798 13800 13799
f 13801 13799 13800
f 13801 13802 13799
f 13803 13799 13802
f 13804 13803 13802
f 13805 13806 13803
f 13807 13803 13806
f 13799 13803 13808
f 13808 13809 13799
f 13803 13810 13808
f 13809 13811 13799
f 13812 13810 13803
f 13811 13793 13799
f 13811 13813 13793
f 13814 13793 13813
f 13803 13807 13815
f 13803 13815 13812
f 13814 13815 13793
f 13807 13816 13815
f 13817 13815 13814
f 13812 13815 13817
f 13793 13815 13794
f 13816 13818 13815
f 13818 13819 13815
f 13820 13821 13822
f 13820 13822 13823
f 13824 13822 13821
f 13825 13820 13823
f 13826 13825 13823
f 13827 13825 13826
f 13828 13827 13826
f 13829 13824 13821
f 13830 13824 13829
f 13831 13830 13829
f 13832 13830 13831
f 13833 13832 13831
f 13834 13832 13833
f 13834 13833 13835
f 13835 13836 13834
f 13837 13838 13839
f 13839 13838 13840
f 13841 13840 13838
f 13842 13837 13839
f 13843 13840 13841
f 13844 13842 13839
f 13841 13845 13843
f 13842 13844 13846
f 13847 13843 13845
f 13844 13848 13846
f 13845 13849 13847
f 13850 13846 13848
f 13847 13849 13851
f 13850 13848 13852
f 13849 13853 13851
f 13852 13854 13850
f 13855 13851 13853
f 13852 13856 13854
f 13855 13853 13857
f 13854 13856 13858
f 13857 13859 13855
f 13856 13860 13858
f 13859 13857 13861
f 13862 13858 13860
f 13857 13863 13861
f 13864 13862 13860
f 13861 13863 13865
f 13864 13866 13862
f 13863 13867 13865
f 13862 13866 13868
f 13869 13865 13867
f 13870 13868 13866
f 13870 13865 13869
f 13869 13868 13870
f 13871 13872 13873
f 13871 13873 13874
f 13875 13871 13874
f 13876 13873 13872
f 13875 13874 13877
f 13878 13877 13874
f 13879 13877 13878
f 13880 13877 13879
f 13879 13881 13880
f 13882 13880 13881
f 13883 13876 13872
f 13884 13883 13872
f 13883 13885 13876
f 13886 13885 13883
f 13885 13886 13887
f 13887 13886 13888
f 13888 13889 13887
f 13890 13889 13888
f 13891 13890 13888
f 13891 13882 13890
f 13880 13882 13892
f 13892 13882 13891
f 13893 13892 13891
f 13680 13677 13894
f 13894 13677 13667
f 13680 13894 13895
f 13680 13895 2022
f 2022 13895 2023
f 13894 13667 13896
f 13667 13660 13896
f 13660 13664 13896
f 13897 13894 13896
f 13894 13897 13895
f 13895 13898 2023
f 13895 13897 13898
f 13898 13899 2023
f 13896 13664 13900
f 13897 13896 13900
f 13898 13897 13901
f 13901 13897 13900
f 13899 13898 13902
f 13898 13901 13902
f 13902 13903 13899
f 13902 13904 13903
f 13901 13905 13902
f 13905 13904 13902
f 13901 13900 13905
f 13906 13905 13900
f 13906 13904 13905
f 13900 13664 13906
f 13664 13659 13906
f 13906 13659 13904
f 13659 13907 13904
f 2528 13908 2541
f 2528 13909 13908
f 2541 13908 13910
f 13911 13908 13909
f 13912 13911 13909
f 13913 13911 13912
f 13912 13914 13913
f 13914 13915 13913
f 13916 2541 13910
f 13917 13915 13914
f 13916 13918 2541
f 13919 13918 13916
f 13920 2541 13918
f 13919 13921 13918
f 13918 13922 13920
f 13919 13923 13921
f 13924 13920 13922
f 13925 13921 13923
f 13926 13925 13923
f 13920 13924 2539
f 13927 2539 13924
f 2539 13927 13928
f 13923 13929 13926
f 13930 2539 13928
f 2539 13930 2538
f 13930 13931 2538
f 13929 13932 13926
f 13930 13932 13931
f 13933 13926 13932
f 13933 13932 13930
f 13932 13929 13934
f 13929 13935 13934
f 13931 13932 13936
f 13934 13936 13932
f 13931 13936 13937
f 13938 13934 13935
f 13935 13939 13938
f 319 13931 13937
f 13934 13940 13936
f 13938 13940 13934
f 13941 13937 13936
f 13940 13941 13936
f 13938 13942 13940
f 13939 13942 13938
f 13940 13943 13941
f 13942 13943 13940
f 13944 13942 13939
f 13944 13943 13942
f 13939 13945 13944
f 13945 13946 13944
f 13937 13941 325
f 13937 325 319
f 13943 330 13941
f 13941 330 325
f 13944 13946 13947
f 13948 13947 13946
f 13949 13948 13946
f 13950 13948 13949
f 13949 13951 13950
f 13949 13952 13951
f 13953 13947 13948
f 13944 13947 13953
f 13951 13952 13954
f 13952 13955 13954
f 331 13943 13944
f 13943 331 330
f 13944 13953 331
f 13955 13917 13954
f 13955 13915 13917
f 13917 13956 13954
f 13957 13956 13953
f 13958 13954 13956
f 13959 13958 13956
f 13960 13958 13959
f 13959 13961 13960
f 13962 13961 13959
f 13956 13963 13953
f 13917 13964 13956
f 13956 13964 13963
f 13963 13964 13965
f 13966 13965 13964
f 329 13953 13963
f 329 331 13953
f 329 13963 13967
f 13968 13964 13917
f 329 13967 13969
f 13970 13969 13967
f 13970 13967 13971
f 13972 13971 13967
f 13973 13964 13968
f 13971 13972 13974
f 13972 13973 13974
f 13975 13971 13974
f 13973 13968 13974
f 13976 13975 13974
f 13974 13977 13976
f 13917 13978 13968
f 13978 13979 13980
f 13978 13980 13968
f 13981 13982 13980
f 13983 13980 13982
f 13983 13984 13980
f 13968 13985 13974
f 13986 13985 13968
f 13987 13974 13985
f 13986 13968 13988
f 13980 13988 13968
f 13980 13989 13988
f 13974 13987 13990
f 13989 13980 13991
f 13984 13974 13990
f 13984 13991 13980
f 13984 13992 13991
f 13992 13984 13990
f 13977 13974 13984
f 13993 13984 13994
f 13995 13977 13984
f 13984 13993 13996
f 13996 13995 13984
f 13997 13998 13999
f 13997 14000 13998
f 14001 14000 14002
f 14001 13998 14000
f 14003 14001 14002
f 13998 14004 13999
f 14003 14005 14001
f 14001 14006 13998
f 14006 14004 13998
f 14006 14001 14005
f 14007 14005 14003
f 14006 14008 14004
f 13547 13999 14004
f 13548 13999 13547
f 14004 14008 13547
f 14007 14009 14005
f 14006 14005 14010
f 14010 14008 14006
f 14009 14010 14005
f 14007 14011 14009
f 14010 14009 14012
f 14010 14012 14008
f 14011 14013 14009
f 14013 14012 14009
f 14014 13547 14008
f 14015 14008 14012
f 14014 14008 14015
f 13547 14014 852
f 14014 14015 852
f 14015 851 852
f 14015 14012 14016
f 14015 14016 851
f 14016 14012 14013
f 14016 14017 851
f 14013 14017 14016
f 14017 859 851
f 14013 14018 14017
f 14011 14018 14013
f 14017 14019 859
f 14018 14019 14017
f 861 859 14019
f 861 14019 14020
f 14021 14020 14019
f 14022 14019 14018
f 14022 14021 14019
f 14011 14023 14018
f 14018 14023 14022
f 14024 14023 14011
f 14022 14025 14021
f 14026 14021 14025
f 14022 14023 14027
f 14022 14027 14025
f 14028 14026 14025
f 14028 14025 14027
f 14029 14026 14028
f 14023 14030 14027
f 14023 14024 14030
f 14027 14031 14028
f 14030 14031 14027
f 14032 14029 14028
f 14031 14032 14028
f 14033 14031 14030
f 14024 14033 14030
f 14033 14034 14031
f 14031 14034 14032
f 14035 14033 14024
f 13381 14032 14034
f 14035 14036 14033
f 14035 14024 14037
f 14038 14036 14035
f 14035 14037 14039
f 14038 14040 14036
f 14041 14039 14037
f 14040 14038 14042
f 14043 14039 14041
f 14044 14042 14038
f 14043 14044 14039
f 14042 14044 14043
f 13380 14032 13381
f 14045 14032 13380
f 14046 14029 14032
f 14047 14029 14046
f 14048 14046 14032
f 14048 14032 14045
f 14048 14047 14046
f 14049 14047 14048
f 14050 14047 14049
f 14051 14050 14049
f 3982 14052 3979
f 14053 3979 14052
f 14054 14055 14056
f 14057 14054 14056
f 14055 14058 14053
f 14054 14058 14055
f 7486 14053 14058
f 3979 14053 7486
f 14059 14058 14054
f 14060 14054 14057
f 14061 14060 14057
f 14061 14062 14060
f 14054 14060 14063
f 14059 14054 14063
f 14060 14062 14064
f 14060 14064 14063
f 14065 14064 14062
f 14059 14063 14066
f 14063 14064 14066
f 14059 14067 14058
f 7486 14058 14067
f 14068 14067 14059
f 14066 14068 14059
f 14068 14069 14067
f 14069 7486 14067
f 14066 14070 14068
f 14071 14069 14068
f 14070 14071 14068
f 14069 14071 14072
f 14073 14071 14070
f 14073 14072 14071
f 14069 14072 7483
f 7483 7486 14069
f 14073 11496 14072
f 7481 7483 14072
f 7481 14072 11496
f 14073 14074 11496
f 14073 14070 14074
f 14074 11493 11496
f 11494 11493 14074
f 11496 7477 7481
f 14070 14075 14074
f 14074 14075 11494
f 14070 14066 14075
f 14075 14076 11494
f 11507 11494 14076
f 14077 14075 14066
f 14077 14076 14075
f 14077 14066 14064
f 11507 14076 14078
f 11503 11507 14078
f 14077 14079 14076
f 14079 14078 14076
f 14064 14080 14077
f 14080 14079 14077
f 14081 14080 14064
f 14064 14065 14081
f 14079 14080 14082
f 14079 14082 14078
f 14081 14082 14080
f 11503 14078 14083
f 14082 14083 14078
f 11503 14083 11505
f 14084 14082 14081
f 14065 14084 14081
f 14084 14083 14082
f 14065 11511 14084
f 14085 11505 14083
f 14084 14085 14083
f 11511 14085 14084
f 11508 11505 14085
f 11508 14085 11511
f 13401 14086 13411
f 14087 14086 13401
f 14087 14088 14086
f 14089 14088 14087
f 14088 14089 14090
f 14091 14090 14089
f 14090 14091 14092
f 14090 14092 14093
f 14093 14092 14094
f 14093 14094 14086
f 13411 14086 14094
f 13412 13411 14095
f 13411 14096 14095
f 14096 14097 14095
f 14096 14098 14097
f 14097 14098 14099
f 14100 14095 14097
f 14097 14099 14100
f 14100 13412 14095
f 14100 13567 13412
f 13567 13566 13412
f 770 13412 13566
f 13567 14100 14101
f 14101 14100 14099
f 14102 14099 14098
f 14099 14103 14101
f 14099 14102 14103
f 13567 14101 14104
f 14103 14105 14101
f 14104 14101 14105
f 14102 14106 14103
f 14103 14106 14105
f 14106 14102 14107
f 14108 14107 14102
f 13551 13567 14104
f 14107 14108 14000
f 14002 14000 14108
f 14106 14107 14109
f 14107 14000 14109
f 14106 14109 14110
f 14106 14110 14105
f 14104 14105 14111
f 14111 14105 14110
f 13551 14104 14111
f 14112 14110 14109
f 14111 14110 14112
f 14112 14109 13997
f 13997 14109 14000
f 14111 14112 13548
f 13548 13551 14111
f 14112 13997 13999
f 13548 14112 13999
f 1740 2023 1745
f 1740 1731 2023
f 1745 13903 1746
f 1745 2023 13899
f 1745 13899 13903
f 1731 1730 2023
f 1746 14113 1747
f 14113 1746 13903
f 14113 14114 1747
f 14114 1742 1747
f 14113 14115 14114
f 1742 14114 14116
f 14113 13903 14117
f 14113 14117 14115
f 1744 1742 14116
f 14114 14118 14116
f 14115 14118 14114
f 14116 14119 1744
f 14120 14116 14118
f 14120 14119 14116
f 14118 14121 14120
f 12759 1744 14119
f 14118 14122 14121
f 14115 14122 14118
f 14123 14120 14121
f 14122 14123 14121
f 14120 14124 14119
f 14124 14120 14123
f 14124 12759 14119
f 14125 14123 14122
f 14125 14122 14126
f 14126 14122 14115
f 14125 14127 14123
f 14128 14126 14115
f 14129 14126 14128
f 14117 14128 14115
f 14129 14128 13907
f 14128 14117 13904
f 14128 13904 13907
f 13904 14117 13903
f 14130 14123 14127
f 14124 14123 14130
f 14131 14130 14127
f 14131 14132 14130
f 14132 14124 14130
f 14132 14133 14124
f 14131 14134 14132
f 14124 14133 12759
f 14135 14132 14134
f 14136 14135 14134
f 14137 14133 14132
f 14135 14137 14132
f 14138 14135 14136
f 14139 14138 14136
f 14135 14140 14137
f 14135 14138 14140
f 14139 14141 14138
f 14140 14142 14137
f 14133 14137 14142
f 14138 14143 14140
f 14138 14141 14143
f 14142 12755 14133
f 12759 14133 12755
f 14142 14140 14143
f 12753 12755 14142
f 14144 14142 14143
f 14141 14145 14143
f 14144 14143 14145
f 14146 14145 14141
f 14146 14147 14145
f 12750 14142 14144
f 12753 14142 12750
f 14144 14145 14148
f 14145 14147 14149
f 14145 14149 14148
f 14147 14150 14149
f 14149 14150 14148
f 14151 14150 14147
f 14144 14148 12747
f 12750 14144 12747
f 14150 14152 14148
f 14151 14153 14150
f 14150 14153 14152
f 14154 14153 14151
f 14151 14155 14154
f 14156 14154 14155
f 12744 14148 14152
f 12744 12747 14148
f 14157 14152 14153
f 14154 14157 14153
f 12743 14152 14157
f 12743 12744 14152
f 14154 14158 14157
f 14157 12741 12743
f 14157 14158 12741
f 14159 14158 14154
f 14154 14156 14159
f 14160 14159 14156
f 14161 14160 14156
f 14159 14162 14158
f 14160 14162 14159
f 14161 14163 14160
f 14161 14164 14163
f 14165 14162 14160
f 14163 14165 14160
f 14166 14163 14164
f 14166 14165 14163
f 14167 14166 14164
f 14167 14168 14166
f 14162 12738 14158
f 12738 12741 14158
f 12738 14162 14165
f 14166 12733 14165
f 14169 14166 14168
f 14169 12733 14166
f 14170 14169 14168
f 14171 14170 14168
f 14171 14172 14170
f 14165 12733 12734
f 12738 14165 12734
f 12733 14169 9266
f 14170 14172 14173
f 14174 14173 14172
f 14170 14175 14169
f 14173 14175 14170
f 14169 14175 9266
f 14174 14176 14173
f 14173 14177 14175
f 14175 14177 9266
f 14177 14173 14178
f 14178 9266 14177
f 14176 14179 14173
f 14176 14180 14179
f 14173 14179 14181
f 14173 14181 14178
f 14180 14182 14179
f 14181 14179 14183
f 14183 14178 14181
f 14183 14179 14182
f 14184 14182 14180
f 14183 3982 14178
f 14184 14056 14182
f 14184 14057 14056
f 14182 14056 14185
f 3991 9266 14178
f 3982 3991 14178
f 14186 14183 14182
f 14186 14182 14185
f 14186 14052 14183
f 14183 14052 3982
f 14055 14186 14185
f 14055 14185 14056
f 14186 14053 14052
f 14186 14055 14053
f 14187 14188 14189
f 14190 14187 14189
f 14187 14190 14191
f 14188 14192 14189
f 14193 14192 14188
f 14193 14194 14192
f 14193 14195 14194
f 14196 14194 14195
f 14197 14198 14199
f 14200 14199 14201
f 14201 14199 14198
f 14198 14197 14202
f 14201 14198 14202
f 14197 14203 14202
f 14201 14204 14200
f 14205 14200 14206
f 14204 14206 14200
f 14205 14206 14207
f 14205 14207 14208
f 14208 14207 14209
f 14207 14206 14210
f 14207 14210 14209
f 14206 14204 14211
f 14211 14210 14206
f 14201 14212 14204
f 14202 14212 14201
f 14204 14213 14211
f 14213 14204 14212
f 14202 14214 14212
f 14214 14213 14212
f 14214 14202 14203
f 14211 14215 14210
f 14214 14203 14216
f 14213 14217 14211
f 14217 14215 14211
f 14213 14214 14218
f 14214 14216 14218
f 14203 14219 14216
f 14213 14218 14220
f 14213 14220 14217
f 14221 14218 14216
f 14218 14221 14220
f 14219 14222 14216
f 14216 14222 14221
f 14222 14219 14223
f 14221 14222 14223
f 14224 14223 14219
f 14223 14224 14225
f 14221 14223 14226
f 14221 14226 14220
f 14223 14225 14226
f 14227 14217 14220
f 14227 14220 14226
f 14227 14215 14217
f 14226 14225 14228
f 14228 14225 14229
f 14228 14229 14230
f 14231 14228 14230
f 14228 14231 14226
f 14232 14231 14230
f 14231 14232 14233
f 14234 14226 14231
f 14227 14226 14234
f 14234 14231 14233
f 14227 14234 14215
f 14234 14233 14235
f 14215 14234 14235
f 14236 14235 14233
f 14237 14215 14235
f 14237 14235 14236
f 14210 14215 14237
f 14209 14237 14236
f 14210 14237 14209
f 14238 14239 14240
f 14241 14238 14240
f 14238 14241 14242
f 14239 14243 14240
f 14244 14243 14239
f 14244 14245 14243
f 14244 14246 14245
f 14247 14245 14246
f 14248 14249 14250
f 14249 14251 14250
f 14252 14248 14250
f 14249 14253 14251
f 14248 14252 14254
f 14255 14251 14253
f 14253 14256 14255
f 14257 14255 14256
f 14254 14252 14258
f 14258 14259 14254
f 14260 14259 14258
f 14261 14259 14260
f 14260 14262 14261
f 14262 14263 14261
f 14262 14264 14263
f 14265 14263 14264
f 14266 14265 14264
f 14266 14267 14265
f 14268 14269 14270
f 14271 14268 14270
f 14272 14271 14270
f 14272 14270 14273
f 14274 14272 14273
f 14275 14274 14273
f 14276 14275 14273
f 14277 14276 14273
f 14270 14278 14279
f 14270 14279 14273
f 14279 14280 14273
f 14277 14273 14281
f 14282 14277 14281
f 14283 14282 14281
f 14284 14283 14281
f 14285 14284 14281
f 14286 14285 14281
f 14273 14287 14288
f 14273 14288 14289
f 14288 14290 14289
f 14273 14289 14281
f 14289 14291 14292
f 14289 14292 14281
f 14281 14293 14294
f 14281 14294 14295
f 14286 14281 14296
f 14281 14295 14296
f 14297 14286 14296
f 14297 14296 14298
f 14296 14299 14298
f 14296 14300 14299
f 14296 14301 14300
f 14296 14302 14301
f 14296 14303 14302
f 14295 14304 14296
f 14295 14305 14304
f 14304 14306 14296
f 14296 14307 14303
f 14307 14308 14303
f 14296 14309 14310
f 14296 14310 14307
f 14310 14311 14307
f 14307 14312 14308
f 14307 14313 14312
f 14313 14314 14312
f 14307 14315 14313
f 757 14316 769
f 757 14317 14316
f 769 14316 14318
f 14319 14316 14317
f 14320 14319 14317
f 14321 14319 14320
f 14320 14322 14321
f 14322 14323 14321
f 14324 769 14318
f 14325 14323 14322
f 14324 14326 769
f 14327 14326 14324
f 14328 769 14326
f 14327 14329 14326
f 14326 14330 14328
f 14327 14331 14329
f 14332 14328 14330
f 14333 14329 14331
f 14334 14333 14331
f 14328 14332 767
f 14335 767 14332
f 767 14335 14336
f 14331 14337 14334
f 14338 767 14336
f 767 14338 766
f 14338 14339 766
f 14337 14340 14334
f 14338 14340 14339
f 14341 14334 14340
f 14341 14340 14338
f 14340 14337 14342
f 14337 14343 14342
f 14339 14340 14344
f 14342 14344 14340
f 14339 14344 14345
f 14346 14342 14343
f 14343 14347 14346
f 3329 14339 14345
f 14342 14348 14344
f 14346 14348 14342
f 14349 14345 14344
f 14348 14349 14344
f 14346 14350 14348
f 14347 14350 14346
f 14348 14351 14349
f 14350 14351 14348
f 14352 14350 14347
f 14352 14351 14350
f 14347 14353 14352
f 14353 14354 14352
f 14345 14349 3335
f 14345 3335 3329
f 14351 3340 14349
f 14349 3340 3335
f 14352 14354 14355
f 14356 14355 14354
f 14357 14356 14354
f 14358 14356 14357
f 14357 14359 14358
f 14357 14360 14359
f 14361 14355 14356
f 14352 14355 14361
f 14359 14360 14362
f 14360 14363 14362
f 3341 14351 14352
f 14351 3341 3340
f 14352 14361 3341
f 14363 14325 14362
f 14363 14323 14325
f 14325 14364 14362
f 14365 14364 14361
f 14366 14362 14364
f 14367 14366 14364
f 14368 14366 14367
f 14367 14369 14368
f 14370 14369 14367
f 14364 14371 14361
f 14325 14372 14364
f 14364 14372 14371
f 14371 14372 14373
f 14374 14373 14372
f 3339 14361 14371
f 3339 3341 14361
f 3339 14371 14375
f 14376 14372 14325
f 3339 14375 14377
f 14378 14377 14375
f 14378 14375 14379
f 14380 14379 14375
f 14381 14372 14376
f 14379 14380 14382
f 14380 14381 14382
f 14383 14379 14382
f 14381 14376 14382
f 14384 14383 14382
f 14382 14385 14384
f 14325 14386 14376
f 14386 14387 14388
f 14388 14389 14386
f 14386 14389 14376
f 14390 14389 14388
f 14390 14391 14389
f 14392 14389 14391
f 14392 14393 14389
f 14376 14394 14382
f 14395 14394 14376
f 14396 14382 14394
f 14395 14376 14397
f 14389 14397 14376
f 14389 14398 14397
f 14382 14396 14399
f 14398 14389 14400
f 14401 14382 14399
f 14401 14400 14389
f 14393 14401 14389
f 14401 14402 14400
f 14402 14401 14399
f 14385 14382 14401
f 14403 14385 14401
f 14401 14404 14405
f 14405 14403 14401
f 14224 705 711
f 710 709 14230
f 709 707 14406
f 709 14406 14230
f 14406 707 14407
f 699 14407 707
f 710 14229 711
f 710 14230 14229
f 14224 711 14225
f 711 14229 14225
f 14407 699 14408
f 699 688 14408
f 14407 14408 14409
f 14407 14409 14406
f 14408 688 14410
f 14408 14410 14409
f 688 690 14410
f 690 14411 14410
f 687 14411 690
f 14410 14412 14409
f 14412 14410 14411
f 14232 14406 14409
f 14232 14409 14412
f 14232 14230 14406
f 14413 14411 687
f 691 14413 687
f 691 693 14413
f 14413 14414 14411
f 14411 14415 14412
f 14414 14415 14411
f 14233 14232 14412
f 14233 14412 14415
f 14236 14415 14414
f 14236 14233 14415
f 14413 14416 14414
f 14413 693 14416
f 14414 14416 14417
f 14236 14414 14417
f 14418 14417 14416
f 14419 14416 693
f 14419 14418 14416
f 653 14419 693
f 649 653 693
f 14417 14209 14236
f 653 14420 14419
f 14418 14421 14417
f 14417 14421 14209
f 14422 14418 14419
f 14420 14422 14419
f 14420 653 14423
f 653 652 14423
f 14420 14424 14422
f 652 14425 14423
f 14420 14423 14426
f 14425 14426 14423
f 14426 14424 14420
f 14425 652 668
f 14425 668 14427
f 668 664 14427
f 14428 14427 664
f 14429 14425 14427
f 14429 14427 14428
f 14425 14429 14426
f 14429 14428 14430
f 14426 14429 14431
f 14431 14424 14426
f 14431 14429 14430
f 14432 14430 14428
f 14432 14433 14430
f 14431 14430 14434
f 14434 14430 14433
f 14435 14433 14432
f 14434 14433 14435
f 14432 14436 14435
f 14434 14437 14431
f 14424 14431 14437
f 14435 14438 14434
f 14438 14437 14434
f 14435 14436 14439
f 14435 14439 14438
f 14440 14437 14438
f 14440 14438 14439
f 14437 14441 14424
f 14441 14437 14440
f 14422 14424 14441
f 14441 14442 14422
f 14441 14440 14442
f 14442 14418 14422
f 14436 14443 14439
f 14444 14443 14436
f 14440 14439 14445
f 14443 14445 14439
f 14443 14444 14446
f 14440 14445 14447
f 14440 14447 14442
f 14443 14448 14445
f 14448 14443 14446
f 14447 14445 14448
f 14449 14446 14444
f 14448 14446 14449
f 14444 14450 14449
f 14451 14447 14448
f 14449 14451 14448
f 14442 14447 14452
f 14442 14452 14418
f 14447 14451 14452
f 14418 14452 14421
f 14452 14208 14421
f 14452 14451 14208
f 14208 14209 14421
f 14449 14453 14451
f 14449 14450 14453
f 14451 14454 14208
f 14451 14453 14454
f 14450 14455 14453
f 14450 14456 14455
f 14454 14453 14457
f 14457 14453 14455
f 14454 14205 14208
f 14454 14457 14205
f 14455 14456 14458
f 14455 14458 14457
f 14458 14456 14199
f 14459 14457 14458
f 14457 14459 14205
f 14459 14458 14199
f 14456 14197 14199
f 14459 14200 14205
f 14459 14199 14200
f 434 439 14460
f 439 14461 14460
f 438 14462 439
f 439 14462 14461
f 14460 14461 14463
f 14462 14463 14461
f 14464 14460 14463
f 438 14465 14462
f 14466 14465 438
f 14466 438 436
f 14462 14465 14467
f 14466 14468 14465
f 14468 14467 14465
f 14469 14466 436
f 14469 14468 14466
f 436 14470 14469
f 436 430 14470
f 14471 14468 14469
f 14472 14462 14467
f 14463 14462 14472
f 14468 14473 14467
f 14473 14468 14471
f 14472 14467 14474
f 14473 14474 14467
f 14475 14463 14472
f 14464 14463 14475
f 14476 14472 14474
f 14476 14475 14472
f 14464 14475 14477
f 14476 14477 14475
f 14478 14464 14477
f 14476 14474 14479
f 14473 14479 14474
f 14480 14477 14476
f 14480 14478 14477
f 14476 14481 14480
f 14481 14476 14479
f 14478 14480 14482
f 14481 14482 14480
f 14483 14478 14482
f 14481 14479 14484
f 14481 14484 14482
f 14485 14483 14482
f 14484 14485 14482
f 14486 14483 14485
f 14487 14483 14486
f 14484 14488 14485
f 14486 14485 14488
f 14489 14487 14486
f 14489 14486 14488
f 14490 14487 14489
f 14491 14487 14490
f 14492 14489 14488
f 14490 14489 14492
f 14490 14493 14491
f 14494 14492 14488
f 14494 14488 14484
f 14490 14492 14495
f 14490 14495 14493
f 14491 14493 14496
f 14493 14495 14496
f 14491 14496 14497
f 14484 14498 14494
f 14484 14479 14498
f 14499 14492 14494
f 14499 14495 14492
f 14498 14500 14494
f 14499 14494 14500
f 14498 14479 14501
f 14498 14501 14500
f 14473 14501 14479
f 14473 14471 14501
f 14501 14502 14500
f 14471 14502 14501
f 14500 14503 14499
f 14471 14504 14502
f 14505 14500 14502
f 14503 14500 14505
f 14505 14502 14504
f 14506 14499 14503
f 14495 14499 14506
f 14503 14505 14507
f 14506 14503 14507
f 14508 14507 14505
f 14505 14504 14508
f 14506 14507 14509
f 14506 14510 14495
f 14510 14506 14509
f 14496 14495 14510
f 14507 14511 14509
f 14507 14508 14511
f 14510 14509 14512
f 14510 14513 14496
f 14513 14510 14512
f 14496 14513 14514
f 14514 14497 14496
f 14514 14513 14515
f 14515 14497 14514
f 14515 14513 14512
f 14515 14516 14497
f 14509 14517 14512
f 14517 14509 14511
f 14515 14512 14518
f 14516 14515 14518
f 14517 14519 14512
f 14519 14518 14512
f 14517 14511 14520
f 14517 14520 14519
f 14508 14520 14511
f 14521 14516 14518
f 14521 14518 14519
f 14516 14521 14522
f 14520 14523 14519
f 14524 14521 14519
f 14524 14519 14523
f 14521 14525 14522
f 14524 14525 14521
f 14526 14522 14525
f 14527 14522 14526
f 14524 14528 14525
f 14526 14525 14528
f 14524 14523 14529
f 14528 14524 14529
f 14523 14530 14529
f 14520 14530 14523
f 14528 14529 14531
f 14531 14529 14530
f 14528 14532 14526
f 14532 14527 14526
f 14531 14532 14528
f 14533 14527 14532
f 14533 14532 14531
f 14527 14533 14534
f 14533 14535 14534
f 14531 14536 14533
f 14533 14536 14535
f 14534 14535 14537
f 14536 14537 14535
f 14538 14534 14537
f 14531 14539 14536
f 14530 14539 14531
f 14536 14540 14537
f 14538 14537 14541
f 14540 14541 14537
f 14541 14542 14538
f 14538 14542 403
f 14543 14541 14540
f 14541 14543 14542
f 14540 14536 14544
f 14536 14539 14544
f 14545 403 14542
f 14543 14545 14542
f 402 403 14545
f 14546 14543 14540
f 14540 14544 14546
f 14543 14547 14545
f 14545 14547 402
f 14543 14546 14547
f 404 402 14547
f 14548 404 14547
f 14546 14548 14547
f 14548 417 404
f 14544 14549 14546
f 14539 14549 14544
f 14550 14548 14546
f 14550 14546 14549
f 14550 417 14548
f 14539 14551 14549
f 14549 14551 14550
f 14550 14552 417
f 14551 14552 14550
f 417 14552 14553
f 417 14553 416
f 416 14553 415
f 14554 14553 14552
f 14551 14554 14552
f 14553 14555 415
f 14553 14554 14555
f 14555 429 415
f 14555 14556 429
f 430 429 14556
f 14470 430 14556
f 14557 14556 14555
f 14470 14556 14557
f 14554 14557 14555
f 14558 14470 14557
f 14558 14469 14470
f 14471 14469 14558
f 14471 14558 14504
f 14558 14557 14559
f 14554 14559 14557
f 14558 14559 14504
f 14560 14559 14554
f 14554 14551 14560
f 14561 14504 14559
f 14560 14561 14559
f 14508 14504 14561
f 14562 14560 14551
f 14539 14562 14551
f 14530 14562 14539
f 14563 14560 14562
f 14563 14562 14530
f 14560 14563 14561
f 14508 14561 14563
f 14530 14520 14563
f 14520 14508 14563
f 14564 14565 14566
f 14565 14567 14566
f 14565 14564 14568
f 14566 14567 14569
f 14568 14564 14570
f 14571 14569 14567
f 14570 14572 14568
f 14573 14569 14571
f 14572 14574 14568
f 14573 14571 14575
f 14576 14574 14572
f 14571 14577 14575
f 14578 14574 14576
f 14575 14577 14579
f 14576 14580 14578
f 14579 14577 14581
f 14580 14582 14578
f 14581 14583 14579
f 14584 14582 14580
f 14583 14581 14585
f 14586 14582 14584
f 14585 14587 14583
f 14588 14586 14584
f 14589 14587 14585
f 14588 14590 14586
f 14591 14589 14585
f 14592 14590 14588
f 14591 14592 14589
f 14591 14590 14592
f 14593 14594 14595
f 14594 14596 14595
f 14594 14593 14597
f 14595 14596 14598
f 14597 14593 14599
f 14600 14598 14596
f 14599 14601 14597
f 14602 14598 14600
f 14601 14603 14597
f 14602 14600 14604
f 14605 14603 14601
f 14600 14606 14604
f 14607 14603 14605
f 14604 14606 14608
f 14605 14609 14607
f 14608 14606 14610
f 14609 14611 14607
f 14610 14612 14608
f 14613 14611 14609
f 14612 14610 14614
f 14615 14611 14613
f 14614 14616 14612
f 14617 14615 14613
f 14618 14616 14614
f 14617 14619 14615
f 14620 14618 14614
f 14621 14619 14617
f 14620 14621 14618
f 14620 14619 14621
f 14622 14623 14624
f 14623 14625 14624
f 14623 14622 14626
f 14624 14625 14627
f 14626 14622 14628
f 14629 14627 14625
f 14628 14630 14626
f 14631 14627 14629
f 14630 14632 14626
f 14631 14629 14633
f 14634 14632 14630
f 14629 14635 14633
f 14636 14632 14634
f 14633 14635 14637
f 14634 14638 14636
f 14637 14635 14639
f 14638 14640 14636
f 14639 14641 14637
f 14642 14640 14638
f 14641 14639 14643
f 14644 14640 14642
f 14643 14645 14641
f 14646 14644 14642
f 14647 14645 14643
f 14646 14648 14644
f 14649 14647 14643
f 14650 14648 14646
f 14649 14650 14647
f 14649 14648 14650
f 14651 14652 14653
f 14652 14651 14654
f 14654 14655 14652
f 14652 14656 14653
f 14653 14656 14657
f 14657 14656 14658
f 14655 14659 14652
f 14660 14659 14655
f 14660 14661 14659
f 14658 14656 14662
f 14663 14658 14662
f 14663 14662 14661
f 14661 14662 14659
f 14656 14664 14662
f 14662 14664 14665
f 14665 14666 14662
f 14666 14667 14662
f 14668 14669 14656
f 14662 14670 14659
f 14668 14656 14671
f 14672 14659 14670
f 14672 14673 14659
f 14659 14674 14675
f 14675 14652 14659
f 14675 440 14652
f 14676 14656 14652
f 14677 14652 440
f 14676 14652 14677
f 14678 14656 14676
f 14671 14656 14678
f 14679 14671 14678
f 14678 14680 14679
f 14681 14679 14680
f 14678 14676 14682
f 14682 14676 14677
f 466 14678 14682
f 14682 14677 461
f 466 14682 461
f 14683 461 14677
f 14683 14677 442
f 440 442 14677
f 14684 14685 14686
f 14685 14687 14686
f 14685 14684 14688
f 14686 14687 14689
f 14688 14684 14690
f 14691 14689 14687
f 14690 14692 14688
f 14693 14689 14691
f 14692 14694 14688
f 14693 14691 14695
f 14696 14694 14692
f 14691 14697 14695
f 14698 14694 14696
f 14695 14697 14699
f 14696 14700 14698
f 14699 14697 14701
f 14700 14702 14698
f 14701 14703 14699
f 14704 14702 14700
f 14703 14701 14705
f 14706 14702 14704
f 14705 14707 14703
f 14708 14706 14704
f 14709 14707 14705
f 14708 14710 14706
f 14711 14709 14705
f 14712 14710 14708
f 14711 14712 14709
f 14711 14710 14712
f 14713 14714 14715
f 14714 14716 14715
f 14714 14713 14717
f 14715 14716 14718
f 14717 14713 14719
f 14720 14718 14716
f 14719 14721 14717
f 14722 14718 14720
f 14721 14723 14717
f 14722 14720 14724
f 14725 14723 14721
f 14720 14726 14724
f 14727 14723 14725
f 14724 14726 14728
f 14725 14729 14727
f 14728 14726 14730
f 14729 14731 14727
f 14730 14732 14728
f 14733 14731 14729
f 14732 14730 14734
f 14735 14731 14733
f 14734 14736 14732
f 14737 14735 14733
f 14738 14736 14734
f 14737 14739 14735
f 14740 14738 14734
f 14741 14739 14737
f 14740 14741 14738
f 14740 14739 14741
f 7112 7117 14742
f 7117 14743 14742
f 7116 14744 7117
f 7117 14744 14743
f 14742 14743 14745
f 14744 14745 14743
f 14746 14742 14745
f 7116 14747 14744
f 14748 14747 7116
f 14748 7116 7114
f 14744 14747 14749
f 14748 14750 14747
f 14750 14749 14747
f 14751 14748 7114
f 14751 14750 14748
f 7114 14752 14751
f 7114 7108 14752
f 14753 14750 14751
f 14754 14744 14749
f 14745 14744 14754
f 14750 14755 14749
f 14755 14750 14753
f 14754 14749 14756
f 14755 14756 14749
f 14757 14745 14754
f 14746 14745 14757
f 14758 14754 14756
f 14758 14757 14754
f 14746 14757 14759
f 14758 14759 14757
f 14760 14746 14759
f 14758 14756 14761
f 14755 14761 14756
f 14762 14759 14758
f 14762 14760 14759
f 14758 14763 14762
f 14763 14758 14761
f 14760 14762 14764
f 14763 14764 14762
f 14765 14760 14764
f 14763 14761 14766
f 14763 14766 14764
f 14767 14765 14764
f 14766 14767 14764
f 14768 14765 14767
f 14769 14765 14768
f 14766 14770 14767
f 14768 14767 14770
f 14771 14769 14768
f 14771 14768 14770
f 14772 14769 14771
f 14773 14769 14772
f 14774 14771 14770
f 14772 14771 14774
f 14772 14775 14773
f 14776 14774 14770
f 14776 14770 14766
f 14772 14774 14777
f 14772 14777 14775
f 14773 14775 14778
f 14775 14777 14778
f 14773 14778 14779
f 14766 14780 14776
f 14766 14761 14780
f 14781 14774 14776
f 14781 14777 14774
f 14780 14782 14776
f 14781 14776 14782
f 14780 14761 14783
f 14780 14783 14782
f 14755 14783 14761
f 14755 14753 14783
f 14783 14784 14782
f 14753 14784 14783
f 14782 14785 14781
f 14753 14786 14784
f 14787 14782 14784
f 14785 14782 14787
f 14787 14784 14786
f 14788 14781 14785
f 14777 14781 14788
f 14785 14787 14789
f 14788 14785 14789
f 14790 14789 14787
f 14787 14786 14790
f 14788 14789 14791
f 14788 14792 14777
f 14792 14788 14791
f 14778 14777 14792
f 14789 14793 14791
f 14789 14790 14793
f 14792 14791 14794
f 14792 14795 14778
f 14795 14792 14794
f 14778 14795 14796
f 14796 14779 14778
f 14796 14795 14797
f 14797 14779 14796
f 14797 14795 14794
f 14797 14798 14779
f 14791 14799 14794
f 14799 14791 14793
f 14797 14794 14800
f 14798 14797 14800
f 14799 14801 14794
f 14801 14800 14794
f 14799 14793 14802
f 14799 14802 14801
f 14790 14802 14793
f 14803 14798 14800
f 14803 14800 14801
f 14798 14803 14804
f 14802 14805 14801
f 14806 14803 14801
f 14806 14801 14805
f 14803 14807 14804
f 14806 14807 14803
f 14808 14804 14807
f 14809 14804 14808
f 14806 14810 14807
f 14808 14807 14810
f 14806 14805 14811
f 14810 14806 14811
f 14805 14812 14811
f 14802 14812 14805
f 14810 14811 14813
f 14813 14811 14812
f 14810 14814 14808
f 14814 14809 14808
f 14813 14814 14810
f 14815 14809 14814
f 14815 14814 14813
f 14809 14815 14816
f 14815 14817 14816
f 14813 14818 14815
f 14815 14818 14817
f 14816 14817 14819
f 14818 14819 14817
f 14820 14816 14819
f 14813 14821 14818
f 14812 14821 14813
f 14818 14822 14819
f 14820 14819 14823
f 14822 14823 14819
f 14823 14824 14820
f 14820 14824 7081
f 14825 14823 14822
f 14823 14825 14824
f 14822 14818 14826
f 14818 14821 14826
f 14827 7081 14824
f 14825 14827 14824
f 7080 7081 14827
f 14828 14825 14822
f 14822 14826 14828
f 14825 14829 14827
f 14827 14829 7080
f 14825 14828 14829
f 7082 7080 14829
f 14830 7082 14829
f 14828 14830 14829
f 14830 7095 7082
f 14826 14831 14828
f 14821 14831 14826
f 14832 14830 14828
f 14832 14828 14831
f 14832 7095 14830
f 14821 14833 14831
f 14831 14833 14832
f 14832 14834 7095
f 14833 14834 14832
f 7095 14834 14835
f 7095 14835 7094
f 7094 14835 7093
f 14836 14835 14834
f 14833 14836 14834
f 14835 14837 7093
f 14835 14836 14837
f 14837 7107 7093
f 14837 14838 7107
f 7108 7107 14838
f 14752 7108 14838
f 14839 14838 14837
f 14752 14838 14839
f 14836 14839 14837
f 14840 14752 14839
f 14840 14751 14752
f 14753 14751 14840
f 14753 14840 14786
f 14840 14839 14841
f 14836 14841 14839
f 14840 14841 14786
f 14842 14841 14836
f 14836 14833 14842
f 14843 14786 14841
f 14842 14843 14841
f 14790 14786 14843
f 14844 14842 14833
f 14821 14844 14833
f 14812 14844 14821
f 14845 14842 14844
f 14845 14844 14812
f 14842 14845 14843
f 14790 14843 14845
f 14812 14802 14845
f 14802 14790 14845
f 14846 14847 14848
f 14846 14849 14847
f 14850 14847 14849
f 14851 14852 14847
f 14853 14854 14852
f 14855 14852 14854
f 14855 14856 14852
f 14857 14852 14856
f 14858 14857 14856
f 14859 14860 14857
f 14861 14857 14860
f 14852 14857 14862
f 14862 14863 14852
f 14857 14864 14862
f 14863 14865 14852
f 14866 14864 14857
f 14865 14847 14852
f 14865 14867 14847
f 14868 14847 14867
f 14857 14861 14869
f 14857 14869 14866
f 14868 14869 14847
f 14870 14869 14868
f 14866 14869 14870
f 14847 14869 14848
f 14871 14848 14869
f 14872 14873 14869
f 14873 14871 14869
f 14874 14875 14876
f 14877 14875 14874
f 14877 14878 14875
f 14879 14874 14876
f 14878 14880 14875
f 14880 14881 14875
f 14882 14875 14881
f 14883 14879 14876
f 14884 14876 14885
f 14886 14875 14882
f 14882 14887 14886
f 14888 14886 14887
f 14888 14889 14886
f 14890 14891 14889
f 14891 14886 14889
f 14892 14876 14875
f 14875 14893 14892
f 14876 14892 14894
f 14893 14875 14895
f 14875 14886 14895
f 14896 14895 14886
f 14894 14897 14876
f 14886 14898 14896
f 14876 14897 14899
f 14886 14899 14898
f 14891 14899 14886
f 14885 14876 14899
f 14898 14899 14900
f 14901 14885 14899
f 14901 14899 14902
f 14903 14899 14891
f 14904 14900 14899
f 14904 14899 14897
f 14905 14899 14903
f 14905 14902 14899
f 14906 14907 14908
f 14909 14906 14908
f 14906 14909 14910
f 14907 14911 14908
f 14912 14911 14907
f 14911 14912 14913
f 14912 14914 14913
f 14914 14915 14913
f 12331 6049 6055
f 6054 6053 12337
f 6053 6051 14916
f 6053 14916 12337
f 14916 6051 14917
f 6043 14917 6051
f 6054 12336 6055
f 6054 12337 12336
f 12331 6055 12332
f 6055 12336 12332
f 14917 6043 14918
f 6043 6032 14918
f 14917 14918 14919
f 14917 14919 14916
f 14918 6032 14920
f 14918 14920 14919
f 6032 6034 14920
f 6034 14921 14920
f 6031 14921 6034
f 14920 14922 14919
f 14922 14920 14921
f 12339 14916 14919
f 12339 14919 14922
f 12339 12337 14916
f 14923 14921 6031
f 6035 14923 6031
f 6035 6037 14923
f 14923 14924 14921
f 14921 14925 14922
f 14924 14925 14921
f 12340 12339 14922
f 12340 14922 14925
f 12343 14925 14924
f 12343 12340 14925
f 14923 14926 14924
f 14923 6037 14926
f 14924 14926 14927
f 12343 14924 14927
f 14928 14927 14926
f 14929 14926 6037
f 14929 14928 14926
f 5997 14929 6037
f 5993 5997 6037
f 14927 12316 12343
f 5997 14930 14929
f 14928 14931 14927
f 14927 14931 12316
f 14932 14928 14929
f 14930 14932 14929
f 14930 5997 14933
f 5997 5996 14933
f 14930 14934 14932
f 5996 14935 14933
f 14930 14933 14936
f 14935 14936 14933
f 14936 14934 14930
f 14935 5996 6012
f 14935 6012 14937
f 6012 6008 14937
f 14938 14937 6008
f 14939 14935 14937
f 14939 14937 14938
f 14935 14939 14936
f 14939 14938 14940
f 14936 14939 14941
f 14941 14934 14936
f 14941 14939 14940
f 14942 14940 14938
f 14942 14943 14940
f 14941 14940 14944
f 14944 14940 14943
f 14945 14943 14942
f 14944 14943 14945
f 14942 14946 14945
f 14944 14947 14941
f 14934 14941 14947
f 14945 14948 14944
f 14948 14947 14944
f 14945 14946 14949
f 14945 14949 14948
f 14950 14947 14948
f 14950 14948 14949
f 14947 14951 14934
f 14951 14947 14950
f 14932 14934 14951
f 14951 14952 14932
f 14951 14950 14952
f 14952 14928 14932
f 14946 14953 14949
f 14954 14953 14946
f 14950 14949 14955
f 14953 14955 14949
f 14953 14954 14956
f 14950 14955 14957
f 14950 14957 14952
f 14953 14958 14955
f 14958 14953 14956
f 14957 14955 14958
f 14959 14956 14954
f 14958 14956 14959
f 14954 14960 14959
f 14961 14957 14958
f 14959 14961 14958
f 14952 14957 14962
f 14952 14962 14928
f 14957 14961 14962
f 14928 14962 14931
f 14962 12315 14931
f 14962 14961 12315
f 12315 12316 14931
f 14959 14963 14961
f 14959 14960 14963
f 14961 14964 12315
f 14961 14963 14964
f 14960 14965 14963
f 14960 14966 14965
f 14964 14963 14967
f 14967 14963 14965
f 14964 12312 12315
f 14964 14967 12312
f 14965 14966 14968
f 14965 14968 14967
f 14968 14966 12306
f 14969 14967 14968
f 14967 14969 12312
f 14969 14968 12306
f 14966 12304 12306
f 14969 12307 12312
f 14969 12306 12307
f 14970 14971 14972
f 14971 14973 14972
f 14974 14970 14972
f 14971 14975 14973
f 14970 14974 14976
f 14977 14973 14975
f 14975 14978 14977
f 14979 14977 14978
f 14976 14974 14980
f 14980 14981 14976
f 14982 14981 14980
f 14983 14981 14982
f 14982 14984 14983
f 14984 14985 14983
f 14984 14986 14985
f 14987 14985 14986
f 14988 14987 14986
f 14988 14989 14987
f 7632 14990 7631
f 7632 14991 14990
f 3202 7633 7631
f 14990 3202 7631
f 7633 3203 3207
f 3202 3203 7633
f 14991 14992 14990
f 14993 14992 14991
f 3202 14990 3200
f 14993 14994 14992
f 14994 14993 14995
f 14994 14996 14992
f 14996 14990 14992
f 14995 14997 14994
f 14995 14998 14997
f 14996 14994 14999
f 14994 14997 14999
f 14996 3196 14990
f 3196 3200 14990
f 14996 14999 3194
f 3194 3196 14996
f 14999 14997 15000
f 14999 15000 3194
f 14997 15001 15000
f 3195 3194 15000
f 3195 15000 15001
f 15002 15001 14997
f 14997 14998 15002
f 15003 15001 15002
f 15003 3195 15001
f 15002 14998 15004
f 15003 15002 15004
f 14998 15005 15004
f 3197 3195 15003
f 15003 15004 3197
f 15004 15005 15006
f 15005 15007 15006
f 15004 15006 15008
f 3197 15004 15008
f 15006 15007 15009
f 15007 15010 15009
f 15008 15006 15011
f 15006 15009 15011
f 15012 3197 15008
f 15008 15013 15012
f 15008 15011 15014
f 15014 15013 15008
f 15012 15013 15015
f 15014 15015 15013
f 15012 3198 3197
f 15011 15016 15014
f 15017 15012 15015
f 15012 15017 3198
f 15014 15018 15015
f 15018 15014 15016
f 15018 15016 180
f 180 15016 179
f 15011 179 15016
f 15018 180 186
f 15011 176 179
f 15011 15009 176
f 176 15009 15019
f 15019 15009 15020
f 15020 15009 15010
f 15019 15020 15021
f 15022 15020 15010
f 15022 15021 15020
f 15018 186 15023
f 15015 15018 15023
f 15023 186 15024
f 187 15024 186
f 15015 15023 15025
f 15017 15015 15025
f 15026 15023 15024
f 15025 15023 15026
f 15024 187 15027
f 15024 15027 15026
f 15025 15026 2120
f 15025 2120 15017
f 15027 2123 15026
f 15026 2123 2120
f 187 15028 15027
f 187 188 15028
f 15029 15027 15028
f 15017 2120 2119
f 3198 15017 2119
f 2124 15027 15029
f 2124 2123 15027
f 15029 15028 4462
f 2124 15029 4462
f 15028 188 15030
f 15028 15030 4462
f 188 15031 15030
f 188 185 15031
f 185 15032 15031
f 185 191 15032
f 15031 15033 15030
f 4462 15030 4476
f 4476 15030 15033
f 15034 15033 15031
f 15032 15034 15031
f 15033 15034 15035
f 15032 15036 15034
f 4476 15033 4522
f 15033 15035 4522
f 15034 15037 15035
f 15037 15034 15036
f 15038 15035 15037
f 4462 4476 4463
f 15039 15035 15038
f 4522 15035 15039
f 15040 15039 15038
f 15041 15039 15040
f 15041 4522 15039
f 4519 15041 15040
f 15040 15038 15042
f 15038 15037 15042
f 15040 15042 15043
f 15042 15037 15036
f 15041 4520 4522
f 15041 4519 4520
f 15044 15043 15042
f 15044 15042 15036
f 15044 15045 15043
f 15046 15043 15045
f 15044 15036 15047
f 15036 15032 15047
f 15046 15045 15048
f 15032 15049 15047
f 15044 15047 15049
f 15032 191 15049
f 15044 15050 15045
f 15044 15049 15050
f 15051 15048 15045
f 15051 15045 15050
f 15048 15051 1686
f 191 1683 15049
f 15049 1683 15050
f 1683 191 197
f 15050 1685 15051
f 1683 1685 15050
f 1686 15051 1685
f 15052 154 169
f 15052 13323 154
f 15053 13323 15052
f 15053 15052 15054
f 15055 15054 15052
f 15056 15055 15052
f 15021 15056 15052
f 15021 15052 169
f 169 170 15057
f 172 15057 170
f 15019 15021 169
f 15057 15058 169
f 15019 169 15058
f 15059 15057 172
f 15059 15058 15057
f 202 172 171
f 15060 15059 172
f 15060 172 202
f 15059 15060 15061
f 15059 15061 15058
f 15061 15060 15062
f 15063 15058 15061
f 15063 15061 15062
f 15019 15058 15063
f 15062 15060 15064
f 202 15064 15060
f 15063 15062 15065
f 15063 15065 15019
f 15066 15062 15064
f 15065 15062 174
f 174 15062 15066
f 176 15019 15065
f 174 176 15065
f 15064 202 193
f 15064 15067 15066
f 193 15067 15064
f 15066 15067 15068
f 193 189 15067
f 15068 15067 189
f 202 194 193
f 15068 178 15066
f 15068 183 178
f 183 15068 189
f 15066 178 175
f 174 15066 175
