v 0.200514317 -0.388358444 0.0268485434
v 0.19591409 -0.387120217 0.0285563488
v 0.195125371 -0.387331545 0.0258645974
v 0.205216542 -0.388620675 0.0249952991
v 0.199970901 -0.388504028 0.0249939673
v 0.204939321 -0.388694942 0.0240491927
v 0.20984599 -0.387895137 0.0230652746
v 0.194859594 -0.387401372 0.0231245812
v 0.199823111 -0.388557345 0.0230833218
v 0.190251261 -0.385311216 0.0231404435
v 0.204845712 -0.388720036 0.0230652746
v 0.20008035 -0.388514012 0.0211570933
v 0.204939321 -0.388694942 0.0220813565
v 0.200617984 -0.388369948 0.0193222426
v 0.190588847 -0.385222644 0.0266276505
v 0.186139435 -0.382362515 0.0231534019
v 0.205216542 -0.388620675 0.0211352501
v 0.201491043 -0.388136029 0.0176312346
v 0.205666721 -0.388500035 0.0202633124
v 0.202666 -0.387821198 0.0161490571
v 0.206272557 -0.388337702 0.0194990542
v 0.204097673 -0.387437582 0.0149326641
v 0.205731064 -0.386999905 0.0140288025
v 0.207853004 -0.38791424 0.0184057839
v 0.207503393 -0.386525035 0.0134722097
v 0.208766878 -0.387669355 0.0181187857
v 0.209346548 -0.386031151 0.0132842716
v 0.211581528 -0.386915177 0.0184057858
v 0.211189702 -0.385537267 0.0134722115
v 0.212962031 -0.385062367 0.014028809
v 0.214595422 -0.38462472 0.0149326734
v 0.212423757 -0.386689484 0.0188718457
v 0.216027096 -0.384241104 0.0161490683
v 0.213161975 -0.386491686 0.0194990598
v 0.217202038 -0.383926272 0.0176312495
v 0.213767812 -0.386329353 0.0202633198
v 0.218075112 -0.383692324 0.0193222594
v 0.214217991 -0.386208743 0.0211352594
v 0.218612731 -0.38354829 0.0211571101
v 0.218857169 -0.383457184 0.0230833404
v 0.214588806 -0.386109382 0.0230652839
v 0.218702525 -0.38348493 0.0249939859
v 0.214495197 -0.386134446 0.024049202
v 0.374806046 0.0172132719 0.0258646253
v 0.371195942 0.0137751093 0.0249939859
v 0.371350586 0.0138028394 0.0230833404
v 0.375071138 0.0172857046 0.0231246091
v 0.366988629 0.0111255758 0.024049202
v 0.370652527 0.0136295017 0.0268485621
v 0.377680331 0.021307895 0.0266276859
v 0.378016979 0.0214000121 0.023140477
v 0.374017328 0.0170019362 0.0285563748
v 0.376676649 0.0210389551 0.0300531629
v 0.379708529 0.025901638 0.0272538681
v 0.380103588 0.0260095615 0.0231534429
v 0.378528386 0.0255854204 0.0312814638
v 0.380812734 0.0308180265 0.0277191401
v 0.381251097 0.0309372302 0.0231630411
v 0.379501522 0.0304666851 0.0321941227
v 0.380950689 0.0358682349 0.0280056428
v 0.381415725 0.0359938443 0.0231689345
v 0.379558742 0.0354952663 0.0327561162
v 0.380117089 0.0408583283 0.0281023812
v 0.380591273 0.0409853905 0.023170922
v 0.378697872 0.0404780544 0.0329458714
v 0.37834397 0.0455966778 0.0280056447
v 0.378809482 0.0457204133 0.0231689345
v 0.376952022 0.0452237055 0.0327561162
v 0.375699401 0.0499013178 0.0277191419
v 0.376138628 0.0500172563 0.023163043
v 0.374388158 0.0495499782 0.0321941227
v 0.372284919 0.0536069274 0.0272538718
v 0.372681022 0.0537109934 0.0231534448
v 0.371104777 0.0532907099 0.0312814638
v 0.368231595 0.0565711372 0.0266276859
v 0.368569195 0.0566596799 0.0231404789
v 0.367227882 0.0563021936 0.0300531648
v 0.363695055 0.0586800352 0.0258646272
v 0.363960862 0.0587498546 0.023124611
v 0.362906337 0.0584686995 0.0285563767
v 0.358849525 0.0598525181 0.0249939878
v 0.358997345 0.0599058308 0.0230833422
v 0.35830611 0.0597069114 0.0268485621
v 0.361625552 0.0581255108 0.0310371052
v 0.357423663 0.0594704598 0.0285577476
v 0.365597963 0.0558654554 0.0332101025
v 0.3562361 0.0591522492 0.0300558601
v 0.369188339 0.0527772047 0.034993317
v 0.359901875 0.0576636568 0.0332114808
v 0.363404453 0.0552777089 0.035977181
v 0.372258872 0.0489794314 0.036318291
v 0.366609275 0.0520861447 0.0382467769
v 0.374691635 0.0446180366 0.0371341743
v 0.369393289 0.0482116044 0.039933145
v 0.376393229 0.0398605242 0.0374096595
v 0.371649653 0.0438029431 0.0409715697
v 0.377298355 0.0348895937 0.0371341743
v 0.373291701 0.0390294716 0.041322194
v 0.377372205 0.0298961382 0.0363182873
v 0.374256372 0.0340745002 0.0409715697
v 0.376611948 0.0250719152 0.0349933133
v 0.374506652 0.0291283131 0.039933145
v 0.3750467 0.0206022169 0.0332100987
v 0.374032885 0.0243808534 0.0382467732
v 0.371012866 0.0161968917 0.0332114808
v 0.37285319 0.0200144686 0.0359771773
v 0.371014953 0.0281927157 0.04289978
v 0.36977008 0.0133930491 0.0285577476
v 0.37089026 0.0235387925 0.0409168191
v 0.370180398 0.0192982927 0.0382480584
v 0.366261214 0.0109306695 0.0258672442
v 0.362339407 0.00936489366 0.0230652746
v 0.368582487 0.0130748386 0.0300558601
v 0.364917159 0.0105705298 0.0272587109
v 0.368912578 0.0156341214 0.0349959433
v 0.209717259 -0.387414694 0.0281086713
v 0.207853004 -0.38791424 0.0277247652
v 0.209336713 -0.385994494 0.0329514369
v 0.205682352 -0.386973649 0.0321988985
v 0.204031408 -0.387416035 0.0312853158
v 0.206272557 -0.388337702 0.026631495
v 0.21066764 -0.387160033 0.0280117653
v 0.203415036 -0.385110348 0.0363219045
v 0.206015065 -0.384413689 0.0371384397
v 0.198918551 -0.386315197 0.0332114622
v 0.211199671 -0.385495305 0.0327614807
v 0.202584341 -0.387803763 0.030055847
v 0.201396763 -0.388121992 0.0285577308
v 0.205666721 -0.388500035 0.0258672368
v -0.206082419 -0.361186802 0.0230833404
v -0.210444391 -0.363864064 0.024049202
v -0.210350782 -0.363838971 0.0230652839
v -0.215093598 -0.365624726 0.0230652746
v -0.202361882 -0.357703924 0.0231246091
v -0.202626958 -0.357776374 0.0258646253
v -0.210444391 -0.363864064 0.0220813658
v -0.215093598 -0.365624726 0.0230652746
v -0.206326857 -0.361277878 0.0211571101
v -0.210721612 -0.363938332 0.0211352594
v -0.215093598 -0.365624726 0.0230652746
v -0.206864491 -0.361421943 0.0193222594
v -0.199752674 -0.353681743 0.0266276859
v -0.200756371 -0.353950679 0.0300531629
v -0.199416026 -0.353589624 0.023140477
v -0.211171791 -0.364058971 0.0202633198
v -0.215093598 -0.365624726 0.0230652746
v -0.211777627 -0.364221305 0.0194990598
v -0.215093598 -0.365624726 0.0230652746
v -0.208912492 -0.361970693 0.0161490683
v -0.212515846 -0.364419103 0.0188718457
v -0.215093598 -0.365624726 0.0230652746
v -0.210344166 -0.362354308 0.0149326734
v -0.213358074 -0.364644766 0.0184057858
v -0.215093598 -0.365624726 0.0230652746
v -0.211977556 -0.362791985 0.014028809
v -0.214271933 -0.364889652 0.0181187876
v -0.215093598 -0.365624726 0.0230652746
v -0.213749886 -0.363266885 0.0134722115
v -0.215222329 -0.365144312 0.0180218797
v -0.215093598 -0.365624726 0.0230652746
v -0.216172725 -0.365398943 0.0181187857
v -0.215093598 -0.365624726 0.0230652746
v -0.217436209 -0.364254624 0.0134722097
v -0.217086583 -0.365643829 0.0184057839
v -0.215093598 -0.365624726 0.0230652746
v -0.219208539 -0.364729524 0.0140288025
v -0.217928812 -0.365869492 0.018871842
v -0.215093598 -0.365624726 0.0230652746
v -0.220841929 -0.365167171 0.0149326641
v -0.21866703 -0.36606729 0.0194990542
v -0.215093598 -0.365624726 0.0230652746
v -0.222273603 -0.365550786 0.0161490571
v -0.219272867 -0.366229624 0.0202633124
v -0.215093598 -0.365624726 0.0230652746
v -0.223448545 -0.365865618 0.0176312346
v -0.219723061 -0.366350263 0.0211352501
v -0.215093598 -0.365624726 0.0230652746
v -0.224321604 -0.366099566 0.0193222426
v -0.220000267 -0.366424531 0.0220813565
v -0.215093598 -0.365624726 0.0230652746
v -0.224859238 -0.366243631 0.0211570933
v -0.220093876 -0.366449624 0.0230652746
v -0.215093598 -0.365624726 0.0230652746
v -0.225116491 -0.366286963 0.0230833218
v -0.220000267 -0.366424531 0.0240491927
v -0.215093598 -0.365624726 0.0230652746
v -0.224968687 -0.366233647 0.0249939673
v -0.230079994 -0.365130961 0.0231245812
v -0.219723061 -0.366350263 0.0249952991
v -0.215093598 -0.365624726 0.0230652746
v -0.229814216 -0.365061164 0.0258645974
v -0.234688327 -0.363040805 0.0231404435
v -0.224425286 -0.366088033 0.0268485434
v -0.219272882 -0.366229653 0.0258672368
v -0.215093598 -0.365624726 0.0230652746
v -0.229025513 -0.364849836 0.0285563488
v -0.234350741 -0.362952262 0.0266276505
v -0.238800153 -0.360092103 0.0231534019
v -0.223542824 -0.365851581 0.0285577308
v -0.238404065 -0.359988034 0.0272538289
v -0.242257759 -0.356398374 0.0231629945
v -0.233347043 -0.362683326 0.0300531313
v -0.227744713 -0.364506632 0.031037081
v -0.21866703 -0.36606729 0.026631495
v -0.215093598 -0.365624726 0.0230652746
v -0.222355247 -0.365533382 0.030055847
v -0.217928812 -0.365869492 0.0272587072
v -0.215093598 -0.365624726 0.0230652746
v -0.226021051 -0.364044785 0.0332114622
v -0.231717125 -0.362246573 0.0332100727
v -0.22090818 -0.365145624 0.0312853158
v -0.229523614 -0.361658841 0.0359771512
v -0.217086598 -0.365643829 0.0277247652
v -0.215093598 -0.365624726 0.0230652746
v -0.223920763 -0.363481998 0.0349959284
v -0.219257236 -0.364703268 0.0321988985
v -0.216172725 -0.365398943 0.0280117635
v -0.215093598 -0.365624726 0.0230652746
v -0.221524552 -0.362839967 0.0363219045
v -0.226850823 -0.360942662 0.0382480361
v -0.223801449 -0.360125571 0.0399354585
v -0.229585841 -0.357625216 0.0409167968
v -0.226000473 -0.356664509 0.0429008231
v -0.232728451 -0.358467281 0.0382467434
v -0.235307515 -0.359158337 0.0349932797
v -0.232020795 -0.353657156 0.0428997539
v -0.228037149 -0.352589726 0.0451041646
v -0.23551248 -0.354592741 0.0399331115
v -0.238378033 -0.355360568 0.0363182463
v -0.237223938 -0.359671831 0.0312814228
v -0.240507334 -0.355931103 0.032194078
v -0.241818547 -0.356282443 0.0277190953
v -0.244928628 -0.352101535 0.0231688861
v -0.244463116 -0.351977795 0.0280055963
v -0.246710435 -0.347366512 0.0231708717
v -0.243071184 -0.351604849 0.0327560678
v -0.246236235 -0.347239465 0.0281023346
v -0.247534856 -0.34237498 0.0231688861
v -0.240810797 -0.350999177 0.0371341296
v -0.244817048 -0.346859187 0.0329458266
v -0.247069851 -0.342249364 0.0280055963
v -0.247370243 -0.337318361 0.0231629964
v -0.237768829 -0.350184083 0.0409715325
v -0.242512405 -0.346241653 0.0374096185
v -0.245677903 -0.341876388 0.0327560715
v -0.246931911 -0.337199152 0.0277190972
v -0.246222734 -0.332390696 0.0231534038
v -0.23406218 -0.349190891 0.0441208109
v -0.229833305 -0.348057747 0.0464609303
v -0.239410877 -0.345410615 0.0413221605
v -0.235631645 -0.344397962 0.0445331
v -0.231319964 -0.343242645 0.0469190441
v -0.243417516 -0.341270715 0.0371341333
v -0.240375564 -0.340455651 0.0409715362
v -0.236668915 -0.339462459 0.0441208109
v -0.232440025 -0.338329315 0.046460934
v -0.245620683 -0.336847812 0.0321940817
v -0.243491381 -0.336277276 0.03631825
v -0.240625829 -0.335509449 0.0399331115
v -0.237134144 -0.334573865 0.0428997539
v -0.233150497 -0.333506435 0.0451041684
v -0.237009451 -0.329919934 0.0409167968
v -0.240152061 -0.330761969 0.0382467471
v -0.238972366 -0.326395601 0.035977155
v -0.241165876 -0.326983333 0.0332100727
v -0.242731124 -0.331453055 0.0349932797
v -0.242795795 -0.327420086 0.0300531313
v -0.244647548 -0.331966549 0.0312814265
v -0.243799493 -0.327689022 0.0266276523
v -0.245827675 -0.332282752 0.0272538289
v -0.244136125 -0.327781141 0.0231404435
v 0.0324140191 0.286842614 0.0393987224
v 0.0292758346 0.286001742 0.0397187024
v 0.0283518583 0.289450049 0.0426496528
v 0.0246613249 0.288461179 0.0422733426
v 0.0354316384 0.287651181 0.0384510495
v 0.0348697826 0.284467995 0.0351518095
v 0.0370544828 0.285053372 0.0339428745
v 0.0339271426 0.281962544 0.0313881002
v 0.036750149 0.282718986 0.0294352956
v 0.033406321 0.280436426 0.0268806424
v 0.0320423506 0.29043892 0.0422733538
v 0.0382126942 0.288396358 0.0369121134
v 0.0389693901 0.285566479 0.0323159173
v 0.0350387953 0.280873835 0.0248213001
v 0.0310606379 0.279340744 0.0230652746
v 0.0355910659 0.291389793 0.0411588959
v 0.0406503119 0.289049506 0.0348410495
v 0.0405409187 0.285987556 0.030333465
v 0.0391315967 0.283357084 0.0248227715
v 0.0388615765 0.29226613 0.0393491089
v 0.0426508151 0.289585531 0.0323174521
v 0.0417086668 0.286300451 0.0280716997
v 0.0417282097 0.293034226 0.0369135477
v 0.0441373251 0.289983839 0.0294382945
v 0.0424277671 0.286493152 0.0256175399
v 0.039330516 0.28342545 0.0230454374
v 0.0426719375 0.286557019 0.0230000541
v 0.0392303765 0.283426791 0.0212852415
v 0.0346292108 0.280764073 0.0205159374
v 0.0450527146 0.290229142 0.026314225
v 0.0453643128 0.290310532 0.0229826123
v 0.037914414 0.28307417 0.0179961398
v 0.0368183665 0.282780498 0.0166134834
v 0.0354828238 0.282422632 0.0154787665
v 0.0326400399 0.280231088 0.0188258756
v 0.0339591205 0.28201434 0.0146355964
v 0.0323057994 0.281571358 0.0141163738
v 0.0309438556 0.279776603 0.0184765793
v 0.0305864066 0.281110644 0.0139410524
v 0.0288670119 0.28064993 0.0141163683
v 0.0292476714 0.279322118 0.0188258719
v 0.0272136908 0.280206919 0.0146355899
v 0.0256899837 0.279798657 0.0154787572
v 0.0272584967 0.278789103 0.0205159318
v 0.0243544411 0.27944079 0.0166134704
v 0.0232583918 0.279147089 0.0179961231
v 0.022443952 0.278928876 0.0195735823
v 0.0265966784 0.278611779 0.0221700631
v 0.0219424218 0.278794497 0.0212852247
v 0.0218563545 0.278743267 0.0230454188
v 0.0268489029 0.278679371 0.0248212926
v 0.0220628139 0.27878353 0.0248227548
v 0.0173968188 0.27978459 0.0230000298
v 0.0176402144 0.279851347 0.0256175138
v 0.0225579832 0.27891621 0.0265126973
v 0.013188404 0.281689018 0.0229825806
v 0.0233620964 0.279131651 0.0280701574
v 0.0284813754 0.27911678 0.0268806387
v 0.0244442504 0.279421628 0.0294352826
v 0.0257628616 0.279774934 0.0305556133
v 0.0183593072 0.280044019 0.0280716754
v 0.0195270553 0.280356914 0.0303334445
v 0.0210985765 0.280777991 0.0323159024
v 0.0230134819 0.281291097 0.0339428596
v 0.0134989461 0.281774312 0.0263141952
v 0.00943217892 0.28437826 0.022968322
v 0.0144143282 0.282019615 0.0294382647
v 0.0159008335 0.282417923 0.0323174261
v 0.0179013312 0.282953948 0.0348410271
v 0.020338947 0.283607095 0.0369120985
v 0.00979829207 0.284478635 0.0268859938
v 0.00627283705 0.287749171 0.0229577702
v 0.0108747799 0.284767091 0.03055989
v 0.012622904 0.285235494 0.0339457728
v 0.0149754835 0.285865873 0.0369135216
v 0.206562161 -0.362045109 0.0316163078
v 0.204483286 -0.357829571 0.0316163078
v 0.204483286 -0.357829571 0.0581492372
v 0.20094943 -0.354730457 0.0581492372
v 0.20094943 -0.354730457 0.0316163078
v 0.206562161 -0.362045109 0.0581492372
v 0.206869572 -0.366735309 0.0316163078
v 0.206869572 -0.366735309 0.0581492372
v 0.205358714 -0.371186137 0.0316163078
v 0.205358714 -0.371186137 0.0581492372
v 0.202259615 -0.374720007 0.0316163078
v 0.202259615 -0.374720007 0.0581492372
v 0.198044062 -0.376798868 0.0316163078
v 0.198044062 -0.376798868 0.0581492372
v 0.193353847 -0.377106309 0.0316163078
v 0.193353847 -0.377106309 0.0581492372
v 0.188903019 -0.37559545 0.0316163078
v 0.188903019 -0.37559545 0.0581492372
v 0.185369179 -0.372496337 0.0316163078
v 0.185369179 -0.372496337 0.0581492372
v 0.183290303 -0.368280798 0.0316163078
v 0.183290303 -0.368280798 0.0581492372
v 0.182982892 -0.363590568 0.0316163078
v 0.182982892 -0.363590568 0.0581492372
v 0.184493735 -0.35913974 0.0316163078
v 0.184493735 -0.35913974 0.0581492372
v 0.187592849 -0.3556059 0.0316163078
v 0.187592849 -0.3556059 0.0581492372
v 0.191808388 -0.353527009 0.0316163078
v 0.191808388 -0.353527009 0.0581492372
v 0.196498603 -0.353219599 0.0316163078
v 0.196498603 -0.353219599 0.0581492372
v 0.20094943 -0.354730457 0.0316163078
v 0.20094943 -0.354730457 0.0581492372
v 0.030079145 0.27954489 0.0275658015
v 0.0272672512 0.28017804 0.0313880928
v 0.02889961 0.280615419 0.03190073
v 0.0305972062 0.281070292 0.0320738256
v 0.0251981802 0.281876475 0.0351517983
v 0.0275687166 0.282511681 0.0358962603
v 0.0231199991 0.284352273 0.0384510383
v 0.0300339926 0.28317225 0.0361476354
v 0.0322947837 0.281525165 0.0319007337
v 0.0261376165 0.28516084 0.0393987112
v 0.0178421084 0.286633968 0.0393490903
v 0.0324992426 0.283832788 0.0358962677
v 0.0211126171 0.287510306 0.041158881
v 0.0438134633 0.29691872 0.039933145
v 0.0435631908 0.301864922 0.0409715697
v 0.0398565382 0.30087173 0.044120837
v 0.0403217711 0.295983136 0.04289978
v 0.035627652 0.299738586 0.0464609526
v 0.0388192721 0.305807233 0.0445331298
v 0.0425985046 0.306819886 0.041322194
v 0.0345075801 0.304651916 0.0469190627
v 0.0298291221 0.303398341 0.0483883135
v 0.0284323189 0.308237523 0.0479019843
v 0.0330209285 0.309467018 0.0464609526
v 0.0269022714 0.31284079 0.0464616492
v 0.0372498147 0.310600162 0.044120837
v 0.0409564637 0.311593354 0.0409715697
v 0.0312247761 0.313998997 0.045104187
v 0.0352084227 0.315066427 0.04289978
v 0.0387001149 0.316002011 0.039933145
v 0.0327734724 0.319034487 0.0409168191
v 0.0359160826 0.319876552 0.0382467769
v 0.0291880947 0.318073809 0.0429008417
v 0.025297733 0.317031384 0.0441225879
v 0.0212519411 0.315947324 0.0445351154
v 0.0224070698 0.311636299 0.0469200015
v 0.0202393681 0.319726288 0.0413254313
v 0.0236803256 0.320648283 0.040974576
v 0.019408254 0.322828054 0.0374141484
v 0.0269890856 0.321534872 0.0399354734
v 0.0221121665 0.323552549 0.0371384472
v 0.0187905449 0.325133383 0.0329514332
v 0.0300384592 0.322351933 0.0382480584
v 0.03271126 0.323068112 0.035977181
v 0.0247121993 0.324249238 0.0363219157
v 0.0271084029 0.324891299 0.0349959433
v 0.0292086955 0.325454056 0.0332114808
v 0.0206534993 0.325632542 0.0327614807
v 0.0184099991 0.326553583 0.0281086694
v 0.0240958314 0.326554924 0.0312853269
v 0.0224448834 0.326112539 0.0321989022
v 0.0255429018 0.326942652 0.0300558601
v 0.020274248 0.3270531 0.0277247671
v 0.0182812661 0.327034026 0.0230652783
v 0.0174596086 0.326298922 0.0280117616
v 0.0149652995 0.325630575 0.0266314931
v 0.0143594611 0.325468242 0.0258672349
v 0.0136320638 0.325273335 0.0240491927
v 0.0135384584 0.325248271 0.0230652764
v 0.0139092831 0.325347632 0.0211352538
v 0.0157035179 0.325828403 0.0188718494
v 0.0174596123 0.326298922 0.018118795
v 0.0187807288 0.32517004 0.0132842781
v 0.0169375688 0.324676156 0.0134722162
v 0.020623887 0.325663924 0.013472219
v 0.020274261 0.32705313 0.0184057951
v 0.0223962162 0.326138794 0.0140288165
v 0.0240296014 0.326576471 0.0149326809
v 0.0218547024 0.327476591 0.0194990654
v 0.0254612751 0.326960087 0.0161490757
v 0.0266362187 0.327274919 0.017631257
v 0.0229107179 0.327759564 0.0211352613
v 0.0275092795 0.327508837 0.0193222649
v 0.028046906 0.327652901 0.0211571157
v 0.0232815389 0.327858925 0.0230652858
v 0.0283041466 0.327696234 0.0230833422
v 0.0281563457 0.327642918 0.0249939878
v 0.0229107104 0.327759564 0.0249953084
v 0.0276129339 0.327497333 0.0268485621
v 0.0267304815 0.327260882 0.0285577476
v 0.0218546912 0.327476591 0.0266315006
v 0.351753682 0.0557489991 0.0141163804
v 0.350034297 0.0552882887 0.0139410598
v 0.349473923 0.0573796332 0.0132842781
v 0.351317078 0.0578735061 0.013472219
v 0.353406996 0.0561920032 0.0146356011
v 0.353089392 0.0583483987 0.0140288165
v 0.354930699 0.0566002801 0.015478773
v 0.354722798 0.0587860607 0.0149326809
v 0.356154472 0.0591696762 0.0161490757
v 0.3573623 0.0572518222 0.0179961454
v 0.357329398 0.0594845042 0.017631257
v 0.358176738 0.0574700497 0.0195736028
v 0.358202457 0.0597184375 0.0193222649
v 0.358678252 0.0576044321 0.0212852433
v 0.358740091 0.0598624945 0.0211571157
v 0.358764321 0.0576556437 0.0230454374
v 0.358997345 0.0599058308 0.0230833422
v 0.21316196 -0.386491686 0.0266315024
v 0.21608907 -0.384185195 0.0300558601
v 0.214642003 -0.384572923 0.0312853307
v 0.212423742 -0.386689514 0.0272587109
v 0.21641916 -0.381625921 0.0349959433
v 0.212991059 -0.385015309 0.0321989022
v 0.217686981 -0.377961725 0.0382480584
v 0.214637607 -0.378778815 0.0399354696
v 0.21142292 -0.382964641 0.0371384434
v 0.211328849 -0.379665405 0.0409745723
v 0.214811474 -0.37468195 0.042900838
v 0.218396842 -0.373721242 0.0409168191
v 0.210921109 -0.375724345 0.0441225879
v 0.208719 -0.383689165 0.0374141484
v 0.207887888 -0.380587399 0.0413254276
v 0.204446897 -0.381509393 0.0409745611
v 0.201138139 -0.382395983 0.0399354585
v 0.206875324 -0.376808435 0.0445351154
v 0.20282948 -0.377892494 0.0441225767
v 0.19893913 -0.37893492 0.0429008231
v 0.198088765 -0.383213073 0.0382480361
v 0.195353761 -0.379895627 0.0409167968
v 0.195415974 -0.383929223 0.0359771512
v 0.192211151 -0.380737662 0.0382467434
v 0.193222463 -0.384516984 0.0332100727
v 0.189632073 -0.381428719 0.0349932797
v 0.191592544 -0.384953707 0.0300531313
v 0.18771565 -0.381942242 0.0312814228
v 0.186535522 -0.382258445 0.0272538289
v 0.182681829 -0.378668785 0.0231629945
v 0.18312104 -0.378552854 0.0277190953
v 0.18001096 -0.374371946 0.0231688861
v 0.184432253 -0.378201514 0.032194078
v 0.180476472 -0.374248207 0.0280055963
v 0.345668674 0.0180754531 0.0369135216
v 0.348535299 0.0188435633 0.0393490903
v 0.351032138 0.0158166848 0.0369120985
v 0.336966038 0.0199587643 0.0229577702
v 0.337373823 0.0200699549 0.027310906
v 0.340491474 0.0166882314 0.0268859938
v 0.341567963 0.016976675 0.03055989
v 0.334525347 0.0238817614 0.02295129
v 0.343316078 0.0174450837 0.0339457728
v 0.338570029 0.0203904789 0.0313933827
v 0.340512574 0.0209109802 0.0351558179
v 0.33495909 0.0239990838 0.027572576
v 0.332897514 0.0282058846 0.0229491051
v 0.336229026 0.0243393611 0.0319066718
v 0.343126774 0.0216114558 0.0384536162
v 0.333340228 0.0283245109 0.0276609343
v 0.332145214 0.0327646136 0.02295129
v 0.338291287 0.0248919409 0.0359009951
v 0.334635049 0.0286714602 0.032079991
v 0.332579494 0.0328798741 0.0275725778
v 0.332297385 0.0373823605 0.022957772
v 0.332706124 0.0374899581 0.027310906
v 0.333348006 0.0418813266 0.0229683239
v 0.33384943 0.0332201533 0.0319066718
v 0.336737752 0.0292348731 0.0361526161
v 0.341066629 0.0256355908 0.039402049
v 0.33371526 0.0419774577 0.0268859956
v 0.335256368 0.046088405 0.0229825806
v 0.333902359 0.0378104821 0.0313933864
v 0.335911691 0.0337727331 0.0359009951
v 0.339567482 0.0299931001 0.0397223011
v 0.335567951 0.0461697914 0.0263141952
v 0.33794874 0.0498418957 0.0230000317
v 0.33479175 0.0422659032 0.03055989
v 0.335844874 0.0383309834 0.0351558179
v 0.338687032 0.034516383 0.0394020528
v 0.33819291 0.0499057807 0.0256175157
v 0.33648333 0.0464150682 0.0294382665
v 0.341290176 0.0529734604 0.0230454206
v 0.336539865 0.04273431 0.0339457728
v 0.340079755 0.0504113585 0.0303334463
v 0.341489077 0.0530418418 0.0248227548
v 0.338459104 0.0390314609 0.0384536199
v 0.33796984 0.0468133762 0.0323174261
v 0.33889243 0.0433646813 0.0369135216
v 0.342068791 0.0354225226 0.0422752909
v 0.341644526 0.0398849957 0.0411600545
v 0.343015522 0.0309170019 0.0426518694
v 0.344448388 0.0265417304 0.0422752909
v 0.346949399 0.0319710746 0.0448287316
v 0.346312195 0.0224649888 0.0411600545
v 0.351805806 0.0197198931 0.041158881
v 0.349946439 0.0234387778 0.0431711152
v 0.355354518 0.020670766 0.0422733426
v 0.348306596 0.0275755357 0.0444102995
v 0.353889793 0.0244953986 0.0444095172
v 0.359045058 0.0216596406 0.0426496528
v 0.352493018 0.0286972802 0.045725029
v 0.357990772 0.0255942494 0.0448276773
v 0.36273554 0.0226485059 0.0422733538
v 0.36209169 0.0266930871 0.0444095321
v 0.366284251 0.0235993806 0.0411588959
v 0.35684672 0.0298638567 0.0461689644
v 0.351217866 0.0331148095 0.0461692363
v 0.345927 0.0364563279 0.0444103032
v 0.355656922 0.0343042538 0.0466218702
v 0.350113422 0.0375780724 0.0457250327
v 0.355656922 0.0343042538 0.0466218702
v 0.354467124 0.0387446508 0.0461689681
v 0.34527877 0.0408587828 0.0431711189
v 0.349222124 0.0419154055 0.0444095246
v 0.341759056 0.0441327915 0.0393490903
v 0.345029563 0.0450091213 0.041158881
v 0.348578274 0.0459599942 0.0422733426
v 0.345189005 0.0487477407 0.038451042
v 0.348206639 0.0495563112 0.0393987149
v 0.342407942 0.0480025634 0.0369120985
v 0.33997035 0.0473494083 0.0348410308
v 0.345750868 0.0519309305 0.035151802
v 0.348121405 0.0525661148 0.0358962603
v 0.343566179 0.0513455421 0.0339428596
v 0.341651261 0.0508324467 0.0323159024
v 0.346693516 0.0544363633 0.0313880891
v 0.348325878 0.0548737533 0.03190073
v 0.345189124 0.0540332645 0.0305556115
v 0.342788368 0.0533899814 0.0280701574
v 0.341984242 0.0531745218 0.0265126973
v 0.346542686 0.0557825342 0.0263099708
v 0.345244497 0.0554346852 0.0230652764
v 0.347214341 0.0559625067 0.0268806349
v 0.349560052 0.0570581742 0.0230652783
v 0.348812133 0.0563906282 0.0275657978
v 0.345329672 0.0554575026 0.0221700668
v 0.341390312 0.0529721417 0.0212852266
v 0.345581889 0.0555250868 0.0213092584
v 0.341891825 0.0531065278 0.0195735861
v 0.345991462 0.0556348376 0.0205159355
v 0.347214341 0.0559625067 0.0192499179
v 0.343802333 0.0536184423 0.016613476
v 0.345137864 0.0539762974 0.0154787637
v 0.347980648 0.0561678335 0.0188258793
v 0.346661568 0.0543845743 0.0146355964
v 0.348812133 0.0563906282 0.018564757
v 0.349676818 0.0566223264 0.0184765868
v 0.348314881 0.0548275784 0.0141163757
v 0.350034297 0.0552882887 0.0139410598
v -0.356843829 0.0636570826 0.0231708717
v -0.355062038 0.0589220636 0.0231688861
v -0.354596525 0.0590457954 0.0280055963
v -0.345440924 0.0518652685 0.0349932797
v -0.348511428 0.055663038 0.0363182463
v -0.350640744 0.0550924949 0.032194078
v -0.342861861 0.0525563285 0.0382467434
v -0.353204578 0.059418764 0.0327560678
v -0.356369644 0.0637841448 0.0281023346
v -0.357668251 0.0686486363 0.0231688861
v -0.345645875 0.0564308614 0.0399331115
v -0.339719236 0.0533983856 0.0409167968
v -0.350944191 0.0600244328 0.0371341296
v -0.354950458 0.064164415 0.0329458266
v -0.357203245 0.0687742382 0.0280055963
v -0.357503653 0.0737052485 0.0231629964
v -0.342154205 0.0573664568 0.0428997539
v -0.336133868 0.0543590859 0.0429008231
v -0.347902238 0.0608395226 0.0409715325
v -0.35706532 0.0738244504 0.0277190972
v -0.356356144 0.078632921 0.0231534038
v -0.355811298 0.0691472068 0.0327560715
v -0.355961084 0.0787408426 0.0272538289
v -0.352645814 0.0647819415 0.0374096185
v -0.354269534 0.0832424685 0.0231404435
v -0.355754077 0.0741757825 0.0321940817
v -0.353550941 0.069752872 0.0371341333
v -0.349544287 0.0656129941 0.0413221605
v -0.353932887 0.0833345801 0.0266276523
v -0.351323694 0.087356776 0.0231245831
v -0.354780942 0.0790570527 0.0312814265
v -0.353624791 0.0747463331 0.03631825
v -0.350508958 0.0705679655 0.0409715362
v -0.351058602 0.0874292031 0.0258645993
v -0.352929205 0.0836035237 0.0300531313
v -0.347603142 0.0908396393 0.0230833236
v -0.352864534 0.0795705616 0.0349932797
v -0.350269884 0.0876405388 0.0285563506
v -0.350759238 0.0755141526 0.0399331115
v -0.351299286 0.0840402618 0.0332100727
v -0.35028547 0.0802616179 0.0382467471
v -0.346905082 0.0910129771 0.0268485434
v -0.343334764 0.0934918225 0.0230652764
v -0.347358704 0.0909307301 0.0211570952
v -0.342963934 0.0935911834 0.0249952991
v -0.342963934 0.0935911834 0.0211352538
v -0.34682107 0.0910747945 0.0193222482
v -0.341907918 0.093874149 0.0194990598
v -0.345948011 0.0913087279 0.0176312402
v -0.344773054 0.0916235521 0.0161490608
v -0.341169715 0.094071947 0.0188718494
v -0.34334138 0.0920071676 0.0149326706
v -0.341707975 0.0924448371 0.014028809
v -0.339413613 0.0945424959 0.018118795
v -0.33993566 0.0929197297 0.0134722162
v -0.348989099 0.0879837275 0.0310370829
v -0.346022636 0.0912494287 0.0285577308
v -0.34251377 0.0937118083 0.0258672349
v -0.344835043 0.091567643 0.0300558452
v -0.341907918 0.093874149 0.0266314931
v -0.347265422 0.0884455815 0.0332114622
v -0.349105775 0.0846280083 0.035977155
v -0.341737032 0.0923977494 0.0321988948
v -0.341169715 0.094071947 0.0272587035
v -0.345165133 0.0890083537 0.0349959284
v -0.346432984 0.0853441805 0.0382480398
v -0.347142845 0.0811036751 0.0409167968
v -0.347267538 0.0764497519 0.0428997539
v -0.343557477 0.0820643753 0.0429008231
v -0.34338361 0.0861612558 0.0399354585
v -0.342768937 0.0896504149 0.0363219045
v -0.346802324 0.0715611577 0.0441208109
v -0.343283892 0.0775171593 0.0451041684
v -0.342573434 0.0726942793 0.046460934
v -0.345765054 0.0666256323 0.0445331
v -0.341453373 0.0677809492 0.0469190441
v -0.344195575 0.0618327148 0.0441208109
v -0.339966714 0.0629658401 0.0464609303
v -0.338170558 0.058433868 0.0451041646
v -0.332243502 0.0554015003 0.0441225767
v -0.333848059 0.0595920794 0.0464616343
v -0.328197688 0.0564855784 0.0445351154
v -0.33537811 0.0641953498 0.0479019657
v -0.329352796 0.0607965775 0.0469199978
v -0.324151874 0.0575696453 0.0441225879
v -0.336774915 0.0690345317 0.0483882986
v -0.330606133 0.0654740036 0.0483885482
v -0.324857593 0.0620010607 0.0464616455
v -0.320261538 0.0586120635 0.042900838
v -0.33798483 0.073923789 0.0479019694
v -0.331909478 0.0703382194 0.0488844067
v -0.325834185 0.0667526349 0.0479019806
v -0.320535094 0.0631592721 0.0451041833
v -0.31667614 0.0595727637 0.0409168191
v -0.316551447 0.064226687 0.04289978
v -0.333212852 0.0752024427 0.0483885519
v -0.338961393 0.0786753669 0.0464616381
v -0.321245581 0.0679821521 0.0464609526
v -0.3270441 0.0716418922 0.0483883135
v -0.333212852 0.0752024427 0.0483885519
v -0.328440905 0.0764810815 0.0479019843
v -0.339667112 0.0831067935 0.0441225767
v -0.334466159 0.0798798651 0.0469200015
v -0.328440905 0.0764810815 0.0479019843
v -0.329970956 0.0810843557 0.0464616492
v -0.335621297 0.0841908678 0.0445351154
v -0.340074867 0.0870478302 0.0409745649
v -0.336633861 0.087969847 0.0413254313
v -0.340168923 0.0903470889 0.0371384397
v -0.337464988 0.0910716057 0.0374141484
v -0.340327501 0.0942976251 0.0277247615
v -0.339945644 0.0928777531 0.0327614732
v -0.339413613 0.0945424959 0.0280117616
v -0.338082671 0.0933769345 0.0329514332
v -0.338463217 0.0947971493 0.0281086694
v 0.205569267 -0.339777321 0.0265127141
v 0.204765156 -0.339992762 0.0280701723
v 0.200868756 -0.339650214 0.0256146248
v 0.206064433 -0.339644641 0.0248227715
v 0.201278344 -0.339540482 0.0248213001
v 0.201530576 -0.33947289 0.0239604935
v 0.206270903 -0.339604378 0.0230454374
v 0.19706662 -0.340201855 0.0230652783
v 0.200317532 -0.339797914 0.0263099782
v 0.203682989 -0.340282738 0.0294352937
v 0.201615736 -0.339450061 0.0230652858
v 0.206184834 -0.339655608 0.0212852433
v 0.201530576 -0.33947289 0.0221700743
v 0.205683306 -0.339789987 0.0195736028
v 0.201278359 -0.339540482 0.0213092696
v 0.204868868 -0.340008199 0.0179961454
v 0.200868756 -0.339650214 0.0205159429
v 0.203772828 -0.340301901 0.016613489
v 0.199645892 -0.33997789 0.0192499235
v 0.202437282 -0.340659738 0.015478773
v 0.200913578 -0.341068029 0.0146356011
v 0.1988796 -0.340183228 0.0188258812
v 0.199260265 -0.341511041 0.0141163804
v 0.198048115 -0.340406001 0.0185647588
v 0.197540864 -0.341971755 0.0139410598
v 0.197183415 -0.340637714 0.0184765868
v 0.199645877 -0.33997789 0.0268806387
v 0.202364385 -0.340636045 0.0305556208
v 0.207028672 -0.341639131 0.032315921
v 0.198879585 -0.340183228 0.0273046792
v 0.1980481 -0.340406001 0.0275657997
v 0.205113754 -0.342152208 0.0339428745
v 0.200859994 -0.341039151 0.0313880965
v 0.21022591 -0.343815058 0.0348410532
v 0.199227631 -0.34147653 0.0319007337
v 0.196318701 -0.340869397 0.0275657978
v 0.197530061 -0.341931403 0.0320738256
v 0.195832461 -0.342386276 0.03190073
v 0.20292905 -0.342737615 0.0351518095
v 0.198093265 -0.34403336 0.0361476354
v 0.195627987 -0.344693929 0.0358962603
v 0.207788289 -0.344468206 0.0369121172
v 0.213151753 -0.346726984 0.0369135477
v 0.205007225 -0.345213383 0.0384510532
v 0.201989606 -0.34602198 0.0393987224
v 0.198851421 -0.346862853 0.0397187062
v 0.195713207 -0.347703725 0.0393987149
v 0.210285127 -0.347495109 0.0393491089
v 0.215693638 -0.350263 0.0384536497
v 0.207014605 -0.348371416 0.0411588959
v 0.203465894 -0.349322289 0.0422733538
v 0.199775398 -0.35031116 0.0426496528
v 0.196084872 -0.351300031 0.0422733426
v 0.212508217 -0.351116538 0.0411600806
v 0.217753798 -0.354287118 0.0394020826
v 0.214372039 -0.355193257 0.042275317
v 0.208873972 -0.352090329 0.0431711338
v 0.2105138 -0.35622707 0.0444103181
v 0.204930604 -0.35314694 0.0444095321
v 0.206327394 -0.35734883 0.0457250439
v 0.200829685 -0.354245782 0.044827681
v 0.201973721 -0.358515382 0.0461689681
v 0.196728706 -0.355344623 0.0444095246
v 0.19761999 -0.359681964 0.0457250327
v -0.309967816 0.0626650229 0.026886031
v -0.309600562 0.0627611503 0.0229683612
v -0.311508924 0.0585540757 0.0229826123
v -0.311820507 0.0584726892 0.026314225
v -0.308958709 0.0671525151 0.027310947
v -0.308549941 0.0672601163 0.0229578111
v -0.311044306 0.0623765774 0.0305599235
v -0.312735915 0.0582274124 0.0294382945
v -0.310154915 0.0668319836 0.0313934237
v -0.308832049 0.0717625991 0.0275726207
v -0.30839777 0.071877867 0.0229513347
v -0.310101986 0.0714223161 0.0319067128
v -0.31279245 0.0619081669 0.0339458026
v -0.314222425 0.0578291006 0.0323174521
v -0.315145016 0.0612777919 0.0369135477
v -0.31209746 0.0663114861 0.0351558551
v -0.31471169 0.0656110048 0.0384536497
v -0.317897111 0.0647574738 0.0411600769
v -0.318011642 0.0605096817 0.0393491089
v -0.314939618 0.0701260865 0.0394020826
v -0.312164247 0.0708697364 0.0359010324
v -0.321531355 0.0637836829 0.0431711338
v -0.321282178 0.0596333481 0.0411588959
v -0.325474709 0.0627270564 0.0444095321
v -0.318321377 0.0692199469 0.042275317
v -0.322179586 0.0681861341 0.0444103181
v -0.326366007 0.0670643896 0.0457250401
v -0.33071968 0.0658978298 0.0461689644
v -0.331909478 0.0703382194 0.0466218702
v -0.327470452 0.0715276524 0.0461692475
v -0.333099276 0.0747786164 0.0461689681
v -0.323201984 0.0726713911 0.0448287502
v -0.319268107 0.073725462 0.0426518917
v -0.328745604 0.0759451836 0.0457250439
v -0.324559182 0.0770669281 0.0444103181
v -0.315820068 0.0746493712 0.0397223346
v -0.320700973 0.0781007335 0.042275317
v -0.312990308 0.0754075944 0.0361526571
v -0.317319214 0.0790068805 0.0394020826
v -0.310887605 0.0759710148 0.0320800319
v -0.314543873 0.0797505304 0.0359010361
v -0.309592783 0.076317966 0.027660979
v -0.30915004 0.0764365941 0.0229491498
v -0.312481582 0.0803031102 0.0319067128
v -0.311211646 0.0806433931 0.0275726207
v -0.310777903 0.0807607174 0.0229513347
v -0.313626379 0.0845725164 0.027310947
v -0.313218564 0.0846837163 0.022957813
v -0.314822584 0.0842519924 0.0313934237
v -0.31676513 0.0837314874 0.0351558551
v -0.319379359 0.0830310136 0.0384536497
v -0.31674403 0.0879542455 0.0268860329
v -0.316377908 0.0880546272 0.0229683612
v -0.317820519 0.0876658037 0.0305599254
v -0.319568664 0.0871973932 0.0339458026
v -0.321921259 0.0865670219 0.0369135477
v -0.320444703 0.0906585678 0.0263142288
v -0.320134133 0.090743877 0.0229826141
v -0.321360081 0.0904132873 0.0294382963
v -0.322846591 0.0900149792 0.0323174521
v -0.324847102 0.0894789472 0.0348410532
v -0.324585944 0.0925815552 0.0256175399
v -0.324342549 0.0926483124 0.0230000578
v -0.325305045 0.0923888683 0.0280716997
v -0.326472819 0.0920759737 0.030333465
v -0.328044325 0.0916548818 0.032315921
v -0.329008549 0.0936493725 0.0248227715
v -0.328802109 0.093689613 0.0230454374
v -0.329503745 0.0935166925 0.0265127141
v -0.331389993 0.0930112675 0.0294352937
v -0.232188523 -0.319554955 0.0230652764
v -0.232103348 -0.319532126 0.0239604861
v -0.235943928 -0.321947783 0.0248227548
v -0.227872968 -0.317931473 0.0230652783
v -0.23854056 -0.331624955 0.0369135216
v -0.235673949 -0.33085683 0.0393490903
v -0.235788479 -0.335104644 0.0411600545
v -0.23215425 -0.334130853 0.0431711189
v -0.23150602 -0.338533312 0.0444103032
v -0.235364228 -0.339567095 0.0422752909
v -0.230483621 -0.343018562 0.0448287316
v -0.238973916 -0.335958183 0.0384536199
v -0.24089314 -0.332255334 0.0339457728
v -0.239463165 -0.32817626 0.0323174261
v -0.234417483 -0.34407264 0.0426518694
v -0.229126409 -0.347414106 0.0444102995
v -0.238745987 -0.340473235 0.0394020528
v -0.241588131 -0.336658657 0.0351558179
v -0.240949675 -0.328574568 0.0294382665
v -0.23852101 -0.32489118 0.0280716754
v -0.24264127 -0.332723737 0.03055989
v -0.241521329 -0.341216892 0.0359009951
v -0.23924011 -0.325083852 0.0256175157
v -0.241865054 -0.328819841 0.0263141952
v -0.243530661 -0.337179154 0.0313933864
v -0.236142844 -0.32201618 0.0230454206
v -0.239484265 -0.325147748 0.0230000317
v -0.242176652 -0.328901231 0.0229825806
v -0.232103348 -0.319532126 0.0221700668
v -0.227872968 -0.317931473 0.0230652783
v -0.236042708 -0.322017491 0.0212852266
v -0.231851131 -0.319464535 0.0213092584
v -0.227872968 -0.317931473 0.0230652783
v -0.23554118 -0.321883112 0.0195735861
v -0.24371776 -0.333012164 0.0268859956
v -0.244085014 -0.333108306 0.0229683239
v -0.231441543 -0.319354802 0.0205159355
v -0.227872968 -0.317931473 0.0230652783
v -0.234726742 -0.32166487 0.0179961286
v -0.230890319 -0.319207102 0.0198205803
v -0.227872968 -0.317931473 0.0230652783
v -0.232295141 -0.321013331 0.0154787637
v -0.244726881 -0.337499678 0.027310906
v -0.24513562 -0.337607265 0.022957772
v -0.230218649 -0.319027126 0.0192499179
v -0.227872968 -0.317931473 0.0230652783
v -0.229452357 -0.318821788 0.0188258793
v -0.227872968 -0.317931473 0.0230652783
v -0.230771437 -0.320605069 0.0146355964
v -0.228620887 -0.318599015 0.018564757
v -0.227872968 -0.317931473 0.0230652783
v -0.229118124 -0.320162058 0.0141163757
v -0.227756187 -0.318367302 0.0184765868
v -0.227872968 -0.317931473 0.0230652783
v -0.227398723 -0.319701344 0.0139410598
v -0.226891473 -0.318135619 0.0185647588
v -0.227872968 -0.317931473 0.0230652783
v -0.224026009 -0.318797618 0.0146356011
v -0.226060003 -0.317912817 0.0188258812
v -0.227872968 -0.317931473 0.0230652783
v -0.225293711 -0.317707479 0.0192499235
v -0.227872968 -0.317931473 0.0230652783
v -0.222502306 -0.318389356 0.015478773
v -0.224622056 -0.317527533 0.0198205877
v -0.227872968 -0.317931473 0.0230652783
v -0.221166775 -0.31803149 0.016613489
v -0.224070832 -0.317379832 0.0205159429
v -0.227872968 -0.317931473 0.0230652783
v -0.22007072 -0.317737818 0.0179961454
v -0.223661244 -0.31727007 0.0213092696
v -0.227872968 -0.317931473 0.0230652783
v -0.219256282 -0.317519575 0.0195736028
v -0.223409012 -0.317202479 0.0221700743
v -0.227872968 -0.317931473 0.0230652783
v -0.218754753 -0.317385197 0.0212852433
v -0.223323852 -0.31717968 0.0230652858
v -0.227872968 -0.317931473 0.0230652783
v -0.218668699 -0.317333996 0.0230454374
v -0.223409027 -0.317202479 0.0239604935
v -0.227872968 -0.317931473 0.0230652783
v -0.218875155 -0.317374229 0.0248227715
v -0.214209154 -0.318375289 0.0230000578
v -0.223661244 -0.31727007 0.0248213001
v -0.227872968 -0.317931473 0.0230652783
v -0.21445255 -0.318442047 0.0256175399
v -0.210000739 -0.320279717 0.0229826141
v -0.21937032 -0.317506909 0.0265127141
v -0.224070832 -0.317379832 0.0256146248
v -0.227872968 -0.317931473 0.0230652783
v -0.210311279 -0.320365041 0.0263142288
v -0.206244513 -0.32296899 0.0229683612
v -0.21517165 -0.318634719 0.0280716997
v -0.220174447 -0.31772238 0.0280701723
v -0.224622056 -0.317527533 0.0263099782
v -0.227872968 -0.317931473 0.0230652783
v -0.206610635 -0.323069364 0.0268860329
v -0.203085169 -0.3263399 0.022957813
v -0.211226672 -0.320610315 0.0294382963
v -0.216339409 -0.318947613 0.030333465
v -0.221256599 -0.318012327 0.0294352937
v -0.225293726 -0.317707479 0.0268806387
v -0.227872968 -0.317931473 0.0230652783
v -0.217910931 -0.31936872 0.032315921
v -0.212713182 -0.321008623 0.0323174521
v -0.207687125 -0.323357791 0.0305599254
v -0.222575217 -0.318365663 0.0305556208
v -0.226060018 -0.317912817 0.0273046792
v -0.227872968 -0.317931473 0.0230652783
v -0.203492969 -0.326451093 0.027310947
v -0.200644508 -0.330262899 0.0229513347
v -0.201078251 -0.330380201 0.0275726207
v -0.199016646 -0.334587008 0.0229491498
v -0.204689175 -0.326771617 0.0313934237
v -0.209435254 -0.323826194 0.0339458026
v -0.199459374 -0.334705651 0.027660979
v -0.198264346 -0.33914575 0.0229513347
v -0.202348188 -0.330720484 0.0319067128
v -0.20663172 -0.327292114 0.0351558551
v -0.214713693 -0.321544647 0.0348410532
v -0.211787835 -0.324456573 0.0369135477
v -0.204410449 -0.331273079 0.0359010361
v -0.219825834 -0.319881827 0.0339428745
v -0.217151299 -0.322197825 0.0369121172
v -0.20924595 -0.327992588 0.0384536497
v -0.214654475 -0.325224698 0.0393491089
v -0.224079609 -0.31876877 0.0313880965
v -0.222010538 -0.320467204 0.0351518095
v -0.219932362 -0.322943002 0.0384510532
v -0.226891488 -0.318135619 0.0275657997
v -0.227872968 -0.317931473 0.0230652783
v -0.225711957 -0.319206148 0.0319007337
v -0.227756187 -0.318367302 0.027653968
v -0.227872968 -0.317931473 0.0230652783
v -0.227409542 -0.319661021 0.0320738256
v -0.224381074 -0.321102381 0.0358962677
v -0.226846322 -0.321762949 0.0361476354
v -0.222949982 -0.323751569 0.0393987224
v -0.226088166 -0.324592441 0.0397187062
v -0.217924982 -0.326101035 0.0411588959
v -0.221473694 -0.327051908 0.0422733538
v -0.22516419 -0.328040749 0.0426496528
v -0.212431386 -0.328846127 0.0411600806
v -0.216065615 -0.329819918 0.0431711338
v -0.220008999 -0.330876529 0.0444095321
v -0.224109918 -0.331975371 0.044827681
v -0.207185805 -0.332016736 0.0394020826
v -0.210567564 -0.332922876 0.042275317
v -0.214425787 -0.333956659 0.0444103181
v -0.218612209 -0.335078418 0.0457250439
v -0.222965881 -0.336244971 0.0461689681
v -0.217337057 -0.339495957 0.0461692475
v -0.221776083 -0.340685368 0.0466218702
v -0.213068575 -0.338352203 0.0448287502
v -0.209134713 -0.337298125 0.0426518917
v -0.205686659 -0.336374223 0.0397223346
v -0.216232598 -0.343959212 0.0457250401
v -0.220586285 -0.345125765 0.0461689644
v -0.212046191 -0.342837453 0.0444103181
v -0.208187968 -0.34180367 0.042275317
v 0.199260265 -0.341511041 0.0141163804
v 0.197540864 -0.341971755 0.0139410598
v 0.196980491 -0.339880407 0.0132842781
v 0.198823661 -0.339386523 0.013472219
v 0.200913578 -0.341068029 0.0146356011
v 0.20059599 -0.338911623 0.0140288165
v 0.202437282 -0.340659738 0.015478773
v 0.202229366 -0.338473976 0.0149326809
v 0.203772828 -0.340301901 0.016613489
v 0.204835981 -0.337775528 0.017631257
v 0.204868868 -0.340008199 0.0179961454
v 0.205683306 -0.339789987 0.0195736028
v 0.205709055 -0.33754158 0.0193222649
v 0.206184834 -0.339655608 0.0212852433
v 0.206246674 -0.337397546 0.0211571157
v 0.206270903 -0.339604378 0.0230454374
v 0.206503913 -0.337354213 0.0230833422
v -0.199834406 -0.348358572 0.026886031
v -0.199467152 -0.348262459 0.0229683612
v -0.201375514 -0.352469534 0.0229826123
v -0.201687112 -0.352550924 0.026314225
v -0.1988253 -0.343871087 0.027310947
v -0.198416531 -0.343763471 0.0229578111
v -0.200910896 -0.348647028 0.0305599235
v -0.202602506 -0.352796197 0.0294382945
v -0.202659026 -0.349115431 0.0339458026
v -0.200021505 -0.344191611 0.0313934237
v -0.201964051 -0.344712108 0.0351558551
v -0.20457828 -0.345412582 0.0384536497
v -0.204806194 -0.34089753 0.0394020826
v -0.202030852 -0.340153873 0.0359010324
v -0.199968591 -0.339601278 0.0319067128
v -0.19869864 -0.339260995 0.0275726207
v -0.202856913 -0.335615993 0.0361526571
v -0.20075421 -0.33505258 0.0320800319
v -0.324459225 0.0550861582 0.0393987224
v -0.32759738 0.0542452857 0.0397187024
v -0.328521371 0.0576936118 0.0426496528
v -0.332211912 0.0567047372 0.0422733426
v -0.321441591 0.0558947287 0.0384510495
v -0.322003454 0.0527115464 0.0351518095
v -0.319818735 0.0532969348 0.0339428745
v -0.32144168 0.0506092124 0.0305556227
v -0.322244018 0.049007643 0.0256146248
v -0.322795242 0.0488599464 0.0263099801
v -0.325812578 0.0475843064 0.0230652746
v -0.32483089 0.0586824752 0.0422733538
v -0.318660527 0.0566399097 0.0369121134
v -0.317903847 0.0538100302 0.0323159173
v -0.319040924 0.0512524955 0.0280701723
v -0.316222906 0.0572930686 0.0348410495
v -0.31633231 0.0542311221 0.030333465
v -0.318236798 0.0514679588 0.0265127141
v -0.321582198 0.049184978 0.0221700724
v -0.315164566 0.0545440204 0.0280716997
v -0.314445466 0.0547366999 0.0256175399
v -0.317542702 0.0516690202 0.0230454374
v -0.314201295 0.0548005849 0.0230000541
v -0.317642838 0.051670339 0.0212852415
v -0.318144381 0.0515359566 0.0195735991
v -0.322244018 0.0490076467 0.0205159374
v -0.318958819 0.0513177291 0.0179961398
v -0.323466897 0.0486799777 0.0192499161
v -0.320054859 0.0510240458 0.0166134834
v -0.32139039 0.050666187 0.0154787665
v -0.322914124 0.05025791 0.0146355964
v -0.324567437 0.049814906 0.0141163738
v -0.325929374 0.048020158 0.0184765793
v -0.326286823 0.0493541956 0.0139410524
v -0.328006208 0.0488934852 0.0141163683
v -0.329659551 0.0484504811 0.0146355899
v -0.329063505 0.0471803695 0.0198205765
v -0.331183255 0.0480422042 0.0154787572
v -0.332518786 0.0476843454 0.0166134704
v -0.329614729 0.0470326692 0.0205159318
v -0.333614826 0.0473906621 0.0179961231
v -0.330024332 0.0469229184 0.0213092547
v -0.334429264 0.0471724346 0.0195735823
v -0.330276549 0.0468553379 0.0221700631
v -0.334930807 0.0470380485 0.0212852247
v -0.335016876 0.0469868369 0.0230454188
v -0.330276549 0.0468553379 0.0239604842
v -0.334810406 0.0470270738 0.0248227548
v -0.339476407 0.0480281413 0.0230000298
v -0.339233011 0.0480948985 0.0256175138
v -0.33431524 0.0471597575 0.0265126973
v -0.343684822 0.0499325693 0.0229825806
v -0.333511144 0.0473752171 0.0280701574
v -0.329063505 0.0471803695 0.0263099726
v -0.32839185 0.0473603383 0.0268806387
v -0.331110358 0.0480185002 0.0305556133
v -0.338513911 0.0482875779 0.0280716754
v -0.337346166 0.0486004762 0.0303334445
v -0.33577466 0.0490215644 0.0323159024
v -0.333859742 0.0495346598 0.0339428596
v -0.343374282 0.0500178859 0.0263141952
v -0.347441047 0.0526218265 0.022968322
v -0.342458904 0.050263159 0.0294382647
v -0.340972394 0.050661467 0.0323174261
v -0.338971883 0.051197499 0.0348410271
v -0.336534292 0.0518506542 0.0369120985
v -0.347074926 0.0527222008 0.0268859938
v -0.350600392 0.0559927337 0.0229577702
v -0.345998436 0.0530106463 0.03055989
v -0.344250321 0.0534790531 0.0339457728
v -0.341897756 0.0541094244 0.0369135216
v 0.193175256 -0.379184574 0.0369135216
v 0.196041882 -0.378416479 0.0393490903
v 0.198538721 -0.381443352 0.0369120985
v 0.184472606 -0.377301276 0.0229577702
v 0.184880391 -0.377190083 0.027310906
v 0.187998056 -0.380571812 0.0268859938
v 0.189074546 -0.380283356 0.03055989
v 0.182031944 -0.373378277 0.02295129
v 0.190822676 -0.379814953 0.0339457728
v 0.186076611 -0.376869559 0.0313933827
v 0.188019142 -0.376349062 0.0351558179
v 0.182465672 -0.373260945 0.027572576
v 0.180404082 -0.369054139 0.0229491051
v 0.183735609 -0.372920662 0.0319066718
v 0.190633357 -0.375648588 0.0384536162
v 0.18084681 -0.368935525 0.0276609343
v 0.179651782 -0.364495426 0.02295129
v 0.18579787 -0.372368097 0.0359009951
v 0.182141632 -0.368588567 0.032079991
v 0.180086076 -0.364380151 0.0275725778
v 0.179803967 -0.359877676 0.022957772
v 0.180212721 -0.35977006 0.027310906
v 0.180854589 -0.355378717 0.0229683239
v 0.181356013 -0.364039868 0.0319066718
v 0.18424432 -0.368025154 0.0361526161
v 0.188573211 -0.37162444 0.039402049
v 0.181221843 -0.355282575 0.0268859956
v 0.182762951 -0.351171643 0.0229825806
v 0.181408927 -0.359449536 0.0313933864
v 0.183418274 -0.363487303 0.0359009951
v 0.187074065 -0.367266923 0.0397223011
v 0.183074534 -0.351090252 0.0263141952
v 0.185455322 -0.347418129 0.0230000317
v 0.182298318 -0.354994118 0.03055989
v 0.183351472 -0.358929038 0.0351558179
v 0.1861936 -0.362743646 0.0394020528
v 0.183989927 -0.350844979 0.0294382665
v 0.184046447 -0.354525715 0.0339457728
v 0.186418578 -0.347161561 0.0280716754
v 0.188796744 -0.344286561 0.0230454206
v 0.188995659 -0.344218194 0.0248227548
v 0.185965687 -0.358228564 0.0384536199
v 0.185476422 -0.350446671 0.0323174261
v 0.186399028 -0.353895366 0.0369135216
v 0.189575359 -0.361837506 0.0422752909
v 0.189151108 -0.357375026 0.0411600545
v 0.190522119 -0.366343021 0.0426518694
v 0.19195497 -0.3707183 0.0422752909
v 0.194455966 -0.365288973 0.0448287316
v 0.193818793 -0.374795049 0.0411600545
v 0.199312389 -0.377540141 0.041158881
v 0.197453022 -0.373821259 0.0431711152
v 0.2028611 -0.376589268 0.0422733426
v 0.195813179 -0.369684488 0.0444102995
v 0.201396391 -0.372764647 0.0444095172
v 0.206551626 -0.375600398 0.0426496528
v 0.199999586 -0.368562758 0.045725029
v 0.205497354 -0.371665776 0.0448276773
v 0.210242122 -0.374611527 0.0422733538
v 0.209598273 -0.370566934 0.0444095321
v 0.213790834 -0.373660654 0.0411588959
v 0.204353318 -0.367396176 0.0461689644
v 0.198724449 -0.364145219 0.0461692363
v 0.193433583 -0.360803694 0.0444103032
v 0.20316352 -0.362955779 0.0466218702
v 0.19761999 -0.359681964 0.0457250327
v 0.20316352 -0.362955779 0.0466218702
v 0.201973721 -0.358515382 0.0461689681
v 0.192785338 -0.356401235 0.0431711189
v 0.196728706 -0.355344623 0.0444095246
v 0.189265653 -0.353127241 0.0393490903
v 0.19253616 -0.352250904 0.041158881
v 0.196084872 -0.351300031 0.0422733426
v 0.192695588 -0.348512292 0.038451042
v 0.195713207 -0.347703725 0.0393987149
v 0.189914539 -0.349257469 0.0369120985
v 0.187476918 -0.349910617 0.0348410308
v 0.193257451 -0.345329106 0.035151802
v 0.195627987 -0.344693929 0.0358962603
v 0.191072762 -0.345914483 0.0339428596
v 0.189157858 -0.34642759 0.0323159024
v 0.194200099 -0.342823654 0.0313880891
v 0.195832461 -0.342386276 0.03190073
v 0.192695707 -0.343226761 0.0305556115
v 0.191377103 -0.343580097 0.0294352826
v 0.190294951 -0.343870044 0.0280701574
v 0.19349806 -0.341625184 0.0256146174
v 0.194049269 -0.341477484 0.0263099708
v 0.194720939 -0.341297537 0.0268806349
v 0.19706662 -0.340201855 0.0230652783
v 0.193088472 -0.341734946 0.0248212926
v 0.19283624 -0.341802537 0.0239604861
v 0.195487231 -0.341092199 0.0273046754
v 0.196318701 -0.340869397 0.0275657978
v 0.19275108 -0.341825336 0.0230652764
v 0.19283624 -0.341802537 0.0221700668
v 0.188896894 -0.344287902 0.0212852266
v 0.193088472 -0.341734946 0.0213092584
v 0.189398423 -0.344153494 0.0195735861
v 0.19349806 -0.341625184 0.0205159355
v 0.190212861 -0.343935281 0.0179961286
v 0.194049284 -0.341477484 0.0198205803
v 0.191308916 -0.343641579 0.016613476
v 0.194720939 -0.341297537 0.0192499179
v 0.192644447 -0.343283743 0.0154787637
v 0.195487231 -0.341092199 0.0188258793
v 0.194168165 -0.342875451 0.0146355964
v 0.196318701 -0.340869397 0.018564757
v 0.197183415 -0.340637714 0.0184765868
v 0.195821479 -0.342432439 0.0141163757
v 0.197540864 -0.341971755 0.0139410598
v 0.0218563545 0.278743267 0.0230454188
v 0.0219424218 0.278794497 0.0212852247
v 0.0218805838 0.276536435 0.0211570933
v 0.0216233395 0.276493102 0.0230833218
v 0.022418214 0.27668047 0.0193222426
v 0.022443952 0.278928876 0.0195735823
v 0.0232912786 0.276914418 0.0176312346
v 0.0232583918 0.279147089 0.0179961231
v 0.0244662259 0.277229249 0.0161490571
v 0.0243544411 0.27944079 0.0166134704
v 0.0258979034 0.277612865 0.0149326641
v 0.0256899837 0.279798657 0.0154787572
v 0.0275312904 0.278050542 0.0140288025
v 0.0272136908 0.280206919 0.0146355899
v 0.0293036196 0.278525412 0.0134722097
v 0.0288670119 0.28064993 0.0141163683
v 0.0311467797 0.279019296 0.0132842716
v 0.0305864066 0.281110644 0.0139410524
v 0.0329899415 0.27951318 0.0134722115
v 0.0323057994 0.281571358 0.0141163738
v 0.034762267 0.27998805 0.014028809
v 0.0339591205 0.28201434 0.0146355964
v 0.0363956541 0.280425727 0.0149326734
v 0.0354828238 0.282422632 0.0154787665
v 0.0378273278 0.280809343 0.0161490683
v 0.0368183665 0.282780498 0.0166134834
v 0.0390022732 0.281124175 0.0176312495
v 0.037914414 0.28307417 0.0179961398
v 0.039875336 0.281358093 0.0193222594
v 0.0392303765 0.283426791 0.0212852415
v 0.0404129624 0.281502157 0.0211571101
v 0.0406574085 0.281593263 0.0230833404
v 0.039330516 0.28342545 0.0230454374
v 0.222312629 -0.380046755 0.0258646253
v 0.222577721 -0.379974335 0.0231246091
v 0.218159109 -0.383630544 0.0268485621
v 0.225186929 -0.375952125 0.0266276859
v 0.225523561 -0.375860035 0.023140477
v 0.221523911 -0.380258083 0.0285563748
v 0.224183217 -0.376221091 0.0300531629
v 0.227215096 -0.371358395 0.0272538681
v 0.227610171 -0.37125048 0.0231534429
v 0.226034969 -0.371674597 0.0312814638
v 0.228319332 -0.366441995 0.0277191401
v 0.228757679 -0.366322815 0.0231630411
v 0.227008104 -0.366793334 0.0321941227
v 0.228457272 -0.361391783 0.0280056428
v 0.228922293 -0.361266196 0.0231689345
v 0.227065325 -0.361764759 0.0327561162
v 0.227623671 -0.356401712 0.0281023812
v 0.228097871 -0.356274635 0.023170922
v 0.22620447 -0.356781989 0.0329458714
v 0.225850552 -0.351663351 0.0280056447
v 0.226316065 -0.351539612 0.0231689345
v 0.224458605 -0.352036327 0.0327561162
v 0.223205984 -0.347358704 0.0277191419
v 0.223645195 -0.347242773 0.023163043
v 0.221894756 -0.347710043 0.0321941227
v 0.219791502 -0.343653113 0.0272538718
v 0.22018759 -0.343549043 0.0231534448
v 0.21861136 -0.343969315 0.0312814638
v 0.215738177 -0.340688884 0.0266276859
v 0.216075763 -0.340600342 0.0231404789
v 0.214734465 -0.34095785 0.0300531648
v 0.211201653 -0.338579983 0.0258646272
v 0.21146743 -0.338510185 0.023124611
v 0.206356123 -0.3374075 0.0249939878
v 0.206503913 -0.337354213 0.0230833422
v 0.205812708 -0.337553114 0.0268485621
v 0.209132135 -0.339134514 0.0310371052
v 0.204930246 -0.337789565 0.0285577476
v 0.213104546 -0.341394573 0.0332101025
v 0.203742668 -0.338107795 0.0300558601
v 0.216694936 -0.344482839 0.034993317
v 0.207408458 -0.339596391 0.0332114808
v 0.210911036 -0.341982335 0.035977181
v 0.21976544 -0.348280609 0.036318291
v 0.214115858 -0.345173895 0.0382467769
v 0.222198203 -0.352642 0.0371341743
v 0.216899887 -0.349048436 0.039933145
v 0.223899812 -0.357399493 0.0374096595
v 0.219156235 -0.353457093 0.0409715697
v 0.224804938 -0.362370431 0.0371341743
v 0.220798269 -0.358230561 0.041322194
v 0.224878803 -0.3673639 0.0363182873
v 0.221762955 -0.363185525 0.0409715697
v 0.224118531 -0.372188121 0.0349933133
v 0.222013235 -0.368131727 0.039933145
v 0.222553298 -0.376657814 0.0332100987
v 0.221539468 -0.372879177 0.0382467732
v 0.220243111 -0.380601287 0.0310371034
v 0.220359787 -0.377245575 0.0359771773
v 0.218521535 -0.369067311 0.04289978
v 0.218519449 -0.381063133 0.0332114808
v 0.214217976 -0.386208743 0.0249953084
v 0.213767797 -0.386329353 0.0258672442
v 0.370549738 0.033081308 0.044120837
v 0.366320848 0.031948179 0.0464609526
v 0.369512469 0.0380168296 0.0445331298
v 0.365200758 0.0368615128 0.0469190627
v 0.3605223 0.0356079265 0.0483883135
v 0.359125495 0.0404471084 0.0479019843
v 0.363714099 0.0416766219 0.0464609526
v 0.357595444 0.0450503826 0.0464616492
v 0.367942989 0.0428097472 0.044120837
v 0.361917973 0.046208594 0.045104187
v 0.365901619 0.0472760089 0.04289978
v 0.36346665 0.0512440838 0.0409168191
v 0.359881282 0.0502833836 0.0429008417
v 0.355990916 0.0492409654 0.0441225879
v 0.351945132 0.0481568985 0.0445351154
v 0.35310024 0.0438458994 0.0469200015
v 0.350932568 0.0519358739 0.0413254313
v 0.354373515 0.0528578758 0.040974576
v 0.350101441 0.0550376363 0.0374141484
v 0.357682258 0.0537444539 0.0399354734
v 0.352805346 0.0557621457 0.0371384472
v 0.349483728 0.0573429614 0.0329514332
v 0.360731632 0.054561533 0.0382480584
v 0.35540539 0.0564588234 0.0363219157
v 0.357801586 0.0571008846 0.0349959433
v 0.351346672 0.0578421392 0.0327614807
v 0.349103183 0.0587631799 0.0281086694
v 0.354789019 0.0587645099 0.0312853269
v 0.353138059 0.0583221391 0.0321989022
v 0.350967437 0.0592627041 0.0277247671
v 0.348974466 0.0592436157 0.0230652783
v 0.348152786 0.0585085228 0.0280117616
v 0.347238928 0.058263652 0.0277247615
v 0.345658481 0.0578401759 0.0266314931
v 0.34505266 0.0576778427 0.0258672349
v 0.344602466 0.0575572178 0.0249952991
v 0.344325244 0.0574829355 0.0240491927
v 0.344231635 0.0574578531 0.0230652764
v 0.344325244 0.0574829355 0.0220813584
v 0.344602466 0.0575572178 0.0211352538
v 0.345658481 0.0578401759 0.0194990598
v 0.346396714 0.0580379814 0.0188718494
v 0.347238928 0.0582636558 0.0184057914
v 0.348152786 0.0585085228 0.018118795
v 0.349103183 0.0587631799 0.0180218872
v 0.347630769 0.0568857603 0.0134722162
v 0.349473923 0.0573796332 0.0132842781
v 0.350967437 0.0592627078 0.0184057951
v 0.351317078 0.0578735061 0.013472219
v 0.353089392 0.0583483987 0.0140288165
v 0.35180968 0.0594883822 0.0188718569
v 0.354722798 0.0587860607 0.0149326809
v 0.356154472 0.0591696762 0.0161490757
v 0.353153735 0.0598485172 0.0202633273
v 0.357329398 0.0594845042 0.017631257
v 0.353603899 0.0599691421 0.0211352613
v 0.358202457 0.0597184375 0.0193222649
v 0.353881121 0.0600434244 0.0220813677
v 0.358740091 0.0598624945 0.0211571157
v 0.353603899 0.0599691421 0.0249953084
v 0.353153706 0.0598485172 0.0258672424
v -0.327625573 0.0475656651 0.0273046792
v -0.325064689 0.0482518524 0.0275658034
v -0.327973604 0.048858989 0.03190073
v -0.326276034 0.0493138582 0.0320738256
v -0.331675053 0.0501200482 0.0351517983
v -0.329304516 0.0507552326 0.0358962603
v -0.333753228 0.0525958352 0.0384510383
v -0.326839238 0.051415801 0.0361476354
v -0.324578434 0.0497687235 0.0319007337
v -0.324233204 0.0484746471 0.027304681
v -0.330735624 0.053404402 0.0393987112
v -0.33903113 0.0548775345 0.0393490903
v -0.32437399 0.0520763621 0.0358962677
v -0.335760623 0.0557538643 0.041158881
v -0.323466897 0.0486799739 0.0268806424
v -0.346176118 0.089006111 0.0212852266
v -0.346276253 0.0890074298 0.0230454206
v -0.347603142 0.0908396393 0.0230833236
v -0.347358704 0.0909307301 0.0211570952
v -0.345674574 0.0891404971 0.0195735861
v -0.34682107 0.0910747945 0.0193222482
v -0.344860137 0.0893587247 0.0179961286
v -0.345948011 0.0913087279 0.0176312402
v -0.343764096 0.0896524116 0.016613476
v -0.344773054 0.0916235521 0.0161490608
v -0.342428535 0.0900102705 0.0154787637
v -0.34334138 0.0920071676 0.0149326706
v -0.340904832 0.0904185474 0.0146355964
v -0.341707975 0.0924448371 0.014028809
v -0.339251518 0.0908615515 0.0141163757
v -0.33993566 0.0929197297 0.0134722162
v -0.337532133 0.0913222581 0.0139410598
v -0.338092506 0.0934135988 0.0132842781
v -0.335016876 0.0469868369 0.0230454188
v -0.334930807 0.0470380485 0.0212852247
v -0.334992647 0.0447799861 0.0211570933
v -0.335249901 0.0447366498 0.0230833218
v -0.334455013 0.0449240431 0.0193222426
v -0.334429264 0.0471724346 0.0195735823
v -0.333581954 0.0451579802 0.0176312346
v -0.333614826 0.0473906621 0.0179961231
v -0.332406998 0.0454728045 0.0161490571
v -0.332518786 0.0476843454 0.0166134704
v -0.330975324 0.0458564237 0.0149326641
v -0.331183255 0.0480422042 0.0154787572
v -0.329341948 0.0462940857 0.0140288025
v -0.329659551 0.0484504811 0.0146355899
v -0.327569604 0.046768982 0.0134722097
v -0.328006208 0.0488934852 0.0141163683
v -0.325726449 0.0472628549 0.0132842716
v -0.326286823 0.0493541956 0.0139410524
v -0.323883295 0.0477567278 0.0134722115
v -0.324567437 0.049814906 0.0141163738
v -0.322110951 0.0482316203 0.014028809
v -0.322914124 0.05025791 0.0146355964
v -0.320477575 0.0486692861 0.0149326734
v -0.32139039 0.050666187 0.0154787665
v -0.319045901 0.0490529016 0.0161490683
v -0.320054859 0.0510240458 0.0166134834
v -0.317870945 0.0493677258 0.0176312495
v -0.318958819 0.0513177291 0.0179961398
v -0.316997886 0.0496016629 0.0193222594
v -0.318144381 0.0515359566 0.0195735991
v -0.316460282 0.0497457199 0.0211571101
v -0.317642838 0.051670339 0.0212852415
v -0.316215813 0.0498368107 0.0230833404
v -0.317542702 0.0516690202 0.0230454374
v -0.236042708 -0.322017491 0.0212852266
v -0.236142844 -0.32201618 0.0230454206
v -0.237469733 -0.320183963 0.0230833236
v -0.237225294 -0.320092857 0.0211570952
v -0.23554118 -0.321883112 0.0195735861
v -0.23668766 -0.319948822 0.0193222482
v -0.234726742 -0.32166487 0.0179961286
v -0.235814601 -0.319714874 0.0176312402
v -0.232295141 -0.321013331 0.0154787637
v -0.234639645 -0.319400042 0.0161490608
v -0.233207971 -0.319016427 0.0149326706
v -0.230771437 -0.320605069 0.0146355964
v -0.23157458 -0.31857878 0.014028809
v -0.229118124 -0.320162058 0.0141163757
v -0.229802251 -0.31810388 0.0134722162
v -0.227398723 -0.319701344 0.0139410598
v -0.227959096 -0.317609996 0.0132842781
v -0.224026009 -0.318797618 0.0146356011
v -0.226115942 -0.317116141 0.013472219
v -0.224343613 -0.316641241 0.0140288165
v -0.222502306 -0.318389356 0.015478773
v -0.222710222 -0.316203564 0.0149326809
v -0.221166775 -0.31803149 0.016613489
v -0.221278548 -0.315819949 0.0161490757
v -0.22007072 -0.317737818 0.0179961454
v -0.220103607 -0.315505117 0.017631257
v -0.219256282 -0.317519575 0.0195736028
v -0.219230548 -0.315271199 0.0193222649
v -0.218754753 -0.317385197 0.0212852433
v -0.218692914 -0.315127134 0.0211571157
v -0.218668699 -0.317333996 0.0230454374
v -0.218435675 -0.315083802 0.0230833422
v -0.203400135 -0.350608766 0.0382467732
v -0.202926368 -0.345861316 0.039933145
v -0.206418052 -0.3467969 0.04289978
v -0.206542745 -0.351450831 0.0409168191
v -0.213610753 -0.357394993 0.0409745723
v -0.214018479 -0.353453964 0.0441225879
v -0.218064278 -0.354538023 0.0445351154
v -0.2170517 -0.358316988 0.0413254276
v -0.21030198 -0.356508404 0.0399354696
v -0.210128129 -0.352411538 0.042900838
v -0.207252607 -0.355691344 0.0382480584
v -0.204579815 -0.354975164 0.0359771773
v -0.213516682 -0.360694259 0.0371384434
v -0.216220587 -0.361418754 0.0374141484
v -0.210916638 -0.359997571 0.0363219157
v -0.206420153 -0.358792752 0.0332114808
v -0.215602875 -0.363724083 0.0329514369
v -0.210297585 -0.362302542 0.0312853307
v -0.215222329 -0.365144312 0.0281086713
v -0.214271948 -0.364889652 0.0280117653
v -0.215093598 -0.365624726 0.0230652746
v -0.213358089 -0.364644766 0.027724769
v -0.215093598 -0.365624726 0.0230652746
v -0.212515861 -0.364419103 0.0272587109
v -0.215093598 -0.365624726 0.0230652746
v -0.211777642 -0.364221305 0.0266315024
v -0.215093598 -0.365624726 0.0230652746
v -0.211171791 -0.364058971 0.0258672442
v -0.215093598 -0.365624726 0.0230652746
v -0.20766294 -0.361596584 0.0285577476
v -0.210721612 -0.363938332 0.0249953084
v -0.215093598 -0.365624726 0.0230652746
v -0.204696476 -0.358330876 0.0310371034
v -0.206780478 -0.361360133 0.0268485621
v -0.215093598 -0.365624726 0.0230652746
v -0.203415677 -0.357987702 0.0285563748
v -0.202386305 -0.354387403 0.0332100987
v -0.200821057 -0.34991771 0.0349933133
v -0.215093598 -0.365624726 0.0230652746
v -0.215222329 -0.365144312 0.0281086713
v -0.215602875 -0.363724083 0.0329514369
v -0.216220587 -0.361418754 0.0374141484
v -0.218924522 -0.362143278 0.0371384397
v -0.220492691 -0.359239012 0.0409745611
v -0.2170517 -0.358316988 0.0413254276
v -0.222110108 -0.355622113 0.0441225767
v -0.218064278 -0.354538023 0.0445351154
v -0.22371465 -0.351431519 0.0464616343
v -0.219219401 -0.350227028 0.0469199978
v -0.225244701 -0.346828252 0.0479019657
v -0.220472723 -0.345549613 0.0483885482
v -0.226641506 -0.34198907 0.0483882986
v -0.221776083 -0.340685368 0.0488844067
v -0.227851436 -0.33709982 0.0479019694
v -0.223079443 -0.335821152 0.0483885519
v -0.228827998 -0.332348228 0.0464616381
v -0.22433275 -0.331143737 0.0469200015
v -0.229533717 -0.327916801 0.0441225767
v -0.225487888 -0.326832741 0.0445351154
v -0.233424067 -0.328959227 0.0429008231
v -0.229941443 -0.323975772 0.0409745649
v -0.226500452 -0.323053747 0.0413254313
v -0.233250201 -0.324862361 0.0399354585
v -0.230035514 -0.320676506 0.0371384397
v -0.227331579 -0.319951981 0.0374141484
v -0.232635543 -0.321373194 0.0363219045
v 0.0441128612 0.285003692 0.0258646253
v 0.0405027531 0.281565517 0.0249939859
v 0.0406574085 0.281593263 0.0230833404
v 0.0443779491 0.285076112 0.0231246091
v 0.0362954326 0.278916001 0.0220813658
v 0.0399593413 0.281419903 0.0268485621
v 0.0469871573 0.289098293 0.0266276859
v 0.0473237932 0.289190412 0.023140477
v 0.0433241464 0.284792334 0.0285563748
v 0.0459834523 0.288829356 0.0300531629
v 0.049015332 0.293692052 0.0272538681
v 0.0494103953 0.293799967 0.0231534429
v 0.0478351973 0.29337582 0.0312814638
v 0.0501195565 0.298608422 0.0277191401
v 0.0505579077 0.298727632 0.0231630411
v 0.0488083363 0.298257083 0.0321941227
v 0.0502575003 0.303658634 0.0280056428
v 0.0507225245 0.303784251 0.0231689345
v 0.048865553 0.303285688 0.0327561162
v 0.0494238995 0.308648735 0.0281023812
v 0.0498980992 0.308775812 0.023170922
v 0.048004698 0.308268458 0.0329458714
v 0.0476507768 0.313387096 0.0280056447
v 0.048116304 0.313510835 0.0231689345
v 0.0462588295 0.31301412 0.0327561162
v 0.0450062081 0.317691743 0.0277191419
v 0.045445431 0.317807674 0.023163043
v 0.0436949879 0.317340374 0.0321941227
v 0.0415917262 0.321397334 0.0272538718
v 0.0419878215 0.321501404 0.0231534448
v 0.0404115878 0.321081132 0.0312814638
v 0.0375384055 0.324361533 0.0266276859
v 0.037875995 0.324450105 0.0231404789
v 0.0365347005 0.324092597 0.0300531648
v 0.0330018774 0.326470435 0.0258646272
v 0.0332676657 0.326540262 0.023124611
v 0.0322131626 0.326259106 0.0285563767
v 0.0309323631 0.325915933 0.0310371052
v 0.0349047706 0.323655874 0.0332101025
v 0.0384951606 0.320567608 0.034993317
v 0.041565679 0.316769838 0.036318291
v 0.0439984389 0.312408447 0.0371341743
v 0.0457000397 0.307650924 0.0374096595
v 0.0466051623 0.302680016 0.0371341743
v 0.0466790274 0.297686547 0.0363182873
v 0.0459187664 0.292862326 0.0349933133
v 0.0443535224 0.288392633 0.0332100987
v 0.0433396921 0.29217127 0.0382467732
v 0.0420433469 0.28444916 0.0310371034
v 0.0421600118 0.287804872 0.0359771773
v 0.0390768871 0.281183451 0.0285577476
v 0.0401970781 0.291329205 0.0409168191
v 0.0403196774 0.283987314 0.0332114808
v 0.0394872129 0.287088692 0.0382480584
v 0.0355680287 0.278721094 0.0258672442
v 0.0316462256 0.27715531 0.0230652746
v 0.0378893055 0.280865252 0.0300558601
v 0.0324678719 0.277890384 0.0280117653
v 0.0382193848 0.283424526 0.0349959433
v -0.226846322 -0.321762949 0.0361476354
v -0.2293116 -0.322423518 0.0358962603
v -0.229107141 -0.320115864 0.03190073
v -0.227409542 -0.319661021 0.0320738256
v -0.231682137 -0.323058695 0.035151802
v -0.230739489 -0.320553273 0.0313880891
v -0.228620887 -0.318599015 0.0275657978
v -0.227756187 -0.318367302 0.027653968
v -0.227872968 -0.317931473 0.0230652783
v -0.229452372 -0.318821788 0.0273046754
v -0.227872968 -0.317931473 0.0230652783
v -0.230218664 -0.319027126 0.0268806349
v -0.227872968 -0.317931473 0.0230652783
v -0.233562484 -0.321309686 0.0294352826
v -0.230890319 -0.319207102 0.0263099708
v -0.227872968 -0.317931473 0.0230652783
v -0.233866841 -0.323644102 0.0339428596
v -0.232244 -0.326241881 0.038451042
v -0.231441543 -0.319354802 0.0256146174
v -0.227872968 -0.317931473 0.0230652783
v -0.235025048 -0.326987058 0.0369120985
v -0.232403427 -0.329980522 0.041158881
v -0.235781744 -0.324157178 0.0323159024
v -0.234644651 -0.321599662 0.0280701574
v -0.231851131 -0.319464535 0.0248212926
v -0.227872968 -0.317931473 0.0230652783
v -0.23746267 -0.327640235 0.0348410308
v -0.237353265 -0.324578285 0.0303334463
v -0.235448763 -0.321815103 0.0265126973
v -0.227872968 -0.317931473 0.0230652783
v -0.313059777 0.0651622862 0.039933145
v -0.313310027 0.0701084733 0.0409715697
v -0.317016691 0.0691152737 0.044120837
v -0.318053961 0.074050799 0.0445331298
v -0.314274728 0.0750634372 0.041322194
v -0.322365642 0.0728954822 0.0469190627
v -0.323852301 0.0777105913 0.0464609526
v -0.329970956 0.0810843557 0.0464616492
v -0.319623411 0.0788437203 0.044120837
v -0.315916777 0.0798369125 0.0409715697
v -0.325648457 0.0822425634 0.045104187
v -0.32166481 0.0833099782 0.04289978
v -0.31817311 0.0842455775 0.039933145
v -0.324099749 0.0872780532 0.0409168191
v -0.320957154 0.0881201103 0.0382467769
v -0.327685148 0.086317353 0.0429008417
v -0.331575483 0.0852749348 0.0441225879
v -0.335621297 0.0841908678 0.0445351154
v -0.334466159 0.0798798651 0.0469200015
v -0.336633861 0.087969847 0.0413254313
v -0.333192915 0.0888918415 0.040974576
v -0.337464988 0.0910716057 0.0374141484
v -0.329884142 0.0897784233 0.0399354734
v -0.334761053 0.091796115 0.0371384472
v -0.338082671 0.0933769345 0.0329514332
v -0.326834768 0.0905954987 0.0382480584
v -0.324161977 0.0913116783 0.035977181
v -0.332161039 0.0924927965 0.0363219157
v -0.329764813 0.0931348503 0.0349959433
v -0.327664524 0.0936976224 0.0332114808
v -0.33442834 0.0943561047 0.0321989022
v -0.338463217 0.0947971493 0.0281086694
v -0.331330329 0.0951862186 0.0300558601
v -0.338591963 0.0952775851 0.0230652783
v -0.339413613 0.0945424959 0.0280117616
v -0.340327501 0.0942976251 0.0277247615
v -0.341169715 0.094071947 0.0272587035
v -0.341907918 0.093874149 0.0266314931
v -0.34251377 0.0937118083 0.0258672349
v -0.342963934 0.0935911834 0.0249952991
v -0.343334764 0.0934918225 0.0230652764
v -0.342963934 0.0935911834 0.0211352538
v -0.341907918 0.093874149 0.0194990598
v -0.341169715 0.094071947 0.0188718494
v -0.339413613 0.0945424959 0.018118795
v -0.338092506 0.0934135988 0.0132842781
v -0.33993566 0.0929197297 0.0134722162
v -0.337512821 0.0950518101 0.0181187969
v -0.336249352 0.0939074755 0.013472219
v -0.335756749 0.0955223516 0.0188718569
v -0.334477007 0.094382368 0.0140288165
v -0.332843632 0.09482003 0.0149326809
v -0.331411958 0.0952036455 0.0161490757
v -0.330237001 0.0955184698 0.017631257
v -0.3339625 0.0960031152 0.0211352613
v -0.329363942 0.0957524106 0.0193222649
v -0.3335917 0.0961024761 0.0230652858
v -0.328826308 0.0958964676 0.0211571157
v -0.328569084 0.0959398001 0.0230833422
v -0.33396253 0.0960031077 0.0249953084
v -0.328716874 0.0958864912 0.0249939878
v -0.32926029 0.0957408845 0.0268485621
v -0.334412694 0.0958824828 0.0258672424
v -0.330142736 0.0955044329 0.0285577476
v -0.335018545 0.0957201496 0.0266315006
v 2.93938192e-05 0.295413524 0.0231708717
v 0.00181119225 0.290678501 0.0231688861
v 0.00227670954 0.29080224 0.0280055963
v 0.0114323059 0.283621699 0.0349932797
v 0.00836179033 0.287419468 0.0363182463
v 0.00623248983 0.286848933 0.032194078
v 0.0140113784 0.284312755 0.0382467434
v 0.00366864493 0.291175216 0.0327560678
v 0.000503584335 0.295540571 0.0281023346
v -0.00079503539 0.300405085 0.0231688861
v 0.011227347 0.288187295 0.0399331115
v 0.0171539839 0.285154819 0.0409167968
v 0.00592902815 0.291780859 0.0371341296
v 0.00192277739 0.295920849 0.0329458266
v -0.000330019509 0.300530672 0.0280055963
v -0.000630416267 0.305461675 0.0231629964
v 0.0147190364 0.289122909 0.0428997539
v 0.0207393579 0.286115527 0.0429008231
v 0.00897099543 0.292595953 0.0409715325
v -0.000192078005 0.305580884 0.0277190972
v 0.000517095963 0.31038937 0.0231534038
v 0.001061916 0.300903648 0.0327560715
v 0.000912151649 0.310497284 0.0272538289
v 0.00422742311 0.296538383 0.0374096185
v 0.00260369759 0.314998925 0.0231404435
v 0.00111913937 0.305932224 0.0321940817
v 0.00332230143 0.301509321 0.0371341333
v 0.00732895453 0.29736945 0.0413221605
v 0.00294032693 0.315091014 0.0266276523
v 0.00554954493 0.319113225 0.0231245831
v 0.00209227577 0.310813487 0.0312814265
v 0.00324843894 0.306502759 0.03631825
v 0.00636426779 0.302324414 0.0409715362
v 0.00581462588 0.319185644 0.0258645993
v 0.00394402584 0.31535995 0.0300531313
v 0.00927008782 0.322596073 0.0230833236
v 0.00400869921 0.31132701 0.0349932797
v 0.0066033355 0.319396973 0.0285563506
v 0.00611399394 0.307270586 0.0399331115
v 0.00557394745 0.315796703 0.0332100727
v 0.00658777123 0.312018067 0.0382467471
v 0.00942473952 0.322623819 0.0249939691
v 0.0135384584 0.325248271 0.0230652764
v 0.0139092831 0.325347632 0.0211352538
v 0.00951453671 0.322687179 0.0211570952
v 0.0136320638 0.325273335 0.0240491927
v 0.0100521678 0.322831243 0.0193222482
v 0.0109252315 0.323065162 0.0176312402
v 0.0157035179 0.325828403 0.0188718494
v 0.0121001769 0.323379993 0.0161490608
v 0.0135318534 0.323763609 0.0149326706
v 0.0174596123 0.326298922 0.018118795
v 0.0151652414 0.324201286 0.014028809
v 0.0169375688 0.324676156 0.0134722162
v 0.00996814761 0.322769433 0.0268485434
v 0.00788413268 0.319740176 0.0310370829
v 0.0108505981 0.323005885 0.0285577308
v 0.0143594611 0.325468242 0.0258672349
v 0.0120381759 0.323324084 0.0300558452
v 0.0149652995 0.325630575 0.0266314931
v 0.00960779469 0.320202023 0.0332114622
v 0.00776745565 0.316384435 0.035977155
v 0.0134852426 0.323711812 0.0312853158
v 0.0117080836 0.32076478 0.0349959284
v 0.0104402499 0.317100614 0.0382480398
v 0.00973037723 0.312860131 0.0409167968
v 0.00960568432 0.308206201 0.0428997539
v 0.0133157503 0.313820809 0.0429008231
v 0.0134896189 0.317917705 0.0399354585
v 0.0141042843 0.321406841 0.0363219045
v 0.0100709144 0.303317606 0.0441208109
v 0.0135893216 0.309273601 0.0451041684
v 0.0142997932 0.304450721 0.046460934
v 0.0111081786 0.298382074 0.0445331
v 0.015419866 0.29953739 0.0469190441
v 0.0126776425 0.293589145 0.0441208109
v 0.0169065222 0.294722289 0.0464609303
v 0.0187026728 0.290190309 0.0451041646
v 0.024629714 0.287157953 0.0441225767
v 0.0230251718 0.291348517 0.0464616343
v 0.0286755469 0.288242012 0.0445351154
v 0.0214951225 0.295951784 0.0479019657
v 0.02752042 0.292553008 0.0469199978
v 0.0327213407 0.289326102 0.0441225879
v 0.0200983174 0.300790966 0.0483882986
v 0.0262671076 0.297230452 0.0483885482
v 0.0320156217 0.293757498 0.0464616455
v 0.0366117023 0.290368497 0.042900838
v 0.0188883953 0.305680245 0.0479019694
v 0.024963744 0.302094668 0.0488844067
v 0.0310390443 0.298509091 0.0479019806
v 0.0363381281 0.294915706 0.0451041833
v 0.0236603804 0.306958884 0.0483885519
v 0.0179118216 0.310431808 0.0464616381
v 0.0236603804 0.306958884 0.0483885519
v 0.0172061063 0.314863235 0.0441225767
v 0.0224070698 0.311636299 0.0469200015
v 0.0284323189 0.308237523 0.0479019843
v 0.0269022714 0.31284079 0.0464616492
v 0.0212519411 0.315947324 0.0445351154
v 0.0167983752 0.318804264 0.0409745649
v 0.0202393681 0.319726288 0.0413254313
v 0.0167043135 0.32210353 0.0371384397
v 0.019408254 0.322828054 0.0374141484
v 0.0151361888 0.324154198 0.0321988948
v 0.0174596086 0.326298922 0.0280117616
v 0.0169275701 0.324634194 0.0327614732
v 0.0187905449 0.325133383 0.0329514332
v 0.0184099991 0.326553583 0.0281086694
v 0.188896894 -0.344287902 0.0212852266
v 0.188796744 -0.344286561 0.0230454206
v 0.187469855 -0.342454374 0.0230833236
v 0.187714309 -0.342363268 0.0211570952
v 0.189398423 -0.344153494 0.0195735861
v 0.188251942 -0.342219204 0.0193222482
v 0.190212861 -0.343935281 0.0179961286
v 0.189125001 -0.341985285 0.0176312402
v 0.191308916 -0.343641579 0.016613476
v 0.192644447 -0.343283743 0.0154787637
v 0.191731617 -0.341286838 0.0149326706
v 0.194168165 -0.342875451 0.0146355964
v 0.195821479 -0.342432439 0.0141163757
v 0.195137337 -0.340374261 0.0134722162
v 0.197540864 -0.341971755 0.0139410598
v 0.196980491 -0.339880407 0.0132842781
v 0.370023698 0.0156350527 0.0230454374
v 0.373365134 0.0187666155 0.0230000541
v 0.375071138 0.0172857046 0.0231246091
v 0.371350586 0.0138028394 0.0230833404
v 0.378016979 0.0214000121 0.023140477
v 0.376057506 0.0225201063 0.0229826123
v 0.380103588 0.0260095615 0.0231534429
v 0.377965868 0.0267271847 0.0229683612
v 0.381251097 0.0309372302 0.0231630411
v 0.379016489 0.0312261451 0.0229578111
v 0.381415725 0.0359938443 0.0231689345
v 0.379168659 0.0358438939 0.0229513347
v 0.380591273 0.0409853905 0.023170922
v 0.378416359 0.040402621 0.0229491498
v 0.378809482 0.0457204133 0.0231689345
v 0.376788497 0.0447267443 0.0229513347
v 0.376138628 0.0500172563 0.023163043
v 0.374347836 0.0486497432 0.022957813
v 0.372681022 0.0537109934 0.0231534448
v 0.371188492 0.0520206541 0.0229683612
v 0.368569195 0.0566596799 0.0231404789
v 0.367432266 0.0547099113 0.0229826141
v 0.363960862 0.0587498546 0.023124611
v 0.363223851 0.0566143431 0.0230000578
v 0.358997345 0.0599058308 0.0230833422
v 0.358764321 0.0576556437 0.0230454374
v -0.330589712 0.0754644349 0.0581492372
v -0.334123582 0.0785635412 0.0581492372
v -0.338574409 0.0800743923 0.0581492372
v -0.32820344 0.0665586814 0.0581492372
v -0.328510851 0.071248889 0.0581492372
v -0.34326461 0.0797669813 0.0581492372
v -0.347480148 0.077688098 0.0581492372
v -0.35209012 0.0697034225 0.0581492372
v -0.350579262 0.0741542503 0.0581492372
v -0.332813382 0.0585739985 0.0581492372
v -0.329714268 0.0621078536 0.0581492372
v -0.341719151 0.0561877079 0.0581492372
v -0.337028921 0.0564951189 0.0581492372
v -0.349703819 0.060797669 0.0581492372
v -0.346169978 0.0576985627 0.0581492372
v -0.351782709 0.0650132149 0.0581492372
v -0.339476407 0.0480281413 0.0230000298
v -0.335016876 0.0469868369 0.0230454188
v -0.335249901 0.0447366498 0.0230833218
v -0.340213388 0.045892626 0.0231245812
v -0.343684822 0.0499325693 0.0229825806
v -0.344821721 0.0479828008 0.0231404435
v -0.347441047 0.0526218265 0.022968322
v -0.348933548 0.0509314872 0.0231534019
v -0.350600392 0.0559927337 0.0229577702
v -0.352391154 0.0546252206 0.0231629945
v -0.353041053 0.0599157326 0.02295129
v -0.355062038 0.0589220636 0.0231688861
v -0.354668915 0.0642398521 0.0229491051
v -0.356843829 0.0636570826 0.0231708717
v -0.355421215 0.0687985793 0.02295129
v -0.357668251 0.0686486363 0.0231688861
v -0.355269015 0.0734163299 0.022957772
v -0.357503653 0.0737052485 0.0231629964
v -0.354218423 0.077915296 0.0229683239
v -0.356356144 0.078632921 0.0231534038
v -0.352310061 0.0821223706 0.0229825806
v -0.354269534 0.0832424685 0.0231404435
v -0.34961766 0.0858758688 0.0230000317
v -0.351323694 0.087356776 0.0231245831
v -0.346276253 0.0890074298 0.0230454206
v -0.347603142 0.0908396393 0.0230833236
v 0.02628351 0.307220876 0.0581492372
v 0.0227496568 0.31031999 0.0581492372
v 0.018298829 0.311830819 0.0581492372
v 0.0286697987 0.298315138 0.0581492372
v 0.0283623859 0.303005338 0.0581492372
v 0.0136086196 0.311523408 0.0581492372
v 0.00939307269 0.309444547 0.0581492372
v 0.00478311488 0.301459849 0.0581492372
v 0.00629396923 0.305910707 0.0581492372
v 0.0240598414 0.29033044 0.0581492372
v 0.0271589458 0.29386428 0.0581492372
v 0.0151540833 0.287944138 0.0581492372
v 0.0198442936 0.288251549 0.0581492372
v 0.0071694036 0.29255411 0.0581492372
v 0.0107032526 0.289454997 0.0581492372
v 0.0050905277 0.296769649 0.0581492372
v 0.356976688 0.0394304618 0.0581492372
v 0.353442848 0.0425295681 0.0581492372
v 0.34899202 0.0440404192 0.0581492372
v 0.35936299 0.0305247139 0.0581492372
v 0.359055579 0.0352149159 0.0581492372
v 0.34430182 0.0437330082 0.0581492372
v 0.340086251 0.0416541323 0.0581492372
v 0.335476309 0.0336694531 0.0581492372
v 0.336987168 0.038120281 0.0581492372
v 0.354753017 0.0225400273 0.0581492372
v 0.357852131 0.0260738824 0.0581492372
v 0.345847279 0.0201537367 0.0581492372
v 0.350537479 0.0204611514 0.0581492372
v 0.337862581 0.0247636996 0.0581492372
v 0.341396451 0.0216645934 0.0581492372
v 0.33578372 0.0289792456 0.0581492372
v -0.220456317 -0.33555916 0.0581492372
v -0.223990172 -0.332460076 0.0581492372
v -0.228441 -0.330949217 0.0581492372
v -0.21807003 -0.344464928 0.0581492372
v -0.218377441 -0.339774728 0.0581492372
v -0.2331312 -0.331256628 0.0581492372
v -0.237346753 -0.333335489 0.0581492372
v -0.241956711 -0.341320187 0.0581492372
v -0.240445852 -0.336869359 0.0581492372
v -0.222679988 -0.352449596 0.0581492372
v -0.219580874 -0.348915756 0.0581492372
v -0.231585741 -0.354835898 0.0581492372
v -0.226895526 -0.354528487 0.0581492372
v -0.239570424 -0.350225925 0.0581492372
v -0.236036569 -0.353325039 0.0581492372
v -0.2416493 -0.346010387 0.0581492372
v -0.229343012 -0.362995446 0.0230000298
v -0.224883467 -0.364036769 0.0230454188
v -0.225116491 -0.366286963 0.0230833218
v -0.230079994 -0.365130961 0.0231245812
v -0.233551428 -0.361091018 0.0229825806
v -0.234688327 -0.363040805 0.0231404435
v -0.237307653 -0.358401775 0.022968322
v -0.238800153 -0.360092103 0.0231534019
v -0.240466982 -0.355030864 0.0229577702
v -0.242257759 -0.356398374 0.0231629945
v -0.242907658 -0.351107866 0.02295129
v -0.244928628 -0.352101535 0.0231688861
v -0.244535506 -0.346783757 0.0229491051
v -0.246710435 -0.347366512 0.0231708717
v -0.245287806 -0.342225015 0.02295129
v -0.247534856 -0.34237498 0.0231688861
v -0.24513562 -0.337607265 0.022957772
v -0.247370243 -0.337318361 0.0231629964
v -0.244085014 -0.333108306 0.0229683239
v -0.246222734 -0.332390696 0.0231534038
v -0.242176652 -0.328901231 0.0229825806
v -0.244136125 -0.327781141 0.0231404435
v -0.239484265 -0.325147748 0.0230000317
v -0.241190284 -0.323666811 0.0231245831
v -0.236142844 -0.32201618 0.0230454206
v -0.237469733 -0.320183963 0.0230833236
v 0.204483286 -0.357829571 0.0581492372
v 0.20094943 -0.354730457 0.0581492372
v 0.196498603 -0.353219599 0.0581492372
v 0.206869572 -0.366735309 0.0581492372
v 0.206562161 -0.362045109 0.0581492372
v 0.191808388 -0.353527009 0.0581492372
v 0.187592849 -0.3556059 0.0581492372
v 0.182982892 -0.363590568 0.0581492372
v 0.184493735 -0.35913974 0.0581492372
v 0.202259615 -0.374720007 0.0581492372
v 0.205358714 -0.371186137 0.0581492372
v 0.193353847 -0.377106309 0.0581492372
v 0.198044062 -0.376798868 0.0581492372
v 0.185369179 -0.372496337 0.0581492372
v 0.188903019 -0.37559545 0.0581492372
v 0.183290303 -0.368280798 0.0581492372
v 0.039330516 0.28342545 0.0230454374
v 0.0426719375 0.286557019 0.0230000541
v 0.0443779491 0.285076112 0.0231246091
v 0.0406574085 0.281593263 0.0230833404
v 0.0473237932 0.289190412 0.023140477
v 0.0453643128 0.290310532 0.0229826123
v 0.0494103953 0.293799967 0.0231534429
v 0.0472726747 0.294517606 0.0229683612
v 0.0505579077 0.298727632 0.0231630411
v 0.0483232923 0.299016565 0.0229578111
v 0.0507225245 0.303784251 0.0231689345
v 0.0484754704 0.303634316 0.0229513347
v 0.0498980992 0.308775812 0.023170922
v 0.0477231741 0.308193028 0.0229491498
v 0.048116304 0.313510835 0.0231689345
v 0.0460953228 0.312517166 0.0229513347
v 0.045445431 0.317807674 0.023163043
v 0.0436546579 0.316440165 0.022957813
v 0.0419878215 0.321501404 0.0231534448
v 0.0404953137 0.319811076 0.0229683612
v 0.037875995 0.324450105 0.0231404789
v 0.0367390849 0.322500318 0.0229826141
v 0.0332676657 0.326540262 0.023124611
v 0.0325306691 0.324404746 0.0230000578
v 0.0283041466 0.327696234 0.0230833422
v 0.0280711316 0.325446069 0.0230454374
v 0.21753028 -0.381624967 0.0230454374
v 0.220871702 -0.378493428 0.0230000541
v 0.222577721 -0.379974335 0.0231246091
v 0.218857169 -0.383457184 0.0230833404
v 0.225523561 -0.375860035 0.023140477
v 0.223564088 -0.374739915 0.0229826123
v 0.227610171 -0.37125048 0.0231534429
v 0.22547245 -0.37053284 0.0229683612
v 0.228757679 -0.366322815 0.0231630411
v 0.226523057 -0.366033882 0.0229578111
v 0.228922293 -0.361266196 0.0231689345
v 0.226675242 -0.361416131 0.0229513347
v 0.228097871 -0.356274635 0.023170922
v 0.225922942 -0.356857419 0.0229491498
v 0.226316065 -0.351539612 0.0231689345
v 0.224295095 -0.352533281 0.0229513347
v 0.223645195 -0.347242773 0.023163043
v 0.221854433 -0.348610282 0.022957813
v 0.22018759 -0.343549043 0.0231534448
v 0.218695089 -0.345239371 0.0229683612
v 0.216075763 -0.340600342 0.0231404789
v 0.214938849 -0.342550129 0.0229826141
v 0.21146743 -0.338510185 0.023124611
v 0.210730433 -0.340645701 0.0230000578
v 0.206503913 -0.337354213 0.0230833422
v 0.206270903 -0.339604378 0.0230454374
v 0.357960433 0.0123876305 0.0313880928
v 0.359592795 0.0128250187 0.03190073
v 0.359940857 0.0115316967 0.0273046792
v 0.355137438 0.0116312094 0.0294352826
v 0.362987965 0.0137347532 0.0319007337
v 0.353706658 0.0135006905 0.0339428596
v 0.355891377 0.0140860789 0.0351517983
v 0.358261913 0.0147212613 0.0358962603
v 0.353813171 0.0165618658 0.0384510383
v 0.360727191 0.0153818298 0.0361476354
v 0.363333225 0.0124406759 0.027304681
v 0.361753821 0.0115503361 0.0230652746
v 0.356830806 0.0173704345 0.0393987112
v 0.363192439 0.0160423908 0.0358962677
v 0.35996902 0.0182113163 0.0397187024
v 0.364620328 0.0141721424 0.0313881002
v 0.363107204 0.0190521888 0.0393987224
v 0.365562975 0.0166775752 0.0351518095
v 0.364771158 0.0128259752 0.0263099801
v 0.352549553 0.0109528666 0.0230454188
v 0.352635622 0.0110040791 0.0212852247
v 0.352573782 0.00874601584 0.0211570933
v 0.352316529 0.00870267861 0.0230833218
v 0.353111386 0.00889007282 0.0193222426
v 0.353137136 0.0111384634 0.0195735823
v 0.353951573 0.0113566918 0.0179961231
v 0.355159402 0.00943883602 0.0161490571
v 0.356383175 0.0120082349 0.0154787572
v 0.356591076 0.00982245244 0.0149326641
v 0.358224481 0.0102601172 0.0140288025
v 0.357906878 0.0124165108 0.0146355899
v 0.359996796 0.0107350117 0.0134722097
v 0.359560192 0.0128595168 0.0141163683
v 0.36183998 0.0112288846 0.0132842716
v 0.361279607 0.0133202272 0.0139410524
v 0.362998992 0.0137809366 0.0141163738
v 0.365455449 0.012197651 0.014028809
v 0.364652306 0.0142239425 0.0146355964
v 0.367088854 0.0126353158 0.0149326734
v 0.366176009 0.0146322176 0.0154787665
v 0.368520528 0.0130189313 0.0161490683
v 0.36860761 0.0152837597 0.0179961398
v 0.369695455 0.0133337565 0.0176312495
v 0.370568514 0.0135676926 0.0193222594
v 0.371106148 0.0137117496 0.0211571101
v 0.369923562 0.0156363714 0.0212852415
v 0.371350586 0.0138028394 0.0230833404
v 0.370023698 0.0156350527 0.0230454374
v 0.0173968188 0.27978459 0.0230000298
v 0.0218563545 0.278743267 0.0230454188
v 0.0216233395 0.276493102 0.0230833218
v 0.016659826 0.277649075 0.0231245812
v 0.013188404 0.281689018 0.0229825806
v 0.0120514939 0.279739231 0.0231404435
v 0.00943217892 0.28437826 0.022968322
v 0.0079396693 0.282687932 0.0231534019
v 0.00627283705 0.287749171 0.0229577702
v 0.00448206207 0.286381662 0.0231629945
v 0.00383217144 0.29167217 0.02295129
v 0.00181119225 0.290678501 0.0231688861
v 0.0022043169 0.295996308 0.0229491051
v 2.93938192e-05 0.295413524 0.0231708717
v 0.00145201723 0.300555021 0.02295129
v -0.00079503539 0.300405085 0.0231688861
v 0.00160420011 0.305172771 0.022957772
v -0.000630416267 0.305461675 0.0231629964
v 0.00265481463 0.30967173 0.0229683239
v 0.000517095963 0.31038937 0.0231534038
v 0.00456317514 0.313878804 0.0229825806
v 0.00260369759 0.314998925 0.0231404435
v 0.00725555606 0.317632318 0.0230000317
v 0.00554954493 0.319113225 0.0231245831
v 0.0105969794 0.320763886 0.0230454206
v 0.00927008782 0.322596073 0.0230833236
v 0.195596591 -0.385265857 0.0230000298
v 0.200056121 -0.38630718 0.0230454188
v 0.199823111 -0.388557345 0.0230833218
v 0.194859594 -0.387401372 0.0231245812
v 0.191388175 -0.383361429 0.0229825806
v 0.190251261 -0.385311216 0.0231404435
v 0.18763195 -0.380672187 0.022968322
v 0.186139435 -0.382362515 0.0231534019
v 0.184472606 -0.377301276 0.0229577702
v 0.182681829 -0.378668785 0.0231629945
v 0.182031944 -0.373378277 0.02295129
v 0.18001096 -0.374371946 0.0231688861
v 0.180404082 -0.369054139 0.0229491051
v 0.178229168 -0.369636923 0.0231708717
v 0.179651782 -0.364495426 0.02295129
v 0.177404732 -0.364645362 0.0231688861
v 0.179803967 -0.359877676 0.022957772
v 0.17756936 -0.359588742 0.0231629964
v 0.180854589 -0.355378717 0.0229683239
v 0.178716868 -0.354661077 0.0231534038
v 0.182762951 -0.351171643 0.0229825806
v 0.180803463 -0.350051522 0.0231404435
v 0.185455322 -0.347418129 0.0230000317
v 0.183749318 -0.345937222 0.0231245831
v 0.188796744 -0.344286561 0.0230454206
v 0.187469855 -0.342454374 0.0230833236
v 0.366124839 0.0198607594 0.0384510495
v 0.367747664 0.0172629636 0.0339428745
v 0.367443323 0.0149285635 0.0294352956
v 0.365322381 0.0129736736 0.0256146248
v 0.368905872 0.0206059404 0.0369121134
v 0.369662583 0.0177760627 0.0323159173
v 0.368525505 0.0152185271 0.0280701723
v 0.365731984 0.0130834244 0.0248213001
v 0.371343493 0.0212590992 0.0348410495
v 0.371234089 0.0181971509 0.030333465
v 0.369329602 0.0154339895 0.0265127141
v 0.369554758 0.0244757105 0.0393491089
v 0.373344004 0.0217951313 0.0323174521
v 0.372401863 0.0185100492 0.0280716997
v 0.369824767 0.0155666703 0.0248227715
v 0.372421384 0.0252438225 0.0369135477
v 0.374830514 0.0221934412 0.0294382945
v 0.373120964 0.0187027305 0.0256175399
v 0.370023698 0.0156350527 0.0230454374
v 0.373365134 0.0187666155 0.0230000541
v 0.365984201 0.0131510096 0.0221700724
v 0.369923562 0.0156363714 0.0212852415
v 0.365731984 0.0130834263 0.021309264
v 0.36860761 0.0152837597 0.0179961398
v 0.375745893 0.022438718 0.026314225
v 0.376057506 0.0225201063 0.0229826123
v 0.365322411 0.0129736764 0.0205159374
v 0.364771187 0.012825978 0.0198205803
v 0.364099532 0.0126460074 0.0192499161
v 0.366176009 0.0146322176 0.0154787665
v 0.363333225 0.0124406796 0.0188258756
v 0.364652306 0.0142239425 0.0146355964
v 0.36250174 0.0122178858 0.0185647514
v 0.362998992 0.0137809366 0.0141163738
v 0.361279607 0.0133202272 0.0139410524
v 0.359560192 0.0128595168 0.0141163683
v 0.35917455 0.0113263698 0.0192499124
v 0.357906878 0.0124165108 0.0146355899
v 0.356383175 0.0120082349 0.0154787572
v 0.358502895 0.0111463992 0.0198205765
v 0.357289851 0.0108213667 0.0221700631
v 0.353951573 0.0113566918 0.0179961231
v 0.353137136 0.0111384634 0.0195735823
v 0.352635622 0.0110040791 0.0212852247
v 0.357204705 0.0107985465 0.0230652746
v 0.352549553 0.0109528666 0.0230454188
v 0.357542098 0.01088895 0.0248212926
v 0.357951671 0.0109986998 0.0256146193
v 0.348089993 0.011994171 0.0230000298
v 0.348333389 0.0120609282 0.0256175138
v 0.353251159 0.0111257862 0.0265126973
v 0.343881577 0.0138986008 0.0229825806
v 0.358502895 0.0111463983 0.0263099726
v 0.349052489 0.0122536086 0.0280716754
v 0.350220233 0.0125665059 0.0303334445
v 0.351791769 0.0129875932 0.0323159024
v 0.344192117 0.0139839146 0.0263141952
v 0.340125352 0.0165878572 0.022968322
v 0.345107526 0.0142291905 0.0294382647
v 0.346594006 0.0146274976 0.0323174261
v 0.348594517 0.0151635297 0.0348410271
v -0.329714268 0.0621078536 0.0316163078
v -0.332813382 0.0585739985 0.0316163078
v -0.337028921 0.0564951189 0.0316163078
v -0.328510851 0.071248889 0.0316163078
v -0.32820344 0.0665586814 0.0316163078
v -0.341719151 0.0561877079 0.0316163078
v -0.346169978 0.0576985627 0.0316163078
v -0.351782709 0.0650132149 0.0316163078
v -0.349703819 0.060797669 0.0316163078
v -0.334123582 0.0785635412 0.0316163078
v -0.330589712 0.0754644349 0.0316163078
v -0.34326461 0.0797669813 0.0316163078
v -0.338574409 0.0800743923 0.0316163078
v -0.350579262 0.0741542503 0.0316163078
v -0.347480148 0.077688098 0.0316163078
v -0.35209012 0.0697034225 0.0316163078
v 0.0271589458 0.29386428 0.0316163078
v 0.0240598414 0.29033044 0.0316163078
v 0.0198442936 0.288251549 0.0316163078
v 0.0283623859 0.303005338 0.0316163078
v 0.0286697987 0.298315138 0.0316163078
v 0.0151540833 0.287944138 0.0316163078
v 0.0107032526 0.289454997 0.0316163078
v 0.0050905277 0.296769649 0.0316163078
v 0.0071694036 0.29255411 0.0316163078
v 0.0227496568 0.31031999 0.0316163078
v 0.02628351 0.307220876 0.0316163078
v 0.0136086196 0.311523408 0.0316163078
v 0.018298829 0.311830819 0.0316163078
v 0.00629396923 0.305910707 0.0316163078
v 0.00939307269 0.309444547 0.0316163078
v 0.00478311488 0.301459849 0.0316163078
v 0.357852131 0.0260738824 0.0316163078
v 0.354753017 0.0225400273 0.0316163078
v 0.350537479 0.0204611514 0.0316163078
v 0.359055579 0.0352149159 0.0316163078
v 0.35936299 0.0305247139 0.0316163078
v 0.345847279 0.0201537367 0.0316163078
v 0.341396451 0.0216645934 0.0316163078
v 0.33578372 0.0289792456 0.0316163078
v 0.337862581 0.0247636996 0.0316163078
v 0.353442848 0.0425295681 0.0316163078
v 0.356976688 0.0394304618 0.0316163078
v 0.34430182 0.0437330082 0.0316163078
v 0.34899202 0.0440404192 0.0316163078
v 0.336987168 0.038120281 0.0316163078
v 0.340086251 0.0416541323 0.0316163078
v 0.335476309 0.0336694531 0.0316163078
v -0.219580874 -0.348915756 0.0316163078
v -0.222679988 -0.352449596 0.0316163078
v -0.226895526 -0.354528487 0.0316163078
v -0.218377441 -0.339774728 0.0316163078
v -0.21807003 -0.344464928 0.0316163078
v -0.231585741 -0.354835898 0.0316163078
v -0.236036569 -0.353325039 0.0316163078
v -0.2416493 -0.346010387 0.0316163078
v -0.239570424 -0.350225925 0.0316163078
v -0.223990172 -0.332460076 0.0316163078
v -0.220456317 -0.33555916 0.0316163078
v -0.2331312 -0.331256628 0.0316163078
v -0.228441 -0.330949217 0.0316163078
v -0.240445852 -0.336869359 0.0316163078
v -0.237346753 -0.333335489 0.0316163078
v -0.241956711 -0.341320187 0.0316163078
v 0.205358714 -0.371186137 0.0316163078
v 0.202259615 -0.374720007 0.0316163078
v 0.198044062 -0.376798868 0.0316163078
v 0.206562161 -0.362045109 0.0316163078
v 0.206869572 -0.366735309 0.0316163078
v 0.193353847 -0.377106309 0.0316163078
v 0.188903019 -0.37559545 0.0316163078
v 0.183290303 -0.368280798 0.0316163078
v 0.185369179 -0.372496337 0.0316163078
v 0.20094943 -0.354730457 0.0316163078
v 0.204483286 -0.357829571 0.0316163078
v 0.191808388 -0.353527009 0.0316163078
v 0.196498603 -0.353219599 0.0316163078
v 0.184493735 -0.35913974 0.0316163078
v 0.187592849 -0.3556059 0.0316163078
v 0.182982892 -0.363590568 0.0316163078
v -0.317542702 0.0516690202 0.0230454374
v -0.314201295 0.0548005849 0.0230000541
v -0.312495291 0.053319674 0.0231246091
v -0.316215813 0.0498368107 0.0230833404
v -0.309549421 0.0574339814 0.023140477
v -0.311508924 0.0585540757 0.0229826123
v -0.307462841 0.0620435327 0.0231534429
v -0.309600562 0.0627611503 0.0229683612
v -0.306315333 0.0669711977 0.0231630411
v -0.308549941 0.0672601163 0.0229578111
v -0.306150705 0.0720278099 0.0231689345
v -0.30839777 0.071877867 0.0229513347
v -0.306975126 0.0770193636 0.023170922
v -0.30915004 0.0764365941 0.0229491498
v -0.308756918 0.081754379 0.0231689345
v -0.310777903 0.0807607174 0.0229513347
v -0.311427802 0.0860512257 0.023163043
v -0.313218564 0.0846837163 0.022957813
v -0.314885408 0.0897449628 0.0231534448
v -0.316377908 0.0880546272 0.0229683612
v -0.318997234 0.0926936492 0.0231404789
v -0.320134133 0.090743877 0.0229826141
v -0.323605567 0.0947838202 0.023124611
v -0.324342549 0.0926483124 0.0230000578
v -0.328569084 0.0959398001 0.0230833422
v -0.328802109 0.093689613 0.0230454374
v -0.207409307 -0.359354585 0.0230454374
v -0.204067886 -0.356223017 0.0230000541
v -0.202361882 -0.357703924 0.0231246091
v -0.206082419 -0.361186802 0.0230833404
v -0.199416026 -0.353589624 0.023140477
v -0.201375514 -0.352469534 0.0229826123
v -0.197329432 -0.348980069 0.0231534429
v -0.199467152 -0.348262459 0.0229683612
v -0.196181923 -0.344052404 0.0231630411
v -0.198416531 -0.343763471 0.0229578111
v -0.196017295 -0.338995785 0.0231689345
v -0.198264346 -0.33914575 0.0229513347
v -0.196841732 -0.334004253 0.023170922
v -0.199016646 -0.334587008 0.0229491498
v -0.198623523 -0.32926923 0.0231689345
v -0.200644508 -0.330262899 0.0229513347
v -0.201294392 -0.324972361 0.023163043
v -0.203085169 -0.3263399 0.022957813
v -0.204751998 -0.321278632 0.0231534448
v -0.206244513 -0.32296899 0.0229683612
v -0.208863825 -0.31832996 0.0231404789
v -0.210000739 -0.320279717 0.0229826141
v -0.213472158 -0.316239774 0.023124611
v -0.214209154 -0.318375289 0.0230000578
v -0.218435675 -0.315083802 0.0230833422
v -0.218668699 -0.317333996 0.0230454374
v 0.348089993 0.011994171 0.0230000298
v 0.352549553 0.0109528666 0.0230454188
v 0.352316529 0.00870267861 0.0230833218
v 0.347353011 0.00985865761 0.0231245812
v 0.343881577 0.0138986008 0.0229825806
v 0.342744678 0.0119488304 0.0231404435
v 0.340125352 0.0165878572 0.022968322
v 0.338632852 0.0148975179 0.0231534019
v 0.336966038 0.0199587643 0.0229577702
v 0.335175246 0.0185912494 0.0231629945
v 0.334525347 0.0238817614 0.02295129
v 0.332504392 0.022888096 0.0231688861
v 0.332897514 0.0282058846 0.0229491051
v 0.33072257 0.0276231151 0.0231708717
v 0.332145214 0.0327646136 0.02295129
v 0.329898149 0.0326146632 0.0231688861
v 0.332297385 0.0373823605 0.022957772
v 0.330062777 0.0376712754 0.0231629964
v 0.333348006 0.0418813266 0.0229683239
v 0.331210285 0.0425989516 0.0231534038
v 0.335256368 0.046088405 0.0229825806
v 0.333296895 0.0472084992 0.0231404435
v 0.33794874 0.0498418957 0.0230000317
v 0.336242735 0.0513228066 0.0231245831
v 0.341290176 0.0529734604 0.0230454206
v 0.339963287 0.0548056737 0.0230833236
v 0.0210604947 0.323539406 0.0141163804
v 0.0193411019 0.323078692 0.0139410598
v 0.0187807288 0.32517004 0.0132842781
v 0.020623887 0.325663924 0.013472219
v 0.0227138139 0.323982418 0.0146356011
v 0.0223962162 0.326138794 0.0140288165
v 0.0242375191 0.32439068 0.015478773
v 0.0240296014 0.326576471 0.0149326809
v 0.0255730562 0.324748546 0.016613489
v 0.0254612751 0.326960087 0.0161490757
v 0.0266691055 0.325042218 0.0179961454
v 0.0266362187 0.327274919 0.017631257
v 0.0274835415 0.32526046 0.0195736028
v 0.0275092795 0.327508837 0.0193222649
v 0.027985068 0.325394839 0.0212852433
v 0.028046906 0.327652901 0.0211571157
v 0.0280711316 0.325446069 0.0230454374
v 0.0283041466 0.327696234 0.0230833422
v 0.353007734 0.00890159514 0.0268485434
v 0.348407507 0.0101398053 0.0285563488
v 0.347618788 0.00992847141 0.0258645974
v 0.357432723 0.00856508687 0.0240491927
v 0.352464318 0.00875598937 0.0249939673
v 0.347353011 0.00985865761 0.0231245812
v 0.352316529 0.00870267861 0.0230833218
v 0.342744678 0.0119488304 0.0231404435
v 0.357432723 0.00856508687 0.0220813565
v 0.352573782 0.00874601584 0.0211570933
v 0.353111386 0.00889007282 0.0193222426
v 0.343082279 0.0120373731 0.0266276505
v 0.338632852 0.0148975179 0.0231534019
v 0.358160138 0.00875999313 0.0202633124
v 0.355159402 0.00943883602 0.0161490571
v 0.35876599 0.00892232731 0.0194990542
v 0.356591076 0.00982245244 0.0149326641
v 0.359504193 0.00912013184 0.018871842
v 0.358224481 0.0102601172 0.0140288025
v 0.359996796 0.0107350117 0.0134722097
v 0.362210691 0.00984533317 0.0180218797
v 0.36183998 0.0112288846 0.0132842716
v 0.363161087 0.0100999894 0.0181187876
v 0.365455449 0.012197651 0.014028809
v 0.364074945 0.0103448601 0.0184057858
v 0.367088854 0.0126353158 0.0149326734
v 0.366261214 0.0109306723 0.0202633198
v 0.368520528 0.0130189313 0.0161490683
v 0.369695455 0.0133337565 0.0176312495
v 0.370568514 0.0135676926 0.0193222594
v 0.366711408 0.0110512963 0.0211352594
v 0.371106148 0.0137117496 0.0211571101
v 0.366988629 0.0111255767 0.0220813658
v 0.367082238 0.0111506581 0.0230652839
v 0.00668062689 0.287860364 0.027310906
v 0.00383217144 0.29167217 0.02295129
v 0.00787683483 0.288180888 0.0313933827
v 0.00981937349 0.288701385 0.0351558179
v 0.00426590675 0.291789502 0.027572576
v 0.0022043169 0.295996308 0.0229491051
v 0.00553583866 0.292129785 0.0319066718
v 0.0124335894 0.289401859 0.0384536162
v 0.00264703529 0.296114922 0.0276609343
v 0.00145201723 0.300555021 0.02295129
v 0.00759809976 0.29268235 0.0359009951
v 0.00394186703 0.29646188 0.032079991
v 0.001886304 0.300670296 0.0275725778
v 0.00160420011 0.305172771 0.022957772
v 0.0020129499 0.305280358 0.027310906
v 0.00265481463 0.30967173 0.0229683239
v 0.00315623614 0.301010549 0.0319066718
v 0.00604455359 0.297025293 0.0361526161
v 0.0103734368 0.293426007 0.039402049
v 0.00302206632 0.309767872 0.0268859956
v 0.00456317514 0.313878804 0.0229825806
v 0.00320916018 0.305600882 0.0313933864
v 0.00521849841 0.301563144 0.0359009951
v 0.00887429807 0.297783524 0.0397223011
v 0.0048747696 0.313960195 0.0263141952
v 0.00725555606 0.317632318 0.0230000317
v 0.00409855461 0.310056299 0.03055989
v 0.0051516965 0.306121409 0.0351558179
v 0.00799383502 0.302306801 0.0394020528
v 0.00749972137 0.317696184 0.0256175157
v 0.00579015259 0.314205468 0.0294382665
v 0.0105969794 0.320763886 0.0230454206
v 0.00584667828 0.310524732 0.0339457728
v 0.00821881462 0.317888886 0.0280716754
v 0.0107958969 0.320832253 0.0248227548
v 0.00776591245 0.306821883 0.0384536199
v 0.00727665611 0.314603776 0.0323174261
v 0.00819925778 0.311155081 0.0369135216
v 0.0113755949 0.303212941 0.0422752909
v 0.010951343 0.307675391 0.0411600545
v 0.0123223476 0.298707426 0.0426518694
v 0.0137551958 0.294332147 0.0422752909
v 0.0162562001 0.299761474 0.0448287316
v 0.015619019 0.290255398 0.0411600545
v 0.0192532483 0.291229188 0.0431711152
v 0.0176134128 0.295365959 0.0444102995
v 0.0231966171 0.2922858 0.0444095172
v 0.0217998233 0.296487689 0.045725029
v 0.0272975843 0.293384671 0.0448276773
v 0.031398505 0.294483513 0.0444095321
v 0.0261535458 0.297654271 0.0461689644
v 0.0205246769 0.300905228 0.0461692363
v 0.0152338119 0.304246753 0.0444103032
v 0.0249637458 0.302094668 0.0466218702
v 0.0194202233 0.305368483 0.0457250327
v 0.0249637458 0.302094668 0.0466218702
v 0.0237739459 0.306535065 0.0461689681
v 0.0145855723 0.308649182 0.0431711189
v 0.018528942 0.309705824 0.0444095246
v 0.0110658826 0.311923206 0.0393490903
v 0.0143363914 0.312799543 0.041158881
v 0.0178851001 0.313750416 0.0422733426
v 0.0144958217 0.316538155 0.038451042
v 0.0175134391 0.317346722 0.0393987149
v 0.0117147695 0.315792978 0.0369120985
v 0.00927715562 0.31513983 0.0348410308
v 0.0150576867 0.319721341 0.035151802
v 0.017428223 0.320356518 0.0358962603
v 0.0128729884 0.319135964 0.0339428596
v 0.0109580839 0.318622857 0.0323159024
v 0.00938656088 0.31820178 0.0303334463
v 0.0160003323 0.322226763 0.0313880891
v 0.0176326893 0.322664171 0.03190073
v 0.0144959427 0.321823686 0.0305556115
v 0.0120951794 0.321180403 0.0280701574
v 0.0112910671 0.320964932 0.0265126973
v 0.0158495065 0.323572934 0.0263099708
v 0.0181189328 0.32418105 0.0275657978
v 0.0188668538 0.324848592 0.0230652783
v 0.0145513052 0.323225081 0.0230652764
v 0.0148886973 0.323315501 0.0213092584
v 0.0106971217 0.320762545 0.0212852266
v 0.011198651 0.320896924 0.0195735861
v 0.0120130898 0.321115166 0.0179961286
v 0.0131091401 0.321408838 0.016613476
v 0.0165211689 0.32375291 0.0192499179
v 0.0144446818 0.321766704 0.0154787637
v 0.0159683898 0.322174996 0.0146355964
v 0.0189836435 0.324412733 0.0184765868
v 0.0176217072 0.322617978 0.0141163757
v 0.0193411019 0.323078692 0.0139410598
v 0.362210691 0.00984533131 0.0281086713
v 0.361260295 0.00959067512 0.0280117635
v 0.359967142 0.0107663674 0.0327614769
v 0.358175784 0.0102863675 0.0321988985
v 0.356524825 0.00984399766 0.0312853158
v 0.361830145 0.0112655498 0.0329514369
v 0.363161057 0.0100999856 0.0280117653
v 0.355908453 0.0121496785 0.0363219045
v 0.358508468 0.0128463544 0.0371384397
v 0.353512257 0.0115076182 0.0349959284
v 0.351411968 0.0109448479 0.0332114622
v 0.365484476 0.0122447265 0.0321989022
v 0.355077773 0.00945625734 0.030055847
v 0.349688292 0.0104829939 0.031037081
v 0.353890181 0.00913804676 0.0285577308
v -0.321911037 0.0468023047 0.0266315024
v -0.318983912 0.049108807 0.0300558601
v -0.320430994 0.0487210676 0.0312853307
v -0.32264927 0.0466044992 0.0272587109
v -0.318653852 0.0516680889 0.0349959433
v -0.325226992 0.0453988649 0.0230652746
v -0.324405342 0.0461339541 0.0280117653
v -0.323873341 0.0477986969 0.0327614807
v -0.321050048 0.0510260314 0.0363219157
v -0.320435375 0.0545151867 0.0399354696
v -0.317386001 0.0553322621 0.0382480584
v -0.323650092 0.0503293537 0.0371384434
v -0.323744148 0.0536286049 0.0409745723
v -0.326353997 0.0496048406 0.0374141484
v -0.327599257 0.0468003377 0.0327614769
v -0.329057932 0.0488803238 0.0371384397
v -0.327185094 0.052706603 0.0413254276
v -0.3306261 0.0517845936 0.0409745611
v -0.333934844 0.0508980155 0.0399354585
v -0.331657976 0.0481836498 0.0363219045
v -0.336984217 0.0500809401 0.0382480361
v -0.334054172 0.0475415885 0.0349959284
v -0.339657009 0.049364768 0.0359771512
v -0.336154461 0.0469788164 0.0332114622
v -0.341850519 0.0487770177 0.0332100727
v -0.337878108 0.0465169623 0.031037081
v -0.343480438 0.0483402833 0.0300531313
v -0.339158922 0.0461737737 0.0285563488
v -0.34448415 0.0480713435 0.0266276505
v -0.347357333 0.051351767 0.0312814228
v -0.348537475 0.0510355532 0.0272538289
v -0.348933548 0.0509314872 0.0231534019
v -0.352391154 0.0546252206 0.0231629945
v -0.351951957 0.0547411554 0.0277190953
v -0.22981225 -0.318145841 0.0327614732
v -0.227949277 -0.317646682 0.0329514332
v -0.233254582 -0.319068223 0.0312853158
v -0.229280218 -0.316481113 0.0280117616
v -0.228329822 -0.316226453 0.0281086694
v -0.228458554 -0.315746009 0.0230652783
v -0.230194077 -0.316725969 0.0277247615
v -0.228458554 -0.315746009 0.0230652783
v -0.231036305 -0.316951662 0.0272587035
v -0.228458554 -0.315746009 0.0230652783
v -0.231774524 -0.31714946 0.0266314931
v -0.228458554 -0.315746009 0.0230652783
v -0.235031739 -0.322015256 0.0349959284
v -0.235889226 -0.319774181 0.0285577308
v -0.23238036 -0.317311794 0.0258672349
v -0.228458554 -0.315746009 0.0230652783
v -0.237132028 -0.322578013 0.0332114622
v -0.236299574 -0.325679421 0.0382480398
v -0.23885569 -0.32303986 0.0310370829
v -0.232830539 -0.317432404 0.0249952991
v -0.228458554 -0.315746009 0.0230652783
v -0.236771673 -0.320010632 0.0268485434
v -0.233107761 -0.317506701 0.0240491927
v -0.228458554 -0.315746009 0.0230652783
v -0.240136489 -0.323383063 0.0285563506
v -0.237315089 -0.320156217 0.0249939691
v -0.23320137 -0.317531765 0.0230652764
v -0.228458554 -0.315746009 0.0230652783
v -0.237469733 -0.320183963 0.0230833236
v -0.216660678 -0.363235146 0.0275658015
v -0.215795979 -0.363003433 0.0276539717
v -0.215679184 -0.363439292 0.0230652746
v -0.21784021 -0.362164617 0.03190073
v -0.216142625 -0.361709744 0.0320738256
v -0.219171107 -0.360268384 0.0358962603
v -0.216705829 -0.359607816 0.0361476354
v -0.219472572 -0.362601995 0.0313880928
v -0.220602214 -0.357619196 0.0393987112
v -0.217463985 -0.356778324 0.0397187024
v -0.221541643 -0.360903561 0.0351517983
v -0.223619834 -0.358427763 0.0384510383
v -0.222078502 -0.354318857 0.0422733426
v -0.218387961 -0.353329986 0.0426496528
v -0.225627214 -0.35526973 0.041158881
v -0.223543212 -0.350494236 0.0444095172
v -0.219442248 -0.349395394 0.0448276773
v -0.227486581 -0.351550847 0.0431711152
v -0.224940002 -0.346292347 0.045725029
v -0.220586285 -0.345125765 0.0461689644
v -0.226215154 -0.341874808 0.0461692363
v -0.221776083 -0.340685368 0.0466218702
v -0.227319598 -0.337411553 0.0457250327
v -0.222965881 -0.336244971 0.0461689681
v -0.228210881 -0.333074242 0.0444095246
v -0.224109918 -0.331975371 0.044827681
v -0.228854731 -0.329029649 0.0422733426
v -0.22516419 -0.328040749 0.0426496528
v -0.229226381 -0.325433314 0.0393987149
v -0.226088166 -0.324592441 0.0397187062
v -0.224883467 -0.364036769 0.0230454188
v -0.224797398 -0.363985538 0.0212852247
v -0.224859238 -0.366243631 0.0211570933
v -0.225116491 -0.366286963 0.0230833218
v -0.224321604 -0.366099566 0.0193222426
v -0.224295869 -0.36385116 0.0195735823
v -0.223448545 -0.365865618 0.0176312346
v -0.223481432 -0.363632947 0.0179961231
v -0.222273603 -0.365550786 0.0161490571
v -0.222385377 -0.363339245 0.0166134704
v -0.220841929 -0.365167171 0.0149326641
v -0.219208539 -0.364729524 0.0140288025
v -0.219526127 -0.362573117 0.0146355899
v -0.217436209 -0.364254624 0.0134722097
v -0.217872813 -0.362130105 0.0141163683
v -0.213749886 -0.363266885 0.0134722115
v -0.216153413 -0.361669391 0.0139410524
v -0.214434028 -0.361208707 0.0141163738
v -0.211977556 -0.362791985 0.014028809
v -0.212780699 -0.360765696 0.0146355964
v -0.210344166 -0.362354308 0.0149326734
v -0.209921464 -0.359999567 0.0166134834
v -0.208912492 -0.361970693 0.0161490683
v -0.206864491 -0.361421943 0.0193222594
v -0.208825409 -0.359705865 0.0179961398
v -0.208010972 -0.359487653 0.0195735991
v -0.206326857 -0.361277878 0.0211571101
v -0.207509443 -0.359353274 0.0212852415
v -0.206082419 -0.361186802 0.0230833404
v -0.207409307 -0.359354585 0.0230454374
v 0.225105181 -0.370628983 0.026886031
v 0.22547245 -0.37053284 0.0229683612
v 0.223564088 -0.374739915 0.0229826123
v 0.22325249 -0.374821305 0.026314225
v 0.226114303 -0.366141498 0.027310947
v 0.226523057 -0.366033882 0.0229578111
v 0.224028692 -0.370917439 0.0305599235
v 0.222337097 -0.375066578 0.0294382945
v 0.224918082 -0.366462022 0.0313934237
v 0.226240948 -0.361531407 0.0275726207
v 0.226675242 -0.361416131 0.0229513347
v 0.224971011 -0.36187169 0.0319067128
v 0.222280562 -0.371385843 0.0339458026
v 0.220850587 -0.375464886 0.0323174521
v 0.219927981 -0.372016221 0.0369135477
v 0.222975537 -0.36698252 0.0351558551
v 0.220361322 -0.367682993 0.0384536497
v 0.217175886 -0.368536532 0.0411600769
v 0.217061341 -0.372784317 0.0393491089
v 0.220133394 -0.363167912 0.0394020826
v 0.222908735 -0.362424254 0.0359010324
v 0.213541642 -0.369510323 0.0431711338
v 0.216751635 -0.364074051 0.042275317
v 0.212893412 -0.365107864 0.0444103181
v 0.20870699 -0.366229624 0.0457250401
v 0.207602531 -0.361766338 0.0461692475
v 0.211871013 -0.360622615 0.0448287502
v 0.215804875 -0.359568536 0.0426518917
v 0.219252929 -0.358644634 0.0397223346
v 0.222082689 -0.357886404 0.0361526571
v 0.224185377 -0.357322991 0.0320800319
v 0.220529139 -0.35354346 0.0359010361
v 0.225480214 -0.356976032 0.027660979
v 0.225922942 -0.356857419 0.0229491498
v 0.222591415 -0.352990896 0.0319067128
v 0.223861352 -0.352650613 0.0275726207
v 0.224295095 -0.352533281 0.0229513347
v 0.221446618 -0.348721474 0.027310947
v 0.221854433 -0.348610282 0.022957813
v 0.220250413 -0.349041998 0.0313934237
v 0.218307868 -0.349562526 0.0351558551
v 0.218328953 -0.345339745 0.0268860329
v 0.218695089 -0.345239371 0.0229683612
v 0.217252463 -0.345628202 0.0305599254
v 0.215504333 -0.346096605 0.0339458026
v 0.214628309 -0.342635423 0.0263142288
v 0.214938849 -0.342550129 0.0229826141
v 0.213712916 -0.342880726 0.0294382963
v 0.212226406 -0.343279034 0.0323174521
v 0.210487038 -0.340712458 0.0256175399
v 0.210730433 -0.340645701 0.0230000578
v 0.209767938 -0.34090513 0.0280716997
v 0.208600193 -0.341218024 0.030333465
v 0.358062685 0.0574827231 0.0265127141
v 0.357258558 0.0572672598 0.0280701723
v 0.353362173 0.0576098077 0.0256146248
v 0.353771776 0.0577195622 0.0213092696
v 0.358764321 0.0576556437 0.0230454374
v 0.349560052 0.0570581742 0.0230652783
v 0.358678252 0.0576044321 0.0212852433
v 0.358176738 0.0574700497 0.0195736028
v 0.3573623 0.0572518222 0.0179961454
v 0.352810949 0.0574621148 0.0198205877
v 0.354930699 0.0566002801 0.015478773
v 0.353406996 0.0561920032 0.0146356011
v 0.351753682 0.0557489991 0.0141163804
v 0.350541532 0.0568540208 0.0185647588
v 0.350034297 0.0552882887 0.0139410598
v 0.349676818 0.0566223264 0.0184765868
v 0.354857802 0.0566239767 0.0305556208
v 0.359522074 0.0556209125 0.032315921
v 0.351372987 0.0570768118 0.0273046792
v 0.350541532 0.0568540171 0.0275657997
v 0.357607186 0.0551078171 0.0339428745
v 0.353353411 0.0562208779 0.0313880965
v 0.362719327 0.0534449741 0.0348410532
v 0.351721048 0.0557834879 0.0319007337
v 0.348812133 0.0563906282 0.0275657978
v 0.348325878 0.0548737533 0.03190073
v 0.355422467 0.0545224287 0.0351518095
v 0.353051931 0.0538872443 0.0358962677
v 0.350586683 0.0532266833 0.0361476354
v 0.348121405 0.0525661148 0.0358962603
v 0.360281706 0.0527918153 0.0369121172
v 0.36564517 0.0505330488 0.0369135477
v 0.357500643 0.0520466343 0.0384510532
v 0.354483038 0.0512380674 0.0393987224
v 0.351344854 0.0503971912 0.0397187062
v 0.348206639 0.0495563112 0.0393987149
v 0.362778544 0.0497649387 0.0393491089
v 0.36818707 0.0469970405 0.0384536497
v 0.359508038 0.0488886051 0.0411588959
v 0.355959296 0.0479377322 0.0422733538
v 0.352268815 0.0469488688 0.0426496528
v 0.348578274 0.0459599942 0.0422733426
v 0.365001619 0.0461435057 0.0411600806
v 0.370247215 0.0429729074 0.0394020826
v 0.366865456 0.0420667678 0.042275317
v 0.361367404 0.0451697186 0.0431711338
v 0.363007218 0.0410329588 0.0444103181
v 0.357424021 0.0441130921 0.0444095321
v 0.358820796 0.0399112105 0.0457250439
v 0.353323102 0.0430142544 0.044827681
v 0.354467124 0.0387446508 0.0461689681
v 0.349222124 0.0419154055 0.0444095246
v 0.350113422 0.0375780724 0.0457250327
v 0.367135406 0.0126870964 0.0312853307
v 0.364074916 0.0103448564 0.027724769
v 0.366516382 0.0149920601 0.0363219157
v 0.367131025 0.0184812155 0.0399354696
v 0.363916337 0.0142953834 0.0371384434
v 0.363822252 0.0175946355 0.0409745723
v 0.367304891 0.0225780942 0.042900838
v 0.363414526 0.021535676 0.0441225879
v 0.361212432 0.0135708721 0.0374141484
v 0.360381305 0.0166726336 0.0413254276
v 0.356940329 0.0157506242 0.0409745611
v 0.353631556 0.0148640452 0.0399354585
v 0.359368742 0.020451609 0.0445351154
v 0.355322897 0.0193675309 0.0441225767
v 0.351432532 0.0183251146 0.0429008231
v 0.350582182 0.0140469689 0.0382480361
v 0.347847164 0.0173644163 0.0409167968
v 0.347909391 0.0133307967 0.0359771512
v 0.344704568 0.0165223591 0.0382467434
v 0.34571588 0.0127430493 0.0332100727
v 0.342125505 0.0158312991 0.0349932797
v 0.344085962 0.0123063121 0.0300531313
v 0.340209067 0.0153177958 0.0312814228
v 0.339028955 0.0150015829 0.0272538289
v 0.335175246 0.0185912494 0.0231629945
v 0.335614473 0.018707186 0.0277190953
v 0.332504392 0.022888096 0.0231688861
v 0.336925685 0.0190585256 0.032194078
v 0.332969904 0.0230118278 0.0280055963
v -0.334204227 0.0936437771 0.0256146248
v -0.333457261 0.0938439369 0.0230652858
v -0.338006377 0.0930921435 0.0230652783
v -0.33475545 0.0934960768 0.0263099782
v -0.328888148 0.0936384052 0.0212852433
v -0.333542407 0.0938211158 0.0221700743
v -0.329389691 0.0935040191 0.0195736028
v -0.33475545 0.0934960842 0.0198205877
v -0.330204129 0.0932857916 0.0179961454
v -0.331300169 0.0929921046 0.016613489
v -0.332635701 0.0926342532 0.015478773
v -0.334159404 0.0922259763 0.0146356011
v -0.337889582 0.092656292 0.0184765868
v -0.335812747 0.0917829722 0.0141163804
v -0.337532133 0.0913222581 0.0139410598
v -0.337889582 0.092656292 0.027653968
v -0.329959244 0.0911417827 0.0339428745
v -0.334213018 0.0922548473 0.0313880965
v -0.335845381 0.0918174535 0.0319007337
v -0.338754296 0.0924245939 0.0275657978
v -0.337542951 0.0913625956 0.0320738256
v -0.339240551 0.0909077227 0.03190073
v -0.332143933 0.090556398 0.0351518095
v -0.334514469 0.0899212137 0.0358962677
v -0.336979717 0.0892606527 0.0361476354
v -0.339444995 0.0886000842 0.0358962603
v -0.327284724 0.0888257846 0.0369121172
v -0.330065757 0.0880806074 0.0384510532
v -0.333083391 0.0872720331 0.0393987224
v -0.336221576 0.0864311606 0.0397187062
v -0.33935979 0.0855902806 0.0393987149
v -0.324787885 0.0857989043 0.0393491089
v -0.328058392 0.0849225745 0.0411588959
v -0.331607103 0.0839717016 0.0422733538
v -0.335297585 0.0829828382 0.0426496528
v -0.338988125 0.0819939598 0.0422733426
v -0.322564781 0.0821774751 0.0411600806
v -0.326199025 0.0812036842 0.0431711338
v -0.330142409 0.0801470652 0.0444095321
v -0.334243327 0.0790482238 0.044827681
v -0.338344276 0.0779493749 0.0444095246
v -0.337453008 0.0736120418 0.0457250327
v -0.326306134 0.0456246436 0.0280117635
v -0.32880044 0.0449562967 0.026631495
v -0.329390645 0.0463203378 0.0321988985
v -0.331041574 0.045877967 0.0312853158
v -0.332488656 0.0454902276 0.030055847
v -0.333676219 0.0451720171 0.0285577308
v -0.329406291 0.0447939634 0.0258672368
v 0.046905417 0.294421464 0.026886031
v 0.0472726747 0.294517606 0.0229683612
v 0.0479145274 0.298908949 0.027310947
v 0.0483232923 0.299016565 0.0229578111
v 0.0458289236 0.294133008 0.0305599235
v 0.0467183143 0.298588425 0.0313934237
v 0.0480411798 0.30351904 0.0275726207
v 0.0484754704 0.303634316 0.0229513347
v 0.0467712358 0.303178757 0.0319067128
v 0.0440807939 0.293664604 0.0339458026
v 0.0447757728 0.298067927 0.0351558551
v 0.0421615504 0.297367454 0.0384536497
v 0.0389761142 0.296513915 0.0411600769
v 0.0419336259 0.301882535 0.0394020826
v 0.0447089672 0.302626163 0.0359010324
v 0.0353418812 0.295540124 0.0431711338
v 0.0385518596 0.300976396 0.042275317
v 0.034693636 0.299942583 0.0444103181
v 0.03050722 0.298820823 0.0457250401
v 0.0294027664 0.303284109 0.0461692475
v 0.0237739459 0.306535065 0.0461689681
v 0.0336712487 0.304427832 0.0448287502
v 0.0376051106 0.305481911 0.0426518917
v 0.02812762 0.307701617 0.0457250439
v 0.032314036 0.308823377 0.0444103181
v 0.0410531648 0.306405813 0.0397223346
v 0.0361722633 0.30985719 0.042275317
v 0.0438829139 0.307164043 0.0361526571
v 0.039554026 0.310763329 0.0394020826
v 0.0459856093 0.307727456 0.0320800319
v 0.042329371 0.311506957 0.0359010361
v 0.0472804457 0.308074415 0.027660979
v 0.0477231741 0.308193028 0.0229491498
v 0.0443916395 0.312059551 0.0319067128
v 0.0456615798 0.312399834 0.0275726207
v 0.0460953228 0.312517166 0.0229513347
v 0.0432468578 0.316328973 0.027310947
v 0.0436546579 0.316440165 0.022957813
v 0.0420506448 0.316008449 0.0313934237
v 0.0401080996 0.315487921 0.0351558551
v 0.0374938771 0.314787447 0.0384536497
v 0.0401291922 0.319710702 0.0268860329
v 0.0404953137 0.319811076 0.0229683612
v 0.039052695 0.319422245 0.0305599254
v 0.0373045653 0.318953842 0.0339458026
v 0.0349519849 0.318323463 0.0369135477
v 0.0364285372 0.322414994 0.0263142288
v 0.0367390849 0.322500318 0.0229826141
v 0.0355131514 0.322169721 0.0294382963
v 0.0340266414 0.321771413 0.0323174521
v 0.0320261382 0.321235389 0.0348410532
v 0.0322872698 0.324337989 0.0256175399
v 0.0325306691 0.324404746 0.0230000578
v 0.0315681696 0.324145317 0.0280716997
v 0.0304004215 0.323832422 0.030333465
v 0.0288288947 0.323411316 0.032315921
v 0.0278646704 0.325405806 0.0248227715
v 0.0280711316 0.325446069 0.0230454374
v 0.0273694973 0.325273126 0.0265127141
v 0.0265653823 0.325057685 0.0280701723
v 0.0254832245 0.324767709 0.0294352937
v -0.339947611 0.0459624417 0.0258645974
v -0.335102081 0.0447899587 0.0249939673
v -0.340213388 0.045892626 0.0231245812
v -0.335249901 0.0447366498 0.0230833218
v -0.344821721 0.0479828008 0.0231404435
v -0.330227286 0.0445739739 0.0230652746
v -0.334992647 0.0447799861 0.0211570933
v -0.330133677 0.0445990562 0.0220813565
v -0.334455013 0.0449240431 0.0193222426
v -0.329856455 0.0446733385 0.0211352501
v -0.333581954 0.0451579802 0.0176312346
v -0.332406998 0.0454728045 0.0161490571
v -0.326306134 0.0456246473 0.0181187857
v -0.330975324 0.0458564237 0.0149326641
v -0.329341948 0.0462940857 0.0140288025
v -0.327569604 0.046768982 0.0134722097
v -0.325726449 0.0472628549 0.0132842716
v -0.323883295 0.0477567278 0.0134722115
v -0.324405342 0.0461339578 0.0181187876
v -0.322110951 0.0482316203 0.014028809
v -0.320477575 0.0486692861 0.0149326734
v -0.32264924 0.0466045029 0.0188718457
v -0.319045901 0.0490529016 0.0161490683
v -0.317870945 0.0493677258 0.0176312495
v -0.316997886 0.0496016629 0.0193222594
v -0.320855021 0.0470852666 0.0211352594
v -0.316460282 0.0497457199 0.0211571101
v -0.320484191 0.0471846275 0.0230652839
v -0.316215813 0.0498368107 0.0230833404
v -0.316370487 0.0498090796 0.0249939859
v 0.200056121 -0.38630718 0.0230454188
v 0.20014219 -0.38625595 0.0212852247
v 0.20008035 -0.388514012 0.0211570933
v 0.199823111 -0.388557345 0.0230833218
v 0.200617984 -0.388369948 0.0193222426
v 0.200643718 -0.386121571 0.0195735823
v 0.201491043 -0.388136029 0.0176312346
v 0.201458156 -0.385903329 0.0179961231
v 0.202666 -0.387821198 0.0161490571
v 0.202554211 -0.385609657 0.0166134704
v 0.204097673 -0.387437582 0.0149326641
v 0.203889757 -0.38525179 0.0154787572
v 0.205731064 -0.386999905 0.0140288025
v 0.205413461 -0.384843528 0.0146355899
v 0.207503393 -0.386525035 0.0134722097
v 0.207066774 -0.384400517 0.0141163683
v 0.209346548 -0.386031151 0.0132842716
v 0.208786175 -0.383939803 0.0139410524
v 0.211189702 -0.385537267 0.0134722115
v 0.210505575 -0.383479089 0.0141163738
v 0.212962031 -0.385062367 0.014028809
v 0.212158889 -0.383036077 0.0146355964
v 0.214595422 -0.38462472 0.0149326734
v 0.213682592 -0.382627815 0.0154787665
v 0.216027096 -0.384241104 0.0161490683
v 0.215018138 -0.382269949 0.0166134834
v 0.217202038 -0.383926272 0.0176312495
v 0.218075112 -0.383692324 0.0193222594
v 0.216928616 -0.381758034 0.0195735991
v 0.218612731 -0.38354829 0.0211571101
v 0.217430145 -0.381623656 0.0212852415
v 0.218857169 -0.383457184 0.0230833404
v 0.21753028 -0.381624967 0.0230454374
v 0.178229168 -0.369636923 0.0231708717
v 0.186561555 -0.377630949 0.0363182463
v 0.181868419 -0.373875231 0.0327560678
v 0.178703353 -0.369509846 0.0281023346
v 0.177404732 -0.364645362 0.0231688861
v 0.189427122 -0.376863152 0.0399331115
v 0.184128791 -0.373269558 0.0371341296
v 0.180122539 -0.369129598 0.0329458266
v 0.177869752 -0.364519775 0.0280055963
v 0.17756936 -0.359588742 0.0231629964
v 0.192918807 -0.375927538 0.0428997539
v 0.187170759 -0.372454464 0.0409715325
v 0.178007692 -0.359469563 0.0277190972
v 0.178716868 -0.354661077 0.0231534038
v 0.179261684 -0.364146799 0.0327560715
v 0.179111928 -0.354553163 0.0272538289
v 0.182427198 -0.368512064 0.0374096185
v 0.180803463 -0.350051522 0.0231404435
v 0.179318905 -0.359118223 0.0321940817
v 0.181522071 -0.363541126 0.0371341333
v 0.185528725 -0.367680997 0.0413221605
v 0.181140095 -0.349959433 0.0266276523
v 0.183749318 -0.345937222 0.0231245831
v 0.18029204 -0.35423696 0.0312814265
v 0.181448206 -0.358547658 0.03631825
v 0.184564039 -0.362726033 0.0409715362
v 0.182143793 -0.349690467 0.0300531313
v 0.182208464 -0.353723437 0.0349932797
v 0.184803098 -0.345653474 0.0285563506
v 0.184313759 -0.35777986 0.0399331115
v 0.183773711 -0.349253744 0.0332100727
v 0.184787542 -0.35303238 0.0382467471
v 0.187624514 -0.342426628 0.0249939691
v 0.187469855 -0.342454374 0.0230833236
v 0.191738233 -0.339802176 0.0230652764
v 0.191831827 -0.339777082 0.0220813584
v 0.187714309 -0.342363268 0.0211570952
v 0.191831827 -0.339777082 0.0240491927
v 0.192559227 -0.339582175 0.0202633161
v 0.188251942 -0.342219204 0.0193222482
v 0.189125001 -0.341985285 0.0176312402
v 0.193165064 -0.339419842 0.0194990598
v 0.193903282 -0.339222044 0.0188718494
v 0.191731617 -0.341286838 0.0149326706
v 0.194745511 -0.338996381 0.0184057914
v 0.195659384 -0.338751495 0.018118795
v 0.195137337 -0.340374261 0.0134722162
v 0.188167915 -0.342281014 0.0268485434
v 0.192109048 -0.339702815 0.0249952991
v 0.186083898 -0.345310271 0.0310370829
v 0.189050362 -0.342044562 0.0285577308
v 0.192559227 -0.339582205 0.0258672349
v 0.193165064 -0.339419842 0.0266314931
v 0.185967222 -0.348665982 0.035977155
v 0.193335965 -0.340896249 0.0321988948
v 0.194745511 -0.338996381 0.0277247615
v 0.19230406 -0.343643576 0.0363219045
v 0.188640013 -0.347949833 0.0382480398
v 0.187930152 -0.352190316 0.0409167968
v 0.187805459 -0.356844246 0.0428997539
v 0.19151552 -0.351229638 0.0429008231
v 0.191689387 -0.347132742 0.0399354585
v 0.188270688 -0.361732841 0.0441208109
v 0.191789091 -0.355776846 0.0451041684
v 0.192499563 -0.360599726 0.046460934
v 0.189307943 -0.366668373 0.0445331
v 0.193619639 -0.365513057 0.0469190441
v 0.190877408 -0.371461272 0.0441208109
v 0.195106298 -0.370328158 0.0464609303
v 0.196902439 -0.374860138 0.0451041646
v 0.201224938 -0.37370193 0.0464616343
v 0.199694887 -0.369098663 0.0479019657
v 0.205720186 -0.372497439 0.0469199978
v 0.198298082 -0.364259481 0.0483882986
v 0.204466879 -0.367819995 0.0483885482
v 0.21021539 -0.371292949 0.0464616455
v 0.197088167 -0.359370202 0.0479019694
v 0.20316352 -0.362955779 0.0488844067
v 0.209238812 -0.366541356 0.0479019806
v 0.214537904 -0.370134741 0.0451041833
v 0.201860145 -0.358091563 0.0483885519
v 0.19611159 -0.354618639 0.0464616381
v 0.213827416 -0.365311861 0.0464609526
v 0.208028898 -0.361652106 0.0483883135
v 0.201860145 -0.358091563 0.0483885519
v 0.206632093 -0.356812924 0.0479019843
v 0.195405871 -0.350187212 0.0441225767
v 0.200606838 -0.353414148 0.0469200015
v 0.206632093 -0.356812924 0.0479019843
v 0.205102041 -0.352209657 0.0464616492
v 0.199451715 -0.349103123 0.0445351154
v 0.194998145 -0.346246183 0.0409745649
v 0.198439136 -0.345324159 0.0413254313
v 0.194904089 -0.342946917 0.0371384397
v 0.197608024 -0.342222393 0.0374141484
v 0.195127338 -0.340416253 0.0327614732
v 0.195659384 -0.338751495 0.0280117616
v 0.196990311 -0.339917064 0.0329514332
v 0.196609765 -0.338496864 0.0281086694
v 0.218056306 -0.364178717 0.044120837
v 0.217019036 -0.359243214 0.0445331298
v 0.212707356 -0.360398531 0.0469190627
v 0.211220697 -0.3555834 0.0464609526
v 0.205102041 -0.352209657 0.0464616492
v 0.215449587 -0.354450285 0.044120837
v 0.20942454 -0.35105145 0.045104187
v 0.213408187 -0.34998402 0.04289978
v 0.210973248 -0.34601596 0.0409168191
v 0.207387865 -0.346976638 0.0429008417
v 0.203497499 -0.348019063 0.0441225879
v 0.199451715 -0.349103123 0.0445351154
v 0.200606838 -0.353414148 0.0469200015
v 0.198439136 -0.345324159 0.0413254313
v 0.201880097 -0.344402164 0.040974576
v 0.197608024 -0.342222393 0.0374141484
v 0.205188856 -0.343515575 0.0399354734
v 0.200311929 -0.341497898 0.0371384472
v 0.196990311 -0.339917064 0.0329514332
v 0.208238229 -0.342698514 0.0382480584
v 0.202911973 -0.340801209 0.0363219157
v 0.205308169 -0.340159148 0.0349959433
v 0.198853269 -0.339417905 0.0327614807
v 0.196609765 -0.338496864 0.0281086694
v 0.200644657 -0.338937879 0.0321989022
v 0.197560146 -0.338242203 0.0280117635
v 0.196481034 -0.338016421 0.0230652783
v 0.195659384 -0.338751495 0.0280117616
v 0.19847402 -0.337997317 0.0277247671
v 0.194745511 -0.338996381 0.0277247615
v 0.193165064 -0.339419842 0.0266314931
v 0.192559227 -0.339582205 0.0258672349
v 0.192109048 -0.339702815 0.0249952991
v 0.191831827 -0.339777082 0.0240491927
v 0.191738233 -0.339802176 0.0230652764
v 0.191831827 -0.339777082 0.0220813584
v 0.192559227 -0.339582175 0.0202633161
v 0.193165064 -0.339419842 0.0194990598
v 0.193903282 -0.339222044 0.0188718494
v 0.194745511 -0.338996381 0.0184057914
v 0.195659384 -0.338751495 0.018118795
v 0.19660978 -0.338496864 0.0180218872
v 0.195137337 -0.340374261 0.0134722162
v 0.196980491 -0.339880407 0.0132842781
v 0.197560161 -0.338242203 0.0181187969
v 0.198823661 -0.339386523 0.013472219
v 0.198474035 -0.337997317 0.0184057951
v 0.20059599 -0.338911623 0.0140288165
v 0.199316248 -0.337771654 0.0188718569
v 0.202229366 -0.338473976 0.0149326809
v 0.204835981 -0.337775528 0.017631257
v 0.201110482 -0.337290883 0.0211352613
v 0.205709055 -0.33754158 0.0193222649
v 0.201387703 -0.337216616 0.0220813677
v 0.206246674 -0.337397546 0.0211571157
v 0.201481313 -0.337191522 0.0230652858
v 0.201387703 -0.337216616 0.024049202
v 0.201110482 -0.337290883 0.0249953084
v 0.200660303 -0.337411523 0.0258672424
v 0.200054467 -0.337573856 0.0266315006
v 0.0106971217 0.320762545 0.0212852266
v 0.0105969794 0.320763886 0.0230454206
v 0.00927008782 0.322596073 0.0230833236
v 0.00951453671 0.322687179 0.0211570952
v 0.011198651 0.320896924 0.0195735861
v 0.0100521678 0.322831243 0.0193222482
v 0.0120130898 0.321115166 0.0179961286
v 0.0109252315 0.323065162 0.0176312402
v 0.0131091401 0.321408838 0.016613476
v 0.0121001769 0.323379993 0.0161490608
v 0.0144446818 0.321766704 0.0154787637
v 0.0135318534 0.323763609 0.0149326706
v 0.0159683898 0.322174996 0.0146355964
v 0.0151652414 0.324201286 0.014028809
v 0.0176217072 0.322617978 0.0141163757
v 0.0169375688 0.324676156 0.0134722162
v 0.0193411019 0.323078692 0.0139410598
v 0.0187807288 0.32517004 0.0132842781
v 0.33072257 0.0276231151 0.0231708717
v 0.339054972 0.0196290687 0.0363182463
v 0.334361821 0.0233847946 0.0327560678
v 0.331196785 0.0277501754 0.0281023346
v 0.329898149 0.0326146632 0.0231688861
v 0.341920525 0.020396892 0.0399331115
v 0.336622208 0.0239904616 0.0371341296
v 0.332615972 0.0281304456 0.0329458266
v 0.330363154 0.0327402651 0.0280055963
v 0.330062777 0.0376712754 0.0231629964
v 0.345412225 0.0213324875 0.0428997539
v 0.339664191 0.0248055551 0.0409715325
v 0.330501109 0.0377904773 0.0277190972
v 0.331210285 0.0425989516 0.0231534038
v 0.331755102 0.0331132337 0.0327560715
v 0.331605345 0.0427068733 0.0272538289
v 0.334920615 0.028747974 0.0374096185
v 0.333296895 0.0472084992 0.0231404435
v 0.331812322 0.0381418169 0.0321940817
v 0.334015489 0.0337189026 0.0371341333
v 0.338022143 0.0295790266 0.0413221605
v 0.333633512 0.0473006144 0.0266276523
v 0.336242735 0.0513228066 0.0231245831
v 0.332785457 0.0430230871 0.0312814265
v 0.333941638 0.03871236 0.03631825
v 0.337057441 0.0345339961 0.0409715362
v 0.336507797 0.0513952374 0.0258645993
v 0.334637225 0.0475695543 0.0300531313
v 0.339963287 0.0548056737 0.0230833236
v 0.334701896 0.0435365885 0.0349932797
v 0.337296516 0.0516065694 0.0285563506
v 0.336807191 0.0394801833 0.0399331115
v 0.336267143 0.0480062887 0.0332100727
v 0.337280959 0.0442276485 0.0382467471
v 0.340661347 0.0549790077 0.0268485434
v 0.344231635 0.0574578531 0.0230652764
v 0.344325244 0.0574829355 0.0220813584
v 0.34074536 0.0550408214 0.0193222482
v 0.344325244 0.0574829355 0.0240491927
v 0.344602466 0.0575572178 0.0211352538
v 0.345658481 0.0578401759 0.0194990598
v 0.341618419 0.0552747585 0.0176312402
v 0.342793375 0.0555895828 0.0161490608
v 0.346396714 0.0580379814 0.0188718494
v 0.344225049 0.055973202 0.0149326706
v 0.347238928 0.0582636558 0.0184057914
v 0.345858425 0.056410864 0.014028809
v 0.348152786 0.0585085228 0.018118795
v 0.347630769 0.0568857603 0.0134722162
v 0.344602466 0.0575572178 0.0249952991
v 0.33857733 0.0519497581 0.0310370829
v 0.341543794 0.0552154593 0.0285577308
v 0.34505266 0.0576778427 0.0258672349
v 0.342731357 0.0555336699 0.0300558452
v 0.345658481 0.0578401759 0.0266314931
v 0.340300977 0.0524116121 0.0332114622
v 0.338460654 0.0485940389 0.035977155
v 0.347238928 0.058263652 0.0277247615
v 0.342401266 0.0529743843 0.0349959284
v 0.341133446 0.0493102074 0.0382480398
v 0.340423554 0.0450697057 0.0409167968
v 0.340298861 0.0404157788 0.0428997539
v 0.344008923 0.0460304022 0.0429008231
v 0.344182819 0.0501272865 0.0399354585
v 0.344797462 0.0536164418 0.0363219045
v 0.340764105 0.0355271846 0.0441208109
v 0.344282508 0.0414831899 0.0451041684
v 0.344992965 0.0366603099 0.046460934
v 0.341801375 0.0305916648 0.0445331
v 0.346113056 0.0317469798 0.0469190441
v 0.343370825 0.0257987473 0.0441208109
v 0.347599715 0.0269318707 0.0464609303
v 0.349395871 0.0223998986 0.0451041646
v 0.35371837 0.0235581081 0.0464616343
v 0.352188319 0.0281613823 0.0479019657
v 0.358213603 0.0247626062 0.0469199978
v 0.350791514 0.0330005661 0.0483882986
v 0.356960297 0.0294400305 0.0483885482
v 0.362708807 0.0259670913 0.0464616455
v 0.349581569 0.0378898233 0.0479019694
v 0.355656922 0.03430425 0.0488844067
v 0.361732244 0.0307186674 0.0479019806
v 0.367031306 0.0271253027 0.0451041833
v 0.354353577 0.0391684733 0.0483885519
v 0.348605007 0.0426414013 0.0464616381
v 0.354353577 0.0391684733 0.0483885519
v 0.347899288 0.0470728204 0.0441225767
v 0.35310024 0.0438458994 0.0469200015
v 0.359125495 0.0404471084 0.0479019843
v 0.357595444 0.0450503826 0.0464616492
v 0.351945132 0.0481568985 0.0445351154
v 0.347491562 0.0510138646 0.0409745649
v 0.350932568 0.0519358739 0.0413254313
v 0.347397506 0.0543131195 0.0371384397
v 0.350101441 0.0550376363 0.0374141484
v 0.345829368 0.0563637801 0.0321988948
v 0.347620755 0.05684378 0.0327614732
v 0.348152786 0.0585085228 0.0280117616
v 0.349483728 0.0573429614 0.0329514332
v 0.349103183 0.0587631799 0.0281086694
v -0.233107761 -0.317506701 0.0220813584
v -0.228458554 -0.315746009 0.0230652783
v -0.241190284 -0.323666811 0.0231245831
v -0.237225294 -0.320092857 0.0211570952
v -0.232830539 -0.317432404 0.0211352538
v -0.228458554 -0.315746009 0.0230652783
v -0.23668766 -0.319948822 0.0193222482
v -0.23238036 -0.317311794 0.0202633161
v -0.228458554 -0.315746009 0.0230652783
v -0.235814601 -0.319714874 0.0176312402
v -0.231774524 -0.31714946 0.0194990598
v -0.228458554 -0.315746009 0.0230652783
v -0.234639645 -0.319400042 0.0161490608
v -0.231036305 -0.316951662 0.0188718494
v -0.228458554 -0.315746009 0.0230652783
v -0.233207971 -0.319016427 0.0149326706
v -0.230194077 -0.316725969 0.0184057914
v -0.228458554 -0.315746009 0.0230652783
v -0.23157458 -0.31857878 0.014028809
v -0.229280218 -0.316481113 0.018118795
v -0.228458554 -0.315746009 0.0230652783
v -0.229802251 -0.31810388 0.0134722162
v -0.228329822 -0.316226453 0.0180218872
v -0.228458554 -0.315746009 0.0230652783
v -0.227959096 -0.317609996 0.0132842781
v -0.227379426 -0.315971792 0.0181187969
v -0.228458554 -0.315746009 0.0230652783
v -0.226115942 -0.317116141 0.013472219
v -0.226465568 -0.315726936 0.0184057951
v -0.228458554 -0.315746009 0.0230652783
v -0.224343613 -0.316641241 0.0140288165
v -0.225623339 -0.315501243 0.0188718569
v -0.228458554 -0.315746009 0.0230652783
v -0.222710222 -0.316203564 0.0149326809
v -0.224885121 -0.315303445 0.0194990654
v -0.228458554 -0.315746009 0.0230652783
v -0.221278548 -0.315819949 0.0161490757
v -0.224279284 -0.315141112 0.0202633273
v -0.228458554 -0.315746009 0.0230652783
v -0.220103607 -0.315505117 0.017631257
v -0.223829105 -0.315020502 0.0211352613
v -0.228458554 -0.315746009 0.0230652783
v -0.219230548 -0.315271199 0.0193222649
v -0.223551884 -0.314946204 0.0220813677
v -0.228458554 -0.315746009 0.0230652783
v -0.218692914 -0.315127134 0.0211571157
v -0.22345829 -0.314921141 0.0230652858
v -0.228458554 -0.315746009 0.0230652783
v -0.218435675 -0.315083802 0.0230833422
v -0.223551899 -0.314946204 0.024049202
v -0.228458554 -0.315746009 0.0230652783
v -0.21858348 -0.315137118 0.0249939878
v -0.213472158 -0.316239774 0.023124611
v -0.22382912 -0.315020502 0.0249953084
v -0.228458554 -0.315746009 0.0230652783
v -0.21373795 -0.316309601 0.0258646272
v -0.208863825 -0.31832996 0.0231404789
v -0.219126895 -0.315282732 0.0268485621
v -0.224279299 -0.315141112 0.0258672424
v -0.228458554 -0.315746009 0.0230652783
v -0.214526668 -0.316520929 0.0285563767
v -0.209201425 -0.318418503 0.0266276859
v -0.204751998 -0.321278632 0.0231534448
v -0.220009342 -0.315519184 0.0285577476
v -0.205148101 -0.321382701 0.0272538718
v -0.201294392 -0.324972361 0.023163043
v -0.210205123 -0.318687439 0.0300531648
v -0.21753113 -0.317325979 0.0332114808
v -0.224885136 -0.315303445 0.0266315006
v -0.228458554 -0.315746009 0.0230652783
v -0.22119692 -0.315837383 0.0300558601
v -0.225623354 -0.315501243 0.0272587091
v -0.228458554 -0.315746009 0.0230652783
v -0.211835057 -0.319124162 0.0332101025
v -0.222643986 -0.316225111 0.0312853269
v -0.214028567 -0.319711924 0.035977181
v -0.226465583 -0.315726936 0.0277247671
v -0.228458554 -0.315746009 0.0230652783
v -0.219631419 -0.317888737 0.0349959433
v -0.224294946 -0.316667497 0.0321989022
v -0.227379441 -0.315971792 0.0280117635
v -0.228458554 -0.315746009 0.0230652783
v -0.22202763 -0.318530798 0.0363219157
v -0.216701359 -0.320428103 0.0382480584
v -0.226086318 -0.317147493 0.0327614807
v -0.228329822 -0.316226453 0.0281086694
v -0.228458554 -0.315746009 0.0230652783
v -0.227949277 -0.317646682 0.0329514332
v -0.224627659 -0.319227487 0.0371384472
v -0.227331579 -0.319951981 0.0374141484
v -0.219750732 -0.321245164 0.0399354734
v -0.223059505 -0.322131753 0.040974576
v -0.226500452 -0.323053747 0.0413254313
v -0.221442088 -0.325748652 0.0441225879
v -0.225487888 -0.326832741 0.0445351154
v -0.217551723 -0.324706256 0.0429008417
v -0.213966355 -0.323745549 0.0409168191
v -0.210823745 -0.322903484 0.0382467769
v -0.219837546 -0.329939246 0.0464616492
v -0.22433275 -0.331143737 0.0469200015
v -0.215515047 -0.328781039 0.045104187
v -0.211531401 -0.327713609 0.04289978
v -0.208039701 -0.326778024 0.039933145
v -0.21830751 -0.334542513 0.0479019843
v -0.223079443 -0.335821152 0.0483885519
v -0.213718891 -0.333313018 0.0464609526
v -0.209490016 -0.332179874 0.044120837
v -0.205783367 -0.331186682 0.0409715697
v -0.216910705 -0.339381695 0.0483883135
v -0.221776083 -0.340685368 0.0488844067
v -0.212232247 -0.33812812 0.0469190627
v -0.207920551 -0.336972803 0.0445331298
v -0.204141319 -0.33596015 0.041322194
v -0.215700775 -0.344270974 0.0479019806
v -0.220472723 -0.345549613 0.0483885482
v -0.211112171 -0.34304145 0.0464609526
v -0.206883281 -0.341908336 0.044120837
v -0.203176633 -0.340915143 0.0409715697
v -0.214724198 -0.349022537 0.0464616455
v -0.219219401 -0.350227028 0.0469199978
v -0.210401699 -0.34786433 0.0451041833
v 0.341390312 0.0529721417 0.0212852266
v 0.341290176 0.0529734604 0.0230454206
v 0.339963287 0.0548056737 0.0230833236
v 0.34074536 0.0550408214 0.0193222482
v 0.341891825 0.0531065278 0.0195735861
v 0.341618419 0.0552747585 0.0176312402
v 0.343802333 0.0536184423 0.016613476
v 0.342793375 0.0555895828 0.0161490608
v 0.345137864 0.0539762974 0.0154787637
v 0.344225049 0.055973202 0.0149326706
v 0.346661568 0.0543845743 0.0146355964
v 0.345858425 0.056410864 0.014028809
v 0.348314881 0.0548275784 0.0141163757
v 0.347630769 0.0568857603 0.0134722162
v 0.350034297 0.0552882887 0.0139410598
v 0.349473923 0.0573796332 0.0132842781
v -0.197329432 -0.348980069 0.0231534429
v -0.197724491 -0.349087983 0.0272538681
v -0.196620271 -0.344171613 0.0277191401
v -0.196181923 -0.344052404 0.0231630411
v -0.198904634 -0.349404216 0.0312814638
v -0.197931483 -0.344522953 0.0321941227
v -0.2000608 -0.345093489 0.0363182873
v -0.200134665 -0.34010005 0.0371341743
v -0.197874278 -0.339494377 0.0327561162
v -0.201039791 -0.335129112 0.0374096595
v -0.196482331 -0.339121401 0.0280056428
v -0.196017295 -0.338995785 0.0231689345
v -0.198735133 -0.334511578 0.0329458714
v -0.197315931 -0.3341313 0.0281023812
v -0.196841732 -0.334004253 0.023170922
v -0.202741385 -0.330371588 0.0371341743
v -0.19908905 -0.32939294 0.0280056447
v -0.200480998 -0.329765916 0.0327561162
v -0.198623523 -0.32926923 0.0231689345
v -0.205174148 -0.326010197 0.036318291
v -0.201733619 -0.325088322 0.0277191419
v -0.203044832 -0.325439662 0.0321941227
v -0.208244666 -0.322212428 0.034993317
v -0.206328243 -0.321698934 0.0312814638
v -0.335812747 0.0917829722 0.0141163804
v -0.337532133 0.0913222581 0.0139410598
v -0.338092506 0.0934135988 0.0132842781
v -0.336249352 0.0939074755 0.013472219
v -0.334159404 0.0922259763 0.0146356011
v -0.334477007 0.094382368 0.0140288165
v -0.332635701 0.0926342532 0.015478773
v -0.332843632 0.09482003 0.0149326809
v -0.331300169 0.0929921046 0.016613489
v -0.331411958 0.0952036455 0.0161490757
v -0.330204129 0.0932857916 0.0179961454
v -0.330237001 0.0955184698 0.017631257
v -0.329389691 0.0935040191 0.0195736028
v -0.329363942 0.0957524106 0.0193222649
v -0.328888148 0.0936384052 0.0212852433
v -0.328826308 0.0958964676 0.0211571157
v -0.328802109 0.093689613 0.0230454374
v -0.328569084 0.0959398001 0.0230833422
v -0.312760353 0.0532472432 0.0258646253
v -0.312495291 0.053319674 0.0231246091
v -0.316913903 0.0496634729 0.0268485621
v -0.309886068 0.0573418662 0.0266276859
v -0.309549421 0.0574339814 0.023140477
v -0.313549072 0.0530359074 0.0285563748
v -0.310889781 0.0570729263 0.0300531629
v -0.307857901 0.0619356073 0.0272538681
v -0.307462841 0.0620435327 0.0231534429
v -0.309038043 0.0616193898 0.0312814638
v -0.306753665 0.0668519959 0.0277191401
v -0.306315333 0.0669711977 0.0231630411
v -0.308064908 0.0665006563 0.0321941227
v -0.30661574 0.071902208 0.0280056428
v -0.306150705 0.0720278099 0.0231689345
v -0.308007687 0.071529232 0.0327561162
v -0.307449341 0.0768923014 0.0281023812
v -0.306975126 0.0770193636 0.023170922
v -0.308868527 0.0765120238 0.0329458714
v -0.30922246 0.0816306472 0.0280056447
v -0.308756918 0.081754379 0.0231689345
v -0.310614407 0.0812576786 0.0327561162
v -0.311867028 0.0859352872 0.0277191419
v -0.311427802 0.0860512257 0.023163043
v -0.313178241 0.0855839476 0.0321941227
v -0.31528151 0.089640893 0.0272538718
v -0.314885408 0.0897449628 0.0231534448
v -0.316461653 0.089324683 0.0312814638
v -0.319334835 0.0926051065 0.0266276859
v -0.318997234 0.0926936492 0.0231404789
v -0.320338517 0.0923361629 0.0300531648
v -0.323871344 0.0947140083 0.0258646272
v -0.323605567 0.0947838202 0.023124611
v -0.324660063 0.0945026726 0.0285563767
v -0.325940877 0.0941594839 0.0310371052
v -0.321968466 0.0918994248 0.0332101025
v -0.318378061 0.088811174 0.034993317
v -0.315307558 0.085013397 0.036318291
v -0.312874794 0.080652006 0.0371341743
v -0.311173201 0.0758944973 0.0374096595
v -0.310268074 0.0709235668 0.0371341743
v -0.310194194 0.0659301057 0.0363182873
v -0.310954452 0.0611058846 0.0349933133
v -0.312519699 0.0566361882 0.0332100987
v -0.313533545 0.0604148246 0.0382467732
v -0.314829886 0.0526927188 0.0310371034
v -0.31471321 0.056048438 0.0359771773
v -0.31779635 0.0494270176 0.0285577476
v -0.316553563 0.052230861 0.0332114808
v -0.321305186 0.0469646379 0.0258672442
v -0.215341315 -0.348296553 0.0444095321
v -0.219442248 -0.349395394 0.0448276773
v -0.211397946 -0.347239912 0.0431711338
v -0.207763717 -0.346266121 0.0411600769
v -0.21469748 -0.352341115 0.0422733538
v -0.218387961 -0.353329986 0.0426496528
v -0.211148754 -0.351390243 0.0411588959
v -0.207878247 -0.350513935 0.0393491089
v -0.205011621 -0.34974581 0.0369135477
v -0.214325801 -0.355937451 0.0393987224
v -0.217463985 -0.356778324 0.0397187024
v -0.211308181 -0.355128884 0.0384510495
v -0.208527133 -0.354383677 0.0369121134
v -0.206089512 -0.35373053 0.0348410495
v -0.214240581 -0.358947247 0.0358962677
v -0.216705829 -0.359607816 0.0361476354
v -0.211870044 -0.35831207 0.0351518095
v -0.209685341 -0.357726663 0.0339428745
v -0.207770437 -0.357213557 0.0323159173
v -0.21444504 -0.361254871 0.0319007337
v -0.216142625 -0.361709744 0.0320738256
v -0.212812677 -0.360817492 0.0313881002
v -0.211308286 -0.360414386 0.0305556227
v -0.214931279 -0.362771749 0.0275658034
v -0.215795979 -0.363003433 0.0276539717
v -0.215679184 -0.363439292 0.0230652746
v -0.214099795 -0.362548947 0.027304681
v -0.215679184 -0.363439292 0.0230652746
v -0.213333502 -0.362343639 0.0268806424
v -0.215679184 -0.363439292 0.0230652746
v -0.212661847 -0.362163663 0.0263099801
v -0.215679184 -0.363439292 0.0230652746
v -0.209989682 -0.360061079 0.0294352956
v -0.212110624 -0.362015963 0.0256146248
v -0.215679184 -0.363439292 0.0230652746
v -0.208907515 -0.359771103 0.0280701723
v -0.206198901 -0.35679248 0.030333465
v -0.211701035 -0.361906201 0.0248213001
v -0.215679184 -0.363439292 0.0230652746
v -0.208103403 -0.359555632 0.0265127141
v -0.204089016 -0.353194505 0.0323174521
v -0.205031157 -0.356479585 0.0280716997
v -0.211448804 -0.361838609 0.0239604935
v -0.215679184 -0.363439292 0.0230652746
v -0.204312056 -0.356286913 0.0256175399
v -0.211363629 -0.36181581 0.023065282
v -0.215679184 -0.363439292 0.0230652746
v -0.207409307 -0.359354585 0.0230454374
v -0.204067886 -0.356223017 0.0230000541
v -0.211448804 -0.361838609 0.0221700724
v -0.215679184 -0.363439292 0.0230652746
v -0.207509443 -0.359353274 0.0212852415
v -0.211701021 -0.361906201 0.021309264
v -0.215679184 -0.363439292 0.0230652746
v -0.208010972 -0.359487653 0.0195735991
v -0.212110609 -0.362015963 0.0205159374
v -0.215679184 -0.363439292 0.0230652746
v -0.208825409 -0.359705865 0.0179961398
v -0.212661833 -0.362163663 0.0198205803
v -0.215679184 -0.363439292 0.0230652746
v -0.209921464 -0.359999567 0.0166134834
v -0.213333488 -0.362343609 0.0192499161
v -0.215679184 -0.363439292 0.0230652746
v -0.21409978 -0.362548947 0.0188258756
v -0.215679184 -0.363439292 0.0230652746
v -0.212780699 -0.360765696 0.0146355964
v -0.214931265 -0.362771749 0.0185647514
v -0.215679184 -0.363439292 0.0230652746
v -0.214434028 -0.361208707 0.0141163738
v -0.215795964 -0.363003433 0.0184765793
v -0.215679184 -0.363439292 0.0230652746
v -0.216153413 -0.361669391 0.0139410524
v -0.216660678 -0.363235146 0.0185647495
v -0.215679184 -0.363439292 0.0230652746
v -0.217872813 -0.362130105 0.0141163683
v -0.217492148 -0.363457948 0.0188258719
v -0.215679184 -0.363439292 0.0230652746
v -0.219526127 -0.362573117 0.0146355899
v -0.21825844 -0.363663256 0.0192499124
v -0.215679184 -0.363439292 0.0230652746
v -0.222385377 -0.363339245 0.0166134704
v -0.21893011 -0.363843232 0.0198205765
v -0.215679184 -0.363439292 0.0230652746
v -0.219481334 -0.363990933 0.0205159318
v -0.215679184 -0.363439292 0.0230652746
v -0.223481432 -0.363632947 0.0179961231
v -0.219890922 -0.364100695 0.0213092547
v -0.215679184 -0.363439292 0.0230652746
v -0.224295869 -0.36385116 0.0195735823
v -0.220143139 -0.364168257 0.0221700631
v -0.215679184 -0.363439292 0.0230652746
v -0.224797398 -0.363985538 0.0212852247
v -0.220228314 -0.364191085 0.0230652746
v -0.215679184 -0.363439292 0.0230652746
v -0.224883467 -0.364036769 0.0230454188
v -0.220143154 -0.364168257 0.0239604842
v -0.215679184 -0.363439292 0.0230652746
v -0.224677011 -0.363996536 0.0248227548
v -0.229343012 -0.362995446 0.0230000298
v -0.219890922 -0.364100695 0.0248212926
v -0.215679184 -0.363439292 0.0230652746
v -0.229099616 -0.362928689 0.0256175138
v -0.233551428 -0.361091018 0.0229825806
v -0.224181846 -0.363863856 0.0265126973
v -0.219481334 -0.363990933 0.0256146193
v -0.215679184 -0.363439292 0.0230652746
v -0.233240873 -0.361005723 0.0263141952
v -0.237307653 -0.358401775 0.022968322
v -0.223377734 -0.363648385 0.0280701574
v -0.21893011 -0.363843232 0.0263099726
v -0.215679184 -0.363439292 0.0230652746
v -0.236941531 -0.358301401 0.0268859938
v -0.240466982 -0.355030864 0.0229577702
v -0.232325494 -0.36076045 0.0294382647
v -0.227212772 -0.362423122 0.0303334445
v -0.222295567 -0.363358408 0.0294352826
v -0.218258455 -0.363663256 0.0268806387
v -0.215679184 -0.363439292 0.0230652746
v -0.225641251 -0.362002045 0.0323159024
v -0.230838999 -0.360362142 0.0323174261
v -0.235865042 -0.358012944 0.03055989
v -0.220976964 -0.363005102 0.0305556133
v -0.217492163 -0.363457948 0.0273046792
v -0.215679184 -0.363439292 0.0230652746
v -0.215679184 -0.363439292 0.0230652746
v -0.223726347 -0.361488938 0.0339428596
v -0.228838488 -0.359826088 0.0348410271
v -0.226400882 -0.35917294 0.0369120985
v -0.234116927 -0.357544541 0.0339457728
v -0.231764346 -0.356914192 0.0369135216
v -0.228897721 -0.356146067 0.0393490903
v -0.23112081 -0.352524638 0.0411600545
v -0.234306231 -0.353378177 0.0384536162
v -0.236920446 -0.35407865 0.0351558179
v -0.238862991 -0.354599148 0.0313933827
v -0.232984632 -0.348447889 0.0422752909
v -0.236366391 -0.349354029 0.039402049
v -0.237865523 -0.344996542 0.0397223011
v -0.240695268 -0.345754772 0.0361526161
v -0.239141732 -0.350097686 0.0359009951
v -0.24358359 -0.341769487 0.0319066718
v -0.242797956 -0.346318185 0.032079991
v -0.244853526 -0.34210977 0.0275725778
v -0.245287806 -0.342225015 0.02295129
v -0.244092792 -0.346665114 0.0276609343
v -0.244535506 -0.346783757 0.0229491051
v -0.241203994 -0.350650281 0.0319066718
v -0.242473915 -0.350990534 0.027572576
v -0.242907658 -0.351107866 0.02295129
v -0.240059197 -0.354919672 0.027310906
v -0.350192606 0.0561039262 0.027310906
v -0.353041053 0.0599157326 0.02295129
v -0.348996401 0.0564244464 0.0313933827
v -0.347053856 0.0569449477 0.0351558179
v -0.35260731 0.0600330532 0.027572576
v -0.354668915 0.0642398521 0.0229491051
v -0.351337403 0.0603733324 0.0319066718
v -0.344439626 0.0576454252 0.0384536162
v -0.354226202 0.0643584803 0.0276609343
v -0.355421215 0.0687985793 0.02295129
v -0.349275142 0.0609259121 0.0359009951
v -0.35293135 0.0647054315 0.032079991
v -0.354986936 0.0689138472 0.0275725778
v -0.355269015 0.0734163299 0.022957772
v -0.354860276 0.0735239312 0.027310906
v -0.354218423 0.077915296 0.0229683239
v -0.353716999 0.0692541227 0.0319066718
v -0.350828677 0.0652688444 0.0361526161
v -0.346499801 0.061669562 0.039402049
v -0.353851169 0.0780114308 0.0268859956
v -0.352310061 0.0821223706 0.0229825806
v -0.35366407 0.0738444552 0.0313933864
v -0.351654738 0.0698067024 0.0359009951
v -0.347998917 0.0660270676 0.0397223011
v -0.351998448 0.0822037607 0.0263141952
v -0.34961766 0.0858758688 0.0230000317
v -0.35277468 0.0782998726 0.03055989
v -0.351721525 0.0743649527 0.0351558179
v -0.348879397 0.0705503523 0.0394020528
v -0.349373519 0.0859397501 0.0256175157
v -0.35108307 0.0824490339 0.0294382665
v -0.346276253 0.0890074298 0.0230454206
v -0.351026535 0.0787682831 0.0339457728
v -0.348654419 0.0861324295 0.0280716754
v -0.345582157 0.0892084911 0.0265126973
v -0.349107325 0.075065434 0.0384536199
v -0.34959656 0.0828473419 0.0323174261
v -0.34867397 0.079398647 0.0369135216
v -0.345497638 0.0714564919 0.0422752909
v -0.345921874 0.075918965 0.0411600545
v -0.344550878 0.0669509694 0.0426518694
v -0.343118042 0.0625756979 0.0422752909
v -0.340617031 0.0680050403 0.0448287316
v -0.341254205 0.05849896 0.0411600545
v -0.33761999 0.0594727471 0.0431711152
v -0.339259803 0.0636095032 0.0444102995
v -0.333676606 0.0605293699 0.0444095172
v -0.335073411 0.0647312477 0.045725029
v -0.329575658 0.0616282187 0.0448276773
v -0.336348563 0.0691487789 0.0461692363
v -0.341639429 0.0724902973 0.0444103032
v -0.337453008 0.0736120418 0.0457250327
v -0.331909478 0.0703382194 0.0466218702
v -0.333099276 0.0747786164 0.0461689681
v -0.34228766 0.0768927485 0.0431711189
v -0.338344276 0.0779493749 0.0444095246
v -0.345807344 0.0801667571 0.0393490903
v -0.342536837 0.0810430869 0.041158881
v -0.338988125 0.0819939598 0.0422733426
v -0.342377394 0.0847817138 0.038451042
v -0.33935979 0.0855902806 0.0393987149
v -0.345158458 0.0840365291 0.0369120985
v -0.347596079 0.0833833739 0.0348410308
v -0.341815531 0.0879648998 0.035151802
v -0.339444995 0.0886000842 0.0358962603
v -0.34400025 0.0873795152 0.0339428596
v -0.345915139 0.086866416 0.0323159024
v -0.347486675 0.0864453316 0.0303334463
v -0.340872884 0.0904703364 0.0313880891
v -0.339240551 0.0909077227 0.03190073
v -0.343695909 0.0897139162 0.0294352826
v -0.344778061 0.0894239545 0.0280701574
v -0.340352058 0.0919964761 0.0268806349
v -0.342236757 0.0914914757 0.0239604861
v -0.338006377 0.0930921435 0.0230652783
v -0.338754296 0.0924245939 0.0275657978
v -0.342321932 0.0914686546 0.0230652764
v -0.346176118 0.089006111 0.0212852266
v -0.345674574 0.0891404971 0.0195735861
v -0.341574937 0.091668807 0.0205159355
v -0.344860137 0.0893587247 0.0179961286
v -0.343764096 0.0896524116 0.016613476
v -0.342428535 0.0900102705 0.0154787637
v -0.339585781 0.0922018066 0.0188258793
v -0.340904832 0.0904185474 0.0146355964
v -0.337889582 0.092656292 0.0184765868
v -0.339251518 0.0908615515 0.0141163757
v -0.337532133 0.0913222581 0.0139410598
v 0.0283623859 0.303005338 0.0316163078
v 0.02628351 0.307220876 0.0316163078
v 0.02628351 0.307220876 0.0581492372
v 0.0227496568 0.31031999 0.0581492372
v 0.0227496568 0.31031999 0.0316163078
v 0.0283623859 0.303005338 0.0581492372
v 0.0286697987 0.298315138 0.0316163078
v 0.0286697987 0.298315138 0.0581492372
v 0.0271589458 0.29386428 0.0316163078
v 0.0271589458 0.29386428 0.0581492372
v 0.0240598414 0.29033044 0.0316163078
v 0.0240598414 0.29033044 0.0581492372
v 0.0198442936 0.288251549 0.0316163078
v 0.0198442936 0.288251549 0.0581492372
v 0.0151540833 0.287944138 0.0316163078
v 0.0151540833 0.287944138 0.0581492372
v 0.0107032526 0.289454997 0.0316163078
v 0.0107032526 0.289454997 0.0581492372
v 0.0071694036 0.29255411 0.0316163078
v 0.0071694036 0.29255411 0.0581492372
v 0.0050905277 0.296769649 0.0316163078
v 0.0050905277 0.296769649 0.0581492372
v 0.00478311488 0.301459849 0.0316163078
v 0.00478311488 0.301459849 0.0581492372
v 0.00629396923 0.305910707 0.0316163078
v 0.00629396923 0.305910707 0.0581492372
v 0.00939307269 0.309444547 0.0316163078
v 0.00939307269 0.309444547 0.0581492372
v 0.0136086196 0.311523408 0.0316163078
v 0.0136086196 0.311523408 0.0581492372
v 0.018298829 0.311830819 0.0316163078
v 0.018298829 0.311830819 0.0581492372
v 0.0227496568 0.31031999 0.0316163078
v 0.0227496568 0.31031999 0.0581492372
v 0.0364422351 0.280477494 0.0312853307
v 0.034791287 0.280035138 0.0321989022
v 0.0311369449 0.279055953 0.0329514369
v 0.0358231813 0.282782465 0.0363219157
v 0.0364378393 0.286271632 0.0399354696
v 0.0332231484 0.282085806 0.0371384434
v 0.0331290774 0.285385042 0.0409745723
v 0.0305192359 0.281361282 0.0374141484
v 0.0278152954 0.280636758 0.0371384397
v 0.0296881218 0.284463048 0.0413254276
v 0.0262471288 0.283541024 0.0409745611
v 0.0229383726 0.282654464 0.0399354585
v 0.0252152663 0.279940099 0.0363219045
v 0.0198890027 0.281837374 0.0382480361
v 0.0228190646 0.279298037 0.0349959284
v 0.0172162093 0.281121194 0.0359771512
v 0.0207187757 0.27873525 0.0332114622
v 0.0150227007 0.280533463 0.0332100727
v 0.0189951137 0.278273404 0.031037081
v 0.013392779 0.28009671 0.0300531313
v 0.017714316 0.27793023 0.0285563488
v 0.0123890797 0.279827774 0.0266276505
v 0.00951588433 0.283108205 0.0312814228
v 0.00833575893 0.282792002 0.0272538289
v 0.0079396693 0.282687932 0.0231534019
v 0.00448206207 0.286381662 0.0231629945
v 0.00492127519 0.286497593 0.0277190953
v 0.0221177675 0.325252533 0.0263099782
v 0.0233308058 0.325577557 0.0239604935
v 0.0188668538 0.324848592 0.0230652783
v 0.027985068 0.325394839 0.0212852433
v 0.0230785832 0.325509965 0.0213092696
v 0.0274835415 0.32526046 0.0195736028
v 0.0266691055 0.325042218 0.0179961454
v 0.0221177768 0.325252533 0.0198205877
v 0.0255730562 0.324748546 0.016613489
v 0.0242375191 0.32439068 0.015478773
v 0.0206798241 0.324867219 0.0188258812
v 0.0227138139 0.323982418 0.0146356011
v 0.0210604947 0.323539406 0.0141163804
v 0.0189836435 0.324412733 0.0184765868
v 0.0193411019 0.323078692 0.0139410598
v 0.0241646133 0.324414402 0.0305556208
v 0.0198483355 0.324644417 0.0275657997
v 0.0269139893 0.322898239 0.0339428745
v 0.0226602219 0.324011296 0.0313880965
v 0.0210278612 0.323573887 0.0319007337
v 0.0181189328 0.32418105 0.0275657978
v 0.0193302855 0.323119044 0.0320738256
v 0.0176326893 0.322664171 0.03190073
v 0.0247292854 0.322312832 0.0351518095
v 0.0223587472 0.321677655 0.0358962677
v 0.0198934991 0.321017087 0.0361476354
v 0.017428223 0.320356518 0.0358962603
v 0.0295885187 0.320582241 0.0369121172
v 0.0268074628 0.319837034 0.0384510532
v 0.0237898417 0.319028467 0.0393987224
v 0.0206516571 0.318187594 0.0397187062
v 0.0175134391 0.317346722 0.0393987149
v 0.0320853516 0.317555338 0.0393491089
v 0.0288148392 0.316679031 0.0411588959
v 0.0252661258 0.315728158 0.0422733538
v 0.0215756334 0.314739287 0.0426496528
v 0.0178851001 0.313750416 0.0422733426
v 0.034308441 0.313933909 0.0411600806
v 0.0306742061 0.312960118 0.0431711338
v 0.0267308317 0.311903507 0.0444095321
v 0.0226299092 0.310804665 0.044827681
v 0.018528942 0.309705824 0.0444095246
v 0.0194202233 0.305368483 0.0457250327
v 0.208278909 -0.385505527 0.0275658015
v 0.209143624 -0.385273844 0.0276539717
v 0.209260404 -0.385709703 0.0230652746
v 0.207099378 -0.384434998 0.03190073
v 0.207447439 -0.385728329 0.0273046792
v 0.203962624 -0.385275513 0.0305556133
v 0.208796978 -0.383980155 0.0320738256
v 0.206681147 -0.385933667 0.0268806387
v 0.201213256 -0.38375935 0.0339428596
v 0.203397945 -0.383173943 0.0351517983
v 0.205768481 -0.382538766 0.0358962603
v 0.210008323 -0.385042161 0.0275658034
v 0.201319769 -0.380698174 0.0384510383
v 0.208233759 -0.381878197 0.0361476354
v 0.210839793 -0.384819359 0.027304681
v 0.204337388 -0.379889607 0.0393987112
v 0.210699007 -0.381217629 0.0358962677
v 0.207475603 -0.379048705 0.0397187024
v 0.213631302 -0.382684797 0.0305556227
v 0.210613787 -0.378207833 0.0393987224
v 0.211606085 -0.384614021 0.0268806424
v 0.213069543 -0.380582452 0.0351518095
v 0.212277755 -0.384434044 0.0263099801
v 0.377598614 0.0266310517 0.026886031
v 0.377965868 0.0267271847 0.0229683612
v 0.37860772 0.031118542 0.027310947
v 0.379016489 0.0312261451 0.0229578111
v 0.376522094 0.0263426062 0.0305599235
v 0.377411515 0.030798018 0.0313934237
v 0.37873435 0.0357286297 0.0275726207
v 0.379168659 0.0358438939 0.0229513347
v 0.377464414 0.0353883468 0.0319067128
v 0.374773979 0.0258741956 0.0339458026
v 0.375468969 0.0302775148 0.0351558551
v 0.372854739 0.0295770373 0.0384536497
v 0.369669288 0.0287235025 0.0411600769
v 0.372626811 0.0340921134 0.0394020826
v 0.375402153 0.034835767 0.0359010324
v 0.366035074 0.0277497116 0.0431711338
v 0.369245052 0.0331859738 0.042275317
v 0.365386814 0.0321521647 0.0444103181
v 0.361200392 0.0310304202 0.0457250401
v 0.360095948 0.0354936831 0.0461692475
v 0.364364445 0.0366374217 0.0448287502
v 0.368298292 0.0376914963 0.0426518917
v 0.371746361 0.0386153981 0.0397223346
v 0.374576092 0.0393736288 0.0361526571
v 0.376678795 0.0399370417 0.0320800319
v 0.373022556 0.0437165573 0.0359010361
v 0.377973616 0.0402839929 0.027660979
v 0.378416359 0.040402621 0.0229491498
v 0.375084817 0.0442691408 0.0319067128
v 0.376354754 0.04460942 0.0275726207
v 0.376788497 0.0447267443 0.0229513347
v 0.373940051 0.048538547 0.027310947
v 0.374347836 0.0486497432 0.022957813
v 0.372743815 0.048218023 0.0313934237
v 0.3708013 0.0476975217 0.0351558551
v 0.37082237 0.0519202799 0.0268860329
v 0.371188492 0.0520206541 0.0229683612
v 0.36974588 0.0516318344 0.0305599254
v 0.367997766 0.0511634238 0.0339458026
v 0.367121726 0.0546245947 0.0263142288
v 0.367432266 0.0547099113 0.0229826141
v 0.366206348 0.0543793179 0.0294382963
v 0.364719838 0.0539810099 0.0323174521
v 0.362980455 0.0565475821 0.0256175399
v 0.363223851 0.0566143431 0.0230000578
v 0.362261355 0.056354899 0.0280716997
v 0.361093611 0.0560420044 0.030333465
v -0.218377441 -0.339774728 0.0316163078
v -0.220456317 -0.33555916 0.0316163078
v -0.220456317 -0.33555916 0.0581492372
v -0.223990172 -0.332460076 0.0581492372
v -0.218377441 -0.339774728 0.0581492372
v -0.223990172 -0.332460076 0.0316163078
v -0.21807003 -0.344464928 0.0316163078
v -0.228441 -0.330949217 0.0581492372
v -0.21807003 -0.344464928 0.0581492372
v -0.228441 -0.330949217 0.0316163078
v -0.2331312 -0.331256628 0.0581492372
v -0.2331312 -0.331256628 0.0316163078
v -0.219580874 -0.348915756 0.0316163078
v -0.219580874 -0.348915756 0.0581492372
v -0.222679988 -0.352449596 0.0316163078
v -0.222679988 -0.352449596 0.0581492372
v -0.226895526 -0.354528487 0.0316163078
v -0.226895526 -0.354528487 0.0581492372
v -0.231585741 -0.354835898 0.0316163078
v -0.231585741 -0.354835898 0.0581492372
v -0.236036569 -0.353325039 0.0316163078
v -0.236036569 -0.353325039 0.0581492372
v -0.239570424 -0.350225925 0.0316163078
v -0.239570424 -0.350225925 0.0581492372
v -0.2416493 -0.346010387 0.0316163078
v -0.2416493 -0.346010387 0.0581492372
v -0.241956711 -0.341320187 0.0316163078
v -0.241956711 -0.341320187 0.0581492372
v -0.240445852 -0.336869359 0.0316163078
v -0.240445852 -0.336869359 0.0581492372
v -0.237346753 -0.333335489 0.0316163078
v -0.237346753 -0.333335489 0.0581492372
v -0.2331312 -0.331256628 0.0316163078
v -0.2331312 -0.331256628 0.0581492372
v 0.0305671003 0.277381092 0.0280117635
v 0.0292739701 0.278556764 0.0327614769
v 0.0274825878 0.278076768 0.0321988985
v 0.0258316416 0.277634412 0.0312853158
v 0.0280727893 0.276712745 0.026631495
v 0.0243845731 0.277246654 0.030055847
v 0.0231969953 0.276928455 0.0285577308
v 0.0270167701 0.276429772 0.0249952991
v 0.0223145448 0.276692003 0.0268485434
v 0.0169256069 0.277718872 0.0258645974
v 0.0217711367 0.276546389 0.0249939673
v 0.016659826 0.277649075 0.0231245812
v 0.0216233395 0.276493102 0.0230833218
v 0.0120514939 0.279739231 0.0231404435
v 0.0267395526 0.276355505 0.0220813565
v 0.0218805838 0.276536435 0.0211570933
v 0.022418214 0.27668047 0.0193222426
v 0.0232912786 0.276914418 0.0176312346
v 0.0280727912 0.276712745 0.0194990542
v 0.0244662259 0.277229249 0.0161490571
v 0.0258979034 0.277612865 0.0149326641
v 0.0296532363 0.277136207 0.0184057839
v 0.0275312904 0.278050542 0.0140288025
v 0.0293036196 0.278525412 0.0134722097
v 0.0315174982 0.277635753 0.0180218797
v 0.0311467797 0.279019296 0.0132842716
v 0.0329899415 0.27951318 0.0134722115
v 0.034762267 0.27998805 0.014028809
v 0.0363956541 0.280425727 0.0149326734
v 0.0349621996 0.278558761 0.0194990598
v 0.0378273278 0.280809343 0.0161490683
v 0.0390022732 0.281124175 0.0176312495
v 0.0360182151 0.278841704 0.0211352594
v 0.039875336 0.281358093 0.0193222594
v 0.0404129624 0.281502157 0.0211571101
v 0.213631406 -0.377399266 0.0384510495
v 0.215254247 -0.379997075 0.0339428745
v 0.214949921 -0.382331461 0.0294352956
v 0.21641247 -0.376654088 0.0369121134
v 0.217169166 -0.379483968 0.0323159173
v 0.216032073 -0.382041514 0.0280701723
v 0.213490799 -0.38410902 0.0239604935
v 0.218850076 -0.376000941 0.0348410495
v 0.218740687 -0.379062891 0.030333465
v 0.216836184 -0.381826043 0.0265127141
v 0.220627531 -0.378557295 0.0256175399
v 0.21753028 -0.381624967 0.0230454374
v 0.213575959 -0.384086192 0.023065282
v 0.220871702 -0.378493428 0.0230000541
v 0.213490799 -0.38410902 0.0221700724
v 0.217430145 -0.381623656 0.0212852415
v 0.213238567 -0.384176612 0.021309264
v 0.216928616 -0.381758034 0.0195735991
v 0.212828979 -0.384286344 0.0205159374
v 0.215018138 -0.382269949 0.0166134834
v 0.2116061 -0.384614021 0.0192499161
v 0.213682592 -0.382627815 0.0154787665
v 0.210839808 -0.384819359 0.0188258756
v 0.212158889 -0.383036077 0.0146355964
v 0.210008338 -0.385042161 0.0185647514
v 0.210505575 -0.383479089 0.0141163738
v 0.209143624 -0.385273844 0.0184765793
v 0.208786175 -0.383939803 0.0139410524
v 0.208278924 -0.385505527 0.0185647495
v 0.207066774 -0.384400517 0.0141163683
v 0.207447439 -0.385728329 0.0188258719
v 0.205413461 -0.384843528 0.0146355899
v 0.206681147 -0.385933667 0.0192499124
v 0.203889757 -0.38525179 0.0154787572
v 0.206009492 -0.386113644 0.0198205765
v 0.202554211 -0.385609657 0.0166134704
v 0.205458269 -0.386261344 0.0205159318
v 0.201458156 -0.385903329 0.0179961231
v 0.20504868 -0.386371076 0.0213092547
v 0.200643718 -0.386121571 0.0195735823
v 0.204796448 -0.386438668 0.0221700631
v 0.20014219 -0.38625595 0.0212852247
v 0.204711288 -0.386461496 0.0230652746
v 0.200056121 -0.38630718 0.0230454188
v 0.205048665 -0.386371076 0.0248212926
v 0.200262576 -0.386266917 0.0248227548
v 0.195596591 -0.385265857 0.0230000298
v 0.205458269 -0.386261344 0.0256146193
v 0.195839986 -0.3851991 0.0256175138
v 0.200757757 -0.386134237 0.0265126973
v 0.191388175 -0.383361429 0.0229825806
v 0.201561868 -0.385918796 0.0280701574
v 0.206009477 -0.386113644 0.0263099726
v 0.20264402 -0.385628819 0.0294352826
v 0.196559072 -0.385006428 0.0280716754
v 0.197726831 -0.384693533 0.0303334445
v 0.199298352 -0.384272426 0.0323159024
v 0.191698715 -0.383276105 0.0263141952
v 0.18763195 -0.380672187 0.022968322
v 0.192614093 -0.383030832 0.0294382647
v 0.194100603 -0.382632524 0.0323174261
v 0.196101099 -0.382096499 0.0348410271
v 0.359055579 0.0352149159 0.0316163078
v 0.356976688 0.0394304618 0.0316163078
v 0.356976688 0.0394304618 0.0581492372
v 0.353442848 0.0425295681 0.0581492372
v 0.353442848 0.0425295681 0.0316163078
v 0.359055579 0.0352149159 0.0581492372
v 0.35936299 0.0305247139 0.0316163078
v 0.35936299 0.0305247139 0.0581492372
v 0.357852131 0.0260738824 0.0316163078
v 0.357852131 0.0260738824 0.0581492372
v 0.354753017 0.0225400273 0.0316163078
v 0.354753017 0.0225400273 0.0581492372
v 0.350537479 0.0204611514 0.0316163078
v 0.350537479 0.0204611514 0.0581492372
v 0.345847279 0.0201537367 0.0316163078
v 0.345847279 0.0201537367 0.0581492372
v 0.341396451 0.0216645934 0.0316163078
v 0.341396451 0.0216645934 0.0581492372
v 0.337862581 0.0247636996 0.0316163078
v 0.337862581 0.0247636996 0.0581492372
v 0.33578372 0.0289792456 0.0316163078
v 0.33578372 0.0289792456 0.0581492372
v 0.335476309 0.0336694531 0.0316163078
v 0.335476309 0.0336694531 0.0581492372
v 0.336987168 0.038120281 0.0316163078
v 0.336987168 0.038120281 0.0581492372
v 0.340086251 0.0416541323 0.0316163078
v 0.340086251 0.0416541323 0.0581492372
v 0.34430182 0.0437330082 0.0316163078
v 0.34430182 0.0437330082 0.0581492372
v 0.34899202 0.0440404192 0.0316163078
v 0.34899202 0.0440404192 0.0581492372
v 0.353442848 0.0425295681 0.0316163078
v 0.353442848 0.0425295681 0.0581492372
v -0.328510851 0.071248889 0.0316163078
v -0.330589712 0.0754644349 0.0316163078
v -0.330589712 0.0754644349 0.0581492372
v -0.334123582 0.0785635412 0.0581492372
v -0.334123582 0.0785635412 0.0316163078
v -0.328510851 0.071248889 0.0581492372
v -0.32820344 0.0665586814 0.0316163078
v -0.32820344 0.0665586814 0.0581492372
v -0.329714268 0.0621078536 0.0316163078
v -0.329714268 0.0621078536 0.0581492372
v -0.332813382 0.0585739985 0.0316163078
v -0.332813382 0.0585739985 0.0581492372
v -0.337028921 0.0564951189 0.0316163078
v -0.337028921 0.0564951189 0.0581492372
v -0.341719151 0.0561877079 0.0316163078
v -0.341719151 0.0561877079 0.0581492372
v -0.346169978 0.0576985627 0.0316163078
v -0.346169978 0.0576985627 0.0581492372
v -0.349703819 0.060797669 0.0316163078
v -0.349703819 0.060797669 0.0581492372
v -0.351782709 0.0650132149 0.0316163078
v -0.351782709 0.0650132149 0.0581492372
v -0.35209012 0.0697034225 0.0316163078
v -0.35209012 0.0697034225 0.0581492372
v -0.350579262 0.0741542503 0.0316163078
v -0.350579262 0.0741542503 0.0581492372
v -0.347480148 0.077688098 0.0316163078
v -0.347480148 0.077688098 0.0581492372
v -0.34326461 0.0797669813 0.0316163078
v -0.34326461 0.0797669813 0.0581492372
v -0.338574409 0.0800743923 0.0316163078
v -0.338574409 0.0800743923 0.0581492372
v -0.334123582 0.0785635412 0.0316163078
v -0.334123582 0.0785635412 0.0581492372
vt 0.883590221 -0.0908269882
vt 0.823891938 -0.149609089
vt 0.815275252 -0.0569598675
vt 0.942075193 -0.0270388126
vt 0.877094507 -0.0269930363
vt 0.938592792 0.00552582741
vt 0.99999994 0.0393919349
vt 0.812432766 0.0373506546
vt 0.875367939 0.0387707949
vt 0.749942899 0.0368046761
vt 0.937420309 0.0393919945
vt 0.878452659 0.105070949
vt 0.938592792 0.0732581019
vt 0.884890139 0.168225884
vt 0.753030479 -0.0832238197
vt 0.687455237 0.0363586545
vt 0.942075253 0.105822802
vt 0.895555556 0.22642976
vt 0.947760046 0.135834575
vt 0.910298586 0.277445912
vt 0.95546329 0.162140071
vt 0.928806603 0.319313705
vt 0.95052892 0.350424349
vt 0.975785196 0.199770093
vt 0.974628747 0.369582057
vt 0.987637699 0.20964849
vt 1.00000012 0.37605083
vt 1.02421474 0.199770033
vt 1.02537143 0.369581938
vt 1.04947114 0.350424111
vt 1.07119346 0.319313407
vt 1.03507972 0.183728337
vt 1.08970141 0.277445495
vt 1.04453659 0.162139893
vt 1.10444438 0.226429284
vt 1.05223989 0.135834336
vt 1.1151098 0.168225288
vt 1.05792463 0.105822444
vt 1.12154722 0.105070353
vt 1.12463188 0.0387701392
vt 1.06257963 0.0393916368
vt 1.12290525 -0.0269936323
vt 1.06140697 0.00552552938
vt 1.18472445 -0.0569608212
vt 1.12290525 -0.0269936323
vt 1.12463188 0.0387701392
vt 1.18756711 0.0373497009
vt 1.06140697 0.00552552938
vt 1.11640954 -0.0908274651
vt 1.24696934 -0.0832250118
vt 1.25005686 0.036803484
vt 1.17610788 -0.149609923
vt 1.23746908 -0.20112884
vt 1.30968177 -0.104778051
vt 1.3125447 0.036357224
vt 1.30073678 -0.243406534
vt 1.37283278 -0.120792627
vt 1.37503052 0.0360268354
vt 1.3658731 -0.274819851
vt 1.4363234 -0.130653858
vt 1.4375155 0.0358240008
vt 1.43251467 -0.294163465
vt 1.5 -0.133983612
vt 1.5 0.0357556343
vt 1.5 -0.300694942
vt 1.56367624 -0.130653858
vt 1.56248415 0.0358240008
vt 1.56748509 -0.294163585
vt 1.62716711 -0.120792627
vt 1.62496912 0.0360268354
vt 1.63412666 -0.27481997
vt 1.69031811 -0.104778171
vt 1.68745518 0.0363571644
vt 1.69926298 -0.243406534
vt 1.75303054 -0.0832250118
vt 1.74994302 0.0368034244
vt 1.7625308 -0.20112884
vt 1.81527543 -0.0569608212
vt 1.81243277 0.0373496413
vt 1.823892 -0.149609923
vt 1.87709463 -0.0269937515
vt 1.875368 0.0387700796
vt 1.88359034 -0.0908274651
vt 1.83852017 -0.234995842
vt 1.89435697 -0.14965713
vt 1.77915215 -0.309789658
vt 1.90924883 -0.201221704
vt 1.71542931 -0.371167183
vt 1.85944664 -0.309837103
vt 1.80403304 -0.405031443
vt 1.64708257 -0.416772366
vt 1.74094427 -0.483150244
vt 1.57472587 -0.444854975
vt 1.66863549 -0.541194558
vt 1.5 -0.454336882
vt 1.5872649 -0.576936722
vt 1.4252739 -0.444854856
vt 1.5 -0.589005232
vt 1.35291719 -0.416772366
vt 1.41273487 -0.576936722
vt 1.28457057 -0.371167183
vt 1.33136439 -0.541194439
vt 1.22084749 -0.309789538
vt 1.2590555 -0.483150244
vt 1.14055324 -0.309837103
vt 1.19596684 -0.405031443
vt 1.29611397 -0.643305063
vt 1.10564291 -0.14965713
vt 1.22083879 -0.575052261
vt 1.161466 -0.483194351
vt 1.05223978 -0.0570509434
vt 0.99999994 0.0393919349
vt 1.09075105 -0.201221704
vt 1.03507948 -0.104944706
vt 1.11319125 -0.371257663
vt 0.99999994 -0.134200096
vt 0.975785136 -0.120986223
vt 0.99999994 -0.300886393
vt 0.94992733 -0.27498436
vt 0.927956164 -0.243539214
vt 0.95546329 -0.083356142
vt 1.012362 -0.13086462
vt 0.920280218 -0.41689682
vt 0.958720505 -0.445001602
vt 0.859446466 -0.309836388
vt 1.02568328 -0.29434824
vt 0.90924865 -0.201221228
vt 0.894356847 -0.149656534
vt 0.947760046 -0.057050705
vt 0.750000119 0.125
vt 0.781250119 0.0625
vt 0.750000119 0.0625
vt 0.750000119 0
vt 0.750000119 0.1875
vt 0.781250119 0.1875
vt 0.718750119 0.0625
vt 0.718750119 0
vt 0.718750119 0.125
vt 0.687500119 0.0625
vt 0.687500119 0
vt 0.687500119 0.125
vt 0.781250119 0.25
vt 0.812500119 0.25
vt 0.750000119 0.25
vt 0.65625006 0.0625
vt 0.65625006 0
vt 0.62500006 0.0625
vt 0.62500006 0
vt 0.62500006 0.125
vt 0.59375006 0.0625
vt 0.59375006 0
vt 0.59375006 0.125
vt 0.56250006 0.0625
vt 0.56250006 0
vt 0.56250006 0.125
vt 0.53125006 0.0625
vt 0.53125006 0
vt 0.53125006 0.125
vt 0.50000006 0.0625
vt 0.50000006 0
vt 0.46875003 0.0625
vt 0.46875003 0
vt 0.46875003 0.125
vt 0.4375 0.0625
vt 0.4375 0
vt 0.4375 0.125
vt 0.40625 0.0625
vt 0.40625 0
vt 0.40625 0.125
vt 0.375 0.0625
vt 0.375 0
vt 0.375 0.125
vt 0.34374997 0.0625
vt 0.34374997 0
vt 0.34374997 0.125
vt 0.31249997 0.0625
vt 0.31249997 0
vt 0.31249997 0.125
vt 0.28124997 0.0625
vt 0.28124997 0
vt 0.28124997 0.125
vt 0.249999985 0.0625
vt 0.249999985 0
vt 0.249999985 0.125
vt 0.218749985 0.0625
vt 0.218749985 0
vt 0.218749985 0.125
vt 0.249999985 0.1875
vt 0.1875 0.0625
vt 0.1875 0
vt 0.218749985 0.1875
vt 0.249999985 0.25
vt 0.1875 0.125
vt 0.15625 0.0625
vt 0.15625 0
vt 0.1875 0.1875
vt 0.218749985 0.25
vt 0.249999985 0.3125
vt 0.15625 0.125
vt 0.218749985 0.3125
vt 0.249999985 0.375
vt 0.1875 0.25
vt 0.15625 0.1875
vt 0.125 0.0625
vt 0.125 0
vt 0.125 0.125
vt 0.09375 0.0625
vt 0.09375 0
vt 0.125 0.1875
vt 0.15625 0.25
vt 0.09375 0.125
vt 0.125 0.25
vt 0.0625 0.0625
vt 0.0625 0
vt 0.09375 0.1875
vt 0.0625 0.125
vt 0.03125 0.0625
vt 0.03125 0
vt 0.0625 0.1875
vt 0.09375 0.25
vt 0.0625 0.25
vt 0.09375 0.3125
vt 0.0625 0.3125
vt 0.125 0.3125
vt 0.15625 0.3125
vt 0.09375 0.375
vt 0.0625 0.375
vt 0.125 0.375
vt 0.15625 0.375
vt 0.1875 0.3125
vt 0.1875 0.375
vt 0.218749985 0.375
vt 0.249999985 0.4375
vt 0.218749985 0.4375
vt 0.249999985 0.5
vt 0.1875 0.4375
vt 0.218749985 0.5
vt 0.249999985 0.56249994
vt 0.15625 0.4375
vt 0.1875 0.5
vt 0.218749985 0.56249994
vt 0.249999985 0.62499994
vt 0.125 0.4375
vt 0.15625 0.5
vt 0.1875 0.56249994
vt 0.218749985 0.62499994
vt 0.249999985 0.68749994
vt 0.09375 0.4375
vt 0.0625 0.4375
vt 0.125 0.5
vt 0.09375 0.5
vt 0.0625 0.5
vt 0.15625 0.56249994
vt 0.125 0.56249994
vt 0.09375 0.56249994
vt 0.0625 0.56249994
vt 0.1875 0.62499994
vt 0.15625 0.62499994
vt 0.125 0.62499994
vt 0.09375 0.62499994
vt 0.0625 0.62499994
vt 0.09375 0.68749994
vt 0.125 0.68749994
vt 0.125 0.75
vt 0.15625 0.75
vt 0.15625 0.68749994
vt 0.1875 0.75
vt 0.1875 0.68749994
vt 0.218749985 0.75
vt 0.218749985 0.68749994
vt 0.249999985 0.75
vt 1.06130219 -0.52279985
vt 0.99999994 -0.533813477
vt 0.99999994 -0.634695768
vt 0.909606993 -0.621743441
vt 1.11629236 -0.490181327
vt 1.07964206 -0.376622558
vt 1.11308646 -0.335011363
vt 1.04999995 -0.247076869
vt 1.09062505 -0.179862022
vt 1.03497922 -0.0919318199
vt 1.09039187 -0.621743679
vt 1.16135907 -0.437211633
vt 1.14042902 -0.279012203
vt 1.05776131 -0.0210498571
vt 0.99999994 0.0393919349
vt 1.16550934 -0.583384514
vt 1.19584799 -0.365926266
vt 1.16134322 -0.210776687
vt 1.1227423 -0.0211005211
vt 1.22073352 -0.521092176
vt 1.22072363 -0.279064894
vt 1.17596424 -0.132927537
vt 1.2589488 -0.437260985
vt 1.23734343 -0.179965258
vt 1.18457723 -0.048456192
vt 1.12544358 0.0400747657
vt 1.18741894 0.0416368246
vt 1.12437928 0.100660145
vt 1.05209208 0.12713927
vt 1.24684334 -0.0724358559
vt 1.24993122 0.0422371626
vt 1.10694528 0.21386987
vt 1.09189272 0.261460483
vt 1.07296896 0.300517082
vt 1.02414525 0.185310721
vt 1.05072737 0.329538703
vt 1.02602375 0.347410142
vt 1 0.197333336
vt 1.00000012 0.353444636
vt 0.973976433 0.347410321
vt 0.975854635 0.185310781
vt 0.949272692 0.329538941
vt 0.9270311 0.30051738
vt 0.947907865 0.127139509
vt 0.908107281 0.26146096
vt 0.893054724 0.213870466
vt 0.882178903 0.159574866
vt 0.938765466 0.070204854
vt 0.875620484 0.100660682
vt 0.874556184 0.0400754213
vt 0.94223845 -0.0210496187
vt 0.877257466 -0.021099925
vt 0.812580884 0.0416376591
vt 0.815422535 -0.0484552383
vt 0.883746147 -0.0792672634
vt 0.750068605 0.0422382951
vt 0.894500673 -0.132874489
vt 0.965020537 -0.0919315815
vt 0.909374595 -0.179861665
vt 0.928058207 -0.218423009
vt 0.824035525 -0.132926702
vt 0.838656425 -0.210776091
vt 0.859570563 -0.279011488
vt 0.886913061 -0.335010886
vt 0.753156483 -0.072434783
vt 0.687553763 0.0427290201
vt 0.762656331 -0.179964304
vt 0.779275954 -0.27906394
vt 0.804151595 -0.36592555
vt 0.838640332 -0.437211037
vt 0.690417647 -0.0921158791
vt 0.625036955 0.0430922508
vt 0.699364543 -0.218570232
vt 0.715533495 -0.335111141
vt 0.74105078 -0.437260032
vt 1.5 -0.254931808
vt 1.83645821 -0.254931808
vt 1.83645821 -1.16818643
vt 2.00036526 -1.16818643
vt 2.00036526 -0.254931808
vt 1.5 -1.16818643
vt 1.16354179 -0.254931808
vt 1.16354179 -1.16818643
vt 0.999634624 -0.254931808
vt 0.999634624 -1.16818643
vt 0.892257273 -0.254931808
vt 0.892257273 -1.16818643
vt 0.803914428 -0.254931808
vt 0.803914428 -1.16818643
vt 0.723715901 -0.254931808
vt 0.723715901 -1.16818643
vt 0.647510409 -0.254931808
vt 0.647510409 -1.16818643
vt 0.573323727 -0.254931808
vt 0.573323727 -1.16818643
vt 0.499999911 -0.254931808
vt 0.499999911 -1.16818643
vt 0.426676095 -0.254931808
vt 0.426676095 -1.16818643
vt 0.352489352 -0.254931808
vt 0.352489352 -1.16818643
vt 0.276284039 -0.254931808
vt 0.276284039 -1.16818643
vt 0.196085468 -0.254931808
vt 0.196085468 -1.16818643
vt 0.10774266 -0.254931808
vt 0.10774266 -1.16818643
vt 0.00036533922 -0.254931808
vt 0.00036533922 -1.16818643
vt 0.987673223 -0.115514755
vt 0.949999571 -0.247076631
vt 0.97435385 -0.264721394
vt 0.99999994 -0.270679474
vt 0.920357347 -0.3766222
vt 0.958761752 -0.402246237
vt 0.883706927 -0.490180969
vt 0.99999994 -0.410898447
vt 1.02564573 -0.264721632
vt 0.938696921 -0.522799492
vt 0.779265821 -0.52109158
vt 1.04123759 -0.402246475
vt 0.834489763 -0.583383918
vt 1.33136439 -0.541194439
vt 1.41273487 -0.576936722
vt 1.3905865 -0.68533349
vt 1.29611397 -0.643305063
vt 1.34745145 -0.765879393
vt 1.5 -0.699524403
vt 1.5 -0.589005232
vt 1.49999976 -0.781647444
vt 1.49999976 -0.832218647
vt 1.75304806 -0.815479279
vt 1.65254807 -0.765879512
vt 1.85985684 -0.765903473
vt 1.60941315 -0.68533349
vt 1.5872649 -0.576936722
vt 1.76254487 -0.719180107
vt 1.70388579 -0.643305063
vt 1.66863549 -0.541194558
vt 1.77916098 -0.575052261
vt 1.74094427 -0.483150244
vt 1.83439815 -0.643341541
vt 1.90955019 -0.68539381
vt 1.99999988 -0.699592829
vt 2 -0.781679869
vt 1.99999988 -0.589116573
vt 1.93865013 -0.577040195
vt 1.99999988 -0.454491496
vt 1.88362324 -0.541274786
vt 1.95872092 -0.445001841
vt 1.99999988 -0.300886393
vt 1.83853388 -0.483194351
vt 1.80403304 -0.405031443
vt 1.92028058 -0.416897297
vt 1.88680851 -0.371257782
vt 1.85944664 -0.309837103
vt 1.9743166 -0.29434824
vt 1.99999988 -0.134199977
vt 1.92795622 -0.243539572
vt 1.94992757 -0.274984598
vt 1.90924883 -0.201221704
vt 1.97578526 -0.120986223
vt 1.99999988 0.0393918753
vt 2.01236224 -0.130864382
vt 2.04453659 -0.083356142
vt 2.05223989 -0.0570505857
vt 2.06140685 0.00552582741
vt 2.06257963 0.0393918753
vt 2.05792451 0.105822623
vt 2.03507948 0.183728278
vt 2.012362 0.209648192
vt 1.99999988 0.376050591
vt 2.02537107 0.369581819
vt 1.97462857 0.369581699
vt 1.97578514 0.199769676
vt 1.95052862 0.350423813
vt 1.9288063 0.319313169
vt 1.95546317 0.162139654
vt 1.91029847 0.277445257
vt 1.8955555 0.226429045
vt 1.94207525 0.105822384
vt 1.88489008 0.16822511
vt 1.87845266 0.105070174
vt 1.93742037 0.0393915772
vt 1.875368 0.0387700796
vt 1.87709463 -0.0269937515
vt 1.94207525 -0.0270391703
vt 1.88359034 -0.0908274651
vt 1.89435697 -0.14965713
vt 1.95546329 -0.0833563805
vt 1.97397625 0.347409904
vt 1.99999988 0.353444397
vt 1.99999988 0.376050591
vt 1.97462857 0.369581699
vt 1.94927251 0.329538524
vt 1.95052862 0.350423813
vt 1.92703092 0.300516784
vt 1.9288063 0.319313169
vt 1.91029847 0.277445257
vt 1.8930546 0.21386975
vt 1.8955555 0.226429045
vt 1.88217878 0.159574151
vt 1.88489008 0.16822511
vt 1.8756206 0.100660026
vt 1.87845266 0.105070174
vt 1.8745563 0.0400747657
vt 1.875368 0.0387700796
vt 1.04453647 -0.0833563805
vt 1.09075105 -0.201221704
vt 1.07204354 -0.243539572
vt 1.03507948 -0.104944706
vt 1.11319125 -0.371257663
vt 1.05007231 -0.274984598
vt 1.161466 -0.483194351
vt 1.11637652 -0.541274548
vt 1.04127884 -0.445001841
vt 1.06134963 -0.577040076
vt 1.16560161 -0.643341541
vt 1.22083879 -0.575052261
vt 1.09044957 -0.68539381
vt 0.99999994 -0.454491496
vt 0.99999994 -0.589116454
vt 0.938649535 -0.577039719
vt 0.883622825 -0.541274071
vt 0.999999821 -0.699592829
vt 0.909549415 -0.685393333
vt 0.834397554 -0.643340945
vt 0.838533342 -0.483193636
vt 0.779160619 -0.575051546
vt 0.804032862 -0.405030489
vt 0.740943968 -0.483149171
vt 0.779152155 -0.309788585
vt 0.715428948 -0.371165991
vt 0.762530625 -0.201127768
vt 0.699262917 -0.243405104
vt 0.690318108 -0.104776621
vt 0.624969244 0.0360284448
vt 0.627167106 -0.120790958
vt 0.562484324 0.0358256698
vt 0.634126663 -0.27481842
vt 0.563676298 -0.130652189
vt 0.74105078 -0.437260032
vt 0.779265821 -0.52109158
vt 0.838640332 -0.437211037
vt 0.625036955 0.0430922508
vt 0.627236068 -0.10674119
vt 0.690417647 -0.0921158791
vt 0.699364543 -0.218570232
vt 0.562518775 0.0433152914
vt 0.715533495 -0.335111141
vt 0.634198487 -0.247258782
vt 0.647159338 -0.376760483
vt 0.563711524 -0.115747929
vt 0.49999997 0.0433905125
vt 0.567522347 -0.264925957
vt 0.668719113 -0.490269661
vt 0.49999997 -0.118789196
vt 0.437481105 0.0433152914
vt 0.574766815 -0.402409315
vt 0.49999997 -0.270891547
vt 0.436288357 -0.115747929
vt 0.374962956 0.0430921912
vt 0.372763902 -0.10674119
vt 0.312446088 0.0427289605
vt 0.432477534 -0.264925957
vt 0.49999997 -0.411069989
vt 0.587312043 -0.52291441
vt 0.309582263 -0.0921158791
vt 0.249931261 0.0422382355
vt 0.365801454 -0.247258902
vt 0.425233155 -0.402409315
vt 0.49999997 -0.533937335
vt 0.246843413 -0.0724349022
vt 0.187418938 0.0416375995
vt 0.300635397 -0.218570232
vt 0.352840662 -0.376760483
vt 0.412687898 -0.52291441
vt 0.184577286 -0.0484552383
vt 0.237343594 -0.179964304
vt 0.125443622 0.0400753617
vt 0.284466445 -0.335111141
vt 0.161343411 -0.210776091
vt 0.122742362 -0.021099925
vt 0.331280857 -0.49026978
vt 0.220723853 -0.27906394
vt 0.258949071 -0.437260032
vt 0.390529513 -0.621810436
vt 0.296022356 -0.58342433
vt 0.5 -0.634772062
vt 0.609470487 -0.621810436
vt 0.5 -0.709698915
vt 0.703977644 -0.58342433
vt 0.834489763 -0.583383918
vt 0.762640059 -0.652644396
vt 0.909606993 -0.621743441
vt 0.652621806 -0.695296764
vt 0.859929562 -0.695269823
vt 0.99999994 -0.634695768
vt 0.753137052 -0.740549326
vt 0.99999994 -0.709662676
vt 1.09039187 -0.621743679
vt 1.14006889 -0.6952703
vt 1.16550934 -0.583384514
vt 0.99999994 -0.755829334
vt 0.50000006 -0.755838633
vt 0.347378165 -0.695296764
vt 1 -0.771418214
vt 0.246862903 -0.740549326
vt -1 -0.771418214
vt -1.1920929e-07 -0.755829453
vt 0.237359911 -0.652644396
vt 0.140070319 -0.695270061
vt 0.220734105 -0.52109158
vt 0.165510044 -0.583383918
vt 0.0903929174 -0.621743441
vt 0.116292998 -0.490180969
vt 0.0613029189 -0.522799611
vt 0.161359489 -0.437211156
vt 0.195848301 -0.36592567
vt 0.0796425045 -0.3766222
vt 0.0412381776 -0.402246356
vt 0.113086753 -0.335010886
vt 0.140429288 -0.279011488
vt 0.0500002466 -0.247076511
vt 0.0256459936 -0.264721394
vt 0.0719416216 -0.21842289
vt 0.105499171 -0.132874489
vt 0.116253689 -0.0792672634
vt 0.0444098897 -0.0722894669
vt 0.0624038689 0.0393918753
vt 0.034979295 -0.0919314623
vt -1.1920929e-07 0.0393918753
vt 0.0123265935 -0.115514517
vt 0.0612343885 0.0702046752
vt 0.124379255 0.100660622
vt 0.0577613153 0.0998334289
vt 0.117820911 0.159574687
vt 0.0520919524 0.12713933
vt 0.034979295 0.170715213
vt 0.091892451 0.261460721
vt 0.0729687288 0.300517142
vt 0.0241451729 0.185310543
vt 0.050727129 0.329538703
vt 0.0123265181 0.194298327
vt -1.1920929e-07 0.197333097
vt 0.0260234755 0.347410083
vt -1.1920929e-07 0.353444397
vt 0.49999997 0.0357573032
vt 0.562484324 0.0358256698
vt 0.563676298 -0.130652189
vt 0.715428948 -0.371165991
vt 0.647082508 -0.416770935
vt 0.634126663 -0.27481842
vt 0.740943968 -0.483149171
vt 0.567485094 -0.294162035
vt 0.49999997 -0.133981943
vt 0.437515616 0.0358256698
vt 0.66863519 -0.541193366
vt 0.779160619 -0.575051546
vt 0.574725807 -0.444853306
vt 0.49999997 -0.300693393
vt 0.436323673 -0.130652308
vt 0.375030726 0.0360284448
vt 0.703885436 -0.643304229
vt 0.834397554 -0.643340945
vt 0.587264895 -0.57693553
vt 0.372832805 -0.120790958
vt 0.312544584 0.0363585949
vt 0.432514817 -0.294162035
vt 0.309681833 -0.10477674
vt 0.49999997 -0.45433557
vt 0.250056922 0.0368046761
vt 0.365873247 -0.27481854
vt 0.425274134 -0.444853425
vt 0.5 -0.589003921
vt 0.246969387 -0.0832238197
vt 0.187567085 0.037350595
vt 0.300736934 -0.243405223
vt 0.352917463 -0.416770935
vt 0.412735105 -0.57693553
vt 0.184724659 -0.0569598675
vt 0.237469196 -0.201127768
vt 0.124631897 0.0387707353
vt 0.284570873 -0.371165991
vt 0.176108003 -0.149609089
vt 0.331364781 -0.541193485
vt 0.220847785 -0.309788704
vt 0.259055942 -0.48314929
vt 0.116409644 -0.0908269882
vt 0.0625795573 0.0393918753
vt 0.121547155 0.105070829
vt 0.0579245538 -0.0270388126
vt 0.0579245538 0.105822623
vt 0.115109704 0.168225706
vt 0.0445365496 0.162139893
vt 0.104444288 0.226429641
vt 0.0897012502 0.277445734
vt 0.0350795463 0.183728278
vt 0.0711933374 0.319313467
vt 0.0494709834 0.350424111
vt 0.0123621104 0.209648192
vt 0.025371192 0.369581819
vt 0.161479861 -0.234995008
vt 0.105642989 -0.149656534
vt 0.0522397906 -0.0570505857
vt 0.0907512754 -0.201221228
vt 0.0445365496 -0.083356142
vt 0.140553445 -0.309836388
vt 0.195967078 -0.405030608
vt 0.0500724949 -0.274984241
vt 0.0350795463 -0.104944468
vt 0.11319156 -0.371257186
vt 0.161466494 -0.483193874
vt 0.220839277 -0.575051546
vt 0.296114504 -0.643304229
vt 0.165602326 -0.643341064
vt 0.116377085 -0.54127419
vt 0.079719685 -0.41689682
vt 0.390586972 -0.685332537
vt 0.23745577 -0.719179392
vt 0.347452253 -0.765878916
vt 0.5 -0.699523449
vt 0.50000006 -0.781646967
vt 0.609413028 -0.685332537
vt 0.652547777 -0.765878797
vt 0.762544155 -0.719179392
vt 0.909549415 -0.685393333
vt 0.859855413 -0.765902996
vt 0.999999821 -0.699592829
vt 0.753046632 -0.815478802
vt 0.999999821 -0.78167963
vt 1.09044957 -0.68539381
vt 0.50000006 -0.83221817
vt 0.999999762 -0.832226753
vt 1.14014304 -0.765903473
vt 1.16560161 -0.643341541
vt 0.246953443 -0.815478802
vt 1 -0.849293947
vt 1.24695146 -0.815479279
vt 1.23745489 -0.719179988
vt 1.22083879 -0.575052261
vt 1.29611397 -0.643305063
vt 1.51781975e-07 -0.832226872
vt 0.140144467 -0.765902996
vt 1.34745145 -0.765879393
vt 1.49999976 -0.832218647
vt 2.00000024 -0.832226872
vt 1.75304806 -0.815479279
vt 0.0904505253 -0.685393333
vt 7.58909877e-08 -0.781679869
vt -0.246951938 -0.815479279
vt -0.140143156 -0.765903473
vt -1.1920929e-07 -0.699592829
vt 0.0613502748 -0.577039838
vt -1.1920929e-07 -0.589116573
vt 0.0412793085 -0.445001721
vt -1.1920929e-07 -0.454491496
vt 0.0242146887 -0.120985985
vt 0.0256834831 -0.294348001
vt 0.0123621868 -0.130864382
vt -1.1920929e-07 -0.300886393
vt -1.1920929e-07 -0.134199977
vt 1.88374639 -0.0792677402
vt 1.89450073 -0.132874966
vt 1.94790792 -0.0483558178
vt 1.87725759 -0.0211005211
vt 1.94223857 -0.0210498571
vt 1.93876553 0.00857877731
vt 1.8745563 0.0400747657
vt 1.99999988 0.0393918753
vt 1.95558989 -0.0722897053
vt 1.90937471 -0.179862022
vt 1.93759608 0.0393916368
vt 1.8756206 0.100660026
vt 1.93876553 0.0702044368
vt 1.88217878 0.159574151
vt 1.94223857 0.0998330712
vt 1.8930546 0.21386975
vt 1.94790792 0.127139091
vt 1.90810716 0.261460304
vt 1.96502042 0.170715094
vt 1.92703092 0.300516784
vt 1.94927251 0.329538524
vt 1.97585464 0.185310423
vt 1.97397625 0.347409904
vt 1.98767316 0.194298208
vt 1.99999988 0.353444397
vt 1.99999988 0.197333097
vt 1.96502066 -0.0919315815
vt 1.92805851 -0.218423247
vt 1.85957086 -0.279012203
vt 1.97585464 -0.106526852
vt 1.98767328 -0.115514517
vt 1.88691342 -0.335011482
vt 1.94999981 -0.247076869
vt 1.80415189 -0.365926385
vt 1.97435415 -0.264721632
vt 2.01232648 -0.115514517
vt 1.99999988 -0.270679355
vt 2.02564597 -0.264721394
vt 1.9203577 -0.376622558
vt 1.99999988 -0.410898447
vt 2.04123807 -0.402246356
vt 1.83864069 -0.437211752
vt 1.74105096 -0.437260985
vt 1.88370752 -0.490181446
vt 1.93869746 -0.522799969
vt 1.99999988 -0.533813596
vt 2.0613029 -0.522799611
vt 1.77926636 -0.521092176
vt 1.66871929 -0.490270853
vt 1.83449042 -0.583384514
vt 1.90960789 -0.621743679
vt 1.99999988 -0.634695768
vt 2.09039283 -0.621743441
vt 1.70397794 -0.583425283
vt 1.58731222 -0.522915602
vt 1.60947061 -0.62181139
vt 1.76264071 -0.652645111
vt 1.65262234 -0.69529748
vt 1.85993087 -0.6952703
vt 1.75313878 -0.740549803
vt 1.99999988 -0.709662914
vt 1.99999988 -0.755829453
vt 2.14007044 -0.695270061
vt 2.24686289 -0.740549326
vt 1.30958211 -0.0921171904
vt 1.312446 0.0427277088
vt 1.24993122 0.0422371626
vt 1.24684334 -0.0724358559
vt 1.37276375 -0.10674262
vt 1.37496281 0.0430908203
vt 1.30063522 -0.218571424
vt 1.23734343 -0.179965258
vt 1.36580133 -0.247260094
vt 1.43628824 -0.115749359
vt 1.43748105 0.0433137417
vt 1.43247747 -0.264927387
vt 1.28446615 -0.335112214
vt 1.22072363 -0.279064894
vt 1.2589488 -0.437260985
vt 1.3528403 -0.376761675
vt 1.33128047 -0.490270734
vt 1.29602182 -0.583425164
vt 1.22073352 -0.521092176
vt 1.41268766 -0.522915483
vt 1.42523289 -0.402410507
vt 1.23735905 -0.652644992
vt 1.16550934 -0.583384514
vt 1.14006889 -0.6952703
vt 1.39052904 -0.621811271
vt 1.34737742 -0.695297241
vt 1.24686098 -0.740549684
vt 0.99999994 -0.755829334
vt 1 -0.771418214
vt 1.49999976 -0.755839109
vt 1.99999988 -0.755829453
vt 1.5 -0.709699631
vt 1.5 -0.634773016
vt 1.75313878 -0.740549803
vt 1.65262234 -0.69529748
vt 1.5 -0.533938527
vt 1.60947061 -0.62181139
vt 1.5 -0.411071301
vt 1.58731222 -0.522915602
vt 1.5 -0.270893097
vt 1.57476687 -0.402410626
vt 1.5 -0.118790627
vt 1.5 0.0433889031
vt 1.56752229 -0.264927387
vt 1.56371152 -0.115749359
vt 1.5625186 0.0433137417
vt 1.62723601 -0.10674262
vt 1.62503684 0.0430907607
vt 1.63419843 -0.247260213
vt 1.64715922 -0.376761794
vt 1.66871929 -0.490270853
vt 1.69041777 -0.0921173096
vt 1.68755376 0.0427276492
vt 1.69936466 -0.218571424
vt 1.71553373 -0.335112214
vt 1.74105096 -0.437260985
vt 1.75315654 -0.0724358559
vt 1.75006866 0.0422371626
vt 1.76265633 -0.179965258
vt 1.77927625 -0.279064894
vt 1.80415189 -0.365926385
vt 1.81542265 -0.048456192
vt 1.81258094 0.0416367054
vt 1.82403564 -0.132927537
vt 1.83865666 -0.210776806
vt 1.85957086 -0.279012203
vt 1.87725759 -0.0211005211
vt 1.8745563 0.0400747657
vt 1.88374639 -0.0792677402
vt 1.90937471 -0.179862022
vt 0.249999985 0.93750006
vt 0.218749985 0.93750006
vt 0.218749985 0.875
vt 0.218749985 1.00000012
vt 0.125 0.68749994
vt 0.09375 0.68749994
vt 0.09375 0.62499994
vt 0.0625 0.62499994
vt 0.0625 0.56249994
vt 0.09375 0.56249994
vt 0.0625 0.5
vt 0.125 0.62499994
vt 0.15625 0.68749994
vt 0.15625 0.75
vt 0.09375 0.5
vt 0.0625 0.4375
vt 0.125 0.56249994
vt 0.15625 0.62499994
vt 0.1875 0.75
vt 0.1875 0.8125
vt 0.1875 0.68749994
vt 0.15625 0.56249994
vt 0.218749985 0.8125
vt 0.218749985 0.75
vt 0.1875 0.62499994
vt 0.249999985 0.875
vt 0.249999985 0.8125
vt 0.249999985 0.75
vt 0.28124997 0.93750006
vt 0.249999985 1.00000012
vt 0.28124997 0.875
vt 0.31249997 0.93750006
vt 0.28124997 1.00000012
vt 0.31249997 0.875
vt 0.218749985 0.68749994
vt 0.249999985 0.68749994
vt 0.34374997 0.93750006
vt 0.31249997 1.00000012
vt 0.34374997 0.875
vt 0.375 0.93750006
vt 0.34374997 1.00000012
vt 0.40625 0.875
vt 0.218749985 0.62499994
vt 0.249999985 0.62499994
vt 0.40625 0.93750006
vt 0.375 1.00000012
vt 0.4375 0.93750006
vt 0.40625 1.00000012
vt 0.4375 0.875
vt 0.46875003 0.93750006
vt 0.4375 1.00000012
vt 0.46875003 0.875
vt 0.50000006 0.93750006
vt 0.46875003 1.00000012
vt 0.50000006 0.875
vt 0.53125006 0.93750006
vt 0.50000006 1.00000012
vt 0.56250006 0.875
vt 0.56250006 0.93750006
vt 0.53125006 1.00000012
vt 0.59375006 0.93750006
vt 0.56250006 1.00000012
vt 0.59375006 0.875
vt 0.62500006 0.93750006
vt 0.59375006 1.00000012
vt 0.62500006 0.875
vt 0.65625006 0.93750006
vt 0.62500006 1.00000012
vt 0.65625006 0.875
vt 0.687500119 0.93750006
vt 0.65625006 1.00000012
vt 0.687500119 0.875
vt 0.718750119 0.93750006
vt 0.687500119 1.00000012
vt 0.718750119 0.875
vt 0.750000119 0.93750006
vt 0.718750119 1.00000012
vt 0.750000119 0.875
vt 0.781250119 0.93750006
vt 0.750000119 1.00000012
vt 0.781250119 0.875
vt 0.750000119 0.8125
vt 0.812500119 0.93750006
vt 0.781250119 1.00000012
vt 0.781250119 0.8125
vt 0.750000119 0.75
vt 0.812500119 0.875
vt 0.843750179 0.93750006
vt 0.812500119 1.00000012
vt 0.781250119 0.75
vt 0.750000119 0.68749994
vt 0.812500119 0.8125
vt 0.843750179 0.875
vt 0.875000179 0.93750006
vt 0.843750179 1.00000012
vt 0.781250119 0.68749994
vt 0.750000119 0.62499994
vt 0.812500119 0.75
vt 0.843750179 0.8125
vt 0.875000179 0.875
vt 0.906250179 0.93750006
vt 0.875000179 1.00000012
vt 0.875000179 0.8125
vt 0.843750179 0.75
vt 0.812500119 0.68749994
vt 0.906250179 0.875
vt 0.937500179 0.93750006
vt 0.906250179 1.00000012
vt 0.781250119 0.62499994
vt 0.750000119 0.56249994
vt 0.781250119 0.56249994
vt 0.750000119 0.5
vt 0.812500119 0.62499994
vt 0.843750179 0.68749994
vt 0.781250119 0.5
vt 0.750000119 0.4375
vt 0.812500119 0.56249994
vt 0.843750179 0.62499994
vt 0.875000179 0.75
vt 0.875000179 0.68749994
vt 0.843750179 0.56249994
vt 0.906250179 0.8125
vt 0.906250179 0.75
vt 0.875000179 0.62499994
vt 0.906250179 0.68749994
vt 0.937500179 0.875
vt 0.937500179 0.8125
vt 0.937500179 0.75
vt 0.968750179 0.93750006
vt 0.937500179 1.00000012
vt 0.968750179 0.875
vt 1.00000024 0.93750006
vt 0.968750179 1.00000012
vt 1.00000024 0.875
vt 0.968750179 0.8125
vt 1.00000024 0.8125
vt 0.968750179 0.75
vt 1.00000024 0.75
vt 0.937500179 0.68749994
vt 0.968750179 0.68749994
vt 1.00000024 0.68749994
vt 0.906250179 0.62499994
vt 0.937500179 0.62499994
vt 0.968750179 0.62499994
vt 1.00000024 0.62499994
vt 0.875000179 0.56249994
vt 0.906250179 0.56249994
vt 0.937500179 0.56249994
vt 0.968750179 0.56249994
vt 1.00000024 0.56249994
vt 0.968750179 0.5
vt 1.00000024 0.5
vt 0.937500179 0.5
vt 0.906250179 0.5
vt 0.875000179 0.5
vt 0.968750179 0.4375
vt 1.00000024 0.4375
vt 0.937500179 0.4375
vt 0.906250179 0.4375
vt 1.97397625 0.347409904
vt 1.99999988 0.353444397
vt 1.99999988 0.376050591
vt 1.97462857 0.369581699
vt 1.94927251 0.329538524
vt 1.95052862 0.350423813
vt 1.92703092 0.300516784
vt 1.9288063 0.319313169
vt 1.90810716 0.261460304
vt 1.8955555 0.226429045
vt 1.8930546 0.21386975
vt 1.88217878 0.159574151
vt 1.88489008 0.16822511
vt 1.8756206 0.100660026
vt 1.87845266 0.105070174
vt 1.8745563 0.0400747657
vt 1.875368 0.0387700796
vt 0.781250119 0.3125
vt 0.750000119 0.3125
vt 0.750000119 0.25
vt 0.781250119 0.25
vt 0.781250119 0.375
vt 0.750000119 0.375
vt 0.812500119 0.3125
vt 0.812500119 0.25
vt 0.843750179 0.3125
vt 0.812500119 0.375
vt 0.843750179 0.375
vt 0.875000179 0.375
vt 0.875000179 0.4375
vt 0.843750179 0.4375
vt 0.812500119 0.4375
vt 0.781250119 0.4375
vt 0.843750179 0.5
vt 0.812500119 0.5
vt 1.06130219 -0.52279985
vt 0.99999994 -0.533813477
vt 0.99999994 -0.634695768
vt 0.909606993 -0.621743441
vt 1.11629236 -0.490181327
vt 1.07964206 -0.376622558
vt 1.11308646 -0.335011363
vt 1.07194138 -0.218423367
vt 1.05209196 -0.0483558178
vt 1.04440987 -0.0722897053
vt 0.99999994 0.0393919349
vt 1.09039187 -0.621743679
vt 1.16135907 -0.437211633
vt 1.14042902 -0.279012203
vt 1.10549903 -0.132874966
vt 1.19584799 -0.365926266
vt 1.16134322 -0.210776687
vt 1.11625361 -0.0792677402
vt 1.06123447 0.070204556
vt 1.17596424 -0.132927537
vt 1.18457723 -0.048456192
vt 1.12544358 0.0400747657
vt 1.18741894 0.0416368246
vt 1.12437928 0.100660145
vt 1.11782098 0.15957427
vt 1.05209208 0.12713927
vt 1.10694528 0.21386987
vt 1.03497934 0.170715332
vt 1.09189272 0.261460483
vt 1.07296896 0.300517082
vt 1.05072737 0.329538703
vt 1.02602375 0.347410142
vt 1 0.197333336
vt 1.00000012 0.353444636
vt 0.973976433 0.347410321
vt 0.949272692 0.329538941
vt 0.95558995 0.151073396
vt 0.9270311 0.30051738
vt 0.908107281 0.26146096
vt 0.947907865 0.127139509
vt 0.893054724 0.213870466
vt 0.94223851 0.0998336077
vt 0.882178903 0.159574866
vt 0.938765466 0.070204854
vt 0.875620484 0.100660682
vt 0.874556184 0.0400754213
vt 0.938765347 0.00857913494
vt 0.877257466 -0.021099925
vt 0.812580884 0.0416376591
vt 0.815422535 -0.0484552383
vt 0.883746147 -0.0792672634
vt 0.750068605 0.0422382951
vt 0.894500673 -0.132874489
vt 0.95558995 -0.0722894669
vt 0.965020537 -0.0919315815
vt 0.928058207 -0.218423009
vt 0.824035525 -0.132926702
vt 0.838656425 -0.210776091
vt 0.859570563 -0.279011488
vt 0.886913061 -0.335010886
vt 0.753156483 -0.072434783
vt 0.687553763 0.0427290201
vt 0.762656331 -0.179964304
vt 0.779275954 -0.27906394
vt 0.804151595 -0.36592555
vt 0.838640332 -0.437211037
vt 0.690417647 -0.0921158791
vt 0.625036955 0.0430922508
vt 0.699364543 -0.218570232
vt 0.715533495 -0.335111141
vt 0.74105078 -0.437260032
vt 0.74105078 -0.437260032
vt 0.779265821 -0.52109158
vt 0.838640332 -0.437211037
vt 0.625036955 0.0430922508
vt 0.627236068 -0.10674119
vt 0.690417647 -0.0921158791
vt 0.699364543 -0.218570232
vt 0.562518775 0.0433152914
vt 0.715533495 -0.335111141
vt 0.634198487 -0.247258782
vt 0.647159338 -0.376760483
vt 0.563711524 -0.115747929
vt 0.49999997 0.0433905125
vt 0.567522347 -0.264925957
vt 0.668719113 -0.490269661
vt 0.49999997 -0.118789196
vt 0.437481105 0.0433152914
vt 0.574766815 -0.402409315
vt 0.49999997 -0.270891547
vt 0.436288357 -0.115747929
vt 0.374962956 0.0430921912
vt 0.372763902 -0.10674119
vt 0.312446088 0.0427289605
vt 0.432477534 -0.264925957
vt 0.49999997 -0.411069989
vt 0.587312043 -0.52291441
vt 0.309582263 -0.0921158791
vt 0.249931261 0.0422382355
vt 0.365801454 -0.247258902
vt 0.425233155 -0.402409315
vt 0.49999997 -0.533937335
vt 0.246843413 -0.0724349022
vt 0.187418938 0.0416375995
vt 0.300635397 -0.218570232
vt 0.352840662 -0.376760483
vt 0.412687898 -0.52291441
vt 0.237343594 -0.179964304
vt 0.284466445 -0.335111141
vt 0.175964341 -0.132926702
vt 0.125443622 0.0400753617
vt 0.122742362 -0.021099925
vt 0.331280857 -0.49026978
vt 0.220723853 -0.27906394
vt 0.258949071 -0.437260032
vt 0.390529513 -0.621810436
vt 0.296022356 -0.58342433
vt 0.5 -0.634772062
vt 0.609470487 -0.621810436
vt 0.5 -0.709698915
vt 0.703977644 -0.58342433
vt 0.834489763 -0.583383918
vt 0.762640059 -0.652644396
vt 0.909606993 -0.621743441
vt 0.652621806 -0.695296764
vt 0.859929562 -0.695269823
vt 0.99999994 -0.634695768
vt 0.753137052 -0.740549326
vt 0.99999994 -0.709662676
vt 1.09039187 -0.621743679
vt 1.14006889 -0.6952703
vt 1.16550934 -0.583384514
vt 0.99999994 -0.755829334
vt 0.50000006 -0.755838633
vt 0.347378165 -0.695296764
vt 1 -0.771418214
vt 0.246862903 -0.740549326
vt -1 -0.771418214
vt -1.1920929e-07 -0.755829453
vt 0.237359911 -0.652644396
vt 0.140070319 -0.695270061
vt 0.220734105 -0.52109158
vt 0.165510044 -0.583383918
vt 0.0903929174 -0.621743441
vt 0.116292998 -0.490180969
vt 0.0613029189 -0.522799611
vt 0.161359489 -0.437211156
vt 0.195848301 -0.36592567
vt 0.0796425045 -0.3766222
vt 0.0412381776 -0.402246356
vt 0.113086753 -0.335010886
vt 0.140429288 -0.279011488
vt 0.0500002466 -0.247076511
vt 0.0256459936 -0.264721394
vt 0.0719416216 -0.21842289
vt 0.0906252265 -0.179861546
vt 0.105499171 -0.132874489
vt 0.0520919524 -0.0483555794
vt 0.0444098897 -0.0722894669
vt 0.034979295 -0.0919314623
vt -1.1920929e-07 0.0393918753
vt 0.0577613153 -0.0210496187
vt 0.0612343885 0.00857907534
vt 0.0241451729 -0.106526852
vt 0.0123265935 -0.115514517
vt 0.0624038689 0.0393918753
vt 0.0612343885 0.0702046752
vt 0.124379255 0.100660622
vt 0.0577613153 0.0998334289
vt 0.117820911 0.159574687
vt 0.0520919524 0.12713933
vt 0.106945127 0.213870287
vt 0.0444098897 0.151073217
vt 0.091892451 0.261460721
vt 0.034979295 0.170715213
vt 0.0729687288 0.300517142
vt 0.0241451729 0.185310543
vt 0.050727129 0.329538703
vt 0.0123265181 0.194298327
vt -1.1920929e-07 0.197333097
vt 0.0260234755 0.347410083
vt -1.1920929e-07 0.353444397
vt 0.874556184 0.0400754213
vt 0.875620484 0.100660682
vt 0.878452659 0.105070949
vt 0.875367939 0.0387707949
vt 0.884890139 0.168225884
vt 0.882178903 0.159574866
vt 0.895555556 0.22642976
vt 0.893054724 0.213870466
vt 0.910298586 0.277445912
vt 0.908107281 0.26146096
vt 0.928806603 0.319313705
vt 0.9270311 0.30051738
vt 0.95052892 0.350424349
vt 0.949272692 0.329538941
vt 0.974628747 0.369582057
vt 0.973976433 0.347410321
vt 1.00000012 0.37605083
vt 1.00000012 0.353444636
vt 1.02537143 0.369581938
vt 1.02602375 0.347410142
vt 1.04947114 0.350424111
vt 1.05072737 0.329538703
vt 1.07119346 0.319313407
vt 1.07296896 0.300517082
vt 1.08970141 0.277445495
vt 1.09189272 0.261460483
vt 1.10444438 0.226429284
vt 1.10694528 0.21386987
vt 1.1151098 0.168225288
vt 1.12437928 0.100660145
vt 1.12154722 0.105070353
vt 1.12463188 0.0387701392
vt 1.12544358 0.0400747657
vt 1.18472445 -0.0569608212
vt 1.18756711 0.0373497009
vt 1.11640954 -0.0908274651
vt 1.24696934 -0.0832250118
vt 1.25005686 0.036803484
vt 1.17610788 -0.149609923
vt 1.23746908 -0.20112884
vt 1.30968177 -0.104778051
vt 1.3125447 0.036357224
vt 1.30073678 -0.243406534
vt 1.37283278 -0.120792627
vt 1.37503052 0.0360268354
vt 1.3658731 -0.274819851
vt 1.4363234 -0.130653858
vt 1.4375155 0.0358240008
vt 1.43251467 -0.294163465
vt 1.5 -0.133983612
vt 1.5 0.0357556343
vt 1.5 -0.300694942
vt 1.56367624 -0.130653858
vt 1.56248415 0.0358240008
vt 1.56748509 -0.294163585
vt 1.62716711 -0.120792627
vt 1.62496912 0.0360268354
vt 1.63412666 -0.27481997
vt 1.69031811 -0.104778171
vt 1.68745518 0.0363571644
vt 1.69926298 -0.243406534
vt 1.75303054 -0.0832250118
vt 1.74994302 0.0368034244
vt 1.7625308 -0.20112884
vt 1.81527543 -0.0569608212
vt 1.81243277 0.0373496413
vt 1.87709463 -0.0269937515
vt 1.875368 0.0387700796
vt 1.88359034 -0.0908274651
vt 1.83852017 -0.234995842
vt 1.89435697 -0.14965713
vt 1.77915215 -0.309789658
vt 1.90924883 -0.201221704
vt 1.71542931 -0.371167183
vt 1.85944664 -0.309837103
vt 1.80403304 -0.405031443
vt 1.64708257 -0.416772366
vt 1.74094427 -0.483150244
vt 1.57472587 -0.444854975
vt 1.66863549 -0.541194558
vt 1.5 -0.454336882
vt 1.5872649 -0.576936722
vt 1.4252739 -0.444854856
vt 1.5 -0.589005232
vt 1.35291719 -0.416772366
vt 1.41273487 -0.576936722
vt 1.28457057 -0.371167183
vt 1.33136439 -0.541194439
vt 1.22084749 -0.309789538
vt 1.2590555 -0.483150244
vt 1.16147971 -0.234995723
vt 1.19596684 -0.405031443
vt 1.29611397 -0.643305063
vt 1.14055324 -0.309837103
vt 1.05792451 -0.0270391703
vt 1.05223978 -0.0570509434
vt 1.3905865 -0.68533349
vt 1.34745145 -0.765879393
vt 1.5 -0.699524403
vt 1.49999976 -0.781647444
vt 1.49999976 -0.832218647
vt 1.75304806 -0.815479279
vt 1.65254807 -0.765879512
vt 1.85985684 -0.765903473
vt 1.60941315 -0.68533349
vt 1.76254487 -0.719180107
vt 1.70388579 -0.643305063
vt 1.77916098 -0.575052261
vt 1.83439815 -0.643341541
vt 1.90955019 -0.68539381
vt 1.99999988 -0.699592829
vt 2 -0.781679869
vt 1.99999988 -0.589116573
vt 1.93865013 -0.577040195
vt 1.99999988 -0.454491496
vt 1.88362324 -0.541274786
vt 1.95872092 -0.445001841
vt 1.99999988 -0.300886393
vt 1.83853388 -0.483194351
vt 1.92028058 -0.416897297
vt 1.88680851 -0.371257782
vt 1.9743166 -0.29434824
vt 1.99999988 -0.134199977
vt 1.92795622 -0.243539572
vt 1.94992757 -0.274984598
vt 1.97578526 -0.120986223
vt 1.99999988 0.0393918753
vt 2.01236224 -0.130864382
vt 2.02421474 -0.120985985
vt 2.04453659 -0.083356142
vt 2.05223989 -0.0570505857
vt 2.05792451 -0.0270388126
vt 2.06140685 0.00552582741
vt 2.06257963 0.0393918753
vt 2.06140685 0.0732580423
vt 2.05792451 0.105822623
vt 2.04453659 0.162139893
vt 2.03507948 0.183728278
vt 2.02421474 0.199769855
vt 2.012362 0.209648192
vt 1.99999988 0.212983668
vt 2.02537107 0.369581819
vt 1.99999988 0.376050591
vt 1.97578514 0.199769676
vt 1.97462857 0.369581699
vt 1.95052862 0.350423813
vt 1.96492028 0.183728039
vt 1.9288063 0.319313169
vt 1.91029847 0.277445257
vt 1.94776011 0.135834098
vt 1.8955555 0.226429045
vt 1.94207525 0.105822384
vt 1.88489008 0.16822511
vt 1.93859279 0.0732576847
vt 1.87845266 0.105070174
vt 1.94207525 -0.0270391703
vt 1.94776011 -0.0570509434
vt 0.975854635 -0.106526852
vt 1.01232648 -0.115514755
vt 0.97435385 -0.264721394
vt 0.99999994 -0.270679474
vt 0.920357347 -0.3766222
vt 0.958761752 -0.402246237
vt 0.883706927 -0.490180969
vt 0.99999994 -0.410898447
vt 1.02564573 -0.264721632
vt 1.02414513 -0.10652709
vt 0.938696921 -0.522799492
vt 0.779265821 -0.52109158
vt 1.04123759 -0.402246475
vt 0.834489763 -0.583383918
vt 1.03497922 -0.0919318199
vt 0.124379255 0.100660622
vt 0.125443622 0.0400753617
vt 0.124631897 0.0387707353
vt 0.121547155 0.105070829
vt 0.117820911 0.159574687
vt 0.115109704 0.168225706
vt 0.106945127 0.213870287
vt 0.104444288 0.226429641
vt 0.091892451 0.261460721
vt 0.0897012502 0.277445734
vt 0.0729687288 0.300517142
vt 0.0711933374 0.319313467
vt 0.050727129 0.329538703
vt 0.0494709834 0.350424111
vt 0.0260234755 0.347410083
vt 0.025371192 0.369581819
vt -1.1920929e-07 0.353444397
vt -1.1920929e-07 0.376050591
vt 0.874556184 0.0400754213
vt 0.875620484 0.100660682
vt 0.878452659 0.105070949
vt 0.875367939 0.0387707949
vt 0.884890139 0.168225884
vt 0.882178903 0.159574866
vt 0.895555556 0.22642976
vt 0.893054724 0.213870466
vt 0.910298586 0.277445912
vt 0.908107281 0.26146096
vt 0.928806603 0.319313705
vt 0.9270311 0.30051738
vt 0.95052892 0.350424349
vt 0.949272692 0.329538941
vt 0.974628747 0.369582057
vt 0.973976433 0.347410321
vt 1.00000012 0.37605083
vt 1.00000012 0.353444636
vt 1.02537143 0.369581938
vt 1.02602375 0.347410142
vt 1.04947114 0.350424111
vt 1.05072737 0.329538703
vt 1.07119346 0.319313407
vt 1.07296896 0.300517082
vt 1.08970141 0.277445495
vt 1.09189272 0.261460483
vt 1.10444438 0.226429284
vt 1.10694528 0.21386987
vt 1.1151098 0.168225288
vt 1.11782098 0.15957427
vt 1.12154722 0.105070353
vt 1.12437928 0.100660145
vt 1.12463188 0.0387701392
vt 1.12544358 0.0400747657
vt 0.28124997 0.875
vt 0.249999985 0.875
vt 0.249999985 0.875
vt 0.28124997 0.875
vt 0.31249997 0.875
vt 0.31249997 0.875
vt 0.34374997 0.875
vt 0.34374997 0.875
vt 0.40625 0.875
vt 0.375 0.875
vt 0.40625 0.875
vt 0.4375 0.875
vt 0.4375 0.875
vt 0.46875003 0.875
vt 0.46875003 0.875
vt 0.50000006 0.875
vt 0.50000006 0.875
vt 0.56250006 0.875
vt 0.53125006 0.875
vt 0.56250006 0.875
vt 0.59375006 0.875
vt 0.59375006 0.875
vt 0.62500006 0.875
vt 0.62500006 0.875
vt 0.65625006 0.875
vt 0.65625006 0.875
vt 0.687500119 0.875
vt 0.687500119 0.875
vt 0.718750119 0.875
vt 0.718750119 0.875
vt 0.750000119 0.875
vt 0.750000119 0.875
vt 0.875000179 0.3125
vt 0.875000179 0.375
vt 0.906250179 0.375
vt 0.906250179 0.3125
vt 0.968750179 0.25
vt 0.968750179 0.3125
vt 1.00000024 0.3125
vt 1.00000024 0.25
vt 0.937500179 0.25
vt 0.937500179 0.3125
vt 0.906250179 0.25
vt 0.875000179 0.25
vt 0.968750179 0.1875
vt 1.00000024 0.1875
vt 0.937500179 0.1875
vt 0.875000179 0.1875
vt 1.00000024 0.125
vt 0.906250179 0.125
vt 1.00000024 0.0625
vt 0.968750179 0.0625
vt 0.968750179 0
vt 0.937500179 0.0625
vt 0.937500179 0
vt 0.906250179 0.0625
vt 0.906250179 0
vt 0.875000179 0.0625
vt 0.875000179 0
vt 0.843750179 0.0625
vt 0.843750179 0
vt 0.843750179 0.125
vt 0.812500119 0.0625
vt 0.812500119 0
vt 0.843750179 0.1875
vt 0.812500119 0.125
vt 0.781250119 0
vt 0.812500119 0.1875
vt 0.843750179 0.25
vt 0.843750179 0.3125
vt 0 0
vt 0 0.0625
vt 0 0.125
vt 0 0.1875
vt 0.03125 0.1875
vt 0.03125 0.25
vt 0 0.25
vt 0.03125 0.3125
vt 0 0.3125
vt 0.03125 0.375
vt 0 0.375
vt 0.03125 0.4375
vt 0 0.4375
vt 0.03125 0.5
vt 0 0.5
vt 0.03125 0.56249994
vt 0 0.56249994
vt 0.03125 0.62499994
vt 0 0.62499994
vt 0.03125 0.68749994
vt 0 0.68749994
vt 0.0625 0.68749994
vt 0.03125 0.75
vt 0 0.75
vt 0.0625 0.75
vt 0.03125 0.8125
vt 0 0.8125
vt 0.0625 0.8125
vt 1.18472445 -0.0569608212
vt 1.12290525 -0.0269936323
vt 1.12463188 0.0387701392
vt 1.18756711 0.0373497009
vt 1.06140697 0.0732577443
vt 1.11640954 -0.0908274651
vt 1.24696934 -0.0832250118
vt 1.25005686 0.036803484
vt 1.17610788 -0.149609923
vt 1.23746908 -0.20112884
vt 1.30968177 -0.104778051
vt 1.3125447 0.036357224
vt 1.30073678 -0.243406534
vt 1.37283278 -0.120792627
vt 1.37503052 0.0360268354
vt 1.3658731 -0.274819851
vt 1.4363234 -0.130653858
vt 1.4375155 0.0358240008
vt 1.43251467 -0.294163465
vt 1.5 -0.133983612
vt 1.5 0.0357556343
vt 1.5 -0.300694942
vt 1.56367624 -0.130653858
vt 1.56248415 0.0358240008
vt 1.56748509 -0.294163585
vt 1.62716711 -0.120792627
vt 1.62496912 0.0360268354
vt 1.63412666 -0.27481997
vt 1.69031811 -0.104778171
vt 1.68745518 0.0363571644
vt 1.69926298 -0.243406534
vt 1.75303054 -0.0832250118
vt 1.74994302 0.0368034244
vt 1.7625308 -0.20112884
vt 1.81527543 -0.0569608212
vt 1.81243277 0.0373496413
vt 1.823892 -0.149609923
vt 1.83852017 -0.234995842
vt 1.77915215 -0.309789658
vt 1.71542931 -0.371167183
vt 1.64708257 -0.416772366
vt 1.57472587 -0.444854975
vt 1.5 -0.454336882
vt 1.4252739 -0.444854856
vt 1.35291719 -0.416772366
vt 1.28457057 -0.371167183
vt 1.22084749 -0.309789538
vt 1.2590555 -0.483150244
vt 1.16147971 -0.234995723
vt 1.19596684 -0.405031443
vt 1.10564291 -0.14965713
vt 1.22083879 -0.575052261
vt 1.14055324 -0.309837103
vt 1.161466 -0.483194351
vt 1.05223978 -0.0570509434
vt 0.99999994 0.0393919349
vt 1.09075105 -0.201221704
vt 1.012362 -0.13086462
vt 1.11319125 -0.371257663
vt 0 0.8125
vt 0.03125 0.8125
vt 0.03125 0.875
vt 0 0.875
vt 0.0625 0.8125
vt 0.0625 0.875
vt 0.03125 0.93750006
vt 0 0.93750006
vt 0 1.00000012
vt 0.0625 0.93750006
vt 0.03125 1.00000012
vt 0.09375 0.93750006
vt 0.0625 1.00000012
vt 0.125 0.875
vt 0.125 0.93750006
vt 0.09375 1.00000012
vt 0.09375 0.8125
vt 0.0625 0.75
vt 0.15625 0.93750006
vt 0.125 1.00000012
vt 0.09375 0.75
vt 0.0625 0.68749994
vt 0.125 0.8125
vt 0.15625 0.875
vt 0.1875 0.93750006
vt 0.15625 1.00000012
vt 0.125 0.75
vt 0.15625 0.8125
vt 0.1875 0.875
vt 0.1875 1.00000012
vt 1.33136439 -0.541194439
vt 1.41273487 -0.576936722
vt 1.3905865 -0.68533349
vt 1.5 -0.699524403
vt 1.5 -0.589005232
vt 1.49999976 -0.781647444
vt 1.65254807 -0.765879512
vt 1.85985684 -0.765903473
vt 1.60941315 -0.68533349
vt 1.5872649 -0.576936722
vt 1.76254487 -0.719180107
vt 1.70388579 -0.643305063
vt 1.66863549 -0.541194558
vt 1.77916098 -0.575052261
vt 1.74094427 -0.483150244
vt 1.83439815 -0.643341541
vt 1.90955019 -0.68539381
vt 1.99999988 -0.699592829
vt 2 -0.781679869
vt 1.99999988 -0.589116573
vt 1.93865013 -0.577040195
vt 1.99999988 -0.454491496
vt 1.88362324 -0.541274786
vt 1.95872092 -0.445001841
vt 1.99999988 -0.300886393
vt 1.83853388 -0.483194351
vt 1.80403304 -0.405031443
vt 1.92028058 -0.416897297
vt 1.88680851 -0.371257782
vt 1.85944664 -0.309837103
vt 1.94992757 -0.274984598
vt 1.99999988 -0.134199977
vt 1.90924883 -0.201221704
vt 1.99999988 0.0393918753
vt 2.01236224 -0.130864382
vt 2.02421474 -0.120985985
vt 2.03507948 -0.104944468
vt 2.04453659 -0.083356142
vt 2.05223989 -0.0570505857
vt 2.05792451 -0.0270388126
vt 2.06257963 0.0393918753
vt 2.05792451 0.105822623
vt 2.04453659 0.162139893
vt 2.03507948 0.183728278
vt 2.012362 0.209648192
vt 1.99999988 0.376050591
vt 2.02537107 0.369581819
vt 1.98763764 0.209648073
vt 1.97462857 0.369581699
vt 1.96492028 0.183728039
vt 1.95052862 0.350423813
vt 1.9288063 0.319313169
vt 1.91029847 0.277445257
vt 1.8955555 0.226429045
vt 1.94207525 0.105822384
vt 1.88489008 0.16822511
vt 1.93742037 0.0393915772
vt 1.87845266 0.105070174
vt 1.875368 0.0387700796
vt 1.94207525 -0.0270391703
vt 1.87709463 -0.0269937515
vt 1.88359034 -0.0908274651
vt 1.94776011 -0.0570509434
vt 1.89435697 -0.14965713
vt 1.95546329 -0.0833563805
vt 0.49999997 0.0357573032
vt 0.562484324 0.0358256698
vt 0.563676298 -0.130652189
vt 0.715428948 -0.371165991
vt 0.647082508 -0.416770935
vt 0.634126663 -0.27481842
vt 0.740943968 -0.483149171
vt 0.567485094 -0.294162035
vt 0.49999997 -0.133981943
vt 0.437515616 0.0358256698
vt 0.66863519 -0.541193366
vt 0.779160619 -0.575051546
vt 0.574725807 -0.444853306
vt 0.49999997 -0.300693393
vt 0.436323673 -0.130652308
vt 0.375030726 0.0360284448
vt 0.703885436 -0.643304229
vt 0.834397554 -0.643340945
vt 0.587264895 -0.57693553
vt 0.372832805 -0.120790958
vt 0.312544584 0.0363585949
vt 0.432514817 -0.294162035
vt 0.309681833 -0.10477674
vt 0.49999997 -0.45433557
vt 0.250056922 0.0368046761
vt 0.365873247 -0.27481854
vt 0.425274134 -0.444853425
vt 0.5 -0.589003921
vt 0.246969387 -0.0832238197
vt 0.187567085 0.037350595
vt 0.300736934 -0.243405223
vt 0.352917463 -0.416770935
vt 0.412735105 -0.57693553
vt 0.184724659 -0.0569598675
vt 0.237469196 -0.201127768
vt 0.124631897 0.0387707353
vt 0.284570873 -0.371165991
vt 0.176108003 -0.149609089
vt 0.331364781 -0.541193485
vt 0.220847785 -0.309788704
vt 0.259055942 -0.48314929
vt 0.122905307 -0.0269930363
vt 0.0625795573 0.0393918753
vt 0.0579245538 0.105822623
vt 0.121547155 0.105070829
vt 0.0614069663 0.00552582741
vt 0.115109704 0.168225706
vt 0.104444288 0.226429641
vt 0.0350795463 0.183728278
vt 0.0897012502 0.277445734
vt 0.0711933374 0.319313467
vt 0.0123621104 0.209648192
vt 0.0494709834 0.350424111
vt 0.025371192 0.369581819
vt 0.116409644 -0.0908269882
vt 0.161479861 -0.234995008
vt 0.105642989 -0.149656534
vt 0.0522397906 -0.0570505857
vt 0.0907512754 -0.201221228
vt 0.0445365496 -0.083356142
vt 0.140553445 -0.309836388
vt 0.195967078 -0.405030608
vt 0.0720437691 -0.243539214
vt 0.11319156 -0.371257186
vt 0.161466494 -0.483193874
vt 0.220839277 -0.575051546
vt 0.296114504 -0.643304229
vt 0.165602326 -0.643341064
vt 0.116377085 -0.54127419
vt 0.079719685 -0.41689682
vt 0.390586972 -0.685332537
vt 0.23745577 -0.719179392
vt 0.347452253 -0.765878916
vt 0.5 -0.699523449
vt 0.50000006 -0.781646967
vt 0.609413028 -0.685332537
vt 0.652547777 -0.765878797
vt 0.762544155 -0.719179392
vt 0.909549415 -0.685393333
vt 0.859855413 -0.765902996
vt 0.999999821 -0.699592829
vt 0.753046632 -0.815478802
vt 0.999999821 -0.78167963
vt 1.09044957 -0.68539381
vt 0.50000006 -0.83221817
vt 0.999999762 -0.832226753
vt 1.14014304 -0.765903473
vt 1.16560161 -0.643341541
vt 0.246953443 -0.815478802
vt 1 -0.849293947
vt 1.24695146 -0.815479279
vt 1.23745489 -0.719179988
vt 1.51781975e-07 -0.832226872
vt 0.140144467 -0.765902996
vt 2.00000024 -0.832226872
vt 0.0904505253 -0.685393333
vt 7.58909877e-08 -0.781679869
vt -0.246951938 -0.815479279
vt -0.140143156 -0.765903473
vt -1.1920929e-07 -0.699592829
vt 0.0613502748 -0.577039838
vt -1.1920929e-07 -0.589116573
vt 0.0412793085 -0.445001721
vt -1.1920929e-07 -0.454491496
vt 0.0500724949 -0.274984241
vt 0.0123621868 -0.130864382
vt 0.0256834831 -0.294348001
vt -1.1920929e-07 -0.300886393
vt -1.1920929e-07 -0.134199977
vt 0.124379255 0.100660622
vt 0.125443622 0.0400753617
vt 0.124631897 0.0387707353
vt 0.121547155 0.105070829
vt 0.117820911 0.159574687
vt 0.115109704 0.168225706
vt 0.106945127 0.213870287
vt 0.104444288 0.226429641
vt 0.091892451 0.261460721
vt 0.0729687288 0.300517142
vt 0.0711933374 0.319313467
vt 0.050727129 0.329538703
vt 0.0260234755 0.347410083
vt 0.025371192 0.369581819
vt -1.1920929e-07 0.353444397
vt -1.1920929e-07 0.376050591
vt 1.12544358 0.0400747657
vt 1.18741894 0.0416368246
vt 1.18756711 0.0373497009
vt 1.12463188 0.0387701392
vt 1.25005686 0.036803484
vt 1.24993122 0.0422371626
vt 1.3125447 0.036357224
vt 1.312446 0.0427277088
vt 1.37503052 0.0360268354
vt 1.37496281 0.0430908203
vt 1.4375155 0.0358240008
vt 1.43748105 0.0433137417
vt 1.5 0.0357556343
vt 1.5 0.0433889031
vt 1.56248415 0.0358240008
vt 1.5625186 0.0433137417
vt 1.62496912 0.0360268354
vt 1.62503684 0.0430907607
vt 1.68745518 0.0363571644
vt 1.68755376 0.0427276492
vt 1.74994302 0.0368034244
vt 1.75006866 0.0422371626
vt 1.81243277 0.0373496413
vt 1.81258094 0.0416367054
vt 1.875368 0.0387700796
vt 1.8745563 0.0400747657
vt 1.83645821 -1.16818643
vt 2.00036526 -1.16818643
vt 2.10774255 -1.16818643
vt 3.16354179 -1.16818643
vt 3.5 -1.16818643
vt 2.19608545 -1.16818643
vt 2.27628398 -1.16818643
vt 2.42667603 -1.16818643
vt 2.35248947 -1.16818643
vt 2.89225721 -1.16818643
vt 2.99963474 -1.16818643
vt 2.72371578 -1.16818643
vt 2.80391455 -1.16818643
vt 2.57332373 -1.16818643
vt 2.64751053 -1.16818643
vt 2.5 -1.16818643
vt 0.812580884 0.0416376591
vt 0.874556184 0.0400754213
vt 0.875367939 0.0387707949
vt 0.812432766 0.0373506546
vt 0.750068605 0.0422382951
vt 0.749942899 0.0368046761
vt 0.687553763 0.0427290201
vt 0.687455237 0.0363586545
vt 0.625036955 0.0430922508
vt 0.624969244 0.0360284448
vt 0.562518775 0.0433152914
vt 0.562484324 0.0358256698
vt 0.49999997 0.0433905125
vt 0.49999997 0.0357573032
vt 0.437481105 0.0433152914
vt 0.437515616 0.0358256698
vt 0.374962956 0.0430921912
vt 0.375030726 0.0360284448
vt 0.312446088 0.0427289605
vt 0.312544584 0.0363585949
vt 0.249931261 0.0422382355
vt 0.250056922 0.0368046761
vt 0.187418938 0.0416375995
vt 0.187567085 0.037350595
vt 0.125443622 0.0400753617
vt 0.124631897 0.0387707353
vt 1.83645821 -1.16818643
vt 2.00036526 -1.16818643
vt 2.10774255 -1.16818643
vt 3.16354179 -1.16818643
vt 3.5 -1.16818643
vt 2.19608545 -1.16818643
vt 2.27628398 -1.16818643
vt 2.42667603 -1.16818643
vt 2.35248947 -1.16818643
vt 2.89225721 -1.16818643
vt 2.99963474 -1.16818643
vt 2.72371578 -1.16818643
vt 2.80391455 -1.16818643
vt 2.57332373 -1.16818643
vt 2.64751053 -1.16818643
vt 2.5 -1.16818643
vt 1.83645821 -1.16818643
vt 2.00036526 -1.16818643
vt 2.10774255 -1.16818643
vt 3.16354179 -1.16818643
vt 3.5 -1.16818643
vt 2.19608545 -1.16818643
vt 2.27628398 -1.16818643
vt 2.42667603 -1.16818643
vt 2.35248947 -1.16818643
vt 2.89225721 -1.16818643
vt 2.99963474 -1.16818643
vt 2.72371578 -1.16818643
vt 2.80391455 -1.16818643
vt 2.57332373 -1.16818643
vt 2.64751053 -1.16818643
vt 2.5 -1.16818643
vt 0.308658272 0.0380602479
vt 0.146446615 0.146446705
vt 0.0380602479 0.308658302
vt 0.69134146 0.0380601287
vt 0.49999997 0
vt 0 0.5
vt 0.0380602479 0.691341758
vt 0.308658302 0.961939752
vt 0.146446675 0.853553414
vt 0.961939692 0.308658183
vt 0.853553236 0.146446466
vt 0.961939752 0.691341758
vt 1 0.5
vt 0.691341639 0.961939812
vt 0.853553295 0.853553414
vt 0.49999994 1
vt 0.249999985 0.1875
vt 0.249999985 0.125
vt 0.249999985 0.125
vt 0.249999985 0.1875
vt 0.249999985 0.25
vt 0.249999985 0.25
vt 0.249999985 0.3125
vt 0.249999985 0.3125
vt 0.249999985 0.375
vt 0.249999985 0.375
vt 0.249999985 0.4375
vt 0.249999985 0.4375
vt 0.249999985 0.5
vt 0.249999985 0.5
vt 0.249999985 0.56249994
vt 0.249999985 0.56249994
vt 0.249999985 0.62499994
vt 0.249999985 0.62499994
vt 0.249999985 0.68749994
vt 0.249999985 0.68749994
vt 0.249999985 0.75
vt 0.249999985 0.75
vt 0.249999985 0.8125
vt 0.249999985 0.8125
vt 0.249999985 0.875
vt 0.249999985 0.875
vt 1.83645821 -1.16818643
vt 2.00036526 -1.16818643
vt 2.10774255 -1.16818643
vt 3.16354179 -1.16818643
vt 3.5 -1.16818643
vt 2.19608545 -1.16818643
vt 2.27628398 -1.16818643
vt 2.42667603 -1.16818643
vt 2.35248947 -1.16818643
vt 2.89225721 -1.16818643
vt 2.99963474 -1.16818643
vt 2.72371578 -1.16818643
vt 2.80391455 -1.16818643
vt 2.57332373 -1.16818643
vt 2.64751053 -1.16818643
vt 2.5 -1.16818643
vt 1.12544358 0.0400747657
vt 1.18741894 0.0416368246
vt 1.18756711 0.0373497009
vt 1.12463188 0.0387701392
vt 1.25005686 0.036803484
vt 1.24993122 0.0422371626
vt 1.3125447 0.036357224
vt 1.312446 0.0427277088
vt 1.37503052 0.0360268354
vt 1.37496281 0.0430908203
vt 1.4375155 0.0358240008
vt 1.43748105 0.0433137417
vt 1.5 0.0357556343
vt 1.5 0.0433889031
vt 1.56248415 0.0358240008
vt 1.5625186 0.0433137417
vt 1.62496912 0.0360268354
vt 1.62503684 0.0430907607
vt 1.68745518 0.0363571644
vt 1.68755376 0.0427276492
vt 1.74994302 0.0368034244
vt 1.75006866 0.0422371626
vt 1.81243277 0.0373496413
vt 1.81258094 0.0416367054
vt 1.875368 0.0387700796
vt 1.8745563 0.0400747657
vt 1.12544358 0.0400747657
vt 1.18741894 0.0416368246
vt 1.18756711 0.0373497009
vt 1.12463188 0.0387701392
vt 1.25005686 0.036803484
vt 1.24993122 0.0422371626
vt 1.3125447 0.036357224
vt 1.312446 0.0427277088
vt 1.37503052 0.0360268354
vt 1.37496281 0.0430908203
vt 1.4375155 0.0358240008
vt 1.43748105 0.0433137417
vt 1.5 0.0357556343
vt 1.5 0.0433889031
vt 1.56248415 0.0358240008
vt 1.5625186 0.0433137417
vt 1.62496912 0.0360268354
vt 1.62503684 0.0430907607
vt 1.68745518 0.0363571644
vt 1.68755376 0.0427276492
vt 1.74994302 0.0368034244
vt 1.75006866 0.0422371626
vt 1.81243277 0.0373496413
vt 1.81258094 0.0416367054
vt 1.875368 0.0387700796
vt 1.8745563 0.0400747657
vt 0.949999571 -0.247076631
vt 0.97435385 -0.264721394
vt 0.975854635 -0.106526852
vt 0.909374595 -0.179861665
vt 1.02564573 -0.264721632
vt 0.886913061 -0.335010886
vt 0.920357347 -0.3766222
vt 0.958761752 -0.402246237
vt 0.883706927 -0.490180969
vt 0.99999994 -0.410898447
vt 1.02414513 -0.10652709
vt 0.99999994 0.0393919349
vt 0.938696921 -0.522799492
vt 1.04123759 -0.402246475
vt 0.99999994 -0.533813477
vt 1.04999995 -0.247076869
vt 1.06130219 -0.52279985
vt 1.07964206 -0.376622558
vt 1.04440987 -0.0722897053
vt 0.874556184 0.0400754213
vt 0.875620484 0.100660682
vt 0.878452659 0.105070949
vt 0.875367939 0.0387707949
vt 0.884890139 0.168225884
vt 0.882178903 0.159574866
vt 0.893054724 0.213870466
vt 0.910298586 0.277445912
vt 0.9270311 0.30051738
vt 0.928806603 0.319313705
vt 0.95052892 0.350424349
vt 0.949272692 0.329538941
vt 0.974628747 0.369582057
vt 0.973976433 0.347410321
vt 1.00000012 0.37605083
vt 1.00000012 0.353444636
vt 1.02602375 0.347410142
vt 1.04947114 0.350424111
vt 1.05072737 0.329538703
vt 1.07119346 0.319313407
vt 1.07296896 0.300517082
vt 1.08970141 0.277445495
vt 1.10694528 0.21386987
vt 1.10444438 0.226429284
vt 1.1151098 0.168225288
vt 1.12154722 0.105070353
vt 1.12437928 0.100660145
vt 1.12463188 0.0387701392
vt 1.12544358 0.0400747657
vt 0.812580884 0.0416376591
vt 0.874556184 0.0400754213
vt 0.875367939 0.0387707949
vt 0.812432766 0.0373506546
vt 0.750068605 0.0422382951
vt 0.749942899 0.0368046761
vt 0.687553763 0.0427290201
vt 0.687455237 0.0363586545
vt 0.625036955 0.0430922508
vt 0.624969244 0.0360284448
vt 0.562518775 0.0433152914
vt 0.562484324 0.0358256698
vt 0.49999997 0.0433905125
vt 0.49999997 0.0357573032
vt 0.437481105 0.0433152914
vt 0.437515616 0.0358256698
vt 0.374962956 0.0430921912
vt 0.375030726 0.0360284448
vt 0.312446088 0.0427289605
vt 0.312544584 0.0363585949
vt 0.249931261 0.0422382355
vt 0.250056922 0.0368046761
vt 0.187418938 0.0416375995
vt 0.187567085 0.037350595
vt 0.125443622 0.0400753617
vt 0.124631897 0.0387707353
vt 0.812580884 0.0416376591
vt 0.874556184 0.0400754213
vt 0.875367939 0.0387707949
vt 0.812432766 0.0373506546
vt 0.750068605 0.0422382951
vt 0.749942899 0.0368046761
vt 0.687553763 0.0427290201
vt 0.687455237 0.0363586545
vt 0.625036955 0.0430922508
vt 0.624969244 0.0360284448
vt 0.562518775 0.0433152914
vt 0.562484324 0.0358256698
vt 0.49999997 0.0433905125
vt 0.49999997 0.0357573032
vt 0.437481105 0.0433152914
vt 0.437515616 0.0358256698
vt 0.374962956 0.0430921912
vt 0.375030726 0.0360284448
vt 0.312446088 0.0427289605
vt 0.312544584 0.0363585949
vt 0.249931261 0.0422382355
vt 0.250056922 0.0368046761
vt 0.187418938 0.0416375995
vt 0.187567085 0.037350595
vt 0.125443622 0.0400753617
vt 0.124631897 0.0387707353
vt 1.11629236 -0.490181327
vt 1.11308646 -0.335011363
vt 1.09062505 -0.179862022
vt 1.05209196 -0.0483558178
vt 1.16135907 -0.437211633
vt 1.14042902 -0.279012203
vt 1.10549903 -0.132874966
vt 1.05776131 -0.0210498571
vt 1.19584799 -0.365926266
vt 1.16134322 -0.210776687
vt 1.11625361 -0.0792677402
vt 1.22073352 -0.521092176
vt 1.22072363 -0.279064894
vt 1.17596424 -0.132927537
vt 1.1227423 -0.0211005211
vt 1.2589488 -0.437260985
vt 1.23734343 -0.179965258
vt 1.18457723 -0.048456192
vt 1.12544358 0.0400747657
vt 1.18741894 0.0416368246
vt 1.06123447 0.070204556
vt 1.12437928 0.100660145
vt 1.05776143 0.09983325
vt 1.10694528 0.21386987
vt 1.24684334 -0.0724358559
vt 1.24993122 0.0422371626
vt 1.05209208 0.12713927
vt 1.04440999 0.151073217
vt 1.03497934 0.170715332
vt 1.07296896 0.300517082
vt 1.02414525 0.185310721
vt 1.05072737 0.329538703
vt 1.0123266 0.194298446
vt 1.02602375 0.347410142
vt 1.00000012 0.353444636
vt 0.973976433 0.347410321
vt 0.965020537 0.170715511
vt 0.949272692 0.329538941
vt 0.9270311 0.30051738
vt 0.95558995 0.151073396
vt 0.938765466 0.070204854
vt 0.893054724 0.213870466
vt 0.882178903 0.159574866
vt 0.875620484 0.100660682
vt 0.937595963 0.0393919945
vt 0.874556184 0.0400754213
vt 0.94223845 -0.0210496187
vt 0.947907865 -0.0483555794
vt 0.812580884 0.0416376591
vt 0.815422535 -0.0484552383
vt 0.883746147 -0.0792672634
vt 0.750068605 0.0422382951
vt 0.95558995 -0.0722894669
vt 0.824035525 -0.132926702
vt 0.838656425 -0.210776091
vt 0.859570563 -0.279011488
vt 0.753156483 -0.072434783
vt 0.687553763 0.0427290201
vt 0.762656331 -0.179964304
vt 0.779275954 -0.27906394
vt 0.804151595 -0.36592555
vt 0.999634624 -0.254931808
vt 0.892257273 -0.254931808
vt 0.803914428 -0.254931808
vt -0.5 -0.254931808
vt -0.836458206 -0.254931808
vt 0.723715901 -0.254931808
vt 0.647510409 -0.254931808
vt 0.499999911 -0.254931808
vt 0.573323727 -0.254931808
vt 0.00036533922 -0.254931808
vt -0.163541794 -0.254931808
vt 0.196085468 -0.254931808
vt 0.10774266 -0.254931808
vt 0.352489352 -0.254931808
vt 0.276284039 -0.254931808
vt 0.426676095 -0.254931808
vt 0.999634624 -0.254931808
vt 0.892257273 -0.254931808
vt 0.803914428 -0.254931808
vt -0.5 -0.254931808
vt -0.836458206 -0.254931808
vt 0.723715901 -0.254931808
vt 0.647510409 -0.254931808
vt 0.499999911 -0.254931808
vt 0.573323727 -0.254931808
vt 0.00036533922 -0.254931808
vt -0.163541794 -0.254931808
vt 0.196085468 -0.254931808
vt 0.10774266 -0.254931808
vt 0.352489352 -0.254931808
vt 0.276284039 -0.254931808
vt 0.426676095 -0.254931808
vt 0.999634624 -0.254931808
vt 0.892257273 -0.254931808
vt 0.803914428 -0.254931808
vt -0.5 -0.254931808
vt -0.836458206 -0.254931808
vt 0.723715901 -0.254931808
vt 0.647510409 -0.254931808
vt 0.499999911 -0.254931808
vt 0.573323727 -0.254931808
vt 0.00036533922 -0.254931808
vt -0.163541794 -0.254931808
vt 0.196085468 -0.254931808
vt 0.10774266 -0.254931808
vt 0.352489352 -0.254931808
vt 0.276284039 -0.254931808
vt 0.426676095 -0.254931808
vt 0.853553236 0.146446466
vt 0.961939692 0.308658183
vt 1 0.5
vt 0.49999997 0
vt 0.69134146 0.0380601287
vt 0.961939752 0.691341758
vt 0.853553295 0.853553414
vt 0.49999994 1
vt 0.691341639 0.961939812
vt 0.146446615 0.146446705
vt 0.308658272 0.0380602479
vt 0 0.5
vt 0.0380602479 0.308658302
vt 0.146446675 0.853553414
vt 0.0380602479 0.691341758
vt 0.308658302 0.961939752
vt 0.999634624 -0.254931808
vt 0.892257273 -0.254931808
vt 0.803914428 -0.254931808
vt -0.5 -0.254931808
vt -0.836458206 -0.254931808
vt 0.723715901 -0.254931808
vt 0.647510409 -0.254931808
vt 0.499999911 -0.254931808
vt 0.573323727 -0.254931808
vt 0.00036533922 -0.254931808
vt -0.163541794 -0.254931808
vt 0.196085468 -0.254931808
vt 0.10774266 -0.254931808
vt 0.352489352 -0.254931808
vt 0.276284039 -0.254931808
vt 0.426676095 -0.254931808
vt 1.12544358 0.0400747657
vt 1.18741894 0.0416368246
vt 1.18756711 0.0373497009
vt 1.12463188 0.0387701392
vt 1.25005686 0.036803484
vt 1.24993122 0.0422371626
vt 1.3125447 0.036357224
vt 1.312446 0.0427277088
vt 1.37503052 0.0360268354
vt 1.37496281 0.0430908203
vt 1.4375155 0.0358240008
vt 1.43748105 0.0433137417
vt 1.5 0.0357556343
vt 1.5 0.0433889031
vt 1.56248415 0.0358240008
vt 1.5625186 0.0433137417
vt 1.62496912 0.0360268354
vt 1.62503684 0.0430907607
vt 1.68745518 0.0363571644
vt 1.68755376 0.0427276492
vt 1.74994302 0.0368034244
vt 1.75006866 0.0422371626
vt 1.81243277 0.0373496413
vt 1.81258094 0.0416367054
vt 1.875368 0.0387700796
vt 1.8745563 0.0400747657
vt 0.750000119 0.125
vt 0.750000119 0.1875
vt 0.750000119 0.1875
vt 0.750000119 0.125
vt 0.750000119 0.25
vt 0.750000119 0.25
vt 0.750000119 0.3125
vt 0.750000119 0.3125
vt 0.750000119 0.375
vt 0.750000119 0.375
vt 0.750000119 0.4375
vt 0.750000119 0.4375
vt 0.750000119 0.5
vt 0.750000119 0.5
vt 0.750000119 0.56249994
vt 0.750000119 0.56249994
vt 0.750000119 0.62499994
vt 0.750000119 0.62499994
vt 0.750000119 0.68749994
vt 0.750000119 0.68749994
vt 0.750000119 0.75
vt 0.750000119 0.75
vt 0.750000119 0.8125
vt 0.750000119 0.8125
vt 0.750000119 0.875
vt 0.750000119 0.875
vt 0.812580884 0.0416376591
vt 0.874556184 0.0400754213
vt 0.875367939 0.0387707949
vt 0.812432766 0.0373506546
vt 0.750068605 0.0422382951
vt 0.749942899 0.0368046761
vt 0.687553763 0.0427290201
vt 0.687455237 0.0363586545
vt 0.625036955 0.0430922508
vt 0.624969244 0.0360284448
vt 0.562518775 0.0433152914
vt 0.562484324 0.0358256698
vt 0.49999997 0.0433905125
vt 0.49999997 0.0357573032
vt 0.437481105 0.0433152914
vt 0.437515616 0.0358256698
vt 0.374962956 0.0430921912
vt 0.375030726 0.0360284448
vt 0.312446088 0.0427289605
vt 0.312544584 0.0363585949
vt 0.249931261 0.0422382355
vt 0.250056922 0.0368046761
vt 0.187418938 0.0416375995
vt 0.187567085 0.037350595
vt 0.125443622 0.0400753617
vt 0.124631897 0.0387707353
vt 1.97397625 0.347409904
vt 1.99999988 0.353444397
vt 1.99999988 0.376050591
vt 1.97462857 0.369581699
vt 1.94927251 0.329538524
vt 1.95052862 0.350423813
vt 1.92703092 0.300516784
vt 1.9288063 0.319313169
vt 1.90810716 0.261460304
vt 1.91029847 0.277445257
vt 1.8930546 0.21386975
vt 1.8955555 0.226429045
vt 1.88217878 0.159574151
vt 1.88489008 0.16822511
vt 1.8756206 0.100660026
vt 1.87845266 0.105070174
vt 1.8745563 0.0400747657
vt 1.875368 0.0387700796
vt 0.883590221 -0.0908269882
vt 0.823891938 -0.149609089
vt 0.815275252 -0.0569598675
vt 0.938592792 0.00552582741
vt 0.877094507 -0.0269930363
vt 0.812432766 0.0373506546
vt 0.875367939 0.0387707949
vt 0.749942899 0.0368046761
vt 0.938592792 0.0732581019
vt 0.878452659 0.105070949
vt 0.884890139 0.168225884
vt 0.753030479 -0.0832238197
vt 0.687455237 0.0363586545
vt 0.947760046 0.135834575
vt 0.910298586 0.277445912
vt 0.95546329 0.162140071
vt 0.928806603 0.319313705
vt 0.964920282 0.183728516
vt 0.95052892 0.350424349
vt 0.974628747 0.369582057
vt 1 0.212983966
vt 1.00000012 0.37605083
vt 1.01236224 0.20964843
vt 1.04947114 0.350424111
vt 1.02421474 0.199770033
vt 1.07119346 0.319313407
vt 1.05223989 0.135834336
vt 1.08970141 0.277445495
vt 1.10444438 0.226429284
vt 1.1151098 0.168225288
vt 1.05792463 0.105822444
vt 1.12154722 0.105070353
vt 1.06140697 0.0732577443
vt 1.06257963 0.0393916368
vt 0.627236068 -0.10674119
vt 0.562518775 0.0433152914
vt 0.634198487 -0.247258782
vt 0.647159338 -0.376760483
vt 0.563711524 -0.115747929
vt 0.49999997 0.0433905125
vt 0.567522347 -0.264925957
vt 0.668719113 -0.490269661
vt 0.49999997 -0.118789196
vt 0.437481105 0.0433152914
vt 0.574766815 -0.402409315
vt 0.49999997 -0.270891547
vt 0.436288357 -0.115747929
vt 0.374962956 0.0430921912
vt 0.372763902 -0.10674119
vt 0.312446088 0.0427289605
vt 0.432477534 -0.264925957
vt 0.49999997 -0.411069989
vt 0.587312043 -0.52291441
vt 0.309582263 -0.0921158791
vt 0.249931261 0.0422382355
vt 0.365801454 -0.247258902
vt 0.425233155 -0.402409315
vt 0.49999997 -0.533937335
vt 0.246843413 -0.0724349022
vt 0.187418938 0.0416375995
vt 0.300635397 -0.218570232
vt 0.352840662 -0.376760483
vt 0.412687898 -0.52291441
vt 0.184577286 -0.0484552383
vt 0.237343594 -0.179964304
vt 0.125443622 0.0400753617
vt 0.284466445 -0.335111141
vt 0.175964341 -0.132926702
vt 0.122742362 -0.021099925
vt 0.331280857 -0.49026978
vt 0.220723853 -0.27906394
vt 0.258949071 -0.437260032
vt 0.390529513 -0.621810436
vt 0.296022356 -0.58342433
vt 0.5 -0.634772062
vt 0.609470487 -0.621810436
vt 0.5 -0.709698915
vt 0.703977644 -0.58342433
vt 0.762640059 -0.652644396
vt 0.652621806 -0.695296764
vt 0.859929562 -0.695269823
vt 0.753137052 -0.740549326
vt 0.99999994 -0.709662676
vt 1.14006889 -0.6952703
vt 0.99999994 -0.755829334
vt 0.50000006 -0.755838633
vt 0.347378165 -0.695296764
vt 1 -0.771418214
vt 0.246862903 -0.740549326
vt -1 -0.771418214
vt -1.1920929e-07 -0.755829453
vt 0.237359911 -0.652644396
vt 0.140070319 -0.695270061
vt 0.220734105 -0.52109158
vt 0.165510044 -0.583383918
vt 0.0903929174 -0.621743441
vt 0.116292998 -0.490180969
vt 0.0613029189 -0.522799611
vt 0.161359489 -0.437211156
vt 0.195848301 -0.36592567
vt 0.0796425045 -0.3766222
vt 0.0412381776 -0.402246356
vt 0.113086753 -0.335010886
vt 0.140429288 -0.279011488
vt 0.161343411 -0.210776091
vt 0.0500002466 -0.247076511
vt 0.0256459936 -0.264721394
vt 0.0719416216 -0.21842289
vt 0.105499171 -0.132874489
vt 0.116253689 -0.0792672634
vt 0.0444098897 -0.0722894669
vt 0.0123265935 -0.115514517
vt -1.1920929e-07 0.0393918753
vt 0.0624038689 0.0393918753
vt 0.0577613153 0.0998334289
vt 0.124379255 0.100660622
vt 0.117820911 0.159574687
vt 0.106945127 0.213870287
vt 0.091892451 0.261460721
vt 0.034979295 0.170715213
vt 0.0729687288 0.300517142
vt 0.050727129 0.329538703
vt -1.1920929e-07 0.197333097
vt 0.0260234755 0.347410083
vt -1.1920929e-07 0.353444397
vt 0.99999994 -0.134200096
vt 0.987637699 -0.13086462
vt 0.974316359 -0.294348121
vt 0.94992733 -0.27498436
vt 0.927956164 -0.243539214
vt 0.99999994 -0.300886393
vt 1.012362 -0.13086462
vt 0.920280218 -0.41689682
vt 0.958720505 -0.445001602
vt 0.886808276 -0.371257067
vt 0.859446466 -0.309836388
vt 1.05007231 -0.274984598
vt 0.90924865 -0.201221228
vt 0.83852005 -0.234994888
vt 0.894356847 -0.149656534
vt 1.04453647 -0.0833563805
vt 1.09075105 -0.201221704
vt 1.07204354 -0.243539572
vt 1.03507948 -0.104944706
vt 1.11319125 -0.371257663
vt 0.99999994 0.0393919349
vt 1.012362 -0.13086462
vt 1.02568328 -0.29434824
vt 1.07971919 -0.416897297
vt 1.11637652 -0.541274548
vt 1.161466 -0.483194351
vt 1.04127884 -0.445001841
vt 1.06134963 -0.577040076
vt 0.99999994 -0.454491496
vt 0.974316359 -0.294348121
vt 0.958720505 -0.445001602
vt 0.99999994 -0.589116454
vt 0.938649535 -0.577039719
vt 0.883622825 -0.541274071
vt 0.920280218 -0.41689682
vt 0.838533342 -0.483193636
vt 0.886808276 -0.371257067
vt 0.804032862 -0.405030489
vt 0.859446466 -0.309836388
vt 0.779152155 -0.309788585
vt 0.83852005 -0.234994888
vt 0.762530625 -0.201127768
vt 0.823891938 -0.149609089
vt 0.753030479 -0.0832238197
vt 0.699262917 -0.243405104
vt 0.690318108 -0.104776621
vt 0.687455237 0.0363586545
vt 0.624969244 0.0360284448
vt 0.627167106 -0.120790958
vt 0.03125 0.875
vt 0 0.875
vt 0.09375 0.875
vt 0.03125 0.93750006
vt 0 0.93750006
vt 0 1.00000012
vt 0.0625 0.93750006
vt 0.03125 1.00000012
vt 0.09375 0.93750006
vt 0.0625 1.00000012
vt 0.125 0.93750006
vt 0.09375 1.00000012
vt 0.09375 0.8125
vt 0.15625 0.875
vt 0.15625 0.93750006
vt 0.125 1.00000012
vt 0.125 0.8125
vt 0.09375 0.75
vt 0.15625 0.8125
vt 0.1875 0.93750006
vt 0.15625 1.00000012
vt 0.1875 0.875
vt 0.218749985 0.93750006
vt 0.1875 1.00000012
vt 0.1875 0.8125
vt 0.218749985 0.875
vt 0.249999985 0.93750006
vt 0.218749985 1.00000012
vt 0.249999985 0.875
vt 0.03125 0.0625
vt 0 0.0625
vt 0 0
vt 0.03125 0.125
vt 0 0.125
vt 0.03125 0.1875
vt 0 0.1875
vt 0.0625 0.125
vt 0.03125 0.25
vt 0 0.25
vt 0.0625 0.1875
vt 0.0625 0.25
vt 0.03125 0.3125
vt 0 0.3125
vt 0.0625 0.3125
vt 0.03125 0.375
vt 0 0.375
vt 0.0625 0.375
vt 0.03125 0.4375
vt 0 0.4375
vt 0.03125 0.5
vt 0 0.5
vt 0.03125 0.56249994
vt 0 0.56249994
vt 0.03125 0.62499994
vt 0 0.62499994
vt 0.03125 0.68749994
vt 0 0.68749994
vt 0.03125 0.75
vt 0 0.75
vt 0.249999985 0.125
vt 0.28124997 0.125
vt 0.28124997 0.125
vt 0.249999985 0.125
vt 0.31249997 0.125
vt 0.31249997 0.125
vt 0.34374997 0.125
vt 0.34374997 0.125
vt 0.375 0.125
vt 0.375 0.125
vt 0.40625 0.125
vt 0.4375 0.125
vt 0.4375 0.125
vt 0.46875003 0.125
vt 0.46875003 0.125
vt 0.53125006 0.125
vt 0.50000006 0.125
vt 0.53125006 0.125
vt 0.56250006 0.125
vt 0.56250006 0.125
vt 0.59375006 0.125
vt 0.62500006 0.125
vt 0.62500006 0.125
vt 0.687500119 0.125
vt 0.65625006 0.125
vt 0.687500119 0.125
vt 0.718750119 0.125
vt 0.718750119 0.125
vt 0.750000119 0.125
vt 0.750000119 0.125
vt 1.30958211 -0.0921171904
vt 1.312446 0.0427277088
vt 1.24993122 0.0422371626
vt 1.24684334 -0.0724358559
vt 1.37276375 -0.10674262
vt 1.37496281 0.0430908203
vt 1.30063522 -0.218571424
vt 1.23734343 -0.179965258
vt 1.36580133 -0.247260094
vt 1.43628824 -0.115749359
vt 1.43748105 0.0433137417
vt 1.43247747 -0.264927387
vt 1.28446615 -0.335112214
vt 1.22072363 -0.279064894
vt 1.2589488 -0.437260985
vt 1.3528403 -0.376761675
vt 1.33128047 -0.490270734
vt 1.29602182 -0.583425164
vt 1.22073352 -0.521092176
vt 1.41268766 -0.522915483
vt 1.42523289 -0.402410507
vt 1.23735905 -0.652644992
vt 1.39052904 -0.621811271
vt 1.34737742 -0.695297241
vt 1.24686098 -0.740549684
vt 1.49999976 -0.755839109
vt 1.5 -0.709699631
vt 1.5 -0.634773016
vt 1.5 -0.533938527
vt 1.5 -0.411071301
vt 1.5 -0.270893097
vt 1.57476687 -0.402410626
vt 1.5 -0.118790627
vt 1.5 0.0433889031
vt 1.56752229 -0.264927387
vt 1.56371152 -0.115749359
vt 1.5625186 0.0433137417
vt 1.62723601 -0.10674262
vt 1.62503684 0.0430907607
vt 1.63419843 -0.247260213
vt 1.64715922 -0.376761794
vt 1.69041777 -0.0921173096
vt 1.68755376 0.0427276492
vt 1.69936466 -0.218571424
vt 1.71553373 -0.335112214
vt 1.75315654 -0.0724358559
vt 1.75006866 0.0422371626
vt 1.76265633 -0.179965258
vt 1.77927625 -0.279064894
vt 1.81542265 -0.048456192
vt 1.81258094 0.0416367054
vt 1.82403564 -0.132927537
vt 1.83865666 -0.210776806
vt 1.88374639 -0.0792677402
vt 1.89450073 -0.132874966
vt 1.94790792 -0.0483558178
vt 1.94223857 0.0998330712
vt 1.8745563 0.0400747657
vt 1.99999988 0.0393918753
vt 1.8756206 0.100660026
vt 1.88217878 0.159574151
vt 1.8930546 0.21386975
vt 1.95558989 0.151072979
vt 1.92703092 0.300516784
vt 1.94927251 0.329538524
vt 1.97397625 0.347409904
vt 1.98767316 0.194298208
vt 1.99999988 0.353444397
vt 1.99999988 0.197333097
vt 1.92805851 -0.218423247
vt 1.85957086 -0.279012203
vt 1.97585464 -0.106526852
vt 1.98767328 -0.115514517
vt 1.88691342 -0.335011482
vt 1.94999981 -0.247076869
vt 1.80415189 -0.365926385
vt 1.97435415 -0.264721632
vt 2.01232648 -0.115514517
vt 2.02564597 -0.264721394
vt 1.9203577 -0.376622558
vt 1.95876217 -0.402246475
vt 1.99999988 -0.410898447
vt 2.04123807 -0.402246356
vt 1.83864069 -0.437211752
vt 1.74105096 -0.437260985
vt 1.88370752 -0.490181446
vt 1.93869746 -0.522799969
vt 1.99999988 -0.533813596
vt 2.0613029 -0.522799611
vt 1.77926636 -0.521092176
vt 1.66871929 -0.490270853
vt 1.83449042 -0.583384514
vt 1.90960789 -0.621743679
vt 1.99999988 -0.634695768
vt 2.09039283 -0.621743441
vt 1.70397794 -0.583425283
vt 1.58731222 -0.522915602
vt 1.60947061 -0.62181139
vt 1.76264071 -0.652645111
vt 1.65262234 -0.69529748
vt 1.85993087 -0.6952703
vt 1.75313878 -0.740549803
vt 1.99999988 -0.709662914
vt 1.99999988 -0.755829453
vt 2.14007044 -0.695270061
vt 2.24686289 -0.740549326
vt 1.07204354 -0.243539572
vt 1.02421463 -0.120986223
vt 1.07971919 -0.416897297
vt 1.11637652 -0.541274548
vt 1.04127884 -0.445001841
vt 1.06134963 -0.577040076
vt 1.16560161 -0.643341541
vt 1.09044957 -0.68539381
vt 0.99999994 -0.454491496
vt 0.99999994 -0.589116454
vt 0.938649535 -0.577039719
vt 0.883622825 -0.541274071
vt 0.999999821 -0.699592829
vt 0.909549415 -0.685393333
vt 0.834397554 -0.643340945
vt 0.838533342 -0.483193636
vt 0.779160619 -0.575051546
vt 0.804032862 -0.405030489
vt 0.740943968 -0.483149171
vt 0.779152155 -0.309788585
vt 0.715428948 -0.371165991
vt 0.762530625 -0.201127768
vt 0.699262917 -0.243405104
vt 0.690318108 -0.104776621
vt 0.624969244 0.0360284448
vt 0.627167106 -0.120790958
vt 0.562484324 0.0358256698
vt 0.634126663 -0.27481842
vt 0.563676298 -0.130652189
vt 1.94790792 -0.0483558178
vt 1.93759608 0.0393916368
vt 1.99999988 0.0393918753
vt 1.95558989 -0.0722897053
vt 1.8756206 0.100660026
vt 1.93876553 0.0702044368
vt 1.88217878 0.159574151
vt 1.95558989 0.151072979
vt 1.8930546 0.21386975
vt 1.90810716 0.261460304
vt 1.92703092 0.300516784
vt 1.94927251 0.329538524
vt 1.99999988 0.197333097
vt 1.97397625 0.347409904
vt 1.99999988 0.353444397
vt 1.99999988 -0.118549347
vt 1.88691342 -0.335011482
vt 1.94999981 -0.247076869
vt 1.97435415 -0.264721632
vt 2.01232648 -0.115514517
vt 1.99999988 -0.270679355
vt 2.02564597 -0.264721394
vt 1.9203577 -0.376622558
vt 1.95876217 -0.402246475
vt 1.99999988 -0.410898447
vt 2.04123807 -0.402246356
vt 1.83864069 -0.437211752
vt 1.88370752 -0.490181446
vt 1.93869746 -0.522799969
vt 1.99999988 -0.533813596
vt 2.0613029 -0.522799611
vt 1.77926636 -0.521092176
vt 1.83449042 -0.583384514
vt 1.90960789 -0.621743679
vt 1.99999988 -0.634695768
vt 2.09039283 -0.621743441
vt 1.70397794 -0.583425283
vt 1.76264071 -0.652645111
vt 1.85993087 -0.6952703
vt 1.99999988 -0.709662914
vt 2.14007044 -0.695270061
vt 2.24686289 -0.740549326
vt 0.987637699 -0.13086462
vt 0.95546329 -0.083356142
vt 0.94992733 -0.27498436
vt 0.927956164 -0.243539214
vt 0.90924865 -0.201221228
vt 0.894356847 -0.149656534
vt 0.947760046 -0.057050705
vt 1.30958211 -0.0921171904
vt 1.312446 0.0427277088
vt 1.37276375 -0.10674262
vt 1.37496281 0.0430908203
vt 1.30063522 -0.218571424
vt 1.36580133 -0.247260094
vt 1.43628824 -0.115749359
vt 1.43748105 0.0433137417
vt 1.43247747 -0.264927387
vt 1.28446615 -0.335112214
vt 1.3528403 -0.376761675
vt 1.33128047 -0.490270734
vt 1.29602182 -0.583425164
vt 1.41268766 -0.522915483
vt 1.42523289 -0.402410507
vt 1.23735905 -0.652644992
vt 1.39052904 -0.621811271
vt 1.34737742 -0.695297241
vt 1.24686098 -0.740549684
vt 1.49999976 -0.755839109
vt 1.99999988 -0.755829453
vt 1.5 -0.709699631
vt 1.5 -0.634773016
vt 1.75313878 -0.740549803
vt 1.65262234 -0.69529748
vt 1.5 -0.533938527
vt 1.60947061 -0.62181139
vt 1.5 -0.411071301
vt 1.58731222 -0.522915602
vt 1.5 -0.270893097
vt 1.57476687 -0.402410626
vt 1.5 -0.118790627
vt 1.5 0.0433889031
vt 1.56752229 -0.264927387
vt 1.56371152 -0.115749359
vt 1.5625186 0.0433137417
vt 1.62723601 -0.10674262
vt 1.62503684 0.0430907607
vt 1.63419843 -0.247260213
vt 1.64715922 -0.376761794
vt 1.66871929 -0.490270853
vt 1.69041777 -0.0921173096
vt 1.68755376 0.0427276492
vt 1.69936466 -0.218571424
vt 1.71553373 -0.335112214
vt 1.74105096 -0.437260985
vt 1.75315654 -0.0724358559
vt 1.75006866 0.0422371626
vt 1.76265633 -0.179965258
vt 1.77927625 -0.279064894
vt 1.80415189 -0.365926385
vt 1.81542265 -0.048456192
vt 1.81258094 0.0416367054
vt 1.82403564 -0.132927537
vt 1.83865666 -0.210776806
vt 1.85957086 -0.279012203
vt 1.87725759 -0.0211005211
vt 1.8745563 0.0400747657
vt 1.88374639 -0.0792677402
vt 1.89450073 -0.132874966
vt 1.90937471 -0.179862022
vt 0.815275252 -0.0569598675
vt 0.877094507 -0.0269930363
vt 0.812432766 0.0373506546
vt 0.875367939 0.0387707949
vt 0.749942899 0.0368046761
vt 0.937420309 0.0393919945
vt 0.878452659 0.105070949
vt 0.938592792 0.0732581019
vt 0.884890139 0.168225884
vt 0.942075253 0.105822802
vt 0.895555556 0.22642976
vt 0.910298586 0.277445912
vt 0.987637699 0.20964849
vt 0.928806603 0.319313705
vt 0.95052892 0.350424349
vt 0.974628747 0.369582057
vt 1.00000012 0.37605083
vt 1.02537143 0.369581938
vt 1.01236224 0.20964843
vt 1.04947114 0.350424111
vt 1.07119346 0.319313407
vt 1.03507972 0.183728337
vt 1.08970141 0.277445495
vt 1.10444438 0.226429284
vt 1.1151098 0.168225288
vt 1.05792463 0.105822444
vt 1.12154722 0.105070353
vt 1.06257963 0.0393916368
vt 1.12463188 0.0387701392
vt 1.12290525 -0.0269936323
vt 0.874556184 0.0400754213
vt 0.875620484 0.100660682
vt 0.878452659 0.105070949
vt 0.875367939 0.0387707949
vt 0.884890139 0.168225884
vt 0.882178903 0.159574866
vt 0.895555556 0.22642976
vt 0.893054724 0.213870466
vt 0.910298586 0.277445912
vt 0.908107281 0.26146096
vt 0.928806603 0.319313705
vt 0.9270311 0.30051738
vt 0.95052892 0.350424349
vt 0.949272692 0.329538941
vt 0.974628747 0.369582057
vt 0.973976433 0.347410321
vt 1.00000012 0.37605083
vt 1.00000012 0.353444636
vt 1.02537143 0.369581938
vt 1.02602375 0.347410142
vt 1.04947114 0.350424111
vt 1.05072737 0.329538703
vt 1.07119346 0.319313407
vt 1.07296896 0.300517082
vt 1.08970141 0.277445495
vt 1.09189272 0.261460483
vt 1.10444438 0.226429284
vt 1.1151098 0.168225288
vt 1.11782098 0.15957427
vt 1.12154722 0.105070353
vt 1.12437928 0.100660145
vt 1.12463188 0.0387701392
vt 1.12544358 0.0400747657
vt 0.49999997 0.0357573032
vt 0.647082508 -0.416770935
vt 0.567485094 -0.294162035
vt 0.49999997 -0.133981943
vt 0.437515616 0.0358256698
vt 0.66863519 -0.541193366
vt 0.574725807 -0.444853306
vt 0.49999997 -0.300693393
vt 0.436323673 -0.130652308
vt 0.375030726 0.0360284448
vt 0.703885436 -0.643304229
vt 0.587264895 -0.57693553
vt 0.372832805 -0.120790958
vt 0.312544584 0.0363585949
vt 0.432514817 -0.294162035
vt 0.309681833 -0.10477674
vt 0.49999997 -0.45433557
vt 0.250056922 0.0368046761
vt 0.365873247 -0.27481854
vt 0.425274134 -0.444853425
vt 0.5 -0.589003921
vt 0.246969387 -0.0832238197
vt 0.187567085 0.037350595
vt 0.300736934 -0.243405223
vt 0.352917463 -0.416770935
vt 0.412735105 -0.57693553
vt 0.237469196 -0.201127768
vt 0.284570873 -0.371165991
vt 0.176108003 -0.149609089
vt 0.331364781 -0.541193485
vt 0.220847785 -0.309788704
vt 0.259055942 -0.48314929
vt 0.122905307 -0.0269930363
vt 0.124631897 0.0387707353
vt 0.0625795573 0.0393918753
vt 0.0614069663 0.0732580423
vt 0.121547155 0.105070829
vt 0.0614069663 0.00552582741
vt 0.0522397906 0.135834396
vt 0.115109704 0.168225706
vt 0.104444288 0.226429641
vt 0.0445365496 0.162139893
vt 0.0350795463 0.183728278
vt 0.0711933374 0.319313467
vt 0.0242146887 0.199769855
vt 0.0123621104 0.209648192
vt 0.025371192 0.369581819
vt 0.116409644 -0.0908269882
vt 0.0579245538 -0.0270388126
vt 0.161479861 -0.234995008
vt 0.105642989 -0.149656534
vt 0.0522397906 -0.0570505857
vt 0.0445365496 -0.083356142
vt 0.195967078 -0.405030608
vt 0.0500724949 -0.274984241
vt 0.0242146887 -0.120985985
vt 0.079719685 -0.41689682
vt 0.161466494 -0.483193874
vt 0.220839277 -0.575051546
vt 0.296114504 -0.643304229
vt 0.165602326 -0.643341064
vt 0.116377085 -0.54127419
vt 0.390586972 -0.685332537
vt 0.23745577 -0.719179392
vt 0.347452253 -0.765878916
vt 0.5 -0.699523449
vt 0.50000006 -0.781646967
vt 0.609413028 -0.685332537
vt 0.652547777 -0.765878797
vt 0.762544155 -0.719179392
vt 0.859855413 -0.765902996
vt 0.753046632 -0.815478802
vt 0.999999821 -0.78167963
vt 0.50000006 -0.83221817
vt 0.999999762 -0.832226753
vt 1.14014304 -0.765903473
vt 0.246953443 -0.815478802
vt 1 -0.849293947
vt 1.24695146 -0.815479279
vt 1.23745489 -0.719179988
vt 1.51781975e-07 -0.832226872
vt 0.140144467 -0.765902996
vt 1.34745145 -0.765879393
vt 1.49999976 -0.832218647
vt 2.00000024 -0.832226872
vt 1.75304806 -0.815479279
vt 0.0904505253 -0.685393333
vt 7.58909877e-08 -0.781679869
vt -0.246951938 -0.815479279
vt -0.140143156 -0.765903473
vt -1.1920929e-07 -0.699592829
vt 0.0613502748 -0.577039838
vt -1.1920929e-07 -0.589116573
vt 0.0412793085 -0.445001721
vt -1.1920929e-07 -0.454491496
vt 0.0256834831 -0.294348001
vt 0.0123621868 -0.130864382
vt -1.1920929e-07 -0.300886393
vt -1.1920929e-07 -0.134199977
vt 1.3905865 -0.68533349
vt 1.5 -0.699524403
vt 1.49999976 -0.781647444
vt 1.65254807 -0.765879512
vt 1.85985684 -0.765903473
vt 1.60941315 -0.68533349
vt 1.76254487 -0.719180107
vt 1.70388579 -0.643305063
vt 1.77916098 -0.575052261
vt 1.83439815 -0.643341541
vt 1.90955019 -0.68539381
vt 1.99999988 -0.699592829
vt 2 -0.781679869
vt 1.99999988 -0.589116573
vt 1.93865013 -0.577040195
vt 1.99999988 -0.454491496
vt 1.88362324 -0.541274786
vt 1.95872092 -0.445001841
vt 1.99999988 -0.300886393
vt 1.83853388 -0.483194351
vt 1.92028058 -0.416897297
vt 1.88680851 -0.371257782
vt 1.9743166 -0.29434824
vt 1.99999988 -0.134199977
vt 1.94992757 -0.274984598
vt 1.98763776 -0.13086462
vt 1.99999988 0.0393918753
vt 2.01236224 -0.130864382
vt 1.97578526 -0.120986223
vt 2.02421474 -0.120985985
vt 2.04453659 -0.083356142
vt 2.05223989 -0.0570505857
vt 2.05792451 -0.0270388126
vt 2.06140685 0.00552582741
vt 2.06257963 0.0393918753
vt 2.06140685 0.0732580423
vt 2.05223989 0.135834396
vt 2.04453659 0.162139893
vt 2.03507948 0.183728278
vt 2.02421474 0.199769855
vt 2.012362 0.209648192
vt 1.99999988 0.212983668
vt 2.02537107 0.369581819
vt 1.99999988 0.376050591
vt 1.98763764 0.209648073
vt 1.97462857 0.369581699
vt 1.97578514 0.199769676
vt 1.95052862 0.350423813
vt 1.96492028 0.183728039
vt 1.9288063 0.319313169
vt 1.8955555 0.226429045
vt 1.94207525 0.105822384
vt 1.88489008 0.16822511
vt 1.93859279 0.0732576847
vt 1.87845266 0.105070174
vt 1.93742037 0.0393915772
vt 1.93859279 0.00552546978
vt 1.94207525 -0.0270391703
vt 1.94776011 -0.0570509434
vt 1.95546329 -0.0833563805
vt 0.124379255 0.100660622
vt 0.125443622 0.0400753617
vt 0.124631897 0.0387707353
vt 0.121547155 0.105070829
vt 0.117820911 0.159574687
vt 0.115109704 0.168225706
vt 0.106945127 0.213870287
vt 0.104444288 0.226429641
vt 0.091892451 0.261460721
vt 0.0897012502 0.277445734
vt 0.0729687288 0.300517142
vt 0.0711933374 0.319313467
vt 0.050727129 0.329538703
vt 0.0494709834 0.350424111
vt 0.0260234755 0.347410083
vt 0.025371192 0.369581819
vt -1.1920929e-07 0.353444397
vt -1.1920929e-07 0.376050591
vt 0.49999997 0.0357573032
vt 0.647082508 -0.416770935
vt 0.567485094 -0.294162035
vt 0.49999997 -0.133981943
vt 0.437515616 0.0358256698
vt 0.66863519 -0.541193366
vt 0.574725807 -0.444853306
vt 0.49999997 -0.300693393
vt 0.436323673 -0.130652308
vt 0.375030726 0.0360284448
vt 0.703885436 -0.643304229
vt 0.587264895 -0.57693553
vt 0.372832805 -0.120790958
vt 0.312544584 0.0363585949
vt 0.432514817 -0.294162035
vt 0.309681833 -0.10477674
vt 0.49999997 -0.45433557
vt 0.250056922 0.0368046761
vt 0.365873247 -0.27481854
vt 0.425274134 -0.444853425
vt 0.5 -0.589003921
vt 0.246969387 -0.0832238197
vt 0.187567085 0.037350595
vt 0.300736934 -0.243405223
vt 0.352917463 -0.416770935
vt 0.412735105 -0.57693553
vt 0.184724659 -0.0569598675
vt 0.237469196 -0.201127768
vt 0.124631897 0.0387707353
vt 0.284570873 -0.371165991
vt 0.176108003 -0.149609089
vt 0.331364781 -0.541193485
vt 0.220847785 -0.309788704
vt 0.259055942 -0.48314929
vt 0.116409644 -0.0908269882
vt 0.0625795573 0.0393918753
vt 0.0614069663 0.0732580423
vt 0.115109704 0.168225706
vt 0.0614069663 0.00552582741
vt 0.0579245538 0.105822623
vt 0.0445365496 0.162139893
vt 0.104444288 0.226429641
vt 0.0897012502 0.277445734
vt 0.0350795463 0.183728278
vt 0.0711933374 0.319313467
vt 0.0242146887 0.199769855
vt 0.0494709834 0.350424111
vt 0.0123621104 0.209648192
vt 0.025371192 0.369581819
vt 0.0579245538 -0.0270388126
vt 0.161479861 -0.234995008
vt 0.105642989 -0.149656534
vt 0.0522397906 -0.0570505857
vt 0.0907512754 -0.201221228
vt 0.0445365496 -0.083356142
vt 0.140553445 -0.309836388
vt 0.195967078 -0.405030608
vt 0.0242146887 -0.120985985
vt 0.11319156 -0.371257186
vt 0.161466494 -0.483193874
vt 0.220839277 -0.575051546
vt 0.296114504 -0.643304229
vt 0.165602326 -0.643341064
vt 0.116377085 -0.54127419
vt 0.079719685 -0.41689682
vt 0.390586972 -0.685332537
vt 0.23745577 -0.719179392
vt 0.347452253 -0.765878916
vt 0.5 -0.699523449
vt 0.50000006 -0.781646967
vt 0.609413028 -0.685332537
vt 0.652547777 -0.765878797
vt 0.762544155 -0.719179392
vt 0.859855413 -0.765902996
vt 0.753046632 -0.815478802
vt 0.999999821 -0.78167963
vt 0.50000006 -0.83221817
vt 0.999999762 -0.832226753
vt 1.14014304 -0.765903473
vt 0.246953443 -0.815478802
vt 1 -0.849293947
vt 1.24695146 -0.815479279
vt 1.23745489 -0.719179988
vt 1.51781975e-07 -0.832226872
vt 0.140144467 -0.765902996
vt 2.00000024 -0.832226872
vt 0.0904505253 -0.685393333
vt 7.58909877e-08 -0.781679869
vt -0.246951938 -0.815479279
vt -0.140143156 -0.765903473
vt -1.1920929e-07 -0.699592829
vt 0.0613502748 -0.577039838
vt -1.1920929e-07 -0.589116573
vt 0.0412793085 -0.445001721
vt -1.1920929e-07 -0.454491496
vt 0.0500724949 -0.274984241
vt 0.0256834831 -0.294348001
vt 0.0123621868 -0.130864382
vt -1.1920929e-07 -0.300886393
vt -1.1920929e-07 -0.134199977
vt 0.28124997 0.93750006
vt 0.249999985 1.00000012
vt 0.249999985 0.8125
vt 0.28124997 0.875
vt 0.31249997 0.93750006
vt 0.28124997 1.00000012
vt 0.31249997 0.875
vt 0.34374997 0.93750006
vt 0.31249997 1.00000012
vt 0.34374997 0.875
vt 0.375 0.93750006
vt 0.34374997 1.00000012
vt 0.375 0.875
vt 0.40625 0.93750006
vt 0.375 1.00000012
vt 0.40625 0.875
vt 0.4375 0.93750006
vt 0.40625 1.00000012
vt 0.4375 0.875
vt 0.46875003 0.93750006
vt 0.4375 1.00000012
vt 0.46875003 0.875
vt 0.50000006 0.93750006
vt 0.46875003 1.00000012
vt 0.50000006 0.875
vt 0.53125006 0.93750006
vt 0.50000006 1.00000012
vt 0.53125006 0.875
vt 0.56250006 0.93750006
vt 0.53125006 1.00000012
vt 0.56250006 0.875
vt 0.59375006 0.93750006
vt 0.56250006 1.00000012
vt 0.59375006 0.875
vt 0.62500006 0.93750006
vt 0.59375006 1.00000012
vt 0.62500006 0.875
vt 0.65625006 0.93750006
vt 0.62500006 1.00000012
vt 0.65625006 0.875
vt 0.687500119 0.93750006
vt 0.65625006 1.00000012
vt 0.687500119 0.875
vt 0.718750119 0.93750006
vt 0.687500119 1.00000012
vt 0.718750119 0.875
vt 0.750000119 0.93750006
vt 0.718750119 1.00000012
vt 0.750000119 0.875
vt 0.781250119 0.93750006
vt 0.750000119 1.00000012
vt 0.781250119 0.875
vt 0.750000119 0.8125
vt 0.812500119 0.93750006
vt 0.781250119 1.00000012
vt 0.781250119 0.8125
vt 0.750000119 0.75
vt 0.812500119 0.875
vt 0.843750179 0.93750006
vt 0.812500119 1.00000012
vt 0.812500119 0.8125
vt 0.781250119 0.75
vt 0.750000119 0.68749994
vt 0.843750179 0.875
vt 0.781250119 0.68749994
vt 0.750000119 0.62499994
vt 0.812500119 0.75
vt 0.875000179 0.8125
vt 0.875000179 0.93750006
vt 0.843750179 1.00000012
vt 0.875000179 0.875
vt 0.906250179 0.93750006
vt 0.875000179 1.00000012
vt 0.843750179 0.75
vt 0.906250179 0.875
vt 0.875000179 0.75
vt 0.937500179 0.93750006
vt 0.906250179 1.00000012
vt 0.906250179 0.8125
vt 0.937500179 0.875
vt 0.968750179 0.93750006
vt 0.937500179 1.00000012
vt 0.937500179 0.8125
vt 0.906250179 0.75
vt 0.968750179 0.875
vt 1.00000024 0.93750006
vt 0.968750179 1.00000012
vt 1.00000024 0.875
vt 0.968750179 0.8125
vt 1.00000024 0.8125
vt 0.937500179 0.75
vt 0.968750179 0.75
vt 1.00000024 0.75
vt 0.968750179 0.68749994
vt 1.00000024 0.68749994
vt 0.937500179 0.68749994
vt 0.906250179 0.68749994
vt 0.875000179 0.68749994
vt 0.968750179 0.62499994
vt 1.00000024 0.62499994
vt 0.937500179 0.62499994
vt 0.906250179 0.62499994
vt 0.875000179 0.62499994
vt 0.968750179 0.56249994
vt 1.00000024 0.56249994
vt 0.937500179 0.56249994
vt 0.906250179 0.56249994
vt 0.875000179 0.56249994
vt 0.968750179 0.5
vt 1.00000024 0.5
vt 0.937500179 0.5
vt 0.906250179 0.5
vt 0.875000179 0.5
vt 0.968750179 0.4375
vt 1.00000024 0.4375
vt 0.937500179 0.4375
vt 0.906250179 0.4375
vt 0.875000179 0.4375
vt 0.968750179 0.375
vt 1.00000024 0.375
vt 0.937500179 0.375
vt 0.124379255 0.100660622
vt 0.125443622 0.0400753617
vt 0.124631897 0.0387707353
vt 0.115109704 0.168225706
vt 0.117820911 0.159574687
vt 0.104444288 0.226429641
vt 0.091892451 0.261460721
vt 0.0897012502 0.277445734
vt 0.0729687288 0.300517142
vt 0.0711933374 0.319313467
vt 0.050727129 0.329538703
vt 0.0494709834 0.350424111
vt 0.0260234755 0.347410083
vt 0.025371192 0.369581819
vt -1.1920929e-07 0.353444397
vt -1.1920929e-07 0.376050591
vt 0.750000119 0.3125
vt 0.781250119 0.3125
vt 0.781250119 0.375
vt 0.750000119 0.375
vt 0.812500119 0.3125
vt 0.812500119 0.375
vt 0.843750179 0.375
vt 0.843750179 0.4375
vt 0.812500119 0.4375
vt 0.843750179 0.5
vt 0.781250119 0.4375
vt 0.750000119 0.4375
vt 0.812500119 0.5
vt 0.781250119 0.5
vt 0.750000119 0.5
vt 0.843750179 0.56249994
vt 0.781250119 0.56249994
vt 0.812500119 0.56249994
vt 0.750000119 0.56249994
vt 0.843750179 0.62499994
vt 0.781250119 0.62499994
vt 0.812500119 0.62499994
vt 0.843750179 0.68749994
vt 0.812500119 0.68749994
vt 1.97397625 0.347409904
vt 1.99999988 0.353444397
vt 1.99999988 0.376050591
vt 1.97462857 0.369581699
vt 1.94927251 0.329538524
vt 1.95052862 0.350423813
vt 1.92703092 0.300516784
vt 1.9288063 0.319313169
vt 1.90810716 0.261460304
vt 1.91029847 0.277445257
vt 1.8930546 0.21386975
vt 1.8955555 0.226429045
vt 1.88217878 0.159574151
vt 1.88489008 0.16822511
vt 1.8756206 0.100660026
vt 1.87845266 0.105070174
vt 1.8745563 0.0400747657
vt 1.875368 0.0387700796
vt 1.18472445 -0.0569608212
vt 1.18756711 0.0373497009
vt 1.11640954 -0.0908274651
vt 1.24696934 -0.0832250118
vt 1.25005686 0.036803484
vt 1.17610788 -0.149609923
vt 1.23746908 -0.20112884
vt 1.30968177 -0.104778051
vt 1.3125447 0.036357224
vt 1.30073678 -0.243406534
vt 1.37283278 -0.120792627
vt 1.37503052 0.0360268354
vt 1.3658731 -0.274819851
vt 1.4363234 -0.130653858
vt 1.4375155 0.0358240008
vt 1.43251467 -0.294163465
vt 1.5 -0.133983612
vt 1.5 0.0357556343
vt 1.5 -0.300694942
vt 1.56367624 -0.130653858
vt 1.56248415 0.0358240008
vt 1.56748509 -0.294163585
vt 1.62716711 -0.120792627
vt 1.62496912 0.0360268354
vt 1.63412666 -0.27481997
vt 1.69031811 -0.104778171
vt 1.68745518 0.0363571644
vt 1.69926298 -0.243406534
vt 1.75303054 -0.0832250118
vt 1.74994302 0.0368034244
vt 1.7625308 -0.20112884
vt 1.81527543 -0.0569608212
vt 1.81243277 0.0373496413
vt 1.823892 -0.149609923
vt 1.83852017 -0.234995842
vt 1.77915215 -0.309789658
vt 1.71542931 -0.371167183
vt 1.64708257 -0.416772366
vt 1.57472587 -0.444854975
vt 1.5 -0.454336882
vt 1.4252739 -0.444854856
vt 1.35291719 -0.416772366
vt 1.28457057 -0.371167183
vt 1.22084749 -0.309789538
vt 1.2590555 -0.483150244
vt 1.16147971 -0.234995723
vt 1.19596684 -0.405031443
vt 1.10564291 -0.14965713
vt 1.14055324 -0.309837103
vt 1.05223978 -0.0570509434
vt 0.968750179 0.375
vt 1.00000024 0.375
vt 0.937500179 0.375
vt 0.906250179 0.375
vt 0.968750179 0.3125
vt 1.00000024 0.3125
vt 0.937500179 0.3125
vt 0.906250179 0.3125
vt 0.875000179 0.3125
vt 0.968750179 0.25
vt 1.00000024 0.25
vt 0.937500179 0.25
vt 0.906250179 0.25
vt 0.875000179 0.25
vt 0.968750179 0.1875
vt 1.00000024 0.1875
vt 0.937500179 0.1875
vt 0.906250179 0.1875
vt 0.875000179 0.1875
vt 0.968750179 0.125
vt 1.00000024 0.125
vt 0.937500179 0.125
vt 0.906250179 0.125
vt 0.968750179 0.0625
vt 1.00000024 0.0625
vt 0.968750179 0
vt 0.937500179 0.0625
vt 0.937500179 0
vt 0.906250179 0.0625
vt 0.906250179 0
vt 0.875000179 0.0625
vt 0.875000179 0
vt 0.875000179 0.125
vt 0.843750179 0.0625
vt 0.843750179 0
vt 0.843750179 0.125
vt 0.843750179 0.1875
vt 0.812500119 0.0625
vt 0.812500119 0
vt 0.812500119 0.125
vt 0.843750179 0.25
vt 0.812500119 0.1875
vt 0.781250119 0.0625
vt 0.781250119 0
vt 0.781250119 0.1875
vt 0.750000119 0.0625
vt 0.750000119 0
vt 0.750000119 0.125
vt 0.750000119 0.1875
vt 0.718750119 0.0625
vt 0.718750119 0
vt 0.718750119 0.125
vt 0.687500119 0.0625
vt 0.687500119 0
vt 0.687500119 0.125
vt 0.65625006 0.0625
vt 0.65625006 0
vt 0.65625006 0.125
vt 0.62500006 0.0625
vt 0.62500006 0
vt 0.62500006 0.125
vt 0.59375006 0.0625
vt 0.59375006 0
vt 0.56250006 0.0625
vt 0.56250006 0
vt 0.56250006 0.125
vt 0.53125006 0.0625
vt 0.53125006 0
vt 0.53125006 0.125
vt 0.50000006 0.0625
vt 0.50000006 0
vt 0.50000006 0.125
vt 0.46875003 0.0625
vt 0.46875003 0
vt 0.46875003 0.125
vt 0.4375 0.0625
vt 0.4375 0
vt 0.4375 0.125
vt 0.40625 0.0625
vt 0.40625 0
vt 0.375 0.125
vt 0.375 0.0625
vt 0.375 0
vt 0.34374997 0.0625
vt 0.34374997 0
vt 0.34374997 0.125
vt 0.31249997 0.0625
vt 0.31249997 0
vt 0.31249997 0.125
vt 0.28124997 0.0625
vt 0.28124997 0
vt 0.28124997 0.125
vt 0.249999985 0.0625
vt 0.249999985 0
vt 0.249999985 0.125
vt 0.218749985 0.0625
vt 0.218749985 0
vt 0.218749985 0.125
vt 0.249999985 0.1875
vt 0.1875 0.0625
vt 0.1875 0
vt 0.218749985 0.1875
vt 0.249999985 0.25
vt 0.1875 0.125
vt 0.15625 0.0625
vt 0.15625 0
vt 0.218749985 0.25
vt 0.249999985 0.3125
vt 0.15625 0.125
vt 0.125 0.0625
vt 0.125 0
vt 0.218749985 0.3125
vt 0.249999985 0.375
vt 0.1875 0.25
vt 0.15625 0.1875
vt 0.125 0.125
vt 0.09375 0.0625
vt 0.09375 0
vt 0.125 0.1875
vt 0.15625 0.25
vt 0.1875 0.3125
vt 0.09375 0.125
vt 0.0625 0.0625
vt 0.0625 0
vt 0.03125 0
vt 0.09375 0.1875
vt 0.125 0.25
vt 0.09375 0.25
vt 0.15625 0.3125
vt 0.125 0.3125
vt 0.09375 0.3125
vt 0.09375 0.375
vt 0.125 0.375
vt 0.15625 0.375
vt 0.1875 0.375
vt 0.09375 0.4375
vt 0.125 0.4375
vt 0.125 0.5
vt 0.15625 0.5
vt 0.15625 0.4375
vt 0.1875 0.56249994
vt 0.1875 0.5
vt 0.218749985 0.56249994
vt 0.249999985 0.56249994
vt 0.218749985 0.5
vt 0.249999985 0.5
vt 0.1875 0.4375
vt 0.218749985 0.4375
vt 0.249999985 0.4375
vt 0.218749985 0.375
vt 0.627236068 -0.10674119
vt 0.562518775 0.0433152914
vt 0.634198487 -0.247258782
vt 0.647159338 -0.376760483
vt 0.563711524 -0.115747929
vt 0.49999997 0.0433905125
vt 0.567522347 -0.264925957
vt 0.668719113 -0.490269661
vt 0.49999997 -0.118789196
vt 0.437481105 0.0433152914
vt 0.574766815 -0.402409315
vt 0.49999997 -0.270891547
vt 0.436288357 -0.115747929
vt 0.374962956 0.0430921912
vt 0.372763902 -0.10674119
vt 0.312446088 0.0427289605
vt 0.432477534 -0.264925957
vt 0.49999997 -0.411069989
vt 0.587312043 -0.52291441
vt 0.309582263 -0.0921158791
vt 0.249931261 0.0422382355
vt 0.365801454 -0.247258902
vt 0.425233155 -0.402409315
vt 0.49999997 -0.533937335
vt 0.246843413 -0.0724349022
vt 0.187418938 0.0416375995
vt 0.300635397 -0.218570232
vt 0.352840662 -0.376760483
vt 0.412687898 -0.52291441
vt 0.184577286 -0.0484552383
vt 0.237343594 -0.179964304
vt 0.125443622 0.0400753617
vt 0.284466445 -0.335111141
vt 0.175964341 -0.132926702
vt 0.116253689 -0.0792672634
vt 0.331280857 -0.49026978
vt 0.220723853 -0.27906394
vt 0.258949071 -0.437260032
vt 0.390529513 -0.621810436
vt 0.296022356 -0.58342433
vt 0.5 -0.634772062
vt 0.609470487 -0.621810436
vt 0.5 -0.709698915
vt 0.703977644 -0.58342433
vt 0.762640059 -0.652644396
vt 0.652621806 -0.695296764
vt 0.859929562 -0.695269823
vt 0.753137052 -0.740549326
vt 0.99999994 -0.709662676
vt 0.50000006 -0.755838633
vt 0.347378165 -0.695296764
vt 0.246862903 -0.740549326
vt -1 -0.771418214
vt -1.1920929e-07 -0.755829453
vt 0.237359911 -0.652644396
vt 0.140070319 -0.695270061
vt 0.220734105 -0.52109158
vt 0.165510044 -0.583383918
vt 0.0903929174 -0.621743441
vt 0.116292998 -0.490180969
vt 0.0613029189 -0.522799611
vt 0.161359489 -0.437211156
vt 0.195848301 -0.36592567
vt 0.0796425045 -0.3766222
vt 0.0412381776 -0.402246356
vt 0.113086753 -0.335010886
vt 0.140429288 -0.279011488
vt 0.161343411 -0.210776091
vt 0.0500002466 -0.247076511
vt 0.0256459936 -0.264721394
vt 0.0906252265 -0.179861546
vt 0.105499171 -0.132874489
vt 0.034979295 -0.0919314623
vt 0.0612343885 0.00857907534
vt -1.1920929e-07 0.0393918753
vt 0.0123265935 -0.115514517
vt 0.0624038689 0.0393918753
vt 0.124379255 0.100660622
vt 0.117820911 0.159574687
vt 0.0520919524 0.12713933
vt 0.106945127 0.213870287
vt 0.091892451 0.261460721
vt 0.0729687288 0.300517142
vt 0.0241451729 0.185310543
vt 0.050727129 0.329538703
vt -1.1920929e-07 0.197333097
vt 0.0260234755 0.347410083
vt -1.1920929e-07 0.353444397
vt 1.5 -0.254931808
vt 1.83645821 -0.254931808
vt 1.83645821 -1.16818643
vt 2.00036526 -1.16818643
vt 2.00036526 -0.254931808
vt 1.5 -1.16818643
vt 1.16354179 -0.254931808
vt 1.16354179 -1.16818643
vt 0.999634624 -0.254931808
vt 0.999634624 -1.16818643
vt 0.892257273 -0.254931808
vt 0.892257273 -1.16818643
vt 0.803914428 -0.254931808
vt 0.803914428 -1.16818643
vt 0.723715901 -0.254931808
vt 0.723715901 -1.16818643
vt 0.647510409 -0.254931808
vt 0.647510409 -1.16818643
vt 0.573323727 -0.254931808
vt 0.573323727 -1.16818643
vt 0.499999911 -0.254931808
vt 0.499999911 -1.16818643
vt 0.426676095 -0.254931808
vt 0.426676095 -1.16818643
vt 0.352489352 -0.254931808
vt 0.352489352 -1.16818643
vt 0.276284039 -0.254931808
vt 0.276284039 -1.16818643
vt 0.196085468 -0.254931808
vt 0.196085468 -1.16818643
vt 0.10774266 -0.254931808
vt 0.10774266 -1.16818643
vt 0.00036533922 -0.254931808
vt 0.00036533922 -1.16818643
vt 1.07204354 -0.243539572
vt 1.05007231 -0.274984598
vt 0.99999994 -0.300886393
vt 1.07971919 -0.416897297
vt 1.11637652 -0.541274548
vt 1.04127884 -0.445001841
vt 1.06134963 -0.577040076
vt 0.99999994 -0.454491496
vt 0.958720505 -0.445001602
vt 0.99999994 -0.589116454
vt 0.938649535 -0.577039719
vt 0.883622825 -0.541274071
vt 0.920280218 -0.41689682
vt 0.838533342 -0.483193636
vt 0.886808276 -0.371257067
vt 0.804032862 -0.405030489
vt 0.859446466 -0.309836388
vt 0.779152155 -0.309788585
vt 0.83852005 -0.234994888
vt 0.762530625 -0.201127768
vt 0.823891938 -0.149609089
vt 0.753030479 -0.0832238197
vt 0.699262917 -0.243405104
vt 0.690318108 -0.104776621
vt 0.687455237 0.0363586545
vt 0.624969244 0.0360284448
vt 0.627167106 -0.120790958
vt 1.95558989 -0.0722897053
vt 1.93876553 0.00857877731
vt 1.99999988 0.0393918753
vt 1.8756206 0.100660026
vt 1.94223857 0.0998330712
vt 1.88217878 0.159574151
vt 1.8930546 0.21386975
vt 1.95558989 0.151072979
vt 1.90810716 0.261460304
vt 1.92703092 0.300516784
vt 1.97585464 0.185310423
vt 1.94927251 0.329538524
vt 1.97397625 0.347409904
vt 1.99999988 0.197333097
vt 1.99999988 0.353444397
vt 1.92805851 -0.218423247
vt 1.98767328 -0.115514517
vt 1.88691342 -0.335011482
vt 1.94999981 -0.247076869
vt 1.97435415 -0.264721632
vt 2.01232648 -0.115514517
vt 1.99999988 -0.270679355
vt 2.02564597 -0.264721394
vt 1.9203577 -0.376622558
vt 1.95876217 -0.402246475
vt 1.99999988 -0.410898447
vt 2.04123807 -0.402246356
vt 1.83864069 -0.437211752
vt 1.88370752 -0.490181446
vt 1.93869746 -0.522799969
vt 1.99999988 -0.533813596
vt 2.0613029 -0.522799611
vt 1.77926636 -0.521092176
vt 1.83449042 -0.583384514
vt 1.90960789 -0.621743679
vt 1.99999988 -0.634695768
vt 2.09039283 -0.621743441
vt 1.70397794 -0.583425283
vt 1.76264071 -0.652645111
vt 1.85993087 -0.6952703
vt 1.99999988 -0.709662914
vt 2.14007044 -0.695270061
vt 2.24686289 -0.740549326
vt 0.987673223 -0.115514755
vt 0.99999994 -0.118549466
vt 0.99999994 0.0393919349
vt 0.97435385 -0.264721394
vt 0.975854635 -0.106526852
vt 0.928058207 -0.218423009
vt 0.99999994 -0.270679474
vt 0.965020537 -0.0919315815
vt 0.886913061 -0.335010886
vt 0.920357347 -0.3766222
vt 0.958761752 -0.402246237
vt 1.01232648 -0.115514755
vt 0.883706927 -0.490180969
vt 0.99999994 -0.410898447
vt 1.02414513 -0.10652709
vt 0.938696921 -0.522799492
vt 1.04123759 -0.402246475
vt 0.99999994 -0.533813477
vt 1.07194138 -0.218423367
vt 1.06130219 -0.52279985
vt 1.03497922 -0.0919318199
vt 1.07964206 -0.376622558
vt 1.04440987 -0.0722897053
vt 1.30958211 -0.0921171904
vt 1.312446 0.0427277088
vt 1.37276375 -0.10674262
vt 1.37496281 0.0430908203
vt 1.30063522 -0.218571424
vt 1.36580133 -0.247260094
vt 1.43628824 -0.115749359
vt 1.43748105 0.0433137417
vt 1.43247747 -0.264927387
vt 1.28446615 -0.335112214
vt 1.3528403 -0.376761675
vt 1.33128047 -0.490270734
vt 1.29602182 -0.583425164
vt 1.41268766 -0.522915483
vt 1.42523289 -0.402410507
vt 1.23735905 -0.652644992
vt 1.39052904 -0.621811271
vt 1.34737742 -0.695297241
vt 1.24686098 -0.740549684
vt 1.49999976 -0.755839109
vt 1.5 -0.709699631
vt 1.5 -0.634773016
vt 1.5 -0.533938527
vt 1.5 -0.411071301
vt 1.5 -0.270893097
vt 1.57476687 -0.402410626
vt 1.5 -0.118790627
vt 1.5 0.0433889031
vt 1.56752229 -0.264927387
vt 1.56371152 -0.115749359
vt 1.5625186 0.0433137417
vt 1.62723601 -0.10674262
vt 1.62503684 0.0430907607
vt 1.63419843 -0.247260213
vt 1.64715922 -0.376761794
vt 1.69041777 -0.0921173096
vt 1.68755376 0.0427276492
vt 1.69936466 -0.218571424
vt 1.71553373 -0.335112214
vt 1.75315654 -0.0724358559
vt 1.75006866 0.0422371626
vt 1.76265633 -0.179965258
vt 1.77927625 -0.279064894
vt 1.81542265 -0.048456192
vt 1.81258094 0.0416367054
vt 1.82403564 -0.132927537
vt 1.83865666 -0.210776806
vt 0.75 1
vt 0.8125 1
vt 0.8125 0
vt 0.875 0
vt 0.75 0
vt 0.875 1
vt 0.687500119 1
vt 0.9375 0
vt 0.687500119 0
vt 0.9375 1
vt 1 0
vt 1 1
vt 0.62500006 1
vt 0.62500006 0
vt 0.5625 1
vt 0.5625 0
vt 0.5 1
vt 0.5 0
vt 0.43749997 1
vt 0.43749997 0
vt 0.375 1
vt 0.375 0
vt 0.3125 1
vt 0.3125 0
vt 0.249999985 1
vt 0.249999985 0
vt 0.187500015 1
vt 0.187500015 0
vt 0.125000015 1
vt 0.125000015 0
vt 0.0625000224 1
vt 0.0625000224 0
vt 3.79454939e-08 1
vt 3.79454939e-08 0
vt 0.987637699 -0.13086462
vt 0.974316359 -0.294348121
vt 0.94992733 -0.27498436
vt 0.927956164 -0.243539214
vt 0.95546329 -0.083356142
vt 0.90924865 -0.201221228
vt 0.894356847 -0.149656534
vt 0.942075193 -0.0270388126
vt 0.883590221 -0.0908269882
vt 0.815275252 -0.0569598675
vt 0.877094507 -0.0269930363
vt 0.812432766 0.0373506546
vt 0.875367939 0.0387707949
vt 0.749942899 0.0368046761
vt 0.938592792 0.0732581019
vt 0.878452659 0.105070949
vt 0.884890139 0.168225884
vt 0.895555556 0.22642976
vt 0.95546329 0.162140071
vt 0.910298586 0.277445912
vt 0.928806603 0.319313705
vt 0.975785196 0.199770093
vt 0.95052892 0.350424349
vt 0.974628747 0.369582057
vt 1 0.212983966
vt 1.00000012 0.37605083
vt 1.02537143 0.369581938
vt 1.04947114 0.350424111
vt 1.07119346 0.319313407
vt 1.04453659 0.162139893
vt 1.08970141 0.277445495
vt 1.10444438 0.226429284
vt 1.05792463 0.105822444
vt 1.1151098 0.168225288
vt 1.12154722 0.105070353
vt 1.11629236 -0.490181327
vt 1.11308646 -0.335011363
vt 1.09062505 -0.179862022
vt 1.16135907 -0.437211633
vt 1.14042902 -0.279012203
vt 1.10549903 -0.132874966
vt 1.06123447 0.00857883692
vt 1.19584799 -0.365926266
vt 1.16134322 -0.210776687
vt 1.11625361 -0.0792677402
vt 1.18457723 -0.048456192
vt 1.12544358 0.0400747657
vt 1.0624038 0.0393916965
vt 1.18741894 0.0416368246
vt 1.06123447 0.070204556
vt 1.12437928 0.100660145
vt 1.05776143 0.09983325
vt 1.11782098 0.15957427
vt 1.05209208 0.12713927
vt 1.09189272 0.261460483
vt 1.03497934 0.170715332
vt 1.07296896 0.300517082
vt 1.02414525 0.185310721
vt 1.05072737 0.329538703
vt 1.0123266 0.194298446
vt 1.02602375 0.347410142
vt 1 0.197333336
vt 1.00000012 0.353444636
vt 0.987673342 0.194298565
vt 0.973976433 0.347410321
vt 0.975854635 0.185310781
vt 0.949272692 0.329538941
vt 0.965020537 0.170715511
vt 0.9270311 0.30051738
vt 0.95558995 0.151073396
vt 0.908107281 0.26146096
vt 0.947907865 0.127139509
vt 0.893054724 0.213870466
vt 0.94223851 0.0998336077
vt 0.882178903 0.159574866
vt 0.938765466 0.070204854
vt 0.875620484 0.100660682
vt 0.937595963 0.0393919945
vt 0.874556184 0.0400754213
vt 0.94223845 -0.0210496187
vt 0.877257466 -0.021099925
vt 0.812580884 0.0416376591
vt 0.947907865 -0.0483555794
vt 0.815422535 -0.0484552383
vt 0.883746147 -0.0792672634
vt 0.750068605 0.0422382951
vt 0.894500673 -0.132874489
vt 0.95558995 -0.0722894669
vt 0.909374595 -0.179861665
vt 0.824035525 -0.132926702
vt 0.838656425 -0.210776091
vt 0.859570563 -0.279011488
vt 0.753156483 -0.072434783
vt 0.687553763 0.0427290201
vt 0.762656331 -0.179964304
vt 0.779275954 -0.27906394
vt 0.804151595 -0.36592555
vt 1.5 -0.254931808
vt 1.83645821 -0.254931808
vt 1.83645821 -1.16818643
vt 2.00036526 -1.16818643
vt 2.00036526 -0.254931808
vt 1.5 -1.16818643
vt 1.16354179 -0.254931808
vt 1.16354179 -1.16818643
vt 0.999634624 -0.254931808
vt 0.999634624 -1.16818643
vt 0.892257273 -0.254931808
vt 0.892257273 -1.16818643
vt 0.803914428 -0.254931808
vt 0.803914428 -1.16818643
vt 0.723715901 -0.254931808
vt 0.723715901 -1.16818643
vt 0.647510409 -0.254931808
vt 0.647510409 -1.16818643
vt 0.573323727 -0.254931808
vt 0.573323727 -1.16818643
vt 0.499999911 -0.254931808
vt 0.499999911 -1.16818643
vt 0.426676095 -0.254931808
vt 0.426676095 -1.16818643
vt 0.352489352 -0.254931808
vt 0.352489352 -1.16818643
vt 0.276284039 -0.254931808
vt 0.276284039 -1.16818643
vt 0.196085468 -0.254931808
vt 0.196085468 -1.16818643
vt 0.10774266 -0.254931808
vt 0.10774266 -1.16818643
vt 0.00036533922 -0.254931808
vt 0.00036533922 -1.16818643
vt 1.5 -0.254931808
vt 1.83645821 -0.254931808
vt 1.83645821 -1.16818643
vt 2.00036526 -1.16818643
vt 2.00036526 -0.254931808
vt 1.5 -1.16818643
vt 1.16354179 -0.254931808
vt 1.16354179 -1.16818643
vt 0.999634624 -0.254931808
vt 0.999634624 -1.16818643
vt 0.892257273 -0.254931808
vt 0.892257273 -1.16818643
vt 0.803914428 -0.254931808
vt 0.803914428 -1.16818643
vt 0.723715901 -0.254931808
vt 0.723715901 -1.16818643
vt 0.647510409 -0.254931808
vt 0.647510409 -1.16818643
vt 0.573323727 -0.254931808
vt 0.573323727 -1.16818643
vt 0.499999911 -0.254931808
vt 0.499999911 -1.16818643
vt 0.426676095 -0.254931808
vt 0.426676095 -1.16818643
vt 0.352489352 -0.254931808
vt 0.352489352 -1.16818643
vt 0.276284039 -0.254931808
vt 0.276284039 -1.16818643
vt 0.196085468 -0.254931808
vt 0.196085468 -1.16818643
vt 0.10774266 -0.254931808
vt 0.10774266 -1.16818643
vt 0.00036533922 -0.254931808
vt 0.00036533922 -1.16818643
f 1/1 2/2 3/3
f 4/4 1/1 5/5
f 3/3 5/5 1/1
f 5/5 6/6 4/4
f 7/7 4/4 6/6
f 5/5 3/3 8/8
f 8/8 9/9 5/5
f 6/6 5/5 9/9
f 10/10 8/8 3/3
f 9/9 11/11 6/6
f 7/7 6/6 11/11
f 11/11 9/9 12/12
f 12/12 13/13 11/11
f 7/7 11/11 13/13
f 13/13 12/12 14/14
f 3/3 15/15 10/10
f 15/15 3/3 2/2
f 16/16 10/10 15/15
f 14/14 17/17 13/13
f 7/7 13/13 17/17
f 17/17 14/14 18/18
f 18/18 19/19 17/17
f 7/7 17/17 19/19
f 19/19 18/18 20/20
f 20/20 21/21 19/19
f 7/7 19/19 21/21
f 21/21 20/20 22/22
f 21/21 22/22 23/23
f 23/23 24/24 21/21
f 7/7 21/21 24/24
f 24/24 23/23 25/25
f 25/25 26/26 24/24
f 7/7 24/24 26/26
f 26/26 25/25 27/27
f 27/27 28/28 26/26
f 7/7 26/26 28/28
f 28/28 27/27 29/29
f 28/28 29/29 30/30
f 28/28 30/30 31/31
f 31/31 32/32 28/28
f 7/7 28/28 32/32
f 32/32 31/31 33/33
f 33/33 34/34 32/32
f 7/7 32/32 34/34
f 34/34 33/33 35/35
f 35/35 36/36 34/34
f 7/7 34/34 36/36
f 36/36 35/35 37/37
f 37/37 38/38 36/36
f 7/7 36/36 38/38
f 38/38 37/37 39/39
f 38/38 39/39 40/40
f 40/40 41/41 38/38
f 7/7 38/38 41/41
f 41/41 40/40 42/42
f 7/7 41/41 43/43
f 42/42 43/43 41/41
f 44/44 45/45 46/46
f 46/46 47/47 44/44
f 48/48 45/45 49/49
f 50/50 44/44 47/47
f 47/47 51/51 50/50
f 45/45 44/44 52/52
f 52/52 49/49 45/45
f 44/44 50/50 53/53
f 53/53 52/52 44/44
f 54/54 50/50 51/51
f 51/51 55/55 54/54
f 56/56 53/53 50/50
f 50/50 54/54 56/56
f 57/57 54/54 55/55
f 55/55 58/58 57/57
f 59/59 56/56 54/54
f 54/54 57/57 59/59
f 60/60 57/57 58/58
f 58/58 61/61 60/60
f 62/62 59/59 57/57
f 57/57 60/60 62/62
f 63/63 60/60 61/61
f 61/61 64/64 63/63
f 65/65 62/62 60/60
f 60/60 63/63 65/65
f 66/66 63/63 64/64
f 64/64 67/67 66/66
f 68/68 65/65 63/63
f 63/63 66/66 68/68
f 69/69 66/66 67/67
f 67/67 70/70 69/69
f 71/71 68/68 66/66
f 66/66 69/69 71/71
f 72/72 69/69 70/70
f 70/70 73/73 72/72
f 74/74 71/71 69/69
f 69/69 72/72 74/74
f 75/75 72/72 73/73
f 73/73 76/76 75/75
f 77/77 74/74 72/72
f 72/72 75/75 77/77
f 78/78 75/75 76/76
f 76/76 79/79 78/78
f 80/80 77/77 75/75
f 75/75 78/78 80/80
f 81/81 78/78 79/79
f 79/79 82/82 81/81
f 83/83 80/80 78/78
f 78/78 81/81 83/83
f 77/77 80/80 84/84
f 80/80 83/83 85/85
f 85/85 84/84 80/80
f 84/84 86/86 77/77
f 74/74 77/77 86/86
f 84/84 85/85 87/87
f 86/86 88/88 74/74
f 71/71 74/74 88/88
f 86/86 84/84 89/89
f 87/87 89/89 84/84
f 88/88 86/86 90/90
f 89/89 90/90 86/86
f 88/88 91/91 71/71
f 68/68 71/71 91/91
f 90/90 92/92 88/88
f 91/91 88/88 92/92
f 91/91 93/93 68/68
f 65/65 68/68 93/93
f 92/92 94/94 91/91
f 93/93 91/91 94/94
f 93/93 95/95 65/65
f 62/62 65/65 95/95
f 94/94 96/96 93/93
f 95/95 93/93 96/96
f 95/95 97/97 62/62
f 59/59 62/62 97/97
f 96/96 98/98 95/95
f 97/97 95/95 98/98
f 97/97 99/99 59/59
f 56/56 59/59 99/99
f 98/98 100/100 97/97
f 99/99 97/97 100/100
f 99/99 101/101 56/56
f 53/53 56/56 101/101
f 100/100 102/102 99/99
f 101/101 99/99 102/102
f 101/101 103/103 53/53
f 52/52 53/53 103/103
f 102/102 104/104 101/101
f 103/103 101/101 104/104
f 103/103 105/105 52/52
f 49/49 52/52 105/105
f 104/104 106/106 103/103
f 105/105 103/103 106/106
f 104/104 102/102 107/107
f 105/105 108/108 49/49
f 106/106 104/104 109/109
f 107/107 109/109 104/104
f 109/109 110/110 106/106
f 105/105 106/106 110/110
f 111/111 49/49 108/108
f 49/49 111/111 48/48
f 112/112 48/48 111/111
f 105/105 113/113 108/108
f 111/111 108/108 113/113
f 112/112 111/111 114/114
f 113/113 114/114 111/111
f 113/113 105/105 115/115
f 110/110 115/115 105/105
f 7/7 116/116 117/117
f 118/118 117/117 116/116
f 117/117 118/118 119/119
f 117/117 119/119 120/120
f 7/7 117/117 121/121
f 120/120 121/121 117/117
f 7/7 122/122 116/116
f 118/118 116/116 122/122
f 123/123 119/119 118/118
f 118/118 124/124 123/123
f 123/123 120/120 119/119
f 120/120 123/123 125/125
f 122/122 126/126 118/118
f 121/121 120/120 127/127
f 125/125 127/127 120/120
f 127/127 125/125 2/2
f 121/121 127/127 128/128
f 2/2 128/128 127/127
f 128/128 129/129 121/121
f 7/7 121/121 129/129
f 129/129 128/128 1/1
f 2/2 1/1 128/128
f 1/1 4/4 129/129
f 7/7 129/129 4/4
f 130/130 131/131 132/132
f 133/133 132/132 131/131
f 130/130 134/134 135/135
f 130/130 132/132 136/136
f 137/137 136/136 132/132
f 136/136 138/138 130/130
f 138/138 136/136 139/139
f 140/140 139/139 136/136
f 139/139 141/141 138/138
f 142/142 135/135 134/134
f 135/135 142/142 143/143
f 134/134 144/144 142/142
f 141/141 139/139 145/145
f 146/146 145/145 139/139
f 141/141 145/145 147/147
f 148/148 147/147 145/145
f 147/147 149/149 141/141
f 149/149 147/147 150/150
f 151/151 150/150 147/147
f 150/150 152/152 149/149
f 152/152 150/150 153/153
f 154/154 153/153 150/150
f 153/153 155/155 152/152
f 155/155 153/153 156/156
f 157/157 156/156 153/153
f 156/156 158/158 155/155
f 158/158 156/156 159/159
f 160/160 159/159 156/156
f 158/158 159/159 161/161
f 162/162 161/161 159/159
f 161/161 163/163 158/158
f 163/163 161/161 164/164
f 165/165 164/164 161/161
f 164/164 166/166 163/163
f 166/166 164/164 167/167
f 168/168 167/167 164/164
f 167/167 169/169 166/166
f 169/169 167/167 170/170
f 171/171 170/170 167/167
f 170/170 172/172 169/169
f 172/172 170/170 173/173
f 174/174 173/173 170/170
f 173/173 175/175 172/172
f 175/175 173/173 176/176
f 177/177 176/176 173/173
f 176/176 178/178 175/175
f 178/178 176/176 179/179
f 180/180 179/179 176/176
f 179/179 181/181 178/178
f 181/181 179/179 182/182
f 183/183 182/182 179/179
f 182/182 184/184 181/181
f 184/184 182/182 185/185
f 186/186 185/185 182/182
f 185/185 187/187 184/184
f 188/188 184/184 187/187
f 187/187 185/185 189/189
f 190/190 189/189 185/185
f 187/187 191/191 188/188
f 192/192 188/188 191/191
f 189/189 193/193 187/187
f 191/191 187/187 193/193
f 193/193 189/189 194/194
f 195/195 194/194 189/189
f 193/193 196/196 191/191
f 191/191 197/197 192/192
f 197/197 191/191 196/196
f 198/198 192/192 197/197
f 196/196 193/193 199/199
f 194/194 199/199 193/193
f 197/197 200/200 198/198
f 201/201 198/198 200/200
f 196/196 202/202 197/197
f 200/200 197/197 202/202
f 199/199 203/203 196/196
f 202/202 196/196 203/203
f 199/199 194/194 204/204
f 205/205 204/204 194/194
f 203/203 199/199 206/206
f 204/204 206/206 199/199
f 206/206 204/204 207/207
f 208/208 207/207 204/204
f 206/206 209/209 203/203
f 203/203 210/210 202/202
f 210/210 203/203 209/209
f 209/209 206/206 211/211
f 207/207 211/211 206/206
f 209/209 212/212 210/210
f 211/211 207/207 213/213
f 214/214 213/213 207/207
f 211/211 215/215 209/209
f 212/212 209/209 215/215
f 213/213 216/216 211/211
f 215/215 211/211 216/216
f 216/216 213/213 217/217
f 218/218 217/217 213/213
f 216/216 219/219 215/215
f 220/220 215/215 219/219
f 215/215 220/220 212/212
f 219/219 221/221 220/220
f 222/222 220/220 221/221
f 221/221 223/223 222/222
f 224/224 212/212 220/220
f 220/220 222/222 224/224
f 212/212 224/224 225/225
f 225/225 210/210 212/212
f 226/226 222/222 223/223
f 223/223 227/227 226/226
f 228/228 224/224 222/222
f 222/222 226/226 228/228
f 229/229 225/225 224/224
f 224/224 228/228 229/229
f 210/210 225/225 230/230
f 230/230 202/202 210/210
f 202/202 230/230 200/200
f 231/231 230/230 225/225
f 225/225 229/229 231/231
f 232/232 200/200 230/230
f 230/230 231/231 232/232
f 200/200 232/232 201/201
f 233/233 201/201 232/232
f 232/232 234/234 233/233
f 234/234 232/232 231/231
f 235/235 233/233 234/234
f 236/236 231/231 229/229
f 231/231 236/236 234/234
f 234/234 237/237 235/235
f 237/237 234/234 236/236
f 238/238 235/235 237/237
f 229/229 239/239 236/236
f 239/239 229/229 228/228
f 236/236 240/240 237/237
f 240/240 236/236 239/239
f 237/237 241/241 238/238
f 241/241 237/237 240/240
f 242/242 238/238 241/241
f 228/228 243/243 239/239
f 243/243 228/228 226/226
f 239/239 244/244 240/240
f 244/244 239/239 243/243
f 240/240 245/245 241/241
f 245/245 240/240 244/244
f 241/241 246/246 242/242
f 246/246 241/241 245/245
f 247/247 242/242 246/246
f 226/226 248/248 243/243
f 248/248 226/226 227/227
f 227/227 249/249 248/248
f 250/250 243/243 248/248
f 243/243 250/250 244/244
f 251/251 248/248 249/249
f 248/248 251/251 250/250
f 249/249 252/252 251/251
f 253/253 244/244 250/250
f 244/244 253/253 245/245
f 254/254 250/250 251/251
f 250/250 254/254 253/253
f 255/255 251/251 252/252
f 251/251 255/255 254/254
f 252/252 256/256 255/255
f 257/257 245/245 253/253
f 245/245 257/257 246/246
f 258/258 253/253 254/254
f 253/253 258/258 257/257
f 259/259 254/254 255/255
f 254/254 259/259 258/258
f 260/260 255/255 256/256
f 255/255 260/260 259/259
f 256/256 261/261 260/260
f 262/262 260/260 261/261
f 260/260 262/262 263/263
f 263/263 259/259 260/260
f 264/264 263/263 262/262
f 263/263 264/264 265/265
f 259/259 263/263 266/266
f 265/265 266/266 263/263
f 266/266 258/258 259/259
f 266/266 265/265 267/267
f 258/258 266/266 268/268
f 267/267 268/268 266/266
f 268/268 257/257 258/258
f 268/268 267/267 269/269
f 257/257 268/268 270/270
f 269/269 270/270 268/268
f 270/270 246/246 257/257
f 270/270 269/269 271/271
f 246/246 270/270 247/247
f 271/271 247/247 270/270
f 272/272 273/273 274/274
f 275/275 274/274 273/273
f 272/272 276/276 277/277
f 277/277 278/278 279/279
f 278/278 277/277 276/276
f 279/279 280/280 281/281
f 280/280 279/279 278/278
f 276/276 272/272 282/282
f 274/274 282/282 272/272
f 276/276 283/283 278/278
f 278/278 284/284 280/280
f 284/284 278/278 283/283
f 285/285 281/281 280/280
f 281/281 285/285 286/286
f 283/283 276/276 287/287
f 282/282 287/287 276/276
f 283/283 288/288 284/284
f 284/284 289/289 280/280
f 289/289 284/284 288/288
f 280/280 290/290 285/285
f 290/290 280/280 289/289
f 288/288 283/283 291/291
f 287/287 291/291 283/283
f 288/288 292/292 289/289
f 289/289 293/293 290/290
f 293/293 289/289 292/292
f 292/292 288/288 294/294
f 291/291 294/294 288/288
f 292/292 295/295 293/293
f 293/293 296/296 290/290
f 296/296 293/293 295/295
f 290/290 297/297 285/285
f 297/297 290/290 296/296
f 296/296 298/298 297/297
f 297/297 299/299 285/285
f 300/300 285/285 299/299
f 285/285 300/300 286/286
f 298/298 296/296 301/301
f 295/295 301/301 296/296
f 301/301 302/302 298/298
f 299/299 303/303 300/300
f 303/303 304/304 300/300
f 304/304 305/305 300/300
f 306/306 300/300 305/305
f 300/300 306/306 286/286
f 305/305 307/307 306/306
f 307/307 308/308 306/306
f 309/309 306/306 308/308
f 306/306 309/309 286/286
f 308/308 310/310 309/309
f 310/310 311/311 309/309
f 312/312 309/309 311/311
f 309/309 312/312 286/286
f 311/311 313/313 312/312
f 313/313 314/314 312/312
f 315/315 312/312 314/314
f 312/312 315/315 286/286
f 314/314 316/316 315/315
f 316/316 317/317 315/315
f 317/317 318/318 315/315
f 319/319 315/315 318/318
f 315/315 319/319 286/286
f 318/318 320/320 319/319
f 320/320 321/321 319/319
f 322/322 319/319 321/321
f 319/319 322/322 286/286
f 321/321 323/323 322/322
f 323/323 321/321 324/324
f 324/324 325/325 323/323
f 323/323 326/326 322/322
f 326/326 323/323 325/325
f 325/325 324/324 327/327
f 326/326 328/328 322/322
f 322/322 329/329 286/286
f 329/329 322/322 328/328
f 328/328 330/330 329/329
f 330/330 331/331 329/329
f 328/328 326/326 332/332
f 325/325 332/332 326/326
f 330/330 328/328 333/333
f 332/332 333/333 328/328
f 331/331 330/330 334/334
f 333/333 334/334 330/330
f 334/334 335/335 331/331
f 327/327 336/336 325/325
f 332/332 325/325 336/336
f 336/336 327/327 337/337
f 333/333 332/332 338/338
f 336/336 338/338 332/332
f 334/334 333/333 339/339
f 338/338 339/339 333/333
f 335/335 334/334 340/340
f 339/339 340/340 334/334
f 340/340 341/341 335/335
f 337/337 342/342 336/336
f 338/338 336/336 342/342
f 342/342 337/337 343/343
f 339/339 338/338 344/344
f 342/342 344/344 338/338
f 340/340 339/339 345/345
f 344/344 345/345 339/339
f 341/341 340/340 346/346
f 345/345 346/346 340/340
f 347/347 348/348 349/349
f 350/350 349/349 348/348
f 348/348 351/351 350/350
f 349/349 352/352 347/347
f 353/353 347/347 352/352
f 352/352 354/354 353/353
f 355/355 353/353 354/354
f 354/354 356/356 355/355
f 357/357 355/355 356/356
f 356/356 358/358 357/357
f 359/359 357/357 358/358
f 358/358 360/360 359/359
f 361/361 359/359 360/360
f 360/360 362/362 361/361
f 363/363 361/361 362/362
f 362/362 364/364 363/363
f 365/365 363/363 364/364
f 364/364 366/366 365/365
f 367/367 365/365 366/366
f 366/366 368/368 367/367
f 369/369 367/367 368/368
f 368/368 370/370 369/369
f 371/371 369/369 370/370
f 370/370 372/372 371/371
f 373/373 371/371 372/372
f 372/372 374/374 373/373
f 375/375 373/373 374/374
f 374/374 376/376 375/375
f 377/377 375/375 376/376
f 376/376 378/378 377/377
f 379/379 377/377 378/378
f 378/378 380/380 379/379
f 329/329 381/381 286/286
f 381/381 329/329 382/382
f 382/382 383/383 381/381
f 331/331 382/382 329/329
f 383/383 384/384 381/381
f 382/382 331/331 335/335
f 383/383 382/382 385/385
f 335/335 385/385 382/382
f 385/385 386/386 383/383
f 384/384 383/383 386/386
f 385/385 335/335 341/341
f 386/386 385/385 387/387
f 341/341 387/387 385/385
f 386/386 388/388 384/384
f 384/384 389/389 381/381
f 389/389 384/384 388/388
f 281/281 381/381 389/389
f 381/381 281/281 286/286
f 387/387 390/390 386/386
f 388/388 386/386 390/390
f 387/387 341/341 391/391
f 388/388 392/392 389/389
f 390/390 387/387 393/393
f 391/391 393/393 387/387
f 390/390 273/273 388/388
f 392/392 388/388 273/273
f 393/393 275/275 390/390
f 273/273 390/390 275/275
f 279/279 389/389 392/392
f 389/389 279/279 281/281
f 273/273 272/272 392/392
f 392/392 277/277 279/279
f 277/277 392/392 272/272
f 394/394 395/395 396/396
f 396/396 397/397 394/394
f 397/397 396/396 398/398
f 399/399 396/396 395/395
f 395/395 400/400 399/399
f 401/401 398/398 396/396
f 396/396 399/399 401/401
f 398/398 401/401 402/402
f 403/403 402/402 401/401
f 401/401 404/404 403/403
f 404/404 401/401 399/399
f 405/405 403/403 404/404
f 406/406 399/399 400/400
f 399/399 406/406 404/404
f 400/400 407/407 406/406
f 404/404 408/408 405/405
f 408/408 404/404 406/406
f 409/409 406/406 407/407
f 406/406 409/409 408/408
f 407/407 410/410 409/409
f 411/411 409/409 410/410
f 410/410 412/412 411/411
f 413/413 408/408 409/409
f 409/409 411/411 413/413
f 414/414 405/405 408/408
f 408/408 413/413 414/414
f 405/405 414/414 415/415
f 415/415 416/416 405/405
f 417/417 415/415 414/414
f 414/414 418/418 417/417
f 418/418 414/414 413/413
f 419/419 417/417 418/418
f 420/420 413/413 411/411
f 413/413 420/420 418/418
f 418/418 421/421 419/419
f 421/421 418/418 420/420
f 422/422 419/419 421/421
f 411/411 423/423 420/420
f 423/423 411/411 412/412
f 412/412 424/424 423/423
f 425/425 420/420 423/423
f 420/420 425/425 421/421
f 426/426 423/423 424/424
f 423/423 426/426 425/425
f 424/424 427/427 426/426
f 421/421 428/428 422/422
f 428/428 421/421 425/425
f 429/429 422/422 428/428
f 430/430 426/426 427/427
f 431/431 425/425 426/426
f 425/425 431/431 428/428
f 426/426 430/430 431/431
f 427/427 432/432 430/430
f 428/428 433/433 429/429
f 433/433 428/428 431/431
f 434/434 429/429 433/433
f 434/434 435/435 429/429
f 433/433 431/431 430/430
f 434/434 436/436 435/435
f 434/434 437/437 436/436
f 434/434 438/438 437/437
f 434/434 439/439 438/438
f 434/434 440/440 439/439
f 434/434 441/441 440/440
f 434/434 442/442 441/441
f 442/442 443/443 444/444
f 442/442 445/445 443/443
f 445/445 442/442 446/446
f 434/434 446/446 442/442
f 446/446 447/447 445/445
f 446/446 448/448 447/447
f 448/448 446/446 449/449
f 434/434 449/449 446/446
f 449/449 450/450 448/448
f 449/449 451/451 450/450
f 451/451 449/449 452/452
f 434/434 452/452 449/449
f 452/452 453/453 451/451
f 452/452 454/454 453/453
f 454/454 452/452 455/455
f 434/434 455/455 452/452
f 455/455 456/456 454/454
f 455/455 457/457 456/456
f 457/457 455/455 458/458
f 434/434 458/458 455/455
f 458/458 459/459 457/457
f 458/458 460/460 459/459
f 460/460 458/458 461/461
f 434/434 461/461 458/458
f 461/461 432/432 460/460
f 434/434 433/433 461/461
f 461/461 430/430 432/432
f 430/430 461/461 433/433
f 462/462 463/463 464/464
f 464/464 465/465 462/462
f 466/466 462/462 465/465
f 465/465 467/467 466/466
f 468/468 466/466 467/467
f 467/467 469/469 468/468
f 469/469 470/470 468/468
f 471/471 468/468 470/470
f 470/470 472/472 471/471
f 473/473 471/471 472/472
f 472/472 474/474 473/473
f 475/475 473/473 474/474
f 474/474 476/476 475/475
f 477/477 475/475 476/476
f 476/476 478/478 477/477
f 479/479 480/480 481/481
f 481/481 482/482 479/479
f 483/483 481/481 480/480
f 7/7 482/482 122/122
f 484/484 122/122 482/482
f 122/122 484/484 126/126
f 482/482 481/481 484/484
f 483/483 484/484 481/481
f 483/483 485/485 486/486
f 484/484 483/483 487/487
f 487/487 126/126 484/484
f 483/483 486/486 488/488
f 488/488 487/487 483/483
f 489/489 486/486 485/485
f 485/485 490/490 489/489
f 491/491 488/488 486/486
f 486/486 489/489 491/491
f 126/126 487/487 492/492
f 492/492 118/118 126/126
f 118/118 492/492 124/124
f 493/493 492/492 487/487
f 487/487 488/488 493/493
f 494/494 124/124 492/492
f 492/492 493/493 494/494
f 124/124 494/494 495/495
f 495/495 123/123 124/124
f 496/496 493/493 488/488
f 488/488 491/491 496/496
f 497/497 494/494 493/493
f 493/493 496/496 497/497
f 498/498 495/495 494/494
f 494/494 497/497 498/498
f 123/123 495/495 499/499
f 495/495 498/498 500/500
f 500/500 499/499 495/495
f 123/123 499/499 501/501
f 501/501 125/125 123/123
f 499/499 500/500 502/502
f 502/502 501/501 499/499
f 125/125 501/501 503/503
f 503/503 2/2 125/125
f 501/501 502/502 504/504
f 504/504 503/503 501/501
f 2/2 503/503 505/505
f 2/2 505/505 15/15
f 506/506 505/505 503/503
f 503/503 504/504 506/506
f 507/507 15/15 505/505
f 505/505 506/506 507/507
f 15/15 507/507 16/16
f 508/508 16/16 507/507
f 507/507 509/509 508/508
f 509/509 507/507 506/506
f 510/510 508/508 509/509
f 511/511 506/506 504/504
f 506/506 511/511 509/509
f 509/509 512/512 510/510
f 512/512 509/509 511/511
f 513/513 514/514 515/515
f 516/516 517/517 518/518
f 519/519 518/518 517/517
f 517/517 516/516 520/520
f 521/521 519/519 522/522
f 517/517 522/522 519/519
f 513/513 521/521 523/523
f 522/522 523/523 521/521
f 520/520 524/524 517/517
f 522/522 517/517 524/524
f 524/524 520/520 525/525
f 523/523 522/522 526/526
f 524/524 526/526 522/522
f 523/523 527/527 513/513
f 514/514 513/513 527/527
f 525/525 528/528 524/524
f 526/526 524/524 528/528
f 528/528 525/525 529/529
f 526/526 530/530 523/523
f 527/527 523/523 530/530
f 528/528 531/531 526/526
f 530/530 526/526 531/531
f 529/529 532/532 528/528
f 531/531 528/528 532/532
f 532/532 529/529 533/533
f 533/533 534/534 532/532
f 534/534 533/533 535/535
f 532/532 536/536 531/531
f 536/536 532/532 534/534
f 531/531 537/537 530/530
f 537/537 531/531 536/536
f 538/538 530/530 537/537
f 530/530 538/538 527/527
f 535/535 539/539 534/534
f 539/539 535/535 540/540
f 534/534 541/541 536/536
f 541/541 534/534 539/539
f 536/536 542/542 537/537
f 542/542 536/536 541/541
f 537/537 543/543 538/538
f 543/543 537/537 542/542
f 540/540 544/544 539/539
f 544/544 540/540 545/545
f 539/539 546/546 541/541
f 546/546 539/539 544/544
f 541/541 547/547 542/542
f 547/547 541/541 546/546
f 542/542 548/548 543/543
f 548/548 542/542 547/547
f 545/545 549/549 544/544
f 544/544 550/550 546/546
f 550/550 544/544 549/549
f 549/549 545/545 551/551
f 552/552 546/546 550/550
f 546/546 552/552 547/547
f 549/549 553/553 550/550
f 551/551 554/554 549/549
f 553/553 549/549 554/554
f 555/555 547/547 552/552
f 547/547 555/555 548/548
f 550/550 556/556 552/552
f 556/556 550/550 553/553
f 552/552 557/557 555/555
f 557/557 552/552 556/556
f 558/558 548/548 555/555
f 559/559 555/555 557/557
f 555/555 559/559 558/558
f 548/548 558/558 560/560
f 560/560 543/543 548/548
f 543/543 560/560 561/561
f 561/561 538/538 543/543
f 562/562 560/560 558/558
f 538/538 561/561 563/563
f 563/563 527/527 538/538
f 527/527 563/563 514/514
f 564/564 514/514 563/563
f 563/563 565/565 564/564
f 565/565 563/563 561/561
f 566/566 564/564 565/565
f 567/567 561/561 560/560
f 561/561 567/567 565/565
f 560/560 562/562 567/567
f 565/565 568/568 566/566
f 568/568 565/565 567/567
f 569/569 566/566 568/568
f 570/570 567/567 562/562
f 567/567 570/570 568/568
f 568/568 571/571 569/569
f 571/571 568/568 570/570
f 572/572 569/569 571/571
f 571/571 573/573 572/572
f 574/574 572/572 573/573
f 570/570 575/575 571/571
f 573/573 571/571 575/575
f 562/562 576/576 570/570
f 575/575 570/570 576/576
f 576/576 562/562 577/577
f 558/558 577/577 562/562
f 577/577 558/558 559/559
f 576/576 578/578 575/575
f 577/577 579/579 576/576
f 580/580 576/576 579/579
f 579/579 581/581 580/580
f 579/579 577/577 582/582
f 559/559 582/582 577/577
f 582/582 583/583 579/579
f 582/582 559/559 584/584
f 583/583 582/582 585/585
f 584/584 585/585 582/582
f 585/585 586/586 583/583
f 557/557 584/584 559/559
f 586/586 585/585 587/587
f 587/587 588/588 586/586
f 585/585 584/584 589/589
f 589/589 587/587 585/585
f 584/584 557/557 590/590
f 590/590 589/589 584/584
f 556/556 590/590 557/557
f 588/588 587/587 591/591
f 591/591 592/592 588/588
f 587/587 589/589 593/593
f 593/593 591/591 587/587
f 589/589 590/590 594/594
f 594/594 593/593 589/589
f 590/590 556/556 553/553
f 553/553 594/594 590/590
f 592/592 591/591 595/595
f 595/595 596/596 592/592
f 591/591 593/593 597/597
f 597/597 595/595 591/591
f 593/593 594/594 598/598
f 598/598 597/597 593/593
f 594/594 553/553 598/598
f 599/599 598/598 553/553
f 554/554 599/599 553/553
f 597/597 598/598 600/600
f 601/601 600/600 598/598
f 600/600 602/602 597/597
f 595/595 597/597 602/602
f 600/600 601/601 603/603
f 602/602 600/600 603/603
f 598/598 599/599 601/601
f 599/599 554/554 601/601
f 596/596 595/595 602/602
f 602/602 604/604 596/596
f 604/604 602/602 603/603
f 554/554 551/551 601/601
f 605/605 601/601 551/551
f 601/601 605/605 603/603
f 551/551 606/606 605/605
f 607/607 605/605 606/606
f 605/605 607/607 603/603
f 606/606 608/608 607/607
f 609/609 607/607 608/608
f 607/607 609/609 603/603
f 610/610 609/609 608/608
f 609/609 610/610 603/603
f 608/608 611/611 610/610
f 611/611 612/612 610/610
f 613/613 610/610 612/612
f 610/610 613/613 603/603
f 612/612 614/614 613/613
f 613/613 615/615 603/603
f 615/615 613/613 614/614
f 615/615 616/616 603/603
f 614/614 617/617 615/615
f 616/616 615/615 617/617
f 617/617 618/618 616/616
f 619/619 620/620 621/621
f 622/622 623/623 624/624
f 623/623 622/622 625/625
f 624/624 626/626 621/621
f 626/626 624/624 623/623
f 621/621 627/627 619/619
f 627/627 621/621 626/626
f 628/628 619/619 627/627
f 625/625 629/629 623/623
f 629/629 625/625 630/630
f 623/623 631/631 626/626
f 631/631 623/623 629/629
f 626/626 632/632 627/627
f 632/632 626/626 631/631
f 627/627 633/633 628/628
f 633/633 627/627 632/632
f 634/634 628/628 633/633
f 630/630 635/635 629/629
f 635/635 630/630 636/636
f 629/629 637/637 631/631
f 637/637 629/629 635/635
f 633/633 638/638 634/634
f 639/639 634/634 638/638
f 638/638 633/633 640/640
f 632/632 640/640 633/633
f 638/638 641/641 639/639
f 631/631 642/642 632/632
f 642/642 631/631 637/637
f 640/640 632/632 642/642
f 643/643 639/639 641/641
f 640/640 644/644 638/638
f 641/641 638/638 644/644
f 642/642 645/645 640/640
f 644/644 640/640 645/645
f 645/645 642/642 646/646
f 637/637 646/646 642/642
f 641/641 647/647 643/643
f 648/648 643/643 647/647
f 644/644 649/649 641/641
f 647/647 641/641 649/649
f 645/645 650/650 644/644
f 649/649 644/644 650/650
f 646/646 651/651 645/645
f 650/650 645/645 651/651
f 647/647 652/652 648/648
f 649/649 653/653 647/647
f 652/652 647/647 653/653
f 654/654 648/648 652/652
f 653/653 649/649 655/655
f 650/650 655/655 649/649
f 653/653 656/656 652/652
f 655/655 650/650 657/657
f 651/651 657/657 650/650
f 655/655 658/658 653/653
f 656/656 653/653 658/658
f 657/657 659/659 655/655
f 658/658 655/655 659/659
f 660/660 652/652 656/656
f 652/652 660/660 654/654
f 661/661 654/654 660/660
f 661/661 662/662 654/654
f 660/660 663/663 661/661
f 662/662 661/661 664/664
f 664/664 665/665 662/662
f 665/665 664/664 666/666
f 666/666 667/667 665/665
f 666/666 668/668 667/667
f 668/668 666/666 669/669
f 669/669 670/670 668/668
f 669/669 671/671 670/670
f 671/671 669/669 672/672
f 672/672 673/673 671/671
f 660/660 656/656 674/674
f 663/663 660/660 675/675
f 674/674 675/675 660/660
f 675/675 676/676 663/663
f 658/658 674/674 656/656
f 676/676 675/675 677/677
f 677/677 678/678 676/676
f 675/675 674/674 679/679
f 679/679 677/677 675/675
f 674/674 658/658 680/680
f 680/680 679/679 674/674
f 659/659 680/680 658/658
f 678/678 677/677 681/681
f 681/681 682/682 678/678
f 677/677 679/679 683/683
f 683/683 681/681 677/677
f 679/679 680/680 684/684
f 684/684 683/683 679/679
f 680/680 659/659 685/685
f 685/685 684/684 680/680
f 686/686 685/685 659/659
f 659/659 657/657 686/686
f 684/684 685/685 687/687
f 683/683 684/684 688/688
f 687/687 688/688 684/684
f 688/688 689/689 683/683
f 681/681 683/683 689/689
f 690/690 686/686 657/657
f 657/657 651/651 690/690
f 685/685 686/686 691/691
f 691/691 687/687 685/685
f 686/686 690/690 692/692
f 692/692 691/691 686/686
f 693/693 690/690 651/651
f 651/651 646/646 693/693
f 694/694 692/692 690/690
f 690/690 693/693 694/694
f 695/695 693/693 646/646
f 646/646 637/637 695/695
f 635/635 695/695 637/637
f 693/693 695/695 696/696
f 696/696 694/694 693/693
f 695/695 635/635 697/697
f 697/697 696/696 695/695
f 636/636 697/697 635/635
f 697/697 636/636 698/698
f 698/698 699/699 697/697
f 696/696 697/697 699/699
f 699/699 698/698 700/700
f 694/694 696/696 701/701
f 699/699 701/701 696/696
f 700/700 702/702 699/699
f 701/701 699/699 702/702
f 702/702 700/700 703/703
f 701/701 704/704 694/694
f 692/692 694/694 704/704
f 702/702 705/705 701/701
f 704/704 701/701 705/705
f 703/703 706/706 702/702
f 705/705 702/702 706/706
f 706/706 703/703 707/707
f 704/704 708/708 692/692
f 691/691 692/692 708/708
f 705/705 709/709 704/704
f 708/708 704/704 709/709
f 706/706 710/710 705/705
f 709/709 705/705 710/710
f 707/707 711/711 706/706
f 710/710 706/706 711/711
f 711/711 707/707 712/712
f 712/712 713/713 711/711
f 709/709 714/714 708/708
f 708/708 715/715 691/691
f 715/715 708/708 714/714
f 687/687 691/691 715/715
f 716/716 711/711 713/713
f 711/711 716/716 710/710
f 710/710 717/717 709/709
f 717/717 710/710 716/716
f 718/718 709/709 717/717
f 717/717 719/719 718/718
f 715/715 720/720 687/687
f 688/688 687/687 720/720
f 714/714 721/721 715/715
f 720/720 715/715 721/721
f 721/721 714/714 722/722
f 722/722 723/723 721/721
f 721/721 724/724 720/720
f 720/720 725/725 688/688
f 725/725 720/720 724/724
f 689/689 688/688 725/725
f 724/724 726/726 725/725
f 727/727 725/725 726/726
f 725/725 727/727 689/689
f 726/726 728/728 727/727
f 681/681 689/689 727/727
f 681/681 729/729 682/682
f 727/727 730/730 681/681
f 729/729 681/681 730/730
f 730/730 727/727 728/728
f 730/730 731/731 729/729
f 728/728 732/732 730/730
f 731/731 730/730 732/732
f 732/732 733/733 731/731
f 734/734 735/735 736/736
f 737/737 734/734 738/738
f 736/736 738/738 734/734
f 738/738 739/739 737/737
f 740/740 737/737 739/739
f 738/738 736/736 741/741
f 739/739 738/738 741/741
f 742/742 736/736 735/735
f 735/735 743/743 742/742
f 736/736 742/742 741/741
f 739/739 744/744 740/740
f 744/744 739/739 741/741
f 745/745 740/740 744/744
f 744/744 746/746 745/745
f 746/746 744/744 741/741
f 747/747 745/745 746/746
f 746/746 748/748 747/747
f 748/748 746/746 741/741
f 749/749 747/747 748/748
f 748/748 750/750 749/749
f 750/750 748/748 741/741
f 751/751 749/749 750/750
f 750/750 752/752 751/751
f 752/752 750/750 741/741
f 753/753 751/751 752/752
f 754/754 753/753 752/752
f 752/752 755/755 754/754
f 755/755 752/752 741/741
f 756/756 754/754 755/755
f 755/755 757/757 756/756
f 757/757 755/755 741/741
f 758/758 756/756 757/757
f 757/757 759/759 758/758
f 759/759 757/757 741/741
f 742/742 760/760 741/741
f 760/760 742/742 743/743
f 743/743 761/761 760/760
f 761/761 743/743 762/762
f 760/760 763/763 741/741
f 763/763 760/760 761/761
f 763/763 764/764 741/741
f 762/762 765/765 761/761
f 761/761 766/766 763/763
f 764/764 763/763 766/766
f 766/766 761/761 765/765
f 765/765 762/762 767/767
f 766/766 768/768 764/764
f 764/764 769/769 741/741
f 769/769 764/764 768/768
f 768/768 770/770 769/769
f 770/770 771/771 769/769
f 768/768 766/766 772/772
f 765/765 772/772 766/766
f 770/770 768/768 772/772
f 771/771 770/770 773/773
f 772/772 773/773 770/770
f 773/773 774/774 771/771
f 767/767 775/775 765/765
f 772/772 765/765 775/775
f 775/775 767/767 776/776
f 775/775 777/777 772/772
f 773/773 772/772 778/778
f 777/777 778/778 772/772
f 774/774 773/773 779/779
f 778/778 779/779 773/773
f 779/779 780/780 774/774
f 776/776 781/781 775/775
f 777/777 775/775 781/781
f 781/781 776/776 782/782
f 778/778 777/777 783/783
f 781/781 783/783 777/777
f 779/779 778/778 784/784
f 783/783 784/784 778/778
f 780/780 779/779 785/785
f 784/784 785/785 779/779
f 785/785 786/786 780/780
f 782/782 787/787 781/781
f 783/783 781/781 787/787
f 787/787 782/782 788/788
f 788/788 789/789 787/787
f 787/787 790/790 783/783
f 790/790 787/787 789/789
f 784/784 783/783 790/790
f 789/789 791/791 790/790
f 790/790 792/792 784/784
f 792/792 790/790 791/791
f 785/785 784/784 792/792
f 791/791 793/793 792/792
f 792/792 794/794 785/785
f 794/794 792/792 793/793
f 786/786 785/785 794/794
f 793/793 795/795 794/794
f 794/794 796/796 786/786
f 796/796 794/794 795/795
f 795/795 797/797 796/796
f 798/798 799/799 800/800
f 800/800 801/801 798/798
f 799/799 798/798 802/802
f 802/802 803/803 799/799
f 804/804 798/798 801/801
f 801/801 805/805 804/804
f 806/806 802/802 798/798
f 798/798 804/804 806/806
f 803/803 802/802 807/807
f 807/807 808/808 803/803
f 802/802 806/806 809/809
f 809/809 807/807 802/802
f 810/810 804/804 805/805
f 805/805 811/811 810/810
f 812/812 810/810 811/811
f 804/804 810/810 813/813
f 813/813 806/806 804/804
f 810/810 812/812 814/814
f 814/814 813/813 810/810
f 815/815 814/814 812/812
f 812/812 816/816 815/815
f 813/813 814/814 817/817
f 806/806 813/813 818/818
f 818/818 809/809 806/806
f 817/817 818/818 813/813
f 819/819 815/815 816/816
f 816/816 820/820 819/819
f 821/821 819/819 820/820
f 814/814 815/815 822/822
f 822/822 817/817 814/814
f 815/815 819/819 823/823
f 823/823 822/822 815/815
f 819/819 821/821 824/824
f 824/824 823/823 819/819
f 825/825 824/824 821/821
f 824/824 825/825 826/826
f 826/826 827/827 824/824
f 823/823 824/824 827/827
f 827/827 826/826 828/828
f 822/822 823/823 829/829
f 827/827 829/829 823/823
f 829/829 830/830 822/822
f 817/817 822/822 830/830
f 829/829 827/827 831/831
f 828/828 831/831 827/827
f 830/830 829/829 832/832
f 831/831 832/832 829/829
f 830/830 833/833 817/817
f 818/818 817/817 833/833
f 832/832 834/834 830/830
f 833/833 830/830 834/834
f 833/833 835/835 818/818
f 809/809 818/818 835/835
f 834/834 836/836 833/833
f 835/835 833/833 836/836
f 835/835 837/837 809/809
f 807/807 809/809 837/837
f 836/836 838/838 835/835
f 837/837 835/835 838/838
f 837/837 839/839 807/807
f 808/808 807/807 839/839
f 839/839 840/840 808/808
f 839/839 837/837 841/841
f 838/838 841/841 837/837
f 840/840 839/839 842/842
f 841/841 842/842 839/839
f 842/842 843/843 840/840
f 843/843 842/842 844/844
f 844/844 845/845 843/843
f 842/842 841/841 846/846
f 846/846 844/844 842/842
f 841/841 838/838 847/847
f 847/847 846/846 841/841
f 848/848 847/847 838/838
f 838/838 836/836 848/848
f 845/845 844/844 849/849
f 849/849 850/850 845/845
f 844/844 846/846 851/851
f 851/851 849/849 844/844
f 846/846 847/847 852/852
f 852/852 851/851 846/846
f 853/853 852/852 847/847
f 847/847 848/848 853/853
f 850/850 849/849 854/854
f 854/854 855/855 850/850
f 849/849 851/851 856/856
f 856/856 854/854 849/849
f 851/851 852/852 857/857
f 857/857 856/856 851/851
f 858/858 857/857 852/852
f 852/852 853/853 858/858
f 855/855 854/854 859/859
f 859/859 860/860 855/855
f 854/854 856/856 861/861
f 861/861 859/859 854/854
f 856/856 857/857 862/862
f 862/862 861/861 856/856
f 863/863 862/862 857/857
f 857/857 858/858 863/863
f 860/860 859/859 864/864
f 864/864 865/865 860/860
f 859/859 861/861 866/866
f 866/866 864/864 859/859
f 861/861 862/862 867/867
f 867/867 866/866 861/861
f 862/862 863/863 867/867
f 868/868 869/869 870/870
f 869/869 868/868 871/871
f 872/872 873/873 874/874
f 875/875 874/874 873/873
f 874/874 875/875 876/876
f 876/876 877/877 874/874
f 877/877 876/876 878/878
f 874/874 879/879 872/872
f 879/879 874/874 877/877
f 880/880 872/872 879/879
f 872/872 880/880 881/881
f 878/878 882/882 877/877
f 882/882 878/878 883/883
f 877/877 884/884 879/879
f 884/884 877/877 882/882
f 879/879 885/885 880/880
f 885/885 879/879 884/884
f 886/886 881/881 880/880
f 881/881 886/886 887/887
f 888/888 880/880 885/885
f 880/880 888/888 886/886
f 884/884 889/889 885/885
f 890/890 887/887 886/886
f 887/887 890/890 870/870
f 891/891 886/886 888/888
f 886/886 891/891 890/890
f 885/885 892/892 888/888
f 892/892 885/885 889/889
f 893/893 870/870 890/890
f 870/870 893/893 868/868
f 894/894 890/890 891/891
f 890/890 894/894 893/893
f 891/891 895/895 894/894
f 896/896 868/868 893/893
f 868/868 896/896 897/897
f 893/893 898/898 896/896
f 899/899 896/896 898/898
f 896/896 899/899 900/900
f 898/898 901/901 899/899
f 895/895 891/891 902/902
f 888/888 902/902 891/891
f 902/902 888/888 892/892
f 902/902 903/903 895/895
f 904/904 899/899 901/901
f 899/899 904/904 905/905
f 901/901 906/906 904/904
f 907/907 904/904 906/906
f 904/904 907/907 908/908
f 906/906 909/909 907/907
f 903/903 902/902 910/910
f 892/892 910/910 902/902
f 910/910 911/911 903/903
f 912/912 907/907 909/909
f 907/907 912/912 913/913
f 914/914 912/912 909/909
f 912/912 914/914 915/915
f 909/909 916/916 914/914
f 917/917 914/914 916/916
f 914/914 917/917 918/918
f 916/916 919/919 917/917
f 920/920 917/917 919/919
f 917/917 920/920 921/921
f 919/919 922/922 920/920
f 923/923 920/920 922/922
f 920/920 923/923 924/924
f 922/922 925/925 923/923
f 926/926 923/923 925/925
f 923/923 926/926 927/927
f 928/928 926/926 925/925
f 926/926 928/928 929/929
f 925/925 930/930 928/928
f 931/931 928/928 930/930
f 928/928 931/931 932/932
f 930/930 933/933 931/931
f 934/934 931/931 933/933
f 931/931 934/934 935/935
f 933/933 936/936 934/934
f 937/937 934/934 936/936
f 934/934 937/937 938/938
f 936/936 939/939 937/937
f 940/940 937/937 939/939
f 937/937 940/940 941/941
f 939/939 942/942 940/940
f 943/943 940/940 942/942
f 940/940 943/943 944/944
f 942/942 945/945 943/943
f 946/946 943/943 945/945
f 943/943 946/946 947/947
f 945/945 948/948 946/946
f 948/948 945/945 949/949
f 950/950 946/946 948/948
f 946/946 950/950 951/951
f 949/949 952/952 948/948
f 952/952 949/949 953/953
f 948/948 954/954 950/950
f 954/954 948/948 952/952
f 955/955 950/950 954/954
f 950/950 955/955 956/956
f 953/953 957/957 952/952
f 957/957 953/953 958/958
f 952/952 959/959 954/954
f 959/959 952/952 957/957
f 954/954 960/960 955/955
f 960/960 954/954 959/959
f 961/961 955/955 960/960
f 955/955 961/961 962/962
f 958/958 963/963 957/957
f 963/963 958/958 964/964
f 957/957 965/965 959/959
f 965/965 957/957 963/963
f 959/959 966/966 960/960
f 966/966 959/959 965/965
f 960/960 967/967 961/961
f 967/967 960/960 966/966
f 968/968 961/961 967/967
f 961/961 968/968 969/969
f 966/966 970/970 967/967
f 965/965 971/971 966/966
f 970/970 966/966 971/971
f 971/971 965/965 972/972
f 963/963 972/972 965/965
f 967/967 973/973 968/968
f 973/973 967/967 970/970
f 974/974 968/968 973/973
f 968/968 974/974 975/975
f 972/972 963/963 976/976
f 964/964 976/976 963/963
f 976/976 964/964 977/977
f 977/977 978/978 976/976
f 978/978 977/977 979/979
f 976/976 980/980 972/972
f 980/980 976/976 978/978
f 981/981 972/972 980/980
f 972/972 981/981 971/971
f 979/979 982/982 978/978
f 982/982 979/979 983/983
f 978/978 984/984 980/980
f 984/984 978/978 982/982
f 980/980 985/985 981/981
f 985/985 980/980 984/984
f 986/986 971/971 981/981
f 971/971 986/986 970/970
f 987/987 981/981 985/985
f 981/981 987/987 986/986
f 984/984 988/988 985/985
f 989/989 970/970 986/986
f 970/970 989/989 973/973
f 990/990 986/986 987/987
f 986/986 990/990 989/989
f 985/985 991/991 987/987
f 991/991 985/985 988/988
f 987/987 992/992 990/990
f 992/992 987/987 991/991
f 993/993 973/973 989/989
f 973/973 993/993 974/974
f 994/994 989/989 990/990
f 989/989 994/994 993/993
f 995/995 990/990 992/992
f 990/990 995/995 994/994
f 996/996 974/974 993/993
f 974/974 996/996 997/997
f 998/998 993/993 994/994
f 993/993 998/998 996/996
f 999/999 996/996 998/998
f 996/996 999/999 1000/1000
f 998/998 1001/1001 999/999
f 994/994 1002/1002 998/998
f 1001/1001 998/998 1002/1002
f 1002/1002 994/994 995/995
f 1002/1002 1003/1003 1001/1001
f 1003/1003 1002/1002 1004/1004
f 995/995 1004/1004 1002/1002
f 1004/1004 1005/1005 1003/1003
f 1004/1004 995/995 1006/1006
f 992/992 1006/1006 995/995
f 1005/1005 1004/1004 1007/1007
f 1006/1006 1007/1007 1004/1004
f 1007/1007 1008/1008 1005/1005
f 1006/1006 992/992 1009/1009
f 991/991 1009/1009 992/992
f 1007/1007 1006/1006 1010/1010
f 1009/1009 1010/1010 1006/1006
f 1008/1008 1007/1007 1011/1011
f 1010/1010 1011/1011 1007/1007
f 1011/1011 1012/1012 1008/1008
f 1009/1009 991/991 1013/1013
f 988/988 1013/1013 991/991
f 1010/1010 1009/1009 1014/1014
f 1013/1013 1014/1014 1009/1009
f 1011/1011 1010/1010 1015/1015
f 1014/1014 1015/1015 1010/1010
f 1012/1012 1011/1011 1016/1016
f 1015/1015 1016/1016 1011/1011
f 1016/1016 1017/1017 1012/1012
f 1017/1017 1016/1016 1018/1018
f 1018/1018 1019/1019 1017/1017
f 1016/1016 1015/1015 1020/1020
f 1020/1020 1018/1018 1016/1016
f 1015/1015 1014/1014 1021/1021
f 1021/1021 1020/1020 1015/1015
f 1022/1022 1021/1021 1014/1014
f 1014/1014 1013/1013 1022/1022
f 1019/1019 1018/1018 1023/1023
f 1023/1023 1024/1024 1019/1019
f 1018/1018 1020/1020 1025/1025
f 1025/1025 1023/1023 1018/1018
f 1020/1020 1021/1021 1026/1026
f 1026/1026 1025/1025 1020/1020
f 1027/1027 1028/1028 1029/1029
f 1029/1029 1030/1030 1027/1027
f 1031/1031 1027/1027 1030/1030
f 1030/1030 1032/1032 1031/1031
f 1033/1033 1031/1031 1032/1032
f 1032/1032 1034/1034 1033/1033
f 1035/1035 1033/1033 1034/1034
f 1034/1034 1036/1036 1035/1035
f 1037/1037 1035/1035 1036/1036
f 1038/1038 1037/1037 1036/1036
f 1036/1036 1039/1039 1038/1038
f 1040/1040 1038/1038 1039/1039
f 1039/1039 1041/1041 1040/1040
f 1042/1042 1040/1040 1041/1041
f 1041/1041 1043/1043 1042/1042
f 1044/1044 1045/1045 1046/1046
f 1046/1046 1047/1047 1044/1044
f 1045/1045 1044/1044 1048/1048
f 1048/1048 1049/1049 1045/1045
f 1050/1050 1044/1044 1047/1047
f 1047/1047 1051/1051 1050/1050
f 1052/1052 1050/1050 1051/1051
f 1044/1044 1050/1050 1053/1053
f 1053/1053 1048/1048 1044/1044
f 1050/1050 1052/1052 1054/1054
f 1054/1054 1053/1053 1050/1050
f 1055/1055 1054/1054 1052/1052
f 1054/1054 1055/1055 1056/1056
f 1056/1056 1057/1057 1054/1054
f 1053/1053 1054/1054 1057/1057
f 1057/1057 1056/1056 1022/1022
f 1048/1048 1053/1053 1058/1058
f 1057/1057 1058/1058 1053/1053
f 1049/1049 1048/1048 1059/1059
f 1058/1058 1059/1059 1048/1048
f 1059/1059 983/983 1049/1049
f 983/983 1059/1059 982/982
f 1022/1022 1060/1060 1057/1057
f 1058/1058 1057/1057 1060/1060
f 1060/1060 1022/1022 1013/1013
f 1013/1013 988/988 1060/1060
f 1060/1060 1061/1061 1058/1058
f 1059/1059 1058/1058 1061/1061
f 1061/1061 1060/1060 988/988
f 1061/1061 982/982 1059/1059
f 988/988 984/984 1061/1061
f 982/982 1061/1061 984/984
f 1062/1062 1063/1063 1064/1064
f 1065/1065 1064/1064 1063/1063
f 1062/1062 1066/1066 1067/1067
f 1067/1067 1068/1068 1069/1069
f 1068/1068 1067/1067 1066/1066
f 1070/1070 1071/1071 1069/1069
f 1071/1071 1070/1070 1072/1072
f 1066/1066 1062/1062 1073/1073
f 1064/1064 1073/1073 1062/1062
f 1066/1066 1074/1074 1068/1068
f 1068/1068 1075/1075 1069/1069
f 1075/1075 1068/1068 1074/1074
f 1069/1069 1076/1076 1070/1070
f 1076/1076 1069/1069 1075/1075
f 1074/1074 1066/1066 820/820
f 1073/1073 820/820 1066/1066
f 1074/1074 1077/1077 1075/1075
f 1075/1075 1078/1078 1076/1076
f 1078/1078 1075/1075 1077/1077
f 1076/1076 1079/1079 1070/1070
f 1079/1079 1076/1076 1078/1078
f 1080/1080 1070/1070 1079/1079
f 1070/1070 1080/1080 1072/1072
f 1077/1077 1074/1074 816/816
f 820/820 816/816 1074/1074
f 1077/1077 811/811 1078/1078
f 1078/1078 1081/1081 1079/1079
f 1081/1081 1078/1078 811/811
f 811/811 1077/1077 812/812
f 816/816 812/812 1077/1077
f 811/811 805/805 1081/1081
f 1081/1081 1082/1082 1079/1079
f 1082/1082 1081/1081 805/805
f 1079/1079 1083/1083 1080/1080
f 1083/1083 1079/1079 1082/1082
f 1082/1082 1084/1084 1083/1083
f 1083/1083 1085/1085 1080/1080
f 1085/1085 1086/1086 1080/1080
f 1084/1084 1082/1082 801/801
f 805/805 801/801 1082/1082
f 801/801 800/800 1084/1084
f 1087/1087 1080/1080 1086/1086
f 1080/1080 1087/1087 1072/1072
f 1086/1086 1088/1088 1087/1087
f 1089/1089 1087/1087 1088/1088
f 1087/1087 1089/1089 1072/1072
f 1088/1088 1090/1090 1089/1089
f 1090/1090 1091/1091 1089/1089
f 1091/1091 1092/1092 1089/1089
f 1092/1092 1093/1093 1089/1089
f 1094/1094 1089/1089 1093/1093
f 1089/1089 1094/1094 1072/1072
f 1093/1093 1095/1095 1094/1094
f 1095/1095 1096/1096 1094/1094
f 1096/1096 1097/1097 1094/1094
f 1098/1098 1094/1094 1097/1097
f 1094/1094 1098/1098 1072/1072
f 1097/1097 1099/1099 1098/1098
f 1099/1099 1100/1100 1098/1098
f 1101/1101 1098/1098 1100/1100
f 1098/1098 1101/1101 1072/1072
f 1100/1100 1102/1102 1101/1101
f 1103/1103 1101/1101 1102/1102
f 1101/1101 1103/1103 1072/1072
f 1102/1102 1104/1104 1103/1103
f 1105/1105 1103/1103 1104/1104
f 1103/1103 1105/1105 1072/1072
f 1104/1104 1106/1106 1105/1105
f 1106/1106 1107/1107 1105/1105
f 1108/1108 1105/1105 1107/1107
f 1105/1105 1108/1108 1072/1072
f 1107/1107 1109/1109 1108/1108
f 1109/1109 1107/1107 1110/1110
f 1110/1110 1111/1111 1109/1109
f 1109/1109 1112/1112 1108/1108
f 1112/1112 1109/1109 1111/1111
f 1111/1111 1110/1110 1113/1113
f 1112/1112 1114/1114 1108/1108
f 1108/1108 1115/1115 1072/1072
f 1115/1115 1108/1108 1114/1114
f 1115/1115 1116/1116 1072/1072
f 1116/1116 1115/1115 1114/1114
f 1114/1114 1117/1117 1116/1116
f 1114/1114 1112/1112 1118/1118
f 1111/1111 1118/1118 1112/1112
f 1118/1118 1119/1119 1114/1114
f 1117/1117 1114/1114 1120/1120
f 1119/1119 1120/1120 1114/1114
f 1120/1120 1121/1121 1117/1117
f 1113/1113 1122/1122 1111/1111
f 1118/1118 1111/1111 1122/1122
f 1122/1122 1113/1113 1123/1123
f 1119/1119 1118/1118 1124/1124
f 1122/1122 1124/1124 1118/1118
f 1120/1120 1119/1119 1125/1125
f 1124/1124 1125/1125 1119/1119
f 1121/1121 1120/1120 1126/1126
f 1125/1125 1126/1126 1120/1120
f 1126/1126 1127/1127 1121/1121
f 1123/1123 1128/1128 1122/1122
f 1124/1124 1122/1122 1128/1128
f 1128/1128 1123/1123 1129/1129
f 1125/1125 1124/1124 1130/1130
f 1128/1128 1130/1130 1124/1124
f 1126/1126 1125/1125 1131/1131
f 1130/1130 1131/1131 1125/1125
f 1127/1127 1126/1126 1132/1132
f 1131/1131 1132/1132 1126/1126
f 1133/1133 1134/1134 1135/1135
f 1136/1136 1137/1137 1138/1138
f 1139/1139 1138/1138 1137/1137
f 1137/1137 1136/1136 1140/1140
f 1141/1141 1139/1139 1142/1142
f 1137/1137 1142/1142 1139/1139
f 1133/1133 1141/1141 1143/1143
f 1142/1142 1143/1143 1141/1141
f 1140/1140 1144/1144 1137/1137
f 1142/1142 1137/1137 1144/1144
f 1144/1144 1140/1140 1145/1145
f 1143/1143 1142/1142 1146/1146
f 1144/1144 1146/1146 1142/1142
f 1143/1143 1147/1147 1133/1133
f 1134/1134 1133/1133 1147/1147
f 1145/1145 1148/1148 1144/1144
f 1146/1146 1144/1144 1148/1148
f 1148/1148 1145/1145 1149/1149
f 1146/1146 1150/1150 1143/1143
f 1147/1147 1143/1143 1150/1150
f 1148/1148 1151/1151 1146/1146
f 1150/1150 1146/1146 1151/1151
f 1149/1149 1152/1152 1148/1148
f 1151/1151 1148/1148 1152/1152
f 1152/1152 1149/1149 1153/1153
f 1153/1153 1154/1154 1152/1152
f 1154/1154 1153/1153 1155/1155
f 1152/1152 1156/1156 1151/1151
f 1156/1156 1152/1152 1154/1154
f 1151/1151 1157/1157 1150/1150
f 1157/1157 1151/1151 1156/1156
f 1158/1158 1150/1150 1157/1157
f 1150/1150 1158/1158 1147/1147
f 1155/1155 1159/1159 1154/1154
f 1159/1159 1155/1155 1160/1160
f 1154/1154 1161/1161 1156/1156
f 1161/1161 1154/1154 1159/1159
f 1156/1156 1162/1162 1157/1157
f 1162/1162 1156/1156 1161/1161
f 1157/1157 1163/1163 1158/1158
f 1163/1163 1157/1157 1162/1162
f 1160/1160 1164/1164 1159/1159
f 1164/1164 1160/1160 1165/1165
f 1159/1159 1166/1166 1161/1161
f 1166/1166 1159/1159 1164/1164
f 1161/1161 1167/1167 1162/1162
f 1167/1167 1161/1161 1166/1166
f 1162/1162 1168/1168 1163/1163
f 1168/1168 1162/1162 1167/1167
f 1164/1164 1169/1169 1166/1166
f 1169/1169 1164/1164 1165/1165
f 1170/1170 1166/1166 1169/1169
f 1166/1166 1170/1170 1167/1167
f 1165/1165 1171/1171 1169/1169
f 1172/1172 1173/1173 1165/1165
f 1171/1171 1165/1165 1173/1173
f 1174/1174 1167/1167 1170/1170
f 1167/1167 1174/1174 1168/1168
f 1169/1169 1175/1175 1170/1170
f 1175/1175 1169/1169 1171/1171
f 1170/1170 1176/1176 1174/1174
f 1176/1176 1170/1170 1175/1175
f 1177/1177 1168/1168 1174/1174
f 1178/1178 1174/1174 1176/1176
f 1174/1174 1178/1178 1177/1177
f 1168/1168 1177/1177 1179/1179
f 1179/1179 1163/1163 1168/1168
f 1163/1163 1179/1179 1180/1180
f 1180/1180 1158/1158 1163/1163
f 1181/1181 1179/1179 1177/1177
f 1158/1158 1180/1180 1182/1182
f 1182/1182 1147/1147 1158/1158
f 1147/1147 1182/1182 1134/1134
f 1183/1183 1134/1134 1182/1182
f 1182/1182 1184/1184 1183/1183
f 1184/1184 1182/1182 1180/1180
f 1185/1185 1183/1183 1184/1184
f 1186/1186 1180/1180 1179/1179
f 1180/1180 1186/1186 1184/1184
f 1179/1179 1181/1181 1186/1186
f 1184/1184 1187/1187 1185/1185
f 1187/1187 1184/1184 1186/1186
f 1188/1188 1185/1185 1187/1187
f 1189/1189 1186/1186 1181/1181
f 1186/1186 1189/1189 1187/1187
f 1187/1187 1190/1190 1188/1188
f 1190/1190 1187/1187 1189/1189
f 1191/1191 1188/1188 1190/1190
f 1190/1190 1192/1192 1191/1191
f 1193/1193 1191/1191 1192/1192
f 1189/1189 1194/1194 1190/1190
f 1192/1192 1190/1190 1194/1194
f 1181/1181 1195/1195 1189/1189
f 1194/1194 1189/1189 1195/1195
f 1195/1195 1181/1181 1196/1196
f 1177/1177 1196/1196 1181/1181
f 1196/1196 1177/1177 1178/1178
f 1195/1195 1197/1197 1194/1194
f 1196/1196 1198/1198 1195/1195
f 1199/1199 1195/1195 1198/1198
f 1198/1198 1200/1200 1199/1199
f 1198/1198 1196/1196 1201/1201
f 1178/1178 1201/1201 1196/1196
f 1201/1201 1202/1202 1198/1198
f 1201/1201 1178/1178 1203/1203
f 1202/1202 1201/1201 1204/1204
f 1203/1203 1204/1204 1201/1201
f 1204/1204 1205/1205 1202/1202
f 1176/1176 1203/1203 1178/1178
f 1205/1205 1204/1204 1206/1206
f 1206/1206 1207/1207 1205/1205
f 1204/1204 1203/1203 1208/1208
f 1208/1208 1206/1206 1204/1204
f 1203/1203 1176/1176 1209/1209
f 1209/1209 1208/1208 1203/1203
f 1175/1175 1209/1209 1176/1176
f 1207/1207 1206/1206 1210/1210
f 1210/1210 1211/1211 1207/1207
f 1206/1206 1208/1208 1212/1212
f 1212/1212 1210/1210 1206/1206
f 1208/1208 1209/1209 1213/1213
f 1213/1213 1212/1212 1208/1208
f 1209/1209 1175/1175 1171/1171
f 1171/1171 1213/1213 1209/1209
f 1211/1211 1210/1210 1214/1214
f 1214/1214 1215/1215 1211/1211
f 1210/1210 1212/1212 1216/1216
f 1216/1216 1214/1214 1210/1210
f 1212/1212 1213/1213 1217/1217
f 1217/1217 1216/1216 1212/1212
f 1213/1213 1171/1171 1218/1218
f 1218/1218 1217/1217 1213/1213
f 1173/1173 1218/1218 1171/1171
f 1217/1217 1218/1218 1219/1219
f 1216/1216 1217/1217 1220/1220
f 1219/1219 1220/1220 1217/1217
f 1220/1220 1221/1221 1216/1216
f 1214/1214 1216/1216 1221/1221
f 1220/1220 1219/1219 1222/1222
f 1221/1221 1220/1220 1222/1222
f 1223/1223 1219/1219 1218/1218
f 1218/1218 1173/1173 1223/1223
f 1219/1219 1223/1223 1222/1222
f 1224/1224 1223/1223 1173/1173
f 1223/1223 1224/1224 1222/1222
f 1221/1221 1225/1225 1214/1214
f 1225/1225 1221/1221 1222/1222
f 1215/1215 1214/1214 1225/1225
f 1225/1225 1226/1226 1215/1215
f 1226/1226 1225/1225 1222/1222
f 1227/1227 1224/1224 1173/1173
f 1224/1224 1227/1227 1222/1222
f 1173/1173 1172/1172 1227/1227
f 1228/1228 1227/1227 1172/1172
f 1227/1227 1228/1228 1222/1222
f 1172/1172 1229/1229 1228/1228
f 1230/1230 1228/1228 1229/1229
f 1228/1228 1230/1230 1222/1222
f 1229/1229 1231/1231 1230/1230
f 1232/1232 1230/1230 1231/1231
f 1230/1230 1232/1232 1222/1222
f 1231/1231 1233/1233 1232/1232
f 1234/1234 1232/1232 1233/1233
f 1232/1232 1234/1234 1222/1222
f 1233/1233 1235/1235 1234/1234
f 1236/1236 1234/1234 1235/1235
f 1234/1234 1236/1236 1222/1222
f 1235/1235 1237/1237 1236/1236
f 1238/1238 1236/1236 1237/1237
f 1236/1236 1238/1238 1222/1222
f 1237/1237 1239/1239 1238/1238
f 1238/1238 1240/1240 1222/1222
f 1240/1240 1238/1238 1239/1239
f 1240/1240 1241/1241 1222/1222
f 1239/1239 1242/1242 1240/1240
f 1241/1241 1240/1240 1242/1242
f 1242/1242 1243/1243 1241/1241
f 1244/1244 1245/1245 1246/1246
f 1246/1246 1247/1247 1244/1244
f 1248/1248 1246/1246 1245/1245
f 1245/1245 1249/1249 1248/1248
f 1250/1250 1248/1248 1249/1249
f 1249/1249 1251/1251 1250/1250
f 1252/1252 1250/1250 1251/1251
f 1251/1251 1253/1253 1252/1252
f 1254/1254 1252/1252 1253/1253
f 1253/1253 1255/1255 1254/1254
f 1256/1256 1254/1254 1255/1255
f 1255/1255 1257/1257 1256/1256
f 1258/1258 1256/1256 1257/1257
f 1257/1257 1259/1259 1258/1258
f 1260/1260 1258/1258 1259/1259
f 1259/1259 1261/1261 1260/1260
f 1262/1262 1260/1260 1261/1261
f 1261/1261 1263/1263 1262/1262
f 1264/1264 1262/1262 1263/1263
f 1263/1263 1265/1265 1264/1264
f 1266/1266 1264/1264 1265/1265
f 1265/1265 1267/1267 1266/1266
f 1268/1268 1266/1266 1267/1267
f 1267/1267 1269/1269 1268/1268
f 1270/1270 1268/1268 1269/1269
f 1269/1269 1271/1271 1270/1270
f 1272/1272 1270/1270 1271/1271
f 1271/1271 1273/1273 1272/1272
f 1274/1274 1272/1272 1273/1273
f 1275/1275 1274/1274 1273/1273
f 1273/1273 1276/1276 1275/1275
f 1277/1277 42/42 40/40
f 40/40 1278/1278 1277/1277
f 43/43 42/42 1279/1279
f 1280/1280 1277/1277 1278/1278
f 1278/1278 1281/1281 1280/1280
f 42/42 1277/1277 1282/1282
f 1282/1282 1279/1279 42/42
f 1277/1277 1280/1280 1283/1283
f 1283/1283 1282/1282 1277/1277
f 1284/1284 1280/1280 1281/1281
f 1281/1281 1285/1285 1284/1284
f 1286/1286 1283/1283 1280/1280
f 1280/1280 1284/1284 1286/1286
f 1287/1287 1284/1284 1285/1285
f 1285/1285 1288/1288 1287/1287
f 1289/1289 1286/1286 1284/1284
f 1284/1284 1287/1287 1289/1289
f 1290/1290 1287/1287 1288/1288
f 1288/1288 1291/1291 1290/1290
f 1292/1292 1289/1289 1287/1287
f 1287/1287 1290/1290 1292/1292
f 1293/1293 1290/1290 1291/1291
f 1291/1291 1294/1294 1293/1293
f 1295/1295 1292/1292 1290/1290
f 1290/1290 1293/1293 1295/1295
f 1296/1296 1293/1293 1294/1294
f 1294/1294 1297/1297 1296/1296
f 1298/1298 1295/1295 1293/1293
f 1293/1293 1296/1296 1298/1298
f 1299/1299 1296/1296 1297/1297
f 1297/1297 1300/1300 1299/1299
f 1301/1301 1298/1298 1296/1296
f 1296/1296 1299/1299 1301/1301
f 1302/1302 1299/1299 1300/1300
f 1300/1300 1303/1303 1302/1302
f 1304/1304 1301/1301 1299/1299
f 1299/1299 1302/1302 1304/1304
f 1305/1305 1302/1302 1303/1303
f 1303/1303 1306/1306 1305/1305
f 1307/1307 1304/1304 1302/1302
f 1302/1302 1305/1305 1307/1307
f 1308/1308 1305/1305 1306/1306
f 1306/1306 1309/1309 1308/1308
f 1308/1308 1307/1307 1305/1305
f 1310/1310 1308/1308 1309/1309
f 1309/1309 1311/1311 1310/1310
f 1308/1308 1310/1310 1312/1312
f 1307/1307 1308/1308 1313/1313
f 1308/1308 1312/1312 1314/1314
f 1314/1314 1313/1313 1308/1308
f 1313/1313 1315/1315 1307/1307
f 1304/1304 1307/1307 1315/1315
f 1313/1313 1314/1314 1316/1316
f 1315/1315 1317/1317 1304/1304
f 1301/1301 1304/1304 1317/1317
f 1315/1315 1313/1313 1318/1318
f 1316/1316 1318/1318 1313/1313
f 1317/1317 1315/1315 1319/1319
f 1318/1318 1319/1319 1315/1315
f 1317/1317 1320/1320 1301/1301
f 1298/1298 1301/1301 1320/1320
f 1319/1319 1321/1321 1317/1317
f 1320/1320 1317/1317 1321/1321
f 1320/1320 1322/1322 1298/1298
f 1295/1295 1298/1298 1322/1322
f 1321/1321 1323/1323 1320/1320
f 1322/1322 1320/1320 1323/1323
f 1322/1322 1324/1324 1295/1295
f 1292/1292 1295/1295 1324/1324
f 1323/1323 1325/1325 1322/1322
f 1324/1324 1322/1322 1325/1325
f 1324/1324 1326/1326 1292/1292
f 1289/1289 1292/1292 1326/1326
f 1325/1325 1327/1327 1324/1324
f 1326/1326 1324/1324 1327/1327
f 1326/1326 1328/1328 1289/1289
f 1286/1286 1289/1289 1328/1328
f 1327/1327 1329/1329 1326/1326
f 1328/1328 1326/1326 1329/1329
f 1328/1328 1330/1330 1286/1286
f 1283/1283 1286/1286 1330/1330
f 1329/1329 1331/1331 1328/1328
f 1330/1330 1328/1328 1331/1331
f 1330/1330 1332/1332 1283/1283
f 1282/1282 1283/1283 1332/1332
f 1331/1331 1333/1333 1330/1330
f 1332/1332 1330/1330 1333/1333
f 1332/1332 1334/1334 1282/1282
f 1279/1279 1282/1282 1334/1334
f 1333/1333 1335/1335 1332/1332
f 1334/1334 1332/1332 1335/1335
f 1333/1333 1331/1331 1336/1336
f 1335/1335 1333/1333 490/490
f 1336/1336 490/490 1333/1333
f 1335/1335 1337/1337 1334/1334
f 1279/1279 1334/1334 1337/1337
f 490/490 485/485 1335/1335
f 1337/1337 1335/1335 485/485
f 1279/1279 1338/1338 43/43
f 7/7 43/43 1338/1338
f 1279/1279 1339/1339 1338/1338
f 7/7 1338/1338 1339/1339
f 1337/1337 480/480 1279/1279
f 1339/1339 1279/1279 480/480
f 7/7 1339/1339 479/479
f 480/480 479/479 1339/1339
f 7/7 479/479 482/482
f 480/480 1337/1337 483/483
f 485/485 483/483 1337/1337
f 102/102 100/100 1340/1340
f 1340/1340 107/107 102/102
f 107/107 1340/1340 1341/1341
f 1342/1342 1340/1340 100/100
f 100/100 98/98 1342/1342
f 1343/1343 1341/1341 1340/1340
f 1340/1340 1342/1342 1343/1343
f 1341/1341 1343/1343 1344/1344
f 1345/1345 1344/1344 1343/1343
f 1343/1343 1346/1346 1345/1345
f 1346/1346 1343/1343 1342/1342
f 1347/1347 1345/1345 1346/1346
f 1348/1348 1342/1342 98/98
f 1342/1342 1348/1348 1346/1346
f 98/98 96/96 1348/1348
f 1346/1346 1349/1349 1347/1347
f 1349/1349 1346/1346 1348/1348
f 1350/1350 1348/1348 96/96
f 1348/1348 1350/1350 1349/1349
f 96/96 94/94 1350/1350
f 1351/1351 1350/1350 94/94
f 94/94 92/92 1351/1351
f 1352/1352 1349/1349 1350/1350
f 1350/1350 1351/1351 1352/1352
f 1353/1353 1347/1347 1349/1349
f 1349/1349 1352/1352 1353/1353
f 1347/1347 1353/1353 1354/1354
f 1354/1354 1355/1355 1347/1347
f 1356/1356 1354/1354 1353/1353
f 1353/1353 1357/1357 1356/1356
f 1357/1357 1353/1353 1352/1352
f 1358/1358 1356/1356 1357/1357
f 1359/1359 1352/1352 1351/1351
f 1352/1352 1359/1359 1357/1357
f 1357/1357 1360/1360 1358/1358
f 1360/1360 1357/1357 1359/1359
f 1361/1361 1358/1358 1360/1360
f 1351/1351 1362/1362 1359/1359
f 1362/1362 1351/1351 92/92
f 92/92 90/90 1362/1362
f 1363/1363 1359/1359 1362/1362
f 1359/1359 1363/1363 1360/1360
f 1364/1364 1362/1362 90/90
f 1362/1362 1364/1364 1363/1363
f 90/90 89/89 1364/1364
f 1360/1360 1365/1365 1361/1361
f 1365/1365 1360/1360 1363/1363
f 1366/1366 1361/1361 1365/1365
f 1367/1367 1364/1364 89/89
f 1368/1368 1363/1363 1364/1364
f 1363/1363 1368/1368 1365/1365
f 1364/1364 1367/1367 1368/1368
f 89/89 87/87 1367/1367
f 1365/1365 1369/1369 1366/1366
f 1369/1369 1365/1365 1368/1368
f 1370/1370 1366/1366 1369/1369
f 1370/1370 1371/1371 1366/1366
f 1369/1369 1368/1368 1367/1367
f 1370/1370 1372/1372 1371/1371
f 1370/1370 1373/1373 1372/1372
f 1370/1370 1374/1374 1373/1373
f 1370/1370 1375/1375 1374/1374
f 1370/1370 1376/1376 1375/1375
f 1370/1370 1377/1377 1376/1376
f 1370/1370 1378/1378 1377/1377
f 1370/1370 1379/1379 1378/1378
f 1370/1370 1380/1380 1379/1379
f 1370/1370 1381/1381 1380/1380
f 1370/1370 1382/1382 1381/1381
f 1370/1370 1383/1383 1382/1382
f 1370/1370 1384/1384 1383/1383
f 1385/1385 1383/1383 1384/1384
f 1384/1384 1386/1386 1385/1385
f 1386/1386 1384/1384 1387/1387
f 1370/1370 1387/1387 1384/1384
f 1387/1387 1388/1388 1386/1386
f 1387/1387 1389/1389 1388/1388
f 1389/1389 1387/1387 1390/1390
f 1370/1370 1390/1390 1387/1387
f 1390/1390 1391/1391 1389/1389
f 1390/1390 1392/1392 1391/1391
f 1392/1392 1390/1390 1393/1393
f 1370/1370 1393/1393 1390/1390
f 1393/1393 1394/1394 1392/1392
f 1394/1394 1393/1393 1395/1395
f 1370/1370 1395/1395 1393/1393
f 1395/1395 1396/1396 1394/1394
f 1396/1396 1395/1395 1397/1397
f 1370/1370 1397/1397 1395/1395
f 1397/1397 1398/1398 1396/1396
f 1397/1397 82/82 1398/1398
f 82/82 1397/1397 1399/1399
f 1370/1370 1399/1399 1397/1397
f 1399/1399 81/81 82/82
f 1399/1399 83/83 81/81
f 83/83 1399/1399 1400/1400
f 1370/1370 1400/1400 1399/1399
f 1400/1400 85/85 83/83
f 1400/1400 87/87 85/85
f 1370/1370 1369/1369 1400/1400
f 1400/1400 1367/1367 87/87
f 1367/1367 1400/1400 1369/1369
f 1401/1401 1402/1402 1072/1072
f 1402/1402 1401/1401 1403/1403
f 1117/1117 1403/1403 1401/1401
f 1403/1403 1404/1404 1402/1402
f 1401/1401 1116/1116 1117/1117
f 1116/1116 1401/1401 1072/1072
f 1403/1403 1117/1117 1121/1121
f 1121/1121 1405/1405 1403/1403
f 1405/1405 1406/1406 1403/1403
f 1404/1404 1403/1403 1406/1406
f 1405/1405 1121/1121 1127/1127
f 1406/1406 1405/1405 1407/1407
f 1127/1127 1407/1407 1405/1405
f 1406/1406 1408/1408 1404/1404
f 1404/1404 1409/1409 1402/1402
f 1409/1409 1404/1404 1408/1408
f 1410/1410 1402/1402 1409/1409
f 1402/1402 1410/1410 1072/1072
f 1407/1407 1411/1411 1406/1406
f 1408/1408 1406/1406 1411/1411
f 1407/1407 1127/1127 1412/1412
f 1408/1408 1413/1413 1409/1409
f 1411/1411 1407/1407 1414/1414
f 1412/1412 1414/1414 1407/1407
f 1411/1411 1063/1063 1408/1408
f 1413/1413 1408/1408 1063/1063
f 1414/1414 1065/1065 1411/1411
f 1063/1063 1411/1411 1065/1065
f 1063/1063 1062/1062 1413/1413
f 1415/1415 1410/1410 1409/1409
f 1410/1410 1415/1415 1072/1072
f 1413/1413 1067/1067 1409/1409
f 1067/1067 1413/1413 1062/1062
f 1409/1409 1069/1069 1415/1415
f 1069/1069 1409/1409 1067/1067
f 1071/1071 1415/1415 1069/1069
f 1415/1415 1071/1071 1072/1072
f 1416/1416 1417/1417 1418/1418
f 1418/1418 1419/1419 1416/1416
f 1420/1420 1416/1416 1419/1419
f 1419/1419 1421/1421 1420/1420
f 1422/1422 1420/1420 1421/1421
f 1421/1421 1423/1423 1422/1422
f 1424/1424 1422/1422 1423/1423
f 1423/1423 1425/1425 1424/1424
f 1426/1426 1424/1424 1425/1425
f 1425/1425 1427/1427 1426/1426
f 1428/1428 1426/1426 1427/1427
f 1427/1427 1429/1429 1428/1428
f 1430/1430 1428/1428 1429/1429
f 1429/1429 1431/1431 1430/1430
f 1432/1432 1430/1430 1431/1431
f 1431/1431 1433/1433 1432/1432
f 1434/1434 1435/1435 1436/1436
f 1436/1436 1437/1437 1434/1434
f 1438/1438 1436/1436 1435/1435
f 1435/1435 1439/1439 1438/1438
f 1440/1440 1438/1438 1439/1439
f 1439/1439 1441/1441 1440/1440
f 1442/1442 1440/1440 1441/1441
f 1441/1441 1443/1443 1442/1442
f 1444/1444 1442/1442 1443/1443
f 1443/1443 1445/1445 1444/1444
f 1446/1446 1444/1444 1445/1445
f 1445/1445 1447/1447 1446/1446
f 1448/1448 1446/1446 1447/1447
f 1447/1447 1449/1449 1448/1448
f 1450/1450 1448/1448 1449/1449
f 1449/1449 1451/1451 1450/1450
f 1452/1452 1450/1450 1451/1451
f 1451/1451 1453/1453 1452/1452
f 1454/1454 1452/1452 1453/1453
f 1453/1453 1455/1455 1454/1454
f 1456/1456 1454/1454 1455/1455
f 1455/1455 1457/1457 1456/1456
f 1458/1458 1456/1456 1457/1457
f 1457/1457 1459/1459 1458/1458
f 1460/1460 1458/1458 1459/1459
f 1459/1459 1461/1461 1460/1460
f 1462/1462 1460/1460 1461/1461
f 1461/1461 1463/1463 1462/1462
f 1464/1464 1462/1462 1463/1463
f 1463/1463 1465/1465 1464/1464
f 1466/1466 1464/1464 1465/1465
f 1465/1465 1467/1467 1466/1466
f 1468/1468 1469/1469 1470/1470
f 1470/1470 1471/1471 1468/1468
f 1472/1472 1468/1468 1471/1471
f 1471/1471 1473/1473 1472/1472
f 1474/1474 1472/1472 1473/1473
f 1473/1473 1475/1475 1474/1474
f 1476/1476 1474/1474 1475/1475
f 1475/1475 1477/1477 1476/1476
f 1477/1477 1478/1478 1476/1476
f 1479/1479 1476/1476 1478/1478
f 1478/1478 1480/1480 1479/1479
f 1481/1481 1479/1479 1480/1480
f 1480/1480 1482/1482 1481/1481
f 1483/1483 1481/1481 1482/1482
f 1482/1482 1484/1484 1483/1483
f 1485/1485 1483/1483 1484/1484
f 1484/1484 1486/1486 1485/1485
f 1486/1486 1487/1487 1485/1485
f 1488/1488 1485/1485 1487/1487
f 1487/1487 1489/1489 1488/1488
f 1490/1490 1488/1488 1489/1489
f 1489/1489 1491/1491 1490/1490
f 1492/1492 1490/1490 1491/1491
f 1491/1491 1493/1493 1492/1492
f 1494/1494 1492/1492 1493/1493
f 1493/1493 1495/1495 1494/1494
f 1496/1496 1494/1494 1495/1495
f 1495/1495 1497/1497 1496/1496
f 1498/1498 1496/1496 1497/1497
f 1497/1497 1499/1499 1498/1498
f 1500/1500 1501/1501 1502/1502
f 1502/1502 1503/1503 1500/1500
f 1504/1504 1505/1505 1506/1506
f 1506/1506 1507/1507 1504/1504
f 1508/1508 1509/1509 1505/1505
f 1505/1505 1504/1504 1508/1508
f 1510/1510 1503/1503 1509/1509
f 1509/1509 1508/1508 1510/1510
f 1511/1511 1500/1500 1503/1503
f 1503/1503 1510/1510 1511/1511
f 1512/1512 1504/1504 1507/1507
f 1507/1507 1513/1513 1512/1512
f 1514/1514 1508/1508 1504/1504
f 1504/1504 1512/1512 1514/1514
f 1514/1514 1510/1510 1508/1508
f 1515/1515 1511/1511 1510/1510
f 1510/1510 1514/1514 1515/1515
f 1516/1516 1512/1512 1513/1513
f 1516/1516 1514/1514 1512/1512
f 1514/1514 1516/1516 1517/1517
f 1517/1517 1515/1515 1514/1514
f 1516/1516 1518/1518 1519/1519
f 1520/1520 1519/1519 1518/1518
f 1516/1516 1519/1519 1521/1521
f 1522/1522 1521/1521 1519/1519
f 1516/1516 1521/1521 1523/1523
f 1523/1523 1517/1517 1516/1516
f 1524/1524 1523/1523 1521/1521
f 1517/1517 1523/1523 1525/1525
f 1526/1526 1525/1525 1523/1523
f 1517/1517 1525/1525 1527/1527
f 1528/1528 1527/1527 1525/1525
f 1527/1527 1529/1529 1517/1517
f 1515/1515 1517/1517 1529/1529
f 1529/1529 1527/1527 1530/1530
f 1531/1531 1530/1530 1527/1527
f 1529/1529 1532/1532 1515/1515
f 1511/1511 1515/1515 1532/1532
f 1530/1530 1533/1533 1529/1529
f 1532/1532 1529/1529 1533/1533
f 1533/1533 1530/1530 131/131
f 1534/1534 131/131 1530/1530
f 1533/1533 1535/1535 1532/1532
f 1532/1532 1536/1536 1511/1511
f 1536/1536 1532/1532 1535/1535
f 1500/1500 1511/1511 1536/1536
f 1535/1535 1533/1533 130/130
f 131/131 130/130 1533/1533
f 1536/1536 1537/1537 1500/1500
f 1501/1501 1500/1500 1537/1537
f 1535/1535 143/143 1536/1536
f 1537/1537 1536/1536 143/143
f 130/130 135/135 1535/1535
f 143/143 1535/1535 135/135
f 1538/1538 1539/1539 217/217
f 1540/1540 217/217 1539/1539
f 1540/1540 1541/1541 1542/1542
f 217/217 1540/1540 216/216
f 1543/1543 1542/1542 1541/1541
f 1541/1541 1544/1544 1543/1543
f 1540/1540 1542/1542 219/219
f 219/219 216/216 1540/1540
f 1542/1542 1543/1543 221/221
f 221/221 219/219 1542/1542
f 1545/1545 1543/1543 1544/1544
f 1544/1544 1546/1546 1545/1545
f 223/223 221/221 1543/1543
f 1543/1543 1545/1545 223/223
f 1547/1547 1545/1545 1546/1546
f 1546/1546 1548/1548 1547/1547
f 227/227 223/223 1545/1545
f 1545/1545 1547/1547 227/227
f 1549/1549 1547/1547 1548/1548
f 1548/1548 1550/1550 1549/1549
f 249/249 227/227 1547/1547
f 1547/1547 1549/1549 249/249
f 1551/1551 1549/1549 1550/1550
f 1550/1550 1552/1552 1551/1551
f 252/252 249/249 1549/1549
f 1549/1549 1551/1551 252/252
f 1553/1553 1551/1551 1552/1552
f 1552/1552 1554/1554 1553/1553
f 256/256 252/252 1551/1551
f 1551/1551 1553/1553 256/256
f 1555/1555 1553/1553 1554/1554
f 1554/1554 1556/1556 1555/1555
f 261/261 256/256 1553/1553
f 1553/1553 1555/1555 261/261
f 1557/1557 1555/1555 1556/1556
f 1556/1556 1558/1558 1557/1557
f 1559/1559 261/261 1555/1555
f 1555/1555 1557/1557 1559/1559
f 1560/1560 1557/1557 1558/1558
f 1558/1558 1561/1561 1560/1560
f 1562/1562 1559/1559 1557/1557
f 1557/1557 1560/1560 1562/1562
f 1563/1563 1560/1560 1561/1561
f 1561/1561 1564/1564 1563/1563
f 1565/1565 1562/1562 1560/1560
f 1560/1560 1563/1563 1565/1565
f 1566/1566 1567/1567 1568/1568
f 1568/1568 1569/1569 1566/1566
f 1570/1570 1567/1567 1571/1571
f 1572/1572 1566/1566 1569/1569
f 1569/1569 1573/1573 1572/1572
f 1567/1567 1566/1566 1574/1574
f 1574/1574 1571/1571 1567/1567
f 1566/1566 1572/1572 1575/1575
f 1575/1575 1574/1574 1566/1566
f 1576/1576 1572/1572 1573/1573
f 1573/1573 1577/1577 1576/1576
f 1578/1578 1575/1575 1572/1572
f 1572/1572 1576/1576 1578/1578
f 1579/1579 1576/1576 1577/1577
f 1577/1577 1580/1580 1579/1579
f 1581/1581 1578/1578 1576/1576
f 1576/1576 1579/1579 1581/1581
f 1582/1582 1579/1579 1580/1580
f 1580/1580 1583/1583 1582/1582
f 1584/1584 1581/1581 1579/1579
f 1579/1579 1582/1582 1584/1584
f 1585/1585 1582/1582 1583/1583
f 1583/1583 1586/1586 1585/1585
f 1587/1587 1584/1584 1582/1582
f 1582/1582 1585/1585 1587/1587
f 1588/1588 1585/1585 1586/1586
f 1586/1586 1589/1589 1588/1588
f 1590/1590 1587/1587 1585/1585
f 1585/1585 1588/1588 1590/1590
f 1591/1591 1588/1588 1589/1589
f 1589/1589 1592/1592 1591/1591
f 1593/1593 1590/1590 1588/1588
f 1588/1588 1591/1591 1593/1593
f 1594/1594 1591/1591 1592/1592
f 1592/1592 1595/1595 1594/1594
f 1596/1596 1593/1593 1591/1591
f 1591/1591 1594/1594 1596/1596
f 1597/1597 1594/1594 1595/1595
f 1595/1595 1598/1598 1597/1597
f 1599/1599 1596/1596 1594/1594
f 1594/1594 1597/1597 1599/1599
f 1600/1600 1597/1597 1598/1598
f 1598/1598 1601/1601 1600/1600
f 1602/1602 1599/1599 1597/1597
f 1597/1597 1600/1600 1602/1602
f 457/457 1600/1600 1601/1601
f 1601/1601 456/456 457/457
f 459/459 1602/1602 1600/1600
f 1600/1600 457/457 459/459
f 1599/1599 1602/1602 1603/1603
f 1602/1602 459/459 460/460
f 460/460 1603/1603 1602/1602
f 1603/1603 1604/1604 1599/1599
f 1596/1596 1599/1599 1604/1604
f 1603/1603 460/460 432/432
f 1604/1604 1605/1605 1596/1596
f 1593/1593 1596/1596 1605/1605
f 1604/1604 1603/1603 427/427
f 432/432 427/427 1603/1603
f 1605/1605 1604/1604 424/424
f 427/427 424/424 1604/1604
f 1605/1605 1606/1606 1593/1593
f 1590/1590 1593/1593 1606/1606
f 424/424 412/412 1605/1605
f 1606/1606 1605/1605 412/412
f 1606/1606 1607/1607 1590/1590
f 1587/1587 1590/1590 1607/1607
f 412/412 410/410 1606/1606
f 1607/1607 1606/1606 410/410
f 1607/1607 1608/1608 1587/1587
f 1584/1584 1587/1587 1608/1608
f 410/410 407/407 1607/1607
f 1608/1608 1607/1607 407/407
f 1608/1608 1609/1609 1584/1584
f 1581/1581 1584/1584 1609/1609
f 407/407 400/400 1608/1608
f 1609/1609 1608/1608 400/400
f 1609/1609 1610/1610 1581/1581
f 1578/1578 1581/1581 1610/1610
f 400/400 395/395 1609/1609
f 1610/1610 1609/1609 395/395
f 1610/1610 1611/1611 1578/1578
f 1575/1575 1578/1578 1611/1611
f 395/395 394/394 1610/1610
f 1611/1611 1610/1610 394/394
f 1611/1611 1612/1612 1575/1575
f 1574/1574 1575/1575 1612/1612
f 394/394 1613/1613 1611/1611
f 1612/1612 1611/1611 1613/1613
f 1612/1612 1614/1614 1574/1574
f 1571/1571 1574/1574 1614/1614
f 1613/1613 1615/1615 1612/1612
f 1614/1614 1612/1612 1615/1615
f 1613/1613 394/394 397/397
f 1614/1614 1616/1616 1571/1571
f 1615/1615 1613/1613 1617/1617
f 397/397 1617/1617 1613/1613
f 1615/1615 1618/1618 1614/1614
f 1616/1616 1614/1614 1618/1618
f 1617/1617 1619/1619 1615/1615
f 1618/1618 1615/1615 1619/1619
f 1620/1620 1571/1571 1616/1616
f 1571/1571 1620/1620 1570/1570
f 1621/1621 1570/1570 1620/1620
f 1618/1618 1622/1622 1616/1616
f 1620/1620 1616/1616 1622/1622
f 1621/1621 1620/1620 1623/1623
f 1622/1622 1618/1618 1624/1624
f 1619/1619 1624/1624 1618/1618
f 1625/1625 1626/1626 1627/1627
f 1627/1627 1628/1628 1625/1625
f 1626/1626 1629/1629 1630/1630
f 1630/1630 1627/1627 1626/1626
f 1628/1628 1627/1627 1631/1631
f 1631/1631 1632/1632 1628/1628
f 1632/1632 1631/1631 1633/1633
f 1634/1634 1631/1631 1627/1627
f 1627/1627 1630/1630 1634/1634
f 1631/1631 1634/1634 1635/1635
f 1636/1636 1634/1634 1630/1630
f 1634/1634 1636/1636 1637/1637
f 1630/1630 1638/1638 1636/1636
f 1638/1638 1630/1630 1629/1629
f 1639/1639 1636/1636 1638/1638
f 1636/1636 1639/1639 1640/1640
f 1629/1629 1641/1641 1638/1638
f 1641/1641 1629/1629 1642/1642
f 1643/1643 1639/1639 1638/1638
f 1639/1639 1643/1643 1644/1644
f 1642/1642 1645/1645 1641/1641
f 1645/1645 1642/1642 1646/1646
f 1641/1641 1647/1647 1638/1638
f 1647/1647 1641/1641 1645/1645
f 1638/1638 1648/1648 1643/1643
f 1648/1648 1638/1638 1647/1647
f 1649/1649 1643/1643 1648/1648
f 1643/1643 1649/1649 1650/1650
f 1646/1646 873/873 1645/1645
f 873/873 1646/1646 875/875
f 1645/1645 1651/1651 1647/1647
f 1651/1651 1645/1645 873/873
f 1647/1647 1652/1652 1648/1648
f 1652/1652 1647/1647 1651/1651
f 1648/1648 1653/1653 1649/1649
f 1653/1653 1648/1648 1652/1652
f 869/869 1649/1649 1653/1653
f 1649/1649 869/869 1654/1654
f 1652/1652 887/887 1653/1653
f 1651/1651 881/881 1652/1652
f 887/887 1652/1652 881/881
f 881/881 1651/1651 872/872
f 873/873 872/872 1651/1651
f 1653/1653 870/870 869/869
f 870/870 1653/1653 887/887
f 1655/1655 1656/1656 1657/1657
f 1657/1657 713/713 1655/1655
f 713/713 1657/1657 716/716
f 1658/1658 1657/1657 1656/1656
f 1656/1656 1659/1659 1658/1658
f 1660/1660 716/716 1657/1657
f 1657/1657 1658/1658 1660/1660
f 716/716 1660/1660 717/717
f 719/719 717/717 1660/1660
f 1660/1660 1661/1661 719/719
f 1661/1661 1660/1660 1658/1658
f 1662/1662 719/719 1661/1661
f 1663/1663 1658/1658 1659/1659
f 1658/1658 1663/1663 1661/1661
f 1659/1659 1664/1664 1663/1663
f 1661/1661 1665/1665 1662/1662
f 1665/1665 1661/1661 1663/1663
f 1666/1666 1663/1663 1664/1664
f 1663/1663 1666/1666 1665/1665
f 1664/1664 1667/1667 1666/1666
f 1668/1668 1666/1666 1667/1667
f 1667/1667 1669/1669 1668/1668
f 1670/1670 1665/1665 1666/1666
f 1666/1666 1668/1668 1670/1670
f 1671/1671 1662/1662 1665/1665
f 1665/1665 1670/1670 1671/1671
f 1662/1662 1671/1671 1672/1672
f 1672/1672 1673/1673 1662/1662
f 1674/1674 1672/1672 1671/1671
f 1671/1671 1675/1675 1674/1674
f 1675/1675 1671/1671 1670/1670
f 1676/1676 1674/1674 1675/1675
f 1677/1677 1670/1670 1668/1668
f 1670/1670 1677/1677 1675/1675
f 1675/1675 1678/1678 1676/1676
f 1678/1678 1675/1675 1677/1677
f 1679/1679 1676/1676 1678/1678
f 1668/1668 1680/1680 1677/1677
f 1680/1680 1668/1668 1669/1669
f 1669/1669 1681/1681 1680/1680
f 1682/1682 1677/1677 1680/1680
f 1677/1677 1682/1682 1678/1678
f 1683/1683 1680/1680 1681/1681
f 1680/1680 1683/1683 1682/1682
f 1681/1681 1684/1684 1683/1683
f 1678/1678 1685/1685 1679/1679
f 1685/1685 1678/1678 1682/1682
f 1686/1686 1679/1679 1685/1685
f 1687/1687 1683/1683 1684/1684
f 1685/1685 1682/1682 1683/1683
f 1683/1683 1687/1687 1685/1685
f 1688/1688 1689/1689 1686/1686
f 1686/1686 1685/1685 1687/1687
f 1688/1688 1690/1690 1689/1689
f 1688/1688 1691/1691 1690/1690
f 1688/1688 1692/1692 1691/1691
f 1688/1688 1693/1693 1692/1692
f 1688/1688 1694/1694 1693/1693
f 1688/1688 1695/1695 1694/1694
f 1688/1688 1696/1696 1695/1695
f 1688/1688 1697/1697 1696/1696
f 1688/1688 1698/1698 1697/1697
f 1688/1688 1699/1699 1698/1698
f 1699/1699 1700/1700 1701/1701
f 1700/1700 1699/1699 1702/1702
f 1688/1688 1702/1702 1699/1699
f 1702/1702 1703/1703 1700/1700
f 1703/1703 1702/1702 1704/1704
f 1688/1688 1704/1704 1702/1702
f 1704/1704 1705/1705 1703/1703
f 1704/1704 1706/1706 1705/1705
f 1704/1704 1707/1707 1706/1706
f 1704/1704 1708/1708 1707/1707
f 1708/1708 1704/1704 1709/1709
f 1688/1688 1709/1709 1704/1704
f 1709/1709 1710/1710 1708/1708
f 1710/1710 1709/1709 1711/1711
f 1688/1688 1711/1711 1709/1709
f 1711/1711 1712/1712 1710/1710
f 1711/1711 1713/1713 1712/1712
f 1713/1713 1711/1711 1714/1714
f 1688/1688 1714/1714 1711/1711
f 1714/1714 1715/1715 1713/1713
f 1714/1714 1716/1716 1715/1715
f 1716/1716 1714/1714 1717/1717
f 1688/1688 1717/1717 1714/1714
f 1717/1717 1718/1718 1716/1716
f 1718/1718 1717/1717 1719/1719
f 1688/1688 1719/1719 1717/1717
f 1719/1719 1687/1687 1718/1718
f 1688/1688 1686/1686 1719/1719
f 1687/1687 1719/1719 1686/1686
f 1720/1720 1721/1721 1722/1722
f 1723/1723 1724/1724 1725/1725
f 1724/1724 1723/1723 1726/1726
f 1725/1725 1727/1727 1722/1722
f 1727/1727 1725/1725 1724/1724
f 1722/1722 1728/1728 1720/1720
f 1728/1728 1722/1722 1727/1727
f 1729/1729 1720/1720 1728/1728
f 1726/1726 1730/1730 1724/1724
f 1730/1730 1726/1726 1731/1731
f 1724/1724 1732/1732 1727/1727
f 1732/1732 1724/1724 1730/1730
f 1727/1727 1733/1733 1728/1728
f 1733/1733 1727/1727 1732/1732
f 1728/1728 1734/1734 1729/1729
f 1734/1734 1728/1728 1733/1733
f 1735/1735 1729/1729 1734/1734
f 1731/1731 1736/1736 1730/1730
f 1736/1736 1731/1731 1737/1737
f 1730/1730 1738/1738 1732/1732
f 1738/1738 1730/1730 1736/1736
f 1734/1734 1739/1739 1735/1735
f 1740/1740 1735/1735 1739/1739
f 1739/1739 1734/1734 1741/1741
f 1733/1733 1741/1741 1734/1734
f 1739/1739 1742/1742 1740/1740
f 1732/1732 1743/1743 1733/1733
f 1743/1743 1732/1732 1738/1738
f 1741/1741 1733/1733 1743/1743
f 1744/1744 1740/1740 1742/1742
f 1741/1741 1745/1745 1739/1739
f 1742/1742 1739/1739 1745/1745
f 1743/1743 1746/1746 1741/1741
f 1745/1745 1741/1741 1746/1746
f 1746/1746 1743/1743 1747/1747
f 1738/1738 1747/1747 1743/1743
f 1742/1742 1748/1748 1744/1744
f 1749/1749 1744/1744 1748/1748
f 1745/1745 1750/1750 1742/1742
f 1748/1748 1742/1742 1750/1750
f 1746/1746 1751/1751 1745/1745
f 1750/1750 1745/1745 1751/1751
f 1747/1747 1752/1752 1746/1746
f 1751/1751 1746/1746 1752/1752
f 1748/1748 1753/1753 1749/1749
f 1750/1750 1754/1754 1748/1748
f 1753/1753 1748/1748 1754/1754
f 1755/1755 1749/1749 1753/1753
f 1754/1754 1750/1750 1756/1756
f 1751/1751 1756/1756 1750/1750
f 1754/1754 1757/1757 1753/1753
f 1756/1756 1751/1751 1758/1758
f 1752/1752 1758/1758 1751/1751
f 1756/1756 1759/1759 1754/1754
f 1757/1757 1754/1754 1759/1759
f 1758/1758 1760/1760 1756/1756
f 1759/1759 1756/1756 1760/1760
f 1761/1761 1753/1753 1757/1757
f 1753/1753 1761/1761 1755/1755
f 1762/1762 1755/1755 1761/1761
f 1755/1755 1762/1762 1763/1763
f 1763/1763 1764/1764 1755/1755
f 1761/1761 1765/1765 1762/1762
f 1763/1763 1766/1766 1764/1764
f 1763/1763 1767/1767 1766/1766
f 1767/1767 1763/1763 1768/1768
f 1768/1768 1769/1769 1767/1767
f 1768/1768 1770/1770 1769/1769
f 1770/1770 1768/1768 1771/1771
f 1771/1771 1772/1772 1770/1770
f 1771/1771 1773/1773 1772/1772
f 1765/1765 1761/1761 1774/1774
f 1757/1757 1774/1774 1761/1761
f 1774/1774 1757/1757 1775/1775
f 1765/1765 1774/1774 1776/1776
f 1775/1775 1776/1776 1774/1774
f 1776/1776 1777/1777 1765/1765
f 1759/1759 1775/1775 1757/1757
f 1777/1777 1776/1776 1778/1778
f 1778/1778 1779/1779 1777/1777
f 1776/1776 1775/1775 1780/1780
f 1780/1780 1778/1778 1776/1776
f 1775/1775 1759/1759 1781/1781
f 1781/1781 1780/1780 1775/1775
f 1760/1760 1781/1781 1759/1759
f 1779/1779 1778/1778 1782/1782
f 1778/1778 1780/1780 1783/1783
f 1783/1783 1782/1782 1778/1778
f 1780/1780 1781/1781 1784/1784
f 1784/1784 1783/1783 1780/1780
f 1781/1781 1760/1760 1785/1785
f 1785/1785 1784/1784 1781/1781
f 1786/1786 1785/1785 1760/1760
f 1760/1760 1758/1758 1786/1786
f 1784/1784 1785/1785 1787/1787
f 1783/1783 1784/1784 1788/1788
f 1787/1787 1788/1788 1784/1784
f 1788/1788 1789/1789 1783/1783
f 1782/1782 1783/1783 1789/1789
f 1790/1790 1786/1786 1758/1758
f 1758/1758 1752/1752 1790/1790
f 1785/1785 1786/1786 1791/1791
f 1791/1791 1787/1787 1785/1785
f 1786/1786 1790/1790 1792/1792
f 1792/1792 1791/1791 1786/1786
f 1793/1793 1790/1790 1752/1752
f 1752/1752 1747/1747 1793/1793
f 1794/1794 1792/1792 1790/1790
f 1790/1790 1793/1793 1794/1794
f 1795/1795 1793/1793 1747/1747
f 1747/1747 1738/1738 1795/1795
f 1736/1736 1795/1795 1738/1738
f 1793/1793 1795/1795 1796/1796
f 1796/1796 1794/1794 1793/1793
f 1795/1795 1736/1736 1797/1797
f 1797/1797 1796/1796 1795/1795
f 1737/1737 1797/1797 1736/1736
f 1797/1797 1737/1737 1798/1798
f 1798/1798 1799/1799 1797/1797
f 1796/1796 1797/1797 1799/1799
f 1799/1799 1798/1798 1800/1800
f 1794/1794 1796/1796 1801/1801
f 1799/1799 1801/1801 1796/1796
f 1800/1800 1802/1802 1799/1799
f 1801/1801 1799/1799 1802/1802
f 1802/1802 1800/1800 1803/1803
f 1801/1801 1804/1804 1794/1794
f 1792/1792 1794/1794 1804/1804
f 1802/1802 1805/1805 1801/1801
f 1804/1804 1801/1801 1805/1805
f 1803/1803 1806/1806 1802/1802
f 1805/1805 1802/1802 1806/1806
f 1806/1806 1803/1803 1807/1807
f 1804/1804 1808/1808 1792/1792
f 1791/1791 1792/1792 1808/1808
f 1805/1805 1809/1809 1804/1804
f 1808/1808 1804/1804 1809/1809
f 1806/1806 1810/1810 1805/1805
f 1809/1809 1805/1805 1810/1810
f 1807/1807 1811/1811 1806/1806
f 1810/1810 1806/1806 1811/1811
f 1811/1811 1807/1807 1617/1617
f 1617/1617 397/397 1811/1811
f 1809/1809 1812/1812 1808/1808
f 1808/1808 1813/1813 1791/1791
f 1813/1813 1808/1808 1812/1812
f 1787/1787 1791/1791 1813/1813
f 398/398 1811/1811 397/397
f 1811/1811 398/398 1810/1810
f 1810/1810 402/402 1809/1809
f 402/402 1810/1810 398/398
f 1814/1814 1809/1809 402/402
f 402/402 403/403 1814/1814
f 1813/1813 1815/1815 1787/1787
f 1788/1788 1787/1787 1815/1815
f 1812/1812 1816/1816 1813/1813
f 1815/1815 1813/1813 1816/1816
f 1816/1816 1812/1812 1817/1817
f 1817/1817 1818/1818 1816/1816
f 1816/1816 1819/1819 1815/1815
f 1815/1815 1820/1820 1788/1788
f 1820/1820 1815/1815 1819/1819
f 1789/1789 1788/1788 1820/1820
f 1819/1819 1821/1821 1820/1820
f 1822/1822 1820/1820 1821/1821
f 1820/1820 1822/1822 1789/1789
f 1821/1821 1823/1823 1822/1822
f 1824/1824 1789/1789 1822/1822
f 1789/1789 1824/1824 1782/1782
f 1779/1779 1782/1782 1824/1824
f 1824/1824 1825/1825 1779/1779
f 1822/1822 1826/1826 1824/1824
f 1825/1825 1824/1824 1826/1826
f 1826/1826 1822/1822 1823/1823
f 1823/1823 1827/1827 1826/1826
f 1825/1825 1826/1826 1827/1827
f 1827/1827 1828/1828 1825/1825
f 1829/1829 1830/1830 1831/1831
f 1831/1831 1832/1832 1829/1829
f 1833/1833 1829/1829 1832/1832
f 1832/1832 1834/1834 1833/1833
f 1835/1835 1833/1833 1834/1834
f 1834/1834 1836/1836 1835/1835
f 1837/1837 1835/1835 1836/1836
f 1838/1838 1837/1837 1836/1836
f 1836/1836 1839/1839 1838/1838
f 1840/1840 1838/1838 1839/1839
f 1841/1841 1840/1840 1839/1839
f 1839/1839 1842/1842 1841/1841
f 1843/1843 1841/1841 1842/1842
f 1842/1842 1844/1844 1843/1843
f 1845/1845 1846/1846 1847/1847
f 1847/1847 1848/1848 1845/1845
f 1849/1849 1847/1847 1846/1846
f 1846/1846 1850/1850 1849/1849
f 1851/1851 1849/1849 1850/1850
f 1850/1850 1852/1852 1851/1851
f 1853/1853 1851/1851 1852/1852
f 1852/1852 1854/1854 1853/1853
f 1855/1855 1853/1853 1854/1854
f 1854/1854 1856/1856 1855/1855
f 1857/1857 1855/1855 1856/1856
f 1856/1856 1858/1858 1857/1857
f 1859/1859 1857/1857 1858/1858
f 1858/1858 1860/1860 1859/1859
f 1861/1861 1859/1859 1860/1860
f 1860/1860 1862/1862 1861/1861
f 1863/1863 1861/1861 1862/1862
f 1862/1862 1864/1864 1863/1863
f 1865/1865 1863/1863 1864/1864
f 1864/1864 1866/1866 1865/1865
f 1867/1867 1865/1865 1866/1866
f 1866/1866 1868/1868 1867/1867
f 1869/1869 1867/1867 1868/1868
f 1868/1868 1870/1870 1869/1869
f 1871/1871 1872/1872 1873/1873
f 1871/1871 1873/1873 1874/1874
f 1875/1875 1871/1871 1874/1874
f 1873/1873 1876/1876 1877/1877
f 1873/1873 1877/1877 1878/1878
f 1873/1873 1878/1878 1874/1874
f 1877/1877 1879/1879 1878/1878
f 1880/1880 1881/1881 1874/1874
f 1882/1882 1880/1880 1874/1874
f 1878/1878 1882/1882 1874/1874
f 1882/1882 1883/1883 1880/1880
f 1878/1878 1884/1884 1882/1882
f 1884/1884 1885/1885 1882/1882
f 1878/1878 1886/1886 1884/1884
f 1887/1887 1888/1888 1889/1889
f 1889/1889 1890/1890 1887/1887
f 1891/1891 1887/1887 1890/1890
f 1890/1890 1892/1892 1891/1891
f 1893/1893 1891/1891 1892/1892
f 1892/1892 1894/1894 1893/1893
f 1895/1895 1893/1893 1894/1894
f 1894/1894 1896/1896 1895/1895
f 1897/1897 1895/1895 1896/1896
f 1896/1896 1898/1898 1897/1897
f 1899/1899 1897/1897 1898/1898
f 1898/1898 1900/1900 1899/1899
f 1901/1901 1899/1899 1900/1900
f 1900/1900 1902/1902 1901/1901
f 1903/1903 1901/1901 1902/1902
f 1902/1902 1904/1904 1903/1903
f 1905/1905 1903/1903 1904/1904
f 1904/1904 1906/1906 1905/1905
f 1907/1907 1905/1905 1906/1906
f 1906/1906 1908/1908 1907/1907
f 1909/1909 1907/1907 1908/1908
f 1908/1908 1910/1910 1909/1909
f 1911/1911 1909/1909 1910/1910
f 1910/1910 1912/1912 1911/1911
f 1913/1913 1914/1914 1915/1915
f 1913/1913 1915/1915 1916/1916
f 1917/1917 1913/1913 1916/1916
f 1915/1915 1918/1918 1919/1919
f 1915/1915 1919/1919 1920/1920
f 1915/1915 1920/1920 1916/1916
f 1919/1919 1921/1921 1920/1920
f 1922/1922 1923/1923 1916/1916
f 1924/1924 1922/1922 1916/1916
f 1920/1920 1924/1924 1916/1916
f 1924/1924 1925/1925 1922/1922
f 1920/1920 1926/1926 1924/1924
f 1926/1926 1927/1927 1924/1924
f 1920/1920 1928/1928 1926/1926
f 1929/1929 1930/1930 1931/1931
f 1929/1929 1931/1931 1932/1932
f 1933/1933 1929/1929 1932/1932
f 1931/1931 1934/1934 1935/1935
f 1931/1931 1935/1935 1936/1936
f 1931/1931 1936/1936 1932/1932
f 1935/1935 1937/1937 1936/1936
f 1938/1938 1939/1939 1932/1932
f 1940/1940 1938/1938 1932/1932
f 1936/1936 1940/1940 1932/1932
f 1940/1940 1941/1941 1938/1938
f 1936/1936 1942/1942 1940/1940
f 1942/1942 1943/1943 1940/1940
f 1936/1936 1944/1944 1942/1942
f 1945/1945 1946/1946 1947/1947
f 1945/1945 1947/1947 1948/1948
f 1949/1949 1945/1945 1948/1948
f 1947/1947 1950/1950 1951/1951
f 1947/1947 1951/1951 1952/1952
f 1947/1947 1952/1952 1948/1948
f 1951/1951 1953/1953 1952/1952
f 1954/1954 1955/1955 1948/1948
f 1956/1956 1954/1954 1948/1948
f 1952/1952 1956/1956 1948/1948
f 1956/1956 1957/1957 1954/1954
f 1952/1952 1958/1958 1956/1956
f 1958/1958 1959/1959 1956/1956
f 1952/1952 1960/1960 1958/1958
f 1961/1961 1962/1962 1963/1963
f 1963/1963 1964/1964 1961/1961
f 1965/1965 1961/1961 1964/1964
f 1964/1964 1966/1966 1965/1965
f 1967/1967 1965/1965 1966/1966
f 1966/1966 1968/1968 1967/1967
f 1969/1969 1967/1967 1968/1968
f 1968/1968 1970/1970 1969/1969
f 1971/1971 1969/1969 1970/1970
f 1970/1970 1972/1972 1971/1971
f 1973/1973 1971/1971 1972/1972
f 1972/1972 1974/1974 1973/1973
f 1975/1975 1973/1973 1974/1974
f 1974/1974 1976/1976 1975/1975
f 1977/1977 1975/1975 1976/1976
f 1976/1976 1978/1978 1977/1977
f 1979/1979 1977/1977 1978/1978
f 1978/1978 1980/1980 1979/1979
f 1981/1981 1979/1979 1980/1980
f 1980/1980 1982/1982 1981/1981
f 1983/1983 1981/1981 1982/1982
f 1982/1982 1984/1984 1983/1983
f 1985/1985 1983/1983 1984/1984
f 1984/1984 1986/1986 1985/1985
f 1987/1987 1988/1988 1989/1989
f 1987/1987 1989/1989 1990/1990
f 1991/1991 1987/1987 1990/1990
f 1989/1989 1992/1992 1993/1993
f 1989/1989 1993/1993 1994/1994
f 1989/1989 1994/1994 1990/1990
f 1993/1993 1995/1995 1994/1994
f 1996/1996 1997/1997 1990/1990
f 1998/1998 1996/1996 1990/1990
f 1994/1994 1998/1998 1990/1990
f 1998/1998 1999/1999 1996/1996
f 1994/1994 2000/2000 1998/1998
f 2000/2000 2001/2001 1998/1998
f 1994/1994 2002/2002 2000/2000
f 2003/2003 2004/2004 2005/2005
f 2005/2005 2006/2006 2003/2003
f 2007/2007 2005/2005 2004/2004
f 2004/2004 2008/2008 2007/2007
f 2009/2009 2007/2007 2008/2008
f 2008/2008 2010/2010 2009/2009
f 2011/2011 2009/2009 2010/2010
f 2010/2010 2012/2012 2011/2011
f 2013/2013 2011/2011 2012/2012
f 2012/2012 2014/2014 2013/2013
f 2015/2015 2013/2013 2014/2014
f 2014/2014 2016/2016 2015/2015
f 2017/2017 2015/2015 2016/2016
f 2016/2016 2018/2018 2017/2017
f 2019/2019 2017/2017 2018/2018
f 2018/2018 2020/2020 2019/2019
f 2021/2021 2019/2019 2020/2020
f 2020/2020 2022/2022 2021/2021
f 2023/2023 2021/2021 2022/2022
f 2022/2022 2024/2024 2023/2023
f 2025/2025 2023/2023 2024/2024
f 2024/2024 2026/2026 2025/2025
f 2027/2027 2025/2025 2026/2026
f 2026/2026 2028/2028 2027/2027
f 2029/2029 2030/2030 2031/2031
f 2031/2031 2032/2032 2029/2029
f 2033/2033 2031/2031 2030/2030
f 2030/2030 2034/2034 2033/2033
f 2035/2035 2033/2033 2034/2034
f 2034/2034 2036/2036 2035/2035
f 2037/2037 2035/2035 2036/2036
f 2036/2036 2038/2038 2037/2037
f 2039/2039 2037/2037 2038/2038
f 2038/2038 2040/2040 2039/2039
f 2041/2041 2039/2039 2040/2040
f 2040/2040 2042/2042 2041/2041
f 2043/2043 2041/2041 2042/2042
f 2042/2042 2044/2044 2043/2043
f 2045/2045 2043/2043 2044/2044
f 2044/2044 2046/2046 2045/2045
f 2047/2047 2045/2045 2046/2046
f 2046/2046 2048/2048 2047/2047
f 2049/2049 2047/2047 2048/2048
f 2048/2048 2050/2050 2049/2049
f 2051/2051 2049/2049 2050/2050
f 2050/2050 2052/2052 2051/2051
f 2053/2053 2051/2051 2052/2052
f 2052/2052 2054/2054 2053/2053
f 2055/2055 2056/2056 2057/2057
f 2058/2058 2055/2055 2057/2057
f 2056/2056 2059/2059 2057/2057
f 2055/2055 2058/2058 2060/2060
f 2056/2056 2055/2055 2061/2061
f 2060/2060 2061/2061 2055/2055
f 2061/2061 2062/2062 2056/2056
f 2059/2059 2056/2056 2062/2062
f 2061/2061 2060/2060 515/515
f 2062/2062 2061/2061 2063/2063
f 515/515 2063/2063 2061/2061
f 2062/2062 2064/2064 2059/2059
f 2065/2065 2057/2057 2059/2059
f 2057/2057 2065/2065 2066/2066
f 2063/2063 2067/2067 2062/2062
f 2064/2064 2062/2062 2067/2067
f 2063/2063 515/515 514/514
f 2064/2064 2068/2068 2059/2059
f 2067/2067 2063/2063 564/564
f 514/514 564/564 2063/2063
f 2067/2067 2069/2069 2064/2064
f 2068/2068 2064/2064 2069/2069
f 564/564 566/566 2067/2067
f 2069/2069 2067/2067 566/566
f 2070/2070 2059/2059 2068/2068
f 2059/2059 2070/2070 2065/2065
f 2069/2069 2071/2071 2068/2068
f 2068/2068 2072/2072 2070/2070
f 2072/2072 2068/2068 2071/2071
f 2073/2073 2065/2065 2070/2070
f 2065/2065 2073/2073 2066/2066
f 2074/2074 2075/2075 2076/2076
f 2076/2076 2077/2077 2074/2074
f 2078/2078 2076/2076 2075/2075
f 2075/2075 2079/2079 2078/2078
f 2079/2079 2080/2080 2078/2078
f 2081/2081 2078/2078 2080/2080
f 2080/2080 2082/2082 2081/2081
f 2083/2083 2081/2081 2082/2082
f 2084/2084 2083/2083 2082/2082
f 2082/2082 2085/2085 2084/2084
f 2086/2086 2084/2084 2085/2085
f 2085/2085 2087/2087 2086/2086
f 2088/2088 2086/2086 2087/2087
f 2087/2087 2089/2089 2088/2088
f 2089/2089 2090/2090 2088/2088
f 2091/2091 2088/2088 2090/2090
f 2090/2090 2092/2092 2091/2091
f 2093/2093 2091/2091 2092/2092
f 2092/2092 2094/2094 2093/2093
f 2095/2095 2093/2093 2094/2094
f 2094/2094 2096/2096 2095/2095
f 2097/2097 2095/2095 2096/2096
f 2098/2098 2097/2097 2096/2096
f 2099/2099 2098/2098 2096/2096
f 2096/2096 2100/2100 2099/2099
f 2101/2101 2099/2099 2100/2100
f 2100/2100 2102/2102 2101/2101
f 2103/2103 2104/2104 2105/2105
f 2105/2105 2106/2106 2103/2103
f 2107/2107 2103/2103 2106/2106
f 2106/2106 2108/2108 2107/2107
f 2109/2109 2107/2107 2108/2108
f 2108/2108 2110/2110 2109/2109
f 2111/2111 2109/2109 2110/2110
f 2110/2110 2112/2112 2111/2111
f 2113/2113 2111/2111 2112/2112
f 2112/2112 2114/2114 2113/2113
f 2115/2115 2113/2113 2114/2114
f 2114/2114 2116/2116 2115/2115
f 2117/2117 2115/2115 2116/2116
f 2116/2116 2118/2118 2117/2117
f 2119/2119 2117/2117 2118/2118
f 2118/2118 2120/2120 2119/2119
f 2121/2121 2119/2119 2120/2120
f 2120/2120 2122/2122 2121/2121
f 2123/2123 2121/2121 2122/2122
f 2122/2122 2124/2124 2123/2123
f 2125/2125 2123/2123 2124/2124
f 2124/2124 2126/2126 2125/2125
f 2127/2127 2125/2125 2126/2126
f 2126/2126 2128/2128 2127/2127
f 2129/2129 2130/2130 2131/2131
f 2131/2131 2132/2132 2129/2129
f 2133/2133 2129/2129 2132/2132
f 2132/2132 2134/2134 2133/2133
f 2135/2135 2133/2133 2134/2134
f 2134/2134 2136/2136 2135/2135
f 2137/2137 2135/2135 2136/2136
f 2136/2136 2138/2138 2137/2137
f 2139/2139 2137/2137 2138/2138
f 2138/2138 2140/2140 2139/2139
f 2141/2141 2139/2139 2140/2140
f 2140/2140 2142/2142 2141/2141
f 2143/2143 2141/2141 2142/2142
f 2142/2142 2144/2144 2143/2143
f 2145/2145 2143/2143 2144/2144
f 2144/2144 2146/2146 2145/2145
f 2147/2147 2145/2145 2146/2146
f 2146/2146 2148/2148 2147/2147
f 2149/2149 2147/2147 2148/2148
f 2148/2148 2150/2150 2149/2149
f 2151/2151 2149/2149 2150/2150
f 2150/2150 2152/2152 2151/2151
f 2153/2153 2151/2151 2152/2152
f 2152/2152 2154/2154 2153/2153
f 2071/2071 2069/2069 569/569
f 566/566 569/569 2069/2069
f 2071/2071 2155/2155 2072/2072
f 2072/2072 2156/2156 2070/2070
f 2156/2156 2072/2072 2155/2155
f 2070/2070 2157/2157 2073/2073
f 2157/2157 2070/2070 2156/2156
f 2158/2158 2073/2073 2157/2157
f 2073/2073 2158/2158 2066/2066
f 2155/2155 2071/2071 572/572
f 569/569 572/572 2071/2071
f 2155/2155 2159/2159 2156/2156
f 2156/2156 2160/2160 2157/2157
f 2160/2160 2156/2156 2159/2159
f 2157/2157 2161/2161 2158/2158
f 2161/2161 2157/2157 2160/2160
f 2162/2162 2158/2158 2161/2161
f 2158/2158 2162/2162 2066/2066
f 2159/2159 2155/2155 574/574
f 572/572 574/574 2155/2155
f 2159/2159 2163/2163 2160/2160
f 2160/2160 2164/2164 2161/2161
f 2164/2164 2160/2160 2163/2163
f 2161/2161 2165/2165 2162/2162
f 2165/2165 2161/2161 2164/2164
f 2163/2163 2159/2159 2166/2166
f 574/574 2166/2166 2159/2159
f 2163/2163 2167/2167 2164/2164
f 2164/2164 2168/2168 2165/2165
f 2168/2168 2164/2164 2167/2167
f 2165/2165 2169/2169 2162/2162
f 2169/2169 2165/2165 2168/2168
f 2167/2167 2163/2163 2170/2170
f 2166/2166 2170/2170 2163/2163
f 2167/2167 2171/2171 2168/2168
f 2168/2168 2172/2172 2169/2169
f 2172/2172 2168/2168 2171/2171
f 2169/2169 2173/2173 2162/2162
f 2173/2173 2169/2169 2172/2172
f 2172/2172 2174/2174 2173/2173
f 2175/2175 2162/2162 2173/2173
f 2162/2162 2175/2175 2066/2066
f 2173/2173 2176/2176 2175/2175
f 2177/2177 2175/2175 2176/2176
f 2175/2175 2177/2177 2066/2066
f 2176/2176 2178/2178 2177/2177
f 2174/2174 2172/2172 2179/2179
f 2171/2171 2179/2179 2172/2172
f 2179/2179 2180/2180 2174/2174
f 2181/2181 2177/2177 2178/2178
f 2177/2177 2181/2181 2066/2066
f 2182/2182 2181/2181 2178/2178
f 2181/2181 2182/2182 2066/2066
f 2183/2183 2182/2182 2178/2178
f 2182/2182 2183/2183 2066/2066
f 2178/2178 2184/2184 2183/2183
f 2185/2185 2183/2183 2184/2184
f 2183/2183 2185/2185 2066/2066
f 2184/2184 2186/2186 2185/2185
f 2187/2187 2185/2185 2186/2186
f 2185/2185 2187/2187 2066/2066
f 2186/2186 2188/2188 2187/2187
f 2188/2188 2189/2189 2187/2187
f 2189/2189 2190/2190 2187/2187
f 2191/2191 2187/2187 2190/2190
f 2187/2187 2191/2191 2066/2066
f 2190/2190 2192/2192 2191/2191
f 2192/2192 2193/2193 2191/2191
f 2194/2194 2191/2191 2193/2193
f 2191/2191 2194/2194 2066/2066
f 2195/2195 2194/2194 2193/2193
f 2194/2194 2195/2195 2066/2066
f 2193/2193 2196/2196 2195/2195
f 2196/2196 2197/2197 2195/2195
f 2197/2197 2198/2198 2195/2195
f 2199/2199 2195/2195 2198/2198
f 2195/2195 2199/2199 2066/2066
f 2198/2198 2200/2200 2199/2199
f 2199/2199 2201/2201 2066/2066
f 2201/2201 2199/2199 2200/2200
f 2201/2201 2202/2202 2066/2066
f 2203/2203 2204/2204 2200/2200
f 2200/2200 2205/2205 2201/2201
f 2202/2202 2201/2201 2205/2205
f 2205/2205 2200/2200 2204/2204
f 2204/2204 2203/2203 2206/2206
f 2202/2202 2207/2207 2066/2066
f 2207/2207 2202/2202 2205/2205
f 2207/2207 2057/2057 2066/2066
f 2057/2057 2207/2207 2058/2058
f 2205/2205 2058/2058 2207/2207
f 2204/2204 2208/2208 2205/2205
f 2058/2058 2205/2205 2209/2209
f 2208/2208 2209/2209 2205/2205
f 2209/2209 2210/2210 2058/2058
f 2210/2210 2060/2060 2058/2058
f 2206/2206 2211/2211 2204/2204
f 2208/2208 2204/2204 2211/2211
f 2211/2211 2206/2206 2212/2212
f 2209/2209 2208/2208 2213/2213
f 2211/2211 2213/2213 2208/2208
f 2210/2210 2209/2209 2214/2214
f 2213/2213 2214/2214 2209/2209
f 2060/2060 2210/2210 2215/2215
f 2214/2214 2215/2215 2210/2210
f 2215/2215 515/515 2060/2060
f 2212/2212 518/518 2211/2211
f 2213/2213 2211/2211 518/518
f 518/518 2212/2212 516/516
f 2214/2214 2213/2213 519/519
f 518/518 519/519 2213/2213
f 2215/2215 2214/2214 521/521
f 519/519 521/521 2214/2214
f 515/515 2215/2215 513/513
f 521/521 513/513 2215/2215
f 2216/2216 2217/2217 2218/2218
f 2216/2216 2218/2218 2219/2219
f 2220/2220 2216/2216 2219/2219
f 2218/2218 2221/2221 2222/2222
f 2218/2218 2222/2222 2223/2223
f 2218/2218 2223/2223 2219/2219
f 2222/2222 2224/2224 2223/2223
f 2225/2225 2226/2226 2219/2219
f 2227/2227 2225/2225 2219/2219
f 2223/2223 2227/2227 2219/2219
f 2227/2227 2228/2228 2225/2225
f 2223/2223 2229/2229 2227/2227
f 2229/2229 2230/2230 2227/2227
f 2223/2223 2231/2231 2229/2229
f 2232/2232 2233/2233 2234/2234
f 2232/2232 2234/2234 2235/2235
f 2236/2236 2232/2232 2235/2235
f 2234/2234 2237/2237 2238/2238
f 2234/2234 2238/2238 2239/2239
f 2234/2234 2239/2239 2235/2235
f 2238/2238 2240/2240 2239/2239
f 2241/2241 2242/2242 2235/2235
f 2243/2243 2241/2241 2235/2235
f 2239/2239 2243/2243 2235/2235
f 2243/2243 2244/2244 2241/2241
f 2239/2239 2245/2245 2243/2243
f 2245/2245 2246/2246 2243/2243
f 2239/2239 2247/2247 2245/2245
f 2248/2248 2249/2249 2250/2250
f 2248/2248 2250/2250 2251/2251
f 2252/2252 2248/2248 2251/2251
f 2250/2250 2253/2253 2254/2254
f 2250/2250 2254/2254 2255/2255
f 2250/2250 2255/2255 2251/2251
f 2254/2254 2256/2256 2255/2255
f 2257/2257 2258/2258 2251/2251
f 2259/2259 2257/2257 2251/2251
f 2255/2255 2259/2259 2251/2251
f 2259/2259 2260/2260 2257/2257
f 2255/2255 2261/2261 2259/2259
f 2261/2261 2262/2262 2259/2259
f 2255/2255 2263/2263 2261/2261
f 2264/2264 2265/2265 2266/2266
f 2264/2264 2266/2266 2267/2267
f 2268/2268 2264/2264 2267/2267
f 2266/2266 2269/2269 2270/2270
f 2266/2266 2270/2270 2271/2271
f 2266/2266 2271/2271 2267/2267
f 2270/2270 2272/2272 2271/2271
f 2273/2273 2274/2274 2267/2267
f 2275/2275 2273/2273 2267/2267
f 2271/2271 2275/2275 2267/2267
f 2275/2275 2276/2276 2273/2273
f 2271/2271 2277/2277 2275/2275
f 2277/2277 2278/2278 2275/2275
f 2271/2271 2279/2279 2277/2277
f 2280/2280 2281/2281 2282/2282
f 2280/2280 2282/2282 2283/2283
f 2284/2284 2280/2280 2283/2283
f 2282/2282 2285/2285 2286/2286
f 2282/2282 2286/2286 2287/2287
f 2282/2282 2287/2287 2283/2283
f 2286/2286 2288/2288 2287/2287
f 2289/2289 2290/2290 2283/2283
f 2291/2291 2289/2289 2283/2283
f 2287/2287 2291/2291 2283/2283
f 2291/2291 2292/2292 2289/2289
f 2287/2287 2293/2293 2291/2291
f 2293/2293 2294/2294 2291/2291
f 2287/2287 2295/2295 2293/2293
f 2296/2296 2297/2297 2298/2298
f 2298/2298 2299/2299 2296/2296
f 2300/2300 2298/2298 2297/2297
f 2297/2297 2301/2301 2300/2300
f 2302/2302 2300/2300 2301/2301
f 2301/2301 2303/2303 2302/2302
f 2304/2304 2302/2302 2303/2303
f 2303/2303 2305/2305 2304/2304
f 2306/2306 2304/2304 2305/2305
f 2305/2305 2307/2307 2306/2306
f 2308/2308 2306/2306 2307/2307
f 2307/2307 2309/2309 2308/2308
f 2310/2310 2308/2308 2309/2309
f 2309/2309 2311/2311 2310/2310
f 2312/2312 2310/2310 2311/2311
f 2311/2311 2313/2313 2312/2312
f 2314/2314 2312/2312 2313/2313
f 2313/2313 2315/2315 2314/2314
f 2316/2316 2314/2314 2315/2315
f 2315/2315 2317/2317 2316/2316
f 2318/2318 2316/2316 2317/2317
f 2317/2317 2319/2319 2318/2318
f 2320/2320 2318/2318 2319/2319
f 2319/2319 2321/2321 2320/2320
f 2322/2322 2323/2323 2324/2324
f 2324/2324 2325/2325 2322/2322
f 2326/2326 2324/2324 2323/2323
f 2323/2323 2327/2327 2326/2326
f 2328/2328 2326/2326 2327/2327
f 2327/2327 2329/2329 2328/2328
f 2330/2330 2328/2328 2329/2329
f 2329/2329 2331/2331 2330/2330
f 2332/2332 2330/2330 2331/2331
f 2331/2331 2333/2333 2332/2332
f 2334/2334 2332/2332 2333/2333
f 2333/2333 2335/2335 2334/2334
f 2336/2336 2334/2334 2335/2335
f 2335/2335 2337/2337 2336/2336
f 2338/2338 2336/2336 2337/2337
f 2337/2337 2339/2339 2338/2338
f 2340/2340 2338/2338 2339/2339
f 2339/2339 2341/2341 2340/2340
f 2342/2342 2340/2340 2341/2341
f 2341/2341 2343/2343 2342/2342
f 2344/2344 2342/2342 2343/2343
f 2343/2343 2345/2345 2344/2344
f 2346/2346 2344/2344 2345/2345
f 2345/2345 2347/2347 2346/2346
f 2348/2348 2349/2349 2350/2350
f 2350/2350 2351/2351 2348/2348
f 2352/2352 2348/2348 2351/2351
f 2351/2351 2353/2353 2352/2352
f 2354/2354 2352/2352 2353/2353
f 2353/2353 2355/2355 2354/2354
f 2356/2356 2354/2354 2355/2355
f 2355/2355 2357/2357 2356/2356
f 2358/2358 2356/2356 2357/2357
f 2357/2357 2359/2359 2358/2358
f 2360/2360 2358/2358 2359/2359
f 2359/2359 2361/2361 2360/2360
f 2362/2362 2360/2360 2361/2361
f 2361/2361 2363/2363 2362/2362
f 2364/2364 2362/2362 2363/2363
f 2363/2363 2365/2365 2364/2364
f 2366/2366 2364/2364 2365/2365
f 2365/2365 2367/2367 2366/2366
f 2368/2368 2366/2366 2367/2367
f 2367/2367 2369/2369 2368/2368
f 2370/2370 2368/2368 2369/2369
f 2369/2369 2371/2371 2370/2370
f 2372/2372 2370/2370 2371/2371
f 2371/2371 2373/2373 2372/2372
f 2374/2374 2375/2375 2376/2376
f 2376/2376 2377/2377 2374/2374
f 2378/2378 2374/2374 2377/2377
f 2377/2377 2379/2379 2378/2378
f 2380/2380 2378/2378 2379/2379
f 2379/2379 2381/2381 2380/2380
f 2382/2382 2380/2380 2381/2381
f 2381/2381 2383/2383 2382/2382
f 2384/2384 2382/2382 2383/2383
f 2383/2383 2385/2385 2384/2384
f 2386/2386 2384/2384 2385/2385
f 2385/2385 2387/2387 2386/2386
f 2388/2388 2386/2386 2387/2387
f 2387/2387 2389/2389 2388/2388
f 2390/2390 2388/2388 2389/2389
f 2389/2389 2391/2391 2390/2390
f 2392/2392 2393/2393 2394/2394
f 2395/2395 2392/2392 2396/2396
f 2394/2394 2396/2396 2392/2392
f 2396/2396 2394/2394 2397/2397
f 2397/2397 2398/2398 2396/2396
f 2395/2395 2396/2396 2398/2398
f 2399/2399 2397/2397 2394/2394
f 2398/2398 2400/2400 2395/2395
f 112/112 2395/2395 2400/2400
f 2400/2400 2398/2398 2401/2401
f 2400/2400 2401/2401 2402/2402
f 2394/2394 2403/2403 2399/2399
f 2403/2403 2394/2394 2393/2393
f 2404/2404 2399/2399 2403/2403
f 2402/2402 2405/2405 2400/2400
f 112/112 2400/2400 2405/2405
f 2405/2405 2402/2402 2406/2406
f 2406/2406 2407/2407 2405/2405
f 112/112 2405/2405 2407/2407
f 2407/2407 2406/2406 2408/2408
f 2408/2408 2409/2409 2407/2407
f 112/112 2407/2407 2409/2409
f 2409/2409 2408/2408 2410/2410
f 2409/2409 2410/2410 2411/2411
f 2411/2411 2412/2412 2409/2409
f 112/112 2409/2409 2412/2412
f 2412/2412 2411/2411 2413/2413
f 2413/2413 2414/2414 2412/2412
f 112/112 2412/2412 2414/2414
f 2414/2414 2413/2413 2415/2415
f 2415/2415 2416/2416 2414/2414
f 112/112 2414/2414 2416/2416
f 2416/2416 2415/2415 2417/2417
f 2417/2417 2418/2418 2416/2416
f 112/112 2416/2416 2418/2418
f 2418/2418 2417/2417 2419/2419
f 2418/2418 2419/2419 2420/2420
f 2418/2418 2420/2420 2421/2421
f 2421/2421 2422/2422 2418/2418
f 112/112 2418/2418 2422/2422
f 2422/2422 2421/2421 2423/2423
f 2423/2423 2424/2424 2422/2422
f 112/112 2422/2422 2424/2424
f 2424/2424 2423/2423 46/46
f 46/46 2425/2425 2424/2424
f 112/112 2424/2424 2425/2425
f 2425/2425 46/46 45/45
f 112/112 2425/2425 48/48
f 45/45 48/48 2425/2425
f 346/346 391/391 341/341
f 343/343 2426/2426 342/342
f 344/344 342/342 2426/2426
f 2426/2426 343/343 2427/2427
f 345/345 344/344 2428/2428
f 2426/2426 2428/2428 344/344
f 346/346 345/345 2429/2429
f 2428/2428 2429/2429 345/345
f 2427/2427 2430/2430 2426/2426
f 2428/2428 2426/2426 2430/2430
f 2430/2430 2427/2427 2431/2431
f 2429/2429 2428/2428 2432/2432
f 2430/2430 2432/2432 2428/2428
f 2429/2429 2433/2433 346/346
f 391/391 346/346 2433/2433
f 2431/2431 2434/2434 2430/2430
f 2432/2432 2430/2430 2434/2434
f 2434/2434 2431/2431 2435/2435
f 2432/2432 2436/2436 2429/2429
f 2433/2433 2429/2429 2436/2436
f 2434/2434 2437/2437 2432/2432
f 2436/2436 2432/2432 2437/2437
f 2435/2435 2438/2438 2434/2434
f 2437/2437 2434/2434 2438/2438
f 2438/2438 2435/2435 2439/2439
f 2439/2439 2440/2440 2438/2438
f 2440/2440 2439/2439 2441/2441
f 2438/2438 2442/2442 2437/2437
f 2442/2442 2438/2438 2440/2440
f 2437/2437 2443/2443 2436/2436
f 2443/2443 2437/2437 2442/2442
f 2444/2444 2436/2436 2443/2443
f 2436/2436 2444/2444 2433/2433
f 2441/2441 2445/2445 2440/2440
f 2445/2445 2441/2441 2446/2446
f 2440/2440 2447/2447 2442/2442
f 2447/2447 2440/2440 2445/2445
f 2442/2442 2448/2448 2443/2443
f 2448/2448 2442/2442 2447/2447
f 2443/2443 2449/2449 2444/2444
f 2449/2449 2443/2443 2448/2448
f 2446/2446 2450/2450 2445/2445
f 2450/2450 2446/2446 2451/2451
f 2445/2445 2452/2452 2447/2447
f 2452/2452 2445/2445 2450/2450
f 2447/2447 2453/2453 2448/2448
f 2453/2453 2447/2447 2452/2452
f 2448/2448 2454/2454 2449/2449
f 2454/2454 2448/2448 2453/2453
f 2451/2451 2455/2455 2450/2450
f 2450/2450 2456/2456 2452/2452
f 2456/2456 2450/2450 2455/2455
f 2455/2455 2451/2451 2457/2457
f 2458/2458 2452/2452 2456/2456
f 2452/2452 2458/2458 2453/2453
f 2455/2455 2459/2459 2456/2456
f 2457/2457 2460/2460 2455/2455
f 2459/2459 2455/2455 2460/2460
f 2461/2461 2453/2453 2458/2458
f 2453/2453 2461/2461 2454/2454
f 2456/2456 2462/2462 2458/2458
f 2462/2462 2456/2456 2459/2459
f 2458/2458 2463/2463 2461/2461
f 2463/2463 2458/2458 2462/2462
f 2464/2464 2454/2454 2461/2461
f 2465/2465 2461/2461 2463/2463
f 2461/2461 2465/2465 2464/2464
f 2454/2454 2464/2464 2466/2466
f 2466/2466 2449/2449 2454/2454
f 2449/2449 2466/2466 2467/2467
f 2467/2467 2444/2444 2449/2449
f 2468/2468 2466/2466 2464/2464
f 2444/2444 2467/2467 2469/2469
f 2469/2469 2433/2433 2444/2444
f 2433/2433 2469/2469 391/391
f 393/393 391/391 2469/2469
f 2469/2469 2470/2470 393/393
f 2470/2470 2469/2469 2467/2467
f 275/275 393/393 2470/2470
f 2471/2471 2467/2467 2466/2466
f 2467/2467 2471/2471 2470/2470
f 2466/2466 2468/2468 2471/2471
f 2470/2470 2472/2472 275/275
f 2472/2472 2470/2470 2471/2471
f 274/274 275/275 2472/2472
f 2473/2473 2471/2471 2468/2468
f 2471/2471 2473/2473 2472/2472
f 2472/2472 2474/2474 274/274
f 2474/2474 2472/2472 2473/2473
f 282/282 274/274 2474/2474
f 2474/2474 2475/2475 282/282
f 287/287 282/282 2475/2475
f 2473/2473 2476/2476 2474/2474
f 2475/2475 2474/2474 2476/2476
f 2468/2468 2477/2477 2473/2473
f 2476/2476 2473/2473 2477/2477
f 2477/2477 2468/2468 2478/2478
f 2464/2464 2478/2478 2468/2468
f 2478/2478 2464/2464 2465/2465
f 2477/2477 2479/2479 2476/2476
f 2478/2478 2480/2480 2477/2477
f 2481/2481 2477/2477 2480/2480
f 2480/2480 2482/2482 2481/2481
f 2480/2480 2478/2478 2483/2483
f 2465/2465 2483/2483 2478/2478
f 2483/2483 2484/2484 2480/2480
f 2483/2483 2465/2465 2485/2485
f 2484/2484 2483/2483 2486/2486
f 2485/2485 2486/2486 2483/2483
f 2486/2486 2487/2487 2484/2484
f 2463/2463 2485/2485 2465/2465
f 2487/2487 2486/2486 2488/2488
f 2488/2488 2489/2489 2487/2487
f 2486/2486 2485/2485 2490/2490
f 2490/2490 2488/2488 2486/2486
f 2485/2485 2463/2463 2491/2491
f 2491/2491 2490/2490 2485/2485
f 2462/2462 2491/2491 2463/2463
f 2489/2489 2488/2488 2492/2492
f 2492/2492 2493/2493 2489/2489
f 2488/2488 2490/2490 2494/2494
f 2494/2494 2492/2492 2488/2488
f 2490/2490 2491/2491 2495/2495
f 2495/2495 2494/2494 2490/2490
f 2491/2491 2462/2462 2496/2496
f 2496/2496 2495/2495 2491/2491
f 2459/2459 2496/2496 2462/2462
f 2493/2493 2492/2492 2497/2497
f 2497/2497 2498/2498 2493/2493
f 2492/2492 2494/2494 2499/2499
f 2499/2499 2497/2497 2492/2492
f 2494/2494 2495/2495 2499/2499
f 2495/2495 2496/2496 2500/2500
f 2500/2500 2499/2499 2495/2495
f 2496/2496 2459/2459 2501/2501
f 2501/2501 2500/2500 2496/2496
f 2460/2460 2501/2501 2459/2459
f 2499/2499 2500/2500 2502/2502
f 2502/2502 2503/2503 2499/2499
f 2497/2497 2499/2499 2503/2503
f 2503/2503 2502/2502 2504/2504
f 2500/2500 2501/2501 2502/2502
f 2505/2505 2502/2502 2501/2501
f 2501/2501 2460/2460 2505/2505
f 2502/2502 2505/2505 2504/2504
f 2498/2498 2497/2497 2503/2503
f 2460/2460 2457/2457 2505/2505
f 2506/2506 2505/2505 2457/2457
f 2505/2505 2506/2506 2504/2504
f 2457/2457 2507/2507 2506/2506
f 2507/2507 2508/2508 2506/2506
f 2508/2508 2509/2509 2506/2506
f 2509/2509 2510/2510 2506/2506
f 2511/2511 2506/2506 2510/2510
f 2506/2506 2511/2511 2504/2504
f 2510/2510 2512/2512 2511/2511
f 2512/2512 2513/2513 2511/2511
f 2511/2511 2514/2514 2504/2504
f 2513/2513 2515/2515 2511/2511
f 2514/2514 2511/2511 2515/2515
f 2515/2515 2516/2516 2514/2514
f 112/112 2517/2517 2518/2518
f 2519/2519 2518/2518 2517/2517
f 2518/2518 2519/2519 2520/2520
f 2518/2518 2520/2520 2521/2521
f 2517/2517 2522/2522 2519/2519
f 112/112 2523/2523 2517/2517
f 2522/2522 2517/2517 2523/2523
f 2524/2524 2520/2520 2519/2519
f 2525/2525 2519/2519 2522/2522
f 2519/2519 2525/2525 2524/2524
f 2526/2526 2521/2521 2520/2520
f 2520/2520 2524/2524 2526/2526
f 2521/2521 2526/2526 2527/2527
f 2523/2523 2528/2528 2522/2522
f 2518/2518 2521/2521 2529/2529
f 2527/2527 2529/2529 2521/2521
f 2529/2529 2527/2527 2530/2530
f 2518/2518 2529/2529 2531/2531
f 2530/2530 2531/2531 2529/2529
f 2531/2531 2395/2395 2518/2518
f 112/112 2518/2518 2395/2395
f 2531/2531 2530/2530 2393/2393
f 2395/2395 2531/2531 2392/2392
f 2393/2393 2392/2392 2531/2531
f 2532/2532 2533/2533 2534/2534
f 2534/2534 2535/2535 2532/2532
f 2536/2536 2534/2534 2533/2533
f 2537/2537 2535/2535 2538/2538
f 2539/2539 2538/2538 2535/2535
f 2535/2535 2534/2534 2539/2539
f 2534/2534 2536/2536 2540/2540
f 2540/2540 2539/2539 2534/2534
f 2541/2541 2540/2540 2536/2536
f 2536/2536 2542/2542 2541/2541
f 2539/2539 2540/2540 2543/2543
f 2540/2540 2541/2541 2544/2544
f 2544/2544 2543/2543 2540/2540
f 707/707 2541/2541 2542/2542
f 2542/2542 712/712 707/707
f 703/703 2544/2544 2541/2541
f 2541/2541 707/707 703/703
f 2539/2539 2543/2543 2545/2545
f 2545/2545 2546/2546 2539/2539
f 2546/2546 2545/2545 2547/2547
f 2548/2548 2545/2545 2543/2543
f 2543/2543 2544/2544 2548/2548
f 2549/2549 2547/2547 2545/2545
f 2545/2545 2548/2548 2549/2549
f 2547/2547 2549/2549 2550/2550
f 2550/2550 2551/2551 2547/2547
f 700/700 2548/2548 2544/2544
f 2544/2544 703/703 700/700
f 698/698 2549/2549 2548/2548
f 2548/2548 700/700 698/698
f 636/636 2550/2550 2549/2549
f 2549/2549 698/698 636/636
f 2551/2551 2550/2550 2552/2552
f 2552/2552 2553/2553 2551/2551
f 2550/2550 636/636 630/630
f 630/630 2552/2552 2550/2550
f 2553/2553 2552/2552 2554/2554
f 2554/2554 2555/2555 2553/2553
f 2552/2552 630/630 625/625
f 625/625 2554/2554 2552/2552
f 2555/2555 2554/2554 2556/2556
f 2556/2556 2557/2557 2555/2555
f 2554/2554 625/625 622/622
f 622/622 2556/2556 2554/2554
f 2557/2557 2556/2556 2558/2558
f 2558/2558 2559/2559 2557/2557
f 2559/2559 2558/2558 2560/2560
f 2561/2561 2558/2558 2556/2556
f 2556/2556 622/622 2561/2561
f 2562/2562 2560/2560 2558/2558
f 2558/2558 2561/2561 2562/2562
f 2560/2560 2562/2562 2563/2563
f 2564/2564 2563/2563 2562/2562
f 2562/2562 2565/2565 2564/2564
f 2565/2565 2562/2562 2561/2561
f 620/620 2564/2564 2565/2565
f 624/624 2561/2561 622/622
f 2561/2561 624/624 2565/2565
f 2565/2565 621/621 620/620
f 621/621 2565/2565 624/624
f 2566/2566 1563/1563 1564/1564
f 1564/1564 2567/2567 2566/2566
f 2568/2568 1565/1565 1563/1563
f 1563/1563 2566/2566 2568/2568
f 2569/2569 2566/2566 2567/2567
f 2567/2567 2570/2570 2569/2569
f 2571/2571 2569/2569 2570/2570
f 2566/2566 2569/2569 2572/2572
f 2572/2572 2568/2568 2566/2566
f 2573/2573 2572/2572 2569/2569
f 2568/2568 2572/2572 2574/2574
f 2575/2575 2574/2574 2572/2572
f 2568/2568 2574/2574 2576/2576
f 2577/2577 2576/2576 2574/2574
f 2568/2568 2578/2578 1565/1565
f 1562/1562 1565/1565 2578/2578
f 2576/2576 2579/2579 2568/2568
f 2578/2578 2568/2568 2579/2579
f 2579/2579 2576/2576 2580/2580
f 2581/2581 2580/2580 2576/2576
f 2579/2579 2582/2582 2578/2578
f 2578/2578 2583/2583 1562/1562
f 2583/2583 2578/2578 2582/2582
f 1559/1559 1562/1562 2583/2583
f 2583/2583 262/262 1559/1559
f 261/261 1559/1559 262/262
f 2582/2582 264/264 2583/2583
f 262/262 2583/2583 264/264
f 2579/2579 2584/2584 2582/2582
f 264/264 2582/2582 2584/2584
f 2579/2579 2580/2580 2585/2585
f 2586/2586 2585/2585 2580/2580
f 2584/2584 2579/2579 2587/2587
f 2585/2585 2587/2587 2579/2579
f 2587/2587 2585/2585 2588/2588
f 2589/2589 2588/2588 2585/2585
f 2587/2587 2590/2590 2584/2584
f 2584/2584 265/265 264/264
f 265/265 2584/2584 2590/2590
f 2590/2590 2587/2587 2591/2591
f 2588/2588 2591/2591 2587/2587
f 2590/2590 267/267 265/265
f 2591/2591 2588/2588 2592/2592
f 2593/2593 2592/2592 2588/2588
f 2592/2592 2594/2594 2591/2591
f 2590/2590 2591/2591 2594/2594
f 2595/2595 2596/2596 2597/2597
f 2596/2596 2595/2595 2598/2598
f 2598/2598 2599/2599 2596/2596
f 2599/2599 2598/2598 2600/2600
f 2600/2600 2601/2601 2599/2599
f 2602/2602 2598/2598 2595/2595
f 2601/2601 2600/2600 2603/2603
f 2603/2603 2604/2604 2601/2601
f 2605/2605 2600/2600 2598/2598
f 2598/2598 2602/2602 2605/2605
f 2606/2606 2603/2603 2600/2600
f 2600/2600 2605/2605 2606/2606
f 2604/2604 2603/2603 2607/2607
f 2607/2607 2608/2608 2604/2604
f 2603/2603 2606/2606 2609/2609
f 2609/2609 2607/2607 2603/2603
f 2608/2608 2607/2607 2610/2610
f 2610/2610 2611/2611 2608/2608
f 2607/2607 2609/2609 2612/2612
f 2612/2612 2610/2610 2607/2607
f 2611/2611 2610/2610 2613/2613
f 2613/2613 2614/2614 2611/2611
f 2610/2610 2612/2612 883/883
f 883/883 2613/2613 2610/2610
f 2614/2614 2613/2613 2615/2615
f 2615/2615 2616/2616 2614/2614
f 2613/2613 883/883 878/878
f 878/878 2615/2615 2613/2613
f 2616/2616 2615/2615 2617/2617
f 2617/2617 2618/2618 2616/2616
f 2615/2615 878/878 876/876
f 876/876 2617/2617 2615/2615
f 2618/2618 2617/2617 2619/2619
f 2619/2619 2620/2620 2618/2618
f 2617/2617 876/876 875/875
f 875/875 2619/2619 2617/2617
f 2620/2620 2619/2619 2621/2621
f 2621/2621 2622/2622 2620/2620
f 2619/2619 875/875 1646/1646
f 1646/1646 2621/2621 2619/2619
f 2622/2622 2621/2621 2623/2623
f 2623/2623 2624/2624 2622/2622
f 2621/2621 1646/1646 1642/1642
f 1642/1642 2623/2623 2621/2621
f 2624/2624 2623/2623 1626/1626
f 1626/1626 1625/1625 2624/2624
f 2623/2623 1642/1642 1629/1629
f 1629/1629 1626/1626 2623/2623
f 2625/2625 2626/2626 2627/2627
f 2627/2627 2628/2628 2625/2625
f 2629/2629 2627/2627 2626/2626
f 2626/2626 2630/2630 2629/2629
f 2631/2631 2629/2629 2630/2630
f 2630/2630 2632/2632 2631/2631
f 2633/2633 2631/2631 2632/2632
f 2632/2632 2634/2634 2633/2633
f 2635/2635 2633/2633 2634/2634
f 2636/2636 2635/2635 2634/2634
f 2634/2634 2637/2637 2636/2636
f 2638/2638 2636/2636 2637/2637
f 2637/2637 2639/2639 2638/2638
f 2640/2640 2638/2638 2639/2639
f 2639/2639 2641/2641 2640/2640
f 2641/2641 2642/2642 2640/2640
f 2643/2643 2640/2640 2642/2642
f 2642/2642 2644/2644 2643/2643
f 2645/2645 2643/2643 2644/2644
f 2644/2644 2646/2646 2645/2645
f 2647/2647 2645/2645 2646/2646
f 2648/2648 2647/2647 2646/2646
f 2646/2646 2649/2649 2648/2648
f 2649/2649 2650/2650 2648/2648
f 2651/2651 2648/2648 2650/2650
f 2650/2650 2652/2652 2651/2651
f 2653/2653 2651/2651 2652/2652
f 2652/2652 2654/2654 2653/2653
f 2655/2655 2656/2656 2657/2657
f 2657/2657 2658/2658 2655/2655
f 2656/2656 2655/2655 2659/2659
f 2659/2659 2660/2660 2656/2656
f 2661/2661 2655/2655 2658/2658
f 2658/2658 2662/2662 2661/2661
f 2663/2663 2659/2659 2655/2655
f 2655/2655 2661/2661 2663/2663
f 2660/2660 2659/2659 2664/2664
f 2664/2664 2665/2665 2660/2660
f 2659/2659 2663/2663 2666/2666
f 2666/2666 2664/2664 2659/2659
f 2667/2667 2661/2661 2662/2662
f 2662/2662 2668/2668 2667/2667
f 2669/2669 2667/2667 2668/2668
f 2661/2661 2667/2667 2670/2670
f 2670/2670 2663/2663 2661/2661
f 2667/2667 2669/2669 2671/2671
f 2671/2671 2670/2670 2667/2667
f 2672/2672 2671/2671 2669/2669
f 2669/2669 2673/2673 2672/2672
f 2670/2670 2671/2671 2674/2674
f 2663/2663 2670/2670 2675/2675
f 2675/2675 2666/2666 2663/2663
f 2674/2674 2675/2675 2670/2670
f 2676/2676 2672/2672 2673/2673
f 2673/2673 1193/1193 2676/2676
f 1192/1192 2676/2676 1193/1193
f 2671/2671 2672/2672 2677/2677
f 2677/2677 2674/2674 2671/2671
f 2672/2672 2676/2676 2678/2678
f 2678/2678 2677/2677 2672/2672
f 2676/2676 1192/1192 2679/2679
f 2679/2679 2678/2678 2676/2676
f 1194/1194 2679/2679 1192/1192
f 2679/2679 1194/1194 1197/1197
f 1197/1197 2680/2680 2679/2679
f 2678/2678 2679/2679 2680/2680
f 2680/2680 1197/1197 795/795
f 2677/2677 2678/2678 2681/2681
f 2680/2680 2681/2681 2678/2678
f 2681/2681 2682/2682 2677/2677
f 2674/2674 2677/2677 2682/2682
f 2681/2681 2680/2680 793/793
f 795/795 793/793 2680/2680
f 2682/2682 2681/2681 791/791
f 793/793 791/791 2681/2681
f 2682/2682 2683/2683 2674/2674
f 2675/2675 2674/2674 2683/2683
f 791/791 789/789 2682/2682
f 2683/2683 2682/2682 789/789
f 2683/2683 2684/2684 2675/2675
f 2666/2666 2675/2675 2684/2684
f 789/789 788/788 2683/2683
f 2684/2684 2683/2683 788/788
f 2684/2684 2685/2685 2666/2666
f 2664/2664 2666/2666 2685/2685
f 788/788 2686/2686 2684/2684
f 2685/2685 2684/2684 2686/2686
f 2685/2685 2687/2687 2664/2664
f 2665/2665 2664/2664 2687/2687
f 2687/2687 2688/2688 2665/2665
f 2687/2687 2685/2685 2689/2689
f 2686/2686 2689/2689 2685/2685
f 2688/2688 2687/2687 2690/2690
f 2689/2689 2690/2690 2687/2687
f 2690/2690 2691/2691 2688/2688
f 2691/2691 2690/2690 2692/2692
f 2692/2692 2693/2693 2691/2691
f 2690/2690 2689/2689 2694/2694
f 2694/2694 2692/2692 2690/2690
f 2689/2689 2686/2686 2695/2695
f 2695/2695 2694/2694 2689/2689
f 782/782 2695/2695 2686/2686
f 2686/2686 788/788 782/782
f 2693/2693 2692/2692 2696/2696
f 2696/2696 2697/2697 2693/2693
f 2692/2692 2694/2694 2698/2698
f 2698/2698 2696/2696 2692/2692
f 2694/2694 2695/2695 2699/2699
f 2699/2699 2698/2698 2694/2694
f 776/776 2699/2699 2695/2695
f 2695/2695 782/782 776/776
f 2697/2697 2696/2696 2700/2700
f 2700/2700 2701/2701 2697/2697
f 2696/2696 2698/2698 2702/2702
f 2702/2702 2700/2700 2696/2696
f 2698/2698 2699/2699 2703/2703
f 2703/2703 2702/2702 2698/2698
f 767/767 2703/2703 2699/2699
f 2699/2699 776/776 767/767
f 2701/2701 2700/2700 2704/2704
f 2704/2704 2705/2705 2701/2701
f 2700/2700 2702/2702 2706/2706
f 2706/2706 2704/2704 2700/2700
f 2702/2702 2703/2703 2707/2707
f 2707/2707 2706/2706 2702/2702
f 762/762 2707/2707 2703/2703
f 2703/2703 767/767 762/762
f 2705/2705 2704/2704 737/737
f 737/737 740/740 2705/2705
f 2704/2704 2706/2706 734/734
f 734/734 737/737 2704/2704
f 2706/2706 2707/2707 735/735
f 735/735 734/734 2706/2706
f 743/743 735/735 2707/2707
f 2707/2707 762/762 743/743
f 2708/2708 2709/2709 2710/2710
f 2710/2710 2711/2711 2708/2708
f 2712/2712 2708/2708 2711/2711
f 2711/2711 2710/2710 2713/2713
f 2714/2714 2712/2712 2711/2711
f 2715/2715 2714/2714 2711/2711
f 2716/2716 2715/2715 2711/2711
f 2711/2711 2717/2717 2716/2716
f 2717/2717 2711/2711 2713/2713
f 2718/2718 2716/2716 2717/2717
f 2719/2719 2718/2718 2717/2717
f 2720/2720 2719/2719 2717/2717
f 2717/2717 2721/2721 2720/2720
f 2721/2721 2717/2717 2713/2713
f 2722/2722 2720/2720 2721/2721
f 2721/2721 2723/2723 2722/2722
f 2723/2723 2721/2721 2713/2713
f 2709/2709 2724/2724 2710/2710
f 2724/2724 2709/2709 2725/2725
f 2710/2710 2726/2726 2713/2713
f 2726/2726 2710/2710 2724/2724
f 2726/2726 2727/2727 2713/2713
f 2725/2725 2728/2728 2724/2724
f 2724/2724 2729/2729 2726/2726
f 2727/2727 2726/2726 2729/2729
f 2729/2729 2724/2724 2728/2728
f 2728/2728 2725/2725 2730/2730
f 2729/2729 2731/2731 2727/2727
f 2727/2727 2732/2732 2713/2713
f 2732/2732 2727/2727 2733/2733
f 2731/2731 2733/2733 2727/2727
f 2731/2731 2729/2729 2734/2734
f 2728/2728 2734/2734 2729/2729
f 2733/2733 2731/2731 2735/2735
f 2734/2734 2735/2735 2731/2731
f 2735/2735 2736/2736 2733/2733
f 2736/2736 2737/2737 2733/2733
f 2730/2730 2738/2738 2728/2728
f 2734/2734 2728/2728 2738/2738
f 2738/2738 2730/2730 2739/2739
f 2735/2735 2734/2734 2740/2740
f 2738/2738 2740/2740 2734/2734
f 2736/2736 2735/2735 2741/2741
f 2740/2740 2741/2741 2735/2735
f 2737/2737 2736/2736 2742/2742
f 2741/2741 2742/2742 2736/2736
f 2742/2742 2743/2743 2737/2737
f 2739/2739 2744/2744 2738/2738
f 2740/2740 2738/2738 2744/2744
f 2744/2744 2739/2739 2745/2745
f 2741/2741 2740/2740 2746/2746
f 2744/2744 2746/2746 2740/2740
f 2742/2742 2741/2741 2747/2747
f 2746/2746 2747/2747 2741/2741
f 2743/2743 2742/2742 2748/2748
f 2747/2747 2748/2748 2742/2742
f 2748/2748 2749/2749 2743/2743
f 2745/2745 2750/2750 2744/2744
f 2746/2746 2744/2744 2750/2750
f 2750/2750 2745/2745 2751/2751
f 2751/2751 2752/2752 2750/2750
f 2750/2750 2753/2753 2746/2746
f 2753/2753 2750/2750 2752/2752
f 2747/2747 2746/2746 2753/2753
f 2752/2752 2754/2754 2753/2753
f 2753/2753 2755/2755 2747/2747
f 2755/2755 2753/2753 2754/2754
f 2748/2748 2747/2747 2755/2755
f 2754/2754 2756/2756 2755/2755
f 2755/2755 2757/2757 2748/2748
f 2757/2757 2755/2755 2756/2756
f 2749/2749 2748/2748 2757/2757
f 2756/2756 2758/2758 2757/2757
f 2757/2757 2759/2759 2749/2749
f 2759/2759 2757/2757 2758/2758
f 2758/2758 2760/2760 2759/2759
f 114/114 113/113 2761/2761
f 115/115 2761/2761 113/113
f 112/112 114/114 2762/2762
f 112/112 2762/2762 2523/2523
f 2528/2528 2523/2523 2762/2762
f 2528/2528 2762/2762 114/114
f 114/114 2761/2761 2528/2528
f 2761/2761 115/115 2763/2763
f 2763/2763 2528/2528 2761/2761
f 2764/2764 2763/2763 115/115
f 115/115 110/110 2764/2764
f 2528/2528 2763/2763 2765/2765
f 2763/2763 2764/2764 2766/2766
f 2766/2766 2765/2765 2763/2763
f 2767/2767 2764/2764 110/110
f 110/110 109/109 2767/2767
f 2768/2768 2766/2766 2764/2764
f 2764/2764 2767/2767 2768/2768
f 2528/2528 2765/2765 2769/2769
f 2769/2769 2522/2522 2528/2528
f 2522/2522 2769/2769 2525/2525
f 2770/2770 2769/2769 2765/2765
f 2765/2765 2766/2766 2770/2770
f 2771/2771 2525/2525 2769/2769
f 2769/2769 2770/2770 2771/2771
f 2525/2525 2771/2771 2772/2772
f 2772/2772 2524/2524 2525/2525
f 2773/2773 2770/2770 2766/2766
f 2766/2766 2768/2768 2773/2773
f 2774/2774 2771/2771 2770/2770
f 2770/2770 2773/2773 2774/2774
f 2775/2775 2772/2772 2771/2771
f 2771/2771 2774/2774 2775/2775
f 2524/2524 2772/2772 2776/2776
f 2776/2776 2526/2526 2524/2524
f 2772/2772 2775/2775 2777/2777
f 2777/2777 2776/2776 2772/2772
f 2526/2526 2776/2776 2778/2778
f 2778/2778 2527/2527 2526/2526
f 2776/2776 2777/2777 2779/2779
f 2779/2779 2778/2778 2776/2776
f 2527/2527 2778/2778 2780/2780
f 2780/2780 2530/2530 2527/2527
f 2778/2778 2779/2779 2781/2781
f 2781/2781 2780/2780 2778/2778
f 2530/2530 2780/2780 2782/2782
f 2782/2782 2393/2393 2530/2530
f 2393/2393 2782/2782 2403/2403
f 2783/2783 2782/2782 2780/2780
f 2780/2780 2781/2781 2783/2783
f 2784/2784 2403/2403 2782/2782
f 2782/2782 2783/2783 2784/2784
f 2403/2403 2784/2784 2404/2404
f 2785/2785 2404/2404 2784/2784
f 2784/2784 2786/2786 2785/2785
f 2786/2786 2784/2784 2783/2783
f 2787/2787 2785/2785 2786/2786
f 2788/2788 2783/2783 2781/2781
f 2783/2783 2788/2788 2786/2786
f 2786/2786 2789/2789 2787/2787
f 2789/2789 2786/2786 2788/2788
f 866/866 867/867 2790/2790
f 864/864 866/866 2790/2790
f 2790/2790 2791/2791 864/864
f 865/865 864/864 2791/2791
f 2791/2791 2790/2790 2792/2792
f 2793/2793 2790/2790 867/867
f 2790/2790 2793/2793 2792/2792
f 2794/2794 865/865 2791/2791
f 2791/2791 2795/2795 2794/2794
f 2795/2795 2791/2791 2792/2792
f 2796/2796 2794/2794 2795/2795
f 2795/2795 2797/2797 2796/2796
f 2797/2797 2795/2795 2792/2792
f 2798/2798 2796/2796 2797/2797
f 2799/2799 2798/2798 2797/2797
f 2800/2800 2799/2799 2797/2797
f 2801/2801 2800/2800 2797/2797
f 2797/2797 2802/2802 2801/2801
f 2802/2802 2797/2797 2792/2792
f 2803/2803 2801/2801 2802/2802
f 2804/2804 2803/2803 2802/2802
f 2793/2793 2805/2805 2792/2792
f 863/863 2806/2806 867/867
f 867/867 2807/2807 2793/2793
f 2805/2805 2793/2793 2807/2807
f 2807/2807 867/867 2806/2806
f 2806/2806 863/863 858/858
f 2807/2807 2808/2808 2805/2805
f 2805/2805 2809/2809 2792/2792
f 2809/2809 2805/2805 2810/2810
f 2808/2808 2810/2810 2805/2805
f 2810/2810 2811/2811 2809/2809
f 2808/2808 2807/2807 2812/2812
f 2806/2806 2812/2812 2807/2807
f 2810/2810 2808/2808 2813/2813
f 2812/2812 2813/2813 2808/2808
f 2811/2811 2810/2810 2814/2814
f 2813/2813 2814/2814 2810/2810
f 2814/2814 2815/2815 2811/2811
f 858/858 2816/2816 2806/2806
f 2812/2812 2806/2806 2816/2816
f 2816/2816 858/858 853/853
f 2813/2813 2812/2812 2817/2817
f 2816/2816 2817/2817 2812/2812
f 2814/2814 2813/2813 2818/2818
f 2817/2817 2818/2818 2813/2813
f 2815/2815 2814/2814 2819/2819
f 2818/2818 2819/2819 2814/2814
f 2819/2819 2820/2820 2815/2815
f 853/853 2821/2821 2816/2816
f 2817/2817 2816/2816 2821/2821
f 2821/2821 853/853 848/848
f 2818/2818 2817/2817 2822/2822
f 2821/2821 2822/2822 2817/2817
f 2819/2819 2818/2818 2823/2823
f 2822/2822 2823/2823 2818/2818
f 2820/2820 2819/2819 2824/2824
f 2823/2823 2824/2824 2819/2819
f 2824/2824 2825/2825 2820/2820
f 848/848 2826/2826 2821/2821
f 2822/2822 2821/2821 2826/2826
f 2826/2826 848/848 836/836
f 836/836 834/834 2826/2826
f 2826/2826 2827/2827 2822/2822
f 2827/2827 2826/2826 834/834
f 2823/2823 2822/2822 2827/2827
f 834/834 832/832 2827/2827
f 2827/2827 2828/2828 2823/2823
f 2828/2828 2827/2827 832/832
f 2824/2824 2823/2823 2828/2828
f 832/832 831/831 2828/2828
f 2828/2828 2829/2829 2824/2824
f 2829/2829 2828/2828 831/831
f 2825/2825 2824/2824 2829/2829
f 831/831 828/828 2829/2829
f 2829/2829 2830/2830 2825/2825
f 2830/2830 2829/2829 828/828
f 828/828 2831/2831 2830/2830
f 2537/2537 2538/2538 2832/2832
f 2546/2546 2832/2832 2538/2538
f 2537/2537 2832/2832 2833/2833
f 2834/2834 2833/2833 2832/2832
f 2832/2832 2546/2546 2834/2834
f 2833/2833 2834/2834 2835/2835
f 2551/2551 2834/2834 2546/2546
f 2546/2546 2547/2547 2551/2551
f 2553/2553 2835/2835 2834/2834
f 2834/2834 2551/2551 2553/2553
f 2835/2835 2553/2553 2555/2555
f 2538/2538 2539/2539 2546/2546
f 2833/2833 2835/2835 2836/2836
f 2555/2555 2836/2836 2835/2835
f 2836/2836 2555/2555 2557/2557
f 2833/2833 2836/2836 2837/2837
f 2557/2557 2837/2837 2836/2836
f 2837/2837 2838/2838 2833/2833
f 2537/2537 2833/2833 2838/2838
f 2837/2837 2557/2557 2559/2559
f 2839/2839 2840/2840 302/302
f 302/302 301/301 2839/2839
f 2840/2840 2839/2839 2841/2841
f 2841/2841 2842/2842 2840/2840
f 2843/2843 2839/2839 301/301
f 301/301 295/295 2843/2843
f 2844/2844 2841/2841 2839/2839
f 2839/2839 2843/2843 2844/2844
f 2842/2842 2841/2841 2845/2845
f 2845/2845 2846/2846 2842/2842
f 2841/2841 2844/2844 2847/2847
f 2847/2847 2845/2845 2841/2841
f 2848/2848 2843/2843 295/295
f 295/295 292/292 2848/2848
f 294/294 2848/2848 292/292
f 2843/2843 2848/2848 2849/2849
f 2849/2849 2844/2844 2843/2843
f 2848/2848 294/294 2850/2850
f 2850/2850 2849/2849 2848/2848
f 2851/2851 2850/2850 294/294
f 294/294 291/291 2851/2851
f 2849/2849 2850/2850 2852/2852
f 2844/2844 2849/2849 2853/2853
f 2853/2853 2847/2847 2844/2844
f 2852/2852 2853/2853 2849/2849
f 2854/2854 2851/2851 291/291
f 291/291 287/287 2854/2854
f 2475/2475 2854/2854 287/287
f 2850/2850 2851/2851 2855/2855
f 2855/2855 2852/2852 2850/2850
f 2851/2851 2854/2854 2856/2856
f 2856/2856 2855/2855 2851/2851
f 2854/2854 2475/2475 2857/2857
f 2857/2857 2856/2856 2854/2854
f 2476/2476 2857/2857 2475/2475
f 2857/2857 2476/2476 2479/2479
f 2479/2479 2858/2858 2857/2857
f 2856/2856 2857/2857 2858/2858
f 2858/2858 2479/2479 2859/2859
f 2855/2855 2856/2856 2860/2860
f 2858/2858 2860/2860 2856/2856
f 2860/2860 2861/2861 2855/2855
f 2852/2852 2855/2855 2861/2861
f 2860/2860 2858/2858 2862/2862
f 2859/2859 2862/2862 2858/2858
f 2861/2861 2860/2860 2863/2863
f 2862/2862 2863/2863 2860/2860
f 2861/2861 2864/2864 2852/2852
f 2853/2853 2852/2852 2864/2864
f 2863/2863 2865/2865 2861/2861
f 2864/2864 2861/2861 2865/2865
f 2864/2864 2866/2866 2853/2853
f 2847/2847 2853/2853 2866/2866
f 2865/2865 2867/2867 2864/2864
f 2866/2866 2864/2864 2867/2867
f 2866/2866 2868/2868 2847/2847
f 2845/2845 2847/2847 2868/2868
f 2867/2867 2869/2869 2866/2866
f 2868/2868 2866/2866 2869/2869
f 2868/2868 2870/2870 2845/2845
f 2846/2846 2845/2845 2870/2870
f 2870/2870 2871/2871 2846/2846
f 2870/2870 2868/2868 2872/2872
f 2869/2869 2872/2872 2868/2868
f 2871/2871 2870/2870 2873/2873
f 2872/2872 2873/2873 2870/2870
f 2873/2873 2874/2874 2871/2871
f 2874/2874 2873/2873 2875/2875
f 2875/2875 2876/2876 2874/2874
f 2873/2873 2872/2872 2877/2877
f 2877/2877 2875/2875 2873/2873
f 2872/2872 2869/2869 2878/2878
f 2878/2878 2877/2877 2872/2872
f 2879/2879 2878/2878 2869/2869
f 2869/2869 2867/2867 2879/2879
f 2876/2876 2875/2875 2880/2880
f 2880/2880 2881/2881 2876/2876
f 2875/2875 2877/2877 2882/2882
f 2882/2882 2880/2880 2875/2875
f 2877/2877 2878/2878 2883/2883
f 2883/2883 2882/2882 2877/2877
f 2884/2884 2883/2883 2878/2878
f 2878/2878 2879/2879 2884/2884
f 2881/2881 2880/2880 2885/2885
f 2885/2885 2886/2886 2881/2881
f 2880/2880 2882/2882 2887/2887
f 2887/2887 2885/2885 2880/2880
f 2882/2882 2883/2883 2888/2888
f 2888/2888 2887/2887 2882/2882
f 2889/2889 2888/2888 2883/2883
f 2883/2883 2884/2884 2889/2889
f 2886/2886 2885/2885 2890/2890
f 2890/2890 2891/2891 2886/2886
f 2885/2885 2887/2887 2892/2892
f 2892/2892 2890/2890 2885/2885
f 2887/2887 2888/2888 2893/2893
f 2893/2893 2892/2892 2887/2887
f 2894/2894 2893/2893 2888/2888
f 2888/2888 2889/2889 2894/2894
f 2891/2891 2890/2890 2895/2895
f 2895/2895 2896/2896 2891/2891
f 2890/2890 2892/2892 2897/2897
f 2897/2897 2895/2895 2890/2890
f 2892/2892 2893/2893 2898/2898
f 2898/2898 2897/2897 2892/2892
f 2899/2899 2898/2898 2893/2893
f 2893/2893 2894/2894 2899/2899
f 2837/2837 2559/2559 2900/2900
f 2838/2838 2837/2837 2901/2901
f 2900/2900 2901/2901 2837/2837
f 2901/2901 2900/2900 2902/2902
f 2902/2902 2903/2903 2901/2901
f 2838/2838 2901/2901 2903/2903
f 2904/2904 2902/2902 2900/2900
f 2903/2903 2905/2905 2838/2838
f 2537/2537 2838/2838 2905/2905
f 2905/2905 2903/2903 2906/2906
f 2906/2906 2907/2907 2905/2905
f 2537/2537 2905/2905 2907/2907
f 2907/2907 2906/2906 2908/2908
f 2900/2900 2560/2560 2904/2904
f 2560/2560 2900/2900 2559/2559
f 2563/2563 2904/2904 2560/2560
f 2908/2908 2909/2909 2907/2907
f 2537/2537 2907/2907 2909/2909
f 2909/2909 2908/2908 2910/2910
f 2909/2909 2910/2910 2911/2911
f 2911/2911 2912/2912 2909/2909
f 2537/2537 2909/2909 2912/2912
f 2912/2912 2911/2911 2913/2913
f 2912/2912 2913/2913 2914/2914
f 2912/2912 2914/2914 2915/2915
f 2912/2912 2915/2915 2916/2916
f 2912/2912 2916/2916 2917/2917
f 2917/2917 2918/2918 2912/2912
f 2537/2537 2912/2912 2918/2918
f 2918/2918 2917/2917 2919/2919
f 2918/2918 2919/2919 2920/2920
f 2920/2920 2921/2921 2918/2918
f 2537/2537 2918/2918 2921/2921
f 2921/2921 2920/2920 2922/2922
f 2921/2921 2922/2922 2923/2923
f 2921/2921 2923/2923 2924/2924
f 2924/2924 2925/2925 2921/2921
f 2537/2537 2921/2921 2925/2925
f 2925/2925 2924/2924 2926/2926
f 2926/2926 2927/2927 2925/2925
f 2537/2537 2925/2925 2927/2927
f 2927/2927 2926/2926 2928/2928
f 2927/2927 2928/2928 2929/2929
f 2930/2930 2931/2931 2932/2932
f 2932/2932 2933/2933 2930/2930
f 2934/2934 2932/2932 2931/2931
f 2931/2931 2935/2935 2934/2934
f 2936/2936 2934/2934 2935/2935
f 2935/2935 2937/2937 2936/2936
f 2938/2938 2936/2936 2937/2937
f 2937/2937 2939/2939 2938/2938
f 2940/2940 2938/2938 2939/2939
f 2939/2939 2941/2941 2940/2940
f 2942/2942 2940/2940 2941/2941
f 2941/2941 2943/2943 2942/2942
f 2944/2944 2942/2942 2943/2943
f 2943/2943 2945/2945 2944/2944
f 2946/2946 2944/2944 2945/2945
f 2945/2945 2947/2947 2946/2946
f 2948/2948 2946/2946 2947/2947
f 2947/2947 2949/2949 2948/2948
f 2950/2950 2948/2948 2949/2949
f 2949/2949 2951/2951 2950/2950
f 2952/2952 2950/2950 2951/2951
f 2951/2951 2953/2953 2952/2952
f 2954/2954 2952/2952 2953/2953
f 2953/2953 2955/2955 2954/2954
f 2956/2956 2954/2954 2955/2955
f 2957/2957 2956/2956 2955/2955
f 2955/2955 2958/2958 2957/2957
f 2959/2959 2957/2957 2958/2958
f 2958/2958 2960/2960 2959/2959
f 2961/2961 2959/2959 2960/2960
f 2960/2960 2962/2962 2961/2961
f 2963/2963 510/510 512/512
f 504/504 2964/2964 511/511
f 2964/2964 504/504 502/502
f 511/511 2965/2965 512/512
f 2965/2965 511/511 2964/2964
f 512/512 2966/2966 2963/2963
f 2966/2966 512/512 2965/2965
f 2967/2967 2963/2963 2966/2966
f 502/502 2968/2968 2964/2964
f 2968/2968 502/502 500/500
f 2964/2964 2969/2969 2965/2965
f 2969/2969 2964/2964 2968/2968
f 2965/2965 2970/2970 2966/2966
f 2970/2970 2965/2965 2969/2969
f 2966/2966 2971/2971 2967/2967
f 2971/2971 2966/2966 2970/2970
f 2972/2972 2967/2967 2971/2971
f 500/500 2973/2973 2968/2968
f 2973/2973 500/500 498/498
f 2968/2968 2974/2974 2969/2969
f 2974/2974 2968/2968 2973/2973
f 2971/2971 2975/2975 2972/2972
f 2976/2976 2972/2972 2975/2975
f 2975/2975 2971/2971 2977/2977
f 2970/2970 2977/2977 2971/2971
f 2975/2975 2978/2978 2976/2976
f 2969/2969 2979/2979 2970/2970
f 2979/2979 2969/2969 2974/2974
f 2977/2977 2970/2970 2979/2979
f 2980/2980 2976/2976 2978/2978
f 2977/2977 2981/2981 2975/2975
f 2978/2978 2975/2975 2981/2981
f 2979/2979 2982/2982 2977/2977
f 2981/2981 2977/2977 2982/2982
f 2982/2982 2979/2979 2983/2983
f 2974/2974 2983/2983 2979/2979
f 2978/2978 2984/2984 2980/2980
f 2985/2985 2980/2980 2984/2984
f 2981/2981 2986/2986 2978/2978
f 2984/2984 2978/2978 2986/2986
f 2982/2982 2987/2987 2981/2981
f 2986/2986 2981/2981 2987/2987
f 2983/2983 2988/2988 2982/2982
f 2987/2987 2982/2982 2988/2988
f 2986/2986 2989/2989 2984/2984
f 2985/2985 2984/2984 2989/2989
f 2989/2989 2986/2986 2990/2990
f 2987/2987 2990/2990 2986/2986
f 2989/2989 2991/2991 2985/2985
f 2990/2990 2987/2987 2992/2992
f 2988/2988 2992/2992 2987/2987
f 2990/2990 2993/2993 2989/2989
f 2991/2991 2989/2989 2993/2993
f 2992/2992 2994/2994 2990/2990
f 2993/2993 2990/2990 2994/2994
f 2995/2995 2985/2985 2991/2991
f 2985/2985 2995/2995 2996/2996
f 2997/2997 2996/2996 2995/2995
f 2996/2996 2997/2997 2998/2998
f 2998/2998 2999/2999 2996/2996
f 2995/2995 3000/3000 2997/2997
f 2999/2999 2998/2998 3001/3001
f 3001/3001 3002/3002 2999/2999
f 3001/3001 3003/3003 3002/3002
f 3003/3003 3001/3001 3004/3004
f 3003/3003 3004/3004 3005/3005
f 3005/3005 3006/3006 3003/3003
f 3006/3006 3005/3005 3007/3007
f 3006/3006 3007/3007 3008/3008
f 3008/3008 3009/3009 3006/3006
f 3000/3000 2995/2995 3010/3010
f 2991/2991 3010/3010 2995/2995
f 3010/3010 3011/3011 3000/3000
f 3010/3010 2991/2991 3012/3012
f 3011/3011 3010/3010 3013/3013
f 3012/3012 3013/3013 3010/3010
f 3013/3013 3014/3014 3011/3011
f 2993/2993 3012/3012 2991/2991
f 3013/3013 3015/3015 3014/3014
f 3012/3012 2993/2993 3016/3016
f 2994/2994 3016/3016 2993/2993
f 3015/3015 3013/3013 3017/3017
f 3017/3017 3018/3018 3015/3015
f 3013/3013 3012/3012 3019/3019
f 3019/3019 3017/3017 3013/3013
f 3012/3012 3016/3016 3020/3020
f 3020/3020 3019/3019 3012/3012
f 3016/3016 2994/2994 3021/3021
f 3021/3021 3020/3020 3016/3016
f 3022/3022 3021/3021 2994/2994
f 2994/2994 2992/2992 3022/3022
f 3020/3020 3021/3021 3023/3023
f 3019/3019 3020/3020 3024/3024
f 3023/3023 3024/3024 3020/3020
f 3025/3025 3022/3022 2992/2992
f 2992/2992 2988/2988 3025/3025
f 3021/3021 3022/3022 3026/3026
f 3026/3026 3023/3023 3021/3021
f 3022/3022 3025/3025 3027/3027
f 3027/3027 3026/3026 3022/3022
f 3028/3028 3025/3025 2988/2988
f 2988/2988 2983/2983 3028/3028
f 3029/3029 3027/3027 3025/3025
f 3025/3025 3028/3028 3029/3029
f 3030/3030 3028/3028 2983/2983
f 2983/2983 2974/2974 3030/3030
f 2973/2973 3030/3030 2974/2974
f 3028/3028 3030/3030 3031/3031
f 3031/3031 3029/3029 3028/3028
f 3030/3030 2973/2973 3032/3032
f 3032/3032 3031/3031 3030/3030
f 498/498 3032/3032 2973/2973
f 3032/3032 498/498 497/497
f 497/497 3033/3033 3032/3032
f 3031/3031 3032/3032 3033/3033
f 3033/3033 497/497 496/496
f 3029/3029 3031/3031 3034/3034
f 3033/3033 3034/3034 3031/3031
f 496/496 3035/3035 3033/3033
f 3034/3034 3033/3033 3035/3035
f 3035/3035 496/496 491/491
f 3034/3034 3036/3036 3029/3029
f 3027/3027 3029/3029 3036/3036
f 3035/3035 3037/3037 3034/3034
f 3036/3036 3034/3034 3037/3037
f 491/491 3038/3038 3035/3035
f 3037/3037 3035/3035 3038/3038
f 3038/3038 491/491 489/489
f 3036/3036 3039/3039 3027/3027
f 3026/3026 3027/3027 3039/3039
f 3037/3037 3040/3040 3036/3036
f 3039/3039 3036/3036 3040/3040
f 3038/3038 3041/3041 3037/3037
f 3040/3040 3037/3037 3041/3041
f 489/489 3042/3042 3038/3038
f 3041/3041 3038/3038 3042/3042
f 3042/3042 489/489 490/490
f 490/490 1336/1336 3042/3042
f 3040/3040 3043/3043 3039/3039
f 3039/3039 3044/3044 3026/3026
f 3044/3044 3039/3039 3043/3043
f 3023/3023 3026/3026 3044/3044
f 3045/3045 3042/3042 1336/1336
f 3042/3042 3045/3045 3041/3041
f 3041/3041 3046/3046 3040/3040
f 3046/3046 3041/3041 3045/3045
f 3047/3047 3040/3040 3046/3046
f 3046/3046 3048/3048 3047/3047
f 3044/3044 3049/3049 3023/3023
f 3024/3024 3023/3023 3049/3049
f 3043/3043 3050/3050 3044/3044
f 3049/3049 3044/3044 3050/3050
f 3050/3050 3043/3043 3051/3051
f 3051/3051 3052/3052 3050/3050
f 3050/3050 3053/3053 3049/3049
f 3049/3049 3054/3054 3024/3024
f 3054/3054 3049/3049 3053/3053
f 3019/3019 3024/3024 3054/3054
f 3053/3053 3055/3055 3054/3054
f 3056/3056 3054/3054 3055/3055
f 3054/3054 3056/3056 3019/3019
f 3055/3055 3057/3057 3056/3056
f 3017/3017 3019/3019 3056/3056
f 3056/3056 3058/3058 3017/3017
f 3018/3018 3017/3017 3058/3058
f 3058/3058 3056/3056 3057/3057
f 3058/3058 3059/3059 3018/3018
f 3057/3057 3060/3060 3058/3058
f 3059/3059 3058/3058 3060/3060
f 3060/3060 3061/3061 3059/3059
f 1331/1331 1329/1329 3062/3062
f 3062/3062 1336/1336 1331/1331
f 1336/1336 3062/3062 3045/3045
f 3063/3063 3062/3062 1329/1329
f 1329/1329 1327/1327 3063/3063
f 3064/3064 3045/3045 3062/3062
f 3062/3062 3063/3063 3064/3064
f 3045/3045 3064/3064 3046/3046
f 3048/3048 3046/3046 3064/3064
f 3064/3064 3065/3065 3048/3048
f 3065/3065 3064/3064 3063/3063
f 3066/3066 3048/3048 3065/3065
f 3067/3067 3063/3063 1327/1327
f 3063/3063 3067/3067 3065/3065
f 1327/1327 1325/1325 3067/3067
f 3065/3065 3068/3068 3066/3066
f 3068/3068 3065/3065 3067/3067
f 3069/3069 3067/3067 1325/1325
f 3067/3067 3069/3069 3068/3068
f 1325/1325 1323/1323 3069/3069
f 3070/3070 3069/3069 1323/1323
f 1323/1323 1321/1321 3070/3070
f 3071/3071 3068/3068 3069/3069
f 3069/3069 3070/3070 3071/3071
f 3072/3072 3066/3066 3068/3068
f 3068/3068 3071/3071 3072/3072
f 3066/3066 3072/3072 3073/3073
f 3073/3073 3074/3074 3066/3066
f 3075/3075 3073/3073 3072/3072
f 3072/3072 3076/3076 3075/3075
f 3076/3076 3072/3072 3071/3071
f 3077/3077 3075/3075 3076/3076
f 3078/3078 3071/3071 3070/3070
f 3071/3071 3078/3078 3076/3076
f 3076/3076 3079/3079 3077/3077
f 3079/3079 3076/3076 3078/3078
f 3080/3080 3077/3077 3079/3079
f 3070/3070 3081/3081 3078/3078
f 3081/3081 3070/3070 1321/1321
f 1321/1321 1319/1319 3081/3081
f 3082/3082 3078/3078 3081/3081
f 3078/3078 3082/3082 3079/3079
f 3083/3083 3081/3081 1319/1319
f 3081/3081 3083/3083 3082/3082
f 1319/1319 1318/1318 3083/3083
f 3079/3079 3084/3084 3080/3080
f 3084/3084 3079/3079 3082/3082
f 3085/3085 3080/3080 3084/3084
f 1316/1316 3083/3083 1318/1318
f 3086/3086 3082/3082 3083/3083
f 3082/3082 3086/3086 3084/3084
f 3083/3083 1316/1316 3086/3086
f 3084/3084 3087/3087 3085/3085
f 3087/3087 3084/3084 3086/3086
f 3088/3088 3085/3085 3087/3087
f 3088/3088 3089/3089 3085/3085
f 3086/3086 3090/3090 3087/3087
f 3090/3090 3086/3086 1316/1316
f 3088/3088 3087/3087 3090/3090
f 3088/3088 3091/3091 3089/3089
f 3088/3088 3092/3092 3091/3091
f 3088/3088 3093/3093 3092/3092
f 3088/3088 3094/3094 3093/3093
f 3088/3088 3095/3095 3094/3094
f 3088/3088 3096/3096 3095/3095
f 3088/3088 3097/3097 3096/3096
f 3088/3088 3098/3098 3097/3097
f 3088/3088 3099/3099 3098/3098
f 3088/3088 3100/3100 3099/3099
f 3088/3088 3101/3101 3100/3100
f 3088/3088 3102/3102 3101/3101
f 3088/3088 3103/3103 3102/3102
f 3104/3104 3102/3102 3103/3103
f 3103/3103 3105/3105 3104/3104
f 3105/3105 3103/3103 3106/3106
f 3088/3088 3106/3106 3103/3103
f 3106/3106 3107/3107 3105/3105
f 3107/3107 3106/3106 3108/3108
f 3088/3088 3108/3108 3106/3106
f 3108/3108 3109/3109 3107/3107
f 3109/3109 3108/3108 3110/3110
f 3088/3088 3110/3110 3108/3108
f 3110/3110 3111/3111 3109/3109
f 3110/3110 3112/3112 3111/3111
f 3112/3112 3110/3110 3113/3113
f 3088/3088 3113/3113 3110/3110
f 3113/3113 3114/3114 3112/3112
f 3114/3114 3113/3113 3115/3115
f 3088/3088 3115/3115 3113/3113
f 3115/3115 3116/3116 3114/3114
f 3116/3116 3115/3115 3117/3117
f 3088/3088 3117/3117 3115/3115
f 3117/3117 1311/1311 3116/3116
f 1311/1311 3117/3117 3118/3118
f 3088/3088 3118/3118 3117/3117
f 3118/3118 1310/1310 1311/1311
f 1310/1310 3118/3118 3119/3119
f 3088/3088 3119/3119 3118/3118
f 3119/3119 1312/1312 1310/1310
f 1312/1312 3119/3119 3120/3120
f 3088/3088 3120/3120 3119/3119
f 3120/3120 1314/1314 1312/1312
f 1314/1314 3120/3120 3121/3121
f 3088/3088 3121/3121 3120/3120
f 3121/3121 1316/1316 1314/1314
f 3088/3088 3090/3090 3121/3121
f 1316/1316 3121/3121 3090/3090
f 3122/3122 3123/3123 3124/3124
f 3124/3124 3125/3125 3122/3122
f 3126/3126 3122/3122 3125/3125
f 3125/3125 3127/3127 3126/3126
f 3128/3128 3126/3126 3127/3127
f 3127/3127 3129/3129 3128/3128
f 3130/3130 3128/3128 3129/3129
f 3129/3129 3131/3131 3130/3130
f 3132/3132 3130/3130 3131/3131
f 3131/3131 3133/3133 3132/3132
f 3134/3134 3132/3132 3133/3133
f 3133/3133 3135/3135 3134/3134
f 3136/3136 3134/3134 3135/3135
f 3135/3135 3137/3137 3136/3136
f 3138/3138 3136/3136 3137/3137
f 3137/3137 3139/3139 3138/3138
f 3140/3140 2787/2787 2789/2789
f 2781/2781 3141/3141 2788/2788
f 3141/3141 2781/2781 2779/2779
f 2788/2788 3142/3142 2789/2789
f 3142/3142 2788/2788 3141/3141
f 2789/2789 3143/3143 3140/3140
f 3143/3143 2789/2789 3142/3142
f 3144/3144 3140/3140 3143/3143
f 2779/2779 3145/3145 3141/3141
f 3145/3145 2779/2779 2777/2777
f 3141/3141 3146/3146 3142/3142
f 3146/3146 3141/3141 3145/3145
f 3142/3142 3147/3147 3143/3143
f 3147/3147 3142/3142 3146/3146
f 3143/3143 3148/3148 3144/3144
f 3148/3148 3143/3143 3147/3147
f 3149/3149 3144/3144 3148/3148
f 2777/2777 3150/3150 3145/3145
f 3150/3150 2777/2777 2775/2775
f 3145/3145 3151/3151 3146/3146
f 3151/3151 3145/3145 3150/3150
f 3148/3148 3152/3152 3149/3149
f 3153/3153 3149/3149 3152/3152
f 3152/3152 3148/3148 3154/3154
f 3147/3147 3154/3154 3148/3148
f 3152/3152 3155/3155 3153/3153
f 3146/3146 3156/3156 3147/3147
f 3156/3156 3146/3146 3151/3151
f 3154/3154 3147/3147 3156/3156
f 3157/3157 3153/3153 3155/3155
f 3154/3154 3158/3158 3152/3152
f 3155/3155 3152/3152 3158/3158
f 3156/3156 3159/3159 3154/3154
f 3158/3158 3154/3154 3159/3159
f 3159/3159 3156/3156 3160/3160
f 3151/3151 3160/3160 3156/3156
f 3155/3155 3161/3161 3157/3157
f 3162/3162 3157/3157 3161/3161
f 3158/3158 3163/3163 3155/3155
f 3161/3161 3155/3155 3163/3163
f 3159/3159 3164/3164 3158/3158
f 3163/3163 3158/3158 3164/3164
f 3160/3160 3165/3165 3159/3159
f 3164/3164 3159/3159 3165/3165
f 3161/3161 3166/3166 3162/3162
f 3163/3163 3167/3167 3161/3161
f 3166/3166 3161/3161 3167/3167
f 3168/3168 3162/3162 3166/3166
f 3167/3167 3163/3163 3169/3169
f 3164/3164 3169/3169 3163/3163
f 3167/3167 3170/3170 3166/3166
f 3169/3169 3164/3164 3171/3171
f 3165/3165 3171/3171 3164/3164
f 3169/3169 3172/3172 3167/3167
f 3170/3170 3167/3167 3172/3172
f 3171/3171 3173/3173 3169/3169
f 3172/3172 3169/3169 3173/3173
f 3174/3174 3166/3166 3170/3170
f 3166/3166 3174/3174 3168/3168
f 3175/3175 3168/3168 3174/3174
f 3168/3168 3175/3175 3176/3176
f 3176/3176 3177/3177 3168/3168
f 3174/3174 3178/3178 3175/3175
f 3177/3177 3176/3176 3179/3179
f 3177/3177 3179/3179 3180/3180
f 3180/3180 3181/3181 3177/3177
f 3180/3180 3182/3182 3181/3181
f 3182/3182 3180/3180 3183/3183
f 3183/3183 3184/3184 3182/3182
f 3184/3184 3183/3183 3185/3185
f 3185/3185 3186/3186 3184/3184
f 3186/3186 3185/3185 3187/3187
f 3187/3187 3188/3188 3186/3186
f 3174/3174 3189/3189 3178/3178
f 3174/3174 3170/3170 3190/3190
f 3189/3189 3174/3174 3191/3191
f 3190/3190 3191/3191 3174/3174
f 3191/3191 3192/3192 3189/3189
f 3172/3172 3190/3190 3170/3170
f 3192/3192 3191/3191 3193/3193
f 3193/3193 3194/3194 3192/3192
f 3191/3191 3190/3190 3195/3195
f 3195/3195 3193/3193 3191/3191
f 3190/3190 3172/3172 3196/3196
f 3196/3196 3195/3195 3190/3190
f 3173/3173 3196/3196 3172/3172
f 3193/3193 3197/3197 3194/3194
f 3193/3193 3195/3195 3198/3198
f 3195/3195 3196/3196 3199/3199
f 3199/3199 3198/3198 3195/3195
f 3196/3196 3173/3173 3200/3200
f 3200/3200 3199/3199 3196/3196
f 3201/3201 3200/3200 3173/3173
f 3173/3173 3171/3171 3201/3201
f 3199/3199 3200/3200 3202/3202
f 3198/3198 3199/3199 3203/3203
f 3202/3202 3203/3203 3199/3199
f 3203/3203 3204/3204 3198/3198
f 3193/3193 3198/3198 3204/3204
f 3205/3205 3201/3201 3171/3171
f 3171/3171 3165/3165 3205/3205
f 3200/3200 3201/3201 3206/3206
f 3206/3206 3202/3202 3200/3200
f 3201/3201 3205/3205 3207/3207
f 3207/3207 3206/3206 3201/3201
f 3208/3208 3205/3205 3165/3165
f 3165/3165 3160/3160 3208/3208
f 3209/3209 3207/3207 3205/3205
f 3205/3205 3208/3208 3209/3209
f 3210/3210 3208/3208 3160/3160
f 3160/3160 3151/3151 3210/3210
f 3150/3150 3210/3210 3151/3151
f 3208/3208 3210/3210 3211/3211
f 3211/3211 3209/3209 3208/3208
f 3210/3210 3150/3150 3212/3212
f 3212/3212 3211/3211 3210/3210
f 2775/2775 3212/3212 3150/3150
f 3212/3212 2775/2775 2774/2774
f 2774/2774 3213/3213 3212/3212
f 3211/3211 3212/3212 3213/3213
f 3213/3213 2774/2774 2773/2773
f 3209/3209 3211/3211 3214/3214
f 3213/3213 3214/3214 3211/3211
f 2773/2773 3215/3215 3213/3213
f 3214/3214 3213/3213 3215/3215
f 3215/3215 2773/2773 2768/2768
f 3214/3214 3216/3216 3209/3209
f 3207/3207 3209/3209 3216/3216
f 3215/3215 3217/3217 3214/3214
f 3216/3216 3214/3214 3217/3217
f 2768/2768 3218/3218 3215/3215
f 3217/3217 3215/3215 3218/3218
f 3218/3218 2768/2768 2767/2767
f 3216/3216 3219/3219 3207/3207
f 3206/3206 3207/3207 3219/3219
f 3217/3217 3220/3220 3216/3216
f 3219/3219 3216/3216 3220/3220
f 3218/3218 3221/3221 3217/3217
f 3220/3220 3217/3217 3221/3221
f 2767/2767 3222/3222 3218/3218
f 3221/3221 3218/3218 3222/3222
f 3222/3222 2767/2767 109/109
f 109/109 107/107 3222/3222
f 3220/3220 3223/3223 3219/3219
f 3219/3219 3224/3224 3206/3206
f 3224/3224 3219/3219 3223/3223
f 3202/3202 3206/3206 3224/3224
f 1341/1341 3222/3222 107/107
f 3222/3222 1341/1341 3221/3221
f 3221/3221 1344/1344 3220/3220
f 1344/1344 3221/3221 1341/1341
f 3225/3225 3220/3220 1344/1344
f 1344/1344 1345/1345 3225/3225
f 3224/3224 3226/3226 3202/3202
f 3203/3203 3202/3202 3226/3226
f 3223/3223 3227/3227 3224/3224
f 3226/3226 3224/3224 3227/3227
f 3227/3227 3223/3223 3228/3228
f 3228/3228 3229/3229 3227/3227
f 3227/3227 3230/3230 3226/3226
f 3226/3226 3231/3231 3203/3203
f 3231/3231 3226/3226 3230/3230
f 3204/3204 3203/3203 3231/3231
f 3230/3230 3232/3232 3231/3231
f 3233/3233 3231/3231 3232/3232
f 3231/3231 3233/3233 3204/3204
f 3232/3232 3234/3234 3233/3233
f 3235/3235 3204/3204 3233/3233
f 3204/3204 3235/3235 3193/3193
f 3197/3197 3193/3193 3235/3235
f 3233/3233 3236/3236 3235/3235
f 3197/3197 3235/3235 3236/3236
f 3236/3236 3233/3233 3234/3234
f 3236/3236 3237/3237 3197/3197
f 3234/3234 3238/3238 3236/3236
f 3237/3237 3236/3236 3238/3238
f 3238/3238 3239/3239 3237/3237
f 2594/2594 2592/2592 3240/3240
f 3241/3241 3240/3240 2592/2592
f 2594/2594 3242/3242 2590/2590
f 3240/3240 3243/3243 2594/2594
f 269/269 2590/2590 3242/3242
f 2590/2590 269/269 267/267
f 3242/3242 271/271 269/269
f 3243/3243 3240/3240 3244/3244
f 3245/3245 3244/3244 3240/3240
f 3244/3244 3246/3246 3243/3243
f 3246/3246 3244/3244 3247/3247
f 3248/3248 3247/3247 3244/3244
f 3247/3247 3249/3249 3246/3246
f 3249/3249 3247/3247 3250/3250
f 3251/3251 3250/3250 3247/3247
f 3250/3250 3252/3252 3249/3249
f 3252/3252 3250/3250 3253/3253
f 3254/3254 3253/3253 3250/3250
f 3253/3253 3255/3255 3252/3252
f 3255/3255 3253/3253 3256/3256
f 3257/3257 3256/3256 3253/3253
f 3256/3256 3258/3258 3255/3255
f 3258/3258 3256/3256 3259/3259
f 3260/3260 3259/3259 3256/3256
f 3259/3259 3261/3261 3258/3258
f 3261/3261 3259/3259 3262/3262
f 3263/3263 3262/3262 3259/3259
f 3262/3262 3264/3264 3261/3261
f 3264/3264 3262/3262 3265/3265
f 3266/3266 3265/3265 3262/3262
f 3265/3265 3267/3267 3264/3264
f 3267/3267 3265/3265 3268/3268
f 3269/3269 3268/3268 3265/3265
f 3268/3268 3270/3270 3267/3267
f 3270/3270 3268/3268 3271/3271
f 3272/3272 3271/3271 3268/3268
f 3271/3271 3273/3273 3270/3270
f 3273/3273 3271/3271 3274/3274
f 3275/3275 3274/3274 3271/3271
f 3274/3274 3276/3276 3273/3273
f 3276/3276 3274/3274 3277/3277
f 3278/3278 3277/3277 3274/3274
f 3277/3277 3279/3279 3276/3276
f 3279/3279 3277/3277 3280/3280
f 3281/3281 3280/3280 3277/3277
f 3280/3280 3282/3282 3279/3279
f 3282/3282 3280/3280 3283/3283
f 3284/3284 3283/3283 3280/3280
f 3283/3283 3285/3285 3282/3282
f 3285/3285 3283/3283 3286/3286
f 3287/3287 3286/3286 3283/3283
f 3286/3286 3288/3288 3285/3285
f 3288/3288 3286/3286 3289/3289
f 3290/3290 3289/3289 3286/3286
f 3289/3289 3291/3291 3288/3288
f 3292/3292 3288/3288 3291/3291
f 3291/3291 3289/3289 3293/3293
f 3294/3294 3293/3293 3289/3289
f 3291/3291 3295/3295 3292/3292
f 3296/3296 3292/3292 3295/3295
f 3293/3293 3297/3297 3291/3291
f 3295/3295 3291/3291 3297/3297
f 3297/3297 3293/3293 3298/3298
f 3299/3299 3298/3298 3293/3293
f 3297/3297 3300/3300 3295/3295
f 3295/3295 3301/3301 3296/3296
f 3301/3301 3295/3295 3300/3300
f 3302/3302 3296/3296 3301/3301
f 3300/3300 3297/3297 3303/3303
f 3298/3298 3303/3303 3297/3297
f 3301/3301 3304/3304 3302/3302
f 3305/3305 3302/3302 3304/3304
f 3300/3300 3306/3306 3301/3301
f 3304/3304 3301/3301 3306/3306
f 3303/3303 3307/3307 3300/3300
f 3306/3306 3300/3300 3307/3307
f 3303/3303 3298/3298 3308/3308
f 3309/3309 3308/3308 3298/3298
f 3307/3307 3303/3303 3310/3310
f 3308/3308 3310/3310 3303/3303
f 3310/3310 3308/3308 3311/3311
f 3312/3312 3311/3311 3308/3308
f 3307/3307 3313/3313 3306/3306
f 3307/3307 3310/3310 3314/3314
f 3311/3311 3314/3314 3310/3310
f 3307/3307 3315/3315 3313/3313
f 3314/3314 3311/3311 3316/3316
f 3317/3317 3316/3316 3311/3311
f 3314/3314 3318/3318 3307/3307
f 3315/3315 3307/3307 3318/3318
f 3316/3316 3319/3319 3314/3314
f 3318/3318 3314/3314 3319/3319
f 3319/3319 3316/3316 3320/3320
f 3321/3321 3320/3320 3316/3316
f 3319/3319 3322/3322 3318/3318
f 3318/3318 3323/3323 3315/3315
f 3323/3323 3318/3318 3322/3322
f 3322/3322 3319/3319 3324/3324
f 3320/3320 3324/3324 3319/3319
f 3324/3324 3320/3320 3325/3325
f 3326/3326 3325/3325 3320/3320
f 3325/3325 3327/3327 3324/3324
f 3328/3328 3324/3324 3327/3327
f 3324/3324 3328/3328 3322/3322
f 3327/3327 3329/3329 3328/3328
f 3322/3322 3330/3330 3323/3323
f 3330/3330 3322/3322 3328/3328
f 3331/3331 3328/3328 3329/3329
f 3328/3328 3331/3331 3330/3330
f 3329/3329 3332/3332 3331/3331
f 3333/3333 3331/3331 3332/3332
f 3332/3332 3334/3334 3333/3333
f 3335/3335 3330/3330 3331/3331
f 3331/3331 3333/3333 3335/3335
f 3336/3336 3323/3323 3330/3330
f 3330/3330 3335/3335 3336/3336
f 3323/3323 3336/3336 3337/3337
f 3337/3337 3315/3315 3323/3323
f 3338/3338 3333/3333 3334/3334
f 3334/3334 3339/3339 3338/3338
f 3340/3340 3335/3335 3333/3333
f 3333/3333 3338/3338 3340/3340
f 3341/3341 3336/3336 3335/3335
f 3335/3335 3340/3340 3341/3341
f 3342/3342 3337/3337 3336/3336
f 3336/3336 3341/3341 3342/3342
f 3343/3343 3338/3338 3339/3339
f 3339/3339 3344/3344 3343/3343
f 3345/3345 3340/3340 3338/3338
f 3338/3338 3343/3343 3345/3345
f 3346/3346 3341/3341 3340/3340
f 3340/3340 3345/3345 3346/3346
f 3347/3347 3342/3342 3341/3341
f 3341/3341 3346/3346 3347/3347
f 3348/3348 3343/3343 3344/3344
f 3344/3344 3349/3349 3348/3348
f 3350/3350 3345/3345 3343/3343
f 3343/3343 3348/3348 3350/3350
f 3351/3351 3346/3346 3345/3345
f 3345/3345 3350/3350 3351/3351
f 3352/3352 3347/3347 3346/3346
f 3346/3346 3351/3351 3352/3352
f 3353/3353 3348/3348 3349/3349
f 3349/3349 3354/3354 3353/3353
f 3355/3355 3350/3350 3348/3348
f 3348/3348 3353/3353 3355/3355
f 3356/3356 3351/3351 3350/3350
f 3350/3350 3355/3355 3356/3356
f 3357/3357 3352/3352 3351/3351
f 3351/3351 3356/3356 3357/3357
f 3358/3358 3353/3353 3354/3354
f 3354/3354 3359/3359 3358/3358
f 3360/3360 3355/3355 3353/3353
f 3353/3353 3358/3358 3360/3360
f 1502/1502 3356/3356 3355/3355
f 3355/3355 3360/3360 1502/1502
f 1501/1501 3357/3357 3356/3356
f 3356/3356 1502/1502 1501/1501
f 1505/1505 3358/3358 3359/3359
f 3359/3359 1506/1506 1505/1505
f 1509/1509 3360/3360 3358/3358
f 3358/3358 1505/1505 1509/1509
f 1503/1503 1502/1502 3360/3360
f 3360/3360 1509/1509 1503/1503
f 3361/3361 3362/3362 3363/3363
f 3363/3363 3364/3364 3361/3361
f 3365/3365 3361/3361 3364/3364
f 3364/3364 3366/3366 3365/3365
f 3367/3367 3365/3365 3366/3366
f 3366/3366 3368/3368 3367/3367
f 3369/3369 3367/3367 3368/3368
f 3368/3368 3370/3370 3369/3369
f 3371/3371 3369/3369 3370/3370
f 3370/3370 3372/3372 3371/3371
f 3373/3373 3371/3371 3372/3372
f 3372/3372 3374/3374 3373/3373
f 3375/3375 3373/3373 3374/3374
f 3374/3374 3376/3376 3375/3375
f 144/144 3377/3377 3378/3378
f 3378/3378 142/142 144/144
f 3379/3379 3378/3378 3377/3377
f 3377/3377 3380/3380 3379/3379
f 142/142 3378/3378 3381/3381
f 3381/3381 143/143 142/142
f 143/143 3381/3381 1537/1537
f 3382/3382 3381/3381 3378/3378
f 3378/3378 3379/3379 3382/3382
f 3383/3383 1537/1537 3381/3381
f 3381/3381 3382/3382 3383/3383
f 1537/1537 3383/3383 1501/1501
f 3357/3357 1501/1501 3383/3383
f 3383/3383 3384/3384 3357/3357
f 3384/3384 3383/3383 3382/3382
f 3352/3352 3357/3357 3384/3384
f 3385/3385 3382/3382 3379/3379
f 3382/3382 3385/3385 3384/3384
f 3384/3384 3386/3386 3352/3352
f 3386/3386 3384/3384 3385/3385
f 3347/3347 3352/3352 3386/3386
f 3379/3379 3387/3387 3385/3385
f 3387/3387 3379/3379 3380/3380
f 3380/3380 3388/3388 3387/3387
f 3389/3389 3385/3385 3387/3387
f 3385/3385 3389/3389 3386/3386
f 3390/3390 3387/3387 3388/3388
f 3387/3387 3390/3390 3389/3389
f 3388/3388 3391/3391 3390/3390
f 3386/3386 3392/3392 3347/3347
f 3392/3392 3386/3386 3389/3389
f 3342/3342 3347/3347 3392/3392
f 3393/3393 3390/3390 3391/3391
f 3394/3394 3389/3389 3390/3390
f 3389/3389 3394/3394 3392/3392
f 3390/3390 3393/3393 3394/3394
f 3391/3391 3395/3395 3393/3393
f 3392/3392 3396/3396 3342/3342
f 3396/3396 3392/3392 3394/3394
f 3337/3337 3342/3342 3396/3396
f 3397/3397 3393/3393 3395/3395
f 3395/3395 3305/3305 3397/3397
f 3304/3304 3397/3397 3305/3305
f 3398/3398 3394/3394 3393/3393
f 3394/3394 3398/3398 3396/3396
f 3393/3393 3397/3397 3398/3398
f 3396/3396 3399/3399 3337/3337
f 3399/3399 3396/3396 3398/3398
f 3315/3315 3337/3337 3399/3399
f 3399/3399 3313/3313 3315/3315
f 3397/3397 3304/3304 3400/3400
f 3400/3400 3398/3398 3397/3397
f 3398/3398 3400/3400 3399/3399
f 3313/3313 3399/3399 3400/3400
f 3306/3306 3400/3400 3304/3304
f 3400/3400 3306/3306 3313/3313
f 3401/3401 3402/3402 3403/3403
f 3403/3403 3404/3404 3401/3401
f 3405/3405 3401/3401 3404/3404
f 3404/3404 3406/3406 3405/3405
f 3407/3407 3405/3405 3406/3406
f 3406/3406 3408/3408 3407/3407
f 3409/3409 3407/3407 3408/3408
f 3408/3408 3410/3410 3409/3409
f 3411/3411 3409/3409 3410/3410
f 3410/3410 3412/3412 3411/3411
f 3413/3413 3411/3411 3412/3412
f 3412/3412 3414/3414 3413/3413
f 3415/3415 3413/3413 3414/3414
f 3414/3414 3416/3416 3415/3415
f 3417/3417 3415/3415 3416/3416
f 3416/3416 3418/3418 3417/3417
f 3419/3419 2929/2929 2928/2928
f 2928/2928 3420/3420 3419/3419
f 2927/2927 2929/2929 3421/3421
f 3422/3422 3419/3419 3420/3420
f 3420/3420 3423/3423 3422/3422
f 2929/2929 3419/3419 3424/3424
f 3424/3424 3421/3421 2929/2929
f 3419/3419 3422/3422 3425/3425
f 3425/3425 3424/3424 3419/3419
f 3426/3426 3422/3422 3423/3423
f 3423/3423 3427/3427 3426/3426
f 3428/3428 3425/3425 3422/3422
f 3422/3422 3426/3426 3428/3428
f 3429/3429 3426/3426 3427/3427
f 3427/3427 3430/3430 3429/3429
f 3431/3431 3428/3428 3426/3426
f 3426/3426 3429/3429 3431/3431
f 3432/3432 3429/3429 3430/3430
f 3430/3430 3433/3433 3432/3432
f 3434/3434 3431/3431 3429/3429
f 3429/3429 3432/3432 3434/3434
f 3435/3435 3432/3432 3433/3433
f 3433/3433 3436/3436 3435/3435
f 3437/3437 3434/3434 3432/3432
f 3432/3432 3435/3435 3437/3437
f 3438/3438 3435/3435 3436/3436
f 3436/3436 3439/3439 3438/3438
f 3440/3440 3437/3437 3435/3435
f 3435/3435 3438/3438 3440/3440
f 3441/3441 3438/3438 3439/3439
f 3439/3439 3442/3442 3441/3441
f 3443/3443 3440/3440 3438/3438
f 3438/3438 3441/3441 3443/3443
f 3444/3444 3441/3441 3442/3442
f 3442/3442 3445/3445 3444/3444
f 3446/3446 3443/3443 3441/3441
f 3441/3441 3444/3444 3446/3446
f 3447/3447 3444/3444 3445/3445
f 3445/3445 3448/3448 3447/3447
f 3449/3449 3446/3446 3444/3444
f 3444/3444 3447/3447 3449/3449
f 3450/3450 3447/3447 3448/3448
f 3448/3448 3451/3451 3450/3450
f 3452/3452 3449/3449 3447/3447
f 3447/3447 3450/3450 3452/3452
f 1715/1715 3450/3450 3451/3451
f 3451/3451 1713/1713 1715/1715
f 1716/1716 3452/3452 3450/3450
f 3450/3450 1715/1715 1716/1716
f 3449/3449 3452/3452 3453/3453
f 3452/3452 1716/1716 1718/1718
f 1718/1718 3453/3453 3452/3452
f 3453/3453 3454/3454 3449/3449
f 3446/3446 3449/3449 3454/3454
f 3453/3453 1718/1718 1687/1687
f 3454/3454 3455/3455 3446/3446
f 3443/3443 3446/3446 3455/3455
f 3454/3454 3453/3453 1684/1684
f 1687/1687 1684/1684 3453/3453
f 3455/3455 3454/3454 1681/1681
f 1684/1684 1681/1681 3454/3454
f 3455/3455 3456/3456 3443/3443
f 3440/3440 3443/3443 3456/3456
f 1681/1681 1669/1669 3455/3455
f 3456/3456 3455/3455 1669/1669
f 3456/3456 3457/3457 3440/3440
f 3437/3437 3440/3440 3457/3457
f 1669/1669 1667/1667 3456/3456
f 3457/3457 3456/3456 1667/1667
f 3457/3457 3458/3458 3437/3437
f 3434/3434 3437/3437 3458/3458
f 1667/1667 1664/1664 3457/3457
f 3458/3458 3457/3457 1664/1664
f 3458/3458 3459/3459 3434/3434
f 3431/3431 3434/3434 3459/3459
f 1664/1664 1659/1659 3458/3458
f 3459/3459 3458/3458 1659/1659
f 3459/3459 3460/3460 3431/3431
f 3428/3428 3431/3431 3460/3460
f 1659/1659 1656/1656 3459/3459
f 3460/3460 3459/3459 1656/1656
f 3460/3460 3461/3461 3428/3428
f 3425/3425 3428/3428 3461/3461
f 1656/1656 1655/1655 3460/3460
f 3461/3461 3460/3460 1655/1655
f 3461/3461 3462/3462 3425/3425
f 3424/3424 3425/3425 3462/3462
f 1655/1655 3463/3463 3461/3461
f 3462/3462 3461/3461 3463/3463
f 3462/3462 3464/3464 3424/3424
f 3421/3421 3424/3424 3464/3464
f 3463/3463 3465/3465 3462/3462
f 3464/3464 3462/3462 3465/3465
f 3463/3463 1655/1655 713/713
f 3464/3464 3466/3466 3421/3421
f 3465/3465 3463/3463 712/712
f 713/713 712/712 3463/3463
f 3465/3465 3467/3467 3464/3464
f 3466/3466 3464/3464 3467/3467
f 712/712 2542/2542 3465/3465
f 3467/3467 3465/3465 2542/2542
f 3468/3468 3421/3421 3466/3466
f 3421/3421 3468/3468 2927/2927
f 2537/2537 2927/2927 3468/3468
f 3467/3467 2533/2533 3466/3466
f 3468/3468 3466/3466 2533/2533
f 2537/2537 3468/3468 2532/2532
f 2533/2533 2532/2532 3468/3468
f 2537/2537 2532/2532 2535/2535
f 2533/2533 3467/3467 2536/2536
f 2542/2542 2536/2536 3467/3467
f 1056/1056 1026/1026 1021/1021
f 1021/1021 1022/1022 1056/1056
f 1024/1024 1023/1023 3469/3469
f 3469/3469 3470/3470 1024/1024
f 1023/1023 1025/1025 3471/3471
f 3471/3471 3469/3469 1023/1023
f 1025/1025 1026/1026 3472/3472
f 3472/3472 3471/3471 1025/1025
f 1055/1055 3472/3472 1026/1026
f 1026/1026 1056/1056 1055/1055
f 3470/3470 3469/3469 3473/3473
f 3473/3473 3474/3474 3470/3470
f 3469/3469 3471/3471 3475/3475
f 3475/3475 3473/3473 3469/3469
f 3471/3471 3472/3472 3476/3476
f 3476/3476 3475/3475 3471/3471
f 3477/3477 3476/3476 3472/3472
f 3472/3472 1055/1055 3477/3477
f 3474/3474 3473/3473 3478/3478
f 3478/3478 3479/3479 3474/3474
f 3473/3473 3475/3475 3480/3480
f 3480/3480 3478/3478 3473/3473
f 3475/3475 3476/3476 3481/3481
f 3481/3481 3480/3480 3475/3475
f 3482/3482 3481/3481 3476/3476
f 3476/3476 3477/3477 3482/3482
f 3479/3479 3478/3478 3483/3483
f 3483/3483 3484/3484 3479/3479
f 3478/3478 3480/3480 3485/3485
f 3485/3485 3483/3483 3478/3478
f 3480/3480 3481/3481 3486/3486
f 3486/3486 3485/3485 3480/3480
f 3487/3487 3486/3486 3481/3481
f 3481/3481 3482/3482 3487/3487
f 3484/3484 3483/3483 3488/3488
f 3488/3488 3489/3489 3484/3484
f 3483/3483 3485/3485 3490/3490
f 3490/3490 3488/3488 3483/3483
f 3485/3485 3486/3486 3491/3491
f 3491/3491 3490/3490 3485/3485
f 3489/3489 3488/3488 3492/3492
f 3492/3492 3493/3493 3489/3489
f 3493/3493 3492/3492 3494/3494
f 3495/3495 3492/3492 3488/3488
f 3488/3488 3490/3490 3495/3495
f 3492/3492 3495/3495 3496/3496
f 3497/3497 3495/3495 3490/3490
f 3490/3490 3491/3491 3497/3497
f 3495/3495 3497/3497 3498/3498
f 3499/3499 3497/3497 3491/3491
f 3497/3497 3499/3499 3500/3500
f 3501/3501 3491/3491 3486/3486
f 3491/3491 3501/3501 3499/3499
f 3486/3486 3487/3487 3501/3501
f 3502/3502 3499/3499 3501/3501
f 3499/3499 3502/3502 3503/3503
f 3504/3504 3501/3501 3487/3487
f 3501/3501 3504/3504 3502/3502
f 3487/3487 3505/3505 3504/3504
f 3505/3505 3487/3487 3482/3482
f 3506/3506 3502/3502 3504/3504
f 3502/3502 3506/3506 3507/3507
f 3508/3508 3504/3504 3505/3505
f 3504/3504 3508/3508 3506/3506
f 3482/3482 3509/3509 3505/3505
f 3509/3509 3482/3482 3477/3477
f 3505/3505 3510/3510 3508/3508
f 3510/3510 3505/3505 3509/3509
f 3511/3511 3506/3506 3508/3508
f 3506/3506 3511/3511 3512/3512
f 3477/3477 1052/1052 3509/3509
f 1052/1052 3477/3477 1055/1055
f 3509/3509 1051/1051 3510/3510
f 1051/1051 3509/3509 1052/1052
f 3510/3510 3513/3513 3508/3508
f 3513/3513 3510/3510 1051/1051
f 3514/3514 3511/3511 3508/3508
f 3511/3511 3514/3514 3515/3515
f 3516/3516 3508/3508 3513/3513
f 3508/3508 3516/3516 3514/3514
f 3513/3513 3517/3517 3516/3516
f 3518/3518 3514/3514 3516/3516
f 3514/3514 3518/3518 3519/3519
f 3516/3516 3520/3520 3518/3518
f 3521/3521 3518/3518 3520/3520
f 3518/3518 3521/3521 3522/3522
f 3520/3520 3523/3523 3521/3521
f 3517/3517 3513/3513 1047/1047
f 1051/1051 1047/1047 3513/3513
f 1047/1047 1046/1046 3517/3517
f 3524/3524 3521/3521 3523/3523
f 3521/3521 3524/3524 3525/3525
f 3523/3523 3526/3526 3524/3524
f 3527/3527 3524/3524 3526/3526
f 3524/3524 3527/3527 3528/3528
f 3526/3526 3529/3529 3527/3527
f 3530/3530 3527/3527 3529/3529
f 3527/3527 3530/3530 3531/3531
f 3532/3532 3530/3530 3529/3529
f 3530/3530 3532/3532 3533/3533
f 3529/3529 3534/3534 3532/3532
f 3535/3535 3532/3532 3534/3534
f 3532/3532 3535/3535 3536/3536
f 3534/3534 3537/3537 3535/3535
f 3538/3538 3535/3535 3537/3537
f 3535/3535 3538/3538 3539/3539
f 3537/3537 3540/3540 3538/3538
f 3541/3541 3538/3538 3540/3540
f 3538/3538 3541/3541 3542/3542
f 3540/3540 3543/3543 3541/3541
f 3544/3544 3541/3541 3543/3543
f 3541/3541 3544/3544 3545/3545
f 3543/3543 3546/3546 3544/3544
f 3547/3547 3544/3544 3546/3546
f 3544/3544 3547/3547 3548/3548
f 3546/3546 3549/3549 3547/3547
f 3550/3550 3547/3547 3549/3549
f 3547/3547 3550/3550 3551/3551
f 3552/3552 3550/3550 3549/3549
f 3550/3550 3552/3552 3553/3553
f 3549/3549 3554/3554 3552/3552
f 3555/3555 3552/3552 3554/3554
f 3552/3552 3555/3555 3556/3556
f 3554/3554 3557/3557 3555/3555
f 3558/3558 3555/3555 3557/3557
f 3555/3555 3558/3558 3559/3559
f 3557/3557 3560/3560 3558/3558
f 3561/3561 3558/3558 3560/3560
f 3558/3558 3561/3561 3562/3562
f 3560/3560 3563/3563 3561/3561
f 3564/3564 3561/3561 3563/3563
f 3561/3561 3564/3564 3565/3565
f 3563/3563 3566/3566 3564/3564
f 3566/3566 3563/3563 3567/3567
f 3568/3568 3564/3564 3566/3566
f 3564/3564 3568/3568 3569/3569
f 3567/3567 3570/3570 3566/3566
f 3570/3570 3567/3567 3571/3571
f 3566/3566 3572/3572 3568/3568
f 3572/3572 3566/3566 3570/3570
f 3573/3573 3568/3568 3572/3572
f 3568/3568 3573/3573 3574/3574
f 3571/3571 3575/3575 3570/3570
f 3575/3575 3571/3571 3576/3576
f 3572/3572 3577/3577 3573/3573
f 3577/3577 3572/3572 3570/3570
f 3578/3578 3573/3573 3577/3577
f 3573/3573 3578/3578 3579/3579
f 3576/3576 3580/3580 3575/3575
f 3580/3580 3576/3576 3581/3581
f 3575/3575 3582/3582 3570/3570
f 3582/3582 3575/3575 3580/3580
f 3570/3570 3583/3583 3577/3577
f 3583/3583 3570/3570 3582/3582
f 3577/3577 3584/3584 3578/3578
f 3584/3584 3577/3577 3583/3583
f 3585/3585 3578/3578 3584/3584
f 3578/3578 3585/3585 3586/3586
f 3583/3583 3587/3587 3584/3584
f 3582/3582 3588/3588 3583/3583
f 3587/3587 3583/3583 3588/3588
f 3588/3588 3582/3582 3589/3589
f 3580/3580 3589/3589 3582/3582
f 3584/3584 3590/3590 3585/3585
f 3590/3590 3584/3584 3587/3587
f 3591/3591 3585/3585 3590/3590
f 3585/3585 3591/3591 3592/3592
f 3590/3590 2602/2602 3591/3591
f 2595/2595 3591/3591 2602/2602
f 3591/3591 2595/2595 3593/3593
f 2602/2602 3590/3590 3594/3594
f 3587/3587 3594/3594 3590/3590
f 3594/3594 2605/2605 2602/2602
f 3594/3594 3587/3587 3595/3595
f 3588/3588 3595/3595 3587/3587
f 2605/2605 3594/3594 3596/3596
f 3595/3595 3596/3596 3594/3594
f 3596/3596 2606/2606 2605/2605
f 3595/3595 3588/3588 3597/3597
f 3589/3589 3597/3597 3588/3588
f 3596/3596 3595/3595 3598/3598
f 3597/3597 3598/3598 3595/3595
f 2606/2606 3596/3596 3599/3599
f 3598/3598 3599/3599 3596/3596
f 3599/3599 2609/2609 2606/2606
f 2609/2609 3599/3599 3600/3600
f 3600/3600 2612/2612 2609/2609
f 3599/3599 3598/3598 3601/3601
f 3601/3601 3600/3600 3599/3599
f 3598/3598 3597/3597 3602/3602
f 3602/3602 3601/3601 3598/3598
f 3603/3603 3602/3602 3597/3597
f 3597/3597 3589/3589 3603/3603
f 2612/2612 3600/3600 3604/3604
f 3604/3604 883/883 2612/2612
f 883/883 3604/3604 882/882
f 3605/3605 3604/3604 3600/3600
f 3600/3600 3601/3601 3605/3605
f 3606/3606 882/882 3604/3604
f 3604/3604 3605/3605 3606/3606
f 882/882 3606/3606 884/884
f 889/889 884/884 3606/3606
f 3607/3607 3606/3606 3605/3605
f 3606/3606 3607/3607 889/889
f 3608/3608 3605/3605 3601/3601
f 3605/3605 3608/3608 3607/3607
f 3601/3601 3602/3602 3608/3608
f 3609/3609 889/889 3607/3607
f 889/889 3609/3609 892/892
f 910/910 892/892 3609/3609
f 3607/3607 3610/3610 3609/3609
f 3610/3610 3607/3607 3608/3608
f 3609/3609 3611/3611 910/910
f 3611/3611 3609/3609 3610/3610
f 911/911 910/910 3611/3611
f 3611/3611 3612/3612 911/911
f 3612/3612 3611/3611 3613/3613
f 3610/3610 3613/3613 3611/3611
f 3613/3613 3614/3614 3612/3612
f 3608/3608 3615/3615 3610/3610
f 3613/3613 3610/3610 3615/3615
f 3615/3615 3608/3608 3602/3602
f 3602/3602 3603/3603 3615/3615
f 3615/3615 3616/3616 3613/3613
f 3614/3614 3613/3613 3616/3616
f 3616/3616 3615/3615 3603/3603
f 3616/3616 3617/3617 3614/3614
f 3603/3603 3618/3618 3616/3616
f 3617/3617 3616/3616 3618/3618
f 3618/3618 3603/3603 3589/3589
f 3618/3618 3581/3581 3617/3617
f 3589/3589 3580/3580 3618/3618
f 3581/3581 3618/3618 3580/3580
f 1132/1132 1412/1412 1127/1127
f 1129/1129 3619/3619 1128/1128
f 1130/1130 1128/1128 3619/3619
f 3619/3619 1129/1129 3620/3620
f 1131/1131 1130/1130 3621/3621
f 3619/3619 3621/3621 1130/1130
f 1132/1132 1131/1131 3622/3622
f 3621/3621 3622/3622 1131/1131
f 3620/3620 3623/3623 3619/3619
f 3621/3621 3619/3619 3623/3623
f 3623/3623 3620/3620 3624/3624
f 3622/3622 3621/3621 3625/3625
f 3623/3623 3625/3625 3621/3621
f 3622/3622 3626/3626 1132/1132
f 1412/1412 1132/1132 3626/3626
f 3624/3624 3627/3627 3623/3623
f 3625/3625 3623/3623 3627/3627
f 3627/3627 3624/3624 3628/3628
f 3625/3625 3629/3629 3622/3622
f 3626/3626 3622/3622 3629/3629
f 3627/3627 3630/3630 3625/3625
f 3629/3629 3625/3625 3630/3630
f 3628/3628 3631/3631 3627/3627
f 3630/3630 3627/3627 3631/3631
f 3631/3631 3628/3628 3632/3632
f 3632/3632 3633/3633 3631/3631
f 3633/3633 3632/3632 3634/3634
f 3631/3631 3635/3635 3630/3630
f 3635/3635 3631/3631 3633/3633
f 3630/3630 3636/3636 3629/3629
f 3636/3636 3630/3630 3635/3635
f 3637/3637 3629/3629 3636/3636
f 3629/3629 3637/3637 3626/3626
f 3634/3634 3638/3638 3633/3633
f 3638/3638 3634/3634 3639/3639
f 3633/3633 3640/3640 3635/3635
f 3640/3640 3633/3633 3638/3638
f 3635/3635 3641/3641 3636/3636
f 3641/3641 3635/3635 3640/3640
f 3636/3636 3642/3642 3637/3637
f 3642/3642 3636/3636 3641/3641
f 3639/3639 3643/3643 3638/3638
f 3643/3643 3639/3639 3644/3644
f 3638/3638 3645/3645 3640/3640
f 3645/3645 3638/3638 3643/3643
f 3640/3640 3646/3646 3641/3641
f 3646/3646 3640/3640 3645/3645
f 3641/3641 3647/3647 3642/3642
f 3647/3647 3641/3641 3646/3646
f 3644/3644 3648/3648 3643/3643
f 3643/3643 3649/3649 3645/3645
f 3649/3649 3643/3643 3648/3648
f 3648/3648 3644/3644 3650/3650
f 3651/3651 3645/3645 3649/3649
f 3645/3645 3651/3651 3646/3646
f 3648/3648 3652/3652 3649/3649
f 3650/3650 3653/3653 3648/3648
f 3652/3652 3648/3648 3653/3653
f 3654/3654 3646/3646 3651/3651
f 3646/3646 3654/3654 3647/3647
f 3649/3649 3655/3655 3651/3651
f 3655/3655 3649/3649 3652/3652
f 3651/3651 3656/3656 3654/3654
f 3656/3656 3651/3651 3655/3655
f 3657/3657 3647/3647 3654/3654
f 3658/3658 3654/3654 3656/3656
f 3654/3654 3658/3658 3657/3657
f 3647/3647 3657/3657 3659/3659
f 3659/3659 3642/3642 3647/3647
f 3642/3642 3659/3659 3660/3660
f 3660/3660 3637/3637 3642/3642
f 3661/3661 3659/3659 3657/3657
f 3637/3637 3660/3660 3662/3662
f 3662/3662 3626/3626 3637/3637
f 3626/3626 3662/3662 1412/1412
f 1414/1414 1412/1412 3662/3662
f 3662/3662 3663/3663 1414/1414
f 3663/3663 3662/3662 3660/3660
f 1065/1065 1414/1414 3663/3663
f 3664/3664 3660/3660 3659/3659
f 3660/3660 3664/3664 3663/3663
f 3659/3659 3661/3661 3664/3664
f 3663/3663 3665/3665 1065/1065
f 3665/3665 3663/3663 3664/3664
f 1064/1064 1065/1065 3665/3665
f 3666/3666 3664/3664 3661/3661
f 3664/3664 3666/3666 3665/3665
f 3665/3665 3667/3667 1064/1064
f 3667/3667 3665/3665 3666/3666
f 1073/1073 1064/1064 3667/3667
f 3667/3667 821/821 1073/1073
f 820/820 1073/1073 821/821
f 3666/3666 825/825 3667/3667
f 821/821 3667/3667 825/825
f 3661/3661 3668/3668 3666/3666
f 825/825 3666/3666 3668/3668
f 3668/3668 3661/3661 3669/3669
f 3657/3657 3669/3669 3661/3661
f 3669/3669 3657/3657 3658/3658
f 3668/3668 826/826 825/825
f 3669/3669 3670/3670 3668/3668
f 3671/3671 3668/3668 3670/3670
f 3670/3670 3672/3672 3671/3671
f 3670/3670 3669/3669 3673/3673
f 3658/3658 3673/3673 3669/3669
f 3673/3673 3674/3674 3670/3670
f 3673/3673 3658/3658 3675/3675
f 3674/3674 3673/3673 3676/3676
f 3675/3675 3676/3676 3673/3673
f 3676/3676 3677/3677 3674/3674
f 3656/3656 3675/3675 3658/3658
f 3677/3677 3676/3676 3678/3678
f 3678/3678 3679/3679 3677/3677
f 3676/3676 3675/3675 3680/3680
f 3680/3680 3678/3678 3676/3676
f 3675/3675 3656/3656 3681/3681
f 3681/3681 3680/3680 3675/3675
f 3655/3655 3681/3681 3656/3656
f 3679/3679 3678/3678 3682/3682
f 3682/3682 3683/3683 3679/3679
f 3678/3678 3680/3680 3684/3684
f 3684/3684 3682/3682 3678/3678
f 3680/3680 3681/3681 3685/3685
f 3685/3685 3684/3684 3680/3680
f 3681/3681 3655/3655 3686/3686
f 3686/3686 3685/3685 3681/3681
f 3652/3652 3686/3686 3655/3655
f 3683/3683 3682/3682 3687/3687
f 3687/3687 3688/3688 3683/3683
f 3682/3682 3684/3684 3689/3689
f 3689/3689 3687/3687 3682/3682
f 3684/3684 3685/3685 3689/3689
f 3685/3685 3686/3686 3690/3690
f 3690/3690 3689/3689 3685/3685
f 3686/3686 3652/3652 3653/3653
f 3653/3653 3690/3690 3686/3686
f 3689/3689 3690/3690 3691/3691
f 3687/3687 3689/3689 3691/3691
f 3692/3692 3691/3691 3690/3690
f 3690/3690 3653/3653 3692/3692
f 3691/3691 3692/3692 3693/3693
f 3691/3691 3694/3694 3687/3687
f 3694/3694 3691/3691 3693/3693
f 3688/3688 3687/3687 3694/3694
f 3695/3695 3692/3692 3653/3653
f 3692/3692 3695/3695 3693/3693
f 3653/3653 3650/3650 3695/3695
f 3650/3650 3696/3696 3695/3695
f 3696/3696 3697/3697 3695/3695
f 3698/3698 3695/3695 3697/3697
f 3695/3695 3698/3698 3693/3693
f 3697/3697 3699/3699 3698/3698
f 3699/3699 3700/3700 3698/3698
f 3700/3700 3701/3701 3698/3698
f 3702/3702 3698/3698 3701/3701
f 3698/3698 3702/3702 3693/3693
f 3701/3701 3703/3703 3702/3702
f 3702/3702 3704/3704 3693/3693
f 3704/3704 3702/3702 3703/3703
f 3703/3703 3705/3705 3704/3704
f 3705/3705 3706/3706 3704/3704
f 3707/3707 3708/3708 3709/3709
f 3710/3710 3709/3709 3708/3708
f 3708/3708 3711/3711 3710/3710
f 3709/3709 3712/3712 3707/3707
f 3713/3713 3707/3707 3712/3712
f 3712/3712 3714/3714 3713/3713
f 3715/3715 3713/3713 3714/3714
f 3714/3714 3716/3716 3715/3715
f 3717/3717 3715/3715 3716/3716
f 3716/3716 3718/3718 3717/3717
f 3719/3719 3717/3717 3718/3718
f 3718/3718 3720/3720 3719/3719
f 3721/3721 3719/3719 3720/3720
f 3720/3720 3722/3722 3721/3721
f 3723/3723 3721/3721 3722/3722
f 3722/3722 3724/3724 3723/3723
f 3725/3725 3723/3723 3724/3724
f 3724/3724 3726/3726 3725/3725
f 3727/3727 3725/3725 3726/3726
f 3726/3726 3728/3728 3727/3727
f 3729/3729 3727/3727 3728/3728
f 3728/3728 3730/3730 3729/3729
f 3731/3731 3729/3729 3730/3730
f 3730/3730 3732/3732 3731/3731
f 3733/3733 3731/3731 3732/3732
f 3732/3732 3734/3734 3733/3733
f 3735/3735 3733/3733 3734/3734
f 3734/3734 3736/3736 3735/3735
f 3737/3737 3735/3735 3736/3736
f 3736/3736 3738/3738 3737/3737
f 3739/3739 3737/3737 3738/3738
f 3738/3738 3740/3740 3739/3739
f 1620/1620 1622/1622 3741/3741
f 3741/3741 1623/1623 1620/1620
f 1624/1624 3741/3741 1622/1622
f 1623/1623 3742/3742 3743/3743
f 1623/1623 3741/3741 3742/3742
f 3741/3741 1624/1624 3744/3744
f 3744/3744 3742/3742 3741/3741
f 3745/3745 3744/3744 1624/1624
f 1624/1624 1619/1619 3745/3745
f 3742/3742 3744/3744 3746/3746
f 3746/3746 3743/3743 3742/3742
f 3744/3744 3745/3745 3747/3747
f 3747/3747 3746/3746 3744/3744
f 1807/1807 3745/3745 1619/1619
f 1619/1619 1617/1617 1807/1807
f 1803/1803 3747/3747 3745/3745
f 3745/3745 1807/1807 1803/1803
f 3743/3743 3746/3746 3748/3748
f 3743/3743 3748/3748 3749/3749
f 3750/3750 3748/3748 3746/3746
f 3746/3746 3747/3747 3750/3750
f 3751/3751 3749/3749 3748/3748
f 3748/3748 3750/3750 3751/3751
f 3749/3749 3751/3751 3752/3752
f 3752/3752 3753/3753 3749/3749
f 1800/1800 3750/3750 3747/3747
f 3747/3747 1803/1803 1800/1800
f 1798/1798 3751/3751 3750/3750
f 3750/3750 1800/1800 1798/1798
f 1737/1737 3752/3752 3751/3751
f 3751/3751 1798/1798 1737/1737
f 3753/3753 3752/3752 3754/3754
f 3754/3754 3755/3755 3753/3753
f 3752/3752 1737/1737 1731/1731
f 1731/1731 3754/3754 3752/3752
f 3755/3755 3754/3754 3756/3756
f 3756/3756 3757/3757 3755/3755
f 3754/3754 1731/1731 1726/1726
f 1726/1726 3756/3756 3754/3754
f 3757/3757 3756/3756 3758/3758
f 3758/3758 3759/3759 3757/3757
f 3756/3756 1726/1726 1723/1723
f 1723/1723 3758/3758 3756/3756
f 3759/3759 3758/3758 3760/3760
f 3760/3760 3761/3761 3759/3759
f 3761/3761 3760/3760 3762/3762
f 3763/3763 3760/3760 3758/3758
f 3758/3758 1723/1723 3763/3763
f 3764/3764 3762/3762 3760/3760
f 3760/3760 3763/3763 3764/3764
f 3762/3762 3764/3764 3765/3765
f 3766/3766 3765/3765 3764/3764
f 3764/3764 3767/3767 3766/3766
f 3767/3767 3764/3764 3763/3763
f 1721/1721 3766/3766 3767/3767
f 1725/1725 3763/3763 1723/1723
f 3763/3763 1725/1725 3767/3767
f 3767/3767 1722/1722 1721/1721
f 1722/1722 3767/3767 1725/1725
f 2897/2897 2898/2898 3768/3768
f 2895/2895 2897/2897 3769/3769
f 3768/3768 3769/3769 2897/2897
f 2896/2896 2895/2895 3769/3769
f 3769/3769 3768/3768 3770/3770
f 2898/2898 2899/2899 3768/3768
f 3771/3771 2896/2896 3769/3769
f 3769/3769 3772/3772 3771/3771
f 3772/3772 3769/3769 3770/3770
f 3773/3773 3771/3771 3772/3772
f 3774/3774 3773/3773 3772/3772
f 3772/3772 3775/3775 3774/3774
f 3775/3775 3772/3772 3770/3770
f 3776/3776 3774/3774 3775/3775
f 3777/3777 3776/3776 3775/3775
f 3775/3775 3778/3778 3777/3777
f 3778/3778 3775/3775 3770/3770
f 3779/3779 3777/3777 3778/3778
f 3780/3780 3779/3779 3778/3778
f 3778/3778 3781/3781 3780/3780
f 3781/3781 3778/3778 3770/3770
f 3782/3782 3780/3780 3781/3781
f 2899/2899 3783/3783 3768/3768
f 3783/3783 2899/2899 2894/2894
f 3768/3768 3784/3784 3770/3770
f 3784/3784 3768/3768 3783/3783
f 2894/2894 3785/3785 3783/3783
f 3783/3783 3786/3786 3784/3784
f 3786/3786 3783/3783 3785/3785
f 3785/3785 2894/2894 2889/2889
f 3786/3786 3787/3787 3784/3784
f 3784/3784 3788/3788 3770/3770
f 3788/3788 3784/3784 3789/3789
f 3787/3787 3789/3789 3784/3784
f 3789/3789 3790/3790 3788/3788
f 3787/3787 3786/3786 3791/3791
f 3785/3785 3791/3791 3786/3786
f 3789/3789 3787/3787 3792/3792
f 3791/3791 3792/3792 3787/3787
f 3790/3790 3789/3789 3793/3793
f 3792/3792 3793/3793 3789/3789
f 3793/3793 3794/3794 3790/3790
f 2889/2889 3795/3795 3785/3785
f 3791/3791 3785/3785 3795/3795
f 3795/3795 2889/2889 2884/2884
f 3792/3792 3791/3791 3796/3796
f 3795/3795 3796/3796 3791/3791
f 3793/3793 3792/3792 3797/3797
f 3796/3796 3797/3797 3792/3792
f 3794/3794 3793/3793 3798/3798
f 3797/3797 3798/3798 3793/3793
f 3798/3798 3799/3799 3794/3794
f 2884/2884 3800/3800 3795/3795
f 3796/3796 3795/3795 3800/3800
f 3800/3800 2884/2884 2879/2879
f 3797/3797 3796/3796 3801/3801
f 3800/3800 3801/3801 3796/3796
f 3798/3798 3797/3797 3802/3802
f 3801/3801 3802/3802 3797/3797
f 3799/3799 3798/3798 3803/3803
f 3802/3802 3803/3803 3798/3798
f 3803/3803 3804/3804 3799/3799
f 2879/2879 3805/3805 3800/3800
f 3801/3801 3800/3800 3805/3805
f 3805/3805 2879/2879 2867/2867
f 2867/2867 2865/2865 3805/3805
f 3805/3805 3806/3806 3801/3801
f 3806/3806 3805/3805 2865/2865
f 3802/3802 3801/3801 3806/3806
f 2865/2865 2863/2863 3806/3806
f 3806/3806 3807/3807 3802/3802
f 3807/3807 3806/3806 2863/2863
f 3803/3803 3802/3802 3807/3807
f 2863/2863 2862/2862 3807/3807
f 3807/3807 3808/3808 3803/3803
f 3808/3808 3807/3807 2862/2862
f 3804/3804 3803/3803 3808/3808
f 2862/2862 2859/2859 3808/3808
f 3808/3808 3809/3809 3804/3804
f 3809/3809 3808/3808 2859/2859
f 2859/2859 3810/3810 3809/3809
f 3811/3811 3812/3812 3813/3813
f 3812/3812 3811/3811 3814/3814
f 3815/3815 3811/3811 3813/3813
f 3811/3811 3815/3815 3814/3814
f 3816/3816 3814/3814 3815/3815
f 3814/3814 3817/3817 3812/3812
f 3815/3815 3818/3818 3816/3816
f 3818/3818 3815/3815 3813/3813
f 3814/3814 3816/3816 3819/3819
f 3819/3819 3820/3820 3814/3814
f 3820/3820 3821/3821 3814/3814
f 3817/3817 3814/3814 3821/3821
f 3820/3820 3819/3819 1135/1135
f 3822/3822 3812/3812 3817/3817
f 3812/3812 3822/3822 3813/3813
f 3821/3821 3820/3820 3823/3823
f 1135/1135 3823/3823 3820/3820
f 3821/3821 3824/3824 3817/3817
f 3825/3825 3822/3822 3817/3817
f 3822/3822 3825/3825 3813/3813
f 3823/3823 3826/3826 3821/3821
f 3824/3824 3821/3821 3826/3826
f 3823/3823 1135/1135 1134/1134
f 3824/3824 3827/3827 3817/3817
f 3826/3826 3823/3823 1183/1183
f 1134/1134 1183/1183 3823/3823
f 3826/3826 3828/3828 3824/3824
f 3827/3827 3824/3824 3828/3828
f 1183/1183 1185/1185 3826/3826
f 3828/3828 3826/3826 1185/1185
f 3829/3829 3817/3817 3827/3827
f 3817/3817 3829/3829 3825/3825
f 3828/3828 3830/3830 3827/3827
f 3831/3831 3825/3825 3829/3829
f 3825/3825 3831/3831 3813/3813
f 3827/3827 3832/3832 3829/3829
f 3832/3832 3827/3827 3830/3830
f 3833/3833 3831/3831 3829/3829
f 3831/3831 3833/3833 3813/3813
f 3834/3834 3835/3835 2180/2180
f 2180/2180 2179/2179 3834/3834
f 3835/3835 3834/3834 3836/3836
f 3836/3836 3837/3837 3835/3835
f 3838/3838 3834/3834 2179/2179
f 2179/2179 2171/2171 3838/3838
f 3839/3839 3836/3836 3834/3834
f 3834/3834 3838/3838 3839/3839
f 3837/3837 3836/3836 3840/3840
f 3840/3840 3841/3841 3837/3837
f 3836/3836 3839/3839 3842/3842
f 3842/3842 3840/3840 3836/3836
f 3843/3843 3838/3838 2171/2171
f 2171/2171 2167/2167 3843/3843
f 2170/2170 3843/3843 2167/2167
f 3838/3838 3843/3843 3844/3844
f 3844/3844 3839/3839 3838/3838
f 3843/3843 2170/2170 3845/3845
f 3845/3845 3844/3844 3843/3843
f 3846/3846 3845/3845 2170/2170
f 2170/2170 2166/2166 3846/3846
f 3844/3844 3845/3845 3847/3847
f 3839/3839 3844/3844 3848/3848
f 3848/3848 3842/3842 3839/3839
f 3847/3847 3848/3848 3844/3844
f 3849/3849 3846/3846 2166/2166
f 2166/2166 574/574 3849/3849
f 573/573 3849/3849 574/574
f 3845/3845 3846/3846 3850/3850
f 3850/3850 3847/3847 3845/3845
f 3846/3846 3849/3849 3851/3851
f 3851/3851 3850/3850 3846/3846
f 3849/3849 573/573 3852/3852
f 3852/3852 3851/3851 3849/3849
f 575/575 3852/3852 573/573
f 3852/3852 575/575 578/578
f 578/578 3853/3853 3852/3852
f 3851/3851 3852/3852 3853/3853
f 3853/3853 578/578 2758/2758
f 3850/3850 3851/3851 3854/3854
f 3853/3853 3854/3854 3851/3851
f 3854/3854 3855/3855 3850/3850
f 3847/3847 3850/3850 3855/3855
f 3854/3854 3853/3853 2756/2756
f 2758/2758 2756/2756 3853/3853
f 3855/3855 3854/3854 2754/2754
f 2756/2756 2754/2754 3854/3854
f 3855/3855 3856/3856 3847/3847
f 3848/3848 3847/3847 3856/3856
f 2754/2754 2752/2752 3855/3855
f 3856/3856 3855/3855 2752/2752
f 3856/3856 3857/3857 3848/3848
f 3842/3842 3848/3848 3857/3857
f 2752/2752 2751/2751 3856/3856
f 3857/3857 3856/3856 2751/2751
f 3857/3857 3858/3858 3842/3842
f 3840/3840 3842/3842 3858/3858
f 2751/2751 3859/3859 3857/3857
f 3858/3858 3857/3857 3859/3859
f 3858/3858 3860/3860 3840/3840
f 3841/3841 3840/3840 3860/3860
f 3860/3860 3861/3861 3841/3841
f 3860/3860 3858/3858 3862/3862
f 3859/3859 3862/3862 3858/3858
f 3861/3861 3860/3860 3863/3863
f 3862/3862 3863/3863 3860/3860
f 3863/3863 3864/3864 3861/3861
f 3864/3864 3863/3863 3865/3865
f 3865/3865 3866/3866 3864/3864
f 3863/3863 3862/3862 3867/3867
f 3867/3867 3865/3865 3863/3863
f 3862/3862 3859/3859 3868/3868
f 3868/3868 3867/3867 3862/3862
f 2745/2745 3868/3868 3859/3859
f 3859/3859 2751/2751 2745/2745
f 3866/3866 3865/3865 3869/3869
f 3869/3869 3870/3870 3866/3866
f 3865/3865 3867/3867 3871/3871
f 3871/3871 3869/3869 3865/3865
f 3867/3867 3868/3868 3872/3872
f 3872/3872 3871/3871 3867/3867
f 2739/2739 3872/3872 3868/3868
f 3868/3868 2745/2745 2739/2739
f 3870/3870 3869/3869 3873/3873
f 3873/3873 3874/3874 3870/3870
f 3869/3869 3871/3871 3875/3875
f 3875/3875 3873/3873 3869/3869
f 3871/3871 3872/3872 3876/3876
f 3876/3876 3875/3875 3871/3871
f 2730/2730 3876/3876 3872/3872
f 3872/3872 2739/2739 2730/2730
f 3874/3874 3873/3873 3877/3877
f 3877/3877 3878/3878 3874/3874
f 3873/3873 3875/3875 3879/3879
f 3879/3879 3877/3877 3873/3873
f 3875/3875 3876/3876 3880/3880
f 3880/3880 3879/3879 3875/3875
f 2725/2725 3880/3880 3876/3876
f 3876/3876 2730/2730 2725/2725
f 3878/3878 3877/3877 2708/2708
f 2708/2708 2712/2712 3878/3878
f 3877/3877 3879/3879 2708/2708
f 3879/3879 3880/3880 2709/2709
f 2709/2709 2708/2708 3879/3879
f 3880/3880 2725/2725 2709/2709
f 3881/3881 3882/3882 3883/3883
f 3884/3884 3883/3883 3882/3882
f 3883/3883 3885/3885 3881/3881
f 3882/3882 3886/3886 3884/3884
f 3887/3887 3881/3881 3885/3885
f 3888/3888 3884/3884 3886/3886
f 3885/3885 3889/3889 3887/3887
f 3886/3886 3890/3890 3888/3888
f 3891/3891 3888/3888 3890/3890
f 3890/3890 3892/3892 3891/3891
f 3893/3893 3887/3887 3889/3889
f 3889/3889 3894/3894 3893/3893
f 3895/3895 3893/3893 3894/3894
f 3894/3894 3896/3896 3895/3895
f 3897/3897 3895/3895 3896/3896
f 3896/3896 3898/3898 3897/3897
f 3899/3899 3897/3897 3898/3898
f 3898/3898 3900/3900 3899/3899
f 3901/3901 3899/3899 3900/3900
f 3900/3900 3902/3902 3901/3901
f 3903/3903 3901/3901 3902/3902
f 3902/3902 3904/3904 3903/3903
f 3905/3905 3903/3903 3904/3904
f 3904/3904 3906/3906 3905/3905
f 3907/3907 3905/3905 3906/3906
f 3906/3906 3908/3908 3907/3907
f 3909/3909 3907/3907 3908/3908
f 3908/3908 3910/3910 3909/3909
f 3911/3911 3909/3909 3910/3910
f 3910/3910 3912/3912 3911/3911
f 3913/3913 3911/3911 3912/3912
f 3912/3912 3914/3914 3913/3913
f 1621/1621 1623/1623 3915/3915
f 3916/3916 3915/3915 1623/1623
f 3915/3915 3916/3916 3917/3917
f 3915/3915 3917/3917 3918/3918
f 1623/1623 3743/3743 3916/3916
f 1621/1621 3915/3915 3919/3919
f 3918/3918 3919/3919 3915/3915
f 3753/3753 3917/3917 3916/3916
f 3749/3749 3916/3916 3743/3743
f 3916/3916 3749/3749 3753/3753
f 3755/3755 3918/3918 3917/3917
f 3917/3917 3753/3753 3755/3755
f 3918/3918 3755/3755 3757/3757
f 3919/3919 3918/3918 3920/3920
f 3757/3757 3920/3920 3918/3918
f 3920/3920 3757/3757 3759/3759
f 3919/3919 3920/3920 3921/3921
f 3759/3759 3921/3921 3920/3920
f 3921/3921 3922/3922 3919/3919
f 1621/1621 3919/3919 3922/3922
f 3921/3921 3759/3759 3761/3761
f 3922/3922 3921/3921 3923/3923
f 3761/3761 3923/3923 3921/3921
f 3923/3923 3761/3761 3924/3924
f 3922/3922 3923/3923 3925/3925
f 3924/3924 3925/3925 3923/3923
f 3925/3925 3924/3924 3926/3926
f 3926/3926 3927/3927 3925/3925
f 3922/3922 3925/3925 3927/3927
f 3928/3928 3926/3926 3924/3924
f 3927/3927 3929/3929 3922/3922
f 1621/1621 3922/3922 3929/3929
f 3929/3929 3927/3927 3930/3930
f 3929/3929 3930/3930 3931/3931
f 3924/3924 3762/3762 3928/3928
f 3762/3762 3924/3924 3761/3761
f 3765/3765 3928/3928 3762/3762
f 3929/3929 3931/3931 3932/3932
f 3932/3932 3933/3933 3929/3929
f 1621/1621 3929/3929 3933/3933
f 3933/3933 3932/3932 3934/3934
f 3933/3933 3934/3934 3935/3935
f 3935/3935 3936/3936 3933/3933
f 1621/1621 3933/3933 3936/3936
f 3936/3936 3935/3935 3937/3937
f 3936/3936 3937/3937 3938/3938
f 3938/3938 3939/3939 3936/3936
f 1621/1621 3936/3936 3939/3939
f 3939/3939 3938/3938 3940/3940
f 3939/3939 3940/3940 3941/3941
f 3939/3939 3941/3941 3942/3942
f 3939/3939 3942/3942 3943/3943
f 3943/3943 3944/3944 3939/3939
f 1621/1621 3939/3939 3944/3944
f 3944/3944 3943/3943 3945/3945
f 3944/3944 3945/3945 3946/3946
f 3946/3946 3947/3947 3944/3944
f 1621/1621 3944/3944 3947/3947
f 3947/3947 3946/3946 3948/3948
f 3947/3947 3948/3948 3949/3949
f 3949/3949 1570/1570 3947/3947
f 1621/1621 3947/3947 1570/1570
f 1570/1570 3949/3949 1568/1568
f 1570/1570 1568/1568 1567/1567
f 3830/3830 3828/3828 1188/1188
f 1185/1185 1188/1188 3828/3828
f 3830/3830 3950/3950 3832/3832
f 3832/3832 3951/3951 3829/3829
f 3951/3951 3832/3832 3950/3950
f 3829/3829 3952/3952 3833/3833
f 3952/3952 3829/3829 3951/3951
f 3950/3950 3830/3830 1191/1191
f 1188/1188 1191/1191 3830/3830
f 3950/3950 3953/3953 3951/3951
f 3951/3951 3954/3954 3952/3952
f 3954/3954 3951/3951 3953/3953
f 3952/3952 3955/3955 3833/3833
f 3955/3955 3952/3952 3954/3954
f 3956/3956 3833/3833 3955/3955
f 3833/3833 3956/3956 3813/3813
f 3953/3953 3950/3950 1193/1193
f 1191/1191 1193/1193 3950/3950
f 3953/3953 3957/3957 3954/3954
f 3954/3954 3958/3958 3955/3955
f 3958/3958 3954/3954 3957/3957
f 3955/3955 3959/3959 3956/3956
f 3959/3959 3955/3955 3958/3958
f 3957/3957 3953/3953 2673/2673
f 1193/1193 2673/2673 3953/3953
f 3957/3957 2668/2668 3958/3958
f 3958/3958 3960/3960 3959/3959
f 3960/3960 3958/3958 2668/2668
f 3959/3959 3961/3961 3956/3956
f 3961/3961 3959/3959 3960/3960
f 3962/3962 3956/3956 3961/3961
f 3956/3956 3962/3962 3813/3813
f 2668/2668 3957/3957 2669/2669
f 2673/2673 2669/2669 3957/3957
f 2668/2668 2662/2662 3960/3960
f 3960/3960 3963/3963 3961/3961
f 3964/3964 3962/3962 3961/3961
f 3962/3962 3964/3964 3813/3813
f 3961/3961 3965/3965 3964/3964
f 3966/3966 3964/3964 3965/3965
f 3964/3964 3966/3966 3813/3813
f 3965/3965 3967/3967 3966/3966
f 3963/3963 3960/3960 2658/2658
f 2662/2662 2658/2658 3960/3960
f 2658/2658 2657/2657 3963/3963
f 3968/3968 3966/3966 3967/3967
f 3966/3966 3968/3968 3813/3813
f 3967/3967 3969/3969 3968/3968
f 3970/3970 3968/3968 3969/3969
f 3968/3968 3970/3970 3813/3813
f 3969/3969 3971/3971 3970/3970
f 3972/3972 3970/3970 3971/3971
f 3970/3970 3972/3972 3813/3813
f 3971/3971 3973/3973 3972/3972
f 3974/3974 3972/3972 3973/3973
f 3972/3972 3974/3974 3813/3813
f 3973/3973 3975/3975 3974/3974
f 3976/3976 3974/3974 3975/3975
f 3974/3974 3976/3976 3813/3813
f 3975/3975 3977/3977 3976/3976
f 3978/3978 3976/3976 3977/3977
f 3976/3976 3978/3978 3813/3813
f 3977/3977 3979/3979 3978/3978
f 3980/3980 3978/3978 3979/3979
f 3978/3978 3980/3980 3813/3813
f 3979/3979 3981/3981 3980/3980
f 3982/3982 3980/3980 3981/3981
f 3980/3980 3982/3982 3813/3813
f 3981/3981 3983/3983 3982/3982
f 3984/3984 3982/3982 3983/3983
f 3982/3982 3984/3984 3813/3813
f 3983/3983 3985/3985 3984/3984
f 3986/3986 3984/3984 3985/3985
f 3984/3984 3986/3986 3813/3813
f 3985/3985 3987/3987 3986/3986
f 3988/3988 3986/3986 3987/3987
f 3986/3986 3988/3988 3813/3813
f 3987/3987 3989/3989 3988/3988
f 3990/3990 3988/3988 3989/3989
f 3988/3988 3990/3990 3813/3813
f 3989/3989 3991/3991 3990/3990
f 3992/3992 3990/3990 3991/3991
f 3990/3990 3992/3992 3813/3813
f 3991/3991 3993/3993 3992/3992
f 3994/3994 3992/3992 3993/3993
f 3992/3992 3994/3994 3813/3813
f 3993/3993 3995/3995 3994/3994
f 3995/3995 3993/3993 3996/3996
f 3994/3994 3997/3997 3813/3813
f 3996/3996 3998/3998 3995/3995
f 3995/3995 3999/3999 3994/3994
f 3997/3997 3994/3994 3999/3999
f 3999/3999 3995/3995 3998/3998
f 3998/3998 3996/3996 4000/4000
f 3999/3999 4001/4001 3997/3997
f 3997/3997 4002/4002 3813/3813
f 4002/4002 3997/3997 4001/4001
f 4002/4002 3818/3818 3813/3813
f 3818/3818 4002/4002 4003/4003
f 4001/4001 4003/4003 4002/4002
f 4003/4003 3816/3816 3818/3818
f 4001/4001 3999/3999 4004/4004
f 3998/3998 4004/4004 3999/3999
f 4003/4003 4001/4001 4005/4005
f 4004/4004 4005/4005 4001/4001
f 3816/3816 4003/4003 4006/4006
f 4005/4005 4006/4006 4003/4003
f 4006/4006 3819/3819 3816/3816
f 4000/4000 4007/4007 3998/3998
f 4004/4004 3998/3998 4007/4007
f 4007/4007 4000/4000 4008/4008
f 4005/4005 4004/4004 4009/4009
f 4007/4007 4009/4009 4004/4004
f 4006/4006 4005/4005 4010/4010
f 4009/4009 4010/4010 4005/4005
f 3819/3819 4006/4006 4011/4011
f 4010/4010 4011/4011 4006/4006
f 4011/4011 1135/1135 3819/3819
f 4008/4008 1138/1138 4007/4007
f 4009/4009 4007/4007 1138/1138
f 1138/1138 4008/4008 1136/1136
f 4010/4010 4009/4009 1139/1139
f 1138/1138 1139/1139 4009/4009
f 4011/4011 4010/4010 1141/1141
f 1139/1139 1141/1141 4010/4010
f 1135/1135 4011/4011 1133/1133
f 1141/1141 1133/1133 4011/4011
f 4012/4012 4013/4013 4014/4014
f 4015/4015 4014/4014 4013/4013
f 4013/4013 4016/4016 4015/4015
f 4014/4014 4017/4017 4012/4012
f 4018/4018 4012/4012 4017/4017
f 4017/4017 4019/4019 4018/4018
f 4020/4020 4018/4018 4019/4019
f 4019/4019 4021/4021 4020/4020
f 4022/4022 4020/4020 4021/4021
f 4021/4021 4023/4023 4022/4022
f 4024/4024 4022/4022 4023/4023
f 4023/4023 4025/4025 4024/4024
f 4026/4026 4024/4024 4025/4025
f 4025/4025 4027/4027 4026/4026
f 4028/4028 4026/4026 4027/4027
f 4027/4027 4029/4029 4028/4028
f 4030/4030 4028/4028 4029/4029
f 4029/4029 4031/4031 4030/4030
f 4032/4032 4030/4030 4031/4031
f 4031/4031 4033/4033 4032/4032
f 4034/4034 4032/4032 4033/4033
f 4033/4033 4035/4035 4034/4034
f 4036/4036 4034/4034 4035/4035
f 4035/4035 4037/4037 4036/4036
f 4038/4038 4036/4036 4037/4037
f 4037/4037 4039/4039 4038/4038
f 4040/4040 4038/4038 4039/4039
f 4039/4039 4041/4041 4040/4040
f 4042/4042 4040/4040 4041/4041
f 4041/4041 4043/4043 4042/4042
f 4044/4044 4042/4042 4043/4043
f 4043/4043 4045/4045 4044/4044
f 4046/4046 4047/4047 4048/4048
f 4049/4049 4048/4048 4047/4047
f 4047/4047 4050/4050 4049/4049
f 4048/4048 4051/4051 4046/4046
f 4052/4052 4046/4046 4051/4051
f 4051/4051 4053/4053 4052/4052
f 4054/4054 4052/4052 4053/4053
f 4053/4053 4055/4055 4054/4054
f 4056/4056 4054/4054 4055/4055
f 4055/4055 4057/4057 4056/4056
f 4058/4058 4056/4056 4057/4057
f 4057/4057 4059/4059 4058/4058
f 4060/4060 4058/4058 4059/4059
f 4059/4059 4061/4061 4060/4060
f 4062/4062 4060/4060 4061/4061
f 4061/4061 4063/4063 4062/4062
f 4064/4064 4062/4062 4063/4063
f 4063/4063 4065/4065 4064/4064
f 4066/4066 4064/4064 4065/4065
f 4065/4065 4067/4067 4066/4066
f 4068/4068 4066/4066 4067/4067
f 4067/4067 4069/4069 4068/4068
f 4070/4070 4068/4068 4069/4069
f 4069/4069 4071/4071 4070/4070
f 4072/4072 4070/4070 4071/4071
f 4071/4071 4073/4073 4072/4072
f 4074/4074 4072/4072 4073/4073
f 4073/4073 4075/4075 4074/4074
f 4076/4076 4074/4074 4075/4075
f 4075/4075 4077/4077 4076/4076
f 4078/4078 4076/4076 4077/4077
f 4077/4077 4079/4079 4078/4078
