v 0.0489852987 0.265335143 0.725847423
v 0.0668219328 0.2625359 0.727881908
v 0.0657484904 0.259938151 0.727021635
v 0.0641172156 0.247913808 0.734405279
v 0.0647458807 0.247232407 0.737279832
v 0.0470727272 0.249961406 0.735165477
v 0.0679172724 0.264232218 0.729786873
v 0.0497447252 0.267102331 0.727757931
v 0.0503675453 0.267771363 0.730333924
v 0.0656930655 0.247835785 0.739856601
v 0.047695633 0.250630558 0.737741828
v 0.0484551489 0.252397835 0.739652574
v 0.0813973472 0.244340062 0.739171505
v 0.0667885393 0.249532253 0.741762221
v 0.0678620413 0.252130121 0.742622793
v 0.0840898156 0.246504188 0.743646741
v 0.082665801 0.244878128 0.741747797
v 0.0805088505 0.245070353 0.736290991
v 0.0802246928 0.24724938 0.733479381
v 0.0969912782 0.242020026 0.742932081
v 0.0854450092 0.249037832 0.744495451
v 0.0865069628 0.252298683 0.743920863
v 0.100270808 0.246068612 0.745660067
v 0.098685801 0.243588075 0.744823337
v 0.0954563692 0.2415355 0.740358114
v 0.0943501964 0.242305651 0.737473786
v 0.105352186 0.239069909 0.740357339
v 0.108903281 0.241058424 0.74480921
v 0.107046925 0.239523858 0.742926538
v 0.0939419195 0.244501546 0.734651506
v 0.101477161 0.249290571 0.745069802
v 0.094151713 0.247581318 0.732232153
v 0.08046709 0.25033313 0.731075048
v 0.103631198 0.24206686 0.734644353
v 0.102225073 0.25271219 0.743393898
v 0.0871979371 0.255742848 0.742261708
v 0.111917116 0.24670653 0.745031476
v 0.110625319 0.243507907 0.745634675
v 0.0874402002 0.258826345 0.739856839
v 0.117869459 0.240737751 0.743742943
v 0.102434754 0.255791724 0.74097389
v 0.112697862 0.250114053 0.743343115
v 0.112886757 0.25319016 0.740912735
v 0.119996473 0.247324869 0.741431236
v 0.119203746 0.243922412 0.743124604
v 0.102026433 0.257987499 0.738151312
v 0.0871559754 0.261005253 0.73704493
v 0.0694929436 0.264153898 0.735237598
v 0.0862675533 0.261735678 0.734164774
v 0.0688643456 0.264835358 0.732363224
v 0.112402998 0.255394608 0.738083839
v 0.084999226 0.261197835 0.731589079
v 0.10092032 0.25875774 0.735267282
v 0.0993855074 0.258273453 0.732694089
v 0.111165777 0.256187111 0.73519969
v 0.0822202265 0.257038474 0.728842258
v 0.0811582059 0.253777504 0.729416549
v 0.097691074 0.256705642 0.730803251
v 0.0961061046 0.254225194 0.729966998
v 0.107614659 0.254198909 0.730748892
v 0.0687433481 0.255437732 0.742064893
v 0.0499231331 0.258414537 0.739981353
v 0.0492360555 0.255060196 0.740523756
v 0.0693583339 0.25890857 0.740424156
v 0.050448101 0.261911869 0.738358259
v 0.0322090834 0.264455289 0.736541688
v 0.0324993283 0.267549545 0.734184742
v 0.0166326631 0.269337416 0.733103096
v 0.0325942039 0.269667536 0.731409907
v 0.016761072 0.271444499 0.730334818
v 0.0696329027 0.26199612 0.738036394
v 0.0507385917 0.267139316 0.733201623
v 0.0167206638 0.272010297 0.72747612
v 0.00266137952 0.272576809 0.729797363
v 0.0324340314 0.270258188 0.728547812
v 0.00267240265 0.273130178 0.726940274
v -0.0102657853 0.273720145 0.726761758
v 0.0320866518 0.269534022 0.725972414
v 0.00259929686 0.272356421 0.724365532
v 0.0165481381 0.271253079 0.724901199
v -0.010289764 0.272940904 0.724187076
v -0.0226489361 0.273103446 0.724187076
v -0.010347791 0.271055222 0.722268581
v -0.034950085 0.271055222 0.722268641
v -0.022648938 0.268447727 0.72138083
v -0.0104330285 0.268285215 0.72138083
v -0.010538646 0.264852941 0.721898139
v 0.00245977985 0.270476669 0.722447574
v 0.00227157003 0.267712057 0.721560657
v 0.0162802003 0.269391119 0.722984374
v -0.076579079 0.257542729 0.738680243
v -0.077081047 0.260936022 0.738150358
v -0.0952210352 0.258414567 0.739981353
v -0.094533965 0.255060226 0.740523756
v -0.0613580942 0.262708932 0.737051904
v -0.0775069743 0.264455348 0.736541808
v -0.0616810322 0.266241461 0.735451877
v -0.0957459956 0.261911899 0.738358259
v -0.113159955 0.252130151 0.742622733
v -0.0619305521 0.269337445 0.733103096
v -0.114041254 0.255437732 0.742064893
v -0.114656247 0.25890857 0.740424156
v -0.0960405767 0.265003175 0.735987425
v -0.0777972266 0.267549545 0.734184742
v -0.0476648919 0.267378271 0.734906793
v -0.0778920949 0.269667566 0.731409967
v -0.0478463955 0.270475179 0.732562304
v -0.114930801 0.26199612 0.738036394
v -0.0226489492 0.264595121 0.736319482
v -0.114790849 0.264153957 0.735237539
v -0.0960364863 0.267139375 0.733201623
v -0.132738113 0.258826375 0.73985678
v -0.047228761 0.260410756 0.737021089
v -0.0610094517 0.259292215 0.73757422
v -0.0606827959 0.256543726 0.736689627
v -0.0760607719 0.254826516 0.737800777
v -0.0937530547 0.252397895 0.739652514
v -0.0755939707 0.253000051 0.735886097
v -0.0470405519 0.257646143 0.736134171
v -0.0345554613 0.258230329 0.73594892
v -0.0346406996 0.261000305 0.736836731
v -0.0469010249 0.255766392 0.734216034
v -0.0604148358 0.254681736 0.734772742
v -0.0348552801 0.26797393 0.734725237
v -0.022648951 0.261162847 0.736836851
v -0.0226489455 0.268136442 0.734725177
v -0.0349505842 0.271071136 0.732381999
v -0.010551583 0.264432609 0.736319423
v -0.0226489492 0.258392841 0.73594898
v 0.0023669959 0.267378271 0.734906793
v -0.0226489473 0.256507188 0.734030485
v -0.0344974324 0.256344646 0.734030485
v -0.010742438 0.258230299 0.73594898
v -0.0106572006 0.261000335 0.736836731
v 0.00193086232 0.260410786 0.737021148
v -0.034473449 0.255565375 0.731455863
v -0.0108004622 0.256344616 0.734030485
v -0.0468279123 0.254992634 0.731641352
v -0.0602422953 0.253924519 0.732197762
v 0.00160313107 0.255766392 0.734216154
v 0.00174265087 0.257646143 0.736134171
v -0.01082444 0.255565405 0.731455803
v -0.0226489436 0.255727917 0.731455863
v -0.0226489399 0.256277144 0.728599429
v -0.0344903432 0.256114632 0.72859937
v -0.0468389317 0.255546004 0.728784204
v -0.0345549546 0.258214444 0.725835562
v -0.0602018721 0.254490316 0.729339063
v -0.0108075384 0.256114632 0.72859937
v -0.0750863478 0.252866447 0.730448425
v -0.0752465501 0.252275795 0.73331058
v -0.0603302829 0.2565974 0.726570785
v -0.0469517969 0.257647663 0.726019323
v -0.0923706293 0.249961391 0.735165298
v -0.0929935426 0.250630558 0.737741768
v -0.109415106 0.247913837 0.73440516
v -0.110990964 0.247835815 0.739856541
v -0.112086445 0.249532282 0.741762102
v -0.129387736 0.246504202 0.743646681
v -0.110043786 0.247232437 0.737279713
v -0.126695246 0.244340107 0.739171326
v -0.127963707 0.244878173 0.741747618
v -0.130742922 0.249037847 0.744495451
v -0.142289191 0.242020041 0.742931962
v -0.131804883 0.252298713 0.743920922
v -0.145568728 0.246068656 0.745660067
v -0.13249585 0.255742878 0.742261708
v -0.143983707 0.24358812 0.744823337
v -0.147522986 0.25271222 0.743393898
v -0.146775082 0.249290615 0.745069802
v -0.15420118 0.241058469 0.74480933
v -0.235552609 -0.149157867 0.0537120551
v -0.233129725 -0.153838843 0.0537121408
v -0.247478411 -0.16619055 0.053717941
v -0.244577408 -0.14963226 0.0537140332
v -0.241728023 -0.148454174 0.0537130646
v -0.239242375 -0.148024768 0.05371245
v -0.23677592 -0.147760257 0.0539138094
v -0.241539627 -0.147868559 0.0539468043
v -0.238948479 -0.147454277 0.0539275222
v -0.235039651 -0.148668289 0.05390561
v -0.244531706 -0.149121284 0.0539716855
v -0.247585908 -0.150992393 0.0539994724
v -0.244553491 -0.148856685 0.054745093
v -0.247683257 -0.150777861 0.05485259
v -0.238835186 -0.147164837 0.0545733161
v -0.241487965 -0.14757292 0.0546486005
v -0.247759148 -0.150675625 0.0565589145
v -0.24459973 -0.148738816 0.0562920198
v -0.241501823 -0.147447363 0.0560523383
v -0.236604542 -0.1474953 0.0545193665
v -0.244627476 -0.14866811 0.0588702299
v -0.238816008 -0.14704074 0.0558650494
v -0.247786731 -0.150553048 0.0628976747
v -0.250689954 -0.152970359 0.0599393845
v -0.250567615 -0.152816355 0.0677368864
v -0.236553669 -0.147380888 0.0557306483
v -0.238804519 -0.146966279 0.0580179393
v -0.241473928 -0.147304118 0.06128034
v -0.238758579 -0.146899149 0.0606813729
v -0.24767226 -0.150451154 0.0665570423
v -0.247428119 -0.15026781 0.069894366
v -0.252817094 -0.155354068 0.068814218
v -0.252574056 -0.155172333 0.0726644471
v -0.254068255 -0.157823637 0.0696788207
v -0.250323594 -0.152633324 0.0713430941
v -0.241354033 -0.147200853 0.0643307492
v -0.253827095 -0.157644227 0.0737230554
v -0.254211038 -0.159977853 0.0745015442
v -0.249916911 -0.152328283 0.0740344748
v -0.253425181 -0.157345235 0.0766735375
v -0.244239941 -0.148316309 0.0684536099
v -0.252168953 -0.154869437 0.0755014792
v -0.253812611 -0.159683451 0.0775331706
v -0.241111487 -0.147019401 0.0671561658
v -0.243833899 -0.148011625 0.0708179772
v -0.253458291 -0.161811888 0.0780629218
v -0.253854156 -0.162102014 0.0749825463
v -0.253144264 -0.159189761 0.0797388703
v -0.247021183 -0.149962202 0.0724231079
v -0.252884686 -0.163945526 0.0751486793
v -0.246351734 -0.149459451 0.0743738934
v -0.252489299 -0.163658261 0.0782453343
v -0.242144972 -0.146744311 0.0742417201
v -0.25103271 -0.165150374 0.0780629367
v -0.251430959 -0.165437207 0.0749825463
v -0.251669914 -0.1656093 0.0707098097
v -0.249521062 -0.166433036 0.0745015517
v -0.249762952 -0.166605815 0.0703156888
v -0.25182265 -0.163173899 0.0804798305
v -0.252791852 -0.161323488 0.080290556
v -0.247428194 -0.166962922 0.0696788207
v -0.249117941 -0.166145056 0.077533178
v -0.24718304 -0.16678901 0.0737230629
v -0.24677445 -0.166499138 0.0766735375
v -0.244031638 -0.166069493 0.0755014792
v -0.244692847 -0.166536137 0.068814218
v -0.244818091 -0.166610718 0.0645397082
v -0.241713434 -0.165256634 0.0637556911
v -0.24844189 -0.165662006 0.0797388777
v -0.250362277 -0.164667472 0.080290556
v -0.246092603 -0.166015327 0.0788409561
v -0.240918919 -0.164712921 0.0740344748
v -0.245027736 -0.165259555 0.0805360302
v -0.238190219 -0.162982658 0.0698943585
v -0.240232036 -0.164229661 0.0760710835
v -0.238440052 -0.163158193 0.0665570423
v -0.238572344 -0.163235575 0.0628976747
v -0.241768479 -0.165249735 0.0599393845
v -0.238636136 -0.163233712 0.0594027862
v -0.234933808 -0.160261571 0.0708179772
v -0.23580341 -0.160813421 0.0588702299
v -0.237773821 -0.162690088 0.0724231079
v -0.235862076 -0.160765186 0.0562920198
v -0.23708877 -0.162208736 0.0743739009
v -0.235959888 -0.160684794 0.054745093
v -0.238754198 -0.163067698 0.05485259
v -0.233676568 -0.158217996 0.0560523383
v -0.238928139 -0.162908822 0.0539994687
v -0.236204833 -0.160582334 0.0539716817
v -0.233148903 -0.157979012 0.0671561658
v -0.232736334 -0.157688037 0.0693696961
v -0.239272922 -0.162681192 0.0537151843
v -0.242150575 -0.16451475 0.0537163652
v -0.234088838 -0.158123791 0.0539468043
v -0.233791679 -0.158165991 0.0546486005
v -0.234703973 -0.158122003 0.0537130609
v -0.232583821 -0.155769154 0.0545733161
v -0.233527482 -0.155890688 0.0537124537
v -0.232894093 -0.155787468 0.0539275222
v 0.00254850881 0.270475149 0.732562304
v 0.0163831357 0.266241431 0.735451877
v -0.0226489399 0.27333346 0.729618251
v -0.0102826869 0.273170918 0.729618192
v -0.0350151919 0.273170918 0.729618192
v -0.0479592606 0.272576809 0.729797363
v -0.0350320898 0.273720175 0.726761758
v -0.0620589554 0.271444559 0.730334878
v -0.0620185435 0.272010356 0.72747618
v -0.0479702801 0.273130178 0.726940334
v -0.022648938 0.273882687 0.726761758
v -0.0478971712 0.272356421 0.724365592
v -0.0350081101 0.272940904 0.724187076
v -0.0777319148 0.270258218 0.728547871
v -0.09566544 0.267771423 0.730333924
v -0.0773845389 0.269534051 0.725972474
v -0.0618460178 0.271253139 0.724901259
v -0.0615780838 0.269391149 0.722984374
v -0.0477576591 0.270476669 0.722447574
v -0.0475694463 0.267712027 0.721560657
v -0.254201591 -0.162373498 0.0612949319
v -0.254007936 -0.162298858 0.0552336611
v -0.253174812 -0.164156303 0.0575378612
v -0.253121912 -0.164117888 0.0708461851
v -0.251796573 -0.165683761 0.0612949356
v -0.251781255 -0.165685266 0.0659216344
v -0.254480809 -0.160258651 0.0574165098
v -0.254450113 -0.160154492 0.0703156888
v -0.25409165 -0.162276089 0.0707098097
v -0.249871477 -0.16660282 0.0574165098
v -0.251747519 -0.165623367 0.0575066358
v -0.251665741 -0.165522695 0.0552336611
v -0.25306949 -0.164079815 0.0552461445
v -0.25286904 -0.163934186 0.0541002937
v -0.249818787 -0.166484639 0.0551975444
v -0.247583449 -0.167027682 0.0608240329
v -0.247550815 -0.166822895 0.0551391467
v -0.247571215 -0.166950881 0.0572709739
v -0.249724433 -0.166271269 0.0540880673
v -0.251511574 -0.165337369 0.0540971644
v -0.247548714 -0.167037085 0.0651695654
v -0.24487105 -0.16652371 0.057073582
v -0.244883925 -0.166394576 0.055059813
v -0.244920343 -0.166157335 0.0540529452
v -0.247520462 -0.166588008 0.0540732369
v -0.241840288 -0.165056914 0.0549608991
v -0.241795406 -0.16517742 0.056827832
v -0.24194479 -0.164849073 0.0540274531
v -0.249567837 -0.165914744 0.0537182391
v -0.25124532 -0.165023118 0.0537183397
v -0.252520472 -0.163680911 0.0537183397
v -0.253402948 -0.162053391 0.0537183397
v -0.25378409 -0.162209511 0.0540971644
v -0.254119992 -0.160221234 0.0540880673
v -0.254352123 -0.160245061 0.0551975444
v -0.253972977 -0.157983541 0.0551391467
v -0.253732532 -0.160182491 0.0537182391
v -0.253740191 -0.158027261 0.0540732369
v -0.254100978 -0.15796338 0.0572709739
v -0.252527148 -0.155687496 0.054052949
v -0.252741516 -0.155579537 0.055059813
v -0.250528783 -0.153098226 0.0549608991
v -0.195264891 0.195146218 0.668418169
v -0.20106861 0.186631143 0.648490191
v -0.198601723 0.187038437 0.64753139
v -0.182241783 0.213182732 0.703895092
v -0.184494376 0.214322194 0.705051303
v -0.191227168 0.205201462 0.687979877
v -0.177920282 0.222722322 0.71961534
v -0.175777093 0.221440226 0.718193412
v -0.169846803 0.228347898 0.729364693
v -0.171899721 0.229747221 0.731007338
v -0.166827485 0.23474212 0.738562644
v -0.186491191 0.21649453 0.705358446
v -0.173768312 0.232097715 0.7316553
v -0.179846957 0.224991992 0.720107019
v -0.197723806 0.196014836 0.669065714
v -0.161371872 0.238311172 0.74294287
v -0.163167372 0.240737781 0.743742883
v -0.168662086 0.237140343 0.739308536
v -0.170011863 0.240314081 0.738667667
v -0.203589514 0.187416986 0.648973584
v -0.199848935 0.198009431 0.66904074
v -0.175122604 0.235257313 0.730979323
v -0.193294153 0.207276568 0.688104749
v -0.181210771 0.228127956 0.719378114
v -0.17588973 0.23867929 0.729312003
v -0.187866002 0.219603911 0.704573452
v -0.194677979 0.210362971 0.687274873
v -0.170798987 0.243721172 0.7369802
v -0.165294379 0.247324914 0.741431177
v -0.17094557 0.246819511 0.734586239
v -0.16546528 0.250405014 0.739005923
v -0.16493395 0.252622515 0.736192226
v -0.170373783 0.249066964 0.731826007
v -0.169005767 0.249921381 0.72903955
v -0.175996736 0.241817057 0.726986229
v -0.175370753 0.244123876 0.724334538
v -0.1739389 0.245053083 0.721690059
v -0.179737806 0.238245741 0.710655928
v -0.181989893 0.234780937 0.715538442
v -0.181275249 0.237189084 0.713067532
v -0.181946754 0.231575757 0.717748582
v -0.18856357 0.223085925 0.702999234
v -0.187705934 0.228910446 0.698694348
v -0.188528657 0.226376235 0.700938582
v -0.186040208 0.230124131 0.696569562
v -0.183897763 0.230113268 0.69480741
v -0.192483827 0.221312985 0.680063069
v -0.190209731 0.221469685 0.678612471
v -0.195216641 0.217267945 0.683881998
v -0.195333794 0.213885248 0.685773134
v -0.201850891 0.204649121 0.666779518
v -0.194281623 0.21993567 0.681884408
v -0.200621039 0.21091263 0.663307309
v -0.201657489 0.208121136 0.665064514
v -0.201236367 0.201083049 0.668191731
v -0.207454816 0.199600846 0.645181477
v -0.207130775 0.192441985 0.648033559
v -0.207708433 0.196052969 0.646727681
v -0.205748796 0.189364463 0.648861408
v -0.212884396 0.188215181 0.626450479
v -0.210969552 0.18146573 0.628409088
v -0.212339669 0.18455933 0.627634883
v -0.212583408 0.191827625 0.625069797
v -0.216841444 0.177554637 0.607830524
v -0.208794355 0.179540098 0.628559411
v -0.206236929 0.178804159 0.628183961
v -0.213308364 0.172516301 0.608679533
v -0.203720137 0.179279611 0.627381086
v -0.201666817 0.180988163 0.626248837
v -0.2081853 0.172326207 0.607689142
v -0.210732132 0.171807289 0.608372986
v -0.215487108 0.174437359 0.608526289
v -0.214516461 0.165782556 0.589930356
v -0.219277352 0.168403462 0.590055108
v -0.217101589 0.166477725 0.590190113
v -0.206094846 0.174088851 0.606710494
v -0.220614552 0.171547487 0.589455009
v -0.211951107 0.166330233 0.589346111
v -0.209834859 0.16813308 0.588507771
v -0.204887658 0.177111074 0.605519414
v -0.200499803 0.183951482 0.62488544
v -0.195492506 0.191558599 0.644668519
v -0.200198829 0.187563911 0.623504758
v -0.195238844 0.195106462 0.643122196
v -0.214971453 0.161443725 0.573242664
v -0.208596766 0.171203315 0.587485671
v -0.195816502 0.19871746 0.641816318
v -0.204549059 0.180778936 0.60430491
v -0.200743526 0.191219792 0.622320354
v -0.208227068 0.17491962 0.586442053
v -0.205064267 0.184478462 0.603255451
v -0.202113688 0.194313362 0.621546149
v -0.197198451 0.201794952 0.640988529
v -0.191733405 0.209878072 0.659977138
v -0.199357718 0.20374243 0.640876353
v -0.193858564 0.211872742 0.659952104
v -0.187845916 0.220475525 0.677727401
v -0.196317554 0.212741375 0.660599768
v -0.198706359 0.212437034 0.661768675
v -0.201878667 0.204528317 0.641359806
v -0.204345584 0.204121053 0.642318606
v -0.206342876 0.202489078 0.643632531
v -0.211416408 0.194790959 0.62370646
v -0.206846267 0.196974948 0.621771336
v -0.209363058 0.196499512 0.62257421
v -0.217018053 0.18492201 0.605566502
v -0.213720396 0.189706892 0.603396893
v -0.204288855 0.19623898 0.621395826
v -0.208597362 0.189516798 0.602406442
v -0.211173594 0.190225795 0.602712989
v -0.206418619 0.18759574 0.602559745
v -0.214813843 0.184425384 0.585063756
v -0.210052952 0.181804478 0.584939003
v -0.21581085 0.187944248 0.604375541
v -0.219495475 0.182074845 0.58648628
v -0.217379183 0.183877692 0.585647941
v -0.208715752 0.178660467 0.585539043
v -0.212228701 0.183730215 0.584803939
v -0.211635068 0.173932731 0.570088387
v -0.215128332 0.179033622 0.569484293
v -0.21295625 0.177101985 0.56959337
v 0.0686409771 0.26036641 0.0537124723
v 0.0744781569 0.274324685 0.0537173748
v 0.0741782486 0.271232456 0.0537163839
v 0.0741256028 0.276817411 0.0537179671
v 0.0748845413 0.274374276 0.0540529676
v 0.0744906366 0.276980221 0.0540732592
v 0.0735083222 0.278978437 0.0540880933
v 0.0747046545 0.277081639 0.0551391691
v 0.0732176378 0.278719336 0.0537182651
v 0.0736821145 0.279134095 0.0551975742
v 0.0718512982 0.280039191 0.0537183657
v 0.0721964911 0.280593425 0.0552336872
v 0.0720679015 0.280389518 0.0540971942
v 0.0703139007 0.28124696 0.0541003123
v 0.072266981 0.280702293 0.0575066619
v 0.0738359094 0.279272765 0.0611147992
v 0.0703904629 0.281482607 0.0552461706
v 0.0701807588 0.280837178 0.0537183657
v 0.0684066936 0.281824797 0.0552336872
v 0.0704548135 0.281680673 0.0613573901
v 0.068360202 0.281173527 0.0537183657
v 0.0704517737 0.281671286 0.0660213009
v 0.0723154545 0.280753523 0.0659216493
v 0.0722775832 0.280624211 0.0707098171
v 0.0704104826 0.281544238 0.0708461925
v 0.0703198686 0.281265348 0.0751486793
v 0.0684136599 0.281954318 0.0575066619
v 0.0683591738 0.281897366 0.0707098171
v 0.0684045628 0.282024264 0.0659216493
v 0.0662803873 0.281710982 0.065633975
v 0.0663470477 0.281517446 0.0551975742
v 0.0663041174 0.281720012 0.0611147992
v -0.234311938 0.158573911 0.559620142
v -0.240561754 0.155344754 0.56003058
v -0.243136227 0.158040717 0.557190835
v -0.239158243 0.15417932 0.563190818
v -0.238036439 0.164740279 0.554526985
v -0.235970423 0.161206782 0.556767523
v -0.249657422 0.165528387 0.553652525
v -0.24016273 0.168561473 0.553196132
v -0.228191525 0.162057579 0.556724906
v -0.233408302 0.157454535 0.562787235
v -0.228973687 0.165368691 0.554493189
v -0.218949646 0.168058395 0.553362608
v -0.242001951 0.172057509 0.553072572
v -0.252533793 0.169072151 0.553543627
v -0.261571199 0.161936954 0.554695845
v -0.219534591 0.164762795 0.554662347
v -0.22010608 0.161750719 0.556872606
v -0.220567822 0.159547791 0.559700847
v -0.22756432 0.159609288 0.559570372
v -0.230473906 0.172276318 0.553055584
v -0.21844767 0.171111867 0.55326575
v -0.230927423 0.174721301 0.554441929
v -0.218125015 0.173397586 0.554664314
v -0.227224335 0.15859963 0.562733412
v -0.220823362 0.158679664 0.562854469
v -0.22087948 0.159004569 0.565878272
v -0.217988402 0.174773782 0.557103097
v -0.233232483 0.157704785 0.565813839
v -0.22716023 0.158885047 0.565759063
v -0.227360606 0.160321996 0.568192542
v -0.220742881 0.160380766 0.568317056
v -0.220420226 0.16266647 0.569715679
v -0.238887787 0.15440312 0.566216528
v -0.243917763 0.147919297 0.567140937
v -0.233757436 0.159180835 0.568245292
v -0.239712492 0.155874863 0.568652511
v -0.227814138 0.162766993 0.569578886
v -0.234956145 0.161738813 0.569626629
v -0.228509486 0.166076466 0.569463015
v -0.219918251 0.165719941 0.569618762
v -0.219333351 0.169015542 0.568318963
v -0.245004848 0.149321645 0.569591343
v -0.236801609 0.165234849 0.569503069
v -0.241594359 0.158453256 0.570043623
v -0.229314342 0.16967465 0.568141222
v -0.244495526 0.16199702 0.569934666
v -0.238940284 0.169056058 0.568172216
v -0.230096519 0.172985762 0.565909564
v -0.218761832 0.172027633 0.566108704
v -0.247476906 0.151781648 0.571014225
v -0.218300089 0.174230561 0.563280523
v -0.241018713 0.172589526 0.565931678
v -0.247856021 0.165882155 0.568620622
v -0.230723724 0.175434038 0.563064158
v -0.251115888 0.169484675 0.566396356
v -0.242683366 0.175222442 0.563079059
v -0.231063694 0.176443711 0.559901059
v -0.218044534 0.175098687 0.560126901
v -0.231127813 0.176158279 0.556875408
v -0.243580818 0.176341802 0.559911966
v -0.243744284 0.176091537 0.556885362
v -0.243206903 0.174615473 0.554453909
v -0.255093843 0.173346102 0.560396373
v -0.254440457 0.171650544 0.55493474
v -0.255314708 0.173122287 0.557370663
v -0.264105201 0.164396942 0.556118727
v -0.27167812 0.151425079 0.558240354
v -0.265316218 0.16579929 0.558569074
v -0.273225814 0.152671292 0.560718238
v -0.253715128 0.172180653 0.563556612
v -0.273099393 0.152885616 0.563732326
v -0.265100718 0.166009679 0.56159091
v -0.263354987 0.164893642 0.564728141
v -0.271139055 0.151946291 0.566824913
v -0.277365297 0.134496182 0.569538653
v -0.259975523 0.162316814 0.56752485
v -0.267185122 0.149731636 0.569538414
v -0.272998422 0.132782385 0.572147727
v -0.255706489 0.158875227 0.569695294
v -0.251292169 0.155164823 0.570953608
v -0.262136549 0.146757603 0.571604669
v -0.256892443 0.143540159 0.572755635
v -0.2673648 0.13045235 0.574083149
v -0.277669191 0.112522297 0.575063229
v -0.271609694 0.110882461 0.576864481
v -0.2750898 0.0889709741 0.579682827
v -0.261487663 0.12791197 0.575098932
v -0.268428415 0.087800771 0.580441356
v -0.262643039 0.0866776928 0.580067515
v -0.259763628 0.10737025 0.577471018
v -0.256209016 0.106073387 0.575830042
v -0.256390303 0.125567108 0.574949205
v -0.253096014 0.123823635 0.57338804
v -0.251630455 0.122786723 0.570875227
v -0.252351791 0.140595242 0.57272315
v -0.249413639 0.138438821 0.571239173
v -0.248113841 0.137192592 0.568761289
v 0.0550242551 -0.268978179 0.0537151918
v 0.0595999435 -0.276640356 0.053717941
v 0.0562746041 -0.27215302 0.0537163652
v 0.0636143908 -0.257102937 0.0537124537
v 0.0694515631 -0.271061212 0.0537173524
v 0.0690990165 -0.273553938 0.053717941
v 0.0681910515 -0.275455832 0.0537182391
v 0.0633336231 -0.277909994 0.0537183397
v 0.0668247044 -0.276775688 0.0537183397
v 0.0698579475 -0.271110803 0.0540529452
v 0.0694640428 -0.273716718 0.0540732369
v 0.0684817433 -0.275714934 0.0540880673
v 0.0696780682 -0.273818135 0.0551391467
v 0.0686555281 -0.275870621 0.0551975444
v 0.0688232258 -0.275988072 0.0656339675
v 0.0670413151 -0.277126014 0.0540971644
v 0.0671699047 -0.277329892 0.0552336611
v 0.0652873144 -0.277983487 0.0541002937
v 0.0651541725 -0.277573675 0.0537183397
v 0.0653638691 -0.278219104 0.0552461445
v 0.0654040873 -0.278342932 0.0575378612
v 0.067282699 -0.277504116 0.0612949356
v 0.0633800998 -0.278561294 0.0552336611
v 0.0633643046 -0.27832073 0.0540971644
v 0.061369542 -0.278025806 0.0540880673
v 0.0654282197 -0.27841717 0.0613573678
v 0.0654251799 -0.278407842 0.0660212934
v 0.0633912459 -0.278768539 0.0612949319
v 0.0633870661 -0.278690815 0.0575066358
v 0.0612936243 -0.278380543 0.0574165098
v 0.0632404312 -0.278354228 0.0749825463
v 0.0612040572 -0.27831921 0.0703156888
v 0.0612775236 -0.278456509 0.0611147732
v 0.0591928139 -0.277379394 0.0608240329
v 0.0591591783 -0.277366608 0.0651695654
v 0.0613204539 -0.278253913 0.0551975444
v 0.0571431927 -0.275282711 0.068814218
v 0.0592867956 -0.27719447 0.0551391467
v 0.057294663 -0.275377363 0.0570735894
v 0.0554848686 -0.272496313 0.0637556911
v 0.0555977449 -0.272480398 0.056827832
v 0.0540700927 -0.268874615 0.0665570423
v 0.0542567261 -0.269026577 0.0565589145
v 0.0532608666 -0.265382111 0.062045835
v 0.0559116155 -0.272302538 0.0540274531
v 0.0573809892 -0.275280446 0.055059813
v 0.0575499237 -0.275109947 0.054052949
v 0.0535174087 -0.265415728 0.054745093
v 0.0594003238 -0.276986629 0.0540732369
v 0.0546115264 -0.268959701 0.0539994724
v 0.0543774068 -0.268985987 0.05485259
v 0.0537757911 -0.265476793 0.0539716855
v 0.0535089858 -0.262244046 0.0539468043
v 0.0543674454 -0.260107487 0.05371245
v 0.0539157018 -0.259651691 0.0539275222
v 0.0548780598 -0.257680029 0.0539138094
v 0.0532437861 -0.262103528 0.0546486005
v 0.0536754318 -0.259454519 0.0545733161
v 0.0546790324 -0.257435143 0.0545193665
v 0.05458593 -0.257351428 0.0557306483
v 0.0535633266 -0.259397954 0.0558650531
v 0.251307249 -0.113583125 0.525820971
v 0.253274262 -0.108432718 0.539548516
v 0.252536893 -0.110986523 0.541051626
v 0.251669854 -0.106048949 0.538365245
v 0.247394413 -0.118891641 0.52813518
v 0.241819158 -0.120686449 0.529405296
v 0.239039645 -0.123194091 0.513069034
v 0.234963402 -0.121669397 0.530536771
v 0.232382029 -0.124203995 0.514215529
v 0.243748009 -0.114958376 0.544122159
v 0.225617647 -0.124273017 0.515199423
v 0.249385566 -0.1132989 0.542650819
v 0.227980331 -0.121751718 0.531366408
v 0.250640839 -0.104791611 0.555234194
v 0.236795068 -0.115879931 0.54530561
v 0.222023204 -0.12084464 0.531730652
v 0.219865009 -0.123311266 0.515843213
v 0.22969763 -0.115978569 0.546041369
v 0.216242611 -0.121228814 0.515969336
v 0.218245253 -0.118859403 0.531466126
v 0.21671015 -0.116246298 0.530723751
v 0.219752669 -0.113366954 0.545530021
v 0.223626539 -0.115169242 0.546169519
v 0.22476469 -0.106537327 0.558832347
v 0.238019511 -0.107100599 0.558211625
v 0.230883196 -0.107217677 0.558898389
v 0.218148276 -0.110983178 0.54434669
v 0.244997442 -0.106265478 0.556935787
v 0.231650665 -0.0957331881 0.56961149
v 0.2457387 -0.0948633179 0.567562342
v 0.220840245 -0.104980208 0.557850122
v 0.238779083 -0.0955964178 0.568944633
v 0.219188944 -0.102905363 0.556246102
v 0.221583381 -0.0939278454 0.56811583
v 0.225527421 -0.0952011719 0.569392085
v 0.239216298 -0.0816323459 0.577194214
v 0.226004392 -0.0814130381 0.577521324
v 0.232113689 -0.0817892328 0.577854574
v 0.246143043 -0.081007503 0.575718164
v 0.232385933 -0.0656499416 0.583301663
v 0.222057536 -0.080438599 0.576016247
v 0.239473477 -0.0654733926 0.582650006
v 0.246381685 -0.0649536029 0.581119239
v 0.251724869 -0.0799798518 0.573604405
v 0.251355499 -0.0936063975 0.565635383
v 0.254455477 -0.0918981358 0.563334525
v 0.25377351 -0.102758385 0.553270578
v 0.25447461 -0.100524835 0.551339447
v 0.254792631 -0.0786145478 0.571031153
v 0.255123049 -0.0900366977 0.561017454
v 0.252823353 -0.0984499827 0.549735487
v 0.255434304 -0.0771455541 0.568406105
v 0.253442645 -0.0883202478 0.559041858
v 0.248898894 -0.0968928561 0.548753202
v 0.247795984 -0.104246676 0.537725687
v 0.24599418 -0.108984776 0.524814069
v 0.249498576 -0.0870469287 0.557765543
v 0.241724893 -0.103437349 0.537853777
v 0.240037054 -0.10807772 0.525178254
v 0.237545073 -0.110021882 0.510792732
v 0.233053982 -0.108160034 0.526007891
v 0.230780691 -0.110090911 0.511776626
v 0.242780387 -0.0962125063 0.5486871
v 0.224123061 -0.111100815 0.512923121
v 0.234627441 -0.10353598 0.538589597
v 0.226198196 -0.109142989 0.527139425
v 0.235644072 -0.0963295773 0.549373925
v 0.227674484 -0.104457542 0.539773107
v 0.220622942 -0.110937782 0.528409421
v 0.218690693 -0.11296168 0.514054716
v 0.215602085 -0.115583584 0.514993787
v 0.217481479 -0.113455653 0.529654562
v 0.222036913 -0.106117018 0.541244388
v 0.218885601 -0.108429372 0.54284358
v 0.223022729 -0.0986385867 0.552351356
v 0.219890043 -0.100671798 0.554315031
v 0.228666112 -0.0971647203 0.550649822
v 0.220570505 -0.0903499573 0.563823164
v 0.229287297 -0.0873847827 0.559595346
v 0.223670512 -0.0886416957 0.561522305
v -0.266786486 -0.105055608 0.468026996
v -0.261025965 -0.106131427 0.469888926
v -0.257978946 -0.102701761 0.458452612
v -0.256341934 -0.10804233 0.471281856
v -0.272629559 -0.104916126 0.466012269
v -0.276281536 -0.10791713 0.480346084
v -0.277561396 -0.105814248 0.46416077
v -0.26404357 -0.109042674 0.483386815
v -0.270123214 -0.108005501 0.481902003
v -0.281487972 -0.108871333 0.478969574
v -0.273278147 -0.109861612 0.496779948
v -0.259073168 -0.110934831 0.48454982
v -0.256242633 -0.113588192 0.485140383
v -0.253728271 -0.110686988 0.471889645
v -0.261664063 -0.112767592 0.4991211
v -0.253103286 -0.113597296 0.471778303
v -0.255496472 -0.116528362 0.485189945
v -0.256779224 -0.119280927 0.484729916
v -0.2578803 -0.118375644 0.500149012
v -0.258677185 -0.115424007 0.499832034
v -0.266889364 -0.110883191 0.498035192
v -0.26090008 -0.11558345 0.514993727
v -0.269421011 -0.111100681 0.512923062
v -0.263988674 -0.112961538 0.514054596
v -0.25922513 -0.121145688 0.50005281
v -0.276078641 -0.110090777 0.511776567
v -0.260101825 -0.118495978 0.515659034
v -0.261540592 -0.121228687 0.515969336
v -0.262663275 -0.123257339 0.499524504
v -0.260035396 -0.121371508 0.483791858
v -0.257492632 -0.11834202 0.469662696
v -0.265209496 -0.122325704 0.482407063
v -0.262343764 -0.119240113 0.467790514
v -0.262008101 -0.116246179 0.530723751
v -0.265162975 -0.123311132 0.515843153
v -0.268025339 -0.119100578 0.465734303
v -0.268146396 -0.124233782 0.498544812
v -0.271303236 -0.12223731 0.480834514
v -0.270915627 -0.124272883 0.515199363
v -0.274607718 -0.124165811 0.497321486
v -0.277318299 -0.121200129 0.479333103
v -0.273624361 -0.118024729 0.463830918
v -0.270171463 -0.114281066 0.450504065
v -0.278227687 -0.116113834 0.462417245
v -0.274392545 -0.112313718 0.448656946
v -0.270788074 -0.108306177 0.436863601
v -0.276884526 -0.109651431 0.447905958
v -0.273078859 -0.105610259 0.435867578
v -0.27375412 -0.102722257 0.436085701
v -0.277619749 -0.106757298 0.448129058
v -0.276570618 -0.104094371 0.449204266
v -0.280922085 -0.113469183 0.461830229
v -0.281708568 -0.110558927 0.461982965
v -0.280588001 -0.107851222 0.462788761
v -0.284711808 -0.110961914 0.478023171
v -0.285119236 -0.116654612 0.477579564
v -0.285929978 -0.113714464 0.477546602
v -0.285246819 -0.110770091 0.494583219
v -0.290005565 -0.115651779 0.493952453
v -0.282256395 -0.119307965 0.478161842
v -0.286197633 -0.121259831 0.494974107
v -0.289192557 -0.118603401 0.494265258
v -0.280980378 -0.123144217 0.496062011
v -0.292858571 -0.118711188 0.510998368
v -0.28433761 -0.123193949 0.513068974
v -0.288676888 -0.112881728 0.494052768
v -0.292218029 -0.113065951 0.510022819
v -0.293656796 -0.115798667 0.510333061
v -0.27768001 -0.124203853 0.51421541
v -0.289769977 -0.121333092 0.511937439
v -0.280261397 -0.121669248 0.530536711
v -0.292692363 -0.118891507 0.52813518
v -0.287117124 -0.1206863 0.529405236
v -0.273278326 -0.121751577 0.531366348
v -0.28904599 -0.114958227 0.544121981
v -0.295833826 -0.116373636 0.526890099
v -0.267321169 -0.120844506 0.531730592
v -0.2966052 -0.113582984 0.525820911
v -0.297834873 -0.110986382 0.541051626
v -0.294683546 -0.113298759 0.542650759
v -0.263543248 -0.118859269 0.531466067
v -0.26505065 -0.113366835 0.545529902
v -0.268924505 -0.115169108 0.5461694
v -0.274995595 -0.115978412 0.54604131
v -0.282093048 -0.115879782 0.54530549
v -0.283317477 -0.107100457 0.558211565
v -0.270062685 -0.106537193 0.558832347
v -0.276181132 -0.107217543 0.55889833
v -0.290295422 -0.106265329 0.556935668
v -0.29593879 -0.10479147 0.555234134
v -0.291036665 -0.0948631763 0.567562282
v -0.276948631 -0.095733054 0.569611371
v -0.284077048 -0.0955962762 0.568944573
v -0.299071491 -0.102758244 0.553270519
v -0.266138196 -0.104980066 0.557850063
v -0.29665345 -0.0936062559 0.565635324
v -0.299753457 -0.0918979943 0.563334405
v -0.299772561 -0.100524694 0.551339388
v -0.298572183 -0.108432576 0.539548457
v -0.29702282 -0.0799797028 0.573604345
v -0.296967804 -0.1060488 0.538365185
v -0.300421029 -0.0900365561 0.561017394
v -0.295070082 -0.110969886 0.525078535
v -0.291292101 -0.108984649 0.52481401
v -0.298121303 -0.0984498411 0.549735427
v -0.288595647 -0.110983506 0.510148942
v -0.298740596 -0.0883201063 0.559041798
v -0.294196784 -0.096892722 0.548753142
v -0.29309392 -0.104246527 0.537725687
v -0.282842994 -0.110021755 0.510792673
v -0.287022829 -0.103437215 0.537853777
v -0.285335004 -0.108077586 0.525178194
v -0.279755592 -0.109793641 0.495560765
v -0.278351933 -0.108159907 0.526007831
v -0.279925376 -0.103535846 0.538589537
v -0.271496177 -0.109142855 0.527139366
v -0.288078338 -0.0962123647 0.54868716
v -0.272972465 -0.104457408 0.539773047
v -0.280942023 -0.0963294432 0.549373865
v -0.265920937 -0.110937655 0.528409421
v -0.262779474 -0.113455527 0.529654503
v -0.267334908 -0.106116876 0.541244328
v -0.264183581 -0.108429238 0.542843461
v -0.263446242 -0.110983044 0.544346631
v -0.264486939 -0.102905229 0.556246042
v -0.26832068 -0.0986384451 0.552351356
v -0.265188038 -0.100671664 0.554314971
v -0.266881347 -0.0939277187 0.568115711
v -0.265868485 -0.0903498232 0.563823104
v -0.273964077 -0.0971645862 0.550649822
v -0.265200913 -0.0922112539 0.566140115
v -0.274585277 -0.0873846337 0.559595287
v -0.268968463 -0.0886415541 0.561522245
v -0.265658945 -0.0790997669 0.573747218
v -0.26936841 -0.0762654692 0.568548918
v -0.266300589 -0.0776307806 0.57112211
v -0.270825386 -0.0952010378 0.569392025
v -0.271302402 -0.0814128965 0.577521145
v -0.267355502 -0.0804384649 0.576016128
v -0.266559988 -0.0626815706 0.575966358
v -0.267636031 -0.0647410378 0.581240535
v -0.265931696 -0.0637693331 0.5787853
v -0.27741164 -0.0817890912 0.577854514
v -0.284514248 -0.0816322044 0.577194095
v -0.277683914 -0.0656497926 0.583301663
v -0.291440994 -0.081007354 0.575718105
v -0.291679651 -0.0649534613 0.58111918
v -0.284771442 -0.065473251 0.582649946
v -0.271583319 -0.0654250681 0.582892478
v -0.284762323 -0.0472927205 0.585790932
v -0.271588534 -0.047414843 0.585978866
v -0.277683824 -0.0474934913 0.586433589
v -0.297242194 -0.0641484559 0.578891218
v -0.267643064 -0.0470043868 0.584243476
v -0.291657537 -0.0468649119 0.584234178
v -0.265935898 -0.0463756546 0.58168447
v -0.267296612 -0.0273974631 0.585479498
v -0.297202885 -0.0462624393 0.581946611
v -0.291279495 -0.026905138 0.58553195
v -0.277329862 -0.0274985284 0.587731123
v -0.284400493 -0.0272639152 0.587096214
v -0.271238297 -0.0275595281 0.587253273
v -0.283599615 -0.00556014478 0.587044775
v -0.270452946 -0.00603644131 0.587188601
v -0.276540488 -0.00584326033 0.587674856
v -0.290450513 -0.00523757003 0.585480928
v -0.275234163 0.0172939692 0.58674562
v -0.266516775 -0.0060892147 0.585403144
v -0.282273322 0.0176452883 0.58611536
v -0.289075434 0.0179743636 0.584550023
v -0.295913309 -0.00492601003 0.58316648
v -0.296796143 -0.0264716428 0.583221495
v 0.267554492 0.00333054084 0.0575378649
v 0.267622769 0.00333054061 0.0660212934
v 0.267337263 0.00128468918 0.0612949468
v 0.267262071 0.00130472693 0.0575066507
v 0.267337263 0.00537639251 0.0612949468
v 0.267325789 0.0053866161 0.0659216419
v 0.267325789 0.00127446558 0.0659216419
v 0.26632008 -0.000590371143 0.057416521
v 0.267191052 0.0053905691 0.0707098171
v 0.266387343 -0.000629153394 0.0611147881
v 0.266371429 -0.000648941554 0.065633975
v 0.267489135 0.00333054014 0.0708461925
v 0.266371429 0.00731002353 0.065633975
v 0.26719594 0.00333054014 0.0751486793
v 0.26623401 0.00731767714 0.0703156963
v 0.26623401 -0.000656595977 0.0703156963
v 0.266387343 0.00729023572 0.0611147881
v 0.265441388 -0.000662945502 0.077533178
v 0.266896605 0.00126928394 0.0749825537
v 0.264555067 -0.00231786305 0.0696788281
v 0.26632005 0.00725145405 0.057416521
v 0.267262071 0.00535635464 0.0575066507
v 0.267136723 0.00532295927 0.0552336723
v 0.267424315 0.00333054131 0.0552461632
v 0.267136723 0.00133812276 0.0552336723
v 0.267176598 0.00333054131 0.0541003048
v 0.266006172 0.00706964312 0.0540880784
v 0.264718741 0.00894006062 0.0608240478
v 0.264571905 0.00879355147 0.0551391616
v 0.266903102 0.00526366103 0.0540971868
v 0.264696151 0.0089680953 0.0651695728
v 0.262267381 0.0101938602 0.0604298636
v 0.26425451 0.00898232963 0.0737230629
v 0.262162626 0.0100146057 0.0550598279
v 0.262052625 0.00980125647 0.0540529601
v 0.264409304 0.008621349 0.0540732481
v 0.258913994 0.0107214143 0.0549609102
v 0.258969247 0.0109196231 0.0599393882
v 0.25524804 0.0109260818 0.0548526011
v 0.264141679 0.00832450483 0.0537179559
v 0.258876354 0.010491834 0.0540274605
v 0.265669942 0.00687324861 0.053718254
v 0.266502976 0.005165915 0.0537183508
v 0.255295396 0.0106952954 0.0539994761
v 0.261879921 0.00943008903 0.0537173636
v 0.266745687 0.00333054131 0.0537183471
v 0.266502976 0.00149516761 0.0537183508
v 0.266903102 0.00139742147 0.0540971868
v 0.266006172 -0.000408560416 0.0540880784
v 0.266207963 -0.000525734387 0.0551975518
v 0.264571965 -0.00213246956 0.0551391616
v 0.265669942 -0.000212166502 0.053718254
v 0.264141679 -0.00166342151 0.0537179559
v 0.264409333 -0.00196026685 0.0540732481
v 0.264696151 -0.00230701338 0.0651695728
v 0.262052625 -0.00314017199 0.0540529601
v 0.262228101 -0.00346555584 0.0570735969
v 0.262162626 -0.00335352193 0.0550598279
v 0.262236446 -0.00356708188 0.0645397156
v 0.258913994 -0.00406033034 0.0549609102
v 0.258876354 -0.00383075047 0.054027468
v 0.258779764 -0.00431119418 0.0677368939
v 0.255295396 -0.00403421186 0.0539994799
v 0.25524804 -0.00426499918 0.0548526011
v 0.258846343 -0.00343932654 0.0537163727
v 0.252061993 -0.00336623611 0.0537140407
v 0.245273173 -0.000104690669 0.0537121482
v 0.246800989 -0.00153086265 0.0537124649
v 0.0733236745 0.267929047 0.0537152104
v 0.0720122531 0.264802754 0.0537140518
v -0.233527482 0.166720614 0.0537124723
v -0.233129725 0.164668784 0.0537121594
v -0.236704901 0.171297804 0.0537140518
v 0.0602782741 0.261477172 0.0537121594
v 0.0600508414 0.272241682 0.0537152104
v 0.0646265298 0.279903889 0.0537179746
v 0.055251684 -0.258213729 0.0537121408
v -0.25036338 -0.15326184 0.0540274531
v -0.250109017 -0.153560847 0.0537163652
v -0.252169222 -0.155886233 0.0537173524
v -0.23067677 0.157964319 0.50844568
v -0.230792552 0.157574296 0.495096624
v -0.230395332 0.153709188 0.494917929
v -0.229174733 0.150654003 0.488829613
v -0.227017522 0.148704469 0.488706112
v -0.226963952 0.148530468 0.494641036
v -0.230371863 0.161604926 0.489416599
v -0.230263993 0.161505044 0.501470149
v -0.230448589 0.153882921 0.489011705
v -0.228926897 0.164712384 0.501553893
v -0.228301406 0.16678077 0.524977028
v -0.226673782 0.166949123 0.508473217
v -0.228981718 0.1646384 0.495390356
v -0.229034066 0.164811105 0.489571929
v -0.230949447 0.158832416 0.476711363
v -0.226786375 0.166550323 0.495447725
v -0.226731867 0.166624933 0.501578987
v -0.226838544 0.16672276 0.489650846
v -0.223441228 0.167559326 0.501368046
v -0.223275885 0.167911366 0.489469171
v -0.223296225 0.167652383 0.49523136
v -0.226889461 0.167139813 0.483759671
v -0.229085222 0.165228754 0.483659267
v -0.230474979 0.162686422 0.476986408
v 0.0533871427 -0.259151578 0.0635047555
v 0.0534464158 -0.259299576 0.0606813803
v 0.0529924966 -0.262007147 0.0612803511
v 0.0529313087 -0.261861235 0.0643307567
v 0.0528336801 -0.261574477 0.0671561882
v 0.0531003661 -0.264950603 0.0684536174
v 0.0554248244 -0.272359133 0.0677368864
v 0.0553261563 -0.272070497 0.071343109
v 0.0551617146 -0.271589458 0.0740344822
v 0.0570454597 -0.274995387 0.0726644546
v 0.0566122048 -0.273721576 0.0776129737
v 0.0588490143 -0.276476294 0.0766735375
v 0.059009172 -0.276950955 0.0737230629
v 0.0591052622 -0.277235746 0.0696788207
v 0.0611099377 -0.27803725 0.0745015591
v 0.0609530844 -0.277567297 0.077533178
v 0.0606900789 -0.276779145 0.0797388703
v 0.0630868152 -0.27788806 0.0780629367
v 0.0628282726 -0.277103335 0.080290556
v 0.064887628 -0.276753396 0.080479838
v 0.0624213032 -0.27586785 0.0820050165
v 0.0644861683 -0.275517851 0.0821958184
v 0.0663624108 -0.274587303 0.0820050165
v 0.0667593554 -0.275826037 0.080290556
v 0.0682986453 -0.274306953 0.0797388777
v 0.065142259 -0.277537107 0.0782453418
v 0.0670114532 -0.276612878 0.0780629367
v 0.0652932897 -0.278001904 0.0751486793
v 0.0685491487 -0.275099188 0.0775331855
v 0.0696100965 -0.272979826 0.0766735375
v 0.0686984509 -0.275571585 0.0745015517
v 0.0671611726 -0.277080297 0.0749825463
v 0.0653838962 -0.278280795 0.0708461851
v 0.0672509968 -0.277360737 0.0707098097
v 0.0698491782 -0.273744851 0.0696788207
v 0.0701987147 -0.270721614 0.0726644546
v 0.0687880442 -0.275855005 0.0703156888
v 0.0672888681 -0.27749005 0.0659216344
v 0.0698824599 -0.273882419 0.0651695654
v 0.18153438 0.17123428 0.453461707
v 0.181680709 0.169841081 0.461930484
v 0.183838591 0.165889531 0.477213264
v 0.182152137 0.175340742 0.427537411
v 0.180290863 0.180077314 0.411907136
v 0.178804681 0.179111376 0.420060992
v 0.18386291 0.172423676 0.426815152
v 0.183114693 0.174875006 0.41873312
v 0.185238197 0.166368738 0.434488714
v 0.184231982 0.171274275 0.417860448
v 0.184503168 0.167504191 0.41703701
v 0.183510751 0.173800066 0.410145134
v 0.182250947 0.177345648 0.41107434
v 0.183930337 0.170048654 0.409270048
v 0.183369726 0.166699484 0.408599317
v 0.183146521 0.172488764 0.402028382
v 0.182661816 0.169128656 0.401322275
v 0.181298703 0.179731622 0.403933525
v 0.182640836 0.176224262 0.402951688
v 0.18180722 0.171372995 0.394747525
v 0.18225646 0.174734697 0.39548561
v 0.181711033 0.178456947 0.396452487
v 0.179274127 0.182407275 0.404815018
v 0.181364849 0.176696733 0.389815211
v 0.180331379 0.181939423 0.397481889
v 0.180924535 0.173339203 0.38904947
v 0.179327324 0.170933887 0.388695568
v 0.17827791 0.184581712 0.39840731
v 0.180132285 0.174933776 0.384402484
v 0.177949101 0.173662275 0.380611449
v 0.176146492 0.171089709 0.383958578
v 0.180576444 0.178285152 0.385190815
v 0.175574049 0.172282636 0.380575895
v 0.172801539 0.17200008 0.380773067
v 0.174296767 0.168661594 0.388663888
v 0.175120771 0.173347801 0.378327489
v 0.179548979 0.176063329 0.380981028
v 0.179995969 0.179410145 0.381785989
v 0.178945452 0.176967964 0.378715664
v 0.177393556 0.174646735 0.378333241
v 0.180810153 0.180408239 0.390819877
v 0.178072482 0.186558396 0.383973032
v 0.178852215 0.183789879 0.380504936
v 0.179379031 0.180210888 0.379486203
v 0.176591069 0.188062638 0.388325125
v 0.178481251 0.18082647 0.378176838
v 0.177522928 0.187119409 0.38163197
v 0.17346096 0.190341502 0.385714591
v 0.176022559 0.189168453 0.384990662
v 0.175541908 0.18963623 0.382650763
v 0.176814005 0.187037081 0.380120754
v 0.178004399 0.184061944 0.379040301
v 0.173059911 0.190777242 0.383344918
v 0.170469388 0.190661833 0.383707464
v 0.170737296 0.19026053 0.386076629
v 0.171255559 0.189228565 0.389378041
v 0.172785372 0.190336972 0.381682545
v 0.175033242 0.189284548 0.381105721
v 0.174555868 0.188429758 0.380248785
v 0.175633878 0.186712265 0.379297286
v 0.172901079 0.188950017 0.380362302
v 0.176675826 0.183964208 0.378229558
v 0.173670799 0.186545789 0.379019082
v -0.229445577 0.15714927 0.442111462
v -0.230584323 0.160387918 0.442596316
v -0.230445981 0.162559494 0.433789462
v -0.229439616 0.159295842 0.433247715
v -0.230643988 0.158569321 0.451571196
v -0.230825961 0.164214477 0.443217874
v -0.230977088 0.162409395 0.452101231
v -0.230536029 0.166368797 0.434488624
v -0.229347795 0.161675096 0.424649537
v -0.2304416 0.166225627 0.45265308
v -0.23019591 0.164969712 0.425239891
v -0.230104804 0.168759659 0.426005512
v -0.229766354 0.170095712 0.435225606
v -0.230202347 0.167995036 0.443869799
v -0.231024548 0.160927892 0.460842282
v -0.228745207 0.171095654 0.444446236
v -0.228412524 0.174875036 0.41873306
v -0.227449954 0.175340801 0.427537352
v -0.229425445 0.155343339 0.451153129
v -0.229386404 0.153855518 0.460058272
v -0.227304563 0.153369501 0.450937271
v -0.227377847 0.155132428 0.441869259
v -0.227460235 0.15720588 0.43298313
v -0.224813804 0.154360458 0.441854626
v -0.227238759 0.151902184 0.459869564
v -0.23060824 0.155886725 0.468796998
v -0.227178812 0.150715619 0.468348652
v -0.229335532 0.152663156 0.468512297
v -0.224546582 0.151237756 0.459828407
v -0.22471565 0.152659744 0.450912625
v -0.22918196 0.167950287 0.461677551
v -0.229227036 0.151074618 0.482808709
v -0.226992354 0.168697715 0.469980568
v -0.22697857 0.169841155 0.461930424
v -0.226832241 0.171234354 0.453461707
v -0.224267647 0.170483321 0.46203652
v -0.226486459 0.172882423 0.444840759
v -0.224009335 0.169470623 0.470028371
v -0.223648444 0.168733507 0.477323294
v -0.22031109 0.169270203 0.469911754
v -0.219022527 0.169012114 0.477084905
v -0.224209607 0.171800762 0.453617364
v -0.225874379 0.174790427 0.436334074
v -0.223858744 0.173378333 0.445038408
v -0.221620664 0.17109111 0.453592718
v -0.221393093 0.16992189 0.461983532
v -0.221294701 0.172606394 0.445023686
v -0.211918503 0.168965042 0.476503253
v -0.218936905 0.168094635 0.461717486
v -0.219226956 0.170589581 0.444781572
v -0.216920018 0.167826727 0.469439
v -0.219499782 0.169117317 0.453376889
v -0.214858621 0.164870366 0.4684183
v -0.218281239 0.16589126 0.452958822
v -0.217480898 0.164939269 0.46118477
v 0.185125455 0.162023351 0.483475357
v 0.185230479 0.163593158 0.469496489
v 0.181694478 0.16869764 0.469980687
v 0.178969771 0.170483246 0.46203661
v 0.178711504 0.169470564 0.47002846
v 0.175013229 0.169270158 0.469911844
v 0.181642488 0.167798907 0.477345884
v 0.178350598 0.168733448 0.477323323
v 0.173724666 0.16901207 0.477084994
v 0.1815916 0.167139784 0.483759791
v 0.183787376 0.165228724 0.483659357
v 0.183683887 0.16463834 0.495390415
v 0.178100765 0.168242678 0.483651757
v 0.185074016 0.161604896 0.489416689
v 0.18554765 0.157747686 0.489218712
v 0.172877491 0.169023648 0.483210295
v 0.166620672 0.168965012 0.476503223
v 0.177978054 0.167911321 0.4894692
v 0.164906919 0.170469016 0.482281595
v 0.153174177 0.173565194 0.480711937
v 0.164426371 0.170659661 0.487510681
v 0.152842984 0.173871592 0.485213071
v 0.153093725 0.173020408 0.489790857
v 0.164811894 0.16988425 0.492883325
v 0.172776461 0.16842927 0.494536787
v 0.166420817 0.167755216 0.499228895
v 0.177998379 0.167652339 0.49523142
v 0.181540668 0.166722715 0.489650905
v 0.173519552 0.167832226 0.500743628
v 0.181488529 0.166550264 0.495447785
v 0.178143382 0.167559296 0.501368225
v 0.174697906 0.167522535 0.507914126
v 0.181433991 0.166624904 0.501579106
v 0.171304241 0.166045502 0.507655263
v 0.169232041 0.163000673 0.507899404
v 0.173153281 0.165888533 0.515791357
v 0.175620496 0.167720884 0.515892148
v 0.178498223 0.16827096 0.516059577
v 0.178394616 0.167725742 0.508309126
v 0.181375921 0.166949078 0.508473217
v 0.181205601 0.167609572 0.516188741
v 0.183629051 0.164712355 0.501553893
v 0.183398485 0.165694669 0.516290545
v 0.180814415 0.168693095 0.524783969
v 0.18357043 0.165034816 0.508501649
v 0.184966117 0.161505014 0.501470208
v 0.185494676 0.157574251 0.495096684
v 0.185150713 0.153882876 0.489011794
v 0.185438961 0.157646522 0.501349449
v 0.18490684 0.16182521 0.50848943
v 0.183766946 0.150550917 0.50108242
v 0.184980586 0.154096141 0.508379698
v 0.185378939 0.157964274 0.50844574
v 0.185202479 0.158622101 0.51643616
v 0.18480204 0.154752985 0.516465187
v 0.18473269 0.16248408 0.516375482
v 0.184332877 0.163573369 0.525182247
v 0.18300353 0.166780725 0.524977088
v 0.182275966 0.168381914 0.53461808
v -0.011664819 -0.00250501628 0.0934178904
v -0.0116648152 0.00916609168 0.0934178904
v -0.0101011833 0.00333054131 0.0934178904
v -0.0159367342 0.0134380125 0.0934178904
v -0.0217722841 0.0150016425 0.0934178904
v -0.0159367397 -0.0067769317 0.0934178904
v -0.0276078358 0.0134380106 0.0934178904
v -0.0217722896 -0.0083405599 0.0934178904
v -0.0318797529 0.00916609261 0.0934178904
v -0.0276078396 -0.00677692611 0.0934178904
v -0.0334433839 0.00333054294 0.0934178904
v -0.0318797529 -0.00250500673 0.0934178904
v -0.247585908 0.161822364 0.0539994799
v -0.244531706 0.159951255 0.0539717004
v -0.244553477 0.15968664 0.0547451004
v -0.244577423 0.160462201 0.0537140481
v -0.247683257 0.161607817 0.0548526049
v -0.244627461 0.159498066 0.058870241
v -0.247786731 0.161383018 0.0628976822
v -0.250528753 0.163928181 0.054960914
v -0.250629514 0.163848266 0.0568278395
v -0.252860308 0.166357324 0.0570735969
v -0.25036338 0.164091796 0.0540274717
v -0.252527148 0.166517466 0.0540529676
v -0.250679523 0.163745835 0.063755706
v -0.252817065 0.166184038 0.0688142329
v -0.252574027 0.166002288 0.0726644546
v -0.254068255 0.168653607 0.0696788281
v -0.253827095 0.168474197 0.0737230703
v -0.252169222 0.166716188 0.0537173711
v -0.247475952 0.162220567 0.0537152067
v -0.239242375 0.158854708 0.0537124649
v -0.237168059 0.159110472 0.0537121482
v -0.253732532 0.171012416 0.0537182651
v -0.247478396 0.17702046 0.0537179671
v -0.242150575 0.175344676 0.0537163876
v -0.0116648152 0.00916609168 0.0934178904
v -0.0104775382 0.00985156652 0.0947888345
v -0.00873023365 0.00333054131 0.0947888345
v -0.0159367342 0.0134380125 0.0934178904
v -0.0101011833 0.00333054131 0.0934178904
v -0.0152512603 0.0146252895 0.0947888345
v -0.0104775419 -0.00319049181 0.0947888345
v -0.0217722841 0.0150016425 0.0934178904
v -0.011664819 -0.00250501628 0.0934178904
v -0.0217722841 0.0163725931 0.0947888345
v -0.0152512658 -0.00796420965 0.0947888345
v -0.0276078358 0.0134380106 0.0934178904
v -0.0159367397 -0.0067769317 0.0934178904
v -0.0282933097 0.0146252867 0.0947888345
v -0.0217722915 -0.00971150957 0.0947888345
v -0.0318797529 0.00916609261 0.0934178904
v -0.0217722896 -0.0083405599 0.0934178904
v -0.0330670327 0.00985156745 0.0947888345
v -0.0282933135 -0.00796420313 0.0947888345
v -0.0334433839 0.00333054294 0.0934178904
v -0.0276078396 -0.00677692611 0.0934178904
v -0.0348143354 0.0033305434 0.0947888345
v -0.0330670327 -0.0031904811 0.0947888345
v -0.0318797529 -0.00250500673 0.0934178904
v -0.251665711 0.17635259 0.0552336872
v -0.249818757 0.177314565 0.0551975742
v -0.249724373 0.17710115 0.0540880933
v -0.251747489 0.176453292 0.0575066619
v -0.251796544 0.176513717 0.061294958
v -0.249903113 0.177503675 0.0611147992
v -0.249878585 0.177510351 0.0656339824
v -0.251781255 0.176515236 0.0659216568
v -0.25306949 0.174909741 0.0552461706
v -0.253230035 0.175026372 0.0660213009
v -0.251669943 0.17643927 0.070709832
v -0.253121942 0.174947858 0.0708462074
v -0.253237993 0.175032154 0.0613573901
v -0.25409168 0.173106074 0.0707098246
v -0.252884716 0.174775511 0.0751486942
v -0.253854156 0.172931969 0.0749825686
v -0.254211038 0.170807838 0.0745015666
v -0.254198343 0.173188433 0.0659216493
v -0.254128993 0.173175454 0.0575066581
v -0.254556805 0.17107141 0.065633975
v -0.254450113 0.170984462 0.0703156963
v -0.254480809 0.171088576 0.057416521
v -0.254007936 0.173128799 0.0552336797
v -0.254100978 0.168793336 0.0572709925
v -0.25286907 0.174764082 0.0541003197
v -0.251511544 0.176167294 0.0540971942
v -0.25124529 0.175853044 0.0537183657
v -0.249567792 0.176744655 0.0537182651
v -0.252520472 0.174510837 0.0537183657
v -0.253402889 0.172883332 0.0537183657
v -0.25378406 0.173039436 0.0540971942
v -0.254119992 0.171051174 0.0540880859
v -0.254352123 0.171074986 0.055197563
v -0.253972948 0.168813482 0.0551391654
v -0.253740191 0.168857217 0.0540732592
v -0.252741516 0.166409492 0.0550598353
v -0.238928124 0.173738748 0.053999491
v -0.236204833 0.171412259 0.0539717041
v -0.235959873 0.171514735 0.0547451116
v -0.234088823 0.168953747 0.0539468229
v -0.233791679 0.168995947 0.0546486191
v -0.233676568 0.169047952 0.056052357
v -0.235862076 0.171595141 0.0562920384
v -0.232385486 0.166631296 0.0580179542
v -0.232583806 0.166599095 0.0545733422
v -0.232084259 0.164362505 0.0557306707
v -0.232894093 0.166617393 0.0539275408
v -0.232513756 0.164456621 0.0539138205
v -0.232208788 0.164375499 0.0545193851
v -0.231798097 0.164234102 0.0629103482
v -0.232539058 0.162376449 0.054486908
v -0.232421964 0.162331313 0.0556496345
v -0.232144788 0.162170961 0.062550962
v -0.23344712 0.160653204 0.0544760376
v -0.233084247 0.160389632 0.0624300204
v -0.232840762 0.162524745 0.0539056286
v -0.233730868 0.160859391 0.0539029203
v -0.232845649 0.160216287 0.0648075119
v -0.231904715 0.161998093 0.0649577007
v -0.231504574 0.161709994 0.0669018775
v -0.232447922 0.159927323 0.0667319521
v -0.23385182 0.158479258 0.0669018775
v -0.234249458 0.158770785 0.0649577007
v -0.23448807 0.158945695 0.062550962
v -0.23610355 0.15780133 0.0654028058
v -0.235704273 0.157506213 0.0674035475
v -0.235050753 0.157023177 0.0690570325
v -0.237993389 0.157148629 0.0682288557
v -0.237336233 0.156659484 0.0699367076
v -0.236343086 0.157978401 0.0629103407
v -0.234678805 0.159101263 0.0575874895
v -0.238636136 0.157627016 0.063504748
v -0.238395095 0.157447621 0.0661374405
v -0.241111487 0.157849357 0.0671561733
v -0.240707248 0.157546937 0.0693697035
v -0.240045682 0.157051966 0.0711480975
v -0.236328781 0.155909672 0.0714187175
v -0.239031091 0.156292915 0.0726681501
v -0.237567812 0.155198202 0.0741066337
v -0.243168026 0.158341959 0.0726800412
v -0.242144972 0.157574296 0.074241735
v -0.235560209 0.153696254 0.0756403431
v -0.238637492 0.154942453 0.0772719309
v -0.241770267 0.156849042 0.0790648833
v -0.247021139 0.160792157 0.0724231154
v -0.248205438 0.161874622 0.077713035
v -0.249916881 0.163158238 0.0740344822
v -0.251496434 0.165196612 0.0776129887
v -0.252168924 0.165699407 0.0755014867
v 0.166337192 0.173932716 0.570088446
v 0.165872529 0.170154035 0.570835114
v 0.162929177 0.174919546 0.586442113
v 0.166269958 0.166394159 0.571699202
v 0.163299501 0.189516738 0.602406502
v 0.166930839 0.18373017 0.584804058
v 0.164755076 0.181804433 0.584939063
v 0.169515982 0.184425339 0.585063875
v 0.165875733 0.190225735 0.602713048
v 0.168422535 0.189706817 0.603396952
v 0.169830471 0.179033592 0.569484413
v 0.172081307 0.183877647 0.58564806
v 0.167658374 0.177101955 0.569593489
v 0.174197614 0.1820748 0.586486399
v 0.175003141 0.179146349 0.570188999
v 0.172422409 0.179718196 0.569702446
v 0.169904441 0.173364148 0.556199729
v 0.174669489 0.175978899 0.556303382
v 0.172072589 0.175302029 0.556121886
v 0.168597549 0.170172408 0.556584895
v 0.168153808 0.166360885 0.557171404
v 0.170272186 0.167256728 0.544709563
v 0.173731431 0.172410533 0.544390976
v 0.171567038 0.17046693 0.544434488
v 0.168575108 0.162563622 0.557853818
v 0.177262679 0.175387621 0.556696415
v 0.169845745 0.16341868 0.545138478
v 0.170286506 0.159591556 0.545643449
v 0.167535126 0.163281307 0.572546482
v 0.164536968 0.168133035 0.588507891
v 0.169673592 0.161443651 0.573242724
v 0.166653246 0.166330189 0.58934617
v 0.171752125 0.15960142 0.52471453
v 0.171593279 0.156414136 0.546146572
v 0.16921857 0.165782511 0.589930475
v 0.172020212 0.157548144 0.559082747
v 0.172254324 0.160871834 0.573729277
v 0.17376487 0.154525161 0.546570063
v 0.174613386 0.156956881 0.55947572
v 0.174846262 0.161556438 0.57394731
v 0.171803713 0.166477665 0.590190172
v 0.168010473 0.172516271 0.608679593
v 0.173979476 0.168403402 0.590055287
v 0.170189247 0.174437314 0.608526289
v 0.165671661 0.18146567 0.628409207
v 0.171543568 0.177554563 0.607830584
v 0.167041779 0.184559271 0.627634943
v 0.167586491 0.188215122 0.626450598
v 0.172058791 0.181254104 0.606781125
v 0.171720177 0.18492195 0.605566561
v 0.175316691 0.171547413 0.589455128
v 0.178804204 0.170435965 0.57259655
v 0.17840676 0.174195841 0.571732581
v 0.178339556 0.166657314 0.573343217
v 0.177018344 0.16348806 0.573838234
v 0.182853743 0.163582563 0.546278417
v 0.177141607 0.177308694 0.570885241
v 0.179419607 0.173521087 0.557253003
v 0.180707783 0.170372143 0.557925284
v 0.178934619 0.172476068 0.544846892
v 0.182412982 0.167409658 0.545773447
v 0.18110621 0.170587093 0.545270324
v 0.176331833 0.173082069 0.544541121
v 0.177483931 0.170902297 0.534089983
v 0.180093646 0.170286357 0.534317195
v 0.183596581 0.165184662 0.534963548
v 0.174881235 0.170234144 0.533965886
v 0.172719911 0.168286145 0.533974051
v 0.175596267 0.168647841 0.524521172
v 0.171434343 0.165062755 0.534143865
v 0.172157198 0.163467661 0.524569094
v 0.173436925 0.166697726 0.524495363
v 0.178200364 0.169314206 0.524624705
v 0.0598360598 -0.255153269 0.05390561
v 0.0617744699 -0.255439222 0.0539138019
v 0.0597882606 -0.254820496 0.0544868931
v 0.057977166 -0.255485177 0.0539029017
v 0.0578687675 -0.255151629 0.0544760264
v 0.0561212488 -0.256011993 0.0544868931
v 0.0560121201 -0.255843461 0.0575874895
v 0.0562781841 -0.25630933 0.05390561
v -0.224083826 0.00052113086 0.293458551
v -0.224429414 0.000647305278 0.293159872
v -0.223967165 -0.00131694914 0.291250795
v -0.224261001 0.00333053339 0.294190168
v -0.224598616 0.00333053339 0.293858647
v -0.224155918 -0.000952715287 0.290994644
v -0.223574013 -0.00161533651 0.288591146
v -0.223335758 -0.00203591795 0.288642913
v -0.222992122 -0.000952715869 0.286187649
v -0.222704396 -0.00131694973 0.286035031
v -0.223140806 -0.000442788296 0.286456525
v -0.222566143 0.000857598323 0.284428149
v -0.222242221 0.000647307956 0.284125894
v -0.222410217 0.00333053293 0.283784151
v -0.222073063 0.00333053293 0.283427119
v -0.222628176 0.00333053293 0.28433919
v -0.222566143 0.00580346771 0.284428149
v -0.222242221 0.00601375801 0.284125894
v -0.222992122 0.00761378184 0.286187649
v -0.222704396 0.00797801465 0.286035031
v -0.223653436 0.00768758729 0.288573891
v -0.223574013 0.00827640016 0.288591146
v -0.223335758 0.00869698171 0.288642913
v -0.224166051 0.007103852 0.290691257
v -0.224155918 0.00761377998 0.290994644
v -0.22396715 0.00797801372 0.291250795
v -0.224678695 0.00333053339 0.292808622
v -0.224581912 0.00580346538 0.292754114
v -0.224429414 0.00601375569 0.293159872
v -0.224737838 0.00333053339 0.293398142
v -0.224581912 0.000857595936 0.292754114
v -0.222683817 -0.000263472786 0.290943593
v -0.223041251 0.00125553249 0.29241994
v -0.223172069 0.00333053223 0.292960316
v -0.222195551 -0.000819467299 0.28892684
v -0.221707284 -0.000263472495 0.286910117
v -0.22134985 0.00125553308 0.285433769
v -0.221219018 0.00333053316 0.284893394
v -0.22134985 0.00540553313 0.285433769
v -0.221707284 0.00692453841 0.286910117
v -0.222195551 0.0074805324 0.28892684
v -0.222683817 0.00692453748 0.290943593
v -0.223041251 0.0054055322 0.29241994
v 0.104078263 -0.0348898433 0.408735961
v 0.12783958 -0.0341195166 0.412154555
v 0.103018418 -0.00473073963 0.409128278
v 0.148432747 -0.0333489999 0.415265948
v 0.175716072 -0.0878396481 0.414640337
v 0.166117787 -0.0886659846 0.413786918
v 0.166463494 -0.11386425 0.410611719
v 0.16542621 -0.0612946227 0.416172802
v 0.164273694 -0.0326957926 0.417522579
v 0.176079467 -0.112794511 0.411465764
v 0.176200569 -0.1346156 0.4078888
v 0.166578785 -0.135929108 0.407033682
v 0.166578785 -0.16672729 0.400809944
v 0.176200569 -0.15234755 0.404423982
v 0.176200598 -0.165020451 0.401667029
v 0.180887416 -0.112236328 0.41116944
v 0.181011394 -0.151541248 0.404130399
v 0.181011483 -0.133927047 0.407593846
v 0.174989372 -0.0606929809 0.417025924
v 0.181011423 -0.164121836 0.401374966
v 0.17945233 -0.172887862 0.399111331
v 0.182614952 -0.133682474 0.406400591
v 0.182615027 -0.163796723 0.400186002
v 0.180515215 -0.087412864 0.414343268
v 0.182615057 -0.151251912 0.40293929
v 0.181011319 -0.172578245 0.397917479
v 0.176200598 -0.17889753 0.395784914
v 0.181011468 -0.172536224 0.396087945
v 0.182614952 -0.163761482 0.398352981
v 0.182489991 -0.112041987 0.409974217
v 0.176200524 -0.178849652 0.393958271
v 0.182115003 -0.0872709751 0.413146824
v 0.16657877 -0.183945373 0.391530901
v 0.166578785 -0.183998182 0.39335525
v 0.150542513 -0.188985899 0.390144944
v 0.182615027 -0.133663192 0.404561311
v 0.182615027 -0.1637187 0.396127939
v 0.176200598 -0.178791568 0.391741931
v 0.181011423 -0.172485262 0.393867195
v 0.180861279 -0.172379315 0.39136672
v 0.182462424 -0.163650155 0.393613905
v 0.182462469 -0.133625582 0.399794936
v 0.182004705 -0.163537249 0.390914142
v 0.176057547 -0.17864655 0.389255375
v 0.182004705 -0.151117146 0.39362517
v 0.18200475 -0.133633822 0.39705795
v 0.182490095 -0.112022102 0.405895829
v 0.182115078 -0.0872754976 0.411303252
v 0.181364805 -0.0603000671 0.415531009
v 0.181962848 -0.0873010233 0.406524062
v 0.179770961 -0.0603895634 0.41672805
v 0.180114627 -0.0320557915 0.416881114
v 0.173778236 -0.032288 0.41837585
v 0.178530574 -0.032094188 0.418078154
v 0.162710577 -0.00349871628 0.417910755
v 0.176848158 -0.00319364062 0.418466955
v 0.172135696 -0.00327983382 0.418764204
v 0.147002161 -0.00386479381 0.415655226
v 0.170114636 0.0256662518 0.418344408
v 0.145241991 0.0256306417 0.415233761
v 0.160787389 0.025662208 0.417490244
v 0.174778327 0.0256321281 0.418048859
v 0.158554599 0.0541504435 0.416461349
v 0.125032842 0.0255971104 0.412123263
v 0.167768329 0.0538787618 0.417319804
v 0.172375187 0.0536951199 0.417027295
v 0.176332891 0.0255611949 0.416854709
v 0.178419054 -0.00320754526 0.417271107
v 0.180114627 -0.0321017988 0.415036768
v 0.180114672 -0.0321577117 0.412797391
v 0.181364805 -0.0603497252 0.411446691
v 0.181213126 -0.0603906028 0.40890488
v 0.178419054 -0.00336917397 0.413190752
v 0.176332861 0.0253374241 0.412779987
v 0.177821204 -0.0035935163 0.407904357
v 0.179963872 -0.0322276652 0.410256207
v 0.181506231 -0.0873491988 0.403775483
v 0.179511726 -0.0323158875 0.407506853
v 0.180758283 -0.0604538471 0.406155407
v 0.179848403 -0.0605481565 0.403291166
v 0.1809652 -0.112137221 0.397755116
v 0.180592969 -0.087438792 0.400912315
v 0.181089342 -0.133677214 0.394211411
v 0.178607553 -0.0324265137 0.40464294
v 0.181089386 -0.163360521 0.388131559
v 0.179563582 -0.13376765 0.39135024
v 0.17710036 -0.0325633958 0.401757807
v 0.179070964 -0.0875826925 0.398028255
v 0.178331897 -0.0606817827 0.400405735
v 0.179440439 -0.112276532 0.394877017
v 0.175070062 -0.0609272383 0.397440344
v 0.176160604 -0.112610519 0.391919106
v 0.17579706 -0.0878807604 0.395063937
v 0.173858374 -0.0327752419 0.398792565
v 0.169628084 -0.0884233788 0.391960442
v 0.176281631 -0.134082749 0.388411403
v 0.168923736 -0.0613500513 0.394335777
v 0.167749628 -0.0331059098 0.395688325
v 0.172215134 -0.00407121191 0.39919585
v 0.175429955 -0.00388047704 0.402159274
v 0.173374772 0.0247018393 0.401762247
v 0.174853846 0.0248752348 0.404642016
v 0.175741196 0.0250414237 0.407500446
v 0.176184952 0.0251966808 0.410244286
v 0.172449738 0.0527102984 0.403642893
v 0.173326433 0.0529084541 0.406497031
v 0.168325707 0.0788719729 0.399392247
v 0.170631275 0.0793243721 0.405113816
v 0.173910841 0.0532750264 0.411768049
v 0.173910797 0.0535581559 0.415836036
v 0.171207637 0.0797534138 0.410376132
v 0.171207607 0.0800882131 0.414437413
v 0.171207607 0.0799369961 0.412603289
v 0.171063498 0.0795462206 0.407848805
v 0.16587995 0.124471262 0.404900372
v 0.16848886 0.103872433 0.408854365
v 0.169693068 0.0803047195 0.415625006
v 0.165149599 0.0806850791 0.415912181
v 0.166995585 0.104550116 0.414093465
v 0.16848886 0.104250163 0.412909389
v 0.16602017 0.125145644 0.411469728
v 0.16602014 0.124959923 0.409640491
v 0.16406709 0.141446233 0.406240851
v 0.164546147 0.125523284 0.412650913
v 0.162757337 0.15279381 0.40292725
v 0.165459231 0.124172308 0.40217483
v 0.167920575 0.103380948 0.403600782
v 0.16976665 0.0790966973 0.402264237
v 0.162679181 0.140361637 0.398174435
v 0.163511902 0.14079681 0.401005387
v 0.163215384 0.123474903 0.39647615
v 0.162591264 0.102747001 0.394936979
v 0.162343577 0.152355611 0.400214374
v 0.161291316 0.139836878 0.39532578
v 0.162895262 0.15336144 0.40765503
v 0.160730511 0.16073361 0.402145237
v 0.161516055 0.151766554 0.397394419
v 0.160136908 0.15099071 0.394562066
v 0.15951249 0.159438476 0.396635294
v 0.160324529 0.160205454 0.399440765
v 0.160865873 0.161088258 0.404652417
v 0.160865843 0.161334425 0.40686661
v 0.162895277 0.153562814 0.409481049
v 0.16406709 0.141880259 0.410286546
v 0.162608325 0.142319947 0.411465913
v 0.156340167 0.166699976 0.403523713
v 0.160865843 0.161537394 0.408691406
v 0.156211436 0.166317061 0.401021272
v 0.155825153 0.16570206 0.398327321
v 0.159460977 0.161995471 0.409871668
v 0.161445677 0.154038697 0.41065979
v 0.157096967 0.155106932 0.410933852
v 0.158232227 0.14328903 0.411740124
v 0.153556243 0.106205575 0.413497925
v 0.148399591 0.157085598 0.410046399
v 0.156062573 0.0813302025 0.41504547
v 0.140917554 0.0823463425 0.412770838
v 0.143198326 0.0545591302 0.414199382
v 0.123235233 0.0550634824 0.411082149
v 0.0968121514 0.112259597 0.40459457
v 0.121228956 0.0836013407 0.409638375
v -0.202730358 -0.183974922 0.39515245
v -0.207333371 -0.180974826 0.396681815
v -0.215796933 -0.17959556 0.397381604
v -0.210741058 -0.175426215 0.398605347
v -0.193346173 -0.183746055 0.394653469
v -0.207333371 -0.184030533 0.395191044
v -0.193346173 -0.188337937 0.392449349
v -0.210741058 -0.184032917 0.394629061
v -0.174058095 -0.190542027 0.390464336
v -0.195217088 -0.188850477 0.391535938
v -0.195217088 -0.178214937 0.396404415
v -0.220073298 -0.17909725 0.397000134
v -0.174837649 -0.181528717 0.393342584
v -0.174369901 -0.187233627 0.391740412
v -0.195840701 -0.169369772 0.398551166
v -0.220073298 -0.173726812 0.399424136
v -0.224750519 -0.172887817 0.399111629
v -0.221498743 -0.165020406 0.401667178
v -0.211876959 -0.16672726 0.400809944
v -0.221498743 -0.1788975 0.395784914
v -0.211876959 -0.183998153 0.393355101
v -0.195840716 -0.188985884 0.390145123
v -0.211876959 -0.183945358 0.391530901
v -0.226309597 -0.172578201 0.397917628
v -0.226309597 -0.172485203 0.393867344
v -0.227913246 -0.163796648 0.400186449
v -0.226309597 -0.164121807 0.401375115
v -0.226309627 -0.151541188 0.404130399
v -0.188975632 0.003330532 0.301943183
v -0.223724991 0.00333053339 0.294392705
v -0.223545134 0.000479072623 0.29365012
v -0.188801974 0.00618198793 0.301199079
v -0.188801974 0.000479074719 0.301199079
v -0.223545134 0.00618198747 0.29365012
v -0.188327491 0.00826940034 0.299166262
v -0.223599777 0.00819655415 0.29145968
v -0.187679306 0.0090334462 0.296389341
v -0.224083826 0.00613992987 0.293458551
v -0.222382739 0.0090334462 0.28884995
v -0.187031135 0.00826940127 0.29361245
v -0.221711844 0.0082694022 0.286078542
v -0.186556637 0.00618199119 0.291579604
v -0.222938672 0.00894933008 0.288729161
v -0.221793786 0.00613993267 0.283999741
v -0.186382979 0.00333053316 0.29083553
v -0.222277641 0.00819655508 0.285998642
v -0.221616685 0.00333053293 0.283268094
v -0.186556637 0.00047907501 0.291579604
v -0.221793786 0.000521133537 0.283999741
v -0.187031135 -0.00160833658 0.29361245
v -0.222277641 -0.00153549016 0.285998642
v -0.187679306 -0.00237238267 0.296389341
v -0.222382739 -0.00237238267 0.28884995
v -0.188327491 -0.00160833681 0.299166262
v -0.223599777 -0.00153548957 0.29145968
v -0.222938657 -0.00228826609 0.288729161
v 0.258474767 -0.00431584427 0.071343109
v 0.254233003 -0.00453572115 0.0724231154
v 0.261787832 -0.00358453603 0.0726644546
v 0.26425454 -0.00232124887 0.0737230703
v 0.257966459 -0.00432359474 0.0740344822
v 0.263753593 -0.00232689129 0.0766735375
v 0.261282057 -0.00359148066 0.0755014867
v 0.247217476 -0.00344995828 0.0693697035
v 0.24802509 -0.00343863759 0.0643307492
v 0.250507951 -0.00424034661 0.0708179846
v 0.266405821 0.00126723771 0.0780629367
v 0.264610559 -0.000669522793 0.0797388703
v 0.253395915 -0.00454895291 0.0743739009
v 0.266707182 0.00333053945 0.0782453418
v 0.266405821 0.00539384177 0.0780629367
v 0.266896605 0.00539179612 0.0749825537
v 0.265936822 0.0073200576 0.0745015591
v 0.265883178 0.00333053945 0.080479838
v 0.265579611 0.0012638442 0.080290556
v 0.265441418 0.0073240255 0.0775331855
v 0.263753593 0.00898797158 0.0766735375
v 0.261787832 0.0102456175 0.0726644546
v 0.264610559 0.0073306025 0.0797388777
v 0.261282057 0.0102525614 0.0755014792
v 0.265579611 0.00539723504 0.080290556
v 0.262917638 0.00899731368 0.0788409635
v 0.260442436 0.01026404 0.0776129737
v 0.257966459 0.010984675 0.0740344748
v 0.261611909 0.00901179947 0.0805360377
v 0.254741848 0.0111887548 0.069894366
v 0.257126719 0.0109974528 0.0760710835
v 0.255199671 0.0111687807 0.0628976822
v 0.251554906 0.0107632456 0.0562920272
v 0.254233003 0.0111968014 0.0724231079
v 0.247667268 0.01130048 0.0790648758
v 0.250507951 0.0109014288 0.0708179846
v 0.251586765 0.0106407162 0.0547451004
v 0.24828957 0.00998715498 0.0560523458
v 0.24802509 0.0100997211 0.0643307492
v 0.25172469 0.0104138497 0.0539716966
v 0.247217476 0.0101110414 0.0693697035
v 0.252061993 0.0100273192 0.0537140407
v 0.255440533 0.0103084827 0.0537151992
v 0.2485677 0.00966862123 0.0539468192
v 0.248352125 0.00987742096 0.054648608
v 0.249064311 0.00930558518 0.0537130721
v 0.245966107 0.00864829868 0.0545733273
v 0.24622792 0.00848073047 0.0539275296
v 0.245273173 0.00676577399 0.0537121482
v 0.244650111 0.0069561936 0.0539138205
v 0.243520394 0.00333054177 0.0539029129
v 0.243779182 0.00146005792 0.0539056212
v 0.243779182 0.0052010254 0.0539056212
v 0.243447915 0.00140268088 0.0544869043
v 0.244650111 -0.000295110309 0.0539138131
v 0.244355738 -0.000408723572 0.0545193776
v 0.244355738 0.00706980703 0.0545193776
v 0.244247317 0.00713248271 0.0557306632
v 0.24316965 0.00333054177 0.0544760376
v 0.244247317 -0.000471398787 0.0557306558
v 0.243043706 0.00333054224 0.0556224547
v 0.243253917 0.0013509792 0.0575874895
v 0.213046744 -0.101260446 0.416308075
v 0.216430634 -0.0990247652 0.413111657
v 0.219121173 -0.101263195 0.419108301
v 0.213423133 -0.0974622741 0.408668607
v 0.218477786 -0.0962348878 0.411675394
v 0.215527982 -0.0946610793 0.407304943
v 0.216194838 -0.091768682 0.407492727
v 0.219102249 -0.0933434442 0.411828071
v 0.218218058 -0.0908031017 0.413398236
v 0.221154273 -0.0984931663 0.417691559
v 0.221755967 -0.095602721 0.417834461
v 0.220834434 -0.093045786 0.419366747
v 0.224279404 -0.101754613 0.425775915
v 0.22490406 -0.0988665745 0.425954014
v 0.222153321 -0.1044899 0.427019835
v 0.218605787 -0.106616355 0.429848015
v 0.228456169 -0.102722369 0.43608579
v 0.225490138 -0.108306296 0.436863601
v 0.227780938 -0.105610371 0.435867637
v 0.227459237 -0.100101359 0.437371433
v 0.224733531 -0.0982064083 0.439577729
v 0.231272683 -0.10409449 0.449204355
v 0.228411451 -0.102125861 0.451009631
v 0.23158659 -0.109651558 0.447906017
v 0.232321829 -0.106757417 0.448129147
v 0.232263431 -0.105814353 0.46416074
v 0.223710462 -0.101314604 0.453422993
v 0.221640408 -0.110351071 0.439220488
v 0.216942698 -0.11161118 0.442372411
v 0.224873528 -0.114281178 0.450504124
v 0.229094595 -0.112313837 0.448657006
v 0.219734862 -0.115437962 0.453000546
v 0.232929662 -0.116113953 0.462417364
v 0.214490026 -0.115668558 0.455699563
v 0.212107956 -0.11195311 0.445753604
v 0.222727388 -0.119100712 0.465734303
v 0.207847103 -0.111243337 0.44879812
v 0.209950536 -0.114857346 0.45815438
v 0.206927821 -0.112888679 0.459918231
v 0.212194726 -0.118342139 0.469662756
v 0.209087357 -0.116305128 0.471014053
v 0.22832641 -0.118024848 0.463830978
v 0.217045799 -0.119240232 0.467790544
v 0.232020363 -0.121200256 0.479333222
v 0.219911531 -0.12232583 0.482407123
v 0.226005271 -0.122237444 0.480834603
v 0.104687415 -0.193685621 0.369178623
v 0.10411527 -0.191439554 0.367198646
v 0.127126098 -0.187972605 0.370587766
v 0.103543155 -0.188869461 0.36563614
v 0.128169686 -0.190025985 0.372645259
v 0.128932476 -0.191650108 0.374989152
v 0.129390255 -0.192659765 0.377509475
v 0.105450265 -0.196526349 0.373953253
v 0.148444623 -0.185833603 0.376091599
v 0.125826418 -0.185674891 0.368925482
v 0.149493545 -0.187268943 0.378504932
v 0.150123 -0.188162446 0.38106811
v 0.129619136 -0.193206593 0.380068064
v 0.105593339 -0.197114453 0.376494914
v 0.0799591467 -0.20025301 0.373318791
v 0.105640978 -0.197364539 0.378944099
v 0.0799830183 -0.200512737 0.375764936
v 0.0543249696 -0.202961251 0.373372942
v 0.0543154031 -0.202695236 0.370927572
v 0.0286644958 -0.204440251 0.369277179
v 0.0286669284 -0.204710156 0.371723026
v 0.00300890929 -0.205759451 0.37076965
v 0.0286669284 -0.20478873 0.373936772
v 0.00300892582 -0.205903858 0.374809861
v 0.054324951 -0.203038827 0.375584871
v 0.02866688 -0.20485346 0.375761271
v 0.0799829513 -0.200588971 0.377975315
v 0.054324951 -0.203102782 0.377408296
v 0.0286669806 -0.204539686 0.377298266
v 0.0030088902 -0.205587909 0.376347661
v 0.105641 -0.197439119 0.381153882
v -0.0226491001 -0.20487088 0.37739715
v 0.0543250069 -0.202792659 0.378945172
v 0.0286669284 -0.203483149 0.378649294
v 0.0799829885 -0.200651824 0.379797816
v 0.0543249696 -0.201748505 0.380296022
v 0.0799830183 -0.200346857 0.381334066
v 0.105641 -0.197500572 0.382975936
v 0.0286669843 -0.201321334 0.379911333
v 0.0799829885 -0.199320018 0.382684797
v 0.00300890929 -0.20234701 0.378960729
v -0.0226490833 -0.202688947 0.378659219
v 0.00300892349 -0.198696256 0.380223989
v -0.0226490982 -0.199029803 0.379922479
v 0.0543249622 -0.199611843 0.381558061
v 0.0799829513 -0.197218567 0.383946836
v 0.0543250069 -0.19602783 0.382821202
v 0.0286669321 -0.197695598 0.381174773
v -0.0226490814 -0.192808554 0.381474912
v -0.0483071432 -0.198696271 0.380223989
v 0.0286668856 -0.191530019 0.382727206
v 0.00300890929 -0.192488894 0.381776422
v -0.0483071357 -0.192488924 0.381776422
v -0.073965095 -0.191530019 0.382727206
v -0.0483070724 -0.182669207 0.38385573
v -0.073965162 -0.181774274 0.384806514
v -0.0739651322 -0.167422429 0.387565464
v 0.00300892582 -0.182669207 0.38385573
v -0.0226490777 -0.168496326 0.386313319
v -0.0483071059 -0.168227851 0.386614829
v -0.0483070463 -0.148225173 0.390081793
v -0.0739651099 -0.147534713 0.391032398
v -0.0739338621 -0.123338163 0.39461121
v -0.0482914336 -0.123901986 0.393660277
v -0.0482445806 -0.0964602306 0.3968364
v -0.0226490758 -0.148455322 0.389780283
v -0.0226490721 -0.124089912 0.393359065
v 0.00300891628 -0.148225188 0.390081644
v 0.00300892838 -0.168227851 0.386614829
v -0.221498743 -0.152347505 0.404424131
v -0.211876959 -0.153881937 0.40356797
v -0.227913246 -0.163718626 0.396128237
v -0.221498743 -0.178791523 0.391742259
v -0.227913246 -0.151251838 0.402939439
v -0.227913231 -0.13368243 0.406400591
v -0.226309597 -0.133926988 0.407593995
v -0.221498743 -0.134615555 0.407888949
v -0.226185545 -0.112236291 0.411169589
v -0.211876959 -0.135929078 0.40703401
v -0.227913231 -0.133639738 0.402327716
v -0.227788195 -0.11204195 0.409974366
v -0.195840701 -0.137965783 0.404776305
v -0.195840701 -0.156259134 0.401309967
v -0.150939152 -0.1617845 0.394778609
v -0.17499356 -0.172449529 0.395438552
v -0.150939167 -0.184817746 0.389940172
v -0.150939152 -0.190691039 0.388387918
v -0.150939137 -0.142701611 0.398245543
v -0.125281155 -0.18769443 0.38676253
v -0.150939152 -0.194141507 0.387124479
v -0.12528114 -0.164200738 0.391600966
v -0.125281155 -0.178194642 0.388842016
v -0.150939152 -0.196197644 0.38586244
v -0.174369931 -0.192438588 0.38929534
v -0.174837649 -0.193315864 0.388054043
v -0.17499353 -0.19357267 0.386554718
v -0.150939167 -0.197202221 0.384512037
v -0.150939167 -0.197500557 0.382975757
v -0.174917281 -0.193206593 0.380068064
v -0.125281155 -0.200346857 0.381334066
v -0.195840716 -0.188860625 0.386111617
v -0.211748257 -0.183699399 0.386844486
v -0.150891483 -0.197114453 0.376494914
v -0.12528114 -0.200588956 0.377975315
v -0.12528114 -0.200651824 0.379797816
v -0.195735812 -0.18864879 0.383648515
v -0.195421144 -0.188162401 0.381068259
v -0.150748476 -0.196526319 0.373953253
v -0.174688414 -0.192659721 0.377509624
v -0.125257328 -0.20025301 0.373318791
v -0.12528111 -0.200512737 0.375765085
v -0.0996135697 -0.202695221 0.370927572
v -0.0996231437 -0.203038827 0.37558502
v -0.0996231735 -0.203102767 0.377408296
v -0.073965095 -0.204788685 0.373936623
v -0.0996231288 -0.202792689 0.378945321
v -0.0995850265 -0.202066064 0.368403465
v -0.0739627331 -0.204440236 0.369277179
v -0.0739651471 -0.204710126 0.371723175
v -0.125185803 -0.199639797 0.370788574
v -0.125042796 -0.198503301 0.368325651
v -0.150462374 -0.19543764 0.371466368
v -0.17423071 -0.191650093 0.374989152
v -0.149985597 -0.193685606 0.369178623
v -0.194791779 -0.187268928 0.378504932
v -0.0995277986 -0.200899512 0.365954429
v -0.210589632 -0.182552084 0.381623089
v -0.211362034 -0.183292478 0.384237051
v -0.193742841 -0.185833588 0.376091599
v -0.173467845 -0.190025955 0.372645408
v -0.220926568 -0.178337306 0.386617124
v -0.221355706 -0.17864649 0.389255375
v -0.226159424 -0.17237924 0.391366869
v -0.220068365 -0.177785277 0.383945316
v -0.225708842 -0.172171921 0.388696432
v -0.227760658 -0.163650095 0.393614054
v -0.224807695 -0.171815485 0.385966331
v -0.227302939 -0.163537219 0.390914321
v -0.227302939 -0.151117116 0.393625349
v -0.227635726 -0.112025261 0.403358161
v -0.227788195 -0.112022072 0.405895829
v -0.226387501 -0.151081741 0.390802294
v -0.226387501 -0.163360476 0.388131708
v -0.227413118 -0.0872809514 0.409064472
v -0.226804331 -0.0873491466 0.403775483
v -0.224861801 -0.16309838 0.385368943
v -0.226263389 -0.112137184 0.397755265
v -0.227260932 -0.0873010233 0.406523883
v -0.224861801 -0.13376765 0.39135024
v -0.224861801 -0.151048586 0.387977153
v -0.224738598 -0.112276517 0.394877166
v -0.22157988 -0.151250005 0.38507995
v -0.221458703 -0.112610482 0.391919255
v -0.22157988 -0.13408272 0.388411552
v -0.224369109 -0.0875827 0.398028255
v -0.225891098 -0.0874387994 0.400912464
v -0.226056397 -0.060453888 0.406155556
v -0.226511329 -0.0603905804 0.408905029
v -0.221095175 -0.0878807232 0.395063937
v -0.22480987 -0.0323158316 0.407506853
v -0.226662993 -0.0603496991 0.41144684
v -0.22363013 -0.0606817566 0.400405735
v -0.220368192 -0.0609271862 0.397440493
v -0.222398475 -0.0325633474 0.401757658
v -0.223905608 -0.0324265324 0.40464294
v -0.227413118 -0.0872709453 0.413146526
v -0.225813404 -0.087412864 0.414343268
v -0.226662993 -0.060300041 0.415531158
v -0.225069121 -0.0603895336 0.416728199
v -0.221014231 -0.0878396258 0.414640516
v -0.221377596 -0.112794474 0.411465764
v -0.211761683 -0.113864191 0.410611719
v -0.211415946 -0.0886659399 0.413786918
v -0.195735201 -0.115525626 0.40835464
v -0.195418715 -0.0899538994 0.411530465
v -0.174900755 -0.11746411 0.40524292
v -0.210724398 -0.0612946041 0.416172802
v -0.220287547 -0.0606930032 0.417025924
v -0.174622357 -0.0914586037 0.408418894
v -0.15086101 -0.119391538 0.401824176
v -0.1506266 -0.0929557011 0.40500015
v -0.125218645 -0.121082962 0.398646712
v -0.12528114 -0.144772947 0.3950679
v -0.17406565 -0.0633479059 0.410804898
v -0.0996231288 -0.146383971 0.392678976
v -0.125031054 -0.0942698941 0.401822507
v -0.19373095 -0.0333489217 0.415265948
v -0.15015775 -0.0644517615 0.407386184
v -0.124656022 -0.0654215515 0.404208839
v -0.0994355753 -0.0952920616 0.399433583
v -0.0995762125 -0.122398511 0.396257639
v -0.149376363 -0.0348898582 0.408735812
v 0.236958444 -0.119308092 0.478161901
v 0.229309723 -0.124165945 0.497321576
v 0.21473743 -0.121371642 0.483791888
v 0.211481258 -0.119281054 0.484730005
v 0.20780535 -0.113597415 0.471778393
v 0.217365324 -0.123257473 0.499524504
v 0.210198537 -0.116528481 0.485190004
v 0.210944697 -0.113588318 0.485140413
v 0.212582365 -0.118375786 0.500149012
v 0.21392715 -0.121145822 0.500052869
v 0.222848445 -0.124233909 0.498544902
v 0.213379234 -0.115424149 0.499832064
v 0.21480386 -0.118496105 0.515659094
v 0.216366142 -0.112767719 0.499121159
v 0.213775232 -0.110934958 0.48454985
v 0.211044028 -0.108042434 0.471281916
v 0.218745634 -0.109042794 0.483386874
v 0.215728059 -0.106131546 0.469888985
v 0.22148855 -0.105055727 0.468027055
v 0.221591413 -0.11088331 0.498035252
v 0.224825308 -0.108005628 0.481902063
v 0.227980226 -0.109861739 0.496780008
v 0.230983615 -0.107917242 0.480346113
v 0.227331638 -0.104916237 0.466012299
v 0.234457687 -0.10979376 0.495560825
v 0.236190036 -0.108871453 0.478969634
v 0.239948869 -0.110770211 0.494583219
v 0.239413887 -0.110962033 0.478023201
v 0.235290065 -0.107851341 0.46278882
v 0.236410573 -0.110559054 0.461982936
v 0.23562412 -0.113469303 0.461830258
v 0.240632042 -0.113714591 0.477546632
v 0.239821285 -0.116654739 0.477579623
v 0.244707644 -0.115651898 0.493952453
v 0.243378937 -0.112881847 0.494052827
v 0.243894607 -0.11860352 0.494265258
v 0.240899622 -0.12125995 0.494974196
v 0.246920064 -0.113066077 0.510022879
v 0.243297696 -0.11098364 0.510149002
v 0.235682413 -0.123144351 0.49606213
v 0.248358861 -0.115798794 0.510333061
v 0.247560635 -0.118711315 0.510998428
v 0.244472027 -0.121333227 0.511937439
v 0.250535876 -0.11637377 0.526890099
v 0.249772117 -0.11097002 0.525078535
v 0.0620720424 0.27825883 0.0726644546
v 0.060451407 0.275622547 0.0677368939
v 0.0601882897 0.274852872 0.0740344748
v 0.0619091466 0.277779967 0.0755014867
v 0.0638755858 0.279739767 0.0766735449
v 0.0640357509 0.280214429 0.0737230703
v 0.0623212606 0.278640836 0.0570736043
v 0.0641857684 0.280630082 0.0651695803
v 0.0592109077 0.27231437 0.0594028011
v 0.0591582209 0.272278398 0.0628976822
v 0.064254649 0.280573547 0.0572710037
v 0.0594039969 0.27224946 0.054852616
v 0.0607314855 0.275672734 0.0549609177
v 0.0643133894 0.280458003 0.0551391691
v 0.062407583 0.278543949 0.0550598428
v 0.0663961321 0.281289339 0.0540880933
v 0.06257651 0.27837348 0.0540529713
v 0.0644269139 0.280250132 0.0540732667
v 0.0683908835 0.281584263 0.0540971942
v 0.0609382056 0.275566012 0.0540274829
v 0.0596381202 0.272223175 0.053999491
v 0.058543995 0.268679172 0.0547451153
v 0.0588023812 0.268740237 0.0539717041
v 0.0585355721 0.265507489 0.0539468229
v 0.0590342991 0.265867621 0.0537130833
v -0.0142641142 -0.0130854892 0.17932114
v -0.0197833795 -0.0148788057 0.17932114
v -0.0253731515 -0.0138564082 0.179253578
v -0.0196757298 -0.0155376699 0.179533616
v -0.0226718616 -0.0151351728 0.179344058
v -0.0226726774 -0.0157911982 0.17962034
v -0.0255544707 -0.0149221448 0.179367006
v -0.0226731524 -0.0161770675 0.180172905
v -0.0196157284 -0.0159184244 0.179958612
v -0.025663577 -0.0155827217 0.179707065
v -0.0195797272 -0.0161468778 0.180666983
v -0.0283624362 -0.014253743 0.179378465
v -0.0257244091 -0.015964387 0.180387139
v -0.0226307586 -0.0166949201 0.182119325
v -0.0195067935 -0.0164217353 0.18138437
v -0.0257609077 -0.0161933843 0.181520581
v -0.0286929272 -0.0152708832 0.180494264
v -0.0285733752 -0.0149029363 0.179750428
v -0.0193359982 -0.0169417039 0.181836471
v -0.0257826187 -0.0164944828 0.182962194
v -0.0225023385 -0.0172452051 0.182985768
v -0.0257990845 -0.0170924421 0.184566692
v -0.0221558399 -0.0182773471 0.183278084
v -0.0190064069 -0.0179054886 0.181749001
v -0.0159975812 -0.0171403438 0.181178614
v -0.0288615227 -0.0157897733 0.1834106
v -0.0184570905 -0.0195117965 0.1808476
v -0.0254615918 -0.0182470158 0.185583949
v -0.0316072069 -0.0142937927 0.181520581
v -0.0290564802 -0.0163897797 0.185465068
v -0.029509414 -0.0177837592 0.188652977
v -0.0244214386 -0.0202179495 0.185263827
v -0.0214589257 -0.0200092457 0.18258144
v -0.032104779 -0.0150435828 0.184566692
v -0.0317666233 -0.0145501466 0.182962194
v -0.0344343483 -0.0128596751 0.18211931
v -0.0330564529 -0.0157792792 0.185583934
v -0.0357486904 -0.0138607332 0.183278084
v -0.0348616876 -0.0132293813 0.182985738
v -0.035056442 -0.0167624056 0.185263783
v -0.0372449122 -0.0111227045 0.181836471
v -0.0340956636 -0.0124656418 0.180172905
v -0.0380780585 -0.0117086945 0.181749001
v -0.0368011072 -0.0108024338 0.181384355
v -0.0315021388 -0.0140870735 0.180387139
v -0.0313270129 -0.0137425419 0.179707065
v -0.0338692367 -0.0121531831 0.17962034
v -0.0310270041 -0.0131439921 0.179367006
v -0.033484295 -0.0116219688 0.179344088
v -0.0361447968 -0.0101865018 0.179533616
v -0.0364171416 -0.0104592731 0.179958612
v -0.0384101942 -0.00812065415 0.179851517
v -0.0375484936 -0.00749459025 0.179309651
v -0.0380984284 -0.0078941416 0.179490238
v -0.0396748818 -0.00532774581 0.179533616
v -0.00714502297 0.0112324534 0.179253578
v -0.0050941105 0.00905852765 0.179344088
v -0.0044453498 0.00623219134 0.17932114
v -0.0280165523 0.0198503379 0.179254383
v -0.0147439968 0.0187815651 0.179250374
v 0.177770451 0.181386963 0.412493318
v 0.175013781 0.181467712 0.412806362
v 0.176721111 0.183647633 0.405437499
v 0.172943324 0.185906842 0.399470299
v 0.169332609 0.18704164 0.393972188
v 0.168201253 0.189108327 0.386008531
v 0.166244537 0.186410099 0.388504326
v 0.16642566 0.186892986 0.385377735
v 0.16657342 0.187124237 0.383321464
v 0.165983379 0.183622435 0.384051859
v 0.168162793 0.18940939 0.383731335
v 0.166134566 0.183910728 0.38238284
v 0.168440714 0.189051494 0.382063299
v 0.170458481 0.19024305 0.381964117
v 0.170754537 0.188813001 0.38053605
v 0.168880299 0.187759757 0.380716652
v 0.169326812 0.185259283 0.379403681
v 0.16706042 0.186925456 0.381804794
v 0.166645944 0.184028104 0.381013453
v 0.166673794 0.180317923 0.381236613
v 0.167096972 0.180833966 0.379998535
v 0.168114752 0.181429103 0.378986418
v 0.16766189 0.184351861 0.380001187
v 0.167777464 0.186423257 0.380845606
v -0.0400188714 0.00333057111 0.179254383
v -0.0409061275 0.000453482615 0.179367006
v -0.0408421196 -0.00255582156 0.17962034
v -0.0415680893 0.000353120791 0.179707065
v -0.0412092544 -0.00267460709 0.180172905
v -0.0400184616 -0.00550246798 0.179958612
v -0.0388248451 -0.00842191093 0.181043878
v -0.0404634811 -0.00576159963 0.181384355
v -0.039258182 -0.00873675011 0.181369767
v -0.041688662 -0.00287494925 0.18211931
v -0.0409052223 -0.00608471502 0.181836471
v -0.0400625132 -0.00932112895 0.181178614
v -0.0421723276 -0.00316713215 0.182985738
v -0.0424720198 0.000184589211 0.182962194
v -0.0419498719 0.000293036719 0.180387139
v -0.0422076471 0.00333057274 0.180494264
v -0.0418207608 0.00333057251 0.179750428
v -0.0430457965 1.54659156e-05 0.184566692
v -0.042753242 0.00333057228 0.183410585
v -0.0424397737 0.00333057274 0.181733966
v -0.0415680856 0.00630802521 0.179707065
v -0.0424720161 0.00647655595 0.182962194
v -0.0419498719 0.00636810949 0.180387139
v -0.0409061238 0.00620766217 0.179367006
v -0.0412092432 0.00933575351 0.180172905
v -0.0408421047 0.00921696797 0.17962034
v -0.226940349 0.167798966 0.477345794
v -0.223398641 0.168242738 0.483651638
v -0.218175367 0.169023693 0.483210206
v -0.217836872 0.168948323 0.488842577
v -0.218074337 0.16842933 0.494536698
v -0.209724218 0.170659706 0.487510681
v -0.218817413 0.167832255 0.500743568
v -0.219995782 0.167522565 0.507914126
v -0.223692477 0.167725787 0.508309066
v -0.211718664 0.167755246 0.499228865
v -0.223796114 0.16827099 0.516059458
v -0.220918357 0.167720929 0.515892148
v -0.210109726 0.169884294 0.492883295
v -0.198391557 0.173020422 0.489790827
v -0.198551953 0.171006069 0.493501306
v -0.220894143 0.16864787 0.524521112
v -0.22349824 0.169314235 0.524624646
v -0.222781822 0.170902357 0.534089983
v -0.226503477 0.167609617 0.516188681
v -0.226112276 0.168693125 0.524783909
v -0.225391507 0.170286387 0.534317136
v -0.227573842 0.168381959 0.53461808
v -0.184174761 0.175203532 0.489157885
v -0.184141666 0.177192107 0.486082554
v -0.184097454 0.178024083 0.482298374
v -0.168581828 0.181753606 0.482581675
v -0.168573126 0.179832637 0.485401869
v -0.168583229 0.176797137 0.486993223
v -0.198140845 0.173871636 0.485213041
v -0.152359322 0.184396699 0.482081324
v -0.152368307 0.181525528 0.483635873
v -0.152389765 0.178186476 0.48402065
v -0.198472038 0.173565239 0.480711937
v -0.168604761 0.182557046 0.479115456
v -0.21020478 0.17046909 0.482281595
v -0.168637261 0.18223998 0.475586116
v -0.184293196 0.176181555 0.475245684
v -0.198698506 0.172036469 0.476920962
v -0.152387425 0.18697378 0.475939959
v -0.15236707 0.186212108 0.479326218
v -0.152416334 0.186683789 0.472492129
v -0.136152297 0.190074742 0.476354092
v -0.136145517 0.188399181 0.47904408
v -0.136153385 0.185749412 0.480561852
v -0.152449638 0.185344219 0.46955204
v -0.15248327 0.182957083 0.467689157
v -0.136172161 0.182667524 0.48093757
v -0.18418248 0.173462167 0.473181665
v -0.136198133 0.179695562 0.480201155
v -0.152419448 0.174967363 0.483266413
v -0.152453065 0.17245613 0.481403738
v -0.198133633 0.169220507 0.474473685
v -0.119954556 0.186619237 0.478167295
v -0.136227533 0.177375659 0.478382498
v -0.119938456 0.189418837 0.477800101
v -0.136256695 0.176249862 0.47551167
v -0.152486369 0.171240628 0.478463382
v -0.120002009 0.181787163 0.475670189
v -0.119976811 0.183912709 0.47744754
v -0.103755496 0.187498108 0.475033909
v -0.103723533 0.192483872 0.475379378
v -0.103736952 0.189954042 0.475739181
v -0.11993172 0.191823572 0.47631672
v -0.119937517 0.193345577 0.473687828
v -0.103717916 0.194653451 0.473925859
v -0.103722751 0.19602865 0.471349835
v -0.0875041112 0.196872264 0.47189799
v -0.0875193328 0.192584366 0.473682672
v -0.0875086039 0.194894567 0.473328561
v -0.11995279 0.193981886 0.470456779
v -0.136170119 0.190777525 0.473047942
v -0.136195391 0.190508917 0.469681531
v -0.103735469 0.196600512 0.468183786
v -0.119974464 0.193729565 0.467166781
v -0.136224538 0.189270347 0.466810971
v -0.103753529 0.196360022 0.464960098
v -0.119999439 0.192585737 0.46436137
v -0.136253968 0.187063262 0.464992136
v -0.152512953 0.179986194 0.466934472
v -0.120024666 0.190547407 0.46258381
v -0.168745965 0.17504248 0.469897002
v -0.184093967 0.170046836 0.472342789
v -0.168770105 0.171734184 0.470290393
v -0.136279941 0.184316903 0.464255244
v -0.120046943 0.188015312 0.461863577
v -0.136298731 0.181460589 0.464630514
v -0.15253441 0.17689532 0.467318743
v -0.103795372 0.193406194 0.460469306
v -0.103774361 0.19529824 0.462211102
v -0.103813931 0.191062063 0.459763676
v -0.0875492692 0.197415859 0.460368395
v -0.0875326023 0.198414505 0.463073879
v -0.0875181481 0.198646933 0.466246724
v -0.0875079781 0.19812794 0.469362676
v -0.071311675 0.199907213 0.461520582
v -0.0712932125 0.199647591 0.467748791
v -0.0713008419 0.200134858 0.46466279
v -0.0875660777 0.195636317 0.458654106
v -0.0712903067 0.198463604 0.470259666
v -0.0875809267 0.193437889 0.457959622
v -0.0713367909 0.197234437 0.457143366
v -0.0713241696 0.198946461 0.458841115
v -0.055099085 0.199955553 0.457682192
v -0.0713017285 0.194422588 0.472027093
v -0.055107493 0.198277295 0.455992699
v -0.0713128597 0.192290872 0.471339673
v -0.0875341818 0.190331072 0.472988546
v -0.0550841242 0.195585519 0.470804095
v -0.0550787598 0.197698057 0.47045508
v -0.0875509903 0.188524097 0.471274525
v -0.103776515 0.185550123 0.473292321
v -0.0713254735 0.190568492 0.469642133
v -0.103797339 0.184544265 0.470543116
v -0.120027013 0.180730507 0.472864538
v -0.0875676572 0.187552899 0.468568712
v -0.120048694 0.180652648 0.469574124
v -0.0713379756 0.189618111 0.466962457
v -0.0875821039 0.187375322 0.46539554
v -0.103815399 0.184415638 0.467318982
v -0.136281982 0.176206872 0.472144872
v -0.103828132 0.185099304 0.464152515
v -0.152515292 0.171198845 0.475015134
v -0.168716058 0.165841043 0.481698483
v -0.136299819 0.177135214 0.468838304
v -0.168748572 0.165749118 0.478168666
v -0.120063975 0.181463376 0.466342628
v -0.184256881 0.160298795 0.48132807
v -0.168771505 0.166777715 0.47470203
v -0.152535662 0.172208726 0.471628457
v -0.120069794 0.183072582 0.463713497
v -0.152543426 0.174148232 0.468873203
v -0.136306599 0.178923592 0.466148138
v -0.103832975 0.186530411 0.461576343
v -0.10382735 0.188644081 0.460123032
v -0.168780223 0.168811247 0.471881509
v -0.0875916556 0.191182554 0.458313257
v -0.0875961557 0.189232305 0.459743559
v -0.184411809 0.163301721 0.47451213
v -0.0713559687 0.192965671 0.456805766
v -0.0875922814 0.187949196 0.462279081
v -0.0713564456 0.189919144 0.460733414
v -0.0713593438 0.191113487 0.4582223
v -0.0713479146 0.195123419 0.456455499
v -0.0551149175 0.196209967 0.455308199
v -0.0551225357 0.192297846 0.457066417
v -0.0388845988 0.194696158 0.454922408
v -0.0388782024 0.198841602 0.455257833
v -0.0713488087 0.189411178 0.463819832
v -0.0551155135 0.190672904 0.462636739
v -0.055120606 0.191147879 0.459565312
v -0.0388847589 0.191774175 0.458824575
v -0.0388857238 0.192909345 0.456329793
v -0.0388819128 0.196788847 0.454574436
v -0.0226489119 0.193071857 0.456066281
v -0.0226489101 0.196951374 0.454310864
v -0.0226489101 0.194858685 0.454658926
v -0.0388822109 0.191310167 0.461891025
v -0.0226489101 0.199004114 0.454994321
v -0.0226489119 0.191936702 0.458561063
v -0.0226489138 0.191472679 0.461627543
v -0.0388785973 0.19153668 0.465013266
v -0.0551082864 0.190894514 0.465764076
v -0.0550999492 0.191834509 0.468430698
v -0.0550915487 0.193514585 0.470119953
v -0.0388744362 0.192473203 0.467675537
v -0.0388702303 0.194139183 0.46936205
v -0.0226489138 0.19263573 0.467412114
v -0.0388665199 0.196189851 0.47004506
v -0.0226489119 0.191699192 0.464749783
v -0.0226489101 0.194301695 0.469098538
v -0.0064192256 0.191536665 0.465013295
v -0.038863834 0.198280424 0.469696641
v -0.0226489138 0.196352378 0.469781578
v -0.00642759446 0.194139168 0.46936211
v -0.00642339094 0.192473203 0.467675596
v -0.00643130392 0.196189836 0.47004506
v 0.00980212819 0.19183448 0.468430758
v -0.0226489101 0.198442966 0.469433159
v -0.038862709 0.200066224 0.468289077
v -0.00643398706 0.198280439 0.469696701
v -0.0226489101 0.200228751 0.468025595
v -0.0388636775 0.201202437 0.465794474
v -0.0550784431 0.200651169 0.466546595
v -0.0550835319 0.201122582 0.463475555
v -0.0550907552 0.200897351 0.460348636
v -0.0388662219 0.201668546 0.462728471
v -0.0388698317 0.201444089 0.459606618
v -0.0388739966 0.200508609 0.456944525
v -0.0226489101 0.200671107 0.456681013
v -0.0226489101 0.201831028 0.462464929
v -0.0226489101 0.201606616 0.459343135
v -0.00641961908 0.198841587 0.455257803
v -0.00642798794 0.201444089 0.459606677
v -0.0226489101 0.201364949 0.465530962
v -0.00643414445 0.201202407 0.465794474
v -0.00643159915 0.201668531 0.462728471
v -0.00643511117 0.200066224 0.468289077
v 0.0097857127 0.201122567 0.463475615
v 0.0097786868 0.199503019 0.469045281
v -0.00642382354 0.200508609 0.456944525
v 0.00980126299 0.199955508 0.457682192
v 0.00979293417 0.200897351 0.460348636
v 0.0098096719 0.19827728 0.455992699
v 0.00978062209 0.200651169 0.466546595
v 0.0260138568 0.199907199 0.461520582
v 0.0259953905 0.199647546 0.467748791
v 0.0260030236 0.200134844 0.46466279
v 0.0260263514 0.198946446 0.458841115
v 0.0260389633 0.197234437 0.457143366
v 0.0422514342 0.197415873 0.460368335
v 0.0422203429 0.198646918 0.466246665
v 0.0422347784 0.19841449 0.463073879
v 0.0584557056 0.196360022 0.464960068
v 0.0422101542 0.198127925 0.469362766
v 0.0584765263 0.195298254 0.462211162
v 0.0422062874 0.196872205 0.471898079
v 0.0259924848 0.198463544 0.470259666
v 0.0584249236 0.19602862 0.471349895
v 0.0584376492 0.196600482 0.468183815
v 0.0259958562 0.196601018 0.471676439
v 0.00978093594 0.197698057 0.47045514
v 0.00978630129 0.195585474 0.470804125
v 0.00979372114 0.193514571 0.470120043
v 0.0260039046 0.194422573 0.472027123
v 0.0260150358 0.192290872 0.471339703
v 0.0422215089 0.192584351 0.473682702
v 0.0422107764 0.194894552 0.47332859
v 0.0584256984 0.192483842 0.475379437
v 0.0260276459 0.190568492 0.469642162
v 0.0584200807 0.194653422 0.473925889
v 0.0422363505 0.190331042 0.472988546
v 0.0422531664 0.188524082 0.471274525
v 0.0260401443 0.189618096 0.466962546
v 0.0098104598 0.190894499 0.465764105
v 0.058457654 0.187498078 0.475033939
v 0.0584391057 0.189954013 0.475739211
v 0.009817685 0.190672889 0.462636799
v -0.00641561253 0.191310152 0.461891055
v -0.00641306583 0.191774175 0.458824605
v 0.026050983 0.189411148 0.463819921
v 0.00982277934 0.191147879 0.459565312
v -0.00641209818 0.19290933 0.456329793
v 0.0260586236 0.189919114 0.460733443
v 0.00982471462 0.192297831 0.457066447
v -0.00641322322 0.194696158 0.454922438
v -0.00641590776 0.196788847 0.454574436
v 0.00982246362 0.194101006 0.455656767
v 0.00981709547 0.196209967 0.455308229
v 0.0260581505 0.192965657 0.456805795
v 0.0260500964 0.195123404 0.456455529
v 0.0260615256 0.191113457 0.458222389
v 0.0422831029 0.193437874 0.457959622
v 0.0422983356 0.189232305 0.459743619
v 0.0422938392 0.191182524 0.458313257
v 0.0422682539 0.195636317 0.458654106
v 0.0584975481 0.193406209 0.460469365
v 0.0585161 0.191062078 0.459763676
v 0.0747016147 0.192585737 0.46436137
v 0.0747491121 0.188015297 0.461863637
v 0.0747268423 0.190547392 0.46258381
v -0.0226490665 -0.096606262 0.39653489
v 0.0286668651 -0.167422429 0.387565464
v 0.0029932952 -0.123901993 0.393660277
v 0.0286669843 -0.181774274 0.384806514
v -0.022649115 -0.0671455264 0.398921043
v -0.0481508449 -0.067037791 0.399222255
v 0.00294642919 -0.0964602455 0.3968364
v 0.0543249212 -0.180282772 0.386453092
v 0.0543248542 -0.189931855 0.384373784
v 0.0543250293 -0.166080073 0.389211893
v 0.0799829215 -0.18769443 0.386762708
v 0.0799830183 -0.193692982 0.385210127
v 0.0799829885 -0.178194657 0.388841718
v 0.129071742 -0.187233642 0.391740263
v 0.0799830183 -0.164200768 0.391600788
v 0.105641037 -0.184817776 0.389940172
v 0.105640933 -0.194141522 0.387124479
v 0.105640978 -0.196197659 0.38586244
v 0.146800697 -0.186833307 0.393339068
v 0.105641 -0.19720225 0.384512037
v 0.129539505 -0.193315893 0.388054192
v 0.129071742 -0.192438617 0.38929534
v 0.148047984 -0.183746085 0.394653171
v 0.148047984 -0.188337952 0.392449349
v 0.149918884 -0.178214952 0.396404266
v 0.129695401 -0.1935727 0.386554569
v 0.157432184 -0.183974966 0.39515245
v 0.162035182 -0.180974871 0.396681666
v 0.149918884 -0.188850492 0.391535789
v 0.162035242 -0.184030578 0.395190895
v 0.165442795 -0.184032977 0.394629359
v 0.170498773 -0.179595605 0.397381753
v 0.165442824 -0.175426289 0.398605198
v -0.218409956 0.161406368 0.434318215
v -0.218262434 0.163062513 0.426016331
v -0.21732837 0.166751489 0.42694968
v -0.219947293 0.160165861 0.425128281
v -0.217730299 0.168942645 0.435754359
v -0.218736693 0.172206283 0.436296105
v -0.222301915 0.156711668 0.433209717
v -0.222201765 0.160613224 0.416255325
v -0.220716059 0.17429626 0.43656069
v -0.217989743 0.173991621 0.428059965
v -0.223238587 0.17517136 0.436567068
v -0.222399697 0.177142248 0.428302467
v -0.21988526 0.176170424 0.428297997
v -0.217187464 0.170623273 0.427620739
v -0.218802691 0.178238645 0.420329779
v -0.216439605 0.172349572 0.420184523
v -0.21694687 0.175969809 0.420212597
v -0.225058794 0.176889658 0.428040981
v -0.224102482 0.179111421 0.420060903
v -0.221392691 0.179253414 0.420343429
v -0.225588694 0.180077344 0.411907107
v -0.220311627 0.181467786 0.412806273
v -0.223068267 0.181387007 0.412493229
v -0.217642754 0.180512756 0.412819713
v -0.222018912 0.183647677 0.40543744
v -0.227548763 0.177345708 0.411074251
v -0.215355039 0.178437069 0.412388176
v -0.216579705 0.183004677 0.405931503
v -0.2192505 0.18374829 0.405807465
v -0.21824117 0.185906872 0.39947024
v -0.214371473 0.182060644 0.405694544
v -0.226596534 0.179731682 0.403933436
v -0.218758762 0.190341532 0.385714531
v -0.215585098 0.185314313 0.399653018
v -0.221320391 0.189168483 0.384990573
v -0.213396117 0.184498921 0.399683535
v -0.214630425 0.18704167 0.393972188
v -0.216553345 0.189228594 0.389378011
v -0.213880196 0.188276455 0.389290273
v -0.213499039 0.189108387 0.386008412
v -0.216035083 0.190260559 0.38607654
v -0.211542338 0.186410174 0.388504207
v -0.227105036 0.171373069 0.394747496
v -0.227959603 0.169128686 0.401322275
v -0.228444338 0.172488794 0.402028352
v -0.226330459 0.166747615 0.400992155
v -0.22700882 0.178457007 0.396452427
v -0.227554247 0.174734741 0.39548552
v -0.224720106 0.183875546 0.391890377
v -0.226662636 0.176696792 0.389815181
v -0.224748164 0.183107123 0.382844031
v -0.225500703 0.168972448 0.39440462
v -0.223190591 0.167391345 0.394338876
v -0.223246887 0.173662335 0.38061142
v -0.223370284 0.186558425 0.383972973
v -0.224846765 0.176063374 0.380981028
v -0.221444294 0.171089798 0.383958489
v -0.225293756 0.179410204 0.381785959
v -0.220871836 0.172282711 0.380575895
v -0.218099341 0.17200017 0.380773038
v -0.219594568 0.168661639 0.388663858
v -0.215575069 0.17139937 0.38401562
v -0.21331346 0.175390124 0.383217812
v -0.215316862 0.174295172 0.379336774
v -0.2133165 0.176894993 0.380203962
v -0.220839694 0.18963626 0.382650703
v -0.218357697 0.190777257 0.383344889
v -0.224150002 0.183789954 0.380504906
v -0.224243253 0.176967993 0.378715634
v -0.224676833 0.180210933 0.379486114
v -0.222820714 0.187119454 0.381631881
v -0.223779038 0.18082653 0.378176808
v -0.222111776 0.18703714 0.380120724
v -0.2233022 0.184061989 0.379040241
v -0.222691357 0.17464681 0.378333241
v -0.220331028 0.189284563 0.381105691
v -0.220418558 0.173347846 0.378327399
v -0.221984267 0.17580317 0.377126962
v -0.217822254 0.173171699 0.378686547
v -0.21763961 0.174517706 0.377507687
v -0.219940677 0.174652949 0.377074689
v -0.2233904 0.177887872 0.377536893
v -0.219333842 0.17658034 0.376680017
v -0.222453281 0.178742304 0.377205223
v -0.221255124 0.177558333 0.376775175
v -0.222473517 0.180966198 0.377490699
v -0.220633373 0.180339217 0.377060503
v -0.221973598 0.183964282 0.378229558
v -0.219933167 0.183537766 0.377852052
v -0.218493655 0.179512411 0.377005517
v -0.220931664 0.18671231 0.379297227
v -0.217568129 0.182896689 0.37787509
v -0.218968585 0.186545834 0.379019052
v -0.219853669 0.188429773 0.380248755
v -0.218198851 0.188950047 0.380362272
v -0.218083158 0.190336987 0.381682515
v -0.215767205 0.190661818 0.383707374
v -0.215756282 0.19024308 0.381964058
v -0.213738501 0.189051524 0.38206324
v -0.216052324 0.188813061 0.38053596
v -0.216705322 0.186180547 0.379112422
v -0.214178085 0.187759787 0.380716622
v -0.214624614 0.185259312 0.379403651
v -0.213075235 0.186423317 0.380845547
v -0.212358207 0.186925501 0.381804764
v -0.211943731 0.184028164 0.381013364
v -0.212959677 0.184351891 0.380001128
v -0.21526581 0.182155237 0.378265947
v -0.213412553 0.181429133 0.378986418
v -0.216289416 0.179052711 0.377445102
v -0.212394759 0.18083401 0.379998505
v -0.211971596 0.180317983 0.381236553
v -0.213611007 0.177817568 0.379069477
v -0.214501545 0.17860581 0.3781946
v -0.217234328 0.176368073 0.377129555
v -0.215674862 0.176735863 0.377802074
v -0.215417564 0.175528809 0.378235966
v -0.253425151 0.168175206 0.0766735449
v -0.25103271 0.175980344 0.0780629441
v -0.251430959 0.176267162 0.0749825686
v -0.249521062 0.177262992 0.0745015815
v -0.249117941 0.176975027 0.0775331855
v -0.24677445 0.177329123 0.0766735524
v -0.247182995 0.17761898 0.0737230778
v -0.244444847 0.177191123 0.0726644695
v -0.247428134 0.177792892 0.069678843
v -0.249762923 0.177435786 0.0703157112
v -0.244692802 0.177366108 0.0688142404
v -0.241584167 0.176010892 0.0677369013
v -0.247548655 0.177867055 0.0651695803
v -0.241795361 0.176007345 0.0568278506
v -0.238680378 0.174001396 0.0565589368
v -0.244870991 0.177353635 0.0570736043
v -0.247550771 0.177652791 0.0551391803
v -0.241840243 0.17588684 0.0549609177
v -0.24488388 0.177224502 0.0550598428
v -0.238754153 0.173897654 0.0548526086
v -0.244920328 0.17698729 0.0540529713
v -0.241944775 0.175678998 0.0540274829
v -0.247520432 0.177417904 0.0540732667
v -0.0301724058 0.0264853816 0.199156344
v -0.0281703454 0.0279645436 0.198575348
v -0.0279030856 0.0275919884 0.19342652
v -0.0278945193 0.0277849678 0.204009682
v -0.0267632678 0.0270894431 0.188882783
v -0.0295094065 0.0244448595 0.188652977
v -0.0244214293 0.0268790349 0.185263783
v -0.0200944785 0.0303259771 0.180514559
v -0.0214589164 0.0266703218 0.182581425
v -0.0184570774 0.026172867 0.180847585
v -0.0221558288 0.0249384269 0.183278084
v -0.0254615825 0.024908103 0.185583934
v -0.0190063938 0.0245665573 0.181749001
v -0.0159975607 0.0238014106 0.181178614
v -0.0257990733 0.0237535331 0.184566692
v -0.0193359833 0.0236027744 0.181836471
v -0.0225023273 0.0239062849 0.182985738
v -0.0163047854 0.0228558686 0.181369767
v -0.0134134749 0.0216784328 0.181836471
v -0.0226307455 0.0233559981 0.18211931
v -0.0164703056 0.0223464463 0.181043878
v -0.0135809276 0.0211573783 0.181384355
v -0.0195067804 0.0230828039 0.181384355
v -0.0136834811 0.0208921432 0.180666983
v -0.0108930059 0.0195421688 0.18211931
v -0.0195797104 0.0228079464 0.180666983
v -0.0165572353 0.0220789053 0.180453569
v -0.0166286882 0.0218590051 0.179851517
v -0.0111630969 0.0190983042 0.180172905
v -0.0084609054 0.0175273996 0.182962194
v -0.0137886396 0.0206861608 0.179958612
v -0.0226731393 0.0228381492 0.180172905
v -0.00881958287 0.0171327572 0.180387139
v -0.0196157116 0.022579493 0.179958612
v -0.00682562636 0.0148268519 0.180494264
v -0.00909313746 0.0168597419 0.179707065
v -0.00524875382 0.0122179221 0.180387139
v -0.00559294224 0.0120421238 0.179707065
v -0.00410360098 0.0093817208 0.180172905
v -0.00713862292 0.0145994499 0.179750428
v -0.0113902939 0.018786408 0.17962034
v -0.0139639024 0.0203428585 0.179533616
v -0.00956968684 0.0163894538 0.179367006
v -0.0167477708 0.0214924999 0.179490238
v -0.00769086322 0.0141982269 0.179378465
v -0.0196757093 0.0221987385 0.179533616
v -0.0197833609 0.0215398744 0.17932114
v -0.0142640844 0.0197465513 0.17932114
v -0.00618747575 0.0117342295 0.179367006
v -0.00447044149 0.00926202536 0.17962034
v -0.00378546561 0.00633340934 0.179533616
v -0.00340480264 0.00639400678 0.179958612
v -0.00317640486 0.00643036468 0.180666983
v -0.00316699455 0.00333053479 0.179851517
v -0.00293577439 0.00333053479 0.180453569
v -0.00355236162 0.00333053526 0.179490238
v -0.00289247115 0.000215130378 0.181384355
v -0.00340481219 0.000267062715 0.179958612
v -0.00378547539 0.00032766044 0.179533616
v -0.00410361867 -0.00272065285 0.180172905
v -0.00444535958 0.000428880303 0.17932114
v -0.00388351502 -0.00279247109 0.181093782
v -0.0035980118 -0.00284036063 0.18211931
v -0.00447045965 -0.00260095648 0.17962034
v -0.0050422661 -0.00566233415 0.181520581
v -0.00476261368 -0.00577602629 0.182962194
v -0.00419900613 -0.00597646367 0.184566692
v -0.0061875009 -0.00507315993 0.179367006
v -0.00638426002 -0.00848648045 0.183410585
v -0.00587386312 -0.00885730516 0.185465068
v -0.00468807388 -0.0097188307 0.188652992
v -0.00663785823 -0.00830223039 0.181733966
v -0.0080961436 -0.0113404188 0.184566692
v -0.00865548011 -0.0106355045 0.181520596
v -0.00846093521 -0.0108663356 0.182962194
v -0.0068256571 -0.00816578791 0.180494264
v -0.00524877943 -0.00555685535 0.180387139
v -0.00559296831 -0.00538105704 0.179707065
v -0.00713865412 -0.00793838408 0.179750428
v -0.00769089302 -0.00753716053 0.179378465
v -0.00909316912 -0.0101986779 0.179707065
v -0.00881961361 -0.0104716942 0.180387139
v -0.00608471641 -0.00207423256 0.179251969
v -0.0111631267 -0.0124372421 0.180172876
v -0.0095697185 -0.00972839072 0.179367006
v -0.0110268053 -0.0126243802 0.181093782
v -0.0108930338 -0.0128811114 0.18211931
v -0.0113903247 -0.0121253468 0.17962034
v -0.0139639303 -0.0136817964 0.179533616
v -0.0137886656 -0.0140251014 0.179958627
v -0.0135809518 -0.0144963171 0.181384385
v -0.0166287106 -0.0151979383 0.179851517
v -0.0134134982 -0.0150173698 0.181836486
v -0.0106734773 -0.0134017821 0.182985768
v -0.0164703261 -0.0156853814 0.181043893
v -0.0103471233 -0.0144404685 0.183278129
v -0.00769053958 -0.0124728596 0.185583949
v -0.0131136449 -0.0159908179 0.181749001
v -0.00737355649 -0.0146787632 0.185263827
v -0.00535529479 -0.0134724854 0.188882828
v -0.0041377726 -0.0132090859 0.19342652
v -0.00335206697 -0.0106894942 0.193867266
v -0.00295230281 -0.0109799411 0.199156344
v -0.016304804 -0.0161948036 0.181369767
v -0.00370257138 -0.0133533934 0.198575348
v -0.00403127028 -0.0133702373 0.204009682
v -0.00325112604 -0.0107628321 0.20487377
v -0.00308888289 -0.0177880526 0.19646953
v -0.00454558199 -0.00982235745 0.211826265
v -0.0033565932 -0.0180614404 0.201464951
v -0.00435814867 -0.0186699461 0.20606558
v -0.0051650675 -0.0137822963 0.208968997
v -0.00123084406 -0.0258605219 0.197287127
v -0.016747795 -0.0148314359 0.179490238
v -0.00102245552 -0.0254186541 0.192476153
v -0.203852654 0.054150518 0.416461498
v -0.188496411 0.0545591675 0.414199382
v -0.201360628 0.0813302025 0.41504547
v -0.190540045 0.0256307367 0.41523391
v -0.206085503 0.0256622452 0.417490244
v -0.210447669 0.0806851611 0.41591233
v -0.193697631 0.157085598 0.410046399
v -0.138614148 0.168557718 0.401104569
v -0.160357669 0.164270878 0.404575944
v -0.205422282 0.126324877 0.41292724
v -0.159782454 0.172427922 0.403976142
v -0.178146288 0.168276459 0.407066196
v -0.192135036 0.164968818 0.40929535
v -0.176297471 0.173052356 0.406260997
v -0.159216493 0.177197203 0.403384089
v -0.138125882 0.181736425 0.400020003
v -0.202395007 0.155106962 0.410934001
v -0.203530237 0.14328903 0.411740124
v -0.158935845 0.179696143 0.402726442
v -0.138125882 0.184249967 0.3994008
v -0.11503052 0.188659266 0.396198124
v -0.207906395 0.142320022 0.411465913
v -0.138125882 0.185703799 0.398533463
v -0.175174758 0.175506726 0.405496359
v -0.115030505 0.190112859 0.395332932
v -0.0919351503 0.193868652 0.392930746
v -0.0919351354 0.192415059 0.393793494
v -0.0688397884 0.195333898 0.392139137
v -0.0688398108 0.196787417 0.391278237
v -0.0688397884 0.197435647 0.390129387
v -0.0919351503 0.194517002 0.3917813
v -0.11503049 0.190761283 0.394182742
v -0.0919351801 0.194614276 0.390310526
v -0.138125941 0.186352134 0.397381902
v -0.115030505 0.190858662 0.392712086
v -0.138125882 0.186449572 0.395911723
v -0.0919351503 0.194172919 0.386269391
v -0.159637496 0.18157205 0.400889903
v -0.159216493 0.181040749 0.401937872
v -0.176297471 0.176524147 0.404949635
v -0.159777835 0.181630418 0.399453878
v -0.177981496 0.176703736 0.404213876
v -0.178542867 0.176644653 0.402882397
v -0.15977782 0.181189179 0.395419776
v -0.138125926 0.186008468 0.391876072
v -0.184744418 0.17251265 0.407149196
v -0.188887671 0.169869632 0.40827316
v -0.188887671 0.172225624 0.40738067
v -0.196505934 0.168216571 0.409042507
v -0.191955 0.171948001 0.40696305
v -0.200544357 0.163007349 0.410152137
v -0.200355142 0.16750519 0.408745408
v -0.204759032 0.161995545 0.409871966
v -0.206743732 0.154038653 0.41065979
v -0.192977473 0.171735898 0.405737758
v -0.201638222 0.167147562 0.407560259
v -0.206163928 0.16153729 0.408691406
v -0.208193302 0.153562814 0.409481198
v -0.178542838 0.176202342 0.398848265
v -0.201638222 0.166699946 0.403523713
v -0.192977473 0.171291634 0.40170303
v -0.208193302 0.15311718 0.405438989
v -0.209365144 0.141880333 0.410286874
v -0.209365115 0.141446263 0.406241
v -0.0226726625 0.0224522762 0.17962034
v -0.0256635658 0.022243809 0.179707065
v -0.0257243998 0.0226254743 0.180387139
v -0.0286929235 0.0219319835 0.180494264
v -0.0257609002 0.0228544753 0.181520581
v -0.028764654 0.0221527554 0.181733966
v -0.0316071995 0.0209549069 0.181520581
v -0.0257826112 0.0231555719 0.182962194
v -0.0288615171 0.0224508755 0.1834106
v -0.0317666195 0.0212112609 0.182962194
v -0.0290564727 0.0230508819 0.185465068
v -0.0321047753 0.021704698 0.184566692
v -0.0344343334 0.0195208006 0.182119325
v -0.0348616801 0.0198905077 0.182985768
v -0.0372449011 0.017783843 0.181836516
v -0.0357486829 0.0205218606 0.183278129
v -0.0330564491 0.0224403925 0.185583949
v -0.0350564383 0.0234235264 0.185263827
v -0.0380780473 0.0183698311 0.181749001
v -0.0332855284 0.0249702446 0.188882813
v -0.0400624983 0.0159822684 0.181178629
v -0.0392581709 0.0153978942 0.181369781
v -0.0409052148 0.012745861 0.181836486
v -0.0394666232 0.0193464793 0.1808476
v -0.0373304859 0.0215133596 0.18258144
v -0.0417199805 0.0133571457 0.181749001
v -0.0430468805 0.0104767652 0.183278099
v -0.0430779271 0.0143759549 0.1808476
v -0.0443591103 0.0191039294 0.178051084
v -0.0405830815 0.0236688536 0.180514589
v -0.0388005599 0.0255495533 0.183333546
v -0.0444786511 0.0116747562 0.18258144
v -0.0482114591 0.0255881622 0.174890563
v -0.0374333672 0.0270343646 0.187048092
v -0.0449846312 0.0297139268 0.179520339
v -0.0464824662 0.027792193 0.176696435
v -0.0460523143 0.0165842492 0.178704172
v -0.0475337617 0.0141020715 0.180514589
v -0.0517164283 0.0207639914 0.174890563
v -0.0500099845 0.023209529 0.174242139
v -0.0561333708 0.0346423611 0.170722276
v -0.0594349764 0.0300571807 0.16835472
v -0.0577184148 0.0324114002 0.168978646
v -0.0548193492 0.0366326347 0.173457339
v -0.0720821917 0.0427417047 0.160540357
v -0.0611435212 0.0276971404 0.168978646
v -0.0706404746 0.044978343 0.162187442
v -0.0539158769 0.0382647775 0.177055627
v -0.0438795611 0.0312456563 0.18322295
v -0.0433288775 0.0322796851 0.187664837
v -0.0367764533 0.0280226618 0.191545352
v -0.0326587856 0.0260467809 0.19342652
v -0.0300197117 0.0260154288 0.193867266
v -0.0366895087 0.0284593198 0.19646953
v -0.0326615386 0.0265052766 0.198575348
v -0.0327791274 0.0261978731 0.204009682
v -0.0300582591 0.0261340961 0.20487377
v -0.0295638219 0.0246123672 0.211826265
v -0.0433080867 0.0327825956 0.192476153
v -0.0370322429 0.0282891933 0.201464951
v -0.0437927209 0.0327209532 0.197287098
v -0.0535624772 0.0394213423 0.181389004
v -0.0379204564 0.0275246948 0.20606558
v -0.0335213766 0.0252469014 0.208968997
v -0.0875767544 0.0633592978 0.161161348
v -0.0874098465 0.0619036183 0.157312915
v -0.108614787 0.074989751 0.142184585
v -0.0699475855 0.0510764234 0.181284979
v -0.0447582863 0.0320613347 0.201727808
v -0.0461803153 0.030770313 0.205428421
v -0.039469976 0.0261782426 0.209805414
v -0.0353981145 0.0237747002 0.212692738
v -0.0413870513 0.0243656058 0.212613836
v -0.0726508498 0.0495446771 0.188820228
v -0.0332135484 0.0226225406 0.214980692
v -0.0743506029 0.0478712544 0.191404119
v -0.0479053631 0.0289771706 0.208250165
v -0.0907605663 0.0645732731 0.173368946
v -0.0893501863 0.0647861511 0.169525608
v -0.109882794 0.0797400177 0.152435184
v -0.111276589 0.0804083273 0.15626289
v -0.108885862 0.0785361975 0.148605168
v -0.112934217 0.080424197 0.159776703
v -0.130636767 0.0929781124 0.132182494
v -0.132745326 0.0961974561 0.138801306
v -0.131415278 0.0947721004 0.135351166
v -0.13112025 0.0888101682 0.127620608
v -0.130579785 0.0909583494 0.129579723
v -0.0900847539 0.055764664 0.150207222
v -0.173275203 0.122670673 0.105055429
v -0.0916280076 0.053511925 0.149664328
v -0.0737133771 0.0404310413 0.159952566
v -0.0754068792 0.0381656662 0.160540357
v -0.11196167 0.0684806183 0.138118744
v -0.113590777 0.0664228722 0.138610885
v -0.0932935923 0.0513480715 0.150207222
v -0.0950096324 0.0494248308 0.151732117
v -0.153744757 0.102845356 0.114155009
v -0.135085523 0.0825685784 0.126382947
v -0.155017376 0.100804657 0.113770187
v -0.136844829 0.0809309408 0.127620608
v -0.115331002 0.0646416843 0.139996454
v -0.191622272 0.134237289 0.0931850448
v -0.219070613 0.147384286 0.0785420015
v -0.217641786 0.148909524 0.078313455
v -0.158343315 0.097469613 0.115244791
v -0.160308406 0.0964694917 0.11697486
v -0.13872087 0.0797531009 0.129579723
v -0.117117979 0.0632861033 0.142184585
v -0.211107075 0.138677001 0.0848471001
v -0.140659377 0.0791831538 0.132182479
v -0.0967042372 0.0478939041 0.154135272
v -0.198762164 0.126649797 0.0945068747
v -0.162416056 0.0961104706 0.119280547
v -0.0786841735 0.0344019122 0.164777577
v -0.0770885348 0.0361033566 0.162187442
v -0.0627754852 0.025500264 0.170722276
v -0.0546431094 0.0164201595 0.179520339
v -0.0642622858 0.0236355308 0.173457339
v -0.0655353591 0.0222719219 0.177055642
v -0.0487715751 0.0118256211 0.183333546
v -0.0983054936 0.0469070375 0.15731293
v -0.0455926135 0.00892173033 0.185263813
v -0.0440395735 0.00732343365 0.185583934
v -0.0448498428 0.00333057065 0.188652977
v -0.11888729 0.0625051856 0.145084441
v -0.0665261149 0.0215784162 0.181389004
v -0.120574608 0.0624479949 0.148605168
v -0.100894451 0.0469557606 0.165344313
v -0.142606124 0.0793691725 0.135351166
v -0.164622173 0.0965396464 0.122097164
v -0.144372746 0.0801936835 0.138801306
v -0.122027591 0.0630241334 0.152435184
v -0.203839526 0.127529189 0.0984720811
v -0.16670233 0.0976124778 0.125167444
v -0.187807232 0.114242181 0.112274975
v -0.168432102 0.0991844013 0.128234118
v -0.145770833 0.0815392137 0.142248496
v -0.215813756 0.138272315 0.0875905827
v -0.223128811 0.145825654 0.0802640915
v -0.231683165 0.149013743 0.0854597762
v -0.234997764 0.152146265 0.0796372443
v -0.231962487 0.150939643 0.0779470429
v -0.227064058 0.151055589 0.0755955204
v -0.22931397 0.150624037 0.076592274
v -0.232883886 0.153345913 0.0743361264
v -0.225224569 0.152090371 0.0749794096
v -0.240870044 0.156308353 0.0833422691
v -0.189850613 0.116028138 0.114981823
v -0.225976378 0.145470962 0.0957480222
v -0.169587061 0.101110846 0.131039903
v -0.237559438 0.156119153 0.0906057954
v -0.146612018 0.0832882673 0.145408303
v -0.146707907 0.085323371 0.147996292
v -0.123621218 0.0657147914 0.159776703
v -0.0568056852 0.0154795209 0.201727808
v -0.0826740265 0.0335599668 0.181284979
v -0.0570435077 0.0138774039 0.192476153
v -0.101476774 0.0511123091 0.176538214
v -0.0560172834 0.0172309 0.205428421
v -0.0571346469 0.0143573703 0.197287127
v -0.0653133392 0.0271619633 0.201446727
v -0.146181971 0.0875273496 0.14993912
v -0.0375484787 0.0141557325 0.179309651
v -0.0334842838 0.0182830933 0.179344058
v -0.0310269948 0.0198051073 0.179367006
v -0.0390815176 0.0116829108 0.17932114
v -0.0396748707 0.0119888913 0.179533616
v -0.0361447819 0.0168476384 0.179533616
v -0.0380984135 0.0145552848 0.179490238
v -0.0400184542 0.0121636139 0.179958627
v -0.038410183 0.0147817954 0.179851517
v -0.0338692293 0.0188143104 0.17962034
v -0.0402246006 0.0122684482 0.180666998
v -0.0364171267 0.0171204098 0.179958612
v -0.0416886508 0.00953609589 0.18211931
v -0.0313270055 0.0204036571 0.179707065
v -0.0340956561 0.0191267673 0.180172905
v -0.0404634699 0.0124227451 0.181384385
v -0.0430457965 0.00664567808 0.184566692
v -0.0433841236 0.00333057158 0.185465068
v -0.0421723239 0.00982827693 0.182985768
v -0.0388248339 0.0150830522 0.181043893
v -0.0385972448 0.0149177052 0.180453584
v -0.0365805328 0.0172840729 0.180666983
v -0.0368010961 0.0174635705 0.181384385
v -0.0342315063 0.0193142444 0.181093782
v -0.0315021276 0.0207481887 0.180387139
v -0.0285733659 0.0215640385 0.179750428
v -0.0283624306 0.0209148452 0.179378465
v -0.173137724 -0.0341194868 0.412154555
v -0.124030873 -0.0355677158 0.405558318
v -0.171879277 -0.00429931143 0.412545323
v -0.123183087 -0.00510471826 0.405952007
v -0.148316637 -0.00473070145 0.409128278
v -0.0986854434 -0.0360949971 0.403169394
v -0.0991542637 -0.0661757439 0.401819617
v -0.0736525506 -0.0667145252 0.400173336
v -0.0738400668 -0.0960221514 0.397787005
v -0.0980495736 -0.00538965687 0.403564602
v -0.0733399689 -0.0364716463 0.401522815
v -0.0729160905 -0.00558899902 0.401919097
v -0.0479945391 -0.036697574 0.400572062
v -0.0996231437 -0.166080058 0.389212042
v -0.0996231288 -0.180282772 0.386453241
v -0.0996231437 -0.189931855 0.384373933
v -0.0996231288 -0.196027845 0.3828215
v -0.12528114 -0.193692982 0.385210276
v -0.125281155 -0.197218597 0.383946836
v -0.12528111 -0.199319988 0.382684797
v -0.0996231437 -0.199611858 0.381558061
v -0.073965162 -0.201321349 0.379911333
v -0.0739651099 -0.197695598 0.381174773
v -0.0739651099 -0.204539686 0.377298266
v -0.0739651099 -0.203483149 0.378649294
v -0.0483071059 -0.204523951 0.37769866
v -0.0739651695 -0.20485346 0.375761271
v -0.0483071357 -0.202347025 0.378960729
v -0.0483071245 -0.205903873 0.37481004
v -0.0483071581 -0.205587909 0.376347661
v -0.0226491168 -0.205937311 0.376046151
v -0.0483071059 -0.205759481 0.37076965
v -0.0226490647 -0.206254005 0.374508351
v -0.0226490814 -0.206188604 0.372682959
v -0.0226490982 -0.205836579 0.368019253
v -0.0483071581 -0.205487475 0.368322462
v -0.0483071059 -0.204843923 0.365800619
v -0.0739555955 -0.203801587 0.366755068
v -0.0739412904 -0.202617377 0.364312738
v -0.0226490647 -0.205191493 0.365496665
v 0.0030088902 -0.205487445 0.368322462
v 0.00300895935 -0.204843909 0.365800619
v -0.0226490814 -0.203995407 0.363056183
v -0.0483071059 -0.203650594 0.363359988
v 0.174775124 -0.179097295 0.397000283
v 0.174775079 -0.173726842 0.399424136
v 0.150542557 -0.169369817 0.398551166
v 0.12969543 -0.159030378 0.398197621
v 0.150542483 -0.156259179 0.401309818
v 0.105640933 -0.16178453 0.39477843
v 0.150542617 -0.137965828 0.404776156
v 0.105641015 -0.142701641 0.398245394
v 0.105562821 -0.119391613 0.401824176
v 0.079982996 -0.144772962 0.395067751
v 0.0543249696 -0.146383986 0.392678827
v 0.0799205005 -0.121082991 0.398646712
v 0.0286669508 -0.147534728 0.391032398
v 0.0286356229 -0.123338185 0.39461121
v 0.0542780608 -0.122398525 0.39625749
v 0.054137487 -0.095292069 0.399433583
v 0.0285419244 -0.0960221887 0.397787005
v 0.0283544045 -0.0667145476 0.400173336
v 0.0797329322 -0.0942699239 0.401822507
v 0.0028526783 -0.0670377761 0.399222255
v 0.105328456 -0.092955716 0.405000001
v 0.0793578401 -0.0654215366 0.404208839
v 0.053856153 -0.0661757737 0.401819617
v 0.0533873849 -0.0360950008 0.403169394
v 0.104859598 -0.0644518062 0.407386184
v 0.149487719 -0.0622401051 0.413916469
v 0.0787328333 -0.0355677567 0.405558318
v 0.0713889897 0.277850807 0.0820050165
v 0.0729320794 0.276327431 0.0814469606
v 0.0733252317 0.277570426 0.0797388703
v 0.0743872225 0.275445342 0.0788409635
v 0.0746366754 0.276243299 0.0766735375
v 0.0695127547 0.278781325 0.0821958184
v 0.0689212978 0.276961029 0.0837369338
v 0.0717859417 0.27908951 0.080290556
v 0.0674478859 0.279131323 0.0820050165
v 0.0668490008 0.277312994 0.0835458934
v 0.0699141994 0.280016869 0.080479838
v 0.0735757276 0.278362662 0.077533178
v 0.0720380321 0.279876322 0.0780629367
v 0.0737250373 0.278835058 0.0745015591
v 0.0701688379 0.280800521 0.0782453418
v 0.0747860968 0.276721418 0.0737230703
v 0.075225316 0.273985088 0.0726644546
v 0.0748757571 0.277008325 0.0696788281
v 0.0753473416 0.274417162 0.0645397231
v 0.0721877515 0.280343771 0.0749825537
v 0.0738146231 0.279118478 0.0703156963
v 0.0749090388 0.277145892 0.0651695803
v 0.0749868602 0.270899683 0.0677368939
v 0.07501892 0.271045983 0.063755706
v 0.0740347058 0.267284364 0.0665570572
v 0.0748200938 0.277140617 0.0572710037
v 0.0749953538 0.2710962 0.0599393956
v 0.0738515779 0.267555118 0.0548526086
v 0.072619468 0.264052153 0.0588702485
v 0.0726365373 0.26398319 0.0620458424
v 0.0708336383 0.260941029 0.0643307492
v 0.0708593279 0.261171311 0.0583919063
v 0.0688744411 0.259319693 0.055865068
v 0.0708083138 0.26122734 0.056052357
v 0.0747897625 0.271104902 0.0549609177
v 0.0724487752 0.264161229 0.0547451116
v 0.0752482116 0.274440587 0.0570736043
v 0.0751214325 0.27441293 0.055059839
v 0.0736467093 0.267671466 0.0539994873
v 0.0745597929 0.271140069 0.0540274717
v 0.0722756311 0.264362514 0.0539717041
v 0.0705913231 0.261590362 0.0539468229
v 0.0707232878 0.26132077 0.0546486191
v 0.0688170046 0.259431392 0.0545733348
v 0.068738535 0.259732157 0.0539275408
v 0.0668010488 0.258702725 0.0539138205
v 0.066818133 0.258387595 0.0545193851
v 0.0668105334 0.257953286 0.0629103407
v 0.0647412315 0.257645518 0.0625509545
v 0.0648148507 0.258083999 0.0544869155
v 0.0628953576 0.258415103 0.0544760413
v 0.0648626462 0.258416772 0.0539056286
v 0.0627567694 0.257988542 0.0624300204
v 0.0610796399 0.259170115 0.0556496345
v 0.0609496869 0.258877456 0.0625509545
v 0.0630037487 0.25874868 0.0539029203
v 0.0611478426 0.259275466 0.0544869155
v 0.114339456 0.18157205 0.400889754
v 0.0928278416 0.186352059 0.397381902
v 0.0928278416 0.18570368 0.398533314
v 0.0697324872 0.188659236 0.396198124
v 0.0697325543 0.186145842 0.396813035
v 0.0928278416 0.18173632 0.400020152
v 0.133244783 0.176644653 0.402882218
v 0.11447978 0.181630343 0.399453878
v 0.0928278863 0.186449483 0.395911723
v 0.0697325543 0.190761238 0.394182593
v 0.0697324872 0.190112859 0.395332932
v 0.11447978 0.18118906 0.395419776
v 0.133244827 0.176202372 0.398848265
v 0.147679418 0.171291679 0.40170303
v 0.0697325245 0.190858558 0.392712086
v 0.0697324872 0.190417424 0.38867417
v 0.0928278863 0.186008468 0.391876072
v 0.114411093 0.180763766 0.392932594
v 0.0466370881 0.194614202 0.390310675
v 0.0466371439 0.194517002 0.3917813
v 0.0466370881 0.193868622 0.392930746
v 0.0466370769 0.194172844 0.386269212
v 0.0235417634 0.197435677 0.390129387
v 0.023541715 0.197532877 0.388657987
v 0.0466371253 0.192415059 0.393793494
v 0.0466370881 0.189901829 0.394404918
v 0.023541715 0.195333824 0.392139137
v 0.023541715 0.196787372 0.391278237
v 0.000446391117 0.199431002 0.387705535
v 0.000446374412 0.198685527 0.390325636
v 0.000446391117 0.199333802 0.389176935
v -0.0226490516 0.20002766 0.388875574
v 0.000446391117 0.197232023 0.391185164
v -0.0226490181 0.20012486 0.387403727
v 0.000446374412 0.198988989 0.38365829
v 0.0235417672 0.197091222 0.384613633
v 0.0235396121 0.196663201 0.382131189
v 0.0466285609 0.193745062 0.383788139
v 0.0697109997 0.18998979 0.386193097
v 0.0927849412 0.185580954 0.389392555
v 0.046602793 0.192987993 0.381164253
v 0.0926562101 0.184824005 0.386754155
v 0.0696466714 0.189232841 0.383564293
v 0.023533117 0.195905954 0.379508376
v 0.0695179477 0.188003138 0.380909264
v 0.114205092 0.18001394 0.390280604
v 0.0465512946 0.19175829 0.378520966
v 0.0235203002 0.19467625 0.376870424
v 0.000446376798 0.197803542 0.378551185
v 0.000446374412 0.198560864 0.381174475
v -0.0226490162 0.199254572 0.380870819
v -0.0226490516 0.199682847 0.383355409
v -0.0457443967 0.198988989 0.383658141
v -0.0226490162 0.198497206 0.378246605
v -0.0457443818 0.199431002 0.387705535
v -0.0688398108 0.197532922 0.388657987
v -0.0457443967 0.198560908 0.381174475
v -0.0457443893 0.197803497 0.378551185
v -0.068837598 0.196663201 0.382131189
v -0.0457443632 0.199333757 0.389176935
v -0.0688397884 0.197091147 0.384613812
v -0.0457443967 0.198685572 0.390325457
v -0.0226490013 0.199379459 0.390023649
v -0.0226490181 0.19792591 0.390883178
v -0.0457443818 0.197231948 0.391185164
v -0.0457443967 0.194718972 0.391791373
v -0.0226490516 0.195412904 0.391488492
v 0.00044642447 0.194719046 0.391791373
v 0.0235417634 0.192820773 0.392747492
v -0.0226490218 0.190384597 0.39198029
v 0.0235906057 0.187832683 0.393244624
v 0.000470786094 0.189701378 0.39228484
v -0.0457688235 0.189701378 0.39228484
v 0.0467103757 0.184959128 0.394907683
v 0.0698301718 0.18126142 0.397322088
v 0.0929499343 0.176920265 0.40053618
v 0.0933161154 0.168557569 0.401104748
v 0.0707090273 0.159121573 0.398666531
v 0.0469301119 0.176215231 0.395457923
v 0.0237370618 0.178952709 0.393787235
v 0.0500472449 0.0874113441 0.400590211
v 0.0240300298 0.164758027 0.394556135
v 0.0245182626 0.143806502 0.395754248
v 0.00093463657 0.145113379 0.394781798
v 0.0258150548 0.088297233 0.398929149
v 0.00124321226 0.118717536 0.396310121
v 0.00158305163 0.0888761878 0.397968739
v -0.0226490051 0.0890886858 0.397663713
v -0.0468811132 0.0888760388 0.397968739
v -0.0226490088 0.057384897 0.39917466
v -0.0472189896 0.0572899468 0.399476916
v -0.047521811 0.025696015 0.400545806
v -0.0458420068 0.180732921 0.392822117
v -0.0459885374 0.166361079 0.393585652
v -0.0698163211 0.143806502 0.395754248
v -0.0688885525 0.187832713 0.393244624
v -0.0688397884 0.192820743 0.392747492
v -0.092228137 0.176215261 0.395457923
v -0.0919351131 0.189901903 0.394404918
v -0.0920083821 0.184959233 0.394907683
v -0.115128137 0.18126142 0.397322088
v -0.0933999121 0.141797811 0.397435009
v -0.11600706 0.159121603 0.398666382
v -0.115421154 0.17269282 0.397881478
v -0.115030505 0.186145872 0.396813035
v -0.138247982 0.176920265 0.400535882
v -0.140567228 0.136184752 0.403099358
v -0.116983578 0.139214501 0.399868309
v -0.118217975 0.114446737 0.401376188
v -0.0943257064 0.116315059 0.398952186
v -0.0704335123 0.117770001 0.397278607
v -0.0711132064 0.088297233 0.398929149
v -0.0953452364 0.0874113441 0.400590211
v -0.0717890039 0.0570352115 0.400430143
v -0.0723945349 0.0256628934 0.401495963
v -0.0963589847 0.0566508621 0.402080685
v -0.0972672477 0.025624156 0.403141618
v -0.122139998 0.0255926941 0.405529469
v -0.120928943 0.05616799 0.404474497
v -0.147012725 0.0255816504 0.408706069
v -0.119577341 0.0862785727 0.402997732
v -0.143809408 0.0849594474 0.406197369
v -0.145498917 0.0556177944 0.407657772
v -0.142110199 0.112259693 0.40459457
v -0.16853331 0.0550635755 0.411082
v -0.166527003 0.0836014003 0.409638375
v 0.0698627681 -0.273912519 0.0608240329
v 0.06996876 -0.267832756 0.0599393845
v 0.0699602738 -0.26763624 0.0677368864
v 0.0690081194 -0.26402092 0.0665570498
v 0.0702976957 -0.271193743 0.0604298562
v 0.0702216253 -0.271177113 0.057073582
v 0.0689464733 -0.264253557 0.0565589182
v 0.0675288737 -0.260829568 0.0562920198
v 0.0697631761 -0.267841429 0.0549608991
v 0.0697935075 -0.273877144 0.0572709739
v 0.0674221888 -0.260897756 0.054745093
v 0.065696694 -0.258057296 0.0546486005
v 0.0638478473 -0.256056219 0.0558650531
v 0.0638823062 -0.255989224 0.0580179468
v 0.0618176498 -0.255001664 0.0557306521
v 0.0637904182 -0.256167918 0.0545733161
v 0.0688249841 -0.264291674 0.05485259
v 0.0655647442 -0.258326888 0.0539468043
v 0.0617915429 -0.255124122 0.0545193665
v 0.0637119487 -0.256468654 0.0539275222
v 0.0672490522 -0.261099041 0.0539716817
v 0.0686201155 -0.264408022 0.0539994687
v 0.0682970807 -0.264665514 0.0537151843
v 0.0653729215 -0.258911341 0.0537130609
v 0.0695332065 -0.267876595 0.0540274531
v 0.101714678 0.0255815927 0.408705741
v 0.0985113978 0.084959358 0.406197369
v 0.100200832 0.0556177013 0.407657474
v 0.0778850168 -0.00510470849 0.405952305
v 0.0756308734 0.0561679117 0.404474348
v 0.0768419057 0.0255926754 0.405529469
v 0.0527514555 -0.00538972393 0.403564602
v 0.0519691557 0.025624061 0.403141469
v 0.027617963 -0.00558899902 0.401919097
v 0.0280418843 -0.0364716612 0.401522815
v 0.00269633532 -0.0366975926 0.400572062
v 0.051060915 0.0566508062 0.402080536
v -0.0226490758 -0.036772918 0.4002707
v 0.00248440262 -0.00570602901 0.400968939
v -0.0226490721 -0.00574401859 0.400667876
v -0.0477825962 -0.00570603833 0.400968939
v 0.00222368236 0.0256959572 0.400545657
v -0.0226490479 0.0257111024 0.400244445
v 0.0270964131 0.0256627984 0.401495814
v 0.0264909491 0.0570351556 0.400430143
v 0.00192095281 0.0572900064 0.399476916
v 0.0742793307 0.0862785503 0.402997732
v 0.0729198828 0.114446774 0.40137589
v 0.0952691585 0.136184633 0.403099209
v 0.11592932 0.151541382 0.40537551
v 0.146836996 0.164968774 0.40929535
v 0.1144844 0.172427922 0.403976142
v 0.155246302 0.163007244 0.410152137
v 0.130999401 0.173052356 0.406260997
v 0.151207834 0.168216571 0.409042507
v 0.143589616 0.169869676 0.40827316
v 0.155057058 0.16750519 0.408745408
v 0.113918431 0.177197099 0.403384238
v 0.156340167 0.167147562 0.40756011
v 0.146656901 0.171948031 0.406963199
v 0.147679374 0.171735942 0.405737758
v 0.143589616 0.172225595 0.40738067
v 0.139446348 0.17251268 0.407149345
v 0.130999401 0.176524177 0.404949635
v 0.129876733 0.175506681 0.40549621
v 0.0928278863 0.184249863 0.3994008
v 0.132683411 0.176703811 0.404213876
v 0.113918439 0.181040823 0.401937872
v 0.259697318 0.0012402935 0.0852527916
v 0.258732021 -0.000715126109 0.0846835524
v 0.26139316 -0.000694591377 0.0829857439
v 0.257052362 -0.00240089302 0.0837519765
v 0.260001361 0.00333053945 0.0854468122
v 0.255093962 0.00333053945 0.0881048143
v 0.259697288 0.0054207854 0.0852527916
v 0.253845334 -0.000752071792 0.08731094
v 0.254794776 0.00122120557 0.0879027396
v 0.254794776 0.00543987332 0.0879027396
v 0.246174261 0.00118809007 0.0922727212
v 0.252193868 -0.00245323638 0.0863439441
v 0.249788463 -0.00374623109 0.0850162208
v 0.254605263 -0.00368218124 0.0824709013
v 0.243656158 -0.00254403241 0.0906057954
v 0.255827397 -0.00435610814 0.0777130201
v 0.245255113 -0.000816165237 0.0916384757
v 0.246577278 -0.00449500093 0.0833422467
v 0.252105743 -0.00456933305 0.0759773701
v 0.238217682 -0.00461782655 0.0874181911
v 0.239380077 -0.00441053882 0.0796372294
v 0.246549413 -0.00430135382 0.0757050216
v 0.228184626 -0.00371142477 0.0817045122
v 0.241327107 -0.00385731761 0.0891929343
v 0.227763221 -0.00403405353 0.0957479924
v 0.224817082 -0.00481322827 0.0938117579
v 0.229969218 -0.00268849288 0.0972978845
v 0.225931153 -0.00238955743 0.0802640691
v 0.238418922 -0.00225019921 0.0743361115
v 0.215310171 -0.00388444564 0.0875905678
v 0.232320487 -0.000629601651 0.0755955204
v 0.224415302 -0.000691726746 0.0792010501
v 0.194244951 -0.00273761037 0.0945068523
v 0.223564148 0.00125674647 0.0785419941
v 0.231440589 0.00128877605 0.0749794021
v 0.145836979 -0.00481596962 0.119280532
v 0.231172279 0.00333054084 0.0747665018
v 0.210689276 0.00333054038 0.0838675424
v 0.223564193 0.00540433452 0.0785419941
v 0.235925958 0.00535381306 0.0727890208
v 0.236822888 0.00725481566 0.0733790845
v 0.224415347 0.00735280756 0.0792010576
v 0.14261055 0.00333053945 0.113770179
v 0.239289373 0.00723477965 0.0719003007
v 0.238418967 0.00891128089 0.074336119
v 0.249064326 -0.00264450302 0.0537130721
v 0.2485677 -0.00300753792 0.0539468192
v 0.24622792 -0.00181964727 0.0539275296
v 0.25172469 -0.00375276688 0.0539716966
v 0.245966107 -0.00198721513 0.0545733273
v 0.248352125 -0.00321633718 0.054648608
v 0.251554906 -0.00410216209 0.0562920272
v 0.251475483 -0.00421322091 0.0620458424
v 0.262091279 -0.00358036929 0.0688142329
v -0.186240345 0.158312857 0.384820402
v -0.172772869 0.161002979 0.381356508
v -0.173685268 0.154584184 0.381702721
v -0.204810545 0.15943855 0.396635145
v -0.200350687 0.164760515 0.395540327
v -0.199063152 0.163397834 0.392759234
v -0.191516012 0.16160582 0.387284547
v -0.183462828 0.16226317 0.38444382
v -0.201123193 0.16570206 0.398327321
v -0.205622554 0.160205349 0.399440765
v -0.206028581 0.16073361 0.402145386
v -0.171307504 0.164672866 0.381315917
v -0.201509476 0.166316941 0.401021123
v -0.192861572 0.170886397 0.399205774
v -0.191818669 0.169114813 0.393760681
v -0.192513943 0.170200601 0.396524191
v -0.178448394 0.175783753 0.396356195
v -0.178165153 0.175055176 0.393689424
v -0.190659881 0.167510122 0.391017467
v -0.159709156 0.18076387 0.392932594
v -0.177598655 0.173883036 0.390954435
v -0.159503117 0.18001391 0.390280604
v -0.138082981 0.185581073 0.389392704
v -0.11503049 0.190417469 0.38867417
v -0.13795425 0.184824169 0.386754006
v -0.115009077 0.189989835 0.386193097
v -0.0919265449 0.193745092 0.383788288
v -0.0919008031 0.192988068 0.381164253
v -0.114944704 0.189232916 0.383564442
v -0.114815943 0.188003182 0.380909115
v -0.068831183 0.195905983 0.379508525
v -0.068818301 0.194676206 0.376870424
v -0.0918492824 0.191758364 0.378520966
v -0.0457443893 0.196573794 0.375913858
v -0.0917634591 0.189912662 0.375982523
v -0.0226490162 0.197267458 0.375608832
v -0.0457443893 0.194728389 0.373388976
v 0.000446393504 0.196573868 0.375913858
v -0.0687968284 0.192830697 0.374342203
v 0.000446376798 0.194728389 0.373389125
v -0.0226489995 0.195422053 0.373083651
v -0.0687711015 0.190593943 0.372051686
v -0.0226490498 0.193185508 0.370797276
v -0.0457443893 0.1924918 0.37110275
v -0.0916604772 0.187675536 0.373678297
v 0.0234987959 0.192830771 0.37434265
v -0.0457443893 0.190088764 0.369180769
v 0.000446393504 0.192491829 0.37110275
v 0.0464654826 0.189912662 0.375982672
v 0.0234731082 0.190594062 0.372051835
v 0.000446376798 0.190088809 0.369180769
v -0.0226489995 0.190782666 0.368875265
v 0.0463624559 0.187675536 0.373678595
v 0.069303304 0.186157212 0.37834838
v 0.0690458268 0.183919922 0.376016855
v 0.0919695199 0.181748182 0.38147828
v 0.0923987031 0.183594301 0.384076983
v 0.113793157 0.178798541 0.387575835
v 0.0462594219 0.185271859 0.371738136
v 0.0914544985 0.179510444 0.3791008
v 0.0234473348 0.188190728 0.370125264
v 0.0687883124 0.181515753 0.374048918
v 0.0909394622 0.177105963 0.377086788
v 0.112167113 0.174818054 0.382487476
v 0.113106422 0.176976383 0.384929806
v 0.0685737059 0.179169744 0.372577667
v 0.131356373 0.172133312 0.388258219
v 0.110997222 0.172594056 0.380392462
v 0.132300586 0.173883006 0.390954435
v 0.132867128 0.175055221 0.393689424
v 0.133150339 0.175783753 0.396356195
v 0.147563502 0.170886442 0.399205774
v 0.147215873 0.170200482 0.396524191
v 0.14652057 0.169114783 0.393760532
v 0.155052632 0.164760515 0.395540148
v 0.145361811 0.167510167 0.391017467
v 0.153765097 0.163397864 0.392759234
v 0.158159092 0.158367693 0.393824935
v 0.143116176 0.165921032 0.388385624
v 0.155275583 0.157491267 0.390959769
v 0.151105776 0.162163213 0.390001386
v 0.129762188 0.170213714 0.385731518
v 0.127245501 0.168531895 0.383503884
v 0.146217912 0.161605895 0.387284398
v 0.139160469 0.164881796 0.38595596
v -0.218451127 0.165888578 0.515791297
v -0.21857968 0.15155454 0.515939295
v -0.216743022 0.151234657 0.507387936
v -0.214607462 0.154844373 0.507745564
v -0.214529887 0.163000703 0.507899404
v -0.216602072 0.166045532 0.507655263
v -0.220171675 0.149060696 0.507613957
v -0.221081093 0.149574712 0.516090393
v -0.211872533 0.151754603 0.498574138
v -0.213843569 0.159047261 0.508108675
v -0.207894027 0.160647839 0.501332402
v -0.208670661 0.164620593 0.500979543
v -0.208749995 0.156310514 0.500658512
v -0.197949812 0.167822942 0.495400637
v -0.198023304 0.159893587 0.495019853
v -0.197476491 0.163956851 0.495802343
v -0.183933482 0.16836518 0.491245002
v -0.184032336 0.172063276 0.490844607
v -0.184097037 0.164703161 0.490461379
v -0.168640763 0.16984883 0.486615032
v -0.168607369 0.173263684 0.487387121
v -0.184292957 0.161808193 0.488454074
v -0.198685125 0.156667069 0.492798805
v -0.198556662 0.155311197 0.488884687
v -0.168678567 0.167169094 0.484708309
v -0.18429105 0.160411209 0.485183448
v -0.210289553 0.151215434 0.491973519
v -0.218266323 0.148798361 0.49362132
v -0.219001263 0.14887169 0.500061274
v -0.209911495 0.151308715 0.486484826
v -0.198315218 0.155288979 0.484215528
v -0.223631397 0.14801392 0.500704706
v -0.223877847 0.148296118 0.50802362
v -0.223969683 0.148916394 0.516281068
v -0.226845905 0.148914531 0.508217037
v -0.226665273 0.149570301 0.516398013
v -0.22625123 0.150668368 0.525564671
v -0.223490104 0.147942528 0.494339883
v -0.228823468 0.151520997 0.516454935
v -0.226907358 0.148601204 0.500978947
v -0.228410587 0.152618483 0.525590479
v -0.227650866 0.154256552 0.535751522
v -0.229690298 0.155848518 0.525516748
v -0.228936449 0.157479942 0.535581708
v -0.227725148 0.159744576 0.546707273
v -0.229349792 0.161336675 0.535301864
v -0.228151605 0.163582638 0.546278358
v -0.227710828 0.167409733 0.545773387
v -0.228894427 0.165184692 0.534963489
v -0.230095372 0.159714743 0.525371373
v -0.229630753 0.163573399 0.525182128
v -0.230500326 0.158622161 0.51643616
v -0.230099887 0.154753029 0.516465127
v -0.230278447 0.154096186 0.508379638
v -0.229003534 0.150864899 0.508300364
v -0.229064822 0.150550976 0.501082361
v -0.230030566 0.162484139 0.516375482
v -0.229121238 0.150480077 0.49475646
v -0.186385915 -0.12130037 0.120946653
v -0.206206307 -0.135469511 0.108476199
v -0.0726508647 -0.0428835489 0.188820228
v -0.232962683 -0.154596955 0.0916384757
v -0.0743506253 -0.0412101261 0.191404119
v -0.0941443518 -0.0553585254 0.178932101
v -0.0584979802 -0.0298813917 0.201446727
v -0.23065348 -0.155054986 0.0906057954
v -0.227997318 -0.154748484 0.0891929343
v -0.181956694 -0.122239783 0.117452823
v -0.234708577 -0.159487188 0.0850162134
v -0.134457037 -0.0897988304 0.142248482
v -0.159810871 -0.106602728 0.131039888
v -0.136380419 -0.0900583491 0.145408288
v -0.214477345 -0.146107212 0.0938117579
v -0.225034729 -0.153536066 0.0874181911
v -0.211667478 -0.144345075 0.0916797221
v -0.231670588 -0.158205494 0.0833422467
v -0.235496938 -0.16089794 0.0808532014
v -0.228625342 -0.156261474 0.0814924464
v -0.232401073 -0.158914685 0.0790648758
v -0.229619712 -0.15652439 0.077271916
v -0.222079948 -0.151661992 0.0854597539
v -0.217450604 -0.146905512 0.0817045122
v -0.207332015 -0.139767796 0.0875905603
v -0.19162865 -0.126941055 0.0945068523
v -0.175208449 -0.118258692 0.109563887
v -0.196290582 -0.133539617 0.10086526
v -0.155592293 -0.104940243 0.125167429
v -0.153929174 -0.103293419 0.122097149
v -0.111276589 -0.0734866634 0.156262875
v -0.108885862 -0.0716145262 0.148605153
v -0.112934209 -0.0735025182 0.159776688
v -0.0907605737 -0.0578470118 0.173368976
v -0.0711478218 -0.0440036096 0.185408995
v -0.0447583087 -0.0254002046 0.201727808
v -0.0461803451 -0.0241091792 0.205428421
v -0.0379204825 -0.0208635703 0.20606558
v -0.0437927358 -0.026059825 0.197287127
v -0.0543385297 -0.0334496796 0.190789372
v -0.0433080941 -0.0261214711 0.192476153
v -0.0370322615 -0.0216280706 0.201464951
v -0.0691172108 -0.0441877171 0.176804006
v -0.0687237009 -0.0433899909 0.172321886
v -0.0875767544 -0.056633044 0.161161348
v -0.0539158806 -0.0316036455 0.177055642
v -0.0535624772 -0.0327602178 0.181389004
v -0.152529418 -0.0992124528 0.116974853
v -0.0433288775 -0.0256185625 0.187664837
v -0.0366895236 -0.021798199 0.19646953
v -0.0695153922 -0.0403605364 0.164777562
v -0.0438795649 -0.0245845299 0.18322295
v -0.0548193492 -0.0299715064 0.173457325
v -0.044984635 -0.0230527967 0.179520339
v -0.0561333708 -0.0279812384 0.170722261
v -0.088785924 -0.0512647852 0.151732102
v -0.0374333709 -0.0203732364 0.187048092
v -0.0367764607 -0.021361541 0.191545352
v -0.0326587968 -0.0193856712 0.19342652
v -0.0388005637 -0.0188884251 0.183333516
v -0.0405830853 -0.0170077253 0.180514559
v -0.0464824773 -0.0211310647 0.17669639
v -0.0482114665 -0.0189270321 0.174890533
v -0.0332855321 -0.0183091313 0.188882783
v -0.0577184185 -0.0257502738 0.168978646
v -0.0594349764 -0.0233960561 0.16835472
v -0.0720821917 -0.0360805839 0.160540327
v -0.0737133771 -0.0337699242 0.159952551
v -0.0900847539 -0.0490384139 0.150207222
v -0.113590777 -0.0595012009 0.138610885
v -0.0754068792 -0.0315045416 0.160540327
v -0.0770885348 -0.0294422284 0.162187427
v -0.223807395 -0.142819658 0.0747664943
v -0.109351806 -0.0659496784 0.139996439
v -0.115331002 -0.0577200092 0.139996439
v -0.0786841661 -0.0277407859 0.164777547
v -0.136844814 -0.0736184418 0.127620593
v -0.13112025 -0.0814976692 0.127620608
v -0.173275217 -0.113925122 0.105055422
v -0.222408623 -0.146698385 0.0755955204
v -0.22282435 -0.14462918 0.0749794021
v -0.180711791 -0.103689559 0.105055422
v -0.18297933 -0.103529967 0.107080162
v -0.162416041 -0.0881465748 0.119280532
v -0.218656719 -0.129119962 0.0895424634
v -0.140659377 -0.0718706399 0.132182479
v -0.11888729 -0.0555835143 0.145084441
v 0.143875077 0.160697252 0.405356169
v 0.148638412 0.16240041 0.406099349
v 0.148267016 0.166018382 0.406557649
v 0.148881331 0.159152806 0.404662043
v 0.143665895 0.164190754 0.405875534
v 0.143389165 0.167482898 0.405426919
v 0.148942456 0.156823069 0.402385861
v 0.148768425 0.155958667 0.399410844
v 0.160737768 0.160412937 0.399453461
v 0.148426697 0.156411365 0.396253347
v 0.170275584 0.165352851 0.3945885
v 0.165812477 0.162356526 0.399464518
v 0.159504354 0.163207561 0.391531706
v 0.168989345 0.16357854 0.399471462
v 0.167451635 0.166845053 0.390273929
v 0.170922235 0.164181784 0.399693221
v 0.171086982 0.164499685 0.404302657
v 0.172265097 0.164269 0.400348663
v 0.172348082 0.164312646 0.405559331
v 0.173811555 0.163190261 0.408559203
v 0.173046842 0.166016772 0.394553334
v 0.170519635 0.168074474 0.389357299
v 0.169291511 0.167645112 0.389874995
v 0.17607215 0.164477095 0.401035517
v 0.176582292 0.162545934 0.408351064
v 0.176903903 0.160613149 0.416255414
v 0.168108836 0.170822963 0.386382043
v 0.179291949 0.162990123 0.40823105
v 0.175326109 0.166488379 0.394432098
v 0.170277283 0.17139934 0.384015769
v 0.169174165 0.171212196 0.385607243
v 0.177892774 0.1673913 0.394338936
v 0.178691849 0.165234134 0.400931954
v 0.181032673 0.16674754 0.400992185
v 0.181689024 0.164360628 0.408283383
v 0.182044402 0.161912814 0.416103482
v 0.179605857 0.160719588 0.416074008
v 0.179699749 0.15848048 0.424357265
v 0.177004054 0.156711623 0.433209836
v 0.179639861 0.156330705 0.432976812
v 0.179515943 0.154360399 0.441854686
v 0.182176352 0.159496918 0.42436564
v 0.182162389 0.15720582 0.43298319
v 0.184049964 0.161675036 0.424649566
v 0.182079986 0.155132383 0.441869348
v 0.183812559 0.164178938 0.416404247
v 0.184141755 0.159295797 0.433247775
v 0.182006717 0.153369457 0.450937331
v 0.179417789 0.152659699 0.450912684
v 0.184127599 0.155343294 0.451153219
v 0.179248735 0.151237711 0.459828407
v 0.181940913 0.151902124 0.459869653
v 0.181880951 0.15071556 0.468348712
v 0.184088498 0.153855443 0.460058391
v 0.185346156 0.158569276 0.451571226
v 0.18514815 0.162559435 0.433789551
v 0.185286492 0.160387859 0.442596376
v 0.18403767 0.152663112 0.468512356
v 0.185528114 0.164214447 0.443217903
v 0.185347378 0.157077566 0.460407138
v 0.185255453 0.154970497 0.476434171
v 0.185726702 0.160927847 0.460842311
v 0.185679242 0.162409365 0.45210129
v 0.184468508 0.170095652 0.435225636
v 0.185143724 0.166225582 0.45265314
v 0.184904471 0.167994976 0.443869889
v 0.183447346 0.17109558 0.444446295
v 0.18289575 0.173112214 0.435880691
v 0.185235858 0.164765581 0.461290359
v 0.180576548 0.174790353 0.436334133
v 0.164034367 -0.0895284712 0.414878577
v 0.165059164 -0.0916998982 0.413665444
v 0.168633908 -0.0932887718 0.415624589
v 0.163769618 -0.0903980508 0.410300076
v 0.164721519 -0.0892485455 0.406367719
v 0.168197975 -0.091956839 0.405924261
v 0.167195097 -0.0931690335 0.412185609
v 0.166950345 -0.0928179398 0.40952152
v 0.17024684 -0.0947783217 0.413131863
v 0.171866015 -0.0949766338 0.409680694
v 0.175548881 -0.0965316147 0.414187253
v 0.173859388 -0.0949160457 0.416864216
v 0.17322956 -0.092468679 0.41838029
v 0.17397058 -0.0942075625 0.405916512
v 0.177039698 -0.0927949846 0.402484715
v 0.181185186 -0.0960832387 0.406447858
v 0.184521049 -0.0944835842 0.402707577
v 0.178092629 -0.0968432948 0.410494745
v 0.192762852 -0.0960413069 0.403858542
v 0.185206145 -0.0983870998 0.411680818
v 0.188987538 -0.0976664424 0.407621294
v 0.196198136 -0.0989912897 0.409515291
v 0.200359136 -0.0974115282 0.405783683
v 0.188460633 -0.0992511064 0.417202026
v 0.203822941 -0.0951158032 0.402997792
v 0.180101231 -0.0963331014 0.418071002
v 0.179415807 -0.0938152149 0.419602871
v 0.180000544 -0.0909063444 0.419833958
v 0.185347825 -0.0950315967 0.421348751
v 0.186222136 -0.0975552946 0.41985029
v 0.192008957 -0.0996671394 0.413539141
v 0.0881847218 0.00595286023 0.138610885
v 0.0885456353 0.00841675326 0.139996439
v 0.115788482 0.0082001714 0.127620608
v 0.0635005683 0.0108593497 0.154135257
v 0.0880762562 0.00333053898 0.138118744
v 0.0626959875 0.00333053852 0.149664328
v 0.0881847218 0.000708217791 0.138610885
v 0.0405086502 0.00615868857 0.160540327
v 0.0627716035 0.000600929721 0.150207222
v 0.0406569429 -0.00215450814 0.162187427
v 0.0405086502 0.000502387818 0.160540327
v 0.0404701345 0.00333053828 0.159952551
v 0.0228451043 -0.00231959135 0.170722231
v 0.0409477577 -0.00446889596 0.164777547
v 0.0642159358 0.0125989374 0.157312915
v 0.0229518935 0.0113631915 0.173457325
v 0.0414138399 0.0129305962 0.168194473
v 0.0229518898 -0.00470211543 0.173457295
v 0.0231803115 -0.00655359076 0.177055612
v 0.0406569466 0.00881558564 0.162187427
v 0.0231803171 0.0132146645 0.177055642
v 0.0228451062 0.00898066722 0.170722261
v 0.0109350383 0.01343528 0.18322295
v 0.011097312 0.0145955132 0.187664837
v 0.00324462494 0.0138172507 0.187048078
v 0.0032940798 0.0150029268 0.191545352
v 0.0228161104 0.00624411087 0.168978646
v 0.00381459948 0.00924313534 0.180514559
v 0.0228210613 0.00333053805 0.16835472
v 0.0111142257 0.00631204015 0.174890533
v 0.0228161104 0.000416964962 0.168978646
v 0.0111142211 0.000349034206 0.174890533
v 0.0111711333 0.00333053712 0.174242139
v 0.000532378035 0.00333053526 0.180217817
v -0.00132670021 0.00642854767 0.181749001
v 0.00347795733 0.0118123963 0.183333516
v -0.000800739508 0.012293146 0.185263783
v -8.37708649e-05 0.00941113196 0.182581425
v -0.00194626022 0.0095387511 0.183278084
v -0.00132429611 0.0145853879 0.188882783
v -0.00119857024 0.0158247128 0.19342652
v -0.00468804641 0.0163798984 0.188652977
v 0.00348040392 0.0154072866 0.19646953
v -0.000926845067 0.0161940213 0.198575348
v -0.00101240387 0.0158762038 0.204009682
v -0.00295228511 0.0176410042 0.199156344
v -0.00335204415 0.0173505619 0.193867266
v -0.00325111393 0.0174238961 0.20487377
v -0.00454557501 0.0164834186 0.211826265
v -0.00413774839 0.0198701546 0.19342652
v -0.00403125305 0.020031305 0.204009682
v -0.00370255043 0.020014463 0.198575348
v -0.00308886031 0.0244491212 0.19646953
v -0.00535526872 0.0201335549 0.188882813
v -0.00516505167 0.0204433575 0.208968997
v -0.00467393594 0.0247162301 0.187048092
v -0.00353100779 0.0243968703 0.191545352
v -0.00737353135 0.0213398319 0.185263813
v -0.00435812818 0.0253310092 0.20606558
v -0.00335657177 0.0247225091 0.201464951
v -0.0015071471 0.0319440849 0.187664837
v -0.00123081985 0.0325215906 0.197287098
v -0.00102243153 0.0320797265 0.192476153
v -0.0026607425 0.0321482867 0.18322292
v 0.00267560966 0.0442261882 0.186089531
v 0.00212261383 0.0438837148 0.181388989
v -0.00445899367 0.0327259414 0.179520324
v -0.00650856271 0.0255576782 0.183333516
v 0.00754705537 0.061587669 0.172321886
v 0.0152035542 0.0858515725 0.169525608
v 0.00167744863 0.0456546322 0.195120662
v -0.00215653563 0.0332360752 0.201727808
v -0.00382380304 0.0341895595 0.205428421
v -0.00611751201 0.0263886191 0.209805414
v -0.00714514265 0.0217733067 0.212692738
v -0.00843383931 0.0276517328 0.212613836
v 5.84824375e-05 0.0466305763 0.198715493
v 0.0145652732 0.0871271417 0.173368946
v -0.00214046519 0.0476880409 0.201446727
v -0.00606225384 0.0352760665 0.208250165
v 0.0231303833 0.110280931 0.152435184
v 0.0233352762 0.111813031 0.15626289
v 0.0131555358 0.0883816257 0.176538199
v 0.013061705 0.0831154436 0.157312915
v 0.0222935434 0.1089608 0.148605168
v 0.00442121783 0.0614044704 0.164777547
v -0.000918006583 0.0442173108 0.173457295
v 0.0111861946 0.0829726532 0.154135242
v -0.00321692252 0.0448519886 0.170722231
v -0.00884804595 0.0266717914 0.180514559
v 0.0208948608 0.108015291 0.145084441
v 0.0294067599 0.13467133 0.132182479
v 0.0308723729 0.135966092 0.135351166
v 0.0318169557 0.137671515 0.138801292
v 0.0560756288 0.212994307 0.0984720811
v 0.0275034569 0.133993 0.129579723
v 0.0412872024 0.167787015 0.128234118
v 0.0408117399 0.165498585 0.125167429
v 0.0318096131 0.141491309 0.145408288
v 0.022838125 0.113394432 0.159776703
v 0.0215688273 0.114862472 0.162665024
v 0.0500600189 0.197282806 0.117452815
v 0.0495132059 0.192089409 0.11227496
v 0.0501165576 0.194735333 0.1149818
v 0.0401212536 0.171961963 0.133327514
v 0.0306909792 0.143194109 0.147996277
v 0.0289700273 0.144668058 0.14993912
v 0.0111529259 0.0895763189 0.178932115
v 0.0197017137 0.116187915 0.164840505
v 0.00373506313 0.0662655756 0.191404119
v 0.0174111146 0.117341518 0.166215718
v 0.0012114268 0.0673281178 0.193046078
v 0.00873602368 0.0906725526 0.180449411
v 0.0268155076 0.145890862 0.151163504
v 0.00608340977 0.0916316286 0.180988938
v -0.00870151818 0.0363896266 0.210054249
v -0.00756666437 0.0497490503 0.203809738
v -0.00153885677 0.0683007389 0.193631589
v -0.0111062238 0.0288767461 0.214420184
v -0.0115712285 0.0374242589 0.210701868
v -0.0139977559 0.0299561694 0.21507284
v -0.0145010166 0.0382739976 0.210054249
v -0.0043355762 0.069130443 0.193046093
v -0.00862557162 0.00961789861 0.255158395
v -0.00948674232 0.0121895829 0.25529933
v -0.00808294956 0.0120152235 0.255911976
v -0.00975379348 0.0143141774 0.255953521
v -0.00915311649 0.0147157041 0.257029027
v -0.0072683543 0.0121712377 0.257027745
v -0.00672416948 0.0123966578 0.258922607
v -0.00700418884 0.00939215254 0.255837888
v -0.00604528235 0.00938281137 0.257013798
v -0.00640420057 0.00644289097 0.255813152
v -0.00812355615 0.00658861641 0.255111396
v -0.0112274289 0.010149423 0.254732817
v -0.00796233863 0.00333053432 0.255111396
v -0.0054308502 0.00950050075 0.258928657
v -0.0112274289 -0.00348835462 0.254732817
v -0.014366529 -0.000508770521 0.254436225
v -0.00538206473 0.006404215 0.257009119
v -0.00622389978 0.00333053409 0.255813181
v -0.00473463535 0.00645328267 0.258930653
v -0.00519041857 0.00333053432 0.257009149
v -0.00640420057 0.000218177593 0.255813181
v -0.00812355615 7.24527781e-05 0.255111396
v -0.00862557068 -0.0029568302 0.255158395
v -0.00538206473 0.000256853353 0.257009119
v -0.0145876817 -0.00411365554 0.25450334
v -0.0183802787 -0.000765688776 0.254342586
v -0.0184842441 -0.00462072948 0.254412055
v -0.0117985196 -0.0062942151 0.254913867
v -0.0186066274 -0.00799340568 0.254620403
v -0.0226489641 -0.00484471116 0.254400969
v -0.0148834325 -0.00724969851 0.254704565
v -0.0266912952 -0.00799340568 0.254620403
v -0.0226489641 -0.0110359006 0.255026877
v -0.0151167186 -0.0096911313 0.255107105
v -0.0187092572 -0.010642536 0.255037129
v -0.0265886672 -0.010642536 0.255037129
v -0.0301811974 -0.0096911313 0.255107105
v -0.0187539645 -0.0123269372 0.255731642
v -0.0265439581 -0.0123269372 0.255731612
v -0.0226489641 -0.0127674565 0.255722344
v -0.0151504828 -0.0112121841 0.255778134
v -0.0226489622 -0.0137995314 0.256919533
v -0.0301474333 -0.0112121841 0.255778134
v -0.0187402125 -0.0133327488 0.256927937
v -0.0150511358 -0.0121081127 0.256953239
v -0.0121300314 -0.00963001326 0.255880505
v -0.012218521 -0.00841037836 0.255276233
v -0.0104249688 -0.00723218033 0.255490035
v -0.00948674232 -0.00552851427 0.25529936
v -0.00975379348 -0.00765310787 0.25595355
v -0.00808294956 -0.00535415532 0.255912006
v -0.00700418884 -0.00273108413 0.255837888
v -0.00915311649 -0.00805463456 0.257029027
v -0.00604528328 -0.00272174296 0.257013798
v 0.111963652 -0.0124160936 0.362399399
v 0.100964375 -0.0124160917 0.351518333
v 0.123937301 -0.0124160936 0.370251149
v 0.113435291 -0.0121700522 0.359961808
v 0.111493997 -0.0121700512 0.363177419
v 0.122865312 -0.0124160936 0.371865273
v 0.124439791 -0.0121700522 0.369494557
v 0.134665325 -0.0121700522 0.379245907
v 0.124875277 -0.0114319287 0.368838817
v 0.100051649 -0.0124160917 0.353220224
v 0.100508004 -0.0124160917 0.352369308
v 0.10139221 -0.0121700503 0.350720555
v 0.101763017 -0.0114319278 0.350029141
v 0.0885449499 -0.0122816404 0.341991782
v 0.0881631598 -0.0125294533 0.342807651
v 0.0877573863 -0.0125294514 0.343677968
v 0.0747915804 -0.0128695378 0.334828615
v 0.0751279369 -0.0126164127 0.333996356
v 0.0873516053 -0.0125294533 0.344548255
v 0.0613755845 -0.0132859563 0.326955229
v 0.0740858614 -0.0128695378 0.336604148
v 0.0610792674 -0.0135497097 0.327801973
v 0.0604767129 -0.0135497097 0.329608411
v 0.0472558215 -0.0146833286 0.321948588
v 0.00975049473 -0.0196845904 0.309758365
v 0.0212270077 -0.0176740456 0.312518716
v 0.021131359 -0.0179710742 0.313568681
v 0.00975825358 -0.0199552793 0.310945809
v -0.00819714181 -0.0238150936 0.307166964
v -0.000174573666 -0.021240849 0.306231588
v 0.0211681463 -0.0167829636 0.311242044
v 0.0475223064 -0.0144018624 0.321089327
v 0.0342065431 -0.0150014972 0.31542486
v 0.0345799439 -0.0131743923 0.31471473
v 0.0215403177 -0.0147959972 0.310135394
v 0.0229290668 -0.011211317 0.309595555
v 0.00848717988 -0.0168973468 0.305242389
v -0.00879366323 -0.022645466 0.30251351
v -0.00307164574 -0.0190784484 0.298942029
v 0.0128360745 -0.0119125126 0.304802179
v 0.0150665613 -0.00698753167 0.30462563
v 0.00638599042 -0.0115719279 0.299486041
v 0.00865489338 -0.00678844098 0.299393117
v 0.00448312657 -0.00625745766 0.293835431
v 0.0026094534 -0.0157851037 0.299411952
v 0.00246574311 -0.0106651876 0.293841094
v -3.77357755e-05 -0.00966791529 0.28806141
v -0.000709875254 -0.0145496204 0.293787509
v -0.00286349119 -0.0132717798 0.288019687
v -0.00433723489 -0.0120542729 0.282180339
v -0.00525477389 -0.0176964682 0.293611556
v -0.00682023959 -0.016250832 0.287950099
v -0.0106975092 -0.0200429335 0.293417424
v -0.00799925998 -0.0148697924 0.282123029
v -0.0161769949 -0.0229944363 0.298200667
v -0.0169957224 -0.0199383907 0.287810981
v -0.0116252331 -0.0185060445 0.287873566
v -0.0124463476 -0.0170241669 0.282060027
v -0.0174168106 -0.0184059497 0.282008469
v -0.0137619963 -0.0146986591 0.270724684
v -0.00902305171 -0.0136816027 0.276295751
v -0.00988836866 -0.0126820281 0.270763516
v -0.00561694661 -0.010999782 0.276341349
v -0.00669856975 -0.010107968 0.270798802
v -0.168151051 0.00748053193 0.296439767
v -0.178646386 0.00748053193 0.297178835
v -0.178628802 0.00692453748 0.299254805
v -0.168501377 0.00692453794 0.294389069
v -0.173852503 0.00692453794 0.294910043
v -0.168757841 0.00540553266 0.292887837
v -0.173852503 -0.000263472786 0.294910043
v -0.168501377 -0.000263472786 0.294389069
v -0.168151051 -0.00081946759 0.296439767
v -0.173956588 0.00540553266 0.29339397
v -0.168851703 0.00333053293 0.292338341
v -0.173956588 0.00125553284 0.29339397
v -0.168757841 0.00125553284 0.292887837
v -0.173994675 0.00333053293 0.29283908
v -0.178676814 0.00125553261 0.293583155
v -0.178681523 0.00333053293 0.293026894
v -0.178676814 0.00540553266 0.293583155
v -0.178663954 0.00692453794 0.295102894
v -0.182993114 -0.000263472786 0.295002759
v -0.183107644 -0.00081946759 0.297075659
v -0.167800725 -0.000263473106 0.298490465
v -0.178628802 -0.000263473397 0.299254805
v -0.17346403 0.00125553203 0.300568014
v -0.178615957 0.00540553173 0.300774485
v -0.173464045 0.00540553173 0.300568014
v -0.178615957 0.00125553203 0.300774485
v -0.173425943 0.003330532 0.301122934
v -0.178611234 0.003330532 0.301330745
v -0.183222175 -0.000263473397 0.299148589
v -0.183306009 0.00125553203 0.300666034
v -0.18333669 0.003330532 0.30122149
v -0.183306009 0.00540553173 0.300666034
v -0.187483057 0.00692453748 0.298775792
v -0.187242463 0.00748053193 0.296713918
v -0.182909265 0.00125553261 0.293485284
v -0.182878569 0.00333053293 0.292929858
v -0.182909265 0.00540553266 0.293485284
v -0.18676129 0.00333053293 0.292590171
v -0.186825752 0.00540553266 0.293142647
v -0.187001884 0.00692453794 0.294652015
v -0.186825752 0.00125553284 0.293142647
v -0.187001884 -0.000263472786 0.294652015
v -0.187659189 0.00540553173 0.30028519
v -0.191199228 -0.00081946759 0.296135932
v -0.187723652 0.003330532 0.300837666
v -0.187659189 0.00125553203 0.30028519
v -0.191544414 -0.000263473106 0.298182517
v -0.191797122 0.00125553226 0.29968074
v -0.191889629 0.003330532 0.300229132
v -0.191797137 0.00540553173 0.29968074
v -0.190601304 0.00125553284 0.292591125
v -0.191544414 0.00692453748 0.298182517
v -0.190508828 0.00333053293 0.292042762
v -0.190601334 0.00540553266 0.292591125
v -0.194709912 0.00692453794 0.293351203
v -0.194405079 0.00540553266 0.291862935
v -0.194293499 0.00333053293 0.291318238
v -0.195847571 0.00540553173 0.298905343
v -0.194405079 0.00125553284 0.291862935
v -0.194709912 -0.000263472786 0.293351203
v -0.195847571 0.00125553226 0.298905343
v -0.195126325 -0.00081946759 0.295384139
v -0.199637592 -0.000263473106 0.296523184
v -0.199172109 -0.00081946759 0.294500947
v -0.199978337 0.00125553226 0.298003584
v -0.222195551 -0.000819467299 0.28892684
v -0.221707284 -0.000263472495 0.286910117
v -0.222683817 -0.000263472786 0.290943593
v -0.22134985 0.00125553308 0.285433769
v -0.223041251 0.00125553249 0.29241994
v -0.198365897 0.00125553284 0.29099828
v -0.221219018 0.00333053316 0.284893394
v -0.20010303 0.00333053223 0.29854545
v -0.223172069 0.00333053223 0.292960316
v -0.223041251 0.0054055322 0.29241994
v -0.199637592 0.00692453748 0.296523184
v -0.222683817 0.00692453748 0.290943593
v -0.199172109 0.00748053193 0.294500947
v -0.222195551 0.0074805324 0.28892684
v -0.198706642 0.00692453794 0.292478681
v -0.221707284 0.00692453841 0.286910117
v -0.198365897 0.00540553266 0.29099828
v -0.22134985 0.00540553313 0.285433769
v -0.0072683543 -0.00551017048 0.257027745
v -0.0118014077 -0.010301346 0.256995589
v -0.00672416948 -0.00573559059 0.258922607
v -0.0115009984 -0.0107725989 0.258890331
v -0.00825130939 -0.00881099608 0.261787325
v -0.0054308502 -0.00283943303 0.258928657
v -0.00473463535 0.00020778559 0.258930653
v -0.00485874992 -0.00306802662 0.261806965
v -0.00453580357 0.00333053409 0.258930653
v -0.00393396383 0.00333053432 0.261809111
v -0.00413940195 0.00657078857 0.261809111
v -0.00214320421 -0.000290946948 0.270834118
v -0.00485874992 0.00972909387 0.261806965
v -0.00542561896 0.0131837931 0.265865028
v -0.00402683904 0.0100524649 0.265873194
v -0.00214320421 0.00695201382 0.270834118
v -0.00191561016 0.00333053339 0.270834118
v -0.000752675114 0.00721336529 0.276386946
v 0.00115380529 0.00333053339 0.282237619
v -0.000752675114 -0.000552298152 0.276386976
v 0.00089251739 -0.000859228661 0.282237619
v -0.00294013205 -0.00380768557 0.270830601
v -2.23894658e-05 -0.00491156662 0.282231897
v 0.0027871558 -0.00121055404 0.288089216
v -0.00160364388 -0.0043150289 0.276382416
v -0.00442053843 -0.00711493986 0.270819992
v -0.00318443915 -0.00783755723 0.276368707
v 0.00179861661 -0.00559543865 0.288082272
v -0.0017219591 -0.00868905615 0.282214701
v -0.0075780428 -0.00937848724 0.265848756
v -0.0148850931 -0.0126741696 0.258868188
v -0.0186674595 -0.0139461122 0.258850008
v -0.018535167 -0.014453169 0.261721849
v -0.0183427967 -0.0151400603 0.265767395
v -0.0226489585 -0.0144246779 0.258841962
v -0.0266304612 -0.0139461132 0.258850008
v -0.0265577082 -0.0133327488 0.256927937
v -0.030246783 -0.0121081118 0.256953239
v -0.0226489585 -0.0165058058 0.270678759
v -0.0267627519 -0.0144531699 0.261721849
v -0.0272064116 -0.0160194058 0.270692885
v -0.0306707937 -0.0131655503 0.261741459
v -0.0304128267 -0.0126741696 0.258868128
v -0.0275154598 -0.0171038285 0.276204497
v -0.0226489585 -0.0175941326 0.276186258
v -0.0315359198 -0.0146986591 0.270724684
v -0.0226489585 -0.0189036913 0.281985551
v -0.0347059518 -0.0118668266 0.265821636
v -0.0362748615 -0.0136816045 0.276295751
v -0.0377198681 -0.00937848818 0.265848756
v -0.0337969176 -0.0107725998 0.258890331
v -0.0365835987 -0.00840515643 0.258910507
v -0.040877372 -0.00711494079 0.270820022
v -0.0385737419 -0.00573559059 0.258922607
v -0.0334965065 -0.010301346 0.256995559
v -0.0398670584 -0.00283943303 0.258928657
v -0.0392526276 -0.00272174319 0.257013798
v -0.0380295552 -0.00551017048 0.257027745
v -0.0361447968 -0.00805463549 0.257029027
v -0.0372149609 -0.00535415579 0.255911976
v -0.0331678838 -0.00963001326 0.255880505
v -0.0355441198 -0.00765310833 0.255953521
v -0.0348729454 -0.0072321808 0.255490035
v -0.0358111709 -0.00552851427 0.25529933
v -0.0330793969 -0.00841037836 0.255276233
v -0.0334993973 -0.00629421463 0.254913867
v -0.0226490758 -0.186490878 0.356676936
v -0.0226491094 -0.190983221 0.356230021
v -0.048307132 -0.190667614 0.35653168
v -0.0226490758 -0.193875983 0.356568903
v -0.0483070984 -0.193553999 0.35687089
v -0.0483070835 -0.196488127 0.357818156
v -0.0226490777 -0.196816638 0.357515574
v -0.0226490926 -0.178773865 0.35804671
v 0.00300891628 -0.17848438 0.35834825
v -0.0226490404 -0.166253701 0.360391706
v 0.00300893071 -0.190667614 0.35653168
v 0.00300898077 -0.186185062 0.356978595
v 0.00300892838 -0.196488097 0.357818156
v -0.0226490945 -0.199612796 0.358974606
v 0.00300896401 -0.193553984 0.356870741
v 0.0285167098 -0.185274675 0.357903898
v 0.0285381824 -0.192594528 0.357801199
v 0.00300897844 -0.199277967 0.359277815
v 0.00300889253 -0.201730296 0.36115554
v 0.0285906568 -0.198277518 0.360219866
v 0.0285620801 -0.195507914 0.358753979
v 0.0285238866 -0.189727843 0.3574588
v 0.05390542 -0.193891987 0.36035049
v 0.0537527576 -0.188184828 0.359032899
v 0.0538099669 -0.191016763 0.359383702
v 0.0286192819 -0.200711593 0.36210373
v 0.0286431201 -0.202617377 0.364312738
v 0.00300889253 -0.203650564 0.363359988
v 0.0541342348 -0.19902207 0.363732606
v 0.0286573581 -0.203801617 0.366755068
v 0.0542867742 -0.202066079 0.368403614
v 0.0542295538 -0.200899512 0.365954578
v 0.0540198423 -0.196623191 0.361832738
v 0.0797445402 -0.198503315 0.368325502
v 0.079220131 -0.19433476 0.364148408
v 0.0795062333 -0.196674258 0.366078794
v 0.0789340585 -0.191666931 0.362635195
v 0.0798876062 -0.199639797 0.370788723
v 0.0786956474 -0.188852653 0.361642927
v 0.10516423 -0.195437655 0.371466368
v -0.0187539645 0.0189880058 0.255731612
v -0.0151504837 0.0178732555 0.255778134
v -0.0151167186 0.0163522009 0.255107105
v -0.0121300332 0.0162910819 0.255880505
v -0.0187092572 0.0173036046 0.255037129
v -0.0226489622 0.0176969692 0.255026877
v -0.0226489585 0.019428527 0.255722344
v -0.0265439562 0.0189880058 0.255731642
v -0.0265886635 0.0173036046 0.255037129
v -0.0186066274 0.0146544753 0.254620403
v -0.0266912933 0.0146544762 0.254620403
v -0.0301811974 0.0163522009 0.255107105
v -0.0304144863 0.0139107695 0.254704565
v -0.0226489585 0.0149733853 0.254609615
v -0.0307102352 0.010774726 0.25450334
v -0.0334993936 0.0129552856 0.254913867
v -0.0226489585 0.0115057817 0.254400969
v -0.0340704843 0.010149424 0.254732817
v -0.0358111709 0.0121895839 0.25529936
v -0.0226489622 0.00754216081 0.25433141
v -0.0344352722 0.00686069624 0.254672438
v -0.0309313908 0.00716984039 0.254436225
v -0.0371743552 0.00658861641 0.255111396
v -0.0388937108 0.00644289143 0.255813181
v -0.0382937193 0.00939215347 0.255837888
v -0.0390740111 0.00333053432 0.255813181
v -0.0401074886 0.00333053409 0.257009149
v -0.0388937108 0.000218177505 0.255813152
v -0.0371743552 7.24527636e-05 0.255111396
v -0.0340704843 -0.00348835438 0.254732817
v -0.0366723426 -0.0029568302 0.255158395
v -0.0382937193 -0.00273108413 0.255837888
v -0.030931389 -0.000508770521 0.254436225
v -0.0268136784 -0.00462072948 0.254412055
v -0.0226489585 -0.000881091517 0.25433141
v -0.0304144863 -0.00724969851 0.254704565
v -0.0145876817 0.0107747242 0.25450331
v -0.0148834325 0.0139107676 0.254704565
v -0.0117985196 0.0129552837 0.254913867
v -0.012218521 0.015071447 0.255276233
v 0.0328569971 -0.0131360674 0.321278751
v 0.0327774324 -0.0100866975 0.321626663
v 0.0203100499 -0.0113143232 0.318017304
v 0.00935863703 -0.0195914432 0.313716263
v 0.0206234399 -0.0176382381 0.316319823
v 0.0204829555 -0.0166397244 0.317080766
v 0.0460461713 -0.00905399863 0.326302141
v 0.0329895951 -0.0149656888 0.320699006
v 0.0331619754 -0.0158805009 0.319945246
v 0.0207855422 -0.0179710742 0.315441817
v 0.00948617421 -0.019955283 0.312832087
v -7.1549417e-05 -0.0220531002 0.311198115
v 0.0463008359 -0.0135574639 0.3253856
v 0.0461416729 -0.011868665 0.325958431
v 0.00962221343 -0.019955283 0.311888963
v 0.0333608761 -0.0161854364 0.319075555
v 2.91466713e-05 -0.0220530983 0.310250789
v -0.00825654343 -0.0239525978 0.309367537
v -0.00832303986 -0.0239525978 0.310317218
v -0.0156375915 -0.0253418423 0.308065444
v -0.0157058053 -0.0248723608 0.304951668
v -0.0226489641 -0.0257902406 0.306768924
v -0.0226489641 -0.0254342631 0.304909796
v -0.0295921229 -0.0248723608 0.304951668
v -0.0294236895 -0.0241681393 0.302182376
v -0.0364554673 -0.0226454642 0.302500069
v -0.036880374 -0.0234025791 0.305295289
v -0.0448588096 -0.0212408472 0.306158572
v -0.042123042 -0.0190784484 0.298913568
v -0.0532327853 -0.0168973468 0.30508998
v -0.0158742368 -0.0241681393 0.302182376
v -0.0226489641 -0.0235357136 0.298163921
v -0.0345939621 -0.0200429317 0.293415666
v -0.0226489622 -0.0220520403 0.293276697
v -0.0400173366 -0.0176964682 0.293604434
v -0.0283021983 -0.0199383907 0.287810981
v -0.0336726867 -0.0185060445 0.287873566
v -0.0384776816 -0.016250832 0.287950099
v -0.0445392579 -0.0145496204 0.293774039
v -0.0477121919 -0.0157851037 0.2993581
v -0.0226489585 -0.0204488486 0.287783176
v -0.0328515694 -0.0170241669 0.282060057
v -0.0278811082 -0.0184059497 0.282008469
v -0.037298657 -0.0148697924 0.282123059
v -0.0409606732 -0.0120542739 0.282180339
v -0.0424344242 -0.0132717825 0.288019687
v -0.0321385637 -0.0157579686 0.276245564
v -0.0452601798 -0.00966791529 0.28806141
v -0.0396809615 -0.0109997848 0.276341349
v -0.0476975292 -0.0106651876 0.293822825
v -0.0514193736 -0.0115719279 0.299412996
v -0.0421134718 -0.00783755817 0.276368737
v -0.0435759537 -0.00868905708 0.282214731
v -0.0452755243 -0.00491156662 0.282231897
v -0.0470965393 -0.00559543865 0.288082272
v -0.0497040264 -0.00625745766 0.293814152
v 0.257126719 -0.00433637341 0.076071091
v 0.260442466 -0.00360296015 0.0776129737
v 0.262917638 -0.00233623362 0.0788409635
v 0.259137511 -0.00362073118 0.0792865977
v 0.261611879 -0.00235071918 0.0805360302
v 0.263306916 -0.000679730845 0.0814469606
v 0.264278859 0.00125857489 0.0820050016
v 0.264584035 0.00333053945 0.0821958184
v 0.262364447 0.00125090091 0.0835458934
v 0.264278859 0.005402504 0.0820050016
v 0.26267004 0.00333053921 0.0837369263
v 0.263306916 0.00734081026 0.0814469606
v 0.26139316 0.00735567138 0.0829857513
v 0.262364447 0.0054101781 0.0835458934
v 0.0131897954 0.139940545 0.132182479
v 0.0143308863 0.138273031 0.129579723
v 0.00524596591 0.112077482 0.142184585
v 0.00338072004 0.115105957 0.148605168
v -0.00456783967 0.0888436437 0.157312915
v -0.0052884426 0.0901194066 0.161161348
v -0.00532153202 0.0913209468 0.165344313
v -0.0188530087 0.0506991036 0.181389004
v -0.0104141878 0.0662247837 0.164777562
v -0.00115481135 0.0864871293 0.151732102
v -0.00830294285 0.0652330145 0.162187427
v -0.017887285 0.0499711409 0.177055642
v -0.0139641054 0.0483439527 0.170722261
v -0.00582191115 0.0642709509 0.160540327
v -0.0113704493 0.047470741 0.168978646
v -0.0150511339 0.0363625772 0.174890533
v -0.0161970202 0.0491817631 0.173457325
v -0.0177454129 0.0371294022 0.17669639
v -0.020086756 0.0378037095 0.179520339
v -0.0218811035 0.0383933596 0.18322295
v -0.0229344051 0.0389062241 0.187664837
v -0.0226420164 0.0307997558 0.183333516
v -0.0246208496 0.0311973784 0.187048078
v -0.0257332083 0.0316108093 0.191545352
v -0.026060205 0.0319129676 0.19646953
v -0.0457443893 0.187743753 0.367747486
v -0.068723917 0.185845375 0.368688196
v -0.0457443632 0.18568176 0.366926581
v -0.0226490516 0.182666898 0.366345227
v -0.0457688048 0.181983531 0.366651624
v -0.0687453523 0.188190654 0.370125264
v -0.091557458 0.185271859 0.371737987
v -0.0687110126 0.183783114 0.367865592
v -0.0687532425 0.180114448 0.367591262
v -0.0914200842 0.180863664 0.369460911
v -0.0914716646 0.182926357 0.370289624
v -0.114343844 0.183919922 0.376016855
v -0.113871723 0.179169938 0.372577667
v -0.114086322 0.181515753 0.374048918
v -0.114601381 0.186157212 0.37834838
v -0.136237517 0.177105963 0.377086788
v -0.137267545 0.181748211 0.381478429
v -0.136752561 0.179510444 0.3791008
v -0.137696728 0.183594301 0.384076983
v -0.15909116 0.178798541 0.387575537
v -0.158404469 0.176976413 0.384929806
v -0.176654428 0.172133356 0.388258219
v -0.15746513 0.174818128 0.382487476
v -0.175060213 0.170213759 0.385731518
v -0.188414291 0.165921077 0.388385624
v -0.196403861 0.162163258 0.390001684
v -0.15629521 0.172594056 0.380392313
v -0.184458554 0.164881766 0.38595596
v -0.17254357 0.168531895 0.383503735
v -0.179922327 0.16454573 0.384129167
v -0.170745626 0.166785598 0.381917566
v -0.155395105 0.170397505 0.378841251
v -0.135808349 0.174759582 0.37557739
v -0.155265182 0.168321788 0.378029943
v -0.135550857 0.172696322 0.374713898
v -0.155597046 0.164818585 0.377818763
v 0.0945329219 -0.00672187516 0.15626289
v 0.0958832949 -0.00576037541 0.159776703
v 0.0684959143 -0.00612815376 0.173368946
v 0.0968872532 -0.00409955485 0.162665024
v 0.127219662 -0.00169071183 0.14993912
v 0.0975708663 -0.00191424217 0.164840505
v 0.0436807387 -0.00749523053 0.181284979
v 0.116613887 -0.0035946893 0.129579723
v 0.169591516 -0.00111770467 0.103541926
v 0.115327746 0.000819878944 0.126382947
v 0.0885456279 -0.001755676 0.139996439
v 0.0110973036 -0.00793444272 0.187664837
v 0.0428751744 -0.00779920351 0.176804006
v 0.0444097631 -0.00645669457 0.185409009
v 0.0117319357 -0.00801878795 0.197287098
v 0.0251208972 -0.00672638137 0.195120662
v 0.0449673943 -0.00466708094 0.188820228
v 0.0453589149 -0.00231415872 0.191404119
v 0.0255487915 -0.00488507049 0.198715493
v 0.0113760903 -0.00835352018 0.192476153
v 0.0121253869 -0.00691759354 0.201727808
v 0.0125169894 -0.00503728632 0.205428421
v 0.025874991 -0.00246697315 0.201446727
v 0.00392689882 -0.00726655778 0.20606558
v 0.0455896035 0.000414302951 0.193046078
v 0.0700664669 0.00051137706 0.180449411
v 0.097960189 0.000620731502 0.166215718
v 0.127716839 0.000736225978 0.151163504
v 0.15778254 0.000851720397 0.136111274
v 0.0456647389 0.00333053409 0.193631589
v 0.127872244 0.00333053642 0.151596054
v 0.0980812609 0.00333053549 0.166703239
v 0.0131020844 0.000281555345 0.210054249
v 0.157972246 0.00333053712 0.136488855
v 0.0261583421 0.00333053339 0.203809738
v 0.0760721192 -0.000719486619 0.332165301
v 0.0760001242 -0.00451637758 0.332220763
v 0.0623942651 -0.00484583573 0.325148731
v 0.0893981382 -0.00435164897 0.340251207
v 0.0491294749 -0.00117293361 0.319198966
v 0.0364997499 -0.00148689898 0.314082235
v 0.0366757289 0.00333053176 0.314082205
v 0.102333479 -0.000606125279 0.348965526
v 0.102219388 -0.00749527197 0.349178225
v 0.0488638878 -0.00539493188 0.319256216
v 0.114437297 -0.00429674052 0.358302116
v 0.0360192843 -0.00603912584 0.314141601
v 0.125545278 -0.000606126094 0.367829978
v 0.125411287 -0.00749527337 0.36803177
v 0.135792896 -0.00429674098 0.377679795
v 0.11434336 -0.00749527337 0.358457744
v 0.114155471 -0.00995568279 0.35876891
v 0.0893067867 -0.00757320831 0.340414345
v 0.125210285 -0.00995568372 0.368334383
v 0.135475755 -0.00995568372 0.378120244
v 0.0758729279 -0.00780701637 0.332387239
v 0.089140743 -0.0100513315 0.34074071
v 0.102048248 -0.00995568186 0.349497288
v 0.113842353 -0.0114319278 0.35928756
v 0.0621851981 -0.00827463344 0.325318098
v 0.0756851137 -0.0103382776 0.33272016
v 0.0888788104 -0.0115382038 0.341284633
v 0.0619335026 -0.0109121725 0.325656801
v 0.0754312873 -0.0118570337 0.33327499
v 0.0485109761 -0.00905399676 0.319428086
v 0.061661981 -0.0124946954 0.326221317
v 0.048138056 -0.0118686631 0.319771796
v 0.0478124432 -0.013557463 0.320344627
v 0.0244707651 -0.00665387558 0.309403241
v 0.0253017712 -0.00174862449 0.309339166
v 0.0255396031 0.00333053223 0.309339136
v 0.0253017712 0.00840968918 0.309339136
v 0.0164724216 0.00333053293 0.304566771
v 0.016188547 0.00853637513 0.304566771
v 0.016188547 -0.00187530962 0.304566771
v 0.00981309079 0.00844522007 0.299362123
v 0.0101145133 0.00333053293 0.299362123
v 0.00981309079 -0.00178415363 0.299362123
v 0.00585161988 0.00333053339 0.293833524
v 0.00555332052 0.00820178166 0.293833494
v 0.00448312657 0.0129185263 0.293835461
v 0.00278715603 0.00787162129 0.288089246
v 0.00555332052 -0.00154071534 0.293833494
v 0.00179861661 0.0122565059 0.288082272
v -3.77357755e-05 0.016328983 0.28806141
v -2.23894422e-05 0.0115726348 0.282231897
v -0.0017219591 0.0153501248 0.282214731
v 0.00306947227 0.00333053339 0.288089216
v 0.000892517564 0.00752029615 0.282237619
v -0.00160364388 0.0109760966 0.276382387
v -0.00318443961 0.014498625 0.276368737
v -0.00433723489 0.0187153406 0.282180369
v -0.00561694661 0.0176608507 0.276341349
v -0.00902305264 0.0203426704 0.276295751
v -0.00669856975 0.0167690348 0.270798802
v -0.0105919652 0.0185278952 0.265821636
v -0.0137619963 0.0213597268 0.270724684
v -0.0131593561 0.0224190373 0.276245564
v -0.0177824572 0.0237648971 0.276204497
v -0.0180915073 0.0226804726 0.270692885
v -0.0226489566 0.0231668763 0.270678759
v -0.0183427949 0.021801129 0.265767395
v 0.111029148 0.237191454 0.73569262
v 0.110497758 0.239408955 0.732879162
v 0.115746856 0.235991403 0.728777349
v 0.120583758 0.231277779 0.721760213
v 0.121209912 0.228971049 0.724411786
v 0.126213714 0.224731639 0.711249053
v 0.116318792 0.23374401 0.731537521
v 0.104114965 0.239862338 0.737472892
v 0.112342916 0.236376762 0.738551855
v 0.117686674 0.232889563 0.734323978
v 0.114128143 0.23680374 0.741090596
v 0.116073959 0.238311127 0.74294287
v 0.119530335 0.2332737 0.736783504
v 0.121529564 0.234742075 0.738562822
v 0.124548882 0.228347838 0.729364693
v 0.122641601 0.228041768 0.727056444
v 0.123364165 0.237140313 0.739308655
v 0.128465801 0.221266851 0.716131628
v 0.1266018 0.229747161 0.731007397
v 0.126928538 0.222323582 0.713719964
v 0.124713957 0.240314052 0.738667727
v 0.125501066 0.243721128 0.7369802
v 0.133136079 0.214385733 0.700008273
v 0.132313251 0.216919824 0.697764039
v 0.13227804 0.220210031 0.695703328
v 0.130591795 0.238679275 0.729312122
v 0.125647649 0.246819466 0.734586298
v 0.13069883 0.241816998 0.726986289
v 0.130072847 0.244123831 0.724334657
v 0.138558894 0.20840916 0.681825459
v 0.136691988 0.234780908 0.715538502
v 0.135977343 0.237189025 0.713067651
v 0.134439901 0.238245696 0.710655987
v 0.142408043 0.228910416 0.698694408
v 0.140742302 0.230124101 0.696569562
v 0.138599843 0.230113223 0.69480741
v 0.136648834 0.231575742 0.717748702
v 0.147185937 0.221312925 0.680063128
v 0.143230751 0.226376191 0.700938582
v 0.143265665 0.223085925 0.702999353
v 0.13591285 0.228127941 0.719378173
v 0.129824683 0.235257283 0.730979323
v 0.128470391 0.232097685 0.731655478
v 0.134549037 0.224991977 0.720107079
v 0.132622376 0.222722307 0.71961534
v 0.141193271 0.216494486 0.705358624
v 0.130479187 0.221440166 0.718193531
v 0.136943892 0.213182688 0.703895152
v 0.13919647 0.214322165 0.705051363
v 0.134801701 0.213171929 0.70213306
v 0.145929262 0.205201417 0.687979937
v 0.141291738 0.204364136 0.685644388
v 0.142568097 0.219603881 0.704573631
v 0.14356561 0.204207346 0.687094927
v 0.139494002 0.205741495 0.683823109
v 0.14996703 0.195146173 0.668418169
v 0.145663694 0.196975008 0.665710688
v 0.147578299 0.195450589 0.667249322
v 0.15242593 0.196014777 0.669065714
v 0.153303832 0.187038377 0.64753139
v 0.144627184 0.199766472 0.663953483
v 0.155770734 0.186631098 0.648490191
v 0.158291653 0.187416941 0.648973584
v 0.154551059 0.198009387 0.669040799
v 0.147996217 0.207276538 0.688104808
v 0.149380073 0.210362941 0.687274992
v 0.155938447 0.201083004 0.66819185
v 0.150035888 0.213885203 0.685773194
v 0.156553015 0.204649076 0.666779518
v 0.14991875 0.217267916 0.683882117
v 0.148983732 0.219935641 0.681884527
v 0.155323133 0.210912585 0.663307369
v 0.156359598 0.208121106 0.665064514
v 0.16215694 0.199600801 0.645181477
v 0.161832884 0.192441911 0.648033619
v 0.162410557 0.196052909 0.6467278
v 0.153408498 0.212436974 0.661768675
v 0.160450906 0.189364403 0.648861408
v 0.161045 0.202489018 0.643632531
v 0.163496464 0.179540053 0.62855947
v 0.159047723 0.204120994 0.642318606
v 0.166118547 0.194790915 0.62370646
v 0.160939053 0.178804129 0.628184021
v 0.167285532 0.191827565 0.625069857
v 0.158422247 0.179279566 0.627381146
v 0.156368941 0.180988103 0.626248837
v 0.151306584 0.188670367 0.646217465
v 0.15019463 0.19155857 0.644668519
v 0.162887409 0.172326162 0.607689202
v 0.165434211 0.171807274 0.608373046
v 0.160796955 0.174088806 0.606710553
v 0.159589797 0.177111015 0.605519593
v 0.155201942 0.183951437 0.624885499
v 0.154900938 0.187563881 0.623504758
v 0.149940968 0.195106447 0.643122315
v 0.144433677 0.203238457 0.662238479
v 0.138441578 0.211791769 0.679934263
v 0.139097214 0.215313956 0.678432345
v 0.132975355 0.223691911 0.694128752
v 0.134350047 0.226801187 0.693343759
v 0.145048156 0.206804484 0.660826147
v 0.150518611 0.198717415 0.641816437
v 0.14048098 0.218400314 0.67760253
v 0.146435514 0.209878057 0.659977198
v 0.142548025 0.22047548 0.677727461
v 0.136346981 0.228973612 0.693651021
v 0.144911855 0.221469626 0.67861253
v 0.148560673 0.211872682 0.659952223
v 0.151019663 0.212741345 0.660599887
v 0.154059842 0.203742385 0.640876412
v 0.156580791 0.204528242 0.641359806
v 0.15190056 0.201794922 0.640988588
v 0.161548406 0.196974888 0.621771336
v 0.156815767 0.194313318 0.621546268
v 0.158990964 0.19623895 0.621395886
v 0.164065212 0.196499437 0.62257421
v 0.155445665 0.191219732 0.622320414
v 0.159766406 0.184478417 0.60325557
v 0.159251183 0.180778861 0.604305029
v 0.161120757 0.187595695 0.602559865
v 0.163417891 0.178660408 0.585539103
v -0.194066256 0.155958712 0.399410784
v -0.189108446 0.154246762 0.39937523
v -0.189273939 0.15520145 0.401967466
v -0.188840166 0.154548272 0.396671057
v -0.186126441 0.153410792 0.399327576
v -0.185909048 0.153611332 0.396971166
v -0.185668916 0.154914126 0.394933462
v -0.188520074 0.155992076 0.394295424
v -0.188198984 0.158464372 0.392688781
v -0.1854458 0.157229722 0.393597096
v -0.185279444 0.160468638 0.393344611
v -0.184442207 0.153557152 0.397238612
v -0.184089422 0.156842783 0.394360572
v -0.184253633 0.154724002 0.395483434
v -0.18462275 0.153411344 0.399290502
v -0.183798835 0.155346513 0.396084934
v -0.18398194 0.159844309 0.394205809
v -0.183950767 0.154342145 0.397558689
v -0.184099972 0.154208928 0.399286747
v -0.18476291 0.154366866 0.401306152
v -0.186281309 0.154401958 0.401620209
v -0.186333939 0.156674296 0.403466433
v -0.189285904 0.15752624 0.404007286
v -0.189172909 0.160697296 0.405356139
v -0.184830263 0.156503946 0.40295279
v -0.193936229 0.162400454 0.40609926
v -0.200060889 0.161194295 0.405352622
v -0.193564802 0.166018456 0.40655762
v -0.186298087 0.15973039 0.404731482
v -0.184831575 0.159357607 0.404109687
v -0.18618764 0.163072854 0.40528059
v -0.188963696 0.164190784 0.405875504
v -0.21028626 0.168411881 0.408191949
v -0.210978523 0.165082261 0.406530112
v -0.211299181 0.162864998 0.403574884
v -0.20465894 0.170401916 0.407901436
v -0.21410875 0.166209131 0.406861156
v -0.214478165 0.164019287 0.403785348
v -0.19909516 0.168205544 0.407256424
v -0.198446453 0.171778083 0.406353265
v -0.216384798 0.164499715 0.404302627
v -0.21592322 0.166674301 0.407530546
v -0.214287162 0.163578615 0.399471432
v -0.21697621 0.16648075 0.409074366
v -0.216220066 0.164181843 0.399693131
v -0.217645898 0.16431269 0.405559272
v -0.192649886 0.172175542 0.403976887
v -0.207359061 0.179109246 0.404035211
v -0.197228476 0.176549345 0.400820076
v -0.2155734 0.165352911 0.39458847
v -0.219109416 0.163190305 0.408559173
v -0.192220733 0.173945054 0.401260495
v -0.217562914 0.16426906 0.400348574
v -0.219038591 0.164235696 0.400956452
v -0.216896892 0.165729702 0.394571483
v -0.215817422 0.168074504 0.389357179
v -0.214589313 0.167645141 0.389874846
v -0.218344674 0.166016817 0.394553214
v -0.21722284 0.16834332 0.388895363
v -0.221369937 0.16447714 0.401035488
v -0.220623896 0.166488424 0.394432008
v -0.221880108 0.162546009 0.408351004
v -0.224589765 0.162990183 0.408230901
v -0.223989651 0.165234193 0.400931925
v -0.224903688 0.160719648 0.416073948
v -0.22499761 0.15848054 0.424357176
v -0.224937722 0.156330764 0.432976753
v -0.227474228 0.159496978 0.42436558
v -0.227342233 0.161912873 0.416103393
v -0.226986825 0.164360702 0.408283353
v -0.22911039 0.164179012 0.416404188
v -0.228667557 0.166699529 0.408599257
v -0.229800999 0.167504236 0.417036951
v -0.229529813 0.171274319 0.417860359
v -0.229228139 0.170048714 0.409270018
v -0.228808597 0.173800111 0.410145104
v -0.227938652 0.176224321 0.402951658
v -0.078820549 0.0127001889 0.313452631
v -0.0909356326 0.0120559959 0.318365961
v -0.0905827209 0.0157150608 0.318537831
v -0.104143374 0.0115068983 0.324169517
v -0.066671975 0.0178723857 0.309166491
v -0.0681701154 0.013314941 0.308962137
v -0.091201216 0.00783399679 0.318308681
v -0.118071862 0.0111774392 0.331330568
v -0.117944673 0.0144680794 0.331497014
v -0.132195756 0.0110127116 0.339561224
v -0.132104412 0.0142342709 0.339724392
v -0.104287051 0.0075505916 0.324113041
v -0.13223359 0.00729552703 0.339506835
v -0.146018296 0.00726718595 0.348520368
v -0.145989776 -0.00429673959 0.348573536
v -0.104342535 0.00333053106 0.324113041
v -0.118166037 0.00333053106 0.331275105
v -0.13223359 -0.000634465192 0.339506835
v -0.132104412 -0.00757320784 0.339724392
v -0.158928663 -0.00429674052 0.358079612
v -0.15895997 0.00726718549 0.358027726
v -0.170520589 -0.000606125977 0.367740929
v -0.118071862 -0.00451637758 0.331330568
v -0.145904213 -0.00749527197 0.348733097
v -0.170487076 -0.00429674052 0.367791355
v -0.181010172 -0.00429674098 0.377657503
v -0.181045413 -0.000606126385 0.377608567
v -0.190879703 0.0033305285 0.387579113
v -0.190843031 -0.00429674145 0.387626499
v -0.190733016 -0.00749527477 0.387768716
v -0.180904463 -0.00749527337 0.377804339
v -0.170185581 -0.00995568279 0.368245363
v -0.180693015 -0.00995568372 0.378097981
v -0.158834711 -0.0074952729 0.35823518
v -0.158646852 -0.00995568186 0.358546346
v -0.169850573 -0.0114319287 0.368749768
v -0.180340677 -0.0114319297 0.378587425
v -0.179882601 -0.0121700522 0.379223645
v -0.169415087 -0.0121700522 0.369405508
v -0.168912604 -0.0124160936 0.3701621
v -0.158333734 -0.0114319278 0.359064966
v -0.157926679 -0.0121700512 0.359739274
v -0.14544785 -0.0114319278 0.349584013
v -0.145733073 -0.00995568186 0.349052191
v -0.131938368 -0.0100513306 0.340050697
v -0.117944658 -0.00780701684 0.331497043
v -0.13167645 -0.0115382038 0.340594709
v -0.14507705 -0.0121700503 0.350275427
v -0.13134259 -0.0122816404 0.341301799
v -0.117503032 -0.0118570337 0.332384765
v -0.117756866 -0.0103382776 0.331829906
v -0.103682645 -0.0109121716 0.324677557
v -0.144649208 -0.0124160917 0.351073235
v -0.0103470981 0.0211015325 0.183278084
v -0.0106734512 0.0200628452 0.182985738
v -0.0131136226 0.0226518791 0.181749001
v -0.0126138683 0.0242742915 0.180847585
v -0.0115055442 0.0278091431 0.178704143
v -0.00937997922 0.0345199071 0.174890533
v -0.0143564101 0.0288523678 0.178051054
v -0.00582850398 0.0456700511 0.168978646
v -0.0121979713 0.0354953669 0.174242139
v -0.00859794766 0.046575103 0.16835472
v -0.000442449586 0.0625230595 0.160540327
v 0.00213023578 0.0618430711 0.162187427
v 0.00891538244 0.0832151249 0.151732102
v 0.00639661588 0.0837623999 0.150207222
v 0.0143071245 0.108071558 0.138610885
v 0.0252933986 0.133843198 0.127620608
v 0.00377723761 0.0845339894 0.149664328
v -0.00314408331 0.0633603781 0.159952551
v 0.0117796324 0.108778745 0.138118744
v 0.0204767156 0.134777457 0.12594445
v 0.0229075104 0.134133995 0.126382947
v 0.0318161994 0.160633177 0.114155009
v 0.042688068 0.185925499 0.103541926
v 0.0382269286 0.161764026 0.119280532
v 0.0467633307 0.18766056 0.107080176
v 0.0544239059 0.210728154 0.0962829888
v 0.0606166162 0.229333922 0.0875905678
v 0.0636301339 0.234871671 0.091679737
v 0.062313389 0.231835231 0.0895424783
v 0.0644377396 0.238088548 0.0938117579
v 0.0727945417 0.263786882 0.0808532014
v 0.0664766878 0.244505629 0.0834957957
v 0.0678425431 0.247717708 0.0854597539
v 0.0492344871 0.199442238 0.119456425
v 0.0477978699 0.20120497 0.120946646
v 0.0385464467 0.173584327 0.13503772
v 0.0365280136 0.174876362 0.136111274
v 0.0543152913 0.227213472 0.109280892
v 0.0640090927 0.243645102 0.0972978845
v 0.062793225 0.245632023 0.0984366983
v 0.07113152 0.265174747 0.086343959
v 0.0689494163 0.254299283 0.0891929343
v 0.0672709271 0.258974791 0.0916384906
v 0.0716179237 0.262487471 0.0850162208
v 0.0704298988 0.255705148 0.0814924464
v 0.0684406459 0.268783808 0.0879027396
v 0.0611090213 0.247093961 0.0991397649
v 0.0637007058 0.261405796 0.0924902335
v 0.043723125 0.203505933 0.122203179
v 0.0615736209 0.261792421 0.0922727212
v 0.034229137 0.17582275 0.136488855
v 0.0243961904 0.146840319 0.151596054
v 0.0218808372 0.147494227 0.151163489
v 0.0148713533 0.11829406 0.166703239
v 0.0122567592 0.119016275 0.166215703
v 0.00972555205 0.119429372 0.164840505
v -0.0070017837 0.0697541833 0.191404119
v -0.00154836837 0.0931591988 0.176538214
v 0.0368757695 0.203457788 0.119456425
v -0.0216496252 0.0395697653 0.201727808
v -0.0155685274 0.0517080985 0.198715493
v -0.0197403356 0.0393611565 0.205428421
v -0.0172907598 0.0389244333 0.208250165
v -0.0198535733 0.0313622318 0.212613806
v -0.022469962 0.0317018591 0.209805414
v -0.0245149806 0.0318803824 0.20606558
v -0.0228185076 0.0395358615 0.197287127
v -0.0186304301 0.0517130382 0.190789372
v -0.0124478601 0.0697591901 0.181284979
v -0.0243514013 0.0273639783 0.212692738
v -0.0213398747 0.0272325519 0.215336993
v -0.0182967894 0.0267689675 0.217057928
v -0.0220988244 0.0252250675 0.217230096
v -0.0189239979 0.0248735063 0.218740508
v -0.0193003211 0.023736231 0.220240816
v -0.0254415274 0.0251478106 0.214980692
v -0.0224796012 0.0240294691 0.21910347
v -0.0267350562 0.0274518989 0.208968997
v -0.0257972069 0.0238536689 0.217559591
v -0.0226233173 0.0233986489 0.220794752
v -0.0194944851 0.0231295303 0.221527755
v -0.0256829262 0.0319767892 0.201464951
v -0.0232468229 0.0393008702 0.192476153
v -0.0190990865 0.0513012186 0.186089531
v -0.0046923738 0.0923161507 0.169525608
v 0.00421444559 0.118025757 0.15626289
v 0.0152545329 0.146870375 0.145408303
v 0.00347966095 0.11666584 0.152435184
v 0.0130033782 0.143784434 0.138801306
v 0.0138510177 0.145529881 0.142248496
v 0.0252710339 0.175164089 0.131039903
v 0.0294206478 0.176549479 0.13503772
v 0.0505988114 0.245682791 0.0957480073
v 0.0477232449 0.228517041 0.108476199
v 0.0419971086 0.223945051 0.10325367
v 0.0547117628 0.248257846 0.0984367058
v 0.0622583665 0.269794226 0.08731094
v 0.066527009 0.269720167 0.0881048292
v 0.0700239539 0.267271072 0.0873109549
v 0.0699906051 0.273487866 0.0852527991
v 0.0726362541 0.269847184 0.0837519765
v 0.0715520307 0.271965533 0.0846835598
v 0.0644284561 0.270087421 0.0879027396
v 0.0730986372 0.267123878 0.0824709013
v 0.066014722 0.274779677 0.0852527991
v 0.073877573 0.269636512 0.0808100253
v 0.0680966228 0.274422944 0.0854468346
v 0.0718650445 0.260229647 0.0790648758
v 0.0704512149 0.256845772 0.077271916
v 0.0690333545 0.252383232 0.0796372294
v 0.0726207942 0.262686908 0.0774641559
v 0.0735613406 0.266274452 0.0792203695
v 0.0672870129 0.249622941 0.077947028
v 0.069435522 0.25642392 0.0741066337
v 0.06279587 0.240110353 0.0802640691
v 0.0667348877 0.252172232 0.074336119
v 0.0632559359 0.246837527 0.0755955204
v 0.0585965812 0.238985971 0.0785419941
v 0.0294821076 0.161212921 0.113770179
v 0.0565441325 0.239380106 0.078313455
v 0.0611595362 0.246593475 0.0749794096
v 0.0503818989 0.228058696 0.0841205567
v 0.0272530299 0.162115842 0.114155009
v 0.0181319471 0.135685667 0.126382947
v 0.0591347925 0.246969268 0.0747665018
v 0.0546519943 0.240267679 0.0785419941
v 0.00931917317 0.109692238 0.138610885
v 0.00120459136 0.0854493901 0.150207222
v 0.0160308052 0.136852786 0.127620608
v 0.00708740065 0.110796869 0.139996439
v 0.0252825115 0.163345471 0.115244791
v 0.0342270024 0.188674673 0.103541926
v 0.0237241033 0.164905295 0.11697486
v 0.0328023955 0.190366492 0.105055429
v 0.0487322249 0.229441822 0.0848470777
v 0.022731347 0.16679886 0.119280532
v 0.0519156009 0.243645594 0.080264084
v 0.05306191 0.241679266 0.0792010576
v 0.0513547994 0.246197283 0.0817045197
v 0.0557232946 0.249285042 0.0755955204
v 0.057275869 0.24785538 0.0749794096
v 0.0587326735 0.252151072 0.0727890208
v 0.0546175949 0.251291484 0.0765922666
v 0.0605723523 0.251265556 0.0725857317
v 0.0625811666 0.250900626 0.0727890208
v 0.0646662936 0.251166195 0.073379077
v 0.0613303743 0.253598511 0.0711301863
v 0.0654094294 0.253518194 0.0719003007
v 0.0633304045 0.253239959 0.0713270605
v 0.0595015623 0.254484028 0.0713270605
v 0.0638761744 0.254944116 0.0699497461
v 0.0674752146 0.254542917 0.0728326142
v 0.0680149198 0.256271243 0.0714187175
v 0.071741879 0.261036605 0.0742417276
v 0.0699758753 0.258169681 0.0726681501
v 0.0659510195 0.255232364 0.0705077946
v 0.0703505352 0.259380102 0.0711480975
v 0.0663264915 0.25642091 0.0690570325
v 0.0683892369 0.257470012 0.0699367076
v 0.0731699765 0.264472544 0.0759773701
v 0.0735492706 0.265705854 0.0743739009
v 0.0686334074 0.258252025 0.0682288557
v 0.0723633468 0.263054609 0.0708179846
v 0.0665712729 0.257195801 0.06740354
v 0.0707440823 0.260651678 0.0671561658
v 0.0737953782 0.266506106 0.0724231154
v 0.0687826425 0.258730024 0.0661374405
v 0.0667208135 0.25766924 0.0654028058
v 0.0645006448 0.256894141 0.0669018701
v -0.19998917 -0.00995568465 0.398059309
v -0.190512985 -0.00995568465 0.38805306
v -0.190146253 -0.0114319297 0.388526917
v -0.199609563 -0.0114319297 0.39851743
v -0.199116096 -0.012170054 0.399112999
v -0.200216904 -0.00749527523 0.397784412
v -0.200330794 -0.00429674191 0.397646993
v -0.18966949 -0.0121700522 0.38914299
v -0.200368747 -0.000606127665 0.397601157
v -0.200330794 0.010957798 0.397646993
v -0.189119413 -0.0124160936 0.389853835
v -0.198546708 -0.0124160945 0.399800181
v -0.178790271 -0.0124160945 0.380740821
v -0.187945858 -0.0124160936 0.391370356
v -0.197331995 -0.0124160945 0.401266187
v -0.196762621 -0.0121700522 0.401953399
v -0.187395781 -0.0121700522 0.392081171
v -0.178226486 -0.0124160936 0.381523907
v -0.186919019 -0.0114319297 0.392697215
v -0.196269155 -0.0114319297 0.402548939
v -0.177697942 -0.0121700522 0.382257998
v -0.195889547 -0.00995568465 0.40300706
v -0.186552301 -0.00995568465 0.393171161
v -0.17723988 -0.0114319297 0.382894218
v -0.186332271 -0.00749527477 0.393455505
v -0.176887512 -0.00995568372 0.383383632
v -0.195547923 -0.00429674238 0.403419375
v -0.166902661 -0.0114319287 0.373188615
v -0.186222255 -0.00429674191 0.393597633
v -0.17667608 -0.00749527384 0.383677304
v -0.186185569 -0.000606127374 0.393645048
v -0.166366652 -0.00749527337 0.373995662
v -0.186185569 0.00333052804 0.393645018
v -0.186185569 0.00726718362 0.393645018
v -0.176570371 0.0109577989 0.38382408
v -0.195547938 0.0109577961 0.403419375
v -0.16623266 -0.000606126268 0.374197423
v -0.186222255 0.0109577989 0.393597633
v -0.186332285 0.0141563304 0.393455505
v -0.195661813 0.0141563294 0.403281927
v -0.195889547 0.0166167393 0.40300706
v -0.186552316 0.0166167393 0.393171161
v -0.176676095 0.0141563322 0.383677304
v -0.186919019 0.0180929843 0.392697215
v -0.196269155 0.0180929843 0.402548939
v -0.176887512 0.0166167393 0.383383632
v -0.196762621 0.0188311078 0.401953399
v -0.166366667 0.0141563322 0.373995662
v -0.187395781 0.0188311096 0.392081141
v -0.17723988 0.0180929881 0.382894218
v -0.197331995 0.0190771502 0.401266187
v -0.177697927 0.0188311096 0.382257998
v -0.166902661 0.0180929881 0.373188615
v -0.178226486 0.0190771502 0.381523848
v -0.198546708 0.0190771502 0.399800181
v -0.15645504 0.0190771502 0.362176865
v -0.179354057 0.0190771502 0.379957736
v -0.190146253 0.0180929843 0.388526917
v -0.199609563 0.0180929843 0.39851743
v -0.199116096 0.0188311096 0.39911297
v -0.179882601 0.0188311096 0.379223645
v -0.19998917 0.0166167393 0.398059309
v -0.168912604 0.0190771502 0.370162129
v -0.190512985 0.0166167393 0.38805306
v -0.180340677 0.0180929881 0.378587365
v -0.190733016 0.0141563304 0.387768716
v -0.200216904 0.0141563294 0.397784412
v -0.180693015 0.0166167412 0.378097951
v -0.169850573 0.0180929881 0.368749738
v -0.190843031 0.0109577989 0.387626499
v -0.180904463 0.0141563322 0.377804339
v -0.181010187 0.010957798 0.377657503
v -0.181045413 0.00726718409 0.377608567
v -0.170487076 0.0109577989 0.367791355
v -0.170386583 0.0141563322 0.367942721
v -0.170185581 0.0166167431 0.368245363
v -0.158834726 0.0141563322 0.35823521
v -0.158646852 0.0166167431 0.358546376
v -0.170520589 0.00333052943 0.367740929
v -0.145904213 0.0141563332 0.348733097
v -0.145989776 0.0109578017 0.348573536
v 0.17167753 0.162703082 0.515861988
v 0.171205103 0.158812597 0.515959859
v 0.172216743 0.15574272 0.524903715
v 0.171747804 0.154865101 0.515940726
v 0.173546091 0.152535319 0.525108874
v 0.17497927 0.15225625 0.535408497
v 0.173281804 0.15155448 0.515939355
v 0.175735235 0.150622964 0.525301993
v 0.177588984 0.151640341 0.53563565
v 0.176367655 0.153919175 0.546875834
v 0.178968057 0.154590726 0.547025919
v 0.177210301 0.157633752 0.559657216
v 0.179378465 0.159571618 0.559579253
v 0.180685341 0.162763357 0.559194207
v 0.181132466 0.156534329 0.546982467
v 0.182427302 0.159744516 0.546707332
v 0.184051961 0.161336616 0.535301924
v 0.182353035 0.154256508 0.535751581
v 0.183638602 0.157479882 0.535581768
v 0.184392437 0.155848473 0.525516868
v 0.180191696 0.152308524 0.535759747
v 0.180953398 0.150668323 0.52556473
v 0.183112726 0.152618438 0.525590599
v 0.178349271 0.150001898 0.525461257
v 0.183525607 0.151520938 0.516454995
v 0.178671822 0.148916349 0.516281068
v 0.184797511 0.159714684 0.525371432
v 0.175783217 0.149574652 0.516090512
v 0.181367397 0.149570242 0.516398132
v 0.174873799 0.149060652 0.507614017
v 0.181548029 0.148914471 0.508217096
v 0.178579971 0.148296058 0.508023679
v 0.171445146 0.151234597 0.507388055
v 0.178333506 0.14801386 0.500704765
v 0.183705688 0.15086484 0.508300424
v 0.169309601 0.154844344 0.507745624
v 0.181609526 0.148601145 0.500979006
v 0.168545708 0.159047231 0.508108795
v 0.162596136 0.16064781 0.501332462
v 0.163452119 0.156310469 0.500658572
v 0.166574612 0.151754573 0.498574257
v 0.163372815 0.164620563 0.500979543
v 0.152651966 0.167822912 0.495400727
v 0.173703417 0.14887163 0.500061393
v 0.172968477 0.148798317 0.493621409
v 0.164991692 0.151215374 0.491973609
v 0.164613619 0.151308671 0.486484855
v 0.172735736 0.148946956 0.487789571
v 0.173071966 0.149423867 0.482061327
v 0.178192243 0.147942483 0.494339943
v 0.178174242 0.148110107 0.488429904
v 0.178297639 0.148544922 0.482475221
v 0.181666091 0.148530424 0.494641066
v 0.181772068 0.149125189 0.482677191
v 0.178912118 0.150103554 0.468279481
v 0.181719661 0.14870441 0.488706172
v 0.183876842 0.150653973 0.488829702
v 0.183823407 0.150480017 0.49475652
v 0.185651615 0.158832386 0.476711422
v 0.185599416 0.158166975 0.483246535
v 0.185705766 0.159744084 0.469144553
v -0.0392667875 0.00540553313 0.277400166
v -0.0459221154 0.00540553313 0.276117682
v -0.0395542048 0.00692453841 0.278891742
v -0.0391615778 0.00333053339 0.276854217
v -0.0532138646 0.00692453841 0.276486725
v -0.0465468504 0.00748053333 0.279657423
v -0.0697384626 0.00748053333 0.277431756
v -0.061249543 0.00692453794 0.27982074
v -0.0458254702 0.00333053339 0.275570095
v -0.0392667875 0.00125553343 0.277400166
v -0.0530146211 0.00540553313 0.274980247
v -0.0609575063 0.00692453841 0.275678664
v -0.0459221154 0.00125553354 0.276117682
v -0.0395542048 -0.000263472204 0.278891712
v -0.0529416949 0.00333053339 0.274428874
v -0.0608506203 0.00540553313 0.274162591
v -0.0461861603 -0.000263471913 0.277613759
v -0.0399468318 -0.000819467008 0.280929238
v -0.0530146211 0.00125553354 0.274980247
v -0.060811501 0.00333053339 0.273607641
v -0.0465468504 -0.000819467008 0.279657423
v -0.0403394587 -0.000263472495 0.282966733
v -0.0469075404 -0.000263472495 0.281701088
v -0.0532138646 -0.000263471913 0.276486725
v -0.0611035265 -0.000819466717 0.277749717
v 0.0302890986 -0.185404226 0.105055429
v 0.00677322969 -0.104348138 0.139996439
v 0.015245392 -0.130722597 0.127620608
v 0.00900500268 -0.103243493 0.138610885
v -0.00123336317 -0.0798791349 0.151732102
v 0.00112604129 -0.0788413957 0.150207222
v -0.00582192233 -0.0576098785 0.160540357
v 0.0036986894 -0.0779259875 0.149664328
v -0.00314409263 -0.0566993058 0.159952566
v -0.0085979579 -0.0399140343 0.16835472
v -0.0113704614 -0.0408096686 0.168978646
v -0.0150511479 -0.0297015049 0.174890563
v 0.0173465367 -0.129555449 0.126382947
v -0.000442458404 -0.0558619872 0.160540357
v -0.0121979835 -0.0288342945 0.174242139
v 0.0114654638 -0.102329999 0.138118744
v 0.0196913052 -0.128647238 0.12594445
v 0.0139929568 -0.10162282 0.138610885
v 0.0063180686 -0.0771544054 0.150207222
v -0.014356426 -0.0221912973 0.178051084
v -0.0172760133 -0.0230230093 0.178704172
v -0.0200944915 -0.0236649029 0.180514589
v -0.0126138888 -0.0176132284 0.1808476
v -0.00989295542 -0.0162512381 0.18258144
v -0.00884806551 -0.0200107209 0.180514589
v -0.00937999319 -0.0278588366 0.174890563
v -0.00582851516 -0.0390089862 0.168978646
v -0.00674954522 -0.026895551 0.176696435
v -0.00321693509 -0.0381909162 0.170722276
v -0.0044590123 -0.0260648709 0.179520339
v -0.00650858413 -0.0188966077 0.183333546
v -0.00467395922 -0.0180551577 0.187048107
v -0.00353103154 -0.0177357998 0.191545352
v -0.00266076392 -0.0254872162 0.183222964
v -0.00150717003 -0.0252830125 0.187664837
v -0.000918021717 -0.0375562347 0.173457339
v 0.00442120619 -0.0547433905 0.164777562
v 0.002130226 -0.055181995 0.162187442
v 0.00883683469 -0.0766071379 0.151732102
v 0.00627772789 -0.0546302423 0.168194488
v 0.0129831517 -0.0765074641 0.15731293
v 0.0111076441 -0.0763646588 0.154135257
v 0.01644779 -0.101204693 0.139996439
v 0.0186902657 -0.101158358 0.142184585
v 0.0245079901 -0.127712995 0.127620608
v 0.0221220963 -0.128003791 0.126382947
v 0.0205806922 -0.101566575 0.145084441
v 0.0302453861 -0.155033857 0.114155009
v 0.0267180484 -0.127862811 0.129579723
v 0.0286213476 -0.128541142 0.132182479
v 0.0219793748 -0.102512076 0.148605168
v 0.03473996 -0.155216336 0.11697486
v 0.0325623304 -0.154870421 0.115244791
v 0.0150490291 -0.0780686364 0.165344313
v 0.0300869662 -0.129835904 0.135351166
v 0.00253849803 -0.0381737575 0.190789372
v 0.00814395398 -0.0564074218 0.181284979
v -0.00215656008 -0.0265750047 0.201727808
v 0.0151249953 -0.0792435855 0.169525608
v 0.00738152582 -0.057421688 0.185408995
v 0.0144867133 -0.0805191547 0.173368976
v 0.00585181825 -0.0585050546 0.188820228
v 5.84575901e-05 -0.0399695076 0.198715493
v -0.00382382749 -0.0275284909 0.205428421
v -0.00214048917 -0.0410269722 0.201446727
v -0.00606227759 -0.0286149997 0.208250165
v -0.0111062499 -0.022215683 0.214420184
v 0.00121140701 -0.0606670491 0.193046093
v -0.0115712527 -0.0307631977 0.210701868
v 0.00373504171 -0.0596045069 0.191404119
v -0.0015388747 -0.0616396703 0.193631589
v 0.0193875376 -0.109739199 0.164840505
v 0.0212546494 -0.108413756 0.162665039
v 0.00600485457 -0.085023649 0.180988938
v -0.00433559297 -0.0624693781 0.193046078
v 0.00865746662 -0.084064573 0.180449411
v 0.00329511054 -0.0858069062 0.180449411
v 0.000695448311 -0.0863406584 0.178932115
v 0.0119425859 -0.112567559 0.166215718
v 0.0145571781 -0.111845344 0.166703239
v 0.0236107763 -0.140710145 0.151596054
v 0.047001157 -0.0146833286 0.322865129
v 0.0337852016 -0.0161854364 0.317220211
v 0.0467464924 -0.0146833286 0.323781669
v 0.0465077497 -0.0144018624 0.32464087
v 0.0601942651 -0.0132859554 0.330455214
v 0.0737550557 -0.0126164127 0.337436438
v 0.0599494837 -0.0124946954 0.331189036
v 0.0869712085 -0.0122816404 0.345364183
v 0.0734683499 -0.0118570337 0.338157743
v 0.0597611815 -0.0109121725 0.331753582
v 0.0732478127 -0.0103382776 0.338712573
v 0.0731154904 -0.00780701684 0.339045495
v 0.0866415128 -0.0115382038 0.346071333
v 0.0996238142 -0.0121700503 0.354018033
v 0.0992530286 -0.0114319278 0.354709387
v 0.111086942 -0.0114319278 0.363851637
v 0.110773832 -0.00995568279 0.364370257
v 0.0863879099 -0.0100513306 0.346615225
v 0.0862357393 -0.00757320831 0.34694159
v 0.0989677981 -0.00995568186 0.355241239
v 0.0987966508 -0.00749527197 0.355560303
v -0.0480850749 -0.00121055415 0.288089246
v -0.0536447205 -0.00678844098 0.299308091
v -0.0436942689 -0.00431502936 0.276382416
v -0.0595797189 -0.00698753167 0.304409057
v -0.057414569 -0.0119125126 0.304603666
v -0.0547884032 -0.00178415363 0.299273103
v -0.0507705882 -0.00154071534 0.293811262
v -0.066671975 -0.011211318 0.309166461
v -0.0653122589 -0.0147959972 0.309714288
v -0.0649110526 -0.0167829636 0.31081295
v -0.0773993507 -0.0131743904 0.314030796
v -0.0770187005 -0.0150014972 0.314738929
v -0.0898841918 -0.013557463 0.319454372
v -0.0902098119 -0.0118686631 0.318881541
v -0.0780939162 -0.0100609446 0.31363377
v -0.0905827209 -0.00905399676 0.318537831
v -0.103934318 -0.00827463437 0.324338824
v -0.078820549 -0.00603912584 0.313452661
v -0.104143381 -0.00484583573 0.324169517
v -0.0909356326 -0.00539493188 0.318365961
v -0.091201216 -0.00117293326 0.318308711
v -0.0913121775 0.00333053176 0.318308681
v -0.0792973936 -0.00148689863 0.313392252
v -0.0794733614 0.003330532 0.313392252
v -0.0792973936 0.00814796239 0.313392252
v -0.0689866096 -0.00174862426 0.308894008
v -0.0689866096 0.00840969011 0.308894038
v -0.0692244396 0.00333053223 0.308894008
v -0.0681701228 -0.00665387651 0.308962137
v -0.0606799312 -0.00187530951 0.304344207
v -0.0609637983 0.00333053293 0.304344207
v -0.0550898202 0.00333053293 0.299273103
v -0.0606799312 0.00853637606 0.304344207
v -0.0510688908 0.00333053339 0.293811262
v -0.0547883995 0.00844522007 0.299273103
v -0.0595797151 0.0136485985 0.304409117
v -0.0574145615 0.0185735822 0.304603666
v -0.0532327853 0.0235584155 0.30508998
v -0.053644713 0.0134495078 0.299308091
v -0.0514193624 0.0182329975 0.299413025
v -0.0477121919 0.0224461723 0.2993581
v -0.0497040264 0.0129185263 0.293814152
v -0.0507705882 0.00820178166 0.293811262
v -0.0445392504 0.0212106872 0.293774068
v -0.042123042 0.0257395189 0.298913568
v -0.0476975255 0.0173262581 0.293822855
v -0.0480850749 0.00787162129 0.288089216
v -0.0452601761 0.016328983 0.28806141
v 0.00911206566 -0.0126784667 0.315425694
v 0.00907805562 -0.00249092467 0.31566146
v -0.000373637682 -0.00301537989 0.314040095
v 0.0202776287 -0.00698743528 0.318192929
v -0.000367344124 -0.00896466896 0.313980907
v -0.00850590318 -0.0154266236 0.312928855
v -0.00852252636 -0.00349025498 0.313166261
v -0.0158028789 -0.00383756636 0.312818855
v -0.0157946162 -0.0163817313 0.312581182
v -0.000348463509 -0.0141207185 0.313803285
v 0.0327243954 0.00333052943 0.321858555
v -0.0366989002 -0.00988473743 0.313084662
v -0.0367113687 -0.0154266236 0.312906623
v -0.029503312 -0.0163817313 0.312581182
v -0.0446268469 -0.0141207185 0.313714236
v -0.0226489641 -0.0213402454 0.312182486
v -0.0367363058 -0.0196896121 0.312550455
v -0.0295157079 -0.0208617896 0.312224686
v -0.0157822184 -0.0208617896 0.312224686
v -0.0446646102 -0.0180869102 0.313358992
v -0.0536544658 -0.016316874 0.314849466
v -0.0447275452 -0.0204666257 0.31276691
v -0.0537394919 -0.0184999183 0.314259976
v -0.0367778689 -0.0222474057 0.311956912
v -0.0538500212 -0.0195914432 0.313493699
v -0.0448093601 -0.0216564815 0.311997205
v -0.036831893 -0.0235263016 0.3111853
v -0.0226489641 -0.0240814425 0.311588198
v -0.0449037589 -0.0220530983 0.311109096
v -0.0295632295 -0.0248938389 0.310858071
v -0.0539775565 -0.0199552793 0.312609524
v -0.0644703805 -0.0179710742 0.31499663
v -0.0541135967 -0.019955283 0.311666369
v -0.0648161918 -0.0179710723 0.313123554
v -0.0368942358 -0.0239525978 0.310294986
v -0.0226489622 -0.0254520364 0.310815632
v -0.0295942202 -0.0253418442 0.309966803
v -0.0451051518 -0.0220530983 0.309214413
v -0.0542496331 -0.0199552793 0.310723275
v -0.0542636476 -0.0196845923 0.309541821
v -0.0649263635 -0.0176740456 0.312077641
v -0.0767978802 -0.0158894509 0.315618575
v -0.0450939164 -0.0218500346 0.307976812
v -0.0370237641 -0.0238150936 0.307145685
v -0.0540336333 -0.0188725237 0.307883739
v -0.0296603348 -0.0253418442 0.308065444
v -0.0296272784 -0.0253418442 0.309016109
v -0.0226489641 -0.0259089042 0.309924215
v -0.0157037061 -0.0253418442 0.309966803
v -0.0156706497 -0.0253418442 0.309016109
v -0.0157346986 -0.0248938389 0.310858071
v -0.015761558 -0.0235498231 0.311630487
v -0.00838537887 -0.0235263016 0.311207563
v -0.00848096702 -0.0196896121 0.312572718
v -0.00843940768 -0.0222474057 0.311979175
v -0.000310702599 -0.0180869102 0.313448042
v -0.000247767573 -0.0204666257 0.312855959
v 0.00916308071 -0.0163168758 0.315072
v -0.000165951991 -0.0216564853 0.312086225
v 0.00924810488 -0.0184999201 0.31448257
v 0.0203748886 -0.0146426987 0.317666084
v -0.044545237 -0.000552298443 0.276386946
v -0.0433823019 0.00333053339 0.270834118
v -0.0431547053 -0.000290947384 0.270834118
v -0.04235778 -0.00380768604 0.270830601
v -0.0405632704 0.000207785226 0.258930653
v -0.0412710719 -0.00339139858 0.265873194
v -0.0407621004 0.00333053409 0.258930653
v -0.0411585085 0.00657078857 0.261809111
v -0.0405632742 0.00645328267 0.258930653
v -0.0404391624 0.0097290948 0.261806965
v -0.0398670584 0.00950050075 0.258928657
v -0.0385737419 0.0123966588 0.258922607
v -0.0392526276 0.00938281324 0.257013798
v -0.0399158448 0.006404215 0.257009119
v -0.0380295552 0.0121712396 0.257027745
v -0.0361447968 0.0147157051 0.257029027
v -0.0372149609 0.0120152244 0.255912006
v -0.0399158448 0.000256853149 0.257009119
v -0.0355441198 0.0143141774 0.25595355
v -0.0331678838 0.0162910819 0.255880505
v -0.0334965065 0.0169624146 0.256995589
v -0.0302467849 0.0187691823 0.256953239
v -0.0330793969 0.0150714479 0.255276233
v -0.0301474333 0.0178732555 0.255778134
v -0.0265577082 0.0199938193 0.256927937
v -0.0266304612 0.0206071828 0.258850008
v -0.0226489622 0.0204606038 0.256919533
v -0.0226489585 0.0210857466 0.258841962
v -0.0186674595 0.0206071809 0.258850008
v -0.018535167 0.0211142395 0.261721849
v -0.0187402125 0.0199938174 0.256927937
v -0.0148850931 0.0193352383 0.258868128
v -0.0150511377 0.0187691804 0.256953239
v -0.0115009984 0.0174336676 0.258890331
v -0.0118014077 0.0169624146 0.256995559
v -0.00871431269 0.0150662232 0.258910507
v 0.0589977391 0.271849185 0.0698943734
v 0.0581435114 0.269354939 0.075977385
v 0.057962656 0.267733663 0.0708179846
v 0.0576975457 0.264360011 0.0693697035
v 0.0574312434 0.263577849 0.0711480901
v 0.0581573471 0.261655897 0.0682288557
v 0.0581269488 0.268213987 0.0684536099
v 0.0582255274 0.268502146 0.0653849319
v 0.0590966754 0.272138 0.0665570572
v 0.057895232 0.260879755 0.0699367076
v 0.0589473695 0.258818507 0.0690570325
v 0.0574934483 0.259689897 0.0714187175
v 0.0564338975 0.260648429 0.0741066337
v 0.058552552 0.257636309 0.0705077946
v 0.0600616932 0.256183505 0.0699497536
v 0.0569141917 0.257974446 0.0728326142
v 0.0579831265 0.255931139 0.0719003007
v 0.0572018661 0.253591537 0.0733790845
v 0.0561196841 0.255621344 0.0743361264
v 0.0556258596 0.258274943 0.0756403431
v 0.0558601283 0.261586726 0.0772719309
v 0.0540993065 0.253907889 0.0779470354
v 0.0469904169 0.236813962 0.0895424783
v 0.0551316738 0.260675848 0.0814924538
v 0.0402099192 0.218149394 0.0984720811
v 0.040835619 0.221127376 0.100865267
v 0.0224577896 0.169029623 0.122097149
v 0.012765131 0.141849503 0.135351166
v -0.0243514329 -0.0207028966 0.212692738
v -0.0224699881 -0.0250407867 0.209805414
v -0.0198535994 -0.0247011632 0.212613836
v -0.0172907822 -0.0322633646 0.208250165
v -0.0145010399 -0.031612929 0.210054249
v -0.0245150067 -0.0252193026 0.20606558
v -0.0267350841 -0.0207908098 0.208968997
v -0.0197403617 -0.0327000841 0.205428421
v -0.0278945453 -0.0211238768 0.204009682
v -0.0256829504 -0.0253157094 0.201464951
v -0.0260602236 -0.0252518915 0.19646956
v -0.0228185318 -0.0328747891 0.197287098
v -0.0216496512 -0.032908693 0.201727808
v -0.0131679988 -0.0446100347 0.201446727
v -0.0174519606 -0.04520908 0.195120662
v -0.0104381135 -0.0439422801 0.203187197
v -0.00936054811 -0.0634478554 0.188820228
v -0.00350478268 -0.0863649473 0.173368946
v -0.00162692054 -0.0865512267 0.176538199
v -0.0124478769 -0.0630981177 0.181284979
v -0.0190991089 -0.0446401462 0.186089531
v -0.0232468471 -0.0326397941 0.192476153
v -0.0229344293 -0.032245148 0.187664837
v -0.0257332325 -0.0249497276 0.191545352
v -0.0246208664 -0.0245362967 0.187048092
v -0.0218811259 -0.0317322835 0.18322295
v -0.0200867746 -0.0311426334 0.179520339
v -0.0128353713 -0.0615492351 0.172321886
v -0.0129859056 -0.0624259152 0.176804006
v -0.0161970388 -0.042520687 0.173457339
v -0.00477092667 -0.0857081637 0.169525608
v -0.00321301282 -0.0810177103 0.154135257
v -0.0139641212 -0.0416828766 0.170722276
v -0.0177454296 -0.0304683279 0.176696435
v -0.00536699733 -0.0835114121 0.161161348
v -0.00830295682 -0.0585719347 0.162187442
v 0.0036423502 -0.107070163 0.145084441
v 0.0124043832 -0.133810341 0.132182494
v -0.0124463476 0.0236852355 0.282060057
v -0.0106975082 0.0267040022 0.293417424
v -0.00525477342 0.0243575387 0.293611556
v -0.00682023866 0.0229119007 0.287950099
v -0.00307164551 0.0257395189 0.298942059
v -0.0087936623 0.0293065365 0.30251351
v -0.000709875254 0.0212106872 0.293787509
v 0.00260945386 0.0224461723 0.299411952
v -0.00799925998 0.021530861 0.282123059
v 0.00848717988 0.0235584136 0.305242389
v -0.00286349095 0.0199328493 0.288019687
v 0.00638599088 0.0182329956 0.299486011
v 0.00246574334 0.0173262544 0.293841094
v 0.0128360763 0.0185735803 0.304802179
v 0.0229290668 0.0178723857 0.309595585
v 0.0215403177 0.0214570649 0.310135394
v 0.0150665604 0.0136485985 0.30462563
v 0.00865489338 0.0134495068 0.299393088
v 0.0345799439 0.0198354553 0.31471473
v 0.0244707651 0.013314941 0.309403241
v 0.0360192843 0.0127001889 0.314141601
v 0.0485109799 0.0157150608 0.319428056
v 0.0481380671 0.0185297262 0.319771767
v 0.047812447 0.0202185251 0.320344627
v 0.0619335026 0.0175732356 0.325656801
v 0.061661981 0.0191557575 0.326221317
v 0.0488638878 0.0120559959 0.319256216
v 0.0492404476 0.00333053153 0.319198966
v 0.0623942614 0.0115068983 0.325148731
v 0.0621851981 0.0149356984 0.325318098
v 0.0758729279 0.0144680794 0.332387239
v -0.232513756 -0.15362668 0.0539138019
v -0.233730882 -0.150029436 0.0539029017
v -0.232840791 -0.15169479 0.05390561
v -0.234805375 -0.148427159 0.0544868931
v -0.232539058 -0.151546493 0.0544868931
v -0.232208788 -0.153545558 0.0545193665
v -0.232084259 -0.15353255 0.0557306483
v -0.23344712 -0.149823263 0.0544760264
v -0.234678805 -0.148271278 0.0575874895
v -0.23242195 -0.151501372 0.0556496158
v -0.0537582003 -0.000263472495 0.280602455
v -0.0608506203 0.00125553354 0.274162591
v -0.0609575063 -0.000263471913 0.275678664
v -0.061249543 -0.000263472495 0.27982074
v -0.0539574437 0.00125553296 0.282108903
v -0.061356429 0.00125553296 0.281336814
v -0.0697332844 -0.000263471913 0.275355518
v -0.0697294846 0.00125553354 0.273835629
v -0.0697436482 -0.000263472495 0.279507965
v -0.0697474405 0.00125553296 0.281027853
v -0.0613955483 0.00333053293 0.281891763
v -0.0697280914 0.00333053339 0.273279309
v -0.0697488338 0.00333053293 0.281584173
v -0.061356429 0.0054055322 0.281336814
v -0.0697294846 0.00540553313 0.273835629
v -0.0697474405 0.0054055322 0.281027853
v -0.0697332844 0.00692453841 0.275355518
v -0.0697436482 0.00692453794 0.279507965
v -0.0795022994 0.0054055322 0.281338274
v -0.0795985386 0.00692453794 0.279821575
v -0.0797300115 0.00748053333 0.277749717
v -0.079861477 0.00692453841 0.27567783
v -0.0794670805 0.00333053293 0.281893432
v -0.0799577162 0.00540553313 0.27416113
v -0.0795022994 0.00125553296 0.281338274
v -0.0799929425 0.00333053339 0.273605973
v -0.0795985386 -0.000263472495 0.279821575
v -0.0799577162 0.00125553354 0.27416113
v -0.0797300115 -0.000819466717 0.277749717
v -0.079861477 -0.000263471913 0.27567783
v -0.0914173126 -0.000819467008 0.278862536
v -0.0916703492 -0.000263471913 0.276802242
v -0.0918555856 0.00125553354 0.275294006
v -0.0919233859 0.00333053339 0.274741948
v -0.091164276 -0.000263472495 0.28092283
v -0.0918555856 0.00540553313 0.275294006
v -0.0909790397 0.00125553296 0.282431066
v -0.0916703492 0.00692453841 0.276802242
v -0.0909112394 0.00333053293 0.282983124
v -0.0914173126 0.00748053333 0.278862536
v -0.0909790397 0.0054055322 0.282431066
v -0.091164276 0.00692453794 0.28092283
v -0.104332827 0.00333053269 0.285004556
v -0.104440905 0.0054055322 0.284458548
v -0.104736179 0.00692453794 0.282966912
v -0.105139524 0.00748053333 0.280929238
v -0.104440905 0.00125553284 0.284458548
v -0.105542868 0.00692453841 0.278891593
v -0.104736179 -0.000263472495 0.282966912
v -0.105838135 0.00540553313 0.277399927
v -0.105139524 -0.000819467008 0.280929238
v -0.105946213 0.00333053339 0.276853919
v -0.105542868 -0.000263472204 0.278891593
v -0.105838135 0.00125553343 0.277399927
v -0.167544276 0.00125553226 0.299991697
v -0.167800725 0.00692453748 0.298490465
v -0.167450413 0.003330532 0.300541162
v -0.167544276 0.00540553173 0.299991697
v -0.218527496 -0.092468597 0.418380201
v -0.219157338 -0.0949159563 0.416864157
v -0.213931829 -0.0932886824 0.415624529
v -0.220846802 -0.0965315178 0.414187253
v -0.225399137 -0.0963330045 0.418070942
v -0.233207092 -0.0893081576 0.420353353
v -0.227172434 -0.0880586058 0.418620229
v -0.230354771 -0.0857243761 0.415817797
v -0.225298449 -0.0909062475 0.419833869
v -0.236751467 -0.0870123655 0.417588741
v -0.224713713 -0.0938151181 0.419602811
v -0.230645731 -0.0950314924 0.421348572
v -0.231189951 -0.0921318457 0.42156148
v -0.241334364 -0.0880915448 0.42025125
v -0.237636924 -0.0903657749 0.423120737
v -0.235655442 -0.0931760967 0.42442283
v -0.231520042 -0.0975551903 0.41985023
v -0.233758539 -0.0992510095 0.417201877
v -0.236382782 -0.098597832 0.422807395
v -0.238862857 -0.100305669 0.420131087
v -0.235275537 -0.0960707068 0.42427817
v -0.238888517 -0.0971807763 0.428242266
v -0.240909711 -0.091487214 0.426872492
v -0.239055023 -0.0942884088 0.428300738
v -0.242895082 -0.101431072 0.424078852
v -0.24260135 -0.1007424 0.416369885
v -0.240228936 -0.0997123271 0.426800489
v -0.241748825 -0.0957181752 0.433077961
v -0.24330005 -0.101150036 0.431687772
v -0.246705785 -0.101885043 0.420180887
v -0.251032591 -0.101254597 0.415830523
v -0.249938399 -0.103366911 0.424979806
v -0.246101782 -0.102886677 0.428954482
v -0.241770118 -0.0986096486 0.43309167
v -0.248729438 -0.104931869 0.434666812
v -0.244205773 -0.100605324 0.438677013
v -0.117199689 -0.0126164127 0.333106071
v -0.157457009 -0.0124160936 0.360517204
v -0.156956017 -0.0124160945 0.36134702
v -0.130960792 -0.0125294533 0.342117727
v -0.15645504 -0.0124160936 0.362176865
v -0.143736497 -0.0124160917 0.352775127
v -0.130555034 -0.0125294533 0.342988014
v -0.130149245 -0.0125294533 0.343858331
v -0.129768848 -0.0122816423 0.34467423
v -0.11686334 -0.0128695397 0.33393836
v -0.116157606 -0.0128695397 0.335713893
v -0.1158268 -0.0126164127 0.336546183
v -0.115540102 -0.0118570337 0.337267458
v -0.116510466 -0.0128695397 0.334826112
v -0.101943396 -0.0132859563 0.329475909
v -0.102527119 -0.0135497097 0.327725917
v -0.102225848 -0.0135497106 0.328629136
v -0.101698615 -0.0124946954 0.330209732
v -0.101510331 -0.0109121725 0.330774307
v -0.0888182446 -0.0146833304 0.322891384
v -0.0883725807 -0.013557463 0.324495316
v -0.0885795057 -0.0144018624 0.323750615
v -0.102828398 -0.0135497097 0.326822698
v -0.103124715 -0.0132859563 0.325975925
v -0.0893275663 -0.0146833286 0.321058303
v -0.103411123 -0.0124946954 0.325242072
v -0.0890729055 -0.0146833304 0.321974874
v -0.0895940587 -0.0144018624 0.320199043
v -0.0763706788 -0.0161854383 0.317457914
v -0.0765828341 -0.0161854364 0.316530257
v -0.0761585161 -0.0161854383 0.318385571
v -0.0759596154 -0.015880499 0.319255263
v -0.0757872388 -0.0149656888 0.320008993
v -0.0643082783 -0.0176382363 0.315874666
v -0.0641677976 -0.0166397244 0.316635638
v -0.0756546333 -0.0131360674 0.320588827
v -0.0882134214 -0.0118686641 0.325068176
v -0.0881179273 -0.00905399956 0.325411886
v -0.101397343 -0.0082746353 0.331112981
v -0.10134086 -0.00484583573 0.331282347
v -0.075575076 -0.0100866985 0.32093671
v -0.0880701765 -0.00539493328 0.325583726
v -0.0880542547 0.00783399493 0.325641036
v -0.0755352899 0.0127835777 0.321110606
v -0.0755220428 -0.00154846231 0.321168602
v -0.0639516637 -0.00199487223 0.317806333
v -0.0639516637 0.00865592994 0.317806333
v -0.0535694398 0.0033305285 0.315438926
v -0.0535694398 -0.00249092467 0.315438926
v -0.063962467 -0.00698743574 0.317747772
v -0.0535779446 -0.00794853643 0.315379977
v -0.0639948845 -0.0113143241 0.317572206
v -0.0640597269 -0.0146426987 0.317220986
v -0.053603448 -0.0126784667 0.31520313
v -0.0446079634 -0.00896466896 0.313891858
v -0.0446016751 0.00967643689 0.313951075
v -0.0294950493 -0.00383756612 0.312818885
v -0.0294950493 0.0104986224 0.312818855
v -0.0226489641 0.0106403874 0.312776744
v -0.0158008132 0.0172187109 0.312759429
v -0.0157946143 0.0230427887 0.312581182
v -0.00850590318 0.0220876839 0.312928855
v -0.00852252729 0.0033305285 0.313166261
v -0.00852252636 0.0101513108 0.313166261
v -0.00848096702 0.0263506752 0.312572718
v -0.0157822184 0.0275228471 0.312224686
v -0.000348463655 0.0207817778 0.313803285
v -0.000373637682 0.00967643689 0.314040095
v -0.000367344182 0.0156257264 0.313980907
v -0.00843940768 0.0289084669 0.311979175
v -0.000310702599 0.0247479733 0.313448042
v -0.000247767428 0.0271276888 0.312855959
v -0.00838537887 0.0301873665 0.311207533
v -0.0157346986 0.0315549038 0.310858071
v -0.0226489641 0.0321131013 0.310815632
v -0.0157037079 0.032002911 0.309966803
v -0.0226489641 0.0325699709 0.309924215
v 0.00916307978 0.022977937 0.315072
v -0.000165951962 0.0283175465 0.312086225
v -0.0226489641 0.0325699672 0.308973342
v -0.00832303986 0.0306136664 0.310317218
v -0.0156381186 0.0318855383 0.306811661
v -7.1549417e-05 0.0287141651 0.311198115
v -0.0226489641 0.0325699709 0.308022499
v -0.0296603348 0.032002911 0.308065444
v -0.0226489641 0.0324513093 0.306768924
v -0.0296598095 0.0318855383 0.306811661
v -0.00819004793 0.0306136627 0.308417857
v -0.00819714274 0.0304761603 0.307166934
v -0.0295921229 0.0315334275 0.304951668
v -0.0370237641 0.0304761603 0.307145685
v -0.0157058034 0.0315334313 0.304951668
v -0.0226489641 0.0320953317 0.304909796
v -0.036880374 0.0300636478 0.305295289
v -0.0448588096 0.0279019158 0.306158572
v -0.0364554673 0.0293065365 0.302500069
v -0.249223188 -0.161285311 0.0837369189
v -0.247753561 -0.162788123 0.0835458785
v -0.245589554 -0.161228999 0.0852527842
v -0.245824248 -0.163791135 0.0829857513
v -0.247064173 -0.159716681 0.0854468122
v -0.2480468 -0.157846913 0.0852527916
v -0.248415217 -0.155697554 0.0846835524
v -0.250556052 -0.157278344 0.0829857439
v -0.248047218 -0.153346479 0.0837519765
v -0.243160471 -0.156880468 0.0881048143
v -0.24455002 -0.152843654 0.08731094
v -0.244158253 -0.154998124 0.0879027396
v -0.241678581 -0.158411101 0.0879027247
v -0.244213849 -0.150496662 0.0863439441
v -0.243027836 -0.148036733 0.0850162208
v -0.248927653 -0.152446419 0.0808100253
v -0.244613156 -0.148350567 0.0808532014
v -0.241770282 -0.146019056 0.0790648758
v -0.234997764 -0.141381413 0.0796372294
v -0.238637492 -0.144112483 0.077271916
v -0.235560209 -0.142866284 0.0756403282
v -0.228690147 -0.136648521 0.0834957957
v -0.225728929 -0.135511369 0.0817045122
v -0.145770833 -0.0742266998 0.142248482
v -0.215813756 -0.128093705 0.0875905678
v -0.201171219 -0.117139451 0.0962829888
v -0.22312884 -0.135256216 0.0802640691
v -0.232883915 -0.142515942 0.0743361115
v -0.227064073 -0.140290737 0.0755955204
v -0.213290781 -0.127934754 0.0860145986
v -0.198762164 -0.117122576 0.0945068523
v -0.211107105 -0.12849839 0.0848470777
v -0.220904529 -0.13573879 0.0792010501
v -0.219070643 -0.136814833 0.0785419866
v -0.225224584 -0.141325533 0.0749794021
v -0.226397499 -0.147202373 0.0727890208
v -0.226005748 -0.149267495 0.073379077
v -0.226323336 -0.151545748 0.074336119
v -0.228012964 -0.150701091 0.0719003007
v -0.228349209 -0.152982414 0.0728326142
v -0.229826167 -0.154029787 0.0714187175
v -0.227483571 -0.153982818 0.0756403282
v -0.231025696 -0.156481415 0.0726681426
v -0.232061133 -0.157211795 0.0711480826
v -0.2332066 -0.159046918 0.0742417201
v -0.231695428 -0.157984167 0.0757050216
v -0.236033052 -0.161466882 0.0759773701
v -0.0123931523 0.0248507541 0.217057958
v -0.00965876319 0.0234371163 0.215336993
v -0.0102247251 0.0213669222 0.217230111
v -0.0075658448 0.0193396285 0.214980692
v -0.0152914496 0.0259745829 0.217687592
v -0.00803877041 0.018083578 0.217559591
v -0.0129998513 0.0229486302 0.218740508
v -0.0158975143 0.024109304 0.219310939
v -0.0169715211 0.0307824984 0.214420184
v -0.0133638708 0.0218073558 0.220240802
v -0.010619428 0.0201758482 0.219103456
v -0.0162611511 0.0229901355 0.220707849
v -0.0164548755 0.0223939102 0.221868798
v -0.0135633992 0.0212023947 0.221527755
v -0.0108739408 0.0195810311 0.220794767
v -0.0136766247 0.0209092144 0.222570196
v -0.00844038744 0.0175558608 0.219960168
v -0.00635978719 0.015165315 0.219517455
v -0.0058054938 0.0155680338 0.216686025
v -0.00410319306 0.0126667097 0.217559591
v -0.00276247691 0.0127283465 0.214980692
v -0.00165604497 0.00957312435 0.217230096
v -0.00523600215 0.0122226058 0.222904503
v -0.00291079469 0.00956580229 0.21910347
v -0.00355514907 0.00950755458 0.220794752
v -0.00662796758 0.0149704693 0.221499115
v -0.002207221 0.00645151129 0.220240816
v -0.00100931677 0.00644504232 0.218740508
v 0.000987190404 0.0064342604 0.217057928
v -0.000800878624 0.0033305299 0.219310939
v 0.00116039102 0.00333053106 0.217687592
v -0.00284422934 0.00644869078 0.221527755
v -0.00681565423 0.0148341088 0.222796381
v -0.00338638551 0.0063952757 0.223336995
v -0.00260454975 0.00333052943 0.221868798
v -0.00197764044 0.0033305299 0.220707849
v -0.00408774428 0.00938448124 0.223120749
v -0.00220722123 0.000209548321 0.220240802
v -0.00291626155 0.00333052943 0.222784385
v -0.00100931677 0.000216018321 0.218740508
v 0.00098719052 0.000226801712 0.217057958
v 0.0053468775 0.00333053153 0.21507284
v 0.00521381851 0.000246960175 0.214420184
v 0.0048745703 -0.00267318194 0.212613836
v 0.00438906392 -0.00526646478 0.209805414
v 0.000487715093 -0.00281059928 0.215336993
v -0.000317909406 -0.0057153441 0.212692738
v -0.00165604544 -0.00291206362 0.217230111
v -0.000970884692 -0.0080095008 0.208968997
v -0.00276247947 -0.00606728485 0.214980692
v -0.00291079562 -0.00290474179 0.219103456
v -0.00410319585 -0.00600564852 0.217559591
v -0.0010124126 -0.00921513792 0.204009682
v -0.00355514977 -0.00284649525 0.220794767
v -0.00284422934 0.000212368046 0.221527755
v -0.00315804873 0.000229454119 0.222570196
v -0.00502959313 -0.00566695211 0.221713334
v 0.00365767349 -0.00840713177 0.201464951
v 0.00348039414 -0.0087462198 0.19646953
v -0.000926858629 -0.00953295454 0.198575348
v 0.00329406746 -0.0083418563 0.191545352
v -0.00119858829 -0.00916364603 0.19342652
v 0.00324461097 -0.00715617975 0.187048092
v 0.0109350299 -0.00677420758 0.18322292
v 0.010928723 -0.00488546444 0.179520324
v 0.0110109355 -0.00245034182 0.17669639
v 0.00347794476 -0.00515132444 0.183333516
v 0.00381459016 -0.0025820639 0.180514559
v 0.00407506898 0.000296828308 0.178704143
v 0.000370732683 0.000258580083 0.180847585
v -0.000800757261 -0.00563207548 0.185263813
v -8.37834959e-05 -0.00275006145 0.18258141
v -0.00112462451 0.00333053502 0.181178614
v -0.00194627559 -0.00287768221 0.183278084
v -0.00132431625 -0.00792431831 0.188882828
v -0.00299665146 -0.00601227162 0.185583934
v -0.00132670824 0.000232522376 0.181749001
v -0.00234517269 0.000216887813 0.181836471
v -0.00303497515 -0.00288827368 0.182985738
v -0.00211882615 0.00333053479 0.181369767
v -0.00265446375 0.00333053432 0.181043878
v -0.00234516361 0.00644418132 0.181836471
v -0.00303495815 0.0095493421 0.182985738
v -0.00289246207 0.00644593826 0.181384355
v -0.00359799387 0.00950142927 0.18211931
v -0.00419898191 0.0126375314 0.184566692
v -0.00299662957 0.0126733398 0.185583934
v -0.00476258853 0.0124370931 0.182962194
v -0.00587383471 0.015518371 0.185465068
v -0.00638423068 0.0151475463 0.183410585
v -0.00809611473 0.0180014819 0.184566692
v -0.00769051211 0.0191339254 0.185583934
v -0.00989293307 0.0229123011 0.18258141
v 0.0260300916 -0.139760658 0.151163489
v 0.00941138063 -0.112980649 0.164840505
v 0.0349571966 -0.169277012 0.136111259
v 0.021095423 -0.141364023 0.151163504
v 0.00712177996 -0.113005809 0.162665024
v 0.0186336283 -0.141641155 0.14993912
v 0.00523200491 -0.112564199 0.159776703
v 0.0302422103 -0.170809001 0.136111274
v 0.0163749978 -0.14146027 0.147996277
v 0.0326583236 -0.17022343 0.136488855
v 0.0039002758 -0.111577034 0.15626289
v 0.0144691253 -0.140740171 0.145408288
v 0.00316549023 -0.110217117 0.152435184
v 0.0122179696 -0.13765423 0.138801292
v 0.0130656101 -0.139399678 0.142248496
v 0.0256221779 -0.170563281 0.133327514
v 0.0222249534 -0.167871013 0.128234118
v 0.0119797215 -0.135719284 0.135351166
v 0.0237002224 -0.169564769 0.131039888
v 0.0208869763 -0.163430288 0.122097164
v 0.0212644953 -0.165740162 0.125167444
v 0.0324253254 -0.197233766 0.117452815
v 0.0298151057 -0.192710817 0.11227496
v 0.0385413282 -0.219619825 0.103253648
v 0.0278498307 -0.170950159 0.13503772
v 0.0365608297 -0.199077189 0.120946646
v 0.0551820844 -0.265432715 0.086343959
v 0.0401444547 -0.221943051 0.105428413
v 0.0412098318 -0.198543638 0.122203179
v 0.056861192 -0.258316547 0.0922727212
v 0.0505648702 -0.255265772 0.0891929343
v 0.0504705682 -0.244463488 0.0984366983
v 0.0447061919 -0.239327312 0.0938117579
v 0.0488807186 -0.252543539 0.0874181911
v 0.0434687249 -0.236250117 0.091679737
v 0.0373798348 -0.216802165 0.10086526
v 0.0508335494 -0.258323252 0.077271916
v 0.0294365995 -0.187511459 0.107080184
v 0.0505992733 -0.255011499 0.0756403357
v 0.0317137018 -0.183712393 0.103541926
v 0.037486773 -0.208723605 0.0945068672
v 0.0256822165 -0.156516507 0.114155009
v 0.0279112943 -0.155613586 0.113770179
v 0.0499395765 -0.236791879 0.0785420015
v 0.0425535105 -0.204680458 0.0920697004
v 0.0483494848 -0.238203466 0.0792010576
v 0.0401747711 -0.180963248 0.103541926
v -0.0269551221 0.021801129 0.265767395
v -0.0272064116 0.0226804726 0.270692885
v -0.0315359198 0.0213597268 0.270724654
v -0.0328515694 0.0236852393 0.282060057
v -0.0362748615 0.0203426722 0.276295751
v -0.0310459118 0.0204985198 0.265791804
v -0.0354095474 0.0193430968 0.270763516
v -0.0337969176 0.0174336676 0.258890331
v -0.0385993421 0.0167690367 0.270798802
v -0.039680969 0.0176608507 0.276341349
v -0.0306707937 0.019826619 0.261741489
v -0.0421134718 0.0144986259 0.276368707
v -0.0365835987 0.0150662242 0.258910537
v -0.040877372 0.013776008 0.270819992
v -0.0398722924 0.013183794 0.265865028
v -0.0304128267 0.0193352383 0.258868188
v -0.0391028672 0.0127235027 0.261800408
v -0.04235778 0.0104687521 0.270830601
v -0.0452755243 0.0115726348 0.282231897
v -0.044545237 0.00721336529 0.276386976
v -0.0461904332 0.00752029615 0.282237619
v -0.0464517213 0.00333053316 0.282237619
v -0.0447882637 0.00333053339 0.276386946
v -0.0483673923 0.00333053339 0.288089216
v -0.0461904332 -0.000859228836 0.282237619
v 0.110097073 0.170397505 0.378841251
v 0.134624302 0.164545685 0.384129018
v 0.125447631 0.166785643 0.381917566
v 0.138164774 0.16226317 0.384443671
v 0.126009539 0.164672837 0.381315768
v 0.090510346 0.174759582 0.37557739
v 0.090252772 0.172696292 0.374713749
v 0.109967157 0.168321744 0.378029794
v 0.140942261 0.158312887 0.384820253
v 0.110298999 0.164818481 0.377818763
v 0.12747483 0.161002979 0.381356508
v 0.149872884 0.157307759 0.387989819
v 0.128387272 0.154584259 0.381702721
v 0.151580274 0.150590807 0.388578176
v 0.142331213 0.151823744 0.38528657
v 0.0902432129 0.169199541 0.374426425
v 0.157170251 0.150456011 0.391646564
v 0.160198763 0.12334194 0.393530875
v 0.15268071 0.139906824 0.38930589
v 0.147304922 0.103831179 0.388526469
v 0.0463008359 0.0202185232 0.3253856
v 0.0461416729 0.0185297243 0.325958431
v 0.0597611815 0.0175732337 0.331753492
v 0.0328569971 0.0197971277 0.321278751
v 0.0329895951 0.0216267481 0.320699006
v 0.0204829555 0.0233007856 0.317080766
v 0.0203748886 0.021303758 0.317666084
v 0.0460461713 0.0157150589 0.326302141
v 0.0203100499 0.0179753825 0.318017304
v 0.0327774324 0.0167477578 0.321626663
v 0.0596482083 0.0149356965 0.332092255
v 0.00911206566 0.0193395261 0.315425694
v 0.0090865586 0.0146095958 0.315602541
v 0.0327376574 0.0127835777 0.32180059
v 0.0202776287 0.0136484932 0.318192929
v 0.00907805469 0.00333052874 0.31566146
v 0.0459984206 0.0120559931 0.326474011
v 0.0202668216 0.00333052874 0.318251461
v 0.0459825024 0.00783399493 0.326531291
v 0.219902933 -0.0922113955 0.566140294
v 0.220360965 -0.079099901 0.573747337
v 0.224070445 -0.0762655959 0.568548977
v 0.221002623 -0.0776309147 0.571122289
v 0.222338095 -0.0647411793 0.581240594
v 0.221262038 -0.0626817122 0.575966477
v 0.22063376 -0.0637694746 0.578785419
v 0.226285368 -0.0654252097 0.582892537
v 0.220637918 -0.0463757925 0.581684649
v 0.226290584 -0.0474149846 0.585978985
v 0.222345114 -0.0470045246 0.584243536
v 0.224312618 -0.0616495162 0.573223233
v 0.232385859 -0.0474936292 0.586433649
v 0.221257657 -0.0456422977 0.578759015
v 0.239464357 -0.0472928621 0.585790992
v 0.232031912 -0.0274986699 0.587731183
v 0.224292845 -0.0449175499 0.57592392
v 0.220898449 -0.0266526099 0.579903126
v 0.221998662 -0.0273976028 0.585479558
v 0.220290214 -0.0270745531 0.582874596
v 0.225940377 -0.027559666 0.587253332
v 0.219507247 -0.00602144795 0.582785308
v 0.225154966 -0.00603658101 0.587188661
v 0.221218839 -0.00608935254 0.585403204
v 0.22009328 -0.00585259357 0.579801738
v 0.219925717 0.016751267 0.58446902
v -0.0639948845 0.0179753844 0.317572206
v -0.075575076 0.0167477578 0.32093671
v -0.0756546333 0.0197971296 0.320588827
v -0.0757872388 0.0216267519 0.320008993
v -0.0883725956 0.0202185251 0.324495316
v -0.0759596154 0.0225415602 0.319255292
v -0.0885795057 0.0210629255 0.323750615
v -0.0641677976 0.0233007856 0.316635638
v -0.0888182446 0.0213443898 0.322891384
v -0.0761585161 0.0228464976 0.318385571
v -0.0765828416 0.0228464976 0.316530228
v -0.0644703805 0.0246321373 0.31499663
v -0.0643082783 0.0242992975 0.315874666
v -0.0640597269 0.0213037618 0.317220986
v -0.0538500212 0.0262525082 0.313493699
v -0.0536544658 0.022977937 0.314849496
v -0.0537394919 0.0251609795 0.314259976
v -0.0648161992 0.0246321373 0.313123524
v -0.0541135967 0.0266163461 0.311666369
v -0.0539775565 0.0266163442 0.312609524
v -0.0447275415 0.027127685 0.31276691
v -0.0449037589 0.0287141632 0.311109066
v -0.0448093563 0.0283175446 0.311997175
v -0.0446646027 0.0247479696 0.313359022
v -0.036831893 0.0301873665 0.3111853
v -0.0450044535 0.0287141651 0.31016174
v -0.0367778651 0.0289084669 0.311956912
v -0.0367363058 0.0263506752 0.312550485
v -0.0446268469 0.0207817778 0.313714266
v -0.053603448 0.0193395261 0.31520313
v -0.0535779446 0.0146095967 0.315379977
v -0.063962467 0.013648496 0.317747802
v -0.0367113687 0.0220876839 0.312906623
v -0.0366989039 0.0165457968 0.313084662
v -0.029503312 0.0230427887 0.312581182
v -0.0295157079 0.0275228508 0.312224686
v -0.0295363683 0.0302108862 0.311630487
v -0.0226489641 0.0280013066 0.312182486
v -0.0294971131 0.0172187109 0.312759429
v -0.0295632295 0.0315549038 0.310858071
v -0.0226489641 0.0307425037 0.311588198
v -0.0295942202 0.032002911 0.309966803
v -0.0368942358 0.0306136627 0.310294986
v -0.0370272249 0.0306136664 0.308395594
v -0.0451051518 0.0287141651 0.309214413
v -0.0542496406 0.0266163442 0.310723245
v -0.0542636551 0.026345659 0.309541792
v -0.0450939164 0.0285111051 0.307976782
v -0.0767978802 0.0225505158 0.315618575
v -0.0649110526 0.0234440286 0.31081292
v -0.0540336333 0.0255335905 0.307883739
v -0.0770187005 0.0216625612 0.314738929
v -0.0898841843 0.0202185251 0.319454372
v -0.0773993507 0.0198354572 0.314030826
v -0.0902098119 0.0185297262 0.318881541
v -0.0653122589 0.0214570649 0.309714288
v -0.10368263 0.0175732356 0.324677587
v -0.0780939162 0.0167220086 0.31363377
v -0.103934325 0.0149356984 0.324338824
v 0.0480856374 -0.223374456 0.0838675499
v 0.0423217341 -0.181494594 0.105055436
v 0.0442500412 -0.182698339 0.107080184
v 0.0381886438 -0.157808661 0.122097149
v 0.0560002998 -0.23571758 0.0792010576
v 0.0563754402 -0.225539625 0.0875905827
v 0.0617642701 -0.241029859 0.0834958181
v 0.0458458103 -0.1846724 0.109563887
v 0.0580834523 -0.236634597 0.0802640915
v 0.039240934 -0.159899279 0.125167429
v 0.0310315434 -0.131541327 0.138801306
v 0.0230211001 -0.1053643 0.15626289
v 0.0225239471 -0.106945708 0.159776703
v 0.0313717425 -0.133451656 0.142248496
v 0.0397163928 -0.16218771 0.128234118
v 0.0395184271 -0.16442512 0.131039903
v 0.0369756371 -0.167985007 0.13503772
v 0.0666698813 -0.25917089 0.0850162283
v 0.0476032719 -0.189773068 0.1149818
v 0.0467211902 -0.194479942 0.119456425
v 0.0593889616 -0.231077343 0.091679737
v 0.0585520454 -0.241837636 0.0984367058
v 0.0601965636 -0.234294206 0.0938117802
v 0.0433948152 -0.197600141 0.121877559
v 0.0508595072 -0.222888246 0.109280884
v 0.0487753265 -0.22382921 0.109560512
v 0.0548648015 -0.244238511 0.0993823409
v 0.0568678416 -0.243299603 0.0991397649
v 0.0597679093 -0.239850715 0.0972978994
v 0.0609363765 -0.256992459 0.0922727212
v 0.0637076944 -0.253444284 0.0906057954
v 0.0665254518 -0.26870203 0.0846835598
v 0.0589882843 -0.257929951 0.0924902335
v 0.0615789704 -0.266403586 0.0881048292
v 0.054670997 -0.258061767 0.0916384906
v 0.0573103279 -0.266477704 0.0873109549
v 0.0594804138 -0.266770869 0.0879027396
v 0.0609881431 -0.271516204 0.0852527991
v 0.0532090552 -0.263544619 0.0850162208
v 0.0567078367 -0.270125926 0.0837519765
v 0.0588301383 -0.271202415 0.0846835598
v 0.0515046269 -0.260721982 0.0833422467
v 0.0547330678 -0.268194556 0.0824709013
v 0.0530176312 -0.265316099 0.0808532014
v 0.0525116473 -0.264324069 0.0774641559
v 0.0555797666 -0.270685136 0.0808100253
v 0.0581645258 -0.274446785 0.0805360302
v 0.0544697791 -0.269565135 0.0777130201
v 0.0432801731 -0.227550119 0.0860146061
v 0.047203172 -0.240169793 0.080264084
v 0.0496695526 -0.247974947 0.0765922666
v 0.0521752872 -0.250328094 0.0733790845
v 0.0510931015 -0.25235793 0.074336119
v 0.0523278266 -0.244538844 0.0749794096
v 0.0518317111 -0.235904336 0.0783134624
v 0.0514073186 -0.257384986 0.0741066337
v 0.0541867539 -0.243652731 0.0747665018
v 0.0562114939 -0.243276954 0.0749794096
v 0.0583078898 -0.243521005 0.0755955204
v 0.057554584 -0.247637182 0.0727890208
v 0.0603817813 -0.244494364 0.076592274
v 0.0555457696 -0.248002127 0.0725857317
v 0.0537060946 -0.248887628 0.0727890208
v 0.0563037768 -0.250335068 0.0711301863
v 0.0529565439 -0.252667695 0.0719003007
v 0.0544749834 -0.251220584 0.0713270605
v 0.0518876128 -0.254710972 0.0728326142
v 0.0550351106 -0.252920061 0.0699497536
v 0.0524668656 -0.256426454 0.0714187175
v 0.0535259694 -0.254372865 0.0705077946
v 0.0568558127 -0.252034038 0.0697589517
v 0.0539207943 -0.255555063 0.0690570325
v 0.0519962795 -0.259114921 0.0726681501
v 0.0526666604 -0.263682604 0.0726800412
v 0.0524046719 -0.260314435 0.0711480975
v 0.0528686531 -0.257616311 0.0699367076
v 0.0529360771 -0.264470279 0.0708179921
v 0.0526709668 -0.261096597 0.0693697035
v 0.0541782342 -0.256325871 0.0674035475
v 0.0561920442 -0.272485971 0.0792865977
v 0.0585817993 -0.275684118 0.0788409635
v 0.0532910004 -0.258866906 0.066137448
v 0.0602775142 -0.275542438 0.0814469606
v 0.0543355383 -0.256796777 0.0654028133
v 0.0596720017 -0.27372697 0.0829857513
v 0.0618224256 -0.27404952 0.0835458934
v 0.0638947114 -0.273697555 0.0837369338
v 0.0630700439 -0.27115947 0.0854468346
v 0.0649640262 -0.270224363 0.0852527991
v 0.0634926111 -0.265467227 0.0879027396
v 0.0657781288 -0.272764236 0.0835458934
v 0.0679055005 -0.273063958 0.0814469606
v 0.0661834776 -0.261858135 0.086343959
v 0.0676096752 -0.266583681 0.0837519839
v 0.0663897023 -0.255885541 0.0833422542
v 0.0689709261 -0.270935565 0.0805360377
v 0.0668384656 -0.256966203 0.0790648833
v 0.0623389781 -0.246306464 0.0779470429
v 0.0640853196 -0.24906671 0.0796372443
v 0.0661715344 -0.256007552 0.0757050291
v 0.0617083125 -0.248908818 0.0743361264
v 0.0636675656 -0.250765353 0.0756403357
v 0.0649492964 -0.254906207 0.0726681575
v 0.0596397109 -0.247902751 0.0733790845
v 0.0603828467 -0.25025472 0.0719003081
v 0.0624486357 -0.251279473 0.0728326216
v 0.231483191 0.00757921999 0.0984367058
v 0.232353121 0.0055256784 0.0991397649
v 0.232353121 0.0011353998 0.0991397649
v 0.231483191 -0.000918142963 0.0984366983
v 0.209663004 -0.00290182908 0.107180655
v 0.185702175 -0.00125580642 0.120946646
v 0.186631352 0.00333053805 0.122203179
v 0.18640919 0.000960934442 0.121877559
v 0.204933763 -0.00510179391 0.103253648
v 0.182670996 -0.00461925287 0.117452815
v 0.180265695 -0.0054602325 0.1149818
v 0.156121135 -0.0034662541 0.133327514
v 0.154577583 -0.00498558301 0.131039888
v 0.157177493 -0.0014671816 0.13503772
v -0.0400173366 0.0243575387 0.293604434
v -0.0470965281 0.0122565059 0.288082272
v -0.0345939584 0.026704004 0.293415666
v -0.0384776816 0.0229119007 0.287950099
v -0.0424344242 0.0199328493 0.288019687
v -0.0409606807 0.0187153425 0.282180339
v -0.0435759537 0.0153501248 0.282214701
v -0.0336726867 0.0251671132 0.287873566
v -0.037298657 0.021530861 0.282123029
v -0.0283021983 0.0265994594 0.287810981
v -0.0287312847 0.0281872749 0.293309301
v -0.0226489622 0.0287131127 0.293276697
v -0.0278811082 0.0250670202 0.282008469
v -0.0226489585 0.0255647581 0.281985551
v -0.0174168106 0.0250670202 0.282008469
v -0.016566636 0.0281872749 0.293309301
v -0.016176993 0.029655505 0.298200697
v -0.0226489585 0.0242551994 0.276186258
v -0.0116252331 0.0251671132 0.287873566
v -0.0300197266 -0.0193543285 0.193867266
v -0.0301724263 -0.0198242813 0.199156329
v -0.0279031023 -0.0209309012 0.19342652
v -0.0267632827 -0.0204283539 0.188882813
v -0.0326615572 -0.0198441669 0.198575348
v -0.0327791534 -0.0195367578 0.204009682
v -0.0335214026 -0.0185857844 0.208968997
v -0.0295638535 -0.017951265 0.211826265
v -0.0300582871 -0.019472992 0.20487377
v -0.0281703658 -0.0213034526 0.198575348
v -0.0254415609 -0.0184867233 0.214980692
v -0.0257972423 -0.0171925779 0.217559591
v -0.0220988579 -0.0185639914 0.217230111
v -0.0226420332 -0.0241386797 0.183333546
v -0.0224796366 -0.0173683912 0.219103456
v -0.0226233546 -0.0167375728 0.220794767
v -0.0257613938 -0.0162068587 0.221713334
v -0.0226708874 -0.0161930136 0.223120764
v -0.0196112543 -0.0159363374 0.223336995
v -0.0194945186 -0.0164684635 0.221527755
v -0.0193003565 -0.0170751642 0.220240802
v -0.0164549071 -0.015732849 0.221868798
v -0.0166226663 -0.0152165405 0.223445117
v -0.0189240314 -0.0182124432 0.218740508
v -0.0136766518 -0.0142481588 0.222570166
v -0.0162611827 -0.0163290743 0.220707849
v -0.0137817618 -0.0140422247 0.223336995
v -0.0139569463 -0.0136989998 0.223797098
v -0.0158975441 -0.0174482428 0.219310939
v -0.0133638978 -0.0151462974 0.220240816
v -0.0135634253 -0.0145413373 0.221527755
v -0.0111555895 -0.0124514773 0.223120749
v -0.0108739603 -0.0129199736 0.220794752
v -0.01101935 -0.0126385558 0.222141758
v -0.011382658 -0.0121396808 0.223708153
v -0.01425712 -0.0131025743 0.224027097
v -0.00908459071 -0.0102094933 0.223619208
v -0.00864717457 -0.0106461262 0.221713334
v -0.00881120563 -0.0104823885 0.222904503
v -0.0106194485 -0.0135147907 0.21910347
v -0.00956104416 -0.00973922573 0.223976627
v -0.0123824887 -0.0107667828 0.22409977
v -0.0274958108 -0.0115865078 0.224094614
v -0.0226696841 0.0218123477 0.22400187
v -0.00421263138 0.00333052943 0.224039704
v -0.00617450615 -0.00507805543 0.223976627
v -0.244239897 0.159146264 0.0684536099
v -0.238815993 0.15787071 0.0558650605
v -0.241501808 0.158277318 0.0560523458
v -0.236604542 0.15832527 0.0545193814
v -0.238835186 0.157994807 0.0545733273
v -0.23480539 0.159257114 0.0544869043
v -0.235039651 0.15949823 0.0539056286
v -0.23677592 0.158590212 0.0539138205
v -0.238948479 0.158284247 0.0539275371
v -0.241539627 0.158698514 0.0539468192
v -0.241487965 0.15840289 0.0546486154
v 0.178560898 0.173378289 0.445038438
v 0.177940741 0.175171286 0.436567158
v 0.175418243 0.1742962 0.43656078
v 0.172030553 0.166751444 0.426949799
v 0.172964603 0.163062483 0.42601639
v 0.17317237 0.159743637 0.443023175
v 0.171889618 0.170623213 0.427620828
v 0.171141744 0.172349527 0.420184612
v 0.172691911 0.173991591 0.428059995
v 0.174587429 0.176170364 0.428298056
v 0.174433514 0.161816299 0.416927874
v 0.172689527 0.164551854 0.418371648
v 0.171612203 0.168252155 0.419739634
v 0.177101865 0.177142188 0.428302497
v 0.173504874 0.178238571 0.420329839
v 0.171649054 0.17596975 0.420212656
v 0.170057192 0.178437039 0.412388235
v 0.172267273 0.165737063 0.412389249
v 0.171137303 0.169414595 0.414148122
v 0.170351252 0.173679039 0.414353967
v 0.171678379 0.166480705 0.409074426
v 0.169680506 0.174169287 0.411037028
v 0.170655891 0.170018002 0.410898685
v 0.169758275 0.170061558 0.409275174
v 0.170625404 0.166674241 0.407530636
v 0.168706357 0.174017608 0.409434766
v 0.168810949 0.166209087 0.406861216
v 0.167005613 0.173421383 0.408748269
v 0.168034792 0.169544384 0.408561349
v 0.167579278 0.177915126 0.407826841
v 0.168707669 0.178246111 0.409170806
v 0.16769281 0.181559935 0.404981613
v 0.165877089 0.177236319 0.407284498
v 0.164802924 0.180385485 0.404032469
v 0.166486755 0.181126833 0.404268801
v 0.165547207 0.183410928 0.399611503
v 0.169073656 0.182060599 0.405694604
v 0.162061244 0.179109231 0.404035211
v 0.171281889 0.183004647 0.405931532
v 0.172344923 0.180512726 0.412819773
v 0.166731656 0.183953837 0.399634689
v 0.17609489 0.179253355 0.420343518
v 0.170287281 0.185314283 0.399653047
v 0.181188613 0.172882348 0.444840848
v 0.167159975 0.186045736 0.393998355
v 0.178911731 0.171800688 0.453617424
v 0.165919945 0.185270742 0.394295305
v 0.164879143 0.184525639 0.394705564
v 0.164635807 0.18414171 0.390288651
v 0.165492639 0.185003653 0.389676303
v 0.161236122 0.181259319 0.399966359
v 0.163122937 0.183170572 0.390817076
v 0.165684804 0.182645544 0.386490613
v 0.163482606 0.180988863 0.38768208
v 0.164970502 0.181929842 0.387098461
v 0.160497963 0.181707919 0.391510665
v 0.15151982 0.177275643 0.397277892
v 0.157681704 0.177071363 0.404039592
v 0.156973258 0.179114595 0.400361001
v 0.151930705 0.176549315 0.400820106
v 0.153797373 0.1682055 0.407256454
v 0.153148666 0.171778053 0.406353295
v 0.147352085 0.172175497 0.403976917
v 0.160122201 0.166609287 0.407602042
v 0.15436314 0.164488271 0.406876206
v 0.160680488 0.163290665 0.406001389
v 0.166001379 0.162864923 0.403574944
v 0.169180349 0.164019212 0.403785437
v 0.154763088 0.16119425 0.405352712
v 0.160923257 0.161030427 0.403238744
v 0.0682670102 0.281617671 0.0749825537
v 0.0681134015 0.281151503 0.0780629367
v 0.0661365166 0.281300664 0.0745015591
v 0.0678548515 0.280366778 0.080290556
v 0.0657166541 0.280042589 0.0797388777
v 0.0659796596 0.280830771 0.0775331855
v 0.0662306398 0.281582683 0.0703156963
v 0.0653041005 0.278805912 0.0814469606
v 0.0646985844 0.276990414 0.0829857513
v 0.063191101 0.277710229 0.0805360377
v 0.0638567135 0.274465859 0.0846835598
v 0.0617344193 0.273389399 0.0837519839
v 0.0625807792 0.275900066 0.0820694715
v 0.0636083782 0.278947562 0.0788409635
v 0.0606063418 0.27394858 0.0808100328
v 0.0612186193 0.275749385 0.0792866051
v 0.0572460182 0.260550827 0.0906057954
v 0.0525602102 0.247365043 0.0972978994
v 0.0535931401 0.256019354 0.0874181911
v 0.0564526692 0.264038533 0.0833422467
v 0.0580442138 0.268579572 0.0808532164
v 0.0588860214 0.271042794 0.0792203769
v 0.0599166378 0.274058163 0.076071091
v 0.0575382337 0.267587513 0.0774641633
v 0.0567053109 0.265155345 0.0790648833
v 0.0566813834 0.26398778 0.0757050365
v -0.0226489641 0.0301967841 0.298163921
v -0.015874235 0.030829208 0.302182376
v -0.00835141633 0.0300636478 0.305313528
v -0.000174573812 0.0279019158 0.306231588
v 0.00975049566 0.0263456609 0.309758365
v 0.00945514161 0.0255335905 0.308082253
v 0.00975825358 0.0266163442 0.310945809
v 0.0211681463 0.0234440286 0.311242014
v 0.00948617421 0.0266163442 0.312832087
v 0.021131359 0.0246321373 0.313568681
v 0.0212270077 0.0243351087 0.312518716
v 0.00935863703 0.0262525063 0.313716263
v 0.0207855422 0.0246321373 0.315441817
v 0.00924810488 0.0251609795 0.31448257
v 0.0206234399 0.0242992975 0.316319823
v 0.0333608761 0.0228464976 0.319075555
v 0.0331619754 0.0225415602 0.319945246
v 0.0337852016 0.0228464976 0.317220211
v 0.0339966156 0.022550514 0.316307515
v 0.0472558215 0.0213443898 0.321948588
v 0.0467464961 0.0213443898 0.323781669
v 0.0342065431 0.0216625612 0.31542483
v 0.0475223064 0.0210629255 0.321089327
v 0.0613755845 0.0199470185 0.326955199
v 0.0610792674 0.0202107709 0.327801973
v 0.0747915879 0.0195305999 0.334828615
v 0.0604767241 0.0202107709 0.329608411
v 0.0601942688 0.0199470185 0.330455184
v 0.0465077497 0.0210629217 0.32464087
v 0.0740858614 0.0195305999 0.336604148
v 0.0744387209 0.0195305999 0.335716397
v 0.0737550557 0.0192774739 0.337436438
v 0.0877573937 0.0191905145 0.343677968
v 0.0869711936 0.0189427026 0.345364213
v 0.0873516202 0.0191905145 0.344548255
v 0.0734683499 0.0185180958 0.338157743
v 0.0599494837 0.0191557556 0.331189036
v -0.0217722841 0.00333054131 0.292158425
v -0.0101011833 0.00333054131 0.292158425
v -0.0116648152 0.00916609168 0.292158425
v -0.011664819 -0.00250501628 0.292158425
v -0.0159367342 0.0134380125 0.292158425
v -0.0159367397 -0.0067769317 0.292158425
v -0.0217722841 0.0150016425 0.292158425
v -0.0217722896 -0.0083405599 0.292158425
v -0.0276078358 0.0134380106 0.292158425
v -0.0276078396 -0.00677692611 0.292158425
v -0.0318797529 0.00916609261 0.292158425
v -0.0318797529 -0.00250500673 0.292158425
v -0.0334433839 0.00333054294 0.292158425
v -0.0104775382 0.00985156652 0.290787488
v -0.0116648152 0.00916609168 0.292158425
v -0.0101011833 0.00333054131 0.292158425
v -0.0152512603 0.0146252895 0.290787488
v -0.00873023365 0.00333054131 0.290787488
v -0.0159367342 0.0134380125 0.292158425
v -0.011664819 -0.00250501628 0.292158425
v -0.0217722841 0.0163725931 0.290787488
v -0.0104775419 -0.00319049181 0.290787488
v -0.0217722841 0.0150016425 0.292158425
v -0.0159367397 -0.0067769317 0.292158425
v -0.0282933097 0.0146252867 0.290787488
v -0.0152512658 -0.00796420965 0.290787488
v -0.0276078358 0.0134380106 0.292158425
v -0.0217722896 -0.0083405599 0.292158425
v -0.0330670327 0.00985156745 0.290787488
v -0.0217722915 -0.00971150957 0.290787488
v -0.0318797529 0.00916609261 0.292158425
v -0.0276078396 -0.00677692611 0.292158425
v -0.0348143354 0.0033305434 0.290787488
v -0.0282933135 -0.00796420313 0.290787488
v -0.0334433839 0.00333054294 0.292158425
v -0.0318797529 -0.00250500673 0.292158425
v -0.0330670327 -0.0031904811 0.290787488
v 0.0251209065 0.01338745 0.195120662
v 0.0449673943 0.0113281496 0.188820228
v 0.0968872607 0.0107606268 0.162665039
v 0.0697707534 0.00878705736 0.178932101
v 0.0455896035 0.00624676608 0.193046093
v 0.0128586031 0.00923370942 0.208250165
v 0.0260835066 0.00632541766 0.203187212
v 0.0131020835 0.00637950934 0.210054249
v 0.0131992912 0.00333053223 0.210701868
v 0.0125169922 0.0116983522 0.205428421
v 0.0048745703 0.0093342457 0.212613806
v 0.00521381805 0.00641410332 0.214420184
v 0.0945329294 0.0133829471 0.15626289
v 0.0246073157 0.0144597115 0.190789372
v 0.0930125043 0.0136615289 0.152435184
v 0.0117319403 0.0146798547 0.197287127
v 0.0121253906 0.0135786608 0.201727808
v 0.00392690254 0.0139276227 0.20606558
v 0.00438906532 0.0119275283 0.209805414
v -0.000317907485 0.0123764072 0.212692738
v 0.00048771553 0.00947166234 0.215336993
v -0.000970880094 0.0146705648 0.208968997
v 0.00365767977 0.0150681976 0.201464951
v 0.0113760969 0.0150145898 0.192476153
v 0.0420879312 0.0140462015 0.172321886
v 0.0235742275 0.0143580735 0.181389004
v 0.0914983824 0.013273594 0.148605168
v 0.218213424 0.0113863023 0.0895424858
v 0.172501013 0.0111184195 0.107080184
v 0.249788463 0.01040731 0.0850162283
v 0.207638696 0.0109561309 0.10542842
v 0.252193868 0.00911431573 0.086343959
v 0.253940433 0.0110458089 0.0792203695
v 0.244012132 0.0110015273 0.077271916
v 0.228184685 0.0103725055 0.0817045197
v 0.215310231 0.0105455229 0.0875905678
v 0.213175699 0.00919116382 0.0860146135
v 0.196203887 0.0108010359 0.0962829962
v 0.194244996 0.00939868949 0.0945068747
v 0.192928538 0.00759753352 0.0931850448
v 0.144342914 0.0099477414 0.11697486
v 0.142780468 0.00572953885 0.114155009
v 0.168936655 0.00562394969 0.102592014
v 0.115327761 0.00584119931 0.126382947
v -0.142367408 -0.000606125221 0.355327904
v -0.12893194 0.00729552703 0.346469223
v -0.128957301 0.0110127116 0.346414804
v -0.16623266 0.00726718502 0.374197423
v -0.154983401 -0.00429674052 0.364614487
v -0.12893194 0.0033305306 0.346469164
v -0.166266173 -0.00429674098 0.374146968
v -0.155077338 -0.00749527337 0.364458889
v -0.142395929 -0.00429673959 0.355274737
v -0.142481506 -0.00749527197 0.355115205
v -0.155265197 -0.00995568279 0.364147723
v -0.166567653 -0.00995568372 0.373693019
v -0.128957301 -0.00435164897 0.346414834
v -0.142652631 -0.00995568186 0.354796052
v -0.12893194 -0.000634465367 0.346469194
v -0.155578315 -0.0114319278 0.363629073
v -0.142937854 -0.0114319278 0.354264259
v -0.15598537 -0.0121700522 0.362954825
v -0.167338148 -0.0121700522 0.372532874
v -0.129185542 -0.0100513315 0.345925301
v -0.143308654 -0.0121700503 0.353572845
v -0.129033372 -0.00757320831 0.346251637
v -0.129439145 -0.0115382038 0.34538132
v -0.115187243 -0.00780701777 0.33815524
v -0.115319565 -0.0103382776 0.337822318
v -0.115121081 -0.00451637805 0.338321686
v -0.115121081 0.0111774392 0.338321686
v -0.115187243 0.0144680794 0.33815521
v -0.10134086 0.0115068974 0.331282347
v -0.101397343 0.0149356965 0.331112981
v -0.101510331 0.0175732356 0.330774277
v -0.0881179273 0.0157150608 0.325411916
v -0.0880701765 0.012055994 0.325583726
v -0.0882134214 0.0185297262 0.325068176
v -0.206163928 0.161088333 0.404652566
v -0.21229364 0.104550228 0.414093465
v -0.213786945 0.103872359 0.408854365
v -0.213786945 0.1042502 0.412909389
v -0.214991182 0.0803047568 0.415625006
v -0.216505706 0.0800882727 0.414437562
v -0.217673242 0.053695254 0.417027295
v -0.213066399 0.0538787618 0.417319804
v -0.215412796 0.0256662704 0.418344587
v -0.219208896 0.0535581745 0.415836185
v -0.216505706 0.0797533542 0.410376281
v -0.221630991 0.0255612712 0.416854858
v -0.220076412 0.0256321281 0.418048859
v -0.213644832 0.10363695 0.406331331
v -0.219208866 0.0532750636 0.41176787
v -0.222146288 -0.00319361221 0.418467104
v -0.221630976 0.0253374632 0.412779987
v -0.21906276 0.0530989803 0.409236133
v -0.216361597 0.0795463547 0.407848805
v -0.223717153 -0.00336908828 0.413190931
v -0.223717153 -0.00320745935 0.417271107
v -0.225412756 -0.0320557058 0.416881412
v -0.225412756 -0.0321576819 0.41279754
v -0.223828658 -0.032094188 0.418078154
v -0.225262031 -0.0322276652 0.410256207
v -0.21907638 -0.0322879776 0.418375701
v -0.21743378 -0.003279767 0.418764204
v -0.209571853 -0.0326956809 0.417522281
v -0.208008692 -0.00349865924 0.417911232
v -0.192300275 -0.00386479381 0.415655375
v -0.223567709 -0.00347345835 0.410651565
v -0.221483037 0.0251967385 0.410244137
v -0.223119333 -0.00359343062 0.407904506
v -0.221039355 0.0250415187 0.407500625
v -0.218624473 0.0529084355 0.406497031
v -0.215929285 0.0793244317 0.405113995
v -0.217747837 0.0527103394 0.403642744
v -0.220151946 0.0248752348 0.404642016
v -0.220728099 -0.00388041022 0.402159423
v -0.218672886 0.0247019157 0.401762247
v -0.217513233 -0.00407112576 0.39919585
v -0.219156533 -0.0327752009 0.398792565
v -0.213623777 0.0788719878 0.399392247
v -0.213047847 -0.0331059135 0.395688325
v -0.215491414 0.0245282315 0.398801714
v -0.210524231 0.0787601769 0.396437079
v -0.215064719 0.079096809 0.402264237
v -0.209496647 0.0243634563 0.395701587
v -0.211455643 -0.0043220045 0.396093279
v -0.207977235 0.140361637 0.398174584
v -0.210757241 0.12417236 0.402174979
v -0.20922634 0.141154408 0.403725445
v -0.208055377 0.15279381 0.40292725
v -0.208809987 0.14079681 0.401005566
v -0.207641646 0.152355582 0.400214374
v -0.206589371 0.139836967 0.39532578
v -0.206814095 0.151766583 0.39739427
v -0.205434948 0.150990635 0.394561768
v -0.202468276 0.150456011 0.391646743
v -0.19981271 0.123704493 0.390434563
v -0.202130914 0.103015706 0.39183715
v -0.207222268 0.0523088016 0.394710988
v -0.192603022 0.103831142 0.388526618
v -0.197424069 0.0524113998 0.391410977
v -0.195020467 0.0793209225 0.390032947
v -0.190407842 0.124827579 0.387122333
v -0.178238645 0.105381817 0.384942323
v -0.199577749 0.0242216438 0.392402351
v -0.20143275 -0.00464615831 0.392792523
v -0.184623912 0.0241262969 0.388845354
v -0.18265228 0.0527285896 0.387850642
v -0.202940449 -0.033588063 0.392385721
v -0.186322123 -0.00504284864 0.389234304
v -0.187702373 -0.0342339315 0.388825685
v -0.167246193 -0.00546300411 0.385654449
v -0.164004073 0.0531957299 0.384265751
v -0.165745914 0.024077516 0.385265946
v -0.204052106 -0.0619998947 0.391033024
v -0.214221835 -0.0613501035 0.394335777
v -0.214926243 -0.0884233564 0.391960442
v -0.204719126 -0.089279443 0.388658285
v -0.205052629 -0.114321917 0.385524452
v -0.188720107 -0.0628973171 0.387472987
v -0.189330727 -0.0904787853 0.385098726
v -0.189636052 -0.115837723 0.381967932
v -0.170173943 -0.117572501 0.378387749
v -0.169904143 -0.0918401703 0.381517172
v -0.169364721 -0.0639099255 0.383891284
v -0.147582591 -0.0931957066 0.37814942
v -0.16846557 -0.0349530056 0.385243833
v -0.147124901 -0.0649148971 0.380523384
v -0.146362051 -0.0356615223 0.381875902
v -0.123139583 -0.0658121854 0.377604991
v -0.123509064 -0.0944081023 0.375231028
v -0.123693839 -0.120862313 0.372102201
v -0.0988267809 -0.0953827277 0.372997433
v -0.098966293 -0.122112408 0.369868785
v -0.145327508 -0.00586238876 0.382288516
v -0.0737813637 -0.123027317 0.368300021
v -0.144054636 0.0240720231 0.381900012
v -0.121688507 -0.00620789034 0.379371494
v -0.122523762 -0.0362918675 0.378957659
v -0.0980825648 -0.0367985107 0.376724392
v -0.0985477343 -0.0665335208 0.375371695
v -0.0735008717 -0.067061469 0.37380296
v -0.231555656 0.16406101 0.0654028058
v -0.234933808 0.171091542 0.0708179921
v -0.233148858 0.168808982 0.0671561733
v -0.237773821 0.173520043 0.0724231228
v -0.231927395 0.166349709 0.066137448
v -0.240918919 0.175542891 0.0740344897
v -0.23916927 0.174311891 0.077713035
v -0.243345603 0.176415235 0.0776129887
v -0.24227941 0.175662577 0.0792866126
v -0.244031608 0.176899448 0.0755015016
v -0.245027736 0.17608951 0.0805360377
v -0.246092603 0.176845297 0.078840971
v -0.243469968 0.174983785 0.0820694715
v -0.241309509 0.173450083 0.0837519839
v -0.245824262 0.17462112 0.0829857513
v -0.243659243 0.173073545 0.0846835598
v -0.245589554 0.17205897 0.0852527991
v -0.24738121 0.175733954 0.0814469606
v -0.24844189 0.176491961 0.0797388852
v -0.249306872 0.174737126 0.0820050165
v -0.247753561 0.173618093 0.0835458934
v -0.249223188 0.172115251 0.0837369338
v -0.247064158 0.170546651 0.0854468346
v -0.248046786 0.168676868 0.0852527991
v -0.250771642 0.173240274 0.0821958184
v -0.250198305 0.170253158 0.0835458934
v -0.250362307 0.175497442 0.0802905634
v -0.251742601 0.171384633 0.0820050165
v -0.25182265 0.174003884 0.080479838
v -0.250556052 0.168108329 0.0829857513
v -0.252791852 0.172153473 0.0802905634
v -0.248415202 0.166527525 0.0846835598
v -0.244550005 0.163608491 0.0873109624
v -0.248047203 0.164176449 0.0837519839
v -0.25209558 0.169245228 0.0814469606
v -0.246820569 0.1617015 0.0824709162
v -0.248927608 0.163276404 0.0808100328
v -0.25017345 0.165757224 0.0820694715
v -0.251706451 0.166897044 0.0805360377
v -0.250451118 0.164415166 0.0792866126
v -0.253144264 0.170019746 0.0797388777
v -0.252754301 0.16767627 0.078840971
v -0.253458291 0.172641844 0.0780629441
v -0.253812581 0.170513421 0.0775331855
v -0.252489328 0.174488246 0.0782453492
v -0.233607486 -0.158249199 0.0583918951
v -0.232172504 -0.155693531 0.0635047406
v -0.23192741 -0.155519754 0.0661374405
v -0.231555656 -0.153231025 0.0654028058
v -0.231518894 -0.155230105 0.0682288483
v -0.231151596 -0.152942508 0.0674035475
v -0.231504574 -0.150880009 0.0669018775
v -0.230490223 -0.152470246 0.0690570325
v -0.230850607 -0.154756248 0.0699367002
v -0.230849072 -0.150408015 0.0685202852
v -0.231796086 -0.148623765 0.0683376342
v -0.229842931 -0.14968349 0.0699497536
v -0.22947593 -0.151745871 0.0705077946
v -0.2307951 -0.147896498 0.0697589442
v -0.232200414 -0.146438718 0.0699497461
v -0.233200371 -0.147171721 0.0685202852
v -0.235050797 -0.146193177 0.0690570325
v -0.229349837 -0.146846488 0.0711301789
v -0.234048426 -0.145452365 0.0705077946
v -0.228390843 -0.148637831 0.0713270605
v -0.236328796 -0.145079702 0.0714187101
v -0.230619013 -0.142917901 0.0733790696
v -0.230757177 -0.145380825 0.071327053
v -0.228776023 -0.143928647 0.0727890134
v -0.227365345 -0.145404652 0.0725857243
v -0.23487629 -0.143998682 0.0728326067
v -0.237567827 -0.144368231 0.0741066188
v -0.239031106 -0.14546293 0.0726681426
v -0.240667254 -0.145635501 0.0757050216
v -0.248205453 -0.151044652 0.0777130201
v -0.251496464 -0.154366642 0.0776129737
v -0.252754331 -0.1568463 0.0788409561
v -0.250451118 -0.15358521 0.0792865977
v -0.251706481 -0.156067088 0.0805360302
v -0.25209558 -0.158415243 0.0814469606
v -0.25017345 -0.154927254 0.0820694715
v -0.251742601 -0.160554662 0.0820050016
v -0.250771642 -0.162410319 0.0821958035
v -0.250198334 -0.159423202 0.083545886
v -0.249306858 -0.16390717 0.0820050016
v -0.24738121 -0.164903983 0.0814469606
v -0.0403394587 0.00692453794 0.282966763
v -0.0406268798 0.0054055322 0.284458309
v -0.0407320894 0.00333053269 0.285004258
v -0.0399468318 0.00748053333 0.280929238
v -0.0395542048 0.00692453841 0.278891742
v -0.0392667875 0.00540553313 0.277400166
v -0.0391615778 0.00333053339 0.276854217
v -0.0392667875 0.00125553343 0.277400166
v -0.0395542048 -0.000263472204 0.278891712
v -0.0399468318 -0.000819467008 0.280929238
v -0.0403394587 -0.000263472495 0.282966733
v -0.0406268798 0.00125553284 0.284458309
v -0.121550709 0.0720979646 0.166215703
v -0.0795692131 0.0410809144 0.193046093
v -0.0638346896 0.0295518897 0.203187212
v -0.0976656377 0.0578985177 0.180988938
v -0.0779158846 0.04348436 0.193631589
v -0.0621348806 0.0320187882 0.203809738
v -0.0533642918 0.0218778402 0.210054249
v -0.0548449717 0.0194256324 0.208250165
v -0.0484448485 0.0146513972 0.212613806
v -0.049576357 0.0122680161 0.209805414
v -0.0503780879 0.0103782536 0.20606558
v -0.0516507924 0.0244016536 0.210701868
v -0.0460321903 0.00913817529 0.212692738
v -0.0508306995 0.00929726195 0.201464951
v -0.0470028818 0.0172132477 0.214420184
v -0.0452980548 0.0197861176 0.21507284
v -0.0435953252 0.0147125889 0.217057928
v -0.0449765809 0.0119616957 0.215336993
v -0.0508865863 0.00891873054 0.19646953
v -0.0565716401 0.0140525755 0.187664837
v -0.0557583906 0.0148958433 0.183222964
v -0.0497612283 0.0100665092 0.187048092
v -0.0504981652 0.00913634617 0.191545352
v -0.0465163961 0.00675952621 0.188882813
v -0.0473465696 0.00583078992 0.19342652
v -0.0477834791 0.00569173228 0.198575348
v -0.0475274548 0.00589856366 0.204009682
v -0.046995379 0.00333056948 0.199156329
v -0.0468523987 0.00689835427 0.208968997
v -0.0450259782 0.00333057041 0.211826265
v -0.0466260165 0.00333056995 0.20487377
v -0.0465012453 0.00333056948 0.193867266
v -0.047527466 0.000762575539 0.204009682
v -0.0473465733 0.000830348756 0.19342652
v -0.0477834828 0.00096940645 0.198575348
v -0.0508865938 -0.00225759367 0.19646956
v -0.0465163961 -9.83870414e-05 0.188882813
v -0.0508307107 -0.00263612391 0.201464951
v -0.0455926135 -0.00226059044 0.185263813
v -0.0440395735 -0.000662291364 0.185583934
v -0.0430468842 -0.0038156223 0.183278084
v -0.041719988 -0.00669600256 0.181749001
v -0.0444786549 -0.00501361489 0.18258141
v -0.0475337617 -0.00744093489 0.180514559
v -0.0487715825 -0.00516448449 0.183333516
v -0.0394666344 -0.0126853446 0.180847585
v -0.049761232 -0.00340537215 0.187048092
v -0.0373304896 -0.0148522314 0.182581425
v -0.0504981726 -0.00247520953 0.191545352
v -0.0565716475 -0.00739144208 0.187664837
v -0.0546431169 -0.00975902658 0.179520324
v -0.0557583906 -0.0082347095 0.18322292
v -0.0570435226 -0.00721626822 0.192476153
v -0.0655353591 -0.0156107889 0.177055612
v -0.0532782972 -0.0117774056 0.17669639
v -0.0571346655 -0.00769623416 0.197287098
v -0.0671748072 -0.0148693109 0.186089531
v -0.0665261149 -0.0149172852 0.181388989
v -0.0517164283 -0.0141028585 0.174890533
v -0.0460523181 -0.00992311258 0.178704143
v -0.0443591103 -0.0124427937 0.178051054
v -0.0424859859 -0.0148317562 0.178704143
v -0.0500099845 -0.016548397 0.174242139
v -0.0611435212 -0.021036014 0.168978646
v -0.0627754852 -0.0188391358 0.170722231
v -0.0801196173 -0.0265580043 0.168194473
v -0.081320703 -0.0260516815 0.172321886
v -0.100894459 -0.0402294956 0.165344313
v -0.0672069043 -0.0166116524 0.195120662
v -0.0568057075 -0.00881838426 0.201727808
v -0.0503781065 -0.00371711375 0.20606558
v -0.0468524061 -0.000237214495 0.208968997
v -0.0560173094 -0.0105697634 0.205428421
v -0.0460322052 -0.002477034 0.212692738
v -0.0495763831 -0.00560687622 0.209805414
v -0.0484448709 -0.00799025781 0.212613836
v -0.0548449941 -0.0127644949 0.208250165
v -0.0826534107 -0.0281675402 0.185409009
v -0.0533643141 -0.0152167035 0.210054249
v -0.0638347119 -0.0228907578 0.203187197
v -0.10055887 -0.0465296842 0.178932115
v -0.101476796 -0.0443860479 0.176538199
v -0.123457238 -0.0607268587 0.162665024
v -0.146707922 -0.078010872 0.147996277
v -0.191903606 -0.11160899 0.119456418
v -0.121550731 -0.0651762933 0.166215703
v -0.14375852 -0.0846607015 0.151596054
v -0.0621349066 -0.025357658 0.203809738
v -0.118365154 -0.0695608556 0.166215703
v -0.051650811 -0.0177405141 0.210701868
v -0.0497800298 -0.0201500542 0.210054249
v -0.0452980772 -0.01312498 0.21507284
v -0.0470029078 -0.0105521074 0.214420184
v -0.0435953438 -0.00805144664 0.217057958
v -0.0449766032 -0.00530055398 0.215336993
v -0.0433779508 -0.0155414315 0.214420184
v -0.0433018953 -0.00395839615 0.217230111
v -0.0419111364 -0.0106642218 0.217687592
v -0.0442613699 -0.000755425077 0.214980692
v -0.0399466902 -0.0130733894 0.217057928
v -0.0403244346 -0.00951141398 0.219310939
v -0.0419864692 -0.00686920388 0.218740508
v -0.0431404747 -1.72366199e-05 0.217559591
v -0.0410211459 -0.00615985831 0.220240802
v -0.042282477 -0.00322679523 0.219103456
v 0.0625934154 0.00333053106 0.325092286
v 0.0756851211 0.0169993397 0.33272016
v 0.0754312873 0.0185180958 0.33327499
v 0.0751279444 0.0192774758 0.333996356
v 0.0891407579 0.0167123917 0.34074071
v 0.0885449722 0.0189427026 0.341991782
v 0.0888788253 0.018199265 0.341284633
v 0.0760001242 0.0111774392 0.332220793
v 0.0881631672 0.0191905145 0.342807651
v 0.101763017 0.0180929881 0.350029141
v 0.100964397 0.019077152 0.351518333
v 0.0893067941 0.0142342709 0.340414345
v 0.101392232 0.0188311096 0.350720525
v 0.100051664 0.0190771502 0.353220254
v 0.0893981233 0.0110127116 0.340251148
v 0.102219388 0.0141563332 0.349178225
v 0.102048248 0.0166167431 0.349497288
v 0.114155471 0.0166167431 0.35876888
v 0.0996238217 0.0188311096 0.354018033
v 0.11434336 0.0141563322 0.358457714
v 0.0992530286 0.0180929881 0.354709387
v 0.0866415128 0.018199265 0.346071333
v 0.111493997 0.0188311096 0.363177419
v 0.111963674 0.0190771502 0.362399459
v 0.0863879025 0.0167123917 0.346615255
v 0.0732478127 0.0169993397 0.338712573
v 0.0731154904 0.0144680785 0.339045495
v 0.0989677981 0.0166167431 0.355241239
v 0.110773832 0.0166167431 0.364370227
v 0.0987966508 0.0141563322 0.355560333
v 0.0862357393 0.014234269 0.34694159
v 0.0595917143 0.0115068965 0.332261622
v 0.0861596465 0.0110127088 0.347104788
v 0.0730493292 0.0111774392 0.339211971
v 0.0595728867 0.00755059021 0.332318068
v 0.0730272755 0.00738054747 0.339267433
v 0.0987110883 0.0109577989 0.355719924
v 0.0595728867 0.0033305306 0.332318068
v 0.0459825024 0.0033305299 0.326531291
v 0.0459825024 -0.00117293489 0.326531291
v 0.0459984206 -0.00539493328 0.326474011
v 0.0596482083 -0.0082746353 0.332092285
v 0.0730272755 -0.00071948691 0.339267433
v 0.0730493292 -0.00451637805 0.339211971
v 0.0861596689 -0.00435164897 0.347104758
v 0.0987110883 -0.00429673959 0.355719924
v 0.0986825749 0.0033305299 0.355773091
v 0.110460721 -0.000606125686 0.364888906
v 0.110585958 0.0141563322 0.364681482
v 0.121290855 0.0109577989 0.374235988
v 0.121391356 0.0141563322 0.374084711
v 0.131353095 0.0109577989 0.383846372
v 0.12159235 0.0166167431 0.373782039
v 0.13135311 -0.00429674145 0.383846372
v 0.121257365 -0.00060612621 0.374286473
v 0.110492021 -0.00429674052 0.36483705
v 0.121290855 -0.00429674098 0.374235988
v 0.121391356 -0.00749527337 0.374084711
v 0.110585958 -0.0074952729 0.364681423
v 0.131458819 -0.00749527384 0.383699566
v 0.140887648 0.00726718362 0.393645048
v 0.150212035 -0.00060612784 0.403465182
v 0.150363877 0.0141563294 0.403281927
v 0.150250003 -0.00429674285 0.403419375
v 0.14092432 -0.00429674191 0.393597633
v 0.14103435 -0.00749527477 0.393455505
v 0.150591642 -0.00995568465 0.40300706
v 0.14125438 -0.00995568465 0.393171161
v 0.131670237 -0.00995568372 0.383405924
v 0.141621098 -0.0114319297 0.392697245
v 0.150971219 -0.0114319297 0.402548939
v 0.12159235 -0.00995568279 0.373782039
v 0.151464686 -0.012170054 0.401953399
v 0.142097846 -0.0121700522 0.392081171
v 0.132022604 -0.0114319297 0.38291648
v 0.121927351 -0.0114319287 0.373277664
v 0.132480666 -0.0121700522 0.382280231
v 0.142647937 -0.0124160936 0.391370326
v 0.152034089 -0.0124160945 0.401266187
v 0.153818175 -0.0121700522 0.39911297
v 0.143234715 -0.0124160936 0.390612096
v 0.13300921 -0.0124160936 0.38154614
v 0.143821478 -0.0124160936 0.389853865
v 0.133572996 -0.0124160945 0.380763084
v 0.12236283 -0.0121700522 0.372621924
v 0.144371569 -0.0121700522 0.38914299
v 0.134136796 -0.0124160936 0.379979998
v 0.144848332 -0.0114319297 0.388526917
v 0.154311642 -0.0114319297 0.39851743
v 0.154691234 -0.00995568465 0.398059309
v 0.135123402 -0.0114319297 0.378609657
v 0.145215049 -0.00995568465 0.38805306
v 0.14543508 -0.00749527477 0.387768716
v 0.154918984 -0.00749527523 0.397784412
v 0.155032858 -0.00429674238 0.397646993
v 0.14554511 -0.00429674145 0.387626499
v 0.135687187 -0.00749527384 0.377826601
v 0.155070826 -0.000606127665 0.397601157
v 0.155070826 0.0033305278 0.397601157
v 0.145581782 0.00333052804 0.387579113
v 0.145581782 0.00726718362 0.387579113
v 0.155070826 0.00726718316 0.397601157
v 0.135792896 0.0109577989 0.377679795
v 0.145545095 0.0109577989 0.387626499
v 0.14543508 0.0141563304 0.387768716
v 0.154918984 0.0141563294 0.397784412
v 0.154691234 0.0166167393 0.398059309
v 0.145215049 0.0166167393 0.38805306
v 0.135687187 0.0141563322 0.377826601
v 0.144848332 0.0180929843 0.388526917
v 0.154311642 0.0180929843 0.39851743
v 0.135475785 0.0166167393 0.378120244
v 0.153818175 0.0188311078 0.399112999
v 0.125411287 0.0141563322 0.36803174
v 0.135123417 0.0180929881 0.378609657
v 0.13466534 0.0188311096 0.379245907
v 0.153248772 0.0190771502 0.399800181
v 0.1248753 0.0180929881 0.368838817
v 0.123937301 0.0190771502 0.370251119
v 0.152034089 0.0190771502 0.401266187
v 0.142097861 0.0188311096 0.392081171
v 0.151464686 0.0188311096 0.401953399
v 0.133009225 0.0190771502 0.38154614
v 0.141621098 0.0180929843 0.392697215
v 0.150971219 0.0180929843 0.402548939
v 0.132480681 0.0188311096 0.382280231
v 0.150591627 0.0166167393 0.40300706
v 0.122865334 0.0190771502 0.371865302
v 0.14125438 0.0166167393 0.393171161
v 0.132022604 0.0180929881 0.38291648
v 0.141034335 0.0141563304 0.393455505
v 0.131670237 0.0166167393 0.383405864
v 0.121927351 0.0180929881 0.373277634
v 0.131458819 0.0141563322 0.383699566
v 0.11108695 0.0180929881 0.363851637
v 0.122362845 0.0188311096 0.372621924
v 0.123401314 0.0190771502 0.371058196
v 0.112965643 0.0190771502 0.360739738
v 0.113435313 0.0188311096 0.359961778
v 0.124439806 0.0188311096 0.369494528
v 0.113842361 0.0180929881 0.35928756
v 0.125210285 0.0166167431 0.368334383
v 0.114437282 0.0109577999 0.358302146
v 0.12551178 0.0109577989 0.367880404
v 0.102304965 0.0109578017 0.349018693
v 0.114468597 0.00726718549 0.35825032
v 0.102333479 0.00726718549 0.348965526
v 0.125545278 0.00333052943 0.367829978
v 0.245588958 0.00882887747 0.0635047406
v 0.245747983 0.00881822966 0.0606813803
v 0.244100139 0.00718929898 0.0602509454
v 0.24582459 0.00879091118 0.0580179468
v 0.245877653 0.00873743184 0.0558650605
v 0.248252004 0.0100529967 0.0583918989
v 0.248182788 0.0100866249 0.06128034
v 0.245288521 0.00883234572 0.0661374405
v 0.243642509 0.00719923712 0.0654027984
v 0.244787782 0.00883812644 0.0682288557
v 0.243146017 0.00720331725 0.06740354
v 0.242219299 0.00532724522 0.0669018775
v 0.246391296 0.0101226103 0.0711480901
v 0.242333397 0.00720997294 0.0690570325
v 0.243968606 0.00884756539 0.0699367076
v 0.249675602 0.0109142605 0.0726800337
v 0.24271284 0.00886200648 0.0714187175
v 0.241411552 0.00533068134 0.0685202852
v 0.241128996 0.00333054131 0.0683376342
v 0.240171716 0.0053359312 0.0699497536
v 0.241087034 0.00722014485 0.0705077946
v 0.239891663 0.00333054131 0.0697589442
v 0.240171716 0.00132515165 0.0699497461
v 0.241411552 0.00133040128 0.0685202852
v 0.242333427 -0.000548889395 0.0690570325
v 0.238105282 0.00333054131 0.0711301863
v 0.241087049 -0.000559062115 0.0705077946
v 0.238382339 0.00534348004 0.0713270605
v 0.242712855 -0.00220092409 0.0714187175
v 0.239289403 -0.000573695695 0.0719003007
v 0.238382325 0.00131760282 0.0713270605
v 0.235925943 0.00130726967 0.0727890134
v 0.235652268 0.00333054131 0.0725857317
v 0.240902334 -0.00222171447 0.0728326142
v 0.236822858 -0.000593733392 0.073379077
v 0.24329704 -0.00350481365 0.0741066262
v 0.245124325 -0.00347925839 0.0726681501
v 0.248396665 -0.00427288888 0.0742417276
v -0.0104775382 0.00985156652 0.0947888345
v -0.0104775382 0.00985156652 0.290787488
v -0.00873023365 0.00333054131 0.290787488
v -0.0152512603 0.0146252895 0.0947888345
v -0.00873023365 0.00333054131 0.0947888345
v -0.0152512603 0.0146252895 0.290787488
v -0.0104775419 -0.00319049181 0.290787488
v -0.0217722841 0.0163725931 0.0947888345
v -0.0104775419 -0.00319049181 0.0947888345
v -0.0217722841 0.0163725931 0.290787488
v -0.0152512658 -0.00796420965 0.290787488
v -0.0282933097 0.0146252867 0.0947888345
v -0.0152512658 -0.00796420965 0.0947888345
v -0.0282933097 0.0146252867 0.290787488
v -0.0217722915 -0.00971150957 0.290787488
v -0.0330670327 0.00985156745 0.0947888345
v -0.0217722915 -0.00971150957 0.0947888345
v -0.0330670327 0.00985156745 0.290787488
v -0.0282933135 -0.00796420313 0.290787488
v -0.0348143354 0.0033305434 0.0947888345
v -0.0282933135 -0.00796420313 0.0947888345
v -0.0348143354 0.0033305434 0.290787488
v -0.0330670327 -0.0031904811 0.290787488
v -0.0330670327 -0.0031904811 0.0947888345
v -0.0471715815 0.00125553296 0.283197165
v -0.0406268798 0.00125553284 0.284458309
v -0.0407320894 0.00333053269 0.285004258
v -0.0472682267 0.00333053293 0.283744782
v -0.0406268798 0.0054055322 0.284458309
v -0.0471715815 0.0054055322 0.283197165
v -0.0403394587 0.00692453794 0.282966763
v -0.05403037 0.00333053293 0.282660306
v -0.0469075404 0.00692453794 0.281701088
v -0.0399468318 0.00748053333 0.280929238
v -0.0539574437 0.0054055322 0.282108903
v -0.0537582003 0.00692453794 0.280602455
v -0.145733073 0.0166167431 0.349052191
v -0.131938368 0.0167123936 0.340050787
v -0.14544785 0.0180929881 0.349584043
v -0.158333734 0.0180929881 0.359064966
v -0.157926694 0.0188311096 0.359739214
v -0.169415087 0.0188311096 0.369405508
v -0.157457009 0.0190771502 0.360517204
v -0.145077065 0.0188311115 0.350275427
v -0.156956017 0.0190771502 0.36134702
v -0.168376625 0.0190771502 0.370969176
v -0.131342605 0.0189427044 0.341301829
v -0.130960792 0.0191905145 0.342117727
v -0.13167645 0.0181992669 0.340594709
v -0.143736482 0.019077152 0.352775127
v -0.155985355 0.0188311115 0.362954795
v -0.167338148 0.0188311096 0.372532874
v -0.155578315 0.0180929881 0.363629073
v -0.14330864 0.0188311115 0.353572845
v -0.142937854 0.0180929881 0.354264259
v -0.129768834 0.0189427044 0.344674259
v -0.130149245 0.0191905145 0.343858331
v -0.116863325 0.0195305999 0.33393836
v -0.116157606 0.0195305999 0.335713923
v -0.117199697 0.0192774758 0.333106071
v -0.11750304 0.0185180958 0.332384795
v -0.103124715 0.0199470203 0.325975955
v -0.117756866 0.0169993397 0.331829935
v -0.102527119 0.0202107709 0.327725947
v -0.102828398 0.0202107709 0.326822698
v -0.103411108 0.0191557575 0.325242072
v -0.0893275738 0.0213443898 0.321058303
v -0.0895940587 0.0210629255 0.320199043
v -0.0890729129 0.0213443898 0.321974874
v -0.102225848 0.0202107709 0.328629136
v -0.101943396 0.0199470185 0.32947585
v -0.1158268 0.0192774758 0.336546183
v -0.115540102 0.0185180958 0.337267458
v -0.129439145 0.0181992669 0.34538132
v -0.101698615 0.0191557575 0.330209732
v -0.129185542 0.0167123936 0.345925242
v -0.115319565 0.0169993397 0.337822318
v -0.142652631 0.0166167431 0.354796052
v -0.155265212 0.0166167431 0.364147723
v -0.142481491 0.0141563332 0.355115205
v -0.166567668 0.0166167431 0.373693019
v -0.155077338 0.0141563322 0.364458889
v -0.154983401 0.0109577999 0.364614487
v -0.129033372 0.0142342709 0.346251637
v -0.142395929 0.0109578017 0.355274737
v -0.154952094 0.00726718549 0.364666283
v -0.0055800234 -0.00538586965 0.223619238
v -0.00712847011 -0.00794577878 0.223574758
v -0.00681565935 -0.00817304756 0.222796381
v -0.00445444975 -0.00260381727 0.223708153
v -0.00523600448 -0.00556154596 0.222904503
v -0.00662797317 -0.00830941088 0.221499115
v -0.00408774521 -0.00272342213 0.223120764
v -0.00635979278 -0.00850425474 0.219517455
v -0.00803878345 -0.0114225177 0.217559591
v -0.00386772212 -0.0027951852 0.222141758
v -0.00756585831 -0.0126785683 0.214980692
v -0.00338638551 0.000265783165 0.223336995
v -0.0102247465 -0.0147058656 0.217230096
v -0.00714516034 -0.0151122473 0.212692738
v -0.0129998783 -0.0162875708 0.218740508
v -0.0123931793 -0.0181896947 0.217057928
v -0.00965878461 -0.016776057 0.215336993
v -0.00611753482 -0.0197275542 0.209805414
v -0.00843386259 -0.0209906679 0.212613806
v -0.0139977811 -0.0232951064 0.21507284
v -0.0152914785 -0.0193135217 0.217687592
v -0.018296821 -0.0201079026 0.217057958
v -0.0213399082 -0.0205714796 0.215336993
v -0.0169715509 -0.0241214372 0.214420184
v -0.0434686393 0.00333057065 0.216686025
v -0.0417269468 -0.00289517571 0.220794767
v -0.0393724144 -0.00881973002 0.220707849
v -0.0425053723 0.000173630382 0.219960168
v -0.042783495 0.00333057111 0.219517455
v -0.0431404673 0.00667837868 0.217559591
v -0.0442613587 0.00741656683 0.214980692
v -0.0433018841 0.0106195388 0.217230096
v -0.0422824658 0.00988793839 0.21910347
v -0.0419864506 0.0135303466 0.218740508
v -0.0410211273 0.012821001 0.220240816
v -0.0417269357 0.00955631956 0.220794752
v -0.0421919152 0.00640786625 0.221713334
v -0.0403244123 0.0161725543 0.219310939
v -0.041911114 0.0173253622 0.217687592
v -0.0405041203 0.0124488585 0.221527755
v -0.0399466641 0.0197345261 0.217057958
v -0.039372392 0.0154808713 0.220707849
v -0.0388652086 0.0151123814 0.221868798
v -0.0402401909 0.0122782234 0.222570166
v -0.0373521894 0.0178708509 0.220240802
v -0.0383251198 0.0185697302 0.218740508
v -0.036838498 0.0174941439 0.221527755
v -0.0359632634 0.0207202602 0.217230111
v -0.0344653949 0.0195509437 0.220794767
v -0.0349524543 0.0199768115 0.219103456
v -0.0365946554 0.0172958635 0.222570196
v -0.0386130325 0.0149291633 0.222784385
v -0.0384260118 0.0147932842 0.223445117
v -0.0400341116 0.0121734012 0.223336995
v -0.041223716 0.00934283622 0.223120749
v -0.0342426784 0.019325709 0.222141758
v -0.0396906361 0.0119986963 0.223797098
v -0.04196297 0.00637181569 0.222904503
v -0.036431279 0.0171322599 0.223336995
v -0.0341068581 0.019138325 0.223120764
v -0.0361589901 0.0168595854 0.223797098
v -0.0381143093 0.014566822 0.223841548
v -0.0422200114 0.00333057018 0.222796381
v -0.0419629775 0.00028932537 0.222904503
v -0.0412237309 -0.00268169283 0.223120764
v -0.0402402133 -0.00561707979 0.222570196
v -0.0405041426 -0.00578771532 0.221527755
v -0.038865231 -0.00845124107 0.221868798
v -0.0415813923 0.000349409442 0.223619238
v -0.0400341265 -0.00551225804 0.223336995
v -0.0418333523 0.00333056995 0.223574758
v -0.0384260342 -0.00813214388 0.223445117
v -0.0396906547 -0.00533755543 0.223797098
v -0.0408567525 -0.00256291172 0.223708153
v -0.0402326062 -0.00236089085 0.224001884
v -0.0364313014 -0.0104711261 0.223336995
v -0.0381143317 -0.00790568255 0.223841548
v -0.0368385203 -0.010833011 0.221527755
v -0.0373522155 -0.011209717 0.220240816
v -0.0383251421 -0.0119085945 0.218740508
v -0.0344654284 -0.0128898211 0.220794752
v -0.0359632894 -0.014059132 0.217230096
v -0.0349524841 -0.0133156851 0.21910347
v -0.0377572663 -0.015237119 0.215336993
v -0.0361590087 -0.0101984534 0.223797098
v -0.0341068842 -0.0124772023 0.223120749
v -0.0413870811 -0.0177044719 0.212613806
v -0.0342427045 -0.0126645854 0.222141758
v -0.0479053929 -0.0223160367 0.208250165
v -0.0353981405 -0.0171135776 0.212692738
v -0.0394700058 -0.0195171144 0.209805414
v -0.0332135782 -0.0159614235 0.214980692
v -0.0321651474 -0.0151235033 0.217559591
v -0.0315097198 -0.0140983704 0.222904503
v -0.0290826038 -0.0164701436 0.216686025
v -0.0288708825 -0.0158185307 0.219517455
v -0.0287684463 -0.0155032687 0.221499115
v -0.0286967568 -0.0152826281 0.222796381
v -0.0313346609 -0.0137540353 0.223619208
v -0.0338805169 -0.0121648954 0.223708153
v -0.031034641 -0.0131555796 0.223976627
v -0.02857727 -0.0149148963 0.223574758
v -0.0375642627 -0.00750603667 0.224039704
v -0.0328837745 -0.010789752 0.22409977
v -0.0283663701 -0.0142658101 0.223964065
v -0.0295449179 -0.00618174905 0.224099785
v -0.0256641619 -0.015596509 0.223619238
v -0.0226697158 -0.0151512716 0.224001884
v -0.0257249326 -0.0159779787 0.222904503
v -0.0226704553 -0.0158072971 0.223708153
v -0.0196712669 -0.015555691 0.223797098
v -0.0197789911 -0.0148967346 0.224027097
v -0.0167417247 -0.0148501154 0.223841548
v 0.240902349 0.00888279639 0.0728326142
v 0.24329704 0.0101658963 0.0741066337
v 0.245124325 0.0101403408 0.0726681501
v 0.24839668 0.010933971 0.0742417276
v 0.259137511 0.0102818105 0.0792866051
v 0.257235616 0.0103076324 0.0808100328
v 0.259701729 0.00903287064 0.0820694715
v 0.257052392 0.00906197168 0.0837519839
v 0.254605293 0.0103432611 0.0824709162
v 0.258731991 0.00737620518 0.0846835598
v 0.0629883409 -0.253007799 0.071418725
v 0.0583038181 -0.249976546 0.0713270605
v 0.0588495918 -0.251680672 0.069949761
v 0.0609244406 -0.25196895 0.0705078021
v 0.0572381541 -0.253210783 0.0683376417
v 0.0612999052 -0.253157467 0.0690570399
v 0.0592277274 -0.25286147 0.0685203001
v 0.0554232374 -0.254097641 0.0685203001
v 0.0556761064 -0.254864782 0.066901885
v 0.0594740622 -0.253630728 0.0669018775
v 0.0574871302 -0.25397706 0.0667319596
v 0.0558304749 -0.255333066 0.0649577081
v 0.0576390363 -0.254444569 0.0648075193
v 0.0559230931 -0.255614012 0.062550962
v 0.0596244186 -0.254100293 0.0649577081
v 0.061544694 -0.253932357 0.0674035549
v 0.0597146302 -0.254382044 0.062550962
v 0.0616942197 -0.254405797 0.0654028133
v 0.063606821 -0.254988581 0.0682288632
v 0.063362658 -0.254206568 0.0699367151
v 0.0637560487 -0.25546658 0.0661374554
v 0.0653239489 -0.256116688 0.0711481124
v 0.0655682385 -0.256905973 0.069369711
v 0.0658070445 -0.257677585 0.0643307567
v 0.0673367679 -0.259791136 0.0708179921
v 0.0685226917 -0.26244241 0.0743739083
v 0.0690906569 -0.264814496 0.0777130276
v 0.0694734007 -0.266056299 0.076071091
v 0.0688509867 -0.266373008 0.0808100328
v 0.0694141462 -0.268189818 0.0792866051
v 0.0698005036 -0.269436389 0.0776129737
v 0.0693606436 -0.272181869 0.0788409635
v 0.0698704496 -0.267344743 0.0713431016
v 0.0674861595 -0.260276288 0.0684536174
v 0.0642543137 0.256124884 0.0685202852
v 0.0622647479 0.256474227 0.0683376342
v 0.061882399 0.255297482 0.0697589442
v 0.062513724 0.257240474 0.0667319372
v 0.0646510124 0.257363766 0.0649576932
v 0.0626656264 0.257708043 0.0648075119
v 0.0607026964 0.258128196 0.0669018626
v 0.06044982 0.257361054 0.0685202852
v 0.0608570687 0.25859651 0.0649576932
v 0.0689112097 0.259171396 0.0606813803
v 0.0726023838 0.263830841 0.0653849319
v 0.0725127459 0.263539761 0.0684536099
v 0.0739449561 0.266992509 0.0698943734
v 0.0748970285 0.270608217 0.071343109
v 0.0748270899 0.272699863 0.0776129737
v 0.0750756264 0.273501933 0.0755014867
v 0.0744407251 0.271453291 0.0792865977
v 0.073997505 0.274199039 0.0805360302
v 0.0723548383 0.274502754 0.0829857513
v 0.0708047077 0.276027709 0.0835458934
v -0.237625822 -0.162395939 0.0792203695
v -0.24227941 -0.164832607 0.0792865977
v -0.240725577 -0.163735598 0.0808100253
v -0.243469968 -0.164153829 0.0820694715
v -0.241309509 -0.162620127 0.0837519765
v -0.238576666 -0.162218347 0.0824709013
v -0.243659243 -0.162243575 0.0846835524
v -0.224070638 -0.145724237 0.0991397649
v -0.188260883 -0.119922578 0.121877559
v -0.165834814 -0.103764065 0.136111259
v -0.142107904 -0.0866682157 0.151163489
v 0.156832844 0.103015572 0.39183715
v 0.12934117 0.143787906 0.382406771
v 0.130931035 0.126977742 0.383529216
v 0.11078418 0.158338293 0.37807557
v 0.0905577838 0.162551209 0.374653012
v 0.0912727267 0.151028499 0.375346839
v 0.0924644098 0.132895455 0.37647599
v 0.114806846 0.107408121 0.381325215
v 0.135153726 0.0802239403 0.386462092
v 0.0684768409 0.173541501 0.371456921
v 0.068743974 0.166687101 0.371682286
v 0.0684449896 0.177106842 0.37173599
v 0.0463784039 0.170210317 0.36940825
v 0.046122171 0.180863634 0.369460911
v 0.0461690612 0.177240118 0.369185805
v 0.0461735725 0.182926267 0.370289624
v 0.0234258957 0.185845494 0.368688196
v 0.0234129783 0.183783114 0.367865443
v 0.0234552734 0.180114448 0.367591262
v 0.000446393504 0.18568176 0.366926581
v 0.000446343416 0.187743753 0.367747486
v -0.0226489995 0.188437879 0.367441863
v -0.0226490498 0.186375663 0.366620779
v 0.000470786094 0.18198356 0.366651624
v 0.000544073584 0.174729198 0.366867363
v -0.228775993 0.154758632 0.0727890208
v -0.230757177 0.15621081 0.0713270605
v -0.229349837 0.157676473 0.0711301863
v -0.232602671 0.155213878 0.0719003007
v -0.226397499 0.158032343 0.0727890208
v -0.226005748 0.16009748 0.0733790845
v -0.222408593 0.157463223 0.0755955279
v -0.234876245 0.154828668 0.0728326142
v -0.228390828 0.159467816 0.0713270605
v -0.228012964 0.161531061 0.0719003007
v -0.229842916 0.16051349 0.0699497536
v -0.232200369 0.157268703 0.0699497536
v -0.2307951 0.158726484 0.0697589442
v -0.234048411 0.15628235 0.0705077946
v -0.231796086 0.159453765 0.0683376342
v -0.233200341 0.158001706 0.0685202852
v -0.230849072 0.161238 0.0685202852
v -0.230490223 0.163300231 0.0690570325
v -0.22947593 0.162575871 0.0705077946
v -0.229826167 0.164859772 0.0714187175
v -0.228349224 0.163812384 0.0728326142
v -0.226323336 0.162375733 0.074336119
v -0.227483571 0.164812788 0.0756403357
v -0.229532391 0.166258052 0.0741066337
v -0.225897595 0.1646716 0.0796372443
v -0.175208449 0.127004236 0.109563895
v -0.211667478 0.154523671 0.0916797444
v -0.228625342 0.167026326 0.0814924538
v -0.155592293 0.112904117 0.125167444
v -0.179516435 0.130251884 0.114981815
v -0.21447736 0.156285807 0.0938117802
v -0.217318758 0.157387108 0.0957480147
v -0.181956694 0.13098532 0.11745283
v -0.184265524 0.130867481 0.119456433
v -0.231670603 0.168970317 0.0833422691
v -0.23065348 0.16562441 0.0906057954
v -0.234708592 0.170252025 0.0850162432
v -0.232962683 0.165166378 0.0916384906
v -0.163982302 0.113248326 0.13503772
v -0.224070638 0.155902833 0.0991397649
v -0.241678581 0.169175923 0.0879027396
v -0.236377969 0.162522122 0.0924902335
v -0.239750609 0.170214295 0.0873109549
v -0.243160456 0.16764532 0.0881048292
v -0.244158253 0.165762976 0.0879027396
v -0.237414613 0.17061983 0.086343959
v -0.235496938 0.171727911 0.0808532164
v -0.238576666 0.173048303 0.0824709162
v -0.234504491 0.171222746 0.0774641633
v -0.233206615 0.169876903 0.0742417276
v -0.231025711 0.1673114 0.0726681501
v -0.232061133 0.168041766 0.0711480975
v -0.230850607 0.165586203 0.0699367076
v -0.231518894 0.16606006 0.0682288557
v -0.232736334 0.168517992 0.0693697035
v -0.231151596 0.163772494 0.0674035475
v -0.0483071059 -0.201730296 0.36115554
v -0.0739174113 -0.200711593 0.36210373
v -0.0994324386 -0.19902207 0.363732606
v -0.124804355 -0.196674228 0.366078943
v -0.0738888457 -0.198277518 0.360219866
v -0.124518327 -0.194334731 0.364148259
v -0.0993179977 -0.196623191 0.361832738
v -0.0226490777 -0.202070668 0.360851586
v -0.149413422 -0.191439539 0.367198795
v -0.172424331 -0.18797259 0.370587915
v -0.148841292 -0.188869461 0.36563614
v -0.048307132 -0.199278012 0.359277815
v -0.191971734 -0.184130922 0.373918146
v -0.206807569 -0.180105671 0.376799464
v -0.209302336 -0.181366533 0.379127651
v -0.218638003 -0.176908493 0.381358176
v -0.223305836 -0.171259522 0.383286446
v -0.220105842 -0.170862943 0.380583793
v -0.215683669 -0.176097617 0.378837585
v -0.210253522 -0.175720945 0.376367658
v -0.22157988 -0.163050458 0.382545024
v -0.215395853 -0.163493618 0.379578859
v -0.214110285 -0.170960084 0.377786398
v -0.215395853 -0.151899219 0.38204208
v -0.204199567 -0.171871468 0.374772042
v -0.215395868 -0.134784609 0.385332644
v -0.205163822 -0.153170437 0.378793806
v -0.215278432 -0.113260917 0.388821721
v -0.205163836 -0.136001706 0.382050931
v -0.189737856 -0.15516974 0.375266105
v -0.189737856 -0.137802288 0.378503263
v -0.18925406 -0.173851028 0.371419519
v -0.170263827 -0.157543838 0.371700883
v -0.170263857 -0.169248357 0.369349986
v -0.170192942 -0.176442802 0.367962331
v -0.187802747 -0.178020418 0.370706946
v -0.201306775 -0.176228166 0.373729706
v -0.197373405 -0.178581461 0.373123467
v -0.202412933 -0.179123357 0.374689192
v -0.187178478 -0.180467606 0.37089479
v -0.189175859 -0.182428852 0.372075498
v -0.171124607 -0.185674876 0.36892578
v -0.170124605 -0.183195606 0.367830664
v -0.169980302 -0.180605903 0.367475897
v -0.148364529 -0.186146125 0.364602506
v -0.148078457 -0.183440953 0.364211589
v -0.123993836 -0.188852608 0.361642927
v -0.124232247 -0.191666931 0.362635195
v -0.0992035568 -0.193891987 0.36035049
v -0.0738602728 -0.195507914 0.358753979
v -0.0991082788 -0.191016763 0.359383702
v -0.0738363862 -0.192594513 0.357801348
v -0.0990510359 -0.188184813 0.359032899
v -0.123850822 -0.186073259 0.361276388
v -0.123779267 -0.181739584 0.361710042
v -0.0738221332 -0.189727828 0.3574588
v -0.14793542 -0.179198697 0.364632428
v -0.147887722 -0.17187725 0.365993351
v -0.0990223959 -0.183781132 0.359473884
v -0.0738149956 -0.185274661 0.357903898
v -0.123755433 -0.174278989 0.363074958
v -0.123755455 -0.162154153 0.365419775
v -0.147887722 -0.159963652 0.368338168
v -0.147887722 -0.141997024 0.371562183
v -0.170263857 -0.139892012 0.374927819
v -0.123755433 -0.143891156 0.368643641
v -0.0990128294 -0.163915113 0.363186479
v -0.0990128145 -0.145413861 0.366410226
v -0.147811458 -0.119307287 0.375020444
v -0.0738125145 -0.165203929 0.361617893
v -0.048307132 -0.17848438 0.35834825
v -0.0738125443 -0.146528289 0.364841461
v -0.048307132 -0.186185032 0.356978595
v -0.0483070947 -0.147207737 0.363916785
v -0.0483070947 -0.165989697 0.360693216
v -0.0937573984 0.11370413 0.372689366
v -0.069189243 0.160388604 0.368489087
v -0.070969075 0.0861096606 0.372700512
v -0.0462326184 0.14182502 0.368673861
v -0.0947689265 0.0852245688 0.374283612
v -0.0465412587 0.116105959 0.370151073
v -0.0468810759 0.0866878107 0.37176621
v -0.0716428533 0.0551696531 0.374159843
v -0.0226490162 0.0868999511 0.371461183
v -0.0226490069 0.142302901 0.368364245
v -0.0472190008 0.0554232635 0.373232722
v 0.000690488843 0.161991999 0.367542565
v -0.0226490572 0.0555175245 0.372930437
v -0.0475217924 0.0242049452 0.374259025
v -0.0226490442 0.0242193658 0.373957813
v 0.0243780538 0.140517965 0.369621277
v 0.0475409888 0.138509125 0.371224672
v 0.0702832118 0.135925695 0.373503417
v 0.0256710555 0.0861096382 0.372700334
v 0.0494708158 0.0852246061 0.374283433
v 0.00158308982 0.0866878107 0.371766061
v 0.0263448544 0.0551696531 0.374159843
v 0.00192095758 0.0554232821 0.373232722
v 0.00222368725 0.0242049638 0.374259025
v -0.0226490665 -0.00683567068 0.374346465
v 0.00248447666 -0.00679693697 0.374647826
v 0.0274684876 -0.00667881966 0.375571907
v 0.0269484632 0.0241732355 0.375183254
v 0.0513775349 0.024134554 0.376751095
v 0.052153673 -0.00648168102 0.377139598
v 0.0504765138 0.0547862388 0.375732124
v 0.0763905644 -0.00620791921 0.379371494
v 0.0741698444 0.0543018021 0.377969652
v 0.0753628239 0.0240981337 0.378982991
v 0.0987565294 0.0240719467 0.381899863
v 0.0728383511 0.0840916634 0.376534879
v 0.0956295207 0.0827697739 0.379474342
v 0.0972788706 0.0537447222 0.380893409
v 0.093970634 0.109647848 0.377916425
v 0.116762035 0.081426315 0.382862866
v 0.118706033 0.0531956516 0.384265453
v 0.13735418 0.0527285524 0.387850493
v 0.120447837 0.024077516 0.385265946
v 0.149722412 0.0793208629 0.390032947
v 0.139325857 0.0241262764 0.388845354
v 0.152125955 0.0524113625 0.391410977
v 0.15938586 0.0788720474 0.393337697
v 0.161924168 0.0523087829 0.394710839
v 0.167846009 0.05236011 0.397809446
v 0.170193315 0.0245281737 0.398801565
v 0.164198518 0.0243634172 0.395701438
v 0.166157469 -0.00432204269 0.396093279
v 0.154279664 0.0242216066 0.392402351
v 0.156134695 -0.0046461774 0.392792344
v 0.157642186 -0.0335880816 0.392385572
v 0.141024053 -0.00504286774 0.389234304
v 0.158753976 -0.0619999021 0.391033024
v 0.142404243 -0.0342339762 0.388825536
v 0.121948071 -0.00546305161 0.3856543
v 0.100029506 -0.00586240785 0.382288367
v 0.101063959 -0.0356615633 0.381876081
v 0.123167545 -0.0349530429 0.385243982
v 0.124066621 -0.0639099777 0.383891463
v 0.101826727 -0.0649148971 0.380523384
v 0.102284469 -0.0931957439 0.378149122
v 0.124606095 -0.0918402299 0.381517023
v 0.143421933 -0.0628973991 0.387472987
v 0.144032598 -0.0904787853 0.385098577
v 0.124875739 -0.117572553 0.378387749
v 0.144337878 -0.115837745 0.381967783
v 0.159420997 -0.0892794505 0.388658136
v 0.15975453 -0.114321917 0.385524452
v 0.144439653 -0.137802318 0.378503263
v 0.169980302 -0.113260925 0.388821572
v 0.159865573 -0.136001706 0.382050782
v 0.170097709 -0.134784639 0.385332495
v 0.159865573 -0.153170437 0.378793627
v 0.170097604 -0.151899248 0.382041931
v 0.17628172 -0.151250005 0.385079801
v 0.170097679 -0.163493618 0.379578859
v 0.159865618 -0.164661586 0.376389772
v 0.179563582 -0.151048601 0.387977004
v 0.158901274 -0.171871468 0.374772042
v 0.168812096 -0.170960084 0.377786249
v 0.164955348 -0.17572096 0.376367658
v 0.17628172 -0.163050458 0.382544875
v 0.179563612 -0.163098395 0.385368943
v 0.174807593 -0.170862958 0.380583644
v 0.170385554 -0.176097617 0.378837436
v 0.173339829 -0.176908508 0.381358176
v 0.178007618 -0.171259552 0.383286446
v 0.179509521 -0.171815515 0.385966182
v 0.174770176 -0.177785307 0.383945167
v 0.180410683 -0.17217195 0.388696283
v 0.175628379 -0.17833735 0.386616975
v 0.165291533 -0.182552114 0.381623238
v 0.166063905 -0.183292523 0.384237051
v 0.166450009 -0.183699429 0.386844337
v 0.166578695 -0.183881342 0.38931793
v 0.150437593 -0.18864882 0.383648515
v 0.150542438 -0.188860625 0.386111617
v 0.150542513 -0.18892929 0.388322145
v 0.129695401 -0.193441108 0.382522732
v 0.12969543 -0.193513215 0.384732366
v -0.21117039 0.170154095 0.570835054
v -0.215202302 0.173364192 0.55619967
v -0.21772027 0.179718226 0.569702327
v -0.211567834 0.166394204 0.571699083
v -0.220301002 0.179146394 0.57018888
v -0.219967365 0.175978929 0.556303263
v -0.217370436 0.175302058 0.556121767
v -0.212832987 0.163281351 0.572546422
v -0.215161175 0.159414724 0.558526039
v -0.213872969 0.162563667 0.557853699
v -0.213451713 0.16636093 0.557171345
v -0.213895425 0.170172453 0.556584775
v -0.215570033 0.167256758 0.544709504
v -0.215584368 0.159591615 0.545643389
v -0.215143621 0.16341871 0.545138419
v -0.216864854 0.170466959 0.544434369
v -0.219029278 0.172410563 0.544390798
v -0.218017772 0.168286189 0.533974051
v -0.216318831 0.161206037 0.534423709
v -0.216732189 0.165062785 0.534143865
v -0.221629679 0.173082098 0.544540942
v -0.21689114 0.156414181 0.546146512
v -0.220179111 0.170234174 0.533965826
v -0.224232495 0.172476098 0.544846773
v -0.22256054 0.175387666 0.556696296
v -0.224717453 0.173521116 0.557252824
v -0.222439483 0.177308768 0.570885181
v -0.223704651 0.174195915 0.571732461
v -0.226404071 0.170587137 0.545270264
v -0.220733538 0.17900458 0.58750838
v -0.226005659 0.170372203 0.557925224
v -0.221103236 0.17528832 0.588551998
v -0.226426929 0.16657494 0.558607519
v -0.22410211 0.17043604 0.57259649
v -0.217356667 0.181254163 0.606781065
v -0.223637432 0.166657388 0.573343158
v -0.225983202 0.162763417 0.559194148
v -0.22231622 0.163488135 0.573838174
v -0.224676326 0.159571663 0.559579313
v -0.220144123 0.161556512 0.573947251
v -0.2175522 0.160871908 0.573729217
v -0.222508192 0.157633796 0.559657156
v -0.219911262 0.156956926 0.55947566
v -0.217318088 0.157548189 0.559082687
v -0.219062746 0.15452522 0.546569943
v -0.224265948 0.154590786 0.547025919
v -0.221665546 0.153919235 0.546875775
v -0.218094811 0.154160723 0.535107493
v -0.22288686 0.151640385 0.535635591
v -0.226430327 0.156534389 0.546982467
v -0.220277146 0.15225631 0.535408437
v -0.225489557 0.152308583 0.535759747
v -0.221033111 0.150623024 0.525301874
v -0.223647133 0.150001943 0.525461197
v -0.21677421 0.157358006 0.534762084
v -0.217514619 0.155742764 0.524903655
v -0.218843967 0.152535364 0.525108755
v -0.217049986 0.159601465 0.52471447
v -0.217455074 0.16346769 0.524569094
v -0.216502979 0.158812627 0.51595974
v -0.218734786 0.166697755 0.524495304
v -0.216975391 0.162703112 0.515861988
v -0.21704568 0.154865131 0.515940666
v 0.141036123 0.156674251 0.403466493
v 0.143988058 0.157526195 0.404007375
v 0.140983492 0.154401928 0.401620239
v 0.14381063 0.154246718 0.399375319
v 0.139533773 0.159357563 0.404109716
v 0.139532462 0.156503901 0.40295282
v 0.140828624 0.153410763 0.399327636
v 0.139465109 0.154366821 0.401306182
v 0.143542379 0.154548228 0.396671146
v 0.138984084 0.156922147 0.402379781
v 0.13899532 0.159436733 0.403374881
v 0.138960898 0.162158713 0.403884679
v 0.139324963 0.153411314 0.399290532
v 0.138921589 0.155038372 0.400987685
v 0.138802171 0.154208884 0.399286807
v 0.139144391 0.153557092 0.397238672
v 0.140611231 0.153611302 0.396971226
v 0.138870001 0.156012714 0.400702477
v 0.138777271 0.157881513 0.400217623
v -0.113742962 0.177106872 0.371736139
v -0.156082213 0.158338368 0.378075719
v -0.160104886 0.107408106 0.381325215
v -0.13554126 0.169199586 0.374426425
v -0.113774806 0.17354162 0.371456921
v -0.135855824 0.162551284 0.374653012
v -0.136570781 0.151028544 0.375347137
v -0.140927538 0.0827698335 0.379474342
v -0.0914670452 0.177240238 0.369185805
v -0.114041969 0.166687071 0.371682286
v -0.0916764438 0.170210406 0.369408101
v -0.118136376 0.0840916261 0.376534879
v -0.0921123624 0.157923177 0.370092303
v -0.0688971505 0.17294842 0.367809892
v -0.0458420068 0.174729154 0.366867363
v -0.0226490013 0.175380096 0.366559595
v -0.0459885485 0.161991999 0.367542565
v -0.184281901 0.156922176 0.402379751
v -0.184258699 0.162158757 0.403884649
v -0.184179053 0.164679959 0.403765261
v -0.184661955 0.16535835 0.404457152
v -0.184293106 0.159436762 0.403374851
v -0.184773639 0.162462801 0.404655993
v -0.184219375 0.155038416 0.400987625
v -0.183671117 0.157174855 0.395158708
v -0.183594644 0.159780011 0.395073086
v -0.183566585 0.162669882 0.395650446
v -0.183932453 0.163161412 0.394840419
v -0.183584183 0.165352359 0.396713138
v -0.185178787 0.164026037 0.393992066
v -0.187729612 0.165534094 0.392913938
v -0.183942199 0.166226998 0.396085531
v -0.185152754 0.167297065 0.395355493
v -0.187627703 0.168894544 0.394365728
v -0.187645137 0.171314031 0.396457016
v -0.184013769 0.168470055 0.397776335
v -0.183649868 0.167320058 0.398139149
v -0.185210273 0.169676855 0.397250921
v -0.183766082 0.168065608 0.399806172
v -0.183908924 0.167764515 0.401466578
v -0.184149712 0.169319615 0.399747878
v -0.184321836 0.168961868 0.401711464
v -0.185360253 0.170560569 0.39949435
v -0.187805146 0.172174037 0.398997754
v -0.191891849 0.174545631 0.398210257
v -0.184501961 0.167583108 0.403378397
v -0.185567826 0.170145094 0.401752412
v -0.188062355 0.171683162 0.40159899
v -0.185798153 0.168627381 0.403691769
v -0.186016396 0.166204318 0.404978961
v -0.188371405 0.170049921 0.403871685
v -0.188686952 0.167482942 0.405426919
v -0.193118259 0.169459283 0.405896872
v -0.299779713 -0.0260128826 0.580348134
v -0.300231844 -0.0455377065 0.579111576
v -0.30029279 -0.0631162599 0.576147974
v -0.300090611 -0.0786143988 0.571031094
v -0.300732285 -0.0771454126 0.568406045
v -0.300839156 -0.0448042117 0.576186001
v -0.300921082 -0.0620284975 0.573329031
v -0.299035728 -0.0758067146 0.566137075
v -0.299216777 -0.0610567965 0.570873857
v -0.295088857 -0.0748322755 0.564632058
v -0.294796556 -0.0870467871 0.557765484
v -0.288673311 -0.0865147561 0.557546139
v -0.281544894 -0.0866515338 0.558212996
v -0.28897956 -0.0744560808 0.564298809
v -0.281876981 -0.0746129677 0.564959168
v -0.274950206 -0.0752378181 0.566435218
v -0.289168894 -0.060148038 0.568812788
v -0.275173157 -0.0608443692 0.570995271
v -0.282081336 -0.0603245832 0.569464505
v -0.295269459 -0.0603727661 0.569221914
v -0.282012761 -0.0438871421 0.572079599
v -0.269610584 -0.0616493784 0.573223174
v -0.269590765 -0.0449174196 0.57592386
v -0.275129944 -0.0443149582 0.573636293
v -0.289078861 -0.043686375 0.571436942
v -0.295167953 -0.0437650234 0.571891665
v -0.288547069 -0.0251668282 0.572520018
v -0.299119651 -0.0441754758 0.573626995
v -0.298580319 -0.0252678972 0.574771643
v -0.294613808 -0.0251058284 0.572997868
v -0.300338358 -0.0255909394 0.577376604
v -0.293436646 -0.00449195458 0.572897136
v -0.299270362 -0.00450708577 0.577300489
v -0.297434807 -0.00443918165 0.574682593
v -0.287411094 -0.00468513556 0.572410882
v -0.298808247 -0.00467593828 0.580284059
v -0.295518994 0.0182055309 0.573734999
v -0.297189355 0.0183389876 0.579345703
v -0.297486961 0.0183289591 0.576357365
v -0.291465998 0.0179798268 0.571946084
v -0.294445693 0.0182244964 0.582232416
v -0.295047343 0.0422523506 0.574680686
v -0.292373478 0.0423211604 0.580562174
v -0.294935137 0.0423795022 0.57766968
v -0.292940259 0.0419735238 0.572062612
v -0.287131995 0.0420434922 0.582890868
v -0.292057693 0.0667932108 0.575392485
v -0.288844287 0.0415768661 0.570282519
v -0.289805859 0.0661720783 0.569799364
v 0.0537146665 -0.145413876 0.366410375
v 0.0784573182 -0.143891186 0.368643492
v 0.078457281 -0.162154198 0.365420073
v 0.102589533 -0.171877265 0.3659935
v 0.0784811527 -0.181739613 0.361710042
v 0.0785525814 -0.186073259 0.361276388
v 0.102780268 -0.183440968 0.36421144
v 0.102637194 -0.179198727 0.364632428
v 0.103066444 -0.18614614 0.364602208
v 0.124826461 -0.183195636 0.367830366
v 0.124894798 -0.176442817 0.367962331
v 0.124682128 -0.180605933 0.367475599
v 0.14387776 -0.182428882 0.3720752
v 0.142504469 -0.178020418 0.370706946
v 0.141880319 -0.180467591 0.370894313
v 0.146673575 -0.184130937 0.373917997
v 0.152075231 -0.178581461 0.373123467
v 0.157114834 -0.179123387 0.374689192
v 0.161509365 -0.180105686 0.376799464
v 0.156008571 -0.176228166 0.373729706
v 0.164004177 -0.181366563 0.379127502
v 0.143955961 -0.173851058 0.371419519
v 0.144439638 -0.166716024 0.372897804
v 0.124965765 -0.157543868 0.371700883
v 0.102589563 -0.159963682 0.368338317
v 0.10258954 -0.141997054 0.371561885
v 0.144439638 -0.155169755 0.375266105
v 0.124965668 -0.139892012 0.37492767
v 0.0783956796 -0.12086235 0.372102052
v 0.102513239 -0.119307287 0.375020444
v 0.0536681935 -0.122112408 0.369868785
v 0.0284831934 -0.123027325 0.36830017
v 0.0535285957 -0.0953827575 0.372997731
v 0.0782109648 -0.0944081321 0.375231028
v 0.0283897147 -0.0960960388 0.371428847
v 0.00294641731 -0.0965309367 0.370504141
v 0.0778414235 -0.0658122301 0.377604842
v 0.0282027218 -0.0670614839 0.37380296
v 0.0532495491 -0.0665335432 0.375371695
v 0.00285275211 -0.0673833191 0.372878104
v -0.0226490758 -0.0674915016 0.372576594
v 0.0527844913 -0.0367985144 0.376724243
v 0.00269639259 -0.0373954512 0.374230802
v 0.0278911851 -0.0371693745 0.375155628
v -0.0226490721 -0.0374714062 0.373929292
v -0.0479944982 -0.0373954214 0.374230802
v 0.0772256926 -0.0362918526 0.378957659
v -0.047782544 -0.00679687038 0.374647826
v -0.0727666542 -0.00667889602 0.375571758
v -0.0731892809 -0.0371693335 0.375155628
v -0.0974517316 -0.00648159487 0.377139747
v -0.0966756567 0.024134554 0.376750946
v -0.072246626 0.0241732541 0.375183254
v -0.120660953 0.0240981523 0.37898314
v -0.119467944 0.0543017834 0.377969652
v -0.0957745537 0.0547862761 0.375732124
v -0.142576873 0.0537446626 0.380893409
v -0.188671246 0.141196579 0.385999918
v -0.17463921 0.143787935 0.382406771
v -0.19797872 0.139906794 0.38930589
v -0.196878314 0.150590807 0.388578176
v -0.187629238 0.151823789 0.385286719
v -0.200573623 0.157491341 0.390959769
v -0.195170954 0.157307804 0.387989819
v -0.203457177 0.158367723 0.393824935
v -0.0334954821 0.0182948485 0.224001884
v -0.0375642404 0.0141671738 0.224039704
v -0.0283663422 0.0209269114 0.223964065
v -0.0310346149 0.0198166911 0.223976627
v -0.0255550854 0.0215970892 0.223976627
v -0.0313346311 0.0204151496 0.223619238
v -0.0338804871 0.018826019 0.223708153
v -0.0392408893 0.00870104041 0.22409977
v -0.0402325913 0.00902203098 0.22400187
v -0.0408567414 0.00922405347 0.223708153
v -0.0415813923 0.00631173141 0.223619208
v -0.0409195125 0.00621132972 0.223976627
v -0.0411508568 0.00333056878 0.223964065
v -0.03150969 0.0207594819 0.222904503
v -0.0316147245 0.0209660809 0.221713334
v -0.0286967233 0.0219437312 0.222796381
v -0.0285772365 0.0215759985 0.223574758
v -0.0256641265 0.0222575981 0.223619208
v -0.0317873321 0.0212395843 0.219960168
v -0.0288708471 0.0224796347 0.219517455
v -0.0321651138 0.0217846185 0.217559591
v -0.0257613584 0.022867946 0.221713334
v -0.0257248972 0.0226390641 0.222904503
v -0.0226708502 0.0228540916 0.223120749
v -0.0377572402 0.0218982473 0.215336993
v -0.0257824752 0.0231906697 0.219960168
v -0.0433779247 0.0222025681 0.214420184
v -0.04978 0.0268111899 0.210054249
v -0.0761409849 0.0457994752 0.193046078
v -0.0941443369 0.0620847829 0.178932115
v -0.118365154 0.0764825195 0.166215718
v -0.114722632 0.0796706676 0.162665039
v -0.116560176 0.0783045217 0.164840505
v -0.143758506 0.0919732004 0.151596054
v -0.140279159 0.0956518948 0.14993912
v -0.142107904 0.0939807147 0.151163504
v -0.165834814 0.111727946 0.136111274
v -0.191777453 0.122625045 0.120946653
v -0.161952689 0.114244707 0.133327529
v -0.138345569 0.0968331546 0.147996277
v -0.136380419 0.0973708406 0.145408303
v -0.134457037 0.097111322 0.142248496
v -0.159810886 0.114566594 0.131039903
v -0.157621801 0.114063479 0.128234118
v -0.153929174 0.111257307 0.122097164
v -0.152839273 0.109291784 0.119280547
v -0.22282432 0.155394018 0.0749794096
v -0.22380738 0.153584495 0.0747665018
v -0.227365345 0.156234622 0.0725857317
v -0.230619013 0.153747886 0.0733790845
v 0.127716839 0.00592484698 0.151163489
v 0.18640919 0.00570014119 0.121877559
v 0.185702175 0.0079168817 0.120946653
v 0.211051464 0.00772981904 0.108476199
v 0.127219662 0.00835178513 0.14993912
v 0.0979601741 0.00604033936 0.166215703
v 0.184469625 0.00982789975 0.119456425
v 0.154577613 0.0116466582 0.131039903
v 0.0958833098 0.0124214478 0.159776703
v 0.0594564974 0.260342777 0.0629103407
v 0.0596125163 0.260614902 0.0557306707
v 0.058522664 0.262627423 0.0580179505
v 0.0597056262 0.260698587 0.0545193851
v 0.0593621098 0.260060221 0.0654027984
v 0.0584137253 0.262414992 0.0635047406
v 0.0592048168 0.259589314 0.0674035326
v 0.0584730059 0.26256299 0.0606813803
v 0.0583175868 0.26213035 0.0661374405
v 0.0579578914 0.265124619 0.0643307492
v 0.05834179 0.268691272 0.0588702485
v 0.0581466705 0.265341371 0.056052357
v 0.0587020256 0.262717962 0.054573331
v 0.0584176145 0.268686742 0.0562920384
v 0.0582703725 0.265366971 0.0546486191
v 0.0599046424 0.260943443 0.0539138205
v 0.0589422882 0.262915134 0.0539275408
v 0.0613047741 0.259572804 0.0539056286
v 0.231242537 -0.00584340189 0.587674916
v 0.218205646 0.0166278407 0.581846535
v 0.218751147 0.0166178122 0.578858197
v 0.223050192 -0.00560252368 0.576919317
v 0.223906785 -0.0261938516 0.577029705
v 0.229398653 -0.0257603601 0.57471931
v 0.229831994 -0.044315096 0.573636413
v 0.229875177 -0.0608445145 0.570995331
v 0.229652256 -0.0752379596 0.566435277
v 0.236714795 -0.0438872911 0.572079659
v 0.236579001 -0.0746131092 0.564959168
v 0.236783385 -0.0603247248 0.569464564
v 0.236246914 -0.0866516754 0.558213055
v 0.243375346 -0.0865148976 0.557546198
v 0.24368161 -0.0744562224 0.564298749
v 0.249790862 -0.0748324171 0.564632118
v 0.243870929 -0.0601481795 0.568812788
v 0.253737748 -0.0758068562 0.566137135
v 0.249971494 -0.0603729114 0.569221973
v 0.253918797 -0.061056938 0.570873916
v 0.249869972 -0.0437651686 0.571891725
v 0.243780911 -0.0436865166 0.571437001
v 0.255623132 -0.0620286427 0.573329091
v 0.243249133 -0.0251669735 0.572520077
v 0.253821671 -0.0441756211 0.573627055
v 0.236228064 -0.0254015811 0.573154986
v 0.25499481 -0.0631164014 0.576148033
v 0.255541235 -0.044804357 0.576186001
v 0.251944214 -0.0641485974 0.578891277
v 0.251904905 -0.0462625921 0.581946731
v 0.254933894 -0.0455378518 0.579111636
v 0.254481733 -0.0260130316 0.580348194
v 0.253282368 -0.0252680406 0.574771702
v 0.246359572 -0.0468650572 0.584234297
v 0.255040407 -0.0255910866 0.577376723
v 0.249315873 -0.0251059756 0.572997987
v 0.245981559 -0.0269052815 0.58553201
v 0.239102542 -0.0272640567 0.587096274
v 0.238301665 -0.00556028867 0.587044835
v 0.251498193 -0.0264717899 0.583221555
v 0.250615358 -0.00492615579 0.58316654
v 0.245152548 -0.00523771485 0.585481048
v 0.229936227 0.0172938295 0.586745679
v 0.243777469 0.0179742184 0.584550083
v 0.236975387 0.0176451448 0.586115479
v 0.22385475 0.0169769712 0.586257875
v 0.235118479 0.0416221842 0.58447051
v 0.222087696 0.040652696 0.584640861
v 0.228134453 0.0411333553 0.585115671
v 0.241834044 0.0420433469 0.582890928
v 0.225858703 0.0648955107 0.582956851
v 0.218183786 0.0402560458 0.582860708
v 0.216461003 0.0399772301 0.580242574
v 0.219901785 0.0641623214 0.582517385
v 0.216957405 0.0398500711 0.57725364
v 0.214348808 0.063130632 0.578157485
v 0.214797512 0.0629356503 0.575169146
v 0.21194461 0.08519198 0.575775445
v 0.217345133 0.0866775513 0.580067635
v 0.213611946 0.0857852474 0.578357458
v 0.219711199 0.0399084128 0.574361205
v 0.221618772 0.0167323034 0.575971544
v 0.226865083 0.0169824343 0.573653996
v 0.228451028 -0.00529096462 0.574604869
v 0.235177949 -0.00496839173 0.573041141
v 0.233419269 0.0173115078 0.572088599
v 0.242113158 -0.00468527852 0.572410941
v 0.224760562 0.0401860848 0.572032452
v 0.240210533 0.0176628251 0.57145834
v 0.231091931 0.0406072438 0.570452869
v 0.248138726 -0.00449209847 0.572897255
v 0.246168062 0.0179796834 0.571946144
v 0.252136827 -0.00443932647 0.574682713
v 0.250221074 0.0182053875 0.573735058
v 0.253972411 -0.00450723199 0.577300549
v 0.253510296 -0.00467608497 0.580284119
v 0.251891404 0.0183388423 0.579345763
v 0.25218904 0.0183288138 0.576357424
v 0.249147728 0.0182243511 0.582232535
v 0.247075513 0.0423210189 0.580562234
v 0.249749377 0.0422522016 0.574680805
v 0.249637187 0.0423793569 0.57766974
v 0.239300057 0.0662824959 0.580655515
v 0.246759728 0.0667930618 0.575392604
v 0.244378984 0.0667051226 0.57829839
v 0.23272571 0.0656407624 0.582272291
v 0.241038308 0.0907179564 0.575583756
v 0.22979188 0.0889708251 0.579682946
v 0.2361532 0.0900044888 0.577995718
v 0.223130509 0.0878006294 0.580441475
v 0.232371271 0.112522155 0.575063288
v 0.219971299 0.109069057 0.577741504
v 0.226311773 0.11088232 0.576864481
v 0.237033799 0.113700785 0.572561085
v 0.222066879 0.130452216 0.574083209
v 0.214465752 0.107370116 0.577471077
v 0.210911125 0.106073253 0.575830102
v 0.211092398 0.125566989 0.574949265
v 0.216189757 0.127911836 0.575098932
v 0.209323972 0.105265193 0.573280632
v 0.207798108 0.123823494 0.57338804
v 0.20633252 0.122786589 0.570875227
v 0.204115734 0.138438687 0.571239233
v 0.211594537 0.14354001 0.572755754
v 0.20705387 0.140595108 0.572723269
v 0.209720865 0.105032638 0.570284843
v 0.212356851 0.0849660188 0.572785795
v 0.214862302 0.0851756334 0.569852889
v 0.217426181 0.0630235896 0.5722633
v 0.222257212 0.0634462237 0.569906175
v 0.212118357 0.105462328 0.56730485
v 0.20672141 0.122561395 0.567870557
v 0.228335738 0.0640879497 0.568289399
v 0.219474748 0.0858891085 0.567440987
v 0.225290701 0.0869227573 0.565753818
v 0.216532975 0.106640965 0.564802647
v 0.20899038 0.123253115 0.564833879
v 0.203190252 0.136978149 0.565747261
v 0.213165134 0.124966934 0.562224805
v 0.202815935 0.137192458 0.568761349
v 0.205274522 0.137917459 0.562654734
v 0.198619828 0.147919163 0.567141056
v 0.209104538 0.140132114 0.559941173
v 0.218414545 0.127296969 0.560289502
v 0.222096652 0.1082808 0.563001394
v 0.200766966 0.148824826 0.560982108
v 0.198959306 0.147708803 0.564119279
v 0.227941364 0.110094063 0.562124431
v 0.2139052 0.143106148 0.557874918
v 0.231406718 0.0880929604 0.564995229
v 0.234706953 0.0648332015 0.567604899
v 0.237691671 0.0410960689 0.569807768
v 0.243546337 0.0415767282 0.570282519
v 0.247642338 0.0419733822 0.572062671
v 0.240415961 0.0655663982 0.568044305
v 0.236919403 0.089216046 0.56536907
v 0.246712655 0.0665980875 0.572404206
v 0.243137971 0.0907016098 0.56966114
v 0.240925267 0.0901083425 0.567079246
v 0.23319903 0.111793004 0.562394857
v 0.237001553 0.113089867 0.564035833
v 0.243271112 0.0909275711 0.57265085
v 0.239183381 0.114130467 0.569581091
v 0.239084497 0.113897927 0.566585302
v 0.23414889 0.134962589 0.563497365
v 0.228812665 0.132182196 0.559423387
v 0.232299089 0.133925676 0.560984552
v 0.232067421 0.134496048 0.569538772
v 0.23414427 0.135187775 0.566502035
v 0.226380244 0.151424944 0.558240473
v 0.227801502 0.152885467 0.563732445
v 0.227700517 0.132782236 0.572147787
v 0.221887216 0.149731502 0.569538534
v 0.225841165 0.151946157 0.566825032
v 0.227927923 0.152671158 0.560718358
v 0.218057111 0.164893508 0.56472826
v 0.216838658 0.146757469 0.571604729
v 0.210408598 0.158875078 0.569695354
v 0.214677617 0.16231668 0.56752491
v 0.219802812 0.16600953 0.561591029
v 0.220018342 0.165799171 0.558569133
v 0.209795937 0.173345983 0.560396433
v 0.205817983 0.169484556 0.566396415
v 0.208417237 0.172180533 0.563556731
v 0.21880728 0.164396793 0.556118846
v 0.205994293 0.155164674 0.570953727
v 0.20217897 0.151781514 0.571014345
v 0.19919765 0.161996871 0.569934785
v 0.199706942 0.149321526 0.569591463
v 0.194414586 0.155874744 0.56865257
v 0.196296453 0.158453137 0.570043683
v 0.20255813 0.165882021 0.568620741
v 0.189658269 0.161738709 0.569626749
v 0.193642393 0.169055954 0.568172276
v 0.191503704 0.165234745 0.569503188
v 0.193589911 0.154403001 0.566216588
v 0.195720822 0.172589436 0.565931737
v 0.193860352 0.154179186 0.563190937
v 0.187934563 0.157704696 0.565813899
v 0.197385475 0.175222322 0.563079119
v 0.184798613 0.172985658 0.565909624
v 0.188459545 0.159180731 0.568245351
v 0.182062715 0.160321891 0.568192601
v 0.198282927 0.176341683 0.559912086
v 0.181862324 0.158884928 0.565759182
v 0.198446348 0.176091418 0.556885421
v 0.210016817 0.173122182 0.557370782
v 0.209142566 0.171650425 0.554934859
v 0.185765788 0.176443592 0.559901178
v 0.185425833 0.175433949 0.563064218
v 0.173002198 0.174230441 0.563280582
v 0.172746629 0.175098583 0.56012696
v 0.173463926 0.172027528 0.566108823
v 0.172690496 0.174773663 0.557103157
v 0.174035445 0.169015452 0.568319023
v 0.185829923 0.17615819 0.556875467
v 0.184016451 0.169674531 0.568141282
v 0.18321158 0.166076332 0.569463134
v 0.174620345 0.165719852 0.569618881
v 0.175122321 0.16266638 0.569715738
v 0.182516247 0.162766859 0.569578946
v 0.175444975 0.160380647 0.568317115
v 0.175581574 0.159004465 0.565878332
v 0.181926429 0.158599511 0.562733471
v 0.175525472 0.158679545 0.562854469
v 0.175269902 0.159547672 0.559700906
v 0.188110396 0.157454416 0.562787294
v 0.182266414 0.159609169 0.559570432
v 0.189014047 0.158573806 0.559620202
v 0.182893634 0.162057444 0.556725025
v 0.174808189 0.161750585 0.556872725
v 0.195263848 0.155344635 0.560030699
v 0.17423667 0.164762676 0.554662466
v 0.190672517 0.161206648 0.556767583
v 0.183675796 0.165368557 0.554493308
v 0.197838321 0.158040613 0.557190955
v 0.192738518 0.164740145 0.554527044
v 0.184480652 0.16896674 0.553171515
v 0.17365177 0.168058261 0.553362668
v 0.173149794 0.171111748 0.55326575
v 0.194864839 0.168561354 0.553196192
v 0.185176 0.172276214 0.553055704
v 0.196704075 0.172057405 0.553072631
v 0.185629532 0.174721211 0.554441988
v 0.172827139 0.173397467 0.554664314
v 0.197908998 0.174615383 0.554453969
v 0.207235903 0.169072017 0.553543746
v 0.204359502 0.165528283 0.553652644
v 0.216273293 0.161936834 0.554695964
v 0.201048598 0.161643147 0.554966629
v 0.22331816 0.149268523 0.556756437
v 0.212519959 0.158553645 0.554756641
v 0.208229601 0.154843256 0.556015015
v 0.218901455 0.146323606 0.556724012
v 0.223907411 0.129837349 0.55927366
v 0.204084501 0.151401639 0.558185399
v -0.0736878961 -0.0960960165 0.371428847
v -0.0482446104 -0.0965309367 0.37050429
v -0.048291456 -0.12358512 0.367375195
v -0.0226490665 -0.123772547 0.367073983
v -0.0481508225 -0.0673833489 0.372878104
v -0.0226491205 -0.147436023 0.363615423
v -0.0226490814 -0.0966770425 0.370202631
v 0.00300893793 -0.147207752 0.363916785
v 0.00299326424 -0.12358515 0.367375195
v 0.00300903805 -0.165989697 0.360693216
v 0.0285144169 -0.165203929 0.361617893
v 0.0285142772 -0.146528304 0.364841461
v 0.0285143107 -0.177622855 0.359272927
v 0.0537146777 -0.176209778 0.360841662
v 0.0537242517 -0.183781132 0.359473884
v -0.00314743095 0.00333052967 0.223445117
v -0.00376694719 0.00032633185 0.223797098
v -0.00442693988 0.000427508989 0.224027097
v -0.00353271374 0.00333052943 0.223841548
v -0.00376694719 0.0063347267 0.223797098
v -0.00442693988 0.00623355014 0.224027097
v -0.00617450336 0.0117391162 0.223976627
v -0.00445444928 0.00926487707 0.223708153
v -0.00558002107 0.0120469294 0.223619208
v -0.0123824719 0.0174278412 0.22409977
v -0.00712846406 0.0146068372 0.223574758
v -0.00956103299 0.0164002851 0.223976627
v -0.0090845786 0.0168705508 0.223619238
v -0.00881119352 0.0171434451 0.222904503
v -0.0113826394 0.0188007355 0.223708153
v -0.0111555709 0.019112533 0.223120764
v -0.0139569202 0.0203600544 0.223797098
v -0.0137817347 0.0207032803 0.223336995
v -0.0166226346 0.021877598 0.223445117
v -0.0196112171 0.0225974005 0.223336995
v -0.0196712334 0.0222167559 0.223797098
v -0.016741693 0.0215111729 0.223841548
v -0.0226704162 0.0224683732 0.223708153
v 0.17450203 -0.0896938965 0.40067479
v 0.173104838 -0.0875617042 0.399924517
v 0.180308864 -0.0881424099 0.398623258
v 0.17239958 -0.0850588009 0.400020629
v 0.167871177 -0.088116765 0.402707607
v 0.179632664 -0.090764679 0.399886549
v 0.171196997 -0.0907484069 0.402661055
v 0.187314793 -0.0922019631 0.399899244
v 0.166841775 -0.0854714215 0.403085202
v 0.188781038 -0.0893959701 0.398647904
v 0.163561374 -0.0865084901 0.407113522
v 0.167888403 -0.0833837539 0.404254466
v 0.180175766 -0.0855010301 0.398714662
v 0.189191535 -0.0865482241 0.398845494
v 0.180340797 -0.0834133849 0.400180459
v 0.173126951 -0.0831828266 0.401360571
v 0.197819158 -0.0908594429 0.399842441
v 0.195913076 -0.0937071517 0.401047319
v 0.198468119 -0.0879504308 0.400091082
v 0.206625938 -0.0893922597 0.40206641
v 0.197846934 -0.0854324028 0.401640564
v 0.188818082 -0.0841412991 0.40038389
v 0.205920622 -0.0922920555 0.401810974
v -0.212457776 0.186045766 0.393998325
v -0.211217731 0.185270786 0.394295216
v -0.210845023 0.183410972 0.399611443
v -0.212990612 0.18155998 0.404981524
v -0.21400547 0.17824614 0.409170717
v -0.210790455 0.185003713 0.389676243
v -0.214978337 0.174169332 0.411036938
v -0.215649083 0.173679084 0.414353907
v -0.212877095 0.177915201 0.407826751
v -0.211784557 0.181126893 0.404268742
v -0.216435134 0.169414595 0.414148003
v -0.216910034 0.168252185 0.419739515
v -0.217987344 0.164551884 0.418371558
v -0.215953723 0.170018047 0.410898656
v -0.217565104 0.165737092 0.412389159
v -0.219731346 0.161816359 0.416927785
v -0.215056106 0.170061618 0.409275115
v -0.214004159 0.174017683 0.409434706
v -0.21230343 0.173421443 0.408748209
v -0.21117489 0.177236393 0.407284439
v -0.21010071 0.18038553 0.404032469
v -0.208338574 0.176021904 0.407082707
v -0.213332608 0.169544458 0.408561289
v -0.209360301 0.172257274 0.408422202
v -0.21017693 0.184525698 0.394705504
v -0.209933609 0.184141755 0.390288562
v -0.208420739 0.183170617 0.390816987
v -0.208780408 0.180988908 0.387681991
v -0.210268319 0.181929857 0.387098372
v -0.210982591 0.182645589 0.386490554
v -0.211054161 0.178547218 0.385270119
v -0.219799951 -0.0896938071 0.400674731
v -0.224930584 -0.0907645822 0.399886549
v -0.225606784 -0.0881423205 0.398623228
v -0.232612729 -0.0922018588 0.399899185
v -0.222337604 -0.0927948877 0.402484655
v -0.218402743 -0.0875616074 0.399924517
v -0.213169098 -0.0881166682 0.402707607
v -0.216494903 -0.0907483101 0.402660966
v -0.217697486 -0.0850586966 0.400020599
v -0.21349588 -0.091956757 0.405924201
v -0.212139696 -0.0854713246 0.403085172
v -0.229818955 -0.0944834873 0.402707517
v -0.225473672 -0.0855009258 0.398714602
v -0.226483077 -0.0960831419 0.406447768
v -0.219268501 -0.0942074582 0.405916452
v -0.238060758 -0.09604121 0.403858453
v -0.234078944 -0.0893958658 0.398647845
v -0.234489441 -0.0865481198 0.398845404
v -0.243117064 -0.0908593386 0.399842381
v -0.241210982 -0.0937070549 0.40104726
v -0.225638688 -0.083413288 0.400180399
v -0.218424857 -0.0831827223 0.401360512
v -0.213186324 -0.083383657 0.404254466
v -0.21983929 -0.0823123455 0.403097004
v -0.234115958 -0.0841411948 0.40038383
v -0.224987715 -0.0820859373 0.402742893
v -0.232674941 -0.0825661346 0.403080583
v -0.24314481 -0.0854322985 0.401640505
v -0.243766025 -0.0879503265 0.400091022
v -0.222406581 -0.0817254335 0.406124294
v 0.187377051 -0.0825662315 0.403080672
v 0.17968981 -0.0820860341 0.402742893
v 0.174541384 -0.0823124349 0.403097034
v 0.177108675 -0.0817255303 0.406124324
v 0.17123577 -0.0820647851 0.405504525
v 0.168235973 -0.0826304182 0.408974975
v 0.164737597 -0.084162429 0.408027887
v 0.184584826 -0.08221405 0.406753302
v 0.163786963 -0.0856650993 0.411846608
v 0.17404227 -0.0823324472 0.40981847
v 0.181235909 -0.0829336643 0.410777956
v 0.19274199 -0.0833784193 0.408030748
v 0.195942566 -0.0837576464 0.404338062
v 0.171935409 -0.0839073509 0.413319141
v 0.166989386 -0.0841344297 0.412364244
v 0.203754753 -0.0851725489 0.406277001
v 0.205912724 -0.0868684277 0.403607309
v 0.205282196 -0.0858865455 0.412378401
v 0.195775628 -0.0854325667 0.413899839
v 0.18505685 -0.0857244581 0.415817857
v 0.178124681 -0.0845739841 0.414530545
v 0.175563529 -0.0868962407 0.417353809
v 0.191453531 -0.0870124549 0.41758883
v 0.170304582 -0.086099945 0.415986478
v 0.167234838 -0.0857877508 0.414606661
v 0.168666258 -0.0885599181 0.417180568
v 0.165081546 -0.0873211324 0.415100783
v 0.181874529 -0.0880586877 0.418620288
v 0.173864707 -0.0896616057 0.418590277
v 0.162617326 -0.0879395753 0.411310434
v 0.167837083 -0.0910389647 0.417020321
v 0.174635381 0.183537692 0.377852052
v 0.17717573 0.180966169 0.377490729
v 0.175335571 0.180339187 0.377060533
v 0.177155495 0.178742275 0.377205223
v 0.178092599 0.177887812 0.377536923
v 0.176686466 0.175803125 0.377127022
v 0.175957322 0.177558303 0.376775235
v 0.174036056 0.17658031 0.376680076
v 0.174642876 0.174652874 0.377074718
v 0.172341809 0.174517646 0.377507746
v 0.172524467 0.173171639 0.378686577
v 0.173195839 0.179512382 0.377005577
v 0.172270343 0.182896629 0.37787509
v 0.170991585 0.179052651 0.377445102
v 0.171407536 0.186180517 0.379112452
v 0.169968009 0.182155207 0.378265947
v 0.171936542 0.176368013 0.377129555
v 0.170377076 0.176735818 0.377802074
v 0.169203728 0.178605765 0.3781946
v 0.170119777 0.175528735 0.378235996
v 0.16831319 0.177817509 0.379069507
v 0.170019031 0.174295098 0.379336774
v 0.168018714 0.176894963 0.380204052
v 0.168019027 0.176045164 0.381732523
v 0.168015644 0.175390065 0.383217871
v 0.167710081 0.17505163 0.384222984
v 0.166617677 0.179395407 0.383888274
v 0.166604489 0.179829046 0.382635295
v 0.166442066 0.17904526 0.384689182
v 0.166866466 0.174650952 0.384939253
v 0.165756345 0.178547174 0.385270178
v 0.165248945 0.173809171 0.385558158
v 0.16636771 0.170002386 0.386962742
v 0.163403153 0.168526202 0.387652248
v 0.164239243 0.177669853 0.385863513
v 0.161483198 0.176148638 0.386718243
v 0.151490346 0.174228579 0.391361415
v 0.162390694 0.172294974 0.386371195
v 0.152426362 0.167020395 0.389235407
v 0.15708068 0.173718855 0.388083667
v 0.151346639 0.176580772 0.393943697
v 0.151875436 0.170836091 0.389726758
v 0.146481141 0.171351433 0.392959088
v 0.142507344 0.172173977 0.398997784
v 0.142347351 0.171313986 0.396457016
v 0.142764539 0.171683088 0.401599079
v 0.143073589 0.170049861 0.403871715
v 0.140062422 0.170560509 0.399494439
v 0.140500352 0.168627322 0.403691828
v 0.14027001 0.170145035 0.401752502
v 0.139912441 0.169676825 0.39725098
v 0.139024004 0.168961853 0.401711524
v 0.140718579 0.166204274 0.404978961
v 0.140889823 0.16307281 0.40528065
v 0.139364138 0.165358335 0.404457152
v 0.139204144 0.167583048 0.403378427
v 0.141000286 0.159730345 0.404731542
v 0.139475837 0.162462756 0.404656023
v 0.138756707 0.166592196 0.402872801
v 0.138881236 0.16467993 0.403765291
v 0.138501033 0.155346468 0.396085054
v 0.138373345 0.157174796 0.395158798
v 0.138791606 0.156842723 0.394360632
v 0.138296857 0.159779966 0.395073116
v 0.138360679 0.162277162 0.396627486
v 0.138268784 0.162669837 0.395650476
v 0.138286367 0.165352315 0.396713197
v 0.138634637 0.163161397 0.394840509
v 0.138684124 0.159844264 0.394205898
v 0.138644397 0.166226983 0.39608562
v 0.138715938 0.168470025 0.397776395
v 0.139854938 0.167297021 0.395355552
v 0.142329901 0.1688945 0.394365788
v 0.13988097 0.164025992 0.393992096
v 0.142431825 0.165534064 0.392913997
v 0.139981627 0.160468593 0.393344671
v 0.14671123 0.16795595 0.391414523
v 0.142629981 0.161851153 0.392291665
v 0.140147984 0.157229677 0.393597126
v 0.142901182 0.158464327 0.392688841
v 0.153067648 0.163398653 0.390082985
v 0.140371099 0.154914081 0.394933492
v 0.147984728 0.158032984 0.393429667
v 0.158667579 0.166170284 0.388753682
v 0.143222272 0.155992046 0.394295454
v 0.138955817 0.154723957 0.395483494
v 0.138648003 0.155933902 0.398019433
v 0.138652965 0.154342115 0.397558779
v 0.138632014 0.161053374 0.39951241
v 0.138745815 0.165210366 0.402279526
v 0.138623416 0.163806707 0.400316119
v 0.13848874 0.164276913 0.39882803
v 0.138611123 0.167764455 0.401466668
v 0.138468266 0.168065548 0.399806231
v 0.138488322 0.166488141 0.399542004
v 0.138851881 0.169319555 0.399747968
v 0.138352051 0.167319998 0.398139179
v 0.13837108 0.164694995 0.397530079
v 0.138487592 0.161709115 0.397976786
v 0.138502911 0.159062028 0.39730078
v 0.138419852 0.157833695 0.395916402
v -0.188975632 0.003330532 0.301943183
v -0.188801974 0.000479074719 0.301199079
v -0.187031135 -0.00160833658 0.29361245
v -0.188327491 -0.00160833681 0.299166262
v -0.188801974 0.00618198793 0.301199079
v -0.187679306 -0.00237238267 0.296389341
v -0.188327491 0.00826940034 0.299166262
v -0.187679306 0.0090334462 0.296389341
v -0.187031135 0.00826940127 0.29361245
v -0.186556637 0.00047907501 0.291579604
v -0.186382979 0.00333053316 0.29083553
v -0.186556637 0.00618199119 0.291579604
v 0.191084877 -0.0985979363 0.422807455
v 0.197303444 -0.100742504 0.416369945
v 0.193564951 -0.100305766 0.420131117
v 0.185892045 -0.0921319425 0.421561569
v 0.201637447 -0.100091867 0.412207991
v 0.187909171 -0.0893082544 0.420353502
v 0.205903992 -0.0985375941 0.408329219
v 0.196036443 -0.0880916342 0.42025131
v 0.200625598 -0.0865372717 0.416456431
v 0.192339003 -0.0903658718 0.423120856
v 0.20405072 -0.0876948386 0.41990447
v 0.190357521 -0.0931761935 0.424422979
v 0.19561179 -0.0914873257 0.426872581
v 0.189977586 -0.0960708186 0.424278289
v 0.193590567 -0.0971808881 0.428242356
v 0.193757102 -0.0942885056 0.428300828
v 0.201881945 -0.0906927064 0.428445429
v 0.196450904 -0.0957182646 0.433078051
v 0.198175192 -0.0929283649 0.431558669
v 0.206655368 -0.0891868174 0.424405515
v 0.194931015 -0.099712424 0.426800609
v 0.200476974 -0.0949448198 0.437129259
v 0.196472168 -0.0986097455 0.43309173
v 0.197597176 -0.101431184 0.424078971
v 0.198002115 -0.101150133 0.431687832
v 0.20140788 -0.10188514 0.420180947
v 0.198907822 -0.100605406 0.438677073
v 0.200803846 -0.102886766 0.428954512
v 0.198799074 -0.0977148786 0.438637286
v 0.204640463 -0.103367001 0.424979836
v 0.203431487 -0.104931965 0.434666842
v 0.200539798 -0.103162438 0.437327355
v 0.208919048 -0.102766372 0.420514286
v 0.20994924 -0.0997202918 0.411751807
v 0.209440142 -0.0962634012 0.40541777
v 0.211582929 -0.0934530348 0.404157609
v 0.212285444 -0.0905583203 0.404386193
v 0.211500779 -0.0880311131 0.40594092
v 0.209181994 -0.0863232389 0.40865919
v 0.212938726 -0.0875183418 0.411850035
v 0.215354711 -0.0892371014 0.409063756
v 0.208877847 -0.0870643929 0.415683359
v 0.211579725 -0.0885862336 0.420106232
v 0.21573922 -0.0890664831 0.416214734
v 0.209043995 -0.0912947282 0.430121452
v 0.218297899 -0.0912763029 0.422118604
v 0.214054719 -0.0907481909 0.425919831
v 0.204205036 -0.092749171 0.434074283
v 0.216969699 -0.0938463807 0.433396995
v 0.206835344 -0.0956659913 0.440789163
v 0.21182102 -0.0943001062 0.437213928
v 0.221329197 -0.0944564119 0.429926813
v 0.203548223 -0.103839152 0.452186882
v 0.214887023 -0.0978384316 0.445810616
v 0.220222384 -0.0974965841 0.442557961
v 0.209688738 -0.0990984514 0.448833972
v 0.205588728 -0.101143189 0.451126665
v 0.212681025 -0.10270188 0.458452672
v 0.218142658 -0.101545148 0.456039101
v 0.208298489 -0.104669191 0.460258305
v 0.205967978 -0.107331507 0.461050749
v 0.203373566 -0.10672725 0.452097237
v 0.201182961 -0.103415862 0.444849163
v 0.202785581 -0.106000707 0.443577319
v 0.205555692 -0.1102257 0.460910559
v 0.208430335 -0.110687107 0.471889675
v 0.204871088 -0.109348334 0.450940162
v 0.205726668 -0.107826173 0.441125154
v 0.209763229 -0.108436167 0.437572002
v 0.207319513 -0.105460033 0.430774301
v 0.211619765 -0.104913391 0.426390052
v 0.21574831 -0.103458866 0.422254622
v -0.245837748 -0.103162333 0.437327296
v -0.254216969 -0.102766275 0.420514226
v -0.25834465 -0.101260334 0.416308045
v -0.255247146 -0.09972018 0.411751777
v -0.256917685 -0.104913302 0.426390082
v -0.252617419 -0.105459936 0.430774301
v -0.248083532 -0.106000617 0.44357726
v -0.25506115 -0.108436063 0.437572032
v -0.251024604 -0.107826084 0.441125154
v -0.246480897 -0.103415765 0.444849104
v -0.253145039 -0.111243241 0.44879806
v -0.259563923 -0.107982226 0.43358922
v -0.250169039 -0.10934823 0.450940102
v -0.248671487 -0.106727146 0.452097178
v -0.246459663 -0.100527629 0.444861263
v -0.244097009 -0.0977147892 0.438637227
v -0.245774925 -0.094944708 0.4371292
v -0.243473113 -0.0929282755 0.431558579
v -0.248262793 -0.0977922976 0.443534344
v -0.247179851 -0.0906926095 0.428445369
v -0.244633749 -0.0892291814 0.423853904
v -0.249348626 -0.0876947492 0.419904411
v -0.251953274 -0.0891867056 0.424405456
v -0.249502942 -0.0927490816 0.434074223
v -0.256877661 -0.0885861218 0.420106173
v -0.254175752 -0.0870642886 0.415683299
v -0.25434196 -0.0912946239 0.430121392
v -0.254986674 -0.0990983471 0.448833913
v -0.258236617 -0.0875182226 0.411850005
v -0.259352654 -0.0907480791 0.425919771
v -0.261037111 -0.0890663713 0.416214675
v -0.263595879 -0.0912761912 0.422118485
v -0.263515979 -0.0908029974 0.413398176
v -0.260652632 -0.0892370045 0.409063697
v -0.256798685 -0.0880310088 0.405940861
v -0.261492729 -0.0917685702 0.407492667
v -0.25758335 -0.0905582234 0.404386133
v -0.25688082 -0.0934529305 0.404157549
v -0.260825872 -0.0946609676 0.407304913
v -0.258721054 -0.0974621698 0.408668607
v -0.264400154 -0.0933433473 0.411828011
v -0.263775676 -0.0962347761 0.411675423
v -0.267053843 -0.0956026092 0.417834371
v -0.266132325 -0.0930456668 0.419366688
v -0.261728525 -0.0990246609 0.413111657
v -0.264419079 -0.101263076 0.419108272
v -0.266452193 -0.0984930545 0.417691588
v -0.269245237 -0.0962817073 0.427391589
v -0.269577324 -0.101754501 0.425775886
v -0.261046231 -0.103458755 0.422254562
v -0.263903707 -0.106616236 0.429848015
v -0.267451227 -0.104489781 0.427019805
v -0.270201981 -0.0988664627 0.425953895
v -0.266938329 -0.110350952 0.439220518
v -0.262240648 -0.111611068 0.442372441
v -0.257405877 -0.11195299 0.445753545
v -0.259787977 -0.115668431 0.455699533
v -0.265032798 -0.115437843 0.453000516
v -0.255248487 -0.114857227 0.45815438
v -0.252225757 -0.112888575 0.459918201
v -0.250853628 -0.110225588 0.460910499
v -0.254385293 -0.116305009 0.471013993
v -0.251265913 -0.107331388 0.461050689
v -0.248846173 -0.103839055 0.452186823
v -0.250886649 -0.101143077 0.451126546
v -0.253596395 -0.104669072 0.460258245
v -0.260184973 -0.0978383273 0.445810556
v -0.266627133 -0.0944563001 0.429926693
v -0.265520304 -0.0974964797 0.442557901
v -0.270031482 -0.098206304 0.439577639
v -0.269008398 -0.101314507 0.453422934
v -0.273709387 -0.102125742 0.451009512
v -0.263440579 -0.101545036 0.456039041
v -0.21122098 0.183191344 0.385570914
v -0.206107184 0.179486573 0.388496935
v -0.211915463 0.179395452 0.383888155
v -0.211739868 0.17904529 0.384689093
v -0.211871192 0.187124297 0.383321404
v -0.21346058 0.18940942 0.383731276
v -0.211432353 0.183910757 0.38238281
v -0.213007882 0.175051659 0.384222895
v -0.212164283 0.174650982 0.384939194
v -0.20678103 0.176148713 0.386718184
v -0.213406652 0.170823023 0.386381984
v -0.214471966 0.171212241 0.385607183
v -0.211665511 0.170002416 0.386962622
v -0.212749436 0.166845098 0.390273809
v -0.203965381 0.166170329 0.388753623
v -0.20312272 0.169877097 0.387669772
v -0.196788147 0.174228594 0.391361356
v -0.196644425 0.176580817 0.393943667
v -0.197173223 0.170836136 0.389726698
v -0.201779708 0.179964438 0.396346629
v -0.204802141 0.163207605 0.391531676
v -0.198365435 0.163398713 0.390082955
v -0.197724164 0.167020455 0.389235348
v -0.191778928 0.171351478 0.392959028
v -0.187927797 0.161851197 0.392291605
v -0.192807749 0.160675362 0.391456008
v -0.199605688 0.158775121 0.395782769
v -0.206035584 0.160412997 0.399453372
v -0.200212032 0.158891305 0.402825922
v -0.194240272 0.156823099 0.402385771
v 0.243326649 0.00529071689 0.0556496233
v 0.242968172 0.00333054177 0.057533145
v 0.244100139 -0.000528214965 0.0602509491
v 0.242881238 0.00333054177 0.0599037856
v 0.243168235 0.00134107412 0.0599910729
v 0.245288521 -0.00217126287 0.066137448
v 0.243008196 0.00133721018 0.0625509545
v 0.243642509 -0.000538154796 0.0654028058
v 0.2427212 0.00333054131 0.062430013
v 0.244787812 -0.00217704382 0.0682288557
v 0.242712364 0.00133594545 0.0649576932
v 0.246391311 -0.0034615281 0.0711480975
v 0.243146062 -0.000542234688 0.0674035475
v 0.241934687 0.00333054131 0.0667319521
v 0.242219299 0.00133383751 0.0669018701
v 0.243968636 -0.00218648231 0.0699367076
v 0.242712364 0.00532513717 0.0649576932
v 0.243008196 0.00532387244 0.0625509545
v 0.24316822 0.00532000884 0.0599910729
v 0.0585351475 0.186530396 0.461576343
v 0.0746766329 0.193729579 0.467166781
v 0.0909561366 0.187063232 0.464992166
v 0.0910008922 0.181460574 0.464630544
v 0.0746549666 0.193981871 0.470456719
v 0.0747719556 0.183072567 0.463713557
v 0.0909821093 0.184316888 0.464255303
v 0.0746396855 0.193345562 0.473687857
v 0.0746338814 0.191823557 0.47631678
v 0.0908544585 0.190074742 0.476354092
v 0.0908722803 0.190777525 0.473047942
v 0.0746567175 0.186619192 0.478167325
v 0.0908555463 0.185749397 0.480561942
v 0.0908476785 0.188399181 0.47904408
v 0.107061498 0.184396699 0.482081324
v 0.107069232 0.186212093 0.479326218
v 0.0908743143 0.182667479 0.4809376
v 0.0746789649 0.18391268 0.47744754
v 0.0909002796 0.179695532 0.480201155
v 0.0747041851 0.181787148 0.475670278
v 0.0584786758 0.185550123 0.473292381
v 0.107091926 0.178186446 0.48402071
v 0.107070461 0.181525514 0.483635902
v 0.0584995039 0.184544265 0.470543236
v 0.0422698259 0.187552884 0.468568832
v 0.0422842726 0.187375322 0.465395629
v 0.0422944687 0.187949166 0.462279111
v 0.0585175641 0.184415609 0.467319071
v 0.0585303046 0.185099304 0.464152545
v 0.0747508556 0.180652618 0.469574183
v 0.0747661442 0.181463376 0.466342658
v 0.0747291818 0.180730492 0.472864568
v 0.09100198 0.177135214 0.468838334
v 0.090958856 0.176249862 0.47551173
v 0.0909841433 0.176206857 0.472144932
v 0.09100876 0.178923592 0.466148138
v 0.107217431 0.171198815 0.475015163
v 0.0909296945 0.177375615 0.478382528
v 0.107155211 0.172456101 0.481403768
v 0.107188523 0.171240613 0.478463471
v 0.107121587 0.174967334 0.483266413
v 0.12341819 0.165841013 0.481698573
v 0.123342887 0.1698488 0.486615092
v 0.123380706 0.167169049 0.484708399
v 0.123450711 0.165749088 0.478168756
v 0.138995096 0.161808133 0.488454193
v 0.123309508 0.173263669 0.48738718
v 0.123285383 0.176797137 0.486993283
v 0.138635606 0.168365136 0.491245121
v 0.138799176 0.164703101 0.490461469
v 0.12327528 0.179832622 0.485401958
v 0.123283997 0.181753591 0.482581705
v 0.1388769 0.175203517 0.489157975
v 0.13873449 0.172063261 0.490844667
v 0.152725458 0.159893543 0.495019943
v 0.152178615 0.163956791 0.495802402
v 0.153387249 0.156667009 0.492798865
v 0.153254122 0.171006054 0.493501395
v 0.153258801 0.155311123 0.488884777
v 0.138993174 0.160411149 0.485183507
v 0.13895902 0.160298735 0.48132816
v 0.153017342 0.155288935 0.484215587
v 0.153340086 0.156063393 0.479729384
v 0.123473652 0.166777685 0.47470203
v 0.139058173 0.161257461 0.477566481
v 0.107237816 0.172208726 0.471628517
v 0.139113918 0.163301691 0.474512219
v 0.107245572 0.174148187 0.468873203
v 0.123482369 0.168811232 0.471881598
v 0.107236579 0.176895276 0.467318833
v 0.123472266 0.171734139 0.470290482
v 0.107215114 0.179986164 0.466934502
v 0.138949558 0.166445702 0.472778648
v 0.123448104 0.17504245 0.469897062
v 0.107185431 0.182957053 0.467689246
v 0.138796091 0.170046821 0.472342908
v 0.123414718 0.178232163 0.470669657
v 0.107151806 0.185344189 0.46955207
v 0.0909267068 0.189270347 0.466811031
v 0.0908975527 0.190508917 0.469681621
v 0.107118487 0.186683789 0.472492188
v 0.107089609 0.186973736 0.475940049
v 0.123306915 0.182557032 0.479115486
v 0.123339415 0.18223995 0.475586116
v 0.138995364 0.176181495 0.475245684
v 0.138799593 0.178024068 0.482298434
v 0.138908565 0.177694663 0.478485376
v 0.138843819 0.177192077 0.486082554
v 0.138884619 0.173462138 0.473181725
v 0.152835771 0.169220477 0.474473685
v 0.153400645 0.172036424 0.476920962
v 0.152374089 0.165560231 0.473471701
v 0.152910084 0.161498576 0.474016458
v 0.162847877 0.1623009 0.472237885
v 0.153535008 0.15800859 0.476103783
v 0.166778445 0.153087333 0.475474715
v 0.163694635 0.157926261 0.472747892
v 0.16508837 0.151888013 0.481218398
v 0.163612887 0.166144207 0.473300815
v 0.169644028 0.156762362 0.467717081
v 0.169560745 0.164870322 0.4684183
v 0.168883279 0.16098696 0.467595696
v -0.171511605 0.224731699 0.711248994
v -0.171554446 0.22793673 0.709038675
v -0.165988341 0.234415412 0.719434261
v -0.172226444 0.222323626 0.713719904
v -0.178433985 0.214385748 0.700008273
v -0.173763707 0.221266896 0.716131449
v -0.177611157 0.216919869 0.697764039
v -0.177575946 0.220210001 0.695703149
v -0.172290072 0.231384337 0.707409024
v -0.166755095 0.23783727 0.717766941
v -0.161977917 0.242496774 0.724696159
v -0.168109238 0.240996793 0.717090905
v -0.16332756 0.245670468 0.72405535
v -0.158093184 0.249076366 0.728143096
v -0.156758994 0.24589166 0.728761256
v -0.149898738 0.248550847 0.730526626
v -0.151190519 0.251749575 0.729923725
v -0.141404018 0.254225254 0.729966879
v -0.16516231 0.248068735 0.724801064
v -0.152912557 0.254198968 0.730748773
v -0.159888759 0.251502961 0.728942931
v -0.14298898 0.256705672 0.730803251
v -0.112119831 0.26253593 0.727881908
v -0.161834732 0.253010303 0.730794847
v -0.144683406 0.258273512 0.73269397
v -0.154768929 0.255733371 0.732631028
v -0.130297124 0.261197895 0.731589079
v -0.113215171 0.264232248 0.729786873
v -0.156463698 0.256187141 0.73519963
v -0.131565452 0.261735708 0.734164774
v -0.146218225 0.2587578 0.735267222
v -0.114162236 0.264835387 0.732363224
v -0.132453889 0.261005282 0.737044871
v -0.147324339 0.257987559 0.738151133
v -0.147732675 0.255791783 0.74097389
v -0.157700911 0.255394638 0.73808378
v -0.158184677 0.253190219 0.740912676
v -0.157995775 0.250114083 0.743342996
v -0.163620099 0.253437221 0.733333349
v -0.157215044 0.246706575 0.745031476
v -0.167161822 0.249537185 0.726580262
v -0.164501637 0.243922457 0.743124604
v -0.172031268 0.244746879 0.71938169
v -0.169977978 0.243347377 0.717738867
v -0.175580561 0.236789972 0.707171798
v -0.173653707 0.234520212 0.706680059
v -0.177724078 0.238072261 0.708593965
v -0.179647937 0.226801232 0.693343639
v -0.178273261 0.223691925 0.694128752
v -0.181644902 0.228973642 0.693651021
v -0.184395105 0.215314001 0.678432345
v -0.185778841 0.218400374 0.67760241
v -0.183739468 0.211791813 0.679934263
v -0.18385677 0.20840919 0.681825459
v -0.189731598 0.203238487 0.662238419
v -0.190346032 0.206804499 0.660826147
v -0.184791893 0.20574151 0.683823049
v -0.18992506 0.199766502 0.663953483
v -0.19096157 0.196975052 0.665710628
v -0.186589628 0.204364181 0.685644388
v -0.180099607 0.213171989 0.702133
v -0.19287619 0.195450619 0.667249322
v -0.19660446 0.188670397 0.646217465
v -0.188863531 0.204207405 0.687094927
v 0.171773702 0.153095827 0.468154103
v 0.171733156 0.161082342 0.460630834
v 0.173844695 0.153848931 0.460097611
v 0.172295362 0.157150596 0.460301071
v 0.17520304 0.150886595 0.46827808
v 0.176356271 0.151882306 0.459922194
v 0.173185796 0.158234715 0.451876938
v 0.176795125 0.153226003 0.451068372
v 0.174573034 0.155080363 0.451393396
v 0.17462948 0.156643003 0.442446798
v 0.176888227 0.154856265 0.442052245
v 0.172650293 0.162051022 0.452428848
v 0.172983393 0.16589123 0.452958852
v 0.172183022 0.16493921 0.4611848
v 0.173639014 0.168094575 0.461717546
v 0.171622157 0.167826653 0.46943903
v 0.174201936 0.169117242 0.453376889
v 0.173929125 0.170589551 0.444781572
v 0.172432452 0.168942571 0.435754418
v 0.176322818 0.17109105 0.453592777
v 0.176095247 0.169921845 0.461983591
v 0.175996855 0.172606319 0.445023745
v 0.173438862 0.172206238 0.436296195
v -0.236523166 -0.147312224 0.0577494428
v -0.236467987 -0.147248387 0.0602509454
v -0.234615281 -0.14821291 0.0599910729
v -0.234249502 -0.1479408 0.0649576932
v -0.236343116 -0.147148415 0.0629103407
v -0.238395125 -0.146617636 0.0661374405
v -0.235704303 -0.146676227 0.0674035326
v -0.232845634 -0.149386287 0.0648075119
v -0.237993434 -0.146318644 0.0682288483
v -0.240045696 -0.146221995 0.0711480901
v -0.233851835 -0.147649273 0.0669018775
v -0.237336233 -0.145829499 0.0699367002
v -0.232447922 -0.149097353 0.0667319521
v -0.231904715 -0.151168123 0.0649576932
v -0.232144818 -0.151340991 0.0625509545
v -0.231798097 -0.153404146 0.0629103407
v -0.208910763 0.166144222 0.473300815
v -0.208145723 0.162300929 0.472237796
v -0.217031017 0.161082417 0.460630774
v -0.21418114 0.16098699 0.467595637
v -0.197671935 0.16556026 0.473471642
v -0.214941874 0.156762406 0.467717081
v -0.198207945 0.161498606 0.474016368
v -0.208992496 0.157926306 0.472747862
v -0.217948154 0.162051067 0.452428758
v -0.184247404 0.166445762 0.472778589
v -0.19883287 0.158008635 0.476103693
v -0.212076291 0.153087363 0.475474685
v -0.217593223 0.157150641 0.460301071
v -0.198637947 0.156063437 0.479729325
v -0.184356034 0.161257505 0.477566451
v -0.210386217 0.151888072 0.481218368
v -0.218369842 0.149423912 0.482061267
v -0.218033597 0.148947001 0.487789482
v -0.223472118 0.148110151 0.488429844
v -0.2235955 0.148544967 0.482475162
v -0.227069944 0.149125248 0.482677132
v -0.223846138 0.149218842 0.475937754
v -0.227123082 0.149794936 0.476056993
v -0.224209964 0.150103599 0.468279451
v -0.220500901 0.15088664 0.46827808
v -0.217071548 0.153095871 0.468154103
v -0.221654102 0.15188235 0.459922194
v -0.219142556 0.153848976 0.460097611
v -0.222092986 0.153226063 0.451068282
v -0.218483657 0.15823476 0.451876938
v -0.21987088 0.155080408 0.451393396
v -0.219927326 0.156643063 0.442446768
v -0.222186059 0.154856309 0.442052186
v -0.217846557 0.163524285 0.443675101
v -0.218088195 0.167350903 0.444296628
v 0.0658433214 -0.257831573 0.0612803511
v 0.0617839433 -0.254689842 0.0629103482
v 0.0618261918 -0.254844099 0.0602509603
v 0.0638846159 -0.255907923 0.0606813803
v 0.0676099509 -0.260719746 0.0620458424
v 0.0597604178 -0.254535437 0.059991084
v 0.0597774684 -0.254620016 0.0575874895
v 0.0559762232 -0.255765051 0.059991084
v 0.0544864088 -0.257229 0.0602509603
v 0.0597815178 -0.254695207 0.0556496158
v -0.216533706 -0.0820646957 0.405504495
v -0.251923859 -0.0893921629 0.40206635
v -0.241240457 -0.0837575421 0.404338002
v -0.213533878 -0.0826303288 0.408974916
v -0.229882732 -0.0822139531 0.406753242
v -0.238039911 -0.083378315 0.408030689
v -0.249052659 -0.0851724446 0.406276852
v -0.2512106 -0.0868683308 0.403607249
v -0.226533815 -0.08293356 0.410777897
v -0.219340175 -0.0823323503 0.40981847
v -0.234194294 -0.084099099 0.412072599
v -0.21723333 -0.0839072615 0.413319081
v -0.223422617 -0.0845738947 0.414530486
v -0.241073519 -0.0854324698 0.413899779
v -0.250580102 -0.0858864486 0.412378311
v -0.254479915 -0.0863231346 0.40865913
v -0.245923504 -0.0865371823 0.416456372
v -0.251218528 -0.0922919437 0.401810914
v -0.249120891 -0.0951156989 0.402997732
v -0.245657042 -0.0974114314 0.405783623
v -0.254738033 -0.0962632969 0.405417711
v -0.251201898 -0.0985374823 0.408329159
v -0.241496041 -0.0989911854 0.409515142
v -0.234285444 -0.097666353 0.407621235
v -0.230504081 -0.0983869955 0.411680758
v -0.246935353 -0.100091763 0.412207961
v -0.223390535 -0.0968432054 0.410494685
v -0.21716392 -0.0949765369 0.409680635
v -0.237306878 -0.099667035 0.413539082
v -0.227335632 -0.0980077088 0.415382266
v -0.215544745 -0.0947782397 0.413131803
v -0.212493032 -0.0931689441 0.41218552
v -0.212248251 -0.092817843 0.40952149
v -0.209067538 -0.0903979614 0.410300076
v -0.2103571 -0.0916998088 0.413665384
v -0.210019454 -0.0892484635 0.406367719
v -0.20885925 -0.0865083858 0.407113463
v -0.210035518 -0.0841623321 0.408027917
v -0.207915261 -0.087939471 0.411310434
v -0.209084913 -0.085664995 0.411846578
v -0.209332287 -0.0895283595 0.414878547
v -0.212287337 -0.0841343328 0.412364244
v -0.210379481 -0.0873210356 0.415100694
v -0.212532789 -0.0857876465 0.414606601
v -0.213964179 -0.0885598287 0.417180508
v -0.213135034 -0.0910388753 0.417020261
v -0.215602532 -0.0860998556 0.415986419
v -0.220861435 -0.0868961439 0.417353749
v -0.219162613 -0.0896615088 0.418590158
v 0.094899714 0.251003146 0.730556905
v 0.109471023 0.255733311 0.732631147
v 0.105892606 0.251749516 0.729923725
v 0.104600817 0.248550802 0.730526686
v 0.103820078 0.24514316 0.73221457
v 0.112795278 0.249076292 0.728143096
v 0.11066848 0.242489114 0.730454385
v 0.111461073 0.245891616 0.728761256
v 0.114590853 0.251502872 0.72894299
v 0.116679996 0.242496729 0.724696219
v 0.116536804 0.253010243 0.730795026
v 0.119864404 0.248068675 0.724801242
v 0.118029654 0.245670423 0.724055469
v 0.118322186 0.253437161 0.733333409
v 0.119636029 0.252622426 0.736192346
v 0.123707831 0.249921307 0.729039729
v 0.120167345 0.250404984 0.739005983
v 0.121863902 0.24953711 0.726580381
v 0.125075862 0.249066889 0.731826067
v 0.126733333 0.244746819 0.719381809
v 0.12864098 0.245053023 0.721690118
v 0.124680072 0.243347347 0.717738986
v 0.122811325 0.240996763 0.717090964
v 0.13028264 0.236789942 0.707171977
v 0.132426172 0.238072231 0.708593965
v 0.121457182 0.23783724 0.71776706
v 0.128355801 0.234520197 0.706680179
v 0.126992166 0.231384322 0.707409084
v 0.120690435 0.234415382 0.719434321
v 0.115893155 0.239089698 0.726383567
v 0.126256526 0.22793667 0.709038734
v -0.292010576 0.0665982217 0.572404146
v -0.289676905 0.0667052642 0.57829833
v -0.288435906 0.090701744 0.569661081
v -0.284597963 0.0662826374 0.580655456
v -0.286336243 0.0907180905 0.575583696
v -0.288569033 0.0909277126 0.572650731
v -0.286223173 0.090108484 0.567079067
v -0.284481287 0.114130624 0.569580972
v -0.282299429 0.113090008 0.564035714
v -0.284382373 0.113898069 0.566585183
v -0.282217294 0.0892161652 0.56536901
v -0.285713881 0.0655665323 0.568044186
v -0.280004859 0.064833343 0.56760478
v -0.282989591 0.0410962105 0.569807649
v -0.285508454 0.0176629666 0.57145822
v -0.276389837 0.0406073816 0.570452809
v -0.280475914 -0.00496825017 0.573041022
v -0.27871719 0.0173116475 0.57208848
v -0.281525999 -0.0254014395 0.573154926
v -0.274696589 -0.0257602222 0.57471925
v -0.272163004 0.0169825722 0.573653877
v -0.273748964 -0.00529082585 0.574604809
v -0.269204706 -0.0261937138 0.577029645
v -0.268348128 -0.00560238538 0.576919317
v -0.26619637 -0.0266524721 0.579903007
v -0.266555607 -0.0456421562 0.578758955
v -0.265588164 -0.027074419 0.582874537
v -0.265391231 -0.00585245714 0.579801738
v -0.264805138 -0.00602130964 0.582785249
v -0.264049083 0.0166179482 0.578858197
v -0.266916692 0.0167324394 0.575971425
v -0.263503581 0.0166279767 0.581846535
v -0.265223622 0.016751403 0.584468901
v -0.265009135 0.0399085507 0.574361086
v -0.270058483 0.0401862189 0.572032332
v -0.269152671 0.0169771072 0.586257815
v -0.267385602 0.0406528376 0.584640741
v -0.267555118 0.0634463578 0.569906056
v -0.273633659 0.0640880913 0.56828934
v -0.262724072 0.0630237311 0.572263241
v -0.270588607 0.0869229063 0.565753639
v -0.276704639 0.0880930871 0.56499511
v -0.264772654 0.0858892426 0.567440808
v -0.273239285 0.110094205 0.562124312
v -0.278496921 0.111793146 0.562394738
v -0.260160267 0.085175775 0.569852769
v -0.261830866 0.106641099 0.564802527
v -0.267394572 0.108280934 0.563001335
v -0.274110556 0.132182345 0.559423208
v -0.263712406 0.127297103 0.560289383
v -0.269205332 0.129837468 0.559273541
v -0.27759698 0.133925825 0.560984433
v -0.264199346 0.146323726 0.556723893
v -0.258463025 0.124967068 0.562224746
v -0.279446781 0.134962738 0.563497245
v -0.26861605 0.149268642 0.556756377
v -0.279442191 0.135187909 0.566501915
v -0.282331705 0.113700926 0.572561026
v -0.281451106 0.0900046378 0.577995658
v -0.27802363 0.065640904 0.582272172
v -0.280416399 0.0416223295 0.58447051
v -0.273432374 0.0411335006 0.585115612
v -0.271156639 0.0648956597 0.582956791
v -0.265199691 0.0641624629 0.582517385
v -0.261355609 0.063556917 0.580762267
v -0.263481706 0.0402561873 0.582860708
v -0.261758924 0.0399773605 0.580242515
v -0.262255311 0.0398502052 0.57725358
v -0.259646714 0.0631307662 0.578157425
v -0.260095417 0.0629357845 0.575169086
v -0.257242531 0.0851921141 0.575775385
v -0.257654756 0.0849661529 0.572785735
v -0.258909851 0.0857853889 0.578357399
v -0.255018771 0.105032779 0.570284784
v -0.254621893 0.105265334 0.573280573
v -0.257416248 0.105462462 0.56730473
v -0.254288256 0.123253256 0.564833701
v -0.252019316 0.122561529 0.567870498
v -0.254402459 0.140132248 0.559941113
v -0.248488158 0.136978284 0.565747201
v -0.250572443 0.137917593 0.562654614
v -0.259203136 0.143106282 0.557874858
v -0.246064916 0.14882496 0.560981989
v -0.253527522 0.154843375 0.556014836
v -0.249382421 0.151401773 0.558185279
v -0.257817864 0.158553764 0.554756522
v -0.244257197 0.147708938 0.56411916
v -0.246346518 0.161643252 0.554966569
v -0.155923232 0.243507951 0.745634675
v -0.152344838 0.239523903 0.742926478
v -0.159426063 0.236803785 0.741090536
v -0.150650084 0.239069954 0.74035728
v -0.140754253 0.241535544 0.740357995
v -0.139648095 0.242305696 0.737473786
v -0.125806749 0.245070383 0.736290932
v -0.125522599 0.247249439 0.733479381
v -0.14941287 0.239862382 0.737472892
v -0.109275214 0.250071734 0.731606543
v -0.0919954926 0.252729654 0.729511738
v -0.10954991 0.253159463 0.729219377
v -0.0754715353 0.258078754 0.725316823
v -0.0922901556 0.255821049 0.727141321
v -0.125764996 0.25033319 0.731075048
v -0.092815198 0.259318501 0.725518525
v -0.0471333154 0.260744542 0.723674834
v -0.0609027781 0.263225973 0.722622216
v -0.0346502624 0.26131162 0.723492384
v -0.0473502651 0.264283687 0.722079158
v -0.0347592309 0.264852941 0.721898079
v -0.0763994977 0.264991462 0.723178625
v -0.0612514317 0.26664266 0.72209996
v -0.0226489399 0.261474133 0.723492384
v -0.022648938 0.258376986 0.725835562
v -0.0107429223 0.258214444 0.725835562
v -0.0226489361 0.265015453 0.721898079
v -0.0348648466 0.268285215 0.72138083
v 0.0015410441 0.255546033 0.728784204
v 0.0018354319 0.260744542 0.723674893
v 0.00165391632 0.257647663 0.726019323
v 0.00153002224 0.254992634 0.731641352
v 0.0150324004 0.2565974 0.726570785
v 0.0149443997 0.253924489 0.732197762
v 0.0149039831 0.254490316 0.729339063
v 0.0301736426 0.258078724 0.725316882
v 0.029788455 0.252866447 0.730448425
v 0.0151169403 0.254681736 0.734772742
v 0.0153848939 0.256543756 0.736689746
v 0.0302960742 0.253000021 0.735886216
v 0.0299486499 0.252275825 0.73331064
v 0.0157115515 0.259292215 0.73757422
v 0.0307628699 0.254826516 0.737800777
v 0.031281177 0.2575427 0.738680243
v 0.0160601996 0.262708902 0.737051904
v 0.00215004547 0.263839126 0.736502588
v 0.0317831412 0.260935992 0.738150358
v 0.00205238489 0.264283657 0.722079217
v 0.0156048946 0.263225943 0.722622275
v 0.015953552 0.26664266 0.72209996
v 0.031619899 0.267707616 0.724058032
v 0.0311016086 0.264991462 0.723178625
v 0.0475173146 0.259318441 0.725518644
v 0.029883353 0.254984468 0.727673709
v 0.0466975942 0.252729625 0.729511917
v 0.064252004 0.253159434 0.729219377
v 0.0482044406 0.262672871 0.72497642
v 0.0467016436 0.250593394 0.73229748
v 0.063977316 0.250071704 0.731606662
v 0.064867124 0.256630421 0.727579236
v -0.0769177824 0.267707646 0.724057972
v -0.0942831933 0.265335172 0.725847363
v -0.0935023203 0.262672871 0.72497642
v -0.0950426236 0.267102361 0.727757871
v -0.127518132 0.257038534 0.728842258
v -0.110165015 0.25663045 0.727579236
v -0.126456097 0.253777564 0.729416549
v -0.139449611 0.247581363 0.732232034
v -0.14019762 0.251003206 0.730556846
v -0.139239833 0.244501576 0.734651387
v -0.148929119 0.242066935 0.734644234
v -0.149118006 0.24514319 0.732214451
v -0.156327054 0.237191498 0.73569262
v -0.155966401 0.242489159 0.730454206
v -0.155795678 0.239409015 0.732879043
v -0.157640815 0.236376807 0.738551736
v -0.161044791 0.235991448 0.728777289
v -0.16298458 0.232889608 0.734323919
v -0.161616698 0.23374407 0.731537521
v -0.164828256 0.233273745 0.736783385
v -0.161191076 0.239089757 0.726383567
v -0.16650781 0.228971079 0.724411786
v -0.165881664 0.231277823 0.721760154
v -0.167939514 0.228041813 0.727056324
f 1 2 3
f 4 5 6
f 7 2 1
f 1 8 7
f 7 8 9
f 6 5 10
f 10 11 6
f 12 11 10
f 13 5 4
f 10 5 13
f 10 14 12
f 12 14 15
f 16 14 10
f 15 14 16
f 13 17 10
f 10 17 16
f 4 18 13
f 19 18 4
f 20 17 13
f 16 17 20
f 16 21 15
f 15 21 22
f 23 21 16
f 22 21 23
f 20 24 16
f 16 24 23
f 13 25 20
f 13 18 26
f 26 25 13
f 26 18 19
f 20 25 27
f 27 25 26
f 28 24 20
f 23 24 28
f 27 29 20
f 20 29 28
f 19 30 26
f 23 31 22
f 32 30 19
f 19 33 32
f 26 30 34
f 34 30 32
f 22 31 35
f 35 36 22
f 37 31 23
f 35 31 37
f 23 38 37
f 28 38 23
f 39 36 35
f 40 38 28
f 37 38 40
f 35 41 39
f 37 42 35
f 43 41 35
f 35 42 43
f 44 42 37
f 43 42 44
f 40 45 37
f 37 45 44
f 39 41 46
f 46 41 43
f 46 47 39
f 39 47 48
f 48 47 49
f 49 47 46
f 49 50 48
f 48 50 9
f 9 50 7
f 7 50 49
f 43 51 46
f 49 52 7
f 46 53 49
f 7 52 2
f 54 52 49
f 49 53 54
f 2 52 54
f 55 53 46
f 46 51 55
f 54 53 55
f 2 56 3
f 3 56 57
f 54 58 2
f 59 56 2
f 2 58 59
f 57 56 59
f 60 58 54
f 59 58 60
f 15 61 62
f 62 63 15
f 15 63 12
f 62 61 64
f 64 65 62
f 62 65 66
f 66 65 67
f 67 65 64
f 66 67 68
f 68 67 69
f 69 70 68
f 64 71 67
f 64 61 22
f 22 61 15
f 39 71 64
f 22 36 64
f 64 36 39
f 67 71 48
f 48 71 39
f 67 72 69
f 48 72 67
f 69 72 9
f 9 72 48
f 73 70 69
f 74 70 73
f 9 75 69
f 69 75 73
f 73 76 74
f 74 76 77
f 73 75 78
f 78 75 9
f 79 76 73
f 77 76 79
f 78 80 73
f 73 80 79
f 79 81 77
f 77 81 82
f 82 81 83
f 83 81 79
f 83 84 82
f 85 84 83
f 83 86 85
f 85 86 87
f 79 88 83
f 89 86 83
f 87 86 89
f 83 88 89
f 90 88 79
f 79 80 90
f 89 88 90
f 91 92 93
f 93 94 91
f 95 92 91
f 93 92 96
f 96 92 95
f 95 97 96
f 96 98 93
f 99 94 93
f 96 97 100
f 93 101 99
f 93 98 102
f 102 101 93
f 103 98 96
f 102 98 103
f 100 104 96
f 96 104 103
f 100 97 105
f 105 97 95
f 106 104 100
f 103 104 106
f 105 107 100
f 103 108 102
f 95 109 105
f 110 108 103
f 103 111 110
f 106 111 103
f 102 108 112
f 112 108 110
f 113 109 95
f 95 114 113
f 91 114 95
f 115 114 91
f 113 114 115
f 91 116 115
f 117 116 91
f 91 94 117
f 115 116 118
f 118 116 117
f 115 119 113
f 113 119 120
f 120 121 113
f 113 121 109
f 122 119 115
f 120 119 122
f 118 123 115
f 115 123 122
f 109 124 105
f 109 121 125
f 125 121 120
f 126 124 109
f 105 124 127
f 127 124 126
f 127 107 105
f 126 109 128
f 128 109 125
f 120 129 125
f 128 130 126
f 131 129 120
f 120 132 131
f 122 132 120
f 125 129 133
f 133 129 131
f 125 134 128
f 133 134 125
f 128 134 135
f 135 134 133
f 136 132 122
f 131 132 136
f 131 137 133
f 122 138 136
f 139 138 122
f 122 123 139
f 139 123 118
f 133 137 140
f 140 141 133
f 133 141 135
f 140 137 142
f 142 137 131
f 131 143 142
f 136 143 131
f 144 143 136
f 142 143 144
f 136 145 144
f 146 145 136
f 136 138 146
f 146 138 139
f 147 145 146
f 144 145 147
f 139 148 146
f 144 149 142
f 150 148 139
f 139 151 150
f 118 151 139
f 146 148 152
f 152 148 150
f 152 153 146
f 146 153 147
f 154 151 118
f 150 151 154
f 118 155 154
f 117 155 118
f 154 156 150
f 157 155 117
f 154 155 157
f 117 158 157
f 99 158 117
f 117 94 99
f 159 158 99
f 157 158 159
f 157 160 154
f 154 160 156
f 161 160 157
f 156 160 161
f 159 162 157
f 157 162 161
f 99 163 159
f 164 162 159
f 161 162 164
f 165 163 99
f 99 101 165
f 165 101 102
f 159 163 166
f 166 163 165
f 102 167 165
f 166 168 159
f 159 168 164
f 112 167 102
f 165 167 169
f 169 167 112
f 165 170 166
f 169 170 165
f 171 168 166
f 164 168 171
f 172 173 174
f 175 176 177
f 172 177 178
f 177 176 179
f 179 176 175
f 177 180 178
f 179 180 177
f 178 181 172
f 175 182 179
f 183 182 175
f 184 182 183
f 179 182 184
f 183 185 184
f 186 180 179
f 178 180 186
f 184 187 179
f 179 187 186
f 184 185 188
f 188 189 184
f 190 187 184
f 184 189 190
f 186 187 190
f 186 191 178
f 192 189 188
f 190 189 192
f 190 193 186
f 194 188 195
f 192 188 194
f 195 196 194
f 186 193 197
f 197 191 186
f 198 193 190
f 197 193 198
f 199 190 192
f 198 190 199
f 199 200 198
f 194 201 192
f 196 201 194
f 202 201 196
f 192 201 202
f 196 203 204
f 204 203 205
f 196 206 202
f 204 206 196
f 192 207 199
f 205 208 204
f 209 208 205
f 210 206 204
f 202 206 210
f 204 208 211
f 211 208 209
f 202 212 192
f 211 213 204
f 204 213 210
f 209 214 211
f 192 212 215
f 215 207 192
f 216 212 202
f 215 212 216
f 217 214 209
f 209 218 217
f 211 214 219
f 219 214 217
f 202 220 216
f 210 220 202
f 217 218 221
f 222 220 210
f 216 220 222
f 221 223 217
f 222 224 216
f 225 223 221
f 221 226 225
f 227 226 221
f 228 226 227
f 225 226 228
f 227 229 228
f 217 223 230
f 230 223 225
f 230 231 217
f 217 231 219
f 228 229 232
f 228 233 225
f 232 234 228
f 235 233 228
f 228 234 235
f 236 234 232
f 235 234 236
f 232 237 236
f 238 237 232
f 239 237 238
f 236 237 239
f 225 233 240
f 240 233 235
f 240 241 225
f 225 241 230
f 235 242 240
f 236 242 235
f 236 239 243
f 240 242 244
f 244 242 236
f 243 239 245
f 243 246 236
f 239 247 245
f 248 247 239
f 248 239 249
f 249 250 248
f 251 247 248
f 245 247 251
f 248 250 252
f 252 251 248
f 245 253 243
f 250 254 252
f 243 253 255
f 255 246 243
f 251 253 245
f 255 253 251
f 256 254 250
f 250 257 256
f 252 254 258
f 258 254 256
f 256 257 259
f 259 260 256
f 261 262 251
f 263 260 259
f 264 263 259
f 256 260 265
f 265 260 263
f 265 266 256
f 256 266 258
f 263 267 265
f 268 266 265
f 258 266 268
f 265 267 269
f 269 270 265
f 265 270 268
f 173 267 263
f 269 267 173
f 126 130 271
f 130 272 68
f 68 272 66
f 68 271 130
f 271 127 126
f 74 271 68
f 273 127 271
f 74 274 271
f 271 274 273
f 68 70 74
f 77 274 74
f 273 274 77
f 273 275 127
f 127 275 276
f 276 107 127
f 277 275 273
f 276 275 277
f 100 107 276
f 276 278 100
f 100 278 106
f 279 278 276
f 106 278 279
f 277 280 276
f 276 280 279
f 273 281 277
f 77 281 273
f 282 280 277
f 279 280 282
f 277 281 82
f 82 281 77
f 277 283 282
f 82 283 277
f 279 284 106
f 106 284 285
f 285 111 106
f 286 284 279
f 285 284 286
f 282 287 279
f 279 287 286
f 282 283 84
f 84 283 82
f 288 287 282
f 286 287 288
f 84 289 282
f 282 289 288
f 290 289 84
f 288 289 290
f 291 292 293
f 291 293 294
f 294 293 295
f 295 296 294
f 297 292 291
f 294 296 227
f 298 297 291
f 299 291 294
f 298 291 299
f 227 296 229
f 229 296 295
f 221 294 227
f 299 294 221
f 209 298 299
f 299 218 209
f 221 218 299
f 205 298 209
f 300 229 295
f 295 301 300
f 293 301 295
f 302 301 293
f 300 301 302
f 293 303 302
f 292 303 293
f 302 303 304
f 304 303 292
f 302 305 300
f 306 229 300
f 300 305 307
f 307 308 300
f 300 308 306
f 309 305 302
f 307 305 309
f 304 310 302
f 302 310 309
f 306 311 229
f 306 308 312
f 312 308 307
f 238 311 306
f 229 311 232
f 232 311 238
f 306 312 238
f 238 312 249
f 307 313 312
f 249 239 238
f 314 313 307
f 307 315 314
f 309 315 307
f 312 313 316
f 316 313 314
f 312 317 249
f 316 317 312
f 249 317 250
f 250 317 316
f 174 315 309
f 314 315 174
f 314 318 316
f 309 319 174
f 320 319 309
f 309 310 320
f 320 310 304
f 316 318 259
f 259 257 316
f 316 257 250
f 259 318 264
f 264 318 314
f 314 174 264
f 304 321 320
f 322 321 304
f 320 321 322
f 304 323 322
f 292 323 304
f 324 323 292
f 322 323 324
f 292 325 324
f 297 325 292
f 326 325 297
f 324 325 326
f 324 327 322
f 326 328 324
f 324 328 327
f 297 329 326
f 330 328 326
f 327 328 330
f 329 297 298
f 326 329 331
f 298 205 329
f 326 331 330
f 329 205 203
f 203 331 329
f 330 331 332
f 195 331 203
f 331 195 332
f 333 334 335
f 336 337 338
f 339 337 336
f 336 340 339
f 339 340 341
f 341 342 339
f 343 342 341
f 344 337 339
f 338 337 344
f 339 342 345
f 345 342 343
f 339 346 344
f 345 346 339
f 338 347 333
f 343 348 349
f 349 350 343
f 343 350 345
f 351 350 349
f 345 350 351
f 333 347 352
f 352 334 333
f 353 347 338
f 352 347 353
f 351 354 345
f 338 355 353
f 344 355 338
f 345 354 356
f 356 346 345
f 344 346 356
f 357 354 351
f 356 354 357
f 356 358 344
f 359 355 344
f 344 358 359
f 353 355 359
f 351 360 357
f 361 360 351
f 362 360 361
f 357 360 362
f 361 363 362
f 362 363 364
f 364 365 362
f 366 365 364
f 362 367 357
f 368 365 366
f 362 365 368
f 368 367 362
f 366 369 368
f 368 369 370
f 371 367 368
f 357 367 371
f 370 372 368
f 368 372 371
f 371 373 357
f 357 373 356
f 356 373 374
f 374 373 371
f 374 358 356
f 375 372 370
f 371 372 375
f 371 376 374
f 375 376 371
f 359 358 374
f 370 377 375
f 378 377 370
f 379 377 378
f 375 377 379
f 378 380 379
f 381 376 375
f 374 376 381
f 374 382 359
f 381 382 374
f 359 382 383
f 383 382 381
f 375 384 381
f 379 384 375
f 381 384 385
f 385 384 379
f 385 386 381
f 381 386 383
f 383 387 359
f 359 387 353
f 383 386 388
f 388 386 385
f 389 387 383
f 353 387 389
f 388 390 383
f 383 390 389
f 389 391 353
f 353 391 352
f 389 390 392
f 392 390 388
f 393 391 389
f 352 391 393
f 392 394 389
f 389 394 393
f 388 395 392
f 396 394 392
f 393 394 396
f 393 397 352
f 352 397 398
f 398 334 352
f 399 397 393
f 398 397 399
f 335 334 398
f 398 400 335
f 335 400 401
f 402 400 398
f 401 400 402
f 399 403 398
f 398 403 402
f 393 404 399
f 396 404 393
f 405 403 399
f 402 403 405
f 399 404 406
f 406 404 396
f 399 407 405
f 406 407 399
f 402 408 401
f 396 409 406
f 405 410 402
f 411 408 402
f 402 410 411
f 401 408 412
f 412 408 411
f 412 413 401
f 401 413 414
f 414 413 415
f 415 413 412
f 415 416 414
f 417 410 405
f 411 410 417
f 411 418 412
f 419 416 415
f 412 420 415
f 415 421 419
f 412 418 422
f 422 420 412
f 415 420 423
f 423 421 415
f 423 420 422
f 419 421 424
f 424 421 423
f 424 425 419
f 419 425 426
f 426 425 427
f 427 425 424
f 427 428 426
f 426 428 429
f 429 428 430
f 430 428 427
f 430 380 429
f 379 380 430
f 430 431 379
f 379 431 385
f 427 432 430
f 433 431 430
f 385 431 433
f 430 432 433
f 433 434 385
f 385 434 388
f 388 434 435
f 435 434 433
f 435 395 388
f 436 432 427
f 433 432 436
f 433 437 435
f 436 437 433
f 438 395 435
f 392 395 438
f 435 437 439
f 439 437 436
f 427 440 436
f 424 440 427
f 436 440 441
f 441 440 424
f 441 442 436
f 436 442 439
f 424 443 441
f 423 443 424
f 444 442 441
f 439 442 444
f 441 443 445
f 445 443 423
f 439 446 435
f 435 446 438
f 447 446 439
f 438 446 447
f 439 448 447
f 444 448 439
f 423 449 445
f 422 449 423
f 445 450 441
f 441 450 444
f 445 449 451
f 451 449 422
f 452 450 445
f 444 450 452
f 451 453 445
f 445 453 452
f 454 455 456
f 457 455 454
f 456 455 458
f 458 455 457
f 457 459 458
f 460 459 457
f 461 459 460
f 457 462 460
f 460 463 461
f 460 462 464
f 465 463 460
f 464 466 460
f 460 466 465
f 467 466 464
f 465 466 467
f 465 468 463
f 468 469 463
f 470 468 465
f 467 470 465
f 464 471 467
f 472 470 467
f 470 473 468
f 464 462 471
f 467 471 474
f 468 473 475
f 475 476 468
f 477 476 475
f 475 478 477
f 477 478 479
f 475 473 480
f 480 473 470
f 481 478 475
f 479 478 481
f 480 482 475
f 475 482 481
f 472 480 470
f 483 482 480
f 481 482 483
f 484 480 472
f 480 485 483
f 484 485 480
f 486 487 488
f 489 487 486
f 490 491 488
f 488 491 486
f 492 493 490
f 494 491 490
f 486 491 494
f 486 495 489
f 490 496 494
f 490 493 497
f 497 496 490
f 498 493 492
f 497 493 498
f 492 499 498
f 500 499 492
f 494 496 501
f 501 496 497
f 501 502 494
f 494 502 503
f 503 504 494
f 494 504 486
f 497 505 506
f 498 505 497
f 506 505 507
f 507 505 498
f 507 508 506
f 486 504 509
f 509 504 503
f 503 510 509
f 509 495 486
f 509 510 511
f 512 508 507
f 513 495 509
f 511 514 509
f 509 514 513
f 515 514 511
f 513 514 515
f 511 516 515
f 489 495 513
f 515 516 517
f 513 518 489
f 489 518 519
f 515 520 513
f 521 518 513
f 513 520 521
f 519 518 521
f 517 522 515
f 523 520 515
f 515 522 523
f 521 520 523
f 524 522 517
f 523 522 524
f 517 525 524
f 524 525 526
f 521 527 519
f 524 528 523
f 523 529 521
f 526 530 524
f 523 528 531
f 531 529 523
f 532 528 524
f 524 530 532
f 531 528 532
f 533 530 526
f 532 530 533
f 526 534 533
f 521 529 535
f 535 527 521
f 535 529 531
f 533 534 536
f 533 537 532
f 532 538 531
f 536 539 533
f 532 537 540
f 540 538 532
f 541 537 533
f 533 539 541
f 540 537 541
f 542 539 536
f 541 539 542
f 536 543 542
f 542 543 512
f 512 544 542
f 507 544 512
f 542 545 541
f 542 544 546
f 546 544 507
f 546 545 542
f 507 547 546
f 498 547 507
f 548 545 546
f 541 545 548
f 549 547 498
f 546 547 549
f 498 499 549
f 549 499 500
f 549 550 546
f 546 550 548
f 500 551 549
f 552 551 500
f 553 550 549
f 549 551 553
f 553 551 552
f 548 550 553
f 552 554 553
f 548 555 541
f 553 554 556
f 553 557 548
f 556 557 553
f 548 557 558
f 558 557 556
f 558 555 548
f 541 555 540
f 540 555 558
f 556 559 558
f 560 559 556
f 558 561 540
f 562 559 560
f 558 559 562
f 562 561 558
f 560 563 562
f 540 561 564
f 564 561 562
f 564 538 540
f 531 538 564
f 564 565 531
f 531 565 535
f 562 566 564
f 567 565 564
f 564 566 567
f 535 565 567
f 568 566 562
f 562 563 568
f 567 566 568
f 568 563 569
f 569 570 568
f 571 570 569
f 568 572 567
f 572 570 571
f 568 570 572
f 571 573 572
f 572 573 574
f 574 575 572
f 576 575 574
f 572 575 577
f 577 575 576
f 567 572 577
f 576 578 577
f 579 578 576
f 577 580 567
f 567 580 535
f 577 578 581
f 581 578 579
f 581 580 577
f 535 580 581
f 579 582 581
f 581 527 535
f 581 582 519
f 519 527 581
f 583 584 585
f 586 587 584
f 587 588 584
f 584 588 589
f 589 590 584
f 590 589 591
f 588 587 592
f 592 593 588
f 594 589 588
f 588 593 594
f 591 589 594
f 595 593 592
f 594 593 595
f 595 596 594
f 597 596 595
f 594 598 591
f 599 596 597
f 594 596 599
f 599 598 594
f 591 598 600
f 600 598 599
f 600 601 591
f 591 601 590
f 590 601 600
f 599 602 600
f 603 602 599
f 603 599 604
f 600 602 605
f 605 602 603
f 600 606 590
f 605 606 600
f 590 606 607
f 607 606 605
f 604 608 603
f 609 608 604
f 603 608 610
f 610 608 609
f 603 611 605
f 610 611 603
f 605 611 612
f 612 611 610
f 613 610 609
f 614 610 613
f 614 615 610
f 610 615 612
f 616 615 614
f 612 615 616
f 614 617 616
f 612 618 605
f 605 618 607
f 616 617 619
f 620 618 612
f 612 616 620
f 607 618 620
f 616 619 621
f 620 616 621
f 621 619 622
f 622 623 621
f 622 624 625
f 625 623 622
f 625 624 626
f 621 623 627
f 627 623 625
f 621 628 620
f 627 628 621
f 620 628 629
f 629 628 627
f 626 630 625
f 629 631 620
f 620 631 607
f 607 631 584
f 584 631 629
f 584 590 607
f 585 584 629
f 629 627 585
f 585 627 632
f 632 583 585
f 627 633 632
f 625 633 627
f 632 634 583
f 630 633 625
f 632 633 630
f 630 634 632
f 583 634 635
f 635 634 630
f 635 636 583
f 635 637 636
f 636 637 638
f 630 639 635
f 640 637 635
f 638 637 640
f 635 639 640
f 640 641 638
f 642 641 640
f 640 643 642
f 639 643 640
f 639 630 626
f 644 645 646
f 647 645 644
f 648 649 650
f 650 649 651
f 651 652 650
f 653 649 648
f 651 649 653
f 654 652 651
f 648 655 653
f 646 655 648
f 651 656 654
f 657 655 646
f 653 655 657
f 653 658 651
f 654 656 659
f 659 660 654
f 661 656 651
f 651 658 661
f 659 656 661
f 662 660 659
f 659 663 662
f 662 663 664
f 665 663 659
f 664 663 665
f 661 666 659
f 659 666 665
f 667 666 661
f 665 666 667
f 661 658 668
f 668 658 653
f 661 669 667
f 668 669 661
f 665 670 664
f 653 671 668
f 657 671 653
f 672 669 668
f 667 669 672
f 668 671 673
f 673 671 657
f 667 674 665
f 673 675 668
f 668 675 672
f 665 674 676
f 676 670 665
f 677 674 667
f 676 674 677
f 672 678 667
f 667 678 677
f 672 675 679
f 679 675 673
f 680 678 672
f 677 678 680
f 679 681 672
f 672 681 680
f 673 682 679
f 683 681 679
f 680 681 683
f 680 684 677
f 679 685 683
f 679 682 686
f 686 685 679
f 687 682 673
f 686 682 687
f 673 688 687
f 657 688 673
f 689 688 657
f 687 688 689
f 657 690 689
f 646 690 657
f 691 690 646
f 689 690 691
f 646 645 691
f 689 692 687
f 691 645 647
f 691 693 689
f 647 694 691
f 689 693 695
f 695 692 689
f 696 693 691
f 691 694 696
f 695 693 696
f 697 694 647
f 696 694 697
f 647 698 697
f 699 698 647
f 697 700 696
f 701 698 699
f 697 698 701
f 699 702 701
f 703 702 699
f 704 702 703
f 701 702 704
f 703 705 704
f 701 706 697
f 704 705 707
f 704 708 701
f 707 709 704
f 701 708 710
f 710 706 701
f 711 708 704
f 704 709 711
f 710 708 711
f 712 709 707
f 711 709 712
f 707 713 712
f 712 713 714
f 714 715 712
f 664 715 714
f 712 716 711
f 717 715 664
f 712 715 717
f 717 716 712
f 664 670 717
f 717 670 676
f 718 716 717
f 711 716 718
f 676 719 717
f 717 719 718
f 718 720 711
f 711 720 710
f 718 719 721
f 721 719 676
f 722 720 718
f 710 720 722
f 721 723 718
f 718 723 722
f 724 725 726
f 726 725 727
f 724 728 729
f 729 728 730
f 731 725 724
f 727 725 731
f 729 732 724
f 724 732 731
f 730 733 729
f 734 732 729
f 731 732 734
f 731 735 727
f 727 735 736
f 736 737 727
f 738 735 731
f 736 735 738
f 739 737 736
f 736 740 739
f 739 740 741
f 742 740 736
f 741 740 742
f 738 743 736
f 736 743 742
f 731 744 738
f 734 744 731
f 745 743 738
f 742 743 745
f 738 744 746
f 746 744 734
f 738 747 745
f 746 747 738
f 742 748 741
f 734 749 746
f 745 750 742
f 751 748 742
f 742 750 751
f 741 748 752
f 752 748 751
f 752 753 741
f 741 753 754
f 754 753 755
f 755 753 752
f 755 756 754
f 757 750 745
f 751 750 757
f 751 758 752
f 759 756 755
f 752 760 755
f 755 761 759
f 752 758 762
f 762 760 752
f 755 760 763
f 763 761 755
f 763 760 762
f 759 761 764
f 764 761 763
f 764 765 759
f 759 765 766
f 766 765 767
f 767 765 764
f 767 768 766
f 766 768 769
f 769 768 770
f 770 768 767
f 770 771 769
f 772 771 770
f 770 773 772
f 772 773 774
f 767 775 770
f 776 773 770
f 774 773 776
f 770 775 776
f 776 777 774
f 774 777 730
f 730 777 778
f 778 777 776
f 778 733 730
f 779 775 767
f 776 775 779
f 776 780 778
f 779 780 776
f 781 733 778
f 729 733 781
f 778 780 782
f 782 780 779
f 767 783 779
f 764 783 767
f 779 783 784
f 784 783 764
f 784 785 779
f 779 785 782
f 764 786 784
f 763 786 764
f 787 785 784
f 782 785 787
f 784 786 788
f 788 786 763
f 782 789 778
f 778 789 781
f 790 789 782
f 781 789 790
f 782 791 790
f 787 791 782
f 763 792 788
f 762 792 763
f 788 793 784
f 784 793 787
f 788 792 794
f 794 792 762
f 795 793 788
f 787 793 795
f 794 796 788
f 788 796 795
f 762 797 794
f 798 796 794
f 795 796 798
f 795 799 787
f 800 797 762
f 762 758 800
f 800 758 751
f 787 799 801
f 801 791 787
f 802 799 795
f 801 799 802
f 795 803 802
f 798 803 795
f 751 804 800
f 757 804 751
f 800 804 805
f 805 804 757
f 805 806 800
f 800 806 807
f 807 797 800
f 794 797 807
f 794 808 798
f 807 808 794
f 798 808 809
f 809 808 807
f 807 806 810
f 810 806 805
f 807 811 809
f 810 811 807
f 809 812 798
f 798 812 813
f 813 803 798
f 814 812 809
f 813 812 814
f 809 811 815
f 815 811 810
f 809 816 814
f 815 816 809
f 802 803 813
f 813 817 802
f 805 818 810
f 814 819 813
f 820 817 813
f 813 819 820
f 802 817 821
f 821 817 820
f 821 822 802
f 802 822 801
f 823 819 814
f 820 819 823
f 801 822 824
f 824 822 821
f 820 825 821
f 824 826 801
f 801 826 790
f 790 791 801
f 790 826 827
f 827 826 824
f 821 828 824
f 827 829 790
f 790 829 781
f 830 828 821
f 821 825 830
f 824 828 831
f 831 828 830
f 824 832 827
f 831 832 824
f 833 829 827
f 781 829 833
f 827 832 834
f 834 832 831
f 827 835 833
f 834 835 827
f 833 836 781
f 781 836 729
f 729 836 734
f 734 836 833
f 833 749 734
f 833 835 837
f 837 749 833
f 837 835 834
f 746 749 837
f 834 838 837
f 837 839 746
f 831 840 834
f 837 838 841
f 841 839 837
f 842 838 834
f 834 840 842
f 841 838 842
f 746 839 843
f 843 839 841
f 843 747 746
f 745 747 843
f 843 844 745
f 745 844 757
f 841 845 843
f 846 844 843
f 757 844 846
f 843 845 846
f 846 847 757
f 757 847 805
f 805 847 848
f 848 847 846
f 848 818 805
f 849 845 841
f 846 845 849
f 846 850 848
f 849 850 846
f 851 818 848
f 810 818 851
f 848 850 852
f 852 850 849
f 841 853 849
f 852 854 848
f 848 854 851
f 842 853 841
f 849 853 855
f 855 853 842
f 849 856 852
f 855 856 849
f 857 854 852
f 851 854 857
f 852 856 858
f 858 856 855
f 852 859 857
f 858 859 852
f 851 860 810
f 810 860 815
f 861 860 851
f 815 860 861
f 857 862 851
f 851 862 861
f 857 859 863
f 863 859 858
f 864 862 857
f 861 862 864
f 863 865 857
f 857 865 864
f 861 866 815
f 815 866 867
f 867 816 815
f 868 866 861
f 867 866 868
f 814 816 867
f 867 869 814
f 814 869 823
f 870 869 867
f 823 869 870
f 868 871 867
f 867 871 870
f 861 872 868
f 864 872 861
f 873 871 868
f 870 871 873
f 868 872 874
f 874 872 864
f 868 875 873
f 874 875 868
f 870 876 823
f 864 877 874
f 873 878 870
f 879 877 864
f 864 865 879
f 874 877 880
f 880 877 879
f 870 878 881
f 881 876 870
f 882 878 873
f 881 878 882
f 873 875 883
f 883 875 874
f 873 884 882
f 883 884 873
f 874 885 883
f 880 885 874
f 886 884 883
f 882 884 886
f 883 885 887
f 887 885 880
f 883 888 886
f 887 888 883
f 886 889 882
f 886 888 890
f 890 888 887
f 880 891 887
f 890 892 886
f 893 889 886
f 886 892 893
f 882 889 894
f 894 889 893
f 894 895 882
f 882 895 881
f 896 897 898
f 898 899 896
f 900 897 896
f 900 901 897
f 897 902 898
f 903 899 898
f 897 901 904
f 898 905 903
f 898 902 906
f 906 905 898
f 904 907 897
f 897 907 902
f 904 901 908
f 908 901 900
f 909 907 904
f 902 907 909
f 908 910 904
f 902 911 906
f 900 912 908
f 913 911 902
f 902 914 913
f 909 914 902
f 906 911 915
f 915 911 913
f 916 912 900
f 900 917 916
f 896 917 900
f 918 917 896
f 916 917 918
f 896 919 918
f 920 919 896
f 896 899 920
f 918 919 921
f 921 919 920
f 918 922 916
f 923 912 916
f 908 912 923
f 916 922 924
f 916 924 923
f 921 925 918
f 918 925 922
f 923 926 908
f 923 924 927
f 927 926 923
f 908 926 928
f 928 926 927
f 928 910 908
f 924 929 927
f 930 929 924
f 924 931 930
f 922 931 924
f 927 929 932
f 932 929 930
f 927 932 933
f 933 932 934
f 935 931 922
f 930 931 935
f 930 936 932
f 922 937 935
f 938 937 922
f 922 925 938
f 938 925 921
f 932 936 939
f 939 934 932
f 939 936 940
f 940 936 930
f 935 940 930
f 921 941 938
f 942 941 921
f 921 943 942
f 920 943 921
f 944 943 920
f 942 943 944
f 920 945 944
f 903 945 920
f 920 899 903
f 946 945 903
f 944 945 946
f 944 947 942
f 948 947 944
f 946 949 944
f 944 949 948
f 903 950 946
f 951 949 946
f 948 949 951
f 903 905 950
f 950 905 906
f 946 950 952
f 952 953 946
f 946 953 951
f 915 950 906
f 954 950 915
f 950 954 952
f 955 953 952
f 951 953 955
f 952 954 955
f 955 956 951
f 954 957 955
f 958 956 955
f 955 959 958
f 951 956 960
f 960 956 958
f 960 948 951
f 941 942 947
f 947 938 941
f 937 938 947
f 948 937 947
f 937 948 935
f 961 960 958
f 948 960 962
f 963 962 960
f 964 965 454
f 456 964 454
f 966 967 968
f 263 264 174
f 263 174 173
f 969 970 454
f 970 971 454
f 454 971 474
f 454 474 457
f 462 474 471
f 457 474 462
f 638 972 636
f 972 584 636
f 583 636 584
f 332 973 330
f 332 195 188
f 203 196 195
f 188 185 332
f 183 973 332
f 332 185 183
f 330 973 974
f 974 973 183
f 974 975 330
f 330 975 327
f 320 322 327
f 327 319 320
f 327 174 319
f 174 327 975
f 975 974 174
f 175 974 183
f 974 177 174
f 175 177 974
f 174 177 172
f 976 977 978
f 979 980 981
f 982 977 976
f 976 983 982
f 978 984 979
f 977 984 978
f 982 983 985
f 986 985 983
f 987 985 986
f 985 988 982
f 982 988 989
f 982 990 977
f 977 990 984
f 991 988 985
f 989 988 991
f 985 992 991
f 987 992 985
f 991 993 989
f 991 992 994
f 994 992 987
f 995 993 991
f 994 996 991
f 991 996 995
f 989 993 997
f 997 993 995
f 997 998 989
f 989 998 982
f 998 999 982
f 982 999 990
f 1000 1001 1002
f 1002 1001 643
f 1002 1003 1000
f 1000 1003 1004
f 1004 1003 1005
f 1005 1003 1002
f 643 639 1002
f 1002 626 1005
f 1002 639 626
f 1005 626 624
f 1006 1007 624
f 624 1007 1008
f 1008 1007 1009
f 1009 1007 1006
f 1009 1010 1008
f 624 622 1006
f 1011 1010 1009
f 1006 619 1009
f 1009 1012 1011
f 1006 622 619
f 1009 619 1013
f 1013 1012 1009
f 1011 1012 1014
f 1014 1012 1013
f 1014 1015 1011
f 1011 1015 1016
f 1016 1015 1017
f 1017 1015 1014
f 1017 1018 1016
f 1013 614 1014
f 1014 613 1017
f 1014 614 613
f 1013 617 614
f 619 617 1013
f 1019 1018 1017
f 1020 1018 1019
f 1019 1021 1020
f 1022 1021 1019
f 1019 1023 1022
f 1022 1023 1024
f 1017 1025 1019
f 1026 1023 1019
f 1024 1023 1026
f 1019 1025 1026
f 1027 1025 1017
f 1026 1025 1027
f 1017 613 1027
f 1026 1028 1024
f 1024 1028 1029
f 1030 1028 1026
f 1029 1028 1030
f 1027 1031 1026
f 1026 1031 1030
f 613 1032 1027
f 1033 1031 1027
f 1027 1032 1033
f 1030 1031 1033
f 1030 1034 1029
f 1029 1034 1035
f 1033 1036 1030
f 1030 1036 1034
f 597 1036 1033
f 1034 1036 597
f 1033 1032 609
f 609 1032 613
f 1033 1037 597
f 609 1037 1033
f 597 1038 1034
f 1034 1038 1035
f 597 1037 604
f 604 1037 609
f 1039 1040 1041
f 1042 1043 1044
f 1042 1045 1046
f 1046 1043 1042
f 1046 1045 1047
f 1047 1048 1046
f 1049 1048 1047
f 1046 1048 1050
f 1050 1048 1049
f 1050 1051 1046
f 1046 1051 1043
f 1049 1052 1050
f 1053 1052 1049
f 1054 1052 1053
f 1050 1052 1054
f 1053 1055 1054
f 1056 1051 1050
f 1043 1051 1056
f 1054 1057 1050
f 1050 1057 1056
f 1054 1055 1058
f 1058 1059 1054
f 1060 1057 1054
f 1054 1059 1060
f 1056 1057 1060
f 1056 1061 1043
f 1062 1059 1058
f 1060 1059 1062
f 1060 1063 1056
f 1058 1064 1062
f 1065 1064 1058
f 1066 1061 1056
f 1056 1063 1066
f 1067 1064 1065
f 1062 1064 1067
f 1065 1068 1067
f 1069 1068 1065
f 1067 1070 1062
f 1069 1071 1068
f 1072 1071 1069
f 1069 1073 1072
f 1068 1071 1074
f 1074 1071 1072
f 1068 1075 1067
f 1076 1070 1067
f 1067 1075 1076
f 1077 1075 1068
f 1076 1075 1077
f 1074 1078 1068
f 1068 1078 1077
f 1062 1070 1079
f 1079 1070 1076
f 1062 1079 1060
f 1060 1079 1080
f 1080 1063 1060
f 1076 1081 1079
f 1066 1063 1080
f 1079 1081 1080
f 1076 1082 1081
f 1077 1082 1076
f 1080 1083 1066
f 1084 1082 1077
f 1081 1082 1084
f 1081 1085 1080
f 1066 1083 1086
f 1080 1087 1083
f 1080 1085 1088
f 1088 1087 1080
f 1089 1085 1081
f 1088 1085 1089
f 1081 1090 1089
f 1084 1090 1081
f 1083 1087 1086
f 1086 1087 1088
f 1088 1091 1086
f 1086 1091 1092
f 1092 1093 1086
f 1086 1093 1094
f 1095 1091 1088
f 1092 1091 1095
f 1088 1096 1095
f 1089 1096 1088
f 1097 1096 1089
f 1095 1096 1097
f 1089 1098 1097
f 1097 1099 1095
f 1100 1098 1089
f 1089 1090 1100
f 1097 1098 1101
f 1101 1099 1097
f 1102 1103 1104
f 1104 1105 1102
f 1106 1103 1102
f 1104 1103 1107
f 1107 1103 1106
f 1106 1108 1107
f 1107 1109 1104
f 1110 1105 1104
f 1107 1108 1111
f 1104 1112 1110
f 1104 1109 1113
f 1113 1112 1104
f 1114 1109 1107
f 1113 1109 1114
f 1111 1115 1107
f 1107 1115 1114
f 1111 1108 1116
f 1116 1108 1106
f 1117 1115 1111
f 1114 1115 1117
f 1114 1118 1113
f 1119 1118 1114
f 1117 1119 1114
f 1106 1120 1121
f 1102 1120 1106
f 1122 1120 1102
f 1121 1120 1122
f 1102 1123 1122
f 1124 1123 1102
f 1102 1105 1124
f 1122 1123 1125
f 1125 1123 1124
f 1122 1126 1121
f 1127 1106 1121
f 1116 1106 1127
f 1121 1126 1128
f 1128 1129 1121
f 1121 1129 1127
f 1130 1126 1122
f 1128 1126 1130
f 1125 1131 1122
f 1122 1131 1130
f 990 1116 1127
f 999 1116 990
f 999 1111 1116
f 1132 1111 999
f 1127 1129 1133
f 984 1127 1133
f 1111 1132 1117
f 1134 1135 1132
f 1132 1135 1136
f 1117 1132 1136
f 1137 1135 1134
f 1136 1135 1137
f 1136 1138 1117
f 1134 1139 1137
f 1140 1139 1134
f 1141 1139 1140
f 1137 1139 1141
f 1140 1142 1141
f 1137 1143 1136
f 1117 1138 1144
f 1144 1119 1117
f 1145 1138 1136
f 1136 1143 1145
f 1144 1138 1145
f 1146 1143 1137
f 1145 1143 1146
f 1137 1147 1146
f 1141 1147 1137
f 1146 1148 1145
f 1141 1142 1149
f 1146 1147 1150
f 1150 1147 1141
f 1151 1148 1146
f 1141 1152 1150
f 1149 1152 1141
f 1150 1153 1146
f 1146 1153 1151
f 1150 1152 1154
f 1154 1152 1149
f 1155 1153 1150
f 1151 1153 1155
f 1154 1156 1150
f 1150 1156 1155
f 1157 1158 1041
f 1041 1040 1159
f 1159 1040 1160
f 1160 1161 1159
f 1162 1161 1160
f 1159 1163 1041
f 1164 1161 1162
f 1159 1161 1164
f 1164 1163 1159
f 1162 1165 1164
f 1041 1163 1166
f 1166 1163 1164
f 1041 1167 1157
f 1166 1167 1041
f 1157 1167 1168
f 1168 1167 1166
f 1164 1169 1166
f 1168 1170 1157
f 1157 1170 1171
f 1164 1165 1172
f 1172 1169 1164
f 1172 1165 1173
f 1166 1169 1174
f 1174 1169 1172
f 1173 1175 1172
f 1176 1175 1173
f 1177 1175 1176
f 1172 1175 1177
f 1176 1178 1177
f 1177 1178 1179
f 1177 1174 1172
f 1179 1180 1177
f 1181 1174 1177
f 1177 1180 1181
f 1182 1180 1179
f 1181 1180 1182
f 1181 1183 1174
f 1174 1184 1166
f 1182 1185 1181
f 1166 1184 1168
f 1186 1184 1174
f 1174 1183 1186
f 1168 1184 1186
f 1187 1183 1181
f 1181 1185 1187
f 1186 1183 1187
f 1188 1185 1182
f 1187 1185 1188
f 1187 1189 1186
f 1182 1190 1188
f 1191 1190 1182
f 1192 1190 1191
f 1188 1190 1192
f 1192 1193 1188
f 1188 1193 1194
f 1188 1195 1187
f 1194 1195 1188
f 1187 1195 1196
f 1196 1195 1194
f 1196 1189 1187
f 1194 1197 1196
f 1186 1189 1198
f 1198 1189 1196
f 1198 1168 1186
f 1196 1197 1199
f 1199 1197 1200
f 1196 1201 1198
f 1199 1201 1196
f 1202 1168 1198
f 1202 1170 1168
f 1171 1170 1202
f 1202 1203 1171
f 1171 1203 1204
f 1205 1203 1202
f 1204 1203 1205
f 1206 1202 1198
f 1198 1201 1206
f 1205 1202 1206
f 1206 1201 1199
f 1207 1204 1208
f 1208 1204 1205
f 1205 1209 1208
f 1206 1209 1205
f 1208 1209 1210
f 1210 1209 1206
f 1210 1211 1208
f 1206 1212 1210
f 1199 1212 1206
f 1210 1212 1213
f 1213 1212 1199
f 1199 1214 1213
f 1213 1214 1215
f 1200 1214 1199
f 1215 1214 1200
f 1216 1217 1218
f 1219 1217 1220
f 1221 1217 1216
f 1220 1217 1222
f 1223 1217 1221
f 1222 1217 1224
f 1225 1217 1223
f 1224 1217 1226
f 1227 1217 1225
f 1226 1217 1227
f 1228 1229 1230
f 1231 1229 1228
f 1230 1232 1228
f 1232 1230 1233
f 1233 1234 1232
f 1228 1232 1235
f 1232 1236 1235
f 1232 1234 1236
f 1235 1236 1237
f 1235 1238 1228
f 1239 1238 1235
f 1234 1240 1236
f 1241 1237 1236
f 1236 1240 1241
f 1242 1241 1240
f 1243 1241 1242
f 1242 1244 1243
f 1245 1238 1239
f 1228 1238 1245
f 1245 1246 1228
f 1228 1246 1231
f 1246 1247 1231
f 1247 1246 1245
f 1248 1245 1249
f 1247 1245 1248
f 1250 967 1248
f 1250 1251 968
f 968 967 1250
f 1252 1253 1254
f 1253 1252 1255
f 1254 1256 1252
f 1255 1257 1253
f 1256 1254 1258
f 1257 1255 1259
f 1258 1260 1256
f 1259 1261 1257
f 1260 1258 1262
f 1261 1259 1263
f 1262 1264 1260
f 1263 1265 1261
f 1264 1262 1266
f 1265 1263 1267
f 1266 1268 1264
f 1267 1269 1265
f 1268 1266 1270
f 1269 1267 1271
f 1270 1272 1268
f 1271 1273 1269
f 1272 1270 1274
f 1273 1271 1275
f 1274 1275 1272
f 1275 1274 1273
f 1276 1277 1278
f 1276 1279 1277
f 1277 1279 1280
f 1280 1281 1277
f 1282 1281 1280
f 1280 1283 1282
f 1280 1279 1284
f 1284 1279 1276
f 1285 1283 1280
f 1286 1283 1285
f 1285 1287 1286
f 1280 1288 1285
f 1284 1288 1280
f 1289 1287 1285
f 1290 1287 1289
f 1289 1291 1290
f 1292 1291 1289
f 1285 1293 1289
f 1285 1288 1294
f 1294 1293 1285
f 1294 1288 1284
f 1289 1293 1295
f 1295 1293 1294
f 1289 1296 1292
f 1295 1296 1289
f 1292 1296 1243
f 1243 1296 1295
f 1243 1244 1292
f 1294 1297 1295
f 1298 1294 1284
f 1297 1294 1298
f 1295 1297 1299
f 1299 1243 1295
f 1300 1284 1276
f 1298 1284 1300
f 1276 1301 1300
f 1278 1301 1276
f 1241 1243 1299
f 1302 1301 1278
f 1300 1301 1302
f 1278 1303 1302
f 1250 1303 1278
f 1302 1304 1300
f 1300 1304 1305
f 1305 1306 1300
f 1300 1306 1298
f 1298 1306 1307
f 1307 1306 1305
f 1307 1308 1298
f 1298 1308 1297
f 1297 1308 1309
f 1309 1308 1307
f 1309 1299 1297
f 1237 1299 1309
f 1299 1237 1241
f 1307 1310 1309
f 1309 1311 1237
f 1309 1310 1239
f 1239 1311 1309
f 1249 1310 1307
f 1239 1310 1249
f 1305 1249 1307
f 1237 1311 1235
f 1235 1311 1239
f 1249 1245 1239
f 1305 1304 1302
f 1305 1302 1249
f 1303 1250 1302
f 1302 1250 1249
f 1249 1250 1248
f 968 1251 1312
f 1312 1313 968
f 1314 1313 1312
f 1315 1313 1314
f 968 1313 1315
f 1315 966 968
f 1314 1316 1315
f 1317 1316 1314
f 1314 1318 1317
f 1319 1320 1317
f 1320 1316 1317
f 1315 1316 1320
f 1321 1320 1319
f 1320 1322 1315
f 1315 1322 966
f 1323 1322 1320
f 966 1322 1323
f 1321 1324 1320
f 1320 1324 1323
f 1325 1321 1319
f 1326 1324 1321
f 1323 1324 1326
f 1327 1321 1325
f 1321 1327 1326
f 1323 967 966
f 1325 1328 1327
f 1326 1327 1329
f 1327 1328 1330
f 1326 1331 1323
f 1330 1329 1327
f 1323 1331 967
f 1332 1331 1326
f 967 1331 1332
f 1333 1330 1328
f 1328 1334 1333
f 1333 1334 1335
f 1335 1336 1333
f 1333 1336 1337
f 1337 1338 1333
f 1339 1330 1333
f 1333 1338 1339
f 1340 1338 1337
f 1339 1338 1340
f 1337 1341 1340
f 1342 1341 1337
f 1343 1341 1342
f 1340 1341 1343
f 1342 1344 1343
f 1340 1345 1339
f 1330 1339 1346
f 1346 1329 1330
f 1346 1339 1345
f 1347 1345 1340
f 1340 1348 1347
f 1343 1348 1340
f 1349 1348 1343
f 1347 1348 1349
f 1343 1350 1349
f 1351 1350 1343
f 1343 1344 1351
f 1351 1344 1352
f 1352 1353 1351
f 1354 1353 1352
f 1355 1350 1351
f 1349 1350 1355
f 1351 1353 1356
f 1356 1353 1354
f 1356 1355 1351
f 1354 1357 1358
f 1358 1356 1354
f 1359 1356 1358
f 1359 1360 1356
f 1361 1360 1359
f 1360 1355 1356
f 1362 1361 1363
f 1360 1361 1362
f 1363 1364 1362
f 1365 1366 1367
f 1367 1366 1368
f 1369 1370 1371
f 1372 1370 1369
f 1369 1373 1372
f 1372 1373 1374
f 1371 1370 1375
f 1375 1370 1372
f 1374 1376 1372
f 1375 1377 1371
f 1371 1377 1365
f 1378 1376 1374
f 1372 1376 1379
f 1379 1376 1378
f 1372 1380 1375
f 1379 1380 1372
f 1381 1377 1375
f 1365 1377 1381
f 1375 1380 1382
f 1382 1380 1379
f 1375 1383 1381
f 1382 1383 1375
f 1381 1384 1365
f 1365 1384 1385
f 1385 1366 1365
f 1386 1384 1381
f 1385 1384 1386
f 1381 1383 1387
f 1387 1383 1382
f 1381 1388 1386
f 1387 1388 1381
f 1368 1366 1385
f 1385 1389 1368
f 1379 1390 1382
f 1386 1391 1385
f 1392 1389 1385
f 1385 1391 1392
f 1368 1389 1393
f 1393 1389 1392
f 1368 1393 1394
f 1394 1393 1395
f 1395 1396 1394
f 1397 1391 1386
f 1392 1391 1397
f 1392 1398 1393
f 1399 1396 1395
f 1393 1400 1395
f 1395 1401 1399
f 1393 1398 1402
f 1402 1400 1393
f 1395 1400 1403
f 1403 1401 1395
f 1403 1400 1402
f 1399 1401 1404
f 1404 1401 1403
f 1404 1405 1399
f 1399 1405 1406
f 1406 1405 1407
f 1407 1405 1404
f 1407 1408 1406
f 1406 1408 1409
f 1409 1408 1410
f 1410 1408 1407
f 1410 1411 1409
f 1412 1411 1410
f 1410 1413 1412
f 1412 1413 1414
f 1407 1415 1410
f 1416 1413 1410
f 1414 1413 1416
f 1410 1415 1416
f 1416 1417 1414
f 1414 1417 1378
f 1416 1415 1418
f 1418 1415 1407
f 1407 1419 1418
f 1404 1419 1407
f 1420 1416 1418
f 1417 1416 1420
f 1417 1421 1378
f 1378 1421 1379
f 1379 1421 1422
f 1422 1421 1417
f 1422 1390 1379
f 1420 1423 1417
f 1417 1423 1422
f 1424 1390 1422
f 1382 1390 1424
f 1422 1423 1425
f 1425 1423 1420
f 1422 1426 1424
f 1425 1426 1422
f 1424 1427 1382
f 1382 1427 1387
f 1424 1426 1215
f 1215 1426 1425
f 1428 1427 1424
f 1387 1427 1428
f 1215 1429 1424
f 1424 1429 1428
f 1425 1430 1215
f 1200 1429 1215
f 1428 1429 1200
f 1428 1431 1387
f 1387 1431 1432
f 1432 1388 1387
f 1433 1431 1428
f 1432 1431 1433
f 1386 1388 1432
f 1432 1434 1386
f 1386 1434 1397
f 1435 1434 1432
f 1397 1434 1435
f 1433 1436 1432
f 1432 1436 1435
f 1428 1437 1433
f 1200 1437 1428
f 1192 1436 1433
f 1435 1436 1192
f 1433 1437 1194
f 1194 1437 1200
f 1433 1193 1192
f 1194 1193 1433
f 586 1438 1439
f 1439 1438 1440
f 1440 1438 1441
f 1441 1438 586
f 1441 1442 1440
f 1443 1442 1441
f 1443 1444 1442
f 586 972 1441
f 642 1444 1443
f 1443 641 642
f 1441 1445 1443
f 638 641 1443
f 1443 1445 638
f 972 1445 1441
f 638 1445 972
f 584 972 586
f 1446 1447 1448
f 1447 1446 1449
f 1449 1450 1447
f 1451 1448 1447
f 1452 1453 1448
f 1448 1451 1452
f 1453 1452 1454
f 1454 1455 1453
f 1456 1454 1452
f 1455 1454 1457
f 1457 1458 1455
f 1456 1457 1454
f 1458 1457 1459
f 1459 1460 1458
f 1461 1459 1457
f 1457 1456 1461
f 1460 1459 1462
f 1462 1463 1460
f 1461 1462 1459
f 1462 1461 1464
f 1463 1462 1464
f 1464 1465 1463
f 1466 1464 1461
f 1466 1461 1456
f 1465 1464 1467
f 1466 1467 1464
f 1467 1468 1465
f 1467 1466 1469
f 1468 1467 1470
f 1469 1470 1467
f 1470 1471 1468
f 1466 1456 1472
f 1469 1466 1472
f 1456 1452 1472
f 1452 1451 1472
f 1471 1470 1473
f 1469 1473 1470
f 1473 1474 1471
f 1473 1469 1472
f 1474 1473 1475
f 1472 1475 1473
f 1475 1450 1474
f 1476 1472 1451
f 1472 1476 1475
f 1450 1475 1476
f 1476 1447 1450
f 1447 1476 1451
f 1477 1478 1479
f 1480 1477 1479
f 1480 1479 1481
f 1479 1482 1481
f 1479 1483 1482
f 1479 1484 1483
f 1479 1485 1484
f 1479 1486 1485
f 1479 1487 1486
f 1488 1487 1479
f 1489 1490 1491
f 1491 1490 1492
f 1493 1494 1495
f 1496 1494 1493
f 1496 1497 1492
f 1495 1498 1493
f 1499 1498 1495
f 1495 1500 1499
f 1499 1500 1501
f 1501 1502 1499
f 1503 1502 1501
f 1504 1498 1499
f 1493 1498 1504
f 1499 1502 1505
f 1505 1502 1503
f 1499 1506 1504
f 1505 1506 1499
f 1493 1507 1496
f 1503 1508 1505
f 1509 1508 1503
f 1510 1506 1505
f 1504 1506 1510
f 1505 1508 1511
f 1511 1508 1509
f 1504 1512 1493
f 1511 1513 1505
f 1505 1513 1510
f 1509 1514 1511
f 1515 1514 1509
f 1511 1514 1516
f 1516 1514 1515
f 1511 1517 1513
f 1516 1517 1511
f 1510 1518 1504
f 1515 1519 1516
f 1504 1518 1520
f 1520 1512 1504
f 1521 1519 1515
f 1515 1522 1521
f 1521 1522 1523
f 1510 1524 1518
f 1513 1524 1510
f 1525 1524 1513
f 1513 1517 1525
f 1525 1517 1516
f 1516 1519 1526
f 1526 1519 1521
f 1516 1527 1525
f 1526 1527 1516
f 1525 1527 1528
f 1528 1527 1526
f 1528 1529 1525
f 1525 1530 1524
f 1525 1529 1531
f 1531 1529 1528
f 1526 1532 1528
f 1531 1533 1525
f 1534 1530 1525
f 1525 1533 1534
f 1530 1535 1524
f 1524 1535 1518
f 1518 1535 1536
f 1536 1535 1530
f 1518 1536 1520
f 1520 1536 1537
f 1530 1538 1536
f 1520 1537 1539
f 1539 1512 1520
f 1493 1512 1539
f 1539 1507 1493
f 1539 1537 1540
f 1541 1507 1539
f 1496 1507 1541
f 1541 1497 1496
f 1539 1542 1541
f 1540 1542 1539
f 1543 1497 1541
f 1492 1497 1543
f 1541 1542 1544
f 1544 1542 1540
f 1541 1545 1543
f 1544 1545 1541
f 1543 1546 1492
f 1492 1546 1491
f 1543 1545 1547
f 1547 1545 1544
f 1548 1546 1543
f 1491 1546 1548
f 1547 1549 1543
f 1543 1549 1548
f 1544 1550 1547
f 1551 1549 1547
f 1548 1549 1551
f 1548 1552 1491
f 1547 1553 1551
f 1547 1550 1554
f 1554 1553 1547
f 1555 1550 1544
f 1554 1550 1555
f 1544 1556 1555
f 1540 1556 1544
f 1540 1557 1556
f 1537 1557 1540
f 1558 1557 1537
f 1556 1557 1558
f 1537 1559 1558
f 1536 1559 1537
f 1560 1559 1536
f 1558 1559 1560
f 1536 1538 1560
f 1558 1561 1556
f 1562 1555 1556
f 1556 1561 1562
f 1563 1561 1558
f 1562 1561 1563
f 1560 1564 1558
f 1558 1564 1563
f 1560 1538 1565
f 1565 1538 1530
f 1566 1564 1560
f 1563 1564 1566
f 1565 1567 1560
f 1560 1567 1566
f 1530 1534 1565
f 1568 1567 1565
f 1566 1567 1568
f 1565 1534 1569
f 1565 1570 1568
f 1569 1570 1565
f 1534 1571 1569
f 1568 1572 1566
f 1573 1571 1534
f 1534 1533 1573
f 1569 1571 1574
f 1574 1571 1573
f 1572 1563 1566
f 1575 1572 1568
f 1568 1570 1576
f 1576 1570 1569
f 1568 1577 1575
f 1576 1577 1568
f 1569 1578 1576
f 1574 1578 1569
f 1579 1577 1576
f 1575 1577 1579
f 1576 1578 1580
f 1580 1578 1574
f 1576 1581 1579
f 1580 1581 1576
f 1579 1582 1575
f 1579 1581 1583
f 1583 1581 1580
f 1574 1584 1580
f 1583 1585 1579
f 1586 1582 1579
f 1579 1585 1586
f 1575 1582 1587
f 1587 1582 1586
f 1587 1588 1575
f 1575 1588 1572
f 1572 1588 1589
f 1589 1588 1587
f 1589 1590 1572
f 1572 1590 1591
f 1591 1563 1572
f 1591 1592 1563
f 1563 1592 1562
f 1591 1590 1593
f 1593 1590 1589
f 1594 1592 1591
f 1562 1592 1594
f 1593 1594 1591
f 1589 1595 1593
f 1596 1594 1593
f 1594 1597 1562
f 1562 1597 1598
f 1598 1555 1562
f 1599 1597 1594
f 1598 1597 1599
f 1555 1598 1554
f 1554 1598 1600
f 1599 1601 1598
f 1598 1601 1600
f 1594 1602 1599
f 1596 1602 1594
f 1600 1601 1599
f 1599 1602 1603
f 1603 1602 1596
f 1599 1604 1600
f 1603 1604 1599
f 1600 1605 1554
f 1554 1605 1606
f 1606 1553 1554
f 1607 1605 1600
f 1606 1605 1607
f 1600 1608 1607
f 1609 1608 1600
f 1607 1608 1609
f 1604 1610 1600
f 1600 1610 1609
f 1611 1610 1604
f 1609 1610 1611
f 1609 1612 1607
f 1604 1603 1613
f 1613 1611 1604
f 1613 1603 1614
f 1603 1615 1614
f 1596 1615 1603
f 1616 1615 1596
f 1614 1615 1616
f 1593 1616 1596
f 1595 1616 1593
f 1616 1617 1614
f 1614 1618 1613
f 1617 1618 1614
f 1619 1617 1616
f 1616 1595 1619
f 1619 1595 1620
f 1613 1618 1621
f 1621 1618 1617
f 1619 1622 1617
f 1623 1611 1613
f 1624 1613 1621
f 1623 1613 1624
f 1617 1625 1621
f 1626 1625 1617
f 1617 1622 1626
f 1621 1625 1627
f 1627 1625 1626
f 1627 1628 1621
f 1621 1628 1624
f 1624 1629 1623
f 1623 1629 1630
f 1611 1623 1631
f 1631 1623 1630
f 1631 1632 1611
f 1611 1632 1609
f 1609 1632 1633
f 1633 1632 1631
f 1633 1612 1609
f 1634 1629 1624
f 1630 1629 1634
f 1630 1635 1631
f 1624 1636 1634
f 1637 1636 1624
f 1624 1628 1637
f 1637 1628 1627
f 1631 1635 1638
f 1638 1639 1631
f 1631 1639 1633
f 1633 1639 1640
f 1640 1639 1638
f 1640 1641 1633
f 1641 1612 1633
f 1607 1612 1641
f 1607 1641 1606
f 1642 1641 1640
f 1606 1641 1642
f 1640 1643 1642
f 1642 1644 1606
f 1606 1644 1551
f 1551 1553 1606
f 1645 1644 1642
f 1551 1644 1645
f 1645 1646 1551
f 1551 1646 1548
f 1548 1646 1647
f 1647 1646 1645
f 1647 1552 1548
f 1645 1642 1648
f 1645 1649 1647
f 1648 1649 1645
f 1650 1651 1652
f 1652 1651 1653
f 1654 1651 1650
f 1653 1651 1654
f 1652 1655 1650
f 1650 1655 1656
f 1656 1655 1657
f 1657 1655 1652
f 1658 1650 1656
f 1654 1650 1658
f 1657 1659 1656
f 1654 1660 1653
f 1652 1661 1657
f 1662 1660 1654
f 1654 1663 1662
f 1658 1663 1654
f 1664 1660 1662
f 1653 1660 1664
f 1653 1665 1652
f 1666 1661 1652
f 1652 1665 1666
f 1667 1665 1653
f 1666 1665 1667
f 1664 1668 1653
f 1653 1668 1667
f 1657 1661 1669
f 1669 1661 1666
f 1669 1670 1657
f 1657 1670 1671
f 1671 1659 1657
f 1672 1670 1669
f 1671 1670 1672
f 1666 1673 1669
f 1669 1673 1674
f 1675 1673 1666
f 1674 1673 1675
f 1666 1676 1675
f 1667 1676 1666
f 1677 1676 1667
f 1675 1676 1677
f 1678 1679 1680
f 1679 1678 1681
f 1680 1682 1678
f 1681 1683 1679
f 1683 1681 1684
f 1446 1680 1679
f 1684 1685 1683
f 1685 1684 1686
f 1449 1679 1683
f 1679 1449 1446
f 1687 1683 1685
f 1683 1687 1449
f 1686 1688 1685
f 1688 1686 1689
f 1450 1449 1687
f 1474 1687 1685
f 1687 1474 1450
f 1689 1690 1688
f 1690 1689 1691
f 1688 1692 1685
f 1692 1688 1690
f 1685 1471 1474
f 1471 1685 1692
f 1691 1693 1690
f 1693 1691 1694
f 1690 1695 1692
f 1695 1690 1693
f 1692 1468 1471
f 1468 1692 1695
f 1694 1696 1693
f 1696 1694 1697
f 1695 1465 1468
f 1465 1695 1693
f 1697 1698 1696
f 1698 1697 1699
f 1693 1463 1465
f 1463 1693 1696
f 1699 1700 1698
f 1700 1699 1701
f 1696 1460 1463
f 1460 1696 1698
f 1701 1702 1700
f 1702 1701 1703
f 1698 1458 1460
f 1458 1698 1700
f 1703 1704 1702
f 1704 1703 1682
f 1682 1680 1704
f 1705 1702 1704
f 1702 1705 1700
f 1680 1446 1704
f 1455 1700 1705
f 1700 1455 1458
f 1453 1705 1704
f 1705 1453 1455
f 1448 1704 1446
f 1704 1448 1453
f 957 1706 1707
f 1708 1706 957
f 915 1709 1708
f 913 1709 915
f 1710 1706 1708
f 1707 1706 1710
f 1708 1709 1711
f 1711 1709 913
f 1711 1712 1708
f 1708 1712 1710
f 1713 1714 1715
f 913 914 1716
f 1711 913 1717
f 1717 913 1716
f 1716 914 909
f 1718 1707 1710
f 1715 1707 1718
f 909 1719 1716
f 1720 1719 909
f 909 1721 1720
f 904 1721 909
f 1722 1721 904
f 1720 1721 1722
f 904 910 1722
f 1716 1719 1723
f 1723 1719 1720
f 1723 1724 1716
f 1716 1724 1717
f 1722 910 928
f 1722 1725 1720
f 1726 1725 1722
f 1722 928 1726
f 1726 928 1727
f 928 927 1727
f 1727 927 933
f 1720 1725 1728
f 1728 1725 1726
f 1727 1729 1726
f 1728 1730 1720
f 1720 1730 1723
f 1726 1731 1728
f 1726 1729 1732
f 1732 1731 1726
f 1733 1729 1727
f 1732 1729 1733
f 1727 933 1733
f 1728 1731 1734
f 1734 1731 1732
f 1733 933 1735
f 1733 1736 1732
f 933 1737 1735
f 934 1737 933
f 1735 1737 1738
f 1738 1737 934
f 1735 1739 1733
f 1733 1739 1740
f 1740 1736 1733
f 1741 1739 1735
f 1740 1739 1741
f 1742 1738 934
f 1743 1738 1742
f 1735 1738 1741
f 1742 934 939
f 1741 1738 1744
f 939 1745 1742
f 1744 1746 1741
f 1747 1745 939
f 939 1748 1747
f 940 1748 939
f 1747 1748 940
f 1742 1745 1749
f 1749 1745 1747
f 1749 1750 1742
f 1742 1750 1743
f 1747 1751 1749
f 1752 1750 1749
f 1743 1750 1752
f 1751 1753 1749
f 1749 1753 1752
f 1751 1747 940
f 948 940 935
f 940 1754 1751
f 1751 1754 1755
f 1755 1753 1751
f 1754 962 1756
f 962 1757 1756
f 1754 1758 1755
f 1756 1758 1754
f 1752 1753 1755
f 1756 1757 1759
f 1759 1757 1760
f 1760 1761 1759
f 1755 1762 1752
f 1758 1762 1755
f 1752 1762 1763
f 1763 1762 1758
f 1756 1764 1758
f 1759 1764 1756
f 1759 1761 1765
f 1758 1764 1766
f 1766 1764 1759
f 1767 1759 1765
f 1766 1759 1767
f 1768 1769 1770
f 1771 1769 1768
f 1772 1769 1771
f 1770 1769 1772
f 1771 1773 1772
f 1772 1773 1774
f 1774 1775 1772
f 1776 1775 1774
f 1772 1777 1770
f 1778 1775 1776
f 1772 1775 1778
f 1778 1777 1772
f 1776 1779 1778
f 1780 1777 1778
f 1770 1777 1780
f 1779 1781 1778
f 1778 1781 1780
f 1780 1782 1770
f 1770 1782 1783
f 1780 1781 1784
f 1784 1781 1779
f 1785 1782 1780
f 1783 1782 1785
f 1784 1786 1780
f 1780 1786 1785
f 1779 1787 1784
f 1788 1787 1779
f 1789 1787 1788
f 1784 1787 1789
f 1788 1790 1789
f 1791 1786 1784
f 1785 1786 1791
f 1789 1792 1784
f 1784 1792 1791
f 1789 1790 1793
f 1793 1790 1794
f 1785 1795 1783
f 1783 1795 1796
f 1797 1795 1785
f 1796 1795 1797
f 1785 1798 1797
f 1791 1798 1785
f 1797 1799 1796
f 1800 1798 1791
f 1797 1798 1800
f 1796 1799 1801
f 1801 1802 1796
f 1803 1799 1797
f 1801 1799 1803
f 1804 1802 1801
f 1801 1805 1804
f 1804 1805 1806
f 1806 1805 1807
f 1807 1805 1801
f 1807 1808 1806
f 1797 1809 1803
f 1800 1809 1797
f 1803 1810 1801
f 1801 1810 1807
f 1803 1809 1811
f 1811 1809 1800
f 1812 1810 1803
f 1807 1810 1812
f 1811 1813 1803
f 1803 1813 1812
f 1814 1815 1816
f 1816 1815 1817
f 1814 1818 1819
f 1816 1818 1814
f 1819 1820 1821
f 1819 1818 1822
f 1822 1818 1816
f 1817 1823 1816
f 1822 1824 1819
f 1825 1820 1819
f 1819 1824 1825
f 1821 1820 1826
f 1826 1820 1825
f 1826 1827 1821
f 1821 1827 1828
f 1828 1827 1829
f 1829 1827 1826
f 1829 1830 1828
f 1828 1830 1831
f 1831 1832 1828
f 1833 1832 1831
f 1831 1834 1833
f 1833 1834 1835
f 1835 1834 1836
f 1836 1834 1831
f 1836 1837 1835
f 1831 1838 1836
f 1836 1839 1837
f 1831 1830 1840
f 1840 1838 1831
f 1840 1830 1829
f 1836 1838 1841
f 1841 1839 1836
f 1841 1838 1840
f 1837 1839 1842
f 1842 1839 1841
f 1842 1843 1837
f 1829 1844 1840
f 1845 1843 1842
f 1841 1846 1842
f 1842 1847 1845
f 1840 1848 1841
f 1842 1846 1849
f 1849 1847 1842
f 1850 1846 1841
f 1841 1848 1850
f 1849 1846 1850
f 1851 1848 1840
f 1840 1844 1851
f 1850 1848 1851
f 1845 1847 1852
f 1852 1847 1849
f 1850 1853 1849
f 1852 1854 1845
f 1845 1854 1855
f 1855 1854 1856
f 1856 1854 1852
f 1856 1857 1855
f 1849 1858 1852
f 1849 1853 1859
f 1859 1858 1849
f 1852 1858 1860
f 1860 1858 1859
f 1852 1861 1856
f 1860 1861 1852
f 1862 1857 1856
f 1863 1857 1862
f 1856 1861 1864
f 1864 1861 1860
f 1856 1865 1862
f 1864 1865 1856
f 1862 1866 1863
f 1863 1866 1867
f 1867 1866 1868
f 1868 1866 1862
f 1868 1869 1867
f 1870 1869 1868
f 1862 1865 1871
f 1871 1865 1864
f 1868 1862 1872
f 1872 1862 1871
f 1868 1873 1870
f 1872 1873 1868
f 1870 1873 1874
f 1874 1873 1872
f 1874 1875 1870
f 1876 1875 1874
f 1874 1877 1876
f 1876 1877 1878
f 1872 1879 1874
f 1880 1877 1874
f 1874 1879 1880
f 1878 1877 1880
f 1881 1879 1872
f 1880 1879 1881
f 1871 1882 1872
f 1872 1882 1881
f 1667 1883 1677
f 1884 1883 1667
f 1667 1668 1884
f 1884 1668 1664
f 1675 1885 1674
f 1886 1669 1674
f 1672 1669 1886
f 1675 1887 1885
f 1677 1887 1675
f 1888 1887 1677
f 1885 1887 1888
f 1677 1889 1888
f 1890 1889 1677
f 1677 1883 1890
f 1890 1883 1884
f 1891 1889 1890
f 1888 1889 1891
f 1884 1892 1890
f 1885 1888 1893
f 1893 1888 1894
f 1891 1894 1888
f 1895 1892 1884
f 1884 1896 1895
f 1664 1896 1884
f 1897 1896 1664
f 1895 1896 1897
f 1664 1898 1897
f 1662 1898 1664
f 1899 1898 1662
f 1897 1898 1899
f 1900 1899 1662
f 1662 1663 1900
f 1900 1663 1658
f 1897 1901 1895
f 1902 1899 1900
f 1658 1903 1900
f 1904 1897 1899
f 1901 1897 1904
f 1899 1905 1904
f 1902 1905 1899
f 1906 1903 1658
f 1658 1907 1906
f 1656 1907 1658
f 1908 1907 1656
f 1906 1907 1908
f 1656 1659 1908
f 1908 1659 1671
f 1671 1909 1908
f 1908 1910 1906
f 1908 1909 1911
f 1911 1910 1908
f 1912 1909 1671
f 1911 1909 1912
f 1906 1910 1913
f 1913 1910 1911
f 1914 1671 1672
f 1912 1671 1914
f 1672 1915 1914
f 1886 1915 1672
f 1916 1911 1912
f 1917 1911 1916
f 1917 1918 1911
f 1911 1918 1913
f 1914 1919 1912
f 1915 1919 1914
f 1912 1919 1920
f 1920 1919 1915
f 1921 1916 1912
f 1920 1922 1912
f 1912 1922 1921
f 1923 1916 1921
f 1923 1924 1916
f 1916 1924 1917
f 1917 1924 1925
f 1925 1924 1923
f 1925 1926 1917
f 1917 1926 1927
f 1927 1918 1917
f 1928 1926 1925
f 1927 1926 1928
f 1913 1918 1927
f 1927 1929 1913
f 1930 1925 1923
f 1931 1925 1930
f 1931 1932 1925
f 1925 1932 1928
f 1923 1933 1930
f 1921 1933 1923
f 1934 1933 1921
f 1930 1933 1934
f 1921 1935 1934
f 1936 1935 1921
f 1921 1922 1936
f 1936 1922 1920
f 1937 1935 1936
f 1934 1935 1937
f 1920 1938 1936
f 1934 1939 1930
f 1940 1938 1920
f 1920 1941 1940
f 1915 1941 1920
f 1936 1938 1942
f 1942 1938 1940
f 1942 1943 1936
f 1936 1943 1937
f 1944 1941 1915
f 1940 1941 1944
f 1915 1945 1944
f 1886 1945 1915
f 1946 1945 1886
f 1944 1945 1946
f 1886 1674 1946
f 1944 1947 1940
f 1946 1674 1885
f 1946 1948 1944
f 1885 1949 1946
f 1944 1948 1950
f 1950 1947 1944
f 1951 1948 1946
f 1946 1949 1951
f 1950 1948 1951
f 1885 1893 1949
f 1949 1952 1951
f 1893 1953 1949
f 1949 1953 1952
f 1893 1954 1953
f 1894 1954 1893
f 1951 1952 1955
f 1955 1956 1951
f 1951 1956 1950
f 1957 1954 1894
f 1953 1954 1957
f 1953 1958 1952
f 1950 1956 1959
f 1959 1956 1955
f 1952 1958 1960
f 1960 1955 1952
f 1953 1961 1958
f 1957 1961 1953
f 1962 1955 1960
f 1962 1963 1955
f 1955 1963 1959
f 1960 1964 1962
f 1965 1963 1962
f 1959 1963 1965
f 1962 1964 1966
f 1966 1967 1962
f 1962 1967 1965
f 1968 1964 1960
f 1966 1964 1968
f 1960 1969 1968
f 1958 1969 1960
f 1958 1970 1969
f 1971 1970 1958
f 1958 1961 1971
f 1971 1961 1957
f 1968 1972 1966
f 1973 1970 1971
f 1969 1970 1973
f 1957 1974 1971
f 1969 1975 1968
f 1976 1972 1968
f 1968 1975 1976
f 1977 1975 1969
f 1976 1975 1977
f 1969 1978 1977
f 1973 1978 1969
f 1979 1957 1894
f 1974 1957 1979
f 1979 1894 1891
f 1891 1980 1979
f 1979 1981 1974
f 1979 1980 1982
f 1982 1981 1979
f 1983 1980 1891
f 1982 1980 1983
f 1891 1984 1983
f 1890 1984 1891
f 1985 1984 1890
f 1983 1984 1985
f 1890 1892 1985
f 1985 1892 1895
f 1985 1986 1983
f 1895 1987 1985
f 1988 1986 1985
f 1985 1987 1988
f 1989 1987 1895
f 1988 1987 1989
f 1895 1901 1989
f 1983 1986 1990
f 1990 1986 1988
f 1990 1991 1983
f 1983 1991 1982
f 1989 1992 1988
f 1901 1993 1989
f 1994 1992 1989
f 1989 1993 1994
f 1995 1993 1901
f 1994 1993 1995
f 1901 1996 1995
f 1904 1996 1901
f 1988 1992 1997
f 1997 1992 1994
f 1997 1990 1988
f 1998 1996 1904
f 1995 1996 1998
f 1995 1999 1994
f 2000 1990 1997
f 1994 2001 1997
f 1994 1999 2002
f 2002 2001 1994
f 2003 1999 1995
f 2002 1999 2003
f 1995 2004 2003
f 1998 2004 1995
f 1997 2001 2005
f 2005 2001 2002
f 1800 2006 1811
f 2007 1813 1811
f 1812 1813 2007
f 1812 2008 1807
f 2009 1808 1807
f 1807 2008 2009
f 2010 1808 2009
f 2011 2008 1812
f 2009 2008 2011
f 2009 2012 2010
f 2010 2012 2013
f 2014 2012 2009
f 2013 2012 2014
f 2011 2015 2009
f 2009 2015 2014
f 1812 2016 2011
f 2007 2016 1812
f 662 2015 2011
f 2014 2015 662
f 2011 2016 654
f 654 2016 2007
f 2011 660 662
f 654 660 2011
f 2014 2017 2013
f 2007 652 654
f 662 2018 2014
f 714 2017 2014
f 2014 2018 714
f 2013 2017 2019
f 2019 2017 714
f 2019 2020 2013
f 2013 2020 2021
f 2021 2020 2022
f 2022 2020 2019
f 2022 2023 2021
f 664 2018 662
f 714 2018 664
f 714 713 2019
f 2024 2023 2022
f 2019 2025 2022
f 2022 2026 2024
f 2019 713 707
f 707 2025 2019
f 2022 2025 2027
f 2027 2026 2022
f 2027 2025 707
f 2024 2026 2028
f 2028 2026 2027
f 2028 2029 2024
f 2024 2029 1794
f 1794 2029 1793
f 1793 2029 2028
f 2027 2030 2028
f 2028 2031 1793
f 2028 2030 2032
f 2032 2031 2028
f 703 2030 2027
f 2032 2030 703
f 2027 705 703
f 707 705 2027
f 1793 2031 2033
f 2033 2031 2032
f 2033 2034 1793
f 1793 2034 1789
f 1789 2034 2035
f 2035 2034 2033
f 2035 1792 1789
f 1791 1792 2035
f 2035 2036 1791
f 1791 2036 1800
f 2033 2037 2035
f 2038 2036 2035
f 1800 2036 2038
f 2035 2037 2038
f 2038 2006 1800
f 2039 2037 2033
f 2038 2037 2039
f 2033 2040 2039
f 2032 2040 2033
f 2039 2041 2038
f 2042 2006 2038
f 2038 2041 2042
f 1811 2006 2042
f 2043 2040 2032
f 2039 2040 2043
f 2032 2044 2043
f 703 2044 2032
f 2042 2045 1811
f 1811 2045 2007
f 2007 2045 650
f 650 2045 2042
f 650 652 2007
f 699 2044 703
f 2043 2044 699
f 2043 2046 2039
f 2039 2046 2047
f 2047 2041 2039
f 2042 2041 2047
f 644 2046 2043
f 2047 2046 644
f 2047 2048 2042
f 2042 2048 650
f 648 2048 2047
f 650 2048 648
f 644 2049 2047
f 2047 2049 648
f 2043 2050 644
f 699 2050 2043
f 646 2049 644
f 648 2049 646
f 644 2050 647
f 647 2050 699
f 2051 2052 2053
f 2053 2054 2051
f 2051 2054 2055
f 2055 2056 2051
f 2057 2051 2056
f 2052 2051 2057
f 2056 2058 2057
f 2052 2059 2060
f 2057 2058 2061
f 2061 2058 483
f 483 485 2061
f 2061 485 484
f 2062 2059 2052
f 2052 2063 2062
f 2057 2063 2052
f 2064 2061 484
f 2057 2061 2064
f 2064 2065 2057
f 2057 2065 2063
f 2064 484 2066
f 2066 484 472
f 2067 2065 2064
f 2063 2065 2067
f 2066 2068 2064
f 2064 2068 2067
f 472 2069 2066
f 467 2069 472
f 474 2069 467
f 2066 2069 474
f 971 2068 2066
f 2066 474 971
f 2067 2068 971
f 2067 971 970
f 970 2070 2067
f 2067 2070 2063
f 2063 2070 2071
f 2071 2070 970
f 2071 2062 2063
f 2072 2062 2071
f 2071 2073 2072
f 2072 2073 2074
f 970 2073 2071
f 2074 2073 970
f 970 2075 2074
f 969 2075 970
f 2076 2077 2078
f 2079 2077 2076
f 2078 2077 2080
f 2080 2077 2079
f 2079 2081 2080
f 2080 2082 2078
f 2083 2081 2079
f 2079 2084 2083
f 2080 2081 2085
f 2085 2082 2080
f 2085 2081 2083
f 2083 2084 2086
f 2078 2082 2087
f 2087 2082 2085
f 2083 2088 2085
f 2089 2083 2086
f 2086 2090 2089
f 2091 2088 2083
f 2091 2083 2089
f 2085 2088 2092
f 2092 2088 2091
f 2092 2093 2085
f 2085 2093 2087
f 2089 2090 2094
f 2089 2095 2091
f 2094 2096 2089
f 2097 2095 2089
f 2089 2096 2097
f 2098 2096 2094
f 2097 2096 2098
f 2094 2099 2098
f 2100 2099 2094
f 2091 2095 2101
f 2101 2095 2097
f 2091 2101 2092
f 2102 2099 2100
f 2098 2099 2102
f 2098 2103 2097
f 2092 2101 2104
f 2097 2105 2101
f 2097 2103 2106
f 2106 2105 2097
f 2107 2103 2098
f 2106 2103 2107
f 2098 2108 2107
f 2102 2108 2098
f 2101 2105 2109
f 2109 2105 2106
f 2109 2110 2101
f 2101 2110 2104
f 2111 2110 2109
f 2104 2110 2111
f 2106 2112 2109
f 2109 2112 2113
f 2113 2114 2109
f 2109 2114 2111
f 2113 2112 2115
f 2115 2112 2106
f 2116 2114 2113
f 2111 2114 2116
f 2111 2117 2104
f 2113 2118 2116
f 2119 2117 2111
f 2116 2119 2111
f 2117 2120 2104
f 2104 2120 2092
f 2092 2120 2121
f 2121 2120 2117
f 2121 2093 2092
f 2087 2093 2121
f 2117 2122 2121
f 2121 2123 2087
f 2121 2122 2124
f 2124 2123 2121
f 2087 2123 2078
f 2078 2123 2124
f 2125 2122 2117
f 2124 2122 2125
f 2117 2126 2125
f 2119 2126 2117
f 2127 2126 2119
f 2125 2126 2127
f 2125 2128 2124
f 2078 2124 2128
f 2125 2129 2128
f 2127 2129 2125
f 2128 2129 2130
f 2130 2129 2127
f 2131 2132 2133
f 2133 2134 2135
f 1043 2136 1044
f 1044 2136 2137
f 2138 2136 1043
f 2137 2136 2138
f 1043 1061 2138
f 2138 1061 1066
f 2139 2137 2138
f 1086 2138 1066
f 2139 2138 1086
f 1086 1094 2139
f 2139 1094 2140
f 1094 2141 2140
f 2140 2141 2142
f 1094 1093 2141
f 2141 2143 2142
f 2141 1093 1092
f 2144 2143 2141
f 2145 2143 2144
f 1092 2146 2141
f 2141 2146 2144
f 2144 2147 2145
f 2148 2146 1092
f 2144 2146 2148
f 1092 2149 2148
f 2148 2149 2150
f 2150 2151 2148
f 2152 2151 2150
f 2148 2153 2144
f 2154 2147 2144
f 2144 2153 2154
f 2155 2147 2154
f 2154 2156 2155
f 2157 2156 2154
f 2157 2158 2152
f 2154 2158 2157
f 2152 2158 2159
f 2159 2158 2154
f 2159 2151 2152
f 2154 2153 2159
f 2148 2151 2159
f 2159 2153 2148
f 2128 2160 2078
f 2161 2160 2128
f 2078 2160 2134
f 2161 2128 2130
f 2130 2162 2161
f 2161 2162 2163
f 2164 2162 2130
f 2163 2162 2164
f 2130 2165 2164
f 2127 2165 2130
f 2127 2166 2165
f 2119 2166 2127
f 2166 2119 2116
f 2166 2167 2165
f 2116 2168 2166
f 2165 2167 2169
f 2169 2164 2165
f 2170 2167 2166
f 2166 2168 2170
f 2169 2167 2170
f 2171 2168 2116
f 2170 2168 2171
f 2116 2118 2171
f 2170 2172 2169
f 2173 2164 2169
f 2173 2174 2164
f 2164 2174 2163
f 2163 2174 2175
f 2175 2174 2173
f 2175 2176 2163
f 2163 2176 2161
f 2177 2173 2169
f 2169 2172 2177
f 2178 2173 2177
f 2173 2179 2175
f 2178 2179 2173
f 2180 2176 2175
f 2161 2176 2180
f 2175 2179 2181
f 2181 2179 2178
f 2175 2182 2180
f 2181 2182 2175
f 2180 2183 2161
f 2161 2183 2160
f 2180 2182 2184
f 2184 2182 2181
f 2180 2185 2183
f 2184 2185 2180
f 997 2186 998
f 990 1127 984
f 1140 2186 997
f 998 2186 1134
f 1134 2186 1140
f 1134 1132 998
f 998 1132 999
f 997 2187 1140
f 995 2187 997
f 2188 2187 995
f 1140 2187 2188
f 995 2189 2188
f 2190 2189 995
f 995 996 2190
f 2190 996 994
f 2191 2189 2190
f 2188 2189 2191
f 994 2192 2190
f 2188 1142 1140
f 2193 2192 994
f 994 2194 2193
f 987 2194 994
f 2195 2192 2193
f 2190 2192 2195
f 2193 2194 2196
f 2196 2194 987
f 2196 2197 2193
f 2195 2198 2190
f 2190 2198 2191
f 2199 2198 2195
f 2191 2198 2199
f 2195 2200 2199
f 2201 2197 2196
f 2196 2202 2201
f 2201 2202 2203
f 987 2204 2196
f 986 2204 987
f 2205 2202 2196
f 2203 2202 2205
f 2196 2204 2205
f 2205 2204 986
f 2205 2206 2203
f 2207 2206 2205
f 2205 986 2207
f 2199 2200 2208
f 2208 2209 2199
f 2199 2209 2210
f 2211 2209 2208
f 2210 2209 2211
f 2208 2212 2211
f 2213 2212 2208
f 2210 2214 2199
f 2199 2214 2191
f 2215 2212 2213
f 2211 2212 2215
f 2213 2216 2215
f 2217 2216 2213
f 2191 2214 2218
f 2218 2214 2210
f 2211 2219 2210
f 2218 2220 2191
f 2191 2220 2188
f 2188 2220 1149
f 1149 2220 2218
f 1149 1142 2188
f 2210 2219 2221
f 2221 2218 2210
f 2222 2218 2221
f 2218 2223 1149
f 2222 2223 2218
f 2224 2219 2211
f 2221 2219 2224
f 2211 2225 2224
f 2215 2225 2211
f 2224 2226 2221
f 2227 2225 2215
f 2224 2225 2227
f 2215 2228 2227
f 2229 2228 2215
f 2215 2216 2229
f 2229 2216 2217
f 2221 2226 2230
f 2221 2230 2222
f 2222 2230 2231
f 2217 2232 2229
f 2231 2233 2222
f 2234 2232 2217
f 2217 2235 2234
f 2234 2235 2236
f 2222 2233 2237
f 2237 2223 2222
f 2229 2232 2238
f 2238 2232 2234
f 2236 2239 2234
f 2238 2240 2229
f 2241 2239 2236
f 2236 2242 2241
f 2234 2239 2243
f 2243 2239 2241
f 2234 2244 2238
f 2243 2244 2234
f 2238 2244 2245
f 2245 2244 2243
f 2246 2240 2238
f 2245 2247 2238
f 2238 2247 2246
f 2229 2240 2248
f 2248 2240 2246
f 2248 2228 2229
f 2227 2228 2248
f 2248 2249 2227
f 2246 2250 2248
f 2251 2249 2248
f 2248 2250 2251
f 2252 2250 2246
f 2251 2250 2252
f 2246 2247 2253
f 2253 2247 2245
f 2246 2254 2252
f 2253 2254 2246
f 2227 2249 2255
f 2255 2249 2251
f 2255 2256 2227
f 2227 2256 2224
f 2224 2256 2257
f 2257 2256 2255
f 2257 2226 2224
f 2251 2258 2255
f 2230 2226 2257
f 2255 2259 2257
f 2257 2260 2230
f 2255 2258 2261
f 2261 2259 2255
f 2257 2259 2262
f 2262 2260 2257
f 2262 2259 2261
f 2230 2260 2263
f 2263 2260 2262
f 2263 2231 2230
f 2264 2231 2263
f 2262 2265 2263
f 2264 2266 2231
f 2231 2266 2267
f 2267 2233 2231
f 2268 2266 2264
f 2267 2266 2268
f 2263 2269 2264
f 2237 2233 2267
f 2270 2269 2263
f 2263 2265 2270
f 2264 2269 2271
f 2271 2269 2270
f 2271 2272 2264
f 2264 2272 2268
f 2273 2265 2262
f 2270 2265 2273
f 2262 2274 2273
f 2261 2274 2262
f 2273 2275 2270
f 2276 2274 2261
f 2273 2274 2276
f 2261 2277 2276
f 2278 2277 2261
f 2261 2258 2278
f 2278 2258 2251
f 2251 2279 2278
f 2252 2279 2251
f 2280 2277 2278
f 2276 2277 2280
f 2278 2279 2281
f 2281 2279 2252
f 2278 2282 2280
f 2281 2282 2278
f 2276 2283 2273
f 2252 2284 2281
f 2273 2283 2285
f 2285 2275 2273
f 2286 2283 2276
f 2285 2283 2286
f 2254 2284 2252
f 2276 2287 2286
f 2280 2287 2276
f 2288 2287 2280
f 2286 2287 2288
f 2253 2289 2254
f 2288 2290 2286
f 2291 2289 2253
f 2253 2292 2291
f 2245 2292 2253
f 2254 2289 2293
f 2293 2289 2291
f 2293 2294 2254
f 2254 2294 2284
f 2295 2292 2245
f 2291 2292 2295
f 2245 2296 2295
f 2243 2296 2245
f 2295 2297 2291
f 2298 2296 2243
f 2295 2296 2298
f 2243 2299 2298
f 2241 2299 2243
f 2298 2300 2295
f 2301 2299 2241
f 2298 2299 2301
f 2302 2297 2295
f 2295 2300 2302
f 2303 2300 2298
f 2302 2300 2303
f 2301 2304 2298
f 2298 2304 2303
f 2241 2305 2301
f 2306 2304 2301
f 2303 2304 2306
f 2307 2305 2241
f 2241 2242 2307
f 2307 2242 2308
f 2301 2305 2309
f 2309 2305 2307
f 2308 2310 2307
f 2309 2311 2301
f 2301 2311 2306
f 2312 2310 2308
f 2307 2310 2313
f 2313 2310 2312
f 2307 2314 2309
f 2313 2314 2307
f 2315 2311 2309
f 2306 2311 2315
f 2309 2314 2316
f 2316 2314 2313
f 2309 2317 2315
f 2316 2317 2309
f 2315 2318 2306
f 2315 2317 2271
f 2271 2317 2316
f 2316 2272 2271
f 2271 2319 2315
f 2270 2319 2271
f 2319 2318 2315
f 2270 2275 2319
f 2268 2272 2316
f 2319 2275 2285
f 2316 2320 2268
f 2313 2320 2316
f 2285 2321 2319
f 2322 2318 2319
f 2319 2321 2322
f 2306 2318 2322
f 2268 2320 2323
f 2323 2320 2313
f 2324 2321 2285
f 2322 2321 2324
f 2322 2325 2306
f 2306 2325 2303
f 2326 2325 2322
f 2303 2325 2326
f 2324 2327 2322
f 2322 2327 2326
f 2285 2328 2324
f 2286 2328 2285
f 2329 2328 2286
f 2324 2328 2329
f 2286 2290 2329
f 2330 2327 2324
f 2326 2327 2330
f 2329 2331 2324
f 2324 2331 2330
f 2329 2290 2332
f 2326 2333 2303
f 2303 2333 2302
f 2334 2333 2326
f 2302 2333 2334
f 2332 2290 2288
f 2330 2335 2326
f 2326 2335 2334
f 2336 2335 2330
f 2334 2335 2336
f 2331 2337 2330
f 2330 2337 2336
f 2329 2338 2331
f 2332 2338 2329
f 2339 2337 2331
f 2336 2337 2339
f 2331 2338 2340
f 2340 2338 2332
f 2331 2341 2339
f 2340 2341 2331
f 2336 2342 2334
f 2332 2343 2340
f 2339 2344 2336
f 2345 2342 2336
f 2336 2344 2345
f 2334 2342 2346
f 2346 2342 2345
f 2346 2347 2334
f 2334 2347 2302
f 2302 2347 2348
f 2348 2347 2346
f 2348 2297 2302
f 2291 2297 2348
f 2348 2349 2291
f 2291 2349 2293
f 2346 2350 2348
f 2351 2349 2348
f 2348 2350 2351
f 2293 2349 2351
f 2352 2350 2346
f 2351 2350 2352
f 2351 2353 2293
f 2346 2354 2352
f 2345 2354 2346
f 2352 2355 2351
f 2356 2354 2345
f 2352 2354 2356
f 2293 2353 2357
f 2357 2294 2293
f 2358 2353 2351
f 2351 2355 2358
f 2357 2353 2358
f 2359 2355 2352
f 2358 2355 2359
f 2352 2360 2359
f 2356 2360 2352
f 2359 2361 2358
f 2284 2294 2357
f 2359 2360 2362
f 2362 2360 2356
f 2358 2363 2357
f 2357 2364 2284
f 2365 2363 2358
f 2358 2361 2365
f 2357 2363 2366
f 2366 2364 2357
f 2366 2363 2365
f 2284 2364 2367
f 2367 2364 2366
f 2367 2368 2284
f 2284 2368 2281
f 2281 2368 2369
f 2369 2368 2367
f 2369 2282 2281
f 2280 2282 2369
f 2369 2370 2280
f 2280 2370 2288
f 2367 2371 2369
f 2372 2370 2369
f 2288 2370 2372
f 2369 2371 2372
f 2372 2373 2288
f 2288 2373 2332
f 2332 2373 2374
f 2374 2373 2372
f 2374 2343 2332
f 2375 2371 2367
f 2372 2371 2375
f 2372 2376 2374
f 2375 2376 2372
f 2377 2343 2374
f 2340 2343 2377
f 2374 2376 2378
f 2378 2376 2375
f 2367 2379 2375
f 2366 2379 2367
f 2375 2379 2380
f 2380 2379 2366
f 2380 2381 2375
f 2375 2381 2378
f 2366 2382 2380
f 2365 2382 2366
f 2383 2381 2380
f 2378 2381 2383
f 2380 2382 2384
f 2384 2382 2365
f 2378 2385 2374
f 2374 2385 2377
f 2386 2385 2378
f 2377 2385 2386
f 2378 2387 2386
f 2383 2387 2378
f 2386 2388 2377
f 2380 2389 2383
f 2384 2389 2380
f 2390 2387 2383
f 2386 2387 2390
f 2383 2389 2391
f 2391 2389 2384
f 2383 2392 2390
f 2391 2392 2383
f 2390 2393 2386
f 2394 2388 2386
f 2386 2393 2394
f 2395 2393 2390
f 2394 2393 2395
f 2390 2392 2396
f 2396 2392 2391
f 2390 2397 2395
f 2396 2397 2390
f 2395 2397 2398
f 2398 2397 2396
f 2391 2399 2396
f 2398 2400 2395
f 2401 2399 2391
f 2391 2402 2401
f 2384 2402 2391
f 2396 2399 2403
f 2403 2399 2401
f 2396 2404 2398
f 2403 2404 2396
f 2405 2402 2384
f 2401 2402 2405
f 2384 2406 2405
f 2365 2406 2384
f 2407 2406 2365
f 2405 2406 2407
f 2365 2361 2407
f 2407 2361 2359
f 2359 2408 2407
f 2362 2408 2359
f 2407 2409 2405
f 2407 2408 2410
f 2410 2409 2407
f 2410 2408 2362
f 2405 2409 2411
f 2411 2409 2410
f 2405 2412 2401
f 2411 2412 2405
f 2401 2412 2413
f 2413 2412 2411
f 2362 2414 2410
f 2413 2415 2401
f 2401 2415 2403
f 2410 2416 2411
f 2410 2414 2417
f 2417 2416 2410
f 2418 2414 2362
f 2417 2414 2418
f 2362 2419 2418
f 2356 2419 2362
f 2411 2416 2420
f 2420 2416 2417
f 2420 2421 2411
f 2411 2421 2413
f 2422 2419 2356
f 2418 2419 2422
f 2356 2423 2422
f 2345 2423 2356
f 2424 2423 2345
f 2422 2423 2424
f 2345 2344 2424
f 2422 2425 2418
f 2424 2344 2339
f 2424 2426 2422
f 2339 2427 2424
f 2422 2426 2428
f 2428 2425 2422
f 2429 2426 2424
f 2424 2427 2429
f 2428 2426 2429
f 2430 2427 2339
f 2429 2427 2430
f 2339 2341 2430
f 2430 2341 2340
f 2340 2431 2430
f 2377 2431 2340
f 2430 2432 2429
f 2433 2431 2377
f 2430 2431 2433
f 2433 2432 2430
f 2377 2388 2433
f 2433 2388 2394
f 2434 2432 2433
f 2429 2432 2434
f 2394 2435 2433
f 2433 2435 2434
f 2434 2436 2429
f 2429 2436 2428
f 2434 2435 2437
f 2437 2435 2394
f 2438 2436 2434
f 2428 2436 2438
f 2437 2439 2434
f 2434 2439 2438
f 2394 2440 2437
f 2395 2440 2394
f 2441 2440 2395
f 2437 2440 2441
f 2395 2400 2441
f 2441 2442 2437
f 2437 2442 2439
f 2441 2400 2443
f 2443 2400 2398
f 2444 2442 2441
f 2439 2442 2444
f 2443 2445 2441
f 2441 2445 2444
f 1880 2446 1878
f 2447 1882 1871
f 1881 1882 2447
f 1881 2448 1880
f 1871 2449 2447
f 1864 2449 1871
f 1878 2446 2450
f 2450 2451 1878
f 2452 2446 1880
f 1880 2448 2452
f 2450 2446 2452
f 2453 2449 1864
f 2447 2449 2453
f 1864 2454 2453
f 1860 2454 1864
f 2453 2455 2447
f 2456 2454 1860
f 2453 2454 2456
f 1860 2457 2456
f 1859 2457 1860
f 2456 2458 2453
f 2459 2457 1859
f 2456 2457 2459
f 2460 2455 2453
f 2453 2458 2460
f 2461 2458 2456
f 2460 2458 2461
f 2459 2461 2456
f 1859 2462 2459
f 2463 2462 1859
f 1859 1853 2463
f 2463 1853 1850
f 2459 2462 2464
f 2464 2462 2463
f 1850 2465 2463
f 1851 2465 1850
f 2463 2465 2466
f 2466 2465 1851
f 2463 2467 2464
f 2466 2467 2463
f 2468 2459 2464
f 2461 2459 2468
f 2464 2467 2469
f 2469 2467 2466
f 2468 2470 2461
f 1851 2471 2466
f 2468 2464 2472
f 2472 2464 2469
f 2472 2473 2468
f 2466 2474 2469
f 2469 2475 2472
f 2466 2471 1523
f 1523 2474 2466
f 2469 2474 2476
f 2476 2475 2469
f 2476 2474 1523
f 2472 2475 2477
f 2477 2473 2472
f 2477 2475 2476
f 2468 2473 2478
f 2478 2473 2477
f 2478 2470 2468
f 2479 2480 2481
f 2482 2480 2479
f 2483 2484 1151
f 2485 2486 2482
f 1151 2484 2487
f 2487 1148 1151
f 2488 2484 2483
f 2487 2484 2488
f 1145 1148 2487
f 2487 2489 1145
f 1145 2489 1144
f 2490 2489 2487
f 1144 2489 2490
f 2488 2491 2487
f 2487 2491 2490
f 2483 2492 2488
f 2481 2492 2483
f 2493 2491 2488
f 2490 2491 2493
f 2488 2492 2494
f 2494 2492 2481
f 2488 2495 2493
f 2494 2495 2488
f 2490 2496 1144
f 1144 2496 1119
f 2497 2496 2490
f 1119 2496 2497
f 2493 2498 2490
f 2490 2498 2497
f 2497 2499 1119
f 1119 2499 1118
f 2497 2498 2500
f 2500 2498 2493
f 2500 2501 2497
f 2497 2501 2499
f 2493 2502 2500
f 2503 2501 2500
f 2499 2501 2503
f 2499 2504 1118
f 2505 2502 2493
f 2493 2495 2505
f 2500 2502 2506
f 2506 2502 2505
f 2506 2507 2500
f 2500 2507 2503
f 2505 2495 2494
f 2508 2507 2506
f 2503 2507 2508
f 2505 2509 2506
f 2510 2504 2499
f 2499 2503 2511
f 2511 2503 2508
f 2506 2512 2508
f 2511 2513 2499
f 2514 2512 2506
f 2506 2509 2514
f 2508 2512 2515
f 2515 2512 2514
f 2511 2508 2516
f 2516 2508 2515
f 2515 2517 2516
f 2516 2517 2518
f 2518 2519 2516
f 2516 2519 2511
f 2520 2517 2515
f 2518 2517 2520
f 2521 2522 2523
f 2524 2522 2521
f 2525 2526 2523
f 2523 2526 2521
f 2510 2527 2525
f 2499 2527 2510
f 2499 2513 2527
f 2528 2526 2525
f 2521 2526 2528
f 2527 2529 2525
f 2525 2529 2528
f 2521 2530 2524
f 2524 2530 2531
f 2531 2530 2532
f 2532 2530 2521
f 2513 2533 2527
f 2521 2534 2532
f 2528 2534 2521
f 2535 2531 2532
f 2528 2536 2534
f 2532 2537 2535
f 2529 2536 2528
f 2527 2533 2529
f 2535 2537 2538
f 2538 2539 2535
f 2540 2539 2538
f 2541 2540 2542
f 2542 2540 2538
f 2542 2543 2541
f 2544 2513 2511
f 2533 2513 2544
f 2511 2545 2544
f 2546 2529 2533
f 2536 2529 2546
f 2547 2534 2536
f 2532 2534 2547
f 2546 2548 2536
f 2536 2548 2547
f 2533 2549 2546
f 2544 2549 2533
f 2550 2548 2546
f 2547 2548 2550
f 2546 2549 2551
f 2551 2549 2544
f 2546 2552 2550
f 2551 2552 2546
f 2547 2553 2532
f 2544 2554 2551
f 2532 2553 2555
f 2555 2537 2532
f 2556 2553 2547
f 2555 2553 2556
f 2538 2537 2555
f 2555 2557 2538
f 2538 2557 2542
f 2558 2557 2555
f 2542 2557 2558
f 2556 2559 2555
f 2555 2559 2558
f 2547 2560 2556
f 2550 2560 2547
f 2561 2559 2556
f 2558 2559 2561
f 2556 2560 2562
f 2562 2560 2550
f 2562 2563 2556
f 2556 2563 2561
f 2550 2564 2562
f 2565 2563 2562
f 2562 2564 2565
f 2561 2563 2565
f 2566 2564 2550
f 2565 2564 2566
f 2550 2552 2566
f 2566 2552 2551
f 2566 2567 2565
f 2565 2568 2561
f 2551 2569 2566
f 2565 2567 2570
f 2570 2568 2565
f 2571 2567 2566
f 2566 2569 2571
f 2570 2567 2571
f 2572 2569 2551
f 2571 2569 2572
f 2551 2554 2572
f 2572 2573 2571
f 2572 2554 2574
f 2574 2573 2572
f 2574 2554 2544
f 2544 2545 2574
f 2574 2545 2575
f 2575 2576 2574
f 2577 2576 2575
f 2578 2573 2574
f 2574 2576 2578
f 2578 2576 2577
f 2571 2573 2578
f 2578 2579 2571
f 2571 2579 2570
f 2577 2580 2578
f 2581 2579 2578
f 2578 2580 2581
f 2570 2579 2581
f 2582 2580 2577
f 2581 2580 2582
f 2577 2583 2582
f 2582 2583 2584
f 2582 2585 2581
f 2584 2585 2582
f 2581 2586 2570
f 2581 2585 2587
f 2587 2585 2584
f 2587 2586 2581
f 2570 2586 2588
f 2588 2586 2587
f 2588 2568 2570
f 2584 2589 2587
f 2590 2589 2584
f 2561 2568 2588
f 2591 2589 2590
f 2587 2589 2591
f 2590 2543 2591
f 2587 2592 2588
f 2591 2592 2587
f 2591 2543 2542
f 2588 2593 2561
f 2561 2593 2558
f 2588 2592 2594
f 2594 2593 2588
f 2594 2592 2591
f 2558 2593 2594
f 2542 2595 2591
f 2558 2595 2542
f 2591 2595 2594
f 2594 2595 2558
f 2596 1364 1363
f 2597 2598 1290
f 1292 1244 2596
f 2599 2598 2597
f 2597 2600 2599
f 2599 2600 2601
f 1242 1364 2596
f 2596 1244 1242
f 2601 2602 2599
f 2603 2602 2601
f 1286 2598 2599
f 1290 2598 1286
f 2599 2602 2604
f 2604 2602 2603
f 2599 2605 1286
f 2604 2605 2599
f 1286 1287 1290
f 2603 2606 2604
f 2607 2606 2603
f 1282 2605 2604
f 1286 2605 1282
f 2604 2608 1282
f 2606 2608 2604
f 1282 1283 1286
f 2606 2607 2609
f 2609 2607 2610
f 2606 2611 2608
f 2609 2611 2606
f 2608 1281 1282
f 2611 2612 2608
f 2611 2609 2613
f 2613 2609 2610
f 2608 2612 1277
f 1277 1281 2608
f 2613 2614 2611
f 2611 2614 2612
f 2610 2615 2613
f 2616 2614 2613
f 2612 2614 2616
f 1314 2615 2610
f 2610 1318 1314
f 2613 2615 1312
f 1312 2615 1314
f 2613 2617 2616
f 1312 2617 2613
f 2616 2618 2612
f 2616 2617 1251
f 1251 2617 1312
f 1250 2618 2616
f 1251 1250 2616
f 2612 2618 1278
f 1278 2618 1250
f 1278 1277 2612
f 2619 2620 2621
f 2622 2620 2619
f 2621 2623 2624
f 2624 2623 2625
f 2626 2627 2625
f 2628 2627 2626
f 2625 2627 2629
f 2629 2627 2628
f 2629 2630 2625
f 2625 2630 2624
f 2628 2631 2629
f 2632 2631 2628
f 2633 2630 2629
f 2624 2630 2633
f 2629 2631 2634
f 2634 2631 2632
f 2629 2635 2633
f 2634 2635 2629
f 2632 2636 2634
f 2637 2636 2632
f 2638 2635 2634
f 2633 2635 2638
f 2639 2636 2637
f 2634 2636 2639
f 2637 2640 2639
f 2634 2641 2638
f 2639 2641 2634
f 2639 2640 2642
f 2642 2640 2643
f 2644 2641 2639
f 2638 2641 2644
f 2642 2645 2639
f 2639 2645 2644
f 2646 2645 2642
f 2644 2645 2646
f 2642 2643 2647
f 2647 2643 2648
f 2642 2649 2646
f 2647 2649 2642
f 2644 2650 2638
f 2648 2651 2647
f 2646 2652 2644
f 2653 2651 2648
f 2644 2652 2650
f 2654 2651 2653
f 2647 2651 2654
f 2653 2655 2656
f 2656 2655 2657
f 2653 2658 2654
f 2656 2658 2653
f 2654 2659 2647
f 2647 2659 2660
f 2660 2649 2647
f 2661 2659 2654
f 2660 2659 2661
f 2646 2649 2660
f 2660 2662 2646
f 2654 2658 2663
f 2663 2658 2656
f 2663 2661 2654
f 2646 2662 2664
f 2664 2652 2646
f 2665 2662 2660
f 2664 2662 2665
f 2661 2666 2660
f 2660 2666 2665
f 2135 2661 2663
f 2135 2666 2661
f 2665 2666 2135
f 2663 2131 2135
f 2135 2131 2133
f 2663 2667 2131
f 2656 2667 2663
f 2132 2667 2656
f 2131 2667 2132
f 2656 2668 2132
f 2657 2668 2656
f 2669 2668 2657
f 2132 2668 2669
f 2657 2670 2669
f 2671 2670 2657
f 2672 2670 2671
f 2669 2670 2672
f 2671 2673 2672
f 2669 2133 2132
f 2672 2674 2669
f 2669 2674 2133
f 2672 2673 2675
f 2675 2676 2672
f 2677 2674 2672
f 2672 2676 2677
f 2133 2674 2677
f 2678 2676 2675
f 2677 2676 2678
f 2677 2679 2133
f 2675 2680 2678
f 2681 2680 2675
f 2678 2682 2677
f 2683 2680 2681
f 2678 2680 2683
f 2681 2684 2683
f 2685 2684 2681
f 2686 2679 2677
f 2677 2682 2686
f 2687 2684 2685
f 2683 2684 2687
f 2685 2688 2687
f 2689 2688 2685
f 2687 2690 2683
f 2687 2688 2691
f 2691 2688 2689
f 2692 2690 2687
f 2691 2693 2687
f 2687 2693 2692
f 2683 2690 2694
f 2694 2690 2692
f 2694 2695 2683
f 2683 2695 2678
f 2678 2695 2696
f 2696 2682 2678
f 2696 2695 2694
f 2686 2682 2696
f 2694 2697 2696
f 2696 2697 2698
f 2698 2686 2696
f 2699 2697 2694
f 2698 2697 2699
f 2694 2700 2699
f 2692 2700 2694
f 2701 2686 2698
f 2702 2700 2692
f 2699 2700 2702
f 2699 2703 2698
f 2692 2704 2702
f 2705 2704 2692
f 2692 2693 2705
f 2705 2693 2691
f 2703 2701 2698
f 2699 2706 2703
f 2702 2706 2699
f 2707 2706 2702
f 2703 2706 2707
f 2702 2708 2707
f 2709 2708 2702
f 2702 2704 2709
f 2709 2704 2705
f 2710 2708 2709
f 2707 2708 2710
f 2707 2076 2703
f 2711 2709 2705
f 2705 2712 2711
f 2691 2712 2705
f 2713 2709 2711
f 2709 2713 2710
f 2714 2712 2691
f 2711 2712 2714
f 2691 2715 2714
f 2689 2715 2691
f 2714 2716 2711
f 2717 2715 2689
f 2714 2715 2717
f 2689 2718 2717
f 2719 2718 2689
f 2689 2720 2719
f 2719 2720 2721
f 2711 2716 2100
f 2100 2722 2711
f 2711 2722 2713
f 2713 2722 2094
f 2094 2722 2100
f 2721 2723 2719
f 2094 2090 2713
f 2724 2723 2721
f 2721 2725 2724
f 2719 2723 2726
f 2726 2723 2724
f 2713 2090 2086
f 2724 2725 2727
f 2710 2713 2086
f 2724 2728 2726
f 2086 2084 2710
f 2729 2728 2724
f 2724 2730 2729
f 2727 2730 2724
f 2731 2728 2729
f 2726 2728 2731
f 2710 2084 2079
f 2079 2732 2710
f 2710 2732 2707
f 2707 2732 2076
f 2076 2732 2079
f 2731 2733 2726
f 2076 2701 2703
f 2701 2679 2686
f 2133 2679 2701
f 2134 2133 2701
f 2701 2078 2134
f 2078 2701 2076
f 2734 2735 2736
f 2737 2735 2734
f 2734 2738 2737
f 2734 2736 2739
f 2739 2736 2740
f 2741 2742 2740
f 2740 2743 2739
f 2740 2742 2744
f 2744 2745 2740
f 2740 2745 2746
f 2747 2745 2744
f 2746 2745 2747
f 2744 2748 2747
f 2749 2748 2744
f 2750 2740 2746
f 2750 2751 2740
f 2740 2751 2743
f 2752 2748 2749
f 2747 2748 2752
f 2749 2753 2752
f 2754 2753 2749
f 2743 2751 2755
f 2755 2751 2750
f 2756 2753 2754
f 2752 2753 2756
f 2752 2757 2747
f 2754 2758 2756
f 2759 2758 2754
f 2754 2760 2759
f 2759 2760 2761
f 2761 2762 2759
f 2759 2762 2763
f 2763 2764 2759
f 2765 2758 2759
f 2759 2764 2765
f 2756 2758 2765
f 2766 2764 2763
f 2765 2764 2766
f 2765 2767 2756
f 2766 2768 2765
f 2769 2767 2765
f 2765 2768 2769
f 2766 2770 2768
f 2756 2767 2771
f 2771 2767 2769
f 2771 2772 2756
f 2756 2772 2752
f 2752 2772 2773
f 2773 2772 2771
f 2773 2757 2752
f 2769 2774 2771
f 2771 2775 2773
f 2771 2774 2776
f 2776 2775 2771
f 2777 2774 2769
f 2776 2774 2777
f 2769 2778 2777
f 2768 2778 2769
f 2779 2757 2773
f 2747 2757 2779
f 2779 2780 2747
f 2747 2780 2746
f 2773 2781 2779
f 2782 2780 2779
f 2746 2780 2782
f 2779 2781 2782
f 2783 2781 2773
f 2773 2775 2783
f 2782 2781 2783
f 2782 2784 2746
f 2746 2784 2750
f 2783 2775 2776
f 2783 2785 2782
f 2786 2784 2782
f 2750 2784 2786
f 2782 2785 2786
f 2786 2787 2750
f 2750 2787 2755
f 2776 2788 2783
f 2789 2785 2783
f 2783 2788 2789
f 2786 2785 2789
f 2789 2790 2786
f 2791 2787 2786
f 2786 2790 2791
f 2755 2787 2791
f 2776 2792 2788
f 2777 2792 2776
f 2793 2789 2788
f 2790 2789 2793
f 2792 2794 2788
f 2788 2794 2793
f 2790 2795 2791
f 2791 2796 2755
f 2791 2795 2797
f 2797 2796 2791
f 2665 2798 2664
f 2664 2798 2650
f 2650 2652 2664
f 2650 2798 2799
f 2799 2800 2650
f 2801 2800 2799
f 2650 2800 2802
f 2802 2800 2801
f 2638 2650 2802
f 2801 2803 2802
f 2804 2803 2801
f 2802 2805 2638
f 2638 2805 2633
f 2802 2803 2806
f 2806 2803 2804
f 2806 2805 2802
f 2633 2805 2806
f 2804 2807 2806
f 2806 2808 2633
f 2806 2807 2809
f 2809 2808 2806
f 2633 2808 2624
f 2624 2808 2809
f 2809 2807 2810
f 2810 2811 2809
f 2812 2811 2810
f 2809 2811 2813
f 2813 2811 2812
f 2809 2814 2624
f 2813 2814 2809
f 2624 2814 2815
f 2815 2814 2813
f 2812 2816 2813
f 2815 2817 2624
f 2818 2816 2812
f 2812 2819 2818
f 2818 2819 2820
f 2813 2816 2821
f 2821 2816 2818
f 2813 2822 2815
f 2821 2822 2813
f 2820 2823 2818
f 2824 2823 2820
f 2818 2823 2825
f 2825 2823 2824
f 2818 2826 2821
f 2825 2826 2818
f 2827 2822 2821
f 2815 2822 2827
f 2827 2828 2815
f 2824 2829 2825
f 2827 2821 2830
f 2830 2821 2826
f 2815 2828 2831
f 2831 2817 2815
f 2832 2828 2827
f 2831 2828 2832
f 2830 2833 2827
f 2827 2833 2832
f 2825 2834 2826
f 2835 2834 2825
f 2825 2829 2835
f 2826 2834 2836
f 2836 2834 2835
f 2826 2837 2830
f 2836 2837 2826
f 2838 2833 2830
f 2832 2833 2838
f 2830 2837 2839
f 2839 2837 2836
f 2830 2840 2838
f 2839 2840 2830
f 2838 2841 2832
f 2838 2840 2842
f 2842 2840 2839
f 2836 2843 2839
f 2842 2844 2838
f 2838 2844 2841
f 2832 2841 2845
f 2845 2846 2832
f 2832 2846 2831
f 2831 2846 2847
f 2847 2846 2845
f 2847 2848 2831
f 2831 2848 2849
f 2849 2817 2831
f 2624 2817 2849
f 2849 2850 2624
f 2624 2850 2621
f 2621 2850 2619
f 2619 2850 2849
f 2849 2848 2851
f 2851 2848 2847
f 2849 2852 2619
f 2851 2852 2849
f 2619 2852 2853
f 2853 2852 2851
f 2853 2854 2619
f 2619 2854 2622
f 2622 2854 2855
f 2855 2854 2853
f 2847 2856 2851
f 2851 2857 2853
f 2851 2856 2858
f 2858 2857 2851
f 2847 2859 2856
f 2845 2859 2847
f 2853 2857 2860
f 2860 2857 2858
f 2860 2861 2853
f 2853 2861 2855
f 2862 2859 2845
f 2856 2859 2862
f 2845 2863 2862
f 2841 2863 2845
f 2841 2864 2863
f 2844 2864 2841
f 2856 2865 2858
f 2858 2865 2866
f 2858 2866 2860
f 2860 2866 2867
f 2867 2868 2860
f 2860 2868 2869
f 2869 2861 2860
f 2870 2868 2867
f 2869 2868 2870
f 2866 2871 2867
f 2855 2861 2869
f 2869 2872 2855
f 2867 2871 2873
f 2873 2874 2867
f 2867 2874 2870
f 2866 2875 2871
f 2865 2875 2866
f 2865 2876 2875
f 2877 2876 2865
f 2865 2856 2877
f 2877 2856 2862
f 2878 2876 2877
f 2875 2876 2878
f 2877 2862 2879
f 2879 2862 2863
f 2878 2880 2875
f 2863 2881 2879
f 2878 2877 2882
f 2882 2877 2879
f 2864 2881 2863
f 2879 2883 2882
f 2881 2883 2879
f 2844 2884 2864
f 2864 2885 2881
f 2884 2885 2864
f 2886 2884 2844
f 2842 2886 2844
f 2881 2885 2887
f 2887 2885 2884
f 2888 2886 2842
f 2842 2889 2888
f 2839 2889 2842
f 2890 2889 2839
f 2888 2889 2890
f 2839 2843 2890
f 2888 2891 2886
f 2892 2891 2888
f 2890 2893 2888
f 2888 2893 2892
f 2894 2893 2890
f 2892 2893 2894
f 2884 2886 2895
f 2895 2886 2891
f 2892 2896 2891
f 2891 2897 2895
f 2896 2897 2891
f 2898 2896 2892
f 2892 2899 2898
f 2894 2899 2892
f 2900 2884 2895
f 2887 2884 2900
f 2896 2901 2897
f 2897 2902 2895
f 2901 2902 2897
f 2903 2901 2896
f 2898 2903 2896
f 2904 2903 2898
f 2898 2905 2904
f 2906 2905 2898
f 2898 2899 2906
f 2906 2899 2894
f 2903 2907 2901
f 2908 2905 2906
f 2904 2905 2908
f 2894 2909 2906
f 2904 2910 2903
f 2910 2907 2903
f 2911 2910 2904
f 2908 2911 2904
f 2912 2909 2894
f 2894 2913 2912
f 2890 2913 2894
f 2914 2913 2890
f 2912 2913 2914
f 2890 2843 2914
f 2914 2843 2836
f 2836 2835 2914
f 2914 2835 2915
f 2914 2916 2912
f 2915 2916 2914
f 2912 2916 2917
f 2917 2916 2915
f 2835 2918 2915
f 2917 2919 2912
f 2920 2918 2835
f 2835 2829 2920
f 2920 2829 2824
f 2824 2921 2920
f 2920 2921 2922
f 2919 2909 2912
f 2906 2909 2919
f 2919 2923 2906
f 2906 2923 2908
f 2924 2919 2917
f 2925 2923 2919
f 2908 2923 2925
f 2919 2924 2925
f 2925 2924 2926
f 2925 2927 2908
f 2908 2927 2928
f 2928 2911 2908
f 2929 2927 2925
f 2928 2927 2929
f 2926 2930 2925
f 2925 2930 2929
f 2928 2931 2911
f 2929 2932 2928
f 2933 2931 2928
f 2928 2932 2933
f 2934 2932 2929
f 2933 2932 2934
f 2929 2930 2935
f 2935 2930 2926
f 2929 2935 2934
f 2931 2936 2911
f 2911 2936 2910
f 2936 2937 2910
f 2910 2937 2907
f 2931 2933 2938
f 2936 2931 2939
f 2939 2931 2938
f 2936 2940 2937
f 2939 2940 2936
f 2937 2941 2907
f 2907 2941 2901
f 2940 2942 2937
f 2937 2942 2941
f 2943 2942 2940
f 2941 2942 2943
f 2941 2944 2901
f 2940 1357 2943
f 2940 2939 1358
f 1358 1357 2940
f 1358 2939 1359
f 2939 2938 1359
f 1359 2938 2945
f 2946 2945 2938
f 2938 2933 2946
f 2934 2946 2933
f 2947 2945 2946
f 2948 2946 2934
f 2946 2948 2947
f 2947 2948 2949
f 2950 2948 2934
f 2934 2935 2950
f 2951 2948 2950
f 2951 2949 2948
f 2935 2952 2950
f 2950 2952 2951
f 2953 2952 2935
f 2951 2952 2953
f 2935 2954 2953
f 2926 2954 2935
f 2955 2926 2924
f 2954 2926 2955
f 2953 2956 2951
f 2957 2956 2953
f 2955 2958 2954
f 2954 2958 2953
f 2951 2956 2959
f 2959 2956 2957
f 2951 2959 2960
f 2961 2962 2134
f 2160 2961 2134
f 2962 2963 2134
f 2160 2964 2961
f 2183 2964 2160
f 2965 2964 2183
f 2961 2964 2965
f 2183 2185 2965
f 2962 2961 2966
f 2965 2967 2961
f 2961 2967 2966
f 2965 2185 2184
f 2184 2968 2965
f 2969 2967 2965
f 2965 2968 2969
f 2966 2967 2969
f 2966 2970 2962
f 2971 2968 2184
f 2969 2968 2971
f 2969 2972 2966
f 2184 2973 2971
f 2181 2973 2184
f 2962 2970 2974
f 2974 2963 2962
f 2975 2970 2966
f 2966 2972 2975
f 2974 2970 2975
f 2973 2976 2971
f 2977 2181 2178
f 2973 2181 2977
f 2178 2978 2977
f 2177 2978 2178
f 2977 2979 2973
f 2922 2978 2177
f 2977 2978 2922
f 2820 2976 2973
f 2973 2979 2820
f 2824 2979 2977
f 2820 2979 2824
f 2922 2921 2977
f 2977 2921 2824
f 2971 2976 2980
f 2980 2976 2820
f 2980 2981 2971
f 2971 2981 2969
f 2969 2981 2982
f 2982 2981 2980
f 2982 2972 2969
f 2820 2819 2980
f 2975 2972 2982
f 2980 2983 2982
f 2982 2984 2975
f 2980 2819 2812
f 2812 2983 2980
f 2982 2983 2810
f 2810 2984 2982
f 2810 2983 2812
f 2975 2984 2804
f 2804 2984 2810
f 2804 2985 2975
f 2975 2985 2974
f 2974 2985 2801
f 2801 2985 2804
f 2810 2807 2804
f 2801 2986 2974
f 2974 2986 2987
f 2987 2963 2974
f 2134 2963 2987
f 2987 2986 2799
f 2799 2986 2801
f 2665 2134 2987
f 2135 2134 2665
f 2665 2987 2799
f 2799 2798 2665
f 2005 2988 1997
f 1997 2988 2000
f 2002 2989 2005
f 2990 2988 2005
f 2000 2988 2990
f 2005 2989 2991
f 2991 2992 2005
f 2005 2992 2990
f 2993 2989 2002
f 2991 2989 2993
f 2002 2994 2993
f 2003 2994 2002
f 2995 2994 2003
f 2993 2994 2995
f 2003 2996 2995
f 1876 2996 2003
f 2003 2004 1876
f 1876 2004 1998
f 2993 2997 2991
f 1878 2996 1876
f 2995 2996 1878
f 1998 1875 1876
f 2995 2998 2993
f 2999 2997 2993
f 2993 2998 2999
f 3000 2998 2995
f 2999 2998 3000
f 2995 2451 3000
f 1878 2451 2995
f 1870 1875 1998
f 1998 3001 1870
f 1904 3001 1998
f 3002 3001 1904
f 1870 3001 3002
f 1904 1905 3002
f 3002 1905 1902
f 1902 3003 3002
f 3002 1869 1870
f 3002 3003 1867
f 1867 1869 3002
f 3004 3003 1902
f 1867 3003 3004
f 1902 3005 3004
f 1900 3005 1902
f 3006 3005 1900
f 3004 3005 3006
f 1900 1903 3006
f 3006 1903 1906
f 1906 3007 3006
f 1913 3007 1906
f 3006 3008 3004
f 3007 3008 3006
f 1913 1929 3007
f 3004 3008 3009
f 3009 3008 3007
f 3009 3010 3004
f 3004 3010 1867
f 3007 1929 3011
f 3011 1929 1927
f 3007 3012 3009
f 3011 3012 3007
f 1863 3010 3009
f 1867 3010 1863
f 3009 3012 3013
f 3013 3012 3011
f 1927 3014 3011
f 3013 3015 3009
f 3009 3015 1863
f 1928 3014 1927
f 3011 3014 3016
f 3016 3014 1928
f 3011 3017 3013
f 3016 3017 3011
f 1855 3015 3013
f 1863 3015 1855
f 3013 3017 3018
f 3018 3017 3016
f 3013 1845 1855
f 3018 1845 3013
f 1855 1857 1863
f 1928 3019 3016
f 3016 3020 3018
f 1928 1932 3019
f 3016 3019 3021
f 3021 3020 3016
f 3018 3020 1837
f 1837 3020 3021
f 3018 1843 1845
f 1837 1843 3018
f 3019 1932 1931
f 3019 3022 3021
f 1931 3023 3019
f 3019 3023 3022
f 3024 3023 1931
f 3022 3023 3024
f 1931 3025 3024
f 1930 3025 1931
f 3026 3025 1930
f 3024 3025 3026
f 1930 1939 3026
f 3021 3022 1835
f 3024 3027 3022
f 1835 1837 3021
f 3022 3028 1835
f 3022 3027 3029
f 3029 3028 3022
f 3030 3027 3024
f 3029 3027 3030
f 3024 3031 3030
f 3026 3031 3024
f 1835 3028 1833
f 1833 3028 3029
f 2476 3032 2477
f 2477 3033 2478
f 2477 3032 1509
f 1509 3033 2477
f 1515 3032 2476
f 1509 3032 1515
f 2476 1522 1515
f 1523 1522 2476
f 3034 2470 2478
f 2461 2470 3034
f 2478 3033 1503
f 1503 3033 1509
f 2478 1501 3034
f 1503 1501 2478
f 3035 2461 3034
f 1501 3036 3034
f 3034 3036 3035
f 3035 3037 2461
f 2461 3037 2460
f 3035 3036 3038
f 3038 3036 1501
f 3039 3037 3035
f 2460 3037 3039
f 3038 3039 3035
f 1501 1500 3038
f 3040 3039 3038
f 3039 3041 2460
f 2460 3041 3042
f 3042 2455 2460
f 3043 3041 3039
f 3042 3041 3043
f 2447 2455 3042
f 3042 3044 2447
f 2447 3044 1881
f 1881 3044 3045
f 3045 3044 3042
f 3045 2448 1881
f 3039 3040 3043
f 3043 3046 3042
f 3042 3046 3045
f 2452 2448 3045
f 3047 3046 3043
f 3045 3046 3047
f 3045 3048 2452
f 3047 3048 3045
f 2452 3048 3049
f 3049 3048 3047
f 3043 3050 3047
f 3049 3051 2452
f 2452 3051 2450
f 3043 3040 3052
f 3052 3050 3043
f 3047 3050 3053
f 3053 3050 3052
f 3053 3054 3047
f 3047 3054 3049
f 3049 3054 3055
f 3055 3054 3053
f 3052 3056 3053
f 1494 3052 3040
f 3056 3052 1494
f 1495 3040 3038
f 1494 3040 1495
f 3038 1500 1495
f 3053 3056 1489
f 1494 3057 3056
f 1489 3058 3053
f 3053 3058 3055
f 3056 1490 1489
f 3056 3057 1492
f 1492 1490 3056
f 1496 3057 1494
f 1492 3057 1496
f 3059 3060 3061
f 3061 3062 3063
f 3059 3064 3065
f 3061 3066 3059
f 3065 3064 3067
f 3067 3068 3065
f 3069 3064 3059
f 3059 3066 3069
f 3067 3064 3069
f 3063 3070 3061
f 3071 3066 3061
f 3061 3070 3071
f 3069 3066 3071
f 3072 3070 3063
f 3071 3070 3072
f 3071 3073 3069
f 3063 3074 3072
f 3075 3074 3063
f 3076 3074 3075
f 3072 3074 3076
f 3075 3077 3076
f 3072 3078 3071
f 479 3073 3071
f 3071 3078 479
f 477 3078 3072
f 479 3078 477
f 3076 3079 3072
f 3072 3079 477
f 3077 3080 3076
f 3076 3080 3079
f 3081 3082 3077
f 3083 3082 3081
f 3084 3080 3077
f 3079 3080 3084
f 3077 3082 3085
f 3085 3082 3083
f 3079 476 477
f 3083 3086 3085
f 3084 469 3079
f 3087 3086 3083
f 3083 3088 3087
f 3087 3088 3089
f 468 476 3079
f 3079 469 468
f 3089 3090 3087
f 3091 3090 3089
f 3087 3090 3092
f 3092 3090 3091
f 3086 3093 3085
f 3086 3087 3094
f 3094 3087 3092
f 3085 3093 3095
f 3095 3077 3085
f 3084 3077 3095
f 463 469 3084
f 461 3084 3095
f 463 3084 461
f 3093 3096 3095
f 3095 3096 461
f 3093 3086 3097
f 3097 3086 3094
f 458 3096 3093
f 461 3096 458
f 3097 3098 3093
f 3093 3098 458
f 3094 3099 3097
f 456 3098 3097
f 458 3098 456
f 458 459 461
f 3097 964 456
f 3097 3099 965
f 965 964 3097
f 3100 3099 3094
f 965 3099 3100
f 3094 3101 3100
f 3092 3101 3094
f 3102 3101 3092
f 3100 3101 3102
f 3092 3091 3102
f 454 965 3100
f 3100 3103 454
f 3102 3103 3100
f 3104 3103 3102
f 454 3103 3104
f 3102 3091 3105
f 3091 3106 3105
f 3102 3105 3104
f 3105 3106 3107
f 3107 3108 3105
f 3104 3105 3108
f 3109 3108 3107
f 3108 3110 3104
f 3107 3111 3109
f 3109 3111 3112
f 3111 3113 3112
f 3114 3110 3108
f 3108 3109 3114
f 3114 3109 3115
f 3109 3112 3115
f 3116 3117 3118
f 3119 3120 3121
f 3122 3123 3116
f 3124 3117 3116
f 3116 3123 3124
f 3118 3117 3125
f 3125 3117 3124
f 3118 3126 3119
f 3125 3126 3118
f 3127 3123 3122
f 3124 3123 3127
f 3128 3122 3129
f 3127 3122 3128
f 3124 3130 3125
f 3131 3130 3124
f 3132 3124 3127
f 3131 3124 3132
f 3133 3127 3128
f 3132 3127 3133
f 3125 3130 3134
f 3134 3130 3131
f 3134 3135 3125
f 3125 3135 3136
f 3136 3126 3125
f 3119 3126 3136
f 3131 3137 3134
f 3138 3135 3134
f 3136 3135 3138
f 3134 3137 3139
f 3134 3139 3138
f 3136 3140 3119
f 3119 3140 3141
f 3141 3120 3119
f 3142 3140 3136
f 3141 3140 3142
f 3138 3143 3136
f 3136 3143 3142
f 3138 3139 3144
f 3145 3143 3138
f 3142 3143 3145
f 3144 3146 3138
f 3138 3146 3145
f 3147 3146 3144
f 3145 3146 3147
f 3145 3148 3142
f 3144 3149 3147
f 3150 3144 3139
f 3149 3144 3150
f 3139 3151 3150
f 3137 3151 3139
f 3152 3151 3137
f 3150 3151 3152
f 3137 3153 3152
f 3154 3153 3137
f 3137 3131 3154
f 3154 3131 3132
f 3132 3155 3154
f 3133 3155 3132
f 3156 3153 3154
f 3152 3153 3156
f 3154 3155 3157
f 3157 3155 3133
f 3154 3158 3156
f 3157 3158 3154
f 3156 3159 3152
f 3156 3158 3160
f 3160 3158 3157
f 3133 3161 3157
f 3160 3162 3156
f 3163 3159 3156
f 3156 3162 3163
f 3152 3159 3164
f 3164 3159 3163
f 3164 3165 3152
f 3152 3165 3150
f 3150 3165 3166
f 3166 3165 3164
f 3166 3167 3150
f 3150 3167 3149
f 3149 3167 3168
f 3168 3167 3166
f 3164 3169 3166
f 3168 3170 3149
f 3171 3170 3168
f 3166 3172 3168
f 3147 3149 3170
f 3173 3172 3166
f 3166 3169 3173
f 3168 3172 3174
f 3174 3172 3173
f 3170 3175 3147
f 3174 3176 3168
f 3168 3176 3171
f 2763 3175 3170
f 3170 3171 2763
f 3147 3175 3177
f 3177 3175 2763
f 3177 3178 3147
f 3147 3178 3145
f 3145 3178 3179
f 3179 3178 3177
f 3179 3148 3145
f 2763 3171 2766
f 2763 2762 3177
f 3171 2770 2766
f 3171 3176 2770
f 2770 3176 3174
f 3177 2762 2761
f 2761 3180 3177
f 3177 3180 3179
f 3179 3180 3181
f 3181 3180 2761
f 3181 3182 3179
f 3179 3182 3183
f 3183 3148 3179
f 3142 3148 3183
f 3183 3184 3142
f 3142 3184 3141
f 3183 3182 3185
f 3185 3182 3181
f 3186 3184 3183
f 3141 3184 3186
f 3185 3187 3183
f 3183 3187 3186
f 3181 3188 3185
f 3186 3189 3141
f 3141 3189 3190
f 3190 3120 3141
f 3121 3120 3190
f 3190 3191 3121
f 3192 3191 3190
f 3190 3193 3192
f 3190 3189 3194
f 3194 3193 3190
f 3194 3189 3186
f 3186 3195 3194
f 3187 3195 3186
f 3194 3196 3193
f 3194 3195 3197
f 3197 3196 3194
f 3197 3195 3187
f 3197 3198 3196
f 3187 3199 3197
f 3199 3198 3197
f 3200 3198 3199
f 3199 3201 3200
f 3185 3199 3187
f 3185 3201 3199
f 3202 3201 3185
f 3185 3203 3202
f 3204 3203 3185
f 3205 3203 3204
f 3204 3206 3205
f 3205 3206 3207
f 3185 3188 3208
f 3185 3209 3204
f 3208 3209 3185
f 3204 3209 3210
f 3210 3209 3208
f 3208 3188 3211
f 3211 3188 3181
f 3211 3210 3208
f 3181 3212 3211
f 2761 3212 3181
f 3213 3210 3211
f 3211 3212 3214
f 3214 3212 2761
f 3211 3215 3213
f 3214 3215 3211
f 2761 2760 3214
f 3213 3215 3216
f 3216 3215 3214
f 3210 3213 3217
f 3217 3213 3218
f 3216 3219 3213
f 3213 3219 3218
f 3214 3220 3216
f 2741 3219 3216
f 3218 3219 2741
f 2754 3220 3214
f 3214 2760 2754
f 3216 3220 2749
f 2749 3220 2754
f 3216 3221 2741
f 2749 3221 3216
f 2741 3222 3218
f 2741 3221 2744
f 2744 3221 2749
f 2744 2742 2741
f 3222 3223 3218
f 3218 3223 3217
f 3217 3223 3224
f 3224 3223 3222
f 3224 3225 3217
f 3217 3225 3226
f 3226 3210 3217
f 3204 3210 3226
f 3226 3227 3204
f 3226 3225 3228
f 3228 3227 3226
f 3228 3225 3224
f 3204 3227 3229
f 3229 3227 3228
f 3229 3206 3204
f 3207 3206 3229
f 3229 3230 3207
f 3207 3230 2999
f 3228 3231 3229
f 3232 3230 3229
f 2999 3230 3232
f 3229 3231 3232
f 3232 2997 2999
f 2991 2997 3232
f 3232 3233 2991
f 3232 3231 3234
f 3234 3233 3232
f 3234 3231 3228
f 2991 3233 3235
f 3235 3233 3234
f 3235 2992 2991
f 3228 3236 3234
f 3224 3236 3228
f 3234 3236 3237
f 3237 3236 3224
f 3234 3238 3235
f 3237 3238 3234
f 2990 2992 3235
f 3224 3239 3237
f 3222 3239 3224
f 3240 3238 3237
f 3235 3238 3240
f 2990 3235 2737
f 2737 3235 3240
f 2740 3239 3222
f 3237 3239 2740
f 3237 3241 3240
f 2740 3241 3237
f 3240 3241 2736
f 2736 3241 2740
f 2736 2735 3240
f 3240 2735 2737
f 2741 2740 3222
f 3242 1038 597
f 1035 1038 3242
f 1035 3243 3244
f 3244 3243 3245
f 3242 3246 1035
f 1035 3246 3243
f 3247 3246 3242
f 3243 3246 3247
f 3248 3245 3243
f 3249 3245 3248
f 3247 3250 3243
f 3243 3250 3248
f 3242 3251 3247
f 597 3251 3242
f 3247 3251 595
f 595 3251 597
f 595 592 3247
f 3247 592 3250
f 604 599 597
f 3252 3249 3248
f 3253 3249 3252
f 3253 3254 3255
f 3255 3254 3256
f 3257 3254 3253
f 3256 3254 3257
f 3248 3258 3252
f 3250 3258 3248
f 3259 3253 3252
f 3257 3253 3259
f 3257 3260 3256
f 3256 3260 1440
f 1439 3260 3257
f 1440 3260 1439
f 3259 3261 3257
f 3257 3261 1439
f 3252 3262 3259
f 3252 3258 3263
f 3263 3262 3252
f 3263 3258 3250
f 3259 3262 3264
f 3264 3262 3263
f 586 3261 3259
f 1439 3261 586
f 3264 3265 3259
f 3259 3265 586
f 3250 3266 3263
f 592 3266 3250
f 3263 3266 587
f 587 3266 592
f 587 3264 3263
f 586 3265 3264
f 586 3264 587
f 3267 1552 1647
f 1491 1552 3267
f 1647 1649 3268
f 3268 1649 1648
f 1647 3269 3267
f 3268 3269 1647
f 1489 1491 3270
f 3270 1491 3267
f 3270 3058 1489
f 3267 3269 3271
f 3271 3269 3268
f 3267 3272 3270
f 3271 3272 3267
f 3055 3058 3270
f 3270 3273 3055
f 3270 3272 3274
f 3274 3273 3270
f 3274 3272 3271
f 3055 3273 3275
f 3275 3273 3274
f 3275 3276 3055
f 3055 3276 3049
f 3049 3276 3277
f 3277 3276 3275
f 3277 3051 3049
f 2450 3051 3277
f 3271 3278 3274
f 3277 3279 2450
f 3275 3280 3277
f 2450 3279 3000
f 3000 2451 2450
f 3281 3279 3277
f 3000 3279 3281
f 3277 3280 3281
f 3281 3282 3000
f 3000 3282 2999
f 3281 3280 3283
f 3283 3280 3275
f 3207 3282 3281
f 2999 3282 3207
f 3283 3284 3281
f 3281 3284 3207
f 3275 3285 3283
f 3274 3285 3275
f 3286 3285 3274
f 3283 3285 3286
f 3274 3278 3286
f 3205 3284 3283
f 3207 3284 3205
f 3286 3287 3283
f 3283 3287 3205
f 3286 3278 3196
f 3196 3278 3271
f 3202 3287 3286
f 3205 3287 3202
f 3196 3200 3286
f 3286 3200 3202
f 3271 3288 3196
f 3268 3288 3271
f 3196 3288 3289
f 3289 3288 3268
f 3202 3203 3205
f 3268 1648 3289
f 3289 1648 3290
f 3200 3201 3202
f 3290 3193 3289
f 3289 3193 3196
f 1648 3291 3290
f 1642 3291 1648
f 3196 3198 3200
f 1642 1643 3291
f 3192 3290 3291
f 3193 3290 3192
f 3291 1643 3192
f 3292 1643 1640
f 3192 1643 3293
f 1643 3292 3293
f 1640 3294 3292
f 1638 3294 1640
f 3293 3292 3295
f 3292 3294 3296
f 3296 3294 1638
f 3292 3297 3295
f 3296 3297 3292
f 3293 3191 3192
f 1638 3298 3296
f 3295 3299 3293
f 3300 3298 1638
f 1638 1635 3300
f 3300 1635 1630
f 3121 3191 3293
f 3293 3299 3121
f 1630 1634 3300
f 3301 3298 3300
f 3296 3298 3301
f 3300 1634 3129
f 3300 3302 3301
f 3129 3302 3300
f 3301 3303 3296
f 3301 3302 3122
f 3122 3302 3129
f 3296 3303 3304
f 3304 3297 3296
f 3295 3297 3304
f 3304 3303 3305
f 3305 3303 3301
f 3304 3306 3295
f 3305 3306 3304
f 3295 3306 3307
f 3307 3306 3305
f 3307 3299 3295
f 3301 3308 3305
f 3122 3308 3301
f 3305 3308 3116
f 3116 3308 3122
f 3305 3309 3307
f 3116 3309 3305
f 3121 3299 3307
f 3307 3309 3118
f 3118 3309 3116
f 3121 3307 3119
f 3119 3307 3118
f 3310 3311 3312
f 3312 3311 3313
f 3310 3314 3315
f 3315 3314 3316
f 3317 3311 3310
f 3313 3311 3317
f 3315 3318 3310
f 3310 3318 3317
f 3316 3319 3315
f 3320 3318 3315
f 3317 3318 3320
f 3317 3321 3313
f 3313 3321 3322
f 3322 3323 3313
f 3324 3321 3317
f 3322 3321 3324
f 3325 3323 3322
f 3317 3326 3324
f 3320 3326 3317
f 3322 3327 3325
f 3325 3327 3328
f 3329 3327 3322
f 3328 3327 3329
f 3328 3330 3331
f 3331 3330 3332
f 3322 3333 3329
f 3324 3333 3322
f 3329 3333 3334
f 3334 3333 3324
f 3329 3335 3328
f 3334 3335 3329
f 3324 3336 3334
f 3337 3338 3332
f 3339 3332 3330
f 3337 3332 3339
f 3340 3338 3337
f 3337 3341 3340
f 3339 3342 3337
f 3340 3341 3343
f 3343 3344 3340
f 3337 3342 3341
f 3339 3345 3342
f 3330 3345 3339
f 3346 3344 3343
f 3347 3346 3343
f 3348 3346 3347
f 3348 3349 3346
f 3350 3349 3348
f 3348 3351 3350
f 3347 3352 3348
f 3343 3352 3347
f 3353 3350 3354
f 3350 3351 3354
f 948 962 1754
f 1754 940 948
f 960 3355 963
f 961 3355 960
f 1760 962 963
f 963 3355 3356
f 3356 3355 961
f 963 3357 1760
f 3356 3357 963
f 1760 1757 962
f 961 3358 3356
f 958 3358 961
f 958 959 3358
f 3359 3357 3356
f 1760 3357 3359
f 3358 3360 3356
f 3356 3360 3359
f 959 3361 3358
f 3358 3361 3360
f 3359 1761 1760
f 3362 3361 959
f 3360 3361 3362
f 1707 959 955
f 3362 959 1707
f 955 957 1707
f 3362 1714 3360
f 1765 1761 3359
f 3360 1714 3359
f 1715 3362 1707
f 1714 3362 1715
f 954 3363 957
f 915 3363 954
f 957 3363 1708
f 1708 3363 915
f 3364 3365 3366
f 3367 3368 3369
f 3370 3371 3364
f 3372 3368 3367
f 3367 3373 3372
f 3372 3373 3374
f 3375 3365 3364
f 3364 3371 3375
f 3374 3376 3372
f 2793 3376 3374
f 3377 3376 2793
f 3372 3376 3377
f 2793 2794 3377
f 3378 3368 3372
f 3369 3368 3378
f 3377 3379 3372
f 3372 3379 3378
f 3377 2794 2792
f 2792 3380 3377
f 3381 3379 3377
f 3377 3380 3381
f 3378 3379 3381
f 3378 3382 3369
f 3383 3380 2792
f 3381 3380 3383
f 3381 3384 3378
f 2792 2777 3383
f 3383 2777 2778
f 3383 3385 3381
f 2778 3386 3383
f 2768 3387 2778
f 3383 3386 3388
f 3388 3385 3383
f 3389 3386 2778
f 2778 3387 3389
f 3388 3386 3389
f 2770 3387 2768
f 3389 3387 2770
f 2770 3390 3389
f 3174 3390 2770
f 3389 3390 3391
f 3391 3390 3174
f 3389 3392 3388
f 3391 3392 3389
f 3388 3392 3393
f 3393 3392 3391
f 3174 3394 3391
f 3173 3394 3174
f 3391 3394 3395
f 3395 3394 3173
f 3395 3396 3391
f 3391 3396 3393
f 3173 3397 3395
f 3398 3396 3395
f 3393 3396 3398
f 3399 3397 3173
f 3173 3169 3399
f 3399 3169 3164
f 3395 3397 3400
f 3400 3397 3399
f 3164 3401 3399
f 3400 3402 3395
f 3395 3402 3398
f 3163 3401 3164
f 3399 3401 3403
f 3403 3401 3163
f 3399 3404 3400
f 3403 3404 3399
f 3405 3402 3400
f 3398 3402 3405
f 3400 3404 3406
f 3406 3404 3403
f 3400 3407 3405
f 3406 3407 3400
f 3405 3408 3398
f 3163 3409 3403
f 3405 3407 3410
f 3410 3407 3406
f 3403 3411 3406
f 3412 3409 3163
f 3163 3162 3412
f 3403 3409 3413
f 3413 3411 3403
f 3413 3409 3412
f 3406 3411 3414
f 3414 3411 3413
f 3406 3415 3410
f 3414 3415 3406
f 3412 3162 3160
f 3412 3416 3413
f 3160 3417 3412
f 3418 3416 3412
f 3412 3417 3418
f 3419 3417 3160
f 3418 3417 3419
f 3160 3420 3419
f 3157 3420 3160
f 3421 3420 3157
f 3419 3420 3421
f 3157 3161 3421
f 3413 3416 3422
f 3422 3416 3418
f 3419 3423 3418
f 3422 3424 3413
f 3413 3424 3414
f 3418 3425 3422
f 3418 3423 3426
f 3426 3425 3418
f 3427 3423 3419
f 3426 3423 3427
f 3419 3428 3427
f 3421 3428 3419
f 3422 3425 3429
f 3429 3425 3426
f 3430 3428 3421
f 3427 3428 3430
f 3427 3431 3426
f 3421 3432 3430
f 3433 3432 3421
f 3421 3161 3433
f 3433 3161 3133
f 3133 3434 3433
f 3128 3434 3133
f 3435 3434 3128
f 3433 3434 3435
f 3128 3129 3435
f 3435 3129 1634
f 1634 1636 3435
f 3435 1636 1637
f 3435 3436 3433
f 1637 3436 3435
f 3433 3436 3437
f 3437 3436 1637
f 3437 3432 3433
f 3430 3432 3437
f 1637 3438 3437
f 1627 3438 1637
f 3437 3439 3430
f 3437 3438 3440
f 3440 3438 1627
f 3440 3439 3437
f 1627 3441 3440
f 1626 3441 1627
f 3442 3439 3440
f 3430 3439 3442
f 3440 3441 3443
f 3443 3441 1626
f 3440 3444 3442
f 3443 3444 3440
f 3442 3445 3430
f 3430 3445 3427
f 3427 3445 3446
f 3446 3445 3442
f 3446 3431 3427
f 3442 3444 3447
f 3447 3444 3443
f 3442 3448 3446
f 3447 3448 3442
f 3449 2197 2201
f 3450 3451 3452
f 3453 3454 3449
f 3455 3451 3450
f 3450 3456 3455
f 3452 3451 3457
f 3457 3451 3455
f 3449 3454 2193
f 2193 2197 3449
f 2195 3454 3453
f 2193 3454 2195
f 3453 3458 3459
f 3459 3458 3452
f 3453 3460 2195
f 3459 3460 3453
f 3452 3461 3459
f 3457 3461 3452
f 3462 3460 3459
f 2195 3460 3462
f 3459 3461 3463
f 3463 3461 3457
f 3459 3464 3462
f 3463 3464 3459
f 3462 3464 3465
f 3465 3464 3463
f 3462 2200 2195
f 3465 3466 3462
f 2208 2200 3462
f 3462 3466 2208
f 3463 3467 3465
f 2213 3466 3465
f 2208 3466 2213
f 3465 3467 3468
f 3468 3469 3465
f 3465 3469 2213
f 3470 3467 3463
f 3468 3467 3470
f 3463 3471 3470
f 3457 3471 3463
f 3470 3471 3472
f 3472 3471 3457
f 3470 3473 3468
f 2217 3469 3468
f 2213 3469 2217
f 3468 3473 2236
f 2236 2235 3468
f 3468 2235 2217
f 2308 3473 3470
f 2236 3473 2308
f 3472 3474 3470
f 3470 3474 2308
f 2312 3474 3472
f 2308 3474 2312
f 3457 3475 3472
f 2308 2242 2236
f 3476 3475 3457
f 3457 3477 3476
f 3455 3477 3457
f 3472 3475 3478
f 3478 3475 3476
f 3478 3479 3472
f 3472 3479 2312
f 3480 3477 3455
f 3476 3477 3480
f 3455 3481 3480
f 3482 3481 3455
f 3455 3456 3482
f 3483 3481 3482
f 3480 3481 3483
f 3482 3484 3483
f 3485 3484 3482
f 3480 3486 3476
f 3487 3484 3485
f 3483 3484 3487
f 3483 3488 3480
f 3485 3489 3487
f 3490 3489 3485
f 981 3486 3480
f 3480 3488 981
f 3491 3489 3490
f 3487 3489 3491
f 3490 3492 3491
f 3493 3492 3490
f 3494 3492 3493
f 3491 3492 3494
f 3493 3495 3494
f 3494 3495 3496
f 3496 3497 3494
f 2207 3497 3496
f 3494 3498 3491
f 3494 3497 3499
f 3499 3498 3494
f 3499 3497 2207
f 3491 3498 3500
f 3500 3498 3499
f 3491 3501 3487
f 3500 3501 3491
f 3487 3501 3502
f 3502 3501 3500
f 2207 986 3499
f 3502 3503 3487
f 3487 3503 3483
f 3483 3503 3504
f 3504 3503 3502
f 3504 3488 3483
f 3499 3505 3500
f 3500 976 3502
f 986 3505 3499
f 3500 3505 983
f 983 976 3500
f 983 3505 986
f 3502 978 3504
f 976 978 3502
f 981 3488 3504
f 3504 3506 981
f 978 3506 3504
f 981 3506 979
f 979 3506 978
f 3507 3508 3509
f 3509 3508 3510
f 3509 3511 3512
f 3513 3511 3509
f 3514 3509 3510
f 3515 3509 3514
f 3509 3515 3516
f 3517 3515 3514
f 3516 3515 3518
f 3516 3519 3509
f 3509 3519 3520
f 3518 3519 3516
f 3520 3519 3518
f 3515 3521 3518
f 3522 3521 3515
f 3522 3515 3517
f 3518 3521 3523
f 3523 3521 3522
f 3517 3524 3522
f 3525 3524 3517
f 3526 3524 3525
f 3522 3524 3526
f 3525 3527 3526
f 3526 3527 3528
f 3526 3529 3522
f 3522 3529 3523
f 3528 3529 3526
f 3523 3529 3528
f 3528 3530 3531
f 3531 3530 3532
f 3533 3528 3531
f 3523 3528 3533
f 3533 3534 3523
f 3523 3534 3518
f 3534 3535 3518
f 3534 3533 3536
f 3536 3535 3534
f 3536 3533 3531
f 3520 3518 3537
f 3537 3518 3535
f 3536 3538 3535
f 3537 3539 3520
f 3520 3539 3509
f 3509 3539 3540
f 3540 3539 3537
f 3531 3538 3536
f 3540 3541 3509
f 3509 3541 3542
f 3537 3541 3540
f 3542 3541 3537
f 3543 3509 3542
f 3543 3542 3544
f 3544 3542 3545
f 3537 3546 3542
f 3542 3546 3545
f 3547 3546 3537
f 3545 3546 3547
f 3545 3548 3544
f 3537 3549 3547
f 3537 3535 3549
f 3549 3535 3538
f 3547 3549 3550
f 3538 3551 3549
f 3549 3551 3550
f 3552 3551 3538
f 3550 3551 3552
f 3531 3552 3538
f 3550 3553 3547
f 3554 3552 3531
f 3552 3553 3550
f 3547 3553 3555
f 3555 3553 3552
f 3545 3547 3556
f 3556 3547 3555
f 3556 3548 3545
f 3552 3554 3557
f 3552 3558 3555
f 3557 3559 3552
f 3560 3558 3552
f 3552 3559 3560
f 3561 3559 3557
f 3560 3559 3561
f 3557 3554 3562
f 3557 3562 3561
f 3555 3558 3563
f 3563 3558 3560
f 3563 3564 3555
f 3555 3564 3556
f 3556 3564 3565
f 3565 3564 3563
f 3560 3566 3563
f 3567 3566 3560
f 3560 3568 3567
f 3561 3568 3560
f 2115 3566 3567
f 3563 3566 2115
f 3569 3568 3561
f 2115 3570 3563
f 3563 3570 3565
f 2106 3570 2115
f 3565 3570 2106
f 3561 3571 3569
f 3569 3571 3572
f 3573 3571 3561
f 3572 3571 3573
f 3561 3562 3573
f 3573 3574 3572
f 3562 3575 3573
f 3573 3575 3574
f 3574 3576 3577
f 3577 3576 3578
f 3575 3579 3574
f 3574 3579 3576
f 3562 3580 3575
f 3554 3580 3562
f 3576 3581 3578
f 3578 3581 3582
f 3583 3581 3576
f 3582 3581 3583
f 3575 3580 3584
f 3584 3580 3554
f 3531 3585 3554
f 3532 3585 3531
f 3586 3584 3554
f 3554 3585 3586
f 3586 3585 3532
f 3575 3584 3586
f 3586 3587 3575
f 3575 3587 3579
f 3583 3588 3582
f 3582 3588 3589
f 3589 3590 3582
f 3591 3590 3589
f 3582 3590 3592
f 3592 3590 3591
f 3592 3593 3582
f 3591 3593 3592
f 3594 3595 3596
f 3597 3595 3594
f 3596 3598 3594
f 3599 3598 3596
f 3600 3601 3602
f 3602 3601 3603
f 3602 3603 3604
f 3604 3605 3602
f 3604 3603 3606
f 3607 3605 3604
f 3604 3606 3608
f 3604 3609 3607
f 3607 3609 3610
f 3610 3609 3611
f 3611 3609 3604
f 3611 3612 3610
f 3613 3612 3611
f 3604 3614 3611
f 3615 3614 3604
f 3604 3616 3615
f 3608 3616 3604
f 3613 3611 3617
f 3617 3611 3614
f 3617 3618 3613
f 3613 3618 3619
f 3620 3616 3608
f 3615 3616 3620
f 3619 3618 3621
f 3621 3618 3617
f 3614 3622 3617
f 3614 3615 1073
f 1073 3622 3614
f 1073 3615 3623
f 3615 3624 3623
f 3620 3624 3615
f 3617 3622 3625
f 3625 3622 1073
f 3625 3626 3617
f 3617 3626 3621
f 1073 1069 3625
f 3627 3626 3625
f 3621 3626 3627
f 3625 1069 1065
f 3625 1065 3627
f 3627 3628 3621
f 3627 1065 1058
f 1053 3628 3627
f 1058 1055 3627
f 3627 1055 1053
f 3621 3628 3629
f 3629 3628 1053
f 3629 3630 3621
f 3621 3630 3619
f 3619 3630 3631
f 3631 3630 3629
f 3631 3632 3619
f 3631 3633 3632
f 3632 3633 3634
f 3629 3635 3631
f 3636 3633 3631
f 3631 3635 3636
f 3634 3633 3636
f 3637 3635 3629
f 3636 3635 3637
f 3636 3638 3634
f 3629 3639 3637
f 1053 3639 3629
f 3637 3640 3636
f 1049 3639 1053
f 3637 3639 1049
f 3634 3638 3641
f 3641 3642 3634
f 3643 3638 3636
f 3636 3640 3643
f 3641 3638 3643
f 3644 3642 3641
f 3641 3645 3644
f 3644 3645 3646
f 3647 3645 3641
f 3646 3645 3647
f 3641 3643 3647
f 3647 3643 3648
f 3643 3640 3649
f 3649 3640 3637
f 3643 3650 3648
f 3649 3650 3643
f 3647 3651 3646
f 1049 3649 3637
f 3652 3650 3649
f 3648 3650 3652
f 1047 3649 1049
f 3648 3653 3647
f 3649 1047 3652
f 3647 3653 3654
f 3654 3651 3647
f 3655 3653 3648
f 3654 3653 3655
f 3652 3656 3648
f 3648 3656 3655
f 3652 1047 3657
f 3658 3656 3652
f 3655 3656 3658
f 3657 3659 3652
f 3652 3659 3658
f 1047 1045 3657
f 3660 3659 3657
f 3658 3659 3660
f 3657 3661 3660
f 3658 3662 3655
f 3657 1045 1042
f 1042 3661 3657
f 3660 3661 3663
f 3663 3661 1042
f 1042 1044 3663
f 3658 3660 1041
f 1041 3660 1039
f 1041 3662 3658
f 3664 3665 3666
f 3667 3665 3664
f 3667 3668 3669
f 3670 3665 3667
f 3666 3665 3670
f 3669 3671 3667
f 3667 3671 3670
f 3670 3672 3666
f 3670 3671 3673
f 3673 3672 3670
f 3673 3671 3669
f 3666 3672 3674
f 3674 3672 3673
f 3666 3675 3676
f 3674 3675 3666
f 3669 3677 3673
f 3678 3677 3669
f 3679 3677 3678
f 3673 3677 3679
f 3678 3680 3679
f 3673 3681 3674
f 3679 3681 3673
f 3679 3680 3682
f 3674 3681 3683
f 3683 3681 3679
f 3682 3684 3679
f 3679 3684 3683
f 3685 3684 3682
f 3683 3684 3685
f 3682 3686 3685
f 3683 3687 3674
f 3688 3686 3682
f 3674 3687 3689
f 3689 3675 3674
f 3676 3675 3689
f 3689 3690 3676
f 3676 3690 3691
f 3692 3690 3689
f 3691 3690 3692
f 3687 3693 3689
f 3689 3693 3692
f 3683 3694 3687
f 3685 3694 3683
f 3695 3696 3697
f 3697 3696 3698
f 3695 3699 3700
f 3700 3699 3701
f 3700 3702 3695
f 3695 3702 3696
f 3701 3703 3700
f 3704 3703 3701
f 3705 3703 3704
f 3700 3703 3705
f 3705 3706 3700
f 3700 3706 3702
f 3705 3704 3707
f 3707 3704 3708
f 3709 3698 3710
f 3710 3698 3696
f 3710 3711 3709
f 3708 3712 3707
f 3713 3712 3708
f 3696 3714 3710
f 3702 3714 3696
f 3715 3711 3710
f 3710 3714 3716
f 3716 3714 3702
f 3710 3717 3715
f 3715 3717 3718
f 3718 3717 3719
f 3719 3717 3710
f 3719 3720 3718
f 3702 3721 3716
f 3716 3722 3710
f 3723 3721 3702
f 3702 3706 3723
f 3716 3721 3724
f 3724 3722 3716
f 3724 3721 3723
f 3723 3706 3705
f 3705 3725 3723
f 3707 3725 3705
f 3723 3725 3726
f 3726 3725 3707
f 3723 3727 3724
f 3726 3727 3723
f 3724 3727 3728
f 3728 3727 3726
f 3724 3729 3722
f 3728 3729 3724
f 3722 3730 3710
f 3710 3730 3719
f 3731 3730 3722
f 3719 3730 3731
f 3729 3732 3722
f 3722 3732 3731
f 3733 3732 3729
f 3731 3732 3733
f 3731 3734 3719
f 3719 3734 3735
f 3735 3720 3719
f 3736 3734 3731
f 3735 3734 3736
f 3737 3720 3735
f 3735 3738 3737
f 3737 3738 3739
f 3740 3738 3735
f 3739 3738 3740
f 3736 3741 3735
f 3735 3741 3740
f 3740 3742 3739
f 3739 3742 3743
f 3740 3741 3744
f 3744 3741 3736
f 3745 3742 3740
f 3743 3742 3745
f 3744 3746 3740
f 3740 3746 3745
f 3747 3746 3744
f 3745 3746 3747
f 3736 3748 3744
f 3745 3749 3743
f 3744 3748 3750
f 3750 3751 3744
f 3744 3751 3747
f 3750 3748 3752
f 3752 3748 3736
f 3753 3749 3745
f 3745 3754 3753
f 3747 3754 3745
f 3747 3751 3755
f 3755 3751 3750
f 3756 3754 3747
f 3753 3754 3756
f 3755 3757 3747
f 3747 3757 3756
f 3750 3758 3755
f 3759 3757 3755
f 3756 3757 3759
f 3758 3760 3755
f 3755 3760 3759
f 3761 3758 3750
f 3750 3762 3761
f 3752 3762 3750
f 3759 3760 3763
f 3763 3760 3758
f 3764 3756 3759
f 3765 3756 3764
f 3765 3766 3756
f 3756 3766 3753
f 3753 3766 3767
f 3767 3766 3765
f 3767 3768 3753
f 3753 3768 3769
f 3769 3749 3753
f 3770 3768 3767
f 3769 3768 3770
f 3765 3771 3767
f 3743 3749 3769
f 3765 3772 3771
f 3764 3772 3765
f 3767 3771 3773
f 3773 3774 3767
f 3767 3774 3770
f 3764 3759 3775
f 3775 3759 3763
f 3776 3764 3775
f 3772 3764 3776
f 3772 3777 3771
f 3763 3758 3778
f 3775 3763 3779
f 3779 3763 3778
f 3778 3758 3780
f 3758 3781 3780
f 3761 3781 3758
f 3780 3782 3778
f 3783 3781 3761
f 3780 3781 3783
f 3761 3784 3783
f 3761 3762 3784
f 3784 3762 3752
f 3782 3785 3778
f 3778 3785 3779
f 3779 3785 3786
f 3786 3785 3782
f 3786 3787 3779
f 3779 3787 3788
f 3788 3775 3779
f 3789 3787 3786
f 3788 3787 3789
f 3776 3775 3788
f 3782 3790 3786
f 3791 3776 3788
f 3788 3792 3791
f 3789 3792 3788
f 3793 3776 3791
f 3793 3794 3776
f 3776 3794 3772
f 3772 3794 3795
f 3795 3794 3793
f 3795 3777 3772
f 3791 3796 3793
f 3791 3792 3797
f 3797 3792 3789
f 3797 3798 3791
f 3791 3798 3796
f 3793 3796 3799
f 3793 3800 3795
f 3799 3800 3793
f 3795 3800 3801
f 3801 3800 3799
f 3802 3777 3795
f 3771 3777 3802
f 3801 3803 3795
f 3795 3803 3802
f 3802 3804 3771
f 3771 3804 3773
f 3802 3803 3805
f 3805 3803 3801
f 3806 3804 3802
f 3773 3804 3806
f 3805 3807 3802
f 3802 3807 3806
f 3801 3808 3805
f 3809 3807 3805
f 3806 3807 3809
f 3773 3806 3810
f 3810 3774 3773
f 3810 3806 3811
f 3809 3812 3806
f 3806 3812 3811
f 3770 3774 3810
f 3810 3813 3770
f 3811 3814 3810
f 3815 3813 3810
f 3810 3814 3815
f 3816 3814 3811
f 3815 3814 3816
f 3811 3812 3817
f 3817 3812 3809
f 3818 3819 3820
f 3820 3821 3822
f 3822 3823 3820
f 3824 3823 3822
f 3820 3825 3818
f 3820 3823 3826
f 3826 3825 3820
f 3826 3823 3824
f 3818 3825 3827
f 3827 3825 3826
f 3818 3828 3829
f 3827 3828 3818
f 3829 3828 3830
f 3830 3828 3827
f 3824 3831 3826
f 3830 3832 3829
f 3829 3832 3833
f 3826 3834 3827
f 3827 3835 3830
f 3836 3834 3826
f 3826 3831 3836
f 3827 3834 3837
f 3837 3835 3827
f 3837 3834 3836
f 3830 3835 3838
f 3838 3835 3837
f 3830 3839 3832
f 3838 3839 3830
f 3832 3839 3840
f 3840 3839 3838
f 3837 3841 3838
f 3842 3833 3832
f 3843 3833 3842
f 3842 3844 3843
f 3842 3832 3845
f 3845 3832 3840
f 3846 3844 3842
f 3847 3844 3846
f 3842 3848 3846
f 3845 3848 3842
f 3849 3846 3850
f 3846 3848 3851
f 3851 3848 3845
f 3846 3852 3850
f 3851 3852 3846
f 3850 3853 3849
f 3849 3853 3854
f 3850 3852 3855
f 3855 3852 3851
f 3856 3853 3850
f 3854 3853 3856
f 3855 3857 3850
f 3850 3857 3856
f 3851 3858 3855
f 3859 3857 3855
f 3856 3857 3859
f 3856 3860 3854
f 3855 3861 3859
f 3855 3858 3862
f 3862 3861 3855
f 3863 3858 3851
f 3862 3858 3863
f 3851 3864 3863
f 3845 3864 3851
f 3865 3864 3845
f 3863 3864 3865
f 3845 3866 3865
f 3840 3866 3845
f 3865 3867 3863
f 3865 3866 3868
f 3868 3866 3840
f 3868 3867 3865
f 3840 3869 3868
f 3838 3869 3840
f 3870 3867 3868
f 3863 3867 3870
f 3871 3869 3838
f 3868 3869 3871
f 3872 3873 3874
f 3874 3873 3875
f 3876 3872 3877
f 3875 3878 3874
f 3874 3878 3879
f 3879 3878 3880
f 3880 3878 3875
f 3881 3872 3876
f 3872 3882 3873
f 3881 3882 3872
f 3873 3883 3875
f 3875 3883 3884
f 3884 3883 3885
f 3885 3883 3873
f 3873 3886 3885
f 3873 3882 3887
f 3887 3886 3873
f 3887 3882 3881
f 3885 3886 3888
f 3888 3886 3887
f 3888 3889 3885
f 3881 3890 3887
f 3891 3889 3888
f 3887 3892 3888
f 3888 3893 3891
f 3887 3890 3892
f 3888 3892 3894
f 3894 3893 3888
f 3891 3893 3895
f 3895 3893 3894
f 3896 3897 3898
f 3898 3899 3896
f 3896 3899 3900
f 3901 3896 3900
f 3902 3897 3896
f 3903 3897 3902
f 3902 3904 3903
f 3905 3904 3902
f 3896 3901 3902
f 3902 3906 3905
f 3905 3906 3907
f 3902 3901 3908
f 3908 3906 3902
f 3907 3906 3908
f 3901 3900 3909
f 3909 3910 3901
f 3901 3910 3908
f 3908 3911 3907
f 3907 3911 3912
f 3912 3911 3913
f 3913 3911 3908
f 3913 3914 3912
f 3915 3914 3913
f 3908 3916 3913
f 3910 3916 3908
f 3913 3917 3915
f 3915 3917 3918
f 3913 3916 3919
f 3919 3917 3913
f 3918 3917 3919
f 3919 3916 3910
f 3919 3920 3918
f 3918 3920 3921
f 3910 3922 3919
f 3923 3920 3919
f 3919 3922 3923
f 3921 3920 3923
f 3924 3922 3910
f 3923 3922 3924
f 3923 3925 3921
f 3910 3909 3924
f 3924 3909 3926
f 3926 3927 3924
f 3924 3928 3923
f 3927 3928 3924
f 3923 3928 3929
f 3929 3928 3927
f 3929 3925 3923
f 3927 3930 3929
f 3930 3931 3929
f 3932 3925 3929
f 3929 3931 3932
f 3921 3925 3932
f 3931 3933 3932
f 3932 3934 3921
f 3932 3933 3935
f 3935 3934 3932
f 3936 3937 3938
f 3937 3936 3939
f 3939 3940 3937
f 3940 3939 3941
f 3942 3943 3944
f 3941 3945 3940
f 3945 3941 3946
f 3943 3942 3947
f 3947 3948 3943
f 3949 3946 3948
f 3948 3947 3949
f 3946 3949 3945
f 3950 3947 3942
f 3951 3949 3947
f 3947 3950 3951
f 3952 3945 3949
f 3949 3951 3952
f 3945 3952 3953
f 3953 3940 3945
f 3942 3954 3950
f 3954 3942 3944
f 3940 3953 3937
f 3944 3955 3954
f 3955 3944 3956
f 3956 3957 3955
f 3957 3956 3958
f 3959 3960 3938
f 3958 3961 3957
f 3961 3958 3962
f 3963 3962 3960
f 3962 3963 3961
f 3960 3959 3963
f 3964 3957 3961
f 3965 3961 3963
f 3961 3965 3964
f 3966 3963 3959
f 3963 3966 3965
f 3959 3967 3966
f 3967 3959 3938
f 3957 3964 3955
f 3938 3968 3967
f 3968 3938 3937
f 3937 3969 3968
f 3969 3937 3953
f 3970 3950 3954
f 3950 3970 3971
f 3971 3951 3950
f 3972 3952 3951
f 3951 3971 3972
f 3952 3972 3953
f 3973 3971 3970
f 3974 3972 3971
f 3971 3973 3974
f 3975 3953 3972
f 3972 3974 3975
f 3953 3975 3969
f 3970 3976 3973
f 3976 3970 3954
f 3954 3977 3976
f 3977 3954 3955
f 3978 3967 3968
f 3955 3979 3977
f 3979 3955 3964
f 3967 3978 3980
f 3980 3966 3967
f 3981 3965 3966
f 3965 3981 3964
f 3966 3980 3981
f 3982 3964 3981
f 3964 3982 3979
f 3983 3981 3980
f 3981 3983 3982
f 3980 3984 3983
f 3984 3980 3978
f 3978 3985 3984
f 3985 3978 3968
f 3986 3976 3977
f 3968 3987 3985
f 3987 3968 3969
f 3976 3986 3988
f 3988 3973 3976
f 3973 3988 3989
f 3989 3974 3973
f 3990 3975 3974
f 3974 3989 3990
f 3975 3990 3969
f 3991 3989 3988
f 3989 3991 3990
f 3988 3992 3991
f 3992 3988 3986
f 3993 3985 3987
f 3986 3994 3992
f 3994 3986 3977
f 3985 3993 3984
f 3977 3995 3994
f 3995 3977 3979
f 3996 3983 3984
f 3979 3997 3995
f 3997 3979 3982
f 3998 3982 3983
f 3982 3998 3997
f 3983 3996 3998
f 3999 3997 3998
f 3997 3999 3995
f 3996 4000 3998
f 4000 3996 3984
f 4001 3999 3998
f 3999 4001 4002
f 4002 3995 3999
f 3998 4003 4001
f 4003 3998 4000
f 3995 4002 4004
f 4000 4005 4003
f 4004 4006 3995
f 4006 4004 4007
f 4006 3994 3995
f 4005 4000 4008
f 3984 4008 4000
f 4008 4009 4005
f 4008 3984 3993
f 4009 4008 3993
f 3993 4010 4009
f 4010 3993 4011
f 3987 4011 3993
f 4011 4012 4010
f 4011 3987 3969
f 4012 4011 4013
f 3969 4013 4011
f 4013 4014 4012
f 4013 3969 3990
f 4014 4013 4015
f 3990 4015 4013
f 4015 4016 4014
f 4015 3990 3991
f 4016 4015 4017
f 3991 4017 4015
f 4017 4018 4016
f 4017 3991 3992
f 4018 4017 3992
f 3992 4007 4018
f 4007 3992 4006
f 3994 4006 3992
f 3838 3841 3871
f 3868 4019 3870
f 3871 4019 3868
f 3870 4020 3863
f 3863 4020 3862
f 3870 4019 4021
f 4021 4019 3871
f 4022 4020 3870
f 3862 4020 4022
f 4021 4023 3870
f 3870 4023 4022
f 3871 4024 4021
f 3871 3841 4025
f 4025 4024 3871
f 4025 3841 3837
f 4021 4024 4026
f 4026 4024 4025
f 3837 4027 4025
f 3836 4027 3837
f 4025 4027 4028
f 4028 4027 3836
f 3836 4029 4028
f 4030 4025 4028
f 4026 4025 4030
f 4031 4029 3836
f 3836 3831 4031
f 4031 3831 3824
f 3824 4032 4031
f 4032 4033 4031
f 4034 4029 4031
f 4031 4033 4034
f 4028 4029 4034
f 4034 4035 4028
f 4028 4035 4030
f 4035 4034 4036
f 4037 4035 4036
f 4038 4035 4037
f 4038 4030 4035
f 4037 4039 4038
f 4040 4030 4038
f 4040 4026 4030
f 4038 4039 4041
f 4041 4039 4042
f 4038 4043 4040
f 4041 4043 4038
f 4044 4026 4040
f 4040 4043 4045
f 4045 4043 4041
f 4042 4046 4041
f 4045 4044 4040
f 3915 4046 4042
f 4041 4046 3918
f 3918 4046 3915
f 4041 4047 4045
f 3918 4047 4041
f 3935 4044 4045
f 4045 4047 3921
f 3921 4047 3918
f 4045 3934 3935
f 3921 3934 4045
f 4044 4021 4026
f 4023 4021 4044
f 3935 4048 4044
f 4044 4048 4023
f 4022 4048 3935
f 4023 4048 4022
f 3935 3933 4022
f 3931 4049 4022
f 4022 4049 3862
f 3862 4049 4050
f 4050 4049 3931
f 4050 3861 3862
f 3859 3861 4050
f 4022 3933 3931
f 3931 4051 4050
f 4052 4051 3931
f 4050 4053 3859
f 4050 4051 4053
f 4053 4051 4052
f 3859 4053 4054
f 4054 4055 3859
f 3859 4055 3856
f 3856 4055 4056
f 4056 4055 4054
f 4056 3860 3856
f 4052 4057 4053
f 4053 4058 4054
f 4053 4057 4059
f 4059 4058 4053
f 4054 4058 4060
f 4060 4058 4059
f 4060 4061 4054
f 4054 4061 4056
f 3930 4052 3931
f 4057 4052 3930
f 4062 4059 4057
f 4057 4063 4062
f 3930 4063 4057
f 4064 4059 4062
f 4065 4063 3930
f 4059 4064 4060
f 4060 4064 4066
f 4064 4067 4066
f 4066 4067 4068
f 4065 3930 3927
f 4066 4069 4060
f 4066 4068 4070
f 4070 4069 4066
f 4070 4068 4071
f 4069 4061 4060
f 4071 4072 4070
f 4056 4061 4069
f 4069 4073 4056
f 4072 4074 4075
f 4075 4076 4072
f 4069 4070 4077
f 4077 4070 4072
f 4072 4076 4077
f 4077 4073 4069
f 4078 4076 4075
f 4077 4076 4078
f 4056 4073 4079
f 4079 4073 4077
f 4079 3860 4056
f 4078 4080 4077
f 4077 4080 4079
f 3854 3860 4079
f 4081 4080 4078
f 4079 4080 4081
f 4078 4082 4081
f 4079 4083 3854
f 4081 4083 4079
f 3854 4083 4084
f 4081 4082 4084
f 4084 4083 4081
f 4085 4086 4087
f 4087 4086 4088
f 4088 4089 4087
f 4090 4089 4088
f 4088 4091 4090
f 4085 4092 4093
f 4093 4092 4094
f 4095 4086 4085
f 4088 4086 4095
f 4093 4096 4085
f 4085 4096 4095
f 4097 4091 4088
f 4098 4091 4097
f 4095 4099 4088
f 4088 4099 4097
f 4095 4096 4100
f 4100 4096 4093
f 4101 4099 4095
f 4097 4099 4101
f 4097 4102 4098
f 4098 4102 4103
f 4104 4102 4097
f 4103 4102 4104
f 4101 4105 4097
f 4097 4105 4104
f 4095 4106 4101
f 4100 4106 4095
f 4107 4105 4101
f 4104 4105 4107
f 4101 4106 4108
f 4108 4106 4100
f 4101 4109 4107
f 4108 4109 4101
f 4104 4110 4103
f 4103 4110 4111
f 4111 4112 4103
f 4113 4110 4104
f 4111 4110 4113
f 3029 4112 4111
f 4111 4114 3029
f 3029 4114 1833
f 4115 4114 4111
f 1833 4114 4115
f 4113 4116 4111
f 4111 4116 4115
f 4104 4117 4113
f 4107 4117 4104
f 4118 4116 4113
f 4115 4116 4118
f 4113 4117 4119
f 4119 4117 4107
f 4113 4120 4118
f 4119 4120 4113
f 4115 1832 1833
f 4107 4121 4119
f 4118 4122 4115
f 4123 4121 4107
f 4107 4109 4123
f 4119 4121 1817
f 1817 4121 4123
f 4115 4122 1828
f 1828 1832 4115
f 1821 4122 4118
f 1828 4122 1821
f 4118 4120 1814
f 1814 4120 4119
f 4118 4124 1821
f 1814 4124 4118
f 4119 1815 1814
f 1817 1815 4119
f 1819 4124 1814
f 1821 4124 1819
f 4125 4126 4127
f 4127 4126 4128
f 3822 3821 4128
f 4127 4129 4125
f 4125 4129 4130
f 4130 4131 4125
f 4132 4131 4130
f 4130 4133 4132
f 4130 4129 4134
f 4134 4129 4127
f 4135 4133 4130
f 4136 4133 4135
f 4135 4137 4136
f 4130 4138 4135
f 4134 4138 4130
f 4139 4137 4135
f 4140 4137 4139
f 4135 4138 4141
f 4141 4138 4134
f 4135 4141 4139
f 4139 4142 4140
f 4140 4142 4143
f 4139 4141 4144
f 4145 4142 4139
f 4143 4142 4145
f 4144 4146 4139
f 4139 4146 4145
f 4145 4147 4143
f 4143 4147 4148
f 4148 4149 4143
f 4147 4150 4148
f 4148 4150 4151
f 4151 4150 4152
f 4152 4150 4147
f 4147 4153 4152
f 4147 4145 4154
f 4154 4153 4147
f 4154 4145 4146
f 4152 4153 4155
f 4155 4153 4154
f 4155 4156 4152
f 4152 4156 4075
f 4146 4157 4154
f 4075 4156 4078
f 4078 4156 4155
f 4158 4157 4146
f 4146 4159 4158
f 4144 4159 4146
f 4155 4154 4084
f 4084 4154 4157
f 4084 4082 4155
f 4155 4082 4078
f 4157 4160 4084
f 4157 4158 3849
f 3849 4160 4157
f 3849 4158 3847
f 4158 4159 3847
f 4084 4160 3854
f 3854 4160 3849
f 3847 4159 3843
f 3847 3846 3849
f 4144 3843 4159
f 4141 4161 4144
f 4134 4161 4141
f 3833 3843 4144
f 4161 3833 4144
f 3843 3844 3847
f 4134 4162 4161
f 4127 4162 4134
f 3829 3833 4161
f 4161 4162 4163
f 4163 4162 4127
f 4163 3829 4161
f 4127 4164 4163
f 4128 4164 4127
f 3819 4164 4128
f 4163 4164 3819
f 4128 3821 3819
f 3818 3829 4163
f 4163 3819 3818
f 3819 3821 3820
f 4165 4166 4167
f 4168 4169 4170
f 4171 4166 4165
f 4170 4172 4165
f 4170 4169 4173
f 4173 4172 4170
f 4174 4169 4168
f 4173 4169 4174
f 4168 4175 4174
f 4176 4175 4168
f 4165 4172 4177
f 4177 4172 4173
f 4177 4178 4165
f 4165 4178 4171
f 4179 4175 4176
f 4174 4175 4179
f 4174 4180 4173
f 4176 4181 4179
f 4182 4181 4176
f 4176 4183 4182
f 3900 4181 4182
f 4179 4181 3900
f 4184 3900 4182
f 4179 3898 4174
f 3900 3899 4179
f 4184 4185 3900
f 4186 4185 4184
f 4174 3898 4180
f 4179 3899 3898
f 4186 4187 4185
f 4188 4187 4186
f 4188 4189 4187
f 4190 4189 4188
f 4188 4191 4190
f 4190 4191 4192
f 4190 4192 4193
f 4193 4192 4194
f 4187 4195 4185
f 4185 4195 3909
f 3909 3900 4185
f 3926 4195 4187
f 3909 4195 3926
f 4189 4196 4187
f 4187 4196 3926
f 4189 4190 4197
f 4197 4190 4193
f 4198 4196 4189
f 3926 4196 4198
f 4193 4199 4197
f 4200 4189 4197
f 4198 4189 4200
f 4198 3927 3926
f 4197 4201 4200
f 4197 4199 4202
f 4202 4201 4197
f 4203 4199 4193
f 4202 4199 4203
f 4193 4204 4203
f 4194 4204 4193
f 4200 4205 4198
f 4200 4201 4206
f 4206 4201 4202
f 4065 4205 4200
f 4198 4205 3927
f 3927 4205 4065
f 4200 4207 4065
f 4206 4207 4200
f 4065 4207 4062
f 4062 4207 4206
f 4202 4208 4206
f 4062 4063 4065
f 4209 4208 4202
f 4202 4210 4209
f 4203 4210 4202
f 4206 4208 4067
f 4067 4208 4209
f 4206 4211 4062
f 4067 4211 4206
f 4062 4211 4064
f 4064 4211 4067
f 4212 4210 4203
f 4209 4210 4212
f 4209 4213 4067
f 4203 4214 4212
f 4215 4214 4203
f 4203 4204 4215
f 4215 4204 4194
f 4067 4213 4068
f 4068 4213 4216
f 4216 4213 4209
f 4209 4217 4216
f 4212 4217 4209
f 4218 4217 4212
f 4216 4217 4218
f 4212 4219 4218
f 4220 4219 4212
f 4212 4214 4220
f 4220 4214 4215
f 3325 3328 1718
f 1718 4221 3325
f 1710 4221 1718
f 4222 4221 1710
f 3325 4221 4222
f 1710 1712 4222
f 4222 1712 1711
f 1711 4223 4222
f 1717 4223 1711
f 4222 4224 3325
f 4222 4223 4225
f 4225 4224 4222
f 4225 4223 1717
f 1717 4226 4225
f 4225 3313 4224
f 4227 4226 1717
f 1717 1724 4227
f 4225 4226 3312
f 3312 3313 4225
f 3312 4226 4227
f 4227 1724 1723
f 1723 4228 4227
f 4227 4229 3312
f 3313 3323 4224
f 4224 3323 3325
f 4230 4228 1723
f 1723 1730 4230
f 4227 4228 4231
f 4231 4229 4227
f 4231 4228 4230
f 4230 1730 1728
f 1728 4232 4230
f 1734 4232 1728
f 4230 4232 4233
f 4233 4232 1734
f 4230 4234 4231
f 4233 4234 4230
f 3310 4229 4231
f 3312 4229 3310
f 4231 4234 3316
f 3316 4234 4233
f 4231 3314 3310
f 3316 3314 4231
f 4235 4236 4237
f 4238 4235 4239
f 4239 4235 4237
f 4239 4240 4238
f 4238 4240 4241
f 4241 4240 4242
f 4242 4240 4239
f 4243 4237 4244
f 4239 4237 4243
f 4244 4245 4243
f 4242 4239 4246
f 4246 4239 4243
f 4243 4245 4247
f 4247 4245 4248
f 4248 4249 4247
f 4247 4249 4250
f 4247 4251 4243
f 4243 4251 4246
f 4250 4252 4247
f 4253 4251 4247
f 4247 4252 4253
f 4246 4251 4253
f 2626 4252 4250
f 4253 4252 2626
f 4253 4254 4246
f 4255 4242 4246
f 4246 4254 4255
f 2626 4256 4253
f 4257 4254 4253
f 4255 4254 4257
f 4253 4256 4257
f 4257 4258 4255
f 4255 4258 4259
f 4259 4258 2621
f 2621 4258 4257
f 2621 2620 4259
f 2625 4256 2626
f 4257 4256 2625
f 4257 2623 2621
f 2625 2623 4257
f 3410 4260 4261
f 4261 4260 4262
f 4263 4264 4262
f 4261 4265 3410
f 3410 4265 3405
f 3405 4265 4266
f 4266 4265 4261
f 4266 3408 3405
f 4262 4267 4261
f 4262 4264 4268
f 4268 4267 4262
f 4261 4267 4269
f 4269 4267 4268
f 4261 4270 4266
f 4269 4270 4261
f 4271 3408 4266
f 3398 3408 4271
f 4266 4270 4272
f 4272 4270 4269
f 4266 4273 4271
f 4272 4273 4266
f 4271 4274 3398
f 3398 4274 3393
f 4271 4273 4275
f 4275 4273 4272
f 4276 4274 4271
f 3393 4274 4276
f 4275 4277 4271
f 4271 4277 4276
f 4276 4278 3393
f 3393 4278 3388
f 3388 4278 4279
f 4279 4278 4276
f 4279 3385 3388
f 3381 3385 4279
f 4279 3384 3381
f 4276 4280 4279
f 4281 3384 4279
f 4279 4280 4281
f 3378 3384 4281
f 4282 4280 4276
f 4276 4277 4282
f 4281 4280 4282
f 4281 3382 3378
f 4282 4277 4275
f 4282 4283 4281
f 4284 3382 4281
f 4281 4283 4284
f 3369 3382 4284
f 4284 4285 3369
f 3370 4285 4284
f 4275 4286 4282
f 4284 4287 3370
f 4284 4283 4288
f 4288 4283 4282
f 4288 4287 4284
f 4282 4286 4288
f 3370 4287 4289
f 4289 4287 4288
f 4289 3371 3370
f 3375 3371 4289
f 4288 4290 4289
f 4289 4290 3375
f 4288 4286 4291
f 4291 4290 4288
f 4291 4286 4275
f 3375 4290 4291
f 4275 4292 4291
f 4272 4292 4275
f 4291 4293 3375
f 4291 4292 4294
f 4294 4292 4272
f 4294 4293 4291
f 3375 4293 4295
f 4295 4293 4294
f 4296 4297 4298
f 4298 4297 4299
f 4300 4301 4299
f 4298 4302 4296
f 4296 4302 3328
f 3345 4303 3342
f 3342 4303 4304
f 4304 3341 3342
f 3343 3341 4304
f 4305 3343 4304
f 4306 4304 4303
f 4305 4304 4306
f 3352 3343 4305
f 3345 3713 4303
f 3330 3713 3345
f 3330 4307 3713
f 3328 4307 3330
f 3701 4305 4306
f 3704 4306 4303
f 3701 4306 3704
f 3708 4303 3713
f 3704 4303 3708
f 3328 4308 4307
f 4302 4308 3328
f 4298 4309 4302
f 4302 4310 4308
f 4302 4309 4311
f 4311 4310 4302
f 4312 4309 4298
f 4311 4309 4312
f 4299 4312 4298
f 4313 4312 4299
f 4299 4301 4313
f 4312 4314 4311
f 4310 4315 4308
f 4308 4315 4307
f 4311 4316 4310
f 4311 4314 4317
f 4317 4316 4311
f 4318 4314 4312
f 4317 4314 4318
f 4312 4313 4318
f 4310 4316 4319
f 4319 4316 4317
f 4318 4313 4320
f 4313 4321 4320
f 4322 4321 4313
f 4313 4301 4322
f 4322 4301 4300
f 4300 4323 4322
f 4324 4323 4300
f 4325 4321 4322
f 4320 4321 4325
f 4322 4323 4326
f 4326 4323 4324
f 4322 4327 4325
f 4326 4327 4322
f 4320 4328 4318
f 4324 4329 4326
f 4330 4328 4320
f 4331 4332 4333
f 4334 4332 4331
f 4335 4336 4337
f 4338 4339 4334
f 4333 4340 4335
f 4341 4339 4338
f 4342 4336 4335
f 4335 4340 4342
f 4343 4344 4341
f 4345 4344 4343
f 4344 4346 4341
f 4341 4346 4339
f 4347 4346 4344
f 4339 4346 4347
f 4339 4348 4334
f 4344 4349 4347
f 4350 4349 4344
f 3880 4349 4350
f 4347 4349 3880
f 4334 4348 4351
f 4351 4332 4334
f 4352 4348 4339
f 4351 4348 4352
f 4347 4353 4339
f 4339 4353 4352
f 4333 4332 4351
f 3884 4353 4347
f 4352 4353 3884
f 3880 4354 4347
f 4347 4354 3884
f 4351 4355 4333
f 3875 4354 3880
f 3884 4354 3875
f 4352 4356 4351
f 3884 4357 4352
f 4351 4356 4358
f 4358 4355 4351
f 4359 4356 4352
f 4352 4357 4359
f 4358 4356 4359
f 3885 4357 3884
f 4359 4357 3885
f 4333 4355 4360
f 4360 4355 4358
f 4360 4340 4333
f 4359 4361 4358
f 4342 4340 4360
f 4358 4362 4360
f 4358 4361 4363
f 4363 4362 4358
f 3891 4361 4359
f 4363 4361 3891
f 4359 3889 3891
f 3885 3889 4359
f 4360 4362 3905
f 3905 4362 4363
f 4342 4360 3907
f 3907 4360 3905
f 4363 3904 3905
f 3907 4364 4342
f 4342 4364 4365
f 4365 4336 4342
f 4337 4336 4365
f 4365 4366 4337
f 4337 4366 4367
f 4367 4366 4368
f 4368 4366 4365
f 4368 4369 4367
f 4365 4364 3912
f 3912 4364 3907
f 4365 4370 4368
f 3912 4370 4365
f 4371 4369 4368
f 4368 4372 4371
f 4368 4370 4373
f 4373 4372 4368
f 4373 4370 3912
f 4371 4372 4374
f 4374 4372 4373
f 4374 4375 4371
f 4371 4375 4376
f 3912 3914 4373
f 4376 4375 4377
f 4377 4375 4374
f 4373 4378 4374
f 4377 4379 4376
f 4376 4379 4380
f 4380 4379 4381
f 4381 4379 4377
f 4381 4382 4380
f 4374 4383 4377
f 3915 4378 4373
f 4373 3914 3915
f 4374 4378 4042
f 4042 4383 4374
f 4042 4378 3915
f 4377 4383 4037
f 4037 4383 4042
f 4377 4384 4381
f 4037 4384 4377
f 4381 4384 4036
f 4036 4384 4037
f 4042 4039 4037
f 4036 4385 4381
f 4386 4382 4381
f 4381 4385 4386
f 4387 4382 4386
f 4386 4388 4387
f 4387 4388 4389
f 4386 4385 4033
f 4033 4385 4036
f 4390 4388 4386
f 4389 4388 4390
f 4033 4032 4386
f 4386 4032 4390
f 4036 4034 4033
f 4390 4391 4389
f 4389 4391 4392
f 4392 4393 4389
f 4394 4393 4392
f 4392 4395 4394
f 4394 4395 4396
f 4397 4395 4392
f 4396 4395 4397
f 4398 4399 4400
f 34 4399 4398
f 4400 4401 4402
f 4402 4401 4403
f 4400 4404 4398
f 4402 4404 4400
f 4398 4405 34
f 34 4405 26
f 26 4405 27
f 27 4405 4398
f 4398 4406 27
f 4398 4404 4407
f 4407 4406 4398
f 4407 4404 4402
f 27 4406 4408
f 4408 4406 4407
f 4408 29 27
f 28 29 4408
f 4408 4409 28
f 28 4409 40
f 4407 4410 4408
f 4411 4409 4408
f 4408 4410 4411
f 40 4409 4411
f 4412 4410 4407
f 4411 4410 4412
f 4402 4413 4407
f 4407 4413 4412
f 4411 4414 40
f 4415 4413 4402
f 4412 4413 4415
f 4412 4416 4411
f 4402 4417 4415
f 4403 4417 4402
f 40 4414 4418
f 4418 45 40
f 44 45 4418
f 4418 4419 44
f 4420 4417 4403
f 4415 4417 4420
f 4403 4421 4420
f 4422 4421 4403
f 4423 4419 4418
f 4424 4419 4423
f 4423 4425 4424
f 4424 4425 4426
f 4427 4421 4422
f 4420 4421 4427
f 4426 4425 4428
f 4428 4425 4423
f 4428 4429 4426
f 4426 4429 4430
f 4430 4429 4431
f 4431 4429 4428
f 4431 4432 4430
f 4430 4432 4433
f 4423 4434 4428
f 4433 4432 4435
f 4435 4432 4431
f 4428 4436 4431
f 4428 4434 4437
f 4437 4436 4428
f 4438 4434 4423
f 4437 4434 4438
f 4423 4439 4438
f 4418 4439 4423
f 4440 4439 4418
f 4438 4439 4440
f 4418 4414 4440
f 4440 4414 4411
f 4411 4416 4440
f 4440 4441 4438
f 4440 4416 4442
f 4442 4441 4440
f 4442 4416 4412
f 4438 4441 4443
f 4443 4441 4442
f 4412 4444 4442
f 4415 4444 4412
f 4442 4444 4445
f 4445 4444 4415
f 4445 4446 4442
f 4442 4446 4443
f 4415 4447 4445
f 4420 4447 4415
f 4448 4446 4445
f 4443 4446 4448
f 4445 4447 4449
f 4449 4447 4420
f 4443 4450 4438
f 4449 4451 4445
f 4445 4451 4448
f 4438 4450 4437
f 4420 4452 4449
f 4427 4452 4420
f 4453 4451 4449
f 4448 4451 4453
f 4449 4452 4454
f 4454 4452 4427
f 4449 4455 4453
f 4454 4455 4449
f 4453 4456 4448
f 4453 4455 4457
f 4457 4455 4454
f 4427 4458 4454
f 4457 4459 4453
f 4460 4456 4453
f 4453 4459 4460
f 4448 4456 4461
f 4461 4456 4460
f 4461 4462 4448
f 4448 4462 4443
f 4443 4462 4463
f 4463 4462 4461
f 4463 4450 4443
f 4437 4450 4463
f 4461 4464 4463
f 4463 4465 4437
f 4463 4464 4466
f 4466 4465 4463
f 4437 4465 4467
f 4467 4465 4466
f 4467 4436 4437
f 4431 4436 4467
f 4467 4468 4431
f 4431 4468 4435
f 4469 4468 4467
f 4435 4468 4469
f 4466 4470 4467
f 4467 4470 4469
f 4471 4470 4466
f 4469 4470 4471
f 4466 4464 4472
f 4472 4464 4461
f 4466 4473 4471
f 4472 4473 4466
f 4469 4474 4435
f 4461 4475 4472
f 4460 4475 4461
f 1412 4473 4472
f 4471 4473 1412
f 4472 4475 1409
f 1409 4475 4460
f 4471 4476 4469
f 1409 1411 4472
f 4472 1411 1412
f 4460 4477 1409
f 4469 4476 4478
f 4478 4474 4469
f 4479 4476 4471
f 4478 4476 4479
f 4480 4477 4460
f 4460 4459 4480
f 1409 4477 1406
f 1406 4477 4480
f 4471 4481 4479
f 1412 4481 4471
f 4480 4459 4457
f 1414 4481 1412
f 4479 4481 1414
f 4457 4482 4480
f 4483 4482 4457
f 4457 4484 4483
f 4454 4484 4457
f 4485 4484 4454
f 4483 4484 4485
f 4454 4458 4485
f 4480 4482 4486
f 4486 4482 4483
f 4486 4487 4480
f 4480 4487 1406
f 4483 4488 4486
f 1399 4487 4486
f 1406 4487 1399
f 4486 4488 1394
f 1394 1396 4486
f 4486 1396 1399
f 4489 4488 4483
f 1394 4488 4489
f 4483 4490 4489
f 4485 4490 4483
f 4491 4490 4485
f 4489 4490 4491
f 4485 4492 4491
f 4493 4492 4485
f 4485 4458 4493
f 4493 4458 4427
f 4427 4494 4493
f 4422 4494 4427
f 4495 4494 4422
f 4493 4494 4495
f 4422 4496 4495
f 4495 4496 4497
f 4495 4498 4493
f 4499 4492 4493
f 4493 4498 4499
f 4491 4492 4499
f 4497 4500 4495
f 4501 4498 4495
f 4495 4500 4501
f 4499 4498 4501
f 4502 4500 4497
f 4501 4500 4502
f 4497 4503 4502
f 4502 4503 4433
f 4433 4504 4502
f 4435 4504 4433
f 4502 4505 4501
f 4506 4504 4435
f 4502 4504 4506
f 4506 4505 4502
f 4435 4474 4506
f 4506 4474 4478
f 4507 4505 4506
f 4501 4505 4507
f 4478 4508 4506
f 4506 4508 4507
f 4507 4509 4501
f 4501 4509 4499
f 4507 4508 4510
f 4510 4508 4478
f 4511 4509 4507
f 4499 4509 4511
f 4510 4512 4507
f 4507 4512 4511
f 4478 4513 4510
f 4479 4513 4478
f 1374 4513 4479
f 4510 4513 1374
f 1369 4512 4510
f 4511 4512 1369
f 1374 1373 4510
f 4510 1373 1369
f 1374 4479 1378
f 4511 4514 4499
f 4499 4514 4491
f 4515 4514 4511
f 4491 4514 4515
f 1378 4479 1414
f 4515 4516 4491
f 4491 4516 4489
f 4511 4517 4515
f 1369 4517 4511
f 1367 4516 4515
f 4489 4516 1367
f 4515 4517 1371
f 1371 4517 1369
f 4515 4518 1367
f 1371 4518 4515
f 1367 1368 4489
f 4489 1368 1394
f 1367 4518 1365
f 1365 4518 1371
f 4519 4520 4521
f 4522 4520 4519
f 4523 4520 4522
f 4521 4520 4523
f 4522 4524 4523
f 4525 4524 4522
f 4522 4526 4525
f 4525 4526 4527
f 4527 4528 4525
f 4529 4528 4527
f 4530 4524 4525
f 4523 4524 4530
f 4525 4528 4531
f 4531 4528 4529
f 4525 4532 4530
f 4531 4532 4525
f 4530 4533 4523
f 4530 4532 4534
f 4534 4532 4531
f 4529 4535 4531
f 4534 4536 4530
f 4537 4533 4530
f 4530 4536 4537
f 4523 4533 4538
f 4538 4533 4537
f 4538 4539 4523
f 4523 4539 4521
f 4521 4539 4540
f 4540 4539 4538
f 4540 4541 4521
f 4542 4541 4540
f 4538 4543 4540
f 4542 4544 4541
f 4544 4545 4541
f 4546 4544 4542
f 4540 4547 4542
f 4548 4547 4540
f 4540 4543 4548
f 4542 4547 4549
f 4549 4547 4548
f 4549 4550 4542
f 4542 4550 4546
f 4545 4544 4551
f 4551 4552 4545
f 4545 4552 4553
f 4551 4544 4554
f 4555 4552 4551
f 4553 4552 4555
f 4555 4556 4553
f 4544 4557 4554
f 4546 4557 4544
f 4554 4557 4558
f 4558 4557 4546
f 4559 4556 4555
f 4555 4560 4559
f 4561 4556 4559
f 4559 4560 4562
f 4559 4563 4561
f 4562 4564 4559
f 4558 4565 4566
f 4566 4565 4567
f 4561 4563 4568
f 4569 4564 4562
f 4565 4570 4567
f 4559 4564 4571
f 4571 4563 4559
f 4571 4564 4569
f 4568 4563 4571
f 4569 4572 4571
f 4571 4573 4568
f 4568 4573 4574
f 4574 4575 4568
f 4576 4573 4571
f 4574 4573 4576
f 4571 4572 4576
f 4576 4577 4574
f 4574 4577 2540
f 4576 4572 4578
f 4578 4572 4569
f 2539 4577 4576
f 2540 4577 2539
f 4578 4579 4576
f 4576 4579 2539
f 4569 4580 4578
f 2486 4580 4569
f 2531 4579 4578
f 2539 4579 2531
f 4578 4580 4581
f 4581 4580 2486
f 4578 4582 2531
f 4581 4582 4578
f 2486 4583 4581
f 4584 4583 2486
f 4584 2486 2485
f 2485 4585 4584
f 4584 4585 1124
f 2539 2531 2535
f 1124 4586 4584
f 4587 4583 4584
f 4584 4586 4587
f 4581 4583 4587
f 1110 4586 1124
f 1124 1105 1110
f 4587 4586 1110
f 4587 4588 4581
f 1110 4589 4587
f 4581 4588 2524
f 2524 4582 4581
f 4590 4588 4587
f 4587 4589 4590
f 2524 4588 4590
f 4591 4589 1110
f 4590 4589 4591
f 1110 1112 4591
f 4591 1112 1113
f 2531 4582 2524
f 1113 4592 4591
f 1118 4592 1113
f 4591 4593 4590
f 4594 4592 1118
f 4591 4592 4594
f 4594 4593 4591
f 1118 2504 4594
f 4594 2504 2510
f 2523 4593 4594
f 4590 4593 2523
f 2510 4595 4594
f 4594 4595 2523
f 2523 2522 4590
f 4590 2522 2524
f 2523 4595 2525
f 2525 4595 2510
f 4596 4597 4598
f 4598 4597 4599
f 4600 4601 4596
f 4602 4597 4596
f 4599 4597 4602
f 4599 4603 4604
f 4604 4603 4605
f 4605 4606 4604
f 4602 4607 4599
f 4599 4607 4603
f 4603 4608 4605
f 4605 4608 4609
f 4608 4610 4609
f 4603 4607 4611
f 4611 4607 4602
f 4603 4612 4608
f 4611 4612 4603
f 4608 4613 4610
f 4612 4613 4608
f 4610 4613 4614
f 4614 4613 4612
f 4615 4616 4610
f 4617 4616 4615
f 4612 4618 4614
f 4619 4610 4614
f 4615 4610 4619
f 4615 4620 4617
f 4617 4620 4621
f 4621 4622 4617
f 4623 4622 4621
f 4621 4624 4623
f 4625 4624 4621
f 4621 4626 4625
f 4621 4620 4627
f 4627 4626 4621
f 4627 4620 4615
f 4625 4626 4628
f 4628 4626 4627
f 4615 4629 4627
f 4619 4629 4615
f 4627 4629 4630
f 4630 4629 4619
f 4628 4627 4631
f 4631 4627 4630
f 4631 4632 4628
f 4633 4632 4631
f 4631 4634 4633
f 4633 4634 4635
f 4630 4636 4631
f 4637 4634 4631
f 4631 4636 4637
f 4635 4634 4637
f 4638 4636 4630
f 4637 4636 4638
f 4619 4639 4630
f 4630 4639 4638
f 4640 4639 4619
f 4638 4639 4640
f 4619 4614 4640
f 4640 4614 4641
f 4614 4618 4641
f 4640 4642 4638
f 4638 4643 4637
f 4638 4642 4644
f 4644 4643 4638
f 4645 4642 4640
f 4644 4642 4645
f 4641 4646 4640
f 4640 4646 4645
f 4647 4646 4641
f 4645 4646 4647
f 4637 4643 4648
f 4648 4643 4644
f 4649 4650 2637
f 2637 4650 2643
f 4649 4651 4652
f 2637 4651 4649
f 4652 4653 3784
f 3784 4653 4654
f 4655 4653 4652
f 4654 4653 4655
f 4652 4651 2632
f 2632 4651 2637
f 4652 2632 4655
f 3783 3784 4654
f 4654 4656 3783
f 2643 2640 2637
f 4655 4657 4654
f 4658 4656 4654
f 4654 4657 4658
f 3783 4656 4659
f 4659 4656 4658
f 4659 4660 3783
f 3783 4660 3780
f 3780 4660 4661
f 4661 4660 4659
f 4661 3782 3780
f 4659 4662 4661
f 4661 4662 4663
f 3782 4661 4664
f 4664 4661 4663
f 4664 3790 3782
f 4665 4662 4659
f 4663 4662 4665
f 4659 4666 4665
f 4658 4666 4659
f 4665 4667 4663
f 4248 4666 4658
f 4665 4666 4248
f 4658 4249 4248
f 4250 4249 4658
f 4658 4657 4250
f 4250 4657 4655
f 4663 4667 4668
f 4668 4669 4663
f 4663 4669 4664
f 4664 4669 4670
f 4670 4669 4668
f 4655 2628 4250
f 4670 4671 4664
f 4655 2632 2628
f 4250 2628 2626
f 4664 4671 3790
f 3790 4672 3786
f 3786 4672 3789
f 4673 4672 3790
f 3789 4672 4673
f 3790 4674 4673
f 4673 4674 3789
f 4675 4674 3790
f 3789 4674 4675
f 4676 3797 3789
f 3798 3797 4676
f 4675 4677 3789
f 3789 4677 4676
f 4676 4678 3798
f 3798 4678 3796
f 4679 4678 4676
f 3796 4678 4679
f 4676 4677 4680
f 4680 4677 4675
f 4676 4681 4679
f 4680 4681 4676
f 3796 4682 3799
f 3799 4682 4683
f 4683 4684 3799
f 3799 4684 3801
f 3801 4684 4685
f 4685 4684 4683
f 4685 3808 3801
f 4683 4686 4685
f 3796 4687 4682
f 4688 4683 4682
f 4682 4687 4688
f 4686 4683 4688
f 4689 4687 3796
f 4688 4687 4689
f 3796 4690 4689
f 4679 4690 3796
f 4689 4691 4688
f 4692 4690 4679
f 4689 4690 4692
f 4679 4681 4693
f 4693 4681 4680
f 4688 4691 4694
f 4694 4695 4688
f 4688 4695 4686
f 4686 4695 4696
f 4696 4695 4694
f 4696 4697 4686
f 4685 4686 4697
f 4698 4697 4696
f 4697 4699 4685
f 4685 4699 4700
f 4700 3808 4685
f 4701 4699 4697
f 4700 4699 4701
f 3805 3808 4700
f 4700 4702 3805
f 3805 4702 3809
f 4703 4702 4700
f 3809 4702 4703
f 4700 4701 4703
f 4697 4698 4701
f 4703 4701 4704
f 4703 3817 3809
f 4704 3817 4703
f 4704 4705 3817
f 4706 4705 4704
f 4707 4706 4704
f 4708 4706 4707
f 4706 4709 4705
f 4705 4709 4710
f 4710 4711 4705
f 4708 4709 4706
f 4710 4709 4708
f 4712 4711 4710
f 4710 4713 4712
f 4714 4713 4710
f 4710 4708 4714
f 4714 4708 4715
f 4708 4716 4715
f 4717 4716 4708
f 4712 4713 4718
f 4718 4713 4714
f 4718 4719 4712
f 4712 4719 4720
f 4720 4719 4721
f 4721 4719 4718
f 4721 4722 4720
f 4723 4722 4721
f 4718 4724 4721
f 4721 4725 4723
f 4714 4726 4718
f 4721 4724 4727
f 4727 4725 4721
f 2855 4724 4718
f 4718 4726 2855
f 4727 4724 2855
f 4723 4725 4728
f 4728 4725 4727
f 4728 4729 4723
f 2622 4726 4714
f 2855 4726 2622
f 4714 4730 2622
f 4715 4730 4714
f 4259 4730 4715
f 2622 4730 4259
f 4715 4731 4259
f 4732 4731 4715
f 4715 4716 4732
f 4732 4716 4717
f 4255 4731 4732
f 4259 4731 4255
f 4717 4241 4732
f 4259 2620 2622
f 4717 4733 4241
f 4708 4733 4717
f 4732 4241 4242
f 4732 4242 4255
f 4734 4733 4708
f 4241 4733 4734
f 4708 4735 4734
f 4707 4735 4708
f 4734 4736 4241
f 4241 4736 4238
f 4737 4736 4734
f 4238 4736 4737
f 4735 4738 4734
f 4734 4738 4737
f 4707 4739 4735
f 4735 4739 4738
f 4704 4740 4707
f 4701 4740 4704
f 4701 4698 4740
f 4741 4739 4707
f 4738 4739 4741
f 4698 4742 4740
f 4740 4742 4707
f 4741 4743 4738
f 4744 4742 4698
f 4707 4742 4744
f 4698 4745 4744
f 4746 4696 4694
f 4698 4696 4746
f 4694 4691 4747
f 4747 4691 4689
f 4748 4694 4747
f 4746 4694 4748
f 4747 4689 4749
f 4749 4689 4692
f 4747 4750 4748
f 4749 4750 4747
f 4746 4751 4698
f 4692 4752 4749
f 4698 4751 4745
f 4753 4751 4746
f 4745 4751 4753
f 4679 4752 4692
f 4749 4752 4754
f 4754 4752 4679
f 4746 4755 4753
f 4748 4755 4746
f 3065 4755 4748
f 4753 4755 3065
f 4693 4756 4679
f 3065 3068 4753
f 4757 4756 4693
f 4693 4758 4757
f 4680 4758 4693
f 4679 4756 4759
f 4759 4756 4757
f 4759 4760 4679
f 4679 4760 4754
f 4761 4758 4680
f 4757 4758 4761
f 4675 4761 4680
f 4761 4762 4757
f 4763 4761 4675
f 4675 3790 4763
f 4763 3790 4671
f 4764 4762 4761
f 4761 4763 4764
f 4764 4763 4765
f 4671 4765 4763
f 4766 4765 4671
f 4671 4670 4766
f 4766 4670 4767
f 4767 4768 4766
f 4766 4769 4765
f 4668 4767 4670
f 4770 4768 4767
f 4771 4767 4668
f 4767 4771 4770
f 4668 4772 4771
f 4766 4768 4773
f 4773 4769 4766
f 4773 4768 4774
f 4775 4772 4668
f 4668 4667 4775
f 4775 4667 4665
f 4768 4770 4774
f 4665 4776 4775
f 4248 4776 4665
f 4777 4772 4775
f 4771 4772 4777
f 4775 4776 4244
f 4244 4776 4248
f 4775 4778 4777
f 4244 4778 4775
f 4777 4779 4771
f 4248 4245 4244
f 4777 4778 4237
f 4237 4778 4244
f 4771 4779 4780
f 4770 4771 4780
f 4781 4779 4777
f 4780 4779 4781
f 4777 4236 4781
f 4237 4236 4777
f 4781 4782 4780
f 4770 4780 4783
f 4783 4780 4782
f 4784 4782 4781
f 4774 4770 4783
f 4782 4785 4783
f 4783 4786 4774
f 4785 4786 4783
f 4787 4785 4782
f 4782 4784 4787
f 4774 4786 4788
f 4788 4786 4785
f 4788 4789 4774
f 4774 4789 4773
f 4773 4789 4790
f 4790 4789 4788
f 4785 4791 4788
f 4790 4792 4773
f 4773 4792 4793
f 4793 4769 4773
f 4765 4769 4793
f 4793 4794 4765
f 4765 4794 4764
f 4793 4792 4795
f 4795 4792 4790
f 4796 4794 4793
f 4764 4794 4796
f 4795 4797 4793
f 4793 4797 4796
f 4790 4798 4795
f 4799 4797 4795
f 4796 4797 4799
f 4796 4800 4764
f 4764 4800 4762
f 4801 4800 4796
f 4762 4800 4801
f 4762 4802 4757
f 4757 4802 4759
f 4801 4803 4762
f 4762 4803 4802
f 4796 4804 4801
f 4799 4804 4796
f 4805 4803 4801
f 4802 4803 4805
f 4801 4804 4806
f 4806 4804 4799
f 4801 4807 4805
f 4806 4807 4801
f 4802 4808 4759
f 4759 4808 4760
f 4809 4808 4802
f 4760 4808 4809
f 4805 4807 4810
f 4810 4807 4806
f 4811 4802 4805
f 4809 4802 4811
f 4806 4812 4810
f 4813 4805 4810
f 4811 4805 4813
f 4811 4814 4809
f 4810 4815 4813
f 4810 4812 4816
f 4816 4815 4810
f 4817 4812 4806
f 4816 4812 4817
f 4818 4819 4820
f 4820 4821 4818
f 4822 4821 4820
f 4625 4819 4818
f 4818 4823 4625
f 4625 4823 4824
f 4628 4819 4625
f 4820 4819 4628
f 4824 4624 4625
f 4820 4825 4822
f 4623 4624 4824
f 4824 4826 4623
f 4623 4826 4827
f 4822 4825 4828
f 4828 4829 4822
f 4633 4825 4820
f 4828 4825 4633
f 4820 4632 4633
f 4628 4632 4820
f 4828 4830 4829
f 4829 4830 4831
f 4831 4832 4829
f 4833 4832 4831
f 4831 4834 4833
f 4635 4828 4633
f 4830 4828 4635
f 4830 4835 4831
f 4833 4834 4836
f 4836 4837 4833
f 4838 4834 4831
f 4831 4835 4838
f 4836 4834 4838
f 4839 4837 4836
f 4836 4840 4839
f 4838 4841 4836
f 4839 4840 4842
f 4843 4840 4836
f 4836 4841 4843
f 4842 4840 4843
f 4844 4839 4842
f 4845 4841 4838
f 4843 4841 4845
f 4842 4846 4844
f 4843 4847 4842
f 4844 4846 4848
f 4847 4846 4842
f 4848 4846 4847
f 4849 4847 4843
f 4848 4850 4844
f 4844 4850 4851
f 4852 4850 4848
f 4848 4847 4852
f 4851 4850 4852
f 4853 4844 4851
f 4852 4847 4854
f 4851 4855 4853
f 4853 4855 4856
f 4856 4857 4853
f 4852 4855 4851
f 4856 4855 4852
f 4858 4857 4856
f 4856 4859 4858
f 4852 4860 4856
f 4858 4859 4861
f 4861 4862 4858
f 4863 4859 4856
f 4856 4860 4863
f 4861 4859 4863
f 4864 4862 4861
f 4865 4860 4852
f 4863 4860 4865
f 4861 4866 4864
f 4863 4867 4861
f 4864 4866 4868
f 4869 4866 4861
f 4861 4867 4869
f 4868 4866 4869
f 4870 4867 4863
f 4869 4867 4870
f 4868 4871 4872
f 4869 4871 4868
f 4873 4871 4869
f 4871 4874 4872
f 4875 4876 4877
f 4878 4877 4872
f 4872 4874 4878
f 4875 4877 4878
f 4879 4876 4875
f 4880 4874 4871
f 4878 4874 4880
f 4875 4881 4879
f 4878 4882 4875
f 4879 4881 4883
f 4883 4884 4879
f 4885 4881 4875
f 4875 4882 4885
f 4883 4881 4885
f 4827 4884 4883
f 4886 4882 4878
f 4885 4882 4886
f 4883 4887 4827
f 4885 4888 4883
f 4889 4887 4883
f 4883 4888 4889
f 4887 4623 4827
f 4622 4623 4887
f 4889 4890 4887
f 4887 4890 4622
f 4891 4890 4889
f 4622 4890 4891
f 4889 4888 4892
f 4892 4888 4885
f 4892 4891 4889
f 4885 4893 4892
f 4886 4893 4885
f 4894 4891 4892
f 4892 4893 4895
f 4895 4893 4886
f 4895 4894 4892
f 4891 4896 4622
f 4622 4896 4617
f 4616 4896 4891
f 4617 4896 4616
f 4894 4616 4891
f 4897 4894 4895
f 4609 4616 4894
f 4897 4898 4894
f 4894 4898 4609
f 1200 1197 1194
f 1192 4899 1435
f 4900 1397 1435
f 1435 4899 4900
f 4901 1397 4900
f 1397 4901 1392
f 1392 4901 1398
f 1191 4899 1192
f 4900 4899 1191
f 4900 4902 4901
f 4901 4903 1398
f 1398 4904 1402
f 4901 4902 4905
f 4905 4903 4901
f 1398 4903 4906
f 4906 4904 1398
f 4906 4903 4905
f 1402 4904 4907
f 4907 4904 4906
f 4907 4908 1402
f 1402 4908 1403
f 1403 4908 4909
f 4909 4908 4907
f 4909 4910 1403
f 1403 4910 1404
f 1404 4910 4911
f 4911 4910 4909
f 4911 1419 1404
f 1418 1419 4911
f 4911 4912 1418
f 1418 4912 1420
f 4909 4913 4911
f 4914 4912 4911
f 1420 4912 4914
f 4911 4913 4914
f 1425 1420 4915
f 4915 1420 4914
f 4915 1430 1425
f 4916 4913 4909
f 4914 4913 4916
f 4914 4917 4915
f 4916 4917 4914
f 1213 1430 4915
f 1215 1430 1213
f 4915 4917 4918
f 4918 4917 4916
f 4909 4919 4916
f 4907 4919 4909
f 4916 4919 4920
f 4920 4919 4907
f 4920 4921 4916
f 4916 4921 4918
f 4907 4922 4920
f 4906 4922 4907
f 4923 4921 4920
f 4918 4921 4923
f 4920 4922 4924
f 4924 4922 4906
f 4918 4925 4915
f 4915 4925 1213
f 1210 4925 4918
f 1213 4925 1210
f 4918 1211 1210
f 4923 1211 4918
f 4906 4926 4924
f 4905 4926 4906
f 4924 4927 4920
f 4920 4927 4923
f 4924 4926 4928
f 4928 4926 4905
f 4929 4927 4924
f 4923 4927 4929
f 4928 4930 4924
f 4924 4930 4929
f 4905 4931 4928
f 4932 4930 4928
f 4929 4930 4932
f 4929 4933 4923
f 4934 4931 4905
f 4905 4902 4934
f 4934 4902 4900
f 4923 4933 1208
f 1208 1211 4923
f 1207 4933 4929
f 1208 4933 1207
f 4929 4935 1207
f 4932 4935 4929
f 4900 4936 4934
f 1191 4936 4900
f 4934 4936 4937
f 4937 4936 1191
f 4937 4938 4934
f 4934 4938 4939
f 1191 4940 4937
f 4937 4940 4941
f 4939 4931 4934
f 4928 4931 4939
f 4941 4940 1182
f 1182 4940 1191
f 4939 4942 4928
f 4928 4942 4932
f 4943 4942 4939
f 4932 4942 4943
f 4939 4944 4943
f 4943 4944 4945
f 4945 4946 4943
f 4947 4946 4945
f 4943 4948 4932
f 4949 4946 4947
f 4943 4946 4949
f 4949 4948 4943
f 4947 4950 4949
f 4932 4948 4951
f 4951 4948 4949
f 4951 4935 4932
f 4949 4950 4952
f 4952 4950 4953
f 4949 4954 4951
f 4952 4954 4949
f 1207 4935 4951
f 3646 4952 4953
f 4955 4952 3646
f 3646 3651 4955
f 4955 4954 4952
f 4951 4954 4955
f 4951 4956 1207
f 4955 4956 4951
f 1207 4956 1204
f 1204 4956 4955
f 4955 3651 3654
f 4955 3654 1204
f 1204 3654 4957
f 4957 4958 1204
f 1204 4958 1171
f 3654 4959 4957
f 3655 4959 3654
f 1158 4959 3655
f 4957 4959 1158
f 3655 3662 1158
f 1158 3662 1041
f 1157 4958 4957
f 4957 1158 1157
f 1171 4958 1157
f 4960 4961 4962
f 4961 4960 4963
f 4962 4964 4965
f 4964 4962 4961
f 4965 4966 4967
f 4966 4965 4964
f 4963 4968 4961
f 4968 4963 4969
f 4961 4970 4964
f 4970 4961 4968
f 4964 4971 4966
f 4971 4964 4970
f 4969 4972 4968
f 4972 4969 4973
f 4968 4974 4970
f 4974 4968 4972
f 4970 4975 4971
f 4975 4970 4974
f 4973 4976 4972
f 4976 4973 4977
f 4972 4978 4974
f 4978 4972 4976
f 4974 4979 4975
f 4979 4974 4978
f 4977 4980 4976
f 4980 4977 4981
f 4981 4982 4980
f 4983 4976 4980
f 4976 4983 4978
f 4984 4980 4982
f 4980 4984 4983
f 4985 4986 4987
f 4988 4986 4989
f 4987 4986 4988
f 4989 4990 4988
f 4991 4990 4989
f 4992 4990 4991
f 4988 4990 4992
f 4991 4993 4992
f 4994 4993 4991
f 4991 4995 4994
f 4994 4995 4996
f 4988 4997 4987
f 4998 4993 4994
f 4992 4993 4998
f 4996 4999 4994
f 4992 5000 4988
f 5001 4997 4988
f 4988 5000 5001
f 5002 5000 4992
f 5001 5000 5002
f 4992 5003 5002
f 4998 5003 4992
f 5004 4999 4996
f 4996 5005 5004
f 5006 5005 4996
f 2102 5005 5006
f 5006 2108 2102
f 5004 5005 2102
f 2100 5004 2102
f 5007 5004 2100
f 2100 2716 5007
f 5007 2716 2714
f 2714 5008 5007
f 2717 5008 2714
f 5007 5008 5009
f 5009 5008 2717
f 5004 5007 5010
f 5010 5007 5009
f 5010 4999 5004
f 4994 4999 5010
f 5010 5011 4994
f 4994 5011 4998
f 5009 5012 5010
f 5013 5011 5010
f 5010 5012 5013
f 4998 5011 5013
f 5014 5012 5009
f 5013 5012 5014
f 2717 5015 5009
f 5009 5015 5014
f 5016 5015 2717
f 5014 5015 5016
f 2717 2718 5016
f 5016 2718 2719
f 2719 5017 5016
f 2726 5017 2719
f 5016 5018 5014
f 5019 5017 2726
f 5016 5017 5019
f 5019 5018 5016
f 2726 2733 5019
f 5014 5020 5013
f 5018 5020 5014
f 5013 5020 5021
f 5021 5020 5018
f 5021 5022 5013
f 5013 5022 4998
f 4998 5022 5023
f 5023 5022 5021
f 5023 5003 4998
f 5018 5024 5021
f 5002 5003 5023
f 5019 5024 5018
f 5021 5024 5025
f 5025 5024 5019
f 5021 5026 5023
f 5025 5026 5021
f 5023 5027 5002
f 5023 5026 5028
f 5028 5027 5023
f 5028 5026 5025
f 5002 5027 5029
f 5029 5027 5028
f 5029 5030 5002
f 5002 5030 5001
f 5025 5031 5028
f 5001 5030 5032
f 5032 5030 5029
f 5028 5033 5029
f 5028 5031 5034
f 5034 5033 5028
f 5035 5031 5025
f 5034 5031 5035
f 5019 5035 5025
f 5029 5033 5036
f 5036 5033 5034
f 5036 5037 5029
f 5029 5037 5032
f 5038 5035 5019
f 5035 5039 5034
f 5019 2733 5038
f 5038 2733 2731
f 2731 5040 5038
f 5038 5040 5041
f 5042 5040 2731
f 5041 5040 5042
f 5041 5043 5038
f 5042 5044 5041
f 5045 5043 5041
f 5041 5044 5045
f 5046 5044 5042
f 5045 5044 5046
f 5042 5047 5046
f 5048 5047 5042
f 5049 5047 5048
f 5046 5047 5049
f 5048 5050 5049
f 5049 5050 5051
f 5051 5052 5049
f 5053 5052 5051
f 5049 5054 5046
f 5052 5054 5049
f 5053 5055 5052
f 5046 5054 5056
f 5056 5054 5052
f 5056 5057 5046
f 5046 5057 5045
f 5052 5055 5058
f 5058 5055 5059
f 5052 5060 5056
f 5058 5060 5052
f 5059 5061 5058
f 5062 5061 5059
f 5058 5061 5063
f 5063 5061 5062
f 5058 5064 5060
f 5063 5064 5058
f 5060 5064 5065
f 5065 5064 5063
f 3895 3903 3891
f 3891 3903 4363
f 3903 3904 4363
f 3894 5066 3895
f 3895 5067 3903
f 3895 5066 4180
f 4180 5067 3895
f 4180 5066 5068
f 5068 5066 3894
f 3898 5067 4180
f 3903 5067 3898
f 3898 3897 3903
f 4173 4180 5068
f 5068 5069 4173
f 5068 3894 5070
f 5070 3894 3892
f 5070 5069 5068
f 4173 5069 4177
f 4177 5069 5070
f 3892 5071 5070
f 5070 5072 4177
f 5073 5071 3892
f 3892 3890 5073
f 5070 5071 5074
f 5074 5072 5070
f 5074 5071 5073
f 4177 5072 5075
f 5075 5072 5074
f 5075 4178 4177
f 5073 3890 3881
f 5074 5076 5075
f 5075 5076 5077
f 5073 5078 5074
f 3881 5079 5073
f 3876 5079 3881
f 5073 5079 5080
f 5080 5079 3876
f 5080 5078 5073
f 3876 5081 5080
f 5080 5081 5082
f 5074 5078 5083
f 5083 5078 5080
f 5083 5076 5074
f 5077 5076 5083
f 5083 5084 5077
f 5082 5085 5080
f 5080 5085 5083
f 5086 5085 5082
f 5086 5084 5083
f 5083 5085 5086
f 5087 4219 4220
f 4218 4219 5087
f 4215 5088 4220
f 4218 5089 4216
f 5090 5088 4215
f 4215 5091 5090
f 4194 5091 4215
f 4220 5088 5092
f 5092 5088 5090
f 5092 5093 4220
f 4220 5093 5087
f 5094 5091 4194
f 5090 5091 5094
f 4194 5095 5094
f 5096 5095 4194
f 5097 5095 5096
f 5094 5095 5097
f 5096 5098 5097
f 5097 5098 5099
f 5099 5100 5097
f 4647 5100 5099
f 5097 5101 5094
f 5097 5100 5102
f 5102 5100 4647
f 5102 5101 5097
f 4647 5103 5102
f 4641 5103 4647
f 5104 5101 5102
f 5094 5101 5104
f 5105 5103 4641
f 5102 5103 5105
f 4641 4618 5105
f 5105 4618 4612
f 5105 5106 5102
f 5102 5106 5104
f 4611 5105 4612
f 5107 5106 5105
f 5107 5105 4611
f 5104 5106 5107
f 4611 5108 5107
f 4602 5108 4611
f 5107 5109 5104
f 5107 5108 5110
f 5110 5108 4602
f 5110 5109 5107
f 4602 5111 5110
f 4596 5111 4602
f 5112 5109 5110
f 5104 5109 5112
f 5113 5111 4596
f 5110 5111 5113
f 4596 4601 5113
f 5110 5114 5112
f 5113 5114 5110
f 5112 5115 5104
f 5104 5115 5094
f 5094 5115 5090
f 5090 5115 5112
f 5112 5116 5090
f 5112 5114 5117
f 5117 5116 5112
f 5117 5114 5113
f 5090 5116 5092
f 5092 5116 5117
f 5117 5118 5092
f 5113 5119 5117
f 5092 5118 5120
f 5120 5093 5092
f 5121 5118 5117
f 5117 5119 5121
f 5120 5118 5121
f 5122 5119 5113
f 5121 5119 5122
f 5113 4601 5122
f 5122 4601 4600
f 4600 5123 5122
f 5124 5123 4600
f 5122 5125 5121
f 5126 5123 5124
f 5122 5123 5126
f 5126 5125 5122
f 5124 5127 5126
f 5121 5125 5128
f 5128 5125 5126
f 5128 5129 5121
f 5121 5129 5120
f 5126 5127 5130
f 5130 5127 5131
f 5126 5132 5128
f 5130 5132 5126
f 5133 5129 5128
f 5120 5129 5133
f 5128 5132 5134
f 5134 5132 5130
f 5135 5136 5137
f 5138 5136 5135
f 5137 5139 5135
f 5140 5139 5137
f 5137 5141 5140
f 5140 5141 5142
f 5142 5143 5140
f 5144 5139 5140
f 5135 5139 5144
f 4166 5145 5138
f 4167 5138 5135
f 4166 5138 4167
f 5146 5147 5148
f 5149 5147 5146
f 5150 5143 5148
f 5148 5147 5151
f 5151 5147 5149
f 5148 5152 5150
f 5151 5152 5148
f 5150 5153 5143
f 5149 5154 5151
f 5155 5154 5149
f 5156 5154 5155
f 5151 5154 5156
f 5155 5157 5156
f 5158 5152 5151
f 5150 5152 5158
f 5156 5158 5151
f 5156 5157 5159
f 5159 5160 5156
f 5161 5158 5156
f 5156 5160 5161
f 5158 5162 5150
f 5163 5160 5159
f 5161 5160 5163
f 5161 5164 5158
f 5159 5165 5163
f 5166 5165 5159
f 5167 5165 5166
f 5163 5165 5167
f 5166 5168 5167
f 5163 5169 5161
f 5158 5164 5170
f 5170 5162 5158
f 5171 5164 5161
f 5161 5169 5171
f 5170 5164 5171
f 5172 5163 5167
f 5169 5163 5172
f 5168 5173 5167
f 5167 5173 5172
f 5174 5173 5168
f 5172 5173 5174
f 5168 5175 5174
f 5176 5175 5168
f 5096 5175 5176
f 5174 5175 5096
f 5176 5098 5096
f 5174 5177 5172
f 5172 5177 5178
f 5178 5169 5172
f 4192 5177 5174
f 5178 5177 4192
f 5096 5179 5174
f 5174 5179 4192
f 4194 5179 5096
f 4192 5179 4194
f 5180 5169 5178
f 4192 4191 5178
f 5180 5181 5169
f 5169 5181 5171
f 5171 5181 4186
f 4186 5181 5180
f 5178 4188 5180
f 4186 5182 5171
f 5171 5182 5170
f 5178 4191 4188
f 5180 4188 4186
f 5183 5182 4186
f 5170 5182 5183
f 4186 5184 5183
f 4184 5184 4186
f 5183 5185 5170
f 5170 5185 5186
f 5186 5162 5170
f 5150 5162 5186
f 5186 5153 5150
f 5183 5184 4182
f 4182 5184 4184
f 5187 5185 5183
f 5186 5185 5187
f 4182 4183 5183
f 5183 4183 5187
f 5188 5153 5186
f 5143 5153 5188
f 5188 5140 5143
f 5144 5140 5188
f 5186 5189 5188
f 5187 5189 5186
f 5188 5190 5144
f 5188 5189 5191
f 5191 5190 5188
f 5191 5189 5187
f 5144 5190 5192
f 5192 5190 5191
f 5192 5135 5144
f 5187 5193 5191
f 4167 5135 5192
f 4176 5193 5187
f 5187 4183 4176
f 5191 5193 4168
f 4168 5193 4176
f 5191 5194 5192
f 4168 5194 5191
f 5192 5195 4167
f 5192 5194 4170
f 4170 5195 5192
f 4170 5194 4168
f 4167 5195 4165
f 4165 5195 4170
f 5196 5089 4218
f 5197 5198 5196
f 5199 5089 5196
f 5196 5198 5199
f 4216 5089 5199
f 5200 5198 5197
f 5199 5198 5200
f 5199 4071 4216
f 4216 4071 4068
f 5200 5201 5199
f 5199 5201 4071
f 5197 5202 5200
f 5203 5202 5197
f 4074 5201 5200
f 4071 5201 4074
f 5202 5203 5204
f 5204 5203 5205
f 4074 4072 4071
f 5205 5206 5204
f 5207 5206 5205
f 4151 5202 5204
f 5200 5202 4151
f 5204 5206 5208
f 5208 5206 5207
f 5204 5209 4151
f 5208 5209 5204
f 5207 5210 5208
f 5211 5210 5207
f 4148 5209 5208
f 4151 5209 4148
f 5208 5210 5212
f 5212 5210 5211
f 4151 5213 5200
f 5212 4149 5208
f 5208 4149 4148
f 5211 5214 5212
f 5200 5213 4075
f 4075 4074 5200
f 4152 5213 4151
f 4075 5213 4152
f 5215 5214 5211
f 5211 5216 5215
f 5212 5214 4143
f 4143 5214 5215
f 5215 5216 5217
f 5215 5218 4143
f 5217 5219 5215
f 4143 5218 4140
f 4136 5218 5215
f 5215 5219 4136
f 4140 5218 4136
f 4143 4149 5212
f 4132 5219 5217
f 4136 5219 4132
f 5217 5220 4132
f 5221 5220 5217
f 4136 4137 4140
f 5222 5220 5221
f 4132 5220 5222
f 4132 4133 4136
f 5221 5223 5222
f 5222 5223 5224
f 5223 5225 5224
f 5222 4131 4132
f 5224 5225 4392
f 5224 5226 5222
f 4392 5227 5224
f 5222 5226 4125
f 4125 4131 5222
f 5228 5226 5224
f 5224 5227 5228
f 4125 5226 5228
f 5229 5227 4392
f 5228 5227 5229
f 5229 5230 5228
f 3822 5230 5229
f 5229 5231 3822
f 3822 5231 3824
f 5231 4032 3824
f 5228 5230 4128
f 4128 5230 3822
f 4128 4126 5228
f 5228 4126 4125
f 5232 5233 2053
f 5234 5233 5232
f 2053 2052 5232
f 5234 5235 5236
f 5236 5235 5237
f 5234 5238 5235
f 5232 5238 5234
f 5235 5238 5239
f 5239 5238 5232
f 5232 5240 5239
f 5237 5241 5236
f 5242 5241 5237
f 5236 5241 5243
f 5243 5241 5242
f 5243 5244 5236
f 5239 5240 2060
f 2052 5240 5232
f 2060 5240 2052
f 5242 5245 5243
f 5246 5245 5242
f 5243 5247 5244
f 5248 5245 5246
f 5243 5245 5248
f 5248 5247 5243
f 5246 4798 5248
f 5248 4798 4790
f 4790 5249 5248
f 4788 5249 4790
f 5250 5247 5248
f 5248 5249 5250
f 5250 5249 4788
f 5244 5247 5250
f 4788 4791 5250
f 5250 5251 5244
f 5244 5251 5252
f 5250 4791 5253
f 5253 5251 5250
f 5252 5251 5253
f 5253 4791 4785
f 4785 4787 5253
f 5254 5252 5253
f 5255 5252 5254
f 5253 4787 5254
f 5256 5254 4787
f 5255 5254 5256
f 4787 4784 5256
f 5256 5257 5255
f 5255 5257 4743
f 4738 4743 5257
f 4738 5257 4737
f 5257 5256 5258
f 5258 5256 4784
f 4737 5257 5258
f 5258 5259 4737
f 4235 4784 4781
f 5258 4784 4235
f 4235 5259 5258
f 4781 4236 4235
f 4737 5259 4238
f 4238 5259 4235
f 5260 5261 5262
f 5262 5263 5264
f 5265 5261 5260
f 5260 5266 5265
f 5262 5261 5267
f 5267 5263 5262
f 5267 5261 5265
f 5265 5266 5268
f 5268 5269 5265
f 5270 5269 5268
f 5265 5269 5271
f 5271 5269 5270
f 5265 5272 5267
f 5271 5272 5265
f 5273 5263 5267
f 5264 5263 5273
f 5267 5272 5274
f 5274 5272 5271
f 5273 5275 5264
f 5264 5275 5053
f 5273 5267 5276
f 5276 5267 5274
f 5059 5275 5273
f 5053 5275 5059
f 5274 5277 5276
f 5062 5273 5276
f 5059 5273 5062
f 5059 5055 5053
f 5276 5278 5062
f 5277 5278 5276
f 5279 5277 5274
f 5274 5271 5279
f 5279 5271 5280
f 5271 5281 5280
f 5270 5281 5271
f 5282 5281 5270
f 5280 5281 5282
f 5270 5283 5282
f 5282 5283 5284
f 5284 5285 5282
f 5286 5285 5284
f 5282 5287 5280
f 5285 5287 5282
f 5280 5288 5279
f 5287 5288 5280
f 5286 5289 5285
f 5288 5290 5279
f 5279 5290 5277
f 5285 5289 5291
f 5292 5289 5286
f 5291 5289 5292
f 5286 5293 5292
f 5006 5293 5286
f 5285 5294 5287
f 5287 5294 5288
f 4996 5293 5006
f 5292 5293 4996
f 5292 5295 5291
f 5291 5295 4989
f 4991 5295 5292
f 4989 5295 4991
f 5292 4995 4991
f 4996 4995 5292
f 5285 5291 4985
f 4985 5291 4989
f 4985 5296 5285
f 5285 5296 5294
f 4989 4986 4985
f 5297 5296 4985
f 5294 5296 5297
f 5298 4393 4394
f 5299 5300 5301
f 5302 5300 5299
f 5299 5303 5302
f 5304 5300 5302
f 5301 5300 5304
f 5302 5305 5304
f 5301 5306 5298
f 5307 5305 5302
f 5298 5306 4389
f 4389 4393 5298
f 4387 5306 5301
f 4389 5306 4387
f 5304 5308 5301
f 5301 5308 4387
f 5304 5305 5309
f 5309 5305 5307
f 4380 5308 5304
f 4387 5308 4380
f 5309 5310 5304
f 5304 5310 4380
f 5307 5311 5309
f 4376 5310 5309
f 4380 5310 4376
f 4380 4382 4387
f 5312 5311 5307
f 5307 5313 5312
f 5309 5311 5314
f 5314 5311 5312
f 5314 5315 5309
f 5309 5315 4376
f 5312 5313 5316
f 5312 5317 5314
f 4371 5315 5314
f 4376 5315 4371
f 5318 5317 5312
f 5319 5312 5316
f 5318 5312 5319
f 5316 5320 5319
f 5321 5320 5316
f 5322 5320 5321
f 5319 5320 5322
f 5321 5323 5322
f 5319 5324 5318
f 4367 5317 5318
f 5314 5317 4367
f 4367 4369 5314
f 5314 4369 4371
f 5318 5324 5325
f 5326 5324 5319
f 5325 5324 5326
f 5319 5327 5326
f 5322 5327 5319
f 4367 5318 4337
f 4337 5318 5325
f 5328 5327 5322
f 5326 5327 5328
f 269 173 5329
f 5329 270 269
f 173 172 5330
f 172 181 5330
f 173 5331 5329
f 5330 5331 173
f 268 270 5329
f 5330 181 5332
f 5332 181 178
f 178 191 5332
f 5329 5331 5333
f 5333 5331 5330
f 5329 5334 268
f 5333 5334 5329
f 268 5334 5335
f 5335 5334 5333
f 5330 5336 5333
f 5332 5336 5330
f 5332 191 197
f 197 5337 5332
f 5332 5337 5336
f 5336 5338 5333
f 5333 5338 5335
f 4982 5339 4984
f 5340 4978 4983
f 4978 5340 4979
f 5341 4983 4984
f 4983 5341 5340
f 5339 5342 4984
f 5342 5339 5343
f 5343 5344 5342
f 5345 5341 4984
f 5341 5345 5346
f 5346 5340 5341
f 5347 5342 5344
f 5342 5347 4984
f 5344 5348 5347
f 5348 5344 5349
f 5340 5346 5350
f 5350 4979 5340
f 5349 5351 5348
f 5351 5349 5352
f 4979 5350 5353
f 5353 4975 4979
f 5352 5354 5351
f 5354 5352 4967
f 4975 5353 5355
f 5355 4971 4975
f 4967 5356 5354
f 5356 4967 4966
f 4971 5355 4966
f 5357 5354 5356
f 5358 5356 4966
f 5356 5358 5357
f 5359 4966 5355
f 4966 5359 5358
f 5355 5360 5359
f 5360 5355 5353
f 5354 5357 5361
f 5361 5351 5354
f 5353 5362 5360
f 5362 5353 5350
f 5351 5361 5363
f 5363 5348 5351
f 5350 5364 5362
f 5364 5350 5346
f 5348 5363 5365
f 5365 5347 5348
f 5346 5366 5364
f 5366 5346 5345
f 5347 5365 5367
f 5367 4984 5347
f 5368 5345 4984
f 4984 5367 5368
f 5345 5368 5366
f 5369 5367 5365
f 5370 5368 5367
f 5367 5369 5370
f 5371 5366 5368
f 5368 5370 5371
f 5366 5371 5372
f 5372 5364 5366
f 5365 5373 5369
f 5373 5365 5363
f 5364 5372 5374
f 5374 5362 5364
f 5363 5375 5373
f 5375 5363 5361
f 5362 5374 5376
f 5376 5360 5362
f 5361 5377 5375
f 5377 5361 5357
f 5360 5376 5378
f 5378 5359 5360
f 5357 5379 5377
f 5379 5357 5358
f 5380 5358 5359
f 5358 5380 5379
f 5359 5378 5380
f 5381 5377 5379
f 5382 5379 5380
f 5379 5382 5381
f 5383 5380 5378
f 5380 5383 5382
f 5378 5384 5383
f 5384 5378 5376
f 5377 5381 5385
f 5385 5375 5377
f 5376 5386 5384
f 5386 5376 5374
f 5375 5385 5387
f 5387 5373 5375
f 5374 5388 5386
f 5388 5374 5372
f 5373 5387 5389
f 5389 5369 5373
f 5372 5390 5388
f 5390 5372 5371
f 5369 5389 5391
f 5391 5370 5369
f 5392 5371 5370
f 5370 5391 5392
f 5371 5392 5390
f 3943 5391 5389
f 3948 5392 5391
f 5391 3943 3948
f 3946 5390 5392
f 5392 3948 3946
f 5390 3946 3941
f 3941 5388 5390
f 5389 3944 3943
f 3944 5389 5387
f 5388 3941 3939
f 3939 5386 5388
f 5387 3956 3944
f 3956 5387 5385
f 5386 3939 3936
f 3936 5384 5386
f 5385 5393 3956
f 5393 5385 5381
f 5384 3936 5394
f 5394 5383 5384
f 5381 5395 5393
f 5395 5381 5382
f 5396 5382 5383
f 5382 5396 5395
f 5383 5394 5396
f 3958 5393 5395
f 3962 5395 5396
f 5395 3962 3958
f 3960 5396 5394
f 5396 3960 3962
f 5394 3938 3960
f 3938 5394 3936
f 5393 3958 3956
f 5397 5398 5399
f 5399 5398 5400
f 5400 5398 5401
f 5401 5398 5397
f 5402 5403 5404
f 5405 5403 5402
f 5404 5406 5402
f 5405 5407 5397
f 5397 5407 5401
f 5408 5407 5405
f 5401 5407 5408
f 5402 5409 5405
f 5405 5409 5408
f 5402 5406 5410
f 5410 5411 5402
f 5412 5409 5402
f 5402 5411 5412
f 5408 5409 5412
f 5408 5413 5401
f 5401 5413 5414
f 5414 5413 5415
f 5415 5413 5408
f 5415 5416 5414
f 5412 5417 5408
f 5408 5417 5415
f 5418 5417 5412
f 5415 5417 5418
f 5412 5411 5419
f 5419 5411 5410
f 5412 5420 5418
f 5419 5420 5412
f 5421 5416 5415
f 5422 5416 5421
f 5418 5423 5415
f 5415 5423 5421
f 5418 5420 5424
f 5424 5420 5419
f 5425 5423 5418
f 5421 5423 5425
f 5421 5426 5422
f 5422 5426 5427
f 5428 5426 5421
f 5427 5426 5428
f 5425 5429 5421
f 5421 5429 5428
f 5418 5430 5425
f 5424 5430 5418
f 5431 5429 5425
f 5428 5429 5431
f 5425 5430 5432
f 5432 5430 5424
f 4645 5433 4644
f 4648 5434 4637
f 4637 5434 4635
f 4635 5434 5435
f 5435 5434 4648
f 4644 5436 4648
f 4830 4635 4835
f 4835 4635 5435
f 5435 5437 4835
f 5438 5437 5435
f 5435 4648 5438
f 5438 4648 5439
f 4648 5436 5439
f 5439 5440 5438
f 5438 5440 5441
f 5439 5436 5442
f 5442 5436 4644
f 4644 5433 5442
f 5441 5440 5443
f 5443 5440 5439
f 5443 5444 5441
f 5441 5444 5445
f 5439 5446 5443
f 5442 5446 5439
f 5447 5444 5443
f 5445 5444 5447
f 5443 5446 5448
f 5448 5446 5442
f 5443 5449 5447
f 5448 5449 5443
f 5447 5450 5445
f 5445 5450 5451
f 5447 5449 5452
f 5452 5449 5448
f 5453 5450 5447
f 5451 5450 5453
f 5452 5454 5447
f 5447 5454 5453
f 5442 5455 5448
f 5456 5455 5442
f 5442 5433 5456
f 5456 5433 4645
f 5448 5455 5457
f 5457 5455 5456
f 4645 5458 5456
f 5457 5459 5448
f 5448 5459 5452
f 4647 5458 4645
f 5456 5458 5099
f 5099 5458 4647
f 5456 5460 5457
f 5099 5460 5456
f 5461 5459 5457
f 5452 5459 5461
f 5457 5460 5176
f 5176 5460 5099
f 5457 5462 5461
f 5176 5462 5457
f 5461 5463 5452
f 5452 5463 5464
f 5464 5454 5452
f 5166 5463 5461
f 5464 5463 5166
f 5461 5462 5168
f 5168 5462 5176
f 5461 5168 5166
f 5453 5454 5464
f 5464 5465 5453
f 5099 5098 5176
f 5166 5466 5464
f 5467 5465 5464
f 5464 5466 5467
f 5453 5465 5468
f 5468 5465 5467
f 5468 5469 5453
f 5453 5469 5451
f 5451 5469 5470
f 5470 5469 5468
f 5470 5471 5451
f 5472 5471 5470
f 5468 5473 5470
f 5470 5474 5472
f 5473 5474 5470
f 5474 5475 5472
f 5476 5475 5474
f 5474 5477 5476
f 5473 5477 5474
f 5476 5477 5478
f 5478 5479 5476
f 5478 5477 5473
f 5480 5479 5478
f 5478 5481 5480
f 5473 5482 5478
f 5483 5481 5478
f 5478 5482 5483
f 5484 5482 5473
f 5483 5482 5484
f 5484 5473 5468
f 5468 5485 5484
f 5467 5485 5468
f 5484 5485 5155
f 5155 5485 5467
f 5484 5486 5483
f 5155 5486 5484
f 5483 5486 5149
f 5149 5486 5155
f 5467 5157 5155
f 5149 5487 5483
f 5159 5157 5467
f 5467 5466 5159
f 5159 5466 5166
f 5487 5481 5483
f 5480 5481 5487
f 5487 5488 5480
f 5146 5488 5487
f 5146 5487 5149
f 5489 5490 5146
f 5491 5490 5489
f 5146 5148 5489
f 5491 5492 5493
f 5489 5148 5143
f 5143 5491 5489
f 5142 5491 5143
f 5491 5142 5492
f 5493 5492 5494
f 5492 5142 5495
f 5492 5496 5494
f 5495 5496 5492
f 5493 5494 5497
f 5497 5498 5493
f 5497 5494 5499
f 5494 5496 5500
f 5500 5496 5495
f 5494 5501 5499
f 5500 5501 5494
f 5502 5498 5497
f 5142 5141 5495
f 5499 5503 5497
f 5504 5502 5497
f 5497 5503 5504
f 5505 5502 5504
f 5505 5506 5502
f 5502 5506 5507
f 5507 5506 5508
f 5508 5506 5505
f 5508 5509 5507
f 5510 5503 5499
f 5504 5503 5510
f 5504 5511 5505
f 5512 5509 5508
f 5505 5513 5508
f 5508 5514 5512
f 5505 5511 5515
f 5515 5513 5505
f 5513 5514 5508
f 5514 5516 5512
f 5512 5516 5517
f 5517 5516 5518
f 5518 5516 5514
f 5518 5519 5517
f 5513 5520 5514
f 5514 5520 5521
f 5515 5520 5513
f 5522 5519 5518
f 5523 5519 5522
f 5518 5514 5524
f 5524 5514 5521
f 5518 5525 5522
f 5524 5525 5518
f 5522 5526 5523
f 5523 5526 5527
f 5528 5526 5522
f 5527 5526 5528
f 5529 5530 5531
f 5531 5530 5532
f 5529 5533 5534
f 5531 5533 5529
f 5534 5535 5536
f 5536 5535 5537
f 5534 5533 5538
f 5538 5533 5531
f 5539 5535 5534
f 5537 5535 5539
f 5538 5540 5534
f 5534 5540 5539
f 5531 5541 5538
f 5539 5542 5537
f 5537 5542 5543
f 5543 5544 5537
f 5545 5544 5543
f 5546 5547 5548
f 5548 5547 5549
f 5550 5547 5546
f 5549 5547 5550
f 5550 5551 5549
f 5552 5545 5543
f 5546 5545 5552
f 5546 3591 5550
f 5550 3591 5553
f 5553 5551 5550
f 3591 5554 5553
f 3589 5554 3591
f 5555 5551 5553
f 5549 5551 5555
f 5555 5556 5549
f 5557 5556 5555
f 5553 5558 5555
f 5553 5554 5559
f 5559 5558 5553
f 5559 5554 3589
f 5555 5558 5560
f 5560 5558 5559
f 5555 5561 5557
f 5560 5561 5555
f 5557 5561 5562
f 5562 5561 5560
f 5562 5563 5557
f 3589 3588 5559
f 3579 5563 5562
f 5560 3576 5562
f 5559 3583 5560
f 5562 3576 3579
f 5560 3583 3576
f 5559 3588 3583
f 3579 3587 5564
f 5564 3587 3586
f 3586 5565 5564
f 5566 5565 3586
f 5567 5565 5566
f 3532 5566 3586
f 5566 5568 5567
f 5567 5568 5569
f 3530 5566 3532
f 5570 5568 5566
f 5569 5568 5570
f 3530 5570 5566
f 5570 5571 5569
f 5569 5571 5572
f 5572 5571 5573
f 5573 5571 5570
f 5573 251 5572
f 255 251 5573
f 5570 5574 5573
f 3528 5574 5570
f 3528 5570 3530
f 5573 5574 5575
f 5575 5574 3528
f 5573 5575 255
f 3817 3816 3811
f 3770 3813 5576
f 5576 3813 3815
f 5576 5577 3770
f 3770 5577 3769
f 3769 5577 5578
f 5578 5577 5576
f 5578 5579 3769
f 3769 5579 3743
f 3815 5580 5576
f 3743 5579 5581
f 5581 5579 5578
f 5576 5582 5578
f 5576 5580 5583
f 5583 5582 5576
f 4720 5580 3815
f 5583 5580 4720
f 3815 5584 4720
f 3816 5584 3815
f 5578 5582 5585
f 5585 5582 5583
f 5585 5586 5578
f 5578 5586 5581
f 4712 5584 3816
f 4720 5584 4712
f 4720 4722 5583
f 3816 4711 4712
f 4705 4711 3816
f 4705 3816 3817
f 5583 4722 4723
f 4723 5587 5583
f 5583 5587 5585
f 5585 5587 5588
f 5588 5587 4723
f 5588 5589 5585
f 5585 5589 5590
f 5590 5586 5585
f 5591 5589 5588
f 5590 5589 5591
f 5581 5586 5590
f 5590 5592 5581
f 4723 4729 5588
f 5581 5592 5593
f 5593 5594 5581
f 5581 5594 3743
f 3743 5594 5595
f 5595 5594 5593
f 5595 5596 3743
f 5597 5596 5595
f 5593 5598 5595
f 5595 5599 5597
f 5595 5598 5600
f 5600 5599 5595
f 5593 5601 5598
f 5592 5601 5593
f 5597 5599 5602
f 5602 5599 5600
f 5602 5603 5597
f 5597 5603 5604
f 5604 5603 5605
f 5605 5603 5602
f 5605 5606 5604
f 5600 5607 5602
f 5608 5601 5592
f 5598 5601 5608
f 5609 5607 5600
f 5602 5607 5610
f 5610 5607 5609
f 5610 5611 5602
f 5602 5611 5605
f 5612 5600 5598
f 5609 5600 5612
f 5605 5611 5613
f 5613 5611 5610
f 5609 5614 5610
f 5613 5615 5605
f 5605 5615 5616
f 5616 5606 5605
f 5617 5606 5616
f 5616 5618 5617
f 5617 5618 4328
f 4328 5618 5619
f 5619 5618 5616
f 5619 4318 4328
f 4317 4318 5619
f 5619 5620 4317
f 4317 5620 4319
f 5616 5621 5619
f 5622 5620 5619
f 5619 5621 5622
f 4319 5620 5622
f 5623 5621 5616
f 5616 5615 5623
f 5622 5621 5623
f 5623 5615 5613
f 5622 5624 4319
f 5623 5625 5622
f 2727 5624 5622
f 5622 5625 2727
f 5613 5626 5623
f 5627 5625 5623
f 5623 5626 5627
f 2727 5625 5627
f 4319 5624 5628
f 5628 5624 2727
f 5629 5626 5613
f 5627 5626 5629
f 5613 5630 5629
f 5610 5630 5613
f 5631 5630 5610
f 5629 5630 5631
f 5610 5614 5631
f 5629 5632 5627
f 5628 5633 4319
f 4319 5633 4310
f 4310 5633 5634
f 5634 5633 5628
f 5634 4315 4310
f 4307 4315 5634
f 5628 5635 5634
f 5634 5636 4307
f 5634 5635 5637
f 5637 5636 5634
f 2721 5635 5628
f 5637 5635 2721
f 5628 2725 2721
f 2727 2725 5628
f 4307 5636 5638
f 5638 5636 5637
f 5638 5639 4307
f 4307 5639 3713
f 3713 5639 5640
f 5640 5639 5638
f 5640 3712 3713
f 3707 3712 5640
f 5640 5641 3707
f 3707 5641 3726
f 5638 5642 5640
f 5643 5641 5640
f 3726 5641 5643
f 5640 5642 5643
f 5643 5644 3726
f 3726 5644 3728
f 3728 5644 5645
f 5645 5644 5643
f 5646 5642 5638
f 5643 5642 5646
f 5643 5647 5645
f 5646 5647 5643
f 5648 3728 5645
f 3729 3728 5648
f 5645 5647 5649
f 5649 5647 5646
f 5638 5650 5646
f 5637 5650 5638
f 5646 5650 2689
f 2689 5650 5637
f 2689 5651 5646
f 5646 5651 5649
f 5637 2720 2689
f 2721 2720 5637
f 5649 5652 5645
f 5645 5652 5648
f 5649 5651 2685
f 2685 5651 2689
f 5653 5652 5649
f 5648 5652 5653
f 2685 5654 5649
f 5649 5654 5653
f 5653 5655 5648
f 5653 5654 2681
f 2681 5654 2685
f 5656 5655 5653
f 2681 2675 5653
f 5653 2675 5656
f 5648 5655 5657
f 5657 5655 5656
f 5657 3729 5648
f 3733 3729 5657
f 5657 5658 3733
f 5656 5659 5657
f 5660 5658 5657
f 5657 5659 5660
f 2671 5659 5656
f 5660 5659 2671
f 5656 2673 2671
f 2675 2673 5656
f 3733 5658 5661
f 5661 5658 5660
f 5661 5662 3733
f 3733 5662 3731
f 3731 5662 3736
f 3736 5662 5661
f 5660 5663 5661
f 5661 5664 3736
f 5661 5663 5665
f 5665 5664 5661
f 2655 5663 5660
f 5665 5663 2655
f 3736 5664 5666
f 5666 5664 5665
f 5666 5667 3736
f 3736 5667 3752
f 2657 5660 2671
f 2655 5660 2657
f 2655 2653 5665
f 3752 5667 4649
f 4649 5667 5666
f 5665 2648 5666
f 4649 5668 3752
f 3752 5668 3784
f 5665 2653 2648
f 5666 2648 2643
f 5666 4650 4649
f 2643 4650 5666
f 4652 5668 4649
f 3784 5668 4652
f 5060 5669 5056
f 5065 5669 5060
f 5062 5670 5063
f 5056 5669 5671
f 5671 5669 5065
f 5063 5672 5065
f 5673 5670 5062
f 5062 5278 5673
f 5063 5670 5674
f 5674 5672 5063
f 5674 5670 5673
f 5673 5278 5277
f 5277 5675 5673
f 5065 5672 5676
f 5676 5672 5674
f 5673 5677 5674
f 5676 5678 5065
f 5065 5678 5671
f 5679 5675 5277
f 5277 5290 5679
f 5673 5675 5680
f 5680 5677 5673
f 5680 5675 5679
f 5679 5290 5288
f 5288 5681 5679
f 5294 5681 5288
f 5679 5681 5682
f 5682 5681 5294
f 5679 5683 5680
f 5682 5683 5679
f 5684 5677 5680
f 5674 5677 5684
f 5680 5683 5685
f 5685 5683 5682
f 5294 5686 5682
f 5685 5687 5680
f 5680 5687 5684
f 5297 5686 5294
f 5682 5686 5688
f 5688 5686 5297
f 5682 5689 5685
f 5688 5689 5682
f 5690 5687 5685
f 5684 5687 5690
f 5685 5689 5691
f 5691 5689 5688
f 5685 5692 5690
f 5691 5692 5685
f 5684 5693 5674
f 5674 5693 5676
f 5694 5693 5684
f 5676 5693 5694
f 5695 5684 5690
f 5694 5684 5695
f 5692 5696 5690
f 5690 5696 5695
f 5697 5678 5676
f 5698 5676 5694
f 5697 5676 5698
f 5695 5696 5699
f 5699 5696 5692
f 5700 5694 5695
f 5698 5694 5700
f 5692 5701 5699
f 5699 5701 5702
f 5703 5701 5692
f 5702 5701 5703
f 5692 5704 5703
f 5691 5704 5692
f 5688 5704 5691
f 5703 5704 5688
f 5688 5705 5703
f 5688 5297 5706
f 5706 5297 4985
f 5706 5707 5688
f 4987 5708 4985
f 5706 4985 5709
f 5709 5707 5706
f 5709 4985 5708
f 5710 5708 4987
f 4987 4997 5710
f 5710 4997 5001
f 5001 5711 5710
f 5032 5711 5001
f 5710 5712 5708
f 5710 5711 5713
f 5713 5712 5710
f 5713 5711 5032
f 5712 5714 5708
f 5708 5714 5709
f 5032 5037 5715
f 4391 4390 5231
f 5231 4390 4032
f 4391 5229 4392
f 5231 5229 4391
f 4397 5223 4396
f 4392 5225 4397
f 4397 5225 5223
f 4396 5223 5716
f 5716 5717 4396
f 5718 5717 5716
f 5718 5719 5717
f 5720 5719 5718
f 5716 5721 5718
f 5718 5722 5720
f 5718 5721 5723
f 5723 5722 5718
f 5720 5722 5724
f 5724 5722 5723
f 5724 5725 5720
f 5726 5721 5716
f 5723 5721 5726
f 5716 5221 5726
f 5223 5221 5716
f 5727 5725 5724
f 5723 5728 5724
f 5724 5729 5727
f 5724 5728 5730
f 5730 5729 5724
f 5726 5731 5723
f 5221 5731 5726
f 5723 5731 5217
f 5217 5731 5221
f 5211 5728 5723
f 5217 5216 5723
f 5723 5216 5211
f 5207 5728 5211
f 5207 5732 5728
f 5728 5732 5730
f 5730 5732 5205
f 5205 5732 5207
f 5730 5205 5733
f 5733 5729 5730
f 5727 5729 5733
f 5733 5734 5727
f 5735 5734 5733
f 5735 5736 5734
f 5733 5205 5203
f 5733 5203 5735
f 5737 5736 5735
f 5133 5736 5737
f 5735 5203 5197
f 5735 5738 5737
f 5197 5738 5735
f 5737 5739 5133
f 5133 5739 5120
f 5120 5739 5087
f 5087 5739 5737
f 5087 5093 5120
f 5737 5740 5087
f 5087 5740 4218
f 5737 5738 5196
f 5196 5740 5737
f 4218 5740 5196
f 5196 5738 5197
f 5741 3431 3446
f 3426 3431 5741
f 3446 3448 5742
f 5742 3448 3447
f 5742 5743 3446
f 3446 5743 5741
f 3447 5744 5742
f 5745 5743 5742
f 5742 5744 5745
f 5741 5743 5745
f 5741 5746 3426
f 3426 5746 3429
f 5747 5746 5741
f 3429 5746 5747
f 5745 5748 5741
f 5741 5748 5747
f 5745 5744 5749
f 5749 5744 3447
f 5750 5748 5745
f 5747 5748 5750
f 5749 5751 5745
f 5745 5751 5750
f 3447 5752 5749
f 3443 5752 3447
f 5753 5751 5749
f 5750 5751 5753
f 5749 5752 5754
f 5754 5752 3443
f 5749 5755 5753
f 5754 5755 5749
f 5750 5756 5747
f 3443 5757 5754
f 1626 5757 3443
f 5758 5757 1626
f 5754 5757 5758
f 1626 1622 5758
f 5758 1622 1619
f 1620 5758 1619
f 5758 5759 5754
f 5759 5758 1620
f 5754 5759 5760
f 5760 5755 5754
f 5753 5755 5760
f 5761 5762 5763
f 5764 5762 5761
f 5761 5765 5764
f 5764 5765 5766
f 5766 5767 5764
f 5510 5767 5766
f 5768 5762 5764
f 5763 5762 5768
f 5764 5767 5769
f 5769 5767 5510
f 5764 5770 5768
f 5769 5770 5764
f 5768 5771 5763
f 5510 5772 5769
f 5499 5772 5510
f 5773 5772 5499
f 5769 5772 5773
f 5499 5501 5773
f 5774 5770 5769
f 5768 5770 5774
f 5773 5775 5769
f 5769 5775 5774
f 5773 5501 5500
f 5500 5776 5773
f 5773 5776 5775
f 5774 5777 5768
f 5137 5500 5495
f 5776 5500 5137
f 5495 5141 5137
f 5776 5778 5775
f 5779 5777 5774
f 5145 5774 5775
f 5775 5778 5145
f 5779 5774 5145
f 5138 5778 5776
f 5145 5778 5138
f 5776 5136 5138
f 5137 5136 5776
f 676 5780 721
f 677 5780 676
f 5781 5780 677
f 721 5780 5781
f 677 684 5781
f 5782 723 721
f 722 723 5782
f 5781 5783 721
f 721 5783 5782
f 5781 684 5784
f 5784 684 680
f 5785 5783 5781
f 5782 5783 5785
f 5784 5786 5781
f 5781 5786 5785
f 680 5787 5784
f 683 5787 680
f 5788 5786 5784
f 5785 5786 5788
f 5784 5787 5789
f 5789 5787 683
f 5784 5790 5788
f 5789 5790 5784
f 5785 5791 5782
f 683 5792 5789
f 5788 5793 5785
f 5794 5792 683
f 683 685 5794
f 5789 5792 5795
f 5795 5792 5794
f 5785 5793 5796
f 5796 5791 5785
f 5797 5793 5788
f 5796 5793 5797
f 5788 5790 5798
f 5798 5790 5789
f 5788 5799 5797
f 5798 5799 5788
f 5789 5800 5798
f 5795 5800 5789
f 5801 5799 5798
f 5797 5799 5801
f 5798 5800 5802
f 5802 5800 5795
f 5798 5803 5801
f 5802 5803 5798
f 5801 5804 5797
f 5801 5803 5805
f 5805 5803 5802
f 5806 5807 5476
f 5808 5807 5806
f 5808 5809 5810
f 5810 5809 5811
f 5811 5812 5810
f 5813 5809 5808
f 5811 5809 5813
f 5814 5812 5811
f 5811 5815 5814
f 5814 5815 5816
f 5817 5815 5811
f 5816 5815 5817
f 5813 5818 5811
f 5811 5818 5817
f 5808 5819 5813
f 5806 5819 5808
f 5820 5818 5813
f 5817 5818 5820
f 5813 5819 5821
f 5821 5819 5806
f 5813 5822 5820
f 5821 5822 5813
f 5816 5817 5823
f 5823 5817 5824
f 5820 5825 5817
f 5817 5825 5824
f 5820 5822 5826
f 5826 5822 5821
f 5827 5825 5820
f 5824 5825 5827
f 5826 5828 5820
f 5820 5828 5827
f 5821 5829 5826
f 5830 5828 5826
f 5827 5828 5830
f 5827 5831 5824
f 5826 5832 5830
f 5826 5829 5833
f 5833 5832 5826
f 5834 5829 5821
f 5833 5829 5834
f 5821 5835 5834
f 5806 5835 5821
f 5836 5835 5806
f 5834 5835 5836
f 5806 5837 5836
f 5476 5837 5806
f 5479 5837 5476
f 5836 5837 5479
f 5836 5488 5834
f 5834 5838 5833
f 5834 5488 5839
f 5839 5838 5834
f 5479 5480 5836
f 5836 5480 5488
f 5833 5838 5840
f 5840 5838 5839
f 5488 5146 5839
f 5840 5841 5833
f 5833 5841 5842
f 5842 5832 5833
f 5843 5841 5840
f 5842 5841 5843
f 5839 5844 5840
f 5830 5832 5842
f 5490 5844 5839
f 5839 5146 5490
f 5840 5844 5491
f 5491 5844 5490
f 5842 5845 5830
f 5843 5846 5842
f 5507 5845 5842
f 5842 5846 5507
f 5830 5845 5847
f 5847 5845 5507
f 5847 5848 5830
f 5830 5848 5827
f 5848 5831 5827
f 5502 5846 5843
f 5507 5846 5502
f 5507 5509 5847
f 5843 5498 5502
f 5493 5498 5843
f 5843 5840 5493
f 5493 5840 5491
f 5847 5509 5512
f 5512 5517 5847
f 5847 5517 5848
f 5517 5849 5848
f 5848 5849 5850
f 5850 5831 5848
f 5824 5831 5850
f 5850 5851 5824
f 5824 5851 5823
f 5850 5849 5523
f 5523 5849 5517
f 5852 5851 5850
f 5823 5851 5852
f 5523 5853 5850
f 5850 5853 5852
f 5517 5519 5523
f 5527 5853 5523
f 5852 5853 5527
f 5823 5852 5854
f 5854 5816 5823
f 5854 5852 5855
f 5527 5856 5852
f 5852 5856 5855
f 5855 5857 5854
f 5854 5857 5858
f 5858 5857 5859
f 5859 5857 5855
f 5859 5860 5858
f 5855 5856 5124
f 5124 5856 5527
f 5855 5861 5859
f 5124 5861 5855
f 4598 5860 5859
f 5862 5860 4598
f 5859 5861 4600
f 4600 5861 5124
f 5859 5863 4598
f 4600 5863 5859
f 4598 5864 5862
f 5862 5864 4604
f 4598 5863 4596
f 4596 5863 4600
f 4599 5864 4598
f 4604 5864 4599
f 5712 5713 5865
f 5865 5713 5032
f 5715 5037 5036
f 5036 5866 5715
f 5867 5866 5036
f 5034 5867 5036
f 5868 5867 5034
f 5034 5039 5868
f 5032 5715 5869
f 5869 5715 5866
f 5866 5867 5870
f 5870 5867 5871
f 5867 5872 5871
f 5868 5872 5867
f 5869 5866 5873
f 5873 5866 5870
f 5874 5872 5868
f 5871 5872 5874
f 5875 5874 5868
f 5868 5039 5875
f 5875 5039 5035
f 5035 5038 5875
f 5875 5038 5876
f 5038 5043 5876
f 5876 5043 5045
f 5045 5877 5876
f 5057 5877 5045
f 5876 5878 5875
f 5877 5878 5876
f 5875 5878 5879
f 5879 5878 5877
f 5879 5874 5875
f 5877 5880 5879
f 5057 5880 5877
f 5056 5881 5057
f 5671 5881 5056
f 5882 5880 5057
f 5879 5880 5882
f 5879 5883 5874
f 5882 5883 5879
f 5057 5884 5882
f 5883 5885 5874
f 5874 5885 5871
f 5886 5884 5057
f 5057 5881 5886
f 5886 5881 5671
f 5882 5887 5883
f 5883 5887 5885
f 5671 5888 5886
f 5697 5888 5671
f 5671 5678 5697
f 5886 5888 5889
f 5889 5888 5697
f 5697 5890 5889
f 5698 5890 5697
f 5891 5890 5698
f 5889 5890 5891
f 5889 5892 5886
f 5891 5892 5889
f 5886 5893 5884
f 5884 5893 5882
f 5886 5892 5894
f 5894 5892 5891
f 5895 5893 5886
f 5882 5893 5895
f 5894 5896 5886
f 5886 5896 5895
f 5891 5897 5894
f 5698 5897 5891
f 5894 5897 5898
f 5898 5897 5698
f 5700 5899 5698
f 5695 5899 5700
f 5698 5899 5900
f 5900 5899 5695
f 5900 5901 5698
f 5698 5901 5898
f 5902 5901 5900
f 5898 5901 5902
f 5695 5699 5903
f 5900 5695 5904
f 5904 5695 5903
f 5900 5905 5902
f 5904 5905 5900
f 5903 5699 5702
f 5702 5906 5903
f 5903 5907 5904
f 5903 5906 5908
f 5908 5907 5903
f 5909 5906 5702
f 5908 5906 5909
f 5703 5909 5702
f 5705 5909 5703
f 5904 5907 5910
f 5910 5907 5908
f 5910 5911 5904
f 5910 5908 5912
f 5912 5908 5909
f 5707 5705 5688
f 5709 5913 5707
f 5707 5913 5914
f 5714 5913 5709
f 5914 5913 5714
f 5914 5915 5707
f 5916 5915 5914
f 5914 5714 5916
f 5916 5714 5712
f 5707 5915 5917
f 5917 5915 5916
f 5712 5918 5916
f 5865 5919 5712
f 5705 5707 5920
f 5920 5707 5917
f 5921 5918 5712
f 5712 5919 5921
f 5922 5919 5865
f 5921 5919 5922
f 5865 5032 5922
f 5922 5032 5869
f 5922 5869 5923
f 5923 5869 5873
f 5921 5922 5924
f 5924 5922 5923
f 5873 5925 5923
f 5924 5926 5921
f 5927 5918 5921
f 5921 5926 5927
f 5916 5918 5927
f 5927 5926 5928
f 5928 5926 5924
f 5929 5916 5927
f 5917 5916 5929
f 5928 5930 5927
f 5927 5930 5929
f 5929 5931 5917
f 5917 5931 5920
f 5929 5930 5932
f 5932 5930 5928
f 5933 5931 5929
f 5920 5931 5933
f 5932 5934 5929
f 5929 5934 5933
f 5928 5935 5932
f 5936 5934 5932
f 5933 5934 5936
f 5933 5937 5920
f 5920 5937 5938
f 5938 5705 5920
f 5939 5937 5933
f 5938 5937 5939
f 5909 5705 5938
f 5933 5940 5939
f 5936 5940 5933
f 5941 5938 5939
f 5909 5938 5941
f 5939 5942 5941
f 5940 5942 5939
f 5909 1008 5912
f 5936 5943 5940
f 5941 624 5909
f 5909 624 1008
f 5912 1008 1010
f 1010 5944 5912
f 5912 5944 5910
f 5910 5944 5911
f 5911 5944 1010
f 5941 1005 624
f 1004 1005 5941
f 5941 5942 1004
f 1004 5942 5940
f 1011 5945 1010
f 1010 5945 5911
f 5911 5945 1016
f 1016 5945 1011
f 5940 5946 1004
f 1016 5947 5911
f 5948 5946 5940
f 5940 5943 5948
f 1004 5946 1000
f 1000 5946 5948
f 5911 5947 5949
f 5904 5911 5949
f 5949 5905 5904
f 5902 5905 5949
f 5949 5950 5902
f 5949 5947 1020
f 1020 5950 5949
f 1020 5947 1016
f 5902 5950 5951
f 5951 5950 1020
f 5951 5952 5902
f 5902 5952 5898
f 1016 1018 1020
f 5898 5952 5953
f 5953 5952 5951
f 1020 1021 5951
f 5953 5954 5898
f 5898 5954 5894
f 5894 5954 5896
f 5896 5954 5953
f 5951 5955 5953
f 1022 5955 5951
f 5951 1021 1022
f 5953 5955 5956
f 5956 5955 1022
f 5956 5896 5953
f 5896 5957 5895
f 5958 5957 5896
f 5958 5896 5956
f 5895 5957 5882
f 5882 5957 5958
f 5959 5887 5882
f 5885 5887 5959
f 5956 5960 5958
f 5959 5961 5885
f 5885 5961 5871
f 5873 5870 5962
f 5962 5870 5871
f 5962 5925 5873
f 5961 5963 5871
f 5871 5963 5962
f 5964 5963 5961
f 5962 5963 5964
f 5965 5925 5962
f 5923 5925 5965
f 5964 5966 5962
f 5962 5966 5965
f 5967 5966 5964
f 5965 5966 5967
f 5965 5968 5923
f 5923 5968 5924
f 5969 5968 5965
f 5924 5968 5969
f 5967 5970 5965
f 5965 5970 5969
f 5971 5972 3319
f 3319 5972 3315
f 3315 5973 3320
f 3320 5973 5974
f 5974 3326 3320
f 3324 3326 5974
f 5974 3336 3324
f 5975 3336 5974
f 3334 3336 5975
f 5976 5974 5973
f 5975 5974 5976
f 5973 3315 5977
f 5977 3315 5972
f 5973 5978 5976
f 5977 5978 5973
f 5979 3335 3334
f 5980 3334 5975
f 5979 3334 5980
f 3328 3335 5979
f 5980 5981 5979
f 5979 5981 3328
f 5975 5982 5980
f 5976 5982 5975
f 4296 5981 5980
f 3328 5981 4296
f 5980 5983 4296
f 5982 5983 5980
f 4296 5983 4297
f 4297 5983 5982
f 5976 5984 5982
f 4324 5984 5976
f 5976 5978 4324
f 5982 5984 4300
f 4300 5984 4324
f 5982 4299 4297
f 4300 4299 5982
f 5131 5985 5130
f 5134 5986 5128
f 5128 5986 5133
f 5987 5985 5131
f 5130 5985 5988
f 5988 5985 5987
f 5130 5989 5134
f 5988 5989 5130
f 5734 5986 5134
f 5133 5986 5734
f 5134 5989 5990
f 5990 5989 5988
f 5134 5991 5734
f 5990 5991 5134
f 5734 5736 5133
f 5987 5992 5988
f 5734 5991 5727
f 5727 5991 5990
f 5988 5993 5990
f 5994 5992 5987
f 5987 5995 5994
f 5988 5992 5719
f 5719 5993 5988
f 5719 5992 5994
f 5990 5993 5720
f 5720 5993 5719
f 5990 5725 5727
f 5720 5725 5990
f 5994 5995 5996
f 5994 5997 5719
f 5998 5997 5994
f 5994 5996 5998
f 5998 5996 5999
f 5996 6000 5999
f 6001 6000 5996
f 5299 6000 6001
f 5999 6000 5299
f 6001 5303 5299
f 5719 5997 5717
f 5717 5997 5998
f 5998 6002 5717
f 5998 5999 4394
f 4394 6002 5998
f 4394 5999 5298
f 5999 6003 5298
f 5299 6003 5999
f 5717 6002 4396
f 4396 6002 4394
f 5301 6003 5299
f 5298 6003 5301
f 2106 6004 3565
f 3565 6004 6005
f 6006 6004 2106
f 6005 6004 6006
f 2106 6007 6006
f 2107 6007 2106
f 6005 6008 3565
f 3565 6008 3556
f 3556 6008 6009
f 6009 6008 6005
f 6009 3548 3556
f 3544 3548 6009
f 6009 6010 3544
f 6011 6010 6009
f 6005 6012 6009
f 6009 6012 6011
f 5268 6012 6005
f 6011 6012 5268
f 6005 6013 5268
f 6006 6013 6005
f 5268 5266 6011
f 5270 6013 6006
f 5268 6013 5270
f 6006 5283 5270
f 5284 5283 6006
f 6006 6007 5284
f 5284 6007 2107
f 6011 5266 5260
f 5260 6014 6011
f 6011 6014 6015
f 6015 6014 6016
f 6016 6014 5260
f 2107 6017 5284
f 6016 6018 6015
f 5006 6017 2107
f 2107 2108 5006
f 5284 6017 5286
f 5286 6017 5006
f 6015 6018 6019
f 6019 6020 6015
f 6019 6021 6020
f 6022 6021 6019
f 6019 6023 6022
f 6019 6018 6024
f 6024 6023 6019
f 6024 6018 6016
f 6022 6023 6025
f 6025 6023 6024
f 6022 6025 6026
f 6016 6027 6024
f 6026 6025 6028
f 6024 6029 6025
f 6028 6030 6026
f 6026 6030 6031
f 6024 6027 6032
f 6032 6029 6024
f 6025 6029 6033
f 6033 6029 6032
f 6025 6034 6028
f 6033 6034 6025
f 6035 6030 6028
f 6031 6030 6035
f 6028 6034 6036
f 6036 6034 6033
f 6028 6037 6035
f 6036 6037 6028
f 6035 6038 6031
f 6031 6038 6039
f 6040 6038 6035
f 6039 6038 6040
f 6035 6037 6041
f 6041 6037 6036
f 6035 6042 6040
f 6041 6042 6035
f 6033 6043 6036
f 6040 6044 6039
f 6039 6044 6045
f 6046 6039 6045
f 6047 6046 6045
f 6048 6047 6045
f 6044 6049 6045
f 6048 6045 6049
f 1362 1364 1242
f 1360 6050 1355
f 1355 6050 1349
f 1360 1362 1240
f 1240 1362 1242
f 6050 1360 1234
f 1234 1360 1240
f 6051 1347 1349
f 1345 1347 6051
f 1349 6050 1233
f 1233 6050 1234
f 1349 6052 6051
f 1233 6052 1349
f 6051 6053 1345
f 1345 6053 1346
f 1233 1230 6052
f 6054 6051 6052
f 6053 6051 6054
f 6053 6055 1346
f 1346 6055 1329
f 1326 1329 1332
f 1332 1329 6055
f 6055 6056 1332
f 6055 6053 6057
f 6057 6056 6055
f 6057 6053 6054
f 1332 6056 1248
f 1248 6056 6057
f 1332 1248 967
f 6054 6058 6057
f 6057 6058 1247
f 1247 1248 6057
f 6059 6058 6054
f 1247 6058 6059
f 6054 6060 6059
f 6052 6060 6054
f 1230 6060 6052
f 6059 6060 1230
f 1231 1247 6059
f 6059 1229 1231
f 1230 1229 6059
f 6061 6062 6063
f 6064 6065 6066
f 6064 6067 6068
f 6068 6067 6069
f 6063 6070 6069
f 6066 6065 6071
f 6072 6065 6064
f 6071 6065 6072
f 6068 6073 6064
f 6064 6073 6072
f 6074 6070 6063
f 6063 6062 6074
f 6069 6070 6075
f 6075 6070 6074
f 6075 6076 6069
f 6069 6076 6068
f 6068 6076 6077
f 6077 6076 6075
f 3619 3632 6071
f 3613 6071 6072
f 3619 6071 3613
f 6072 6078 3613
f 6079 6078 6072
f 6072 6073 6079
f 6079 6073 6068
f 6068 6080 6079
f 6077 6080 6068
f 6081 6078 6079
f 3613 6078 6081
f 6079 6080 6082
f 6082 6080 6077
f 6079 6083 6081
f 6082 6083 6079
f 6081 6083 6084
f 6084 6083 6082
f 6081 3612 3613
f 6084 6085 6081
f 3610 3612 6081
f 6081 6085 3610
f 6082 6086 6084
f 6087 6085 6084
f 3610 6085 6087
f 6084 6086 6088
f 6088 6089 6084
f 6084 6089 6087
f 6090 6086 6082
f 6088 6086 6090
f 6082 6091 6090
f 6077 6091 6082
f 6090 6091 6092
f 6092 6091 6077
f 6090 6093 6088
f 6094 6093 6090
f 6092 6095 6090
f 6090 6095 6094
f 6096 6095 6092
f 6094 6095 6096
f 6077 6097 6092
f 6094 6098 6093
f 6099 6097 6077
f 6077 6100 6099
f 6075 6100 6077
f 6092 6097 6101
f 6101 6097 6099
f 6092 6101 6096
f 2137 6100 6075
f 6099 6100 2137
f 6075 6102 2137
f 6074 6102 6075
f 1044 6102 6074
f 2137 6102 1044
f 3663 1044 6074
f 6074 6062 3663
f 3663 6062 6061
f 6099 2137 2139
f 2139 6103 6099
f 6099 6103 6101
f 6101 6103 2140
f 2140 6103 2139
f 6061 6104 3663
f 2140 6105 6101
f 1039 6104 6061
f 6061 6106 1039
f 3663 6104 3660
f 3660 6104 1039
f 6101 6105 6107
f 1039 6106 1160
f 6096 6101 6107
f 1160 1040 1039
f 6107 6108 6096
f 6107 6105 2142
f 2142 6105 2140
f 6109 6108 6107
f 2142 6110 6107
f 6107 6110 6109
f 6108 6111 6096
f 6096 6111 6094
f 6111 6098 6094
f 6109 6112 6108
f 6109 6110 6113
f 6113 6110 2142
f 6114 6112 6109
f 6113 6115 6109
f 6109 6115 6114
f 6108 6112 6116
f 6116 6112 6114
f 6111 6108 6117
f 6117 6108 6116
f 6118 6098 6111
f 6093 6098 6118
f 6117 6119 6111
f 6111 6119 6118
f 6120 6119 6117
f 6118 6119 6120
f 6121 6088 6093
f 6122 6093 6118
f 6121 6093 6122
f 6120 6123 6118
f 6118 6123 6122
f 6089 6088 6121
f 6121 6124 6089
f 6125 6124 6121
f 3596 6121 6122
f 6125 6121 3596
f 6122 3599 3596
f 6123 3599 6122
f 6089 6124 6126
f 6126 6124 6125
f 6089 6126 6087
f 6087 6126 6127
f 6127 6128 6087
f 6087 6128 3610
f 6125 6129 6126
f 3610 6128 3607
f 3607 6128 6127
f 6126 6130 6127
f 6126 6129 3600
f 3600 6130 6126
f 3597 6129 6125
f 3600 6129 3597
f 6125 3595 3597
f 3596 3595 6125
f 6127 6130 3602
f 3602 6130 3600
f 3602 3605 6127
f 6127 3605 3607
f 481 6131 479
f 479 6131 6132
f 6132 3073 479
f 6133 6131 481
f 6132 6131 6133
f 3069 3073 6132
f 6132 6134 3069
f 3069 6134 3067
f 6135 6134 6132
f 3067 6134 6135
f 6133 6136 6132
f 6132 6136 6135
f 481 6137 6133
f 483 6137 481
f 2055 6136 6133
f 6135 6136 2055
f 6133 6137 2056
f 2056 6137 483
f 6133 2056 2055
f 6135 6138 3067
f 483 2058 2056
f 3067 6138 6139
f 6139 3068 3067
f 6140 6138 6135
f 6139 6138 6140
f 4753 3068 6139
f 6139 6141 4753
f 4753 6141 4745
f 6142 6141 6139
f 4745 6141 6142
f 6140 6143 6139
f 6139 6143 6142
f 6135 6144 6140
f 2055 6144 6135
f 6145 6143 6140
f 6142 6143 6145
f 6140 6144 6146
f 6146 6144 2055
f 6140 6146 6145
f 2055 2054 6146
f 4745 6142 6147
f 6147 6142 6145
f 4744 4745 6147
f 6147 6148 4744
f 4744 6148 4707
f 4707 6148 4741
f 4741 6148 6147
f 6145 4741 6147
f 6149 4741 6145
f 6145 6150 6149
f 6151 6150 6145
f 6149 4743 4741
f 6149 6150 5255
f 5255 6150 6151
f 5255 4743 6149
f 6145 6152 6151
f 6153 6152 6145
f 6145 6146 6153
f 6151 6152 6154
f 6154 6152 6153
f 6154 6155 6151
f 6151 6155 5255
f 5255 6155 5252
f 5252 6155 6154
f 6153 5233 6154
f 2053 6153 6146
f 5233 6153 2053
f 6154 5233 6156
f 6146 2054 2053
f 6154 6156 5252
f 5252 6156 5244
f 5236 5244 6156
f 5234 6156 5233
f 5236 6156 5234
f 5528 5131 5527
f 5527 5131 5124
f 5528 5522 5995
f 5995 5522 5525
f 5525 6157 5995
f 5987 5528 5995
f 5131 5528 5987
f 5131 5127 5124
f 5995 6157 5996
f 6001 6157 5525
f 5996 6157 6001
f 5525 6158 6001
f 5524 6158 5525
f 5303 6158 5524
f 6001 6158 5303
f 5524 6159 5303
f 5521 6159 5524
f 6160 6159 5521
f 5303 6159 6160
f 6161 5521 5520
f 6160 5521 6161
f 5303 6160 5302
f 5302 6160 5307
f 6161 6162 6160
f 6160 6162 5307
f 5520 6163 6161
f 6164 6162 6161
f 5307 6162 6164
f 6165 6163 5520
f 6165 5520 5515
f 6161 6163 6166
f 6166 6163 6165
f 6161 6167 6164
f 6166 6167 6161
f 6168 6165 5515
f 5515 5511 6168
f 6168 5511 5504
f 6169 6165 6168
f 6165 6169 6166
f 5504 6170 6168
f 5510 6170 5504
f 6168 6170 5766
f 5766 6170 5510
f 6168 6171 6169
f 5766 6171 6168
f 6166 6169 6172
f 6169 6171 6173
f 6173 6171 5766
f 6173 6172 6169
f 6172 6174 6166
f 6166 6174 6175
f 6175 6167 6166
f 6176 6174 6172
f 6175 6174 6176
f 6177 6172 6173
f 6172 6177 6176
f 6164 6167 6175
f 6175 6178 6164
f 5766 5765 6173
f 6176 6179 6175
f 5321 6178 6175
f 6175 6179 5321
f 6164 6178 5316
f 5316 6178 5321
f 5316 5313 6164
f 6164 5313 5307
f 6180 6179 6176
f 5321 6179 6180
f 6176 6181 6180
f 6176 6177 6181
f 6180 6181 6182
f 6177 6183 6181
f 6180 5323 5321
f 6184 6183 6177
f 6177 6185 6184
f 6173 6185 6177
f 5761 6185 6173
f 6184 6185 5761
f 6173 5765 5761
f 6181 6183 6186
f 6186 6183 6184
f 6186 6187 6181
f 6181 6187 6182
f 6184 6188 6186
f 6189 6187 6186
f 6182 6187 6189
f 6186 6188 6190
f 6190 6191 6186
f 6186 6191 6189
f 6192 6188 6184
f 6190 6188 6192
f 6184 6193 6192
f 5761 6193 6184
f 5763 6193 5761
f 6192 6193 5763
f 6194 6195 6196
f 6194 6197 6195
f 6194 6196 6198
f 6194 6199 6197
f 6194 6198 6200
f 6194 6201 6199
f 6194 6200 6202
f 6194 6203 6201
f 6194 6202 6204
f 6194 6205 6203
f 6194 6204 6206
f 6194 6206 6205
f 6207 6208 6209
f 6208 6207 6210
f 6209 6211 6207
f 6210 6212 6208
f 6211 6209 6213
f 6212 6210 6214
f 6213 6215 6211
f 6214 6216 6212
f 6215 6213 6217
f 6216 6214 6218
f 6217 6219 6215
f 6218 6220 6216
f 6219 6217 6221
f 6220 6218 6222
f 6221 6223 6219
f 6222 6224 6220
f 6223 6221 6225
f 6224 6222 6226
f 6225 6227 6223
f 6226 6228 6224
f 6227 6225 6229
f 6228 6226 6230
f 6229 6230 6227
f 6230 6229 6228
f 6231 6232 6233
f 6233 6232 6234
f 4320 4325 4330
f 4330 4325 6235
f 6235 6234 6236
f 6236 6234 6232
f 6235 6237 4330
f 6236 6237 6235
f 4330 6237 6238
f 6238 6237 6236
f 6238 6239 4330
f 4330 6239 4328
f 6232 6240 6236
f 4328 6239 5617
f 5617 6239 6238
f 6231 6240 6232
f 6238 6236 6241
f 6241 6236 6240
f 6241 6242 6238
f 6238 6242 5617
f 6231 6243 6244
f 6244 6243 6245
f 6231 6244 6246
f 6246 6247 6231
f 6231 6247 6240
f 6240 6247 6248
f 6248 6247 6246
f 6248 6249 6240
f 6240 6249 6241
f 6241 6249 6250
f 6250 6249 6248
f 6250 6251 6241
f 6241 6251 5604
f 5604 6242 6241
f 5597 6251 6250
f 5604 6251 5597
f 6248 6252 6250
f 5617 6242 5604
f 5604 5606 5617
f 3739 6252 6248
f 6250 6252 3743
f 3743 6252 3739
f 3743 5596 6250
f 6250 5596 5597
f 6248 6253 3739
f 6246 6253 6248
f 3737 6253 6246
f 3739 6253 3737
f 6246 6254 3737
f 6246 6244 6254
f 6245 6254 6244
f 3737 6254 3718
f 6255 6254 6245
f 6254 6256 3718
f 6255 6256 6254
f 3718 3720 3737
f 3718 6256 3715
f 3715 6256 6255
f 6257 6255 6245
f 3709 6255 6257
f 6255 3711 3715
f 3709 3711 6255
f 6245 6258 6257
f 6257 6259 3709
f 6257 6258 6259
f 3709 6259 3698
f 6260 6261 6262
f 6243 6261 6260
f 6260 6263 6243
f 6243 6263 6245
f 6263 1740 6245
f 6245 1740 6264
f 6264 6258 6245
f 6264 6265 6266
f 6266 6265 3354
f 6266 6258 6264
f 3354 6267 6266
f 3351 6267 3354
f 6266 6268 6258
f 6258 6268 6259
f 6269 6268 6266
f 6266 6267 6269
f 6269 6267 3351
f 6259 6268 6269
f 3351 6270 6269
f 6269 6271 6259
f 3348 6270 3351
f 6270 6271 6269
f 6271 3698 6259
f 6270 3697 6271
f 3697 3698 6271
f 6272 3697 6270
f 3348 6273 6270
f 6270 6273 6272
f 3352 6273 3348
f 6272 6273 3352
f 6272 6274 3697
f 3699 3352 4305
f 6272 3352 3699
f 3699 6274 6272
f 3699 4305 3701
f 3695 6274 3699
f 3697 6274 3695
f 6275 6276 6277
f 4854 6278 4852
f 6279 6278 4854
f 6280 6276 6275
f 4854 6281 6279
f 4847 6281 4854
f 4849 6281 4847
f 6279 6281 4849
f 4849 6282 6279
f 6279 6283 6275
f 6279 6282 6284
f 6284 6283 6279
f 6285 6282 4849
f 6284 6282 6285
f 4849 6286 6285
f 4843 6286 4849
f 4845 6286 4843
f 6285 6286 4845
f 6275 6283 6287
f 6287 6283 6284
f 6285 6288 6284
f 6287 6289 6275
f 4845 6290 6285
f 6275 6289 6280
f 6285 6290 6291
f 6291 6288 6285
f 6292 6290 4845
f 6291 6290 6292
f 4845 6293 6292
f 4838 6293 4845
f 4835 6293 4838
f 6292 6293 4835
f 4835 5437 6292
f 6284 6288 6294
f 6294 6288 6291
f 6292 6295 6291
f 6294 6296 6284
f 6284 6296 6287
f 6292 5437 5438
f 5438 6295 6292
f 6291 6295 5441
f 5441 6295 5438
f 6291 6297 6294
f 5441 6297 6291
f 6298 6296 6294
f 6287 6296 6298
f 6294 6297 5445
f 5445 6297 5441
f 6294 6299 6298
f 5445 6299 6294
f 6298 6300 6287
f 6300 6289 6287
f 5472 6300 6298
f 6280 6289 6300
f 6298 6299 5451
f 5451 6299 5445
f 6298 5471 5472
f 5451 5471 6298
f 6280 6300 6301
f 6301 6276 6280
f 6277 6276 6301
f 6277 6301 6302
f 6301 6300 5472
f 6302 6301 6303
f 5472 6303 6301
f 5475 6303 5472
f 6303 6304 6302
f 6302 6304 6305
f 6306 6304 6303
f 6305 6304 6306
f 5475 6307 6303
f 6303 6307 6306
f 6306 6308 6305
f 6305 6308 5810
f 6306 6307 5476
f 5476 6307 5475
f 5808 6308 6306
f 5810 6308 5808
f 5476 5807 6306
f 6306 5807 5808
f 2793 6309 2790
f 2790 6309 2795
f 3374 6309 2793
f 2795 6309 3374
f 2743 2755 6310
f 6310 2755 2796
f 2739 2743 6310
f 2796 2797 6311
f 2796 6312 6310
f 6311 6312 2796
f 6310 6313 2739
f 6310 6312 6314
f 6314 6313 6310
f 6314 6312 6311
f 2739 6313 6315
f 6315 6313 6314
f 6315 6316 2739
f 2739 6316 2734
f 2734 6316 6317
f 6317 6316 6315
f 6317 2738 2734
f 6314 6318 6315
f 6319 6314 6311
f 6318 6314 6319
f 6315 6318 6320
f 6320 6321 6315
f 6315 6321 6317
f 6322 6311 2797
f 6319 6311 6322
f 6319 6323 6318
f 6317 6321 6324
f 6324 6321 6320
f 6318 6323 6325
f 6325 6320 6318
f 6326 6323 6319
f 6325 6323 6326
f 6319 6327 6326
f 6322 6327 6319
f 6328 6320 6325
f 6328 6329 6320
f 6320 6329 6324
f 6330 6329 6328
f 6324 6329 6330
f 6331 6330 6328
f 1974 6330 6331
f 1974 1981 6330
f 6330 1981 1982
f 1971 1974 6331
f 1982 6332 6330
f 6330 6332 6324
f 6331 6333 1971
f 6334 6332 1982
f 6324 6332 6334
f 1982 1991 6334
f 1971 6333 1973
f 6334 1991 1990
f 6334 6335 6324
f 6324 6335 6317
f 1990 6336 6334
f 2000 6336 1990
f 6337 6335 6334
f 6317 6335 6337
f 6334 6336 6337
f 6337 6336 2000
f 6337 2738 6317
f 2737 2738 6337
f 2000 6338 6337
f 6337 6338 2737
f 2990 6338 2000
f 2737 6338 2990
f 6339 6333 6331
f 6331 6328 6339
f 1973 6333 6339
f 6339 6328 6325
f 6325 6340 6339
f 6326 6340 6325
f 6339 6341 1973
f 6339 6340 6342
f 6342 6341 6339
f 6342 6340 6326
f 1973 6341 1978
f 1978 6341 6342
f 6326 6343 6342
f 6344 6343 6326
f 6326 6327 6344
f 6342 6343 6345
f 6345 6343 6344
f 6342 6346 1978
f 6345 6346 6342
f 1978 6347 1977
f 1978 6346 6348
f 6348 6347 1978
f 6348 6346 6345
f 1977 6347 6349
f 6349 6347 6348
f 6349 6350 1977
f 1977 6350 1976
f 6345 6351 6348
f 1976 6350 6352
f 6352 6350 6349
f 6348 6353 6349
f 6348 6351 6354
f 6354 6353 6348
f 6345 6355 6351
f 6344 6355 6345
f 6349 6353 6356
f 6356 6353 6354
f 6356 6357 6349
f 6349 6357 6352
f 6358 6355 6344
f 6351 6355 6358
f 6344 6359 6358
f 6322 6359 6344
f 6344 6327 6322
f 6360 6322 2797
f 6359 6322 6360
f 6360 2797 2795
f 2795 6361 6360
f 3374 6361 2795
f 6360 6362 6359
f 6360 6361 6363
f 6363 6362 6360
f 6363 6361 3374
f 6359 6362 6358
f 6358 6362 6363
f 3374 3373 6363
f 6358 6364 6351
f 6351 6364 6354
f 6363 6365 6358
f 3367 6365 6363
f 6363 3373 3367
f 6358 6365 6366
f 6366 6364 6358
f 6366 6365 3367
f 6367 6364 6366
f 6367 6354 6364
f 6368 6354 6367
f 6368 6369 6354
f 6354 6369 6370
f 6354 6370 6356
f 6370 6369 6371
f 6371 6369 6368
f 6356 6370 6372
f 6371 6373 6370
f 6370 6373 6372
f 6368 6374 6371
f 6375 6373 6371
f 6372 6373 6375
f 6372 6376 6356
f 6356 6376 6377
f 6377 6357 6356
f 6378 6376 6372
f 6377 6376 6378
f 6375 6379 6372
f 6372 6379 6378
f 6352 6357 6377
f 6377 6380 6352
f 6378 6381 6377
f 6382 6380 6377
f 6377 6381 6382
f 6383 6381 6378
f 6382 6381 6383
f 6378 6379 6384
f 6384 6379 6375
f 6378 6385 6383
f 6384 6385 6378
f 6352 6380 6386
f 6386 6380 6382
f 6386 6387 6352
f 6352 6387 1976
f 1976 6387 6388
f 6388 6387 6386
f 6388 1972 1976
f 6386 6389 6388
f 6388 6389 6390
f 6382 6391 6386
f 6392 6389 6386
f 6390 6389 6392
f 6386 6391 6392
f 6392 6393 6390
f 6394 6393 6392
f 6392 6395 6394
f 6392 6391 6396
f 6396 6395 6392
f 6396 6391 6382
f 6394 6395 6397
f 6397 6395 6396
f 6382 6398 6396
f 6383 6398 6382
f 6396 6399 6397
f 6396 6398 6400
f 6400 6399 6396
f 6400 6398 6383
f 6397 6399 6401
f 6401 6399 6400
f 6401 6402 6397
f 6397 6402 6403
f 6403 6402 6404
f 6404 6402 6401
f 6404 6405 6403
f 6383 6406 6400
f 6407 6405 6404
f 6408 6406 6383
f 6383 6385 6408
f 6400 6406 6409
f 6409 6406 6408
f 6400 6410 6401
f 6409 6410 6400
f 6401 6410 6411
f 6411 6410 6409
f 6401 6412 6404
f 6411 6412 6401
f 6404 6412 6413
f 6413 6412 6411
f 1335 1334 6414
f 1318 6415 6416
f 6417 6415 1318
f 6414 1325 6418
f 1328 1325 6414
f 6414 1334 1328
f 6418 1319 6416
f 1325 1319 6418
f 1319 1317 6416
f 6416 1317 1318
f 2610 6417 1318
f 2607 6417 2610
f 2607 6419 6417
f 6419 6420 6417
f 2603 6419 2607
f 6421 6420 6419
f 6421 6422 6420
f 6419 6423 6421
f 2603 6423 6419
f 6424 6422 6421
f 6421 6423 2601
f 2601 6423 2603
f 6421 6425 6424
f 2601 6425 6421
f 6424 6426 6422
f 6422 6426 6427
f 6427 6426 6428
f 6428 6426 6424
f 6428 6429 6427
f 6430 6429 6428
f 6424 6431 6428
f 6424 6425 6432
f 6432 6431 6424
f 6432 6425 2601
f 6428 6431 6433
f 6433 6431 6432
f 6428 6434 6430
f 6433 6434 6428
f 6430 6434 6435
f 6435 6434 6433
f 6435 6436 6430
f 2601 2600 6432
f 6437 6436 6435
f 6433 6438 6435
f 6435 6439 6437
f 6432 6440 6433
f 6435 6438 6441
f 6441 6439 6435
f 6442 6438 6433
f 6433 6440 6442
f 6441 6438 6442
f 2597 6440 6432
f 6432 2600 2597
f 6442 6440 2597
f 6437 6439 6443
f 6443 6439 6441
f 6442 6444 6441
f 6443 6445 6437
f 6437 6445 6446
f 6446 6445 6447
f 6447 6445 6443
f 6441 6448 6443
f 6446 6447 2949
f 2949 6447 6449
f 6449 2947 2949
f 2945 2947 6449
f 2945 6449 6450
f 6450 6449 6447
f 6450 1361 2945
f 2945 1361 1359
f 6447 6451 6450
f 6443 6451 6447
f 6452 6451 6443
f 6450 6451 6452
f 6443 6448 6452
f 6452 6453 6450
f 6450 6453 1361
f 6452 6448 6454
f 6454 6448 6441
f 6441 6444 6454
f 1363 6453 6452
f 1361 6453 1363
f 6454 6455 6452
f 6452 6455 1363
f 6454 6444 6456
f 6456 6444 6442
f 2596 6455 6454
f 1363 6455 2596
f 6456 6457 6454
f 6454 6457 2596
f 6442 6458 6456
f 2597 6458 6442
f 1292 6457 6456
f 2596 6457 1292
f 6456 6458 1290
f 1290 6458 2597
f 6456 1291 1292
f 1290 1291 6456
f 6459 251 252
f 251 6459 261
f 261 6459 6460
f 6460 6461 261
f 6462 6461 6460
f 261 6461 6463
f 6463 6461 6462
f 6463 262 261
f 6462 6464 6463
f 6465 6464 6462
f 5572 262 6463
f 251 262 5572
f 6463 6464 6466
f 6466 6464 6465
f 6463 6467 5572
f 6466 6467 6463
f 5572 6467 5569
f 5569 6467 6466
f 6465 6468 6466
f 6469 6468 6465
f 6466 6468 6470
f 6470 6468 6469
f 6470 6471 6466
f 6466 6471 5569
f 6469 6472 6470
f 5567 6471 6470
f 5569 6471 5567
f 6473 6472 6469
f 6469 6474 6473
f 6473 6474 6475
f 6470 6472 6476
f 6476 6472 6473
f 6475 6477 6473
f 6476 6478 6470
f 6470 6478 5567
f 6479 6477 6475
f 6473 6477 6480
f 6480 6477 6479
f 6473 6481 6476
f 6480 6481 6473
f 5564 6478 6476
f 5567 6478 5564
f 6476 6481 6482
f 6482 6481 6480
f 6476 6483 5564
f 6482 6483 6476
f 5564 5565 5567
f 6479 6484 6480
f 5564 6483 3579
f 3579 6483 6482
f 6485 6484 6479
f 6479 6486 6485
f 6480 6484 5556
f 5556 6484 6485
f 6482 6480 5557
f 5557 6480 5556
f 6482 5563 3579
f 5557 5563 6482
f 6485 6486 224
f 6485 5549 5556
f 224 6487 6485
f 5548 5549 6485
f 6485 6487 5548
f 5546 6487 224
f 5548 6487 5546
f 222 5546 224
f 6488 5546 222
f 210 6488 222
f 6489 6488 210
f 210 213 6489
f 6489 213 211
f 211 6490 6489
f 219 6490 211
f 6489 6491 6488
f 6489 6490 6492
f 6492 6491 6489
f 6492 6490 219
f 6488 6491 5544
f 5544 6491 6492
f 5546 6488 5545
f 5545 6488 5544
f 219 6493 6492
f 6492 6494 5544
f 6495 6493 219
f 219 231 6495
f 6492 6493 5536
f 5536 6494 6492
f 5536 6493 6495
f 6495 231 230
f 230 6496 6495
f 5544 6494 5537
f 5537 6494 5536
f 6495 6497 5536
f 6498 6496 230
f 230 241 6498
f 6495 6496 5529
f 5529 6497 6495
f 5529 6496 6498
f 6498 241 240
f 240 6499 6498
f 244 6499 240
f 6498 6499 5532
f 5532 6499 244
f 6498 5530 5529
f 5532 5530 6498
f 5534 6497 5529
f 5536 6497 5534
f 6500 6501 6502
f 6503 6500 6502
f 6504 6503 6502
f 6505 6504 6502
f 6506 6505 6502
f 6507 6506 6502
f 6508 6507 6502
f 6509 6508 6502
f 6510 6509 6502
f 6511 6510 6502
f 2960 2959 6512
f 2959 6513 6512
f 2959 6514 6513
f 6512 6513 6515
f 6513 6516 6515
f 6513 6514 6517
f 6517 6516 6513
f 6518 6514 2959
f 6517 6514 6518
f 2959 6519 6518
f 2957 6519 2959
f 6520 6519 2957
f 6518 6519 6520
f 2957 6521 6520
f 6522 6521 2957
f 2957 2953 6522
f 6522 2953 2958
f 6518 6523 6517
f 6524 6521 6522
f 6520 6521 6524
f 2958 6525 6522
f 6520 6526 6518
f 6527 6523 6518
f 6518 6526 6527
f 6528 6526 6520
f 6527 6526 6528
f 6520 6529 6528
f 6524 6529 6520
f 6530 6525 2958
f 2958 2955 6530
f 6530 2955 6531
f 2955 2924 6531
f 6531 2924 2917
f 2917 6532 6531
f 2915 6532 2917
f 6533 6532 2915
f 6531 6532 6533
f 2915 2918 6533
f 6533 2918 2920
f 6533 6534 6531
f 6531 6534 6530
f 2920 6535 6533
f 6536 6534 6533
f 6533 6535 6536
f 6530 6534 6536
f 2922 6535 2920
f 6536 6535 2922
f 6536 6537 6530
f 6530 6537 6538
f 6538 6525 6530
f 6539 6537 6536
f 6538 6537 6539
f 6522 6525 6538
f 6538 6540 6522
f 6522 6540 6524
f 6541 6540 6538
f 6524 6540 6541
f 6539 6542 6538
f 6538 6542 6541
f 6536 6543 6539
f 2922 6543 6536
f 6544 6542 6539
f 6541 6542 6544
f 6539 6543 6545
f 6545 6543 2922
f 6539 6546 6544
f 6545 6546 6539
f 6544 6546 6547
f 6547 6546 6545
f 2922 6548 6545
f 6547 6549 6544
f 6550 6548 2922
f 2922 6551 6550
f 2177 6551 2922
f 6552 6551 2177
f 6550 6551 6552
f 2177 2172 6552
f 6552 2172 2170
f 2170 6553 6552
f 2171 6553 2170
f 6552 6554 6550
f 6553 6554 6552
f 6550 6554 6555
f 6555 6554 6553
f 6555 6556 6550
f 2171 2118 6557
f 6557 2118 2113
f 6550 6556 6558
f 6558 6548 6550
f 6545 6548 6558
f 2113 6559 6557
f 2115 6559 2113
f 6557 6559 3567
f 3567 6559 2115
f 6558 6560 6545
f 6545 6560 6547
f 6561 6560 6558
f 6547 6560 6561
f 6558 6556 6562
f 6562 6563 6558
f 6558 6563 6561
f 6562 6556 6555
f 6561 6564 6547
f 6561 6563 6565
f 6565 6563 6562
f 6555 6566 6562
f 6547 6564 6567
f 6567 6549 6547
f 6568 6564 6561
f 6567 6564 6568
f 6565 6569 6561
f 6561 6569 6568
f 6570 6566 6555
f 6555 6571 6570
f 6553 6571 6555
f 6572 6571 6553
f 6570 6571 6572
f 6553 2171 6572
f 6572 2171 6557
f 6557 6573 6572
f 3567 6573 6557
f 6572 6573 3569
f 3569 6573 3567
f 6572 6574 6570
f 3569 6574 6572
f 6570 6574 3572
f 3572 6574 3569
f 3567 3568 3569
f 3572 6575 6570
f 6576 6566 6570
f 6570 6575 6576
f 6562 6566 6576
f 6576 3582 6562
f 6562 3582 6565
f 6576 6575 3577
f 3577 6575 3572
f 3577 3578 6576
f 6576 3578 3582
f 3572 3574 3577
f 3582 6577 6565
f 6565 6577 6578
f 6578 6569 6565
f 3593 6577 3582
f 6578 6577 3593
f 6568 6569 6578
f 6579 6568 6578
f 3591 6578 3593
f 6579 6578 3591
f 5552 6568 6579
f 6568 5552 6567
f 6567 5552 6580
f 6580 6581 6567
f 6567 6581 6582
f 6582 6549 6567
f 6544 6549 6582
f 6582 6583 6544
f 6544 6583 6541
f 6582 6581 6584
f 6584 6581 6580
f 6585 6583 6582
f 6541 6583 6585
f 6584 6586 6582
f 6582 6586 6585
f 6587 6586 6584
f 6585 6586 6587
f 6584 6588 6587
f 6580 6589 6584
f 5552 6589 6580
f 5543 6589 5552
f 6584 6589 5543
f 6587 6588 6590
f 6588 6591 6590
f 6592 6588 6584
f 6591 6588 6592
f 6584 6593 6592
f 5543 6593 6584
f 6594 6593 5543
f 6592 6593 6594
f 6579 5546 5552
f 3591 5546 6579
f 5543 6595 6594
f 6594 6595 6592
f 6596 6595 5543
f 6592 6595 6596
f 5542 6596 5543
f 5539 6596 5542
f 6596 5539 6592
f 6592 5539 6597
f 6592 6597 6591
f 6591 6597 6598
f 6598 6599 6591
f 6600 6599 6598
f 6590 6591 6599
f 6599 6601 6590
f 6600 6602 6599
f 6602 6601 6599
f 3513 6602 6600
f 6600 3511 3513
f 3512 3511 6600
f 6590 6601 6603
f 6603 6601 6602
f 6603 6604 6590
f 6590 6604 6587
f 6587 6604 6605
f 6605 6604 6603
f 6605 6606 6587
f 6587 6606 6585
f 6602 6607 6603
f 6585 6606 6608
f 6608 6606 6605
f 6603 6609 6605
f 6608 6610 6585
f 6603 6607 6611
f 6611 6609 6603
f 6585 6610 6541
f 6605 6609 6612
f 6612 6609 6611
f 6605 6613 6608
f 6612 6613 6605
f 6614 6610 6608
f 6541 6610 6614
f 6608 6613 6615
f 6615 6613 6612
f 6608 6616 6614
f 6615 6616 6608
f 5326 6617 5325
f 5322 6618 5328
f 6619 6618 5322
f 5322 5323 6619
f 6619 5323 6180
f 6180 6620 6619
f 6182 6620 6180
f 6621 6618 6619
f 5328 6618 6621
f 6619 6620 6622
f 6622 6620 6182
f 6619 6623 6621
f 6622 6623 6619
f 5328 6624 5326
f 6182 6625 6622
f 6189 6625 6182
f 6626 6623 6622
f 6621 6623 6626
f 6622 6625 6627
f 6627 6625 6189
f 6621 6628 5328
f 6627 6629 6622
f 6622 6629 6626
f 6189 6630 6627
f 5328 6628 6631
f 6631 6624 5328
f 6632 6628 6621
f 6631 6628 6632
f 6189 6191 6630
f 6621 6633 6632
f 6626 6633 6621
f 6630 6191 6190
f 6634 6633 6626
f 6632 6633 6634
f 6190 6635 6630
f 6634 6636 6632
f 6637 6635 6190
f 6190 6638 6637
f 6192 6638 6190
f 6630 6635 6639
f 6639 6635 6637
f 6639 6640 6630
f 6630 6640 6627
f 6641 6638 6192
f 6637 6638 6641
f 6192 6642 6641
f 5763 6642 6192
f 6643 6642 5763
f 6641 6642 6643
f 5763 5771 6643
f 6641 6644 6637
f 6637 6644 6645
f 6646 6644 6641
f 6645 6644 6646
f 6643 6647 6641
f 6641 6647 6646
f 6643 5771 6648
f 6648 5771 5768
f 5768 5777 6648
f 6649 6647 6643
f 6646 6647 6649
f 6648 6650 6643
f 6643 6650 6649
f 6648 5777 5779
f 5779 6651 6648
f 6652 6650 6648
f 6648 6651 6652
f 6649 6650 6652
f 6649 6653 6646
f 6654 6651 5779
f 6652 6651 6654
f 5779 6655 6654
f 5145 6655 5779
f 6656 6655 5145
f 6654 6655 6656
f 6656 5145 4166
f 4166 6657 6656
f 4171 6657 4166
f 6656 6657 6658
f 6658 6657 4171
f 6658 6654 6656
f 6659 6652 6654
f 6659 6654 6658
f 6649 6652 6659
f 6658 6660 6659
f 5075 6658 4171
f 4171 4178 5075
f 5077 6660 6658
f 5077 6658 5075
f 6659 6660 6661
f 6661 6660 5077
f 6659 6661 6649
f 6649 6661 6662
f 5077 5084 6661
f 6662 6663 6649
f 6663 6653 6649
f 6664 6663 6662
f 6665 6653 6663
f 6646 6653 6665
f 6663 6664 6665
f 6646 6665 6645
f 6665 6664 6666
f 6645 6665 6667
f 6665 6666 6667
f 6667 6666 6668
f 6667 6669 6645
f 6670 6668 6666
f 6671 6666 6664
f 6670 6666 6671
f 6672 6664 6662
f 6671 6664 6672
f 5086 6662 6661
f 6672 6662 5086
f 6661 5084 5086
f 6672 6673 6671
f 6671 6673 6670
f 6674 6673 6672
f 6670 6673 6674
f 5086 6675 6672
f 6672 6675 6674
f 5082 6675 5086
f 6674 6675 5082
f 6674 6676 6670
f 6677 6668 6670
f 6678 6679 6677
f 6680 6678 6677
f 6677 6681 6680
f 6670 6681 6677
f 6680 6681 6682
f 6682 6681 6670
f 6670 6676 6682
f 6683 6680 6682
f 6682 6684 6683
f 6682 6676 6685
f 6685 6684 6682
f 6685 6676 6674
f 6683 6684 6686
f 6686 6684 6685
f 6686 6687 6683
f 6674 6688 6685
f 6689 6687 6686
f 5082 6688 6674
f 6686 6690 6689
f 6685 6691 6686
f 6685 6688 6692
f 6692 6691 6685
f 6692 6688 5082
f 6686 6691 6693
f 6693 6690 6686
f 6693 6691 6692
f 6689 6690 6694
f 6694 6690 6693
f 6694 6695 6689
f 6696 6695 6694
f 5082 5081 6692
f 6694 6697 6696
f 6693 6698 6694
f 6696 6697 6699
f 6700 6697 6694
f 6694 6698 6700
f 6699 6697 6700
f 3877 6698 6693
f 6700 6698 3877
f 6692 6701 6693
f 6693 6701 3877
f 3876 6701 6692
f 6692 5081 3876
f 3877 6701 3876
f 3877 3872 6700
f 6699 6702 6696
f 6700 6703 6699
f 6696 6702 6704
f 6704 6705 6696
f 3879 6702 6699
f 6699 6703 3879
f 6704 6702 3879
f 3874 6703 6700
f 6700 3872 3874
f 3879 6703 3874
f 6706 6705 6704
f 3879 6707 6704
f 6704 6708 6706
f 6704 6707 4350
f 4350 6708 6704
f 6706 6708 6709
f 6709 6708 4350
f 6709 6710 6706
f 6711 6710 6709
f 3880 6707 3879
f 4350 6707 3880
f 6709 6712 6711
f 4350 6713 6709
f 6712 6714 6711
f 4345 6712 6709
f 6709 6713 4345
f 6715 6714 6712
f 4344 6713 4350
f 4345 6713 4344
f 6712 6716 6715
f 6715 6716 6717
f 6717 6718 6715
f 6719 6716 6712
f 6712 4345 6719
f 6717 6716 6719
f 6719 4345 4343
f 6717 6720 6718
f 6718 6720 6721
f 6721 6722 6718
f 6719 6720 6717
f 6721 6720 6719
f 6723 6722 6721
f 6721 6724 6723
f 6719 6725 6721
f 6723 6724 6726
f 6726 6727 6723
f 6728 6724 6721
f 6721 6725 6728
f 6726 6724 6728
f 6729 6727 6726
f 6730 6725 6719
f 6728 6725 6730
f 6728 6731 6726
f 6732 6729 6726
f 6726 6731 6732
f 6733 6729 6732
f 6734 6731 6728
f 6732 6731 6734
f 6735 6733 6732
f 6736 6737 6738
f 6733 6739 6736
f 6738 6737 6740
f 6740 6741 6738
f 6742 6737 6736
f 6736 6739 6742
f 6740 6737 6742
f 6743 6741 6740
f 6744 6739 6733
f 6742 6739 6744
f 6740 6745 6743
f 6742 6746 6740
f 6743 6745 6747
f 6747 6679 6743
f 6748 6745 6740
f 6740 6746 6748
f 6747 6745 6748
f 6749 6746 6742
f 6748 6746 6749
f 6748 6750 6747
f 6668 6679 6747
f 6747 6750 6668
f 6677 6679 6668
f 6668 6750 6667
f 6667 6750 6748
f 6748 6669 6667
f 6749 6669 6748
f 6645 6669 6749
f 6749 6751 6645
f 6645 6751 6637
f 6637 6751 6639
f 6639 6751 6749
f 6749 6752 6639
f 6742 6752 6749
f 6744 6752 6742
f 6639 6752 6744
f 6744 6640 6639
f 6627 6640 6744
f 6744 6753 6627
f 6733 6753 6744
f 6735 6753 6733
f 6627 6753 6735
f 6735 6754 6627
f 6627 6754 6755
f 6755 6754 6735
f 6755 6629 6627
f 6626 6629 6755
f 6735 6756 6755
f 6732 6756 6735
f 6755 6757 6626
f 6734 6756 6732
f 6755 6756 6734
f 6734 6757 6755
f 6626 6757 6634
f 6634 6757 6734
f 6734 6758 6634
f 6728 6758 6734
f 6730 6758 6728
f 6634 6758 6730
f 6730 6636 6634
f 6759 6636 6730
f 6632 6636 6759
f 6730 6760 6759
f 6719 6760 6730
f 6759 6761 6632
f 6632 6761 6631
f 6760 6762 6759
f 6763 6761 6759
f 6759 6762 6763
f 6631 6761 6763
f 6760 6764 6762
f 6719 6764 6760
f 4343 6764 6719
f 6762 6764 4343
f 6624 6617 5326
f 4343 4341 6762
f 6762 4338 6763
f 6763 4338 6631
f 6762 4341 4338
f 6631 4331 6624
f 6624 4331 6617
f 4335 5325 6617
f 4337 5325 4335
f 4331 4333 6617
f 6617 4333 4335
f 6631 4334 4331
f 4338 4334 6631
f 6765 6766 6767
f 6767 6766 6768
f 6768 6769 1763
f 1763 6769 1752
f 1752 6769 1743
f 1743 6769 6768
f 6768 6770 1743
f 1743 6770 1738
f 6768 6766 6771
f 6771 6770 6768
f 1738 6770 6771
f 6771 6766 6765
f 6771 1744 1738
f 6765 1744 6771
f 6765 6772 1744
f 6773 6772 6765
f 1744 6772 6774
f 6774 6772 6773
f 6774 1746 1744
f 6773 6775 6774
f 6776 6775 6773
f 6777 1746 6774
f 1741 1746 6777
f 6774 6775 6778
f 6778 6775 6776
f 6774 6779 6777
f 6778 6779 6774
f 6777 6780 1741
f 1741 6780 1740
f 6777 6779 6781
f 6781 6779 6778
f 6776 6782 6778
f 6783 6782 6776
f 6778 6782 6784
f 6784 6782 6783
f 6784 6785 6778
f 6778 6785 6781
f 6783 6786 6784
f 3353 6785 6784
f 6781 6785 3353
f 6787 6786 6783
f 6783 6788 6787
f 6787 6788 6789
f 6784 6786 6790
f 6790 6786 6787
f 6789 6791 6787
f 6790 6792 6784
f 6784 6792 3353
f 6793 6791 6789
f 6787 6791 6794
f 6794 6791 6793
f 6787 6795 6790
f 6794 6795 6787
f 3349 6792 6790
f 3353 6792 3349
f 6790 6795 6796
f 6796 6795 6794
f 6790 6797 3349
f 6796 6797 6790
f 3349 3350 3353
f 6793 6798 6794
f 3349 6797 3346
f 3346 6797 6796
f 6794 6799 6796
f 6800 6798 6793
f 6793 6801 6800
f 6794 6798 3338
f 3338 6799 6794
f 3338 6798 6800
f 6796 6799 3340
f 3340 6799 3338
f 6796 3344 3346
f 3340 3344 6796
f 6800 6801 6802
f 6802 3331 6800
f 3328 3331 6802
f 1718 3328 6802
f 3338 6800 3332
f 3332 6800 3331
f 6803 6804 6805
f 6804 6803 6806
f 6805 6807 6803
f 6806 6808 6804
f 6807 6805 6809
f 6808 6806 6810
f 6809 6811 6807
f 6810 6812 6808
f 6811 6809 6813
f 6812 6810 6814
f 6813 6815 6811
f 6814 6816 6812
f 6815 6813 6817
f 6816 6814 6818
f 6817 6819 6815
f 6818 6820 6816
f 6819 6817 6821
f 6820 6818 6822
f 6821 6823 6819
f 6822 6824 6820
f 6823 6821 6825
f 6824 6822 6826
f 6825 6826 6823
f 6826 6825 6824
f 6827 6828 6829
f 6828 6827 4982
f 4982 4981 6828
f 6829 6830 6827
f 6830 6829 6831
f 5339 4982 6827
f 6831 6832 6830
f 6832 6831 6833
f 5343 6827 6830
f 6827 5343 5339
f 6834 6830 6832
f 6830 6834 5343
f 6833 6835 6832
f 6835 6833 6836
f 6832 6837 6834
f 6837 6832 6835
f 5344 5343 6834
f 5349 6834 6837
f 6834 5349 5344
f 6836 4965 6835
f 4965 6836 4962
f 6835 6838 6837
f 6838 6835 4965
f 6837 5352 5349
f 5352 6837 6838
f 6838 4967 5352
f 4967 6838 4965
f 4895 6839 4897
f 4605 4898 4897
f 4609 4898 4605
f 4609 4610 4616
f 4897 4606 4605
f 4897 6839 6840
f 6840 4606 4897
f 6841 6839 4895
f 6840 6839 6841
f 4895 6842 6841
f 4886 6842 4895
f 6843 6842 4886
f 6841 6842 6843
f 4886 6844 6843
f 4878 6844 4886
f 4880 6844 4878
f 6843 6844 4880
f 4880 6845 6843
f 6843 6846 6841
f 6845 6846 6843
f 6847 6845 4880
f 4880 6848 6847
f 4871 6848 4880
f 4873 6848 4871
f 6847 6848 4873
f 6841 6846 6849
f 6849 6846 6845
f 6847 6850 6845
f 6849 6851 6841
f 6841 6851 6840
f 6847 4873 6852
f 6852 6850 6847
f 6852 4873 6853
f 4873 6854 6853
f 4869 6854 4873
f 4870 6854 4869
f 6853 6854 4870
f 4870 6855 6853
f 6853 6856 6852
f 6845 6850 6849
f 6853 6855 6857
f 6857 6856 6853
f 6852 6856 6858
f 6858 6856 6857
f 6852 6859 6850
f 6858 6859 6852
f 6849 6850 6860
f 6850 6859 6861
f 6861 6859 6858
f 6850 6861 6860
f 6860 6862 6849
f 6849 6862 6863
f 6863 6851 6849
f 6864 6862 6860
f 6863 6862 6864
f 6840 6851 6863
f 6863 6865 6840
f 6860 6861 6866
f 6860 6867 6864
f 6866 6867 6860
f 6840 6865 4604
f 4604 4606 6840
f 5862 6865 6863
f 4604 6865 5862
f 6864 6868 6863
f 6863 6868 5862
f 6864 6867 6869
f 6869 6867 6866
f 5858 6868 6864
f 5862 6868 5858
f 6869 6870 6864
f 6864 6870 5858
f 6866 6871 6869
f 5854 6870 6869
f 5858 6870 5854
f 5858 5860 5862
f 6869 5816 5854
f 6869 6871 5816
f 5814 6871 6866
f 5816 6871 5814
f 6866 6872 5814
f 6861 6872 6866
f 6873 6872 6861
f 5814 6872 6873
f 6861 6874 6873
f 6858 6874 6861
f 6873 5812 5814
f 6875 6874 6858
f 6873 6874 6875
f 6858 6876 6875
f 6857 6876 6858
f 6875 6877 6873
f 6878 6876 6857
f 6875 6876 6878
f 5810 5812 6873
f 6873 6877 5810
f 6305 6877 6875
f 5810 6877 6305
f 6878 6879 6875
f 6875 6879 6305
f 6857 6880 6878
f 6302 6879 6878
f 6305 6879 6302
f 6881 6880 6857
f 6857 6855 6881
f 6881 6855 4870
f 6878 6880 6882
f 6882 6880 6881
f 4870 6883 6881
f 4863 6883 4870
f 4865 6883 4863
f 6881 6883 4865
f 4865 6884 6881
f 6881 6884 6882
f 6885 6884 4865
f 6882 6884 6885
f 6882 6886 6878
f 6878 6886 6302
f 6277 6886 6882
f 6302 6886 6277
f 6885 6887 6882
f 6882 6887 6277
f 6278 4865 4852
f 6885 4865 6278
f 6278 6888 6885
f 6275 6887 6885
f 6885 6888 6275
f 6277 6887 6275
f 6279 6888 6278
f 6275 6888 6279
f 6889 6049 6044
f 6044 6890 6889
f 6040 6890 6044
f 6891 6890 6040
f 6889 6890 6891
f 6040 6042 6891
f 6889 6892 6049
f 6891 6042 6041
f 6891 6893 6889
f 6041 6894 6891
f 6889 6893 6895
f 6895 6892 6889
f 5632 6893 6891
f 6891 6894 5632
f 6895 6893 5632
f 6896 6894 6041
f 5632 6894 6896
f 6041 6897 6896
f 6036 6897 6041
f 6036 6043 6897
f 5627 5632 6896
f 5629 6898 5632
f 5632 6898 6895
f 5631 6898 5629
f 6895 6898 5631
f 6897 5627 6896
f 2727 5627 6897
f 6897 6899 2727
f 5631 6900 6895
f 6901 6899 6897
f 6897 6043 6901
f 2727 6899 6902
f 6902 6899 6901
f 6902 2730 2727
f 6901 6043 6033
f 6033 6903 6901
f 6032 6903 6033
f 6901 6903 6904
f 6904 6903 6032
f 6901 6905 6902
f 6904 6905 6901
f 2729 2730 6902
f 6902 6906 2729
f 6902 6905 6907
f 6907 6906 6902
f 6907 6905 6904
f 2729 6906 5048
f 5048 6906 6907
f 5048 5042 2729
f 2729 5042 2731
f 6904 5051 6907
f 6907 5050 5048
f 5051 5050 6907
f 6908 5051 6904
f 6904 6909 6908
f 6032 6909 6904
f 6910 6909 6032
f 6908 6909 6910
f 6032 6027 6910
f 6910 6027 6016
f 6016 6911 6910
f 5260 6911 6016
f 6910 6912 6908
f 6910 6911 5262
f 5262 6912 6910
f 5262 6911 5260
f 6908 6912 5264
f 5264 6912 5262
f 5264 5053 6908
f 6908 5053 5051
f 6614 6913 6541
f 6614 6616 6914
f 6914 6616 6615
f 6612 6915 6615
f 6914 6916 6614
f 6917 6913 6614
f 6614 6916 6917
f 6541 6913 6918
f 6918 6913 6917
f 6918 6919 6541
f 6541 6919 6524
f 6524 6919 6920
f 6920 6919 6918
f 6920 6529 6524
f 6528 6529 6920
f 6918 6921 6920
f 6920 6922 6528
f 6920 6921 6923
f 6923 6922 6920
f 6924 6921 6918
f 6923 6921 6924
f 6918 6925 6924
f 6917 6925 6918
f 6528 6922 6926
f 6926 6922 6923
f 6926 6927 6528
f 6528 6927 6527
f 6924 6928 6923
f 6527 6927 6929
f 6929 6927 6926
f 6923 6930 6926
f 6923 6928 6931
f 6931 6930 6923
f 6932 6928 6924
f 6931 6928 6932
f 6926 6930 6933
f 6933 6930 6931
f 6933 6934 6926
f 6926 6934 6929
f 6931 6935 6933
f 6936 6934 6933
f 6929 6934 6936
f 6933 6935 6937
f 6937 6938 6933
f 6933 6938 6936
f 6939 6935 6931
f 6937 6935 6939
f 6931 6940 6939
f 6932 6940 6931
f 6941 6940 6932
f 6939 6940 6941
f 6932 6942 6941
f 6943 6942 6932
f 6932 6924 6943
f 6943 6924 6925
f 6939 6944 6937
f 6945 6942 6943
f 6941 6942 6945
f 6925 6946 6943
f 6941 6947 6939
f 6948 6944 6939
f 6939 6947 6948
f 6949 6947 6941
f 6948 6947 6949
f 6941 6950 6949
f 6945 6950 6941
f 6951 6946 6925
f 6917 6951 6925
f 6916 6951 6917
f 6916 6952 6951
f 6916 6914 6953
f 6953 6952 6916
f 6953 6914 6954
f 6914 6955 6954
f 6615 6955 6914
f 6956 6955 6615
f 6954 6955 6956
f 6615 6915 6956
f 6951 6952 6957
f 6957 6952 6953
f 6954 6958 6953
f 6957 6959 6951
f 6960 6958 6954
f 6954 6956 6960
f 6953 6958 6961
f 6961 6958 6960
f 6953 6962 6957
f 6961 6962 6953
f 6957 6962 6963
f 6963 6962 6961
f 6960 6956 6964
f 6960 6965 6961
f 6956 6966 6964
f 6967 6966 6956
f 6956 6915 6967
f 6967 6915 6612
f 6612 6968 6967
f 6611 6968 6612
f 6969 6966 6967
f 6964 6966 6969
f 6967 6968 6970
f 6970 6968 6611
f 6967 6971 6969
f 6970 6971 6967
f 6611 6972 6970
f 6960 6964 6973
f 6973 6965 6960
f 6973 6964 6974
f 6975 6972 6611
f 6611 6607 6975
f 6975 6607 6602
f 6964 6976 6974
f 6969 6976 6964
f 6602 6977 6975
f 3513 6977 6602
f 6978 6972 6975
f 6970 6972 6978
f 6975 6977 3543
f 3543 6977 3513
f 6975 6979 6978
f 3543 6979 6975
f 6978 6980 6970
f 3513 3509 3543
f 6978 6979 3544
f 3544 6979 3543
f 6970 6980 6981
f 6981 6971 6970
f 6969 6971 6981
f 6011 6980 6978
f 6981 6980 6011
f 6981 6982 6969
f 6978 6010 6011
f 3544 6010 6978
f 6011 6983 6981
f 6982 6976 6969
f 6984 6982 6981
f 6981 6983 6984
f 6974 6976 6982
f 6984 6985 6982
f 6982 6985 6986
f 6020 6985 6984
f 6986 6985 6020
f 6984 6983 6015
f 6015 6983 6011
f 6015 6020 6984
f 6974 6982 6987
f 6987 6982 6986
f 6987 6988 6974
f 6974 6988 6973
f 6973 6988 6989
f 6989 6988 6987
f 6986 6990 6987
f 6989 6991 6973
f 6991 6965 6973
f 6961 6965 6991
f 6991 6963 6961
f 6989 6992 6991
f 6993 6989 6987
f 6992 6989 6993
f 6987 6990 6993
f 6046 6994 6992
f 6993 6046 6992
f 6993 6990 6995
f 6995 6990 6986
f 6993 6996 6046
f 6995 6996 6993
f 6986 6997 6995
f 6020 6997 6986
f 6995 6997 6021
f 6021 6997 6020
f 6995 6998 6996
f 6021 6998 6995
f 6996 6998 6999
f 6999 6998 6021
f 7000 6046 6996
f 6999 7000 6996
f 6021 6022 6999
f 6039 7000 6999
f 6999 6022 6026
f 6999 7001 6039
f 6026 7001 6999
f 6039 6046 7000
f 6039 7001 6031
f 6031 7001 6026
f 6994 6991 6992
f 6994 6046 6047
f 3354 7002 3353
f 3353 7002 6781
f 7003 7002 3354
f 6781 7002 7003
f 6265 7003 3354
f 7003 7004 6781
f 6781 7004 6777
f 6777 7004 7005
f 7005 7004 7003
f 7005 6780 6777
f 1740 6780 7005
f 6264 7005 7003
f 6264 7003 6265
f 1740 7005 6264
f 1736 7006 1732
f 1732 7006 1734
f 1740 6263 1736
f 7007 7006 1736
f 1734 7006 7007
f 1736 6263 7007
f 7007 7008 1734
f 1734 7008 4233
f 7009 7008 7007
f 4233 7008 7009
f 6263 7010 7007
f 7007 7010 7009
f 6260 7010 6263
f 7009 7010 6260
f 7009 7011 4233
f 4233 7011 3316
f 7011 3319 3316
f 6260 6262 7009
f 7009 6262 7011
f 7011 5971 3319
f 6262 5971 7011
f 7012 5970 5967
f 5969 5970 7012
f 5969 7013 5924
f 5924 7013 5928
f 5928 7013 7014
f 7014 7013 5969
f 7014 5935 5928
f 7012 7015 5969
f 5969 7015 7014
f 7016 5935 7014
f 5932 5935 7016
f 7014 7015 7017
f 7017 7015 7012
f 7014 7018 7016
f 7017 7018 7014
f 7016 7019 5932
f 5932 7019 5936
f 5936 7019 7020
f 7020 7019 7016
f 7020 5943 5936
f 7016 7018 7021
f 7021 7018 7017
f 7016 7022 7020
f 7021 7022 7016
f 5948 5943 7020
f 7020 7023 5948
f 7020 7022 7024
f 7024 7023 7020
f 7024 7022 7021
f 5948 7023 7025
f 7025 7023 7024
f 7021 7026 7024
f 7017 7027 7021
f 7024 7026 7028
f 7029 7026 7021
f 7021 7027 7029
f 7028 7026 7029
f 7030 7027 7017
f 7029 7027 7030
f 7017 7031 7030
f 7012 7031 7017
f 7030 7032 7029
f 7033 7031 7012
f 7030 7031 7033
f 7012 5967 7033
f 7033 5967 5964
f 7033 7034 7030
f 7035 7032 7030
f 7030 7034 7035
f 7036 7034 7033
f 7035 7034 7036
f 5964 7036 7033
f 5961 7037 5964
f 7037 7036 5964
f 7038 7037 5961
f 7037 3245 7036
f 5961 5959 7038
f 7038 7039 7037
f 7038 5959 7040
f 5959 5882 7040
f 7040 5882 5958
f 5958 5960 7040
f 7040 7041 7038
f 5960 7041 7040
f 7038 7041 7042
f 7042 7039 7038
f 7042 7041 5960
f 5960 5956 1024
f 1024 5956 1022
f 5960 7043 7042
f 1024 7043 5960
f 7044 7039 7042
f 7037 7039 7044
f 7044 3245 7037
f 7042 7043 1029
f 1029 7043 1024
f 7042 1035 7044
f 1029 1035 7042
f 3245 7045 7036
f 7036 7045 7035
f 3245 7044 3244
f 3244 7044 1035
f 4806 7046 4817
f 4799 7046 4806
f 7047 7046 4799
f 4817 7046 7047
f 4799 7048 7047
f 4795 7048 4799
f 5246 7048 4795
f 7047 7048 5246
f 4795 4798 5246
f 7047 7049 4817
f 4817 7050 4816
f 4817 7049 7051
f 7051 7050 4817
f 7052 7049 7047
f 7051 7049 7052
f 5246 7053 7047
f 7047 7053 7052
f 5242 7053 5246
f 7052 7053 5242
f 4816 7050 3107
f 3107 7050 7051
f 7052 7054 7051
f 3107 3106 4816
f 4816 3106 7055
f 7055 4815 4816
f 7051 3111 3107
f 4813 4815 7055
f 3113 3111 7051
f 7051 7054 3113
f 7055 3089 4813
f 4813 3089 7056
f 7056 7057 4813
f 4813 7057 4811
f 4811 7057 7058
f 7058 7057 7056
f 7058 4814 4811
f 3091 7055 3106
f 3089 7055 3091
f 3089 3088 7056
f 7056 3088 3083
f 7056 3083 7058
f 7058 3083 3081
f 3081 7059 7058
f 7059 4814 7058
f 4809 4814 7059
f 7059 4760 4809
f 3075 7059 3081
f 7060 4760 7059
f 3075 7061 7059
f 7059 7061 7060
f 3081 3077 3075
f 3063 7061 3075
f 7060 7061 3063
f 7060 7062 4760
f 4760 7062 4754
f 7063 7062 7060
f 4754 7062 7063
f 3063 3062 7060
f 7060 3062 7063
f 7063 4749 4754
f 7064 4749 7063
f 7064 4750 4749
f 4748 4750 7064
f 7064 7065 4748
f 4748 7065 3065
f 7063 3060 7064
f 3059 7065 7064
f 7064 3060 3059
f 3065 7065 3059
f 3061 3060 7063
f 7063 3062 3061
f 255 5575 7066
f 7066 246 255
f 236 246 7066
f 7066 7067 236
f 236 7067 244
f 7068 7067 7066
f 244 7067 7068
f 7068 7069 244
f 244 7069 5532
f 7068 7066 3525
f 3525 7066 5575
f 7070 7069 7068
f 5532 7069 7070
f 3525 7071 7068
f 7068 7071 7070
f 5575 3527 3525
f 3528 3527 5575
f 3517 7071 3525
f 7070 7071 3517
f 7070 7072 5532
f 5532 7072 5531
f 7072 5541 5531
f 7073 5541 7072
f 5538 5541 7073
f 7072 7070 3514
f 3514 7070 3517
f 7072 3510 7073
f 3514 3510 7072
f 6598 5538 7073
f 5540 5538 6598
f 5539 5540 6597
f 6597 5540 6598
f 6598 7073 7074
f 6598 7074 7075
f 7074 7073 3510
f 3510 3508 7074
f 7074 3508 3507
f 7075 7074 3507
f 7075 7076 6598
f 6598 7076 6600
f 3512 7076 7075
f 6600 7076 3512
f 3507 3512 7075
f 3509 3512 3507
f 1620 7077 5759
f 5760 7078 5753
f 7079 7078 5760
f 5759 7077 5760
f 5753 7078 7080
f 7080 7078 7079
f 5753 7080 5750
f 5750 7080 7081
f 7081 5756 5750
f 7080 7082 7081
f 7083 7082 7080
f 7084 7080 7079
f 7083 7080 7084
f 7079 7085 7084
f 5760 7085 7079
f 7086 5756 7081
f 5747 5756 7086
f 7081 7082 7087
f 7087 7082 7083
f 7081 7087 7086
f 7086 7088 5747
f 5747 7088 3429
f 7086 7087 7089
f 7090 7088 7086
f 3429 7088 7090
f 7089 7091 7086
f 7086 7091 7090
f 7090 7092 3429
f 3429 7092 3422
f 3422 7092 7093
f 7093 7092 7090
f 7093 3424 3422
f 3414 3424 7093
f 7090 7094 7093
f 7090 7091 7095
f 7095 7094 7090
f 7095 7091 7089
f 7093 7094 7096
f 7096 7094 7095
f 7093 7097 3414
f 7096 7097 7093
f 3414 7097 7098
f 7098 7097 7096
f 7098 3415 3414
f 3410 3415 7098
f 7096 7099 7098
f 7098 4260 3410
f 7095 7100 7096
f 7098 7099 4262
f 4262 4260 7098
f 4263 7099 7096
f 7096 7100 4263
f 4262 7099 4263
f 7101 7100 7095
f 4263 7100 7101
f 7102 7103 7104
f 7105 7103 7102
f 7106 7107 7108
f 2943 7109 7105
f 7104 7110 7106
f 1354 7109 2943
f 2943 1357 1354
f 7105 7109 1352
f 1352 7109 1354
f 7106 7110 7111
f 7111 7107 7106
f 7112 7110 7104
f 7111 7110 7112
f 7104 7103 7113
f 7113 7103 7105
f 7104 7114 7112
f 7113 7114 7104
f 7105 7115 7113
f 1352 7115 7105
f 7116 7114 7113
f 7112 7114 7116
f 7113 7115 1342
f 1342 7115 1352
f 7113 7117 7116
f 1342 7117 7113
f 7116 7118 7112
f 7116 7117 1337
f 1337 7117 1342
f 1352 1344 1342
f 1337 1336 7116
f 1335 7118 7116
f 7116 1336 1335
f 7112 7118 7119
f 7119 7118 1335
f 7119 7120 7112
f 7112 7120 7111
f 7111 7120 7121
f 7121 7120 7119
f 7121 7122 7111
f 7111 7122 7123
f 7123 7107 7111
f 7108 7107 7123
f 7108 7123 2887
f 2887 7123 7124
f 7123 7122 7125
f 7125 7122 7121
f 7125 7124 7123
f 7126 7124 7125
f 7127 7126 7128
f 7126 7129 7128
f 7130 7128 7131
f 7128 7132 7131
f 7133 7134 7131
f 7131 7132 7133
f 7135 7134 7133
f 7136 7132 7128
f 7128 7129 7136
f 7133 7132 7136
f 7133 7137 7135
f 7136 7138 7133
f 7135 7137 7139
f 7139 7140 7135
f 7133 7138 7137
f 7141 7140 7139
f 7142 7141 7139
f 7143 7141 7142
f 7142 7139 7144
f 7144 7139 7137
f 7145 7143 7142
f 7146 7143 7145
f 7145 7142 6430
f 6430 7142 7144
f 6437 7146 7145
f 6446 7146 6437
f 6430 6436 7145
f 7145 6436 6437
f 7137 7147 7144
f 7138 7147 7137
f 7144 7147 6427
f 6427 7147 7138
f 7138 7136 7148
f 7148 7136 7129
f 7148 7149 7138
f 7138 7149 6427
f 6422 7149 7148
f 6427 7149 6422
f 7148 7129 7150
f 7150 7129 7126
f 6427 6429 7144
f 7150 6420 7148
f 7148 6420 6422
f 7144 6429 6430
f 7126 7151 7150
f 7125 7151 7126
f 7125 7152 7151
f 7121 7152 7125
f 6417 7150 7151
f 6420 7150 6417
f 7151 7152 7153
f 7153 7152 7121
f 7121 7154 7153
f 7119 7154 7121
f 6415 7151 7153
f 6417 7151 6415
f 7153 7154 7155
f 7155 7154 7119
f 7153 7156 6415
f 7155 7156 7153
f 7119 7157 7155
f 1335 7157 7119
f 6416 7156 7155
f 6415 7156 6416
f 7155 7157 6414
f 6414 7157 1335
f 7155 6418 6416
f 6414 6418 7155
f 7158 3031 3026
f 3030 3031 7158
f 3030 4112 3029
f 3026 7159 7158
f 7160 7159 3026
f 3026 1939 7160
f 7160 1939 1934
f 1934 7161 7160
f 1937 7161 1934
f 7162 7159 7160
f 7158 7159 7162
f 7160 7161 7163
f 7163 7161 1937
f 7160 7164 7162
f 7163 7164 7160
f 7158 7165 3030
f 1937 7166 7163
f 3030 7165 4103
f 4103 4112 3030
f 4098 7165 7158
f 4103 7165 4098
f 7167 7166 1937
f 1937 1943 7167
f 7163 7166 7168
f 7168 7166 7167
f 7158 7169 4098
f 7162 7169 7158
f 7167 1943 1942
f 4090 7169 7162
f 4098 7169 4090
f 1942 7170 7167
f 4090 4091 4098
f 7171 7170 1942
f 1942 7172 7171
f 1940 7172 1942
f 7173 7172 1940
f 7171 7172 7173
f 1940 1947 7173
f 7173 1947 1950
f 1950 7174 7173
f 1959 7174 1950
f 7173 7174 7175
f 7175 7174 1959
f 7173 7176 7171
f 7175 7176 7173
f 7171 7176 7177
f 7177 7176 7175
f 1959 7178 7175
f 1965 7178 1959
f 7175 7178 7179
f 7179 7178 1965
f 7179 7180 7175
f 7175 7180 7177
f 1965 7181 7179
f 7182 7180 7179
f 7177 7180 7182
f 7183 7181 1965
f 1965 1967 7183
f 7183 1967 1966
f 7179 7181 7184
f 7184 7181 7183
f 7179 7184 7182
f 1966 7185 7183
f 6388 7185 1966
f 1966 1972 6388
f 7183 7185 6390
f 6390 7185 6388
f 7183 7186 7184
f 6390 7186 7183
f 7182 7184 7187
f 7184 7186 7188
f 7188 7186 6390
f 7188 7187 7184
f 7187 7189 7182
f 7190 7187 7188
f 6390 6393 7188
f 7190 7191 7187
f 7192 7189 7187
f 7187 7191 7192
f 7182 7189 7193
f 7193 7189 7192
f 7193 7194 7182
f 7182 7194 7177
f 7177 7194 7195
f 7195 7194 7193
f 7195 7196 7177
f 7177 7196 7171
f 7193 7197 7195
f 7198 7196 7195
f 7171 7196 7198
f 7195 7197 7198
f 7198 7170 7171
f 7167 7170 7198
f 7198 7199 7167
f 7198 7197 7200
f 7200 7199 7198
f 7200 7197 7193
f 7167 7199 7168
f 7168 7199 7200
f 7193 7201 7200
f 7192 7201 7193
f 7200 7202 7168
f 7200 7201 7203
f 7203 7202 7200
f 7203 7201 7192
f 7168 7202 7204
f 7204 7202 7203
f 7204 7205 7168
f 7168 7205 7163
f 7163 7205 7206
f 7206 7205 7204
f 7206 7164 7163
f 7162 7164 7206
f 7206 7207 7162
f 7162 7207 4090
f 7204 7208 7206
f 7209 7207 7206
f 7206 7208 7209
f 4090 7207 7209
f 7210 7208 7204
f 7209 7208 7210
f 7203 7211 7204
f 7204 7211 7210
f 7209 4089 4090
f 7212 7211 7203
f 7210 7211 7212
f 7210 7213 7209
f 7203 7214 7212
f 7192 7214 7203
f 7215 7214 7192
f 7212 7214 7215
f 7192 7191 7215
f 7212 7216 7210
f 7209 7213 4087
f 4087 4089 7209
f 7217 7213 7210
f 7210 7216 7217
f 4087 7213 7217
f 7212 7218 7216
f 7215 7218 7212
f 7215 7191 7190
f 7219 7218 7215
f 7216 7218 7219
f 7190 7220 7215
f 7215 7220 7219
f 7221 7220 7190
f 7219 7220 7221
f 7190 7222 7221
f 7188 7222 7190
f 6394 7222 7188
f 7221 7222 6394
f 7188 6393 6394
f 7221 7223 7219
f 7219 7224 7216
f 7219 7223 7225
f 7225 7224 7219
f 6403 7223 7221
f 7225 7223 6403
f 6394 7226 7221
f 7221 7226 6403
f 6397 7226 6394
f 6403 7226 6397
f 7216 7224 7227
f 7227 7224 7225
f 6403 6405 7225
f 7227 7217 7216
f 7228 7217 7227
f 7225 7229 7227
f 7228 7230 7217
f 7217 7230 4087
f 6407 7229 7225
f 7225 6405 6407
f 7227 7229 7231
f 7231 7229 6407
f 7227 7232 7228
f 7231 7232 7227
f 4085 7230 7228
f 4087 7230 4085
f 7228 7232 4094
f 4094 7232 7231
f 7228 4092 4085
f 4094 4092 7228
f 7233 7234 7235
f 7235 7234 7236
f 7237 7233 7235
f 7236 7238 7235
f 7235 7238 7239
f 7240 7235 7239
f 7241 7238 7236
f 7236 7242 7241
f 7239 7238 7241
f 7239 7243 7240
f 7241 7242 7244
f 7245 7243 7239
f 7239 7241 7245
f 7246 7243 7245
f 7245 7247 7246
f 7101 7244 7242
f 7248 7244 7101
f 7101 7095 7248
f 7248 7095 7089
f 7248 7089 7249
f 7249 7089 7087
f 7087 7250 7249
f 7083 7250 7087
f 7251 7248 7249
f 7244 7248 7251
f 7249 7252 7251
f 7250 7252 7249
f 7251 7253 7244
f 7244 7253 7241
f 7245 7241 7253
f 7253 7251 7254
f 7254 7251 7252
f 7253 7255 7245
f 7254 7255 7253
f 7245 7255 7256
f 7256 7255 7254
f 7256 7247 7245
f 7257 7247 7256
f 7256 7258 7257
f 7259 7258 7256
f 7254 7260 7256
f 7256 7260 7259
f 7259 7260 7261
f 7261 7260 7254
f 7261 7262 7259
f 7252 7263 7254
f 7254 7263 7261
f 7264 7262 7261
f 7265 7263 7252
f 7261 7263 7265
f 7261 7266 7264
f 7265 7266 7261
f 7264 7266 7267
f 7267 7266 7265
f 7252 7268 7265
f 7250 7268 7252
f 7265 7268 7269
f 7269 7268 7250
f 7269 7270 7265
f 7265 7270 7267
f 7250 7271 7269
f 7083 7271 7250
f 7084 7271 7083
f 7269 7271 7084
f 7084 7272 7269
f 7273 7270 7269
f 7269 7272 7273
f 7267 7270 7273
f 7085 7272 7084
f 7273 7272 7085
f 7085 7274 7273
f 7273 7275 7267
f 5760 7276 7085
f 7273 7274 7277
f 7277 7275 7273
f 7278 7274 7085
f 7085 7276 7278
f 7277 7274 7278
f 7279 7276 5760
f 7278 7276 7279
f 5760 7077 7279
f 7279 7077 1620
f 7279 7280 7278
f 7281 1620 1595
f 7279 1620 7281
f 7281 7280 7279
f 7281 1595 1589
f 1589 7282 7281
f 1587 7282 1589
f 7283 7280 7281
f 7281 7282 7283
f 7283 7282 1587
f 7278 7280 7283
f 1587 7284 7283
f 7283 7285 7278
f 1586 7284 1587
f 7283 7284 7286
f 7286 7284 1586
f 7286 7285 7283
f 7278 7285 7277
f 7277 7285 7286
f 1586 7287 7286
f 7286 7288 7277
f 7289 7287 1586
f 1586 1585 7289
f 7286 7287 7290
f 7290 7288 7286
f 7290 7287 7289
f 7277 7288 7291
f 7291 7288 7290
f 7291 7275 7277
f 7267 7275 7291
f 7291 7292 7267
f 7267 7292 7264
f 7264 7292 7293
f 7293 7292 7291
f 7290 7294 7291
f 7291 7294 7293
f 7293 7294 7295
f 7295 7294 7290
f 7295 7296 7293
f 7297 7296 7295
f 7295 7298 7297
f 7290 7299 7295
f 7289 7299 7290
f 7300 7298 7295
f 7295 7299 7300
f 7300 7299 7289
f 7301 7298 7300
f 7300 7302 7301
f 7289 7303 7300
f 7304 7302 7300
f 7300 7303 7304
f 1583 7303 7289
f 7289 1585 1583
f 7304 7303 1583
f 7305 7302 7304
f 1583 7306 7304
f 1580 7306 1583
f 7304 7307 7305
f 7308 7306 1580
f 7304 7306 7308
f 7308 7307 7304
f 7305 7307 7309
f 7309 7307 7308
f 1580 1584 7308
f 7308 7310 7309
f 7308 1584 7311
f 7311 7310 7308
f 7311 1584 1574
f 7309 7310 7312
f 7312 7310 7311
f 7312 7313 7309
f 1574 7314 7311
f 7315 7313 7312
f 1573 7314 1574
f 7312 7316 7315
f 7315 7316 7317
f 7311 7318 7312
f 7311 7314 7319
f 7319 7318 7311
f 7319 7314 1573
f 7312 7318 7320
f 7320 7316 7312
f 7317 7316 7320
f 7320 7318 7319
f 7320 7321 7317
f 7322 7321 7320
f 7319 7323 7320
f 7320 7323 7322
f 7324 7323 7319
f 7322 7323 7324
f 7319 1573 7324
f 1573 1533 1531
f 7324 1573 1531
f 7324 7325 7322
f 1531 7326 7324
f 1528 7326 1531
f 7324 7326 7327
f 7327 7326 1528
f 7327 7325 7324
f 7322 7325 7328
f 7328 7325 7327
f 1528 1532 7327
f 7327 7329 7328
f 7327 1532 7330
f 7330 7329 7327
f 7330 1532 1526
f 7328 7329 1825
f 1825 7329 7330
f 1825 1824 7328
f 1526 7331 7330
f 1521 7331 1526
f 7330 7332 1825
f 1825 7332 1826
f 7330 7331 7333
f 7333 7332 7330
f 7333 7331 1521
f 1826 7332 7333
f 1521 7334 7333
f 1523 7334 1521
f 7333 7335 1826
f 1826 7335 1829
f 7333 7334 7336
f 7336 7334 1523
f 7336 7335 7333
f 1829 7335 7336
f 1523 2471 7336
f 7336 1844 1829
f 7336 2471 1851
f 1851 1844 7336
f 422 7337 451
f 7338 453 451
f 452 453 7338
f 452 7339 444
f 7340 7337 422
f 422 418 7340
f 7340 418 411
f 444 7339 7341
f 7341 448 444
f 7342 7339 452
f 7341 7339 7342
f 452 7343 7342
f 7338 7343 452
f 411 7344 7340
f 417 7344 411
f 7340 7344 7345
f 7345 7344 417
f 7345 7346 7340
f 7340 7346 7347
f 7347 7337 7340
f 451 7337 7347
f 451 7348 7338
f 7347 7348 451
f 7338 7348 7349
f 7349 7348 7347
f 7347 7346 7350
f 7350 7346 7345
f 7347 7351 7349
f 7350 7351 7347
f 7349 7352 7338
f 7338 7352 7353
f 7353 7343 7338
f 7354 7352 7349
f 7353 7352 7354
f 7349 7351 7355
f 7355 7351 7350
f 7349 7356 7354
f 7355 7356 7349
f 7342 7343 7353
f 7353 7357 7342
f 7345 7358 7350
f 7354 7359 7353
f 2203 7357 7353
f 7353 7359 2203
f 7342 7357 7360
f 7360 7357 2203
f 7360 7361 7342
f 7342 7361 7341
f 2201 7359 7354
f 2203 7359 2201
f 7341 7361 7362
f 7362 7361 7360
f 2203 2206 7360
f 7362 7363 7341
f 7341 7363 447
f 447 448 7341
f 447 7363 7364
f 7364 7363 7362
f 7360 7365 7362
f 7364 7366 447
f 447 7366 438
f 2207 7365 7360
f 7360 2206 2207
f 7362 7365 3496
f 3496 7365 2207
f 7362 7367 7364
f 3496 7367 7362
f 7368 7366 7364
f 438 7366 7368
f 7364 7367 7369
f 7369 7367 3496
f 7364 7370 7368
f 7369 7370 7364
f 7368 7371 438
f 438 7371 392
f 392 7371 396
f 396 7371 7368
f 7368 409 396
f 7368 7370 7372
f 7372 409 7368
f 7372 7370 7369
f 406 409 7372
f 7369 7373 7372
f 7372 7374 406
f 3496 3495 7369
f 7372 7373 7375
f 7375 7374 7372
f 3493 7373 7369
f 7369 3495 3493
f 7375 7373 3493
f 406 7374 7376
f 7376 7374 7375
f 7376 407 406
f 405 407 7376
f 7376 7377 405
f 405 7377 417
f 7375 7378 7376
f 7379 7377 7376
f 417 7377 7379
f 7376 7378 7379
f 7379 7380 417
f 417 7380 7345
f 7345 7380 7381
f 7381 7380 7379
f 7381 7358 7345
f 7382 7378 7375
f 7379 7378 7382
f 7379 7383 7381
f 7382 7383 7379
f 7384 7358 7381
f 7350 7358 7384
f 7381 7383 7385
f 7385 7383 7382
f 7375 7386 7382
f 7385 7387 7381
f 7381 7387 7384
f 3493 7386 7375
f 7382 7386 3490
f 3490 7386 3493
f 7382 7388 7385
f 3490 7388 7382
f 7389 7387 7385
f 7384 7387 7389
f 7385 7388 3485
f 3485 7388 3490
f 7385 7390 7389
f 3485 7390 7385
f 7384 7391 7350
f 7350 7391 7355
f 7392 7391 7384
f 7355 7391 7392
f 7389 7393 7384
f 7384 7393 7392
f 7389 7390 3482
f 3482 7390 3485
f 3450 7393 7389
f 7392 7393 3450
f 3482 3456 7389
f 7389 3456 3450
f 7392 7394 7355
f 7355 7394 7395
f 7395 7356 7355
f 7396 7394 7392
f 7395 7394 7396
f 7354 7356 7395
f 7395 7397 7354
f 7354 7397 2201
f 3449 7397 7395
f 2201 7397 3449
f 7396 7398 7395
f 7395 7398 3449
f 7392 7399 7396
f 3450 7399 7392
f 3453 7398 7396
f 3449 7398 3453
f 7396 7399 3452
f 3452 7399 3450
f 7396 3458 3453
f 3452 3458 7396
f 7400 7401 3594
f 3594 7401 3597
f 3597 7401 7402
f 7402 7401 7400
f 7402 3600 3597
f 3601 3600 7402
f 7402 7403 3601
f 7404 7405 7400
f 7406 7403 7402
f 7407 7402 7400
f 7400 7405 7407
f 7406 7402 7407
f 3601 7403 7408
f 7408 7403 7406
f 7408 3603 3601
f 7409 7405 7404
f 7407 7405 7409
f 7404 7410 7409
f 7411 7410 7404
f 7407 7412 7406
f 7409 7410 7411
f 7409 7413 7407
f 7414 7412 7407
f 7407 7413 7414
f 7406 7412 7415
f 7415 7412 7414
f 7415 7416 7406
f 7406 7416 7408
f 7417 7413 7409
f 7414 7413 7417
f 7409 7411 7417
f 7417 7418 7414
f 7417 7411 7418
f 4295 3365 3375
f 4272 7419 4294
f 4269 7419 4272
f 3366 3365 4295
f 4295 7420 3366
f 3366 7420 7421
f 4294 7422 4295
f 4294 7419 7423
f 7423 7422 4294
f 7423 7419 4269
f 4295 7422 7424
f 7424 7420 4295
f 7421 7420 7424
f 7424 7422 7423
f 7424 7425 7421
f 7421 7425 7426
f 4269 7427 7423
f 4268 7427 4269
f 7423 7428 7424
f 7428 7425 7424
f 7426 7425 7428
f 7429 7428 7423
f 7423 7427 7429
f 7429 7427 4268
f 7428 7430 7426
f 7429 7431 7428
f 7233 7430 7428
f 7428 7431 7233
f 4268 7432 7429
f 7234 7431 7429
f 7233 7431 7234
f 7429 7432 7234
f 7433 7432 4268
f 7234 7432 7433
f 4268 4264 7433
f 7433 4264 4263
f 4263 7434 7433
f 7433 7435 7234
f 7101 7434 4263
f 7433 7434 7242
f 7242 7434 7101
f 7242 7435 7433
f 7234 7435 7236
f 7236 7435 7242
f 7436 4537 7437
f 4537 7438 7437
f 7437 7438 7439
f 7437 7440 7436
f 4548 7440 7437
f 7437 7441 4548
f 7439 7441 7437
f 7436 7440 4548
f 4548 7441 4549
f 4549 7441 7439
f 4548 4543 7436
f 7436 4543 4538
f 4538 7442 7436
f 4537 7442 4538
f 4537 7436 7442
f 4537 4536 4534
f 4531 7443 4534
f 7444 7443 4531
f 4534 7443 7444
f 4531 4535 7444
f 4534 7445 4537
f 4534 7444 7445
f 4537 7445 7438
f 7444 4535 7446
f 7446 7445 7444
f 7446 4535 4529
f 7447 7445 7446
f 7438 7445 7447
f 4529 7448 7446
f 7449 7448 4529
f 7446 7450 7447
f 7451 7448 7449
f 7446 7448 7451
f 7451 7450 7446
f 7449 7452 7451
f 7451 7452 7453
f 7447 7450 7454
f 7454 7450 7451
f 7454 7455 7447
f 7453 7456 7451
f 7451 7456 7454
f 7447 7455 7457
f 7457 7455 7454
f 7457 7438 7447
f 7457 7458 7438
f 7454 7459 7457
f 7460 7458 7457
f 7457 7459 7460
f 7438 7458 7460
f 7461 7459 7454
f 7454 7456 7461
f 7461 7456 7453
f 7460 7459 7461
f 7453 7462 7461
f 7463 7462 7453
f 7460 7464 7438
f 7438 7464 7439
f 7461 7465 7460
f 7466 7462 7463
f 7461 7462 7466
f 7466 7465 7461
f 7463 4570 7466
f 7460 7465 7467
f 7467 7464 7460
f 7467 7465 7466
f 7439 7464 7467
f 7466 4570 4565
f 7467 7468 7439
f 7439 7468 4549
f 7466 7469 7467
f 4565 7469 7466
f 7470 7468 7467
f 4549 7468 7470
f 7467 7469 7470
f 7470 7469 4565
f 7470 4550 4549
f 4546 4550 7470
f 4565 7471 7470
f 7470 7471 4546
f 4558 7471 4565
f 4546 7471 4558
f 881 895 7472
f 7472 895 894
f 7472 7473 881
f 881 7473 7474
f 7474 876 881
f 823 876 7474
f 7474 7475 823
f 823 7475 820
f 820 7475 7476
f 7476 7475 7474
f 7476 825 820
f 7474 7473 7477
f 7477 7473 7472
f 7474 7478 7476
f 7477 7478 7474
f 830 825 7476
f 7476 7479 830
f 7476 7478 7480
f 7480 7479 7476
f 7480 7478 7477
f 830 7479 7481
f 7481 7479 7480
f 7481 7482 830
f 830 7482 831
f 831 7482 7483
f 7483 7482 7481
f 7483 840 831
f 842 840 7483
f 7483 7484 842
f 842 7484 855
f 7481 7485 7483
f 7486 7484 7483
f 855 7484 7486
f 7483 7485 7486
f 7486 7487 855
f 855 7487 858
f 7486 7485 7488
f 7488 7485 7481
f 7489 7487 7486
f 858 7487 7489
f 7488 7490 7486
f 7486 7490 7489
f 7481 7491 7488
f 7480 7491 7481
f 7492 7490 7488
f 7489 7490 7492
f 7489 7493 858
f 858 7493 863
f 7494 7493 7489
f 863 7493 7494
f 7492 7495 7489
f 7489 7495 7494
f 7488 7496 7492
f 7488 7491 7497
f 7497 7496 7488
f 7497 7491 7480
f 7492 7496 7498
f 7498 7496 7497
f 7480 7499 7497
f 7477 7499 7480
f 7497 7499 7500
f 7500 7499 7477
f 7500 7501 7497
f 7497 7501 7498
f 7477 7502 7500
f 7472 7502 7477
f 7503 7501 7500
f 7498 7501 7503
f 7500 7502 7504
f 7504 7502 7472
f 7500 7505 7503
f 7504 7505 7500
f 7503 7506 7498
f 7472 7507 7504
f 894 7507 7472
f 7508 7505 7504
f 7503 7505 7508
f 7504 7507 7509
f 7509 7507 894
f 7504 7510 7508
f 7509 7510 7504
f 7508 7511 7503
f 894 7512 7509
f 893 7512 894
f 7513 7510 7509
f 7508 7510 7513
f 7509 7512 7514
f 7514 7512 893
f 7509 7515 7513
f 7514 7515 7509
f 7513 7516 7508
f 893 7517 7514
f 7513 7515 7518
f 7518 7515 7514
f 7508 7516 7519
f 7519 7511 7508
f 7520 7516 7513
f 7519 7516 7520
f 7521 7522 7523
f 7524 7525 7523
f 7525 7526 4108
f 4108 7526 4123
f 4123 4109 4108
f 7527 7526 7525
f 4123 7526 7527
f 7524 7528 7525
f 7525 7528 7527
f 7527 7529 4123
f 4123 7529 1817
f 1817 7529 7530
f 7530 7529 7527
f 7530 1823 1817
f 7527 7528 7531
f 7531 7528 7524
f 7527 7532 7530
f 7531 7532 7527
f 7533 1823 7530
f 1816 1823 7533
f 7530 7532 7534
f 7534 7532 7531
f 7530 7535 7533
f 7534 7535 7530
f 7533 7536 1816
f 1816 7536 1822
f 7533 7535 7537
f 7537 7535 7534
f 7537 7538 7533
f 7539 7536 7533
f 7533 7538 7539
f 1822 7536 7539
f 7534 7540 7537
f 7317 7538 7537
f 7537 7540 7317
f 7539 7538 7317
f 7539 7541 1822
f 7315 7540 7534
f 7317 7540 7315
f 7317 7321 7539
f 7534 7542 7315
f 7531 7542 7534
f 1822 7541 7328
f 7328 1824 1822
f 7322 7541 7539
f 7539 7321 7322
f 7328 7541 7322
f 7543 7542 7531
f 7315 7542 7543
f 7531 7544 7543
f 7524 7544 7531
f 7543 7313 7315
f 7524 7545 7544
f 7523 7545 7524
f 7546 7545 7523
f 7544 7545 7546
f 7523 7522 7546
f 7544 7547 7543
f 7309 7313 7543
f 7543 7547 7309
f 7305 7547 7544
f 7309 7547 7305
f 7546 7548 7544
f 7544 7548 7305
f 7546 7522 7549
f 7549 7522 7521
f 7301 7548 7546
f 7305 7548 7301
f 7549 7550 7546
f 7546 7550 7301
f 7521 7551 7549
f 7552 7551 7521
f 7297 7550 7549
f 7301 7550 7297
f 7549 7551 7553
f 7553 7551 7552
f 7549 7554 7297
f 7553 7554 7549
f 7301 7302 7305
f 7552 7555 7553
f 7556 7555 7552
f 7557 7554 7553
f 7297 7554 7557
f 7553 7555 7558
f 7558 7555 7556
f 7297 7298 7301
f 7558 7559 7553
f 7553 7559 7557
f 7556 7560 7558
f 7561 7560 7556
f 7562 7559 7558
f 7557 7559 7562
f 7558 7560 7563
f 7563 7560 7561
f 7558 7564 7562
f 7563 7564 7558
f 7557 7296 7297
f 7561 7565 7563
f 7566 7565 7561
f 7259 7564 7563
f 7562 7564 7259
f 7563 7565 7257
f 7257 7565 7566
f 7562 7567 7557
f 7257 7258 7563
f 7563 7258 7259
f 7566 7568 7257
f 7557 7567 7293
f 7293 7296 7557
f 7264 7567 7562
f 7293 7567 7264
f 7569 7568 7566
f 7566 7570 7569
f 7569 7570 6411
f 7562 7262 7264
f 7259 7262 7562
f 6411 7571 7569
f 6409 7571 6411
f 7246 7568 7569
f 7257 7568 7246
f 7569 7571 7572
f 7572 7571 6409
f 7569 7573 7246
f 7572 7573 7569
f 7246 7247 7257
f 6409 7574 7572
f 6408 7574 6409
f 7240 7573 7572
f 7246 7573 7240
f 7572 7574 7575
f 7575 7574 6408
f 7572 7576 7240
f 7575 7576 7572
f 7240 7243 7246
f 6408 7577 7575
f 7240 7576 7237
f 7237 7576 7575
f 6384 7577 6408
f 6408 6385 6384
f 7575 7577 7426
f 7426 7577 6384
f 7575 7430 7237
f 7426 7430 7575
f 7237 7235 7240
f 6384 7421 7426
f 6375 7421 6384
f 7430 7233 7237
f 6371 6374 6375
f 6375 6374 7578
f 7578 6374 6368
f 7578 7579 6375
f 6375 7579 7421
f 6368 7580 7578
f 6367 7580 6368
f 7581 7580 6367
f 7578 7580 7581
f 3366 7579 7578
f 7421 7579 3366
f 7581 7582 7578
f 7578 7582 3366
f 7581 6367 7583
f 7583 6367 6366
f 3364 7582 7581
f 3366 7582 3364
f 7583 7584 7581
f 7581 7584 3364
f 6366 7585 7583
f 3367 7585 6366
f 3370 7584 7583
f 3364 7584 3370
f 7583 7585 3369
f 3369 7585 3367
f 7583 4285 3370
f 3369 4285 7583
f 6047 7586 7587
f 7588 7586 6047
f 7588 7589 7586
f 6047 7590 7588
f 7591 7589 7588
f 7586 7589 7591
f 6949 7587 7586
f 7586 7592 6949
f 7591 7592 7586
f 6949 6950 7587
f 6949 7592 6948
f 6948 7592 7591
f 7587 6950 6945
f 7593 7587 7594
f 7594 7587 6945
f 6945 7595 7594
f 6943 7595 6945
f 7594 7595 7596
f 7596 7595 6943
f 7596 7597 7594
f 6943 6946 7596
f 7598 7597 7596
f 7596 6946 6951
f 7596 6959 7598
f 6951 6959 7596
f 7591 7599 6948
f 6948 7599 7600
f 7600 6944 6948
f 7601 7599 7591
f 7600 7599 7601
f 6937 6944 7600
f 7591 7602 7601
f 7588 7602 7591
f 7603 7602 7588
f 7601 7602 7603
f 7588 7590 7603
f 7600 7604 6937
f 7600 7601 7605
f 7605 7604 7600
f 6937 7604 7606
f 7606 7604 7605
f 7606 6938 6937
f 7605 7601 7607
f 7601 7608 7607
f 7603 7608 7601
f 6936 6938 7606
f 7609 7608 7603
f 7607 7608 7609
f 7606 2872 6936
f 6936 2872 2869
f 2855 2872 7606
f 2869 7610 6936
f 7606 4727 2855
f 7605 4727 7606
f 6936 7610 6929
f 7605 7611 4727
f 7607 7611 7605
f 4727 7611 4728
f 4728 7611 7607
f 2870 7610 2869
f 6929 7610 2870
f 7607 7609 4728
f 2870 7612 6929
f 6929 7612 6527
f 7613 7612 2870
f 6527 7612 7613
f 2870 2874 7613
f 7613 6523 6527
f 6517 6523 7613
f 7613 2874 2873
f 6517 7613 7614
f 7614 7613 2873
f 7614 6516 6517
f 6515 6516 7614
f 7615 2873 2871
f 7614 2873 7615
f 6515 7614 7616
f 7616 7614 7615
f 7617 2871 2875
f 7615 2871 7617
f 2875 2880 7617
f 7615 7618 7616
f 7617 7618 7615
f 6512 6515 7619
f 7619 6515 7616
f 7616 7618 7620
f 7620 7618 7617
f 7616 7621 7619
f 7620 7621 7616
f 7619 7621 7622
f 7622 7621 7620
f 6512 7623 2960
f 2960 7623 2951
f 7623 2949 2951
f 6512 7619 7143
f 7143 7619 7622
f 6512 7146 7623
f 7143 7146 6512
f 7623 6446 2949
f 7146 6446 7623
f 7143 7622 7141
f 7141 7622 7140
f 7620 7140 7622
f 7624 7140 7620
f 7620 7625 7624
f 7617 7625 7620
f 7626 7625 7617
f 7624 7625 7626
f 7617 2880 7626
f 7626 2880 2878
f 2878 7627 7626
f 2882 7627 2878
f 7626 7628 7624
f 7626 7627 7629
f 7629 7628 7626
f 7629 7627 2882
f 7624 7628 7134
f 7134 7628 7629
f 7624 7135 7140
f 7134 7135 7624
f 2882 7130 7629
f 7629 7131 7134
f 7630 7130 2882
f 2882 2883 7630
f 7130 7131 7629
f 7630 2883 2881
f 2881 7631 7630
f 2887 7631 2881
f 7630 7127 7130
f 7631 7127 7630
f 7127 7128 7130
f 7124 7631 2887
f 7127 7631 7124
f 2887 2900 7108
f 7108 2900 2895
f 7124 7126 7127
f 7108 2895 7632
f 7632 2895 2902
f 7633 2902 2901
f 7632 2902 7633
f 2901 2944 7633
f 7633 2944 7102
f 7102 2944 2941
f 7106 7632 7633
f 7108 7632 7106
f 7102 7634 7633
f 7633 7634 7106
f 2941 7635 7102
f 2943 7635 2941
f 7104 7634 7102
f 7106 7634 7104
f 7102 7635 7105
f 7105 7635 2943
f 5977 4329 4324
f 4324 5978 5977
f 7636 4329 5977
f 4326 4329 7636
f 5977 7637 7636
f 5972 7637 5977
f 7638 7637 5972
f 7636 7637 7638
f 5972 7639 7638
f 5971 7639 5972
f 6262 7639 5971
f 7638 7639 6262
f 7638 7640 7636
f 4326 7636 7641
f 7641 7636 7640
f 7641 4327 4326
f 7642 7640 7638
f 6262 7642 7638
f 4325 4327 7641
f 6261 7642 6262
f 7641 6235 4325
f 7641 7640 6234
f 6234 6235 7641
f 7640 7642 6233
f 6234 7640 6233
f 6233 7642 7643
f 6261 7643 7642
f 7643 7644 6233
f 6243 7643 6261
f 6243 7644 7643
f 6233 7644 6231
f 6231 7644 6243
f 3112 3113 7645
f 3115 3112 7646
f 3112 7645 7646
f 7646 7645 7647
f 7646 7648 3115
f 7649 7645 3113
f 3113 7054 7649
f 7649 7054 7052
f 7650 7645 7649
f 7052 7651 7649
f 7650 7652 7645
f 7645 7652 7647
f 5242 7651 7052
f 7649 7651 5237
f 5237 7651 5242
f 7649 7653 7650
f 5237 7653 7649
f 7654 7652 7650
f 7647 7652 7654
f 7650 7653 5235
f 5235 7653 5237
f 5235 7654 7650
f 5239 7654 5235
f 5239 7655 7654
f 7647 7654 7656
f 7656 7654 7655
f 7646 7647 7657
f 7657 7647 7656
f 7657 7648 7646
f 7655 7658 7656
f 2060 7655 5239
f 2062 7658 7655
f 2060 2059 7655
f 7655 2059 2062
f 7656 7658 2072
f 2072 7658 2062
f 7656 7659 7657
f 2072 7659 7656
f 7657 7659 2074
f 2074 7659 2072
f 7660 7648 7657
f 3115 7648 7660
f 2074 7661 7657
f 7657 7661 7660
f 7660 7662 3115
f 3115 7662 3114
f 7660 7661 969
f 969 7661 2074
f 969 7662 7660
f 3114 7662 969
f 2074 2075 969
f 3114 969 454
f 454 3110 3114
f 3104 3110 454
f 5795 7663 5802
f 5805 7664 5801
f 7665 5804 5801
f 5801 7664 7665
f 5797 5804 7666
f 7666 5804 7665
f 7666 7667 5797
f 5797 7667 5796
f 5796 7667 7668
f 7668 7667 7666
f 7668 7669 5796
f 5796 7669 7670
f 7670 5791 5796
f 5782 5791 7670
f 7670 7671 5782
f 5782 7671 722
f 7670 7669 7672
f 7672 7669 7668
f 7673 7671 7670
f 722 7671 7673
f 7672 7674 7670
f 7670 7674 7673
f 7673 7675 722
f 722 7675 710
f 710 7675 7676
f 7676 7675 7673
f 7676 706 710
f 697 706 7676
f 7676 700 697
f 7673 7677 7676
f 7678 700 7676
f 7676 7677 7678
f 696 700 7678
f 7679 7677 7673
f 7673 7674 7679
f 7678 7677 7679
f 7678 7680 696
f 7679 7674 7672
f 696 7680 695
f 7679 7681 7678
f 7682 7680 7678
f 7678 7681 7682
f 695 7680 7682
f 7683 7681 7679
f 7682 7681 7683
f 7672 7684 7679
f 7679 7684 7683
f 7682 7685 695
f 7686 7684 7672
f 7683 7684 7686
f 7683 7687 7682
f 7672 7688 7686
f 7668 7688 7672
f 695 7685 7689
f 7689 692 695
f 7690 7685 7682
f 7682 7687 7690
f 7689 7685 7690
f 687 692 7689
f 7689 7691 687
f 687 7691 686
f 7692 7691 7689
f 686 7691 7692
f 7690 7693 7689
f 7689 7693 7692
f 7694 7693 7690
f 7692 7693 7694
f 7690 7687 7695
f 7695 7687 7683
f 7692 7696 686
f 7695 7697 7690
f 7690 7697 7694
f 7683 7698 7695
f 7686 7698 7683
f 686 7696 5794
f 5794 685 686
f 5794 7696 7699
f 7699 7696 7692
f 7699 7700 5794
f 5794 7700 5795
f 5795 7700 7701
f 7701 7700 7699
f 7701 7663 5795
f 7692 7702 7699
f 7694 7702 7692
f 7699 7702 7703
f 7703 7702 7694
f 7699 7704 7701
f 7703 7704 7699
f 7705 7663 7701
f 5802 7663 7705
f 7701 7704 7706
f 7706 7704 7703
f 7701 7707 7705
f 7706 7707 7701
f 7705 7708 5802
f 5802 7708 5805
f 7705 7707 7709
f 7709 7707 7706
f 7710 7708 7705
f 5805 7708 7710
f 7709 7711 7705
f 7705 7711 7710
f 7706 7712 7709
f 7713 7711 7709
f 7710 7711 7713
f 7710 7714 5805
f 5805 7714 7715
f 7715 7664 5805
f 7713 7716 7710
f 7710 7716 7714
f 7665 7664 7715
f 7715 7717 7665
f 7714 7718 7715
f 7719 7717 7715
f 7715 7718 7719
f 7720 7718 7714
f 7719 7718 7720
f 7714 7716 7721
f 7721 7716 7713
f 7714 7722 7720
f 7721 7722 7714
f 7665 7717 7723
f 7723 7717 7719
f 7723 7724 7665
f 7665 7724 7666
f 7666 7724 7725
f 7725 7724 7723
f 7725 7726 7666
f 7666 7726 7668
f 7668 7726 7727
f 7727 7726 7725
f 7727 7688 7668
f 7686 7688 7727
f 7725 7728 7727
f 7727 7729 7686
f 7723 7730 7725
f 7727 7728 7731
f 7731 7729 7727
f 7732 7728 7725
f 7725 7730 7732
f 7731 7728 7732
f 7686 7729 7733
f 7733 7729 7731
f 7733 7698 7686
f 7695 7698 7733
f 7731 7734 7733
f 7733 7735 7695
f 7733 7734 7736
f 7736 7735 7733
f 7695 7735 7737
f 7737 7735 7736
f 7737 7697 7695
f 7694 7697 7737
f 7737 7738 7694
f 7694 7738 7703
f 7739 7738 7737
f 7703 7738 7739
f 7736 7740 7737
f 7737 7740 7739
f 7739 7741 7703
f 7703 7741 7706
f 7706 7741 7742
f 7742 7741 7739
f 7742 7712 7706
f 7739 7740 7743
f 7743 7740 7736
f 7739 7744 7742
f 7743 7744 7739
f 7745 7712 7742
f 7709 7712 7745
f 7742 7744 7746
f 7746 7744 7743
f 7742 7747 7745
f 7746 7747 7742
f 7745 7748 7709
f 7709 7748 7713
f 7745 7747 7749
f 7749 7747 7746
f 7750 7748 7745
f 7713 7748 7750
f 7749 7751 7745
f 7745 7751 7750
f 7750 7752 7713
f 7713 7752 7721
f 7750 7751 7753
f 7753 7751 7749
f 7754 7752 7750
f 7721 7752 7754
f 7753 7755 7750
f 7750 7755 7754
f 7749 7756 7753
f 7757 7755 7753
f 7754 7755 7757
f 7754 7758 7721
f 7721 7758 7759
f 7759 7722 7721
f 7760 7758 7754
f 7759 7758 7760
f 7757 7761 7754
f 7754 7761 7760
f 7720 7722 7759
f 7759 7762 7720
f 7760 7763 7759
f 7764 7762 7759
f 7759 7763 7764
f 7765 7763 7760
f 7764 7763 7765
f 7760 7761 7766
f 7766 7761 7757
f 7760 7767 7765
f 7766 7767 7760
f 7720 7762 7768
f 7768 7762 7764
f 7768 7769 7720
f 7720 7769 7719
f 7719 7769 7770
f 7770 7769 7768
f 7770 7771 7719
f 7719 7771 7723
f 7723 7771 7772
f 7772 7771 7770
f 7772 7730 7723
f 7768 7773 7770
f 7732 7730 7772
f 7764 7774 7768
f 7772 7775 7732
f 7770 7776 7772
f 7777 7775 7772
f 7772 7776 7777
f 7778 7776 7770
f 7770 7773 7778
f 7777 7776 7778
f 7779 7773 7768
f 7768 7774 7779
f 7778 7773 7779
f 7780 7774 7764
f 7779 7774 7780
f 7779 7781 7778
f 7764 7782 7780
f 7765 7782 7764
f 7780 7783 7779
f 7784 7782 7765
f 7780 7782 7784
f 7785 7781 7779
f 7779 7783 7785
f 7778 7781 7786
f 7786 7781 7785
f 7786 7787 7778
f 7778 7787 7777
f 7788 7783 7780
f 7785 7783 7788
f 7780 7789 7788
f 7784 7789 7780
f 7777 7787 7790
f 7790 7787 7786
f 7785 7791 7786
f 7790 7792 7777
f 7777 7792 7793
f 7793 7775 7777
f 7732 7775 7793
f 7793 7794 7732
f 7732 7794 7731
f 7731 7794 7795
f 7795 7794 7793
f 7795 7734 7731
f 7736 7734 7795
f 7795 7796 7736
f 7736 7796 7743
f 7793 7797 7795
f 7795 7797 7796
f 7798 7797 7793
f 7793 7792 7798
f 7796 7797 7798
f 7796 7799 7743
f 7743 7799 7746
f 7800 7799 7796
f 7746 7799 7800
f 7798 7801 7796
f 7796 7801 7800
f 7798 7792 7790
f 7790 7802 7798
f 7803 7801 7798
f 7798 7802 7803
f 7800 7801 7803
f 7800 7804 7746
f 7746 7804 7749
f 7749 7804 7805
f 7805 7804 7800
f 7805 7756 7749
f 7803 7806 7800
f 7800 7806 7805
f 7807 7806 7803
f 7805 7806 7807
f 7803 7802 7808
f 7808 7802 7790
f 7803 7809 7807
f 7808 7809 7803
f 7810 7756 7805
f 7753 7756 7810
f 7807 7811 7805
f 7805 7811 7810
f 7807 7809 7812
f 7812 7809 7808
f 7813 7811 7807
f 7810 7811 7813
f 7810 7814 7753
f 7753 7814 7757
f 7815 7814 7810
f 7757 7814 7815
f 7813 7816 7810
f 7810 7816 7815
f 7807 7817 7813
f 7812 7817 7807
f 7818 7816 7813
f 7815 7816 7818
f 7815 7819 7757
f 7757 7819 7766
f 7820 7819 7815
f 7766 7819 7820
f 7818 7821 7815
f 7815 7821 7820
f 7813 7822 7818
f 7813 7817 7823
f 7823 7822 7813
f 7823 7817 7812
f 7818 7822 7824
f 7824 7822 7823
f 7825 7821 7818
f 7820 7821 7825
f 7824 7826 7818
f 7818 7826 7825
f 7812 7827 7823
f 7820 7828 7766
f 7766 7828 7829
f 7829 7767 7766
f 7830 7828 7820
f 7829 7828 7830
f 7765 7767 7829
f 7829 7831 7765
f 7765 7831 7784
f 7832 7831 7829
f 7784 7831 7832
f 7830 7833 7829
f 7829 7833 7832
f 7820 7834 7830
f 7825 7834 7820
f 7835 7833 7830
f 7832 7833 7835
f 7830 7834 7836
f 7836 7834 7825
f 7830 7837 7835
f 7836 7837 7830
f 7832 7838 7784
f 7825 7839 7836
f 7784 7838 7840
f 7840 7789 7784
f 7841 7838 7832
f 7840 7838 7841
f 7842 7839 7825
f 7825 7826 7842
f 7836 7839 7843
f 7843 7839 7842
f 7832 7844 7841
f 7835 7844 7832
f 7842 7826 7824
f 7845 7844 7835
f 7841 7844 7845
f 7824 7846 7842
f 7845 7847 7841
f 7848 7846 7824
f 7824 7849 7848
f 7823 7849 7824
f 7850 7849 7823
f 7848 7849 7850
f 7823 7827 7850
f 7842 7846 7851
f 7851 7846 7848
f 7851 7852 7842
f 7842 7852 7843
f 7853 7852 7851
f 7843 7852 7853
f 7851 7854 7853
f 7853 7855 7843
f 7856 7854 7851
f 7843 7855 7857
f 7851 7858 7856
f 7848 7858 7851
f 7857 7859 7843
f 7843 7859 7836
f 7860 7859 7857
f 7836 7859 7860
f 7857 7861 7860
f 7860 7837 7836
f 7860 7861 7862
f 7835 7837 7860
f 7860 7863 7835
f 7862 7863 7860
f 7835 7863 7845
f 7845 7863 7862
f 7862 7864 7845
f 7845 7864 7865
f 7865 7847 7845
f 7866 7847 7865
f 7865 7867 7866
f 7841 7847 7866
f 7866 7867 7868
f 7866 7869 7841
f 7841 7869 7840
f 7868 7870 7866
f 7871 7869 7866
f 7866 7870 7871
f 7840 7869 7871
f 7872 7870 7868
f 7871 7870 7872
f 7868 7873 7872
f 7871 7874 7840
f 7872 7873 7875
f 7872 7876 7871
f 7875 7877 7872
f 7871 7876 7878
f 7878 7874 7871
f 7879 7876 7872
f 7872 7877 7879
f 7878 7876 7879
f 7880 7877 7875
f 7879 7877 7880
f 7875 7881 7880
f 7880 7881 7882
f 7880 7883 7879
f 7882 7884 7880
f 7885 7883 7880
f 7880 7884 7885
f 7886 7884 7882
f 7885 7884 7886
f 7882 7887 7886
f 7886 7887 7856
f 7856 7858 7886
f 7886 7858 7848
f 7848 7888 7886
f 7886 7888 7885
f 7850 7888 7848
f 7885 7888 7850
f 7850 7889 7885
f 7890 7883 7885
f 7885 7889 7890
f 7879 7883 7890
f 7891 7889 7850
f 7890 7889 7891
f 7850 7827 7891
f 7890 7892 7879
f 7891 7827 7812
f 7879 7892 7878
f 7812 7893 7891
f 7808 7893 7812
f 7891 7894 7890
f 7895 7892 7890
f 7890 7894 7895
f 7878 7892 7895
f 7896 7894 7891
f 7891 7893 7896
f 7896 7893 7808
f 7895 7894 7896
f 7808 7897 7896
f 7790 7897 7808
f 7786 7897 7790
f 7896 7897 7786
f 7786 7791 7896
f 7896 7791 7895
f 7895 7791 7785
f 7785 7898 7895
f 7895 7898 7878
f 7788 7898 7785
f 7878 7898 7788
f 7788 7874 7878
f 7840 7874 7788
f 7788 7789 7840
f 6404 7899 6407
f 6413 7899 6404
f 6407 7899 7900
f 7900 7899 6413
f 7900 7901 6407
f 6407 7901 7231
f 6411 7570 6413
f 7231 7901 7902
f 7902 7901 7900
f 6413 7903 7900
f 7902 7904 7231
f 7231 7904 4094
f 6413 7570 7566
f 7566 7903 6413
f 7900 7903 7561
f 7561 7903 7566
f 7900 7905 7902
f 7561 7905 7900
f 7906 7904 7902
f 4094 7904 7906
f 7902 7905 7556
f 7556 7905 7561
f 7902 7907 7906
f 7556 7907 7902
f 7906 7908 4094
f 4094 7908 4093
f 7906 7907 7552
f 7552 7907 7556
f 7909 7908 7906
f 4093 7908 7909
f 7552 7910 7906
f 7906 7910 7909
f 7909 7911 4093
f 4093 7911 4100
f 7909 7910 7521
f 7521 7910 7552
f 7912 7911 7909
f 4100 7911 7912
f 7521 7912 7909
f 7912 7913 4100
f 4100 7913 4108
f 7523 7912 7521
f 7525 7913 7912
f 4108 7913 7525
f 7523 7525 7912
f 7914 6900 5631
f 5631 5614 7914
f 7914 5614 5609
f 7915 6900 7914
f 6895 6900 7915
f 7915 6892 6895
f 6049 6892 7915
f 7915 7916 6049
f 6049 7916 6048
f 7914 7917 7915
f 6048 7916 7915
f 7915 7917 6048
f 7918 7917 7914
f 7914 5609 7918
f 7918 5609 5612
f 6048 7917 7918
f 7918 7919 6048
f 7920 7919 7918
f 6048 7919 7920
f 5612 7921 7918
f 7918 7921 7920
f 7922 7921 5612
f 7920 7921 7922
f 5612 5598 7922
f 7920 7923 6048
f 7922 5598 5608
f 5608 7924 7922
f 7923 6047 6048
f 6047 6991 6994
f 6957 6963 7598
f 7598 6959 6957
f 6963 6991 7598
f 7598 6991 7593
f 7593 7597 7598
f 7594 7597 7593
f 7587 7593 6991
f 6991 6047 7587
f 7925 7920 7922
f 7923 7920 7925
f 7922 7924 7925
f 6047 7923 7925
f 7925 7924 7926
f 7926 7924 5608
f 5608 7927 7926
f 5592 7927 5608
f 7926 7928 7925
f 7929 7927 5592
f 7926 7927 7929
f 7929 7928 7926
f 5592 5590 7929
f 7925 7928 7930
f 7930 6047 7925
f 7930 7928 7929
f 7929 5590 5591
f 5591 7931 7929
f 7929 7931 7930
f 7932 7931 5591
f 7930 7931 7932
f 5588 7932 5591
f 4729 7932 5588
f 4728 7609 4729
f 4729 7933 7932
f 7609 7933 4729
f 7932 7933 7934
f 7934 7933 7609
f 7932 7935 7930
f 7934 7935 7932
f 7930 7935 6047
f 6047 7935 7934
f 7609 7936 7934
f 7603 7936 7609
f 7934 7936 6047
f 6047 7936 7603
f 7603 7590 6047
f 7937 7938 7939
f 7939 7938 7940
f 7941 7938 7937
f 7940 7938 7941
f 7939 7942 7937
f 7937 7942 3678
f 3678 7943 7937
f 7937 7943 7941
f 3678 7942 7944
f 7944 7942 7939
f 3669 7943 3678
f 7941 7943 3669
f 7944 3680 3678
f 7941 7945 7940
f 7939 7946 7944
f 7947 7945 7941
f 7941 3668 7947
f 3669 3668 7941
f 7948 7945 7947
f 7940 7945 7948
f 7940 7949 7939
f 7950 7946 7939
f 7939 7949 7950
f 7951 7949 7940
f 7950 7949 7951
f 7948 7952 7940
f 7940 7952 7951
f 7944 7946 7953
f 7953 7946 7950
f 7953 7954 7944
f 7944 7954 3682
f 3682 3680 7944
f 3688 7954 7953
f 3682 7954 3688
f 7950 7955 7953
f 7953 7955 7956
f 7957 7955 7950
f 7956 7955 7957
f 7950 7958 7957
f 7951 7958 7950
f 7953 7959 3688
f 7956 7959 7953
f 2515 7960 2520
f 2514 7960 2515
f 7961 7960 2514
f 2520 7960 7961
f 2514 7962 7961
f 7963 7962 2514
f 2514 2509 7963
f 7963 2509 2505
f 2505 7964 7963
f 7961 7965 2520
f 7966 7964 2505
f 2505 7967 7966
f 2494 7967 2505
f 7963 7964 7968
f 7968 7964 7966
f 7968 7969 7963
f 7963 7969 7962
f 7970 7967 2494
f 7966 7967 7970
f 2494 7971 7970
f 2481 7971 2494
f 7972 7971 2481
f 7970 7971 7972
f 2481 2480 7972
f 7970 7973 7966
f 7972 2480 2482
f 7972 7974 7970
f 2482 7975 7972
f 7970 7974 4562
f 4562 7973 7970
f 4569 7974 7972
f 7972 7975 4569
f 4562 7974 4569
f 2486 7975 2482
f 4569 7975 2486
f 7966 7973 7976
f 7976 7973 4562
f 7976 7977 7966
f 7966 7977 7968
f 7968 7977 7978
f 7978 7977 7976
f 4562 4560 7976
f 7978 7979 7968
f 7968 7979 7980
f 7980 7969 7968
f 7981 7979 7978
f 7980 7979 7981
f 7976 7982 7978
f 7962 7969 7980
f 4555 7982 7976
f 7976 4560 4555
f 7978 7982 4551
f 4551 7982 4555
f 4551 7983 7978
f 7978 7983 7981
f 7981 4566 7980
f 7980 4566 7962
f 7962 7984 7961
f 7961 7984 7985
f 7985 7965 7961
f 7981 4558 4566
f 4554 4558 7981
f 7981 7983 4554
f 4554 7983 4551
f 7984 7986 7985
f 7985 7986 7987
f 7987 7988 7985
f 7985 7988 7989
f 7989 7965 7985
f 7990 7988 7987
f 7989 7988 7990
f 7991 7992 7993
f 7993 7992 7994
f 7995 7992 7991
f 7994 7992 7995
f 7993 7996 7991
f 7991 7996 7997
f 7997 7998 7991
f 7991 7998 7995
f 7997 7996 7999
f 7999 7996 7993
f 8000 7998 7997
f 7995 7998 8000
f 7999 8001 7997
f 7995 8002 7994
f 7993 8003 7999
f 8004 8002 7995
f 7995 8005 8004
f 8000 8005 7995
f 8006 8002 8004
f 7994 8002 8006
f 7994 8007 7993
f 8008 8003 7993
f 7993 8007 8008
f 8009 8007 7994
f 8008 8007 8009
f 8006 8010 7994
f 7994 8010 8009
f 7999 8003 8011
f 8011 8003 8008
f 8011 8012 7999
f 7999 8012 8013
f 8013 8001 7999
f 8014 8012 8011
f 8013 8012 8014
f 8008 8015 8011
f 8011 8016 8014
f 8011 8015 8017
f 8017 8016 8011
f 8018 8015 8008
f 8017 8015 8018
f 8008 8019 8018
f 8009 8019 8008
f 8014 8016 8020
f 8020 8016 8017
f 8021 7958 7951
f 7957 7958 8021
f 7951 8022 8021
f 8023 8022 7951
f 7951 7952 8023
f 8023 7952 7948
f 8024 8022 8023
f 8021 8022 8024
f 7948 8025 8023
f 8023 8025 8024
f 8026 8025 7948
f 8024 8025 8026
f 7948 8027 8026
f 7947 8027 7948
f 8024 8028 8021
f 8029 8027 7947
f 8026 8027 8029
f 8026 8030 8024
f 8031 8028 8024
f 8024 8030 8031
f 8021 8028 8032
f 8032 8028 8031
f 8032 8033 8021
f 8021 8033 7957
f 8034 8030 8026
f 8031 8030 8034
f 8026 8035 8034
f 8029 8035 8026
f 7957 8033 8036
f 8036 8033 8032
f 8036 8037 7957
f 7957 8037 7956
f 8032 8038 8036
f 8032 8031 8039
f 8039 8038 8032
f 8039 8031 8040
f 8031 8041 8040
f 8034 8041 8031
f 8042 8041 8034
f 8040 8041 8042
f 8040 8043 8039
f 8034 8044 8042
f 8045 8044 8034
f 8034 8035 8045
f 8045 8035 8029
f 8046 8044 8045
f 8042 8044 8046
f 8029 8047 8045
f 8045 8047 8046
f 8042 8048 8040
f 3664 8047 8029
f 8046 8047 3664
f 8046 8049 8042
f 8029 8050 3664
f 7947 8050 8029
f 3667 8050 7947
f 3664 8050 3667
f 7947 3668 3667
f 3664 8051 8046
f 8042 8049 3691
f 3691 8048 8042
f 3676 8049 8046
f 8046 8051 3676
f 3691 8049 3676
f 3666 8051 3664
f 3676 8051 3666
f 1101 1098 1100
f 1095 1099 2150
f 2150 1099 1101
f 2150 2149 1095
f 1095 2149 1092
f 1100 1090 1084
f 1100 8052 1101
f 1084 8053 1100
f 8054 8052 1100
f 1100 8053 8054
f 8055 8053 1084
f 8054 8053 8055
f 1084 8056 8055
f 1077 8056 1084
f 8057 8056 1077
f 8055 8056 8057
f 1077 1078 8057
f 8055 8058 8054
f 8057 8058 8055
f 8057 1078 1074
f 8054 8058 8059
f 8059 8058 8057
f 1074 8060 8057
f 8057 8060 8059
f 8061 8060 1074
f 8059 8060 8061
f 1074 8062 8061
f 8059 8063 8054
f 1072 8062 1074
f 8054 8063 8064
f 8064 8052 8054
f 8065 8063 8059
f 8064 8063 8065
f 1101 8052 8064
f 8064 8066 1101
f 1101 8066 2150
f 2152 8066 8064
f 2150 8066 2152
f 8065 8067 8064
f 8064 8067 2152
f 8059 8068 8065
f 8061 8068 8059
f 2157 8067 8065
f 2152 8067 2157
f 8065 8068 8069
f 8069 8068 8061
f 8069 8070 8065
f 8065 8070 2157
f 8061 8071 8069
f 8072 8070 8069
f 8069 8071 8072
f 2157 8070 8072
f 8073 8071 8061
f 8072 8071 8073
f 8061 8062 8073
f 8073 8062 1072
f 8073 8074 8072
f 8072 2156 2157
f 8072 8074 2155
f 2155 2156 8072
f 8075 8074 8073
f 2155 8074 8075
f 3623 8073 1072
f 1072 1073 3623
f 8075 8073 3623
f 3623 8076 8075
f 8077 8076 3623
f 3623 3624 8077
f 8075 8076 8078
f 8078 8076 8077
f 8075 8079 2155
f 8078 8079 8075
f 2155 8079 2145
f 2145 8079 8078
f 8077 3624 3620
f 2145 2147 2155
f 8077 8080 8078
f 3620 8081 8077
f 8082 8080 8077
f 8077 8081 8082
f 8083 8081 3620
f 8082 8081 8083
f 3620 8084 8083
f 3608 8084 3620
f 8085 8084 3608
f 8083 8084 8085
f 3608 3606 8085
f 8078 8080 6113
f 6113 8080 8082
f 8078 6113 2145
f 8082 6115 6113
f 2145 6113 2142
f 6114 6115 8082
f 8082 8086 6114
f 8083 8086 8082
f 6114 8086 8087
f 8087 8086 8083
f 2142 2143 2145
f 8087 8088 6114
f 6114 8088 6116
f 8083 8089 8087
f 8085 8089 8083
f 8087 8089 8090
f 8090 8089 8085
f 8087 8091 8088
f 8090 8091 8087
f 8092 6116 8088
f 6117 6116 8092
f 8088 8091 8093
f 8093 8091 8090
f 8092 8088 8094
f 8094 8088 8093
f 8095 6117 8092
f 6120 6117 8095
f 8094 8096 8092
f 8092 8096 8095
f 8095 8097 6120
f 6120 8097 6123
f 8097 8098 6123
f 6123 8098 3599
f 8097 8095 8099
f 8099 8095 8096
f 8100 8098 8097
f 3599 8098 8100
f 8099 8101 8097
f 8097 8101 8100
f 8096 8102 8099
f 8103 8101 8099
f 8100 8101 8103
f 8100 8104 3599
f 3599 8104 8105
f 8105 3598 3599
f 8106 8104 8100
f 8105 8104 8106
f 8103 8107 8100
f 8100 8107 8106
f 3594 3598 8105
f 8105 8108 3594
f 8106 8109 8105
f 7404 8108 8105
f 8105 8109 7404
f 7411 8109 8106
f 7404 8109 7411
f 8106 8107 8110
f 8110 8107 8103
f 8106 8111 7411
f 8110 8111 8106
f 3594 8108 7400
f 7400 8108 7404
f 8112 8113 8114
f 8114 8113 8115
f 8116 8117 8115
f 8118 8117 8116
f 8115 8117 8119
f 8119 8117 8118
f 8119 8120 8115
f 8115 8120 8114
f 8118 8121 8119
f 8122 8121 8118
f 8123 8121 8122
f 8119 8121 8123
f 8122 8102 8123
f 8123 8102 8096
f 8096 8124 8123
f 8094 8124 8096
f 8123 8125 8119
f 8123 8124 8126
f 8126 8124 8094
f 8126 8125 8123
f 8119 8125 8127
f 8127 8120 8119
f 8127 8125 8126
f 8114 8120 8127
f 8094 8128 8126
f 8093 8128 8094
f 8126 8129 8127
f 8126 8128 8129
f 8129 8128 8093
f 8127 8130 8114
f 8127 8129 8131
f 8131 8130 8127
f 8093 8090 8129
f 8129 8090 8132
f 8129 8132 8131
f 8133 8130 8131
f 8114 8130 8133
f 8131 8132 8134
f 8090 8135 8132
f 8085 8135 8090
f 3606 8135 8085
f 8132 8135 3606
f 3606 8134 8132
f 3603 8134 3606
f 8134 3603 7408
f 8134 8136 8131
f 7408 8136 8134
f 8131 8136 8133
f 8133 8136 7408
f 7408 7416 8133
f 8133 7416 7415
f 7415 8137 8133
f 8133 8137 8114
f 8112 8137 7415
f 8114 8137 8112
f 7414 7418 8138
f 8138 8139 7414
f 7414 8139 7415
f 7415 8139 8112
f 8112 8139 8138
f 7418 8140 8138
f 7418 7411 8140
f 7411 8111 8110
f 8110 8141 7411
f 7411 8142 8140
f 8141 8142 7411
f 8140 8142 8143
f 8143 8142 8141
f 8110 8144 8141
f 8103 8144 8110
f 8141 8144 8145
f 8145 8144 8103
f 8145 8146 8141
f 8141 8146 8143
f 8103 8147 8145
f 8099 8147 8103
f 8122 8147 8099
f 8145 8147 8122
f 8099 8102 8122
f 8143 8146 8145
f 8145 8148 8143
f 8122 8148 8145
f 8143 8148 8118
f 8118 8149 8143
f 8118 8148 8122
f 8143 8149 8116
f 8116 8149 8118
f 8116 8150 8143
f 8143 8150 8140
f 8140 8150 8151
f 8151 8150 8116
f 8138 8140 8151
f 8151 8112 8138
f 8152 8112 8151
f 8115 8151 8116
f 8152 8151 8115
f 8152 8113 8112
f 8115 8113 8152
f 8153 8154 8155
f 8154 8156 8155
f 8157 8153 8155
f 8156 8158 8155
f 8159 8157 8155
f 8160 8159 8155
f 8161 8160 8155
f 8162 8163 8155
f 8164 8161 8155
f 8163 8164 8155
f 8165 3693 3687
f 3692 3693 8165
f 3687 3694 8166
f 8166 3694 3685
f 3687 8167 8165
f 8166 8167 3687
f 3692 8168 3691
f 3685 8169 8166
f 3691 8168 8170
f 8170 8048 3691
f 8040 8048 8170
f 8170 8043 8040
f 8171 8169 3685
f 3685 3686 8171
f 8171 3686 3688
f 8172 8043 8170
f 8039 8043 8172
f 8172 8173 8039
f 8039 8173 8038
f 8170 8174 8172
f 8175 8173 8172
f 8038 8173 8175
f 8176 8174 8170
f 8170 8168 8176
f 8176 8168 3692
f 8172 8174 8177
f 8177 8174 8176
f 3692 8178 8176
f 8165 8178 3692
f 8176 8178 8179
f 8179 8178 8165
f 8176 8180 8177
f 8179 8180 8176
f 8181 8172 8177
f 8175 8172 8181
f 8177 8180 8182
f 8182 8180 8179
f 8177 8183 8181
f 8182 8183 8177
f 8181 8184 8175
f 8165 8185 8179
f 8181 8183 8186
f 8186 8183 8182
f 8179 8187 8182
f 8188 8185 8165
f 8165 8167 8188
f 8179 8185 8189
f 8189 8187 8179
f 8189 8185 8188
f 8188 8167 8166
f 8166 8190 8188
f 8182 8187 8191
f 8191 8187 8189
f 8188 8192 8189
f 8191 8193 8182
f 8182 8193 8186
f 8169 8190 8166
f 8188 8190 8194
f 8194 8192 8188
f 8194 8190 8169
f 8189 8192 8195
f 8195 8192 8194
f 8195 8196 8189
f 8189 8196 8191
f 8169 8197 8194
f 8171 8198 8169
f 1768 8197 8169
f 8169 8198 1768
f 1771 8198 8171
f 1768 8198 1771
f 8171 8199 1771
f 3688 8199 8171
f 8200 8199 3688
f 1771 8199 8200
f 3688 7959 8200
f 8200 7959 7956
f 8200 1773 1771
f 7956 8201 8200
f 1774 1773 8200
f 8200 8201 1774
f 8202 8201 7956
f 1774 8201 8202
f 7956 8037 8202
f 8202 8037 8036
f 8036 8203 8202
f 8038 8203 8036
f 8202 8203 8204
f 8204 8203 8038
f 8202 8205 1774
f 8204 8205 8202
f 1774 8205 1776
f 1776 8205 8204
f 8038 8206 8204
f 8175 8206 8038
f 8207 8206 8175
f 8204 8206 8207
f 8175 8184 8207
f 8204 8208 1776
f 8207 8208 8204
f 8207 8184 8209
f 8209 8184 8181
f 8210 8208 8207
f 1776 8208 8210
f 8209 8211 8207
f 8207 8211 8210
f 8181 8212 8209
f 8186 8212 8181
f 8213 8211 8209
f 8210 8211 8213
f 8209 8212 8214
f 8214 8212 8186
f 8209 8215 8213
f 8214 8215 8209
f 8210 1779 1776
f 8213 8216 8210
f 8186 8193 8217
f 8217 8193 8191
f 8210 8216 1779
f 1788 8216 8213
f 1779 8216 1788
f 8213 8215 8218
f 8218 8215 8214
f 8213 8219 1788
f 8218 8219 8213
f 1788 8219 1794
f 1794 8219 8218
f 8214 8220 8218
f 1794 1790 1788
f 8221 8220 8214
f 8214 8186 8221
f 8221 8186 8217
f 8218 8220 8222
f 8222 8220 8221
f 8218 8223 1794
f 8222 8223 8218
f 1794 8223 2024
f 2024 8223 8222
f 8221 8224 8222
f 8221 8217 8225
f 8225 8224 8221
f 8225 8217 8226
f 8217 8227 8226
f 8191 8227 8217
f 8228 8227 8191
f 8226 8227 8228
f 8191 8196 8228
f 8222 8224 2021
f 2021 8224 8225
f 8226 8229 8225
f 2021 2023 8222
f 8222 2023 2024
f 8225 8230 2021
f 8225 8229 2010
f 2010 8230 8225
f 1806 8229 8226
f 2010 8229 1806
f 8226 8231 1806
f 8228 8231 8226
f 2021 8230 2013
f 2013 8230 2010
f 1804 8231 8228
f 1806 8231 1804
f 1806 1808 2010
f 8228 8232 1804
f 8195 8232 8228
f 8228 8196 8195
f 8233 8232 8195
f 1804 8232 8233
f 8195 8234 8233
f 8194 8234 8195
f 8235 8234 8194
f 8233 8234 8235
f 8194 8197 8235
f 8233 1802 1804
f 8235 8197 1768
f 1768 8236 8235
f 8233 8235 1796
f 1796 1802 8233
f 8235 8236 1783
f 1796 8235 1783
f 1770 8236 1768
f 1783 8236 1770
f 5425 8237 5431
f 5432 8237 5425
f 5428 8238 5427
f 5427 8238 8239
f 8239 8240 5427
f 8241 8238 5428
f 8239 8238 8241
f 5431 8242 5428
f 5428 8242 8241
f 5431 8237 8243
f 8243 8237 5432
f 8244 8242 5431
f 8241 8242 8244
f 8243 8245 5431
f 5431 8245 8244
f 5432 8246 8243
f 8247 8245 8243
f 8244 8245 8247
f 8244 8248 8241
f 8243 8249 8247
f 8243 8246 8250
f 8250 8249 8243
f 8251 8246 5432
f 8250 8246 8251
f 5432 8252 8251
f 5424 8252 5432
f 8253 8252 5424
f 8251 8252 8253
f 5424 8254 8253
f 5419 8254 5424
f 8253 8255 8251
f 8256 8254 5419
f 8253 8254 8256
f 5419 8257 8256
f 5410 8257 5419
f 8258 8257 5410
f 8256 8257 8258
f 8258 8259 8256
f 8256 8260 8253
f 8261 8259 8258
f 8258 8262 8261
f 8256 8259 8263
f 8263 8260 8256
f 8263 8259 8261
f 8253 8260 8264
f 8264 8260 8263
f 8264 8255 8253
f 8261 8262 8265
f 8261 8266 8263
f 8265 8267 8261
f 8268 8266 8261
f 8261 8267 8268
f 8269 8267 8265
f 8268 8267 8269
f 8265 8270 8269
f 8271 8270 8265
f 8272 8270 8271
f 8269 8270 8272
f 8271 8273 8272
f 8272 8273 8274
f 8274 8275 8272
f 8276 8275 8274
f 8272 8277 8269
f 8272 8275 8278
f 8278 8277 8272
f 8278 8275 8276
f 8269 8277 8279
f 8279 8277 8278
f 8279 8280 8269
f 8269 8280 8268
f 8276 8281 8278
f 8239 8281 8276
f 8276 8240 8239
f 8278 8281 8282
f 8282 8281 8239
f 8278 8283 8279
f 8282 8283 8278
f 8284 8280 8279
f 8268 8280 8284
f 8279 8283 8285
f 8285 8283 8282
f 8239 8286 8282
f 8241 8286 8239
f 8287 8286 8241
f 8282 8286 8287
f 8241 8248 8287
f 8282 8288 8285
f 8287 8288 8282
f 8285 8289 8279
f 8279 8289 8284
f 8285 8288 769
f 769 8288 8287
f 772 8289 8285
f 8284 8289 772
f 769 771 8285
f 8285 771 772
f 8287 8290 769
f 8287 8248 8291
f 8291 8290 8287
f 8291 8248 8244
f 769 8290 766
f 766 8290 8291
f 8244 8292 8291
f 8247 8292 8244
f 8291 8292 8293
f 8293 8292 8247
f 8293 8294 8291
f 8291 8294 766
f 8247 8295 8293
f 759 8294 8293
f 766 8294 759
f 8296 8295 8247
f 8247 8249 8296
f 8293 8295 754
f 754 8295 8296
f 8293 756 759
f 754 756 8293
f 8296 8249 8250
f 8250 8297 8296
f 8296 8298 754
f 8296 8297 739
f 739 8298 8296
f 8299 8297 8250
f 739 8297 8299
f 8250 8300 8299
f 8251 8300 8250
f 8301 8300 8251
f 8299 8300 8301
f 8251 8255 8301
f 754 8298 741
f 741 8298 739
f 8299 737 739
f 8301 8255 8264
f 8301 8302 8299
f 8299 8302 727
f 727 737 8299
f 726 8302 8301
f 8301 8264 726
f 727 8302 726
f 726 8264 8303
f 8263 8303 8264
f 8266 8303 8263
f 8268 8304 8266
f 8284 8304 8268
f 8266 8305 8303
f 8266 8304 8306
f 8306 8304 8284
f 8306 8305 8266
f 8284 774 8306
f 772 774 8284
f 8307 8305 8306
f 8303 8305 8307
f 8306 8308 8307
f 774 8308 8306
f 8307 8309 8303
f 8303 8309 726
f 8307 8308 730
f 730 8308 774
f 724 8309 8307
f 726 8309 724
f 730 728 8307
f 8307 728 724
f 2520 7965 7989
f 7989 8310 2520
f 7986 8311 7987
f 8312 8310 7989
f 7989 8313 8312
f 7990 8313 7989
f 8310 8314 2520
f 2520 8314 2518
f 8314 8315 2518
f 2518 8315 2575
f 2575 2519 2518
f 2577 8315 8314
f 2575 8315 2577
f 8310 8316 8314
f 2511 2519 2575
f 2575 2545 2511
f 2590 8316 8310
f 8314 8316 2584
f 2584 8316 2590
f 2584 2583 8314
f 8314 2583 2577
f 8312 2590 8310
f 2541 2590 8312
f 8317 2541 8312
f 8312 8313 8317
f 8317 8313 7990
f 2540 2541 8317
f 7990 8318 8317
f 2541 2543 2590
f 8319 7990 7987
f 8318 7990 8319
f 7987 8311 8319
f 8317 8318 8320
f 8320 8321 8317
f 8317 8321 2540
f 8318 8322 8320
f 4574 8321 8320
f 2540 8321 4574
f 8320 8322 8323
f 8323 4575 8320
f 8320 4575 4574
f 8324 8322 8318
f 8323 8322 8324
f 8325 8318 8319
f 8324 8318 8325
f 8319 8311 8326
f 8326 8311 7986
f 7986 8327 8326
f 8328 8319 8326
f 8325 8319 8328
f 8329 8327 7986
f 7986 7984 8329
f 8329 7984 7962
f 8330 8323 8324
f 8331 8324 8325
f 8330 8324 8331
f 8325 8332 8331
f 8328 8332 8325
f 8329 7962 4567
f 4567 7962 4566
f 8328 8326 8333
f 8333 8326 8327
f 8327 8329 7463
f 7463 8329 4567
f 8327 7453 8333
f 7463 7453 8327
f 8333 7449 8328
f 8328 7449 8334
f 8334 8332 8328
f 8333 7452 7449
f 7453 7452 8333
f 8331 8332 8334
f 8334 8335 8331
f 4567 4570 7463
f 4527 8335 8334
f 8331 8335 4526
f 4526 8335 4527
f 4526 8330 8331
f 4529 8334 7449
f 4527 8334 4529
f 8336 8330 4526
f 8336 4568 8330
f 4568 8323 8330
f 4526 4522 8336
f 8337 4568 8336
f 8336 4522 4519
f 8336 4519 8337
f 4568 4575 8323
f 4568 8337 4561
f 8337 4519 8338
f 4561 8337 4553
f 8337 8338 4553
f 4519 8339 8338
f 4553 8338 4545
f 4553 4556 4561
f 8338 8339 4541
f 4541 4545 8338
f 4521 8339 4519
f 4541 8339 4521
f 1766 8340 1758
f 1758 8340 1763
f 1767 8341 1766
f 1766 8341 8340
f 8342 1765 3359
f 1767 1765 8342
f 8343 8341 1767
f 8340 8341 8343
f 8342 8344 1767
f 1767 8344 8343
f 8342 3359 8345
f 8345 3359 1714
f 8346 8344 8342
f 8343 8344 8346
f 8345 1714 1713
f 8347 8342 8345
f 8346 8342 8347
f 8346 8348 8343
f 8349 8345 1713
f 8347 8345 8349
f 8347 8350 8346
f 8351 1713 1715
f 8349 1713 8351
f 8349 8352 8347
f 8346 8350 8353
f 8353 8348 8346
f 8354 8350 8347
f 8347 8352 8354
f 8353 8350 8354
f 6789 8352 8349
f 8354 8352 6789
f 8349 8355 6789
f 8351 8355 8349
f 6789 6788 8354
f 6793 8355 8351
f 6789 8355 6793
f 8351 6801 6793
f 6802 6801 8351
f 8351 1715 6802
f 6802 1715 1718
f 8354 6788 6783
f 6783 8353 8354
f 6776 8353 6783
f 6776 8356 8353
f 8353 8356 8357
f 8357 8348 8353
f 8343 8348 8357
f 8357 8358 8343
f 8343 8358 8340
f 8357 8356 6773
f 6773 8356 6776
f 6767 8358 8357
f 8340 8358 6767
f 8357 6773 6767
f 6767 1763 8340
f 6767 6773 6765
f 6768 1763 6767
f 2439 8359 2438
f 2398 8360 2443
f 8361 2445 2443
f 2444 2445 8361
f 2444 8362 2439
f 8363 8360 2398
f 2398 2404 8363
f 8363 2404 2403
f 2439 8362 8364
f 8364 8359 2439
f 2444 8365 8362
f 8361 8365 2444
f 2403 8366 8363
f 8367 8366 2403
f 2403 2415 8367
f 8367 2415 2413
f 8363 8366 8368
f 8368 8366 8367
f 8368 8369 8363
f 2413 2421 8370
f 8367 2413 8371
f 8371 2413 8370
f 8367 8372 8368
f 8371 8372 8367
f 8368 8372 8373
f 8373 8372 8371
f 8370 2421 2420
f 8373 8374 8368
f 8370 8375 8371
f 2420 8376 8370
f 8377 8375 8370
f 8370 8376 8377
f 8378 8376 2420
f 8377 8376 8378
f 2420 8379 8378
f 2417 8379 2420
f 8371 8375 8380
f 8380 8375 8377
f 8380 8381 8371
f 8371 8381 8373
f 8382 8379 2417
f 8378 8379 8382
f 2417 8383 8382
f 2418 8383 2417
f 8384 8383 2418
f 8382 8383 8384
f 2418 2425 8384
f 8384 2425 2428
f 2428 8385 8384
f 2438 8385 2428
f 8384 8386 8382
f 8387 8385 2438
f 8384 8385 8387
f 8387 8386 8384
f 2438 8359 8387
f 8387 8359 8364
f 8388 8386 8387
f 8382 8386 8388
f 8364 8389 8387
f 8387 8389 8388
f 8388 8390 8382
f 8382 8390 8378
f 8388 8389 8391
f 8391 8389 8364
f 8392 8390 8388
f 8378 8390 8392
f 8391 8393 8388
f 8388 8393 8392
f 8364 8394 8391
f 8362 8394 8364
f 8395 8393 8391
f 8392 8393 8395
f 8392 8396 8378
f 8378 8396 8377
f 8397 8396 8392
f 8377 8396 8397
f 8395 8398 8392
f 8392 8398 8397
f 8397 8399 8377
f 8377 8399 8380
f 8397 8398 8400
f 8400 8398 8395
f 8401 8399 8397
f 8380 8399 8401
f 8400 8402 8397
f 8397 8402 8401
f 8395 8403 8400
f 8404 8402 8400
f 8401 8402 8404
f 8401 8405 8380
f 8380 8405 8406
f 8406 8381 8380
f 8407 8405 8401
f 8406 8405 8407
f 8373 8381 8406
f 8401 8408 8407
f 8404 8408 8401
f 8406 8409 8373
f 8373 8409 8410
f 8410 8374 8373
f 8411 8409 8406
f 8410 8409 8411
f 8407 8412 8406
f 8406 8412 8411
f 8407 8408 8413
f 8413 8408 8404
f 4941 8412 8407
f 8411 8412 4941
f 8413 8414 8407
f 8407 8414 4941
f 8404 8415 8413
f 4937 8414 8413
f 4941 8414 4937
f 4941 8416 8411
f 8413 4938 4937
f 8413 8415 4939
f 4939 4938 8413
f 8417 8415 8404
f 4939 8415 8417
f 8404 8418 8417
f 8400 8418 8404
f 8419 8418 8400
f 8417 8418 8419
f 8400 8403 8419
f 8417 4944 4939
f 8419 8420 8417
f 4945 4944 8417
f 8417 8420 4945
f 8421 8420 8419
f 4945 8420 8421
f 8419 8403 8422
f 8422 8403 8395
f 8419 8423 8421
f 8422 8423 8419
f 8395 8424 8422
f 8391 8424 8395
f 8425 8423 8422
f 8421 8423 8425
f 8426 8424 8391
f 8422 8424 8426
f 8391 8394 8426
f 8426 8394 8362
f 8426 8427 8422
f 8422 8427 8425
f 8362 8428 8426
f 8429 8427 8426
f 8426 8428 8429
f 8425 8427 8429
f 8430 8428 8362
f 8429 8428 8430
f 8362 8365 8430
f 8429 8431 8425
f 8430 8365 8361
f 8430 8432 8429
f 8361 8433 8430
f 8429 8432 8434
f 8434 8431 8429
f 8435 8432 8430
f 8430 8433 8435
f 8434 8432 8435
f 8436 8433 8361
f 8435 8433 8436
f 8361 8437 8436
f 2443 8437 8361
f 8438 8437 2443
f 8436 8437 8438
f 2443 8360 8438
f 8438 8360 8363
f 8363 8369 8438
f 8438 8439 8436
f 8438 8369 8440
f 8440 8439 8438
f 8440 8369 8368
f 8368 8374 8440
f 8440 8374 8410
f 8410 8441 8440
f 8442 8439 8440
f 8436 8439 8442
f 8440 8441 8442
f 8442 8443 8436
f 8436 8443 8435
f 8442 8441 8444
f 8444 8441 8410
f 8444 8445 8442
f 8442 8445 8443
f 8410 8446 8444
f 8411 8446 8410
f 1179 8446 8411
f 8444 8446 1179
f 8411 8416 1179
f 1176 8445 8444
f 8443 8445 1176
f 1179 1178 8444
f 8444 1178 1176
f 1179 8416 1182
f 1182 8416 4941
f 8443 8447 8435
f 8435 8447 8434
f 8448 8447 8443
f 8434 8447 8448
f 8443 8449 8448
f 1176 8449 8443
f 8448 8450 8434
f 1173 8449 1176
f 8448 8449 1173
f 8434 8450 8451
f 8451 8431 8434
f 8452 8450 8448
f 8451 8450 8452
f 8425 8431 8451
f 8451 8453 8425
f 8425 8453 8421
f 8454 8453 8451
f 8421 8453 8454
f 8452 8455 8451
f 8451 8455 8454
f 8454 8456 8421
f 8421 8456 4945
f 4945 8456 4947
f 4947 8456 8454
f 8448 8457 8452
f 1173 8457 8448
f 8458 8455 8452
f 8454 8455 8458
f 8452 8457 8459
f 8459 8457 1173
f 8452 8460 8458
f 8459 8460 8452
f 8461 8462 8463
f 8461 8464 8465
f 8465 8464 8466
f 341 340 8466
f 8465 8467 8461
f 8468 8462 8461
f 8461 8467 8468
f 8463 8462 8469
f 8469 8462 8468
f 8469 8470 8463
f 8463 8470 8471
f 8471 8470 8472
f 8472 8470 8469
f 8472 8473 8471
f 8471 8473 8474
f 8474 8475 8471
f 8476 8475 8474
f 8474 8477 8476
f 8476 8477 8478
f 8474 8473 8479
f 8479 8473 8472
f 8480 8477 8474
f 8478 8477 8480
f 8479 8481 8474
f 8474 8481 8480
f 8480 8482 8478
f 8478 8482 8483
f 8480 8481 8484
f 8484 8481 8479
f 8485 8482 8480
f 8483 8482 8485
f 8484 8486 8480
f 8480 8486 8485
f 8485 8487 8483
f 8483 8487 8488
f 8485 8486 8489
f 8489 8486 8484
f 8490 8487 8485
f 8488 8487 8490
f 8489 8491 8485
f 8485 8491 8490
f 8490 8492 8488
f 8488 8492 285
f 285 8492 110
f 110 8492 8490
f 110 111 285
f 8490 8493 110
f 110 8493 112
f 8490 8491 8494
f 8494 8493 8490
f 112 8493 8494
f 8494 8491 8489
f 8494 8495 112
f 112 8495 169
f 8489 8496 8494
f 8497 8495 8494
f 169 8495 8497
f 8494 8496 8497
f 8497 8498 169
f 364 8496 8489
f 8497 8496 364
f 8489 8499 364
f 8484 8499 8489
f 364 363 8497
f 361 8498 8497
f 8497 363 361
f 8500 8498 361
f 366 8499 8484
f 364 8499 366
f 8484 8501 366
f 8479 8501 8484
f 361 8502 8500
f 8500 8502 349
f 351 8502 361
f 349 8502 351
f 8503 8501 8479
f 366 8501 8503
f 8479 8504 8503
f 8472 8504 8479
f 8503 369 366
f 8505 8504 8472
f 8503 8504 8505
f 8472 8506 8505
f 8469 8506 8472
f 8505 8507 8503
f 8508 8506 8469
f 8505 8506 8508
f 8469 8509 8508
f 8468 8509 8469
f 8503 8507 370
f 370 369 8503
f 378 8507 8505
f 370 8507 378
f 8508 8510 8505
f 8505 8510 378
f 8508 8509 8511
f 8511 8509 8468
f 429 8510 8508
f 378 8510 429
f 8511 8512 8508
f 8508 8512 429
f 8468 8513 8511
f 426 8512 8511
f 429 8512 426
f 429 380 378
f 8514 8513 8468
f 8468 8467 8514
f 8511 8513 8515
f 8515 8513 8514
f 8515 8516 8511
f 8511 8516 426
f 8514 8467 8465
f 8465 8517 8514
f 8514 8518 8515
f 419 8516 8515
f 426 8516 419
f 8514 8517 8519
f 8519 8518 8514
f 8520 8517 8465
f 8519 8517 8520
f 8465 8521 8520
f 8466 8521 8465
f 336 8521 8466
f 8520 8521 336
f 8466 340 336
f 8520 8522 8519
f 414 8518 8519
f 8515 8518 414
f 414 416 8515
f 8515 416 419
f 8519 8523 414
f 8519 8522 335
f 335 8523 8519
f 333 8522 8520
f 335 8522 333
f 8520 8524 333
f 336 8524 8520
f 414 8523 401
f 401 8523 335
f 338 8524 336
f 333 8524 338
f 8458 8525 8454
f 8458 8460 8526
f 8526 8460 8459
f 8527 8525 8458
f 8526 8528 8458
f 8458 8528 8527
f 8454 8525 8529
f 8529 8525 8527
f 8529 4947 8454
f 4953 4947 8529
f 8527 8530 8529
f 8527 8528 8531
f 8531 8528 8526
f 8532 8530 8527
f 8531 8533 8527
f 8527 8533 8532
f 8529 8530 3644
f 3644 8530 8532
f 3644 4953 8529
f 3646 4953 3644
f 8532 3642 3644
f 4953 4950 4947
f 8532 8533 8534
f 8534 8533 8531
f 3634 3642 8532
f 8534 8535 8532
f 8532 8535 3634
f 8531 6066 8534
f 3632 8535 8534
f 3634 8535 3632
f 6066 6071 8534
f 8534 6071 3632
f 8536 6066 8531
f 8526 8536 8531
f 8537 8536 8526
f 8526 8538 8537
f 8459 8538 8526
f 8539 8538 8459
f 8537 8538 8539
f 8459 8540 8539
f 1173 8540 8459
f 8539 8541 8537
f 8537 8541 8542
f 8536 8537 8543
f 8543 8537 8542
f 8544 8541 8539
f 8542 8541 8544
f 8539 8540 1162
f 1162 8540 1173
f 8539 8545 8544
f 1162 8545 8539
f 8544 8546 8542
f 8544 8545 1160
f 1160 8545 1162
f 1173 1165 1162
f 1160 6106 8544
f 6061 8546 8544
f 8544 6106 6061
f 8542 8546 6063
f 6063 8546 6061
f 6063 8547 8542
f 8542 8547 8543
f 8543 8547 6069
f 6069 8547 6063
f 6069 6067 8543
f 8543 6067 6064
f 6064 8536 8543
f 6066 8536 6064
f 197 8548 5337
f 198 8548 197
f 8549 8548 198
f 5337 8548 8549
f 198 200 8549
f 8549 8550 5337
f 5337 8550 5336
f 199 207 200
f 8551 8550 8549
f 5336 8550 8551
f 200 8552 8549
f 8549 8552 8551
f 200 207 215
f 215 8553 200
f 8554 8552 200
f 200 8553 8554
f 8551 8552 8554
f 8551 8555 5336
f 8556 8553 215
f 8554 8553 8556
f 215 8557 8556
f 216 8557 215
f 216 224 8557
f 8558 8551 8554
f 8555 8551 8558
f 6475 8554 8556
f 8558 8554 6475
f 8556 8559 6475
f 8557 8559 8556
f 6475 6474 8558
f 6479 8559 8557
f 6475 8559 6479
f 8557 6486 6479
f 224 6486 8557
f 8558 6474 6469
f 6469 8560 8558
f 8558 8560 8555
f 8555 8560 6465
f 6465 8560 6469
f 6465 8561 8555
f 8555 8561 8562
f 5336 8555 8562
f 5336 8562 5338
f 8562 8561 6462
f 6462 8561 6465
f 5338 8562 8563
f 6462 8563 8562
f 8563 5335 5338
f 6460 8563 6462
f 6460 5335 8563
f 6460 268 5335
f 258 268 6460
f 6460 6459 258
f 258 6459 252
f 1149 8564 1154
f 2237 8564 1149
f 1149 2223 2237
f 1154 8564 8565
f 8565 8564 2237
f 8566 1156 1154
f 1155 1156 8566
f 8565 8567 1154
f 1154 8567 8566
f 2237 8568 8565
f 2267 8568 2237
f 8569 8567 8565
f 8566 8567 8569
f 8565 8568 8570
f 8570 8568 2267
f 8565 8571 8569
f 8570 8571 8565
f 8566 8572 1155
f 2267 8573 8570
f 2268 8573 2267
f 2323 8573 2268
f 8570 8573 2323
f 2323 8574 8570
f 8575 8571 8570
f 8570 8574 8575
f 8569 8571 8575
f 8569 8576 8566
f 8577 8574 2323
f 8575 8574 8577
f 2323 8578 8577
f 2313 8578 2323
f 2312 8578 2313
f 8577 8578 2312
f 2312 3479 8577
f 8577 3479 3478
f 3478 8579 8577
f 8577 8579 8575
f 8580 8579 3478
f 8575 8579 8580
f 3478 8581 8580
f 3476 8581 3478
f 8582 8581 3476
f 8580 8581 8582
f 3476 3486 8582
f 8582 3486 981
f 981 980 8582
f 8582 8583 8580
f 8582 980 8584
f 8584 8583 8582
f 8584 980 979
f 8580 8583 8585
f 8585 8583 8584
f 979 1133 8584
f 984 1133 979
f 1133 8586 8584
f 8584 8586 8585
f 1128 8586 1133
f 8585 8586 1128
f 1133 1129 1128
f 1128 8587 8585
f 1130 8587 1128
f 8585 8587 8588
f 8588 8587 1130
f 8588 8580 8585
f 8575 8580 8588
f 8588 8589 8575
f 8575 8589 8569
f 1130 8590 8588
f 8591 8589 8588
f 8569 8589 8591
f 8588 8590 8591
f 8591 8576 8569
f 8592 8590 1130
f 8591 8590 8592
f 1130 1131 8592
f 8593 8576 8591
f 8566 8576 8593
f 8593 8572 8566
f 8591 8594 8593
f 8592 8594 8591
f 8592 1131 1125
f 8593 8594 8595
f 8595 8594 8592
f 1125 8596 8592
f 8592 8596 8595
f 2485 8596 1125
f 8595 8596 2485
f 1125 4585 2485
f 1124 4585 1125
f 8597 8572 8593
f 2479 8593 8595
f 8597 8593 2479
f 1155 8572 8597
f 8597 8598 1155
f 1155 8598 1151
f 2483 8598 8597
f 1151 8598 2483
f 2481 8597 2479
f 2483 8597 2481
f 2479 8595 2482
f 2482 8595 2485
f 8599 7035 7045
f 7032 7035 8599
f 7032 8600 7029
f 7029 8600 7028
f 8601 8600 7032
f 7028 8600 8601
f 8599 8602 7032
f 7032 8602 8601
f 7045 8603 8599
f 3245 8603 7045
f 3255 8602 8599
f 8601 8602 3255
f 8599 8603 3249
f 3249 8603 3245
f 8599 3253 3255
f 3249 3253 8599
f 8601 8604 7028
f 7028 8604 1442
f 1442 7024 7028
f 8605 8604 8601
f 1442 8604 8605
f 7025 7024 1442
f 1442 8606 7025
f 3256 8601 3255
f 8605 8601 3256
f 7025 8606 8607
f 8607 5948 7025
f 1444 8606 1442
f 8607 8606 1444
f 8605 8608 1442
f 3256 8608 8605
f 1000 5948 8607
f 1442 8608 1440
f 1440 8608 3256
f 8607 1001 1000
f 642 8607 1444
f 643 1001 8607
f 643 8607 642
f 8020 8609 8014
f 8014 8609 8013
f 8610 8019 8009
f 8018 8019 8610
f 8018 8611 8017
f 8013 8609 8612
f 8612 8609 8020
f 8017 8613 8020
f 8017 8611 8614
f 8614 8613 8017
f 8615 8611 8018
f 8614 8611 8615
f 8018 8616 8615
f 8610 8616 8018
f 8020 8613 8617
f 8617 8613 8614
f 8617 8618 8020
f 8020 8618 8612
f 8614 8619 8617
f 8620 8618 8617
f 8612 8618 8620
f 8617 8619 5404
f 5404 8621 8617
f 8617 8621 8620
f 8622 8619 8614
f 5404 8619 8622
f 8614 8623 8622
f 8615 8623 8614
f 8615 8624 8623
f 8271 8624 8615
f 8615 8616 8271
f 8271 8616 8610
f 8622 5406 5404
f 8265 8624 8271
f 8623 8624 8265
f 8610 8273 8271
f 8623 8625 8622
f 5410 5406 8622
f 8622 8625 5410
f 8258 8625 8623
f 5410 8625 8258
f 8623 8262 8258
f 8265 8262 8623
f 8274 8273 8610
f 8610 8626 8274
f 8009 8626 8610
f 8627 8626 8009
f 8274 8626 8627
f 8009 8010 8627
f 8627 8010 8006
f 8006 8628 8627
f 8627 8629 8274
f 8627 8628 8630
f 8630 8629 8627
f 8631 8628 8006
f 8630 8628 8631
f 8006 8632 8631
f 8004 8632 8006
f 8274 8629 8276
f 8276 8629 8630
f 8633 8632 8004
f 8631 8632 8633
f 8631 8634 8630
f 8004 8635 8633
f 8636 8635 8004
f 8004 8005 8636
f 8636 8005 8000
f 8630 8634 5427
f 5427 8240 8630
f 8630 8240 8276
f 5427 8634 5422
f 5422 8634 8631
f 8631 8637 5422
f 8633 8637 8631
f 5414 8637 8633
f 5422 8637 5414
f 8633 8638 5414
f 5400 8638 8633
f 8633 8635 5400
f 5400 8635 8636
f 5401 8638 5400
f 5414 8638 5401
f 8636 8639 5400
f 5414 5416 5422
f 8640 8639 8636
f 5400 8639 5399
f 5399 8639 8640
f 8636 8641 8640
f 8000 8641 8636
f 8640 8641 8642
f 8642 8641 8000
f 8642 8643 8640
f 8640 8643 5399
f 8000 8644 8642
f 7997 8644 8000
f 8645 8644 7997
f 8642 8644 8645
f 7997 8001 8645
f 8645 8001 8013
f 8013 8646 8645
f 8612 8646 8013
f 8645 8647 8642
f 8645 8646 8648
f 8648 8646 8612
f 8648 8647 8645
f 8642 8647 8649
f 8649 8643 8642
f 8649 8647 8648
f 5399 8643 8649
f 8612 8650 8648
f 8620 8650 8612
f 8648 8651 8649
f 8648 8650 8652
f 8652 8651 8648
f 8652 8650 8620
f 8649 8651 8653
f 8653 8651 8652
f 8649 8654 5399
f 8653 8654 8649
f 8620 8655 8652
f 8652 8655 8653
f 8656 8655 8620
f 8653 8655 8656
f 8620 8621 8656
f 8656 8621 5404
f 8656 8657 8653
f 5397 8654 8653
f 8653 8657 5397
f 5399 8654 5397
f 5404 5403 8656
f 5405 8657 8656
f 8656 5403 5405
f 5397 8657 5405
f 59 8658 57
f 54 8659 60
f 55 8659 54
f 60 8660 59
f 57 8658 32
f 32 33 57
f 8661 8658 59
f 32 8658 8661
f 59 8660 8661
f 8661 8662 32
f 32 8662 34
f 8661 8660 8663
f 8663 8660 60
f 8664 8662 8661
f 34 8662 8664
f 8663 8665 8661
f 8661 8665 8664
f 60 8666 8663
f 8667 8665 8663
f 8664 8665 8667
f 8664 4399 34
f 8668 8666 60
f 60 8659 8668
f 8668 8659 55
f 8663 8666 8669
f 8669 8666 8668
f 8669 8670 8663
f 8663 8670 8667
f 55 8671 8668
f 8672 8671 55
f 55 51 8672
f 8672 51 43
f 8668 8671 8673
f 8673 8671 8672
f 43 8674 8672
f 8673 8675 8668
f 8668 8675 8669
f 44 8674 43
f 8672 8674 4424
f 4424 8674 44
f 8672 8676 8673
f 4424 8676 8672
f 8677 8675 8673
f 8669 8675 8677
f 8673 8676 4426
f 4426 8676 4424
f 8673 8678 8677
f 4426 8678 8673
f 8677 8679 8669
f 44 4419 4424
f 8677 8678 4430
f 4430 8678 4426
f 8669 8679 8680
f 8680 8670 8669
f 8681 8679 8677
f 8680 8679 8681
f 4430 8682 8677
f 8677 8682 8681
f 8667 8670 8680
f 8680 8683 8667
f 8681 8684 8680
f 8685 8683 8680
f 8680 8684 8685
f 4497 8684 8681
f 8685 8684 4497
f 8681 8682 4433
f 4433 8682 4430
f 8681 4503 4497
f 4433 4503 8681
f 8667 8683 8686
f 8686 8683 8685
f 8686 8687 8667
f 8667 8687 8664
f 8664 8687 4400
f 4400 8687 8686
f 4400 4399 8664
f 8685 8688 8686
f 8686 4401 4400
f 8686 8688 4403
f 4403 4401 8686
f 4422 8688 8685
f 4403 8688 4422
f 8685 4496 4422
f 4497 4496 8685
f 7518 8689 7513
f 7513 8689 7520
f 7514 8690 7518
f 8691 8689 7518
f 7520 8689 8691
f 8692 8690 7514
f 7514 7517 8692
f 7518 8690 8693
f 8693 8690 8692
f 7518 8694 8691
f 8693 8694 7518
f 8691 8695 7520
f 8691 8694 8696
f 8696 8694 8693
f 8697 8695 8691
f 8696 8698 8691
f 8691 8698 8697
f 7520 8695 8699
f 8699 8695 8697
f 8699 8700 7520
f 7520 8700 7519
f 7519 8700 8701
f 8701 8700 8699
f 8701 8702 7519
f 7519 8702 8703
f 8703 7511 7519
f 7503 7511 8703
f 8703 7506 7503
f 8703 8702 8704
f 8704 8702 8701
f 8705 7506 8703
f 7498 7506 8705
f 8704 8706 8703
f 8703 8706 8705
f 8705 8707 7498
f 7498 8707 7492
f 7492 8707 8708
f 8708 8707 8705
f 8708 7495 7492
f 8705 8706 8709
f 8709 8706 8704
f 8705 8710 8708
f 8709 8710 8705
f 7494 7495 8708
f 8708 8711 7494
f 8708 8710 8712
f 8712 8711 8708
f 8712 8710 8709
f 7494 8711 8713
f 8713 8711 8712
f 8713 8714 7494
f 7494 8714 863
f 863 8714 879
f 879 8714 8713
f 879 865 863
f 8713 8715 879
f 879 8715 880
f 8712 8716 8713
f 8717 8715 8713
f 880 8715 8717
f 8713 8716 8717
f 8717 891 880
f 8718 8716 8712
f 8717 8716 8718
f 8712 8719 8718
f 8709 8719 8712
f 8718 8720 8717
f 8721 891 8717
f 8717 8720 8721
f 887 891 8721
f 8722 8719 8709
f 8718 8719 8722
f 8709 8723 8722
f 8704 8723 8709
f 8721 8724 887
f 887 8724 890
f 8725 8724 8721
f 890 8724 8725
f 8726 8723 8704
f 8722 8723 8726
f 8704 8727 8726
f 8701 8727 8704
f 8726 8728 8722
f 8729 8727 8701
f 8726 8727 8729
f 8701 8730 8729
f 8699 8730 8701
f 8729 8731 8726
f 8732 8730 8699
f 8729 8730 8732
f 8699 8733 8732
f 8697 8733 8699
f 8726 8731 8734
f 8734 8728 8726
f 8735 8731 8729
f 8734 8731 8735
f 8732 8736 8729
f 8729 8736 8735
f 8732 8733 8737
f 8737 8733 8697
f 8738 8736 8732
f 8735 8736 8738
f 8737 8739 8732
f 8732 8739 8738
f 8697 8740 8737
f 8741 8739 8737
f 8738 8739 8741
f 8738 8742 8735
f 8743 8740 8697
f 8697 8698 8743
f 8737 8740 552
f 552 8740 8743
f 552 8744 8737
f 8737 8744 8741
f 8743 8698 8696
f 8696 8745 8743
f 8743 554 552
f 500 8744 552
f 8741 8744 500
f 8743 8745 556
f 556 554 8743
f 560 8745 8696
f 556 8745 560
f 8696 8746 560
f 8693 8746 8696
f 569 8746 8693
f 560 8746 569
f 8693 8747 569
f 8692 8747 8693
f 569 563 560
f 571 8747 8692
f 569 8747 571
f 8692 8748 571
f 8749 8748 8692
f 8692 7517 8749
f 8749 7517 893
f 893 892 8749
f 8749 892 890
f 890 8750 8749
f 8751 8748 8749
f 8749 8750 8751
f 571 8748 8751
f 8725 8750 890
f 8751 8750 8725
f 8751 573 571
f 8725 8752 8751
f 574 573 8751
f 8751 8752 574
f 8753 8752 8725
f 574 8752 8753
f 8725 8754 8753
f 8721 8754 8725
f 8755 8754 8721
f 8753 8754 8755
f 8721 8720 8755
f 8755 8720 8718
f 8718 8756 8755
f 8722 8756 8718
f 8755 8757 8753
f 8758 8756 8722
f 8755 8756 8758
f 8758 8757 8755
f 8722 8728 8758
f 8758 8728 8734
f 8759 8757 8758
f 8753 8757 8759
f 8734 8760 8758
f 8758 8760 8759
f 8759 8761 8753
f 8753 8761 574
f 8759 8760 8762
f 8762 8760 8734
f 576 8761 8759
f 574 8761 576
f 8762 8763 8759
f 8759 8763 576
f 8734 8764 8762
f 8735 8764 8734
f 8765 8764 8735
f 8762 8764 8765
f 8735 8742 8765
f 579 8763 8762
f 576 8763 579
f 8765 8766 8762
f 8762 8766 579
f 8765 8742 8767
f 8767 8742 8738
f 8768 8766 8765
f 579 8766 8768
f 8767 8769 8765
f 8765 8769 8768
f 8738 8770 8767
f 8741 8770 8738
f 8771 8769 8767
f 8768 8769 8771
f 8767 8770 8772
f 8772 8770 8741
f 8767 8773 8771
f 8772 8773 8767
f 8768 582 579
f 8741 8774 8772
f 500 8774 8741
f 488 8773 8772
f 8771 8773 488
f 8772 8774 492
f 492 8774 500
f 8771 8775 8768
f 492 8776 8772
f 8772 8776 488
f 8768 8775 519
f 519 582 8768
f 489 8775 8771
f 519 8775 489
f 488 487 8771
f 8771 487 489
f 488 8776 490
f 490 8776 492
f 166 170 8500
f 8500 170 169
f 166 8777 171
f 8500 8777 166
f 171 8778 164
f 171 8777 349
f 349 8777 8500
f 169 8498 8500
f 349 348 171
f 8779 8778 171
f 171 348 8779
f 164 8778 8780
f 8780 8778 8779
f 8780 8781 164
f 164 8781 161
f 161 8781 8782
f 8782 8781 8780
f 8782 8783 161
f 161 8783 156
f 156 8783 8784
f 8784 8783 8782
f 8780 8785 8782
f 8784 8786 156
f 156 8786 8787
f 150 156 8787
f 8787 152 150
f 8787 8786 8788
f 8788 8786 8784
f 8789 152 8787
f 8788 8790 8787
f 8787 8790 8789
f 8784 8791 8788
f 8792 8790 8788
f 8789 8790 8792
f 8789 8793 152
f 8793 153 152
f 8794 8793 8789
f 8792 8794 8789
f 147 153 8793
f 8793 8795 147
f 8794 8796 8793
f 8797 8795 8793
f 8793 8796 8797
f 290 8796 8794
f 8797 8796 290
f 8798 8794 8792
f 8794 8799 290
f 8798 8799 8794
f 147 8795 8800
f 8800 8795 8797
f 8800 8801 147
f 147 8801 144
f 144 8801 8802
f 8802 8801 8800
f 8802 149 144
f 8797 8803 8800
f 8800 8803 87
f 85 8803 8797
f 87 8803 85
f 8797 8804 85
f 290 8804 8797
f 8805 149 8802
f 142 149 8805
f 8802 8800 8806
f 8806 8800 87
f 8802 8807 8805
f 8806 8807 8802
f 8805 8808 142
f 142 8808 140
f 8805 8807 8809
f 8809 8807 8806
f 8810 8808 8805
f 140 8808 8810
f 8809 8811 8805
f 8805 8811 8810
f 8806 8812 8809
f 8813 8811 8809
f 8810 8811 8813
f 8810 8814 140
f 140 8814 8815
f 8815 141 140
f 8816 8814 8810
f 8815 8814 8816
f 8813 8817 8810
f 8810 8817 8816
f 135 141 8815
f 8815 8818 135
f 8816 8819 8815
f 8820 8818 8815
f 8815 8819 8820
f 12 8819 8816
f 8820 8819 12
f 8816 8817 6
f 6 8817 8813
f 8816 11 12
f 6 11 8816
f 135 8818 8821
f 8821 8818 8820
f 8821 8822 135
f 135 8822 128
f 128 8822 130
f 130 8822 8821
f 8820 8823 8821
f 8821 272 130
f 8821 8823 66
f 66 272 8821
f 62 8823 8820
f 66 8823 62
f 8820 63 62
f 12 63 8820
f 89 8824 87
f 87 8824 8806
f 8806 8824 8825
f 8825 8824 89
f 8825 8812 8806
f 90 8826 89
f 89 8826 8825
f 90 80 78
f 78 8827 90
f 8828 8826 90
f 90 8827 8828
f 8825 8826 8828
f 1 8827 78
f 8828 8827 1
f 78 8 1
f 9 8 78
f 8829 8825 8828
f 8812 8825 8829
f 8812 8830 8809
f 8809 8830 8813
f 8831 8830 8812
f 8813 8830 8831
f 8829 8832 8812
f 8812 8832 8831
f 8828 8833 8829
f 1 8833 8828
f 8831 8834 8813
f 8813 8834 6
f 4 8834 8831
f 6 8834 4
f 8832 8835 8831
f 8831 8835 4
f 8829 8836 8832
f 8829 8833 3
f 3 8836 8829
f 3 8833 1
f 8832 8836 57
f 57 8836 3
f 19 8835 8832
f 4 8835 19
f 57 33 8832
f 8832 33 19
f 84 8804 290
f 290 8799 288
f 85 8804 84
f 288 8799 8798
f 8798 8837 288
f 288 8837 286
f 8838 8837 8798
f 286 8837 8838
f 8798 8839 8838
f 8792 8839 8798
f 8838 8840 286
f 286 8840 285
f 8838 8839 8841
f 8841 8839 8792
f 8488 8840 8838
f 285 8840 8488
f 8841 8483 8838
f 8838 8483 8488
f 8792 8842 8841
f 8788 8842 8792
f 8843 8842 8788
f 8841 8842 8843
f 8788 8791 8843
f 8843 8791 8844
f 8844 8791 8784
f 8478 8841 8843
f 8483 8841 8478
f 8844 8845 8843
f 8843 8845 8478
f 8784 8846 8844
f 8782 8846 8784
f 8847 8846 8782
f 8844 8846 8847
f 8782 8785 8847
f 8476 8845 8844
f 8478 8845 8476
f 8847 8848 8844
f 8844 8848 8476
f 8847 8785 8849
f 8849 8785 8780
f 8850 8848 8847
f 8476 8848 8850
f 8849 8851 8847
f 8847 8851 8850
f 8780 8852 8849
f 8779 8852 8780
f 8853 8851 8849
f 8850 8851 8853
f 8849 8852 8854
f 8854 8852 8779
f 8849 8855 8853
f 8854 8855 8849
f 8850 8475 8476
f 8779 8856 8854
f 8853 8857 8850
f 343 8856 8779
f 8779 348 343
f 8854 8856 341
f 341 8856 343
f 8850 8857 8471
f 8471 8475 8850
f 8463 8857 8853
f 8471 8857 8463
f 8853 8855 8858
f 8858 8855 8854
f 8853 8859 8463
f 8858 8859 8853
f 8854 8860 8858
f 341 8860 8854
f 8461 8859 8858
f 8463 8859 8461
f 8858 8860 8466
f 8466 8860 341
f 8858 8464 8461
f 8466 8464 8858
