v -0.15228501 -0.0113440454 0.404470503
v -0.149704516 -0.00891425274 0.403983742
v -0.148972943 -0.00997687038 0.40350911
v -0.145883903 -0.00821753219 0.403432816
v -0.146945924 -0.00667504314 0.404121757
v -0.152739644 -0.0108993165 0.404765457
v -0.154589623 -0.0138727175 0.405564338
v -0.150596008 -0.0080421865 0.404562056
v -0.148239985 -0.00540915783 0.404961228
v -0.14411518 -0.004712441 0.404879212
v -0.145762071 -0.00310138427 0.405947536
v -0.153258324 -0.0105688544 0.405101895
v -0.151613057 -0.00739418343 0.40522185
v -0.149716303 -0.00446852203 0.405919015
v -0.147641033 -0.00190426409 0.407166511
v -0.153821155 -0.0103653567 0.405467063
v -0.152716681 -0.00699514709 0.405937791
v -0.151318327 -0.00388928503 0.406958222
v -0.149679795 -0.00116708502 0.408489048
v -0.154406399 -0.0102966465 0.405846685
v -0.153864339 -0.00686041312 0.406682253
v -0.152984276 -0.00369370449 0.408038914
v -0.132970318 -0.0138726886 0.438890427
v -0.133089676 -0.0115437014 0.438706487
v -0.133470848 -0.0115884542 0.438953757
v -0.134248927 -0.00928001665 0.438598007
v -0.134985894 -0.00954648666 0.439076126
v -0.133482516 -0.00919003785 0.438100874
v -0.133837402 -0.0117209861 0.43919158
v -0.135665059 -0.00997921079 0.439516664
v -0.132708475 -0.0115884505 0.438459218
v -0.132716149 -0.00928001106 0.437603652
v -0.134471282 -0.0122258477 0.439602703
v -0.136260375 -0.0105615584 0.439902842
v -0.132341966 -0.0117209814 0.438221425
v -0.131979227 -0.00954647735 0.437125593
v -0.132004127 -0.0119362017 0.438002288
v -0.131300062 -0.00997919776 0.436684996
v -0.131708071 -0.0122258402 0.437810183
v -0.130704731 -0.0105615444 0.436298877
v -0.131465048 -0.0125787659 0.437652558
v -0.131284535 -0.0129814167 0.437535465
v -0.131173328 -0.0134183187 0.437463284
v -0.131135836 -0.0138726812 0.437438935
v -0.131173328 -0.0143270437 0.437463284
v -0.131284535 -0.0147639457 0.437535465
v -0.131465048 -0.0151665984 0.437652558
v -0.131708041 -0.0155195268 0.437810183
v -0.132004127 -0.0158091653 0.438002288
v -0.130704701 -0.0171838142 0.436298817
v -0.131300017 -0.0177661628 0.436684996
v -0.132708475 -0.016156923 0.438459218
v -0.131979182 -0.0181988906 0.437125593
v -0.132716149 -0.0184653625 0.437603652
v -0.133089647 -0.0162016749 0.438706487
v -0.133482516 -0.0185553394 0.438100874
v -0.133470848 -0.0161569249 0.438953757
v -0.134248927 -0.0184653662 0.438598067
v -0.133837402 -0.016024394 0.43919158
v -0.134985849 -0.0181988981 0.439076066
v -0.134175196 -0.0158091709 0.439410686
v -0.135665059 -0.0177661758 0.439516664
v -0.134471253 -0.0155195333 0.439602703
v -0.136260346 -0.0171838291 0.439902842
v -0.134714246 -0.0151666077 0.439760327
v -0.136748895 -0.0164742377 0.44021979
v -0.134894803 -0.0147639569 0.43987745
v -0.139383137 -0.017207019 0.438174188
v -0.13875699 -0.0181164835 0.437767982
v -0.137111977 -0.0156646706 0.440455288
v -0.139848411 -0.0161694195 0.438476086
v -0.135005996 -0.0143270548 0.439949632
v -0.140134975 -0.0150435586 0.438661933
v -0.137335479 -0.0147862369 0.440600336
v -0.135043532 -0.0138726924 0.43997395
v -0.140231714 -0.0138727017 0.438724726
v -0.137410969 -0.013872697 0.440649301
v -0.135005996 -0.0134183299 0.439949632
v -0.140134975 -0.0127018448 0.438661933
v -0.137335479 -0.0129591571 0.440600336
v -0.134894803 -0.0129814278 0.43987745
v -0.139848411 -0.011575982 0.438476086
v -0.137111977 -0.0120807225 0.440455288
v -0.134714246 -0.0125787752 0.439760327
v -0.136748925 -0.0112711526 0.440219849
v -0.159299403 -0.0165562201 0.410208106
v -0.157178119 -0.0152412262 0.407644778
v -0.156900868 -0.0158594809 0.407464892
v -0.160873756 -0.017768072 0.413157016
v -0.161840707 -0.018830223 0.416378081
v -0.16245918 -0.0164000429 0.41677931
v -0.162890434 -0.0168444086 0.420219332
v -0.161359668 -0.0158585608 0.413472265
v -0.159634143 -0.0152407615 0.410425246
v -0.157348871 -0.0145703796 0.407755494
v -0.163135946 -0.0138727389 0.420378625
v -0.162909687 -0.0138727389 0.423837245
v -0.16266799 -0.0138727361 0.416914731
v -0.161523744 -0.0138727324 0.413578689
v -0.159747213 -0.0138727287 0.410498649
v -0.157406464 -0.0138727231 0.407792956
v -0.162636861 -0.0105708838 0.423660249
v -0.161708325 -0.0103675602 0.426969796
v -0.160850555 -0.00699708145 0.426413387
v -0.162890434 -0.0109010665 0.420219332
v -0.161828876 -0.00739591382 0.423136115
v -0.16245918 -0.0113454293 0.41677931
v -0.162163273 -0.0080435928 0.419747591
v -0.159457713 -0.00389082916 0.42550984
v -0.157845736 -0.00369532034 0.428532302
v -0.155934453 -0.000919342972 0.427292466
v -0.157583162 -0.00116817839 0.424293786
v -0.160516769 -0.00446984451 0.422284901
v -0.158750996 -0.00190512277 0.421139419
v -0.160982355 -0.0054101292 0.418981522
v -0.161840737 -0.00891524553 0.416378081
v -0.159393132 -0.0031018788 0.417950571
v -0.156599388 0.000199690461 0.419743627
v -0.157456666 -0.00120754447 0.416694313
v -0.160836399 -0.00667557307 0.415726513
v -0.159484833 -0.00471248478 0.414849758
v -0.157837957 -0.00310141779 0.413781404
v -0.161359712 -0.0118869049 0.413472265
v -0.160873756 -0.00997739099 0.413156956
v -0.159634143 -0.012504695 0.410425246
v -0.157348871 -0.0131750666 0.407755494
v -0.159299403 -0.0111892335 0.410208106
v -0.157178119 -0.0125042191 0.407644778
v -0.160084575 -0.00821757223 0.412645102
v -0.158755764 -0.00997689739 0.409855485
v -0.156900868 -0.0118859634 0.407464892
v -0.159022644 -0.00667507807 0.411956161
v -0.158024147 -0.00891427696 0.409380853
v -0.156527787 -0.0113440584 0.407222867
v -0.157728583 -0.00540918391 0.41111663
v -0.155959055 -0.00190428551 0.41256246
v -0.157132685 -0.00804220326 0.408802539
v -0.156252176 -0.00446854066 0.410158902
v -0.156115621 -0.007394196 0.408142745
v -0.151800007 -0.000918176025 0.409864485
v -0.154991657 -0.0103653613 0.406226397
v -0.155012026 -0.00699515501 0.407426804
v -0.154650271 -0.00388929434 0.409119695
v -0.153920293 -0.00116709713 0.411239922
v -0.155554473 -0.0105688609 0.406591475
v -0.156115621 -0.007394196 0.408142745
v -0.156252176 -0.00446854066 0.410158902
v -0.156073153 -0.0108993258 0.406927913
v -0.157132685 -0.00804220326 0.408802539
v -0.156527787 -0.0113440584 0.407222867
v -0.158024147 -0.00891427696 0.409380853
v -0.156900868 -0.0118859634 0.407464892
v -0.157178119 -0.0125042191 0.407644778
v -0.157348871 -0.0131750666 0.407755494
v -0.157406464 -0.0138727231 0.407792956
v -0.157348871 -0.0145703796 0.407755494
v -0.157178119 -0.0152412262 0.407644778
v -0.156900868 -0.0158594809 0.407464892
v -0.156527787 -0.0164013859 0.407222867
v -0.156073153 -0.0168461148 0.406927913
v -0.158024147 -0.0188311748 0.409380853
v -0.157132685 -0.0197032429 0.408802539
v -0.155554473 -0.0171765778 0.406591475
v -0.156115577 -0.020351246 0.408142745
v -0.154991657 -0.0173800755 0.406226397
v -0.155011982 -0.0207502842 0.407426804
v -0.156252146 -0.0232769027 0.410158902
v -0.154650241 -0.0238561444 0.409119695
v -0.154406399 -0.0174487866 0.405846685
v -0.153864294 -0.0208850186 0.406682253
v -0.152984247 -0.0240517277 0.408038914
v -0.153920263 -0.0265783407 0.411239922
v -0.151799977 -0.0268272534 0.409864485
v -0.153821111 -0.0173800718 0.405467063
v -0.152716637 -0.0207502786 0.405937791
v -0.151318252 -0.0238561332 0.406958133
v -0.14967972 -0.0265783276 0.408488989
v -0.153258294 -0.0171765722 0.405101895
v -0.151613057 -0.020351233 0.40522185
v -0.149716273 -0.023276886 0.405918926
v -0.147640958 -0.0258411355 0.407166421
v -0.152739644 -0.0168461055 0.404765457
v -0.150595978 -0.0197032224 0.404562056
v -0.14823994 -0.022336239 0.404961228
v -0.15228501 -0.0164013728 0.404470503
v -0.149704486 -0.0188311487 0.403983742
v -0.145762026 -0.0246440023 0.405947536
v -0.145466775 -0.0279454887 0.408916295
v -0.143257454 -0.0265378654 0.407483131
v -0.146945879 -0.0210703444 0.404121757
v -0.14411515 -0.0230329316 0.404879123
v -0.151911899 -0.0158594679 0.404228508
v -0.148972899 -0.0177685283 0.40350911
v -0.151634678 -0.0152412094 0.404048592
v -0.151463941 -0.0145703629 0.403937876
v -0.151406333 -0.0138727063 0.403900504
v -0.14809449 -0.0152407279 0.40293929
v -0.14842926 -0.0165561903 0.403156489
v -0.145883873 -0.0195278469 0.403432816
v -0.145094767 -0.0177680273 0.402920902
v -0.144608811 -0.0158585124 0.402605653
v -0.141759232 -0.0188301671 0.40335089
v -0.142763525 -0.0210698396 0.404002368
v -0.139731795 -0.0223352779 0.405195892
v -0.141321003 -0.0246435292 0.406226873
v -0.138670892 -0.0258402824 0.408113062
v -0.1408225 -0.0279450975 0.409508884
v -0.13626653 -0.0265772212 0.4104653
v -0.136905104 -0.023275556 0.40696761
v -0.134392023 -0.0238545649 0.409249246
v -0.135592997 -0.0203494858 0.406116396
v -0.132999077 -0.0207483117 0.40834561
v -0.134785011 -0.0171745159 0.405592263
v -0.132141382 -0.0173778329 0.407789201
v -0.138550922 -0.0197018124 0.404429823
v -0.137823716 -0.0168443397 0.403958112
v -0.134512186 -0.0138726588 0.405415237
v -0.131851777 -0.0138726542 0.407601386
v -0.137578204 -0.0138726654 0.403798819
v -0.134785011 -0.0105708046 0.405592263
v -0.132141382 -0.0103674764 0.407789201
v -0.137823716 -0.0109009948 0.403958112
v -0.135593042 -0.00739584025 0.406116396
v -0.132999122 -0.00699700322 0.408345699
v -0.138550952 -0.00804352574 0.404429823
v -0.136905149 -0.00446977839 0.40696761
v -0.134392053 -0.00389075931 0.409249246
v -0.139731869 -0.0054100696 0.405195981
v -0.138670966 -0.00190506689 0.408113062
v -0.136266604 -0.00116811693 0.4104653
v -0.141321078 -0.00310182758 0.406226933
v -0.14276357 -0.00667552184 0.404002368
v -0.143257529 -0.00120750628 0.407483131
v -0.140822574 0.000199735165 0.409508884
v -0.145466849 0.000200099312 0.408916295
v -0.141759306 -0.00891518779 0.40335089
v -0.141140789 -0.0113453697 0.402949661
v -0.145094797 -0.00997734629 0.402920902
v -0.140932009 -0.0138726756 0.40281415
v -0.144608811 -0.0118868584 0.402605653
v -0.14842926 -0.0111892028 0.403156489
v -0.141140789 -0.0163999815 0.402949661
v -0.144444734 -0.0138726849 0.402499229
v -0.14809449 -0.0125046633 0.40293929
v -0.147981495 -0.0138726952 0.402865946
v -0.151634678 -0.0125042042 0.404048592
v -0.151463941 -0.0131750498 0.403937876
v -0.151911899 -0.0118859485 0.404228508
v -0.155742764 -0.00389082544 0.431236327
v -0.159265861 -0.00686241174 0.429453641
v -0.157135665 -0.00699707773 0.432139933
v -0.16014041 -0.010298905 0.430020958
v -0.157993406 -0.0103675555 0.432696432
v -0.160435677 -0.0138727361 0.430212528
v -0.15828301 -0.0138727333 0.432884276
v -0.161997944 -0.0138727389 0.42715773
v -0.16014038 -0.0174465664 0.430020958
v -0.157993361 -0.0173779111 0.432696432
v -0.161708325 -0.0173779167 0.426969796
v -0.159265861 -0.0208830573 0.429453641
v -0.157135591 -0.0207483862 0.432139933
v -0.160850525 -0.0207483899 0.426413387
v -0.157845661 -0.0240501389 0.428532302
v -0.155742735 -0.0238546319 0.431236327
v -0.159457669 -0.0238546357 0.425509781
v -0.157583132 -0.0265772808 0.424293727
v -0.155934379 -0.0268261116 0.427292466
v -0.158750966 -0.0258403383 0.421139419
v -0.160516739 -0.0232756212 0.422284901
v -0.161828846 -0.0203495584 0.423136115
v -0.159393087 -0.0246435814 0.417950571
v -0.157456636 -0.0265379064 0.416694313
v -0.156599313 -0.0279451422 0.419743568
v -0.157837912 -0.0246440358 0.413781404
v -0.162636861 -0.0171745941 0.423660249
v -0.160982311 -0.0223353375 0.418981522
v -0.162163228 -0.0197018795 0.419747591
v -0.159484789 -0.0230329745 0.414849758
v -0.160836399 -0.0210698918 0.415726513
v -0.156252146 -0.0232769027 0.410158902
v -0.155959025 -0.0258411579 0.41256246
v -0.157728538 -0.0223362651 0.41111663
v -0.156115577 -0.020351246 0.408142745
v -0.157132685 -0.0197032429 0.408802539
v -0.159022599 -0.021070376 0.411956072
v -0.158024147 -0.0188311748 0.409380853
v -0.160084575 -0.0195278879 0.412645102
v -0.158755764 -0.0177685544 0.409855485
v -0.156527787 -0.0164013859 0.407222867
v -0.135490313 -0.0238818862 0.431347549
v -0.136214495 -0.0265783109 0.42924574
v -0.134175733 -0.0258411169 0.427923113
v -0.133884251 -0.0233011432 0.43030569
v -0.132678077 -0.0265378542 0.42379126
v -0.13229683 -0.0246439837 0.426704228
v -0.134887353 -0.0279454738 0.425224513
v -0.133535385 -0.0279450882 0.420742005
v -0.137284592 -0.0288122837 0.426779598
v -0.138334706 -0.0268272348 0.430621147
v -0.135990143 -0.0295091085 0.422334492
v -0.132551581 -0.0265772156 0.416191846
v -0.131383747 -0.0258402694 0.419346213
v -0.13483575 -0.0288116448 0.417673618
v -0.13420029 -0.026826052 0.413193107
v -0.139777645 -0.0291049778 0.428396881
v -0.134392023 -0.0238545649 0.409249246
v -0.132289052 -0.0240500681 0.41195327
v -0.13626653 -0.0265772212 0.4104653
v -0.140454978 -0.0265783202 0.431996584
v -0.136529163 -0.0291042402 0.414703965
v -0.137441635 -0.0304719768 0.419364154
v -0.138550654 -0.0288116485 0.411947012
v -0.138670892 -0.0258402824 0.408113062
v -0.1408225 -0.0279450975 0.409508884
v -0.139186099 -0.0307970941 0.416427523
v -0.141156584 -0.0304719806 0.413637608
v -0.143277287 -0.0295091197 0.411101371
v -0.143257454 -0.0265378654 0.407483131
v -0.145466775 -0.0279454887 0.408916295
v -0.138653725 -0.0304722339 0.424062401
v -0.14026925 -0.0314944051 0.421198398
v -0.141423732 -0.0307974443 0.425859362
v -0.142069131 -0.0318395495 0.418297797
v -0.14320989 -0.0318396464 0.423106045
v -0.142270699 -0.0288122967 0.430014163
v -0.142493755 -0.0258411393 0.433319211
v -0.144667894 -0.0279455036 0.431569278
v -0.144193813 -0.0304722488 0.427656382
v -0.146857426 -0.029509142 0.429384291
v -0.146877214 -0.0265378952 0.433002532
v -0.149312183 -0.0279451311 0.430976689
v -0.146150485 -0.0314944275 0.425013721
v -0.148978084 -0.0304720104 0.426848054
v -0.151584059 -0.0288116932 0.428538561
v -0.151463822 -0.0258403234 0.43237257
v -0.153868183 -0.0265772752 0.430020273
v -0.145067334 -0.0321915522 0.420242816
v -0.148065537 -0.0318395682 0.422187775
v -0.150948569 -0.0307971276 0.42405805
v -0.153605551 -0.0291042924 0.425781697
v -0.155934379 -0.0268261116 0.427292466
v -0.155742735 -0.0238546319 0.431236327
v -0.157845661 -0.0240501389 0.428532302
v -0.155298963 -0.0288116969 0.422812015
v -0.157583132 -0.0265772808 0.424293727
v -0.152693033 -0.0304720141 0.421121508
v -0.149865419 -0.0314944312 0.419287175
v -0.156599313 -0.0279451422 0.419743568
v -0.158750966 -0.0258403383 0.421139419
v -0.154144555 -0.0295091532 0.41815114
v -0.151480943 -0.03047226 0.416423231
v -0.146924794 -0.0318396501 0.417379498
v -0.148710936 -0.0307974555 0.414626211
v -0.155247316 -0.0279455129 0.41526112
v -0.157456636 -0.0265379064 0.416694313
v -0.152850077 -0.0288123116 0.413705945
v -0.150357023 -0.029104989 0.412088692
v -0.153920263 -0.0265783407 0.411239922
v -0.151799977 -0.0268272534 0.409864485
v -0.14967972 -0.0265783276 0.408488989
v -0.155959025 -0.0258411579 0.41256246
v -0.157837912 -0.0246440358 0.413781404
v -0.154650241 -0.0238561444 0.409119695
v -0.156252146 -0.0232769027 0.410158902
v -0.147864044 -0.0288122967 0.41047141
v -0.147640958 -0.0258411355 0.407166421
v -0.14594087 -0.0304722451 0.41282925
v -0.143984184 -0.0314944126 0.415471852
v -0.133884281 -0.00444422476 0.43030569
v -0.134175807 -0.0019042464 0.427923173
v -0.136214569 -0.00116706733 0.42924574
v -0.135490343 -0.00386349205 0.431347549
v -0.137284666 0.00106690824 0.426779598
v -0.13977772 0.00135958102 0.428396881
v -0.138334781 -0.000918156467 0.430621147
v -0.134887472 0.00020011235 0.425224513
v -0.13229683 -0.00310136657 0.426704228
v -0.132678196 -0.00120749325 0.423791319
v -0.135990232 0.00176374894 0.422334492
v -0.133535475 0.000199743547 0.420742005
v -0.138653845 0.00272685383 0.424062401
v -0.141423836 0.00305204373 0.425859362
v -0.142270744 0.00106689148 0.430014163
v -0.140455022 -0.0011670785 0.431996584
v -0.144193888 0.00272683706 0.427656382
v -0.144667938 0.000200084411 0.431569278
v -0.142493784 -0.00190426782 0.433319211
v -0.146857455 0.00176371913 0.429384291
v -0.146150559 0.00374900643 0.425013721
v -0.149312213 0.000199699774 0.430976689
v -0.146877259 -0.00120753143 0.433002532
v -0.148978159 0.00272658188 0.426848054
v -0.151584104 0.00106625259 0.428538561
v -0.153868228 -0.00116817374 0.430020332
v -0.151463896 -0.00190511439 0.43237257
v -0.155934453 -0.000919342972 0.427292466
v -0.157845736 -0.00369532034 0.428532302
v -0.155742764 -0.00389082544 0.431236327
v -0.15360558 0.0013588462 0.425781697
v -0.157583162 -0.00116817839 0.424293786
v -0.150948614 0.00305169169 0.42405805
v -0.155299038 0.00106624607 0.422812015
v -0.158750996 -0.00190512277 0.421139419
v -0.156599388 0.000199690461 0.419743627
v -0.152693108 0.00272657815 0.421121508
v -0.148065612 0.00409414526 0.422187775
v -0.15414463 0.00176370796 0.41815114
v -0.157456666 -0.00120754447 0.416694313
v -0.149865463 0.00374900084 0.419287175
v -0.143209964 0.00409424026 0.423106045
v -0.145067409 0.00444614049 0.420242816
v -0.140269369 0.00374902319 0.421198487
v -0.137441754 0.00272661168 0.419364154
v -0.142069206 0.00409416389 0.418297857
v -0.146924868 0.00409423653 0.417379498
v -0.151480988 0.00272682775 0.416423231
v -0.134835824 0.00106629916 0.417673618
v -0.131383821 -0.00190505758 0.419346213
v -0.132551655 -0.00116811227 0.416191846
v -0.139186248 0.00305172894 0.416427583
v -0.136529237 0.00135889277 0.414703965
v -0.134200364 -0.000919282436 0.413193196
v -0.143984303 0.00374901947 0.415471941
v -0.141156659 0.00272660796 0.413637608
v -0.138550729 0.00106629357 0.411947072
v -0.136266604 -0.00116811693 0.4104653
v -0.132289127 -0.00369524956 0.41195333
v -0.134392053 -0.00389075931 0.409249246
v -0.140822574 0.000199735165 0.409508884
v -0.138670966 -0.00190506689 0.408113062
v -0.143277362 0.00176373962 0.411101371
v -0.145940974 0.00272684637 0.41282925
v -0.145466849 0.000200099312 0.408916295
v -0.143257529 -0.00120750628 0.407483131
v -0.147864118 0.00106689613 0.410471469
v -0.149679795 -0.00116708502 0.408489048
v -0.147641033 -0.00190426409 0.407166511
v -0.151800007 -0.000918176025 0.409864485
v -0.150357097 0.00135956798 0.412088752
v -0.153920293 -0.00116709713 0.411239922
v -0.148710936 0.00305203628 0.414626211
v -0.152850151 0.00106687937 0.413706034
v -0.154650271 -0.00388929434 0.409119695
v -0.156252176 -0.00446854066 0.410158902
v -0.155959055 -0.00190428551 0.41256246
v -0.15524739 0.000200071372 0.41526112
v -0.157837957 -0.00310141779 0.413781404
v -0.131708041 -0.0155195268 0.437810183
v -0.130704701 -0.0171838142 0.436298817
v -0.130216151 -0.0164742209 0.43598187
v -0.131465048 -0.0151665984 0.437652558
v -0.131636471 -0.0181164611 0.433148772
v -0.129853144 -0.0156646501 0.435746372
v -0.131284535 -0.0147639457 0.437535465
v -0.131010294 -0.0172069967 0.432742596
v -0.129629567 -0.0147862155 0.435601324
v -0.131173328 -0.0143270437 0.437463284
v -0.13054505 -0.0161693934 0.432440758
v -0.129554108 -0.0138726756 0.435552418
v -0.131135836 -0.0138726812 0.437438935
v -0.130258486 -0.0150435306 0.43225491
v -0.129629642 -0.0129591357 0.435601413
v -0.131173328 -0.0134183187 0.437463284
v -0.130161792 -0.0138726728 0.432192117
v -0.129853144 -0.012080702 0.435746372
v -0.131284535 -0.0129814167 0.437535465
v -0.130258486 -0.0127018159 0.43225491
v -0.130216181 -0.0112711359 0.43598187
v -0.131465048 -0.0125787659 0.437652558
v -0.130704731 -0.0105615444 0.436298877
v -0.131708071 -0.0122258402 0.437810183
v -0.13054505 -0.011575955 0.432440758
v -0.131010324 -0.0105383573 0.432742596
v -0.131636471 -0.00962889567 0.433148772
v -0.130296797 -0.0110721309 0.430588573
v -0.130864114 -0.00980691984 0.430956632
v -0.131627619 -0.00869795401 0.431451917
v -0.129947394 -0.0124449674 0.430361927
v -0.132557988 -0.00778784836 0.432055473
v -0.132399485 -0.00888252072 0.433643788
v -0.129829377 -0.0138726709 0.430285394
v -0.133619428 -0.00711158197 0.432744026
v -0.133269921 -0.0083279144 0.434208512
v -0.129947364 -0.0153003745 0.430361927
v -0.128599063 -0.0138726635 0.426877052
v -0.128763556 -0.0158636179 0.426983774
v -0.130296752 -0.0166732129 0.430588573
v -0.129250765 -0.0177780613 0.427299857
v -0.128763556 -0.011881711 0.426983774
v -0.127466783 -0.0138726579 0.423570901
v -0.129250765 -0.00996727031 0.427299857
v -0.127675593 -0.0113453511 0.423706323
v -0.128294036 -0.00891517103 0.424107581
v -0.130041927 -0.00820291415 0.427813083
v -0.129298329 -0.00667550415 0.42475903
v -0.13110669 -0.00665644184 0.428503841
v -0.130649954 -0.00471242331 0.425635874
v -0.132404059 -0.00538728852 0.429345459
v -0.13229683 -0.00310136657 0.426704228
v -0.134175807 -0.0019042464 0.427923173
v -0.133884281 -0.00444422476 0.43030569
v -0.134771168 -0.00669514155 0.4334912
v -0.135490343 -0.00386349205 0.431347549
v -0.132678196 -0.00120749325 0.423791319
v -0.130741701 -0.00310181454 0.422535062
v -0.133535475 0.000199743547 0.420742005
v -0.131383821 -0.00190505758 0.419346213
v -0.129152462 -0.00541005563 0.42150411
v -0.129617959 -0.00446977001 0.418200731
v -0.132551655 -0.00116811227 0.416191846
v -0.127971545 -0.00804351177 0.420738041
v -0.130677149 -0.00389075559 0.414975882
v -0.134200364 -0.000919282436 0.413193196
v -0.132289127 -0.00369524956 0.41195333
v -0.128305897 -0.00739583233 0.417349517
v -0.129284218 -0.00699699856 0.414072245
v -0.127244353 -0.0109009817 0.42026633
v -0.127497867 -0.0105707953 0.416825384
v -0.130868912 -0.00686233118 0.411032021
v -0.134392053 -0.00389075931 0.409249246
v -0.132999122 -0.00699700322 0.408345699
v -0.128426448 -0.0103674717 0.413515747
v -0.129994363 -0.0102988202 0.410464674
v -0.132141382 -0.0103674764 0.407789201
v -0.126998797 -0.0138726523 0.420107007
v -0.127225041 -0.0138726495 0.416648388
v -0.128136829 -0.0138726495 0.413327932
v -0.129699022 -0.0138726505 0.410273105
v -0.131851777 -0.0138726542 0.407601386
v -0.127675593 -0.0163999647 0.423706323
v -0.127244309 -0.0168443248 0.420266241
v -0.128293991 -0.0188301485 0.424107581
v -0.127497867 -0.0171745047 0.416825384
v -0.12797147 -0.0197017975 0.420738041
v -0.130041897 -0.0195424259 0.427813083
v -0.1292983 -0.021069821 0.42475903
v -0.128426448 -0.0173778273 0.413515747
v -0.128305867 -0.0203494765 0.417349517
v -0.129152417 -0.0223352648 0.42150411
v -0.129994363 -0.0174464807 0.410464674
v -0.132141382 -0.0173778329 0.407789201
v -0.129284173 -0.0207483061 0.414072245
v -0.130868837 -0.0208829753 0.411032021
v -0.132999077 -0.0207483117 0.40834561
v -0.129617929 -0.0232755467 0.418200731
v -0.130677074 -0.0238545612 0.414975792
v -0.132289052 -0.0240500681 0.41195327
v -0.134392023 -0.0238545649 0.409249246
v -0.132551581 -0.0265772156 0.416191846
v -0.13420029 -0.026826052 0.413193107
v -0.131383747 -0.0258402694 0.419346213
v -0.130741626 -0.024643518 0.422535002
v -0.132678077 -0.0265378542 0.42379126
v -0.133535385 -0.0279450882 0.420742005
v -0.13229683 -0.0246439837 0.426704228
v -0.130649909 -0.0230329111 0.425635874
v -0.131106645 -0.0210889019 0.428503782
v -0.132404029 -0.0223580673 0.429345459
v -0.133884251 -0.0233011432 0.43030569
v -0.134175733 -0.0258411169 0.427923113
v -0.130864114 -0.0179384295 0.430956632
v -0.131627589 -0.0190474 0.431451917
v -0.132399455 -0.0188628435 0.433643788
v -0.132557958 -0.0199575108 0.432055414
v -0.133269921 -0.0194174536 0.434208512
v -0.133619398 -0.0206337869 0.432744026
v -0.135490313 -0.0238818862 0.431347549
v -0.134771124 -0.0210502353 0.4334912
v -0.13875699 -0.00962891523 0.437767982
v -0.139383167 -0.0105383806 0.438174248
v -0.141073659 -0.00980694778 0.437579691
v -0.141641006 -0.0110721625 0.43794775
v -0.141990393 -0.0124450009 0.438174427
v -0.140310138 -0.00869797729 0.437084407
v -0.137994051 -0.00888253562 0.437273085
v -0.142108351 -0.0138727054 0.438250929
v -0.139379814 -0.00778786698 0.43648085
v -0.13712354 -0.00832792651 0.436708361
v -0.138318375 -0.00711159501 0.435792297
v -0.141990393 -0.015300408 0.438174427
v -0.141641006 -0.0166732445 0.43794775
v -0.145722166 -0.0138727119 0.437985122
v -0.141073614 -0.0179384574 0.437579691
v -0.145557642 -0.0158636663 0.4378784
v -0.145070463 -0.0177781079 0.437562376
v -0.140310109 -0.0190474261 0.437084407
v -0.144279256 -0.019542465 0.437049091
v -0.139379814 -0.0199575312 0.43648091
v -0.137994006 -0.0188628584 0.437273085
v -0.143214539 -0.0210889373 0.436358392
v -0.1383183 -0.0206338018 0.435792297
v -0.13712354 -0.0194174647 0.436708361
v -0.141917124 -0.0223580934 0.435516804
v -0.146019563 -0.0230329577 0.43560645
v -0.140436977 -0.02330116 0.434556544
v -0.137166604 -0.0210502408 0.435045153
v -0.142493755 -0.0258411393 0.433319211
v -0.144372672 -0.0246440172 0.434538096
v -0.144667894 -0.0279455036 0.431569278
v -0.146877214 -0.0265378952 0.433002532
v -0.140454978 -0.0265783202 0.431996584
v -0.138830841 -0.0238818936 0.433514595
v -0.135968819 -0.0211908575 0.434268177
v -0.138334706 -0.0268272348 0.430621147
v -0.137160569 -0.0240779817 0.432431072
v -0.134771124 -0.0210502353 0.4334912
v -0.136214495 -0.0265783109 0.42924574
v -0.135490313 -0.0238818862 0.431347549
v -0.14881371 -0.0246435683 0.434258699
v -0.149312183 -0.0279451311 0.430976689
v -0.151463822 -0.0258403234 0.43237257
v -0.147371188 -0.0210698731 0.436483204
v -0.150402918 -0.0223353244 0.435289651
v -0.148375481 -0.0188302062 0.437134743
v -0.153229609 -0.0232756138 0.433518052
v -0.153868183 -0.0265772752 0.430020273
v -0.155742735 -0.0238546319 0.431236327
v -0.151583835 -0.0197018646 0.43605572
v -0.154541746 -0.0203495491 0.434369266
v -0.157135591 -0.0207483862 0.432139933
v -0.148993954 -0.0164000243 0.437536001
v -0.152310982 -0.0168443955 0.43652752
v -0.155349731 -0.0171745848 0.434893399
v -0.157993361 -0.0173779111 0.432696432
v -0.149202734 -0.0138727184 0.437671423
v -0.152556583 -0.013872724 0.436686754
v -0.155622572 -0.0138727287 0.435070395
v -0.15828301 -0.0138727333 0.432884276
v -0.145557672 -0.0118817585 0.43787846
v -0.148993954 -0.0113454126 0.437536001
v -0.145070508 -0.00996731501 0.437562376
v -0.152310982 -0.0109010525 0.43652752
v -0.148375511 -0.00891522784 0.437134743
v -0.144279301 -0.00820295233 0.43704915
v -0.155349731 -0.0105708735 0.434893399
v -0.157993406 -0.0103675555 0.432696432
v -0.151583835 -0.00804357976 0.43605572
v -0.15454179 -0.00739590498 0.434369266
v -0.157135665 -0.00699707773 0.432139933
v -0.147371188 -0.00667555537 0.436483204
v -0.150402918 -0.0054101143 0.435289651
v -0.153229684 -0.00446983613 0.433518052
v -0.155742764 -0.00389082544 0.431236327
v -0.151463896 -0.00190511439 0.43237257
v -0.153868228 -0.00116817374 0.430020332
v -0.148813754 -0.00310186483 0.434258699
v -0.146019593 -0.00471246708 0.43560645
v -0.143214568 -0.0066564763 0.436358392
v -0.141917154 -0.00538731646 0.435516804
v -0.144372717 -0.0031014001 0.434538096
v -0.146877259 -0.00120753143 0.433002532
v -0.149312213 0.000199699774 0.430976689
v -0.140436977 -0.00444424339 0.434556544
v -0.142493784 -0.00190426782 0.433319211
v -0.144667938 0.000200084411 0.431569278
v -0.138830915 -0.00386350136 0.433514684
v -0.137166634 -0.00669514807 0.435045153
v -0.140455022 -0.0011670785 0.431996584
v -0.137160614 -0.00366740674 0.432431161
v -0.135968864 -0.00655452907 0.434268177
v -0.138334781 -0.000918156467 0.430621147
v -0.135490343 -0.00386349205 0.431347549
v -0.134771168 -0.00669514155 0.4334912
v -0.136214569 -0.00116706733 0.42924574
v -0.134248927 -0.00928001665 0.438598007
v -0.133482516 -0.00919003785 0.438100874
v -0.135196775 -0.0078710774 0.435458422
v -0.13421452 -0.00798639283 0.434821218
v -0.132716149 -0.00928001106 0.437603652
v -0.13617897 -0.00798639841 0.436095625
v -0.134985894 -0.00954648666 0.439076126
v -0.135968864 -0.00655452907 0.434268177
v -0.137166634 -0.00669514807 0.435045153
v -0.134771168 -0.00669514155 0.4334912
v -0.138318375 -0.00711159501 0.435792297
v -0.13712354 -0.00832792651 0.436708361
v -0.135665059 -0.00997921079 0.439516664
v -0.137994051 -0.00888253562 0.437273085
v -0.136260375 -0.0105615584 0.439902842
v -0.13875699 -0.00962891523 0.437767982
v -0.133269921 -0.0083279144 0.434208512
v -0.133619428 -0.00711158197 0.432744026
v -0.131979227 -0.00954647735 0.437125593
v -0.132399485 -0.00888252072 0.433643788
v -0.131300062 -0.00997919776 0.436684996
v -0.131636471 -0.00962889567 0.433148772
v -0.130704731 -0.0105615444 0.436298877
v -0.135665059 -0.0177661758 0.439516664
v -0.136260346 -0.0171838291 0.439902842
v -0.13875699 -0.0181164835 0.437767982
v -0.137994006 -0.0188628584 0.437273085
v -0.134985849 -0.0181988981 0.439076066
v -0.13712354 -0.0194174647 0.436708361
v -0.134248927 -0.0184653662 0.438598067
v -0.13617897 -0.0197589882 0.436095625
v -0.133482516 -0.0185553394 0.438100874
v -0.137166604 -0.0210502408 0.435045153
v -0.1383183 -0.0206338018 0.435792297
v -0.135968819 -0.0211908575 0.434268177
v -0.135196686 -0.0198743045 0.435458422
v -0.132716149 -0.0184653625 0.437603652
v -0.134771124 -0.0210502353 0.4334912
v -0.134214446 -0.0197589826 0.434821218
v -0.133619398 -0.0206337869 0.432744026
v -0.131979182 -0.0181988906 0.437125593
v -0.133269921 -0.0194174536 0.434208512
v -0.131300017 -0.0177661628 0.436684996
v -0.132399455 -0.0188628435 0.433643788
v -0.130704701 -0.0171838142 0.436298817
v -0.131636471 -0.0181164611 0.433148772
v -0.135301068 -0.00819588732 0.435297608
v -0.133625567 -0.00945473928 0.437880367
v -0.134348691 -0.0095396312 0.438349426
v -0.134371996 -0.00830496196 0.434694886
v -0.132902533 -0.00953962654 0.437411249
v -0.136230171 -0.00830496754 0.435900331
v -0.136113361 -0.00681633782 0.434045464
v -0.13726826 -0.00695192534 0.434794664
v -0.134958461 -0.00695191883 0.433296263
v -0.138378754 -0.00735347392 0.435515106
v -0.135043949 -0.00979103893 0.438800484
v -0.137123615 -0.00862801075 0.436479837
v -0.135684744 -0.0101993019 0.439216137
v -0.137946978 -0.0091526052 0.437014073
v -0.136246383 -0.0107487319 0.4395805
v -0.138668671 -0.00985858962 0.437482208
v -0.133478597 -0.00862800144 0.434115261
v -0.133847967 -0.00735346088 0.432575881
v -0.13220723 -0.00979103055 0.43696028
v -0.132655188 -0.00915259123 0.433581144
v -0.131566435 -0.0101992898 0.436544538
v -0.131933525 -0.00985857192 0.433113009
v -0.131004795 -0.010748717 0.436180174
v -0.138668641 -0.0178868063 0.437482208
v -0.136246383 -0.0169966575 0.4395805
v -0.135684699 -0.0175460838 0.439216137
v -0.137946934 -0.0185927879 0.437013984
v -0.135043949 -0.0179543458 0.438800484
v -0.137123615 -0.0191173796 0.436479837
v -0.134348646 -0.0182057489 0.438349426
v -0.136230171 -0.01944042 0.435900331
v -0.133625537 -0.0182906389 0.437880367
v -0.13726826 -0.0207934659 0.434794664
v -0.138378754 -0.0203919224 0.435515106
v -0.136113331 -0.0209290497 0.434045464
v -0.135301068 -0.0195494965 0.435297608
v -0.132902488 -0.018205747 0.437411249
v -0.134958431 -0.0207934584 0.433296263
v -0.134371951 -0.0194404144 0.434694886
v -0.133847922 -0.0203919075 0.432575822
v -0.132207185 -0.0179543383 0.43696028
v -0.133478552 -0.0191173684 0.434115261
v -0.131566435 -0.0175460726 0.436544538
v -0.132655188 -0.0185927711 0.433581144
v -0.131004766 -0.0169966426 0.436180174
v -0.131933525 -0.0178867877 0.433113009
v -0.138668671 -0.00985858962 0.437482208
v -0.136246383 -0.0107487319 0.4395805
v -0.136707351 -0.0114182131 0.439879507
v -0.139260903 -0.0107188355 0.43786642
v -0.137049794 -0.0121820197 0.440101743
v -0.139701054 -0.0117002819 0.438151896
v -0.141035512 -0.00995239988 0.437238514
v -0.141582578 -0.0111723524 0.43759343
v -0.140299305 -0.0088831028 0.436760902
v -0.137946978 -0.0091526052 0.437014073
v -0.144266248 -0.00833629817 0.436702549
v -0.139402241 -0.00800555293 0.436179012
v -0.137123615 -0.00862801075 0.436479837
v -0.138378754 -0.00735347392 0.435515106
v -0.143226549 -0.00682619214 0.436028123
v -0.141959697 -0.00558688026 0.435206264
v -0.140514299 -0.00466598757 0.434268624
v -0.138945967 -0.00409890339 0.433251232
v -0.13726826 -0.00695192534 0.434794664
v -0.144386113 -0.00332685653 0.434240699
v -0.13731496 -0.00390742254 0.43219313
v -0.136113361 -0.00681633782 0.434045464
v -0.142546505 -0.00215478148 0.433047295
v -0.14055039 -0.00143302139 0.431752384
v -0.138474509 -0.0011893101 0.430405796
v -0.135684013 -0.00409889407 0.431135088
v -0.134958461 -0.00695191883 0.433296263
v -0.136398658 -0.00143300835 0.429059118
v -0.146838695 -0.00147210062 0.432737172
v -0.144675523 -9.38875601e-05 0.431333899
v -0.145998508 -0.00490420032 0.435286701
v -0.148734674 -0.00332686305 0.433967173
v -0.15132992 -0.00215479732 0.432120174
v -0.149223179 -9.38950107e-05 0.430753529
v -0.14732182 -0.00682620006 0.436145157
v -0.150290683 -0.00558689423 0.434976548
v -0.153058901 -0.00466600899 0.433241785
v -0.155519947 -0.00409893133 0.431007504
v -0.153684512 -0.00143304188 0.429816782
v -0.156883821 -0.00714042224 0.431892306
v -0.154343605 -0.00753103103 0.434075296
v -0.157723665 -0.0104406318 0.432437122
v -0.151446924 -0.00816534646 0.435726672
v -0.155134708 -0.0106397597 0.434588432
v -0.158007249 -0.0138727324 0.432621062
v -0.148305103 -0.00901899301 0.436783046
v -0.152158931 -0.0109631289 0.436188549
v -0.155401841 -0.0138727287 0.434761792
v -0.157723665 -0.017304834 0.432437122
v -0.145038843 -0.0100591648 0.437203735
v -0.148910567 -0.0113983117 0.43717581
v -0.152399302 -0.013872724 0.436344504
v -0.155134708 -0.0171056967 0.434588432
v -0.156883776 -0.0206050389 0.431892306
v -0.141919404 -0.0124960775 0.437811941
v -0.139972046 -0.012765212 0.4383277
v -0.145514533 -0.0119285826 0.437512338
v -0.14203316 -0.0138727054 0.437885731
v -0.140063524 -0.0138727017 0.438387036
v -0.149115041 -0.0138727184 0.43730849
v -0.145675167 -0.0138727119 0.437616557
v -0.141919404 -0.0152493315 0.437811941
v -0.139972046 -0.0149801904 0.4383277
v -0.152158901 -0.0167823192 0.436188549
v -0.148910567 -0.0163471233 0.43717581
v -0.145514533 -0.0158168413 0.437512338
v -0.141582578 -0.0165730547 0.43759343
v -0.139701054 -0.0160451196 0.438151896
v -0.154343575 -0.0202144235 0.434075207
v -0.155519873 -0.0236465223 0.431007504
v -0.151446924 -0.019580096 0.435726672
v -0.153058827 -0.02307944 0.433241785
v -0.153684467 -0.0263124071 0.429816782
v -0.15132989 -0.0255906451 0.432120174
v -0.150290683 -0.0221585445 0.434976548
v -0.148305058 -0.0187264401 0.436783046
v -0.148734629 -0.0244185701 0.433967113
v -0.149223149 -0.0276515372 0.430753529
v -0.14683865 -0.0262733232 0.432737172
v -0.14732179 -0.0209192298 0.436145157
v -0.145998463 -0.0228412226 0.435286701
v -0.145038798 -0.0176862571 0.437203735
v -0.144266248 -0.0194091201 0.436702549
v -0.141035512 -0.0177930053 0.437238514
v -0.139260903 -0.0170265641 0.43786642
v -0.140299305 -0.0188622996 0.436760992
v -0.138668641 -0.0178868063 0.437482208
v -0.143226519 -0.0209192224 0.436028033
v -0.139402211 -0.0197398476 0.436179012
v -0.137946934 -0.0185927879 0.437013984
v -0.144386068 -0.0244185627 0.434240699
v -0.144675493 -0.0276515298 0.431333899
v -0.142546386 -0.0255906284 0.433047295
v -0.141959652 -0.0221585296 0.435206264
v -0.138378754 -0.0203919224 0.435515106
v -0.137123615 -0.0191173796 0.436479837
v -0.140514269 -0.0230794139 0.434268624
v -0.140550345 -0.0263123792 0.431752384
v -0.13726826 -0.0207934659 0.434794664
v -0.138945922 -0.0236464925 0.433251172
v -0.138474464 -0.0265560821 0.430405706
v -0.136113331 -0.0209290497 0.434045464
v -0.13731496 -0.023837965 0.43219313
v -0.136398584 -0.0263123643 0.429059058
v -0.134958431 -0.0207934584 0.433296263
v -0.135683939 -0.0236464813 0.431135088
v -0.13461484 -0.0040988652 0.409478128
v -0.133250967 -0.00714035006 0.408593357
v -0.131164864 -0.00700845337 0.411223948
v -0.13255547 -0.00390738342 0.412126124
v -0.128773123 -0.0104405489 0.413656354
v -0.129613042 -0.00714034587 0.41420126
v -0.127596781 -0.0138726505 0.416724145
v -0.127863929 -0.0106396824 0.416897416
v -0.130976915 -0.00409886241 0.415085971
v -0.134426892 -0.00118927564 0.413340122
v -0.132812351 -0.00143298227 0.416276693
v -0.128655091 -0.00753095932 0.417410642
v -0.129939809 -0.00466594379 0.418244064
v -0.131668776 -0.00215473957 0.419365674
v -0.127615854 -0.010963059 0.420267016
v -0.128327906 -0.00816528127 0.420728892
v -0.129484102 -0.00558683556 0.421478927
v -0.127375454 -0.0138726542 0.42011106
v -0.127615854 -0.0167822484 0.420267016
v -0.128038406 -0.0113982521 0.423635691
v -0.128038406 -0.0163470656 0.423635691
v -0.128643915 -0.0187263843 0.424028456
v -0.129591107 -0.0176862143 0.427182585
v -0.129115373 -0.0158167947 0.426873922
v -0.127833948 -0.0138726588 0.423503011
v -0.128954738 -0.0138726644 0.426769704
v -0.129115373 -0.011928536 0.426873922
v -0.128643915 -0.00901893713 0.424028456
v -0.129591152 -0.0100591201 0.427182585
v -0.129627228 -0.00682615023 0.424666345
v -0.130363703 -0.00833625812 0.427683771
v -0.131040126 -0.00332681183 0.422488391
v -0.133775562 -9.38512385e-05 0.420732409
v -0.132936135 -0.0014720615 0.423718393
v -0.130950511 -0.00490415934 0.425524801
v -0.13256295 -0.003326823 0.426570803
v -0.131403431 -0.00682616001 0.428358197
v -0.131927416 -0.00888307951 0.431329936
v -0.132824481 -0.00800553337 0.431911916
v -0.132670298 -0.00558685418 0.429180056
v -0.134402588 -0.00215475913 0.427764177
v -0.134115681 -0.00466596987 0.430117697
v -0.133847967 -0.00735346088 0.432575881
v -0.132655188 -0.00915259123 0.433581144
v -0.133478597 -0.00862800144 0.434115261
v -0.134958461 -0.00695191883 0.433296263
v -0.135684013 -0.00409889407 0.431135088
v -0.134402514 -0.025590606 0.427764177
v -0.136398584 -0.0263123643 0.429059058
v -0.135683939 -0.0236464813 0.431135088
v -0.134115651 -0.0230793972 0.430117697
v -0.132562906 -0.0244185291 0.426570803
v -0.13293606 -0.026273286 0.423718303
v -0.135099232 -0.0276515 0.425121665
v -0.133775488 -0.0276514925 0.420732409
v -0.137446404 -0.0285002068 0.426644266
v -0.138474464 -0.0265560821 0.430405706
v -0.136179015 -0.0291828848 0.422291547
v -0.139887363 -0.0287867822 0.428227752
v -0.140550345 -0.0263123792 0.431752384
v -0.138787046 -0.030125916 0.423983425
v -0.142328307 -0.0285002217 0.429811299
v -0.142546386 -0.0255906284 0.433047295
v -0.144675493 -0.0276515298 0.431333899
v -0.141499296 -0.0304443426 0.425742924
v -0.144211546 -0.0301259309 0.427502424
v -0.146819547 -0.0291829146 0.429194301
v -0.14683865 -0.0262733232 0.432737172
v -0.149223149 -0.0276515372 0.430753529
v -0.146127671 -0.0311270431 0.424914598
v -0.148896337 -0.0301259421 0.426710725
v -0.151447982 -0.0285002366 0.428365976
v -0.15132989 -0.0255906451 0.432120174
v -0.153684467 -0.0263124071 0.429816782
v -0.143248335 -0.031465061 0.423046708
v -0.140369043 -0.0311270244 0.421178877
v -0.145067334 -0.0318097211 0.420242816
v -0.137600407 -0.0301259086 0.419382751
v -0.142131656 -0.0314650573 0.418338358
v -0.139308706 -0.0304443315 0.416507095
v -0.135048792 -0.0285001919 0.41772756
v -0.132812276 -0.0263123456 0.416276693
v -0.131668746 -0.0255905874 0.419365674
v -0.134426802 -0.026556056 0.413340122
v -0.136707127 -0.0287867635 0.41481939
v -0.132555395 -0.0238379389 0.412126064
v -0.134614795 -0.0236464608 0.409478128
v -0.136450201 -0.0263123531 0.410668761
v -0.138686717 -0.0285001956 0.412119657
v -0.138804823 -0.0255906004 0.408365369
v -0.140911534 -0.0276515037 0.409732044
v -0.141238376 -0.030125916 0.413774937
v -0.143315136 -0.029182896 0.411291331
v -0.143296093 -0.0262732971 0.407748401
v -0.144007042 -0.0311270282 0.415570974
v -0.145459265 -0.0276515149 0.409151673
v -0.145923123 -0.0301259272 0.412983149
v -0.147806361 -0.0285002198 0.410674334
v -0.147588283 -0.0255906209 0.407438338
v -0.149584353 -0.0263123848 0.408733189
v -0.146886334 -0.0314650722 0.417438865
v -0.148003057 -0.0314650759 0.422147274
v -0.150247306 -0.0287867971 0.41225782
v -0.151660234 -0.0265561007 0.410079867
v -0.148635373 -0.0304443538 0.414742649
v -0.150825962 -0.0304443613 0.423978478
v -0.149765626 -0.0311270468 0.419306695
v -0.151347622 -0.0301259421 0.416502118
v -0.152688295 -0.0285002328 0.413841307
v -0.153736085 -0.0263123978 0.411426514
v -0.153427556 -0.028786812 0.425666243
v -0.152534261 -0.0301259458 0.421102792
v -0.155707896 -0.0265561193 0.427145511
v -0.155519873 -0.0236465223 0.431007504
v -0.157579318 -0.023838006 0.428359509
v -0.155085906 -0.0285002403 0.422758073
v -0.157322392 -0.0263124127 0.424208969
v -0.153955653 -0.0291829295 0.418194026
v -0.156359226 -0.0276515484 0.419753253
v -0.158465967 -0.0255906582 0.421119958
v -0.155035481 -0.0276515409 0.415363967
v -0.157198608 -0.0262733363 0.41676724
v -0.1557322 -0.0255906451 0.412721395
v -0.157571763 -0.0244185776 0.41391477
v -0.154450759 -0.0236465111 0.409350485
v -0.156019107 -0.0230794363 0.410367876
v -0.130543873 -0.0163271595 0.435881168
v -0.131004766 -0.0169966426 0.436180174
v -0.131948054 -0.0154652661 0.437540025
v -0.131713033 -0.0151239661 0.437387586
v -0.131933525 -0.0178867877 0.433113009
v -0.13020131 -0.0155633539 0.435658991
v -0.131538436 -0.0147345811 0.437274307
v -0.131341219 -0.0170265418 0.432728767
v -0.129990399 -0.0147345755 0.435522139
v -0.131430894 -0.0143120745 0.43720457
v -0.130901113 -0.0160450954 0.432443202
v -0.129919171 -0.0138726756 0.435475975
v -0.131394625 -0.0138726812 0.437180996
v -0.130630121 -0.0149801644 0.432267427
v -0.129990429 -0.0130107766 0.435522139
v -0.131430894 -0.0134332888 0.43720457
v -0.130538598 -0.0138726737 0.432208061
v -0.13020134 -0.0121820001 0.435658991
v -0.131538436 -0.0130107831 0.437274307
v -0.130630121 -0.012765185 0.432267427
v -0.130543873 -0.0114181954 0.435881168
v -0.131713033 -0.012621399 0.437387586
v -0.131004795 -0.010748717 0.436180174
v -0.131948054 -0.012280101 0.437540025
v -0.130901158 -0.0117002558 0.432443291
v -0.131341219 -0.0107188122 0.432728767
v -0.131933525 -0.00985857192 0.433113009
v -0.130644158 -0.0111723216 0.430497497
v -0.131191224 -0.00995237194 0.430852324
v -0.130307287 -0.0124960439 0.430278987
v -0.130193532 -0.0138726719 0.430205137
v -0.130307287 -0.0152492998 0.430278987
v -0.130644158 -0.0165730249 0.430497497
v -0.131191224 -0.0177929774 0.430852324
v -0.130363703 -0.019409081 0.427683771
v -0.131927386 -0.0188622754 0.431329936
v -0.132655188 -0.0185927711 0.433581144
v -0.131403401 -0.0209191889 0.428358197
v -0.132824451 -0.0197398271 0.431911916
v -0.133478552 -0.0191173684 0.434115261
v -0.133847922 -0.0203919075 0.432575822
v -0.135683939 -0.0236464813 0.431135088
v -0.134958431 -0.0207934584 0.433296263
v -0.134115651 -0.0230793972 0.430117697
v -0.132670254 -0.0221585035 0.429180056
v -0.132562906 -0.0244185291 0.426570803
v -0.134402514 -0.025590606 0.427764177
v -0.130950481 -0.0228411816 0.425524801
v -0.129627198 -0.0209191795 0.424666345
v -0.131040081 -0.0244185198 0.422488391
v -0.13293606 -0.026273286 0.423718303
v -0.129484072 -0.0221584849 0.421478927
v -0.128327832 -0.0195800327 0.420728892
v -0.131668746 -0.0255905874 0.419365674
v -0.133775488 -0.0276514925 0.420732409
v -0.129939765 -0.0230793729 0.418244064
v -0.128655061 -0.020214349 0.417410642
v -0.130976841 -0.0236464553 0.415085971
v -0.132812276 -0.0263123456 0.416276693
v -0.129613012 -0.0206049625 0.41420117
v -0.132555395 -0.0238379389 0.412126064
v -0.134426802 -0.026556056 0.413340122
v -0.131164819 -0.0207368564 0.411223948
v -0.133250922 -0.0206049681 0.408593357
v -0.134614795 -0.0236464608 0.409478128
v -0.132411093 -0.0173047557 0.408048451
v -0.130308494 -0.0173719916 0.410668463
v -0.132127494 -0.0138726542 0.407864511
v -0.128773123 -0.017304752 0.413656354
v -0.130019382 -0.0138726514 0.410480946
v -0.132411093 -0.0104405545 0.408048451
v -0.127863929 -0.0171056185 0.416897416
v -0.128489584 -0.0138726495 0.413472414
v -0.130308539 -0.010373313 0.410668463
v -0.136398658 -0.00143300835 0.429059118
v -0.134402588 -0.00215475913 0.427764177
v -0.134115681 -0.00466596987 0.430117697
v -0.135684013 -0.00409889407 0.431135088
v -0.137446493 0.000754826702 0.426644266
v -0.139887393 0.00104138628 0.428227812
v -0.138474509 -0.0011893101 0.430405796
v -0.135099307 -9.3861483e-05 0.425121665
v -0.13256295 -0.003326823 0.426570803
v -0.132936135 -0.0014720615 0.423718393
v -0.142328352 0.000754811801 0.429811299
v -0.14055039 -0.00143302139 0.431752384
v -0.136179134 0.0014375234 0.422291607
v -0.133775562 -9.38512385e-05 0.420732409
v -0.138787165 0.00238053594 0.423983514
v -0.14149937 0.00269894209 0.425742924
v -0.14421162 0.00238051731 0.427502424
v -0.143248454 0.00371965859 0.423046768
v -0.140369147 0.00338163879 0.421178937
v -0.137600482 0.00238054525 0.41938284
v -0.146127746 0.00338162202 0.424914598
v -0.135048866 0.000754845329 0.41772756
v -0.131668776 -0.00215473957 0.419365674
v -0.132812351 -0.00143298227 0.416276693
v -0.136707202 0.00104141422 0.41481939
v -0.134426892 -0.00118927564 0.413340122
v -0.13930878 0.00269896071 0.416507095
v -0.142131701 0.00371967163 0.418338358
v -0.141238406 0.00238053966 0.413774937
v -0.138686791 0.000754841603 0.412119657
v -0.13645032 -0.001432986 0.410668761
v -0.13255547 -0.00390738342 0.412126124
v -0.13461484 -0.0040988652 0.409478128
v -0.140911609 -9.38605517e-05 0.409732103
v -0.138804898 -0.00215474889 0.408365369
v -0.143315211 0.00143751409 0.411291331
v -0.144007072 0.00338163693 0.415571034
v -0.145923197 0.00238052662 0.412983239
v -0.145459339 -9.38735902e-05 0.409151733
v -0.143296167 -0.00147207361 0.407748461
v -0.147806481 0.000754812732 0.410674334
v -0.149584472 -0.00143302605 0.408733279
v -0.147588357 -0.00215477683 0.407438338
v -0.151660308 -0.0011893278 0.410079867
v -0.150247395 0.00104137417 0.41225782
v -0.153736159 -0.00143304002 0.411426514
v -0.156019107 -0.00466600899 0.410367936
v -0.154450804 -0.00409892574 0.409350485
v -0.155732244 -0.00215479918 0.412721395
v -0.152688369 0.000754799694 0.413841367
v -0.148635492 0.00269893464 0.414742708
v -0.137075886 -0.0230793823 0.407243788
v -0.138804823 -0.0255906004 0.408365369
v -0.136450201 -0.0263123531 0.410668761
v -0.134614795 -0.0236464608 0.409478128
v -0.135791138 -0.0202143602 0.406410336
v -0.133250922 -0.0206049681 0.408593357
v -0.13984403 -0.0221584979 0.405509025
v -0.135000005 -0.0171056278 0.405897111
v -0.132411093 -0.0173047557 0.408048451
v -0.138687819 -0.0195800476 0.40475896
v -0.137975812 -0.0167822614 0.404297084
v -0.134732902 -0.0138726598 0.40572387
v -0.132127494 -0.0138726542 0.407864511
v -0.137735456 -0.0138726672 0.404141128
v -0.13500005 -0.0106396917 0.405897111
v -0.132411093 -0.0104405545 0.408048451
v -0.137975857 -0.0109630721 0.404297084
v -0.135791212 -0.00753096724 0.406410336
v -0.133250967 -0.00714035006 0.408593357
v -0.138687864 -0.00816529524 0.40475896
v -0.137075931 -0.00466595218 0.407243788
v -0.13461484 -0.0040988652 0.409478128
v -0.139844105 -0.00558684953 0.405509025
v -0.138804898 -0.00215474889 0.408365369
v -0.13645032 -0.001432986 0.410668761
v -0.141400114 -0.0033268258 0.406518459
v -0.142812997 -0.00682616653 0.404340506
v -0.143296167 -0.00147207361 0.407748461
v -0.140911609 -9.38605517e-05 0.409732103
v -0.144136325 -0.00490417611 0.405198961
v -0.14574872 -0.00332683977 0.406244934
v -0.147588357 -0.00215477683 0.407438338
v -0.145459339 -9.38735902e-05 0.409151733
v -0.148175135 -0.0055868756 0.405279368
v -0.146908268 -0.0068261805 0.404457539
v -0.149620488 -0.00466599036 0.406217009
v -0.151188821 -0.00409891643 0.407234401
v -0.149584472 -0.00143302605 0.408733279
v -0.151477709 -0.00753101613 0.405534714
v -0.150482103 -0.00816533156 0.404888809
v -0.152557984 -0.00714040827 0.406235486
v -0.153088495 -0.0106397476 0.405417621
v -0.152819797 -0.00390744302 0.408292443
v -0.151660308 -0.0011893278 0.410079867
v -0.153681412 -0.00700851949 0.406964332
v -0.153639272 -0.0104406187 0.405774891
v -0.154211968 -0.0103733819 0.406146377
v -0.154450804 -0.00409892574 0.409350485
v -0.153736159 -0.00143304002 0.411426514
v -0.154804841 -0.00714041572 0.407693088
v -0.154784709 -0.0104406215 0.406517923
v -0.15439111 -0.0138727175 0.405870259
v -0.155885175 -0.00753102871 0.408393919
v -0.156019107 -0.00466600899 0.410367936
v -0.155335426 -0.0106397551 0.406875193
v -0.155842975 -0.0109631298 0.407204479
v -0.156880692 -0.00816535018 0.409039736
v -0.156287849 -0.0113983173 0.407493025
v -0.157753378 -0.00901900232 0.409605831
v -0.156652957 -0.0119285947 0.407729924
v -0.156924218 -0.0125335846 0.407905877
v -0.157091305 -0.0131900366 0.408014268
v -0.157147676 -0.0138727231 0.408050835
v -0.15709126 -0.0145554096 0.408014268
v -0.156924218 -0.0152118606 0.407905877
v -0.156652912 -0.0158168469 0.407729864
v -0.156287804 -0.0163471252 0.407493025
v -0.155842975 -0.0167823099 0.407204479
v -0.157753333 -0.0187264457 0.409605831
v -0.156880692 -0.019580096 0.409039736
v -0.155335426 -0.0171056818 0.406875193
v -0.15588513 -0.0202144142 0.408393919
v -0.154784709 -0.0173048135 0.406517923
v -0.154804811 -0.0206050221 0.407693088
v -0.156019107 -0.0230794363 0.410367876
v -0.154450759 -0.0236465111 0.409350485
v -0.154211968 -0.0173720513 0.406146437
v -0.153681383 -0.0207369141 0.406964332
v -0.152819723 -0.0238379873 0.408292443
v -0.153736085 -0.0263123978 0.411426514
v -0.151660234 -0.0265561007 0.410079867
v -0.153639272 -0.0173048116 0.405774891
v -0.152557954 -0.0206050165 0.406235486
v -0.151188746 -0.0236465018 0.407234401
v -0.149584353 -0.0263123848 0.408733189
v -0.153088495 -0.0171056762 0.405417621
v -0.151477635 -0.0202143993 0.405534714
v -0.149620444 -0.0230794158 0.406217009
v -0.147588283 -0.0255906209 0.407438338
v -0.152580947 -0.0167823024 0.405088335
v -0.150482073 -0.0195800774 0.404888809
v -0.148175091 -0.0221585222 0.405279368
v -0.145748645 -0.024418544 0.406244934
v -0.145459265 -0.0276515149 0.409151673
v -0.143296093 -0.0262732971 0.407748401
v -0.152136087 -0.016347114 0.404799789
v -0.149609417 -0.0187264234 0.404322714
v -0.146908239 -0.0209192075 0.404457539
v -0.14413628 -0.0228411965 0.405198872
v -0.141400039 -0.0244185347 0.406518459
v -0.140911534 -0.0276515037 0.409732044
v -0.142812923 -0.0209191963 0.404340506
v -0.145868495 -0.0194091015 0.403783023
v -0.148893282 -0.0176862441 0.403858155
v -0.141829655 -0.018726401 0.403702587
v -0.145095944 -0.0176862329 0.403281838
v -0.148361132 -0.0164995119 0.403512925
v -0.151771024 -0.0158168338 0.404562891
v -0.151499718 -0.0152118448 0.404386878
v -0.151332676 -0.0145553928 0.404278547
v -0.14803341 -0.0152118346 0.403300315
v -0.14462021 -0.0158168152 0.402973235
v -0.151276246 -0.0138727063 0.40424192
v -0.155035526 -9.39005986e-05 0.415363967
v -0.157571793 -0.0033268733 0.41391477
v -0.157198638 -0.00147211365 0.41676724
v -0.151347667 0.00238050986 0.416502118
v -0.153955728 0.00143748522 0.418194026
v -0.156359255 -9.39043239e-05 0.419753253
v -0.146886379 0.00371965487 0.417438865
v -0.14976567 0.0033816183 0.419306695
v -0.145067409 0.00406431127 0.420242816
v -0.148003131 0.00371965114 0.422147274
v -0.152534336 0.002380508 0.421102792
v -0.150826007 0.00269893091 0.423978567
v -0.155085951 0.000754794106 0.422758073
v -0.158466041 -0.0021548057 0.421119958
v -0.157322437 -0.0014330456 0.424208969
v -0.153427586 0.00104136579 0.425666243
v -0.15570794 -0.00118933804 0.427145511
v -0.148896381 0.00238051359 0.426710725
v -0.151447982 0.000754798763 0.428365976
v -0.153684512 -0.00143304188 0.429816782
v -0.157579318 -0.00390745327 0.428359509
v -0.155519947 -0.00409893133 0.431007504
v -0.146819621 0.00143749267 0.429194301
v -0.149223179 -9.38950107e-05 0.430753529
v -0.15132992 -0.00215479732 0.432120174
v -0.144675523 -9.38875601e-05 0.431333899
v -0.146838695 -0.00147210062 0.432737172
v -0.142546505 -0.00215478148 0.433047295
v -0.158969879 -0.00700853067 0.429261595
v -0.157579318 -0.00390745327 0.428359509
v -0.155519947 -0.00409893133 0.431007504
v -0.156883821 -0.00714042224 0.431892306
v -0.159826249 -0.0103733949 0.42981717
v -0.157723665 -0.0104406318 0.432437122
v -0.160521775 -0.00714042643 0.426284373
v -0.160115317 -0.0138727361 0.430004716
v -0.158007249 -0.0138727324 0.432621062
v -0.161361575 -0.0104406355 0.426829189
v -0.161645204 -0.0138727371 0.427013218
v -0.159826204 -0.0173720755 0.42981711
v -0.157723665 -0.017304834 0.432437122
v -0.161361575 -0.0173048377 0.426829189
v -0.158969879 -0.0207369346 0.429261595
v -0.156883776 -0.0206050389 0.431892306
v -0.160521701 -0.0206050426 0.426284373
v -0.157579318 -0.023838006 0.428359509
v -0.155519873 -0.0236465223 0.431007504
v -0.159157872 -0.0236465298 0.425399601
v -0.157322392 -0.0263124127 0.424208969
v -0.155707896 -0.0265561193 0.427145511
v -0.158465967 -0.0255906582 0.421119958
v -0.160194933 -0.0230794493 0.422241569
v -0.161479682 -0.020214431 0.423074991
v -0.159094632 -0.0244185869 0.417997181
v -0.156359226 -0.0276515484 0.419753253
v -0.157198608 -0.0262733363 0.41676724
v -0.157571763 -0.0244185776 0.41391477
v -0.162270814 -0.017105706 0.423588246
v -0.160650626 -0.0221585594 0.419006616
v -0.161806867 -0.0195801109 0.419756681
v -0.162537947 -0.0138727389 0.423761487
v -0.162518874 -0.0167823322 0.420218557
v -0.162270814 -0.01063977 0.423588157
v -0.162759319 -0.0138727371 0.420374572
v -0.161490813 -0.0187264569 0.416457117
v -0.1605075 -0.0209192466 0.415819228
v -0.159184232 -0.0228412375 0.414960831
v -0.162096366 -0.0163471419 0.416849941
v -0.1557322 -0.0255906451 0.412721395
v -0.156019107 -0.0230794363 0.410367876
v -0.15746446 -0.0221585482 0.411305517
v -0.15588513 -0.0202144142 0.408393919
v -0.156880692 -0.019580096 0.409039736
v -0.158731312 -0.020919241 0.412127346
v -0.157753333 -0.0187264457 0.409605831
v -0.159771055 -0.0194091387 0.412801862
v -0.158469513 -0.0176862702 0.41007039
v -0.156287804 -0.0163471252 0.407493025
v -0.156652912 -0.0158168469 0.407729864
v -0.160543591 -0.0176862776 0.413303047
v -0.159001619 -0.0164995417 0.41041562
v -0.156924218 -0.0152118606 0.407905877
v -0.161019355 -0.0158168599 0.41361165
v -0.15932934 -0.0152118662 0.410628259
v -0.15709126 -0.0145554096 0.408014268
v -0.162300795 -0.0138727352 0.416982561
v -0.16117999 -0.0138727324 0.413715869
v -0.159440011 -0.0138727278 0.410700053
v -0.157147676 -0.0138727231 0.408050835
v -0.162518874 -0.0109631428 0.420218557
v -0.162096366 -0.0113983285 0.416849941
v -0.161019355 -0.0119286031 0.41361165
v -0.15932934 -0.0125335893 0.410628259
v -0.157091305 -0.0131900366 0.408014268
v -0.161479712 -0.00753103988 0.423074991
v -0.161806911 -0.00816536043 0.41975674
v -0.159001663 -0.0112459119 0.41041562
v -0.156924218 -0.0125335846 0.407905877
v -0.160543635 -0.0100591844 0.413303047
v -0.161490813 -0.00901900977 0.416457117
v -0.158469513 -0.0100591807 0.41007039
v -0.156652957 -0.0119285947 0.407729924
v -0.159771055 -0.00833631866 0.412801862
v -0.1605075 -0.00682621682 0.415819228
v -0.160650671 -0.0055869082 0.419006616
v -0.157753378 -0.00901900232 0.409605831
v -0.156287849 -0.0113983173 0.407493025
v -0.158731386 -0.0068262131 0.412127346
v -0.159184277 -0.00490421709 0.414960831
v -0.159094661 -0.00332687609 0.417997271
v -0.158466041 -0.0021548057 0.421119958
v -0.156359255 -9.39043239e-05 0.419753253
v -0.157198638 -0.00147211365 0.41676724
v -0.157571793 -0.0033268733 0.41391477
v -0.160194963 -0.00466601737 0.422241569
v -0.157322437 -0.0014330456 0.424208969
v -0.157464489 -0.00558690168 0.411305606
v -0.155732244 -0.00215479918 0.412721395
v -0.156880692 -0.00816535018 0.409039736
v -0.156019107 -0.00466600899 0.410367936
v -0.155885175 -0.00753102871 0.408393919
v -0.159157917 -0.00409893505 0.425399601
v -0.15570794 -0.00118933804 0.427145511
v -0.133652732 -0.0116637154 0.438645899
v -0.133284077 -0.0116204377 0.438406736
v -0.133168802 -0.0138726886 0.438584507
v -0.134348691 -0.0095396312 0.438349426
v -0.135043949 -0.00979103893 0.438800484
v -0.133625567 -0.00945473928 0.437880367
v -0.134007156 -0.0117918812 0.438875854
v -0.135684744 -0.0101993019 0.439216137
v -0.132915467 -0.0116637116 0.438167632
v -0.132902533 -0.00953962654 0.437411249
v -0.134333849 -0.0120000122 0.439087719
v -0.132560998 -0.0117918774 0.437937677
v -0.13220723 -0.00979103055 0.43696028
v -0.132234305 -0.0120000057 0.437725723
v -0.131566435 -0.0101992898 0.436544538
v -0.131948054 -0.012280101 0.437540025
v -0.131004795 -0.010748717 0.436180174
v -0.131713033 -0.012621399 0.437387586
v -0.131538436 -0.0130107831 0.437274307
v -0.131430894 -0.0134332888 0.43720457
v -0.131394625 -0.0138726812 0.437180996
v -0.131430894 -0.0143120745 0.43720457
v -0.131538436 -0.0147345811 0.437274307
v -0.131713033 -0.0151239661 0.437387586
v -0.131948054 -0.0154652661 0.437540025
v -0.132234305 -0.0157453623 0.437725723
v -0.131004766 -0.0169966426 0.436180174
v -0.131566435 -0.0175460726 0.436544538
v -0.132560998 -0.0159534942 0.437937677
v -0.132207185 -0.0179543383 0.43696028
v -0.132915422 -0.016081661 0.438167632
v -0.132902488 -0.018205747 0.437411249
v -0.133284077 -0.0161249395 0.438406736
v -0.133625537 -0.0182906389 0.437880367
v -0.133652687 -0.0160816647 0.438645899
v -0.134348646 -0.0182057489 0.438349426
v -0.134007111 -0.0159534998 0.438875794
v -0.135043949 -0.0179543458 0.438800484
v -0.134333849 -0.0157453679 0.439087719
v -0.135684699 -0.0175460838 0.439216137
v -0.134620145 -0.0154652735 0.439273506
v -0.136246383 -0.0169966575 0.4395805
v -0.134855121 -0.0151239764 0.439425945
v -0.136707351 -0.0163271781 0.439879507
v -0.135029763 -0.0147345923 0.439539224
v -0.137049794 -0.0155633725 0.440101743
v -0.13513726 -0.0143120857 0.439608961
v -0.13726075 -0.0147345969 0.440238535
v -0.135173574 -0.0138726924 0.439632475
v -0.137331963 -0.013872697 0.440284699
v -0.13726075 -0.0130107971 0.440238535
v -0.135029763 -0.0130107934 0.439539224
v -0.134855166 -0.0126214083 0.439425945
v -0.134620145 -0.0122801084 0.439273506
v -0.147922784 -0.0138726952 0.403228581
v -0.141224176 -0.0163470842 0.403309852
v -0.144459575 -0.0138726849 0.402869016
v -0.141019747 -0.0138726756 0.403177172
v -0.151332676 -0.0131900199 0.404278547
v -0.148033455 -0.0125335567 0.403300375
v -0.14462021 -0.0119285565 0.402973235
v -0.141224176 -0.0113982698 0.403309852
v -0.151499718 -0.0125335688 0.404386878
v -0.148361132 -0.0112458821 0.403512925
v -0.145095989 -0.0100591416 0.403281927
v -0.141829729 -0.00901895482 0.403702587
v -0.14586854 -0.00833627954 0.403783083
v -0.148893282 -0.0100591537 0.403858155
v -0.149609417 -0.00901897997 0.404322714
v -0.151771054 -0.0119285816 0.40456298
v -0.152136117 -0.0113983052 0.404799789
v -0.152580947 -0.0109631196 0.405088335
vt 0.540888369 0.0614385009
vt 0.544145763 0.0660430193
vt 0.542309165 0.0669605732
vt 0.544397533 0.0722180009
vt 0.547063351 0.0708860159
vt 0.541689873 0.0608205795
vt 0.537414014 0.0572468638
vt 0.545717359 0.0648313165
vt 0.549344838 0.0691271424
vt 0.549529254 0.0757814646
vt 0.552432656 0.0735430717
vt 0.542325616 0.0600764155
vt 0.546963692 0.0633721948
vt 0.551153958 0.0670090318
vt 0.554735303 0.0708472133
vt 0.542770922 0.0592346191
vt 0.547837019 0.0617214441
vt 0.552421689 0.0646128654
vt 0.556348383 0.0677977204
vt 0.543008626 0.0583275557
vt 0.548303425 0.0599427819
vt 0.553098857 0.0620309114
vt 0.247248426 0.675812423
vt 0.250894248 0.67664963
vt 0.250717372 0.677239299
vt 0.254147261 0.679111421
vt 0.253521025 0.680201292
vt 0.254502922 0.677925944
vt 0.250405908 0.677781463
vt 0.252648324 0.681153774
vt 0.250929743 0.676034987
vt 0.254574239 0.676690042
vt 0.249431849 0.678642094
vt 0.251562595 0.681931973
vt 0.250822484 0.675419092
vt 0.25435859 0.675451696
vt 0.250576586 0.674825549
vt 0.253864199 0.674258351
vt 0.250201523 0.674277127
vt 0.253110051 0.673155725
vt 0.249711707 0.673794806
vt 0.249125913 0.673397601
vt 0.248466745 0.673100173
vt 0.247759402 0.672914445
vt 0.247031212 0.672847152
vt 0.24631007 0.672901034
vt 0.245623723 0.673073947
vt 0.24499853 0.673359692
vt 0.244458482 0.673746645
vt 0.2426489 0.67131108
vt 0.241563186 0.672089279
vt 0.243712947 0.674762487
vt 0.240690395 0.673041701
vt 0.240064174 0.674131751
vt 0.24344106 0.675352156
vt 0.239708573 0.675317109
vt 0.24344106 0.675966799
vt 0.239637226 0.676553011
vt 0.24344106 0.676582754
vt 0.23985289 0.677791238
vt 0.243853748 0.677176297
vt 0.240347281 0.678984821
vt 0.24422881 0.6777246
vt 0.241101399 0.680087328
vt 0.244718686 0.678206742
vt 0.242086262 0.681056738
vt 0.245304435 0.678604186
vt 0.240194932 0.68501389
vt 0.238932669 0.683771491
vt 0.24326399 0.681855857
vt 0.241704449 0.686037898
vt 0.245963633 0.678901553
vt 0.24344106 0.686804175
vt 0.244589433 0.682453454
vt 0.246670902 0.6790874
vt 0.245225787 0.687283218
vt 0.246011481 0.682827175
vt 0.247399151 0.679154634
vt 0.24710235 0.687456489
vt 0.247475609 0.682962596
vt 0.248120323 0.679100692
vt 0.248960689 0.687317371
vt 0.248925567 0.682854056
vt 0.24880667 0.678927541
vt 0.250305533 0.682506144
vt 0.283596873 0.928252339
vt 0.279487371 0.930360615
vt 0.279198945 0.92936933
vt 0.288324684 0.926309466
vt 0.293488652 0.924606562
vt 0.294131994 0.928502738
vt 0.299646974 0.927790284
vt 0.288830042 0.929370821
vt 0.283944994 0.930361331
vt 0.279664874 0.931436062
vt 0.299902529 0.932554543
vt 0.3054474 0.932554543
vt 0.294349104 0.932554543
vt 0.28900066 0.932554543
vt 0.284062773 0.932554543
vt 0.279724807 0.932554543
vt 0.305163652 0.937848151
vt 0.310469627 0.938174188
vt 0.309577584 0.943577707
vt 0.299646974 0.937318742
vt 0.304323345 0.942938268
vt 0.294131994 0.936606288
vt 0.298890769 0.941899896
vt 0.308128893 0.948557675
vt 0.312974662 0.948871195
vt 0.310986876 0.953321636
vt 0.306179345 0.952922761
vt 0.302958757 0.947629452
vt 0.301122278 0.951741219
vt 0.297662675 0.946121991
vt 0.293488652 0.940502405
vt 0.296009868 0.949822545
vt 0.298884392 0.955115736
vt 0.293995678 0.95285964
vt 0.29244414 0.944093168
vt 0.291038424 0.947240353
vt 0.289325684 0.94982326
vt 0.288830042 0.935738206
vt 0.288324475 0.93879962
vt 0.283944994 0.934747815
vt 0.279664874 0.933673024
vt 0.283596873 0.936856687
vt 0.279487371 0.93474853
vt 0.287503958 0.941620946
vt 0.283031493 0.938800395
vt 0.279198945 0.935739815
vt 0.286399424 0.944094002
vt 0.28227061 0.940503955
vt 0.278810889 0.936608493
vt 0.285053462 0.946123481
vt 0.287371457 0.95174253
vt 0.28134346 0.94190222
vt 0.283518016 0.947631478
vt 0.280285686 0.94294107
vt 0.557210267 0.064511776
vt 0.543030083 0.0573900938
vt 0.548345447 0.0581043959
vt 0.553159595 0.0593622923
vt 0.557287514 0.0611155033
vt 0.542833924 0.0564581156
vt 0.547960937 0.0562769175
vt 0.552601516 0.0567096472
vt 0.542428076 0.0555675626
vt 0.547165036 0.0545306802
vt 0.541827977 0.0547526479
vt 0.545988262 0.0529327393
vt 0.541056514 0.0540447235
vt 0.540143788 0.05347085
vt 0.539124429 0.0530532598
vt 0.538037658 0.0528079867
vt 0.536925673 0.0527442098
vt 0.535830796 0.0528647304
vt 0.534795165 0.0531647205
vt 0.533858478 0.053632617
vt 0.533057034 0.0542505383
vt 0.530360997 0.0507364869
vt 0.528789341 0.0519481301
vt 0.532421231 0.0549947023
vt 0.527542889 0.0534074306
vt 0.531975925 0.0558365583
vt 0.526669741 0.0550581217
vt 0.522962809 0.0525442958
vt 0.521695197 0.0549403429
vt 0.531738222 0.0567436218
vt 0.526203215 0.0568368435
vt 0.521018028 0.0575222969
vt 0.517243922 0.055487752
vt 0.516382098 0.0587738156
vt 0.531716824 0.0576810837
vt 0.526161313 0.0586751699
vt 0.520957291 0.0601909161
vt 0.516304731 0.0621700883
vt 0.531912982 0.0586130619
vt 0.526545644 0.0605025887
vt 0.52151525 0.0628436804
vt 0.517014921 0.0655460954
vt 0.532318771 0.0595035553
vt 0.527341664 0.062248826
vt 0.522670746 0.0653784275
vt 0.53291893 0.06031847
vt 0.528518438 0.0638468266
vt 0.518485248 0.0687720776
vt 0.51321727 0.0685061812
vt 0.514946222 0.0722994804
vt 0.524379015 0.0676980019
vt 0.520659328 0.0717240572
vt 0.533690214 0.061026454
vt 0.530030966 0.0652350187
vt 0.534603 0.0616002083
vt 0.535622358 0.062017858
vt 0.536708951 0.0622631311
vt 0.533819854 0.0671790838
vt 0.531820953 0.0663601756
vt 0.526574433 0.0697131753
vt 0.529172778 0.0713464022
vt 0.532074094 0.072535038
vt 0.52676028 0.0763673782
vt 0.523453414 0.0742887855
vt 0.520787954 0.0787860155
vt 0.517502487 0.0757704973
vt 0.515029728 0.0796815157
vt 0.512189388 0.0758248568
vt 0.513335943 0.0833072066
vt 0.518680215 0.0830321312
vt 0.517211199 0.0868641138
vt 0.523000538 0.085747838
vt 0.521797657 0.0897470117
vt 0.527824879 0.0877242088
vt 0.526918888 0.0918450952
vt 0.524676263 0.081230104
vt 0.529018104 0.0830088854
vt 0.532967508 0.0888853669
vt 0.532378376 0.0930777192
vt 0.533646584 0.084053874
vt 0.538231134 0.089186728
vt 0.537966073 0.0933976769
vt 0.538383722 0.0843251348
vt 0.543413341 0.08861655
vt 0.543467343 0.0927924514
vt 0.543047667 0.0838119984
vt 0.54831481 0.0871969461
vt 0.548670828 0.0912854075
vt 0.547459006 0.0825342536
vt 0.552747428 0.0849823356
vt 0.553376198 0.0889344215
vt 0.551448345 0.0805411935
vt 0.54613632 0.0774766207
vt 0.55486238 0.0779091716
vt 0.556540787 0.0820578933
vt 0.557569921 0.0747393966
vt 0.542384505 0.0785630941
vt 0.538418114 0.078999579
vt 0.541449547 0.0730717182
vt 0.534389377 0.0787688494
vt 0.538332939 0.0734146833
vt 0.540278435 0.0675488114
vt 0.530452907 0.0778801441
vt 0.535167277 0.0732334256
vt 0.538131416 0.0677850246
vt 0.535950482 0.0676600933
vt 0.538916051 0.0622063875
vt 0.537821174 0.0623269081
vt 0.539951742 0.0619064569
vt 0.317309648 0.948557794
vt 0.314451665 0.943793595
vt 0.318758488 0.943577707
vt 0.315361291 0.938284218
vt 0.31965059 0.938174188
vt 0.315668315 0.932554543
vt 0.319951832 0.932554543
vt 0.310770869 0.932554543
vt 0.315361291 0.926824927
vt 0.31965059 0.926935077
vt 0.310469627 0.926935077
vt 0.314451665 0.921315551
vt 0.318758488 0.921531439
vt 0.309577584 0.921531439
vt 0.312974662 0.91623795
vt 0.317309648 0.916551352
vt 0.308128804 0.916551352
vt 0.306179225 0.912186384
vt 0.310986876 0.91178751
vt 0.301122278 0.913367867
vt 0.302958757 0.917479694
vt 0.304323345 0.922170877
vt 0.296009868 0.915286481
vt 0.293995678 0.912249506
vt 0.298884273 0.90999341
vt 0.289325684 0.915285885
vt 0.305163652 0.927260995
vt 0.297662675 0.918987095
vt 0.298890769 0.92320925
vt 0.291038424 0.917868733
vt 0.29244414 0.921015918
vt 0.283518016 0.917477667
vt 0.287371457 0.913366616
vt 0.285053462 0.918985665
vt 0.280285686 0.922167957
vt 0.28134346 0.923206925
vt 0.286399305 0.921015143
vt 0.28227061 0.924605012
vt 0.287503958 0.923488081
vt 0.283031493 0.926308632
vt 0.278810889 0.928500533
vt 0.888047099 0.789899886
vt 0.891296089 0.78838402
vt 0.893761098 0.79143101
vt 0.889988899 0.792300105
vt 0.900640547 0.793136537
vt 0.896032751 0.794238985
vt 0.897969365 0.789834738
vt 0.905386627 0.791247487
vt 0.89507103 0.786252022
vt 0.888732731 0.785215318
vt 0.902418613 0.787578762
vt 0.91285032 0.792058349
vt 0.907987952 0.794463158
vt 0.910088718 0.788644612
vt 0.917382002 0.788908482
vt 0.892056942 0.782526076
vt 0.923675179 0.787936151
vt 0.919692755 0.791764796
vt 0.921408772 0.785134733
vt 0.886169195 0.782046497
vt 0.914566219 0.785427988
vt 0.906938136 0.784750044
vt 0.91864723 0.781720996
vt 0.924776077 0.780881822
vt 0.922174752 0.777666271
vt 0.911354005 0.781457126
vt 0.915496469 0.777826488
vt 0.919206738 0.773997605
vt 0.925013304 0.77341944
vt 0.922342241 0.770117581
vt 0.899198353 0.783598006
vt 0.903519511 0.780524194
vt 0.895849407 0.779458225
vt 0.907868326 0.777148426
vt 0.899964154 0.776129305
vt 0.889042735 0.778800189
vt 0.883704305 0.778999567
vt 0.8861444 0.775217533
vt 0.892500162 0.775318325
vt 0.889279783 0.77133745
vt 0.883473277 0.771915615
vt 0.886311948 0.767668784
vt 0.896408737 0.771734595
vt 0.892990053 0.767508626
vt 0.889839351 0.763613999
vt 0.883710444 0.764453113
vt 0.887077928 0.760200322
vt 0.904251754 0.772657454
vt 0.900618434 0.768186688
vt 0.897132754 0.763877928
vt 0.893920302 0.759907007
vt 0.891104579 0.756426573
vt 0.884811461 0.757398784
vt 0.888793826 0.75357008
vt 0.898397863 0.756690323
vt 0.89563632 0.753276706
vt 0.901548386 0.76058501
vt 0.904967189 0.764810979
vt 0.903099954 0.754087508
vt 0.900498569 0.750871897
vt 0.906067908 0.757756174
vt 0.909288168 0.761737049
vt 0.908522487 0.769205749
vt 0.912637353 0.765876889
vt 0.910517156 0.755500376
vt 0.907846153 0.752198458
vt 0.913415611 0.759083033
vt 0.916429758 0.762808979
vt 0.917190433 0.756950915
vt 0.919753909 0.760119677
vt 0.922317386 0.763288438
vt 0.914725542 0.753903925
vt 0.912453771 0.751095951
vt 0.920467854 0.755422711
vt 0.91853112 0.753028631
vt 0.919443846 0.766534746
vt 0.924782395 0.766335428
vt 0.915986478 0.770016789
vt 0.912077844 0.773600519
vt 0.293191999 0.30073452
vt 0.289297909 0.300940275
vt 0.290838838 0.297305346
vt 0.294405878 0.297871113
vt 0.286591291 0.296288967
vt 0.288475513 0.29184413
vt 0.292441279 0.293525219
vt 0.284779578 0.300562978
vt 0.287877828 0.304290295
vt 0.283109874 0.304501891
vt 0.279844701 0.299613953
vt 0.277989507 0.303990722
vt 0.281857848 0.294865012
vt 0.283951372 0.289926291
vt 0.290359765 0.287399292
vt 0.29404369 0.289744973
vt 0.286044955 0.284987509
vt 0.292171448 0.283125162
vt 0.295584589 0.286109984
vt 0.288058072 0.280238628
vt 0.281264961 0.282602549
vt 0.289913237 0.275861979
vt 0.293841273 0.27918613
vt 0.283402026 0.277561188
vt 0.285371542 0.272915006
vt 0.287097871 0.268842578
vt 0.29153949 0.272025704
vt 0.282150716 0.2663064
vt 0.283595055 0.262898684
vt 0.288514555 0.265500546
vt 0.280390531 0.270458579
vt 0.276887923 0.264514565
vt 0.278382391 0.275195658
vt 0.275161594 0.268586993
vt 0.271511734 0.263535976
vt 0.269885719 0.267372131
vt 0.273192048 0.273233056
vt 0.276203424 0.280335784
vt 0.268030345 0.271748781
vt 0.264765173 0.266860843
vt 0.271055073 0.278274596
vt 0.279042423 0.287845373
vt 0.273937613 0.285681427
vt 0.276820123 0.293088317
vt 0.274682999 0.298129678
vt 0.271671563 0.29102695
vt 0.268832624 0.28351748
vt 0.266017228 0.276497781
vt 0.272713453 0.3027758
vt 0.276363283 0.307826817
vt 0.270987153 0.306848288
vt 0.269492656 0.296167076
vt 0.267484635 0.300904334
vt 0.265724361 0.305056334
vt 0.266610116 0.288760185
vt 0.264473051 0.293801665
vt 0.262503505 0.298447728
vt 0.260777116 0.302520156
vt 0.264279902 0.308463991
vt 0.259360462 0.305862427
vt 0.25796169 0.295500875
vt 0.256335557 0.299337029
vt 0.259816945 0.291124105
vt 0.261830091 0.286375225
vt 0.255703509 0.288237691
vt 0.254033804 0.292176723
vt 0.257515281 0.283963442
vt 0.253831327 0.281617761
vt 0.252290606 0.28525281
vt 0.255433887 0.277837694
vt 0.259399563 0.279518723
vt 0.257036299 0.274057448
vt 0.263923645 0.281436622
vt 0.261283696 0.275073826
vt 0.253438145 0.273487568
vt 0.254648894 0.270631552
vt 0.258577108 0.270422518
vt 0.263095468 0.270799756
vt 0.259997189 0.267072558
vt 0.0367281064 0.926631868
vt 0.039005857 0.929369926
vt 0.0378228091 0.929710686
vt 0.0361397527 0.926801443
vt 0.0397745855 0.934517384
vt 0.036500793 0.929901719
vt 0.0354821905 0.926896393
vt 0.0382581353 0.934954166
vt 0.0350906886 0.929935634
vt 0.0347809047 0.926913321
vt 0.0365638025 0.935198963
vt 0.03364674 0.929810822
vt 0.0340626873 0.926851213
vt 0.0347565264 0.935242236
vt 0.0322243012 0.929532588
vt 0.0333552174 0.92671293
vt 0.0329058468 0.935082495
vt 0.0308781769 0.9291116
vt 0.0326857232 0.92650336
vt 0.0310828462 0.93472594
vt 0.0296600498 0.928563476
vt 0.0320798121 0.926230788
vt 0.0286167078 0.927909791
vt 0.031560909 0.925905764
vt 0.0293575134 0.934186161
vt 0.0277962461 0.933483899
vt 0.0264590457 0.932646036
vt 0.0281586871 0.936980724
vt 0.0262549482 0.936124384
vt 0.0246243943 0.93510282
vt 0.0302624889 0.937639236
vt 0.023329651 0.933955431
vt 0.0253972095 0.931704819
vt 0.0324854366 0.938073933
vt 0.0224205367 0.932726085
vt 0.0246516652 0.930696607
vt 0.034742102 0.938268781
vt 0.0317338929 0.943421066
vt 0.0348809026 0.943692565
vt 0.0369458385 0.938215673
vt 0.0379540473 0.943618834
vt 0.0286340043 0.942814589
vt 0.0310049504 0.948607802
vt 0.0257002711 0.941896617
vt 0.0270698946 0.947838247
vt 0.023345869 0.946672976
vt 0.0230454616 0.940702379
vt 0.0199758448 0.945156932
vt 0.0207715854 0.939277887
vt 0.0170894507 0.943348408
vt 0.0189660862 0.937677622
vt 0.0147975236 0.941317201
vt 0.0131881889 0.939140856
vt 0.0176983252 0.935963273
vt 0.02193195 0.931462049
vt 0.0170169305 0.934200823
vt 0.011184115 0.945469439
vt 0.0138790235 0.947858036
vt 0.00830405671 0.949943066
vt 0.0112983827 0.952596903
vt 0.0172728989 0.949984372
vt 0.0150694251 0.954959512
vt 0.00944677927 0.957383037
vt 0.0212354492 0.951766849
vt 0.0134500358 0.959891021
vt 0.00839524809 0.962032616
vt 0.0124768857 0.964589775
vt 0.0194722414 0.956940055
vt 0.0181239266 0.961993575
vt 0.0256142858 0.953136981
vt 0.0243376195 0.958462417
vt 0.0172423162 0.966733456
vt 0.0121873934 0.96887517
vt 0.0168613344 0.970977545
vt 0.0232889317 0.963609755
vt 0.0225085374 0.968381166
vt 0.0220263414 0.972593784
vt 0.03024121 0.954042017
vt 0.0294786431 0.959468007
vt 0.0287465304 0.964677274
vt 0.0280729998 0.969469726
vt 0.0274839159 0.973661304
vt 0.0349997468 0.948952615
vt 0.0349383615 0.954447508
vt 0.0389007032 0.948858917
vt 0.0346977711 0.95991838
vt 0.0395253077 0.954337299
vt 0.0408351943 0.943202555
vt 0.0425580293 0.9483307
vt 0.0342869833 0.965155482
vt 0.0397942625 0.95979619
vt 0.0438255817 0.95371604
vt 0.0337219723 0.969957173
vt 0.0330243632 0.974139392
vt 0.03969739 0.965025604
vt 0.039238289 0.969824851
vt 0.0384347588 0.974009693
vt 0.0445724167 0.959105849
vt 0.0447697788 0.964292884
vt 0.0444100685 0.969077826
vt 0.0435071625 0.973276854
vt 0.0493092649 0.962985396
vt 0.0490384698 0.967744887
vt 0.0488485955 0.957874238
vt 0.0476741567 0.952607751
vt 0.0509230569 0.951054513
vt 0.0524584465 0.956148565
vt 0.0485941991 0.946067035
vt 0.0458311178 0.947387815
vt 0.0434135534 0.94246006
vt 0.045590315 0.941419363
vt 0.0472814925 0.940120876
vt 0.050741002 0.944418728
vt 0.0390119553 0.937917233
vt 0.0408608951 0.937384725
vt 0.0410546213 0.933905423
vt 0.0424218066 0.936638653
vt 0.0420492478 0.933141708
vt 0.0436345078 0.93570751
vt 0.0484223254 0.938614547
vt 0.0444526188 0.934627235
vt 0.252340436 0.68613553
vt 0.250729352 0.686871469
vt 0.251413912 0.689745724
vt 0.249257237 0.690289497
vt 0.246991247 0.690459132
vt 0.253378421 0.688848436
vt 0.253731996 0.685138226
vt 0.24470304 0.690247774
vt 0.255075246 0.687632382
vt 0.254850626 0.683917582
vt 0.256439209 0.686143935
vt 0.242480606 0.689663768
vt 0.24040924 0.688729286
vt 0.243696451 0.695956409
vt 0.238568619 0.687480628
vt 0.240597174 0.695141912
vt 0.237708658 0.693814397
vt 0.237029448 0.685965657
vt 0.235141888 0.692097783
vt 0.2358509 0.684242547
vt 0.237966135 0.682358265
vt 0.23299548 0.689985156
vt 0.235078275 0.682377279
vt 0.237332508 0.68082875
vt 0.231351972 0.687582076
vt 0.229143187 0.693814397
vt 0.230274498 0.684981108
vt 0.234741196 0.680441976
vt 0.225689217 0.687522769
vt 0.22705695 0.690824389
vt 0.221759379 0.690371096
vt 0.223367557 0.694253266
vt 0.225092545 0.684096813
vt 0.229804501 0.682282269
vt 0.234852716 0.678510725
vt 0.225289971 0.68067801
vt 0.22995998 0.679589033
vt 0.23540847 0.676657915
vt 0.226273775 0.677398086
vt 0.230734989 0.677005231
vt 0.225820616 0.697839856
vt 0.220466301 0.697707891
vt 0.223191962 0.701692998
vt 0.23186776 0.696556687
vt 0.229024306 0.70099324
vt 0.235126048 0.698767006
vt 0.226751551 0.705196798
vt 0.221358061 0.705285907
vt 0.225136876 0.709005415
vt 0.232855424 0.703592479
vt 0.231008381 0.708084583
vt 0.229655847 0.712071002
vt 0.238792717 0.700420797
vt 0.237166807 0.705537081
vt 0.235798806 0.710245311
vt 0.234741226 0.714364827
vt 0.242726952 0.701454639
vt 0.241792753 0.706752777
vt 0.240938738 0.711596012
vt 0.240197673 0.715798676
vt 0.246887371 0.696251035
vt 0.24677749 0.701828659
vt 0.250047266 0.696014941
vt 0.246555477 0.707192481
vt 0.250788689 0.701528728
vt 0.253054827 0.695256412
vt 0.246230632 0.71208477
vt 0.245815471 0.716317594
vt 0.251271963 0.706839859
vt 0.251471192 0.71169281
vt 0.251378685 0.715901375
vt 0.254606396 0.700566053
vt 0.255760968 0.705707669
vt 0.256458938 0.710435152
vt 0.256673604 0.71456629
vt 0.261002272 0.708360016
vt 0.261496723 0.712363362
vt 0.259849966 0.703840256
vt 0.258083969 0.698977828
vt 0.255794376 0.694005191
vt 0.258160621 0.692309201
vt 0.261087745 0.696824908
vt 0.263381839 0.701308846
vt 0.264926612 0.705547452
vt 0.260062724 0.690233588
vt 0.26350221 0.694190323
vt 0.266220838 0.698210895
vt 0.261427492 0.687858343
vt 0.257417858 0.684440434
vt 0.265234619 0.691175103
vt 0.262202501 0.685274422
vt 0.257973641 0.682587564
vt 0.266218394 0.68789494
vt 0.26235798 0.682581246
vt 0.258085132 0.680656374
vt 0.266415775 0.684476376
vt 0.344691813 0.160077751
vt 0.343204498 0.160052478
vt 0.34329164 0.154923975
vt 0.341385305 0.15489167
vt 0.341717094 0.160027266
vt 0.345197886 0.1549564
vt 0.346122146 0.160102129
vt 0.343330681 0.152614176
vt 0.345655262 0.152653456
vt 0.341006219 0.152574718
vt 0.347890556 0.152691424
vt 0.347030967 0.154987574
vt 0.347440243 0.160124421
vt 0.348720461 0.155016184
vt 0.348595649 0.160143971
vt 0.35020113 0.155041397
vt 0.339552075 0.154860735
vt 0.338770986 0.152536869
vt 0.340286851 0.160003006
vt 0.33786267 0.154831946
vt 0.338968724 0.159980536
vt 0.336381823 0.154806793
vt 0.337813437 0.159960985
vt 0.439576417 0.56198585
vt 0.43844226 0.561764896
vt 0.437932581 0.556439936
vt 0.439386219 0.556723237
vt 0.440870404 0.562238097
vt 0.441044688 0.557046354
vt 0.442274302 0.562511802
vt 0.442844212 0.557397187
vt 0.443734497 0.562796295
vt 0.442875654 0.555049419
vt 0.440681368 0.554621816
vt 0.445157617 0.555494249
vt 0.444715649 0.557761908
vt 0.445194632 0.563080728
vt 0.447439522 0.555938959
vt 0.446587056 0.558126569
vt 0.449633777 0.556366563
vt 0.446598709 0.563354433
vt 0.44838661 0.558477283
vt 0.447892666 0.56360662
vt 0.450045019 0.558800519
vt 0.449026883 0.563827753
vt 0.451498747 0.559224784
vt 0.322360486 0.754101217
vt 0.321400791 0.759025991
vt 0.320022017 0.758757234
vt 0.324132115 0.754446447
vt 0.322779536 0.759294569
vt 0.320588946 0.753755927
vt 0.322825849 0.751713574
vt 0.320623666 0.75128448
vt 0.325027972 0.752142787
vt 0.318506151 0.750871897
vt 0.31869626 0.758498847
vt 0.318885416 0.75342387
vt 0.317474455 0.758260608
vt 0.31731537 0.753117919
vt 0.316403538 0.758051991
vt 0.315939277 0.752849698
vt 0.325835675 0.754778385
vt 0.327145427 0.752555549
vt 0.324105233 0.759552956
vt 0.327405691 0.755084336
vt 0.325327128 0.759791136
vt 0.328781724 0.755435824
vt 0.326398104 0.759999812
vt 0.397974223 0.705753207
vt 0.396438509 0.710745394
vt 0.395347565 0.710726798
vt 0.396572322 0.705729425
vt 0.39410305 0.710705638
vt 0.394973099 0.705702245
vt 0.392752439 0.710682929
vt 0.39323771 0.705673039
vt 0.391347945 0.710659087
vt 0.393717676 0.703248143
vt 0.395874709 0.70328486
vt 0.391474336 0.703210115
vt 0.39143312 0.705642223
vt 0.389943421 0.710635126
vt 0.389231086 0.703172028
vt 0.38962844 0.705611646
vt 0.387074053 0.703135371
vt 0.388592988 0.710612297
vt 0.387893051 0.705582142
vt 0.387348384 0.710591018
vt 0.386293739 0.705555081
vt 0.386257321 0.71057266
vt 0.384892017 0.705531299
vt 0.804319739 0.178146124
vt 0.802364588 0.181795835
vt 0.80140388 0.180913985
vt 0.803085208 0.177013159
vt 0.800266862 0.180199385
vt 0.801624238 0.176094711
vt 0.804699123 0.174364805
vt 0.802883089 0.173223317
vt 0.806233585 0.175773263
vt 0.805280268 0.179450393
vt 0.807988167 0.169592798
vt 0.807427526 0.17739445
vt 0.80592984 0.180875659
vt 0.808235109 0.179166079
vt 0.810155094 0.171581805
vt 0.811841249 0.173871279
vt 0.812981665 0.176373303
vt 0.813532472 0.178991675
vt 0.808625042 0.181020081
vt 0.815973878 0.170520902
vt 0.813472569 0.181625724
vt 0.808582544 0.18288523
vt 0.817425251 0.173705339
vt 0.818126202 0.177037835
vt 0.818049729 0.180390358
vt 0.812804163 0.18417412
vt 0.808109343 0.18468982
vt 0.81719929 0.183633983
vt 0.8194682 0.167038441
vt 0.821174741 0.170782983
vt 0.813827753 0.167607009
vt 0.816944778 0.163612068
vt 0.819386363 0.159750462
vt 0.822190285 0.163557768
vt 0.811069727 0.165075362
vt 0.81370163 0.160635233
vt 0.815782607 0.156442821
vt 0.817233086 0.152659416
vt 0.82105881 0.156170726
vt 0.812705636 0.149813414
vt 0.811517835 0.153761983
vt 0.807649672 0.147742212
vt 0.80986321 0.158222556
vt 0.806755245 0.151811004
vt 0.802260339 0.146525323
vt 0.807805359 0.163023591
vt 0.80557704 0.156466603
vt 0.801678538 0.150664687
vt 0.796744049 0.146209478
vt 0.805423379 0.167980611
vt 0.804160357 0.161530316
vt 0.801008046 0.155435026
vt 0.796482384 0.15036726
vt 0.79131341 0.146807015
vt 0.800855279 0.172392547
vt 0.7999928 0.175426364
vt 0.802559495 0.166807413
vt 0.798693478 0.171904445
vt 0.798253596 0.175033748
vt 0.80027467 0.160652995
vt 0.799506664 0.166118145
vt 0.796480894 0.171777785
vt 0.796473742 0.174931765
vt 0.796331763 0.155167341
vt 0.796297848 0.160425305
vt 0.79638201 0.165939212
vt 0.794302702 0.172017336
vt 0.794721365 0.175124526
vt 0.791366696 0.150930047
vt 0.786176503 0.148294806
vt 0.791727722 0.155673802
vt 0.786528051 0.152331471
vt 0.781531334 0.150615573
vt 0.782152236 0.154517651
vt 0.787372947 0.156935036
vt 0.7923823 0.160856068
vt 0.783434868 0.158902586
vt 0.778407693 0.157404542
vt 0.780064762 0.161500752
vt 0.788679123 0.161928654
vt 0.785329998 0.163601995
vt 0.793305635 0.166277647
vt 0.790396094 0.167120397
vt 0.792242348 0.172614098
vt 0.79306376 0.175604701
vt 0.790379107 0.173545003
vt 0.791564822 0.176353574
vt 0.787764668 0.168435097
vt 0.788784444 0.174774349
vt 0.790282011 0.177342594
vt 0.782464027 0.165811419
vt 0.777392149 0.164629757
vt 0.780191064 0.168472588
vt 0.785512865 0.170171142
vt 0.787519991 0.176254749
vt 0.789264619 0.178533494
vt 0.78372705 0.172261894
vt 0.778598666 0.171482682
vt 0.786634088 0.177929461
vt 0.782475889 0.174626946
vt 0.777747989 0.174726367
vt 0.786160707 0.179734111
vt 0.781807601 0.177175462
vt 0.777671516 0.17807889
vt 0.786118388 0.181599259
vt 0.781747639 0.17980957
vt 0.276133567 0.9936288
vt 0.271169454 0.994345844
vt 0.271956027 0.990250111
vt 0.277017295 0.989518881
vt 0.267110378 0.985679686
vt 0.272405267 0.985552549
vt 0.26240477 0.98011297
vt 0.267512292 0.980553687
vt 0.27736938 0.984835505
vt 0.28154698 0.988214314
vt 0.281811893 0.983555913
vt 0.272500098 0.98043406
vt 0.277176112 0.979758561
vt 0.281360954 0.978553355
vt 0.267747849 0.975198865
vt 0.272236675 0.97509104
vt 0.276445031 0.974483252
vt 0.263151169 0.974802136
vt 0.258623242 0.973916411
vt 0.267807782 0.969820738
vt 0.260047942 0.968730152
vt 0.256403655 0.967589915
vt 0.258729726 0.96287334
vt 0.261592984 0.963769317
vt 0.263898641 0.969483495
vt 0.264618516 0.964361191
vt 0.267689943 0.964626253
vt 0.271625221 0.969729185
vt 0.270689219 0.964554131
vt 0.275204152 0.969212174
vt 0.273501217 0.964147985
vt 0.280211329 0.973398328
vt 0.284893692 0.976864278
vt 0.283390641 0.971878409
vt 0.278407127 0.968289733
vt 0.281110972 0.966996968
vt 0.276017696 0.963423312
vt 0.273447305 0.958310127
vt 0.274951577 0.957591116
vt 0.278142095 0.962407649
vt 0.283211738 0.965384126
vt 0.279792726 0.961140454
vt 0.276120394 0.956693649
vt 0.273520768 0.954720795
vt 0.274461091 0.953998923
vt 0.276908785 0.955652475
vt 0.280906141 0.959669888
vt 0.734809041 0.661509156
vt 0.731276214 0.66001153
vt 0.731829822 0.656514049
vt 0.73460561 0.657690763
vt 0.738065064 0.662889481
vt 0.738271236 0.667524397
vt 0.734442532 0.665901303
vt 0.737774193 0.672501981
vt 0.730288208 0.664140344
vt 0.727602005 0.658454001
vt 0.733520091 0.670698702
vt 0.725967824 0.662308931
vt 0.723927796 0.656896472
vt 0.728904068 0.668741941
vt 0.721647501 0.6604774
vt 0.72039479 0.655398846
vt 0.717493117 0.658716381
vt 0.72410351 0.66670692
vt 0.719303071 0.664671898
vt 0.71468693 0.662715137
vt 0.713664412 0.657093525
vt 0.710432768 0.660911798
vt 0.716984451 0.669318676
vt 0.712083995 0.667241335
vt 0.707567692 0.665326953
vt 0.706703961 0.659331143
vt 0.703609288 0.663649082
vt 0.722080708 0.671479046
vt 0.727176845 0.673639357
vt 0.719976783 0.676441848
vt 0.732077181 0.675716698
vt 0.725172877 0.678644419
vt 0.730169296 0.680762529
vt 0.736593425 0.67763108
vt 0.740551889 0.67930913
vt 0.74150306 0.674082577
vt 0.738809943 0.684425354
vt 0.734774053 0.682714343
vt 0.742122412 0.685829282
vt 0.739592969 0.690611839
vt 0.736344516 0.689234734
vt 0.732386053 0.687556624
vt 0.733249664 0.693552554
vt 0.729521036 0.691971958
vt 0.72786957 0.685642242
vt 0.725266755 0.6901685
vt 0.726289213 0.695790291
vt 0.722969294 0.683565021
vt 0.722460508 0.694167316
vt 0.720650673 0.688211858
vt 0.718306184 0.692406178
vt 0.719558895 0.697484791
vt 0.716025889 0.695987225
vt 0.717872977 0.68140471
vt 0.714780867 0.674239159
vt 0.71398586 0.690574825
vt 0.71235168 0.694429815
vt 0.715850115 0.686176896
vt 0.709784448 0.672121286
vt 0.71277684 0.679244339
vt 0.711049557 0.684141934
vt 0.709665477 0.688743472
vt 0.70867759 0.692872226
vt 0.705179751 0.670169234
vt 0.707876444 0.677167177
vt 0.701143682 0.668458521
vt 0.700360715 0.662271857
vt 0.697831333 0.667054415
vt 0.70336026 0.675252676
vt 0.699401915 0.673574567
vt 0.706433594 0.682185054
vt 0.702179492 0.680381656
vt 0.698450565 0.678801
vt 0.705511093 0.686982334
vt 0.701682508 0.685359359
vt 0.705144584 0.69137466
vt 0.70188868 0.689994335
vt 0.708123982 0.696369648
vt 0.705348015 0.695193052
vt 0.262777686 0.949533224
vt 0.261793792 0.948916852
vt 0.264494836 0.947121918
vt 0.26499629 0.947436213
vt 0.259722143 0.953530133
vt 0.263926446 0.950049937
vt 0.265581936 0.947699726
vt 0.260986418 0.954322159
vt 0.265195847 0.950447083
vt 0.266229063 0.947902083
vt 0.262462407 0.954986215
vt 0.26653713 0.950709462
vt 0.266912878 0.948035955
vt 0.264093518 0.95549649
vt 0.267898798 0.950827003
vt 0.267607093 0.948095798
vt 0.265816957 0.955833614
vt 0.269228488 0.950795054
vt 0.268284917 0.948079526
vt 0.267566562 0.955984652
vt 0.270475119 0.950614929
vt 0.268920451 0.947987795
vt 0.271590769 0.95029372
vt 0.269489199 0.947823882
vt 0.269275248 0.955943525
vt 0.270877093 0.95571214
vt 0.272310644 0.955299318
vt 0.269674242 0.959110916
vt 0.271665365 0.958823323
vt 0.267550498 0.959161818
vt 0.265375555 0.958974242
vt 0.263233274 0.958554983
vt 0.261205703 0.95792079
vt 0.259371042 0.957095563
vt 0.256138682 0.96170789
vt 0.257799625 0.956110954
vt 0.258718312 0.952640355
vt 0.253919393 0.960317552
vt 0.256551772 0.955005229
vt 0.258013427 0.951687396
vt 0.255675614 0.953820407
vt 0.250254899 0.955362201
vt 0.255204797 0.952602148
vt 0.250919938 0.95708257
vt 0.252157271 0.958755732
vt 0.248038486 0.962348998
vt 0.246463582 0.960219562
vt 0.250281274 0.964336812
vt 0.253105819 0.966106534
vt 0.247138843 0.968750358
vt 0.244501576 0.96641314
vt 0.250460207 0.970831335
vt 0.254337937 0.972575605
vt 0.244612783 0.973388791
vt 0.2416825 0.97079128
vt 0.248303354 0.975700736
vt 0.252612084 0.97763896
vt 0.246718198 0.980527818
vt 0.242800444 0.978073239
vt 0.251292288 0.982585371
vt 0.245765641 0.985126793
vt 0.241771102 0.982624114
vt 0.250429392 0.987224698
vt 0.250056505 0.991378486
vt 0.245482296 0.989321113
vt 0.255111217 0.992960334
vt 0.255583256 0.988837183
vt 0.26045236 0.994005024
vt 0.25634703 0.984167039
vt 0.261028916 0.989902437
vt 0.265874565 0.99447304
vt 0.257373601 0.979128778
vt 0.261688173 0.98521173
vt 0.266557336 0.990379453
vt 0.641898394 0.559801459
vt 0.644329727 0.562806785
vt 0.640575767 0.563670039
vt 0.638665617 0.561308742
vt 0.645622373 0.557698309
vt 0.642649174 0.554023325
vt 0.639369965 0.55667609
vt 0.64848119 0.561232269
vt 0.646570385 0.565576613
vt 0.651115894 0.564489186
vt 0.639676094 0.550348282
vt 0.636841714 0.553550601
vt 0.652870417 0.559006929
vt 0.655798018 0.562625647
vt 0.649693847 0.555080235
vt 0.646390378 0.55099678
vt 0.64308691 0.546913207
vt 0.650449693 0.547712862
vt 0.653956652 0.552047908
vt 0.657329023 0.5562163
vt 0.646942854 0.543377697
vt 0.660436869 0.560058057
vt 0.658364058 0.565797687
vt 0.66316098 0.563425362
vt 0.664854169 0.556884766
vt 0.667631507 0.560317993
vt 0.661685467 0.552967787
vt 0.658247113 0.548717558
vt 0.665772319 0.549385905
vt 0.668880165 0.553227663
vt 0.671604216 0.556594968
vt 0.669910908 0.563135564
vt 0.673839748 0.559358418
vt 0.672360003 0.549227417
vt 0.674926162 0.552399278
vt 0.669432461 0.54560864
vt 0.662400007 0.545217454
vt 0.666255951 0.541681945
vt 0.672525465 0.54178077
vt 0.67516017 0.545037687
vt 0.669666588 0.538246989
vt 0.672501028 0.535044491
vt 0.674932361 0.538049817
vt 0.669972718 0.531919122
vt 0.666693628 0.534571886
vt 0.667444289 0.528793752
vt 0.668767035 0.524925232
vt 0.670677364 0.52728641
vt 0.665013194 0.525788367
vt 0.663720369 0.530896842
vt 0.662952363 0.537598372
vt 0.53381604 0.982083082
vt 0.53583163 0.98649621
vt 0.531942248 0.986976624
vt 0.529802501 0.982291758
vt 0.532594383 0.977238238
vt 0.528505802 0.977148414
vt 0.538408577 0.981404781
vt 0.532213569 0.972147822
vt 0.528101563 0.971744537
vt 0.537309051 0.977044582
vt 0.536966503 0.972463429
vt 0.532688379 0.967007637
vt 0.528605461 0.966287673
vt 0.537393808 0.967837334
vt 0.534000278 0.962015033
vt 0.529998243 0.960987508
vt 0.538574517 0.963344038
vt 0.536099315 0.957361817
vt 0.532226264 0.956047833
vt 0.540463388 0.959156275
vt 0.53890425 0.953227103
vt 0.535203993 0.951658309
vt 0.542987823 0.955435038
vt 0.542307615 0.949769437
vt 0.538817167 0.947987795
vt 0.546050847 0.952323377
vt 0.547298074 0.958197713
vt 0.549534619 0.949940681
vt 0.546178579 0.947121918
vt 0.549902856 0.955551386
vt 0.552865624 0.953525066
vt 0.556072414 0.952196598
vt 0.553305387 0.948378623
vt 0.556043446 0.957737267
vt 0.553715825 0.959329247
vt 0.558563113 0.95669353
vt 0.561177492 0.95623821
vt 0.559399962 0.951617062
vt 0.56068176 0.961696506
vt 0.558946252 0.962415516
vt 0.562482655 0.961382926
vt 0.562347174 0.967013419
vt 0.563786328 0.956388831
vt 0.562720358 0.95180887
vt 0.564279616 0.961486638
vt 0.563265264 0.966853559
vt 0.564181209 0.966906428
vt 0.566289365 0.957139552
vt 0.565906107 0.952764332
vt 0.566003621 0.962003767
vt 0.565060377 0.96717006
vt 0.56349498 0.972439706
vt 0.567588866 0.962914467
vt 0.568590343 0.958461642
vt 0.565868258 0.967634261
vt 0.566574275 0.968281329
vt 0.56897366 0.964183569
vt 0.567151308 0.96908623
vt 0.570105374 0.965762496
vt 0.567576826 0.970018148
vt 0.567834795 0.971041203
vt 0.56791532 0.972116053
vt 0.567814946 0.973201513
vt 0.567537904 0.9742558
vt 0.567094684 0.975238323
vt 0.566502333 0.976111472
vt 0.565783799 0.976841569
vt 0.564966381 0.977400601
vt 0.567422926 0.980975211
vt 0.565819502 0.982071817
vt 0.56408155 0.977767169
vt 0.564084053 0.982790768
vt 0.563163459 0.977927089
vt 0.562283039 0.983104348
vt 0.563502371 0.987317622
vt 0.560887754 0.987772942
vt 0.562247396 0.977874219
vt 0.560486078 0.983000636
vt 0.558278859 0.987622321
vt 0.559031248 0.991753221
vt 0.555710793 0.991561472
vt 0.561368525 0.977610588
vt 0.558762014 0.982483506
vt 0.555775881 0.986871481
vt 0.552524924 0.99060601
vt 0.560560346 0.977146268
vt 0.557177007 0.981572807
vt 0.553474784 0.98554951
vt 0.549596429 0.988923311
vt 0.559854269 0.976499259
vt 0.555791974 0.980303705
vt 0.551464319 0.983706951
vt 0.547037184 0.986578166
vt 0.545690417 0.991564631
vt 0.542681277 0.988807142
vt 0.559277475 0.975694358
vt 0.55466038 0.978724778
vt 0.549821436 0.981414735
vt 0.544946373 0.983660758
vt 0.540222406 0.985376596
vt 0.53856355 0.990307987
vt 0.543403566 0.980283082
vt 0.548609257 0.978760898
vt 0.553825617 0.976896763
vt 0.542468607 0.976574957
vt 0.547874749 0.975847483
vt 0.553319693 0.974890053
vt 0.558851898 0.97476244
vt 0.558593869 0.973739445
vt 0.558513641 0.972664475
vt 0.5531618 0.972781539
vt 0.547645748 0.972786486
vt 0.558613896 0.971579075
vt 0.660861611 0.527362823
vt 0.662772477 0.523018718
vt 0.658226907 0.524106085
vt 0.659649014 0.533514917
vt 0.656472266 0.529588223
vt 0.653544843 0.525969446
vt 0.658892989 0.540882409
vt 0.655386031 0.536547303
vt 0.654671371 0.544297576
vt 0.651095629 0.539877594
vt 0.652013779 0.532378793
vt 0.647657394 0.535627425
vt 0.648905933 0.528537154
vt 0.650978744 0.522797465
vt 0.646181881 0.525169849
vt 0.644488633 0.531710505
vt 0.641711235 0.528277218
vt 0.643570542 0.539209306
vt 0.640462697 0.535367608
vt 0.637738764 0.532000244
vt 0.639431894 0.525459707
vt 0.635503054 0.529236853
vt 0.63991034 0.542986631
vt 0.636982739 0.539367795
vt 0.634416819 0.536195934
vt 0.636817276 0.546814322
vt 0.634182692 0.543557405
vt 0.634410441 0.550545335
vt 0.918373406 0.708917081
vt 0.916927159 0.703945339
vt 0.92117244 0.704252362
vt 0.922590852 0.709128559
vt 0.919264078 0.714311779
vt 0.923464358 0.714419544
vt 0.913600266 0.709128559
vt 0.919564724 0.719921947
vt 0.923759341 0.719921947
vt 0.914473653 0.714419544
vt 0.914768755 0.719921947
vt 0.91926384 0.725532234
vt 0.923464358 0.725424469
vt 0.914473653 0.725424469
vt 0.918373406 0.730926812
vt 0.922590852 0.730715394
vt 0.913600266 0.730715394
vt 0.916927159 0.735898614
vt 0.92117244 0.73559159
vt 0.912181735 0.73559159
vt 0.910272837 0.739865601
vt 0.914980769 0.740256369
vt 0.905320406 0.738708496
vt 0.907118559 0.734682441
vt 0.908454776 0.730089188
vt 0.900313914 0.73682946
vt 0.90312922 0.74201262
vt 0.898342073 0.739803016
vt 0.893768728 0.73682946
vt 0.909277618 0.725105166
vt 0.901932359 0.733206093
vt 0.903134823 0.729072273
vt 0.909555495 0.719921947
vt 0.903875351 0.724586725
vt 0.909277558 0.714738846
vt 0.904125452 0.719921947
vt 0.897844851 0.727703631
vt 0.896822095 0.731219172
vt 0.895446062 0.734300554
vt 0.898474634 0.723888993
vt 0.891855538 0.738708496
vt 0.888082445 0.734682441
vt 0.889585614 0.733206093
vt 0.884917617 0.730089188
vt 0.885953069 0.729072213
vt 0.890903175 0.731219172
vt 0.886860728 0.727703631
vt 0.891984582 0.728798151
vt 0.887605429 0.726035953
vt 0.883473277 0.723888993
vt 0.883852959 0.723038852
vt 0.892788172 0.726035953
vt 0.888158858 0.724133372
vt 0.884135246 0.722068906
vt 0.89328295 0.723038852
vt 0.888499856 0.722068906
vt 0.884309053 0.721016467
vt 0.898687243 0.719921947
vt 0.893449903 0.719921947
vt 0.888614953 0.719921947
vt 0.884367585 0.719921947
vt 0.903875351 0.715257227
vt 0.898474634 0.715954959
vt 0.89328295 0.7168051
vt 0.888499856 0.717774987
vt 0.884309053 0.718827486
vt 0.908454776 0.709754825
vt 0.903134942 0.710771739
vt 0.888158858 0.715710521
vt 0.884135246 0.717774987
vt 0.892788172 0.713808
vt 0.897844851 0.712140322
vt 0.887605429 0.713808
vt 0.883853078 0.716805041
vt 0.891984582 0.711045802
vt 0.896822095 0.70862478
vt 0.901932359 0.706637859
vt 0.886860728 0.712140322
vt 0.883473277 0.715954959
vt 0.890903175 0.70862478
vt 0.895446062 0.705543399
vt 0.900314033 0.703014493
vt 0.905320406 0.701135397
vt 0.90312922 0.697831333
vt 0.898342073 0.700040936
vt 0.893768728 0.703014493
vt 0.907118559 0.705161512
vt 0.910272837 0.699978352
vt 0.889585793 0.706637859
vt 0.891855538 0.701135397
vt 0.885953069 0.710771739
vt 0.888082504 0.705161512
vt 0.884917617 0.709754765
vt 0.912181735 0.704252362
vt 0.914980769 0.699587584
vt 0.80033195 0.185712218
vt 0.80031836 0.186307669
vt 0.796714187 0.18598789
vt 0.803861856 0.185080826
vt 0.803617716 0.183920085
vt 0.803835392 0.18624866
vt 0.800207317 0.185120523
vt 0.803112149 0.182810843
vt 0.800167203 0.186883569
vt 0.803539038 0.187378466
vt 0.799949586 0.184554994
vt 0.799884439 0.187418103
vt 0.802984297 0.188426971
vt 0.799480736 0.187890708
vt 0.802192628 0.189353883
vt 0.798971951 0.188282967
vt 0.80119431 0.190123558
vt 0.798377156 0.188580155
vt 0.797719479 0.188770592
vt 0.79702425 0.188847125
vt 0.796318173 0.188806653
vt 0.79562819 0.188650906
vt 0.794980884 0.188385725
vt 0.79440105 0.188021302
vt 0.793911338 0.187571764
vt 0.793530285 0.187054396
vt 0.791267812 0.188728511
vt 0.790520251 0.187713504
vt 0.793272674 0.186488867
vt 0.790014744 0.186604261
vt 0.793148041 0.185897171
vt 0.789770603 0.185443461
vt 0.793161631 0.18530184
vt 0.789797127 0.184275746
vt 0.793312669 0.184725821
vt 0.790093482 0.183145821
vt 0.793595493 0.184191346
vt 0.790647984 0.182097316
vt 0.793999076 0.183718741
vt 0.791439712 0.181170464
vt 0.79450804 0.183326423
vt 0.79243803 0.180400729
vt 0.795102715 0.183029294
vt 0.793604732 0.179817855
vt 0.795760512 0.182838798
vt 0.794894516 0.179444313
vt 0.796455562 0.182762325
vt 0.79625845 0.179294229
vt 0.797161818 0.182802796
vt 0.797643721 0.179373562
vt 0.798997283 0.179679155
vt 0.798498988 0.183223665
vt 0.799078822 0.183588028
vt 0.799568534 0.184037685
vt 0.553358495 0.970652401
vt 0.542177141 0.972679079
vt 0.547931194 0.96969533
vt 0.54254055 0.968744874
vt 0.55889076 0.970524788
vt 0.55390197 0.968584418
vt 0.548720181 0.966693044
vt 0.543544888 0.964923561
vt 0.559333861 0.96943754
vt 0.554771364 0.966657043
vt 0.549982309 0.963895023
vt 0.545151174 0.961362362
vt 0.55166918 0.961408496
vt 0.555933177 0.964944303
vt 0.557342708 0.963512063
vt 0.559926271 0.968669116
vt 0.560645044 0.96793896
vt 0.561462283 0.967379928
f 1/1 2/2 3/3
f 4/4 3/3 2/2
f 2/2 5/5 4/4
f 2/2 1/1 6/6
f 7/7 6/6 1/1
f 5/5 2/2 8/8
f 6/6 8/8 2/2
f 8/8 9/9 5/5
f 10/10 5/5 9/9
f 9/9 11/11 10/10
f 8/8 6/6 12/12
f 7/7 12/12 6/6
f 9/9 8/8 13/13
f 12/12 13/13 8/8
f 11/11 9/9 14/14
f 13/13 14/14 9/9
f 14/14 15/15 11/11
f 13/13 12/12 16/16
f 7/7 16/16 12/12
f 14/14 13/13 17/17
f 16/16 17/17 13/13
f 15/15 14/14 18/18
f 17/17 18/18 14/14
f 18/18 19/19 15/15
f 17/17 16/16 20/20
f 7/7 20/20 16/16
f 18/18 17/17 21/21
f 20/20 21/21 17/17
f 19/19 18/18 22/22
f 21/21 22/22 18/18
f 23/23 24/24 25/25
f 26/26 25/25 24/24
f 25/25 26/26 27/27
f 24/24 28/28 26/26
f 27/27 29/29 25/25
f 23/23 25/25 29/29
f 29/29 27/27 30/30
f 28/28 24/24 31/31
f 23/23 31/31 24/24
f 31/31 32/32 28/28
f 30/30 33/33 29/29
f 23/23 29/29 33/33
f 33/33 30/30 34/34
f 32/32 31/31 35/35
f 23/23 35/35 31/31
f 35/35 36/36 32/32
f 36/36 35/35 37/37
f 23/23 37/37 35/35
f 37/37 38/38 36/36
f 38/38 37/37 39/39
f 23/23 39/39 37/37
f 39/39 40/40 38/38
f 23/23 41/41 39/39
f 23/23 42/42 41/41
f 23/23 43/43 42/42
f 23/23 44/44 43/43
f 23/23 45/45 44/44
f 23/23 46/46 45/45
f 23/23 47/47 46/46
f 23/23 48/48 47/47
f 23/23 49/49 48/48
f 50/50 48/48 49/49
f 49/49 51/51 50/50
f 51/51 49/49 52/52
f 23/23 52/52 49/49
f 52/52 53/53 51/51
f 52/52 54/54 53/53
f 54/54 52/52 55/55
f 23/23 55/55 52/52
f 55/55 56/56 54/54
f 56/56 55/55 57/57
f 23/23 57/57 55/55
f 57/57 58/58 56/56
f 58/58 57/57 59/59
f 23/23 59/59 57/57
f 59/59 60/60 58/58
f 60/60 59/59 61/61
f 23/23 61/61 59/59
f 61/61 62/62 60/60
f 62/62 61/61 63/63
f 23/23 63/63 61/61
f 63/63 64/64 62/62
f 64/64 63/63 65/65
f 23/23 65/65 63/63
f 65/65 66/66 64/64
f 23/23 67/67 65/65
f 66/66 65/65 67/67
f 64/64 66/66 68/68
f 68/68 69/69 64/64
f 67/67 70/70 66/66
f 71/71 68/68 66/66
f 66/66 70/70 71/71
f 70/70 67/67 72/72
f 23/23 72/72 67/67
f 73/73 71/71 70/70
f 72/72 74/74 70/70
f 70/70 74/74 73/73
f 74/74 72/72 75/75
f 23/23 75/75 72/72
f 76/76 73/73 74/74
f 75/75 77/77 74/74
f 74/74 77/77 76/76
f 77/77 75/75 78/78
f 23/23 78/78 75/75
f 79/79 76/76 77/77
f 78/78 80/80 77/77
f 77/77 80/80 79/79
f 80/80 78/78 81/81
f 23/23 81/81 78/78
f 82/82 79/79 80/80
f 81/81 83/83 80/80
f 80/80 83/83 82/82
f 83/83 81/81 84/84
f 23/23 84/84 81/81
f 23/23 33/33 84/84
f 85/85 84/84 33/33
f 33/33 34/34 85/85
f 84/84 85/85 83/83
f 86/86 87/87 88/88
f 89/89 90/90 91/91
f 92/92 91/91 90/90
f 86/86 89/89 93/93
f 91/91 93/93 89/89
f 87/87 86/86 94/94
f 93/93 94/94 86/86
f 94/94 95/95 87/87
f 91/91 92/92 96/96
f 97/97 96/96 92/92
f 93/93 91/91 98/98
f 96/96 98/98 91/91
f 94/94 93/93 99/99
f 98/98 99/99 93/93
f 95/95 94/94 100/100
f 99/99 100/100 94/94
f 100/100 101/101 95/95
f 96/96 97/97 102/102
f 103/103 102/102 97/97
f 102/102 103/103 104/104
f 102/102 105/105 96/96
f 98/98 96/96 105/105
f 104/104 106/106 102/102
f 105/105 102/102 106/106
f 105/105 107/107 98/98
f 99/99 98/98 107/107
f 106/106 108/108 105/105
f 107/107 105/105 108/108
f 106/106 104/104 109/109
f 110/110 109/109 104/104
f 109/109 110/110 111/111
f 111/111 112/112 109/109
f 109/109 113/113 106/106
f 113/113 109/109 112/112
f 108/108 106/106 113/113
f 112/112 114/114 113/113
f 113/113 115/115 108/108
f 115/115 113/113 114/114
f 116/116 108/108 115/115
f 108/108 116/116 107/107
f 114/114 117/117 115/115
f 117/117 114/114 118/118
f 118/118 119/119 117/117
f 120/120 115/115 117/117
f 115/115 120/120 116/116
f 121/121 117/117 119/119
f 117/117 121/121 120/120
f 119/119 122/122 121/121
f 123/123 107/107 116/116
f 107/107 123/123 99/99
f 100/100 99/99 123/123
f 116/116 124/124 123/123
f 124/124 116/116 120/120
f 123/123 125/125 100/100
f 125/125 123/123 124/124
f 101/101 100/100 125/125
f 125/125 126/126 101/101
f 126/126 125/125 127/127
f 124/124 127/127 125/125
f 127/127 128/128 126/126
f 120/120 129/129 124/124
f 127/127 124/124 129/129
f 129/129 120/120 121/121
f 128/128 127/127 130/130
f 129/129 130/130 127/127
f 130/130 131/131 128/128
f 121/121 132/132 129/129
f 130/130 129/129 132/132
f 132/132 121/121 122/122
f 131/131 130/130 133/133
f 132/132 133/133 130/130
f 133/133 134/134 131/131
f 122/122 135/135 132/132
f 133/133 132/132 135/135
f 135/135 122/122 136/136
f 135/135 137/137 133/133
f 136/136 138/138 135/135
f 137/137 135/135 138/138
f 138/138 139/139 137/137
f 22/22 140/140 19/19
f 21/21 20/20 141/141
f 7/7 141/141 20/20
f 22/22 21/21 142/142
f 141/141 142/142 21/21
f 140/140 22/22 143/143
f 142/142 143/143 22/22
f 143/143 144/144 140/140
f 142/142 141/141 145/145
f 7/7 145/145 141/141
f 143/143 142/142 146/146
f 145/145 146/146 142/142
f 146/146 147/147 143/143
f 146/146 145/145 148/148
f 7/7 148/148 145/145
f 148/148 149/149 146/146
f 149/149 148/148 150/150
f 7/7 150/150 148/148
f 150/150 151/151 149/149
f 7/7 152/152 150/150
f 7/7 153/153 152/152
f 7/7 154/154 153/153
f 7/7 155/155 154/154
f 7/7 156/156 155/155
f 7/7 157/157 156/156
f 7/7 158/158 157/157
f 7/7 159/159 158/158
f 7/7 160/160 159/159
f 161/161 159/159 160/160
f 160/160 162/162 161/161
f 162/162 160/160 163/163
f 7/7 163/163 160/160
f 163/163 164/164 162/162
f 164/164 163/163 165/165
f 7/7 165/165 163/163
f 165/165 166/166 164/164
f 167/167 164/164 166/166
f 166/166 168/168 167/167
f 166/166 165/165 169/169
f 7/7 169/169 165/165
f 168/168 166/166 170/170
f 169/169 170/170 166/166
f 170/170 171/171 168/168
f 172/172 168/168 171/171
f 171/171 173/173 172/172
f 170/170 169/169 174/174
f 7/7 174/174 169/169
f 171/171 170/170 175/175
f 174/174 175/175 170/170
f 173/173 171/171 176/176
f 175/175 176/176 171/171
f 176/176 177/177 173/173
f 175/175 174/174 178/178
f 7/7 178/178 174/174
f 176/176 175/175 179/179
f 178/178 179/179 175/175
f 177/177 176/176 180/180
f 179/179 180/180 176/176
f 180/180 181/181 177/177
f 179/179 178/178 182/182
f 7/7 182/182 178/178
f 180/180 179/179 183/183
f 182/182 183/183 179/179
f 181/181 180/180 184/184
f 183/183 184/184 180/180
f 183/183 182/182 185/185
f 7/7 185/185 182/182
f 184/184 183/183 186/186
f 185/185 186/186 183/183
f 184/184 187/187 181/181
f 188/188 181/181 187/187
f 187/187 189/189 188/188
f 187/187 184/184 190/190
f 186/186 190/190 184/184
f 189/189 187/187 191/191
f 190/190 191/191 187/187
f 186/186 185/185 192/192
f 7/7 192/192 185/185
f 190/190 186/186 193/193
f 192/192 193/193 186/186
f 7/7 194/194 192/192
f 193/193 192/192 194/194
f 7/7 195/195 194/194
f 7/7 196/196 195/195
f 197/197 195/195 196/196
f 198/198 194/194 195/195
f 195/195 197/197 198/198
f 194/194 198/198 193/193
f 193/193 199/199 190/190
f 199/199 193/193 198/198
f 191/191 190/190 199/199
f 200/200 198/198 197/197
f 198/198 200/200 199/199
f 197/197 201/201 200/200
f 202/202 200/200 201/201
f 203/203 199/199 200/200
f 200/200 202/202 203/203
f 199/199 203/203 191/191
f 204/204 203/203 202/202
f 205/205 191/191 203/203
f 203/203 204/204 205/205
f 191/191 205/205 189/189
f 206/206 205/205 204/204
f 207/207 189/189 205/205
f 205/205 206/206 207/207
f 208/208 206/206 209/209
f 209/209 210/210 208/208
f 210/210 209/209 211/211
f 211/211 212/212 210/210
f 204/204 209/209 206/206
f 212/212 211/211 213/213
f 213/213 214/214 212/212
f 215/215 211/211 209/209
f 209/209 204/204 215/215
f 216/216 213/213 211/211
f 211/211 215/215 216/216
f 214/214 213/213 217/217
f 217/217 218/218 214/214
f 213/213 216/216 219/219
f 219/219 217/217 213/213
f 218/218 217/217 220/220
f 220/220 221/221 218/218
f 217/217 219/219 222/222
f 222/222 220/220 217/217
f 221/221 220/220 223/223
f 223/223 224/224 221/221
f 220/220 222/222 225/225
f 225/225 223/223 220/220
f 224/224 223/223 226/226
f 226/226 227/227 224/224
f 223/223 225/225 228/228
f 228/228 226/226 223/223
f 227/227 226/226 229/229
f 229/229 230/230 227/227
f 226/226 228/228 231/231
f 231/231 229/229 226/226
f 232/232 228/228 225/225
f 229/229 231/231 233/233
f 233/233 234/234 229/229
f 10/10 231/231 228/228
f 228/228 232/232 10/10
f 11/11 233/233 231/231
f 231/231 10/10 11/11
f 233/233 11/11 15/15
f 15/15 235/235 233/233
f 225/225 236/236 232/232
f 236/236 225/225 222/222
f 5/5 10/10 232/232
f 222/222 237/237 236/236
f 237/237 222/222 219/219
f 4/4 232/232 236/236
f 232/232 4/4 5/5
f 238/238 236/236 237/237
f 236/236 238/238 4/4
f 219/219 239/239 237/237
f 239/239 219/219 216/216
f 237/237 240/240 238/238
f 240/240 237/237 239/239
f 3/3 4/4 238/238
f 241/241 238/238 240/240
f 238/238 241/241 3/3
f 216/216 242/242 239/239
f 242/242 216/216 215/215
f 239/239 243/243 240/240
f 243/243 239/239 242/242
f 240/240 244/244 241/241
f 244/244 240/240 243/243
f 215/215 202/202 242/242
f 202/202 215/215 204/204
f 242/242 201/201 243/243
f 201/201 242/242 202/202
f 243/243 245/245 244/244
f 245/245 243/243 201/201
f 246/246 241/241 244/244
f 247/247 244/244 245/245
f 244/244 247/247 246/246
f 241/241 246/246 248/248
f 248/248 3/3 241/241
f 7/7 246/246 247/247
f 7/7 248/248 246/246
f 245/245 196/196 247/247
f 7/7 247/247 196/196
f 196/196 245/245 197/197
f 201/201 197/197 245/245
f 3/3 248/248 1/1
f 7/7 1/1 248/248
f 249/249 110/110 250/250
f 250/250 251/251 249/249
f 251/251 250/250 252/252
f 252/252 253/253 251/251
f 104/104 250/250 110/110
f 253/253 252/252 254/254
f 254/254 255/255 253/253
f 103/103 252/252 250/250
f 250/250 104/104 103/103
f 256/256 254/254 252/252
f 252/252 103/103 256/256
f 255/255 254/254 257/257
f 257/257 258/258 255/255
f 254/254 256/256 259/259
f 259/259 257/257 254/254
f 258/258 257/257 260/260
f 260/260 261/261 258/258
f 257/257 259/259 262/262
f 262/262 260/260 257/257
f 261/261 260/260 263/263
f 263/263 264/264 261/261
f 260/260 262/262 265/265
f 265/265 263/263 260/260
f 263/263 265/265 266/266
f 266/266 267/267 263/263
f 268/268 266/266 265/265
f 269/269 265/265 262/262
f 265/265 269/269 268/268
f 262/262 270/270 269/269
f 270/270 262/262 259/259
f 271/271 268/268 269/269
f 272/272 273/273 268/268
f 268/268 271/271 272/272
f 274/274 272/272 271/271
f 259/259 275/275 270/270
f 275/275 259/259 256/256
f 276/276 269/269 270/270
f 269/269 276/276 271/271
f 277/277 270/270 275/275
f 270/270 277/277 276/276
f 256/256 97/97 275/275
f 97/97 256/256 103/103
f 275/275 92/92 277/277
f 92/92 275/275 97/97
f 278/278 271/271 276/276
f 271/271 278/278 274/274
f 279/279 276/276 277/277
f 276/276 279/279 278/278
f 90/90 277/277 92/92
f 277/277 90/90 279/279
f 280/280 281/281 274/274
f 274/274 282/282 280/280
f 282/282 274/274 278/278
f 283/283 280/280 282/282
f 282/282 284/284 283/283
f 278/278 285/285 282/282
f 284/284 282/282 285/285
f 285/285 278/278 279/279
f 285/285 286/286 284/284
f 279/279 287/287 285/285
f 286/286 285/285 287/287
f 287/287 279/279 90/90
f 287/287 288/288 286/286
f 289/289 286/286 288/288
f 288/288 88/88 289/289
f 288/288 287/287 89/89
f 90/90 89/89 287/287
f 88/88 288/288 86/86
f 89/89 86/86 288/288
f 290/290 291/291 292/292
f 292/292 293/293 290/290
f 294/294 295/295 292/292
f 292/292 296/296 294/294
f 296/296 292/292 291/291
f 297/297 294/294 296/296
f 291/291 298/298 296/296
f 298/298 291/291 299/299
f 296/296 300/300 297/297
f 300/300 296/296 298/298
f 301/301 302/302 297/297
f 297/297 303/303 301/301
f 303/303 297/297 300/300
f 304/304 301/301 303/303
f 299/299 305/305 298/298
f 306/306 307/307 304/304
f 304/304 308/308 306/306
f 305/305 299/299 309/309
f 303/303 310/310 304/304
f 308/308 304/304 310/310
f 310/310 303/303 311/311
f 300/300 311/311 303/303
f 310/310 312/312 308/308
f 313/313 308/308 312/312
f 312/312 314/314 313/313
f 312/312 310/310 315/315
f 311/311 315/315 310/310
f 314/314 312/312 316/316
f 315/315 316/316 312/312
f 316/316 317/317 314/314
f 318/318 314/314 317/317
f 317/317 319/319 318/318
f 311/311 300/300 320/320
f 298/298 320/320 300/300
f 320/320 298/298 305/305
f 320/320 321/321 311/311
f 315/315 311/311 321/321
f 305/305 322/322 320/320
f 321/321 320/320 322/322
f 321/321 323/323 315/315
f 316/316 315/315 323/323
f 322/322 324/324 321/321
f 323/323 321/321 324/324
f 322/322 305/305 325/325
f 309/309 325/325 305/305
f 325/325 309/309 326/326
f 326/326 327/327 325/325
f 325/325 328/328 322/322
f 328/328 325/325 327/327
f 324/324 322/322 328/328
f 327/327 329/329 328/328
f 329/329 327/327 330/330
f 330/330 331/331 329/329
f 332/332 328/328 329/329
f 328/328 332/332 324/324
f 333/333 329/329 331/331
f 329/329 333/333 332/332
f 331/331 334/334 333/333
f 334/334 331/331 335/335
f 335/335 336/336 334/334
f 337/337 324/324 332/332
f 324/324 337/337 323/323
f 338/338 332/332 333/333
f 332/332 338/338 337/337
f 339/339 333/333 334/334
f 333/333 339/339 338/338
f 340/340 334/334 336/336
f 334/334 340/340 339/339
f 336/336 341/341 340/340
f 341/341 336/336 342/342
f 342/342 343/343 341/341
f 344/344 340/340 341/341
f 341/341 345/345 344/344
f 346/346 339/339 340/340
f 340/340 344/344 346/346
f 339/339 346/346 347/347
f 347/347 338/338 339/339
f 348/348 344/344 345/345
f 345/345 349/349 348/348
f 350/350 346/346 344/344
f 344/344 348/348 350/350
f 351/351 347/347 346/346
f 346/346 350/350 351/351
f 338/338 347/347 352/352
f 352/352 337/337 338/338
f 347/347 351/351 353/353
f 353/353 352/352 347/347
f 354/354 350/350 348/348
f 348/348 355/355 354/354
f 356/356 351/351 350/350
f 350/350 354/354 356/356
f 357/357 353/353 351/351
f 351/351 356/356 357/357
f 358/358 356/356 354/354
f 359/359 357/357 356/356
f 356/356 358/358 359/359
f 357/357 359/359 360/360
f 354/354 361/361 358/358
f 361/361 354/354 355/355
f 355/355 362/362 361/361
f 363/363 358/358 361/361
f 361/361 364/364 363/363
f 360/360 365/365 357/357
f 353/353 357/357 365/365
f 365/365 360/360 366/366
f 366/366 319/319 365/365
f 365/365 367/367 353/353
f 367/367 365/365 319/319
f 352/352 353/353 367/367
f 319/319 317/317 367/367
f 367/367 368/368 352/352
f 368/368 367/367 317/317
f 337/337 352/352 368/368
f 317/317 316/316 368/368
f 368/368 323/323 337/337
f 323/323 368/368 316/316
f 369/369 370/370 371/371
f 371/371 372/372 369/369
f 373/373 371/371 370/370
f 371/371 373/373 374/374
f 374/374 375/375 371/371
f 370/370 376/376 373/373
f 376/376 370/370 377/377
f 377/377 378/378 376/376
f 379/379 376/376 378/378
f 378/378 380/380 379/379
f 381/381 373/373 376/376
f 376/376 379/379 381/381
f 382/382 374/374 373/373
f 373/373 381/381 382/382
f 375/375 374/374 383/383
f 383/383 384/384 375/375
f 374/374 382/382 385/385
f 385/385 383/383 374/374
f 384/384 383/383 386/386
f 386/386 387/387 384/384
f 383/383 385/385 388/388
f 388/388 386/386 383/383
f 389/389 385/385 382/382
f 386/386 388/388 390/390
f 390/390 391/391 386/386
f 392/392 388/388 385/385
f 385/385 389/389 392/392
f 393/393 390/390 388/388
f 388/388 392/392 393/393
f 390/390 393/393 394/394
f 394/394 395/395 390/390
f 396/396 394/394 393/393
f 394/394 396/396 397/397
f 397/397 398/398 394/394
f 393/393 399/399 396/396
f 399/399 393/393 392/392
f 400/400 396/396 399/399
f 392/392 401/401 399/399
f 401/401 392/392 389/389
f 399/399 402/402 400/400
f 402/402 399/399 401/401
f 403/403 400/400 402/402
f 402/402 404/404 403/403
f 401/401 405/405 402/402
f 404/404 402/402 405/405
f 389/389 406/406 401/401
f 405/405 401/401 406/406
f 405/405 407/407 404/404
f 408/408 404/404 407/407
f 406/406 409/409 405/405
f 407/407 405/405 409/409
f 406/406 389/389 410/410
f 382/382 410/410 389/389
f 410/410 382/382 381/381
f 410/410 411/411 406/406
f 409/409 406/406 411/411
f 381/381 412/412 410/410
f 411/411 410/410 412/412
f 412/412 381/381 379/379
f 379/379 413/413 412/412
f 413/413 379/379 380/380
f 412/412 414/414 411/411
f 414/414 412/412 413/413
f 411/411 415/415 409/409
f 415/415 411/411 414/414
f 416/416 409/409 415/415
f 409/409 416/416 407/407
f 380/380 417/417 413/413
f 417/417 380/380 418/418
f 418/418 419/419 417/417
f 420/420 413/413 417/417
f 413/413 420/420 414/414
f 421/421 417/417 419/419
f 417/417 421/421 420/420
f 419/419 422/422 421/421
f 423/423 414/414 420/420
f 414/414 423/423 415/415
f 424/424 420/420 421/421
f 420/420 424/424 423/423
f 425/425 421/421 422/422
f 421/421 425/425 424/424
f 422/422 426/426 425/425
f 426/426 422/422 427/427
f 427/427 428/428 426/426
f 429/429 425/425 426/426
f 426/426 430/430 429/429
f 431/431 424/424 425/425
f 425/425 429/429 431/431
f 424/424 431/431 432/432
f 432/432 423/423 424/424
f 433/433 431/431 429/429
f 429/429 434/434 433/433
f 435/435 432/432 431/431
f 431/431 433/433 435/435
f 436/436 435/435 433/433
f 433/433 437/437 436/436
f 435/435 436/436 438/438
f 438/438 439/439 435/435
f 432/432 435/435 439/439
f 439/439 438/438 440/440
f 423/423 432/432 441/441
f 439/439 441/441 432/432
f 441/441 415/415 423/423
f 415/415 441/441 416/416
f 441/441 439/439 442/442
f 440/440 442/442 439/439
f 442/442 416/416 441/441
f 440/440 443/443 444/444
f 444/444 445/445 440/440
f 442/442 440/440 445/445
f 445/445 446/446 442/442
f 416/416 442/442 446/446
f 446/446 445/445 447/447
f 446/446 407/407 416/416
f 447/447 408/408 446/446
f 407/407 446/446 408/408
f 448/448 449/449 450/450
f 450/450 451/451 448/448
f 450/450 449/449 452/452
f 451/451 450/450 453/453
f 453/453 454/454 451/451
f 452/452 455/455 450/450
f 453/453 450/450 455/455
f 454/454 453/453 456/456
f 456/456 457/457 454/454
f 455/455 458/458 453/453
f 456/456 453/453 458/458
f 457/457 456/456 459/459
f 459/459 460/460 457/457
f 458/458 461/461 456/456
f 459/459 456/456 461/461
f 460/460 459/459 462/462
f 462/462 463/463 460/460
f 461/461 464/464 459/459
f 462/462 459/459 464/464
f 463/463 462/462 465/465
f 465/465 466/466 463/463
f 464/464 467/467 462/462
f 465/465 462/462 467/467
f 466/466 465/465 468/468
f 468/468 469/469 466/466
f 469/469 468/468 470/470
f 470/470 471/471 469/469
f 468/468 465/465 472/472
f 467/467 472/472 465/465
f 470/470 468/468 473/473
f 472/472 473/473 468/468
f 473/473 474/474 470/470
f 475/475 472/472 467/467
f 476/476 473/473 472/472
f 472/472 475/475 476/476
f 473/473 476/476 477/477
f 477/477 474/474 473/473
f 467/467 478/478 475/475
f 478/478 467/467 464/464
f 474/474 477/477 479/479
f 479/479 480/480 474/474
f 464/464 481/481 478/478
f 481/481 464/464 461/461
f 480/480 479/479 482/482
f 482/482 483/483 480/480
f 461/461 484/484 481/481
f 484/484 461/461 458/458
f 478/478 481/481 485/485
f 481/481 484/484 486/486
f 486/486 485/485 481/481
f 458/458 487/487 484/484
f 487/487 458/458 455/455
f 488/488 486/486 484/484
f 484/484 487/487 488/488
f 485/485 489/489 478/478
f 475/475 478/478 489/489
f 490/490 485/485 486/486
f 489/489 491/491 475/475
f 476/476 475/475 491/491
f 492/492 489/489 485/485
f 485/485 490/490 492/492
f 493/493 491/491 489/489
f 489/489 492/492 493/493
f 491/491 494/494 476/476
f 477/477 476/476 494/494
f 491/491 493/493 495/495
f 495/495 494/494 491/491
f 494/494 496/496 477/477
f 479/479 477/477 496/496
f 494/494 495/495 497/497
f 497/497 496/496 494/494
f 496/496 498/498 479/479
f 496/496 497/497 499/499
f 499/499 498/498 496/496
f 482/482 479/479 498/498
f 498/498 499/499 500/500
f 500/500 501/501 498/498
f 498/498 501/501 482/482
f 502/502 482/482 501/501
f 501/501 503/503 502/502
f 504/504 499/499 497/497
f 497/497 505/505 504/504
f 505/505 497/497 495/495
f 506/506 504/504 505/505
f 505/505 507/507 506/506
f 495/495 508/508 505/505
f 507/507 505/505 508/508
f 508/508 495/495 493/493
f 508/508 509/509 507/507
f 510/510 507/507 509/509
f 493/493 511/511 508/508
f 509/509 508/508 511/511
f 511/511 493/493 492/492
f 509/509 512/512 510/510
f 513/513 510/510 512/512
f 512/512 514/514 513/513
f 512/512 509/509 515/515
f 511/511 515/515 509/509
f 514/514 512/512 516/516
f 515/515 516/516 512/512
f 492/492 517/517 511/511
f 515/515 511/511 517/517
f 517/517 492/492 490/490
f 516/516 515/515 518/518
f 517/517 518/518 515/515
f 516/516 519/519 514/514
f 520/520 514/514 519/519
f 519/519 521/521 520/520
f 519/519 516/516 522/522
f 518/518 522/522 516/516
f 521/521 519/519 523/523
f 522/522 523/523 519/519
f 523/523 524/524 521/521
f 518/518 517/517 525/525
f 490/490 525/525 517/517
f 522/522 518/518 526/526
f 525/525 526/526 518/518
f 523/523 522/522 527/527
f 526/526 527/527 522/522
f 524/524 523/523 528/528
f 527/527 528/528 523/523
f 528/528 529/529 524/524
f 525/525 490/490 530/530
f 486/486 530/530 490/490
f 530/530 486/486 488/488
f 530/530 531/531 525/525
f 526/526 525/525 531/531
f 488/488 532/532 530/530
f 531/531 530/530 532/532
f 531/531 533/533 526/526
f 527/527 526/526 533/533
f 532/532 534/534 531/531
f 533/533 531/531 534/534
f 532/532 488/488 535/535
f 535/535 488/488 487/487
f 534/534 532/532 536/536
f 535/535 536/536 532/532
f 533/533 537/537 527/527
f 528/528 527/527 537/537
f 534/534 538/538 533/533
f 537/537 533/533 538/538
f 536/536 539/539 534/534
f 538/538 534/534 539/539
f 537/537 540/540 528/528
f 529/529 528/528 540/540
f 540/540 541/541 529/529
f 540/540 537/537 542/542
f 538/538 542/542 537/537
f 541/541 540/540 543/543
f 542/542 543/543 540/540
f 543/543 544/544 541/541
f 542/542 538/538 545/545
f 539/539 545/545 538/538
f 543/543 542/542 546/546
f 545/545 546/546 542/542
f 544/544 543/543 547/547
f 546/546 547/547 543/543
f 547/547 548/548 544/544
f 547/547 546/546 549/549
f 549/549 550/550 547/547
f 551/551 549/549 546/546
f 546/546 545/545 551/551
f 552/552 551/551 545/545
f 545/545 539/539 552/552
f 551/551 552/552 553/553
f 553/553 554/554 551/551
f 555/555 553/553 552/552
f 556/556 552/552 539/539
f 552/552 556/556 555/555
f 539/539 536/536 556/556
f 557/557 556/556 536/536
f 536/536 535/535 557/557
f 558/558 555/555 556/556
f 556/556 557/557 558/558
f 555/555 558/558 559/559
f 559/559 560/560 555/555
f 557/557 535/535 561/561
f 487/487 561/561 535/535
f 455/455 561/561 487/487
f 561/561 455/455 452/452
f 561/561 562/562 557/557
f 452/452 562/562 561/561
f 558/558 557/557 562/562
f 562/562 452/452 563/563
f 562/562 564/564 558/558
f 563/563 564/564 562/562
f 559/559 558/558 564/564
f 564/564 563/563 565/565
f 565/565 566/566 564/564
f 564/564 566/566 559/559
f 567/567 559/559 566/566
f 566/566 568/568 567/567
f 85/85 34/34 569/569
f 83/83 85/85 570/570
f 569/569 570/570 85/85
f 570/570 82/82 83/83
f 571/571 570/570 569/569
f 572/572 82/82 570/570
f 570/570 571/571 572/572
f 82/82 572/572 573/573
f 573/573 79/79 82/82
f 569/569 574/574 571/571
f 574/574 569/569 575/575
f 79/79 573/573 576/576
f 576/576 76/76 79/79
f 575/575 577/577 574/574
f 577/577 575/575 578/578
f 578/578 579/579 577/577
f 76/76 576/576 580/580
f 580/580 73/73 76/76
f 73/73 580/580 581/581
f 581/581 71/71 73/73
f 580/580 576/576 582/582
f 71/71 581/581 583/583
f 583/583 68/68 71/71
f 581/581 580/580 584/584
f 582/582 584/584 580/580
f 583/583 581/581 585/585
f 584/584 585/585 581/581
f 68/68 583/583 586/586
f 586/586 69/69 68/68
f 585/585 587/587 583/583
f 586/586 583/583 587/587
f 69/69 586/586 588/588
f 588/588 589/589 69/69
f 587/587 590/590 586/586
f 588/588 586/586 590/590
f 589/589 588/588 591/591
f 591/591 592/592 589/589
f 590/590 593/593 588/588
f 591/591 588/588 593/593
f 594/594 590/590 587/587
f 593/593 595/595 591/591
f 596/596 591/591 595/595
f 597/597 595/595 593/593
f 598/598 593/593 590/590
f 593/593 598/598 597/597
f 590/590 594/594 598/598
f 599/599 597/597 598/598
f 598/598 600/600 599/599
f 600/600 598/598 594/594
f 595/595 597/597 601/601
f 595/595 602/602 596/596
f 601/601 602/602 595/595
f 603/603 596/596 602/602
f 602/602 601/601 604/604
f 602/602 605/605 603/603
f 604/604 605/605 602/602
f 606/606 603/603 605/605
f 605/605 604/604 607/607
f 605/605 608/608 606/606
f 607/607 608/608 605/605
f 594/594 609/609 600/600
f 610/610 600/600 609/609
f 609/609 611/611 610/610
f 609/609 594/594 612/612
f 587/587 612/612 594/594
f 612/612 587/587 585/585
f 612/612 613/613 609/609
f 611/611 609/609 613/613
f 585/585 614/614 612/612
f 613/613 612/612 614/614
f 614/614 585/585 584/584
f 613/613 615/615 611/611
f 616/616 611/611 615/615
f 615/615 617/617 616/616
f 615/615 613/613 618/618
f 614/614 618/618 613/613
f 617/617 615/615 619/619
f 618/618 619/619 615/615
f 619/619 620/620 617/617
f 618/618 614/614 621/621
f 584/584 621/621 614/614
f 621/621 584/584 582/582
f 621/621 622/622 618/618
f 619/619 618/618 622/622
f 620/620 619/619 623/623
f 622/622 623/623 619/619
f 623/623 624/624 620/620
f 622/622 621/621 625/625
f 582/582 625/625 621/621
f 623/623 622/622 626/626
f 625/625 626/626 622/622
f 624/624 623/623 627/627
f 626/626 627/627 623/623
f 627/627 628/628 624/624
f 625/625 582/582 629/629
f 629/629 582/582 576/576
f 576/576 573/573 629/629
f 629/629 630/630 625/625
f 626/626 625/625 630/630
f 631/631 629/629 573/573
f 630/630 629/629 631/631
f 573/573 572/572 631/631
f 630/630 632/632 626/626
f 627/627 626/626 632/632
f 631/631 633/633 630/630
f 632/632 630/630 633/633
f 634/634 631/631 572/572
f 633/633 631/631 634/634
f 572/572 571/571 634/634
f 628/628 627/627 635/635
f 632/632 635/635 627/627
f 635/635 636/636 628/628
f 633/633 637/637 632/632
f 635/635 632/632 637/637
f 636/636 635/635 638/638
f 637/637 638/638 635/635
f 638/638 639/639 636/636
f 637/637 633/633 640/640
f 634/634 640/640 633/633
f 638/638 637/637 641/641
f 640/640 641/641 637/637
f 639/639 638/638 642/642
f 641/641 642/642 638/638
f 642/642 643/643 639/639
f 643/643 642/642 644/644
f 644/644 645/645 643/643
f 642/642 641/641 646/646
f 646/646 644/644 642/642
f 641/641 640/640 647/647
f 647/647 646/646 641/641
f 640/640 634/634 648/648
f 648/648 647/647 640/640
f 648/648 634/634 571/571
f 571/571 574/574 648/648
f 649/649 648/648 574/574
f 647/647 648/648 649/649
f 574/574 577/577 649/649
f 646/646 647/647 650/650
f 649/649 650/650 647/647
f 644/644 646/646 651/651
f 650/650 651/651 646/646
f 651/651 652/652 644/644
f 653/653 649/649 577/577
f 650/650 649/649 653/653
f 577/577 579/579 653/653
f 651/651 650/650 654/654
f 653/653 654/654 650/650
f 654/654 655/655 651/651
f 656/656 653/653 579/579
f 654/654 653/653 656/656
f 579/579 657/657 656/656
f 656/656 658/658 654/654
f 659/659 656/656 657/657
f 658/658 656/656 659/659
f 657/657 660/660 659/659
f 659/659 661/661 658/658
f 662/662 659/659 660/660
f 661/661 659/659 662/662
f 660/660 663/663 662/662
f 662/662 664/664 661/661
f 665/665 666/666 667/667
f 668/668 667/667 666/666
f 666/666 669/669 668/668
f 667/667 670/670 665/665
f 671/671 665/665 670/670
f 672/672 667/667 668/668
f 667/667 672/672 673/673
f 673/673 670/670 667/667
f 668/668 674/674 672/672
f 670/670 673/673 675/675
f 675/675 676/676 670/670
f 670/670 676/676 671/671
f 677/677 671/671 676/676
f 676/676 678/678 677/677
f 679/679 677/677 678/678
f 678/678 680/680 679/679
f 674/674 668/668 681/681
f 681/681 682/682 674/674
f 681/681 668/668 669/669
f 669/669 683/683 681/681
f 684/684 681/681 683/683
f 683/683 685/685 684/684
f 686/686 684/684 685/685
f 685/685 687/687 686/686
f 688/688 689/689 690/690
f 690/690 691/691 688/688
f 692/692 688/688 691/691
f 691/691 693/693 692/692
f 694/694 692/692 693/693
f 693/693 695/695 694/694
f 696/696 694/694 695/695
f 697/697 695/695 693/693
f 693/693 698/698 697/697
f 695/695 697/697 699/699
f 695/695 700/700 696/696
f 699/699 700/700 695/695
f 701/701 696/696 700/700
f 700/700 699/699 702/702
f 700/700 703/703 701/701
f 702/702 703/703 700/700
f 703/703 702/702 704/704
f 705/705 701/701 703/703
f 704/704 706/706 703/703
f 703/703 706/706 705/705
f 707/707 705/705 706/706
f 706/706 708/708 707/707
f 709/709 707/707 708/708
f 708/708 710/710 709/709
f 711/711 712/712 713/713
f 712/712 711/711 714/714
f 714/714 715/715 712/712
f 713/713 716/716 711/711
f 714/714 711/711 717/717
f 718/718 717/717 711/711
f 711/711 716/716 718/718
f 717/717 719/719 714/714
f 720/720 718/718 716/716
f 716/716 713/713 721/721
f 716/716 722/722 720/720
f 721/721 722/722 716/716
f 722/722 721/721 723/723
f 723/723 724/724 722/722
f 724/724 723/723 725/725
f 725/725 726/726 724/724
f 727/727 714/714 719/719
f 715/715 714/714 727/727
f 719/719 728/728 727/727
f 727/727 729/729 715/715
f 729/729 727/727 730/730
f 730/730 731/731 729/729
f 731/731 730/730 732/732
f 732/732 733/733 731/731
f 734/734 735/735 736/736
f 736/736 737/737 734/734
f 737/737 736/736 738/738
f 738/738 739/739 737/737
f 739/739 738/738 740/740
f 740/740 741/741 739/739
f 741/741 740/740 742/742
f 739/739 741/741 743/743
f 743/743 744/744 739/739
f 745/745 743/743 741/741
f 742/742 746/746 741/741
f 741/741 746/746 745/745
f 746/746 742/742 747/747
f 748/748 745/745 746/746
f 747/747 749/749 746/746
f 746/746 749/749 748/748
f 750/750 748/748 749/749
f 749/749 747/747 751/751
f 749/749 752/752 750/750
f 751/751 752/752 749/749
f 752/752 751/751 753/753
f 753/753 754/754 752/752
f 754/754 753/753 755/755
f 755/755 756/756 754/754
f 757/757 758/758 759/759
f 760/760 759/759 761/761
f 759/759 760/760 757/757
f 761/761 762/762 760/760
f 757/757 760/760 763/763
f 760/760 762/762 764/764
f 764/764 763/763 760/760
f 763/763 765/765 757/757
f 766/766 757/757 765/765
f 767/767 763/763 764/764
f 765/765 768/768 766/766
f 769/769 766/766 768/768
f 768/768 770/770 769/769
f 771/771 765/765 763/763
f 763/763 767/767 771/771
f 772/772 768/768 765/765
f 765/765 771/771 772/772
f 773/773 770/770 768/768
f 768/768 772/772 773/773
f 770/770 773/773 774/774
f 774/774 775/775 770/770
f 773/773 772/772 776/776
f 775/775 774/774 777/777
f 777/777 778/778 775/775
f 774/774 773/773 779/779
f 776/776 779/779 773/773
f 777/777 774/774 780/780
f 779/779 780/780 774/774
f 780/780 781/781 777/777
f 778/778 777/777 782/782
f 782/782 777/777 781/781
f 782/782 783/783 778/778
f 781/781 784/784 782/782
f 779/779 776/776 785/785
f 785/785 786/786 779/779
f 787/787 776/776 772/772
f 772/772 771/771 787/787
f 788/788 785/785 776/776
f 776/776 787/787 788/788
f 785/785 788/788 789/789
f 789/789 790/790 785/785
f 791/791 787/787 771/771
f 771/771 767/767 791/791
f 792/792 788/788 787/787
f 787/787 791/791 792/792
f 793/793 789/789 788/788
f 788/788 792/792 793/793
f 789/789 793/793 794/794
f 794/794 795/795 789/789
f 796/796 794/794 793/793
f 793/793 797/797 796/796
f 797/797 793/793 792/792
f 798/798 796/796 797/797
f 799/799 792/792 791/791
f 792/792 799/799 797/797
f 797/797 800/800 798/798
f 800/800 797/797 799/799
f 801/801 798/798 800/800
f 791/791 802/802 799/799
f 802/802 791/791 767/767
f 799/799 803/803 800/800
f 803/803 799/799 802/802
f 800/800 804/804 801/801
f 804/804 800/800 803/803
f 805/805 801/801 804/804
f 767/767 806/806 802/802
f 764/764 806/806 767/767
f 802/802 807/807 803/803
f 807/807 802/802 806/806
f 803/803 808/808 804/804
f 808/808 803/803 807/807
f 804/804 809/809 805/805
f 809/809 804/804 808/808
f 810/810 805/805 809/809
f 806/806 764/764 811/811
f 811/811 764/764 762/762
f 762/762 812/812 811/811
f 811/811 813/813 806/806
f 806/806 813/813 807/807
f 814/814 811/811 812/812
f 813/813 811/811 814/814
f 812/812 815/815 814/814
f 816/816 807/807 813/813
f 807/807 816/816 808/808
f 814/814 817/817 813/813
f 813/813 817/817 816/816
f 818/818 814/814 815/815
f 817/817 814/814 818/818
f 815/815 819/819 818/818
f 820/820 808/808 816/816
f 808/808 820/820 809/809
f 821/821 816/816 817/817
f 816/816 821/821 820/820
f 818/818 822/822 817/817
f 817/817 822/822 821/821
f 823/823 818/818 819/819
f 822/822 818/818 823/823
f 819/819 824/824 823/823
f 825/825 809/809 820/820
f 809/809 825/825 810/810
f 826/826 810/810 825/825
f 820/820 827/827 825/825
f 827/827 820/820 821/821
f 825/825 828/828 826/826
f 828/828 825/825 827/827
f 829/829 826/826 828/828
f 828/828 830/830 829/829
f 827/827 831/831 828/828
f 830/830 828/828 831/831
f 821/821 832/832 827/827
f 831/831 827/827 832/832
f 832/832 821/821 822/822
f 831/831 833/833 830/830
f 834/834 830/830 833/833
f 833/833 835/835 834/834
f 833/833 831/831 836/836
f 832/832 836/836 831/831
f 835/835 833/833 837/837
f 836/836 837/837 833/833
f 822/822 838/838 832/832
f 836/836 832/832 838/838
f 823/823 838/838 822/822
f 837/837 836/836 839/839
f 838/838 839/839 836/836
f 838/838 823/823 840/840
f 840/840 839/839 838/838
f 840/840 823/823 824/824
f 824/824 841/841 840/840
f 842/842 840/840 841/841
f 839/839 840/840 842/842
f 841/841 843/843 842/842
f 839/839 844/844 837/837
f 842/842 844/844 839/839
f 845/845 842/842 843/843
f 844/844 842/842 845/845
f 843/843 846/846 845/845
f 847/847 837/837 844/844
f 837/837 847/847 835/835
f 848/848 835/835 847/847
f 847/847 849/849 848/848
f 844/844 850/850 847/847
f 849/849 847/847 850/850
f 845/845 850/850 844/844
f 851/851 845/845 846/846
f 850/850 845/845 851/851
f 846/846 852/852 851/851
f 850/850 853/853 849/849
f 851/851 853/853 850/850
f 854/854 849/849 853/853
f 853/853 851/851 855/855
f 853/853 856/856 854/854
f 855/855 856/856 853/853
f 857/857 854/854 856/856
f 856/856 855/855 858/858
f 856/856 859/859 857/857
f 858/858 859/859 856/856
f 860/860 857/857 859/859
f 859/859 858/858 861/861
f 859/859 862/862 860/860
f 861/861 862/862 859/859
f 863/863 864/864 865/865
f 865/865 866/866 863/863
f 867/867 868/868 865/865
f 866/866 865/865 868/868
f 869/869 870/870 867/867
f 868/868 867/867 870/870
f 868/868 871/871 866/866
f 872/872 866/866 871/871
f 871/871 873/873 872/872
f 871/871 868/868 874/874
f 870/870 874/874 868/868
f 873/873 871/871 875/875
f 874/874 875/875 871/871
f 875/875 876/876 873/873
f 874/874 870/870 877/877
f 875/875 874/874 878/878
f 877/877 878/878 874/874
f 878/878 879/879 875/875
f 876/876 875/875 879/879
f 870/870 869/869 880/880
f 880/880 877/877 870/870
f 881/881 880/880 869/869
f 878/878 877/877 882/882
f 880/880 881/881 883/883
f 884/884 883/883 881/881
f 883/883 884/884 885/885
f 885/885 886/886 883/883
f 883/883 887/887 880/880
f 877/877 880/880 887/887
f 887/887 883/883 886/886
f 887/887 882/882 877/877
f 886/886 888/888 887/887
f 882/882 887/887 888/888
f 888/888 889/889 882/882
f 890/890 882/882 889/889
f 882/882 890/890 878/878
f 889/889 891/891 890/890
f 879/879 878/878 890/890
f 892/892 890/890 891/891
f 890/890 892/892 879/879
f 891/891 893/893 892/892
f 894/894 879/879 892/892
f 879/879 894/894 876/876
f 895/895 876/876 894/894
f 894/894 896/896 895/895
f 892/892 897/897 894/894
f 896/896 894/894 897/897
f 897/897 892/892 893/893
f 897/897 898/898 896/896
f 893/893 899/899 897/897
f 898/898 897/897 899/899
f 900/900 899/899 893/893
f 899/899 900/900 901/901
f 899/899 902/902 898/898
f 901/901 902/902 899/899
f 903/903 898/898 902/902
f 902/902 904/904 903/903
f 902/902 901/901 905/905
f 905/905 904/904 902/902
f 905/905 901/901 906/906
f 906/906 907/907 905/905
f 904/904 905/905 908/908
f 908/908 909/909 904/904
f 910/910 911/911 912/912
f 912/912 913/913 910/910
f 910/910 914/914 915/915
f 915/915 916/916 910/910
f 911/911 910/910 916/916
f 916/916 915/915 917/917
f 916/916 918/918 911/911
f 919/919 911/911 918/918
f 917/917 920/920 916/916
f 918/918 916/916 920/920
f 918/918 921/921 919/919
f 922/922 919/919 921/921
f 920/920 923/923 918/918
f 921/921 918/918 923/923
f 921/921 924/924 922/922
f 925/925 922/922 924/924
f 924/924 926/926 925/925
f 924/924 921/921 927/927
f 923/923 927/927 921/921
f 926/926 924/924 928/928
f 927/927 928/928 924/924
f 928/928 929/929 926/926
f 930/930 926/926 929/929
f 929/929 931/931 930/930
f 929/929 928/928 932/932
f 931/931 929/929 933/933
f 932/932 933/933 929/929
f 933/933 934/934 931/931
f 935/935 931/931 934/934
f 934/934 936/936 935/935
f 928/928 927/927 937/937
f 937/937 932/932 928/928
f 938/938 937/937 927/927
f 927/927 923/923 938/938
f 932/932 937/937 939/939
f 940/940 938/938 923/923
f 923/923 920/920 940/940
f 937/937 938/938 941/941
f 941/941 939/939 937/937
f 938/938 940/940 942/942
f 942/942 941/941 938/938
f 943/943 940/940 920/920
f 920/920 917/917 943/943
f 944/944 943/943 917/917
f 917/917 945/945 944/944
f 943/943 944/944 946/946
f 940/940 943/943 947/947
f 947/947 942/942 940/940
f 946/946 947/947 943/943
f 946/946 948/948 949/949
f 949/949 950/950 946/946
f 947/947 946/946 950/950
f 950/950 951/951 947/947
f 942/942 947/947 951/951
f 951/951 950/950 952/952
f 952/952 953/953 951/951
f 951/951 954/954 942/942
f 954/954 951/951 953/953
f 941/941 942/942 954/954
f 953/953 955/955 954/954
f 955/955 953/953 956/956
f 954/954 957/957 941/941
f 957/957 954/954 955/955
f 939/939 941/941 957/957
f 956/956 958/958 955/955
f 959/959 955/955 958/958
f 955/955 959/959 957/957
f 958/958 960/960 959/959
f 960/960 958/958 961/961
f 961/961 962/962 960/960
f 957/957 963/963 939/939
f 963/963 957/957 959/959
f 964/964 939/939 963/963
f 939/939 964/964 932/932
f 933/933 932/932 964/964
f 965/965 960/960 962/962
f 962/962 966/966 965/965
f 967/967 959/959 960/960
f 959/959 967/967 963/963
f 960/960 965/965 967/967
f 964/964 968/968 933/933
f 963/963 969/969 964/964
f 969/969 963/963 967/967
f 968/968 964/964 969/969
f 934/934 933/933 968/968
f 970/970 967/967 965/965
f 967/967 970/970 969/969
f 971/971 965/965 966/966
f 965/965 971/971 970/970
f 966/966 972/972 971/971
f 968/968 973/973 934/934
f 936/936 934/934 973/973
f 969/969 974/974 968/968
f 974/974 969/969 970/970
f 973/973 968/968 974/974
f 973/973 975/975 936/936
f 976/976 936/936 975/975
f 975/975 977/977 976/976
f 975/975 973/973 978/978
f 974/974 978/978 973/973
f 978/978 979/979 975/975
f 970/970 980/980 974/974
f 978/978 974/974 980/980
f 980/980 970/970 971/971
f 979/979 978/978 981/981
f 980/980 981/981 978/978
f 981/981 982/982 979/979
f 971/971 983/983 980/980
f 981/981 980/980 983/983
f 983/983 971/971 972/972
f 983/983 984/984 981/981
f 972/972 985/985 983/983
f 984/984 983/983 985/985
f 985/985 986/986 984/984
f 985/985 972/972 987/987
f 987/987 988/988 985/985
f 989/989 990/990 991/991
f 991/991 992/992 989/989
f 993/993 990/990 989/989
f 994/994 989/989 992/992
f 992/992 995/995 994/994
f 989/989 996/996 993/993
f 996/996 989/989 994/994
f 997/997 994/994 995/995
f 995/995 998/998 997/997
f 994/994 999/999 996/996
f 999/999 994/994 997/997
f 1000/1000 997/997 998/998
f 998/998 1001/1001 1000/1000
f 997/997 1002/1002 999/999
f 1002/1002 997/997 1000/1000
f 1003/1003 1000/1000 1001/1001
f 1001/1001 1004/1004 1003/1003
f 1000/1000 1005/1005 1002/1002
f 1005/1005 1000/1000 1003/1003
f 1006/1006 1003/1003 1004/1004
f 1004/1004 1007/1007 1006/1006
f 1003/1003 1008/1008 1005/1005
f 1008/1008 1003/1003 1006/1006
f 1009/1009 1006/1006 1007/1007
f 1007/1007 1010/1010 1009/1009
f 1011/1011 1009/1009 1010/1010
f 1010/1010 1012/1012 1011/1011
f 1013/1013 1006/1006 1009/1009
f 1006/1006 1013/1013 1008/1008
f 1014/1014 1009/1009 1011/1011
f 1009/1009 1014/1014 1013/1013
f 1011/1011 1015/1015 1014/1014
f 1008/1008 1013/1013 1016/1016
f 1013/1013 1014/1014 1017/1017
f 1017/1017 1016/1016 1013/1013
f 1014/1014 1015/1015 900/900
f 900/900 1017/1017 1014/1014
f 901/901 900/900 1015/1015
f 1015/1015 906/906 901/901
f 893/893 1017/1017 900/900
f 1016/1016 1018/1018 1008/1008
f 1005/1005 1008/1008 1018/1018
f 891/891 1016/1016 1017/1017
f 1017/1017 893/893 891/891
f 889/889 1018/1018 1016/1016
f 1016/1016 891/891 889/889
f 1018/1018 1019/1019 1005/1005
f 1002/1002 1005/1005 1019/1019
f 1018/1018 889/889 888/888
f 888/888 1019/1019 1018/1018
f 1019/1019 1020/1020 1002/1002
f 999/999 1002/1002 1020/1020
f 1019/1019 888/888 886/886
f 886/886 1020/1020 1019/1019
f 1020/1020 1021/1021 999/999
f 996/996 999/999 1021/1021
f 1020/1020 886/886 885/885
f 885/885 1021/1021 1020/1020
f 1021/1021 1022/1022 996/996
f 993/993 996/996 1022/1022
f 1021/1021 885/885 1023/1023
f 1023/1023 1022/1022 1021/1021
f 1022/1022 1024/1024 993/993
f 1025/1025 993/993 1024/1024
f 1022/1022 1023/1023 1026/1026
f 1026/1026 1024/1024 1022/1022
f 1024/1024 1027/1027 1025/1025
f 1028/1028 1025/1025 1027/1027
f 1027/1027 1029/1029 1028/1028
f 1030/1030 1031/1031 1029/1029
f 1029/1029 1032/1032 1030/1030
f 1032/1032 1029/1029 1027/1027
f 1033/1033 1027/1027 1024/1024
f 1027/1027 1033/1033 1032/1032
f 1024/1024 1026/1026 1033/1033
f 1032/1032 1033/1033 1034/1034
f 1034/1034 1035/1035 1032/1032
f 1033/1033 1026/1026 1036/1036
f 1036/1036 1034/1034 1033/1033
f 1037/1037 1036/1036 1026/1026
f 1026/1026 1023/1023 1037/1037
f 1034/1034 1036/1036 1038/1038
f 1038/1038 1039/1039 1034/1034
f 1036/1036 1037/1037 1040/1040
f 1040/1040 1038/1038 1036/1036
f 884/884 1037/1037 1023/1023
f 1023/1023 885/885 884/884
f 1041/1041 1040/1040 1037/1037
f 1037/1037 884/884 1041/1041
f 1039/1039 1038/1038 1042/1042
f 1042/1042 1043/1043 1039/1039
f 1038/1038 1040/1040 1044/1044
f 1044/1044 1042/1042 1038/1038
f 1040/1040 1041/1041 1045/1045
f 1045/1045 1044/1044 1040/1040
f 1042/1042 1044/1044 1046/1046
f 1046/1046 1047/1047 1042/1042
f 1044/1044 1045/1045 1048/1048
f 1048/1048 1046/1046 1044/1044
f 1047/1047 1046/1046 1049/1049
f 1049/1049 1050/1050 1047/1047
f 1046/1046 1048/1048 1051/1051
f 1051/1051 1049/1049 1046/1046
f 1049/1049 1051/1051 1052/1052
f 1052/1052 1053/1053 1049/1049
f 1054/1054 1052/1052 1051/1051
f 1051/1051 1055/1055 1054/1054
f 1055/1055 1051/1051 1048/1048
f 1056/1056 1054/1054 1055/1055
f 1048/1048 1057/1057 1055/1055
f 1057/1057 1048/1048 1045/1045
f 1055/1055 1058/1058 1056/1056
f 1058/1058 1055/1055 1057/1057
f 1059/1059 1056/1056 1058/1058
f 1045/1045 1060/1060 1057/1057
f 1060/1060 1045/1045 1041/1041
f 1057/1057 1061/1061 1058/1058
f 1061/1061 1057/1057 1060/1060
f 1058/1058 1062/1062 1059/1059
f 1062/1062 1058/1058 1061/1061
f 864/864 1059/1059 1062/1062
f 1041/1041 881/881 1060/1060
f 881/881 1041/1041 884/884
f 1060/1060 869/869 1061/1061
f 869/869 1060/1060 881/881
f 1061/1061 867/867 1062/1062
f 867/867 1061/1061 869/869
f 1062/1062 865/865 864/864
f 865/865 1062/1062 867/867
f 1063/1063 1064/1064 1065/1065
f 1065/1065 1066/1066 1063/1063
f 1064/1064 1063/1063 1067/1067
f 1068/1068 1067/1067 1063/1063
f 1063/1063 1069/1069 1068/1068
f 1067/1067 1070/1070 1064/1064
f 1071/1071 1064/1064 1070/1070
f 1070/1070 1072/1072 1071/1071
f 1073/1073 1068/1068 1069/1069
f 1069/1069 1074/1074 1073/1073
f 1072/1072 1070/1070 1075/1075
f 1075/1075 1076/1076 1072/1072
f 1070/1070 1067/1067 1077/1077
f 1077/1077 1075/1075 1070/1070
f 1067/1067 1068/1068 1078/1078
f 1078/1078 1077/1077 1067/1067
f 1079/1079 1078/1078 1068/1068
f 1068/1068 1073/1073 1079/1079
f 1077/1077 1078/1078 1080/1080
f 1075/1075 1077/1077 1081/1081
f 1080/1080 1081/1081 1077/1077
f 1081/1081 1082/1082 1075/1075
f 1076/1076 1075/1075 1082/1082
f 1078/1078 1079/1079 1083/1083
f 1083/1083 1080/1080 1078/1078
f 1082/1082 1084/1084 1076/1076
f 1085/1085 1076/1076 1084/1084
f 1084/1084 1086/1086 1085/1085
f 1086/1086 1084/1084 1087/1087
f 1087/1087 1088/1088 1086/1086
f 1084/1084 1082/1082 1089/1089
f 1089/1089 1087/1087 1084/1084
f 1090/1090 1089/1089 1082/1082
f 1082/1082 1081/1081 1090/1090
f 1087/1087 1089/1089 1091/1091
f 1088/1088 1087/1087 1092/1092
f 1091/1091 1092/1092 1087/1087
f 1092/1092 1093/1093 1088/1088
f 1094/1094 1088/1088 1093/1093
f 1093/1093 1095/1095 1094/1094
f 1093/1093 1092/1092 1096/1096
f 1096/1096 1097/1097 1093/1093
f 1092/1092 1091/1091 1098/1098
f 1098/1098 1096/1096 1092/1092
f 1099/1099 1091/1091 1089/1089
f 1089/1089 1090/1090 1099/1099
f 1100/1100 1098/1098 1091/1091
f 1091/1091 1099/1099 1100/1100
f 1096/1096 1098/1098 1101/1101
f 1101/1101 1102/1102 1096/1096
f 1098/1098 1100/1100 1103/1103
f 1103/1103 1101/1101 1098/1098
f 1101/1101 1103/1103 1104/1104
f 1104/1104 1105/1105 1101/1101
f 1106/1106 1104/1104 1103/1103
f 1103/1103 1107/1107 1106/1106
f 1107/1107 1103/1103 1100/1100
f 1108/1108 1106/1106 1107/1107
f 1109/1109 1110/1110 1108/1108
f 1108/1108 1111/1111 1109/1109
f 1107/1107 1112/1112 1108/1108
f 1111/1111 1108/1108 1112/1112
f 1100/1100 1113/1113 1107/1107
f 1112/1112 1107/1107 1113/1113
f 1113/1113 1100/1100 1099/1099
f 1114/1114 1115/1115 1116/1116
f 1116/1116 1117/1117 1114/1114
f 1118/1118 1114/1114 1117/1117
f 1117/1117 1119/1119 1118/1118
f 1115/1115 1114/1114 1120/1120
f 1121/1121 1118/1118 1119/1119
f 1119/1119 1122/1122 1121/1121
f 1114/1114 1118/1118 1123/1123
f 1123/1123 1120/1120 1114/1114
f 1118/1118 1121/1121 1124/1124
f 1124/1124 1123/1123 1118/1118
f 1125/1125 1121/1121 1122/1122
f 1122/1122 1126/1126 1125/1125
f 1127/1127 1124/1124 1121/1121
f 1121/1121 1125/1125 1127/1127
f 1128/1128 1125/1125 1126/1126
f 1126/1126 1129/1129 1128/1128
f 1130/1130 1127/1127 1125/1125
f 1125/1125 1128/1128 1130/1130
f 1131/1131 1128/1128 1129/1129
f 1129/1129 1132/1132 1131/1131
f 1133/1133 1130/1130 1128/1128
f 1128/1128 1131/1131 1133/1133
f 1134/1134 1131/1131 1132/1132
f 1132/1132 1135/1135 1134/1134
f 1136/1136 1133/1133 1131/1131
f 1131/1131 1134/1134 1136/1136
f 1137/1137 1134/1134 1135/1135
f 1135/1135 1138/1138 1137/1137
f 1139/1139 1136/1136 1134/1134
f 1134/1134 1137/1137 1139/1139
f 1133/1133 1136/1136 1140/1140
f 1141/1141 1139/1139 1137/1137
f 1137/1137 1142/1142 1141/1141
f 1136/1136 1139/1139 1143/1143
f 1143/1143 1140/1140 1136/1136
f 1139/1139 1141/1141 1144/1144
f 1144/1144 1143/1143 1139/1139
f 1145/1145 1144/1144 1141/1141
f 1141/1141 1146/1146 1145/1145
f 1143/1143 1144/1144 1147/1147
f 1140/1140 1143/1143 1148/1148
f 1147/1147 1148/1148 1143/1143
f 1144/1144 1145/1145 1149/1149
f 1149/1149 1147/1147 1144/1144
f 1150/1150 1149/1149 1145/1145
f 1145/1145 1151/1151 1150/1150
f 1147/1147 1149/1149 1152/1152
f 1148/1148 1147/1147 1153/1153
f 1152/1152 1153/1153 1147/1147
f 1154/1154 1152/1152 1149/1149
f 1149/1149 1150/1150 1154/1154
f 1153/1153 1152/1152 1155/1155
f 1156/1156 1150/1150 1151/1151
f 1151/1151 1157/1157 1156/1156
f 1158/1158 1154/1154 1150/1150
f 1150/1150 1156/1156 1158/1158
f 1152/1152 1154/1154 1159/1159
f 1159/1159 1155/1155 1152/1152
f 1154/1154 1158/1158 1160/1160
f 1160/1160 1159/1159 1154/1154
f 1161/1161 1156/1156 1157/1157
f 1157/1157 1162/1162 1161/1161
f 1163/1163 1158/1158 1156/1156
f 1156/1156 1161/1161 1163/1163
f 1164/1164 1160/1160 1158/1158
f 1158/1158 1163/1163 1164/1164
f 1159/1159 1160/1160 1165/1165
f 1160/1160 1164/1164 1165/1165
f 1155/1155 1159/1159 1165/1165
f 1166/1166 1163/1163 1161/1161
f 1161/1161 1167/1167 1166/1166
f 1168/1168 1164/1164 1163/1163
f 1163/1163 1166/1166 1168/1168
f 1164/1164 1168/1168 1165/1165
f 1169/1169 1168/1168 1166/1166
f 1168/1168 1169/1169 1165/1165
f 1166/1166 1170/1170 1169/1169
f 1171/1171 1169/1169 1170/1170
f 1170/1170 1172/1172 1171/1171
f 1169/1169 1171/1171 1165/1165
f 1171/1171 1173/1173 1165/1165
f 1173/1173 1174/1174 1165/1165
f 1174/1174 1175/1175 1165/1165
f 1175/1175 1176/1176 1165/1165
f 1176/1176 1177/1177 1165/1165
f 1177/1177 1178/1178 1165/1165
f 1178/1178 1179/1179 1165/1165
f 1179/1179 1180/1180 1165/1165
f 1180/1180 1181/1181 1165/1165
f 1181/1181 1180/1180 1182/1182
f 1182/1182 1183/1183 1181/1181
f 1184/1184 1181/1181 1183/1183
f 1181/1181 1184/1184 1165/1165
f 1183/1183 1185/1185 1184/1184
f 1186/1186 1184/1184 1185/1185
f 1184/1184 1186/1186 1165/1165
f 1185/1185 1187/1187 1186/1186
f 1187/1187 1185/1185 1188/1188
f 1188/1188 1189/1189 1187/1187
f 1190/1190 1186/1186 1187/1187
f 1186/1186 1190/1190 1165/1165
f 1191/1191 1187/1187 1189/1189
f 1187/1187 1191/1191 1190/1190
f 1189/1189 1192/1192 1191/1191
f 1192/1192 1189/1189 1193/1193
f 1193/1193 1194/1194 1192/1192
f 1195/1195 1190/1190 1191/1191
f 1190/1190 1195/1195 1165/1165
f 1196/1196 1191/1191 1192/1192
f 1191/1191 1196/1196 1195/1195
f 1197/1197 1192/1192 1194/1194
f 1192/1192 1197/1197 1196/1196
f 1194/1194 1198/1198 1197/1197
f 1199/1199 1195/1195 1196/1196
f 1195/1195 1199/1199 1165/1165
f 1200/1200 1196/1196 1197/1197
f 1196/1196 1200/1200 1199/1199
f 1201/1201 1197/1197 1198/1198
f 1197/1197 1201/1201 1200/1200
f 1198/1198 1202/1202 1201/1201
f 1203/1203 1199/1199 1200/1200
f 1199/1199 1203/1203 1165/1165
f 1204/1204 1200/1200 1201/1201
f 1200/1200 1204/1204 1203/1203
f 1205/1205 1201/1201 1202/1202
f 1201/1201 1205/1205 1204/1204
f 1202/1202 1206/1206 1205/1205
f 1206/1206 1202/1202 1207/1207
f 1207/1207 1208/1208 1206/1206
f 1209/1209 1203/1203 1204/1204
f 1203/1203 1209/1209 1165/1165
f 1210/1210 1204/1204 1205/1205
f 1204/1204 1210/1210 1209/1209
f 1211/1211 1205/1205 1206/1206
f 1205/1205 1211/1211 1210/1210
f 1212/1212 1206/1206 1208/1208
f 1206/1206 1212/1212 1211/1211
f 1208/1208 1213/1213 1212/1212
f 1213/1213 1208/1208 1214/1214
f 1214/1214 1115/1115 1213/1213
f 1120/1120 1213/1213 1115/1115
f 1215/1215 1212/1212 1213/1213
f 1213/1213 1120/1120 1215/1215
f 1216/1216 1211/1211 1212/1212
f 1212/1212 1215/1215 1216/1216
f 1211/1211 1216/1216 1217/1217
f 1217/1217 1210/1210 1211/1211
f 1218/1218 1215/1215 1120/1120
f 1120/1120 1123/1123 1218/1218
f 1219/1219 1216/1216 1215/1215
f 1215/1215 1218/1218 1219/1219
f 1220/1220 1217/1217 1216/1216
f 1216/1216 1219/1219 1220/1220
f 1210/1210 1217/1217 1221/1221
f 1221/1221 1209/1209 1210/1210
f 1209/1209 1221/1221 1165/1165
f 1222/1222 1221/1221 1217/1217
f 1217/1217 1220/1220 1222/1222
f 1221/1221 1222/1222 1165/1165
f 1223/1223 1222/1222 1220/1220
f 1222/1222 1223/1223 1165/1165
f 1224/1224 1220/1220 1219/1219
f 1220/1220 1224/1224 1223/1223
f 1219/1219 1225/1225 1224/1224
f 1225/1225 1219/1219 1218/1218
f 1226/1226 1223/1223 1224/1224
f 1223/1223 1226/1226 1165/1165
f 1112/1112 1227/1227 1111/1111
f 1228/1228 1111/1111 1227/1227
f 1227/1227 1229/1229 1228/1228
f 1227/1227 1112/1112 1230/1230
f 1113/1113 1230/1230 1112/1112
f 1229/1229 1227/1227 1231/1231
f 1230/1230 1231/1231 1227/1227
f 1231/1231 1232/1232 1229/1229
f 1230/1230 1113/1113 1233/1233
f 1099/1099 1233/1233 1113/1113
f 1233/1233 1099/1099 1090/1090
f 1233/1233 1234/1234 1230/1230
f 1231/1231 1230/1230 1234/1234
f 1090/1090 1235/1235 1233/1233
f 1234/1234 1233/1233 1235/1235
f 1235/1235 1090/1090 1081/1081
f 1081/1081 1080/1080 1235/1235
f 1236/1236 1235/1235 1080/1080
f 1235/1235 1236/1236 1234/1234
f 1080/1080 1083/1083 1236/1236
f 1234/1234 1237/1237 1231/1231
f 1237/1237 1234/1234 1236/1236
f 1232/1232 1231/1231 1237/1237
f 1238/1238 1236/1236 1083/1083
f 1236/1236 1238/1238 1237/1237
f 1237/1237 1239/1239 1232/1232
f 1239/1239 1237/1237 1238/1238
f 1240/1240 1232/1232 1239/1239
f 1239/1239 1241/1241 1240/1240
f 1241/1241 1239/1239 1242/1242
f 1238/1238 1242/1242 1239/1239
f 1242/1242 1243/1243 1241/1241
f 1083/1083 1244/1244 1238/1238
f 1242/1242 1238/1238 1244/1244
f 1244/1244 1083/1083 1079/1079
f 1243/1243 1242/1242 1245/1245
f 1244/1244 1245/1245 1242/1242
f 1245/1245 1246/1246 1243/1243
f 1247/1247 1243/1243 1246/1246
f 1246/1246 1248/1248 1247/1247
f 1079/1079 1249/1249 1244/1244
f 1245/1245 1244/1244 1249/1249
f 1249/1249 1079/1079 1073/1073
f 1246/1246 1245/1245 1250/1250
f 1249/1249 1250/1250 1245/1245
f 1250/1250 1251/1251 1246/1246
f 1073/1073 1252/1252 1249/1249
f 1250/1250 1249/1249 1252/1252
f 1252/1252 1253/1253 1250/1250
f 1252/1252 1073/1073 1074/1074
f 1074/1074 1254/1254 1252/1252
f 1255/1255 1256/1256 1257/1257
f 1257/1257 1258/1258 1255/1255
f 1259/1259 1255/1255 1258/1258
f 1258/1258 1260/1260 1259/1259
f 1256/1256 1255/1255 1261/1261
f 1262/1262 1259/1259 1260/1260
f 1260/1260 1263/1263 1262/1262
f 1255/1255 1259/1259 1264/1264
f 1264/1264 1261/1261 1255/1255
f 1259/1259 1262/1262 1265/1265
f 1265/1265 1264/1264 1259/1259
f 1266/1266 1262/1262 1263/1263
f 1263/1263 1267/1267 1266/1266
f 1268/1268 1265/1265 1262/1262
f 1262/1262 1266/1266 1268/1268
f 1269/1269 1266/1266 1267/1267
f 1267/1267 1270/1270 1269/1269
f 1271/1271 1268/1268 1266/1266
f 1266/1266 1269/1269 1271/1271
f 1272/1272 1269/1269 1270/1270
f 1270/1270 1273/1273 1272/1272
f 1274/1274 1271/1271 1269/1269
f 1269/1269 1272/1272 1274/1274
f 1275/1275 1274/1274 1272/1272
f 1272/1272 1276/1276 1275/1275
f 1274/1274 1275/1275 1277/1277
f 1271/1271 1274/1274 1278/1278
f 1277/1277 1278/1278 1274/1274
f 1278/1278 1279/1279 1271/1271
f 1268/1268 1271/1271 1279/1279
f 1278/1278 1277/1277 1280/1280
f 1277/1277 1281/1281 1282/1282
f 1282/1282 1280/1280 1277/1277
f 1280/1280 1282/1282 1283/1283
f 1279/1279 1284/1284 1268/1268
f 1265/1265 1268/1268 1284/1284
f 1279/1279 1278/1278 1285/1285
f 1280/1280 1285/1285 1278/1278
f 1284/1284 1279/1279 1286/1286
f 1285/1285 1286/1286 1279/1279
f 1284/1284 1287/1287 1265/1265
f 1264/1264 1265/1265 1287/1287
f 1286/1286 1288/1288 1284/1284
f 1287/1287 1284/1284 1288/1288
f 1287/1287 1289/1289 1264/1264
f 1261/1261 1264/1264 1289/1289
f 1288/1288 1290/1290 1287/1287
f 1289/1289 1287/1287 1290/1290
f 1288/1288 1286/1286 1291/1291
f 1286/1286 1285/1285 1292/1292
f 1292/1292 1291/1291 1286/1286
f 1285/1285 1280/1280 1293/1293
f 1293/1293 1292/1292 1285/1285
f 1283/1283 1293/1293 1280/1280
f 1290/1290 1288/1288 1294/1294
f 1291/1291 1294/1294 1288/1288
f 1283/1283 1295/1295 1296/1296
f 1296/1296 1297/1297 1283/1283
f 1293/1293 1283/1283 1297/1297
f 1297/1297 1296/1296 1298/1298
f 1298/1298 1299/1299 1297/1297
f 1297/1297 1300/1300 1293/1293
f 1300/1300 1297/1297 1299/1299
f 1292/1292 1293/1293 1300/1300
f 1299/1299 1301/1301 1300/1300
f 1300/1300 1302/1302 1292/1292
f 1302/1302 1300/1300 1301/1301
f 1291/1291 1292/1292 1302/1302
f 1301/1301 1303/1303 1302/1302
f 1303/1303 1301/1301 1304/1304
f 1304/1304 1305/1305 1303/1303
f 1302/1302 1306/1306 1291/1291
f 1306/1306 1302/1302 1303/1303
f 1294/1294 1291/1291 1306/1306
f 1307/1307 1303/1303 1305/1305
f 1303/1303 1307/1307 1306/1306
f 1305/1305 1308/1308 1307/1307
f 1306/1306 1309/1309 1294/1294
f 1309/1309 1306/1306 1307/1307
f 1310/1310 1307/1307 1308/1308
f 1307/1307 1310/1310 1309/1309
f 1308/1308 1311/1311 1310/1310
f 1312/1312 1294/1294 1309/1309
f 1294/1294 1312/1312 1290/1290
f 1313/1313 1309/1309 1310/1310
f 1309/1309 1313/1313 1312/1312
f 1314/1314 1310/1310 1311/1311
f 1310/1310 1314/1314 1313/1313
f 1311/1311 1315/1315 1314/1314
f 1316/1316 1290/1290 1312/1312
f 1290/1290 1316/1316 1289/1289
f 1317/1317 1312/1312 1313/1313
f 1312/1312 1317/1317 1316/1316
f 1318/1318 1313/1313 1314/1314
f 1313/1313 1318/1318 1317/1317
f 1319/1319 1314/1314 1315/1315
f 1314/1314 1319/1319 1318/1318
f 1315/1315 1320/1320 1319/1319
f 1321/1321 1289/1289 1316/1316
f 1289/1289 1321/1321 1261/1261
f 1322/1322 1316/1316 1317/1317
f 1316/1316 1322/1322 1321/1321
f 1323/1323 1319/1319 1320/1320
f 1320/1320 1324/1324 1323/1323
f 1319/1319 1323/1323 1325/1325
f 1325/1325 1318/1318 1319/1319
f 1326/1326 1317/1317 1318/1318
f 1318/1318 1325/1325 1326/1326
f 1317/1317 1326/1326 1322/1322
f 1327/1327 1323/1323 1324/1324
f 1324/1324 1328/1328 1327/1327
f 1329/1329 1325/1325 1323/1323
f 1323/1323 1327/1327 1329/1329
f 1330/1330 1326/1326 1325/1325
f 1325/1325 1329/1329 1330/1330
f 1331/1331 1322/1322 1326/1326
f 1326/1326 1330/1330 1331/1331
f 1332/1332 1327/1327 1328/1328
f 1328/1328 1333/1333 1332/1332
f 1334/1334 1329/1329 1327/1327
f 1327/1327 1332/1332 1334/1334
f 1335/1335 1330/1330 1329/1329
f 1329/1329 1334/1334 1335/1335
f 1336/1336 1331/1331 1330/1330
f 1330/1330 1335/1335 1336/1336
f 1331/1331 1336/1336 1337/1337
f 1338/1338 1337/1337 1336/1336
f 1336/1336 1339/1339 1338/1338
f 1339/1339 1336/1336 1335/1335
f 1335/1335 1340/1340 1339/1339
f 1340/1340 1335/1335 1334/1334
f 1337/1337 1341/1341 1331/1331
f 1322/1322 1331/1331 1341/1341
f 1341/1341 1337/1337 1342/1342
f 1341/1341 1321/1321 1322/1322
f 1334/1334 1343/1343 1340/1340
f 1343/1343 1334/1334 1332/1332
f 1344/1344 1340/1340 1343/1343
f 1332/1332 1345/1345 1343/1343
f 1343/1343 1346/1346 1344/1344
f 1346/1346 1343/1343 1345/1345
f 1345/1345 1347/1347 1346/1346
f 1321/1321 1341/1341 1348/1348
f 1342/1342 1348/1348 1341/1341
f 1348/1348 1261/1261 1321/1321
f 1348/1348 1342/1342 1349/1349
f 1261/1261 1348/1348 1256/1256
f 1349/1349 1256/1256 1348/1348
f 1350/1350 1351/1351 1352/1352
f 1351/1351 1350/1350 1353/1353
f 1354/1354 1353/1353 1350/1350
f 1353/1353 1355/1355 1351/1351
f 1350/1350 1356/1356 1354/1354
f 1356/1356 1350/1350 1352/1352
f 1357/1357 1354/1354 1356/1356
f 1358/1358 1351/1351 1355/1355
f 1351/1351 1358/1358 1352/1352
f 1355/1355 1359/1359 1358/1358
f 1356/1356 1360/1360 1357/1357
f 1360/1360 1356/1356 1352/1352
f 758/758 1357/1357 1360/1360
f 1361/1361 1358/1358 1359/1359
f 1358/1358 1361/1361 1352/1352
f 1359/1359 1362/1362 1361/1361
f 1363/1363 1361/1361 1362/1362
f 1361/1361 1363/1363 1352/1352
f 1362/1362 1364/1364 1363/1363
f 1365/1365 1363/1363 1364/1364
f 1364/1364 1366/1366 1365/1365
f 1363/1363 1365/1365 1352/1352
f 1365/1365 1367/1367 1352/1352
f 1367/1367 1368/1368 1352/1352
f 1368/1368 1369/1369 1352/1352
f 1369/1369 1370/1370 1352/1352
f 1370/1370 1371/1371 1352/1352
f 1371/1371 1372/1372 1352/1352
f 1372/1372 1373/1373 1352/1352
f 1373/1373 1374/1374 1352/1352
f 1374/1374 1375/1375 1352/1352
f 1375/1375 1374/1374 1376/1376
f 1376/1376 1377/1377 1375/1375
f 1378/1378 1375/1375 1377/1377
f 1375/1375 1378/1378 1352/1352
f 1377/1377 1379/1379 1378/1378
f 1380/1380 1378/1378 1379/1379
f 1378/1378 1380/1380 1352/1352
f 1379/1379 1381/1381 1380/1380
f 1382/1382 1380/1380 1381/1381
f 1380/1380 1382/1382 1352/1352
f 1381/1381 1383/1383 1382/1382
f 1384/1384 1382/1382 1383/1383
f 1382/1382 1384/1384 1352/1352
f 1383/1383 1385/1385 1384/1384
f 1386/1386 1384/1384 1385/1385
f 1384/1384 1386/1386 1352/1352
f 1385/1385 1387/1387 1386/1386
f 1388/1388 1386/1386 1387/1387
f 1386/1386 1388/1388 1352/1352
f 1387/1387 1389/1389 1388/1388
f 1390/1390 1388/1388 1389/1389
f 1388/1388 1390/1390 1352/1352
f 1389/1389 1391/1391 1390/1390
f 1392/1392 1390/1390 1391/1391
f 1390/1390 1392/1392 1352/1352
f 1391/1391 1393/1393 1392/1392
f 1394/1394 1392/1392 1393/1393
f 1392/1392 1394/1394 1352/1352
f 841/841 1393/1393 1391/1391
f 1391/1391 843/843 841/841
f 1393/1393 1395/1395 1394/1394
f 1393/1393 841/841 824/824
f 824/824 1395/1395 1393/1393
f 1396/1396 1394/1394 1395/1395
f 1394/1394 1396/1396 1352/1352
f 1395/1395 824/824 819/819
f 1395/1395 1397/1397 1396/1396
f 819/819 1397/1397 1395/1395
f 1398/1398 1396/1396 1397/1397
f 1396/1396 1398/1398 1352/1352
f 1397/1397 819/819 815/815
f 1397/1397 1399/1399 1398/1398
f 815/815 1399/1399 1397/1397
f 1399/1399 815/815 812/812
f 1399/1399 1400/1400 1398/1398
f 812/812 1400/1400 1399/1399
f 1398/1398 1401/1401 1352/1352
f 1401/1401 1398/1398 1400/1400
f 1401/1401 1402/1402 1352/1352
f 1400/1400 761/761 1401/1401
f 1402/1402 1401/1401 761/761
f 1400/1400 812/812 762/762
f 762/762 761/761 1400/1400
f 1402/1402 1403/1403 1352/1352
f 1403/1403 1360/1360 1352/1352
f 1360/1360 1403/1403 758/758
f 1403/1403 1402/1402 759/759
f 759/759 758/758 1403/1403
f 761/761 759/759 1402/1402
f 1404/1404 1224/1224 1225/1225
f 1224/1224 1404/1404 1226/1226
f 1218/1218 1405/1405 1225/1225
f 1405/1405 1218/1218 1123/1123
f 1123/1123 1124/1124 1405/1405
f 1406/1406 1225/1225 1405/1405
f 1225/1225 1406/1406 1404/1404
f 1407/1407 1405/1405 1124/1124
f 1405/1405 1407/1407 1406/1406
f 1124/1124 1127/1127 1407/1407
f 1408/1408 1226/1226 1404/1404
f 1226/1226 1408/1408 1165/1165
f 1409/1409 1404/1404 1406/1406
f 1404/1404 1409/1409 1408/1408
f 1410/1410 1406/1406 1407/1407
f 1406/1406 1410/1410 1409/1409
f 1411/1411 1407/1407 1127/1127
f 1407/1407 1411/1411 1410/1410
f 1127/1127 1130/1130 1411/1411
f 1412/1412 1408/1408 1409/1409
f 1408/1408 1412/1412 1165/1165
f 1413/1413 1409/1409 1410/1410
f 1409/1409 1413/1413 1412/1412
f 1414/1414 1410/1410 1411/1411
f 1410/1410 1414/1414 1413/1413
f 1415/1415 1411/1411 1130/1130
f 1411/1411 1415/1415 1414/1414
f 1130/1130 1133/1133 1415/1415
f 1140/1140 1415/1415 1133/1133
f 1415/1415 1140/1140 1416/1416
f 1416/1416 1414/1414 1415/1415
f 1148/1148 1416/1416 1140/1140
f 1417/1417 1413/1413 1414/1414
f 1414/1414 1416/1416 1417/1417
f 1416/1416 1148/1148 1418/1418
f 1418/1418 1417/1417 1416/1416
f 1153/1153 1418/1418 1148/1148
f 1413/1413 1417/1417 1419/1419
f 1419/1419 1412/1412 1413/1413
f 1412/1412 1419/1419 1165/1165
f 1420/1420 1419/1419 1417/1417
f 1417/1417 1418/1418 1420/1420
f 1419/1419 1420/1420 1165/1165
f 1418/1418 1153/1153 1421/1421
f 1421/1421 1420/1420 1418/1418
f 1420/1420 1421/1421 1165/1165
f 1155/1155 1421/1421 1153/1153
f 1421/1421 1155/1155 1165/1165
