v 0.198396638 0.297639757 0.293322891
v 0.197695896 0.297923714 0.292610854
v 0.195442632 0.298735023 0.294712991
v 0.192742988 0.299353391 0.296315163
v 0.193137929 0.299157649 0.297255725
v 0.196004674 0.298501015 0.295554429
v 0.193294302 0.2988078 0.297733277
v 0.189970598 0.299236 0.298842758
v 0.189970598 0.296076983 0.300061971
v 0.186351374 0.296227336 0.300451547
v 0.189889744 0.299576133 0.298339993
v 0.189685509 0.299747288 0.297335774
v 0.186279729 0.29988879 0.297702342
v 0.186331049 0.299723953 0.298723072
v 0.186351374 0.299386352 0.299232334
v 0.0940477923 0.299386352 0.299232334
v 0.0940477923 0.296227336 0.300451547
v 0.0940382555 0.299723953 0.298723072
v 0.094014205 0.29988879 0.297702342
v -0.0688409135 0.299386352 0.299232334
v -0.0688409135 0.296227336 0.300451547
v -0.0688313767 0.299723953 0.298723072
v -0.16114448 0.299386352 0.299232334
v -0.16114448 0.296227336 0.300451547
v -0.164763734 0.296076983 0.300061971
v -0.0688073561 0.29988879 0.297702342
v -0.161124155 0.299723953 0.298723072
v -0.161072835 0.29988879 0.297702342
v -0.164763734 0.299236 0.298842758
v -0.168087408 0.295648783 0.29895249
v -0.16468285 0.299576133 0.298339993
v -0.168087408 0.2988078 0.297733277
v -0.171020314 0.294977009 0.297211975
v -0.167931065 0.299157619 0.297255725
v -0.164478645 0.299747288 0.297335774
v -0.167536125 0.299353361 0.296315104
v -0.171020314 0.298136026 0.295992702
v -0.173467204 0.294095963 0.294929177
v -0.17079781 0.298501015 0.295554429
v -0.170235738 0.298735023 0.294712991
v -0.173467204 0.29725498 0.293709964
v -0.175332949 0.293039918 0.292192966
v -0.173189744 0.297639757 0.293322891
v -0.175332949 0.296198934 0.290973753
v -0.17652218 0.291843176 0.289092213
v -0.175013408 0.296607524 0.290648431
v -0.172489032 0.297923714 0.292610914
v -0.174206361 0.296951652 0.290092319
v -0.17652218 0.295002192 0.287873
v -0.176939771 0.29054004 0.285715729
v -0.176175639 0.295437992 0.28761813
v -0.175300345 0.295850754 0.287239879
v -0.175693318 0.294624448 0.284062535
v -0.176586196 0.294156611 0.284298152
v -0.176939771 0.293699056 0.284496516
v -0.176939771 0.273574412 0.232353732
v -0.176939771 0.270415395 0.233572945
v -0.176586196 0.274035871 0.232165441
v -0.175693318 0.274513513 0.231955275
v 0.151525423 -0.028377315 0.0466649309
v 0.151578948 -0.0283342209 0.0466485396
v 0.15465872 -0.0283172932 0.05391673
v 0.154601708 -0.0283603873 0.0539248958
v 0.154601708 -0.0283603873 0.0539248958
v 0.15465872 -0.0283172932 0.05391673
v 0.154685393 -0.0283166375 0.0542118326
v 0.15462698 -0.0283597913 0.0542045012
v 0.151303098 -0.0283780303 0.0463347211
v 0.151350424 -0.0283349957 0.0463090912
v 0.151578948 -0.0283342209 0.0466485396
v 0.151525423 -0.028377315 0.0466649309
v -0.16048865 0.207264289 0.0756621137
v -0.16048865 0.20725958 0.0735484138
v -0.16048865 0.207075581 0.074605681
v -0.16048865 0.207794115 0.0726178661
v -0.16048865 0.207802936 0.0765902773
v -0.16048865 0.208626553 0.0772782341
v -0.16048865 0.208614632 0.0719262138
v -0.16048865 0.209635779 0.0776430741
v -0.16048865 0.209622249 0.0715569034
v -0.16048865 0.210708961 0.0776406899
v -0.16048865 0.210695431 0.0715545192
v -0.16048865 0.211716577 0.0772713795
v -0.16048865 0.211704656 0.0719193593
v -0.16048865 0.212537095 0.0765797272
v -0.16048865 0.212528273 0.0726073161
v -0.16048865 0.213071629 0.0756491795
v -0.16048865 0.213066921 0.0735354796
v -0.16048865 0.213255629 0.0745919123
v 0.151578948 -0.0283342209 0.0466485396
v 0.151643589 -0.0282085147 0.0466285124
v 0.154727563 -0.028191587 0.0539066568
v 0.15465872 -0.0283172932 0.05391673
v 0.15465872 -0.0283172932 0.05391673
v 0.154727563 -0.028191587 0.0539066568
v 0.154755935 -0.0281908717 0.0542205349
v 0.154685393 -0.0283166375 0.0542118326
v 0.150969997 -0.0283786263 0.0460842624
v 0.151004449 -0.0283355918 0.0460489169
v 0.151350424 -0.0283349957 0.0463090912
v 0.151303098 -0.0283780303 0.0463347211
v 0.151369438 -0.0284292307 0.0467126742
v 0.151525423 -0.028377315 0.0466649309
v 0.154601708 -0.0283603873 0.0539248958
v 0.15443556 -0.0284124222 0.0539486185
v 0.151350424 -0.0283349957 0.0463090912
v 0.151407525 -0.0282093491 0.0462779179
v 0.151643589 -0.0282085147 0.0466285124
v 0.151578948 -0.0283342209 0.0466485396
v 0.151165202 -0.0284299459 0.0464093462
v 0.151303098 -0.0283780303 0.0463347211
v 0.151525423 -0.028377315 0.0466649309
v 0.151369438 -0.0284292307 0.0467126742
v 0.15443556 -0.0284124222 0.0539486185
v 0.154601708 -0.0283603873 0.0539248958
v 0.15462698 -0.0283597913 0.0542045012
v 0.15445672 -0.0284118857 0.0541828647
v -0.160974011 -0.0171441641 0.0486350432
v -0.157613203 -0.0186814275 0.0476975217
v -0.159127757 -0.0227273311 0.0505631343
v -0.157252178 -0.012811562 0.0459560528
v -0.148013458 -0.0198170152 0.0470031872
v -0.16186665 -0.0127728786 0.0476855412
v -0.163165197 -0.0195015278 0.0508121029
v -0.165434346 -0.0139870849 0.0505463853
v -0.162524804 -0.00503327511 0.0469728485
v -0.165528521 -0.0217160787 0.0541898981
v -0.166473135 -0.00592513941 0.0501474515
v -0.168144152 -0.0156248417 0.054114677
v -0.169428393 -0.00704248808 0.054001905
v -0.170185134 -0.0168568101 0.0579667464
v -0.161105677 -0.0253498759 0.0541322604
v -0.169734403 0.000882128079 0.053962566
v -0.171806619 -0.00201263116 0.0579372421
v -0.166782424 0.00375876739 0.050012745
v -0.171559796 -0.00806214474 0.0579495803
v -0.173230395 -0.00454851054 0.061419107
v -0.162744328 0.00615940429 0.0467164889
v -0.163937256 0.00545952655 0.0476774946
v -0.173901662 -0.00938441418 0.0634336248
v 0.150869623 -0.0284304824 0.0461870804
v 0.150969997 -0.0283786263 0.0460842624
v 0.151303098 -0.0283780303 0.0463347211
v 0.151165202 -0.0284299459 0.0464093462
v 0.15462698 -0.0283597913 0.0542045012
v 0.154685393 -0.0283166375 0.0542118326
v 0.154540345 -0.0283160415 0.0544651523
v 0.154492632 -0.0283591952 0.0544391051
v 0.198223993 0.196072027 0.0608619228
v 0.196778789 0.19523637 0.057497479
v 0.195404068 0.200969085 0.0574823394
v 0.197237566 0.186497733 0.0575189367
v 0.199619487 0.196879253 0.0642277971
v 0.198223904 0.2027006 0.0642134324
v 0.198474064 0.202854618 0.0649943724
v 0.197728559 0.202396199 0.0629605427
v 0.199871197 0.197025284 0.0650079027
v 0.200086609 0.197153255 0.0663503781
v 0.200337127 0.188139603 0.0650281683
v 0.200552836 0.188257262 0.0663701072
v 0.200552925 0.175489232 0.066398479
v 0.198686466 0.187264845 0.0608836785
v 0.200085059 0.188005671 0.0642487183
v 0.198687211 0.174624011 0.0609134212
v 0.197238252 0.173955306 0.0575483814
v 0.197238669 0.156811103 0.057587482
v 0.200085536 0.175269648 0.0642779246
v 0.200337395 0.175386354 0.0650568381
v 0.200552955 0.158037052 0.0664372221
v 0.200552985 0.137350842 0.0664832368
v 0.199586287 0.157676622 0.0630661622
v 0.200085804 0.157861039 0.0643172041
v 0.198687896 0.136866912 0.0609988943
v 0.197238907 0.136494026 0.0576330796
v 0.197238967 0.11443273 0.057682313
v 0.200085953 0.137226984 0.0643633381
v 0.200337633 0.137292191 0.0651418939
v 0.200337663 0.114849009 0.0651918426
v 0.200553015 0.114880599 0.0665331855
v 0.199586466 0.137098238 0.0631123558
v 0.200337663 0.07041464 0.0652906671
v 0.200553015 0.070388414 0.0666321293
v 0.200552985 0.0501504317 0.0666771308
v 0.200086012 0.0920717493 0.0644638315
v 0.198687986 0.0920639411 0.0610986724
v 0.197238937 0.0920561329 0.0577320829
v 0.197238937 0.0707930103 0.0577793494
v 0.200085953 0.0502654687 0.0645566955
v 0.200086012 0.0704449788 0.0645119324
v 0.198687956 0.0706157461 0.0611463562
v 0.15445672 -0.0284118857 0.0541828647
v 0.15462698 -0.0283597913 0.0542045012
v 0.154492632 -0.0283591952 0.0544391051
v 0.154353574 -0.0284114685 0.0543630496
v 0.150497243 -0.0284307804 0.046043314
v 0.15055038 -0.0283790436 0.0459223166
v 0.150969997 -0.0283786263 0.0460842624
v 0.150969997 -0.0283786263 0.0460842624
v 0.150869623 -0.0284304824 0.0461870804
v 0.150497243 -0.0284307804 0.046043314
v 0.15055038 -0.0283790436 0.0459223166
v 0.150568619 -0.028336009 0.0458807126
v 0.151004449 -0.0283355918 0.0460489169
v 0.150969997 -0.0283786263 0.0460842624
v 0.151004449 -0.0283355918 0.0460489169
v 0.151046023 -0.0282100048 0.0460061207
v 0.151407525 -0.0282093491 0.0462779179
v 0.151350424 -0.0283349957 0.0463090912
v 0.186041489 0.210165665 0.0745989457
v 0.186041489 0.207264349 0.0756622925
v 0.186041489 0.207075641 0.0746058598
v 0.186041489 0.207802996 0.0765904561
v 0.186041489 0.20725964 0.0735485926
v 0.186041489 0.208626613 0.0772784129
v 0.186041489 0.207794175 0.0726180449
v 0.186041489 0.209635839 0.0776432529
v 0.186041489 0.208614692 0.0719263926
v 0.186041489 0.21070902 0.0776408687
v 0.186041489 0.209622309 0.0715570822
v 0.186041489 0.211716637 0.0772715583
v 0.186041489 0.21069549 0.0715546981
v 0.186041489 0.212537155 0.076579906
v 0.186041489 0.211704716 0.0719195381
v 0.186041489 0.213071689 0.0756493583
v 0.186041489 0.212528333 0.0726074949
v 0.186041489 0.213255689 0.0745920911
v 0.186041489 0.21306698 0.0735356584
v 0.150049284 -0.0284309592 0.0459893122
v 0.150062725 -0.0283791628 0.0458634868
v 0.15055038 -0.0283790436 0.0459223166
v 0.150497243 -0.0284307804 0.046043314
v 0.129323706 -0.0284309592 0.0459893122
v 0.129310265 -0.0283791628 0.0458634868
v 0.150062725 -0.0283791628 0.0458634868
v 0.150049284 -0.0284309592 0.0459893122
v 0.154353574 -0.0284114685 0.0543630496
v 0.154492632 -0.0283591952 0.0544391051
v 0.154234514 -0.0283588376 0.0546059385
v 0.154155388 -0.0284111705 0.0544911399
v 0.154685393 -0.0283166375 0.0542118326
v 0.154755935 -0.0281908717 0.0542205349
v 0.154597953 -0.028190216 0.0544964448
v 0.154540345 -0.0283160415 0.0544651523
v 0.128875747 -0.0284307804 0.046043314
v 0.12882261 -0.0283790436 0.0459223166
v 0.129310265 -0.0283791628 0.0458634868
v 0.129323706 -0.0284309592 0.0459893122
v 0.153850719 -0.0284110513 0.0545468703
v 0.125522301 -0.0284110513 0.0545468703
v 0.125557825 -0.0284115281 0.0543259755
v 0.125356689 -0.0284116473 0.0542891398
v 0.153815195 -0.0284115281 0.0543259755
v 0.125217631 -0.0284111705 0.0544911399
v 0.125263825 -0.0284117665 0.0542291179
v 0.154155388 -0.0284111705 0.0544911399
v 0.125019446 -0.0284114685 0.0543630496
v 0.154109165 -0.0284117665 0.0542291179
v 0.154353574 -0.0284114685 0.0543630496
v 0.125215486 -0.0284120049 0.0541447178
v 0.15445672 -0.0284118857 0.0541828647
v 0.124916293 -0.0284118857 0.0541828647
v 0.154157504 -0.0284120049 0.0541447178
v 0.15443556 -0.0284124222 0.0539486185
v 0.125229463 -0.0284123626 0.0539900437
v 0.154143527 -0.0284123626 0.0539900437
v 0.124937452 -0.0284124222 0.0539486185
v 0.128277704 -0.0284290519 0.0467962995
v 0.151369438 -0.0284292307 0.0467126742
v 0.128003553 -0.0284292307 0.0467126742
v 0.151095316 -0.0284290519 0.0467962995
v 0.151165202 -0.0284299459 0.0464093462
v 0.128450111 -0.0284296479 0.046540238
v 0.15092288 -0.0284296479 0.046540238
v 0.128207788 -0.0284299459 0.0464093462
v 0.128679797 -0.0284300651 0.0463675037
v 0.150869623 -0.0284304824 0.0461870804
v 0.128503397 -0.0284304824 0.0461870804
v 0.150693193 -0.0284300651 0.0463675037
v 0.150497243 -0.0284307804 0.046043314
v 0.128969148 -0.0284303036 0.0462558642
v 0.150403872 -0.0284303036 0.0462558642
v 0.128875747 -0.0284307804 0.046043314
v 0.129347309 -0.0284304228 0.0462102666
v 0.150049284 -0.0284309592 0.0459893122
v 0.129323706 -0.0284309592 0.0459893122
v 0.150025681 -0.0284304228 0.0462102666
v 0.125557825 -0.0276751723 0.0543242469
v 0.125356689 -0.0276752319 0.0542874709
v 0.125263825 -0.0276754107 0.054227449
v 0.125215486 -0.0276755895 0.0541430488
v 0.125229463 -0.0276759472 0.0539883748
v 0.153815195 -0.0276751723 0.0543242469
v 0.128277704 -0.0276926961 0.046794571
v 0.128450111 -0.0276932921 0.0465385094
v 0.128679797 -0.0276936498 0.0463658348
v 0.128969148 -0.0276939478 0.0462541357
v 0.129347309 -0.0276940074 0.0462085381
v 0.150025681 -0.0276940074 0.0462085381
v 0.150403872 -0.0276939478 0.0462541357
v 0.150693193 -0.0276936498 0.0463658348
v 0.15092288 -0.0276932921 0.0465385094
v 0.151095316 -0.0276926961 0.046794571
v 0.154143527 -0.0276759472 0.0539883748
v 0.154157504 -0.0276755895 0.0541430488
v 0.154109165 -0.0276754107 0.054227449
v 0.150062725 -0.0283791628 0.0458634868
v 0.150067344 -0.0283361282 0.0458202735
v 0.150568619 -0.028336009 0.0458807126
v 0.15055038 -0.0283790436 0.0459223166
v 0.125486776 -0.02818962 0.0547672883
v 0.153886244 -0.02818962 0.0547672883
v 0.153886244 -0.0136827435 0.0547350422
v 0.154294446 -0.0136829223 0.0546603575
v 0.125486776 -0.0136827435 0.0547350422
v 0.154294446 -0.0281897988 0.0546926036
v 0.154597953 -0.0136833396 0.0544641986
v 0.125078574 -0.0281897988 0.0546926036
v 0.154597953 -0.028190216 0.0544964448
v 0.125078574 -0.0136829223 0.0546603575
v 0.12477506 -0.028190216 0.0544964448
v 0.154755935 -0.0136839952 0.0541882887
v 0.12477506 -0.0136833396 0.0544641986
v 0.154755935 -0.0281908717 0.0542205349
v 0.154727563 -0.0136847105 0.0538744107
v 0.124617077 -0.0281908717 0.0542205349
v 0.154727563 -0.028191587 0.0539066568
v 0.124617077 -0.0136839952 0.0541882887
v 0.124645419 -0.028191587 0.0539066568
v 0.151643589 -0.0137016382 0.0465962663
v 0.124645419 -0.0136847105 0.0538744107
v 0.151643589 -0.0282085147 0.0466285124
v 0.151407525 -0.0137024727 0.0462456718
v 0.127729431 -0.0282085147 0.0466285124
v 0.151407525 -0.0282093491 0.0462779179
v 0.127729431 -0.0137016382 0.0465962663
v 0.127965465 -0.0282093491 0.0462779179
v 0.151046023 -0.0137031283 0.0459738746
v 0.127965465 -0.0137024727 0.0462456718
v 0.151046023 -0.0282100048 0.0460061207
v 0.150590643 -0.013703486 0.0457981005
v 0.128326967 -0.0282100048 0.0460061207
v 0.150590643 -0.0282103624 0.0458303466
v 0.128326967 -0.0137031283 0.0459738746
v 0.128782347 -0.0282103624 0.0458303466
v 0.150072917 -0.0137036648 0.0457356349
v 0.128782347 -0.013703486 0.0457981005
v 0.150072917 -0.0282105412 0.0457679406
v 0.129300103 -0.0137036648 0.0457356349
v 0.129300103 -0.0282105412 0.0457679406
v 0.12882261 -0.0283790436 0.0459223166
v 0.128875747 -0.0284307804 0.046043314
v 0.128503397 -0.0284304824 0.0461870804
v 0.128503397 -0.0284304824 0.0461870804
v 0.128402993 -0.0283786263 0.0460842624
v 0.12882261 -0.0283790436 0.0459223166
v 0.150568619 -0.028336009 0.0458807126
v 0.150590643 -0.0282103624 0.0458303466
v 0.151046023 -0.0282100048 0.0460061207
v 0.151004449 -0.0283355918 0.0460489169
v 0.154492632 -0.0283591952 0.0544391051
v 0.154540345 -0.0283160415 0.0544651523
v 0.154261664 -0.0283156242 0.0546452776
v 0.154234514 -0.0283588376 0.0546059385
v 0.129310265 -0.0283791628 0.0458634868
v 0.129305646 -0.0283361282 0.0458202735
v 0.150067344 -0.0283361282 0.0458202735
v 0.150062725 -0.0283791628 0.0458634868
v 0.154155388 -0.0284111705 0.0544911399
v 0.154234514 -0.0283588376 0.0546059385
v 0.153870925 -0.0283586588 0.0546724573
v 0.153850719 -0.0284110513 0.0545468703
v 0.128207788 -0.0284299459 0.0464093462
v 0.128069893 -0.0283780303 0.0463347211
v 0.128402993 -0.0283786263 0.0460842624
v 0.128503397 -0.0284304824 0.0461870804
v 0.12882261 -0.0283790436 0.0459223166
v 0.128804371 -0.028336009 0.0458807126
v 0.129305646 -0.0283361282 0.0458202735
v 0.129310265 -0.0283791628 0.0458634868
v 0.153850719 -0.0284110513 0.0545468703
v 0.153870925 -0.0283586588 0.0546724573
v 0.125502095 -0.0283586588 0.0546724573
v 0.125522301 -0.0284110513 0.0545468703
v 0.128003553 -0.0284292307 0.0467126742
v 0.127847567 -0.028377315 0.0466649309
v 0.128069893 -0.0283780303 0.0463347211
v 0.128207788 -0.0284299459 0.0464093462
v 0.124937452 -0.0284124222 0.0539486185
v 0.124771275 -0.0283603873 0.0539248958
v 0.127847567 -0.028377315 0.0466649309
v 0.128003553 -0.0284292307 0.0467126742
v 0.125522301 -0.0284110513 0.0545468703
v 0.125502095 -0.0283586588 0.0546724573
v 0.125138506 -0.0283588376 0.0546059385
v 0.125217631 -0.0284111705 0.0544911399
v 0.198419467 -0.00409646891 0.0613079444
v -0.173200473 -0.00409640931 0.0613079444
v -0.171821699 -0.00164093659 0.0579364672
v 0.1900682 0.00529615022 0.048411347
v -0.169748828 0.00125459745 0.0539607182
v -0.166794404 0.00413368084 0.0500074998
v 0.194967553 0.00125447824 0.0539608374
v 0.197040811 -0.0016409962 0.0579364076
v 0.192012653 0.00413308479 0.0500082746
v 0.187963322 0.00653109886 0.0467156544
v 0.0126094893 0.00892219879 0.043432571
v 0.070646055 0.00892219879 0.043432571
v 0.120189466 0.00892219879 0.043432571
v 0.182687059 0.00796572305 0.0447458401
v 0.172263578 0.00868306495 0.0437608734
v 0.152746513 0.00892219879 0.043432571
v -0.162744328 0.00653109886 0.046715714
v -0.164845452 0.00529311039 0.0484155789
v -0.157468066 0.00796578266 0.0447458401
v -0.0454270765 0.00892219879 0.043432571
v -0.0949705169 0.00892219879 0.043432571
v -0.12752752 0.00892219879 0.043432571
v -0.147044584 0.00868312456 0.0437608734
v 0.124916293 -0.0284118857 0.0541828647
v 0.124746032 -0.0283597913 0.0542045012
v 0.124771275 -0.0283603873 0.0539248958
v 0.124937452 -0.0284124222 0.0539486185
v 0.150067344 -0.0283361282 0.0458202735
v 0.150072917 -0.0282105412 0.0457679406
v 0.150590643 -0.0282103624 0.0458303466
v 0.150568619 -0.028336009 0.0458807126
v 0.128402993 -0.0283786263 0.0460842624
v 0.128368542 -0.0283355918 0.0460489169
v 0.128804371 -0.028336009 0.0458807126
v 0.12882261 -0.0283790436 0.0459223166
v 0.125217631 -0.0284111705 0.0544911399
v 0.125138506 -0.0283588376 0.0546059385
v 0.124880381 -0.0283591952 0.0544391051
v 0.125019446 -0.0284114685 0.0543630496
v 0.125019446 -0.0284114685 0.0543630496
v 0.124880381 -0.0283591952 0.0544391051
v 0.124746032 -0.0283597913 0.0542045012
v 0.124916293 -0.0284118857 0.0541828647
v 0.125263825 -0.0284117665 0.0542291179
v 0.125215486 -0.0284120049 0.0541447178
v 0.125215486 -0.0276755895 0.0541430488
v 0.125263825 -0.0276754107 0.054227449
v -0.12752752 0.00855050422 0.0434334055
v -0.12752752 0.00640318729 0.0434381738
v -0.147044584 0.0063302312 0.0437661186
v -0.147044644 0.00831137039 0.0437617078
v -0.157468066 0.00759408809 0.044746615
v -0.147124335 -0.00463815592 0.0441088453
v -0.157414064 -0.00468995236 0.0450648442
v -0.1276391 -0.00462087058 0.0437900797
v -0.147363648 -0.0133104529 0.0450831428
v -0.12797378 -0.0134766903 0.0447920337
v -0.12864314 -0.020195445 0.0467714444
v -0.129758701 -0.0248085465 0.0500557795
v -0.0958267972 -0.0201952662 0.0467710271
v 0.0126094893 -0.02775391 0.05400417
v -0.0469068214 -0.0277539697 0.0540044084
v -0.0474657938 -0.0294712391 0.0579823628
v 0.071569927 -0.0248081293 0.0500544086
v 0.0721258 -0.0277539697 0.0540044084
v 0.122932561 -0.0277541485 0.0540052429
v 0.0726848319 -0.0294712391 0.0579823628
v 0.0126094893 -0.0303985085 0.0613494292
v 0.123968787 -0.0294715371 0.0579833165
v 0.157670066 -0.0294720139 0.0579849854
v 0.15632014 -0.0277545657 0.0540065542
v 0.154977694 -0.0248085465 0.0500557795
v 0.176160291 -0.0271536317 0.0540387407
v 0.177726492 -0.0288416948 0.0579857603
v 0.188075766 -0.0269497242 0.0579840317
v 0.17902194 -0.0297661033 0.0613535419
v -0.173426732 -0.00490411185 0.0619073883
v -0.173701331 -0.00548066758 0.0625958219
v -0.173931941 -0.00613345765 0.0631901398
v -0.174020633 -0.00647695921 0.0634276047
v -0.174111232 -0.00685515068 0.0636889711
v -0.174240753 -0.00763501786 0.0640868917
v -0.174325034 -0.00846244954 0.064378418
v -0.174360022 -0.00948431157 0.0645690933
v -0.174283668 -0.0102225151 0.0646208897
v -0.172978565 -0.0185412373 0.0646393672
v -0.168849453 -0.0240613427 0.0613462105
v -0.169726297 -0.0246176329 0.0634631291
v -0.170189127 -0.0249110069 0.0646535531
v -0.165540263 -0.0287329163 0.0646620169
v -0.165088162 -0.0284327473 0.0634692684
v -0.155033514 -0.0306439009 0.0646662489
v -0.167436704 -0.0231650677 0.0579782501
v -0.162856743 -0.0269497242 0.0579840317
v -0.164233491 -0.0278647151 0.0613519326
v -0.154607341 -0.0303400364 0.0634712949
v -0.153802916 -0.0297661033 0.0613535419
v -0.134670898 -0.0312808976 0.0646676794
v -0.134295925 -0.0309754219 0.0634708181
v -0.100454263 -0.031280838 0.0646676794
v -0.133589134 -0.0303994622 0.0613526478
v -0.0483854339 -0.0312807783 0.0646676794
v 0.0126094893 -0.0312807783 0.0646676794
v 0.0126094893 -0.030974647 0.0634680763
v 0.073604472 -0.0312807783 0.0646676794
v -0.132451102 -0.0294720139 0.057985045
v -0.152507469 -0.0288416948 0.0579857603
v -0.150941297 -0.0271536317 0.0540387407
v -0.149324641 -0.0242883768 0.0501831546
v -0.131101176 -0.0277545657 0.0540065542
v -0.098749809 -0.0294715371 0.0579833165
v -0.0479370877 -0.0303986277 0.0613497868
v 0.0734488443 -0.0309747066 0.0634683743
v 0.159514919 -0.0309754219 0.0634708181
v 0.125673279 -0.031280838 0.0646676794
v 0.159889922 -0.0312810168 0.064667739
v 0.124842413 -0.0303989258 0.0613508597
v 0.180252507 -0.0306439009 0.0646663085
v 0.190307155 -0.0284327473 0.0634692684
v 0.190759495 -0.0287333336 0.0646620765
v 0.158808127 -0.0303994622 0.0613526478
v 0.194945291 -0.0246176329 0.0634631291
v 0.195408598 -0.0249113645 0.0646535531
v 0.198197946 -0.0185414162 0.0646393672
v 0.197728589 -0.0182585325 0.0634512678
v 0.199502751 -0.0102225747 0.0646208897
v 0.194068477 -0.0240613427 0.0613462105
v 0.199579075 -0.00948431157 0.0645691529
v 0.199459836 -0.00763501786 0.0640868917
v 0.199544057 -0.00846244954 0.064378418
v 0.199330285 -0.00685515068 0.0636890307
v 0.199239567 -0.00647701882 0.0634276047
v 0.198224053 -0.00887813233 0.0613176599
v 0.199150965 -0.00613351725 0.0631901398
v 0.198920384 -0.00548072718 0.0625958219
v 0.198645756 -0.00490417145 0.0619073883
v 0.198404297 -0.00446810387 0.0613087192
v 0.196838513 -0.0177217927 0.0613348261
v 0.196778819 -0.00806214474 0.0579495803
v 0.195404127 -0.0168568101 0.0579667464
v 0.197025612 -0.00201269076 0.0579371825
v 0.194647357 -0.00704242848 0.054001905
v 0.194953158 0.00088200887 0.0539626256
v 0.192655727 -0.0231650677 0.0579782501
v 0.190747514 -0.0217160191 0.0541898981
v 0.193363175 -0.0156248417 0.054114677
v 0.190653339 -0.0139870849 0.0505463853
v 0.191692129 -0.00592513941 0.0501474515
v 0.192000702 0.00375823095 0.0500134602
v 0.187743768 -0.00503327511 0.0469728485
v 0.18915619 0.00545952655 0.047677435
v 0.187963292 0.00567320921 0.0467175618
v 0.187963322 0.00615940429 0.0467164889
v 0.182687059 0.00759402849 0.044746615
v 0.172263607 0.0063302312 0.0437661186
v 0.172263607 0.00831137039 0.0437617078
v 0.152746513 0.00640318729 0.0434381738
v 0.152746513 0.00855044462 0.0434334055
v 0.120189466 0.00855044462 0.0434334055
v 0.172343358 -0.00463815592 0.0441088453
v 0.182633057 -0.00468995236 0.0450648442
v 0.182471201 -0.012811562 0.0459560528
v 0.070646055 0.00855044462 0.0434334055
v 0.0126094893 0.00855044462 0.0434334055
v 0.187085673 -0.0127728786 0.0476855412
v 0.186193034 -0.0171441641 0.0486350432
v -0.0454270765 0.00855050422 0.0434334055
v -0.0949705169 0.00855050422 0.0434334055
v 0.18838422 -0.0195015278 0.0508121029
v 0.184346721 -0.0227273311 0.0505631343
v 0.182832196 -0.0186814275 0.0476975217
v 0.173232421 -0.0198170152 0.0470031872
v 0.186324641 -0.0253498759 0.0541322604
v 0.174543604 -0.0242883768 0.0501831546
v 0.172582641 -0.0133103933 0.0450831428
v 0.153192773 -0.0134766307 0.0447920337
v 0.153862104 -0.020195445 0.0467714444
v 0.152858093 -0.00462087058 0.0437900797
v 0.121045776 -0.0201953258 0.0467710271
v 0.121902086 -0.0248083081 0.0500549451
v 0.154540345 -0.0283160415 0.0544651523
v 0.154597953 -0.028190216 0.0544964448
v 0.154294446 -0.0281897988 0.0546926036
v 0.154261664 -0.0283156242 0.0546452776
v 0.154234514 -0.0283588376 0.0546059385
v 0.154261664 -0.0283156242 0.0546452776
v 0.153877869 -0.0283154454 0.0547154918
v 0.129305646 -0.0283361282 0.0458202735
v 0.129300103 -0.0282105412 0.0457679406
v 0.150072917 -0.0282105412 0.0457679406
v 0.150067344 -0.0283361282 0.0458202735
v 0.17902185 0.208598122 0.0608233586
v 0.177726403 0.20766513 0.0574597493
v 0.157670006 0.208017036 0.057456769
v 0.188075706 0.206608221 0.0574645773
v 0.159908786 0.209858105 0.0641917363
v 0.123968728 0.208016559 0.0574551001
v 0.0726847723 0.208016261 0.0574540868
v 0.0126094893 0.208016202 0.0574537292
v -0.0474657938 0.208016261 0.0574540868
v -0.132451043 0.208017036 0.057456769
v -0.0987497494 0.208016559 0.0574551001
v -0.134295866 0.209533975 0.0629358664
v -0.13488923 0.210022673 0.0649760142
v -0.0485464856 0.21016632 0.0663215891
v 0.0126094893 0.21016632 0.0663215891
v 0.0737655237 0.21016632 0.0663215891
v -0.100752883 0.21016638 0.0663215891
v 0.125971869 0.21016638 0.0663215891
v 0.160278901 0.21016638 0.0663215891
v 0.18069537 0.209807619 0.0663223639
v 0.180501297 0.209664449 0.0649773255
v 0.180274501 0.209500596 0.0641938224
v 0.191023931 0.20858936 0.0649803653
v 0.191229925 0.2087311 0.0663247481
v 0.195891216 0.206578001 0.0663295165
v 0.190307096 0.208107159 0.0629431978
v 0.189452425 0.207532927 0.0608283654
v 0.194068387 0.205401942 0.0608358756
v 0.192655668 0.204493746 0.0574719086
v 0.195680156 0.206438884 0.0649857894
v 0.198688105 0.202989444 0.0663374439
v 0.194945231 0.205965742 0.0629502907
v 0.196838424 0.201849684 0.0608465448
v 0.125215486 -0.0284120049 0.0541447178
v 0.125229463 -0.0284123626 0.0539900437
v 0.125229463 -0.0276759472 0.0539883748
v 0.125215486 -0.0276755895 0.0541430488
v -0.176939771 0.23806037 0.140337035
v -0.176939771 0.234901324 0.141556248
v -0.176586196 0.238528684 0.140166506
v -0.176939771 0.217935726 0.0881942287
v -0.176939771 0.21477668 0.0894134417
v -0.17652218 0.213473544 0.0860369578
v -0.175693318 0.239023671 0.140001222
v -0.176586196 0.218407914 0.088033773
v -0.175693318 0.218912765 0.0878939405
v -0.17652218 0.21663259 0.0848177448
v -0.175332949 0.212276801 0.082936205
v -0.176175639 0.217126593 0.0847137347
v -0.175332949 0.215435848 0.081716992
v -0.173467204 0.211220786 0.0801999941
v -0.175013348 0.215957031 0.0816834345
v -0.175300345 0.217686459 0.0847165957
v -0.174206361 0.216585562 0.0818641558
v -0.173467204 0.214379773 0.0789807811
v -0.171020314 0.21033971 0.0779172555
v -0.173189744 0.214924797 0.0790089741
v -0.172489032 0.215613469 0.0793455616
v -0.171020314 0.213498756 0.0766979828
v -0.168087408 0.209667966 0.0761766806
v -0.17079781 0.21406351 0.0767774358
v -0.168087408 0.212826952 0.074957408
v -0.164763734 0.209239706 0.0750671998
v -0.164763734 0.212398753 0.0738479868
v -0.170235738 0.214802191 0.077243425
v -0.167931065 0.213406906 0.0750761405
v -0.16468285 0.212988421 0.0739918724
v -0.161124155 0.212840602 0.0736087933
v -0.167536125 0.214183792 0.0756413117
v -0.164478645 0.213789925 0.0746207014
v -0.161072835 0.213648424 0.0742541328
v -0.0688073561 0.213648424 0.0742541328
v -0.0687843487 0.214148328 0.0749760643
v 0.0939911678 0.214148328 0.0749760643
v -0.161023781 0.214148328 0.0749760643
v -0.16428338 0.214283749 0.0753269568
v -0.167158648 0.214654133 0.0762867108
v -0.169698521 0.215235934 0.0777940527
v -0.171819195 0.215999469 0.0797725096
v -0.173434898 0.216914043 0.0821420327
v -0.17483978 0.219122991 0.0878653899
v -0.174463674 0.217949316 0.0848244205
v -0.17483978 0.239224538 0.139948413
v -0.0687843487 0.239277378 0.140085325
v -0.17483978 0.27469781 0.23185949
v 0.0939911678 0.239277378 0.140085325
v 0.200046644 0.219122991 0.0878653899
v -0.0687842891 0.274644941 0.231722519
v -0.17483978 0.294799358 0.283942431
v -0.174463674 0.295973033 0.28698346
v -0.173434898 0.297008306 0.289665788
v -0.171819136 0.29792285 0.292035371
v -0.169698521 0.298686415 0.294013768
v -0.167158589 0.299268156 0.295521051
v -0.16428338 0.299638599 0.296480864
v -0.0687842891 0.299774021 0.296831757
v -0.161023781 0.299774021 0.296831757
v 0.0939911976 0.299774021 0.296831757
v 0.0939911976 0.274644941 0.231722519
v 0.200046644 0.239224508 0.139948353
v 0.200046644 0.27469781 0.23185949
v 0.186230645 0.299774021 0.296831757
v 0.189490274 0.299638599 0.296480864
v 0.192365482 0.299268156 0.29552111
v 0.194905385 0.298686415 0.294013768
v 0.200046644 0.294799358 0.283942431
v 0.197026059 0.29792282 0.292035371
v 0.199413225 0.296951652 0.290092319
v 0.198641762 0.297008306 0.289665788
v 0.200507209 0.295850754 0.287239879
v 0.199670538 0.295973033 0.286983401
v 0.200900182 0.294624448 0.284062535
v 0.200900182 0.274513513 0.231955275
v 0.200900182 0.239023671 0.140001222
v 0.200900182 0.218912765 0.0878939405
v 0.200507239 0.2176864 0.0847165957
v 0.199670538 0.217949316 0.0848243609
v 0.199413255 0.216585562 0.0818641558
v 0.198641792 0.216914043 0.0821420327
v 0.194905385 0.215235934 0.0777940527
v 0.197695896 0.215613469 0.0793455616
v 0.197026029 0.215999469 0.07977245
v 0.195442632 0.214802191 0.0772434846
v 0.128069893 -0.0283780303 0.0463347211
v 0.128022596 -0.0283349957 0.0463090912
v 0.128368542 -0.0283355918 0.0460489169
v 0.128402993 -0.0283786263 0.0460842624
v 0.198687896 0.0506057516 0.061190702
v 0.197238877 0.0509586111 0.057823278
v 0.197238669 0.0328684226 0.0578630343
v 0.200337633 0.0502046123 0.0653355494
v 0.200337544 0.0317756906 0.0653763786
v 0.200552955 0.031696476 0.0667181388
v 0.200552925 0.0153604541 0.0667544976
v 0.199586287 0.0320401564 0.0633455291
v 0.200085804 0.0318640843 0.0645973459
v 0.198687211 0.0161933694 0.0612657443
v 0.197238252 0.016837636 0.0578977838
v 0.197237566 0.00318173482 0.0579265729
v 0.1995859 0.0157937799 0.0633808151
v 0.200085536 0.0155718122 0.0646330491
v 0.200337395 0.0154601727 0.0654124394
v 0.200337157 0.00159035041 0.065442957
v 0.200552836 0.00147632672 0.0667854324
v 0.200086609 -0.00993098877 0.066810824
v 0.199585244 0.00197599246 0.0634101406
v 0.200085059 0.00171945407 0.0646629706
v 0.198686466 0.00243757083 0.0612946525
v 0.197040811 -0.0016409962 0.0579364076
v 0.198419467 -0.00409646891 0.0613079444
v 0.198735818 -0.00466766022 0.0620922223
v 0.199019715 -0.00526376627 0.0628039613
v 0.199261054 -0.00594713353 0.0634259954
v 0.199441895 -0.00670101307 0.0639471188
v 0.199577346 -0.00751646422 0.0643632188
v 0.199667111 -0.00842138194 0.0646762624
v 0.199690983 -0.00928558968 0.0648559108
v 0.199683353 -0.00970180891 0.0648851171
v 0.199871227 -0.00980760716 0.0654678121
v 0.199615523 -0.0102117267 0.0649208799
v 0.198474064 -0.0187075939 0.0654870048
v 0.198298916 -0.0186022129 0.0649395362
v 0.198688105 -0.0188365784 0.0668306723
v 0.19550769 -0.0249741282 0.0649536625
v 0.195891246 -0.025215527 0.0668448582
v 0.195680156 -0.0250833239 0.0655005947
v 0.191023931 -0.0289086308 0.0655084625
v 0.191229895 -0.0290428605 0.0668534413
v 0.190856054 -0.028797349 0.0649621859
v 0.18069534 -0.0309564676 0.0668577328
v 0.180501297 -0.0308211651 0.0655120984
v 0.180343494 -0.0307088103 0.0649664178
v 0.160108283 -0.0314585194 0.0655129924
v 0.160278931 -0.0315942988 0.0668591633
v 0.159969762 -0.0313458666 0.0649678484
v 0.125971869 -0.0315941796 0.0668591633
v 0.125840798 -0.0314583406 0.0655125752
v 0.125734523 -0.0313457474 0.0649678484
v 0.073637493 -0.0313456878 0.0649678484
v 0.073694773 -0.0314582214 0.0655123368
v 0.0737655237 -0.0315941796 0.0668591633
v 0.0126094893 -0.0313456878 0.0649678484
v 0.0126094893 -0.0315941796 0.0668591633
v 0.0126094893 -0.0314581618 0.0655122176
v -0.0484184548 -0.0313456878 0.0649678484
v -0.0484757945 -0.0314582214 0.0655123368
v -0.0485465452 -0.0315941796 0.0668591633
v -0.100515537 -0.0313457474 0.0649678484
v -0.100752883 -0.0315941796 0.0668591633
v -0.135059878 -0.0315942988 0.0668591633
v -0.134750709 -0.0313458666 0.0649678484
v -0.155124471 -0.0307088103 0.0649664178
v -0.155476376 -0.0309564676 0.0668577328
v -0.165637061 -0.0287972298 0.0649621859
v -0.165804908 -0.0289086308 0.0655084625
v -0.166010901 -0.0290428605 0.0668534413
v -0.170288786 -0.0249741878 0.0649536625
v -0.170672223 -0.025215527 0.0668449178
v -0.170461163 -0.0250833239 0.0655005947
v -0.173255071 -0.0187075939 0.0654870048
v -0.173079833 -0.0186021533 0.0649394765
v -0.173469111 -0.0188365784 0.0668306723
v -0.17439656 -0.0102117267 0.0649208203
v -0.174867615 -0.00993098877 0.066810824
v -0.174652204 -0.00980760716 0.0654678121
v -0.17446433 -0.00970180891 0.0648851171
v -0.174472019 -0.00928553008 0.0648559108
v -0.175118133 0.00159035041 0.065442957
v -0.175333843 0.00147632672 0.0667854324
v -0.175333902 0.0153604541 0.0667544976
v -0.174866065 0.00171945407 0.0646629706
v -0.174448058 -0.00842138194 0.0646762624
v -0.174358293 -0.00751646422 0.0643632188
v -0.174222872 -0.00670101307 0.0639471188
v -0.174042091 -0.00594707392 0.0634259954
v -0.173800752 -0.00526370667 0.0628039613
v -0.175333962 0.031696476 0.0667181388
v -0.175334021 0.0501504317 0.0666771308
v -0.173516795 -0.00466760062 0.0620922223
v -0.173200473 -0.00409640931 0.0613079444
v -0.171821699 -0.00164093659 0.0579364672
v -0.172018573 0.00318173482 0.0579265729
v -0.172019288 0.016837636 0.0578977838
v -0.172019646 0.032868363 0.0578630343
v -0.175118133 0.188139603 0.0650281683
v -0.175334021 0.070388414 0.0666321293
v -0.175334021 0.114880599 0.0665331855
v -0.172019884 0.0509586111 0.057823278
v -0.172019944 0.0707930103 0.0577793494
v -0.175334021 0.137350842 0.0664832368
v -0.174866065 0.188005671 0.0642487183
v -0.172019944 0.0920561329 0.0577320829
v -0.172019944 0.11443273 0.057682313
v -0.172019884 0.136494026 0.0576330796
v -0.172019646 0.156811103 0.057587482
v -0.175333962 0.158037111 0.0664372221
v -0.175333902 0.175489232 0.066398479
v -0.172019228 0.173955306 0.0575483814
v -0.172018573 0.186497793 0.0575189367
v -0.175333843 0.188257262 0.0663701072
v -0.174867615 0.197153255 0.0663503781
v -0.174400494 0.196879253 0.0642277971
v -0.171559796 0.19523643 0.057497479
v -0.170185074 0.200969085 0.0574823394
v -0.174652204 0.197025284 0.0650079027
v -0.173255071 0.202854618 0.0649943724
v -0.173469111 0.202989444 0.0663374439
v -0.170672223 0.206578001 0.0663295165
v -0.17300491 0.2027006 0.0642134324
v -0.170214459 0.206279799 0.0642040148
v -0.167436644 0.204493746 0.0574719086
v -0.162856683 0.206608221 0.0574645773
v -0.170461163 0.206438884 0.0649857894
v -0.165804908 0.20858936 0.0649803653
v -0.166010901 0.2087311 0.0663247481
v -0.155476376 0.209807619 0.0663223639
v -0.165564165 0.208427116 0.0641976967
v -0.152507409 0.20766513 0.0574597493
v -0.155282304 0.209664449 0.0649773255
v -0.135059878 0.21016638 0.0663215891
v -0.154607281 0.209177539 0.0629386082
v 0.128804371 -0.028336009 0.0458807126
v 0.128782347 -0.0282103624 0.0458303466
v 0.129300103 -0.0282105412 0.0457679406
v 0.129305646 -0.0283361282 0.0458202735
v 0.125356689 -0.0284116473 0.0542891398
v 0.125263825 -0.0284117665 0.0542291179
v 0.125263825 -0.0276754107 0.054227449
v 0.125356689 -0.0276752319 0.0542874709
v 0.127847567 -0.028377315 0.0466649309
v 0.127794042 -0.0283342209 0.0466485396
v 0.128022596 -0.0283349957 0.0463090912
v 0.128069893 -0.0283780303 0.0463347211
v 0.125229463 -0.0284123626 0.0539900437
v 0.128277704 -0.0284290519 0.0467962995
v 0.128277704 -0.0276926961 0.046794571
v 0.125229463 -0.0276759472 0.0539883748
v 0.154977664 0.204441354 0.049545981
v 0.0721258 0.20656608 0.0534832254
v 0.122932501 0.206566259 0.0534840599
v 0.0126094893 0.206565961 0.053482987
v 0.153862104 0.20148091 0.046278514
v -0.128643081 0.201480851 0.046278514
v 0.153192773 0.197525069 0.044322826
v -0.0469068214 0.20656608 0.0534832254
v -0.0977135226 0.206566259 0.0534840599
v -0.12797378 0.19752501 0.044322826
v 0.152858093 0.191711351 0.0433535352
v -0.129758701 0.204441354 0.049545981
v -0.131101117 0.206566676 0.0534853712
v -0.150941238 0.20623605 0.0535197034
v -0.148013398 0.201299772 0.0465115085
v -0.149324581 0.204168364 0.0496750847
v -0.159127697 0.203348801 0.0500603691
v -0.161105618 0.205243394 0.053619422
v -0.165528461 0.203227326 0.0536896363
v -0.147363648 0.197467968 0.0446144715
v -0.157252178 0.197296664 0.0454888716
v -0.147124335 0.191757426 0.0436721221
v -0.1276391 0.191711351 0.0433535352
v -0.12752752 0.183177337 0.0430451408
v 0.152746543 0.183177337 0.0430451408
v -0.157613143 0.200756058 0.0472095385
v -0.160974011 0.200018629 0.0481521264
v -0.163165197 0.201588914 0.0503204837
v 0.124771275 -0.0283603873 0.0539248958
v 0.124714263 -0.0283172932 0.05391673
v 0.127794042 -0.0283342209 0.0466485396
v 0.127847567 -0.028377315 0.0466649309
v 0.0126094893 0.21016632 0.0663215891
v -0.0485464856 0.21016632 0.0663215891
v -0.0485464856 0.210887596 0.0666765943
v -0.100752883 0.210887656 0.0666765943
v -0.100752883 0.21016638 0.0663215891
v -0.135065719 0.210887477 0.0666760579
v -0.135059878 0.21016638 0.0663215891
v -0.15551649 0.210526034 0.0666731969
v -0.155476376 0.209807619 0.0663223639
v -0.166189 0.209418103 0.066659607
v -0.166010901 0.2087311 0.0663247481
v -0.171098992 0.207127318 0.0666427389
v -0.170672223 0.206578001 0.0663295165
v -0.174095675 0.203289494 0.0666471496
v -0.173469111 0.202989444 0.0663374439
v -0.175565109 0.197251901 0.0666708127
v -0.174867615 0.197153255 0.0663503781
v -0.176041529 0.188275501 0.0666960254
v -0.175333843 0.188257262 0.0663701072
v -0.176042482 0.175490007 0.0667255893
v -0.175333902 0.175489232 0.066398479
v -0.176042542 0.158037826 0.066764392
v -0.175333962 0.158037111 0.0664372221
v -0.176042542 0.137351558 0.0668104067
v -0.175334021 0.137350842 0.0664832368
v -0.176042601 0.114881314 0.0668603554
v -0.175334021 0.114880599 0.0665331855
v -0.176042601 0.0703891292 0.0669592991
v -0.175334021 0.070388414 0.0666321293
v -0.176042542 0.0501511469 0.0670043007
v -0.175334021 0.0501504317 0.0666771308
v 0.125111327 -0.0283156242 0.0546452776
v 0.125138506 -0.0283588376 0.0546059385
v 0.125502095 -0.0283586588 0.0546724573
v 0.128368542 -0.0283355918 0.0460489169
v 0.128326967 -0.0282100048 0.0460061207
v 0.128782347 -0.0282103624 0.0458303466
v 0.128804371 -0.028336009 0.0458807126
v 0.124746032 -0.0283597913 0.0542045012
v 0.12468759 -0.0283166375 0.0542118326
v 0.124714263 -0.0283172932 0.05391673
v 0.124771275 -0.0283603873 0.0539248958
v 0.201261476 0.175489947 0.0667255893
v 0.201261535 0.158037826 0.066764392
v 0.200552955 0.158037052 0.0664372221
v 0.200552925 0.175489232 0.066398479
v 0.201260522 0.188275501 0.0666960254
v 0.200552836 0.188257262 0.0663701072
v 0.200784072 0.197251901 0.0666708127
v 0.200086609 0.197153255 0.0663503781
v 0.199314639 0.203289494 0.0666471496
v 0.198688105 0.202989444 0.0663374439
v 0.196317986 0.207127318 0.0666427389
v 0.195891216 0.206578001 0.0663295165
v 0.191408023 0.209418103 0.066659607
v 0.191229925 0.2087311 0.0663247481
v 0.180735484 0.210526034 0.0666731969
v 0.18069537 0.209807619 0.0663223639
v 0.160284713 0.210887477 0.0666760579
v 0.160278901 0.21016638 0.0663215891
v 0.125971869 0.210887656 0.0666765943
v 0.125971869 0.21016638 0.0663215891
v 0.0737655237 0.210887596 0.0666765943
v 0.0737655237 0.21016632 0.0663215891
v 0.0126094893 0.210887596 0.0666765943
v 0.128277704 -0.0284290519 0.0467962995
v 0.128450111 -0.0284296479 0.046540238
v 0.128450111 -0.0276932921 0.0465385094
v 0.128277704 -0.0276926961 0.046794571
v -0.165434346 0.198494896 0.0500738397
v -0.168144152 0.199826762 0.0536355749
v -0.169428334 0.194220528 0.0535543934
v -0.16186665 0.197481975 0.047218062
v -0.162524745 0.192304239 0.0465340987
v -0.157414004 0.191895708 0.0446277633
v -0.166473135 0.193161175 0.0497047678
v -0.166819677 0.184682176 0.049597241
v -0.169856831 0.18558751 0.0535433069
v -0.169857368 0.17316179 0.0535722151
v -0.157468066 0.183478341 0.0443555489
v -0.147044584 0.183252618 0.0433727279
v -0.162744269 0.183929786 0.0463211909
v -0.169857726 0.156177267 0.0536107197
v -0.169857904 0.136051521 0.0536558405
v -0.169857964 0.114202179 0.0537045375
v -0.169857964 0.0920469537 0.0537537709
v -0.157468066 0.00796578266 0.0447458401
v -0.0454270765 0.00892219879 0.043432571
v -0.147044584 0.00868312456 0.0437608734
v -0.0949705169 0.00892219879 0.043432571
v -0.12752752 0.00892219879 0.043432571
v -0.162744328 0.00653109886 0.046715714
v -0.166819677 0.00494317152 0.0499969497
v -0.164845452 0.00529311039 0.0484155789
v -0.166794404 0.00413368084 0.0500074998
v -0.169856891 0.00406483747 0.0539469495
v -0.169748828 0.00125459745 0.0539607182
v -0.169857427 0.0176022444 0.0539181009
v -0.169857726 0.0334751382 0.0538835302
v -0.169857904 0.0513774529 0.0538441315
v -0.169857964 0.0710034147 0.0538005605
v 0.125138506 -0.0283588376 0.0546059385
v 0.125111327 -0.0283156242 0.0546452776
v 0.124832667 -0.0283160415 0.0544651523
v 0.125557825 -0.0284115281 0.0543259755
v 0.125356689 -0.0284116473 0.0542891398
v 0.125356689 -0.0276752319 0.0542874709
v 0.125557825 -0.0276751723 0.0543242469
v 0.12468759 -0.0283166375 0.0542118326
v 0.124746032 -0.0283597913 0.0542045012
v 0.124880381 -0.0283591952 0.0544391051
v 0.189685509 0.213789925 0.0746207014
v 0.189889744 0.212988421 0.0739918724
v 0.186331049 0.212840602 0.0736087933
v 0.186351374 0.21224837 0.0734584108
v 0.189490274 0.214283749 0.0753269568
v 0.192365482 0.214654192 0.0762867704
v 0.192742988 0.214183792 0.0756413117
v 0.193137929 0.213406906 0.0750761405
v 0.189970598 0.212398753 0.0738479868
v 0.189970598 0.209239706 0.0750671998
v 0.186351374 0.209089383 0.0746776238
v 0.186331049 0.208751783 0.0751868859
v 0.0940382555 0.208751783 0.0751868859
v 0.189889744 0.208899602 0.0755699053
v 0.193294272 0.209667966 0.0761766806
v 0.193294272 0.212826952 0.0749574676
v 0.196004674 0.21406351 0.0767774358
v 0.196227178 0.213498756 0.0766979828
v 0.196227178 0.21033971 0.0779172555
v 0.193137929 0.209318087 0.076654233
v 0.189685509 0.208728477 0.076574184
v 0.186279729 0.208586976 0.0762075558
v 0.094014205 0.208586976 0.0762075558
v -0.0688073561 0.208586976 0.0762075558
v -0.0688313767 0.208751783 0.0751868859
v -0.161072835 0.208586976 0.0762075558
v -0.161124155 0.208751783 0.0751868859
v -0.164478645 0.208728477 0.076574184
v -0.16468285 0.208899602 0.0755699053
v -0.16114448 0.209089383 0.0746776238
v -0.167536125 0.209122345 0.0775947943
v -0.167931065 0.209318087 0.076654233
v -0.170235738 0.209740683 0.0791969076
v -0.17079781 0.209974751 0.0783555284
v -0.172489032 0.210552022 0.0812990442
v -0.173189744 0.210835978 0.0805870667
v -0.174206361 0.211524114 0.0838176385
v -0.175013348 0.211868212 0.0832615271
v -0.175300345 0.212625012 0.0866700783
v -0.176175639 0.213037774 0.0862918273
v -0.175693318 0.213851318 0.0898474231
v -0.176586196 0.214319155 0.089611806
v -0.175693318 0.233962223 0.141954705
v -0.176586196 0.234439865 0.141744539
v -0.175693318 0.269452065 0.233908758
v -0.176586196 0.269947052 0.233743474
v -0.175693318 0.289563 0.286016017
v -0.176586196 0.290067822 0.285876185
v -0.175300345 0.290789306 0.289193362
v -0.176175639 0.291349173 0.289196223
v -0.174206361 0.291890204 0.292045802
v -0.175013408 0.292518735 0.292226523
v -0.172489032 0.292862266 0.294564396
v -0.173189744 0.293550938 0.294900984
v -0.170235738 0.293673575 0.296666473
v -0.17079781 0.294412225 0.297132522
v -0.167536125 0.294291914 0.298268586
v -0.167931065 0.29506883 0.298833817
v -0.164478645 0.294685841 0.299289256
v -0.16468285 0.295487314 0.299918085
v -0.161072835 0.294827342 0.299655825
v -0.161124155 0.295635134 0.300301164
v -0.0688073561 0.294827342 0.299655825
v -0.0688313767 0.295635134 0.300301164
v 0.094014205 0.294827342 0.299655825
v 0.0940382555 0.295635134 0.300301164
v 0.186279729 0.294827342 0.299655825
v 0.186331049 0.295635134 0.300301164
v 0.189685509 0.294685841 0.299289256
v 0.189889744 0.295487314 0.299918085
v 0.192742988 0.294291943 0.298268646
v 0.193137929 0.29506883 0.298833817
v 0.195442632 0.293673575 0.296666473
v 0.196004674 0.294412225 0.297132522
v 0.197695896 0.292862266 0.294564337
v 0.193294302 0.295648783 0.29895249
v 0.198396638 0.293550938 0.294900984
v 0.199413225 0.291890204 0.292045802
v 0.196227178 0.294977009 0.297211975
v 0.200220242 0.292518705 0.292226523
v 0.200507209 0.290789306 0.289193362
v 0.198674098 0.294095963 0.294929177
v 0.201382473 0.291349173 0.289196223
v 0.200900182 0.289563 0.286016017
v 0.200539812 0.293039918 0.292192966
v 0.20179309 0.290067822 0.285876185
v 0.200900182 0.269452065 0.233908758
v 0.201729044 0.291843176 0.289092213
v 0.20179309 0.269947052 0.233743474
v 0.200900182 0.233962223 0.141954705
v 0.202146634 0.29054004 0.285715729
v 0.20179309 0.234439865 0.141744539
v 0.200900182 0.213851318 0.0898474231
v 0.20179309 0.214319095 0.089611806
v 0.200507239 0.212624952 0.0866700783
v 0.202146634 0.234901354 0.141556248
v 0.201382503 0.213037774 0.0862918273
v 0.199413255 0.211524114 0.0838176385
v 0.202146634 0.21477668 0.0894134417
v 0.200220272 0.211868212 0.0832615271
v 0.197695896 0.210552022 0.0812990442
v 0.201729074 0.213473544 0.0860369578
v 0.198396638 0.210835978 0.0805870667
v 0.195442632 0.209740743 0.0791969672
v 0.200539812 0.212276801 0.082936205
v 0.196004674 0.209974751 0.0783555284
v 0.192742988 0.209122345 0.0775947943
v 0.198674098 0.211220786 0.0801999941
v 0.198674098 0.214379773 0.0789807811
v 0.198396638 0.214924797 0.0790089741
v 0.200539812 0.215435848 0.081716992
v 0.200220272 0.215957031 0.0816834345
v 0.201729074 0.21663253 0.0848177448
v 0.201382503 0.217126593 0.0847137347
v 0.20179309 0.218407914 0.0880337134
v 0.202146634 0.217935726 0.0881942287
v 0.202146634 0.23806037 0.140337035
v 0.20179309 0.238528684 0.140166447
v 0.202146634 0.273574412 0.232353732
v 0.20179309 0.274035871 0.232165381
v 0.202146634 0.293699056 0.284496516
v 0.20179309 0.294156611 0.284298092
v 0.201729044 0.295002192 0.287873
v 0.201382473 0.295437992 0.28761813
v 0.200539812 0.296198934 0.290973753
v 0.200220242 0.296607524 0.290648431
v 0.198674098 0.29725498 0.293709904
v 0.196227178 0.298136026 0.295992702
v 0.187963471 0.171716616 0.0463487282
v 0.18796356 0.155022725 0.0463861004
v 0.182687178 0.154708371 0.0444198027
v 0.192039236 0.15554671 0.0496633425
v 0.192039028 0.172372505 0.049625434
v 0.182687089 0.183478341 0.0443555489
v 0.195076421 0.17316179 0.0535722151
v 0.19203867 0.184682176 0.049597241
v 0.195076749 0.156177208 0.0536107197
v 0.195075855 0.18558751 0.0535433069
v 0.195076898 0.136051521 0.0536558405
v 0.194647357 0.194220468 0.0535543934
v 0.192039326 0.13561134 0.0497079268
v 0.192039385 0.11397282 0.0497560874
v 0.195076957 0.114202179 0.0537045375
v 0.195076957 0.0920469537 0.0537537709
v 0.195076957 0.0710034147 0.0538005605
v 0.195076898 0.0513774529 0.0538441315
v 0.18796365 0.113782264 0.0464779511
v 0.187963679 0.0920302048 0.0465263501
v 0.18796365 0.0713866726 0.0465722457
v 0.18796359 0.0521403924 0.0466149822
v 0.192039207 0.0340786353 0.0499334112
v 0.195076749 0.0334751382 0.0538835302
v 0.195076391 0.0176022444 0.0539181009
v 0.182687059 0.00796572305 0.0447458401
v 0.18796356 0.0345802084 0.046653904
v 0.172263578 0.00868306495 0.0437608734
v 0.187963471 0.0189949069 0.0466883555
v 0.192039028 0.0183627997 0.0499679223
v 0.19203867 0.00494317152 0.0499969497
v 0.195075855 0.00406483747 0.0539469495
v 0.1900682 0.00529615022 0.048411347
v 0.187963322 0.00653109886 0.0467156544
v 0.192012653 0.00413308479 0.0500082746
v 0.194967553 0.00125447824 0.0539608374
v 0.152746513 0.00892219879 0.043432571
v 0.120189466 0.00892219879 0.043432571
v 0.070646055 0.00892219879 0.043432571
v 0.0126094893 0.00892219879 0.043432571
v 0.172263607 0.183252618 0.0433727279
v 0.172343358 0.191757426 0.0436721221
v 0.187963322 0.183929786 0.0463211909
v 0.187743768 0.192304239 0.0465340987
v 0.182633057 0.191895708 0.0446277633
v 0.191692129 0.193161115 0.0497047678
v 0.190653339 0.198494837 0.0500738397
v 0.193363145 0.199826702 0.0536355749
v 0.190747455 0.203227326 0.0536896363
v 0.182471171 0.197296664 0.0454888716
v 0.187085643 0.197481975 0.047218062
v 0.186193004 0.200018629 0.0481521264
v 0.18838419 0.201588914 0.0503204837
v 0.184346691 0.203348801 0.0500603691
v 0.186324582 0.205243334 0.053619422
v 0.176160231 0.20623605 0.0535197034
v 0.182832167 0.200756058 0.0472095385
v 0.173232391 0.201299772 0.0465115085
v 0.172582641 0.197467968 0.0446144715
v 0.174543604 0.204168364 0.0496750847
v 0.15632011 0.206566676 0.0534853712
v 0.190046623 0.219349131 0.101422645
v 0.0939911976 0.219349131 0.101422645
v 0.0939911976 0.218641028 0.101695932
v 0.190046623 0.218641028 0.101695932
v -0.0687842891 0.218641028 0.101695932
v -0.0687842891 0.219349131 0.101422645
v -0.164839789 0.218641028 0.101695932
v -0.164839789 0.219349131 0.101422645
v 0.154261664 -0.0283156242 0.0546452776
v 0.154294446 -0.0281897988 0.0546926036
v 0.153886244 -0.02818962 0.0547672883
v 0.153877869 -0.0283154454 0.0547154918
v 0.198735818 -0.00466766022 0.0620922223
v -0.173516795 -0.00466760062 0.0620922223
v 0.199019715 -0.00526376627 0.0628039613
v -0.173800752 -0.00526370667 0.0628039613
v 0.199261054 -0.00594713353 0.0634259954
v -0.174042091 -0.00594707392 0.0634259954
v 0.199441895 -0.00670101307 0.0639471188
v -0.174222872 -0.00670101307 0.0639471188
v 0.199577346 -0.00751646422 0.0643632188
v -0.174358293 -0.00751646422 0.0643632188
v 0.199667111 -0.00842138194 0.0646762624
v -0.174448058 -0.00842138194 0.0646762624
v 0.199690983 -0.00928558968 0.0648559108
v -0.174472019 -0.00928553008 0.0648559108
v 0.199683353 -0.00970180891 0.0648851171
v -0.17446433 -0.00970180891 0.0648851171
v -0.17439656 -0.0102117267 0.0649208203
v 0.199615523 -0.0102117267 0.0649208799
v 0.19550769 -0.0249741282 0.0649536625
v 0.198298916 -0.0186022129 0.0649395362
v -0.173079833 -0.0186021533 0.0649394765
v -0.165637061 -0.0287972298 0.0649621859
v -0.170288786 -0.0249741878 0.0649536625
v -0.155124471 -0.0307088103 0.0649664178
v -0.134750709 -0.0313458666 0.0649678484
v -0.100515537 -0.0313457474 0.0649678484
v -0.0484184548 -0.0313456878 0.0649678484
v 0.0126094893 -0.0313456878 0.0649678484
v 0.073637493 -0.0313456878 0.0649678484
v 0.125734523 -0.0313457474 0.0649678484
v 0.159969762 -0.0313458666 0.0649678484
v 0.180343494 -0.0307088103 0.0649664178
v 0.190856054 -0.028797349 0.0649621859
v 0.128022596 -0.0283349957 0.0463090912
v 0.127965465 -0.0282093491 0.0462779179
v 0.128326967 -0.0282100048 0.0460061207
v 0.128368542 -0.0283355918 0.0460489169
v 0.153815195 -0.0284115281 0.0543259755
v 0.125557825 -0.0284115281 0.0543259755
v 0.125557825 -0.0276751723 0.0543242469
v 0.153815195 -0.0276751723 0.0543242469
v 0.128450111 -0.0284296479 0.046540238
v 0.128679797 -0.0284300651 0.0463675037
v 0.128679797 -0.0276936498 0.0463658348
v 0.128450111 -0.0276932921 0.0465385094
v 0.153877869 -0.0283154454 0.0547154918
v 0.153886244 -0.02818962 0.0547672883
v 0.125486776 -0.02818962 0.0547672883
v 0.125495151 -0.0283154454 0.0547154918
v 0.127794042 -0.0283342209 0.0466485396
v 0.127729431 -0.0282085147 0.0466285124
v 0.127965465 -0.0282093491 0.0462779179
v 0.128022596 -0.0283349957 0.0463090912
v 0.154016331 -0.0284116473 0.0542891398
v 0.153815195 -0.0284115281 0.0543259755
v 0.153815195 -0.0276751723 0.0543242469
v 0.154016331 -0.0276752319 0.0542874709
v 0.125495151 -0.0283154454 0.0547154918
v 0.125486776 -0.02818962 0.0547672883
v 0.125078574 -0.0281897988 0.0546926036
v 0.125111327 -0.0283156242 0.0546452776
v -0.16114448 0.21224837 0.0734584108
v 0.0940382555 0.212840602 0.0736087933
v -0.0688313767 0.212840602 0.0736087933
v 0.094014205 0.213648424 0.0742541328
v 0.186279729 0.213648424 0.0742541328
v 0.186230645 0.214148328 0.0749760643
v 0.124714263 -0.0283172932 0.05391673
v 0.124645419 -0.028191587 0.0539066568
v 0.127729431 -0.0282085147 0.0466285124
v 0.127794042 -0.0283342209 0.0466485396
v 0.128679797 -0.0284300651 0.0463675037
v 0.128969148 -0.0284303036 0.0462558642
v 0.128969148 -0.0276939478 0.0462541357
v 0.128679797 -0.0276936498 0.0463658348
v 0.12468759 -0.0283166375 0.0542118326
v 0.124617077 -0.0281908717 0.0542205349
v 0.124645419 -0.028191587 0.0539066568
v 0.124714263 -0.0283172932 0.05391673
v 0.125111327 -0.0283156242 0.0546452776
v 0.125078574 -0.0281897988 0.0546926036
v 0.12477506 -0.028190216 0.0544964448
v 0.124832667 -0.0283160415 0.0544651523
v -0.147482857 0.180290446 0.0742248073
v -0.147482857 0.0505078807 0.0745133534
v -0.14037089 0.0607927218 0.0744905248
v 0.163857624 0.0607927218 0.0744905248
v -0.14037089 0.169238552 0.0742493644
v 0.17096962 0.0505078807 0.0745133534
v 0.163857624 0.169238552 0.0742493644
v 0.17096962 0.180290446 0.0742248073
v 0.124832667 -0.0283160415 0.0544651523
v 0.12477506 -0.028190216 0.0544964448
v 0.124617077 -0.0281908717 0.0542205349
v 0.12468759 -0.0283166375 0.0542118326
v -0.142755672 0.17051892 0.0648718253
v -0.142755672 0.057584323 0.0651229396
v 0.166518137 0.057584323 0.0651229396
v 0.166518137 0.17051892 0.0648718253
v -0.170189127 -0.0249110069 0.0646535531
v -0.165540263 -0.0287329163 0.0646620169
v -0.155033514 -0.0306439009 0.0646662489
v 0.199502751 -0.0102225747 0.0646208897
v -0.100454263 -0.031280838 0.0646676794
v -0.134670898 -0.0312808976 0.0646676794
v 0.195408598 -0.0249113645 0.0646535531
v 0.198197946 -0.0185414162 0.0646393672
v -0.0483854339 -0.0312807783 0.0646676794
v 0.0126094893 -0.0312807783 0.0646676794
v 0.073604472 -0.0312807783 0.0646676794
v 0.125673279 -0.031280838 0.0646676794
v 0.159889922 -0.0312810168 0.064667739
v 0.180252507 -0.0306439009 0.0646663085
v 0.190759495 -0.0287333336 0.0646620765
v 0.128969148 -0.0284303036 0.0462558642
v 0.129347309 -0.0284304228 0.0462102666
v 0.129347309 -0.0276940074 0.0462085381
v 0.128969148 -0.0276939478 0.0462541357
v 0.129347309 -0.0284304228 0.0462102666
v 0.150025681 -0.0284304228 0.0462102666
v 0.150025681 -0.0276940074 0.0462085381
v 0.129347309 -0.0276940074 0.0462085381
v 0.163857624 0.169238552 0.0742493644
v -0.14037089 0.169238552 0.0742493644
v -0.14037089 0.169227406 0.0692494288
v 0.163857624 0.169227406 0.0692494288
v -0.174360022 -0.00948431157 0.0645690933
v -0.174283668 -0.0102225151 0.0646208897
v -0.172978565 -0.0185412373 0.0646393672
v 0.199579075 -0.00948431157 0.0645691529
v 0.199544057 -0.00846244954 0.064378418
v -0.174325034 -0.00846244954 0.064378418
v 0.199459836 -0.00763501786 0.0640868917
v -0.174240753 -0.00763501786 0.0640868917
v 0.199330285 -0.00685515068 0.0636890307
v -0.174111232 -0.00685515068 0.0636889711
v 0.199239567 -0.00647701882 0.0634276047
v -0.174020633 -0.00647695921 0.0634276047
v 0.199150965 -0.00613351725 0.0631901398
v -0.173931941 -0.00613345765 0.0631901398
v 0.198920384 -0.00548072718 0.0625958219
v -0.173701331 -0.00548066758 0.0625958219
v 0.198645756 -0.00490417145 0.0619073883
v -0.173426732 -0.00490411185 0.0619073883
v 0.198404297 -0.00446810387 0.0613087192
v -0.173230395 -0.00454851054 0.061419107
v 0.150025681 -0.0284304228 0.0462102666
v 0.150403872 -0.0284303036 0.0462558642
v 0.150403872 -0.0276939478 0.0462541357
v 0.150025681 -0.0276940074 0.0462085381
v -0.14037089 0.0607927218 0.0744905248
v 0.163857624 0.0607927218 0.0744905248
v 0.163857624 0.0607816353 0.0694905296
v -0.14037089 0.0607816353 0.0694905296
v 0.150403872 -0.0284303036 0.0462558642
v 0.150693193 -0.0284300651 0.0463675037
v 0.150693193 -0.0276936498 0.0463658348
v 0.150403872 -0.0276939478 0.0462541357
v 0.190046623 0.291816086 0.289184183
v -0.164839789 0.23486726 0.141630098
v -0.164839789 0.219349131 0.101422645
v -0.0687842891 0.219349131 0.101422645
v -0.164839789 0.270340532 0.233541176
v -0.0687843487 0.291816086 0.289184183
v -0.164839789 0.291816086 0.289184183
v 0.0939911678 0.291816086 0.289184183
v 0.190046623 0.270340532 0.233541176
v 0.190046623 0.23486726 0.141630039
v 0.0939911976 0.219349131 0.101422645
v 0.190046623 0.219349131 0.101422645
v 0.154157504 -0.0284120049 0.0541447178
v 0.154109165 -0.0284117665 0.0542291179
v 0.154109165 -0.0276754107 0.054227449
v 0.154157504 -0.0276755895 0.0541430488
v 0.150693193 -0.0284300651 0.0463675037
v 0.15092288 -0.0284296479 0.046540238
v 0.15092288 -0.0276932921 0.0465385094
v 0.150693193 -0.0276936498 0.0463658348
v -0.171806619 -0.00201263116 0.0579372421
v -0.169734403 0.000882128079 0.053962566
v 0.18915619 0.00545952655 0.047677435
v -0.166782424 0.00375876739 0.050012745
v -0.163937256 0.00545952655 0.0476774946
v 0.194953158 0.00088200887 0.0539626256
v 0.197025612 -0.00201269076 0.0579371825
v 0.192000702 0.00375823095 0.0500134602
v 0.070646055 0.00855044462 0.0434334055
v 0.0126094893 0.00855044462 0.0434334055
v 0.120189466 0.00855044462 0.0434334055
v -0.162744328 0.00615940429 0.0467164889
v 0.187963322 0.00615940429 0.0467164889
v -0.0454270765 0.00855050422 0.0434334055
v -0.157468066 0.00759408809 0.044746615
v -0.0949705169 0.00855050422 0.0434334055
v -0.12752752 0.00855050422 0.0434334055
v -0.147044644 0.00831137039 0.0437617078
v 0.182687059 0.00759402849 0.044746615
v 0.172263607 0.00831137039 0.0437617078
v 0.152746513 0.00855044462 0.0434334055
v 0.15092288 -0.0284296479 0.046540238
v 0.151095316 -0.0284290519 0.0467962995
v 0.151095316 -0.0276926961 0.046794571
v 0.15092288 -0.0276932921 0.0465385094
v 0.154143527 -0.0284123626 0.0539900437
v 0.154157504 -0.0284120049 0.0541447178
v 0.154157504 -0.0276755895 0.0541430488
v 0.154143527 -0.0276759472 0.0539883748
v 0.151095316 -0.0284290519 0.0467962995
v 0.154143527 -0.0284123626 0.0539900437
v 0.154143527 -0.0276759472 0.0539883748
v 0.151095316 -0.0276926961 0.046794571
v 0.154294446 -0.0136829223 0.0546603575
v 0.154597953 -0.0136833396 0.0544641986
v 0.154755935 -0.0136839952 0.0541882887
v 0.153886244 -0.0136827435 0.0547350422
v 0.154727563 -0.0136847105 0.0538744107
v 0.151643589 -0.0137016382 0.0465962663
v 0.151407525 -0.0137024727 0.0462456718
v 0.151046023 -0.0137031283 0.0459738746
v 0.150590643 -0.013703486 0.0457981005
v 0.150072917 -0.0137036648 0.0457356349
v 0.129300103 -0.0137036648 0.0457356349
v 0.128782347 -0.013703486 0.0457981005
v 0.128326967 -0.0137031283 0.0459738746
v 0.127965465 -0.0137024727 0.0462456718
v 0.127729431 -0.0137016382 0.0465962663
v 0.124645419 -0.0136847105 0.0538744107
v 0.125486776 -0.0136827435 0.0547350422
v 0.124617077 -0.0136839952 0.0541882887
v 0.12477506 -0.0136833396 0.0544641986
v 0.125078574 -0.0136829223 0.0546603575
v 0.163857624 0.0607927218 0.0744905248
v 0.163857624 0.169238552 0.0742493644
v 0.163857624 0.169227406 0.0692494288
v 0.163857624 0.0607816353 0.0694905296
v 0.168898359 0.210165665 0.0745989457
v 0.168898359 0.207075641 0.0746058598
v 0.168898359 0.207264349 0.0756622925
v 0.168898359 0.20725964 0.0735485926
v 0.168898359 0.207802996 0.0765904561
v 0.168898359 0.207794175 0.0726179853
v 0.168898359 0.208626613 0.0772784129
v 0.168898359 0.208614692 0.0719263926
v 0.168898359 0.209635839 0.0776431933
v 0.168898359 0.209622309 0.0715570822
v 0.168898359 0.21070902 0.0776408091
v 0.168898359 0.21069549 0.0715546981
v 0.168898359 0.211716637 0.0772715583
v 0.168898359 0.211704716 0.0719194785
v 0.168898359 0.212537155 0.076579906
v 0.168898359 0.212528333 0.0726074949
v 0.168898359 0.213071689 0.0756493583
v 0.168898359 0.21306698 0.0735356584
v 0.168898359 0.213255689 0.0745920911
v 0.186041489 0.207075641 0.0746058598
v 0.168898359 0.207264349 0.0756622925
v 0.168898359 0.207075641 0.0746058598
v 0.186041489 0.207264349 0.0756622925
v 0.186041489 0.20725964 0.0735485926
v 0.168898359 0.207802996 0.0765904561
v 0.168898359 0.20725964 0.0735485926
v 0.186041489 0.207802996 0.0765904561
v 0.186041489 0.207794175 0.0726180449
v 0.168898359 0.208626613 0.0772784129
v 0.168898359 0.207794175 0.0726179853
v 0.186041489 0.208626613 0.0772784129
v 0.186041489 0.208614692 0.0719263926
v 0.168898359 0.209635839 0.0776431933
v 0.168898359 0.208614692 0.0719263926
v 0.186041489 0.209635839 0.0776432529
v 0.186041489 0.209622309 0.0715570822
v 0.168898359 0.21070902 0.0776408091
v 0.168898359 0.209622309 0.0715570822
v 0.186041489 0.21070902 0.0776408687
v 0.186041489 0.21069549 0.0715546981
v 0.168898359 0.211716637 0.0772715583
v 0.168898359 0.21069549 0.0715546981
v 0.186041489 0.211716637 0.0772715583
v 0.186041489 0.211704716 0.0719195381
v 0.168898359 0.212537155 0.076579906
v 0.168898359 0.211704716 0.0719194785
v 0.186041489 0.212537155 0.076579906
v 0.186041489 0.212528333 0.0726074949
v 0.168898359 0.213071689 0.0756493583
v 0.168898359 0.212528333 0.0726074949
v 0.186041489 0.213071689 0.0756493583
v 0.186041489 0.21306698 0.0735356584
v 0.168898359 0.213255689 0.0745920911
v 0.168898359 0.21306698 0.0735356584
v 0.186041489 0.213255689 0.0745920911
v 0.190046623 0.23486726 0.141630039
v 0.190046623 0.219349131 0.101422645
v 0.190046623 0.218641028 0.101695932
v 0.190046623 0.234159186 0.141903326
v 0.190046623 0.270340532 0.233541176
v 0.190046623 0.269632488 0.233814463
v 0.190046623 0.291816086 0.289184183
v 0.190046623 0.291108042 0.28945747
v -0.14037089 0.169238552 0.0742493644
v -0.14037089 0.0607927218 0.0744905248
v -0.14037089 0.0607816353 0.0694905296
v -0.14037089 0.169227406 0.0692494288
v -0.14334552 0.207075581 0.074605681
v -0.14334552 0.207802936 0.0765902773
v -0.14334552 0.207264289 0.0756621137
v -0.14334552 0.208626553 0.0772782341
v -0.14334552 0.20725958 0.0735484138
v -0.14334552 0.207794115 0.0726178661
v -0.14334552 0.209635779 0.0776430741
v -0.14334552 0.208614632 0.0719262138
v -0.14334552 0.210708961 0.0776406899
v -0.14334552 0.209622249 0.071556963
v -0.14334552 0.211716577 0.0772713795
v -0.14334552 0.210695431 0.0715545192
v -0.14334552 0.212537095 0.0765797868
v -0.14334552 0.211704656 0.0719193593
v -0.14334552 0.213071629 0.0756491795
v -0.14334552 0.212528273 0.0726073161
v -0.14334552 0.213255629 0.0745919123
v -0.14334552 0.213066921 0.0735354796
v -0.14334552 0.207075581 0.074605681
v -0.16048865 0.207264289 0.0756621137
v -0.16048865 0.207075581 0.074605681
v -0.14334552 0.207264289 0.0756621137
v -0.14334552 0.20725958 0.0735484138
v -0.16048865 0.207802936 0.0765902773
v -0.16048865 0.20725958 0.0735484138
v -0.14334552 0.207802936 0.0765902773
v -0.14334552 0.207794115 0.0726178661
v -0.16048865 0.208626553 0.0772782341
v -0.16048865 0.207794115 0.0726178661
v -0.14334552 0.208626553 0.0772782341
v -0.14334552 0.208614632 0.0719262138
v -0.16048865 0.209635779 0.0776430741
v -0.16048865 0.208614632 0.0719262138
v -0.14334552 0.209635779 0.0776430741
v -0.14334552 0.209622249 0.071556963
v -0.16048865 0.210708961 0.0776406899
v -0.16048865 0.209622249 0.0715569034
v -0.14334552 0.210708961 0.0776406899
v -0.14334552 0.210695431 0.0715545192
v -0.16048865 0.211716577 0.0772713795
v -0.16048865 0.210695431 0.0715545192
v -0.14334552 0.211716577 0.0772713795
v -0.14334552 0.211704656 0.0719193593
v -0.16048865 0.212537095 0.0765797272
v -0.16048865 0.211704656 0.0719193593
v -0.14334552 0.212537095 0.0765797868
v -0.14334552 0.212528273 0.0726073161
v -0.16048865 0.213071629 0.0756491795
v -0.16048865 0.212528273 0.0726073161
v -0.14334552 0.213071629 0.0756491795
v -0.14334552 0.213066921 0.0735354796
v -0.16048865 0.213255629 0.0745919123
v -0.16048865 0.213066921 0.0735354796
v -0.14334552 0.213255629 0.0745919123
v -0.164839789 0.270340532 0.233541176
v -0.164839789 0.291816086 0.289184183
v -0.164839789 0.291108042 0.289457411
v -0.164839789 0.269632488 0.233814463
v -0.164839789 0.23486726 0.141630098
v -0.164839789 0.234159186 0.141903326
v -0.164839789 0.219349131 0.101422645
v -0.164839789 0.218641028 0.101695932
v 0.0939911678 0.291816086 0.289184183
v 0.190046623 0.291816086 0.289184183
v 0.190046623 0.291108042 0.28945747
v 0.0939911678 0.291108042 0.289457411
v -0.0687843487 0.291816086 0.289184183
v -0.0687843487 0.291108042 0.289457411
v -0.164839789 0.291816086 0.289184183
v -0.164839789 0.291108042 0.289457411
f 1 2 3
f 4 5 6
f 4 5 6
f 6 3 4
f 6 3 4
f 7 8 9
f 7 8 9
f 10 9 8
f 10 9 8
f 7 5 11
f 7 5 11
f 11 8 7
f 11 8 7
f 5 4 12
f 12 11 5
f 5 4 12
f 12 11 5
f 11 12 13
f 11 12 13
f 13 14 11
f 8 11 14
f 13 14 11
f 8 11 14
f 8 15 10
f 8 15 10
f 14 15 8
f 14 15 8
f 10 15 16
f 10 15 16
f 16 17 10
f 16 17 10
f 15 14 18
f 18 16 15
f 15 14 18
f 18 16 15
f 14 13 19
f 19 18 14
f 14 13 19
f 19 18 14
f 17 16 20
f 17 16 20
f 20 21 17
f 20 21 17
f 22 20 16
f 22 20 16
f 16 18 22
f 16 18 22
f 21 20 23
f 21 20 23
f 23 24 21
f 23 24 21
f 25 24 23
f 25 24 23
f 26 22 18
f 26 22 18
f 18 19 26
f 18 19 26
f 20 22 27
f 27 23 20
f 20 22 27
f 27 23 20
f 22 26 28
f 28 27 22
f 22 26 28
f 28 27 22
f 23 29 25
f 23 29 25
f 30 25 29
f 30 25 29
f 31 29 23
f 31 29 23
f 23 27 31
f 23 27 31
f 29 32 30
f 29 32 30
f 33 30 32
f 33 30 32
f 29 31 34
f 29 31 34
f 34 32 29
f 34 32 29
f 35 31 27
f 35 31 27
f 27 28 35
f 27 28 35
f 36 34 31
f 36 34 31
f 31 35 36
f 31 35 36
f 32 37 33
f 32 37 33
f 38 33 37
f 38 33 37
f 32 34 39
f 32 34 39
f 39 37 32
f 39 37 32
f 34 36 40
f 40 39 34
f 34 36 40
f 40 39 34
f 37 41 38
f 37 41 38
f 42 38 41
f 42 38 41
f 43 41 37
f 43 41 37
f 37 39 43
f 37 39 43
f 41 44 42
f 41 44 42
f 45 42 44
f 45 42 44
f 41 43 46
f 41 43 46
f 46 44 41
f 46 44 41
f 47 43 39
f 47 43 39
f 39 40 47
f 39 40 47
f 48 46 43
f 48 46 43
f 43 47 48
f 43 47 48
f 44 49 45
f 44 49 45
f 50 45 49
f 50 45 49
f 44 46 51
f 44 46 51
f 51 49 44
f 51 49 44
f 46 48 52
f 52 51 46
f 46 48 52
f 52 51 46
f 51 52 53
f 51 52 53
f 53 54 51
f 49 51 54
f 53 54 51
f 49 51 54
f 49 55 50
f 49 55 50
f 54 55 49
f 54 55 49
f 50 55 56
f 50 55 56
f 56 57 50
f 56 57 50
f 55 54 58
f 58 56 55
f 55 54 58
f 58 56 55
f 54 53 59
f 59 58 54
f 54 53 59
f 59 58 54
f 60 61 62
f 60 61 62
f 62 63 60
f 62 63 60
f 64 65 66
f 64 65 66
f 66 67 64
f 66 67 64
f 68 69 70
f 68 69 70
f 70 71 68
f 70 71 68
f 72 73 74
f 72 73 74
f 72 75 73
f 72 75 73
f 72 76 77
f 72 76 77
f 72 78 75
f 72 78 75
f 72 77 79
f 72 77 79
f 72 80 78
f 72 80 78
f 72 79 81
f 72 79 81
f 72 82 80
f 72 82 80
f 72 81 83
f 72 81 83
f 72 84 82
f 72 84 82
f 72 83 85
f 72 83 85
f 72 86 84
f 72 86 84
f 72 85 87
f 72 85 87
f 72 88 86
f 72 88 86
f 72 87 89
f 72 87 89
f 72 89 88
f 72 89 88
f 90 91 92
f 90 91 92
f 92 93 90
f 92 93 90
f 94 95 96
f 94 95 96
f 96 97 94
f 96 97 94
f 98 99 100
f 98 99 100
f 100 101 98
f 100 101 98
f 102 103 104
f 102 103 104
f 104 105 102
f 104 105 102
f 106 107 108
f 106 107 108
f 108 109 106
f 108 109 106
f 110 111 112
f 110 111 112
f 112 113 110
f 112 113 110
f 114 115 116
f 114 115 116
f 116 117 114
f 116 117 114
f 118 119 120
f 118 119 120
f 121 119 118
f 121 119 118
f 120 119 122
f 122 119 121
f 122 119 121
f 120 119 122
f 118 123 121
f 118 123 121
f 120 124 118
f 120 124 118
f 125 123 118
f 125 123 118
f 118 124 125
f 118 124 125
f 126 123 125
f 126 123 125
f 121 123 126
f 121 123 126
f 125 124 127
f 127 124 120
f 125 124 127
f 127 124 120
f 125 128 126
f 125 128 126
f 127 129 125
f 127 129 125
f 130 128 125
f 130 128 125
f 125 129 130
f 125 129 130
f 131 129 127
f 131 129 127
f 130 129 131
f 130 129 131
f 120 132 127
f 120 132 127
f 128 130 133
f 128 130 133
f 134 133 130
f 134 133 130
f 133 135 128
f 133 135 128
f 130 136 134
f 130 136 134
f 131 136 130
f 131 136 130
f 137 134 136
f 137 134 136
f 135 138 128
f 135 138 128
f 135 139 138
f 135 139 138
f 138 126 128
f 138 126 128
f 136 140 137
f 136 140 137
f 140 136 131
f 140 136 131
f 141 142 143
f 141 142 143
f 143 144 141
f 143 144 141
f 145 146 147
f 145 146 147
f 147 148 145
f 147 148 145
f 149 150 151
f 149 150 151
f 152 150 149
f 152 150 149
f 153 154 155
f 153 154 155
f 156 154 153
f 156 154 153
f 155 157 153
f 155 157 153
f 158 157 155
f 158 157 155
f 159 157 158
f 159 157 158
f 153 157 159
f 153 157 159
f 158 160 159
f 158 160 159
f 159 160 161
f 159 160 161
f 156 153 149
f 156 153 149
f 149 153 162
f 149 153 162
f 153 163 162
f 159 163 153
f 153 163 162
f 159 163 153
f 149 162 152
f 149 162 152
f 152 162 164
f 152 162 164
f 164 165 152
f 164 165 152
f 166 165 164
f 166 165 164
f 167 163 159
f 167 163 159
f 162 163 167
f 162 163 167
f 159 168 167
f 159 168 167
f 161 168 159
f 161 168 159
f 161 169 168
f 161 169 168
f 168 169 170
f 168 169 170
f 167 164 162
f 167 164 162
f 171 164 167
f 171 164 167
f 167 172 171
f 168 172 167
f 167 172 171
f 168 172 167
f 171 173 164
f 171 173 164
f 164 173 166
f 164 173 166
f 173 174 166
f 173 174 166
f 175 174 173
f 175 174 173
f 176 172 168
f 176 172 168
f 171 172 176
f 171 172 176
f 168 177 176
f 168 177 176
f 170 177 168
f 170 177 168
f 178 177 170
f 178 177 170
f 176 177 178
f 176 177 178
f 170 179 178
f 170 179 178
f 176 180 171
f 176 180 171
f 171 180 173
f 171 180 173
f 178 180 176
f 178 180 176
f 181 178 179
f 181 178 179
f 181 180 178
f 181 180 178
f 179 182 181
f 179 182 181
f 181 182 183
f 181 182 183
f 181 184 180
f 181 184 180
f 173 180 175
f 173 180 175
f 175 180 185
f 175 180 185
f 185 186 175
f 185 186 175
f 187 186 185
f 187 186 185
f 180 184 188
f 180 184 188
f 188 185 180
f 188 185 180
f 184 189 188
f 184 189 188
f 181 189 184
f 181 189 184
f 188 190 185
f 185 190 187
f 185 190 187
f 188 190 185
f 191 192 193
f 191 192 193
f 193 194 191
f 193 194 191
f 195 196 197
f 195 196 197
f 198 199 200
f 198 199 200
f 201 202 203
f 201 202 203
f 203 204 201
f 203 204 201
f 205 206 207
f 205 206 207
f 207 208 205
f 207 208 205
f 209 210 211
f 209 210 211
f 209 212 210
f 209 212 210
f 209 211 213
f 209 211 213
f 209 214 212
f 209 214 212
f 209 213 215
f 209 213 215
f 209 216 214
f 209 216 214
f 209 215 217
f 209 215 217
f 209 218 216
f 209 218 216
f 209 217 219
f 209 217 219
f 209 220 218
f 209 220 218
f 209 219 221
f 209 219 221
f 209 222 220
f 209 222 220
f 209 221 223
f 209 221 223
f 209 224 222
f 209 224 222
f 209 223 225
f 209 223 225
f 209 226 224
f 209 226 224
f 209 225 227
f 209 225 227
f 209 227 226
f 209 227 226
f 228 229 230
f 228 229 230
f 230 231 228
f 230 231 228
f 232 233 234
f 232 233 234
f 234 235 232
f 234 235 232
f 236 237 238
f 236 237 238
f 238 239 236
f 238 239 236
f 240 241 242
f 240 241 242
f 242 243 240
f 242 243 240
f 244 245 246
f 244 245 246
f 246 247 244
f 246 247 244
f 248 249 250
f 248 249 250
f 251 250 249
f 251 250 249
f 250 252 248
f 250 252 248
f 249 253 251
f 249 253 251
f 254 251 253
f 254 251 253
f 255 248 252
f 255 248 252
f 253 256 254
f 253 256 254
f 252 257 255
f 252 257 255
f 258 255 257
f 258 255 257
f 259 254 256
f 259 254 256
f 260 258 257
f 260 258 257
f 256 261 259
f 256 261 259
f 257 262 260
f 257 262 260
f 263 260 262
f 263 260 262
f 264 259 261
f 264 259 261
f 262 265 263
f 262 265 263
f 261 266 264
f 261 266 264
f 267 264 266
f 267 264 266
f 268 263 265
f 268 263 265
f 266 269 267
f 266 269 267
f 265 270 268
f 265 270 268
f 271 268 270
f 271 268 270
f 272 267 269
f 272 267 269
f 270 273 271
f 270 273 271
f 269 274 272
f 269 274 272
f 275 272 274
f 275 272 274
f 276 271 273
f 276 271 273
f 274 277 275
f 274 277 275
f 273 278 276
f 273 278 276
f 279 276 278
f 279 276 278
f 280 275 277
f 280 275 277
f 278 281 279
f 278 281 279
f 277 282 280
f 277 282 280
f 283 280 282
f 283 280 282
f 284 279 281
f 284 279 281
f 282 285 283
f 282 285 283
f 281 286 284
f 281 286 284
f 285 284 286
f 285 284 286
f 286 283 285
f 286 283 285
f 287 288 289
f 287 288 289
f 287 289 290
f 287 289 290
f 287 290 291
f 287 290 291
f 287 291 292
f 287 291 292
f 291 293 292
f 291 293 292
f 293 294 292
f 293 294 292
f 294 295 292
f 294 295 292
f 295 296 292
f 295 296 292
f 296 297 292
f 296 297 292
f 297 298 292
f 297 298 292
f 298 299 292
f 298 299 292
f 299 300 292
f 299 300 292
f 300 301 292
f 300 301 292
f 301 302 292
f 301 302 292
f 302 303 292
f 302 303 292
f 303 304 292
f 303 304 292
f 304 305 292
f 304 305 292
f 306 307 308
f 306 307 308
f 308 309 306
f 308 309 306
f 310 311 312
f 310 311 312
f 313 312 311
f 313 312 311
f 312 314 310
f 312 314 310
f 311 315 313
f 311 315 313
f 316 313 315
f 316 313 315
f 317 310 314
f 317 310 314
f 315 318 316
f 315 318 316
f 314 319 317
f 314 319 317
f 320 317 319
f 320 317 319
f 321 316 318
f 321 316 318
f 319 322 320
f 319 322 320
f 318 323 321
f 318 323 321
f 324 321 323
f 324 321 323
f 325 320 322
f 325 320 322
f 323 326 324
f 323 326 324
f 322 327 325
f 322 327 325
f 328 325 327
f 328 325 327
f 329 324 326
f 329 324 326
f 327 330 328
f 327 330 328
f 326 331 329
f 326 331 329
f 332 329 331
f 332 329 331
f 333 328 330
f 333 328 330
f 331 334 332
f 331 334 332
f 330 335 333
f 330 335 333
f 336 333 335
f 336 333 335
f 337 332 334
f 337 332 334
f 335 338 336
f 335 338 336
f 334 339 337
f 334 339 337
f 340 337 339
f 340 337 339
f 341 336 338
f 341 336 338
f 339 342 340
f 339 342 340
f 338 343 341
f 338 343 341
f 344 341 343
f 344 341 343
f 345 340 342
f 345 340 342
f 343 346 344
f 343 346 344
f 342 347 345
f 342 347 345
f 348 345 347
f 348 345 347
f 349 344 346
f 349 344 346
f 346 348 349
f 346 348 349
f 347 349 348
f 347 349 348
f 350 351 352
f 350 351 352
f 353 354 355
f 353 354 355
f 356 357 358
f 356 357 358
f 358 359 356
f 358 359 356
f 360 361 362
f 360 361 362
f 362 363 360
f 362 363 360
f 364 365 366
f 364 365 366
f 366 367 364
f 366 367 364
f 368 369 370
f 368 369 370
f 370 371 368
f 370 371 368
f 372 373 374
f 372 373 374
f 374 375 372
f 374 375 372
f 376 377 378
f 376 377 378
f 378 379 376
f 378 379 376
f 380 381 382
f 380 381 382
f 382 383 380
f 382 383 380
f 384 385 386
f 384 385 386
f 386 387 384
f 386 387 384
f 388 389 390
f 388 389 390
f 390 391 388
f 390 391 388
f 392 393 394
f 392 393 394
f 394 395 392
f 394 395 392
f 396 397 398
f 396 397 398
f 396 398 399
f 396 398 399
f 398 400 399
f 398 400 399
f 400 401 399
f 400 401 399
f 396 399 402
f 396 399 402
f 396 402 403
f 396 402 403
f 399 404 402
f 399 404 402
f 401 405 399
f 401 405 399
f 401 406 405
f 401 406 405
f 406 407 405
f 406 407 405
f 407 408 405
f 407 408 405
f 408 409 405
f 408 409 405
f 408 410 409
f 408 410 409
f 408 411 410
f 408 411 410
f 401 412 406
f 401 412 406
f 401 413 412
f 401 413 412
f 412 414 406
f 412 414 406
f 414 415 406
f 414 415 406
f 414 416 415
f 414 416 415
f 414 417 416
f 414 417 416
f 414 418 417
f 414 418 417
f 419 420 421
f 419 420 421
f 421 422 419
f 421 422 419
f 423 424 425
f 423 424 425
f 425 426 423
f 425 426 423
f 427 428 429
f 427 428 429
f 429 430 427
f 429 430 427
f 431 432 433
f 431 432 433
f 433 434 431
f 433 434 431
f 435 436 437
f 435 436 437
f 437 438 435
f 437 438 435
f 439 440 441
f 439 440 441
f 441 442 439
f 441 442 439
f 443 444 445
f 443 444 445
f 445 446 443
f 445 446 443
f 446 445 447
f 446 445 447
f 447 445 448
f 448 445 444
f 447 445 448
f 448 445 444
f 448 449 447
f 448 449 447
f 447 449 126
f 447 449 126
f 126 449 121
f 126 449 121
f 121 449 448
f 121 449 448
f 444 450 448
f 444 450 448
f 448 451 121
f 448 451 121
f 448 450 452
f 448 450 452
f 452 451 448
f 452 451 448
f 121 451 122
f 121 451 122
f 122 451 452
f 122 451 452
f 452 453 122
f 452 453 122
f 122 453 454
f 122 453 454
f 455 453 452
f 455 453 452
f 454 453 455
f 454 453 455
f 456 457 454
f 456 457 454
f 458 457 456
f 458 457 456
f 459 454 455
f 459 454 455
f 456 454 459
f 456 454 459
f 459 460 456
f 459 460 456
f 461 460 459
f 461 460 459
f 456 460 462
f 456 460 462
f 462 458 456
f 462 458 456
f 462 460 461
f 462 460 461
f 463 458 462
f 463 458 462
f 462 464 463
f 462 464 463
f 461 464 462
f 461 464 462
f 465 464 461
f 465 464 461
f 461 466 465
f 461 466 465
f 467 466 461
f 467 466 461
f 468 466 467
f 468 466 467
f 465 466 468
f 465 466 468
f 468 469 465
f 468 469 465
f 470 469 468
f 470 469 468
f 465 469 471
f 465 469 471
f 471 469 470
f 471 469 470
f 140 472 137
f 140 472 137
f 140 473 472
f 140 473 472
f 140 474 473
f 140 474 473
f 140 475 474
f 140 475 474
f 126 138 447
f 126 138 447
f 476 475 140
f 476 475 140
f 477 476 140
f 477 476 140
f 478 477 140
f 478 477 140
f 478 140 479
f 478 140 479
f 480 479 140
f 480 479 140
f 480 140 481
f 480 140 481
f 131 481 140
f 131 481 140
f 482 481 131
f 482 481 131
f 482 483 481
f 482 483 481
f 483 484 481
f 483 484 481
f 485 484 483
f 485 484 483
f 483 486 485
f 483 486 485
f 486 483 482
f 486 483 482
f 487 485 486
f 487 485 486
f 131 488 482
f 131 488 482
f 127 488 131
f 127 488 131
f 489 488 127
f 489 488 127
f 482 488 489
f 482 488 489
f 127 132 489
f 127 132 489
f 482 490 486
f 482 490 486
f 489 490 482
f 489 490 482
f 486 491 487
f 486 491 487
f 486 490 492
f 486 490 492
f 492 491 486
f 492 491 486
f 492 490 489
f 492 490 489
f 493 487 491
f 493 487 491
f 491 494 493
f 491 494 493
f 494 491 492
f 494 491 492
f 495 493 494
f 495 493 494
f 494 496 495
f 494 496 495
f 497 495 496
f 497 495 496
f 498 497 496
f 498 497 496
f 496 499 498
f 496 499 498
f 500 498 499
f 500 498 499
f 492 496 494
f 492 496 494
f 501 496 492
f 501 496 492
f 492 502 501
f 492 502 501
f 489 502 492
f 489 502 492
f 503 502 489
f 503 502 489
f 501 502 503
f 501 502 503
f 489 132 503
f 489 132 503
f 503 132 120
f 503 132 120
f 120 504 503
f 120 504 503
f 122 504 120
f 122 504 120
f 503 504 454
f 454 504 122
f 503 504 454
f 454 504 122
f 503 505 501
f 454 505 503
f 503 505 501
f 454 505 503
f 501 505 457
f 457 505 454
f 501 505 457
f 457 505 454
f 457 506 501
f 457 506 501
f 501 506 496
f 501 506 496
f 507 496 506
f 507 496 506
f 506 458 507
f 458 506 457
f 506 458 507
f 458 506 457
f 496 507 463
f 496 507 463
f 463 507 458
f 463 507 458
f 463 499 496
f 463 499 496
f 508 499 463
f 508 499 463
f 499 508 500
f 499 508 500
f 500 508 509
f 500 508 509
f 509 510 500
f 509 510 500
f 509 511 510
f 509 511 510
f 512 509 508
f 512 509 508
f 511 509 471
f 511 509 471
f 471 513 511
f 471 513 511
f 508 464 512
f 508 464 512
f 463 464 508
f 463 464 508
f 513 471 514
f 513 471 514
f 514 515 513
f 514 515 513
f 512 516 509
f 512 516 509
f 509 516 471
f 509 516 471
f 465 516 512
f 465 516 512
f 471 516 465
f 471 516 465
f 512 464 465
f 512 464 465
f 515 514 517
f 515 514 517
f 517 518 515
f 517 518 515
f 519 518 517
f 519 518 517
f 517 520 519
f 517 520 519
f 520 521 519
f 520 521 519
f 522 517 514
f 522 517 514
f 520 517 522
f 520 517 522
f 514 470 522
f 514 470 522
f 471 470 514
f 471 470 514
f 520 523 521
f 520 523 521
f 523 524 525
f 523 524 525
f 523 526 524
f 523 526 524
f 523 527 526
f 523 527 526
f 528 527 523
f 528 527 523
f 528 523 520
f 528 523 520
f 528 529 527
f 528 529 527
f 528 530 529
f 528 530 529
f 528 531 530
f 528 531 530
f 528 532 531
f 528 532 531
f 520 533 528
f 520 533 528
f 522 533 520
f 522 533 520
f 532 528 534
f 532 528 534
f 528 533 535
f 528 533 535
f 535 534 528
f 535 534 528
f 535 533 522
f 535 533 522
f 534 536 532
f 534 536 532
f 536 534 537
f 536 534 537
f 537 534 535
f 537 534 535
f 537 538 536
f 537 538 536
f 522 539 535
f 522 539 535
f 470 539 522
f 470 539 522
f 535 539 540
f 540 539 470
f 535 539 540
f 540 539 470
f 540 541 535
f 540 541 535
f 535 541 537
f 535 541 537
f 542 541 540
f 542 541 540
f 537 541 542
f 537 541 542
f 538 537 543
f 538 537 543
f 542 543 537
f 542 543 537
f 543 544 538
f 543 544 538
f 545 544 543
f 545 544 543
f 545 543 542
f 545 543 542
f 545 546 544
f 545 546 544
f 545 547 546
f 545 547 546
f 546 547 548
f 546 547 548
f 548 547 549
f 548 547 549
f 549 547 545
f 549 547 545
f 550 551 549
f 550 551 549
f 551 550 552
f 551 550 552
f 552 553 551
f 552 553 551
f 552 554 553
f 552 554 553
f 555 550 549
f 552 550 555
f 555 550 549
f 552 550 555
f 549 556 555
f 549 556 555
f 545 556 549
f 545 556 549
f 555 556 557
f 557 556 545
f 555 556 557
f 557 556 545
f 552 558 554
f 552 558 554
f 552 559 558
f 552 559 558
f 545 560 557
f 545 560 557
f 542 560 545
f 542 560 545
f 557 560 561
f 561 560 542
f 557 560 561
f 561 560 542
f 552 444 559
f 552 444 559
f 444 562 559
f 444 562 559
f 444 563 562
f 444 563 562
f 444 443 563
f 444 443 563
f 542 564 561
f 542 564 561
f 540 564 542
f 540 564 542
f 561 564 565
f 565 564 540
f 561 564 565
f 565 564 540
f 565 566 561
f 565 566 561
f 561 566 557
f 561 566 557
f 567 566 565
f 567 566 565
f 557 566 567
f 557 566 567
f 540 568 565
f 540 568 565
f 470 568 540
f 470 568 540
f 565 568 468
f 468 568 470
f 565 568 468
f 468 568 470
f 565 569 567
f 468 569 565
f 565 569 567
f 468 569 565
f 567 570 557
f 567 570 557
f 557 570 555
f 557 570 555
f 571 570 567
f 571 570 567
f 555 570 571
f 555 570 571
f 567 569 467
f 467 569 468
f 567 569 467
f 467 569 468
f 567 572 571
f 467 572 567
f 567 572 571
f 467 572 567
f 571 573 555
f 571 573 555
f 555 573 552
f 555 573 552
f 450 552 573
f 450 552 573
f 450 573 571
f 450 573 571
f 574 572 467
f 574 572 467
f 571 572 574
f 571 572 574
f 552 450 444
f 552 450 444
f 574 455 571
f 574 455 571
f 459 455 574
f 459 455 574
f 574 575 459
f 574 575 459
f 467 575 574
f 467 575 574
f 459 575 461
f 461 575 467
f 459 575 461
f 461 575 467
f 571 452 450
f 571 452 450
f 455 452 571
f 455 452 571
f 576 577 578
f 576 577 578
f 578 579 576
f 578 579 576
f 580 581 582
f 580 581 582
f 583 584 585
f 583 584 585
f 585 586 583
f 585 586 583
f 587 588 589
f 587 588 589
f 590 588 587
f 590 588 587
f 587 589 591
f 591 589 592
f 587 589 591
f 591 589 592
f 593 594 595
f 593 594 595
f 592 593 591
f 592 593 591
f 595 596 593
f 595 596 593
f 596 595 597
f 596 595 597
f 593 596 598
f 593 596 598
f 591 593 598
f 591 593 598
f 599 591 598
f 599 591 598
f 599 600 601
f 599 600 601
f 601 602 599
f 601 602 599
f 603 600 599
f 603 600 599
f 599 602 604
f 599 602 604
f 604 591 599
f 604 591 599
f 604 605 591
f 604 605 591
f 591 605 606
f 591 605 606
f 606 607 591
f 606 607 591
f 591 607 608
f 591 607 608
f 609 607 606
f 609 607 606
f 608 607 609
f 608 607 609
f 606 610 609
f 606 610 609
f 609 610 611
f 609 610 611
f 608 587 591
f 608 587 591
f 612 587 608
f 612 587 608
f 608 609 612
f 608 609 612
f 612 613 587
f 612 613 587
f 587 613 590
f 587 613 590
f 590 613 614
f 590 613 614
f 614 613 612
f 614 613 612
f 614 615 590
f 614 615 590
f 151 615 614
f 151 615 614
f 612 609 616
f 612 609 616
f 611 616 609
f 611 616 609
f 155 616 611
f 155 616 611
f 611 617 155
f 611 617 155
f 155 617 158
f 155 617 158
f 616 618 612
f 616 618 612
f 612 618 614
f 612 618 614
f 156 618 616
f 156 618 616
f 614 618 156
f 614 618 156
f 616 154 156
f 155 154 616
f 616 154 156
f 155 154 616
f 156 619 614
f 156 619 614
f 614 619 151
f 614 619 151
f 151 619 149
f 151 619 149
f 149 619 156
f 149 619 156
f 620 621 622
f 620 621 622
f 622 623 620
f 622 623 620
f 57 56 624
f 57 56 624
f 624 625 57
f 624 625 57
f 626 624 56
f 626 624 56
f 56 58 626
f 56 58 626
f 625 624 627
f 625 624 627
f 627 628 625
f 627 628 625
f 629 628 627
f 629 628 627
f 630 626 58
f 630 626 58
f 58 59 630
f 58 59 630
f 624 626 631
f 631 627 624
f 624 626 631
f 631 627 624
f 626 630 632
f 632 631 626
f 626 630 632
f 632 631 626
f 627 633 629
f 627 633 629
f 634 629 633
f 634 629 633
f 635 633 627
f 635 633 627
f 627 631 635
f 627 631 635
f 633 636 634
f 633 636 634
f 637 634 636
f 637 634 636
f 633 635 638
f 633 635 638
f 638 636 633
f 638 636 633
f 639 635 631
f 639 635 631
f 631 632 639
f 631 632 639
f 640 638 635
f 640 638 635
f 635 639 640
f 635 639 640
f 636 641 637
f 636 641 637
f 642 637 641
f 642 637 641
f 636 638 643
f 636 638 643
f 643 641 636
f 643 641 636
f 638 640 644
f 644 643 638
f 638 640 644
f 644 643 638
f 641 645 642
f 641 645 642
f 646 642 645
f 646 642 645
f 647 645 641
f 647 645 641
f 641 643 647
f 641 643 647
f 645 648 646
f 645 648 646
f 649 646 648
f 649 646 648
f 648 650 649
f 648 650 649
f 651 647 643
f 651 647 643
f 643 644 651
f 643 644 651
f 645 647 652
f 652 648 645
f 645 647 652
f 652 648 645
f 653 650 648
f 653 650 648
f 648 652 653
f 648 652 653
f 650 653 654
f 650 653 654
f 655 652 647
f 655 652 647
f 647 651 655
f 647 651 655
f 652 655 656
f 652 655 656
f 656 653 652
f 656 653 652
f 657 654 653
f 657 654 653
f 653 656 657
f 653 656 657
f 654 657 658
f 654 657 658
f 659 658 657
f 659 658 657
f 658 659 660
f 658 659 660
f 661 657 656
f 661 657 656
f 657 661 659
f 657 661 659
f 656 662 661
f 656 662 661
f 659 661 662
f 659 661 662
f 662 656 655
f 662 656 655
f 655 663 662
f 655 663 662
f 663 655 651
f 663 655 651
f 662 663 664
f 651 664 663
f 662 663 664
f 651 664 663
f 659 662 664
f 659 662 664
f 664 651 644
f 664 651 644
f 644 665 664
f 644 665 664
f 665 644 640
f 665 644 640
f 640 666 665
f 640 666 665
f 666 664 665
f 666 664 665
f 666 640 639
f 666 640 639
f 667 659 664
f 667 659 664
f 666 667 664
f 666 667 664
f 639 668 666
f 639 668 666
f 666 668 667
f 666 668 667
f 668 639 632
f 668 639 632
f 632 667 668
f 632 667 668
f 667 632 630
f 667 632 630
f 630 669 667
f 630 669 667
f 667 669 659
f 667 669 659
f 669 630 59
f 669 630 59
f 669 670 659
f 669 670 659
f 59 671 669
f 59 671 669
f 670 669 671
f 670 669 671
f 671 59 53
f 671 59 53
f 660 659 670
f 660 659 670
f 670 672 660
f 670 672 660
f 660 672 673
f 660 672 673
f 672 670 674
f 672 670 674
f 671 674 670
f 671 674 670
f 53 675 671
f 53 675 671
f 674 671 675
f 674 671 675
f 675 53 52
f 675 53 52
f 52 676 675
f 52 676 675
f 676 52 48
f 676 52 48
f 48 677 676
f 48 677 676
f 675 676 677
f 675 676 677
f 677 48 47
f 677 48 47
f 47 678 677
f 47 678 677
f 678 47 40
f 678 47 40
f 677 678 679
f 40 679 678
f 677 678 679
f 40 679 678
f 675 677 679
f 675 677 679
f 679 40 36
f 679 40 36
f 36 680 679
f 36 680 679
f 680 36 35
f 680 36 35
f 681 679 680
f 681 679 680
f 35 681 680
f 35 681 680
f 681 675 679
f 681 675 679
f 681 35 28
f 681 35 28
f 681 682 675
f 681 682 675
f 28 683 681
f 28 683 681
f 681 683 682
f 681 683 682
f 683 28 26
f 683 28 26
f 26 682 683
f 26 682 683
f 682 26 19
f 682 26 19
f 682 674 675
f 682 674 675
f 19 684 682
f 19 684 682
f 685 674 682
f 685 674 682
f 682 684 685
f 682 684 685
f 674 685 672
f 674 685 672
f 684 19 13
f 684 19 13
f 686 672 685
f 686 672 685
f 672 686 673
f 672 686 673
f 687 685 684
f 687 685 684
f 685 687 686
f 685 687 686
f 13 688 684
f 13 688 684
f 688 13 12
f 688 13 12
f 12 689 688
f 12 689 688
f 684 688 689
f 684 688 689
f 689 12 4
f 689 12 4
f 4 690 689
f 4 690 689
f 690 4 3
f 690 4 3
f 689 690 691
f 3 691 690
f 689 690 691
f 3 691 690
f 684 689 691
f 684 689 691
f 691 3 2
f 691 3 2
f 692 684 691
f 692 684 691
f 692 687 684
f 692 687 684
f 2 693 691
f 2 693 691
f 693 2 694
f 693 2 694
f 695 691 693
f 695 691 693
f 694 695 693
f 694 695 693
f 695 692 691
f 695 692 691
f 695 694 696
f 695 694 696
f 696 697 695
f 696 697 695
f 695 697 692
f 695 697 692
f 697 696 698
f 697 696 698
f 698 692 697
f 698 692 697
f 692 698 699
f 692 698 699
f 699 687 692
f 699 687 692
f 687 699 700
f 687 699 700
f 700 686 687
f 700 686 687
f 686 700 701
f 686 700 701
f 701 673 686
f 701 673 686
f 673 701 702
f 673 701 702
f 702 703 673
f 702 703 673
f 703 702 704
f 703 702 704
f 673 703 705
f 704 705 703
f 673 703 705
f 704 705 703
f 673 705 706
f 673 705 706
f 705 704 707
f 705 704 707
f 705 708 706
f 705 708 706
f 707 708 705
f 707 708 705
f 709 706 708
f 709 706 708
f 708 707 709
f 708 707 709
f 710 711 712
f 710 711 712
f 712 713 710
f 712 713 710
f 187 190 714
f 187 190 714
f 714 190 188
f 714 190 188
f 714 715 187
f 714 715 187
f 716 715 714
f 716 715 714
f 188 189 181
f 188 189 181
f 181 717 188
f 181 717 188
f 183 717 181
f 183 717 181
f 718 717 183
f 718 717 183
f 188 717 718
f 188 717 718
f 183 719 718
f 183 719 718
f 718 719 720
f 718 719 720
f 188 721 714
f 188 721 714
f 188 722 721
f 718 722 188
f 188 722 721
f 718 722 188
f 716 714 723
f 716 714 723
f 723 714 721
f 723 714 721
f 723 724 716
f 723 724 716
f 725 724 723
f 725 724 723
f 726 721 722
f 726 721 722
f 721 726 723
f 721 726 723
f 727 722 718
f 727 722 718
f 722 727 726
f 722 727 726
f 718 728 727
f 718 728 727
f 720 728 718
f 720 728 718
f 729 728 720
f 729 728 720
f 727 728 729
f 727 728 729
f 720 730 729
f 720 730 729
f 729 730 731
f 729 730 731
f 732 726 727
f 732 726 727
f 723 726 732
f 723 726 732
f 729 733 727
f 729 733 727
f 727 733 732
f 727 733 732
f 723 734 725
f 723 734 725
f 732 734 723
f 732 734 723
f 735 725 734
f 735 725 734
f 734 736 735
f 734 736 735
f 737 736 734
f 737 736 734
f 737 734 738
f 737 734 738
f 734 732 738
f 734 732 738
f 732 739 738
f 732 739 738
f 740 739 732
f 740 739 732
f 741 740 732
f 741 740 732
f 741 732 733
f 741 732 733
f 742 741 733
f 742 741 733
f 743 742 733
f 743 742 733
f 744 743 733
f 744 743 733
f 729 744 733
f 729 744 733
f 729 745 744
f 729 745 744
f 746 744 745
f 746 744 745
f 731 745 729
f 731 745 729
f 746 745 747
f 747 745 731
f 746 745 747
f 747 745 731
f 746 747 748
f 746 747 748
f 731 749 747
f 731 749 747
f 750 748 747
f 750 748 747
f 747 749 751
f 747 749 751
f 747 752 750
f 747 752 750
f 751 752 747
f 751 752 747
f 750 752 753
f 753 752 751
f 750 752 753
f 753 752 751
f 751 754 753
f 751 754 753
f 753 755 750
f 753 755 750
f 753 754 756
f 753 754 756
f 755 753 757
f 755 753 757
f 756 757 753
f 756 757 753
f 757 758 755
f 757 758 755
f 759 757 756
f 759 757 756
f 758 757 759
f 758 757 759
f 756 760 759
f 756 760 759
f 759 761 758
f 759 761 758
f 759 760 762
f 759 760 762
f 761 759 763
f 761 759 763
f 762 763 759
f 762 763 759
f 763 764 761
f 763 764 761
f 765 764 763
f 765 764 763
f 766 763 762
f 763 766 765
f 766 763 762
f 763 766 765
f 762 767 766
f 762 767 766
f 768 765 766
f 768 765 766
f 766 767 769
f 766 767 769
f 766 770 768
f 766 770 768
f 769 770 766
f 769 770 766
f 771 768 770
f 771 768 770
f 772 770 769
f 772 770 769
f 770 772 771
f 770 772 771
f 769 773 772
f 769 773 772
f 774 771 772
f 774 771 772
f 772 773 775
f 772 773 775
f 775 774 772
f 775 774 772
f 776 774 775
f 776 774 775
f 774 776 777
f 774 776 777
f 778 777 776
f 778 777 776
f 776 779 778
f 776 779 778
f 780 778 779
f 780 778 779
f 779 781 780
f 779 781 780
f 779 782 781
f 779 782 781
f 783 780 781
f 783 780 781
f 781 782 784
f 781 782 784
f 781 785 783
f 781 785 783
f 784 785 781
f 784 785 781
f 783 785 786
f 786 785 784
f 783 785 786
f 786 785 784
f 786 787 783
f 786 787 783
f 784 788 786
f 784 788 786
f 789 787 786
f 789 787 786
f 786 788 790
f 786 788 790
f 791 789 786
f 791 789 786
f 790 791 786
f 790 791 786
f 791 792 789
f 791 792 789
f 793 792 791
f 793 792 791
f 794 791 790
f 794 791 790
f 793 791 794
f 793 791 794
f 790 795 794
f 790 795 794
f 794 795 796
f 794 795 796
f 797 793 794
f 797 793 794
f 797 798 793
f 797 798 793
f 799 798 797
f 799 798 797
f 797 800 799
f 797 800 799
f 797 801 800
f 797 801 800
f 802 801 797
f 802 801 797
f 796 803 794
f 796 803 794
f 794 803 804
f 794 803 804
f 797 805 802
f 797 805 802
f 797 806 805
f 797 806 805
f 807 806 797
f 807 806 797
f 797 808 807
f 797 808 807
f 797 809 808
f 797 809 808
f 810 809 797
f 810 809 797
f 811 794 804
f 811 794 804
f 797 794 811
f 797 794 811
f 804 812 811
f 804 812 811
f 811 812 813
f 811 812 813
f 797 814 810
f 797 814 810
f 815 814 797
f 815 814 797
f 811 813 816
f 811 813 816
f 817 797 811
f 817 797 811
f 797 818 815
f 797 818 815
f 819 818 797
f 819 818 797
f 797 820 819
f 797 820 819
f 821 820 797
f 821 820 797
f 816 822 811
f 816 822 811
f 811 822 823
f 811 822 823
f 817 821 797
f 817 821 797
f 817 824 821
f 817 824 821
f 817 825 824
f 817 825 824
f 823 826 811
f 823 826 811
f 811 826 827
f 811 826 827
f 825 817 828
f 825 817 828
f 828 829 825
f 828 829 825
f 830 829 828
f 830 829 828
f 828 817 811
f 828 817 811
f 811 831 828
f 811 831 828
f 827 831 811
f 827 831 811
f 832 831 827
f 832 831 827
f 828 831 832
f 828 831 832
f 827 833 832
f 827 833 832
f 832 833 834
f 832 833 834
f 832 835 828
f 832 835 828
f 828 835 830
f 828 835 830
f 830 835 836
f 830 835 836
f 836 837 830
f 836 837 830
f 838 837 836
f 838 837 836
f 836 835 832
f 836 835 832
f 832 839 836
f 832 839 836
f 834 839 832
f 834 839 832
f 840 839 834
f 840 839 834
f 836 839 840
f 836 839 840
f 834 841 840
f 834 841 840
f 840 841 842
f 840 841 842
f 840 843 836
f 840 843 836
f 843 838 836
f 843 838 836
f 844 838 843
f 844 838 843
f 845 843 840
f 845 843 840
f 842 845 840
f 842 845 840
f 599 845 842
f 599 845 842
f 842 846 599
f 842 846 599
f 599 846 603
f 599 846 603
f 845 847 843
f 845 847 843
f 843 847 844
f 843 847 844
f 598 847 845
f 598 847 845
f 844 847 598
f 844 847 598
f 598 596 844
f 598 596 844
f 845 599 598
f 845 599 598
f 848 849 850
f 848 849 850
f 850 851 848
f 850 851 848
f 852 853 854
f 852 853 854
f 854 855 852
f 854 855 852
f 856 857 858
f 856 857 858
f 858 859 856
f 858 859 856
f 860 861 862
f 860 861 862
f 862 863 860
f 862 863 860
f 864 865 866
f 864 865 866
f 867 865 864
f 867 865 864
f 864 868 869
f 869 868 870
f 864 868 869
f 869 868 870
f 864 871 867
f 864 871 867
f 872 871 864
f 872 871 864
f 870 873 869
f 870 873 869
f 874 873 870
f 874 873 870
f 864 875 872
f 869 875 864
f 864 875 872
f 869 875 864
f 875 876 872
f 875 876 872
f 877 876 875
f 877 876 875
f 878 869 873
f 878 869 873
f 875 869 878
f 875 869 878
f 878 879 875
f 878 879 875
f 875 879 877
f 875 879 877
f 877 879 880
f 877 879 880
f 880 879 878
f 880 879 878
f 880 881 877
f 880 881 877
f 882 881 880
f 882 881 880
f 873 883 878
f 873 883 878
f 878 883 884
f 878 883 884
f 885 883 873
f 885 883 873
f 884 883 885
f 884 883 885
f 873 886 885
f 873 886 885
f 874 886 873
f 874 886 873
f 874 887 886
f 874 887 886
f 885 886 887
f 885 886 887
f 874 888 887
f 874 888 887
f 884 889 878
f 884 889 878
f 878 889 880
f 878 889 880
f 890 889 884
f 890 889 884
f 880 889 890
f 880 889 890
f 890 891 880
f 890 891 880
f 880 891 882
f 880 891 882
f 892 893 894
f 892 893 894
f 894 895 892
f 894 895 892
f 896 897 898
f 896 897 898
f 899 898 897
f 899 898 897
f 897 900 899
f 897 900 899
f 901 899 900
f 901 899 900
f 900 902 901
f 900 902 901
f 903 901 902
f 903 901 902
f 902 904 903
f 902 904 903
f 905 903 904
f 905 903 904
f 904 906 905
f 904 906 905
f 907 905 906
f 907 905 906
f 906 908 907
f 906 908 907
f 909 907 908
f 909 907 908
f 908 910 909
f 908 910 909
f 911 909 910
f 911 909 910
f 910 912 911
f 910 912 911
f 913 911 912
f 913 911 912
f 912 914 913
f 912 914 913
f 915 913 914
f 915 913 914
f 914 916 915
f 914 916 915
f 917 915 916
f 917 915 916
f 916 918 917
f 916 918 917
f 919 917 918
f 919 917 918
f 918 920 919
f 918 920 919
f 921 919 920
f 921 919 920
f 920 922 921
f 920 922 921
f 923 921 922
f 923 921 922
f 922 924 923
f 922 924 923
f 925 923 924
f 925 923 924
f 924 926 925
f 924 926 925
f 927 928 929
f 927 928 929
f 930 931 932
f 930 931 932
f 932 933 930
f 932 933 930
f 934 935 936
f 934 935 936
f 936 937 934
f 936 937 934
f 938 939 940
f 938 939 940
f 940 941 938
f 940 941 938
f 942 938 941
f 942 938 941
f 941 943 942
f 941 943 942
f 944 942 943
f 944 942 943
f 943 945 944
f 943 945 944
f 946 944 945
f 946 944 945
f 945 947 946
f 945 947 946
f 948 946 947
f 948 946 947
f 947 949 948
f 947 949 948
f 950 948 949
f 950 948 949
f 949 951 950
f 949 951 950
f 952 950 951
f 952 950 951
f 951 953 952
f 951 953 952
f 954 952 953
f 954 952 953
f 953 955 954
f 953 955 954
f 956 954 955
f 956 954 955
f 955 957 956
f 955 957 956
f 958 956 957
f 958 956 957
f 957 959 958
f 957 959 958
f 960 958 959
f 960 958 959
f 959 896 960
f 959 896 960
f 898 960 896
f 898 960 896
f 961 962 963
f 961 962 963
f 963 964 961
f 963 964 961
f 882 891 965
f 882 891 965
f 965 891 890
f 965 891 890
f 965 966 882
f 965 966 882
f 967 966 965
f 967 966 965
f 884 968 890
f 884 968 890
f 890 968 965
f 890 968 965
f 969 968 884
f 969 968 884
f 965 968 969
f 965 968 969
f 884 970 969
f 884 970 969
f 885 970 884
f 885 970 884
f 969 971 965
f 965 971 967
f 965 971 967
f 969 971 965
f 967 971 972
f 967 971 972
f 972 971 969
f 972 971 969
f 972 973 967
f 972 973 967
f 974 973 972
f 974 973 972
f 975 970 885
f 975 970 885
f 969 970 975
f 969 970 975
f 885 976 975
f 885 976 975
f 887 976 885
f 887 976 885
f 975 977 969
f 969 977 972
f 975 977 969
f 969 977 972
f 972 978 974
f 972 978 974
f 979 978 972
f 979 978 972
f 972 980 979
f 972 980 979
f 981 980 972
f 981 980 972
f 975 982 977
f 975 982 977
f 976 982 975
f 976 982 975
f 887 888 983
f 887 888 983
f 982 976 984
f 887 984 976
f 982 976 984
f 887 984 976
f 887 983 985
f 887 983 985
f 986 887 985
f 986 887 985
f 984 887 986
f 984 887 986
f 987 988 972
f 987 988 972
f 987 989 988
f 987 989 988
f 990 988 989
f 990 988 989
f 991 988 990
f 991 988 990
f 990 992 991
f 990 992 991
f 988 991 993
f 988 991 993
f 972 988 993
f 972 988 993
f 993 994 972
f 993 994 972
f 972 994 995
f 972 994 995
f 995 996 972
f 995 996 972
f 972 996 981
f 972 996 981
f 982 987 977
f 982 987 977
f 977 987 972
f 977 987 972
f 997 998 999
f 997 998 999
f 1000 1001 1002
f 1000 1001 1002
f 1002 1003 1000
f 1002 1003 1000
f 1004 1005 1006
f 1004 1005 1006
f 1007 1008 1009
f 1007 1008 1009
f 1010 1009 1008
f 1010 1009 1008
f 1007 1011 1012
f 1007 1011 1012
f 1012 1013 1007
f 1008 1007 1013
f 1012 1013 1007
f 1008 1007 1013
f 1011 706 1012
f 1011 706 1012
f 1013 1012 706
f 1013 1012 706
f 1011 673 706
f 1011 673 706
f 1011 660 673
f 1011 660 673
f 706 709 1013
f 706 709 1013
f 1013 1014 1008
f 1013 1014 1008
f 1014 1013 709
f 1014 1013 709
f 1015 1008 1014
f 1015 1008 1014
f 1008 1015 1010
f 1008 1015 1010
f 1010 1015 1016
f 1010 1015 1016
f 1016 1017 1010
f 1016 1017 1010
f 1018 1017 1016
f 1018 1017 1016
f 1017 1018 1019
f 1017 1018 1019
f 1016 1020 1018
f 1016 1020 1018
f 1021 1016 1015
f 1020 1016 1021
f 1021 1016 1015
f 1020 1016 1021
f 1014 1022 1015
f 1014 1022 1015
f 1015 1022 1021
f 1015 1022 1021
f 1022 1014 1023
f 1022 1014 1023
f 709 1023 1014
f 709 1023 1014
f 1023 1024 1022
f 1023 1024 1022
f 1025 1021 1022
f 1025 1021 1022
f 1022 1024 1025
f 1022 1024 1025
f 1021 1026 1020
f 1021 1026 1020
f 1026 1021 1025
f 1026 1021 1025
f 1027 1020 1026
f 1027 1020 1026
f 1020 1027 1028
f 1020 1027 1028
f 1028 1018 1020
f 1028 1018 1020
f 1018 1028 1029
f 1018 1028 1029
f 1029 1019 1018
f 1029 1019 1018
f 1019 1029 1030
f 1019 1029 1030
f 1030 1031 1019
f 1030 1031 1019
f 1031 1030 1032
f 1031 1030 1032
f 1032 1033 1031
f 1032 1033 1031
f 1033 1032 1034
f 1033 1032 1034
f 1034 1035 1033
f 1034 1035 1033
f 1036 1033 1035
f 1036 1033 1035
f 1035 1034 1037
f 1035 1034 1037
f 1035 649 1036
f 1035 649 1036
f 1037 1038 1035
f 1037 1038 1035
f 649 1035 1038
f 649 1035 1038
f 1038 1037 1039
f 1038 1037 1039
f 1036 649 650
f 1036 649 650
f 1039 1040 1038
f 1039 1040 1038
f 1040 1039 1041
f 1040 1039 1041
f 646 1038 1040
f 646 1038 1040
f 1038 646 649
f 1038 646 649
f 1041 1042 1040
f 1041 1042 1040
f 1042 1041 1043
f 1042 1041 1043
f 642 1040 1042
f 642 1040 1042
f 1040 642 646
f 1040 642 646
f 1043 1044 1042
f 1043 1044 1042
f 1044 1043 1045
f 1044 1043 1045
f 637 1042 1044
f 637 1042 1044
f 1042 637 642
f 1042 637 642
f 1045 1046 1044
f 1045 1046 1044
f 1046 1045 1047
f 1046 1045 1047
f 634 1044 1046
f 634 1044 1046
f 1044 634 637
f 1044 634 637
f 1047 1048 1046
f 1047 1048 1046
f 1048 1047 1049
f 1048 1047 1049
f 629 1046 1048
f 629 1046 1048
f 1046 629 634
f 1046 629 634
f 1049 1050 1048
f 1049 1050 1048
f 1050 1049 1051
f 1050 1049 1051
f 628 1048 1050
f 628 1048 1050
f 1048 628 629
f 1048 628 629
f 1051 1052 1050
f 1051 1052 1050
f 1052 1051 1053
f 1052 1051 1053
f 625 1050 1052
f 625 1050 1052
f 1050 625 628
f 1050 625 628
f 1053 1054 1052
f 1053 1054 1052
f 1054 1053 1055
f 1054 1053 1055
f 57 1052 1054
f 57 1052 1054
f 1052 57 625
f 1052 57 625
f 1055 1056 1054
f 1055 1056 1054
f 1056 1055 1057
f 1056 1055 1057
f 50 1054 1056
f 50 1054 1056
f 1054 50 57
f 1054 50 57
f 1057 1058 1056
f 1057 1058 1056
f 1058 1057 1059
f 1058 1057 1059
f 45 1056 1058
f 45 1056 1058
f 1056 45 50
f 1056 45 50
f 1059 1060 1058
f 1059 1060 1058
f 1060 1059 1061
f 1060 1059 1061
f 42 1058 1060
f 42 1058 1060
f 1058 42 45
f 1058 42 45
f 1061 1062 1060
f 1061 1062 1060
f 1062 1061 1063
f 1062 1061 1063
f 38 1060 1062
f 38 1060 1062
f 1060 38 42
f 1060 38 42
f 1063 1064 1062
f 1063 1064 1062
f 1064 1063 1065
f 1064 1063 1065
f 33 1062 1064
f 33 1062 1064
f 1062 33 38
f 1062 33 38
f 1065 1066 1064
f 1065 1066 1064
f 1066 1065 1067
f 1066 1065 1067
f 30 1064 1066
f 30 1064 1066
f 1064 30 33
f 1064 30 33
f 1067 1068 1066
f 1067 1068 1066
f 1068 1067 1069
f 1068 1067 1069
f 25 1066 1068
f 25 1066 1068
f 1066 25 30
f 1066 25 30
f 1069 1070 1068
f 1069 1070 1068
f 1070 1069 1071
f 1070 1069 1071
f 24 1068 1070
f 24 1068 1070
f 1068 24 25
f 1068 24 25
f 1071 1072 1070
f 1071 1072 1070
f 1072 1071 1073
f 1072 1071 1073
f 21 1070 1072
f 21 1070 1072
f 1070 21 24
f 1070 21 24
f 1073 1074 1072
f 1073 1074 1072
f 1074 1073 1075
f 1074 1073 1075
f 17 1072 1074
f 17 1072 1074
f 1072 17 21
f 1072 17 21
f 1075 1076 1074
f 1075 1076 1074
f 1076 1075 1077
f 1076 1075 1077
f 10 1074 1076
f 10 1074 1076
f 1074 10 17
f 1074 10 17
f 1077 1078 1076
f 1077 1078 1076
f 1078 1077 1079
f 1078 1077 1079
f 9 1076 1078
f 9 1076 1078
f 1076 9 10
f 1076 9 10
f 1079 1080 1078
f 1079 1080 1078
f 1080 1079 1081
f 1080 1079 1081
f 1082 1078 1080
f 1082 1078 1080
f 1078 1082 9
f 1078 1082 9
f 1081 1083 1080
f 1081 1083 1080
f 1083 1081 1084
f 1083 1081 1084
f 1085 1080 1083
f 1085 1080 1083
f 1080 1085 1082
f 1080 1085 1082
f 1084 1086 1083
f 1084 1086 1083
f 1086 1084 1087
f 1086 1084 1087
f 1088 1083 1086
f 1088 1083 1086
f 1083 1088 1085
f 1083 1088 1085
f 1087 1089 1086
f 1087 1089 1086
f 1089 1087 1090
f 1089 1087 1090
f 1091 1086 1089
f 1091 1086 1089
f 1086 1091 1088
f 1086 1091 1088
f 1090 1092 1089
f 1090 1092 1089
f 1092 1090 1093
f 1092 1090 1093
f 1094 1089 1092
f 1094 1089 1092
f 1089 1094 1091
f 1089 1094 1091
f 1093 1095 1092
f 1093 1095 1092
f 1095 1093 1096
f 1095 1093 1096
f 1097 1092 1095
f 1097 1092 1095
f 1092 1097 1094
f 1092 1097 1094
f 1096 1098 1095
f 1096 1098 1095
f 1098 1096 1099
f 1098 1096 1099
f 1097 1095 1098
f 1097 1095 1098
f 1099 1100 1098
f 1099 1100 1098
f 1100 1099 1101
f 1100 1099 1101
f 1102 1098 1100
f 1102 1098 1100
f 1098 1102 1097
f 1098 1102 1097
f 1101 1103 1100
f 1101 1103 1100
f 1103 1101 1104
f 1103 1101 1104
f 1105 1100 1103
f 1105 1100 1103
f 1100 1105 1102
f 1100 1105 1102
f 1104 1106 1103
f 1104 1106 1103
f 1106 1104 1107
f 1106 1104 1107
f 1108 1103 1106
f 1108 1103 1106
f 1103 1108 1105
f 1103 1108 1105
f 1107 1109 1106
f 1107 1109 1106
f 1109 1107 1110
f 1109 1107 1110
f 1111 1106 1109
f 1111 1106 1109
f 1106 1111 1108
f 1106 1111 1108
f 1110 1112 1109
f 1110 1112 1109
f 1112 1110 1113
f 1112 1110 1113
f 1114 1109 1112
f 1114 1109 1112
f 1109 1114 1111
f 1109 1114 1111
f 1113 1026 1112
f 1113 1026 1112
f 1026 1113 1027
f 1026 1113 1027
f 1025 1112 1026
f 1025 1112 1026
f 1112 1025 1114
f 1112 1025 1114
f 1114 1025 1024
f 1114 1025 1024
f 1024 1115 1114
f 1111 1114 1115
f 1024 1115 1114
f 1111 1114 1115
f 1116 1115 1024
f 1116 1115 1024
f 1024 1023 1116
f 1024 1023 1116
f 1115 1117 1111
f 1115 1117 1111
f 1108 1111 1117
f 1108 1111 1117
f 1115 1116 1118
f 1115 1116 1118
f 1118 1117 1115
f 1118 1117 1115
f 707 1116 1023
f 707 1116 1023
f 1023 709 707
f 1023 709 707
f 704 1118 1116
f 704 1118 1116
f 1116 707 704
f 1116 707 704
f 1117 1119 1108
f 1117 1119 1108
f 1105 1108 1119
f 1105 1108 1119
f 1117 1118 1120
f 1117 1118 1120
f 1120 1119 1117
f 1120 1119 1117
f 1118 704 702
f 702 1120 1118
f 1118 704 702
f 702 1120 1118
f 1120 702 701
f 1120 702 701
f 701 1121 1120
f 1119 1120 1121
f 701 1121 1120
f 1119 1120 1121
f 1119 1122 1105
f 1119 1122 1105
f 1121 1122 1119
f 1121 1122 1119
f 1105 1122 1123
f 1105 1122 1123
f 1123 1102 1105
f 1123 1102 1105
f 1122 1121 1124
f 1124 1123 1122
f 1122 1121 1124
f 1124 1123 1122
f 1121 701 700
f 700 1124 1121
f 1121 701 700
f 700 1124 1121
f 1102 1123 1125
f 1102 1123 1125
f 1125 1097 1102
f 1125 1097 1102
f 1126 1125 1123
f 1126 1125 1123
f 1123 1124 1126
f 1123 1124 1126
f 1097 1125 1127
f 1097 1125 1127
f 1094 1097 1127
f 1094 1097 1127
f 699 1126 1124
f 699 1126 1124
f 1124 700 699
f 1124 700 699
f 1125 1126 1128
f 1128 1127 1125
f 1125 1126 1128
f 1128 1127 1125
f 1126 699 698
f 698 1128 1126
f 1126 699 698
f 698 1128 1126
f 1127 1129 1094
f 1127 1129 1094
f 1091 1094 1129
f 1091 1094 1129
f 1130 1129 1127
f 1130 1129 1127
f 1127 1128 1130
f 1127 1128 1130
f 1129 1131 1091
f 1129 1131 1091
f 1088 1091 1131
f 1088 1091 1131
f 1129 1130 1132
f 1129 1130 1132
f 1132 1131 1129
f 1132 1131 1129
f 696 1130 1128
f 696 1130 1128
f 1128 698 696
f 1128 698 696
f 694 1132 1130
f 694 1132 1130
f 1130 696 694
f 1130 696 694
f 1131 1133 1088
f 1131 1133 1088
f 1085 1088 1133
f 1085 1088 1133
f 1131 1132 1
f 1131 1132 1
f 1 1133 1131
f 1 1133 1131
f 1132 694 2
f 2 1 1132
f 1132 694 2
f 2 1 1132
f 1133 1134 1085
f 1133 1134 1085
f 1082 1085 1134
f 1082 1085 1134
f 6 1134 1133
f 6 1134 1133
f 1133 1 6
f 1133 1 6
f 1134 7 1082
f 1134 7 1082
f 9 1082 7
f 9 1082 7
f 1134 6 5
f 1134 6 5
f 5 7 1134
f 5 7 1134
f 3 6 1
f 3 6 1
f 1 2 3
f 1135 1136 1137
f 1135 1136 1137
f 1138 1136 1135
f 1138 1136 1135
f 1135 1139 1138
f 1135 1139 1138
f 1137 1140 1135
f 1137 1140 1135
f 1138 1139 1141
f 1138 1139 1141
f 1141 1139 1142
f 1142 1139 1135
f 1141 1139 1142
f 1142 1139 1135
f 1141 1143 1138
f 1141 1143 1138
f 1142 1144 1141
f 1142 1144 1141
f 1138 1143 1145
f 1138 1143 1145
f 1146 1144 1142
f 1146 1144 1142
f 1145 1147 1138
f 1145 1147 1138
f 1138 1147 1136
f 1138 1147 1136
f 1148 1147 1145
f 1148 1147 1145
f 1136 1147 1148
f 1136 1147 1148
f 1145 1149 1148
f 1145 1149 1148
f 1148 1149 1150
f 1148 1149 1150
f 1150 1151 1148
f 1150 1151 1148
f 1148 1151 1152
f 1148 1151 1152
f 1148 1153 1136
f 1148 1153 1136
f 1154 1153 1148
f 1154 1153 1148
f 1136 1153 1137
f 1137 1153 1154
f 1136 1153 1137
f 1137 1153 1154
f 1154 1155 1137
f 1154 1155 1137
f 1148 1155 1154
f 1148 1155 1154
f 1137 1155 1156
f 1156 1155 1148
f 1137 1155 1156
f 1156 1155 1148
f 1148 1157 1156
f 1148 1157 1156
f 1152 1157 1148
f 1152 1157 1148
f 1152 1158 1157
f 1152 1158 1157
f 1157 1158 1159
f 1157 1158 1159
f 1156 1160 1137
f 1156 1160 1137
f 1157 1161 1156
f 1157 1161 1156
f 1156 1161 1160
f 1156 1161 1160
f 1137 1160 1162
f 1137 1160 1162
f 1160 1161 1163
f 1163 1161 1157
f 1160 1161 1163
f 1163 1161 1157
f 1159 1164 1157
f 1157 1164 1163
f 1159 1164 1157
f 1157 1164 1163
f 1165 1164 1159
f 1165 1164 1159
f 1159 1166 1165
f 1159 1166 1165
f 1164 1165 1167
f 1164 1167 1163
f 1164 1165 1167
f 1164 1167 1163
f 1167 1168 1163
f 1167 1168 1163
f 1167 1165 1169
f 1167 1165 1169
f 1169 1165 1166
f 1169 1165 1166
f 1166 1170 1169
f 1166 1170 1169
f 1163 1168 1160
f 1163 1168 1160
f 1171 1172 1173
f 1171 1172 1173
f 1171 1173 1174
f 1171 1173 1174
f 1162 1175 1137
f 1162 1175 1137
f 1171 1175 1162
f 1171 1175 1162
f 1175 1171 888
f 1175 1171 888
f 888 1171 1174
f 888 1171 1174
f 888 1174 983
f 888 1174 983
f 1175 1140 1137
f 1175 1140 1137
f 1140 1175 1176
f 1176 1175 888
f 1140 1175 1176
f 1176 1175 888
f 1140 1177 1135
f 1140 1177 1135
f 1135 1177 1142
f 1135 1177 1142
f 1178 1177 1140
f 1178 1177 1140
f 1142 1177 1178
f 1142 1177 1178
f 1140 1179 1178
f 1176 1179 1140
f 1140 1179 1178
f 1176 1179 1140
f 1178 1180 1142
f 1178 1180 1142
f 1142 1180 1146
f 1142 1180 1146
f 1146 1180 1181
f 1146 1180 1181
f 1181 1180 1178
f 1181 1180 1178
f 1181 1182 1146
f 1181 1182 1146
f 1183 1182 1181
f 1183 1182 1181
f 1184 1179 1176
f 1184 1179 1176
f 1178 1179 1184
f 1178 1179 1184
f 1178 1185 1181
f 1178 1185 1181
f 1184 1185 1178
f 1184 1185 1178
f 1181 1185 1186
f 1186 1185 1184
f 1181 1185 1186
f 1186 1185 1184
f 1181 1187 1183
f 1186 1187 1181
f 1181 1187 1183
f 1186 1187 1181
f 1183 1187 1188
f 1183 1187 1188
f 1188 1187 1186
f 1188 1187 1186
f 1188 1189 1183
f 1188 1189 1183
f 1190 1189 1188
f 1190 1189 1188
f 1184 1191 1186
f 1184 1191 1186
f 1186 1191 1188
f 1186 1191 1188
f 1192 1191 1184
f 1192 1191 1184
f 1188 1191 1192
f 1188 1191 1192
f 1184 1193 1192
f 1184 1193 1192
f 1176 1193 1184
f 1176 1193 1184
f 1192 1194 1188
f 1188 1194 1190
f 1188 1194 1190
f 1192 1194 1188
f 1190 1194 864
f 1190 1194 864
f 864 1194 1192
f 864 1194 1192
f 864 1195 1190
f 864 1195 1190
f 866 1195 864
f 866 1195 864
f 870 1193 1176
f 870 1193 1176
f 1192 1193 870
f 1192 1193 870
f 1176 874 870
f 1176 874 870
f 888 874 1176
f 888 874 1176
f 870 868 1192
f 870 868 1192
f 1192 868 864
f 1192 868 864
f 1196 1197 1198
f 1196 1197 1198
f 1198 1199 1196
f 1198 1199 1196
f 1200 1198 1197
f 1200 1198 1197
f 1197 1201 1200
f 1197 1201 1200
f 1202 1200 1201
f 1202 1200 1201
f 1201 1203 1202
f 1201 1203 1202
f 1204 1205 1206
f 1204 1205 1206
f 1206 1207 1204
f 1206 1207 1204
f 396 1208 1209
f 396 1208 1209
f 1209 1208 1210
f 1209 1208 1210
f 396 1209 397
f 396 1209 397
f 1210 1211 1209
f 1210 1211 1209
f 1211 1210 1212
f 1211 1210 1212
f 1212 1213 1211
f 1212 1213 1211
f 1213 1212 1214
f 1213 1212 1214
f 1214 1215 1213
f 1214 1215 1213
f 1215 1214 1216
f 1215 1214 1216
f 1216 1217 1215
f 1216 1217 1215
f 1217 1216 1218
f 1217 1216 1218
f 1218 1219 1217
f 1218 1219 1217
f 1219 1218 1220
f 1219 1218 1220
f 1220 1221 1219
f 1220 1221 1219
f 1222 1221 1220
f 1222 1221 1220
f 1222 1223 1221
f 1222 1223 1221
f 1222 1224 1223
f 1222 1224 1223
f 1222 1225 1224
f 1222 1225 1224
f 1225 1226 1224
f 1225 1226 1224
f 1225 1227 1226
f 1225 1227 1226
f 1226 1228 1224
f 1226 1228 1224
f 1229 1230 1228
f 1229 1230 1228
f 1231 1229 1228
f 1231 1229 1228
f 1232 1231 1228
f 1232 1231 1228
f 1226 1232 1228
f 1226 1232 1228
f 1226 1233 1232
f 1226 1233 1232
f 1226 1234 1233
f 1226 1234 1233
f 1226 1235 1234
f 1226 1235 1234
f 1226 1236 1235
f 1226 1236 1235
f 1226 1237 1236
f 1226 1237 1236
f 1226 1238 1237
f 1226 1238 1237
f 1226 1239 1238
f 1226 1239 1238
f 1226 1240 1239
f 1226 1240 1239
f 1241 1242 1243
f 1241 1242 1243
f 1243 1244 1241
f 1243 1244 1241
f 1245 1246 1247
f 1245 1246 1247
f 1247 1248 1245
f 1247 1248 1245
f 1249 1250 1251
f 1249 1250 1251
f 1251 1252 1249
f 1251 1252 1249
f 1253 1254 1255
f 1253 1254 1255
f 1255 1256 1253
f 1255 1256 1253
f 1257 1258 1259
f 1257 1258 1259
f 1259 1260 1257
f 1259 1260 1257
f 1261 1262 1263
f 1261 1262 1263
f 1263 1264 1261
f 1263 1264 1261
f 1265 1266 1267
f 1265 1266 1267
f 1267 1268 1265
f 1267 1268 1265
f 1036 1019 1031
f 1036 1019 1031
f 1036 1031 1033
f 1036 1031 1033
f 1019 1036 1017
f 1019 1036 1017
f 1036 1269 1010
f 1036 1269 1010
f 1010 1017 1036
f 1010 1017 1036
f 1009 1010 1269
f 1269 1270 1009
f 1009 1010 1269
f 1269 1270 1009
f 1269 1271 1270
f 1269 1271 1270
f 1269 654 1271
f 1269 654 1271
f 654 1269 650
f 654 1269 650
f 650 1269 1036
f 650 1269 1036
f 658 1271 654
f 658 1271 654
f 1272 1270 1271
f 1271 658 1272
f 1272 1270 1271
f 1271 658 1272
f 1270 1272 1273
f 1270 1272 1273
f 1273 1009 1270
f 1273 1009 1270
f 1274 1273 1272
f 1274 1273 1272
f 660 1272 658
f 1272 660 1274
f 660 1272 658
f 1272 660 1274
f 1273 1274 1011
f 1011 1274 660
f 1273 1274 1011
f 1011 1274 660
f 1009 1273 1007
f 1011 1007 1273
f 1009 1273 1007
f 1011 1007 1273
f 1275 1276 1277
f 1275 1276 1277
f 1277 1278 1275
f 1277 1278 1275
f 1279 1280 1281
f 1279 1280 1281
f 1281 1282 1279
f 1281 1282 1279
f 1283 1284 1285
f 1283 1284 1285
f 1285 1286 1283
f 1285 1286 1283
f 1287 1288 1289
f 1287 1288 1289
f 1289 1290 1287
f 1289 1290 1287
f 1291 1292 1293
f 1291 1292 1293
f 1294 1293 1292
f 1294 1293 1292
f 1293 1295 1291
f 1293 1295 1291
f 1292 1296 1294
f 1292 1296 1294
f 1297 1294 1296
f 1297 1294 1296
f 1298 1291 1295
f 1298 1291 1295
f 1295 1297 1298
f 1295 1297 1298
f 1296 1298 1297
f 1296 1298 1297
f 1299 1300 1301
f 1299 1300 1301
f 1301 1302 1299
f 1301 1302 1299
f 1303 1304 1305
f 1303 1304 1305
f 1305 1306 1303
f 1305 1306 1303
f 1307 1308 1309
f 1307 1308 1309
f 1307 1309 1310
f 1307 1309 1310
f 1309 1311 1310
f 1309 1311 1310
f 1309 1312 1311
f 1309 1312 1311
f 1311 1313 1310
f 1311 1313 1310
f 1313 1314 1310
f 1313 1314 1310
f 1311 1315 1313
f 1311 1315 1313
f 1315 1316 1313
f 1315 1316 1313
f 1316 1317 1313
f 1316 1317 1313
f 1317 1318 1313
f 1317 1318 1313
f 1318 1319 1313
f 1318 1319 1313
f 1319 1320 1313
f 1319 1320 1313
f 1320 1321 1313
f 1320 1321 1313
f 1322 1323 1324
f 1322 1323 1324
f 1324 1325 1322
f 1324 1325 1322
f 1326 1327 1328
f 1326 1327 1328
f 1328 1329 1326
f 1328 1329 1326
f 1330 1331 1332
f 1330 1331 1332
f 1332 1333 1330
f 1332 1333 1330
f 1334 1335 1310
f 1334 1335 1310
f 1336 1310 1335
f 1336 1310 1335
f 1336 1307 1310
f 1336 1307 1310
f 1334 1310 1337
f 1334 1310 1337
f 1334 1337 1338
f 1334 1337 1338
f 1334 1338 1339
f 1334 1338 1339
f 1339 1338 1340
f 1339 1338 1340
f 1340 1341 1339
f 1340 1341 1339
f 1341 1340 1342
f 1341 1340 1342
f 1342 1343 1341
f 1342 1343 1341
f 1344 1343 1342
f 1344 1343 1342
f 1344 1345 1343
f 1344 1345 1343
f 1344 1346 1345
f 1344 1346 1345
f 1346 1347 1345
f 1346 1347 1345
f 1347 1346 1348
f 1347 1346 1348
f 1348 1349 1347
f 1348 1349 1347
f 1349 1348 1350
f 1349 1348 1350
f 1350 1351 1349
f 1350 1351 1349
f 1351 1350 1352
f 1351 1350 1352
f 1353 1351 1352
f 1353 1351 1352
f 1354 1355 1356
f 1354 1355 1356
f 1356 1357 1354
f 1356 1357 1354
f 1358 1359 1360
f 1358 1359 1360
f 1360 1361 1358
f 1360 1361 1358
f 1362 1363 1364
f 1362 1363 1364
f 1364 1365 1362
f 1364 1365 1362
f 1366 1367 1368
f 1366 1367 1368
f 1368 1369 1366
f 1368 1369 1366
f 1370 1367 1371
f 1370 1367 1371
f 1371 1372 1370
f 1371 1372 1370
f 1373 1371 1367
f 1373 1371 1367
f 1367 1366 1373
f 1367 1366 1373
f 1374 1366 1369
f 1374 1366 1369
f 1369 1375 1374
f 1369 1375 1374
f 1375 1369 1376
f 1375 1369 1376
f 1376 1377 1375
f 1376 1377 1375
f 1378 1379 1380
f 1378 1379 1380
f 1380 1381 1378
f 1380 1381 1378
f 1382 1383 1384
f 1382 1383 1384
f 1384 1385 1382
f 1384 1385 1382
f 1386 1353 1352
f 1386 1353 1352
f 1387 1386 1352
f 1387 1386 1352
f 1388 1387 1352
f 1388 1387 1352
f 1388 1389 1387
f 1388 1389 1387
f 1388 1390 1389
f 1388 1390 1389
f 1388 1352 1391
f 1388 1352 1391
f 1352 1392 1391
f 1352 1392 1391
f 1388 1391 1393
f 1388 1391 1393
f 1388 1394 1390
f 1388 1394 1390
f 1394 1395 1390
f 1394 1395 1390
f 1388 1396 1394
f 1388 1396 1394
f 1395 1397 1390
f 1395 1397 1390
f 1388 1398 1396
f 1388 1398 1396
f 1395 1399 1397
f 1395 1399 1397
f 1399 1400 1397
f 1399 1400 1397
f 1399 1401 1400
f 1399 1401 1400
f 1401 1402 1400
f 1401 1402 1400
f 1402 1403 1400
f 1402 1403 1400
f 1398 1404 1396
f 1398 1404 1396
f 1404 1405 1396
f 1404 1405 1396
f 1405 1406 1396
f 1405 1406 1396
f 1407 1408 1409
f 1407 1408 1409
f 1409 1410 1407
f 1409 1410 1407
f 1411 1412 1413
f 1411 1412 1413
f 1413 1414 1411
f 1413 1414 1411
f 1415 1416 1417
f 1415 1416 1417
f 1417 1418 1415
f 1417 1418 1415
f 1419 1420 1421
f 1419 1420 1421
f 1422 1419 1421
f 1422 1419 1421
f 1422 1421 1423
f 1422 1421 1423
f 1422 1423 1424
f 1422 1423 1424
f 1422 1424 1425
f 1422 1424 1425
f 1422 1425 1426
f 1422 1425 1426
f 1422 1426 1427
f 1422 1426 1427
f 1422 1427 1428
f 1422 1427 1428
f 1422 1428 1429
f 1422 1428 1429
f 1422 1429 1430
f 1422 1429 1430
f 1422 1430 1431
f 1422 1430 1431
f 1422 1431 1432
f 1422 1431 1432
f 1422 1432 1433
f 1422 1432 1433
f 1422 1433 1434
f 1422 1433 1434
f 1435 1422 1434
f 1435 1422 1434
f 1435 1434 1436
f 1435 1434 1436
f 1435 1436 1437
f 1435 1436 1437
f 1435 1437 1438
f 1435 1437 1438
f 1439 1440 1441
f 1439 1440 1441
f 1441 1442 1439
f 1441 1442 1439
f 1443 1444 1445
f 1443 1444 1445
f 1443 1446 1444
f 1443 1446 1444
f 1443 1445 1447
f 1443 1445 1447
f 1443 1448 1446
f 1443 1448 1446
f 1443 1447 1449
f 1443 1447 1449
f 1443 1450 1448
f 1443 1450 1448
f 1443 1449 1451
f 1443 1449 1451
f 1443 1452 1450
f 1443 1452 1450
f 1443 1451 1453
f 1443 1451 1453
f 1443 1454 1452
f 1443 1454 1452
f 1443 1453 1455
f 1443 1453 1455
f 1443 1456 1454
f 1443 1456 1454
f 1443 1455 1457
f 1443 1455 1457
f 1443 1458 1456
f 1443 1458 1456
f 1443 1457 1459
f 1443 1457 1459
f 1443 1460 1458
f 1443 1460 1458
f 1443 1459 1461
f 1443 1459 1461
f 1443 1461 1460
f 1443 1461 1460
f 1462 1463 1464
f 1462 1463 1464
f 1462 1465 1463
f 1462 1465 1463
f 1466 1462 1464
f 1466 1462 1464
f 1465 1467 1463
f 1465 1467 1463
f 1466 1464 1468
f 1466 1464 1468
f 1465 1469 1467
f 1465 1469 1467
f 1470 1466 1468
f 1470 1466 1468
f 1469 1471 1467
f 1469 1471 1467
f 1470 1468 1472
f 1470 1468 1472
f 1469 1473 1471
f 1469 1473 1471
f 1474 1470 1472
f 1474 1470 1472
f 1473 1475 1471
f 1473 1475 1471
f 1474 1472 1476
f 1474 1472 1476
f 1473 1477 1475
f 1473 1477 1475
f 1478 1474 1476
f 1478 1474 1476
f 1477 1479 1475
f 1477 1479 1475
f 1478 1476 1480
f 1478 1476 1480
f 1477 1481 1479
f 1477 1481 1479
f 1482 1478 1480
f 1482 1478 1480
f 1481 1483 1479
f 1481 1483 1479
f 1482 1480 1484
f 1482 1480 1484
f 1481 1485 1483
f 1481 1485 1483
f 1486 1482 1484
f 1486 1482 1484
f 1485 1487 1483
f 1485 1487 1483
f 1486 1484 1488
f 1486 1484 1488
f 1485 1489 1487
f 1485 1489 1487
f 1490 1486 1488
f 1490 1486 1488
f 1489 1491 1487
f 1489 1491 1487
f 1490 1488 1492
f 1490 1488 1492
f 1489 1493 1491
f 1489 1493 1491
f 1494 1490 1492
f 1494 1490 1492
f 1493 1495 1491
f 1493 1495 1491
f 1494 1492 1496
f 1494 1492 1496
f 1493 1497 1495
f 1493 1497 1495
f 1497 1494 1496
f 1497 1494 1496
f 1497 1496 1495
f 1497 1496 1495
f 1498 1499 1500
f 1498 1499 1500
f 1500 1501 1498
f 1500 1501 1498
f 1502 1498 1501
f 1502 1498 1501
f 1501 1503 1502
f 1501 1503 1502
f 1504 1502 1503
f 1504 1502 1503
f 1503 1505 1504
f 1503 1505 1504
f 1506 1507 1508
f 1506 1507 1508
f 1508 1509 1506
f 1508 1509 1506
f 1510 1511 1512
f 1510 1511 1512
f 1510 1513 1511
f 1510 1513 1511
f 1510 1514 1515
f 1510 1514 1515
f 1510 1516 1513
f 1510 1516 1513
f 1510 1515 1517
f 1510 1515 1517
f 1510 1518 1516
f 1510 1518 1516
f 1510 1517 1519
f 1510 1517 1519
f 1510 1520 1518
f 1510 1520 1518
f 1510 1519 1521
f 1510 1519 1521
f 1510 1522 1520
f 1510 1522 1520
f 1510 1521 1523
f 1510 1521 1523
f 1510 1524 1522
f 1510 1524 1522
f 1510 1523 1525
f 1510 1523 1525
f 1510 1526 1524
f 1510 1526 1524
f 1510 1525 1527
f 1510 1525 1527
f 1510 1527 1526
f 1510 1527 1526
f 1528 1529 1530
f 1528 1529 1530
f 1528 1531 1529
f 1528 1531 1529
f 1532 1528 1530
f 1532 1528 1530
f 1531 1533 1529
f 1531 1533 1529
f 1532 1530 1534
f 1532 1530 1534
f 1531 1535 1533
f 1531 1535 1533
f 1536 1532 1534
f 1536 1532 1534
f 1535 1537 1533
f 1535 1537 1533
f 1536 1534 1538
f 1536 1534 1538
f 1535 1539 1537
f 1535 1539 1537
f 1540 1536 1538
f 1540 1536 1538
f 1539 1541 1537
f 1539 1541 1537
f 1540 1538 1542
f 1540 1538 1542
f 1539 1543 1541
f 1539 1543 1541
f 1544 1540 1542
f 1544 1540 1542
f 1543 1545 1541
f 1543 1545 1541
f 1544 1542 1546
f 1544 1542 1546
f 1543 1547 1545
f 1543 1547 1545
f 1548 1544 1546
f 1548 1544 1546
f 1547 1549 1545
f 1547 1549 1545
f 1548 1546 1550
f 1548 1546 1550
f 1547 1551 1549
f 1547 1551 1549
f 1552 1548 1550
f 1552 1548 1550
f 1551 1553 1549
f 1551 1553 1549
f 1552 1550 1554
f 1552 1550 1554
f 1551 1555 1553
f 1551 1555 1553
f 1556 1552 1554
f 1556 1552 1554
f 1555 1557 1553
f 1555 1557 1553
f 1556 1554 1558
f 1556 1554 1558
f 1555 1559 1557
f 1555 1559 1557
f 1560 1556 1558
f 1560 1556 1558
f 1559 1561 1557
f 1559 1561 1557
f 1560 1558 1562
f 1560 1558 1562
f 1559 1563 1561
f 1559 1563 1561
f 1563 1560 1562
f 1563 1560 1562
f 1563 1562 1561
f 1563 1562 1561
f 1564 1565 1566
f 1564 1565 1566
f 1566 1567 1564
f 1566 1567 1564
f 1568 1564 1567
f 1568 1564 1567
f 1567 1569 1568
f 1567 1569 1568
f 1570 1568 1569
f 1570 1568 1569
f 1569 1571 1570
f 1569 1571 1570
f 1572 1573 1574
f 1572 1573 1574
f 1574 1575 1572
f 1574 1575 1572
f 1576 1572 1575
f 1576 1572 1575
f 1575 1577 1576
f 1575 1577 1576
f 1578 1576 1577
f 1578 1576 1577
f 1577 1579 1578
f 1577 1579 1578
