v -0.372838646 -0.124740325 0.108541146
v -0.372838646 -0.125754312 0.105956227
v -0.372838676 -0.124740325 0.178290442
v -0.372838646 -0.158827171 0.178290442
v -0.372838646 -0.141300976 0.0148441605
v -0.37225759 -0.164056659 0.178290442
v -0.370514423 -0.168124035 0.0148441605
v -0.370514452 -0.168124035 0.178290442
v -0.372838646 -0.158827156 0.0030601311
v -0.372838646 -0.143278986 0.00306012621
v -0.37225759 -0.164056659 0.0030601311
v -0.370514423 -0.16812402 0.0030601311
v 0.37283811 -0.124740325 0.178290442
v 0.37283811 -0.158827171 0.178290442
v 0.37283811 -0.158827171 0.105956227
v 0.372257054 -0.164056659 0.178290442
v 0.37283811 -0.124740325 0.108541146
v 0.37283811 -0.125754312 0.105956227
v 0.37283811 -0.141300976 0.0148441605
v 0.372257054 -0.164056659 0.105956227
v 0.370513886 -0.168124035 0.178290442
v 0.370513886 -0.168124035 0.105956227
v 0.37283811 -0.158827156 0.0148441605
v 0.37283811 -0.143278986 0.00306012621
v 0.37283811 -0.158827156 0.0030601311
v 0.372257054 -0.164056659 0.0148441605
v 0.372257054 -0.164056659 0.0030601311
v 0.370513886 -0.168124035 0.0148441605
v 0.370513886 -0.16812402 0.0030601311
v -0.372838646 0.12474034 0.108541146
v -0.372838676 0.12474034 0.178290442
v -0.372838646 0.125754327 0.105956227
v -0.372838646 0.158827171 0.178290442
v -0.372838646 0.141300991 0.0148441605
v -0.370514452 0.16812405 0.178290442
v -0.370514423 0.16812405 0.0148441605
v -0.37225759 0.164056674 0.178290442
v -0.372838646 0.158827171 0.0030601311
v -0.372838646 0.143279001 0.00306012621
v -0.37225759 0.164056674 0.0030601311
v -0.370514423 0.16812405 0.0030601311
v 0.37283811 0.158827171 0.105956227
v 0.37283811 0.158827171 0.178290442
v 0.37283811 0.12474034 0.178290442
v 0.372257054 0.164056674 0.178290442
v 0.37283811 0.12474034 0.108541146
v 0.37283811 0.125754327 0.105956227
v 0.37283811 0.141300991 0.0148441605
v 0.372257054 0.164056674 0.105956227
v 0.370513886 0.16812405 0.178290442
v 0.370513886 0.16812405 0.105956227
v 0.37283811 0.158827171 0.0148441605
v 0.37283811 0.143279001 0.00306012621
v 0.37283811 0.158827171 0.0030601311
v 0.372257054 0.164056674 0.0148441605
v 0.370513886 0.16812405 0.0148441605
v 0.372257054 0.164056674 0.0030601311
v 0.370513886 0.16812405 0.0030601311
v -0.372838646 -0.124740332 0.108541146
v -0.372838676 -0.124740325 0.178290442
v -0.372838676 -0.10284692 0.178290442
v -0.372838646 -0.119786948 0.119723007
v -0.372838676 -0.112788647 0.127976164
v -0.372838676 -0.102846928 0.135532096
v -0.372838676 -0.091900222 0.139900073
v -0.372838676 -0.0809534863 0.141833022
v -0.372838676 -0.0371666774 0.14182502
v -0.372838676 3.23486327e-09 0.14182502
v -0.372838676 0.0371666737 0.14182502
v -0.372838676 0.118764482 0.178290442
v -0.372838676 0.0809534863 0.141833022
v -0.372838676 0.091900222 0.139900073
v -0.372838676 0.102846928 0.135532096
v -0.372838676 0.112788662 0.127976164
v -0.372838646 0.119786955 0.119723007
v -0.372838646 0.12474034 0.108541146
v -0.372838676 0.12474034 0.178290442
v 0.37283811 -0.124740332 0.108541146
v 0.37283811 -0.119786948 0.119723007
v 0.37283811 -0.11278864 0.178290442
v 0.37283811 -0.124740325 0.178290442
v 0.37283811 -0.112788647 0.127976164
v 0.37283811 -0.102846928 0.135532096
v 0.37283811 -0.10284692 0.178290442
v 0.37283811 -0.091900222 0.139900073
v 0.37283811 -0.0919002146 0.178290442
v 0.37283811 -0.0809534863 0.141833022
v 0.37283811 -0.0371666774 0.14182502
v 0.37283811 -0.0371666774 0.178290442
v 0.37283811 3.23486327e-09 0.14182502
v 0.37283811 3.23486327e-09 0.178290442
v 0.37283811 0.0371666737 0.178290442
v 0.37283811 0.0371666737 0.14182502
v 0.37283811 0.0809535086 0.178290442
v 0.37283811 0.0809534863 0.141833022
v 0.37283811 0.091900222 0.178290442
v 0.37283811 0.091900222 0.139900073
v 0.37283811 0.102846928 0.178290442
v 0.37283811 0.102846928 0.135532096
v 0.37283811 0.11278864 0.178290442
v 0.37283811 0.112788662 0.127976164
v 0.37283811 0.118764482 0.178290442
v 0.37283811 0.119786955 0.119723007
v 0.37283811 0.12474034 0.108541146
v 0.37283811 0.12474034 0.178290442
v -0.367176414 -0.152925462 0.000777243869
v -0.369010746 -0.156102583 0.000777243869
v -0.369010746 -0.156102583 0.00820076931
v -0.367176414 -0.152925462 0.00820076931
v -0.369647801 -0.159715489 0.00820076931
v -0.369647801 -0.159715489 0.000777243869
v -0.369010746 -0.163328379 0.00820076931
v -0.369010746 -0.163328379 0.000777243869
v -0.367176414 -0.166505516 0.00820076931
v -0.367176414 -0.166505516 0.000777243869
v 0.367175877 -0.152925462 0.000777243869
v 0.367175877 -0.152925462 0.00820076931
v 0.369010121 -0.156102583 0.00820076931
v 0.369010121 -0.156102583 0.000777243869
v 0.369647175 -0.159715489 0.00820076931
v 0.369647175 -0.159715489 0.000777243869
v 0.369010121 -0.163328379 0.00820076931
v 0.369010121 -0.163328379 0.000777243869
v 0.367175877 -0.166505516 0.00820076931
v 0.367175877 -0.166505516 0.000777243869
v -0.367176414 0.152925462 0.000777243869
v -0.367176414 0.152925462 0.00820076931
v -0.369010746 0.156102598 0.00820076931
v -0.369010746 0.156102598 0.000777243869
v -0.369647801 0.159715503 0.00820076931
v -0.369647801 0.159715503 0.000777243869
v -0.369010746 0.163328364 0.00820076931
v -0.369010746 0.163328364 0.000777243869
v -0.367176414 0.166505516 0.00820076931
v -0.367176414 0.166505516 0.000777243869
v 0.367175877 0.152925462 0.000777243869
v 0.369010121 0.156102598 0.000777243869
v 0.369010121 0.156102598 0.00820076931
v 0.367175877 0.152925462 0.00820076931
v 0.369647175 0.159715503 0.00820076931
v 0.369647175 0.159715503 0.000777243869
v 0.369010121 0.163328364 0.00820076931
v 0.369010121 0.163328364 0.000777243869
v 0.367175877 0.166505516 0.00820076931
v 0.367175877 0.166505516 0.000777243869
v -0.37225759 -0.164056659 0.0030601311
v -0.37119621 -0.164117053 0.00206012721
v -0.369619757 -0.167629018 0.00206012721
v 0.369619101 -0.167629018 0.00206012721
v 0.371195644 -0.164117053 0.00206012721
v 0.372257054 -0.164056659 0.0030601311
v -0.369619757 0.167629048 0.00206012721
v -0.37119621 0.164117053 0.00206012721
v -0.37225759 0.164056674 0.0030601311
v 0.372257054 0.164056674 0.0030601311
v 0.371195644 0.164117053 0.00206012721
v 0.369619101 0.167629048 0.00206012721
v -0.369619757 -0.167629018 0.00206012721
v -0.370514423 -0.16812402 0.0030601311
v -0.37225759 -0.164056659 0.0030601311
v 0.372257054 -0.164056659 0.0030601311
v 0.370513886 -0.16812402 0.0030601311
v 0.369619101 -0.167629018 0.00206012721
v -0.37225759 0.164056674 0.0030601311
v -0.370514423 0.16812405 0.0030601311
v -0.369619757 0.167629048 0.00206012721
v 0.369619101 0.167629048 0.00206012721
v 0.370513886 0.16812405 0.0030601311
v 0.372257054 0.164056674 0.0030601311
v -0.369010746 -0.163328379 0.000777243869
v -0.368269116 -0.163058445 -3.6206248e-17
v -0.366571844 -0.165998206 -3.6859006e-17
v -0.367176414 -0.166505516 0.000777243869
v 0.369010121 -0.163328379 0.000777243869
v 0.367175877 -0.166505516 0.000777243869
v 0.366571248 -0.165998206 -3.6859006e-17
v 0.366571248 -0.165998206 -3.6859006e-17
v 0.368268549 -0.163058445 -3.6206248e-17
v 0.369010121 -0.163328379 0.000777243869
v -0.369010746 0.163328364 0.000777243869
v -0.367176414 0.166505516 0.000777243869
v -0.366571844 0.165998191 3.68590027e-17
v -0.368269116 0.16305843 3.62062447e-17
v 0.369010121 0.163328364 0.000777243869
v 0.368268549 0.16305843 3.62062447e-17
v 0.366571248 0.165998191 3.68590027e-17
v 0.366571248 0.165998191 3.68590027e-17
v 0.367175877 0.166505516 0.000777243869
v 0.369010121 0.163328364 0.000777243869
v -0.372838646 -0.158827156 0.0030601311
v -0.371798396 -0.159498706 0.00206012721
v -0.37119621 -0.164117053 0.00206012721
v 0.371195644 -0.164117053 0.00206012721
v 0.37179777 -0.159498706 0.00206012721
v 0.37283811 -0.158827156 0.0030601311
v -0.37119621 0.164117053 0.00206012721
v -0.371798396 0.159498706 0.00206012721
v -0.372838646 0.158827171 0.0030601311
v 0.37283811 0.158827171 0.0030601311
v 0.37179777 0.159498706 0.00206012721
v 0.371195644 0.164117053 0.00206012721
v -0.369647801 -0.159715489 0.000777243869
v -0.368858546 -0.159715489 -3.54639626e-17
v -0.368269116 -0.163058445 -3.6206248e-17
v -0.369010746 -0.163328379 0.000777243869
v 0.369647175 -0.159715489 0.000777243869
v 0.369010121 -0.163328379 0.000777243869
v 0.368268549 -0.163058445 -3.6206248e-17
v 0.36885801 -0.159715489 -3.54639626e-17
v -0.369647801 0.159715503 0.000777243869
v -0.369010746 0.163328364 0.000777243869
v -0.368269116 0.16305843 3.62062447e-17
v -0.368858546 0.159715503 3.54639659e-17
v 0.369647175 0.159715503 0.000777243869
v 0.36885801 0.159715503 3.54639659e-17
v 0.368268549 0.16305843 3.62062447e-17
v 0.369010121 0.163328364 0.000777243869
v -0.367114156 -0.170134619 0.00206012721
v -0.367609173 -0.171029314 0.0030601311
v -0.370514423 -0.16812402 0.0030601311
v -0.369619757 -0.167629018 0.00206012721
v 0.36711362 -0.170134619 0.00206012721
v 0.369619101 -0.167629018 0.00206012721
v 0.370513886 -0.16812402 0.0030601311
v 0.370513886 -0.16812402 0.0030601311
v 0.367608607 -0.171029314 0.0030601311
v 0.36711362 -0.170134619 0.00206012721
v -0.367114156 0.170134619 0.00206012721
v -0.369619757 0.167629048 0.00206012721
v -0.370514423 0.16812405 0.0030601311
v -0.367609173 0.171029329 0.0030601311
v 0.36711362 0.170134619 0.00206012721
v 0.367608607 0.171029329 0.0030601311
v 0.370513886 0.16812405 0.0030601311
v 0.370513886 0.16812405 0.0030601311
v 0.369619101 0.167629048 0.00206012721
v 0.36711362 0.170134619 0.00206012721
v -0.37119621 -0.164117053 0.00206012721
v -0.37225759 -0.164056659 0.0030601311
v -0.372838646 -0.158827156 0.0030601311
v 0.37283811 -0.158827156 0.0030601311
v 0.372257054 -0.164056659 0.0030601311
v 0.371195644 -0.164117053 0.00206012721
v -0.372838646 0.158827171 0.0030601311
v -0.37225759 0.164056674 0.0030601311
v -0.37119621 0.164117053 0.00206012721
v 0.371195644 0.164117053 0.00206012721
v 0.372257054 0.164056674 0.0030601311
v 0.37283811 0.158827171 0.0030601311
v -0.324225456 -0.140286997 0.178290442
v -0.324225456 -0.140286982 0.108541146
v -0.324225456 -0.141286984 0.105956227
v -0.324225456 -0.173353538 0.178290442
v -0.324225456 -0.173353538 0.108541146
v -0.324225456 -0.172353536 0.105956227
v 0.32422483 -0.173353538 0.108541146
v 0.32422483 -0.172353536 0.105956227
v 0.32422483 -0.141286984 0.105956227
v 0.32422483 -0.173353538 0.178290442
v 0.32422483 -0.140286997 0.178290442
v 0.32422483 -0.140286982 0.108541146
v -0.324225456 0.173353538 0.108541146
v -0.324225456 0.172353551 0.105956227
v -0.324225456 0.141286984 0.105956227
v -0.324225456 0.173353538 0.178290442
v -0.324225456 0.140286997 0.178290442
v -0.324225456 0.140286982 0.108541146
v 0.32422483 0.140286997 0.178290442
v 0.32422483 0.140286982 0.108541146
v 0.32422483 0.141286984 0.105956227
v 0.32422483 0.173353538 0.178290442
v 0.32422483 0.173353538 0.108541146
v 0.32422483 0.172353551 0.105956227
v -0.372838646 -0.143278986 0.00306012621
v -0.371838659 -0.143432856 0.00206012721
v -0.371798396 -0.159498706 0.00206012721
v 0.37179777 -0.159498706 0.00206012721
v 0.371838033 -0.143432856 0.00206012721
v 0.37283811 -0.143278986 0.00306012621
v -0.371798396 0.159498706 0.00206012721
v -0.371838659 0.143432856 0.00206012721
v -0.372838646 0.143279001 0.00306012621
v 0.37283811 0.143279001 0.00306012621
v 0.371838033 0.143432856 0.00206012721
v 0.37179777 0.159498706 0.00206012721
v -0.371798396 -0.159498706 0.00206012721
v -0.372838646 -0.158827156 0.0030601311
v -0.372838646 -0.143278986 0.00306012621
v 0.37283811 -0.143278986 0.00306012621
v 0.37283811 -0.158827156 0.0030601311
v 0.37179777 -0.159498706 0.00206012721
v -0.372838646 0.143279001 0.00306012621
v -0.372838646 0.158827171 0.0030601311
v -0.371798396 0.159498706 0.00206012721
v 0.37179777 0.159498706 0.00206012721
v 0.37283811 0.158827171 0.0030601311
v 0.37283811 0.143279001 0.00306012621
v -0.367176414 -0.166505516 0.000777243869
v -0.366571844 -0.165998206 -3.6859006e-17
v -0.363971472 -0.168180168 -3.73434989e-17
v -0.364366084 -0.168863654 0.000777243869
v 0.367175877 -0.166505516 0.000777243869
v 0.364365518 -0.168863654 0.000777243869
v 0.363970906 -0.168180168 -3.73434989e-17
v 0.363970906 -0.168180168 -3.73434989e-17
v 0.366571248 -0.165998206 -3.6859006e-17
v 0.367175877 -0.166505516 0.000777243869
v -0.367176414 0.166505516 0.000777243869
v -0.364366084 0.168863639 0.000777243869
v -0.363971472 0.168180168 3.73434989e-17
v -0.366571844 0.165998191 3.68590027e-17
v 0.367175877 0.166505516 0.000777243869
v 0.366571248 0.165998191 3.68590027e-17
v 0.363970906 0.168180168 3.73434989e-17
v 0.363970906 0.168180168 3.73434989e-17
v 0.364365518 0.168863639 0.000777243869
v 0.367175877 0.166505516 0.000777243869
v -0.369010746 -0.156102583 0.000777243869
v -0.368269116 -0.156372517 -3.47216738e-17
v -0.368858546 -0.159715489 -3.54639626e-17
v -0.369647801 -0.159715489 0.000777243869
v 0.369010121 -0.156102583 0.000777243869
v 0.369647175 -0.159715489 0.000777243869
v 0.36885801 -0.159715489 -3.54639626e-17
v 0.368268549 -0.156372517 -3.47216738e-17
v -0.369010746 0.156102598 0.000777243869
v -0.369647801 0.159715503 0.000777243869
v -0.368858546 0.159715503 3.54639659e-17
v -0.368269116 0.156372532 3.47216771e-17
v 0.369010121 0.156102598 0.000777243869
v 0.368268549 0.156372532 3.47216771e-17
v 0.36885801 0.159715503 3.54639659e-17
v 0.369647175 0.159715503 0.000777243869
v -0.363602161 -0.171711087 0.00206012721
v -0.363541782 -0.172772467 0.0030601311
v -0.367609173 -0.171029314 0.0030601311
v 0.367608607 -0.171029314 0.0030601311
v 0.363541216 -0.172772467 0.0030601311
v 0.363601565 -0.171711087 0.00206012721
v -0.367609173 0.171029329 0.0030601311
v -0.363541782 0.172772482 0.0030601311
v -0.363602161 0.171711087 0.00206012721
v 0.363601565 0.171711087 0.00206012721
v 0.363541216 0.172772482 0.0030601311
v 0.367608607 0.171029329 0.0030601311
v -0.367609173 -0.171029314 0.0030601311
v -0.367114156 -0.170134619 0.00206012721
v -0.363602161 -0.171711087 0.00206012721
v 0.363601565 -0.171711087 0.00206012721
v 0.36711362 -0.170134619 0.00206012721
v 0.367608607 -0.171029314 0.0030601311
v -0.363602161 0.171711087 0.00206012721
v -0.367114156 0.170134619 0.00206012721
v -0.367609173 0.171029329 0.0030601311
v 0.367608607 0.171029329 0.0030601311
v 0.36711362 0.170134619 0.00206012721
v 0.363601565 0.171711087 0.00206012721
v -0.364366084 -0.168863654 0.000777243869
v -0.363971472 -0.168180168 -3.73434989e-17
v -0.36078167 -0.169341162 -3.76012914e-17
v -0.360918701 -0.170118406 0.000777243869
v 0.364365518 -0.168863654 0.000777243869
v 0.360918105 -0.170118406 0.000777243869
v 0.360781074 -0.169341162 -3.76012914e-17
v 0.363970906 -0.168180168 -3.73434989e-17
v -0.364366084 0.168863639 0.000777243869
v -0.360918701 0.170118406 0.000777243869
v -0.36078167 0.169341162 3.76012914e-17
v -0.36078167 0.169341162 3.76012914e-17
v -0.363971472 0.168180168 3.73434989e-17
v -0.364366084 0.168863639 0.000777243869
v 0.364365518 0.168863639 0.000777243869
v 0.363970906 0.168180168 3.73434989e-17
v 0.360781074 0.169341162 3.76012914e-17
v 0.360781074 0.169341162 3.76012914e-17
v 0.360918105 0.170118406 0.000777243869
v 0.364365518 0.168863639 0.000777243869
v -0.367176414 -0.152925462 0.000777243869
v -0.366571844 -0.153432772 -3.40689191e-17
v -0.368269116 -0.156372517 -3.47216738e-17
v -0.369010746 -0.156102583 0.000777243869
v 0.367175877 -0.152925462 0.000777243869
v 0.369010121 -0.156102583 0.000777243869
v 0.368268549 -0.156372517 -3.47216738e-17
v 0.368268549 -0.156372517 -3.47216738e-17
v 0.366571248 -0.153432772 -3.40689191e-17
v 0.367175877 -0.152925462 0.000777243869
v -0.367176414 0.152925462 0.000777243869
v -0.369010746 0.156102598 0.000777243869
v -0.368269116 0.156372532 3.47216771e-17
v -0.366571844 0.153432772 3.40689191e-17
v 0.367175877 0.152925462 0.000777243869
v 0.366571248 0.153432772 3.40689191e-17
v 0.368268549 0.156372532 3.47216771e-17
v 0.368268549 0.156372532 3.47216771e-17
v 0.369010121 0.156102598 0.000777243869
v 0.367175877 0.152925462 0.000777243869
v -0.371838659 -0.119822644 0.117678292
v -0.372838646 -0.119786948 0.119723007
v -0.372838676 -0.112788647 0.127976164
v 0.37283811 -0.112788647 0.127976164
v 0.37283811 -0.119786948 0.119723007
v 0.371838033 -0.119822644 0.117678292
v -0.372838676 0.112788662 0.127976164
v -0.372838646 0.119786955 0.119723007
v -0.371838659 0.119822659 0.117678292
v 0.371838033 0.119822659 0.117678292
v 0.37283811 0.119786955 0.119723007
v 0.37283811 0.112788662 0.127976164
v -0.371838659 -0.0809534863 0.140825033
v -0.372838676 -0.0809534863 0.141833022
v -0.372838676 -0.0371666774 0.14182502
v 0.37283811 -0.0371666774 0.14182502
v 0.37283811 -0.0809534863 0.141833022
v 0.371838033 -0.0809534863 0.140825033
v -0.372838676 0.0371666737 0.14182502
v -0.372838676 0.0809534863 0.141833022
v -0.371838659 0.0809534863 0.140825033
v 0.371838033 0.0809534863 0.140825033
v 0.37283811 0.0809534863 0.141833022
v 0.37283811 0.0371666737 0.14182502
v -0.372838676 -0.0371666774 0.14182502
v -0.371838659 -0.0371666774 0.140825018
v -0.371838659 -0.0809534863 0.140825033
v -0.372838676 3.23486327e-09 0.14182502
v -0.372838676 0.0371666737 0.14182502
v -0.371838659 0.0809534863 0.140825033
v 0.371838033 -0.0809534863 0.140825033
v 0.371838033 3.23486327e-09 0.140825018
v 0.37283811 -0.0371666774 0.14182502
v 0.37283811 3.23486327e-09 0.14182502
v 0.37283811 0.0371666737 0.14182502
v 0.371838033 0.0371666737 0.140825018
v 0.371838033 0.0809534863 0.140825033
v -0.371838659 -0.091900222 0.138852611
v -0.372838676 -0.091900222 0.139900073
v -0.372838676 -0.0809534863 0.141833022
v 0.37283811 -0.0809534863 0.141833022
v 0.37283811 -0.091900222 0.139900073
v 0.371838033 -0.091900222 0.138852611
v -0.372838676 0.0809534863 0.141833022
v -0.372838676 0.091900222 0.139900073
v -0.371838659 0.091900222 0.138852611
v 0.371838033 0.091900222 0.138852611
v 0.37283811 0.091900222 0.139900073
v 0.37283811 0.0809534863 0.141833022
v -0.371838659 -0.102846928 0.134363636
v -0.372838676 -0.102846928 0.135532096
v -0.372838676 -0.091900222 0.139900073
v 0.37283811 -0.091900222 0.139900073
v 0.37283811 -0.102846928 0.135532096
v 0.371838033 -0.102846928 0.134363636
v -0.372838676 0.091900222 0.139900073
v -0.372838676 0.102846928 0.135532096
v -0.371838659 0.102846928 0.134363636
v 0.371838033 0.102846928 0.134363636
v 0.37283811 0.102846928 0.135532096
v 0.37283811 0.091900222 0.139900073
v -0.324225456 -0.173353538 0.178290442
v -0.358312279 -0.173353538 0.178290442
v -0.358312279 -0.173353538 0.105956227
v -0.324225456 -0.173353538 0.108541146
v -0.32523945 -0.173353538 0.105956227
v -0.340786099 -0.173353523 0.0148441615
v -0.363541782 -0.172772482 0.105956227
v -0.363541782 -0.172772482 0.178290442
v -0.358312279 -0.173353523 0.0148441605
v -0.342764109 -0.173353523 0.00306012901
v -0.358312279 -0.173353523 0.0030601311
v -0.363541782 -0.172772467 0.0030601311
v -0.363541782 -0.172772467 0.0148441605
v -0.367609173 -0.171029314 0.0030601311
v -0.370514423 -0.168124035 0.0148441605
v -0.370514423 -0.16812402 0.0030601311
v -0.367609173 -0.171029314 0.178290442
v -0.370514452 -0.168124035 0.178290442
v 0.358311743 -0.173353538 0.105956227
v 0.358311743 -0.173353538 0.178290442
v 0.32422483 -0.173353538 0.178290442
v 0.32422483 -0.173353538 0.108541146
v 0.325238854 -0.173353538 0.105956227
v 0.340785503 -0.173353523 0.0148441615
v 0.363541216 -0.172772482 0.105956227
v 0.363541216 -0.172772482 0.178290442
v 0.358311743 -0.173353523 0.0030601311
v 0.342763484 -0.173353523 0.00306012901
v 0.363541216 -0.172772467 0.0148441605
v 0.363541216 -0.172772467 0.0030601311
v 0.367608607 -0.171029314 0.0030601311
v 0.367608607 -0.171029314 0.105956227
v 0.367608607 -0.171029314 0.0148441605
v 0.370513886 -0.16812402 0.0030601311
v 0.370513886 -0.168124035 0.0148441605
v 0.367608607 -0.171029314 0.178290442
v 0.370513886 -0.168124035 0.105956227
v 0.370513886 -0.168124035 0.178290442
v -0.358312279 0.173353538 0.178290442
v -0.324225456 0.173353538 0.178290442
v -0.324225456 0.173353538 0.108541146
v -0.32523945 0.173353538 0.105956227
v -0.340786099 0.173353538 0.0148441615
v -0.363541782 0.172772482 0.0030601311
v -0.363541782 0.172772482 0.178290442
v -0.358312279 0.173353538 0.0030601311
v -0.342764109 0.173353538 0.00306012901
v -0.367609173 0.171029329 0.0030601311
v -0.370514423 0.16812405 0.0030601311
v -0.370514423 0.16812405 0.0148441605
v -0.367609173 0.171029329 0.178290442
v -0.370514452 0.16812405 0.178290442
v 0.32422483 0.173353538 0.108541146
v 0.32422483 0.173353538 0.178290442
v 0.358311743 0.173353538 0.178290442
v 0.325238854 0.173353538 0.105956227
v 0.340785503 0.173353538 0.0148441615
v 0.363541216 0.172772482 0.178290442
v 0.363541216 0.172772482 0.105956227
v 0.358311743 0.173353538 0.0030601311
v 0.342763484 0.173353538 0.00306012901
v 0.363541216 0.172772482 0.0148441605
v 0.363541216 0.172772482 0.0030601311
v 0.367608607 0.171029329 0.0030601311
v 0.367608607 0.171029329 0.0148441605
v 0.370513886 0.16812405 0.0030601311
v 0.370513886 0.16812405 0.0148441605
v 0.367608607 0.171029329 0.105956227
v 0.370513886 0.16812405 0.105956227
v 0.367608607 0.171029329 0.178290442
v 0.370513886 0.16812405 0.178290442
v -0.372838676 -0.0809534863 0.141833022
v -0.371838659 -0.0809534863 0.140825033
v -0.371838659 -0.091900222 0.138852611
v 0.371838033 -0.091900222 0.138852611
v 0.371838033 -0.0809534863 0.140825033
v 0.37283811 -0.0809534863 0.141833022
v -0.371838659 0.091900222 0.138852611
v -0.371838659 0.0809534863 0.140825033
v -0.372838676 0.0809534863 0.141833022
v 0.37283811 0.0809534863 0.141833022
v 0.371838033 0.0809534863 0.140825033
v 0.371838033 0.091900222 0.138852611
v -0.371838659 -0.112788647 0.126555189
v -0.372838676 -0.112788647 0.127976164
v -0.372838676 -0.102846928 0.135532096
v 0.37283811 -0.102846928 0.135532096
v 0.37283811 -0.112788647 0.127976164
v 0.371838033 -0.112788647 0.126555189
v -0.372838676 0.102846928 0.135532096
v -0.372838676 0.112788662 0.127976164
v -0.371838659 0.112788662 0.126555189
v 0.371838033 0.112788662 0.126555189
v 0.37283811 0.112788662 0.127976164
v 0.37283811 0.102846928 0.135532096
v -0.363541782 -0.172772467 0.0030601311
v -0.363602161 -0.171711087 0.00206012721
v -0.358983845 -0.172313258 0.00206012721
v 0.358983278 -0.172313258 0.00206012721
v 0.363601565 -0.171711087 0.00206012721
v 0.363541216 -0.172772467 0.0030601311
v -0.358983845 0.172313273 0.00206012721
v -0.363602161 0.171711087 0.00206012721
v -0.363541782 0.172772482 0.0030601311
v 0.363541216 0.172772482 0.0030601311
v 0.363601565 0.171711087 0.00206012721
v 0.358983278 0.172313273 0.00206012721
v -0.358983845 -0.172313258 0.00206012721
v -0.358312279 -0.173353523 0.0030601311
v -0.363541782 -0.172772467 0.0030601311
v 0.363541216 -0.172772467 0.0030601311
v 0.358311743 -0.173353523 0.0030601311
v 0.358983278 -0.172313258 0.00206012721
v -0.363541782 0.172772482 0.0030601311
v -0.358312279 0.173353538 0.0030601311
v -0.358983845 0.172313273 0.00206012721
v 0.358983278 0.172313273 0.00206012721
v 0.358311743 0.173353538 0.0030601311
v 0.363541216 0.172772482 0.0030601311
v -0.372838676 -0.091900222 0.139900073
v -0.371838659 -0.091900222 0.138852611
v -0.371838659 -0.102846928 0.134363636
v 0.371838033 -0.102846928 0.134363636
v 0.371838033 -0.091900222 0.138852611
v 0.37283811 -0.091900222 0.139900073
v -0.371838659 0.102846928 0.134363636
v -0.371838659 0.091900222 0.138852611
v -0.372838676 0.091900222 0.139900073
v 0.37283811 0.091900222 0.139900073
v 0.371838033 0.091900222 0.138852611
v 0.371838033 0.102846928 0.134363636
v -0.371838659 -0.124740332 0.105956227
v -0.372838646 -0.124740332 0.108541146
v -0.372838646 -0.119786948 0.119723007
v 0.37283811 -0.119786948 0.119723007
v 0.37283811 -0.124740332 0.108541146
v 0.371838033 -0.124740332 0.105956227
v -0.372838646 0.119786955 0.119723007
v -0.372838646 0.12474034 0.108541146
v -0.371838659 0.12474034 0.105956227
v 0.371838033 0.12474034 0.105956227
v 0.37283811 0.12474034 0.108541146
v 0.37283811 0.119786955 0.119723007
v -0.371838659 -0.143432856 0.00206012721
v -0.372838646 -0.143278986 0.00306012621
v -0.371838659 -0.142267317 0.00304633146
v 0.371838033 -0.143432856 0.00206012721
v 0.371838033 -0.142267317 0.00304633146
v 0.37283811 -0.143278986 0.00306012621
v -0.371838659 0.143432856 0.00206012721
v -0.371838659 0.142267331 0.00304633146
v -0.372838646 0.143279001 0.00306012621
v 0.371838033 0.143432856 0.00206012721
v 0.37283811 0.143279001 0.00306012621
v 0.371838033 0.142267331 0.00304633146
v -0.342917979 -0.172353521 0.00206012907
v -0.342764109 -0.173353523 0.00306012901
v -0.358312279 -0.173353523 0.0030601311
v 0.358311743 -0.173353523 0.0030601311
v 0.342763484 -0.173353523 0.00306012901
v 0.342917383 -0.172353521 0.00206012907
v -0.358312279 0.173353538 0.0030601311
v -0.342764109 0.173353538 0.00306012901
v -0.342917979 0.172353551 0.00206012907
v 0.342917383 0.172353551 0.00206012907
v 0.342763484 0.173353538 0.00306012901
v 0.358311743 0.173353538 0.0030601311
v -0.358312279 -0.173353523 0.0030601311
v -0.358983845 -0.172313258 0.00206012721
v -0.342917979 -0.172353521 0.00206012907
v -0.360918701 -0.170118406 0.000777243869
v -0.36078167 -0.169341162 -3.76012914e-17
v -0.357387125 -0.169341162 -3.76012914e-17
v -0.357250065 -0.170118406 0.000777243869
v 0.342917383 -0.172353521 0.00206012907
v 0.358983278 -0.172313258 0.00206012721
v 0.358311743 -0.173353523 0.0030601311
v 0.360918105 -0.170118406 0.000777243869
v 0.357249498 -0.170118406 0.000777243869
v 0.357386529 -0.169341162 -3.76012914e-17
v 0.360781074 -0.169341162 -3.76012914e-17
v -0.342917979 0.172353551 0.00206012907
v -0.358983845 0.172313273 0.00206012721
v -0.358312279 0.173353538 0.0030601311
v -0.360918701 0.170118406 0.000777243869
v -0.357250065 0.170118406 0.000777243869
v -0.357387125 0.169341162 3.76012914e-17
v -0.36078167 0.169341162 3.76012914e-17
v 0.358311743 0.173353538 0.0030601311
v 0.358983278 0.172313273 0.00206012721
v 0.342917383 0.172353551 0.00206012907
v 0.360918105 0.170118406 0.000777243869
v 0.360781074 0.169341162 3.76012914e-17
v 0.357386529 0.169341162 3.76012914e-17
v 0.357249498 0.170118406 0.000777243869
v -0.372838676 -0.102846928 0.135532096
v -0.371838659 -0.102846928 0.134363636
v -0.371838659 -0.112788647 0.126555189
v 0.371838033 -0.112788647 0.126555189
v 0.371838033 -0.102846928 0.134363636
v 0.37283811 -0.102846928 0.135532096
v -0.371838659 0.112788662 0.126555189
v -0.371838659 0.102846928 0.134363636
v -0.372838676 0.102846928 0.135532096
v 0.37283811 0.102846928 0.135532096
v 0.371838033 0.102846928 0.134363636
v 0.371838033 0.112788662 0.126555189
v -0.324225456 -0.173353538 0.108541146
v -0.319272071 -0.173353538 0.119723007
v -0.318249613 -0.173353538 0.178290442
v -0.324225456 -0.173353538 0.178290442
v -0.312273771 -0.173353538 0.127976164
v -0.302332044 -0.173353538 0.135532096
v -0.291385353 -0.173353538 0.139900073
v -0.280438632 -0.173353538 0.141833022
v -0.236651823 -0.173353538 0.141825035
v -2.97058108e-07 -0.173353538 0.141825035
v 0.236651242 -0.173353538 0.178290442
v 0.236651242 -0.173353538 0.141825035
v 0.280438036 -0.173353538 0.141833022
v 0.291384697 -0.173353538 0.139900073
v 0.312273234 -0.173353538 0.178290442
v 0.302331448 -0.173353538 0.135532096
v 0.312273234 -0.173353538 0.127976164
v 0.319271505 -0.173353538 0.119723007
v 0.32422483 -0.173353538 0.108541146
v 0.32422483 -0.173353538 0.178290442
v -0.324225456 0.173353538 0.108541146
v -0.324225456 0.173353538 0.178290442
v -0.312273771 0.173353538 0.178290442
v -0.319272071 0.173353538 0.119723007
v -0.312273771 0.173353538 0.127976164
v -0.302332044 0.173353538 0.135532096
v -0.291385353 0.173353538 0.139900073
v -0.280438632 0.173353538 0.141833022
v -0.236651823 0.173353538 0.141825035
v -2.97058108e-07 0.173353538 0.141825035
v 0.236651242 0.173353538 0.141825035
v 0.302331448 0.173353538 0.178290442
v 0.280438036 0.173353538 0.141833022
v 0.291384697 0.173353538 0.139900073
v 0.302331448 0.173353538 0.135532096
v 0.312273234 0.173353538 0.127976164
v 0.319271505 0.173353538 0.119723007
v 0.32422483 0.173353538 0.108541146
v 0.32422483 0.173353538 0.178290442
v -0.372838646 -0.125754312 0.105956227
v -0.371838659 -0.124740325 0.105956227
v -0.371838659 -0.140286982 0.0148441605
v -0.372838646 -0.141300976 0.0148441605
v -0.372838646 -0.141300976 0.0148441605
v -0.371838659 -0.140286982 0.0148441605
v -0.371838659 -0.142267317 0.00304633146
v -0.372838646 -0.143278986 0.00306012621
v 0.37283811 -0.125754312 0.105956227
v 0.37283811 -0.141300976 0.0148441605
v 0.371838033 -0.140286982 0.0148441605
v 0.371838033 -0.124740325 0.105956227
v 0.37283811 -0.141300976 0.0148441605
v 0.37283811 -0.143278986 0.00306012621
v 0.371838033 -0.142267317 0.00304633146
v 0.371838033 -0.140286982 0.0148441605
v -0.372838646 0.125754327 0.105956227
v -0.372838646 0.141300991 0.0148441605
v -0.371838659 0.140286982 0.0148441605
v -0.371838659 0.12474034 0.105956227
v -0.372838646 0.141300991 0.0148441605
v -0.372838646 0.143279001 0.00306012621
v -0.371838659 0.142267331 0.00304633146
v -0.371838659 0.140286982 0.0148441605
v 0.37283811 0.125754327 0.105956227
v 0.371838033 0.12474034 0.105956227
v 0.371838033 0.140286982 0.0148441605
v 0.37283811 0.141300991 0.0148441605
v 0.37283811 0.141300991 0.0148441605
v 0.371838033 0.140286982 0.0148441605
v 0.371838033 0.142267331 0.00304633146
v 0.37283811 0.143279001 0.00306012621
v -0.367176414 -0.166505516 0.000777243869
v -0.364366084 -0.168863654 0.000777243869
v -0.364366084 -0.168863654 0.00820076931
v -0.367176414 -0.166505516 0.00820076931
v -0.360918701 -0.170118406 0.00820076931
v -0.360918701 -0.170118406 0.000777243869
v -0.357250065 -0.170118406 0.00820076931
v -0.357250065 -0.170118406 0.000777243869
v -0.353802681 -0.168863669 0.00820076931
v -0.353802681 -0.168863669 0.000777243869
v -0.350992352 -0.166505516 0.00820076931
v -0.350992352 -0.166505516 0.000777243869
v 0.367175877 -0.166505516 0.000777243869
v 0.367175877 -0.166505516 0.00820076931
v 0.364365518 -0.168863654 0.00820076931
v 0.364365518 -0.168863654 0.000777243869
v 0.360918105 -0.170118406 0.00820076931
v 0.360918105 -0.170118406 0.000777243869
v 0.357249498 -0.170118406 0.00820076931
v 0.357249498 -0.170118406 0.000777243869
v 0.353802145 -0.168863669 0.00820076931
v 0.353802145 -0.168863669 0.000777243869
v 0.350991786 -0.166505516 0.00820076931
v 0.350991786 -0.166505516 0.000777243869
v -0.367176414 0.166505516 0.000777243869
v -0.367176414 0.166505516 0.00820076931
v -0.364366084 0.168863639 0.00820076931
v -0.364366084 0.168863639 0.000777243869
v -0.360918701 0.170118406 0.00820076931
v -0.360918701 0.170118406 0.000777243869
v -0.357250065 0.170118406 0.00820076931
v -0.357250065 0.170118406 0.000777243869
v -0.353802681 0.168863639 0.00820076931
v -0.353802681 0.168863639 0.000777243869
v -0.350992352 0.166505545 0.00820076931
v -0.350992352 0.166505545 0.000777243869
v 0.367175877 0.166505516 0.000777243869
v 0.364365518 0.168863639 0.000777243869
v 0.364365518 0.168863639 0.00820076931
v 0.367175877 0.166505516 0.00820076931
v 0.360918105 0.170118406 0.00820076931
v 0.360918105 0.170118406 0.000777243869
v 0.357249498 0.170118406 0.00820076931
v 0.357249498 0.170118406 0.000777243869
v 0.353802145 0.168863639 0.00820076931
v 0.353802145 0.168863639 0.000777243869
v 0.350991786 0.166505545 0.00820076931
v 0.350991786 0.166505545 0.000777243869
v -0.371838659 -0.124740325 0.105956227
v -0.372838646 -0.125754312 0.105956227
v -0.372838646 -0.124740325 0.108541146
v 0.371838033 -0.124740325 0.105956227
v 0.37283811 -0.124740325 0.108541146
v 0.37283811 -0.125754312 0.105956227
v -0.371838659 0.12474034 0.105956227
v -0.372838646 0.12474034 0.108541146
v -0.372838646 0.125754327 0.105956227
v 0.371838033 0.12474034 0.105956227
v 0.37283811 0.125754327 0.105956227
v 0.37283811 0.12474034 0.108541146
v -0.372838676 -0.112788647 0.127976164
v -0.371838659 -0.112788647 0.126555189
v -0.371838659 -0.119822644 0.117678292
v 0.371838033 -0.119822644 0.117678292
v 0.371838033 -0.112788647 0.126555189
v 0.37283811 -0.112788647 0.127976164
v -0.371838659 0.119822659 0.117678292
v -0.371838659 0.112788662 0.126555189
v -0.372838676 0.112788662 0.127976164
v 0.37283811 0.112788662 0.127976164
v 0.371838033 0.112788662 0.126555189
v 0.371838033 0.119822659 0.117678292
v -0.364366084 -0.150567308 0.000777243869
v -0.363971472 -0.151250809 -3.35844262e-17
v -0.366571844 -0.153432772 -3.40689191e-17
v -0.367176414 -0.152925462 0.000777243869
v 0.364365518 -0.150567308 0.000777243869
v 0.367175877 -0.152925462 0.000777243869
v 0.366571248 -0.153432772 -3.40689191e-17
v 0.366571248 -0.153432772 -3.40689191e-17
v 0.363970906 -0.151250809 -3.35844262e-17
v 0.364365518 -0.150567308 0.000777243869
v -0.364366084 0.150567323 0.000777243869
v -0.367176414 0.152925462 0.000777243869
v -0.366571844 0.153432772 3.40689191e-17
v -0.363971472 0.151250809 3.35844262e-17
v 0.364365518 0.150567323 0.000777243869
v 0.363970906 0.151250809 3.35844262e-17
v 0.366571248 0.153432772 3.40689191e-17
v 0.366571248 0.153432772 3.40689191e-17
v 0.367175877 0.152925462 0.000777243869
v 0.364365518 0.150567323 0.000777243869
v -0.372838646 -0.119786948 0.119723007
v -0.371838659 -0.119822644 0.117678292
v -0.371838659 -0.124740332 0.105956227
v 0.371838033 -0.124740332 0.105956227
v 0.371838033 -0.119822644 0.117678292
v 0.37283811 -0.119786948 0.119723007
v -0.371838659 0.12474034 0.105956227
v -0.371838659 0.119822659 0.117678292
v -0.372838646 0.119786955 0.119723007
v 0.37283811 0.119786955 0.119723007
v 0.371838033 0.119822659 0.117678292
v 0.371838033 0.12474034 0.105956227
v -0.372838676 -0.124740325 0.178290442
v -0.372838646 -0.124740332 0.108541146
v -0.371838659 -0.124740332 0.105956227
v -0.339772135 -0.124740325 0.108541146
v -0.340772122 -0.124740325 0.105956227
v -0.339772135 -0.124740317 0.178290442
v 0.339771539 -0.124740325 0.108541146
v 0.340771526 -0.124740325 0.105956227
v 0.371838033 -0.124740332 0.105956227
v 0.37283811 -0.124740325 0.178290442
v 0.37283811 -0.124740332 0.108541146
v 0.339771539 -0.124740317 0.178290442
v -0.339772135 0.12474034 0.108541146
v -0.340772122 0.12474034 0.105956227
v -0.371838659 0.12474034 0.105956227
v -0.372838676 0.12474034 0.178290442
v -0.372838646 0.12474034 0.108541146
v -0.339772135 0.12474034 0.178290442
v 0.37283811 0.12474034 0.178290442
v 0.37283811 0.12474034 0.108541146
v 0.371838033 0.12474034 0.105956227
v 0.339771539 0.12474034 0.108541146
v 0.340771526 0.12474034 0.105956227
v 0.339771539 0.12474034 0.178290442
v -0.324225456 -0.173353538 0.178290442
v -0.318249613 -0.173353538 0.178290442
v -0.318249613 -0.140286997 0.178290442
v -0.324225456 -0.140286997 0.178290442
v -0.312273771 -0.140286997 0.178290442
v -0.302332044 -0.140286997 0.178290442
v -0.291385353 -0.140286997 0.178290442
v -0.236651823 -0.140286997 0.178290442
v -2.97058108e-07 -0.140286997 0.178290442
v 0.236651242 -0.140286997 0.178290442
v 0.236651242 -0.173353538 0.178290442
v 0.312273234 -0.173353538 0.178290442
v 0.312273234 -0.140286997 0.178290442
v 0.32422483 -0.173353538 0.178290442
v 0.32422483 -0.140286997 0.178290442
v -0.372838676 -0.124740325 0.178290442
v -0.339772135 -0.124740317 0.178290442
v -0.339772135 -0.118764475 0.178290442
v -0.372838676 -0.10284692 0.178290442
v -0.339772135 -0.0371666886 0.178290442
v -0.339772135 0.11278864 0.178290442
v -0.372838676 0.118764482 0.178290442
v -0.372838676 0.12474034 0.178290442
v -0.339772135 0.12474034 0.178290442
v 0.37283811 -0.124740325 0.178290442
v 0.37283811 -0.11278864 0.178290442
v 0.339771539 -0.118764475 0.178290442
v 0.339771539 -0.124740317 0.178290442
v 0.339771539 -0.112788633 0.178290442
v 0.37283811 -0.10284692 0.178290442
v 0.37283811 -0.0919002146 0.178290442
v 0.339771539 -0.0919002146 0.178290442
v 0.339771539 -0.0809535086 0.178290442
v 0.37283811 -0.0371666774 0.178290442
v 0.339771539 -0.0371666886 0.178290442
v 0.37283811 3.23486327e-09 0.178290442
v 0.339771539 0.0371666923 0.178290442
v 0.37283811 0.0371666737 0.178290442
v 0.339771539 0.0809535235 0.178290442
v 0.37283811 0.0809535086 0.178290442
v 0.339771539 0.091900222 0.178290442
v 0.37283811 0.091900222 0.178290442
v 0.339771539 0.102846913 0.178290442
v 0.37283811 0.102846928 0.178290442
v 0.37283811 0.11278864 0.178290442
v 0.339771539 0.118764482 0.178290442
v 0.37283811 0.118764482 0.178290442
v 0.37283811 0.12474034 0.178290442
v 0.339771539 0.12474034 0.178290442
v -0.324225456 0.173353538 0.178290442
v -0.324225456 0.140286997 0.178290442
v -0.312273771 0.140286997 0.178290442
v -0.312273771 0.173353538 0.178290442
v 0.318249017 0.140286997 0.178290442
v 0.302331448 0.173353538 0.178290442
v 0.32422483 0.173353538 0.178290442
v 0.32422483 0.140286997 0.178290442
v -0.324225456 -0.173353538 0.178290442
v -0.324225456 -0.140286997 0.178290442
v -0.339772135 -0.140286997 0.178290442
v -0.358312279 -0.173353538 0.178290442
v -0.37225759 -0.164056659 0.178290442
v -0.363541782 -0.172772482 0.178290442
v -0.367609173 -0.171029314 0.178290442
v -0.370514452 -0.168124035 0.178290442
v -0.372838646 -0.158827171 0.178290442
v -0.372838676 -0.124740325 0.178290442
v -0.339772135 -0.124740325 0.178290442
v 0.339771539 -0.140286997 0.178290442
v 0.32422483 -0.140286997 0.178290442
v 0.32422483 -0.173353538 0.178290442
v 0.358311743 -0.173353538 0.178290442
v 0.37283811 -0.124740325 0.178290442
v 0.363541216 -0.172772482 0.178290442
v 0.367608607 -0.171029314 0.178290442
v 0.370513886 -0.168124035 0.178290442
v 0.372257054 -0.164056659 0.178290442
v 0.37283811 -0.158827171 0.178290442
v 0.339771539 -0.124740325 0.178290442
v -0.339772135 0.140286997 0.178290442
v -0.324225456 0.140286997 0.178290442
v -0.324225456 0.173353538 0.178290442
v -0.358312279 0.173353538 0.178290442
v -0.372838676 0.12474034 0.178290442
v -0.363541782 0.172772482 0.178290442
v -0.367609173 0.171029329 0.178290442
v -0.370514452 0.16812405 0.178290442
v -0.37225759 0.164056674 0.178290442
v -0.372838646 0.158827171 0.178290442
v -0.339772135 0.12474034 0.178290442
v 0.32422483 0.173353538 0.178290442
v 0.32422483 0.140286997 0.178290442
v 0.339771539 0.140286997 0.178290442
v 0.358311743 0.173353538 0.178290442
v 0.37283811 0.158827171 0.178290442
v 0.363541216 0.172772482 0.178290442
v 0.367608607 0.171029329 0.178290442
v 0.370513886 0.16812405 0.178290442
v 0.372257054 0.164056674 0.178290442
v 0.37283811 0.12474034 0.178290442
v 0.339771539 0.12474034 0.178290442
v -0.357250065 -0.170118406 0.000777243869
v -0.357387125 -0.169341162 -3.76012914e-17
v -0.354197323 -0.168180168 -3.73434989e-17
v -0.353802681 -0.168863669 0.000777243869
v 0.357249498 -0.170118406 0.000777243869
v 0.353802145 -0.168863669 0.000777243869
v 0.354196757 -0.168180168 -3.73434989e-17
v 0.357386529 -0.169341162 -3.76012914e-17
v -0.357250065 0.170118406 0.000777243869
v -0.353802681 0.168863639 0.000777243869
v -0.354197323 0.168180197 3.73435055e-17
v -0.354197323 0.168180197 3.73435055e-17
v -0.357387125 0.169341162 3.76012914e-17
v -0.357250065 0.170118406 0.000777243869
v 0.357249498 0.170118406 0.000777243869
v 0.357386529 0.169341162 3.76012914e-17
v 0.354196757 0.168180197 3.73435055e-17
v 0.354196757 0.168180197 3.73435055e-17
v 0.353802145 0.168863639 0.000777243869
v 0.357249498 0.170118406 0.000777243869
v -0.351596951 -0.165998206 -3.6859006e-17
v -0.354197323 -0.168180168 -3.73434989e-17
v -0.357387125 -0.169341162 -3.76012914e-17
v -0.349899679 -0.16305846 -3.62062513e-17
v -0.349310219 -0.159715489 -3.54639626e-17
v -0.351596951 -0.153432772 -3.40689191e-17
v -0.349899679 -0.156372517 -3.47216738e-17
v -0.36078167 -0.169341162 -3.76012914e-17
v -0.363971472 -0.168180168 -3.73434989e-17
v -0.368269116 -0.163058445 -3.6206248e-17
v -0.366571844 -0.165998206 -3.6859006e-17
v -0.357387125 -0.150089815 -3.33266337e-17
v -0.354197294 -0.151250809 -3.35844262e-17
v -0.363971472 -0.151250809 -3.35844262e-17
v -0.36078167 -0.150089815 -3.33266337e-17
v -0.368269116 -0.156372517 -3.47216738e-17
v -0.366571844 -0.153432772 -3.40689191e-17
v -0.368858546 -0.159715489 -3.54639626e-17
v 0.349309653 -0.159715489 -3.54639626e-17
v 0.349899113 -0.156372517 -3.47216738e-17
v 0.351596355 -0.153432772 -3.40689191e-17
v 0.349899113 -0.16305846 -3.62062513e-17
v 0.351596355 -0.165998206 -3.6859006e-17
v 0.357386529 -0.169341162 -3.76012914e-17
v 0.354196757 -0.168180168 -3.73434989e-17
v 0.363970906 -0.168180168 -3.73434989e-17
v 0.360781074 -0.169341162 -3.76012914e-17
v 0.368268549 -0.163058445 -3.6206248e-17
v 0.366571248 -0.165998206 -3.6859006e-17
v 0.354196757 -0.151250809 -3.35844262e-17
v 0.357386529 -0.150089815 -3.33266337e-17
v 0.363970906 -0.151250809 -3.35844262e-17
v 0.360781074 -0.150089815 -3.33266337e-17
v 0.368268549 -0.156372517 -3.47216738e-17
v 0.36885801 -0.159715489 -3.54639626e-17
v 0.366571248 -0.153432772 -3.40689191e-17
v -0.349310219 0.159715503 3.54639659e-17
v -0.349899679 0.156372532 3.47216771e-17
v -0.351596951 0.153432772 3.40689191e-17
v -0.349899679 0.16305843 3.62062447e-17
v -0.351596951 0.165998191 3.68590027e-17
v -0.357387125 0.169341162 3.76012914e-17
v -0.354197323 0.168180197 3.73435055e-17
v -0.363971472 0.168180168 3.73434989e-17
v -0.36078167 0.169341162 3.76012914e-17
v -0.368269116 0.16305843 3.62062447e-17
v -0.366571844 0.165998191 3.68590027e-17
v -0.354197294 0.151250809 3.35844262e-17
v -0.357387125 0.150089815 3.33266337e-17
v -0.363971472 0.151250809 3.35844262e-17
v -0.36078167 0.150089815 3.33266337e-17
v -0.368269116 0.156372532 3.47216771e-17
v -0.368858546 0.159715503 3.54639659e-17
v -0.366571844 0.153432772 3.40689191e-17
v 0.351596355 0.165998191 3.68590027e-17
v 0.354196757 0.168180197 3.73435055e-17
v 0.357386529 0.169341162 3.76012914e-17
v 0.349899113 0.16305843 3.62062447e-17
v 0.349309653 0.159715503 3.54639659e-17
v 0.351596355 0.153432772 3.40689191e-17
v 0.349899113 0.156372532 3.47216771e-17
v 0.360781074 0.169341162 3.76012914e-17
v 0.363970906 0.168180168 3.73434989e-17
v 0.368268549 0.16305843 3.62062447e-17
v 0.366571248 0.165998191 3.68590027e-17
v 0.357386529 0.150089815 3.33266337e-17
v 0.354196757 0.151250809 3.35844262e-17
v 0.363970906 0.151250809 3.35844262e-17
v 0.360781074 0.150089815 3.33266337e-17
v 0.368268549 0.156372532 3.47216771e-17
v 0.366571248 0.153432772 3.40689191e-17
v 0.36885801 0.159715503 3.54639659e-17
v -0.280438632 -0.173353538 0.141833022
v -0.280438632 -0.172353536 0.140825033
v -0.236651823 -0.172353536 0.140825033
v 0.236651242 -0.172353536 0.140825033
v 0.280438036 -0.172353536 0.140825033
v 0.280438036 -0.173353538 0.141833022
v -0.236651823 0.172353551 0.140825033
v -0.280438632 0.172353551 0.140825033
v -0.280438632 0.173353538 0.141833022
v 0.280438036 0.173353538 0.141833022
v 0.280438036 0.172353551 0.140825033
v 0.236651242 0.172353551 0.140825033
v -0.342917979 -0.172353521 0.00206012907
v -0.358983845 -0.172313258 0.00206012721
v -0.371798396 -0.159498706 0.00206012721
v -0.363602161 -0.171711087 0.00206012721
v -0.367114156 -0.170134619 0.00206012721
v -0.369619757 -0.167629018 0.00206012721
v -0.37119621 -0.164117053 0.00206012721
v -0.342917979 -0.143432856 0.00206012721
v -0.371838659 -0.143432856 0.00206012721
v 0.342917383 -0.172353521 0.00206012907
v 0.342917383 -0.143432856 0.00206012721
v 0.358983278 -0.172313258 0.00206012721
v 0.36711362 -0.170134619 0.00206012721
v 0.363601565 -0.171711087 0.00206012721
v 0.369619101 -0.167629018 0.00206012721
v 0.371195644 -0.164117053 0.00206012721
v 0.37179777 -0.159498706 0.00206012721
v 0.371838033 -0.143432856 0.00206012721
v -0.342917979 0.172353551 0.00206012907
v -0.342917979 0.143432856 0.00206012721
v -0.363602161 0.171711087 0.00206012721
v -0.358983845 0.172313273 0.00206012721
v -0.367114156 0.170134619 0.00206012721
v -0.369619757 0.167629048 0.00206012721
v -0.37119621 0.164117053 0.00206012721
v -0.371798396 0.159498706 0.00206012721
v -0.371838659 0.143432856 0.00206012721
v 0.342917383 0.172353551 0.00206012907
v 0.358983278 0.172313273 0.00206012721
v 0.371195644 0.164117053 0.00206012721
v 0.363601565 0.171711087 0.00206012721
v 0.36711362 0.170134619 0.00206012721
v 0.369619101 0.167629048 0.00206012721
v 0.342917383 0.143432856 0.00206012721
v 0.37179777 0.159498706 0.00206012721
v 0.371838033 0.143432856 0.00206012721
v -0.236651823 -0.172353536 0.140825033
v -0.236651823 -0.173353538 0.141825035
v -0.280438632 -0.173353538 0.141833022
v 0.280438036 -0.173353538 0.141833022
v 0.236651242 -0.173353538 0.141825035
v 0.236651242 -0.172353536 0.140825033
v -0.280438632 0.173353538 0.141833022
v -0.236651823 0.173353538 0.141825035
v -0.236651823 0.172353551 0.140825033
v 0.236651242 0.172353551 0.140825033
v 0.236651242 0.173353538 0.141825035
v 0.280438036 0.173353538 0.141833022
v -0.236651823 -0.172353536 0.140825033
v -2.97058108e-07 -0.172353536 0.140825033
v -2.97058108e-07 -0.173353538 0.141825035
v -0.236651823 -0.173353538 0.141825035
v 0.236651242 -0.172353536 0.140825033
v 0.236651242 -0.173353538 0.141825035
v -0.236651823 0.172353551 0.140825033
v -0.236651823 0.173353538 0.141825035
v -2.97058108e-07 0.173353538 0.141825035
v -2.97058108e-07 0.172353551 0.140825033
v 0.236651242 0.172353551 0.140825033
v 0.236651242 0.173353538 0.141825035
v -0.291385353 -0.173353538 0.139900073
v -0.291385353 -0.172353536 0.138852611
v -0.280438632 -0.172353536 0.140825033
v 0.280438036 -0.172353536 0.140825033
v 0.291384697 -0.172353536 0.138852611
v 0.291384697 -0.173353538 0.139900073
v -0.280438632 0.172353551 0.140825033
v -0.291385353 0.172353551 0.138852611
v -0.291385353 0.173353538 0.139900073
v 0.291384697 0.173353538 0.139900073
v 0.291384697 0.172353551 0.138852611
v 0.280438036 0.172353551 0.140825033
v -0.280438632 -0.172353536 0.140825033
v -0.280438632 -0.173353538 0.141833022
v -0.291385353 -0.173353538 0.139900073
v 0.291384697 -0.173353538 0.139900073
v 0.280438036 -0.173353538 0.141833022
v 0.280438036 -0.172353536 0.140825033
v -0.291385353 0.173353538 0.139900073
v -0.280438632 0.173353538 0.141833022
v -0.280438632 0.172353551 0.140825033
v 0.280438036 0.172353551 0.140825033
v 0.280438036 0.173353538 0.141833022
v 0.291384697 0.173353538 0.139900073
v -0.360918701 -0.149312571 0.000777243869
v -0.36078167 -0.150089815 -3.33266337e-17
v -0.363971472 -0.151250809 -3.35844262e-17
v -0.364366084 -0.150567308 0.000777243869
v 0.360918105 -0.149312571 0.000777243869
v 0.364365518 -0.150567308 0.000777243869
v 0.363970906 -0.151250809 -3.35844262e-17
v 0.360781074 -0.150089815 -3.33266337e-17
v -0.360918701 0.149312571 0.000777243869
v -0.364366084 0.150567323 0.000777243869
v -0.363971472 0.151250809 3.35844262e-17
v -0.363971472 0.151250809 3.35844262e-17
v -0.36078167 0.150089815 3.33266337e-17
v -0.360918701 0.149312571 0.000777243869
v 0.360918105 0.149312571 0.000777243869
v 0.360781074 0.150089815 3.33266337e-17
v 0.363970906 0.151250809 3.35844262e-17
v 0.363970906 0.151250809 3.35844262e-17
v 0.364365518 0.150567323 0.000777243869
v 0.360918105 0.149312571 0.000777243869
v -0.302332044 -0.173353538 0.135532096
v -0.302332044 -0.172353536 0.134363636
v -0.291385353 -0.172353536 0.138852611
v 0.291384697 -0.172353536 0.138852611
v 0.302331448 -0.172353536 0.134363636
v 0.302331448 -0.173353538 0.135532096
v -0.291385353 0.172353551 0.138852611
v -0.302332044 0.172353551 0.134363636
v -0.302332044 0.173353538 0.135532096
v 0.302331448 0.173353538 0.135532096
v 0.302331448 0.172353551 0.134363636
v 0.291384697 0.172353551 0.138852611
v -0.291385353 -0.172353536 0.138852611
v -0.291385353 -0.173353538 0.139900073
v -0.302332044 -0.173353538 0.135532096
v 0.302331448 -0.173353538 0.135532096
v 0.291384697 -0.173353538 0.139900073
v 0.291384697 -0.172353536 0.138852611
v -0.302332044 0.173353538 0.135532096
v -0.291385353 0.173353538 0.139900073
v -0.291385353 0.172353551 0.138852611
v 0.291384697 0.172353551 0.138852611
v 0.291384697 0.173353538 0.139900073
v 0.302331448 0.173353538 0.135532096
v -0.353802681 -0.168863669 0.000777243869
v -0.354197323 -0.168180168 -3.73434989e-17
v -0.351596951 -0.165998206 -3.6859006e-17
v -0.350992352 -0.166505516 0.000777243869
v 0.353802145 -0.168863669 0.000777243869
v 0.350991786 -0.166505516 0.000777243869
v 0.351596355 -0.165998206 -3.6859006e-17
v 0.351596355 -0.165998206 -3.6859006e-17
v 0.354196757 -0.168180168 -3.73434989e-17
v 0.353802145 -0.168863669 0.000777243869
v -0.353802681 0.168863639 0.000777243869
v -0.350992352 0.166505545 0.000777243869
v -0.351596951 0.165998191 3.68590027e-17
v -0.351596951 0.165998191 3.68590027e-17
v -0.354197323 0.168180197 3.73435055e-17
v -0.353802681 0.168863639 0.000777243869
v 0.353802145 0.168863639 0.000777243869
v 0.354196757 0.168180197 3.73435055e-17
v 0.351596355 0.165998191 3.68590027e-17
v 0.351596355 0.165998191 3.68590027e-17
v 0.350991786 0.166505545 0.000777243869
v 0.353802145 0.168863639 0.000777243869
v -0.312273771 -0.173353538 0.127976164
v -0.312273771 -0.172353536 0.126555189
v -0.302332044 -0.172353536 0.134363636
v 0.302331448 -0.172353536 0.134363636
v 0.312273234 -0.172353536 0.126555189
v 0.312273234 -0.173353538 0.127976164
v -0.302332044 0.172353551 0.134363636
v -0.312273771 0.172353551 0.126555189
v -0.312273771 0.173353538 0.127976164
v 0.312273234 0.173353538 0.127976164
v 0.312273234 0.172353551 0.126555189
v 0.302331448 0.172353551 0.134363636
v -0.371838659 -0.143432856 0.00206012721
v -0.371838659 -0.142267317 0.00304633146
v -0.342766047 -0.142267317 0.00304633146
v -0.342917979 -0.143432856 0.00206012721
v 0.371838033 -0.143432856 0.00206012721
v 0.342917383 -0.143432856 0.00206012721
v 0.34276548 -0.142267317 0.00304633146
v 0.371838033 -0.142267317 0.00304633146
v -0.371838659 0.143432856 0.00206012721
v -0.342917979 0.143432856 0.00206012721
v -0.342766047 0.142267302 0.00304633146
v -0.371838659 0.142267331 0.00304633146
v 0.371838033 0.143432856 0.00206012721
v 0.371838033 0.142267331 0.00304633146
v 0.34276548 0.142267302 0.00304633146
v 0.342917383 0.143432856 0.00206012721
v -0.319272071 -0.173353538 0.119723007
v -0.318686724 -0.172353536 0.118462056
v -0.312273771 -0.172353536 0.126555189
v 0.312273234 -0.172353536 0.126555189
v 0.318686098 -0.172353536 0.118462056
v 0.319271505 -0.173353538 0.119723007
v -0.312273771 0.172353551 0.126555189
v -0.318686724 0.172353551 0.118462056
v -0.319272071 0.173353538 0.119723007
v 0.319271505 0.173353538 0.119723007
v 0.318686098 0.172353551 0.118462056
v 0.312273234 0.172353551 0.126555189
v -0.34175244 -0.172353521 0.00304633193
v -0.342764109 -0.173353523 0.00306012901
v -0.342917979 -0.172353521 0.00206012907
v 0.341751844 -0.172353521 0.00304633193
v 0.342917383 -0.172353521 0.00206012907
v 0.342763484 -0.173353523 0.00306012901
v -0.34175244 0.172353551 0.00304633193
v -0.342917979 0.172353551 0.00206012907
v -0.342764109 0.173353538 0.00306012901
v 0.341751844 0.172353551 0.00304633193
v 0.342763484 0.173353538 0.00306012901
v 0.342917383 0.172353551 0.00206012907
v -0.302332044 -0.172353536 0.134363636
v -0.302332044 -0.173353538 0.135532096
v -0.312273771 -0.173353538 0.127976164
v 0.312273234 -0.173353538 0.127976164
v 0.302331448 -0.173353538 0.135532096
v 0.302331448 -0.172353536 0.134363636
v -0.312273771 0.173353538 0.127976164
v -0.302332044 0.173353538 0.135532096
v -0.302332044 0.172353551 0.134363636
v 0.302331448 0.172353551 0.134363636
v 0.302331448 0.173353538 0.135532096
v 0.312273234 0.173353538 0.127976164
v -0.357250065 -0.149312571 0.000777243869
v -0.357387125 -0.150089815 -3.33266337e-17
v -0.36078167 -0.150089815 -3.33266337e-17
v -0.360918701 -0.149312571 0.000777243869
v 0.357249498 -0.149312571 0.000777243869
v 0.360918105 -0.149312571 0.000777243869
v 0.360781074 -0.150089815 -3.33266337e-17
v 0.357386529 -0.150089815 -3.33266337e-17
v -0.357250065 0.149312571 0.000777243869
v -0.360918701 0.149312571 0.000777243869
v -0.36078167 0.150089815 3.33266337e-17
v -0.357387125 0.150089815 3.33266337e-17
v 0.357249498 0.149312571 0.000777243869
v 0.357386529 0.150089815 3.33266337e-17
v 0.360781074 0.150089815 3.33266337e-17
v 0.360918105 0.149312571 0.000777243869
v -2.97058108e-07 -0.141286984 0.140825033
v -2.97058108e-07 -0.172353536 0.140825033
v -0.236651823 -0.172353536 0.140825033
v 0.236651242 -0.172353536 0.140825033
v -0.280438632 -0.172353536 0.140825033
v -0.280438632 -0.141286984 0.140825033
v 0.280438036 -0.172353536 0.140825033
v 0.280438036 -0.141286984 0.140825033
v -0.340772122 3.23486327e-09 0.140825018
v -0.340772122 -0.0371666886 0.140825018
v -0.371838659 -0.0371666774 0.140825018
v -0.371838659 -0.0809534863 0.140825033
v -0.340772122 -0.0809535012 0.140825033
v -0.340772122 0.0371666923 0.140825018
v -0.371838659 0.0809534863 0.140825033
v -0.340772122 0.0809535086 0.140825033
v 0.371838033 0.0371666737 0.140825018
v 0.371838033 3.23486327e-09 0.140825018
v 0.340771466 3.23486327e-09 0.140825018
v 0.340771526 -0.0371666886 0.140825018
v 0.371838033 -0.0809534863 0.140825033
v 0.340771526 -0.0809535012 0.140825033
v 0.340771526 0.0371666923 0.140825018
v 0.371838033 0.0809534863 0.140825033
v 0.340771526 0.0809535086 0.140825033
v -0.280438632 0.172353551 0.140825033
v -0.236651823 0.172353551 0.140825033
v -0.236651823 0.141286984 0.140825033
v -0.280438632 0.141286999 0.140825033
v -2.97058108e-07 0.172353551 0.140825033
v 0.236651242 0.172353551 0.140825033
v 0.280438036 0.172353551 0.140825033
v 0.280438036 0.141286999 0.140825033
v -0.319694638 -0.172353536 0.116756156
v -0.318686724 -0.172353536 0.118462056
v -0.319272071 -0.173353538 0.119723007
v 0.319694042 -0.172353536 0.116756156
v 0.319271505 -0.173353538 0.119723007
v 0.318686098 -0.172353536 0.118462056
v -0.319694638 0.172353551 0.116756156
v -0.319272071 0.173353538 0.119723007
v -0.318686724 0.172353551 0.118462056
v 0.319694042 0.172353551 0.116756156
v 0.318686098 0.172353551 0.118462056
v 0.319271505 0.173353538 0.119723007
v -0.340772122 -0.0809535012 0.140825033
v -0.340772122 -0.091900222 0.138852611
v -0.371838659 -0.091900222 0.138852611
v -0.371838659 -0.0809534863 0.140825033
v 0.340771526 -0.0809535012 0.140825033
v 0.371838033 -0.0809534863 0.140825033
v 0.371838033 -0.091900222 0.138852611
v 0.340771526 -0.091900222 0.138852611
v -0.340772122 0.0809535086 0.140825033
v -0.371838659 0.0809534863 0.140825033
v -0.371838659 0.091900222 0.138852611
v -0.340772122 0.091900222 0.138852611
v 0.340771526 0.0809535086 0.140825033
v 0.340771526 0.091900222 0.138852611
v 0.371838033 0.091900222 0.138852611
v 0.371838033 0.0809534863 0.140825033
v -0.349158049 -0.156102598 0.00820076931
v -0.350992352 -0.152925462 0.00820076931
v -0.353802681 -0.150567308 0.00820076931
v -0.348520994 -0.159715489 0.00820076931
v -0.349158049 -0.163328394 0.00820076931
v -0.353802681 -0.168863669 0.00820076931
v -0.350992352 -0.166505516 0.00820076931
v -0.357250065 -0.149312571 0.00820076931
v -0.360918701 -0.149312571 0.00820076931
v -0.367176414 -0.152925462 0.00820076931
v -0.364366084 -0.150567308 0.00820076931
v -0.360918701 -0.170118406 0.00820076931
v -0.357250065 -0.170118406 0.00820076931
v -0.367176414 -0.166505516 0.00820076931
v -0.364366084 -0.168863654 0.00820076931
v -0.369647801 -0.159715489 0.00820076931
v -0.369010746 -0.163328379 0.00820076931
v -0.369010746 -0.156102583 0.00820076931
v 0.349157453 -0.163328394 0.00820076931
v 0.350991786 -0.166505516 0.00820076931
v 0.353802145 -0.168863669 0.00820076931
v 0.348520398 -0.159715489 0.00820076931
v 0.349157453 -0.156102598 0.00820076931
v 0.353802085 -0.150567308 0.00820076931
v 0.350991786 -0.152925462 0.00820076931
v 0.360918105 -0.149312571 0.00820076931
v 0.357249498 -0.149312571 0.00820076931
v 0.367175877 -0.152925462 0.00820076931
v 0.364365518 -0.150567308 0.00820076931
v 0.357249498 -0.170118406 0.00820076931
v 0.360918105 -0.170118406 0.00820076931
v 0.367175877 -0.166505516 0.00820076931
v 0.364365518 -0.168863654 0.00820076931
v 0.369647175 -0.159715489 0.00820076931
v 0.369010121 -0.156102583 0.00820076931
v 0.369010121 -0.163328379 0.00820076931
v -0.349158049 0.163328409 0.00820076931
v -0.350992352 0.166505545 0.00820076931
v -0.353802681 0.168863639 0.00820076931
v -0.348520994 0.159715503 0.00820076931
v -0.349158049 0.156102598 0.00820076931
v -0.353802681 0.150567323 0.00820076931
v -0.350992352 0.152925462 0.00820076931
v -0.360918701 0.149312571 0.00820076931
v -0.357250065 0.149312571 0.00820076931
v -0.367176414 0.152925462 0.00820076931
v -0.364366084 0.150567323 0.00820076931
v -0.357250065 0.170118406 0.00820076931
v -0.360918701 0.170118406 0.00820076931
v -0.367176414 0.166505516 0.00820076931
v -0.364366084 0.168863639 0.00820076931
v -0.369647801 0.159715503 0.00820076931
v -0.369010746 0.156102598 0.00820076931
v -0.369010746 0.163328364 0.00820076931
v 0.349157453 0.156102598 0.00820076931
v 0.350991786 0.152925462 0.00820076931
v 0.353802085 0.150567323 0.00820076931
v 0.348520398 0.159715503 0.00820076931
v 0.349157453 0.163328409 0.00820076931
v 0.353802145 0.168863639 0.00820076931
v 0.350991786 0.166505545 0.00820076931
v 0.357249498 0.149312571 0.00820076931
v 0.360918105 0.149312571 0.00820076931
v 0.367175877 0.152925462 0.00820076931
v 0.364365518 0.150567323 0.00820076931
v 0.360918105 0.170118406 0.00820076931
v 0.357249498 0.170118406 0.00820076931
v 0.367175877 0.166505516 0.00820076931
v 0.364365518 0.168863639 0.00820076931
v 0.369647175 0.159715503 0.00820076931
v 0.369010121 0.163328364 0.00820076931
v 0.369010121 0.156102598 0.00820076931
v -0.312273771 -0.172353536 0.126555189
v -0.312273771 -0.173353538 0.127976164
v -0.319272071 -0.173353538 0.119723007
v 0.319271505 -0.173353538 0.119723007
v 0.312273234 -0.173353538 0.127976164
v 0.312273234 -0.172353536 0.126555189
v -0.319272071 0.173353538 0.119723007
v -0.312273771 0.173353538 0.127976164
v -0.312273771 0.172353551 0.126555189
v 0.312273234 0.172353551 0.126555189
v 0.312273234 0.173353538 0.127976164
v 0.319271505 0.173353538 0.119723007
v -0.340772122 -0.091900222 0.138852611
v -0.340772122 -0.102846928 0.134363636
v -0.371838659 -0.102846928 0.134363636
v -0.371838659 -0.091900222 0.138852611
v 0.340771526 -0.091900222 0.138852611
v 0.371838033 -0.091900222 0.138852611
v 0.371838033 -0.102846928 0.134363636
v 0.340771526 -0.102846928 0.134363636
v -0.340772122 0.091900222 0.138852611
v -0.371838659 0.091900222 0.138852611
v -0.371838659 0.102846928 0.134363636
v -0.340772122 0.102846928 0.134363636
v 0.340771526 0.091900222 0.138852611
v 0.340771526 0.102846928 0.134363636
v 0.371838033 0.102846928 0.134363636
v 0.371838033 0.091900222 0.138852611
v -0.324225456 -0.173353538 0.108541146
v -0.324225456 -0.172353536 0.105956227
v -0.319694638 -0.172353536 0.116756156
v 0.319694042 -0.172353536 0.116756156
v 0.32422483 -0.172353536 0.105956227
v 0.32422483 -0.173353538 0.108541146
v -0.319694638 0.172353551 0.116756156
v -0.324225456 0.172353551 0.105956227
v -0.324225456 0.173353538 0.108541146
v 0.32422483 0.173353538 0.108541146
v 0.32422483 0.172353551 0.105956227
v 0.319694042 0.172353551 0.116756156
v -0.350992352 -0.166505516 0.000777243869
v -0.351596951 -0.165998206 -3.6859006e-17
v -0.349899679 -0.16305846 -3.62062513e-17
v -0.349158049 -0.163328394 0.000777243869
v 0.350991786 -0.166505516 0.000777243869
v 0.349157453 -0.163328394 0.000777243869
v 0.349899113 -0.16305846 -3.62062513e-17
v 0.349899113 -0.16305846 -3.62062513e-17
v 0.351596355 -0.165998206 -3.6859006e-17
v 0.350991786 -0.166505516 0.000777243869
v -0.350992352 0.166505545 0.000777243869
v -0.349158049 0.163328409 0.000777243869
v -0.349899679 0.16305843 3.62062447e-17
v -0.351596951 0.165998191 3.68590027e-17
v 0.350991786 0.166505545 0.000777243869
v 0.351596355 0.165998191 3.68590027e-17
v 0.349899113 0.16305843 3.62062447e-17
v 0.349157453 0.163328409 0.000777243869
v -0.340772122 -0.102846928 0.134363636
v -0.340772122 -0.112788633 0.126555189
v -0.371838659 -0.112788647 0.126555189
v -0.371838659 -0.102846928 0.134363636
v 0.340771526 -0.102846928 0.134363636
v 0.371838033 -0.102846928 0.134363636
v 0.371838033 -0.112788647 0.126555189
v 0.340771526 -0.112788633 0.126555189
v -0.340772122 0.102846928 0.134363636
v -0.371838659 0.102846928 0.134363636
v -0.371838659 0.112788662 0.126555189
v -0.340772122 0.11278864 0.126555189
v 0.340771526 0.102846928 0.134363636
v 0.340771526 0.11278864 0.126555189
v 0.371838033 0.112788662 0.126555189
v 0.371838033 0.102846928 0.134363636
v -0.280438632 -0.141286984 0.140825033
v -0.280438632 -0.172353536 0.140825033
v -0.291385353 -0.172353536 0.138852611
v -0.291385353 -0.141286984 0.138852611
v 0.280438036 -0.141286984 0.140825033
v 0.291384697 -0.141286984 0.138852611
v 0.291384697 -0.172353536 0.138852611
v 0.280438036 -0.172353536 0.140825033
v -0.280438632 0.141286999 0.140825033
v -0.291385353 0.141286984 0.138852611
v -0.291385353 0.172353551 0.138852611
v -0.280438632 0.172353551 0.140825033
v 0.280438036 0.141286999 0.140825033
v 0.280438036 0.172353551 0.140825033
v 0.291384697 0.172353551 0.138852611
v 0.291384697 0.141286984 0.138852611
v -0.324225456 -0.173353538 0.108541146
v -0.32523945 -0.173353538 0.105956227
v -0.324225456 -0.172353536 0.105956227
v -0.342764109 -0.173353523 0.00306012901
v -0.34175244 -0.172353521 0.00304633193
v -0.339772105 -0.172353521 0.0148441615
v -0.340786099 -0.173353523 0.0148441615
v -0.340786099 -0.173353523 0.0148441615
v -0.339772105 -0.172353521 0.0148441615
v -0.324225456 -0.172353536 0.105956227
v -0.32523945 -0.173353538 0.105956227
v 0.32422483 -0.173353538 0.108541146
v 0.32422483 -0.172353536 0.105956227
v 0.325238854 -0.173353538 0.105956227
v 0.342763484 -0.173353523 0.00306012901
v 0.340785503 -0.173353523 0.0148441615
v 0.339771539 -0.172353521 0.0148441615
v 0.339771539 -0.172353521 0.0148441615
v 0.341751844 -0.172353521 0.00304633193
v 0.342763484 -0.173353523 0.00306012901
v 0.340785503 -0.173353523 0.0148441615
v 0.325238854 -0.173353538 0.105956227
v 0.32422483 -0.172353536 0.105956227
v 0.32422483 -0.172353536 0.105956227
v 0.339771539 -0.172353521 0.0148441615
v 0.340785503 -0.173353523 0.0148441615
v -0.324225456 0.173353538 0.108541146
v -0.324225456 0.172353551 0.105956227
v -0.32523945 0.173353538 0.105956227
v -0.342764109 0.173353538 0.00306012901
v -0.340786099 0.173353538 0.0148441615
v -0.339772105 0.172353551 0.0148441615
v -0.34175244 0.172353551 0.00304633193
v -0.340786099 0.173353538 0.0148441615
v -0.32523945 0.173353538 0.105956227
v -0.324225456 0.172353551 0.105956227
v -0.339772105 0.172353551 0.0148441615
v 0.32422483 0.173353538 0.108541146
v 0.325238854 0.173353538 0.105956227
v 0.32422483 0.172353551 0.105956227
v 0.342763484 0.173353538 0.00306012901
v 0.341751844 0.172353551 0.00304633193
v 0.339771539 0.172353551 0.0148441615
v 0.339771539 0.172353551 0.0148441615
v 0.340785503 0.173353538 0.0148441615
v 0.342763484 0.173353538 0.00306012901
v 0.340785503 0.173353538 0.0148441615
v 0.339771539 0.172353551 0.0148441615
v 0.32422483 0.172353551 0.105956227
v 0.32422483 0.172353551 0.105956227
v 0.325238854 0.173353538 0.105956227
v 0.340785503 0.173353538 0.0148441615
v -0.340772122 -0.112788633 0.126555189
v -0.340772122 -0.119822644 0.117678292
v -0.371838659 -0.119822644 0.117678292
v -0.371838659 -0.112788647 0.126555189
v 0.340771526 -0.112788633 0.126555189
v 0.371838033 -0.112788647 0.126555189
v 0.371838033 -0.119822644 0.117678292
v 0.340771526 -0.119822644 0.117678292
v -0.340772122 0.11278864 0.126555189
v -0.371838659 0.112788662 0.126555189
v -0.371838659 0.119822659 0.117678292
v -0.340772122 0.119822659 0.117678292
v 0.340771526 0.11278864 0.126555189
v 0.340771526 0.119822659 0.117678292
v 0.371838033 0.119822659 0.117678292
v 0.371838033 0.112788662 0.126555189
v -0.340772122 -0.124740325 0.105956227
v -0.371838659 -0.124740332 0.105956227
v -0.371838659 -0.119822644 0.117678292
v -0.340772122 -0.119822644 0.117678292
v 0.340771526 -0.124740325 0.105956227
v 0.340771526 -0.119822644 0.117678292
v 0.371838033 -0.119822644 0.117678292
v 0.371838033 -0.124740332 0.105956227
v -0.340772122 0.12474034 0.105956227
v -0.340772122 0.119822659 0.117678292
v -0.371838659 0.119822659 0.117678292
v -0.371838659 0.12474034 0.105956227
v 0.340771526 0.12474034 0.105956227
v 0.371838033 0.12474034 0.105956227
v 0.371838033 0.119822659 0.117678292
v 0.340771526 0.119822659 0.117678292
v -0.339772135 -0.124740325 0.178290442
v -0.339772105 -0.124740325 0.108541146
v -0.340772122 -0.124740325 0.105956227
v -0.372838646 -0.124740325 0.108541146
v -0.371838659 -0.124740325 0.105956227
v -0.372838676 -0.124740325 0.178290442
v 0.37283811 -0.124740325 0.108541146
v 0.371838033 -0.124740325 0.105956227
v 0.340771526 -0.124740325 0.105956227
v 0.339771539 -0.124740325 0.178290442
v 0.339771539 -0.124740325 0.108541146
v 0.37283811 -0.124740325 0.178290442
v -0.372838646 0.12474034 0.108541146
v -0.371838659 0.12474034 0.105956227
v -0.340772122 0.12474034 0.105956227
v -0.339772135 0.12474034 0.178290442
v -0.339772105 0.12474034 0.108541146
v -0.372838676 0.12474034 0.178290442
v 0.339771539 0.12474034 0.178290442
v 0.339771539 0.12474034 0.108541146
v 0.340771526 0.12474034 0.105956227
v 0.37283811 0.12474034 0.108541146
v 0.371838033 0.12474034 0.105956227
v 0.37283811 0.12474034 0.178290442
v -0.353802681 -0.150567308 0.000777243869
v -0.354197294 -0.151250809 -3.35844262e-17
v -0.357387125 -0.150089815 -3.33266337e-17
v -0.357250065 -0.149312571 0.000777243869
v 0.353802085 -0.150567308 0.000777243869
v 0.357249498 -0.149312571 0.000777243869
v 0.357386529 -0.150089815 -3.33266337e-17
v 0.354196757 -0.151250809 -3.35844262e-17
v -0.353802681 0.150567323 0.000777243869
v -0.357250065 0.149312571 0.000777243869
v -0.357387125 0.150089815 3.33266337e-17
v -0.357387125 0.150089815 3.33266337e-17
v -0.354197294 0.151250809 3.35844262e-17
v -0.353802681 0.150567323 0.000777243869
v 0.353802085 0.150567323 0.000777243869
v 0.354196757 0.151250809 3.35844262e-17
v 0.357386529 0.150089815 3.33266337e-17
v 0.357249498 0.149312571 0.000777243869
v -0.319694638 -0.172353536 0.116756156
v -0.319272071 -0.173353538 0.119723007
v -0.324225456 -0.173353538 0.108541146
v 0.32422483 -0.173353538 0.108541146
v 0.319271505 -0.173353538 0.119723007
v 0.319694042 -0.172353536 0.116756156
v -0.324225456 0.173353538 0.108541146
v -0.319272071 0.173353538 0.119723007
v -0.319694638 0.172353551 0.116756156
v 0.319694042 0.172353551 0.116756156
v 0.319271505 0.173353538 0.119723007
v 0.32422483 0.173353538 0.108541146
v -0.371838659 -0.140286982 0.0148441605
v -0.340778857 -0.140286982 0.0148441605
v -0.342766047 -0.142267317 0.00304633146
v -0.371838659 -0.142267317 0.00304633146
v -0.371838659 -0.124740325 0.105956227
v -0.340772122 -0.124740325 0.105956227
v -0.34175244 -0.143280923 0.00304633146
v -0.339772105 -0.141293749 0.0148441605
v 0.371838033 -0.140286982 0.0148441605
v 0.371838033 -0.142267317 0.00304633146
v 0.34276548 -0.142267317 0.00304633146
v 0.340778321 -0.140286982 0.0148441605
v 0.371838033 -0.124740325 0.105956227
v 0.340771526 -0.124740325 0.105956227
v 0.341751844 -0.143280923 0.00304633146
v 0.339771539 -0.141293749 0.0148441605
v -0.371838659 0.140286982 0.0148441605
v -0.371838659 0.142267331 0.00304633146
v -0.342766047 0.142267302 0.00304633146
v -0.340778857 0.140286982 0.0148441605
v -0.371838659 0.12474034 0.105956227
v -0.340772122 0.12474034 0.105956227
v -0.34175244 0.143280923 0.00304633146
v -0.339772105 0.141293764 0.0148441605
v 0.371838033 0.140286982 0.0148441605
v 0.340778321 0.140286982 0.0148441605
v 0.34276548 0.142267302 0.00304633146
v 0.371838033 0.142267331 0.00304633146
v 0.371838033 0.12474034 0.105956227
v 0.340771526 0.12474034 0.105956227
v 0.341751844 0.143280923 0.00304633146
v 0.339771539 0.141293764 0.0148441605
v -0.236651823 -0.140286982 0.141825035
v -2.97058108e-07 -0.140286982 0.141825035
v -2.97058108e-07 -0.141286984 0.140825033
v 0.236651242 -0.140286982 0.141825035
v -0.280438632 -0.141286984 0.140825033
v 0.280438036 -0.141286984 0.140825033
v -0.280438632 0.141286999 0.140825033
v -0.236651823 0.141286984 0.140825033
v -0.236651823 0.140286982 0.141825035
v -2.97058108e-07 0.140286982 0.141825035
v 0.236651242 0.140286982 0.141825035
v 0.280438036 0.141286999 0.140825033
v -0.280438632 -0.141286984 0.140825033
v -0.280438632 -0.140286982 0.141833022
v -0.236651823 -0.140286982 0.141825035
v 0.236651242 -0.140286982 0.141825035
v 0.280438036 -0.140286982 0.141833022
v 0.280438036 -0.141286984 0.140825033
v -0.236651823 0.140286982 0.141825035
v -0.280438632 0.140286982 0.141833022
v -0.280438632 0.141286999 0.140825033
v 0.280438036 0.141286999 0.140825033
v 0.280438036 0.140286982 0.141833022
v 0.236651242 0.140286982 0.141825035
v -0.324225456 -0.140286982 0.108541146
v -0.324225456 -0.140286997 0.178290442
v -0.318249613 -0.140286997 0.178290442
v -0.319272071 -0.140286982 0.119723007
v -0.312273771 -0.140286982 0.127976164
v -0.312273771 -0.140286997 0.178290442
v -0.302332044 -0.140286982 0.135532096
v -0.302332044 -0.140286997 0.178290442
v -0.291385353 -0.140286982 0.139900073
v -0.291385353 -0.140286997 0.178290442
v -0.280438632 -0.140286982 0.141833022
v -0.236651823 -0.140286997 0.178290442
v -0.236651823 -0.140286982 0.141825035
v -2.97058108e-07 -0.140286997 0.178290442
v -2.97058108e-07 -0.140286982 0.141825035
v 0.236651242 -0.140286982 0.141825035
v 0.236651242 -0.140286997 0.178290442
v 0.280438036 -0.140286982 0.141833022
v 0.291384697 -0.140286982 0.139900073
v 0.302331448 -0.140286982 0.135532096
v 0.312273234 -0.140286997 0.178290442
v 0.312273234 -0.140286982 0.127976164
v 0.319271505 -0.140286982 0.119723007
v 0.32422483 -0.140286982 0.108541146
v 0.32422483 -0.140286997 0.178290442
v -0.324225456 0.140286982 0.108541146
v -0.319272071 0.140286982 0.119723007
v -0.312273771 0.140286997 0.178290442
v -0.324225456 0.140286997 0.178290442
v -0.312273771 0.140286982 0.127976164
v -0.302332044 0.140286982 0.135532096
v -0.291385353 0.140286982 0.139900073
v -0.280438632 0.140286982 0.141833022
v -0.236651823 0.140286982 0.141825035
v -2.97058108e-07 0.140286982 0.141825035
v 0.236651242 0.140286982 0.141825035
v 0.280438036 0.140286982 0.141833022
v 0.318249017 0.140286997 0.178290442
v 0.291384697 0.140286982 0.139900073
v 0.302331448 0.140286982 0.135532096
v 0.312273234 0.140286982 0.127976164
v 0.319271505 0.140286982 0.119723007
v 0.32422483 0.140286982 0.108541146
v 0.32422483 0.140286997 0.178290442
v -0.339772105 -0.140286997 0.105956227
v -0.32523945 -0.140286982 0.105956227
v -0.339772105 -0.140286982 0.0208850093
v -0.324225456 -0.140286997 0.178290442
v -0.324225456 -0.140286982 0.108541146
v -0.339772135 -0.140286997 0.178290442
v 0.339771539 -0.140286997 0.105956227
v 0.339771539 -0.140286982 0.0208850093
v 0.325238854 -0.140286982 0.105956227
v 0.32422483 -0.140286997 0.178290442
v 0.32422483 -0.140286982 0.108541146
v 0.339771539 -0.140286997 0.178290442
v -0.339772105 0.140286997 0.105956227
v -0.339772105 0.140286982 0.0208850093
v -0.32523945 0.140286982 0.105956227
v -0.324225456 0.140286997 0.178290442
v -0.324225456 0.140286982 0.108541146
v -0.339772135 0.140286997 0.178290442
v 0.339771539 0.140286997 0.105956227
v 0.325238854 0.140286982 0.105956227
v 0.339771539 0.140286982 0.0208850093
v 0.32422483 0.140286997 0.178290442
v 0.32422483 0.140286982 0.108541146
v 0.339771539 0.140286997 0.178290442
v -0.350992352 -0.152925462 0.000777243869
v -0.353802681 -0.150567308 0.000777243869
v -0.353802681 -0.150567308 0.00820076931
v -0.350992352 -0.152925462 0.00820076931
v -0.357250065 -0.149312571 0.00820076931
v -0.357250065 -0.149312571 0.000777243869
v -0.360918701 -0.149312571 0.00820076931
v -0.360918701 -0.149312571 0.000777243869
v -0.364366084 -0.150567308 0.00820076931
v -0.364366084 -0.150567308 0.000777243869
v -0.367176414 -0.152925462 0.00820076931
v -0.367176414 -0.152925462 0.000777243869
v 0.350991786 -0.152925462 0.000777243869
v 0.350991786 -0.152925462 0.00820076931
v 0.353802085 -0.150567308 0.00820076931
v 0.353802085 -0.150567308 0.000777243869
v 0.357249498 -0.149312571 0.00820076931
v 0.357249498 -0.149312571 0.000777243869
v 0.360918105 -0.149312571 0.00820076931
v 0.360918105 -0.149312571 0.000777243869
v 0.364365518 -0.150567308 0.00820076931
v 0.364365518 -0.150567308 0.000777243869
v 0.367175877 -0.152925462 0.00820076931
v 0.367175877 -0.152925462 0.000777243869
v -0.350992352 0.152925462 0.000777243869
v -0.350992352 0.152925462 0.00820076931
v -0.353802681 0.150567323 0.00820076931
v -0.353802681 0.150567323 0.000777243869
v -0.357250065 0.149312571 0.00820076931
v -0.357250065 0.149312571 0.000777243869
v -0.360918701 0.149312571 0.00820076931
v -0.360918701 0.149312571 0.000777243869
v -0.364366084 0.150567323 0.00820076931
v -0.364366084 0.150567323 0.000777243869
v -0.367176414 0.152925462 0.00820076931
v -0.367176414 0.152925462 0.000777243869
v 0.350991786 0.152925462 0.000777243869
v 0.353802085 0.150567323 0.000777243869
v 0.353802085 0.150567323 0.00820076931
v 0.350991786 0.152925462 0.00820076931
v 0.357249498 0.149312571 0.00820076931
v 0.357249498 0.149312571 0.000777243869
v 0.360918105 0.149312571 0.00820076931
v 0.360918105 0.149312571 0.000777243869
v 0.364365518 0.150567323 0.00820076931
v 0.364365518 0.150567323 0.000777243869
v 0.367175877 0.152925462 0.00820076931
v 0.367175877 0.152925462 0.000777243869
v -0.342917979 -0.143432856 0.00206012721
v -0.34175244 -0.143280923 0.00304633146
v -0.34175244 -0.172353521 0.00304633193
v -0.342917979 -0.172353521 0.00206012907
v 0.342917383 -0.143432856 0.00206012721
v 0.342917383 -0.172353521 0.00206012907
v 0.341751844 -0.172353521 0.00304633193
v 0.341751844 -0.143280923 0.00304633146
v -0.342917979 0.143432856 0.00206012721
v -0.342917979 0.172353551 0.00206012907
v -0.34175244 0.172353551 0.00304633193
v -0.34175244 0.143280923 0.00304633146
v 0.342917383 0.143432856 0.00206012721
v 0.341751844 0.143280923 0.00304633146
v 0.341751844 0.172353551 0.00304633193
v 0.342917383 0.172353551 0.00206012907
v -0.291385353 -0.141286984 0.138852611
v -0.291385353 -0.172353536 0.138852611
v -0.302332044 -0.172353536 0.134363636
v -0.302332044 -0.141286984 0.134363636
v 0.291384697 -0.141286984 0.138852611
v 0.302331448 -0.141286984 0.134363636
v 0.302331448 -0.172353536 0.134363636
v 0.291384697 -0.172353536 0.138852611
v -0.291385353 0.141286984 0.138852611
v -0.302332044 0.141286999 0.134363636
v -0.302332044 0.172353551 0.134363636
v -0.291385353 0.172353551 0.138852611
v 0.291384697 0.141286984 0.138852611
v 0.291384697 0.172353551 0.138852611
v 0.302331448 0.172353551 0.134363636
v 0.302331448 0.141286999 0.134363636
v -0.349158049 -0.163328394 0.000777243869
v -0.349899679 -0.16305846 -3.62062513e-17
v -0.349310219 -0.159715489 -3.54639626e-17
v -0.348520994 -0.159715489 0.000777243869
v 0.349157453 -0.163328394 0.000777243869
v 0.348520398 -0.159715489 0.000777243869
v 0.349309653 -0.159715489 -3.54639626e-17
v 0.349899113 -0.16305846 -3.62062513e-17
v -0.349158049 0.163328409 0.000777243869
v -0.348520994 0.159715503 0.000777243869
v -0.349310219 0.159715503 3.54639659e-17
v -0.349899679 0.16305843 3.62062447e-17
v 0.349157453 0.163328409 0.000777243869
v 0.349899113 0.16305843 3.62062447e-17
v 0.349309653 0.159715503 3.54639659e-17
v 0.348520398 0.159715503 0.000777243869
v -0.291385353 -0.141286984 0.138852611
v -0.291385353 -0.140286982 0.139900073
v -0.280438632 -0.140286982 0.141833022
v 0.280438036 -0.140286982 0.141833022
v 0.291384697 -0.140286982 0.139900073
v 0.291384697 -0.141286984 0.138852611
v -0.280438632 0.140286982 0.141833022
v -0.291385353 0.140286982 0.139900073
v -0.291385353 0.141286984 0.138852611
v 0.291384697 0.141286984 0.138852611
v 0.291384697 0.140286982 0.139900073
v 0.280438036 0.140286982 0.141833022
v -0.280438632 -0.140286982 0.141833022
v -0.280438632 -0.141286984 0.140825033
v -0.291385353 -0.141286984 0.138852611
v 0.291384697 -0.141286984 0.138852611
v 0.280438036 -0.141286984 0.140825033
v 0.280438036 -0.140286982 0.141833022
v -0.291385353 0.141286984 0.138852611
v -0.280438632 0.141286999 0.140825033
v -0.280438632 0.140286982 0.141833022
v 0.280438036 0.140286982 0.141833022
v 0.280438036 0.141286999 0.140825033
v 0.291384697 0.141286984 0.138852611
v -0.350992352 -0.152925462 0.000777243869
v -0.351596951 -0.153432772 -3.40689191e-17
v -0.354197294 -0.151250809 -3.35844262e-17
v -0.353802681 -0.150567308 0.000777243869
v 0.350991786 -0.152925462 0.000777243869
v 0.353802085 -0.150567308 0.000777243869
v 0.354196757 -0.151250809 -3.35844262e-17
v 0.354196757 -0.151250809 -3.35844262e-17
v 0.351596355 -0.153432772 -3.40689191e-17
v 0.350991786 -0.152925462 0.000777243869
v -0.350992352 0.152925462 0.000777243869
v -0.353802681 0.150567323 0.000777243869
v -0.354197294 0.151250809 3.35844262e-17
v -0.351596951 0.153432772 3.40689191e-17
v 0.350991786 0.152925462 0.000777243869
v 0.351596355 0.153432772 3.40689191e-17
v 0.354196757 0.151250809 3.35844262e-17
v 0.354196757 0.151250809 3.35844262e-17
v 0.353802085 0.150567323 0.000777243869
v 0.350991786 0.152925462 0.000777243869
v -0.342917979 -0.143432856 0.00206012721
v -0.342766047 -0.142267317 0.00304633146
v -0.34175244 -0.143280923 0.00304633146
v 0.342917383 -0.143432856 0.00206012721
v 0.341751844 -0.143280923 0.00304633146
v 0.34276548 -0.142267317 0.00304633146
v -0.342917979 0.143432856 0.00206012721
v -0.34175244 0.143280923 0.00304633146
v -0.342766047 0.142267302 0.00304633146
v 0.342917383 0.143432856 0.00206012721
v 0.34276548 0.142267302 0.00304633146
v 0.341751844 0.143280923 0.00304633146
v -0.348520994 -0.159715489 0.000777243869
v -0.349310219 -0.159715489 -3.54639626e-17
v -0.349899679 -0.156372517 -3.47216738e-17
v -0.349158049 -0.156102598 0.000777243869
v 0.348520398 -0.159715489 0.000777243869
v 0.349157453 -0.156102598 0.000777243869
v 0.349899113 -0.156372517 -3.47216738e-17
v 0.349309653 -0.159715489 -3.54639626e-17
v -0.348520994 0.159715503 0.000777243869
v -0.349158049 0.156102598 0.000777243869
v -0.349899679 0.156372532 3.47216771e-17
v -0.349310219 0.159715503 3.54639659e-17
v 0.348520398 0.159715503 0.000777243869
v 0.349309653 0.159715503 3.54639659e-17
v 0.349899113 0.156372532 3.47216771e-17
v 0.349157453 0.156102598 0.000777243869
v -0.349158049 -0.156102598 0.000777243869
v -0.349899679 -0.156372517 -3.47216738e-17
v -0.351596951 -0.153432772 -3.40689191e-17
v -0.350992352 -0.152925462 0.000777243869
v 0.349157453 -0.156102598 0.000777243869
v 0.350991786 -0.152925462 0.000777243869
v 0.351596355 -0.153432772 -3.40689191e-17
v 0.351596355 -0.153432772 -3.40689191e-17
v 0.349899113 -0.156372517 -3.47216738e-17
v 0.349157453 -0.156102598 0.000777243869
v -0.349158049 0.156102598 0.000777243869
v -0.350992352 0.152925462 0.000777243869
v -0.351596951 0.153432772 3.40689191e-17
v -0.349899679 0.156372532 3.47216771e-17
v 0.349157453 0.156102598 0.000777243869
v 0.349899113 0.156372532 3.47216771e-17
v 0.351596355 0.153432772 3.40689191e-17
v 0.351596355 0.153432772 3.40689191e-17
v 0.350991786 0.152925462 0.000777243869
v 0.349157453 0.156102598 0.000777243869
v -0.302332044 -0.141286984 0.134363636
v -0.302332044 -0.140286982 0.135532096
v -0.291385353 -0.140286982 0.139900073
v 0.291384697 -0.140286982 0.139900073
v 0.302331448 -0.140286982 0.135532096
v 0.302331448 -0.141286984 0.134363636
v -0.291385353 0.140286982 0.139900073
v -0.302332044 0.140286982 0.135532096
v -0.302332044 0.141286999 0.134363636
v 0.302331448 0.141286999 0.134363636
v 0.302331448 0.140286982 0.135532096
v 0.291384697 0.140286982 0.139900073
v -0.291385353 -0.140286982 0.139900073
v -0.291385353 -0.141286984 0.138852611
v -0.302332044 -0.141286984 0.134363636
v 0.302331448 -0.141286984 0.134363636
v 0.291384697 -0.141286984 0.138852611
v 0.291384697 -0.140286982 0.139900073
v -0.302332044 0.141286999 0.134363636
v -0.291385353 0.141286984 0.138852611
v -0.291385353 0.140286982 0.139900073
v 0.291384697 0.140286982 0.139900073
v 0.291384697 0.141286984 0.138852611
v 0.302331448 0.141286999 0.134363636
v -0.302332044 -0.141286984 0.134363636
v -0.302332044 -0.172353536 0.134363636
v -0.312273771 -0.172353536 0.126555189
v -0.312273771 -0.141286984 0.126555189
v 0.302331448 -0.141286984 0.134363636
v 0.312273234 -0.141286984 0.126555189
v 0.312273234 -0.172353536 0.126555189
v 0.302331448 -0.172353536 0.134363636
v -0.302332044 0.141286999 0.134363636
v -0.312273771 0.141286999 0.126555189
v -0.312273771 0.172353551 0.126555189
v -0.302332044 0.172353551 0.134363636
v 0.302331448 0.141286999 0.134363636
v 0.302331448 0.172353551 0.134363636
v 0.312273234 0.172353551 0.126555189
v 0.312273234 0.141286999 0.126555189
v -0.312273771 -0.141286984 0.126555189
v -0.312273771 -0.140286982 0.127976164
v -0.302332044 -0.140286982 0.135532096
v 0.302331448 -0.140286982 0.135532096
v 0.312273234 -0.140286982 0.127976164
v 0.312273234 -0.141286984 0.126555189
v -0.302332044 0.140286982 0.135532096
v -0.312273771 0.140286982 0.127976164
v -0.312273771 0.141286999 0.126555189
v 0.312273234 0.141286999 0.126555189
v 0.312273234 0.140286982 0.127976164
v 0.302331448 0.140286982 0.135532096
v -0.302332044 -0.140286982 0.135532096
v -0.302332044 -0.141286984 0.134363636
v -0.312273771 -0.141286984 0.126555189
v 0.312273234 -0.141286984 0.126555189
v 0.302331448 -0.141286984 0.134363636
v 0.302331448 -0.140286982 0.135532096
v -0.312273771 0.141286999 0.126555189
v -0.302332044 0.141286999 0.134363636
v -0.302332044 0.140286982 0.135532096
v 0.302331448 0.140286982 0.135532096
v 0.302331448 0.141286999 0.134363636
v 0.312273234 0.141286999 0.126555189
v -0.312273771 -0.141286984 0.126555189
v -0.312273771 -0.172353536 0.126555189
v -0.318686724 -0.172353536 0.118462056
v -0.318686724 -0.141286984 0.118462056
v 0.312273234 -0.141286984 0.126555189
v 0.318686098 -0.141286984 0.118462056
v 0.318686098 -0.172353536 0.118462056
v 0.312273234 -0.172353536 0.126555189
v -0.312273771 0.141286999 0.126555189
v -0.318686724 0.141286984 0.118462056
v -0.318686724 0.172353551 0.118462056
v -0.312273771 0.172353551 0.126555189
v 0.312273234 0.141286999 0.126555189
v 0.312273234 0.172353551 0.126555189
v 0.318686098 0.172353551 0.118462056
v 0.318686098 0.141286984 0.118462056
v -0.318686724 -0.141286984 0.118462056
v -0.319272071 -0.140286982 0.119723007
v -0.312273771 -0.140286982 0.127976164
v 0.312273234 -0.140286982 0.127976164
v 0.319271505 -0.140286982 0.119723007
v 0.318686098 -0.141286984 0.118462056
v -0.312273771 0.140286982 0.127976164
v -0.319272071 0.140286982 0.119723007
v -0.318686724 0.141286984 0.118462056
v 0.318686098 0.141286984 0.118462056
v 0.319271505 0.140286982 0.119723007
v 0.312273234 0.140286982 0.127976164
v -0.340772122 -0.0371666886 0.140825018
v -0.339772135 -0.0371666886 0.14182502
v -0.339772135 -0.0809535012 0.141833022
v 0.339771539 -0.0809535012 0.141833022
v 0.339771539 -0.0371666886 0.14182502
v 0.340771526 -0.0371666886 0.140825018
v -0.339772135 -0.0371666886 0.14182502
v -0.340772122 -0.0371666886 0.140825018
v -0.340772122 3.23486327e-09 0.140825018
v -0.339772135 3.23486327e-09 0.14182502
v -0.339772135 0.0371666923 0.14182502
v -0.340772122 0.0371666923 0.140825018
v 0.340771526 -0.0371666886 0.140825018
v 0.339771539 -0.0371666886 0.14182502
v 0.339771539 3.23486327e-09 0.14182502
v 0.339771539 0.0371666923 0.14182502
v 0.340771526 0.0371666923 0.140825018
v 0.339771539 3.23486327e-09 0.14182502
v 0.340771466 3.23486327e-09 0.140825018
v 0.340771526 -0.0371666886 0.140825018
v 0.340771526 0.0371666923 0.140825018
v -0.339772135 0.0809535086 0.141833022
v -0.339772135 0.0371666923 0.14182502
v -0.340772122 0.0371666923 0.140825018
v 0.340771526 0.0371666923 0.140825018
v 0.339771539 0.0371666923 0.14182502
v 0.339771539 0.0809535086 0.141833022
v -0.339772135 -0.0809535012 0.141833022
v -0.340772122 -0.0809535012 0.140825033
v -0.340772122 -0.0371666886 0.140825018
v 0.340771526 -0.0371666886 0.140825018
v 0.340771526 -0.0809535012 0.140825033
v 0.339771539 -0.0809535012 0.141833022
v -0.340772122 0.0371666923 0.140825018
v -0.340772122 0.0809535086 0.140825033
v -0.339772135 0.0809535086 0.141833022
v 0.339771539 0.0809535086 0.141833022
v 0.340771526 0.0809535086 0.140825033
v 0.340771526 0.0371666923 0.140825018
v -0.340772122 -0.0809535012 0.140825033
v -0.339772135 -0.0809535012 0.141833022
v -0.339772135 -0.091900222 0.139900073
v 0.339771539 -0.091900222 0.139900073
v 0.339771539 -0.0809535012 0.141833022
v 0.340771526 -0.0809535012 0.140825033
v -0.339772135 0.091900222 0.139900073
v -0.339772135 0.0809535086 0.141833022
v -0.340772122 0.0809535086 0.140825033
v 0.340771526 0.0809535086 0.140825033
v 0.339771539 0.0809535086 0.141833022
v 0.339771539 0.091900222 0.139900073
v -0.319694638 -0.141286984 0.116756156
v -0.318686724 -0.141286984 0.118462056
v -0.318686724 -0.172353536 0.118462056
v -0.319694638 -0.172353536 0.116756156
v 0.319694042 -0.141286984 0.116756156
v 0.319694042 -0.172353536 0.116756156
v 0.318686098 -0.172353536 0.118462056
v 0.318686098 -0.141286984 0.118462056
v -0.319694638 0.141286984 0.116756156
v -0.319694638 0.172353551 0.116756156
v -0.318686724 0.172353551 0.118462056
v -0.318686724 0.141286984 0.118462056
v 0.319694042 0.141286984 0.116756156
v 0.318686098 0.141286984 0.118462056
v 0.318686098 0.172353551 0.118462056
v 0.319694042 0.172353551 0.116756156
v -0.339772135 -0.091900222 0.139900073
v -0.340772122 -0.091900222 0.138852611
v -0.340772122 -0.0809535012 0.140825033
v 0.340771526 -0.0809535012 0.140825033
v 0.340771526 -0.091900222 0.138852611
v 0.339771539 -0.091900222 0.139900073
v -0.340772122 0.0809535086 0.140825033
v -0.340772122 0.091900222 0.138852611
v -0.339772135 0.091900222 0.139900073
v 0.339771539 0.091900222 0.139900073
v 0.340771526 0.091900222 0.138852611
v 0.340771526 0.0809535086 0.140825033
v -0.312273771 -0.140286982 0.127976164
v -0.312273771 -0.141286984 0.126555189
v -0.318686724 -0.141286984 0.118462056
v 0.318686098 -0.141286984 0.118462056
v 0.312273234 -0.141286984 0.126555189
v 0.312273234 -0.140286982 0.127976164
v -0.318686724 0.141286984 0.118462056
v -0.312273771 0.141286999 0.126555189
v -0.312273771 0.140286982 0.127976164
v 0.312273234 0.140286982 0.127976164
v 0.312273234 0.141286999 0.126555189
v 0.318686098 0.141286984 0.118462056
v -0.340772122 -0.091900222 0.138852611
v -0.339772135 -0.091900222 0.139900073
v -0.339772105 -0.102846928 0.135532096
v 0.339771539 -0.102846928 0.135532096
v 0.339771539 -0.091900222 0.139900073
v 0.340771526 -0.091900222 0.138852611
v -0.339772105 0.102846928 0.135532096
v -0.339772135 0.091900222 0.139900073
v -0.340772122 0.091900222 0.138852611
v 0.340771526 0.091900222 0.138852611
v 0.339771539 0.091900222 0.139900073
v 0.339771539 0.102846928 0.135532096
v -0.319272071 -0.140286982 0.119723007
v -0.318686724 -0.141286984 0.118462056
v -0.319694638 -0.141286984 0.116756156
v 0.319271505 -0.140286982 0.119723007
v 0.319694042 -0.141286984 0.116756156
v 0.318686098 -0.141286984 0.118462056
v -0.319272071 0.140286982 0.119723007
v -0.319694638 0.141286984 0.116756156
v -0.318686724 0.141286984 0.118462056
v 0.319271505 0.140286982 0.119723007
v 0.318686098 0.141286984 0.118462056
v 0.319694042 0.141286984 0.116756156
v -0.340772122 -0.102846928 0.134363636
v -0.339772105 -0.102846928 0.135532096
v -0.339772135 -0.112788633 0.127976164
v 0.339771539 -0.112788633 0.127976164
v 0.339771539 -0.102846928 0.135532096
v 0.340771526 -0.102846928 0.134363636
v -0.339772135 0.11278864 0.127976164
v -0.339772105 0.102846928 0.135532096
v -0.340772122 0.102846928 0.134363636
v 0.340771526 0.102846928 0.134363636
v 0.339771539 0.102846928 0.135532096
v 0.339771539 0.11278864 0.127976164
v -0.324225456 -0.141286984 0.105956227
v -0.319694638 -0.141286984 0.116756156
v -0.319694638 -0.172353536 0.116756156
v -0.324225456 -0.172353536 0.105956227
v 0.32422483 -0.141286984 0.105956227
v 0.32422483 -0.172353536 0.105956227
v 0.319694042 -0.172353536 0.116756156
v 0.319694042 -0.141286984 0.116756156
v -0.324225456 0.141286984 0.105956227
v -0.324225456 0.172353551 0.105956227
v -0.319694638 0.172353551 0.116756156
v -0.319694638 0.141286984 0.116756156
v 0.32422483 0.141286984 0.105956227
v 0.319694042 0.141286984 0.116756156
v 0.319694042 0.172353551 0.116756156
v 0.32422483 0.172353551 0.105956227
v -0.339772105 -0.102846928 0.135532096
v -0.340772122 -0.102846928 0.134363636
v -0.340772122 -0.091900222 0.138852611
v 0.340771526 -0.091900222 0.138852611
v 0.340771526 -0.102846928 0.134363636
v 0.339771539 -0.102846928 0.135532096
v -0.340772122 0.091900222 0.138852611
v -0.340772122 0.102846928 0.134363636
v -0.339772105 0.102846928 0.135532096
v 0.339771539 0.102846928 0.135532096
v 0.340771526 0.102846928 0.134363636
v 0.340771526 0.091900222 0.138852611
v -0.340772122 -0.119822644 0.117678292
v -0.339772135 -0.119786948 0.119723007
v -0.339772135 -0.124740325 0.108541146
v 0.339771539 -0.124740325 0.108541146
v 0.339771539 -0.119786948 0.119723007
v 0.340771526 -0.119822644 0.117678292
v -0.339772135 0.12474034 0.108541146
v -0.339772135 0.119786955 0.119723007
v -0.340772122 0.119822659 0.117678292
v 0.340771526 0.119822659 0.117678292
v 0.339771539 0.119786955 0.119723007
v 0.339771539 0.12474034 0.108541146
v -0.324225456 -0.141286984 0.105956227
v -0.324225456 -0.140286982 0.108541146
v -0.319272071 -0.140286982 0.119723007
v 0.319271505 -0.140286982 0.119723007
v 0.32422483 -0.140286982 0.108541146
v 0.32422483 -0.141286984 0.105956227
v -0.319272071 0.140286982 0.119723007
v -0.324225456 0.140286982 0.108541146
v -0.324225456 0.141286984 0.105956227
v 0.32422483 0.141286984 0.105956227
v 0.32422483 0.140286982 0.108541146
v 0.319271505 0.140286982 0.119723007
v -0.340772122 -0.112788633 0.126555189
v -0.339772135 -0.112788633 0.127976164
v -0.339772135 -0.119786948 0.119723007
v 0.339771539 -0.119786948 0.119723007
v 0.339771539 -0.112788633 0.127976164
v 0.340771526 -0.112788633 0.126555189
v -0.339772135 0.119786955 0.119723007
v -0.339772135 0.11278864 0.127976164
v -0.340772122 0.11278864 0.126555189
v 0.340771526 0.11278864 0.126555189
v 0.339771539 0.11278864 0.127976164
v 0.339771539 0.119786955 0.119723007
v -0.339772135 -0.112788633 0.127976164
v -0.340772122 -0.112788633 0.126555189
v -0.340772122 -0.102846928 0.134363636
v 0.340771526 -0.102846928 0.134363636
v 0.340771526 -0.112788633 0.126555189
v 0.339771539 -0.112788633 0.127976164
v -0.340772122 0.102846928 0.134363636
v -0.340772122 0.11278864 0.126555189
v -0.339772135 0.11278864 0.127976164
v 0.339771539 0.11278864 0.127976164
v 0.340771526 0.11278864 0.126555189
v 0.340771526 0.102846928 0.134363636
v -0.324225456 -0.140286982 0.108541146
v -0.324225456 -0.141286984 0.105956227
v -0.32523945 -0.140286982 0.105956227
v 0.32422483 -0.140286982 0.108541146
v 0.325238854 -0.140286982 0.105956227
v 0.32422483 -0.141286984 0.105956227
v -0.324225456 0.140286982 0.108541146
v -0.32523945 0.140286982 0.105956227
v -0.324225456 0.141286999 0.105956227
v 0.32422483 0.140286982 0.108541146
v 0.32422483 0.141286999 0.105956227
v 0.325238854 0.140286982 0.105956227
v -0.34175244 -0.143280923 0.00304633146
v -0.339772105 -0.141293749 0.0148441605
v -0.339772105 -0.172353521 0.0148441615
v -0.34175244 -0.172353521 0.00304633193
v -0.324225456 -0.141286984 0.105956227
v -0.324225456 -0.172353536 0.105956227
v 0.341751844 -0.143280923 0.00304633146
v 0.341751844 -0.172353521 0.00304633193
v 0.339771539 -0.172353521 0.0148441615
v 0.339771539 -0.141293749 0.0148441605
v 0.32422483 -0.141286984 0.105956227
v 0.32422483 -0.172353536 0.105956227
v -0.34175244 0.143280923 0.00304633146
v -0.34175244 0.172353551 0.00304633193
v -0.339772105 0.172353551 0.0148441615
v -0.339772105 0.141293764 0.0148441605
v -0.324225456 0.141286999 0.105956227
v -0.324225456 0.172353551 0.105956227
v 0.341751844 0.143280923 0.00304633146
v 0.339771539 0.141293764 0.0148441605
v 0.339771539 0.172353551 0.0148441615
v 0.341751844 0.172353551 0.00304633193
v 0.32422483 0.141286999 0.105956227
v 0.32422483 0.172353551 0.105956227
v -0.339772105 -0.125754312 0.105956227
v -0.340772122 -0.124740325 0.105956227
v -0.339772105 -0.124740325 0.108541146
v 0.339771539 -0.125754312 0.105956227
v 0.339771539 -0.124740325 0.108541146
v 0.340771526 -0.124740325 0.105956227
v -0.339772105 0.125754327 0.105956227
v -0.339772105 0.12474034 0.108541146
v -0.340772122 0.12474034 0.105956227
v 0.339771539 0.125754327 0.105956227
v 0.340771526 0.12474034 0.105956227
v 0.339771539 0.12474034 0.108541146
v -0.324225456 -0.173353538 0.178290442
v -0.324225456 -0.173353538 0.108541146
v -0.324225456 -0.172353536 0.105956227
v -0.324225456 -0.140286997 0.178290442
v -0.324225456 -0.140286982 0.108541146
v -0.324225456 -0.141286984 0.105956227
v 0.32422483 -0.140286982 0.108541146
v 0.32422483 -0.141286984 0.105956227
v 0.32422483 -0.172353536 0.105956227
v 0.32422483 -0.140286997 0.178290442
v 0.32422483 -0.173353538 0.178290442
v 0.32422483 -0.173353538 0.108541146
v -0.324225456 0.140286982 0.108541146
v -0.324225456 0.141286999 0.105956227
v -0.324225456 0.172353551 0.105956227
v -0.324225456 0.140286997 0.178290442
v -0.324225456 0.173353538 0.178290442
v -0.324225456 0.173353538 0.108541146
v 0.32422483 0.173353538 0.178290442
v 0.32422483 0.173353538 0.108541146
v 0.32422483 0.172353551 0.105956227
v 0.32422483 0.140286997 0.178290442
v 0.32422483 0.140286982 0.108541146
v 0.32422483 0.141286999 0.105956227
v -0.339772105 -0.141293749 0.0148441605
v -0.339772105 -0.140286982 0.0208850093
v -0.32523945 -0.140286982 0.105956227
v -0.339772135 -0.124740325 0.108541146
v -0.340772122 -0.124740325 0.105956227
v -0.340772122 -0.119822644 0.117678292
v 0.340771526 -0.119822644 0.117678292
v 0.340771526 -0.124740325 0.105956227
v 0.339771539 -0.124740325 0.108541146
v -0.340772122 0.119822659 0.117678292
v -0.340772122 0.12474034 0.105956227
v -0.339772135 0.12474034 0.108541146
v 0.339771539 0.12474034 0.108541146
v 0.340771526 0.12474034 0.105956227
v 0.340771526 0.119822659 0.117678292
v 0.325238854 -0.140286982 0.105956227
v 0.339771539 -0.140286982 0.0208850093
v 0.339771539 -0.141293749 0.0148441605
v -0.32523945 0.140286982 0.105956227
v -0.339772105 0.140286982 0.0208850093
v -0.339772105 0.141293764 0.0148441605
v 0.339771539 0.141293764 0.0148441605
v 0.339771539 0.140286982 0.0208850093
v 0.325238854 0.140286982 0.105956227
v -0.32523945 -0.140286982 0.105956227
v -0.324225456 -0.141286984 0.105956227
v -0.339772105 -0.141293749 0.0148441605
v 0.339771539 -0.141293749 0.0148441605
v 0.32422483 -0.141286984 0.105956227
v 0.325238854 -0.140286982 0.105956227
v -0.339772105 0.141293764 0.0148441605
v -0.324225456 0.141286999 0.105956227
v -0.32523945 0.140286982 0.105956227
v 0.325238854 0.140286982 0.105956227
v 0.32422483 0.141286999 0.105956227
v 0.339771539 0.141293764 0.0148441605
v -0.339772105 -0.141293749 0.0148441605
v -0.340778857 -0.140286982 0.0148441605
v -0.339772105 -0.140286982 0.0208850093
v 0.339771539 -0.141293749 0.0148441605
v 0.339771539 -0.140286982 0.0208850093
v 0.340778321 -0.140286982 0.0148441605
v -0.339772105 0.141293764 0.0148441605
v -0.339772105 0.140286982 0.0208850093
v -0.340778857 0.140286982 0.0148441605
v 0.339771539 0.141293764 0.0148441605
v 0.340778321 0.140286982 0.0148441605
v 0.339771539 0.140286982 0.0208850093
v -0.319272071 -0.140286982 0.119723007
v -0.319694638 -0.141286984 0.116756156
v -0.324225456 -0.141286984 0.105956227
v 0.32422483 -0.141286984 0.105956227
v 0.319694042 -0.141286984 0.116756156
v 0.319271505 -0.140286982 0.119723007
v -0.324225456 0.141286984 0.105956227
v -0.319694638 0.141286984 0.116756156
v -0.319272071 0.140286982 0.119723007
v 0.319271505 0.140286982 0.119723007
v 0.319694042 0.141286984 0.116756156
v 0.32422483 0.141286984 0.105956227
v -0.340772122 -0.124740325 0.105956227
v -0.339772105 -0.125754312 0.105956227
v -0.339772105 -0.140286982 0.0208850093
v 0.339771539 -0.140286982 0.0208850093
v 0.339771539 -0.125754312 0.105956227
v 0.340771526 -0.124740325 0.105956227
v -0.339772105 0.140286982 0.0208850093
v -0.339772105 0.125754327 0.105956227
v -0.340772122 0.12474034 0.105956227
v 0.340771526 0.12474034 0.105956227
v 0.339771539 0.125754327 0.105956227
v 0.339771539 0.140286982 0.0208850093
v -0.339772105 -0.140286982 0.0208850093
v -0.340778857 -0.140286982 0.0148441605
v -0.340772122 -0.124740325 0.105956227
v 0.340771526 -0.124740325 0.105956227
v 0.340778321 -0.140286982 0.0148441605
v 0.339771539 -0.140286982 0.0208850093
v -0.340772122 0.12474034 0.105956227
v -0.340778857 0.140286982 0.0148441605
v -0.339772105 0.140286982 0.0208850093
v 0.339771539 0.140286982 0.0208850093
v 0.340778321 0.140286982 0.0148441605
v 0.340771526 0.12474034 0.105956227
v -0.339772135 -0.119786948 0.119723007
v -0.340772122 -0.119822644 0.117678292
v -0.340772122 -0.112788633 0.126555189
v 0.340771526 -0.112788633 0.126555189
v 0.340771526 -0.119822644 0.117678292
v 0.339771539 -0.119786948 0.119723007
v -0.340772122 0.11278864 0.126555189
v -0.340772122 0.119822659 0.117678292
v -0.339772135 0.119786955 0.119723007
v 0.339771539 0.119786955 0.119723007
v 0.340771526 0.119822659 0.117678292
v 0.340771526 0.11278864 0.126555189
v -0.339772135 -0.124740325 0.108541146
v -0.339772135 -0.119786948 0.119723007
v -0.339772135 -0.118764475 0.178290442
v -0.339772135 -0.124740317 0.178290442
v -0.339772135 -0.112788633 0.127976164
v -0.339772105 -0.102846928 0.135532096
v -0.339772135 -0.091900222 0.139900073
v -0.339772135 -0.0809535012 0.141833022
v -0.339772135 -0.0371666886 0.178290442
v -0.339772135 -0.0371666886 0.14182502
v -0.339772135 3.23486327e-09 0.14182502
v -0.339772135 0.0371666923 0.14182502
v -0.339772135 0.0809535086 0.141833022
v -0.339772135 0.11278864 0.178290442
v -0.339772135 0.091900222 0.139900073
v -0.339772105 0.102846928 0.135532096
v -0.339772135 0.11278864 0.127976164
v -0.339772135 0.119786955 0.119723007
v -0.339772135 0.12474034 0.108541146
v -0.339772135 0.12474034 0.178290442
v 0.339771539 -0.124740325 0.108541146
v 0.339771539 -0.124740317 0.178290442
v 0.339771539 -0.118764475 0.178290442
v 0.339771539 -0.119786948 0.119723007
v 0.339771539 -0.112788633 0.127976164
v 0.339771539 -0.112788633 0.178290442
v 0.339771539 -0.102846928 0.135532096
v 0.339771539 -0.091900222 0.139900073
v 0.339771539 -0.0919002146 0.178290442
v 0.339771539 -0.0809535012 0.141833022
v 0.339771539 -0.0809535086 0.178290442
v 0.339771539 -0.0371666886 0.178290442
v 0.339771539 -0.0371666886 0.14182502
v 0.339771539 3.23486327e-09 0.14182502
v 0.339771539 0.0371666923 0.14182502
v 0.339771539 0.0371666923 0.178290442
v 0.339771539 0.0809535086 0.141833022
v 0.339771539 0.0809535235 0.178290442
v 0.339771539 0.091900222 0.178290442
v 0.339771539 0.091900222 0.139900073
v 0.339771539 0.102846913 0.178290442
v 0.339771539 0.102846928 0.135532096
v 0.339771539 0.11278864 0.127976164
v 0.339771539 0.118764482 0.178290442
v 0.339771539 0.119786955 0.119723007
v 0.339771539 0.12474034 0.108541146
v 0.339771539 0.12474034 0.178290442
v -0.339772105 -0.140286997 0.105956227
v -0.339772105 -0.140286982 0.0208850093
v -0.339772105 -0.125754312 0.105956227
v -0.339772105 -0.124740325 0.108541146
v -0.339772135 -0.124740325 0.178290442
v -0.339772135 -0.140286997 0.178290442
v 0.339771539 -0.140286997 0.105956227
v 0.339771539 -0.125754312 0.105956227
v 0.339771539 -0.140286982 0.0208850093
v 0.339771539 -0.124740325 0.108541146
v 0.339771539 -0.124740325 0.178290442
v 0.339771539 -0.140286997 0.178290442
v -0.339772105 0.140286997 0.105956227
v -0.339772105 0.125754327 0.105956227
v -0.339772105 0.140286982 0.0208850093
v -0.339772105 0.12474034 0.108541146
v -0.339772135 0.12474034 0.178290442
v -0.339772135 0.140286997 0.178290442
v 0.339771539 0.140286997 0.105956227
v 0.339771539 0.140286982 0.0208850093
v 0.339771539 0.125754327 0.105956227
v 0.339771539 0.12474034 0.108541146
v 0.339771539 0.12474034 0.178290442
v 0.339771539 0.140286997 0.178290442
v -0.348520994 -0.159715489 0.000777243869
v -0.349158049 -0.156102598 0.000777243869
v -0.349158049 -0.156102598 0.00820076931
v -0.350992352 -0.152925462 0.00820076931
v -0.350992352 -0.152925462 0.000777243869
v -0.348520994 -0.159715489 0.00820076931
v -0.349158049 -0.163328394 0.000777243869
v -0.349158049 -0.163328394 0.00820076931
v -0.350992352 -0.166505516 0.000777243869
v -0.350992352 -0.166505516 0.00820076931
v 0.348520398 -0.159715489 0.000777243869
v 0.348520398 -0.159715489 0.00820076931
v 0.349157453 -0.156102598 0.00820076931
v 0.349157453 -0.163328394 0.000777243869
v 0.349157453 -0.156102598 0.000777243869
v 0.350991786 -0.152925462 0.00820076931
v 0.350991786 -0.152925462 0.000777243869
v 0.349157453 -0.163328394 0.00820076931
v 0.350991786 -0.166505516 0.000777243869
v 0.350991786 -0.166505516 0.00820076931
v -0.348520994 0.159715503 0.000777243869
v -0.348520994 0.159715503 0.00820076931
v -0.349158049 0.156102598 0.00820076931
v -0.349158049 0.163328409 0.000777243869
v -0.349158049 0.156102598 0.000777243869
v -0.350992352 0.152925462 0.00820076931
v -0.350992352 0.152925462 0.000777243869
v -0.349158049 0.163328409 0.00820076931
v -0.350992352 0.166505545 0.000777243869
v -0.350992352 0.166505545 0.00820076931
v 0.348520398 0.159715503 0.000777243869
v 0.349157453 0.156102598 0.000777243869
v 0.349157453 0.156102598 0.00820076931
v 0.350991786 0.152925462 0.00820076931
v 0.350991786 0.152925462 0.000777243869
v 0.348520398 0.159715503 0.00820076931
v 0.349157453 0.163328409 0.000777243869
v 0.349157453 0.163328409 0.00820076931
v 0.350991786 0.166505545 0.000777243869
v 0.350991786 0.166505545 0.00820076931
vt 0.455009162 2.29713082
vt 0.451546073 2.31173944
vt 0.548453927 2.29713082
vt 0.548453927 2.78821945
vt 0.329481065 2.53571987
vt 0.548453927 2.86356068
vt 0.329481065 2.92215919
vt 0.548453927 2.92215919
vt 0.313693702 2.78821921
vt 0.313693702 2.56421709
vt 0.313693702 2.86356044
vt 0.313693702 2.92215896
vt 0.548453927 2.29713082
vt 0.548453927 2.78821945
vt 0.451546073 2.78821945
vt 0.548453927 2.86356068
vt 0.455009162 2.29713082
vt 0.451546073 2.31173944
vt 0.329481065 2.53571987
vt 0.451546073 2.86356044
vt 0.548453927 2.92215919
vt 0.451546073 2.92215919
vt 0.329481065 2.78821921
vt 0.313693702 2.56421709
vt 0.313693702 2.78821921
vt 0.329481065 2.86356044
vt 0.313693702 2.86356044
vt 0.329481065 2.92215919
vt 0.313693702 2.92215896
vt 0.455009162 2.29713082
vt 0.548453927 2.29713082
vt 0.451546073 2.31173944
vt 0.548453927 2.78821945
vt 0.329481065 2.53571987
vt 0.548453927 2.92215919
vt 0.329481065 2.92215919
vt 0.548453927 2.86356068
vt 0.313693702 2.78821921
vt 0.313693702 2.56421709
vt 0.313693702 2.86356044
vt 0.313693702 2.92215896
vt 0.451546073 2.78821945
vt 0.548453927 2.78821945
vt 0.548453927 2.29713082
vt 0.548453927 2.86356068
vt 0.455009162 2.29713082
vt 0.451546073 2.31173944
vt 0.329481065 2.53571987
vt 0.451546073 2.86356044
vt 0.548453927 2.92215919
vt 0.451546073 2.92215919
vt 0.329481065 2.78821921
vt 0.313693702 2.56421709
vt 0.313693702 2.78821921
vt 0.329481065 2.86356044
vt 0.329481065 2.92215919
vt 0.313693702 2.86356044
vt 0.313693702 2.92215896
vt 0.859426141 0.96380055
vt 0.859426141 0.000499486923
vt 0.796342492 0.000499486923
vt 0.845153451 0.809368968
vt 0.824988604 0.695385218
vt 0.796342552 0.591031075
vt 0.764800787 0.530705333
vt 0.733258843 0.504009604
vt 0.607091725 0.504120111
vt 0.499999762 0.504119873
vt 0.392907858 0.504120111
vt 0.157792211 0.000499486923
vt 0.26674068 0.504009604
vt 0.235198796 0.530705333
vt 0.203656971 0.591031075
vt 0.17501092 0.695385218
vt 0.154846072 0.809368968
vt 0.140573382 0.96380055
vt 0.140573382 0.000499486923
vt 0.140573353 0.96380055
vt 0.154846013 0.809368968
vt 0.17501092 0.000499486923
vt 0.140573382 0.000499486923
vt 0.17501089 0.695385218
vt 0.203656942 0.591031075
vt 0.203656971 0.000499486923
vt 0.235198736 0.530705333
vt 0.235198736 0.000499486923
vt 0.26674062 0.504009604
vt 0.392907768 0.504120111
vt 0.392907768 0.000499486923
vt 0.499999732 0.504119873
vt 0.499999732 0.000499486923
vt 0.607091665 0.000499486923
vt 0.607091665 0.504120111
vt 0.733258903 0.000499486923
vt 0.733258843 0.504009604
vt 0.764800727 0.000499486923
vt 0.764800727 0.530705333
vt 0.796342552 0.000499486923
vt 0.796342552 0.591031075
vt 0.824988544 0.000499486923
vt 0.824988604 0.695385218
vt 0.842207313 0.000499486923
vt 0.845153451 0.809368968
vt 0.859426141 0.96380055
vt 0.859426141 0.000499486923
vt 0.310635269 2.70319366
vt 0.310635269 2.74896646
vt 0.320580751 2.74896646
vt 0.320580751 2.70319366
vt 0.320580751 2.80101728
vt 0.310635269 2.80101728
vt 0.320580751 2.85306835
vt 0.310635269 2.85306835
vt 0.320580751 2.89884114
vt 0.310635269 2.89884114
vt 0.310635269 2.70319366
vt 0.320580751 2.70319366
vt 0.320580751 2.74896646
vt 0.310635269 2.74896646
vt 0.320580751 2.80101728
vt 0.310635269 2.80101728
vt 0.320580751 2.85306835
vt 0.310635269 2.85306835
vt 0.320580751 2.89884114
vt 0.310635269 2.89884114
vt 0.310635269 2.70319366
vt 0.320580751 2.70319366
vt 0.320580751 2.74896646
vt 0.310635269 2.74896646
vt 0.320580751 2.80101728
vt 0.310635269 2.80101728
vt 0.320580751 2.85306835
vt 0.310635269 2.85306835
vt 0.320580751 2.89884114
vt 0.310635269 2.89884114
vt 0.310635269 2.70319366
vt 0.310635269 2.74896646
vt 0.320580751 2.74896646
vt 0.320580751 2.70319366
vt 0.320580751 2.80101728
vt 0.310635269 2.80101728
vt 0.320580751 2.85306835
vt 0.310635269 2.85306835
vt 0.320580751 2.89884114
vt 0.310635269 2.89884114
vt 0.313693702 2.86356044
vt 0.312353998 2.86443067
vt 0.312353998 2.91502762
vt 0.312353998 2.91502762
vt 0.312353998 2.86443067
vt 0.313693702 2.86356044
vt 0.312353998 2.91502762
vt 0.312353998 2.86443067
vt 0.313693702 2.86356044
vt 0.313693702 2.86356044
vt 0.312353998 2.86443067
vt 0.312353998 2.91502762
vt 0.312353998 2.91502762
vt 0.313693702 2.92215896
vt 0.313693702 2.86356044
vt 0.313693702 2.86356044
vt 0.313693702 2.92215896
vt 0.312353998 2.91502762
vt 0.313693702 2.86356044
vt 0.313693702 2.92215896
vt 0.312353998 2.91502762
vt 0.312353998 2.91502762
vt 0.313693702 2.92215896
vt 0.313693702 2.86356044
vt 0.310635269 2.85306835
vt 0.309593976 2.84917927
vt 0.309593976 2.89153242
vt 0.310635269 2.89884114
vt 0.310635269 2.85306835
vt 0.310635269 2.89884114
vt 0.309593976 2.89153242
vt 0.309593976 2.89153242
vt 0.309593976 2.84917927
vt 0.310635269 2.85306835
vt 0.310635269 2.85306835
vt 0.310635269 2.89884114
vt 0.309593976 2.89153242
vt 0.309593976 2.84917927
vt 0.310635269 2.85306835
vt 0.309593976 2.84917927
vt 0.309593976 2.89153242
vt 0.309593976 2.89153242
vt 0.310635269 2.89884114
vt 0.310635269 2.85306835
vt 0.313693702 2.78821921
vt 0.312353998 2.79789424
vt 0.312353998 2.86443067
vt 0.312353998 2.86443067
vt 0.312353998 2.79789424
vt 0.313693702 2.78821921
vt 0.312353998 2.86443067
vt 0.312353998 2.79789424
vt 0.313693702 2.78821921
vt 0.313693702 2.78821921
vt 0.312353998 2.79789424
vt 0.312353998 2.86443067
vt 0.310635269 2.80101728
vt 0.309593976 2.80101728
vt 0.309593976 2.84917927
vt 0.310635269 2.85306835
vt 0.310635269 2.80101728
vt 0.310635269 2.85306835
vt 0.309593976 2.84917927
vt 0.309593976 2.80101728
vt 0.310635269 2.80101728
vt 0.310635269 2.85306835
vt 0.309593976 2.84917927
vt 0.309593976 2.80101728
vt 0.310635269 2.80101728
vt 0.309593976 2.80101728
vt 0.309593976 2.84917927
vt 0.310635269 2.85306835
vt 0.312353998 -4.5701766
vt 0.313693702 -4.57701302
vt 0.313693702 -4.61713743
vt 0.312353998 -4.60478115
vt 0.312353998 -4.5701766
vt 0.312353998 -4.60478115
vt 0.313693702 -4.61713743
vt 0.313693702 -4.61713743
vt 0.313693702 -4.57701302
vt 0.312353998 -4.5701766
vt 0.312353998 -4.5701766
vt 0.312353998 -4.60478115
vt 0.313693702 -4.61713743
vt 0.313693702 -4.57701302
vt 0.312353998 -4.5701766
vt 0.313693702 -4.57701302
vt 0.313693702 -4.61713743
vt 0.313693702 -4.61713743
vt 0.312353998 -4.60478115
vt 0.312353998 -4.5701766
vt 0.312353998 2.86443067
vt 0.313693702 2.86356044
vt 0.313693702 2.78821921
vt 0.313693702 2.78821921
vt 0.313693702 2.86356044
vt 0.312353998 2.86443067
vt 0.313693702 2.78821921
vt 0.313693702 2.86356044
vt 0.312353998 2.86443067
vt 0.312353998 2.86443067
vt 0.313693702 2.86356044
vt 0.313693702 2.78821921
vt 0.90422225 0.000499486923
vt 0.90422225 0.96380055
vt 0.907103658 0.999500513
vt 0.999500036 0.000499486923
vt 0.999500036 0.96380055
vt 0.996618688 0.999500513
vt 0.000499486923 0.96380055
vt 0.00338089466 0.999500513
vt 0.092895925 0.999500513
vt 0.000499486923 0.000499486923
vt 0.095777303 0.000499486923
vt 0.095777303 0.96380055
vt 0.000499486923 0.96380055
vt 0.00338083506 0.999500513
vt 0.092895925 0.999500513
vt 0.000499486923 0.000499486923
vt 0.0957772732 0.000499486923
vt 0.0957773328 0.96380055
vt 0.90422225 0.000499486923
vt 0.90422219 0.96380055
vt 0.907103598 0.999500513
vt 0.999500036 0.000499486923
vt 0.999500036 0.96380055
vt 0.996618688 0.999500513
vt 0.313693702 2.56421709
vt 0.312353998 2.56643367
vt 0.312353998 2.79789424
vt 0.312353998 2.79789424
vt 0.312353998 2.56643367
vt 0.313693702 2.56421709
vt 0.312353998 2.79789424
vt 0.312353998 2.56643367
vt 0.313693702 2.56421709
vt 0.313693702 2.56421709
vt 0.312353998 2.56643367
vt 0.312353998 2.79789424
vt 0.312353998 2.79789424
vt 0.313693702 2.78821921
vt 0.313693702 2.56421709
vt 0.313693702 2.56421709
vt 0.313693702 2.78821921
vt 0.312353998 2.79789424
vt 0.313693702 2.56421709
vt 0.313693702 2.78821921
vt 0.312353998 2.79789424
vt 0.312353998 2.79789424
vt 0.313693702 2.78821921
vt 0.313693702 2.56421709
vt 0.310635269 -4.57103634
vt 0.309593976 -4.56268644
vt 0.309593976 -4.52677345
vt 0.310635269 -4.53222322
vt 0.310635269 -4.57103634
vt 0.310635269 -4.53222322
vt 0.309593976 -4.52677345
vt 0.309593976 -4.52677345
vt 0.309593976 -4.56268644
vt 0.310635269 -4.57103634
vt 0.310635269 -4.57103634
vt 0.310635269 -4.53222322
vt 0.309593976 -4.52677345
vt 0.309593976 -4.56268644
vt 0.310635269 -4.57103634
vt 0.309593976 -4.56268644
vt 0.309593976 -4.52677345
vt 0.309593976 -4.52677345
vt 0.310635269 -4.53222322
vt 0.310635269 -4.57103634
vt 0.310635269 2.74896646
vt 0.309593976 2.7528553
vt 0.309593976 2.80101728
vt 0.310635269 2.80101728
vt 0.310635269 2.74896646
vt 0.310635269 2.80101728
vt 0.309593976 2.80101728
vt 0.309593976 2.7528553
vt 0.310635269 2.74896646
vt 0.310635269 2.80101728
vt 0.309593976 2.80101728
vt 0.309593976 2.7528553
vt 0.310635269 2.74896646
vt 0.309593976 2.7528553
vt 0.309593976 2.80101728
vt 0.310635269 2.80101728
vt 0.312353998 -4.52167273
vt 0.313693702 -4.52083874
vt 0.313693702 -4.57701302
vt 0.313693702 -4.57701302
vt 0.313693702 -4.52083874
vt 0.312353998 -4.52167273
vt 0.313693702 -4.57701302
vt 0.313693702 -4.52083874
vt 0.312353998 -4.52167273
vt 0.312353998 -4.52167273
vt 0.313693702 -4.52083874
vt 0.313693702 -4.57701302
vt 0.313693702 -4.57701302
vt 0.312353998 -4.5701766
vt 0.312353998 -4.52167273
vt 0.312353998 -4.52167273
vt 0.312353998 -4.5701766
vt 0.313693702 -4.57701302
vt 0.312353998 -4.52167273
vt 0.312353998 -4.5701766
vt 0.313693702 -4.57701302
vt 0.313693702 -4.57701302
vt 0.312353998 -4.5701766
vt 0.312353998 -4.52167273
vt 0.310635269 -4.53222322
vt 0.309593976 -4.52677345
vt 0.309593976 -4.48271894
vt 0.310635269 -4.48461199
vt 0.310635269 -4.53222322
vt 0.310635269 -4.48461199
vt 0.309593976 -4.48271894
vt 0.309593976 -4.52677345
vt 0.310635269 -4.53222322
vt 0.310635269 -4.48461199
vt 0.309593976 -4.48271894
vt 0.309593976 -4.48271894
vt 0.309593976 -4.52677345
vt 0.310635269 -4.53222322
vt 0.310635269 -4.53222322
vt 0.309593976 -4.52677345
vt 0.309593976 -4.48271894
vt 0.309593976 -4.48271894
vt 0.310635269 -4.48461199
vt 0.310635269 -4.53222322
vt 0.310635269 2.70319366
vt 0.309593976 2.71050239
vt 0.309593976 2.7528553
vt 0.310635269 2.74896646
vt 0.310635269 2.70319366
vt 0.310635269 2.74896646
vt 0.309593976 2.7528553
vt 0.309593976 2.7528553
vt 0.309593976 2.71050239
vt 0.310635269 2.70319366
vt 0.310635269 2.70319366
vt 0.310635269 2.74896646
vt 0.309593976 2.7528553
vt 0.309593976 2.71050239
vt 0.310635269 2.70319366
vt 0.309593976 2.71050239
vt 0.309593976 2.7528553
vt 0.309593976 2.7528553
vt 0.310635269 2.74896646
vt 0.310635269 2.70319366
vt 0.99816072 0.845256329
vt 0.999500453 0.845153451
vt 0.999500513 0.824988604
vt 0.000499665737 0.82498908
vt 0.000499665737 0.845153987
vt 0.00183951855 0.845256805
vt 0.999500394 0.17501092
vt 0.999500394 0.154846072
vt 0.99816066 0.154743195
vt 0.00183939934 0.154743671
vt 0.000499546528 0.154846549
vt 0.000499606133 0.175011396
vt 0.99816072 0.733258843
vt 0.999500453 0.733258843
vt 0.999500453 0.607091725
vt 0.000499606133 0.607092261
vt 0.000499665737 0.73325938
vt 0.00183951855 0.73325938
vt 0.999500394 0.392907858
vt 0.999500394 0.26674068
vt 0.99816072 0.26674068
vt 0.00183945894 0.266741157
vt 0.000499606133 0.266741157
vt 0.000499606133 0.392908335
vt 0.999500453 0.607091725
vt 0.99816072 0.607091725
vt 0.99816072 0.733258843
vt 0.999500394 0.499999762
vt 0.999500394 0.392907858
vt 0.99816072 0.26674068
vt 0.00183951855 0.73325938
vt 0.00183945894 0.500000238
vt 0.000499606133 0.607092261
vt 0.000499606133 0.500000238
vt 0.000499606133 0.392908335
vt 0.00183945894 0.392908335
vt 0.00183945894 0.266741157
vt 0.99816072 0.764800787
vt 0.999500453 0.764800787
vt 0.999500453 0.733258843
vt 0.000499665737 0.73325938
vt 0.000499665737 0.764801264
vt 0.00183951855 0.764801264
vt 0.999500394 0.26674068
vt 0.999500394 0.235198796
vt 0.99816072 0.235198796
vt 0.00183945894 0.235199273
vt 0.000499606133 0.235199273
vt 0.000499606133 0.266741157
vt 0.99816072 0.796342552
vt 0.999500453 0.796342552
vt 0.999500453 0.764800787
vt 0.000499665737 0.764801264
vt 0.000499665737 0.796343088
vt 0.00183951855 0.796343088
vt 0.999500394 0.235198796
vt 0.999500394 0.203656971
vt 0.99816066 0.203656971
vt 0.00183945894 0.203657448
vt 0.000499606133 0.203657448
vt 0.000499606133 0.235199273
vt 0.548453927 -3.97784472
vt 0.548453927 -4.4486146
vt 0.451546073 -4.4486146
vt 0.455009162 -3.97784472
vt 0.451546073 -3.99184895
vt 0.329481065 -4.20656204
vt 0.451546073 -4.52083874
vt 0.548453927 -4.52083874
vt 0.329481065 -4.4486146
vt 0.313693702 -4.23388052
vt 0.313693702 -4.4486146
vt 0.313693702 -4.52083874
vt 0.329481065 -4.52083874
vt 0.313693702 -4.57701302
vt 0.329481065 -4.61713743
vt 0.313693702 -4.61713743
vt 0.548453927 -4.57701302
vt 0.548453927 -4.61713743
vt 0.451546073 -4.4486146
vt 0.548453927 -4.4486146
vt 0.548453927 -3.97784472
vt 0.455009162 -3.97784472
vt 0.451546073 -3.99184895
vt 0.329481065 -4.20656204
vt 0.451546073 -4.52083874
vt 0.548453927 -4.52083874
vt 0.313693702 -4.4486146
vt 0.313693702 -4.23388052
vt 0.329481065 -4.52083874
vt 0.313693702 -4.52083874
vt 0.313693702 -4.57701302
vt 0.451546073 -4.57701302
vt 0.329481065 -4.57701302
vt 0.313693702 -4.61713743
vt 0.329481065 -4.61713743
vt 0.548453927 -4.57701302
vt 0.451546073 -4.61713743
vt 0.548453927 -4.61713743
vt 0.548453927 -4.4486146
vt 0.548453927 -3.97784472
vt 0.455009162 -3.97784472
vt 0.451546073 -3.99184895
vt 0.329481065 -4.20656204
vt 0.313693702 -4.52083874
vt 0.548453927 -4.52083874
vt 0.313693702 -4.4486146
vt 0.313693702 -4.23388052
vt 0.313693702 -4.57701302
vt 0.313693702 -4.61713743
vt 0.329481065 -4.61713743
vt 0.548453927 -4.57701302
vt 0.548453927 -4.61713743
vt 0.455009162 -3.97784472
vt 0.548453927 -3.97784472
vt 0.548453927 -4.4486146
vt 0.451546073 -3.99184895
vt 0.329481065 -4.20656204
vt 0.548453927 -4.52083874
vt 0.451546073 -4.52083874
vt 0.313693702 -4.4486146
vt 0.313693702 -4.23388052
vt 0.329481065 -4.52083874
vt 0.313693702 -4.52083874
vt 0.313693702 -4.57701302
vt 0.329481065 -4.57701302
vt 0.313693702 -4.61713743
vt 0.329481065 -4.61713743
vt 0.451546073 -4.57701302
vt 0.451546073 -4.61713743
vt 0.548453927 -4.57701302
vt 0.548453927 -4.61713743
vt 0.999500453 0.733258843
vt 0.99816072 0.733258843
vt 0.99816072 0.764800787
vt 0.00183951855 0.764801264
vt 0.00183951855 0.73325938
vt 0.000499665737 0.73325938
vt 0.99816072 0.235198796
vt 0.99816072 0.26674068
vt 0.999500394 0.26674068
vt 0.000499606133 0.266741157
vt 0.00183945894 0.266741157
vt 0.00183945894 0.235199273
vt 0.99816072 0.824988604
vt 0.999500513 0.824988604
vt 0.999500453 0.796342552
vt 0.000499665737 0.796343088
vt 0.000499665737 0.82498908
vt 0.00183951855 0.82498908
vt 0.999500394 0.203656971
vt 0.999500394 0.17501092
vt 0.99816066 0.17501092
vt 0.00183945894 0.175011396
vt 0.000499606133 0.175011396
vt 0.000499606133 0.203657448
vt 0.313693702 -4.52083874
vt 0.312353998 -4.52167273
vt 0.312353998 -4.45788956
vt 0.312353998 -4.45788956
vt 0.312353998 -4.52167273
vt 0.313693702 -4.52083874
vt 0.312353998 -4.45788956
vt 0.312353998 -4.52167273
vt 0.313693702 -4.52083874
vt 0.313693702 -4.52083874
vt 0.312353998 -4.52167273
vt 0.312353998 -4.45788956
vt 0.312353998 -4.45788956
vt 0.313693702 -4.4486146
vt 0.313693702 -4.52083874
vt 0.313693702 -4.52083874
vt 0.313693702 -4.4486146
vt 0.312353998 -4.45788956
vt 0.313693702 -4.52083874
vt 0.313693702 -4.4486146
vt 0.312353998 -4.45788956
vt 0.312353998 -4.45788956
vt 0.313693702 -4.4486146
vt 0.313693702 -4.52083874
vt 0.999500453 0.764800787
vt 0.99816072 0.764800787
vt 0.99816072 0.796342552
vt 0.00183951855 0.796343088
vt 0.00183951855 0.764801264
vt 0.000499665737 0.764801264
vt 0.99816066 0.203656971
vt 0.99816072 0.235198796
vt 0.999500394 0.235198796
vt 0.000499606133 0.235199273
vt 0.00183945894 0.235199273
vt 0.00183945894 0.203657448
vt 0.99816072 0.859426141
vt 0.999500453 0.859426141
vt 0.999500453 0.845153451
vt 0.000499665737 0.845153987
vt 0.000499665737 0.859426618
vt 0.00183951855 0.859426618
vt 0.999500394 0.154846072
vt 0.999500394 0.140573382
vt 0.99816066 0.140573382
vt 0.00183939934 0.140573859
vt 0.000499546528 0.140573859
vt 0.000499546528 0.154846549
vt 0.687646031 -4.63542604
vt 0.686306298 -4.64923716
vt 0.686324775 -4.63542604
vt 0.687646031 -4.63542604
vt 0.686324775 -4.63542604
vt 0.686306298 -4.64923716
vt 0.687646031 -4.63542604
vt 0.686324775 -4.63542604
vt 0.686306298 -4.64923716
vt 0.687646031 -4.63542604
vt 0.686306298 -4.64923716
vt 0.686324775 -4.63542604
vt 0.312353998 -4.23600531
vt 0.313693702 -4.23388052
vt 0.313693702 -4.4486146
vt 0.313693702 -4.4486146
vt 0.313693702 -4.23388052
vt 0.312353998 -4.23600531
vt 0.313693702 -4.4486146
vt 0.313693702 -4.23388052
vt 0.312353998 -4.23600531
vt 0.312353998 -4.23600531
vt 0.313693702 -4.23388052
vt 0.313693702 -4.4486146
vt 0.313693702 -4.4486146
vt 0.312353998 -4.45788956
vt 0.312353998 -4.23600531
vt 0.310635269 -4.48461199
vt 0.309593976 -4.48271894
vt 0.309593976 -4.43583727
vt 0.310635269 -4.4339447
vt 0.312353998 -4.23600531
vt 0.312353998 -4.45788956
vt 0.313693702 -4.4486146
vt 0.310635269 -4.48461199
vt 0.310635269 -4.4339447
vt 0.309593976 -4.43583727
vt 0.309593976 -4.48271894
vt 0.312353998 -4.23600531
vt 0.312353998 -4.45788956
vt 0.313693702 -4.4486146
vt 0.310635269 -4.48461199
vt 0.310635269 -4.4339447
vt 0.309593976 -4.43583727
vt 0.309593976 -4.48271894
vt 0.313693702 -4.4486146
vt 0.312353998 -4.45788956
vt 0.312353998 -4.23600531
vt 0.310635269 -4.48461199
vt 0.309593976 -4.48271894
vt 0.309593976 -4.43583727
vt 0.310635269 -4.4339447
vt 0.999500453 0.796342552
vt 0.99816072 0.796342552
vt 0.99816072 0.824988604
vt 0.00183951855 0.82498908
vt 0.00183951855 0.796343088
vt 0.000499665737 0.796343088
vt 0.99816066 0.17501092
vt 0.99816066 0.203656971
vt 0.999500394 0.203656971
vt 0.000499606133 0.203657448
vt 0.00183945894 0.203657448
vt 0.00183945894 0.175011396
vt 0.0656277835 0.96380055
vt 0.0722639561 0.809368968
vt 0.0736337602 0.000499486923
vt 0.0656277835 0.000499486923
vt 0.0816397369 0.695385218
vt 0.0949589014 0.591031075
vt 0.109624445 0.530705333
vt 0.124290019 0.504009604
vt 0.182952255 0.504119754
vt 0.499999911 0.504119754
vt 0.817047536 0.000499486923
vt 0.817047536 0.504119754
vt 0.875709772 0.504009604
vt 0.890375257 0.530705333
vt 0.918360114 0.000499486923
vt 0.90504086 0.591031075
vt 0.918360114 0.695385218
vt 0.927735865 0.809368968
vt 0.934371948 0.96380055
vt 0.934371948 0.000499486923
vt 0.934372067 0.96380055
vt 0.934372067 0.000499486923
vt 0.918360114 0.000499486923
vt 0.927735925 0.809368968
vt 0.918360114 0.695385218
vt 0.905040979 0.591031075
vt 0.890375435 0.530705333
vt 0.875709891 0.504009604
vt 0.817047656 0.504119754
vt 0.5 0.504119754
vt 0.182952344 0.504119754
vt 0.0949590206 0.000499486923
vt 0.124290109 0.504009604
vt 0.109624624 0.530705333
vt 0.0949590206 0.591031075
vt 0.0816397667 0.695385218
vt 0.0722640157 0.809368968
vt 0.0656279325 0.96380055
vt 0.0656279325 0.000499486923
vt 0.548453927 -4.64923668
vt 0.548453927 -4.63542604
vt 0.670518935 -4.63542604
vt 0.670518935 -4.64923716
vt 0.670518935 -4.64923716
vt 0.670518935 -4.63542604
vt 0.686324775 -4.63542604
vt 0.686306298 -4.64923716
vt 0.548453927 -4.64923668
vt 0.670518935 -4.64923716
vt 0.670518935 -4.63542604
vt 0.548453927 -4.63542604
vt 0.670518935 -4.64923716
vt 0.686306298 -4.64923716
vt 0.686324775 -4.63542604
vt 0.670518935 -4.63542604
vt 0.548453927 -4.64923668
vt 0.670518935 -4.64923716
vt 0.670518935 -4.63542604
vt 0.548453927 -4.63542604
vt 0.670518935 -4.64923716
vt 0.686306298 -4.64923716
vt 0.686324775 -4.63542604
vt 0.670518935 -4.63542604
vt 0.548453927 -4.64923668
vt 0.548453927 -4.63542604
vt 0.670518935 -4.63542604
vt 0.670518935 -4.64923716
vt 0.670518935 -4.64923716
vt 0.670518935 -4.63542604
vt 0.686324775 -4.63542604
vt 0.686306298 -4.64923716
vt 0.310635269 -4.57103634
vt 0.310635269 -4.53222322
vt 0.320580751 -4.53222322
vt 0.320580751 -4.57103634
vt 0.320580751 -4.48461199
vt 0.310635269 -4.48461199
vt 0.320580751 -4.4339447
vt 0.310635269 -4.4339447
vt 0.320580751 -4.38633299
vt 0.310635269 -4.38633299
vt 0.320580751 -4.34751987
vt 0.310635269 -4.34751987
vt 0.310635269 -4.57103634
vt 0.320580751 -4.57103634
vt 0.320580751 -4.53222322
vt 0.310635269 -4.53222322
vt 0.320580751 -4.48461199
vt 0.310635269 -4.48461199
vt 0.320580751 -4.4339447
vt 0.310635269 -4.4339447
vt 0.320580751 -4.38633299
vt 0.310635269 -4.38633299
vt 0.320580751 -4.34751987
vt 0.310635269 -4.34751987
vt 0.310635269 -4.57103634
vt 0.320580751 -4.57103634
vt 0.320580751 -4.53222322
vt 0.310635269 -4.53222322
vt 0.320580751 -4.48461199
vt 0.310635269 -4.48461199
vt 0.320580751 -4.4339447
vt 0.310635269 -4.4339447
vt 0.320580751 -4.38633299
vt 0.310635269 -4.38633299
vt 0.320580751 -4.34751987
vt 0.310635269 -4.34751987
vt 0.310635269 -4.57103634
vt 0.310635269 -4.53222322
vt 0.320580751 -4.53222322
vt 0.320580751 -4.57103634
vt 0.320580751 -4.48461199
vt 0.310635269 -4.48461199
vt 0.320580751 -4.4339447
vt 0.310635269 -4.4339447
vt 0.320580751 -4.38633299
vt 0.310635269 -4.38633299
vt 0.320580751 -4.34751987
vt 0.310635269 -4.34751987
vt 0.548453927 -4.63542604
vt 0.548453927 -4.64923668
vt 0.544990838 -4.64923668
vt 0.548453927 -4.63542604
vt 0.544990838 -4.64923668
vt 0.548453927 -4.64923668
vt 0.548453927 -4.63542604
vt 0.544990838 -4.64923668
vt 0.548453927 -4.64923668
vt 0.548453927 -4.63542604
vt 0.548453927 -4.64923668
vt 0.544990838 -4.64923668
vt 0.999500513 0.824988604
vt 0.99816072 0.824988604
vt 0.99816072 0.845256329
vt 0.00183951855 0.845256805
vt 0.00183951855 0.82498908
vt 0.000499665737 0.82498908
vt 0.99816066 0.154743195
vt 0.99816066 0.17501092
vt 0.999500394 0.17501092
vt 0.000499606133 0.175011396
vt 0.00183945894 0.175011396
vt 0.00183939934 0.154743671
vt 0.689364731 -4.53222322
vt 0.690406024 -4.52677298
vt 0.690406024 -4.56268644
vt 0.689364731 -4.57103634
vt 0.689364731 -4.53222322
vt 0.689364731 -4.57103634
vt 0.690406024 -4.56268644
vt 0.690406024 -4.56268644
vt 0.690406024 -4.52677298
vt 0.689364731 -4.53222322
vt 0.689364731 -4.53222322
vt 0.689364731 -4.57103634
vt 0.690406024 -4.56268644
vt 0.690406024 -4.52677298
vt 0.689364731 -4.53222322
vt 0.690406024 -4.52677298
vt 0.690406024 -4.56268644
vt 0.690406024 -4.56268644
vt 0.689364731 -4.57103634
vt 0.689364731 -4.53222322
vt 0.999500453 0.845153451
vt 0.99816072 0.845256329
vt 0.99816072 0.859426141
vt 0.00183951855 0.859426618
vt 0.00183951855 0.845256805
vt 0.000499665737 0.845153987
vt 0.99816066 0.140573382
vt 0.99816066 0.154743195
vt 0.999500394 0.154846072
vt 0.000499546528 0.154846549
vt 0.00183939934 0.154743671
vt 0.00183939934 0.140573859
vt 0.000499546528 0.000499486923
vt 0.000499546528 0.96380055
vt 0.00183925033 0.999500513
vt 0.0447995663 0.96380055
vt 0.0434598327 0.999500513
vt 0.0447995663 0.000499486923
vt 0.955200255 0.96380055
vt 0.956539989 0.999500513
vt 0.998160481 0.999500513
vt 0.999500334 0.000499486923
vt 0.999500334 0.96380055
vt 0.955200255 0.000499486923
vt 0.955200315 0.96380055
vt 0.956540108 0.999500513
vt 0.99816066 0.999500513
vt 0.999500394 0.000499486923
vt 0.999500394 0.96380055
vt 0.955200315 0.000499486923
vt 0.000499546528 0.000499486923
vt 0.000499546528 0.96380055
vt 0.00183939934 0.999500513
vt 0.0447996259 0.96380055
vt 0.0434598923 0.999500513
vt 0.0447996259 0.000499486923
vt 0.0656277835 0.999500036
vt 0.0736337602 0.999500096
vt 0.0736337602 0.90422225
vt 0.0656277835 0.90422225
vt 0.0816397369 0.90422225
vt 0.0949589014 0.90422225
vt 0.109624475 0.90422225
vt 0.182952255 0.90422231
vt 0.499999911 0.904222488
vt 0.817047536 0.904222608
vt 0.817047536 0.999500453
vt 0.918360114 0.999500513
vt 0.918360114 0.904222727
vt 0.934371948 0.999500513
vt 0.934371948 0.904222727
vt 0.000499546528 0.859426141
vt 0.0447995663 0.859426141
vt 0.0447995663 0.842207372
vt 0.000499546528 0.796342492
vt 0.0447995961 0.607091784
vt 0.0447996259 0.175010979
vt 0.000499606133 0.157792211
vt 0.000499606133 0.140573382
vt 0.0447996557 0.140573382
vt 0.999500334 0.859426618
vt 0.999500334 0.82498908
vt 0.955200255 0.842207789
vt 0.955200255 0.859426618
vt 0.955200255 0.824989021
vt 0.999500334 0.796343029
vt 0.999500334 0.764801264
vt 0.955200255 0.764801204
vt 0.955200255 0.733259439
vt 0.999500394 0.607092261
vt 0.955200315 0.607092261
vt 0.999500394 0.500000238
vt 0.955200315 0.392908275
vt 0.999500394 0.392908335
vt 0.955200315 0.266741037
vt 0.999500394 0.266741097
vt 0.955200315 0.235199273
vt 0.999500394 0.235199273
vt 0.955200315 0.203657508
vt 0.999500394 0.203657448
vt 0.999500394 0.175011456
vt 0.955200315 0.157792687
vt 0.999500394 0.157792687
vt 0.999500453 0.140573859
vt 0.955200374 0.140573859
vt 0.0656279027 0.000499486923
vt 0.0656278729 0.0957772732
vt 0.0816398263 0.0957773328
vt 0.0816398561 0.000499546528
vt 0.92636615 0.09577775
vt 0.905040979 0.00049996376
vt 0.934372067 0.00049996376
vt 0.934372067 0.09577775
vt -1.99750066 -3.97784472
vt -1.52111149 -3.97784424
vt -1.52111149 -4.19255781
vt -1.99750042 -4.4486146
vt -1.86356068 -4.64121199
vt -1.9891293 -4.52083874
vt -1.96401548 -4.57701302
vt -1.92215919 -4.61713743
vt -1.78821945 -4.64923716
vt -1.29713082 -4.64923668
vt -1.29713082 -4.19255781
vt -1.52111149 -4.19255781
vt -1.52111149 -3.97784424
vt -1.99750066 -3.97784472
vt -1.99750042 -4.4486146
vt -1.29713082 -4.64923668
vt -1.9891293 -4.52083874
vt -1.96401548 -4.57701302
vt -1.92215919 -4.61713743
vt -1.86356068 -4.64121199
vt -1.78821945 -4.64923716
vt -1.29713082 -4.19255781
vt -1.52111149 -4.19255781
vt -1.52111149 -3.97784424
vt -1.99750066 -3.97784472
vt -1.99750042 -4.4486146
vt -1.29713082 -4.64923668
vt -1.9891293 -4.52083874
vt -1.96401548 -4.57701302
vt -1.92215919 -4.61713743
vt -1.86356068 -4.64121199
vt -1.78821945 -4.64923716
vt -1.29713082 -4.19255781
vt -1.99750066 -3.97784472
vt -1.52111149 -3.97784424
vt -1.52111149 -4.19255781
vt -1.99750042 -4.4486146
vt -1.78821945 -4.64923716
vt -1.9891293 -4.52083874
vt -1.96401548 -4.57701302
vt -1.92215919 -4.61713743
vt -1.86356068 -4.64121199
vt -1.29713082 -4.64923668
vt -1.29713082 -4.19255781
vt 0.310635269 -4.4339447
vt 0.309593976 -4.43583727
vt 0.309593976 -4.39178324
vt 0.310635269 -4.38633299
vt 0.310635269 -4.4339447
vt 0.310635269 -4.38633299
vt 0.309593976 -4.39178324
vt 0.309593976 -4.43583727
vt 0.310635269 -4.4339447
vt 0.310635269 -4.38633299
vt 0.309593976 -4.39178324
vt 0.309593976 -4.39178324
vt 0.309593976 -4.43583727
vt 0.310635269 -4.4339447
vt 0.310635269 -4.4339447
vt 0.309593976 -4.43583727
vt 0.309593976 -4.39178324
vt 0.309593976 -4.39178324
vt 0.310635269 -4.38633299
vt 0.310635269 -4.4339447
vt 2.89153242 -4.35586977
vt 2.92296791 -4.39178324
vt 2.9396944 -4.43583727
vt 2.84917951 -4.33242893
vt 2.80101752 -4.32428789
vt 2.71050239 -4.35586977
vt 2.75285554 -4.33242893
vt 2.9396944 -4.48271894
vt 2.92296791 -4.52677345
vt 2.84917927 -4.58612728
vt 2.89153242 -4.56268644
vt 2.6623404 -4.43583727
vt 2.6790669 -4.39178324
vt 2.6790669 -4.52677298
vt 2.6623404 -4.48271894
vt 2.7528553 -4.58612728
vt 2.71050239 -4.56268644
vt 2.80101728 -4.59426832
vt 2.80101752 -4.32428789
vt 2.75285554 -4.33242893
vt 2.71050239 -4.35586977
vt 2.84917951 -4.33242893
vt 2.89153242 -4.35586977
vt 2.9396944 -4.43583727
vt 2.92296791 -4.39178324
vt 2.92296791 -4.52677345
vt 2.9396944 -4.48271894
vt 2.84917927 -4.58612728
vt 2.89153242 -4.56268644
vt 2.6790669 -4.39178324
vt 2.6623404 -4.43583727
vt 2.6790669 -4.52677298
vt 2.6623404 -4.48271894
vt 2.7528553 -4.58612728
vt 2.80101728 -4.59426832
vt 2.71050239 -4.56268644
vt 2.80101752 -4.32428789
vt 2.75285554 -4.33242893
vt 2.71050239 -4.35586977
vt 2.84917951 -4.33242893
vt 2.89153242 -4.35586977
vt 2.9396944 -4.43583727
vt 2.92296791 -4.39178324
vt 2.92296791 -4.52677345
vt 2.9396944 -4.48271894
vt 2.84917927 -4.58612728
vt 2.89153242 -4.56268644
vt 2.6790669 -4.39178324
vt 2.6623404 -4.43583727
vt 2.6790669 -4.52677298
vt 2.6623404 -4.48271894
vt 2.7528553 -4.58612728
vt 2.80101728 -4.59426832
vt 2.71050239 -4.56268644
vt 2.89153242 -4.35586977
vt 2.92296791 -4.39178324
vt 2.9396944 -4.43583727
vt 2.84917951 -4.33242893
vt 2.80101752 -4.32428789
vt 2.71050239 -4.35586977
vt 2.75285554 -4.33242893
vt 2.9396944 -4.48271894
vt 2.92296791 -4.52677345
vt 2.84917927 -4.58612728
vt 2.89153242 -4.56268644
vt 2.6623404 -4.43583727
vt 2.6790669 -4.39178324
vt 2.6790669 -4.52677298
vt 2.6623404 -4.48271894
vt 2.7528553 -4.58612728
vt 2.71050239 -4.56268644
vt 2.80101728 -4.59426832
vt 0.875710011 0.999500096
vt 0.875710011 0.996618748
vt 0.817047715 0.996618748
vt 0.182952464 0.996619105
vt 0.124290228 0.996619105
vt 0.124290228 0.999500513
vt 0.817047656 0.00338089466
vt 0.875709891 0.00338089466
vt 0.875709891 0.000499546528
vt 0.124290109 0.000499904156
vt 0.124290109 0.00338125229
vt 0.182952344 0.00338125229
vt 2.9830935 -4.23600531
vt 2.98251343 -4.45788956
vt 2.79789424 -4.63487005
vt 2.97383785 -4.52167273
vt 2.95112562 -4.5701766
vt 2.91502762 -4.60478115
vt 2.86443067 -4.62655354
vt 2.56643391 -4.23600531
vt 2.56643367 -4.63542604
vt 2.9830935 -4.23600531
vt 2.56643391 -4.23600531
vt 2.98251343 -4.45788956
vt 2.95112562 -4.5701766
vt 2.97383785 -4.52167273
vt 2.91502762 -4.60478115
vt 2.86443067 -4.62655354
vt 2.79789424 -4.63487005
vt 2.56643367 -4.63542604
vt 2.9830935 -4.23600531
vt 2.56643391 -4.23600531
vt 2.97383785 -4.52167273
vt 2.98251343 -4.45788956
vt 2.95112562 -4.5701766
vt 2.91502762 -4.60478115
vt 2.86443067 -4.62655354
vt 2.79789424 -4.63487005
vt 2.56643367 -4.63542604
vt 2.9830935 -4.23600531
vt 2.98251343 -4.45788956
vt 2.86443067 -4.62655354
vt 2.97383785 -4.52167273
vt 2.95112562 -4.5701766
vt 2.91502762 -4.60478115
vt 2.56643391 -4.23600531
vt 2.79789424 -4.63487005
vt 2.56643367 -4.63542604
vt 0.817047715 0.996618748
vt 0.817047715 0.999500155
vt 0.875710011 0.999500096
vt 0.124290228 0.999500513
vt 0.182952464 0.999500453
vt 0.182952464 0.996619105
vt 0.875709891 0.000499546528
vt 0.817047656 0.000499546528
vt 0.817047656 0.00338089466
vt 0.182952344 0.00338125229
vt 0.182952344 0.000499904156
vt 0.124290109 0.000499904156
vt 0.817047715 0.996618748
vt 0.500000119 0.996618867
vt 0.500000119 0.999500275
vt 0.817047715 0.999500155
vt 0.182952464 0.996619105
vt 0.182952464 0.999500453
vt 0.817047656 0.00338089466
vt 0.817047656 0.000499546528
vt 0.5 0.000499725342
vt 0.5 0.00338107347
vt 0.182952344 0.00338125229
vt 0.182952344 0.000499904156
vt 0.890375555 0.999500096
vt 0.890375555 0.996618688
vt 0.875710011 0.996618748
vt 0.124290228 0.996619105
vt 0.109624743 0.996619105
vt 0.109624743 0.999500513
vt 0.875709891 0.00338089466
vt 0.890375435 0.00338089466
vt 0.890375435 0.000499546528
vt 0.109624624 0.000499904156
vt 0.109624624 0.00338125229
vt 0.124290109 0.00338125229
vt 0.875710011 0.996618748
vt 0.875710011 0.999500096
vt 0.890375555 0.999500096
vt 0.109624743 0.999500513
vt 0.124290228 0.999500513
vt 0.124290228 0.996619105
vt 0.890375435 0.000499546528
vt 0.875709891 0.000499546528
vt 0.875709891 0.00338089466
vt 0.124290109 0.00338125229
vt 0.124290109 0.000499904156
vt 0.109624624 0.000499904156
vt 0.689364731 -4.48461151
vt 0.690406024 -4.48271894
vt 0.690406024 -4.52677298
vt 0.689364731 -4.53222322
vt 0.689364731 -4.48461151
vt 0.689364731 -4.53222322
vt 0.690406024 -4.52677298
vt 0.690406024 -4.48271894
vt 0.689364731 -4.48461151
vt 0.689364731 -4.53222322
vt 0.690406024 -4.52677298
vt 0.690406024 -4.52677298
vt 0.690406024 -4.48271894
vt 0.689364731 -4.48461151
vt 0.689364731 -4.48461151
vt 0.690406024 -4.48271894
vt 0.690406024 -4.52677298
vt 0.690406024 -4.52677298
vt 0.689364731 -4.53222322
vt 0.689364731 -4.48461151
vt 0.905041099 0.999500096
vt 0.905041099 0.996618688
vt 0.890375555 0.996618688
vt 0.109624743 0.996619105
vt 0.0949591398 0.996619105
vt 0.0949591398 0.999500513
vt 0.890375435 0.00338089466
vt 0.905040979 0.00338089466
vt 0.905040979 0.000499546528
vt 0.0949590206 0.00049996376
vt 0.0949590206 0.00338131189
vt 0.109624624 0.00338125229
vt 0.890375555 0.996618688
vt 0.890375555 0.999500096
vt 0.905041099 0.999500096
vt 0.0949591398 0.999500513
vt 0.109624743 0.999500513
vt 0.109624743 0.996619105
vt 0.905040979 0.000499546528
vt 0.890375435 0.000499546528
vt 0.890375435 0.00338089466
vt 0.109624624 0.00338125229
vt 0.109624624 0.000499904156
vt 0.0949590206 0.00049996376
vt 0.310635269 -4.38633299
vt 0.309593976 -4.39178324
vt 0.309593976 -4.35586977
vt 0.310635269 -4.34751987
vt 0.310635269 -4.38633299
vt 0.310635269 -4.34751987
vt 0.309593976 -4.35586977
vt 0.309593976 -4.35586977
vt 0.309593976 -4.39178324
vt 0.310635269 -4.38633299
vt 0.310635269 -4.38633299
vt 0.310635269 -4.34751987
vt 0.309593976 -4.35586977
vt 0.309593976 -4.35586977
vt 0.309593976 -4.39178324
vt 0.310635269 -4.38633299
vt 0.310635269 -4.38633299
vt 0.309593976 -4.39178324
vt 0.309593976 -4.35586977
vt 0.309593976 -4.35586977
vt 0.310635269 -4.34751987
vt 0.310635269 -4.38633299
vt 0.918360233 0.999500096
vt 0.918360233 0.996618688
vt 0.905041099 0.996618688
vt 0.0949591398 0.996619105
vt 0.0816398859 0.996619105
vt 0.0816398859 0.999500513
vt 0.905040979 0.00338089466
vt 0.918360114 0.00338089466
vt 0.918360114 0.000499546528
vt 0.0816397667 0.00049996376
vt 0.0816397667 0.00338131189
vt 0.0949590206 0.00338131189
vt 0.687646031 -4.63542604
vt 0.686324775 -4.63542604
vt 0.686324775 -4.23390722
vt 0.687646031 -4.23600531
vt 0.687646031 -4.63542604
vt 0.687646031 -4.23600531
vt 0.686324775 -4.23390722
vt 0.686324775 -4.63542604
vt 0.687646031 -4.63542604
vt 0.687646031 -4.23600531
vt 0.686324775 -4.23390722
vt 0.686324775 -4.63542604
vt 0.687646031 -4.63542604
vt 0.686324775 -4.63542604
vt 0.686324775 -4.23390722
vt 0.687646031 -4.23600531
vt 0.927736044 0.999500036
vt 0.926951826 0.996618688
vt 0.918360233 0.996618688
vt 0.0816398859 0.996619105
vt 0.0730484128 0.996619105
vt 0.0722641349 0.999500513
vt 0.918360114 0.00338089466
vt 0.926951766 0.00338083506
vt 0.927735925 0.000499486923
vt 0.0722640157 0.00049996376
vt 0.0730482936 0.00338131189
vt 0.0816397667 0.00338131189
vt 0.313675225 -4.21990824
vt 0.313693702 -4.23388052
vt 0.312353998 -4.23600531
vt 0.313675225 -4.21990824
vt 0.312353998 -4.23600531
vt 0.313693702 -4.23388052
vt 0.313675225 -4.21990824
vt 0.312353998 -4.23600531
vt 0.313693702 -4.23388052
vt 0.313675225 -4.21990824
vt 0.313693702 -4.23388052
vt 0.312353998 -4.23600531
vt 0.905041099 0.996618688
vt 0.905041099 0.999500096
vt 0.918360233 0.999500096
vt 0.0816398859 0.999500513
vt 0.0949591398 0.999500513
vt 0.0949591398 0.996619105
vt 0.918360114 0.000499546528
vt 0.905040979 0.000499546528
vt 0.905040979 0.00338089466
vt 0.0949590206 0.00338131189
vt 0.0949590206 0.00049996376
vt 0.0816397667 0.00049996376
vt 0.689364731 -4.4339447
vt 0.690406024 -4.43583727
vt 0.690406024 -4.48271894
vt 0.689364731 -4.48461151
vt 0.689364731 -4.4339447
vt 0.689364731 -4.48461151
vt 0.690406024 -4.48271894
vt 0.690406024 -4.43583727
vt 0.689364731 -4.4339447
vt 0.689364731 -4.48461151
vt 0.690406024 -4.48271894
vt 0.690406024 -4.43583727
vt 0.689364731 -4.4339447
vt 0.690406024 -4.43583727
vt 0.690406024 -4.48271894
vt 0.689364731 -4.48461151
vt 0.500000119 0.907103896
vt 0.500000119 0.996618867
vt 0.817047715 0.996618748
vt 0.182952464 0.996619105
vt 0.875710011 0.996618748
vt 0.875710011 0.907103658
vt 0.124290228 0.996619105
vt 0.124290228 0.907104075
vt 0.956540108 0.499999762
vt 0.956540108 0.607091784
vt 0.99816072 0.607091725
vt 0.99816072 0.733258843
vt 0.956540108 0.733258963
vt 0.956540108 0.392907798
vt 0.99816072 0.26674068
vt 0.956540108 0.26674062
vt 0.00183945894 0.392908335
vt 0.00183945894 0.500000238
vt 0.0434600711 0.500000238
vt 0.0434599519 0.607092261
vt 0.00183951855 0.73325938
vt 0.0434600115 0.733259439
vt 0.0434599519 0.392908275
vt 0.00183945894 0.266741157
vt 0.0434599519 0.266741097
vt 0.875709891 0.00338089466
vt 0.817047656 0.00338089466
vt 0.817047656 0.0928959846
vt 0.875709891 0.092895925
vt 0.5 0.00338107347
vt 0.182952344 0.00338125229
vt 0.124290109 0.00338125229
vt 0.124290109 0.0928962827
vt 0.928302169 0.996618688
vt 0.926951826 0.996618688
vt 0.927736044 0.999500036
vt 0.0716980696 0.996619105
vt 0.0722641349 0.999500513
vt 0.0730484128 0.996619105
vt 0.92830205 0.00338083506
vt 0.927735925 0.000499486923
vt 0.926951766 0.00338083506
vt 0.0716979504 0.00338131189
vt 0.0730482936 0.00338131189
vt 0.0722640157 0.00049996376
vt 0.956540108 0.733258963
vt 0.956540108 0.764800787
vt 0.99816072 0.764800787
vt 0.99816072 0.733258843
vt 0.0434600115 0.733259439
vt 0.00183951855 0.73325938
vt 0.00183951855 0.764801264
vt 0.0434600115 0.764801264
vt 0.956540108 0.26674062
vt 0.99816072 0.26674068
vt 0.99816072 0.235198796
vt 0.956540108 0.235198796
vt 0.0434599519 0.266741097
vt 0.0434599519 0.235199273
vt 0.00183945894 0.235199273
vt 0.00183945894 0.266741157
vt -1.74896646 -4.32218599
vt -1.70319366 -4.34751987
vt -1.66921973 -4.38633299
vt -1.80101752 -4.31338787
vt -1.85306859 -4.32218647
vt -1.93281507 -4.38633299
vt -1.89884138 -4.34751987
vt -1.6511426 -4.4339447
vt -1.6511426 -4.48461151
vt -1.70319366 -4.57103634
vt -1.66921973 -4.53222322
vt -1.95089221 -4.48461199
vt -1.95089221 -4.4339447
vt -1.89884114 -4.57103634
vt -1.93281507 -4.53222322
vt -1.80101728 -4.60516834
vt -1.85306835 -4.59637022
vt -1.74896646 -4.59637022
vt -1.85306859 -4.32218647
vt -1.89884138 -4.34751987
vt -1.93281507 -4.38633299
vt -1.80101752 -4.31338787
vt -1.74896646 -4.32218599
vt -1.66921973 -4.38633299
vt -1.70319366 -4.34751987
vt -1.6511426 -4.48461151
vt -1.6511426 -4.4339447
vt -1.70319366 -4.57103634
vt -1.66921973 -4.53222322
vt -1.95089221 -4.4339447
vt -1.95089221 -4.48461199
vt -1.89884114 -4.57103634
vt -1.93281507 -4.53222322
vt -1.80101728 -4.60516834
vt -1.74896646 -4.59637022
vt -1.85306835 -4.59637022
vt -1.85306859 -4.32218647
vt -1.89884138 -4.34751987
vt -1.93281507 -4.38633299
vt -1.80101752 -4.31338787
vt -1.74896646 -4.32218599
vt -1.66921973 -4.38633299
vt -1.70319366 -4.34751987
vt -1.6511426 -4.48461151
vt -1.6511426 -4.4339447
vt -1.70319366 -4.57103634
vt -1.66921973 -4.53222322
vt -1.95089221 -4.4339447
vt -1.95089221 -4.48461199
vt -1.89884114 -4.57103634
vt -1.93281507 -4.53222322
vt -1.80101728 -4.60516834
vt -1.74896646 -4.59637022
vt -1.85306835 -4.59637022
vt -1.74896646 -4.32218599
vt -1.70319366 -4.34751987
vt -1.66921973 -4.38633299
vt -1.80101752 -4.31338787
vt -1.85306859 -4.32218647
vt -1.93281507 -4.38633299
vt -1.89884138 -4.34751987
vt -1.6511426 -4.4339447
vt -1.6511426 -4.48461151
vt -1.70319366 -4.57103634
vt -1.66921973 -4.53222322
vt -1.95089221 -4.48461199
vt -1.95089221 -4.4339447
vt -1.89884114 -4.57103634
vt -1.93281507 -4.53222322
vt -1.80101728 -4.60516834
vt -1.85306835 -4.59637022
vt -1.74896646 -4.59637022
vt 0.918360233 0.996618688
vt 0.918360233 0.999500096
vt 0.927736044 0.999500036
vt 0.0722641349 0.999500513
vt 0.0816398859 0.999500513
vt 0.0816398859 0.996619105
vt 0.927735925 0.000499486923
vt 0.918360114 0.000499546528
vt 0.918360114 0.00338089466
vt 0.0816397667 0.00338131189
vt 0.0816397667 0.00049996376
vt 0.0722640157 0.00049996376
vt 0.956540108 0.764800787
vt 0.956540108 0.796342552
vt 0.99816072 0.796342552
vt 0.99816072 0.764800787
vt 0.0434600115 0.764801264
vt 0.00183951855 0.764801264
vt 0.00183951855 0.796343088
vt 0.0434600115 0.796343029
vt 0.956540108 0.235198796
vt 0.99816072 0.235198796
vt 0.99816066 0.203656971
vt 0.956540108 0.203656971
vt 0.0434599519 0.235199273
vt 0.0434599519 0.203657448
vt 0.00183945894 0.203657448
vt 0.00183945894 0.235199273
vt 0.934372187 0.999500036
vt 0.934372187 0.996618688
vt 0.928302169 0.996618688
vt 0.0716980696 0.996619105
vt 0.0656280518 0.996619105
vt 0.0656280518 0.999500513
vt 0.92830205 0.00338083506
vt 0.934372067 0.00338083506
vt 0.934372067 0.000499486923
vt 0.0656279325 0.00049996376
vt 0.0656279325 0.00338131189
vt 0.0716979504 0.00338131189
vt 0.689364731 2.89884138
vt 0.690406024 2.89153242
vt 0.690406024 2.84917951
vt 0.689364731 2.85306859
vt 0.689364731 2.89884138
vt 0.689364731 2.85306859
vt 0.690406024 2.84917951
vt 0.690406024 2.84917951
vt 0.690406024 2.89153242
vt 0.689364731 2.89884138
vt 0.689364731 2.89884138
vt 0.689364731 2.85306859
vt 0.690406024 2.84917951
vt 0.690406024 2.89153242
vt 0.689364731 2.89884138
vt 0.690406024 2.89153242
vt 0.690406024 2.84917951
vt 0.689364731 2.85306859
vt 0.956540108 0.796342552
vt 0.956540167 0.824988604
vt 0.99816072 0.824988604
vt 0.99816072 0.796342552
vt 0.0434600115 0.796343029
vt 0.00183951855 0.796343088
vt 0.00183951855 0.82498908
vt 0.0434600115 0.82498908
vt 0.956540108 0.203656971
vt 0.99816066 0.203656971
vt 0.99816066 0.17501092
vt 0.956540108 0.175010979
vt 0.0434599519 0.203657448
vt 0.0434599519 0.175011456
vt 0.00183945894 0.175011396
vt 0.00183945894 0.203657448
vt 0.875710011 0.907103658
vt 0.875710011 0.996618748
vt 0.890375555 0.996618688
vt 0.890375495 0.907103658
vt 0.124290228 0.907104075
vt 0.109624743 0.907104075
vt 0.109624743 0.996619105
vt 0.124290228 0.996619105
vt 0.875709891 0.092895925
vt 0.890375435 0.0928959846
vt 0.890375435 0.00338089466
vt 0.875709891 0.00338089466
vt 0.124290109 0.0928962827
vt 0.124290109 0.00338125229
vt 0.109624624 0.00338125229
vt 0.109624624 0.0928963423
vt 0.455009162 -3.97784472
vt 0.451546073 -3.99184895
vt 0.451546073 -3.97784472
vt 0.313693702 -4.23388052
vt 0.313675225 -4.21990824
vt 0.329481065 -4.19255829
vt 0.329481065 -4.20656204
vt 0.329481065 -4.20656204
vt 0.329481065 -4.19255829
vt 0.451546073 -3.97784472
vt 0.451546073 -3.99184895
vt 0.455009162 -3.97784472
vt 0.451546073 -3.97784472
vt 0.451546073 -3.99184895
vt 0.313693702 -4.23388052
vt 0.329481065 -4.20656204
vt 0.329481065 -4.19255829
vt 0.329481065 -4.19255829
vt 0.313675225 -4.21990824
vt 0.313693702 -4.23388052
vt 0.329481065 -4.20656204
vt 0.451546073 -3.99184895
vt 0.451546073 -3.97784472
vt 0.451546073 -3.97784472
vt 0.329481065 -4.19255829
vt 0.329481065 -4.20656204
vt 0.455009162 -3.97784472
vt 0.451546073 -3.97784472
vt 0.451546073 -3.99184895
vt 0.313693702 -4.23388052
vt 0.329481065 -4.20656204
vt 0.329481065 -4.19255829
vt 0.313675225 -4.21990824
vt 0.329481065 -4.20656204
vt 0.451546073 -3.99184895
vt 0.451546073 -3.97784472
vt 0.329481065 -4.19255829
vt 0.455009162 -3.97784472
vt 0.451546073 -3.99184895
vt 0.451546073 -3.97784472
vt 0.313693702 -4.23388052
vt 0.313675225 -4.21990824
vt 0.329481065 -4.19255829
vt 0.329481065 -4.19255829
vt 0.329481065 -4.20656204
vt 0.313693702 -4.23388052
vt 0.329481065 -4.20656204
vt 0.329481065 -4.19255829
vt 0.451546073 -3.97784472
vt 0.451546073 -3.97784472
vt 0.451546073 -3.99184895
vt 0.329481065 -4.20656204
vt 0.956540167 0.824988604
vt 0.956540167 0.845256329
vt 0.99816072 0.845256329
vt 0.99816072 0.824988604
vt 0.0434600115 0.82498908
vt 0.00183951855 0.82498908
vt 0.00183951855 0.845256805
vt 0.0434600115 0.845256805
vt 0.956540108 0.175010979
vt 0.99816066 0.17501092
vt 0.99816066 0.154743195
vt 0.956540108 0.154743195
vt 0.0434599519 0.175011456
vt 0.0434598923 0.154743671
vt 0.00183939934 0.154743671
vt 0.00183945894 0.175011396
vt 0.956540167 0.859426141
vt 0.99816072 0.859426141
vt 0.99816072 0.845256329
vt 0.956540167 0.845256329
vt 0.0434600115 0.859426618
vt 0.0434600115 0.845256805
vt 0.00183951855 0.845256805
vt 0.00183951855 0.859426618
vt 0.956540108 0.140573382
vt 0.956540108 0.154743195
vt 0.99816066 0.154743195
vt 0.99816066 0.140573382
vt 0.0434598923 0.140573859
vt 0.00183939934 0.140573859
vt 0.00183939934 0.154743671
vt 0.0434598923 0.154743671
vt 0.451546073 -4.19255781
vt 0.544990838 -4.19255781
vt 0.548453927 -4.20636892
vt 0.544990838 -4.64923668
vt 0.548453927 -4.63542604
vt 0.451546073 -4.64923668
vt 0.544990838 -4.64923668
vt 0.548453927 -4.63542604
vt 0.548453927 -4.20636892
vt 0.451546073 -4.19255781
vt 0.544990838 -4.19255781
vt 0.451546073 -4.64923668
vt 0.544990838 -4.64923668
vt 0.548453927 -4.63542604
vt 0.548453927 -4.20636892
vt 0.451546073 -4.19255781
vt 0.544990838 -4.19255781
vt 0.451546073 -4.64923668
vt 0.451546073 -4.19255781
vt 0.544990838 -4.19255781
vt 0.548453927 -4.20636892
vt 0.544990838 -4.64923668
vt 0.548453927 -4.63542604
vt 0.451546073 -4.64923668
vt 0.689364731 -4.38633299
vt 0.690406024 -4.39178324
vt 0.690406024 -4.43583727
vt 0.689364731 -4.4339447
vt 0.689364731 -4.38633299
vt 0.689364731 -4.4339447
vt 0.690406024 -4.43583727
vt 0.690406024 -4.39178324
vt 0.689364731 -4.38633299
vt 0.689364731 -4.4339447
vt 0.690406024 -4.43583727
vt 0.690406024 -4.43583727
vt 0.690406024 -4.39178324
vt 0.689364731 -4.38633299
vt 0.689364731 -4.38633299
vt 0.690406024 -4.39178324
vt 0.690406024 -4.43583727
vt 0.689364731 -4.4339447
vt 0.928302169 0.996618688
vt 0.927736044 0.999500036
vt 0.934372187 0.999500036
vt 0.0656280518 0.999500513
vt 0.0722641349 0.999500513
vt 0.0716980696 0.996619105
vt 0.934372067 0.000499486923
vt 0.927735925 0.000499486923
vt 0.92830205 0.00338083506
vt 0.0716979504 0.00338131189
vt 0.0722640157 0.00049996376
vt 0.0656279325 0.00049996376
vt 0.670518935 -4.63542604
vt 0.670518935 -4.20646238
vt 0.686324775 -4.23390722
vt 0.686324775 -4.63542604
vt 0.548453927 -4.63542604
vt 0.548453927 -4.20636892
vt 0.686324775 -4.21990824
vt 0.670518935 -4.19255781
vt 0.670518935 -4.63542604
vt 0.686324775 -4.63542604
vt 0.686324775 -4.23390722
vt 0.670518935 -4.20646238
vt 0.548453927 -4.63542604
vt 0.548453927 -4.20636892
vt 0.686324775 -4.21990824
vt 0.670518935 -4.19255781
vt 0.670518935 -4.63542604
vt 0.686324775 -4.63542604
vt 0.686324775 -4.23390722
vt 0.670518935 -4.20646238
vt 0.548453927 -4.63542604
vt 0.548453927 -4.20636892
vt 0.686324775 -4.21990824
vt 0.670518935 -4.19255781
vt 0.670518935 -4.63542604
vt 0.670518935 -4.20646238
vt 0.686324775 -4.23390722
vt 0.686324775 -4.63542604
vt 0.548453927 -4.63542604
vt 0.548453927 -4.20636892
vt 0.686324775 -4.21990824
vt 0.670518935 -4.19255781
vt 0.817047715 0.90422231
vt 0.500000119 0.904222488
vt 0.500000119 0.907103896
vt 0.182952464 0.904222608
vt 0.875710011 0.907103658
vt 0.124290228 0.907104075
vt 0.875709891 0.092895925
vt 0.817047656 0.0928959846
vt 0.817047656 0.0957773924
vt 0.5 0.0957775712
vt 0.182952344 0.09577775
vt 0.124290109 0.0928962827
vt 0.875710011 0.907103658
vt 0.875710011 0.90422225
vt 0.817047715 0.90422231
vt 0.182952464 0.904222608
vt 0.124290228 0.904222667
vt 0.124290228 0.907104075
vt 0.817047656 0.0957773924
vt 0.875709891 0.0957773924
vt 0.875709891 0.092895925
vt 0.124290109 0.0928962827
vt 0.124290109 0.09577775
vt 0.182952344 0.09577775
vt 0.934372187 0.96380055
vt 0.934372187 0.000499486923
vt 0.92636621 0.000499486923
vt 0.927736044 0.809368968
vt 0.918360233 0.695385218
vt 0.918360233 0.000499486923
vt 0.905041099 0.591031075
vt 0.905041099 0.000499486923
vt 0.890375495 0.530705333
vt 0.890375495 0.000499486923
vt 0.875710011 0.504009604
vt 0.817047715 0.000499486923
vt 0.817047715 0.504119754
vt 0.500000119 0.000499486923
vt 0.500000119 0.504119754
vt 0.182952464 0.504119754
vt 0.182952464 0.000499486923
vt 0.124290228 0.504009604
vt 0.109624743 0.530705333
vt 0.0949591398 0.591031075
vt 0.0816398859 0.000499486923
vt 0.0816398859 0.695385218
vt 0.0722641349 0.809368968
vt 0.0656280518 0.96380055
vt 0.0656280518 0.000499486923
vt 0.0656278729 0.96380055
vt 0.0722640455 0.809368968
vt 0.0816398263 0.000499486923
vt 0.0656278729 0.000499486923
vt 0.0816398263 0.695385218
vt 0.0949589908 0.591031075
vt 0.109624565 0.530705333
vt 0.124290109 0.504009604
vt 0.182952344 0.504119754
vt 0.5 0.504119754
vt 0.817047656 0.504119754
vt 0.875709891 0.504009604
vt 0.92636615 0.000499486923
vt 0.890375376 0.530705333
vt 0.905040979 0.591031075
vt 0.918360233 0.695385218
vt 0.927735984 0.809368968
vt 0.934372067 0.96380055
vt 0.934372067 0.000499486923
vt 0.548453927 -4.19255781
vt 0.548453927 -3.99184847
vt 0.662425876 -4.19255781
vt 0.451546073 -3.97784424
vt 0.544990838 -3.97784472
vt 0.451546073 -4.19255781
vt 0.548453927 -4.19255781
vt 0.662425876 -4.19255781
vt 0.548453927 -3.99184847
vt 0.451546073 -3.97784424
vt 0.544990838 -3.97784472
vt 0.451546073 -4.19255781
vt 0.548453927 -4.19255781
vt 0.662425876 -4.19255781
vt 0.548453927 -3.99184847
vt 0.451546073 -3.97784424
vt 0.544990838 -3.97784472
vt 0.451546073 -4.19255781
vt 0.548453927 -4.19255781
vt 0.548453927 -3.99184847
vt 0.662425876 -4.19255781
vt 0.451546073 -3.97784424
vt 0.544990838 -3.97784472
vt 0.451546073 -4.19255781
vt 0.689364731 -4.34751987
vt 0.689364731 -4.38633299
vt 0.679419279 -4.38633299
vt 0.679419279 -4.34751987
vt 0.679419279 -4.4339447
vt 0.689364731 -4.4339447
vt 0.679419279 -4.48461151
vt 0.689364731 -4.48461151
vt 0.679419279 -4.53222322
vt 0.689364731 -4.53222322
vt 0.679419279 -4.57103634
vt 0.689364731 -4.57103634
vt 0.689364731 -4.34751987
vt 0.679419279 -4.34751987
vt 0.679419279 -4.38633299
vt 0.689364731 -4.38633299
vt 0.679419279 -4.4339447
vt 0.689364731 -4.4339447
vt 0.679419279 -4.48461151
vt 0.689364731 -4.48461151
vt 0.679419279 -4.53222322
vt 0.689364731 -4.53222322
vt 0.679419279 -4.57103634
vt 0.689364731 -4.57103634
vt 0.689364731 -4.34751987
vt 0.679419279 -4.34751987
vt 0.679419279 -4.38633299
vt 0.689364731 -4.38633299
vt 0.679419279 -4.4339447
vt 0.689364731 -4.4339447
vt 0.679419279 -4.48461151
vt 0.689364731 -4.48461151
vt 0.679419279 -4.53222322
vt 0.689364731 -4.53222322
vt 0.679419279 -4.57103634
vt 0.689364731 -4.57103634
vt 0.689364731 -4.34751987
vt 0.689364731 -4.38633299
vt 0.679419279 -4.38633299
vt 0.679419279 -4.34751987
vt 0.679419279 -4.4339447
vt 0.689364731 -4.4339447
vt 0.679419279 -4.48461151
vt 0.689364731 -4.48461151
vt 0.679419279 -4.53222322
vt 0.689364731 -4.53222322
vt 0.679419279 -4.57103634
vt 0.689364731 -4.57103634
vt 0.687646031 2.56643391
vt 0.686324775 2.56424499
vt 0.686324775 2.9830935
vt 0.687646031 2.9830935
vt 0.687646031 2.56643391
vt 0.687646031 2.9830935
vt 0.686324775 2.9830935
vt 0.686324775 2.56424499
vt 0.687646031 2.56643391
vt 0.687646031 2.9830935
vt 0.686324775 2.9830935
vt 0.686324775 2.56424499
vt 0.687646031 2.56643391
vt 0.686324775 2.56424499
vt 0.686324775 2.9830935
vt 0.687646031 2.9830935
vt 0.890375495 0.907103658
vt 0.890375555 0.996618688
vt 0.905041099 0.996618688
vt 0.905041099 0.907103658
vt 0.109624743 0.907104075
vt 0.0949591398 0.907104075
vt 0.0949591398 0.996619105
vt 0.109624743 0.996619105
vt 0.890375435 0.0928959846
vt 0.905040979 0.092895925
vt 0.905040979 0.00338089466
vt 0.890375435 0.00338089466
vt 0.109624624 0.0928963423
vt 0.109624624 0.00338125229
vt 0.0949590206 0.00338131189
vt 0.0949590206 0.0928963423
vt 0.689364731 2.85306859
vt 0.690406024 2.84917951
vt 0.690406024 2.80101752
vt 0.689364731 2.80101752
vt 0.689364731 2.85306859
vt 0.689364731 2.80101752
vt 0.690406024 2.80101752
vt 0.690406024 2.84917951
vt 0.689364731 2.85306859
vt 0.689364731 2.80101752
vt 0.690406024 2.80101752
vt 0.690406024 2.84917951
vt 0.689364731 2.85306859
vt 0.690406024 2.84917951
vt 0.690406024 2.80101752
vt 0.689364731 2.80101752
vt 0.890375495 0.907103658
vt 0.890375495 0.90422225
vt 0.875710011 0.90422225
vt 0.124290228 0.904222667
vt 0.109624743 0.904222667
vt 0.109624743 0.907104075
vt 0.875709891 0.0957773924
vt 0.890375435 0.0957773924
vt 0.890375435 0.0928959846
vt 0.109624624 0.0928963423
vt 0.109624624 0.09577775
vt 0.124290109 0.09577775
vt 0.875710011 0.90422225
vt 0.875710011 0.907103658
vt 0.890375495 0.907103658
vt 0.109624743 0.907104075
vt 0.124290228 0.907104075
vt 0.124290228 0.904222667
vt 0.890375435 0.0928959846
vt 0.875709891 0.092895925
vt 0.875709891 0.0957773924
vt 0.124290109 0.09577775
vt 0.124290109 0.0928962827
vt 0.109624624 0.0928963423
vt 0.689364731 -4.34751987
vt 0.690406024 -4.35586977
vt 0.690406024 -4.39178324
vt 0.689364731 -4.38633299
vt 0.689364731 -4.34751987
vt 0.689364731 -4.38633299
vt 0.690406024 -4.39178324
vt 0.690406024 -4.39178324
vt 0.690406024 -4.35586977
vt 0.689364731 -4.34751987
vt 0.689364731 -4.34751987
vt 0.689364731 -4.38633299
vt 0.690406024 -4.39178324
vt 0.690406024 -4.35586977
vt 0.689364731 -4.34751987
vt 0.690406024 -4.35586977
vt 0.690406024 -4.39178324
vt 0.690406024 -4.39178324
vt 0.689364731 -4.38633299
vt 0.689364731 -4.34751987
vt 0.687646031 -4.23600531
vt 0.686324775 -4.23390722
vt 0.686324775 -4.21990824
vt 0.687646031 -4.23600531
vt 0.686324775 -4.21990824
vt 0.686324775 -4.23390722
vt 0.687646031 -4.23600531
vt 0.686324775 -4.21990824
vt 0.686324775 -4.23390722
vt 0.687646031 -4.23600531
vt 0.686324775 -4.23390722
vt 0.686324775 -4.21990824
vt 0.689364731 2.80101752
vt 0.690406024 2.80101752
vt 0.690406024 2.75285554
vt 0.689364731 2.74896646
vt 0.689364731 2.80101752
vt 0.689364731 2.74896646
vt 0.690406024 2.75285554
vt 0.690406024 2.80101752
vt 0.689364731 2.80101752
vt 0.689364731 2.74896646
vt 0.690406024 2.75285554
vt 0.690406024 2.80101752
vt 0.689364731 2.80101752
vt 0.690406024 2.80101752
vt 0.690406024 2.75285554
vt 0.689364731 2.74896646
vt 0.689364731 2.74896646
vt 0.690406024 2.75285554
vt 0.690406024 2.71050239
vt 0.689364731 2.70319366
vt 0.689364731 2.74896646
vt 0.689364731 2.70319366
vt 0.690406024 2.71050239
vt 0.690406024 2.71050239
vt 0.690406024 2.75285554
vt 0.689364731 2.74896646
vt 0.689364731 2.74896646
vt 0.689364731 2.70319366
vt 0.690406024 2.71050239
vt 0.690406024 2.75285554
vt 0.689364731 2.74896646
vt 0.690406024 2.75285554
vt 0.690406024 2.71050239
vt 0.690406024 2.71050239
vt 0.689364731 2.70319366
vt 0.689364731 2.74896646
vt 0.905041099 0.907103658
vt 0.905041099 0.90422225
vt 0.890375495 0.90422225
vt 0.109624743 0.904222667
vt 0.0949591398 0.904222667
vt 0.0949591398 0.907104075
vt 0.890375435 0.0957773924
vt 0.905040979 0.0957773924
vt 0.905040979 0.092895925
vt 0.0949590206 0.0928963423
vt 0.0949590206 0.0957778096
vt 0.109624624 0.09577775
vt 0.890375495 0.90422225
vt 0.890375495 0.907103658
vt 0.905041099 0.907103658
vt 0.0949591398 0.907104075
vt 0.109624743 0.907104075
vt 0.109624743 0.904222667
vt 0.905040979 0.092895925
vt 0.890375435 0.0928959846
vt 0.890375435 0.0957773924
vt 0.109624624 0.09577775
vt 0.109624624 0.0928963423
vt 0.0949590206 0.0928963423
vt 0.905041099 0.907103658
vt 0.905041099 0.996618688
vt 0.918360233 0.996618688
vt 0.918360233 0.907103658
vt 0.0949591398 0.907104075
vt 0.0816398859 0.907104075
vt 0.0816398859 0.996619105
vt 0.0949591398 0.996619105
vt 0.905040979 0.092895925
vt 0.918360174 0.092895925
vt 0.918360114 0.00338089466
vt 0.905040979 0.00338089466
vt 0.0949590206 0.0928963423
vt 0.0949590206 0.00338131189
vt 0.0816397667 0.00338131189
vt 0.0816397667 0.0928963423
vt 0.918360233 0.907103658
vt 0.918360233 0.90422225
vt 0.905041099 0.90422225
vt 0.0949591398 0.904222667
vt 0.0816398859 0.904222727
vt 0.0816398859 0.907104075
vt 0.905040979 0.0957773924
vt 0.918360174 0.0957773924
vt 0.918360174 0.092895925
vt 0.0816397667 0.0928963423
vt 0.0816397667 0.0957778096
vt 0.0949590206 0.0957778096
vt 0.905041099 0.90422225
vt 0.905041099 0.907103658
vt 0.918360233 0.907103658
vt 0.0816398859 0.907104075
vt 0.0949591398 0.907104075
vt 0.0949591398 0.904222667
vt 0.918360174 0.092895925
vt 0.905040979 0.092895925
vt 0.905040979 0.0957773924
vt 0.0949590206 0.0957778096
vt 0.0949590206 0.0928963423
vt 0.0816397667 0.0928963423
vt 0.918360233 0.907103658
vt 0.918360233 0.996618688
vt 0.926951826 0.996618688
vt 0.926951826 0.907103658
vt 0.0816398859 0.907104075
vt 0.0730484128 0.907104075
vt 0.0730484128 0.996619105
vt 0.0816398859 0.996619105
vt 0.918360174 0.092895925
vt 0.926951766 0.092895925
vt 0.926951766 0.00338083506
vt 0.918360114 0.00338089466
vt 0.0816397667 0.0928963423
vt 0.0816397667 0.00338131189
vt 0.0730482936 0.00338131189
vt 0.0730482936 0.0928964019
vt 0.926951826 0.907103658
vt 0.927736044 0.90422225
vt 0.918360233 0.90422225
vt 0.0816398859 0.904222727
vt 0.0722641349 0.904222727
vt 0.0730484128 0.907104075
vt 0.918360174 0.0957773924
vt 0.927735925 0.0957773328
vt 0.926951766 0.092895925
vt 0.0730482936 0.0928964019
vt 0.0722640157 0.0957778096
vt 0.0816397667 0.0957778096
vt 0.956540108 0.607091784
vt 0.955200434 0.607091784
vt 0.955200434 0.733258963
vt 0.0447997451 0.733259439
vt 0.0447996855 0.607092261
vt 0.0434599519 0.607092261
vt 0.955200434 0.607091784
vt 0.956540108 0.607091784
vt 0.956540108 0.499999762
vt 0.955200434 0.499999762
vt 0.955200374 0.392907798
vt 0.956540108 0.392907798
vt 0.0434599519 0.607092261
vt 0.0447996855 0.607092261
vt 0.0447996855 0.500000238
vt 0.0447996855 0.392908275
vt 0.0434599519 0.392908275
vt 0.0447996855 0.500000238
vt 0.0434600711 0.500000238
vt 0.0434599519 0.607092261
vt 0.0434599519 0.392908275
vt 0.955200374 0.26674062
vt 0.955200374 0.392907798
vt 0.956540108 0.392907798
vt 0.0434599519 0.392908275
vt 0.0447996855 0.392908275
vt 0.0447996855 0.266741097
vt 0.955200434 0.733258963
vt 0.956540108 0.733258963
vt 0.956540108 0.607091784
vt 0.0434599519 0.607092261
vt 0.0434600115 0.733259439
vt 0.0447997451 0.733259439
vt 0.956540108 0.392907798
vt 0.956540108 0.26674062
vt 0.955200374 0.26674062
vt 0.0447996855 0.266741097
vt 0.0434599519 0.266741097
vt 0.0434599519 0.392908275
vt 0.956540108 0.733258963
vt 0.955200434 0.733258963
vt 0.955200434 0.764800787
vt 0.0447997451 0.764801264
vt 0.0447997451 0.733259439
vt 0.0434600115 0.733259439
vt 0.955200374 0.235198796
vt 0.955200374 0.26674062
vt 0.956540108 0.26674062
vt 0.0434599519 0.266741097
vt 0.0447996855 0.266741097
vt 0.0447996855 0.235199273
vt 0.928302169 0.907103658
vt 0.926951826 0.907103658
vt 0.926951826 0.996618688
vt 0.928302169 0.996618688
vt 0.0716980696 0.907104075
vt 0.0716980696 0.996619105
vt 0.0730484128 0.996619105
vt 0.0730484128 0.907104075
vt 0.92830205 0.092895925
vt 0.92830205 0.00338083506
vt 0.926951766 0.00338083506
vt 0.926951766 0.092895925
vt 0.0716979504 0.0928964019
vt 0.0730482936 0.0928964019
vt 0.0730482936 0.00338131189
vt 0.0716979504 0.00338131189
vt 0.955200434 0.764800787
vt 0.956540108 0.764800787
vt 0.956540108 0.733258963
vt 0.0434600115 0.733259439
vt 0.0434600115 0.764801264
vt 0.0447997451 0.764801264
vt 0.956540108 0.26674062
vt 0.956540108 0.235198796
vt 0.955200374 0.235198796
vt 0.0447996855 0.235199273
vt 0.0434599519 0.235199273
vt 0.0434599519 0.266741097
vt 0.918360233 0.90422225
vt 0.918360233 0.907103658
vt 0.926951826 0.907103658
vt 0.0730484128 0.907104075
vt 0.0816398859 0.907104075
vt 0.0816398859 0.904222727
vt 0.926951766 0.092895925
vt 0.918360174 0.092895925
vt 0.918360174 0.0957773924
vt 0.0816397667 0.0957778096
vt 0.0816397667 0.0928963423
vt 0.0730482936 0.0928964019
vt 0.956540108 0.764800787
vt 0.955200434 0.764800787
vt 0.955200434 0.796342552
vt 0.0447997451 0.796343029
vt 0.0447997451 0.764801264
vt 0.0434600115 0.764801264
vt 0.955200374 0.203656971
vt 0.955200374 0.235198796
vt 0.956540108 0.235198796
vt 0.0434599519 0.235199273
vt 0.0447996855 0.235199273
vt 0.0447996855 0.203657448
vt 0.927736044 0.90422225
vt 0.926951826 0.907103658
vt 0.928302169 0.907103658
vt 0.0722641349 0.904222727
vt 0.0716980696 0.907104075
vt 0.0730484128 0.907104075
vt 0.927735925 0.0957773328
vt 0.92830205 0.092895925
vt 0.926951766 0.092895925
vt 0.0722640157 0.0957778096
vt 0.0730482936 0.0928964019
vt 0.0716979504 0.0928964019
vt 0.956540108 0.796342552
vt 0.955200434 0.796342552
vt 0.955200434 0.824988604
vt 0.0447997451 0.82498908
vt 0.0447997451 0.796343029
vt 0.0434600115 0.796343029
vt 0.955200374 0.175010979
vt 0.955200374 0.203656971
vt 0.956540108 0.203656971
vt 0.0434599519 0.203657448
vt 0.0447996855 0.203657448
vt 0.0447996855 0.175011456
vt 0.934372187 0.907103658
vt 0.928302169 0.907103658
vt 0.928302169 0.996618688
vt 0.934372187 0.996618688
vt 0.0656280518 0.907104075
vt 0.0656280518 0.996619105
vt 0.0716980696 0.996619105
vt 0.0716980696 0.907104075
vt 0.934372127 0.092895925
vt 0.934372067 0.00338083506
vt 0.92830205 0.00338083506
vt 0.92830205 0.092895925
vt 0.0656279325 0.0928964019
vt 0.0716979504 0.0928964019
vt 0.0716979504 0.00338131189
vt 0.0656279325 0.00338131189
vt 0.955200434 0.796342552
vt 0.956540108 0.796342552
vt 0.956540108 0.764800787
vt 0.0434600115 0.764801264
vt 0.0434600115 0.796343029
vt 0.0447997451 0.796343029
vt 0.956540108 0.235198796
vt 0.956540108 0.203656971
vt 0.955200374 0.203656971
vt 0.0447996855 0.203657448
vt 0.0434599519 0.203657448
vt 0.0434599519 0.235199273
vt 0.956540167 0.845256329
vt 0.955200434 0.845153511
vt 0.955200434 0.859426141
vt 0.0447997451 0.859426618
vt 0.0447997451 0.845153928
vt 0.0434600115 0.845256805
vt 0.955200315 0.140573382
vt 0.955200374 0.154846072
vt 0.956540108 0.154743195
vt 0.0434598923 0.154743671
vt 0.0447996259 0.154846549
vt 0.0447996259 0.140573859
vt 0.934372187 0.907103658
vt 0.934372187 0.90422225
vt 0.927736044 0.90422225
vt 0.0722641349 0.904222727
vt 0.0656280518 0.904222727
vt 0.0656280518 0.907104075
vt 0.927735925 0.0957773328
vt 0.934372127 0.0957773328
vt 0.934372127 0.092895925
vt 0.0656279325 0.0928964019
vt 0.0656279325 0.0957778096
vt 0.0722640157 0.0957778096
vt 0.956540167 0.824988604
vt 0.955200434 0.824988604
vt 0.955200434 0.845153511
vt 0.0447997451 0.845153928
vt 0.0447997451 0.82498908
vt 0.0434600115 0.82498908
vt 0.955200374 0.154846072
vt 0.955200374 0.175010979
vt 0.956540108 0.175010979
vt 0.0434599519 0.175011456
vt 0.0447996855 0.175011456
vt 0.0447996259 0.154846549
vt 0.955200434 0.824988604
vt 0.956540167 0.824988604
vt 0.956540108 0.796342552
vt 0.0434600115 0.796343029
vt 0.0434600115 0.82498908
vt 0.0447997451 0.82498908
vt 0.956540108 0.203656971
vt 0.956540108 0.175010979
vt 0.955200374 0.175010979
vt 0.0447996855 0.175011456
vt 0.0434599519 0.175011456
vt 0.0434599519 0.203657448
vt 0.544990838 -3.97784472
vt 0.548453927 -3.97784472
vt 0.548453927 -3.99184847
vt 0.544990838 -3.97784472
vt 0.548453927 -3.99184847
vt 0.548453927 -3.97784472
vt 0.544990838 -3.97784472
vt 0.548453927 -3.99184847
vt 0.548453927 -3.97784472
vt 0.544990838 -3.97784472
vt 0.548453927 -3.97784472
vt 0.548453927 -3.99184847
vt 0.686324775 2.56424499
vt 0.670518935 2.53561568
vt 0.670518935 2.9830935
vt 0.686324775 2.9830935
vt 0.548453927 2.53551841
vt 0.548453927 2.98309374
vt 0.686324775 2.56424499
vt 0.686324775 2.9830935
vt 0.670518935 2.9830935
vt 0.670518935 2.53561568
vt 0.548453927 2.53551841
vt 0.548453927 2.98309374
vt 0.686324775 2.56424499
vt 0.686324775 2.9830935
vt 0.670518935 2.9830935
vt 0.670518935 2.53561568
vt 0.548453927 2.53551841
vt 0.548453927 2.98309374
vt 0.686324775 2.56424499
vt 0.670518935 2.53561568
vt 0.670518935 2.9830935
vt 0.686324775 2.9830935
vt 0.548453927 2.53551841
vt 0.548453927 2.98309374
vt 0.548453927 -4.19255781
vt 0.548453927 -4.20636892
vt 0.544990838 -4.19255781
vt 0.548453927 -4.19255781
vt 0.544990838 -4.19255781
vt 0.548453927 -4.20636892
vt 0.548453927 -4.19255781
vt 0.544990838 -4.19255781
vt 0.548453927 -4.20636892
vt 0.548453927 -4.19255781
vt 0.548453927 -4.20636892
vt 0.544990838 -4.19255781
vt 0.451546073 2.99750066
vt 0.544990838 2.99750066
vt 0.548453927 2.98309374
vt 0.451546073 2.52111149
vt 0.544990838 2.52111149
vt 0.548453927 2.53551841
vt 0.544990838 2.52111149
vt 0.548453927 2.53551841
vt 0.548453927 2.98309374
vt 0.451546073 2.52111149
vt 0.451546073 2.99750066
vt 0.544990838 2.99750066
vt 0.544990838 2.52111149
vt 0.548453927 2.53551841
vt 0.548453927 2.98309374
vt 0.451546073 2.52111149
vt 0.451546073 2.99750066
vt 0.544990838 2.99750066
vt 0.451546073 2.99750066
vt 0.544990838 2.99750066
vt 0.548453927 2.98309374
vt 0.451546073 2.52111149
vt 0.544990838 2.52111149
vt 0.548453927 2.53551841
vt 0.670518935 -4.19255781
vt 0.662425876 -4.19255781
vt 0.548453927 -3.99184847
vt 0.955200434 0.859426141
vt 0.956540167 0.859426141
vt 0.956540167 0.845256329
vt 0.0434600115 0.845256805
vt 0.0434600115 0.859426618
vt 0.0447997451 0.859426618
vt 0.956540108 0.154743195
vt 0.956540108 0.140573382
vt 0.955200315 0.140573382
vt 0.0447996259 0.140573859
vt 0.0434598923 0.140573859
vt 0.0434598923 0.154743671
vt 0.548453927 -3.99184847
vt 0.662425876 -4.19255781
vt 0.670518935 -4.19255781
vt 0.548453927 -3.99184847
vt 0.662425876 -4.19255781
vt 0.670518935 -4.19255781
vt 0.670518935 -4.19255781
vt 0.662425876 -4.19255781
vt 0.548453927 -3.99184847
vt 0.548453927 -3.99184847
vt 0.548453927 -3.97784472
vt 0.670518935 -4.19255781
vt 0.670518935 -4.19255781
vt 0.548453927 -3.97784472
vt 0.548453927 -3.99184847
vt 0.670518935 -4.19255781
vt 0.548453927 -3.97784472
vt 0.548453927 -3.99184847
vt 0.548453927 -3.99184847
vt 0.548453927 -3.97784472
vt 0.670518935 -4.19255781
vt 0.670518935 -4.19255781
vt 0.670518935 -4.20646238
vt 0.662425876 -4.19255781
vt 0.670518935 -4.19255781
vt 0.662425876 -4.19255781
vt 0.670518935 -4.20646238
vt 0.670518935 -4.19255781
vt 0.662425876 -4.19255781
vt 0.670518935 -4.20646238
vt 0.670518935 -4.19255781
vt 0.670518935 -4.20646238
vt 0.662425876 -4.19255781
vt 0.927736044 0.90422225
vt 0.928302169 0.907103658
vt 0.934372187 0.907103658
vt 0.0656280518 0.907104075
vt 0.0716980696 0.907104075
vt 0.0722641349 0.904222727
vt 0.934372127 0.092895925
vt 0.92830205 0.092895925
vt 0.927735925 0.0957773328
vt 0.0722640157 0.0957778096
vt 0.0716979504 0.0928964019
vt 0.0656279325 0.0928964019
vt 0.548453927 -4.20636892
vt 0.548453927 -4.19255781
vt 0.662425876 -4.19255781
vt 0.662425876 -4.19255781
vt 0.548453927 -4.19255781
vt 0.548453927 -4.20636892
vt 0.662425876 -4.19255781
vt 0.548453927 -4.19255781
vt 0.548453927 -4.20636892
vt 0.548453927 -4.20636892
vt 0.548453927 -4.19255781
vt 0.662425876 -4.19255781
vt 0.662425876 -4.19255781
vt 0.670518935 -4.20646238
vt 0.548453927 -4.20636892
vt 0.548453927 -4.20636892
vt 0.670518935 -4.20646238
vt 0.662425876 -4.19255781
vt 0.548453927 -4.20636892
vt 0.670518935 -4.20646238
vt 0.662425876 -4.19255781
vt 0.662425876 -4.19255781
vt 0.670518935 -4.20646238
vt 0.548453927 -4.20636892
vt 0.955200434 0.845153511
vt 0.956540167 0.845256329
vt 0.956540167 0.824988604
vt 0.0434600115 0.82498908
vt 0.0434600115 0.845256805
vt 0.0447997451 0.845153928
vt 0.956540108 0.175010979
vt 0.956540108 0.154743195
vt 0.955200374 0.154846072
vt 0.0447996259 0.154846549
vt 0.0434598923 0.154743671
vt 0.0434599519 0.175011456
vt 0.140573859 0.96380055
vt 0.154846489 0.809368968
vt 0.157792628 0.000499486923
vt 0.140573859 0.000499486923
vt 0.175011396 0.695385218
vt 0.203657448 0.591031075
vt 0.235199213 0.530705333
vt 0.266741037 0.504009604
vt 0.392908245 0.000499486923
vt 0.392908245 0.504119873
vt 0.500000238 0.504119873
vt 0.607092202 0.504119873
vt 0.73325938 0.504009604
vt 0.824989021 0.000499486923
vt 0.764801204 0.530705333
vt 0.796343029 0.591031075
vt 0.824989021 0.695385218
vt 0.845153928 0.809368968
vt 0.859426618 0.96380055
vt 0.859426618 0.000499486923
vt 0.859426618 0.96380055
vt 0.859426618 0.000499486923
vt 0.842207789 0.000499486923
vt 0.845153928 0.809368968
vt 0.82498908 0.695385218
vt 0.824989021 0.000499486923
vt 0.796343029 0.591031075
vt 0.764801264 0.530705333
vt 0.764801204 0.000499486923
vt 0.733259439 0.504009604
vt 0.733259439 0.000499486923
vt 0.607092261 0.000499486923
vt 0.607092261 0.504119873
vt 0.500000238 0.504119873
vt 0.392908275 0.504119873
vt 0.392908275 0.000499486923
vt 0.266741097 0.504009604
vt 0.266741037 0.000499486923
vt 0.235199273 0.000499486923
vt 0.235199273 0.530705333
vt 0.203657508 0.000499486923
vt 0.203657448 0.591031075
vt 0.175011456 0.695385218
vt 0.157792687 0.000499486923
vt 0.154846549 0.809368968
vt 0.140573859 0.96380055
vt 0.140573859 0.000499486923
vt 0.548453927 2.52111149
vt 0.662425876 2.52111149
vt 0.548453927 2.31173944
vt 0.544990838 2.29713082
vt 0.451546073 2.29713082
vt 0.451546073 2.52111149
vt 0.548453927 2.52111149
vt 0.548453927 2.31173944
vt 0.662425876 2.52111149
vt 0.544990838 2.29713082
vt 0.451546073 2.29713082
vt 0.451546073 2.52111149
vt 0.548453927 2.52111149
vt 0.548453927 2.31173944
vt 0.662425876 2.52111149
vt 0.544990838 2.29713082
vt 0.451546073 2.29713082
vt 0.451546073 2.52111149
vt 0.548453927 2.52111149
vt 0.662425876 2.52111149
vt 0.548453927 2.31173944
vt 0.544990838 2.29713082
vt 0.451546073 2.29713082
vt 0.451546073 2.52111149
vt 0.689364731 2.80101752
vt 0.689364731 2.74896646
vt 0.679419279 2.74896646
vt 0.679419279 2.70319366
vt 0.689364731 2.70319366
vt 0.679419279 2.80101752
vt 0.689364731 2.85306859
vt 0.679419279 2.85306859
vt 0.689364731 2.89884138
vt 0.679419279 2.89884138
vt 0.689364731 2.80101752
vt 0.679419279 2.80101752
vt 0.679419279 2.74896646
vt 0.689364731 2.85306859
vt 0.689364731 2.74896646
vt 0.679419279 2.70319366
vt 0.689364731 2.70319366
vt 0.679419279 2.85306859
vt 0.689364731 2.89884138
vt 0.679419279 2.89884138
vt 0.689364731 2.80101752
vt 0.679419279 2.80101752
vt 0.679419279 2.74896646
vt 0.689364731 2.85306859
vt 0.689364731 2.74896646
vt 0.679419279 2.70319366
vt 0.689364731 2.70319366
vt 0.679419279 2.85306859
vt 0.689364731 2.89884138
vt 0.679419279 2.89884138
vt 0.689364731 2.80101752
vt 0.689364731 2.74896646
vt 0.679419279 2.74896646
vt 0.679419279 2.70319366
vt 0.689364731 2.70319366
vt 0.679419279 2.80101752
vt 0.689364731 2.85306859
vt 0.679419279 2.85306859
vt 0.689364731 2.89884138
vt 0.679419279 2.89884138
f 1/1 2/2 3/3
f 2/2 4/4 3/3
f 4/4 2/2 5/5
f 6/6 7/7 8/8
f 5/5 9/9 4/4
f 6/6 4/4 9/9
f 9/9 5/5 10/10
f 9/9 11/11 6/6
f 7/7 6/6 11/11
f 11/11 12/12 7/7
f 13/13 14/14 15/15
f 15/15 14/14 16/16
f 17/17 13/13 18/18
f 13/13 15/15 18/18
f 19/19 18/18 15/15
f 16/16 20/20 15/15
f 20/20 16/16 21/21
f 21/21 22/22 20/20
f 15/15 23/23 19/19
f 23/23 15/15 20/20
f 24/24 19/19 23/23
f 23/23 25/25 24/24
f 20/20 26/26 23/23
f 25/25 23/23 26/26
f 26/26 20/20 22/22
f 26/26 27/27 25/25
f 22/22 28/28 26/26
f 27/27 26/26 28/28
f 28/28 29/29 27/27
f 30/30 31/31 32/32
f 31/31 33/33 32/32
f 34/34 32/32 33/33
f 35/35 36/36 37/37
f 33/33 38/38 34/34
f 38/38 33/33 37/37
f 39/39 34/34 38/38
f 37/37 40/40 38/38
f 40/40 37/37 36/36
f 36/36 41/41 40/40
f 42/42 43/43 44/44
f 45/45 43/43 42/42
f 46/46 47/47 44/44
f 47/47 42/42 44/44
f 42/42 47/47 48/48
f 42/42 49/49 45/45
f 50/50 45/45 49/49
f 49/49 51/51 50/50
f 48/48 52/52 42/42
f 49/49 42/42 52/52
f 52/52 48/48 53/53
f 53/53 54/54 52/52
f 52/52 55/55 49/49
f 51/51 49/49 55/55
f 55/55 52/52 54/54
f 55/55 56/56 51/51
f 54/54 57/57 55/55
f 56/56 55/55 57/57
f 57/57 58/58 56/56
f 59/59 60/60 61/61
f 61/61 62/62 59/59
f 63/63 62/62 61/61
f 64/64 63/63 61/61
f 65/65 64/64 61/61
f 66/66 65/65 61/61
f 67/67 66/66 61/61
f 68/68 67/67 61/61
f 61/61 69/69 68/68
f 69/69 61/61 70/70
f 70/70 71/71 69/69
f 70/70 72/72 71/71
f 70/70 73/73 72/72
f 70/70 74/74 73/73
f 70/70 75/75 74/74
f 76/76 75/75 70/70
f 70/70 77/77 76/76
f 78/78 79/79 80/80
f 80/80 81/81 78/78
f 80/80 79/79 82/82
f 80/80 82/82 83/83
f 83/83 84/84 80/80
f 84/84 83/83 85/85
f 85/85 86/86 84/84
f 86/86 85/85 87/87
f 86/86 87/87 88/88
f 88/88 89/89 86/86
f 89/89 88/88 90/90
f 90/90 91/91 89/89
f 92/92 91/91 90/90
f 90/90 93/93 92/92
f 94/94 92/92 93/93
f 93/93 95/95 94/94
f 96/96 94/94 95/95
f 95/95 97/97 96/96
f 98/98 96/96 97/97
f 97/97 99/99 98/98
f 100/100 98/98 99/99
f 99/99 101/101 100/100
f 102/102 100/100 101/101
f 101/101 103/103 102/102
f 102/102 103/103 104/104
f 104/104 105/105 102/102
f 106/106 107/107 108/108
f 108/108 109/109 106/106
f 110/110 108/108 107/107
f 107/107 111/111 110/110
f 112/112 110/110 111/111
f 111/111 113/113 112/112
f 114/114 112/112 113/113
f 113/113 115/115 114/114
f 116/116 117/117 118/118
f 118/118 119/119 116/116
f 119/119 118/118 120/120
f 120/120 121/121 119/119
f 121/121 120/120 122/122
f 122/122 123/123 121/121
f 123/123 122/122 124/124
f 124/124 125/125 123/123
f 126/126 127/127 128/128
f 128/128 129/129 126/126
f 129/129 128/128 130/130
f 130/130 131/131 129/129
f 131/131 130/130 132/132
f 132/132 133/133 131/131
f 133/133 132/132 134/134
f 134/134 135/135 133/133
f 136/136 137/137 138/138
f 138/138 139/139 136/136
f 140/140 138/138 137/137
f 137/137 141/141 140/140
f 142/142 140/140 141/141
f 141/141 143/143 142/142
f 144/144 142/142 143/143
f 143/143 145/145 144/144
f 146/146 147/147 148/148
f 149/149 150/150 151/151
f 152/152 153/153 154/154
f 155/155 156/156 157/157
f 158/158 159/159 160/160
f 161/161 162/162 163/163
f 164/164 165/165 166/166
f 167/167 168/168 169/169
f 170/170 171/171 172/172
f 172/172 173/173 170/170
f 174/174 175/175 176/176
f 177/177 178/178 179/179
f 180/180 181/181 182/182
f 182/182 183/183 180/180
f 184/184 185/185 186/186
f 187/187 188/188 189/189
f 190/190 191/191 192/192
f 193/193 194/194 195/195
f 196/196 197/197 198/198
f 199/199 200/200 201/201
f 202/202 203/203 204/204
f 204/204 205/205 202/202
f 206/206 207/207 208/208
f 208/208 209/209 206/206
f 210/210 211/211 212/212
f 212/212 213/213 210/210
f 214/214 215/215 216/216
f 216/216 217/217 214/214
f 218/218 219/219 220/220
f 220/220 221/221 218/218
f 222/222 223/223 224/224
f 225/225 226/226 227/227
f 228/228 229/229 230/230
f 230/230 231/231 228/228
f 232/232 233/233 234/234
f 235/235 236/236 237/237
f 238/238 239/239 240/240
f 241/241 242/242 243/243
f 244/244 245/245 246/246
f 247/247 248/248 249/249
f 250/250 251/251 252/252
f 250/250 252/252 253/253
f 252/252 254/254 253/253
f 252/252 255/255 254/254
f 256/256 257/257 258/258
f 259/259 256/256 258/258
f 260/260 259/259 258/258
f 260/260 258/258 261/261
f 262/262 263/263 264/264
f 265/265 262/262 264/264
f 266/266 265/265 264/264
f 266/266 264/264 267/267
f 268/268 269/269 270/270
f 268/268 270/270 271/271
f 270/270 272/272 271/271
f 270/270 273/273 272/272
f 274/274 275/275 276/276
f 277/277 278/278 279/279
f 280/280 281/281 282/282
f 283/283 284/284 285/285
f 286/286 287/287 288/288
f 289/289 290/290 291/291
f 292/292 293/293 294/294
f 295/295 296/296 297/297
f 298/298 299/299 300/300
f 300/300 301/301 298/298
f 302/302 303/303 304/304
f 305/305 306/306 307/307
f 308/308 309/309 310/310
f 310/310 311/311 308/308
f 312/312 313/313 314/314
f 315/315 316/316 317/317
f 318/318 319/319 320/320
f 320/320 321/321 318/318
f 322/322 323/323 324/324
f 324/324 325/325 322/322
f 326/326 327/327 328/328
f 328/328 329/329 326/326
f 330/330 331/331 332/332
f 332/332 333/333 330/330
f 334/334 335/335 336/336
f 337/337 338/338 339/339
f 340/340 341/341 342/342
f 343/343 344/344 345/345
f 346/346 347/347 348/348
f 349/349 350/350 351/351
f 352/352 353/353 354/354
f 355/355 356/356 357/357
f 358/358 359/359 360/360
f 360/360 361/361 358/358
f 362/362 363/363 364/364
f 364/364 365/365 362/362
f 366/366 367/367 368/368
f 369/369 370/370 371/371
f 372/372 373/373 374/374
f 375/375 376/376 377/377
f 378/378 379/379 380/380
f 380/380 381/381 378/378
f 382/382 383/383 384/384
f 385/385 386/386 387/387
f 388/388 389/389 390/390
f 390/390 391/391 388/388
f 392/392 393/393 394/394
f 395/395 396/396 397/397
f 398/398 399/399 400/400
f 401/401 402/402 403/403
f 404/404 405/405 406/406
f 407/407 408/408 409/409
f 410/410 411/411 412/412
f 413/413 414/414 415/415
f 416/416 417/417 418/418
f 419/419 420/420 421/421
f 422/422 423/423 424/424
f 423/423 422/422 425/425
f 425/425 426/426 423/423
f 427/427 423/423 426/426
f 428/428 429/429 430/430
f 429/429 431/431 430/430
f 432/432 431/431 429/429
f 429/429 433/433 432/432
f 432/432 433/433 434/434
f 435/435 436/436 437/437
f 438/438 439/439 440/440
f 441/441 442/442 443/443
f 444/444 445/445 446/446
f 447/447 448/448 449/449
f 450/450 451/451 452/452
f 453/453 454/454 455/455
f 456/456 457/457 458/458
f 459/459 460/460 461/461
f 462/462 459/459 461/461
f 463/463 462/462 461/461
f 464/464 463/463 461/461
f 465/465 461/461 460/460
f 460/460 466/466 465/465
f 461/461 467/467 464/464
f 468/468 464/464 467/467
f 467/467 469/469 468/468
f 470/470 469/469 467/467
f 471/471 467/467 461/461
f 467/467 471/471 470/470
f 461/461 465/465 471/471
f 472/472 470/470 471/471
f 472/472 471/471 465/465
f 472/472 473/473 474/474
f 472/472 465/465 466/466
f 466/466 475/475 472/472
f 473/473 472/472 475/475
f 475/475 476/476 473/473
f 477/477 478/478 479/479
f 477/477 479/479 480/480
f 481/481 477/477 480/480
f 477/477 481/481 482/482
f 478/478 477/477 483/483
f 483/483 484/484 478/478
f 482/482 485/485 477/477
f 485/485 482/482 486/486
f 477/477 485/485 487/487
f 488/488 487/487 485/485
f 487/487 483/483 477/477
f 487/487 488/488 489/489
f 484/484 483/483 490/490
f 483/483 487/487 491/491
f 489/489 491/491 487/487
f 491/491 490/490 483/483
f 491/491 489/489 492/492
f 492/492 493/493 491/491
f 490/490 491/491 493/493
f 490/490 494/494 484/484
f 493/493 495/495 490/490
f 494/494 490/490 495/495
f 495/495 496/496 494/494
f 497/497 498/498 499/499
f 500/500 497/497 499/499
f 497/497 500/500 501/501
f 502/502 503/503 497/497
f 501/501 504/504 497/497
f 504/504 501/501 505/505
f 497/497 504/504 502/502
f 503/503 502/502 506/506
f 507/507 508/508 506/506
f 506/506 509/509 503/503
f 509/509 506/506 508/508
f 508/508 510/510 509/509
f 511/511 512/512 513/513
f 514/514 511/511 513/513
f 515/515 514/514 513/513
f 513/513 516/516 517/517
f 513/513 518/518 515/515
f 519/519 515/515 518/518
f 520/520 518/518 513/513
f 518/518 520/520 521/521
f 513/513 517/517 520/520
f 522/522 521/521 520/520
f 520/520 523/523 522/522
f 523/523 520/520 517/517
f 524/524 522/522 523/523
f 523/523 525/525 524/524
f 517/517 526/526 523/523
f 525/525 523/523 526/526
f 526/526 517/517 516/516
f 526/526 527/527 525/525
f 516/516 528/528 526/526
f 527/527 526/526 528/528
f 528/528 529/529 527/527
f 530/530 531/531 532/532
f 533/533 534/534 535/535
f 536/536 537/537 538/538
f 539/539 540/540 541/541
f 542/542 543/543 544/544
f 545/545 546/546 547/547
f 548/548 549/549 550/550
f 551/551 552/552 553/553
f 554/554 555/555 556/556
f 557/557 558/558 559/559
f 560/560 561/561 562/562
f 563/563 564/564 565/565
f 566/566 567/567 568/568
f 569/569 570/570 571/571
f 572/572 573/573 574/574
f 575/575 576/576 577/577
f 578/578 579/579 580/580
f 581/581 582/582 583/583
f 584/584 585/585 586/586
f 587/587 588/588 589/589
f 590/590 591/591 592/592
f 593/593 594/594 595/595
f 596/596 597/597 598/598
f 599/599 600/600 601/601
f 602/602 603/603 604/604
f 605/605 606/606 607/607
f 608/608 609/609 610/610
f 611/611 612/612 613/613
f 614/614 615/615 616/616
f 617/617 618/618 619/619
f 620/620 621/621 622/622
f 623/623 624/624 625/625
f 626/626 627/627 628/628
f 629/629 630/630 631/631
f 631/631 632/632 629/629
f 633/633 634/634 635/635
f 636/636 637/637 638/638
f 638/638 639/639 636/636
f 640/640 641/641 642/642
f 643/643 644/644 645/645
f 645/645 646/646 643/643
f 647/647 648/648 649/649
f 650/650 651/651 652/652
f 652/652 653/653 650/650
f 654/654 655/655 656/656
f 657/657 658/658 659/659
f 660/660 661/661 662/662
f 663/663 664/664 665/665
f 666/666 667/667 668/668
f 668/668 669/669 666/666
f 668/668 667/667 670/670
f 668/668 670/670 671/671
f 668/668 671/671 672/672
f 668/668 672/672 673/673
f 668/668 673/673 674/674
f 668/668 674/674 675/675
f 676/676 668/668 675/675
f 675/675 677/677 676/676
f 677/677 678/678 676/676
f 678/678 679/679 676/676
f 680/680 676/676 679/679
f 679/679 681/681 680/680
f 681/681 682/682 680/680
f 682/682 683/683 680/680
f 680/680 683/683 684/684
f 684/684 685/685 680/680
f 686/686 687/687 688/688
f 688/688 689/689 686/686
f 690/690 689/689 688/688
f 691/691 690/690 688/688
f 692/692 691/691 688/688
f 693/693 692/692 688/688
f 694/694 693/693 688/688
f 695/695 694/694 688/688
f 688/688 696/696 695/695
f 696/696 688/688 697/697
f 697/697 698/698 696/696
f 697/697 699/699 698/698
f 697/697 700/700 699/699
f 697/697 701/701 700/700
f 697/697 702/702 701/701
f 703/703 702/702 697/697
f 697/697 704/704 703/703
f 705/705 706/706 707/707
f 707/707 708/708 705/705
f 709/709 710/710 711/711
f 711/711 712/712 709/709
f 713/713 714/714 715/715
f 715/715 716/716 713/713
f 717/717 718/718 719/719
f 719/719 720/720 717/717
f 721/721 722/722 723/723
f 723/723 724/724 721/721
f 725/725 726/726 727/727
f 727/727 728/728 725/725
f 729/729 730/730 731/731
f 731/731 732/732 729/729
f 733/733 734/734 735/735
f 735/735 736/736 733/733
f 737/737 738/738 739/739
f 739/739 740/740 737/737
f 741/741 739/739 738/738
f 738/738 742/742 741/741
f 743/743 741/741 742/742
f 742/742 744/744 743/743
f 745/745 743/743 744/744
f 744/744 746/746 745/745
f 747/747 745/745 746/746
f 746/746 748/748 747/747
f 749/749 750/750 751/751
f 751/751 752/752 749/749
f 752/752 751/751 753/753
f 753/753 754/754 752/752
f 754/754 753/753 755/755
f 755/755 756/756 754/754
f 756/756 755/755 757/757
f 757/757 758/758 756/756
f 758/758 757/757 759/759
f 759/759 760/760 758/758
f 761/761 762/762 763/763
f 763/763 764/764 761/761
f 764/764 763/763 765/765
f 765/765 766/766 764/764
f 766/766 765/765 767/767
f 767/767 768/768 766/766
f 768/768 767/767 769/769
f 769/769 770/770 768/768
f 770/770 769/769 771/771
f 771/771 772/772 770/770
f 773/773 774/774 775/775
f 775/775 776/776 773/773
f 777/777 775/775 774/774
f 774/774 778/778 777/777
f 779/779 777/777 778/778
f 778/778 780/780 779/779
f 781/781 779/779 780/780
f 780/780 782/782 781/781
f 783/783 781/781 782/782
f 782/782 784/784 783/783
f 785/785 786/786 787/787
f 788/788 789/789 790/790
f 791/791 792/792 793/793
f 794/794 795/795 796/796
f 797/797 798/798 799/799
f 800/800 801/801 802/802
f 803/803 804/804 805/805
f 806/806 807/807 808/808
f 809/809 810/810 811/811
f 811/811 812/812 809/809
f 813/813 814/814 815/815
f 816/816 817/817 818/818
f 819/819 820/820 821/821
f 821/821 822/822 819/819
f 823/823 824/824 825/825
f 826/826 827/827 828/828
f 829/829 830/830 831/831
f 832/832 833/833 834/834
f 835/835 836/836 837/837
f 838/838 839/839 840/840
f 841/841 842/842 843/843
f 841/841 843/843 844/844
f 843/843 845/845 844/844
f 846/846 841/841 844/844
f 847/847 848/848 849/849
f 847/847 849/849 850/850
f 849/849 851/851 850/850
f 852/852 847/847 850/850
f 853/853 854/854 855/855
f 853/853 855/855 856/856
f 855/855 857/857 856/856
f 858/858 853/853 856/856
f 859/859 860/860 861/861
f 859/859 861/861 862/862
f 861/861 863/863 862/862
f 864/864 859/859 862/862
f 865/865 866/866 867/867
f 867/867 868/868 865/865
f 866/866 869/869 867/867
f 866/866 870/870 869/869
f 866/866 871/871 870/870
f 866/866 872/872 871/871
f 866/866 873/873 872/872
f 874/874 873/873 866/866
f 866/866 875/875 874/874
f 875/875 876/876 874/874
f 877/877 874/874 876/876
f 877/877 876/876 878/878
f 878/878 879/879 877/877
f 880/880 881/881 882/882
f 882/882 883/883 880/880
f 882/882 884/884 883/883
f 883/883 884/884 885/885
f 885/885 886/886 883/883
f 887/887 886/886 885/885
f 885/885 888/888 887/887
f 889/889 890/890 891/891
f 891/891 892/892 889/889
f 890/890 893/893 891/891
f 893/893 890/890 894/894
f 893/893 894/894 895/895
f 895/895 896/896 893/893
f 895/895 897/897 896/896
f 897/897 895/895 898/898
f 898/898 899/899 897/897
f 899/899 898/898 900/900
f 901/901 899/899 900/900
f 900/900 902/902 901/901
f 903/903 901/901 902/902
f 902/902 904/904 903/903
f 905/905 903/903 904/904
f 904/904 906/906 905/905
f 907/907 905/905 906/906
f 906/906 908/908 907/907
f 908/908 909/909 907/907
f 910/910 907/907 909/909
f 909/909 911/911 910/910
f 910/910 911/911 912/912
f 912/912 913/913 910/910
f 914/914 915/915 916/916
f 916/916 917/917 914/914
f 917/917 916/916 918/918
f 918/918 919/919 917/917
f 920/920 919/919 918/918
f 918/918 921/921 920/920
f 922/922 923/923 924/924
f 925/925 922/922 924/924
f 926/926 925/925 924/924
f 926/926 927/927 925/925
f 928/928 927/927 926/926
f 929/929 928/928 926/926
f 930/930 926/926 931/931
f 926/926 924/924 931/931
f 924/924 932/932 931/931
f 933/933 934/934 935/935
f 933/933 935/935 936/936
f 937/937 933/933 936/936
f 937/937 936/936 938/938
f 939/939 937/937 938/938
f 940/940 937/937 939/939
f 937/937 940/940 941/941
f 937/937 941/941 942/942
f 937/937 943/943 933/933
f 944/944 945/945 946/946
f 944/944 946/946 947/947
f 948/948 944/944 947/947
f 948/948 947/947 949/949
f 950/950 948/948 949/949
f 951/951 948/948 950/950
f 948/948 951/951 952/952
f 948/948 952/952 953/953
f 948/948 954/954 944/944
f 955/955 956/956 957/957
f 958/958 955/955 957/957
f 959/959 958/958 957/957
f 959/959 960/960 958/958
f 961/961 960/960 959/959
f 962/962 961/961 959/959
f 959/959 963/963 962/962
f 959/959 957/957 964/964
f 957/957 965/965 964/964
f 966/966 967/967 968/968
f 968/968 969/969 966/966
f 970/970 971/971 972/972
f 972/972 973/973 970/970
f 974/974 975/975 976/976
f 977/977 978/978 979/979
f 980/980 981/981 982/982
f 983/983 984/984 985/985
f 986/986 987/987 988/988
f 989/989 986/986 990/990
f 986/986 988/988 990/990
f 988/988 991/991 990/990
f 991/991 992/992 990/990
f 988/988 993/993 994/994
f 988/988 994/994 995/995
f 988/988 995/995 991/991
f 994/994 996/996 995/995
f 997/997 998/998 991/991
f 999/999 997/997 991/991
f 995/995 999/999 991/991
f 999/999 1000/1000 997/997
f 995/995 1001/1001 999/999
f 1001/1001 1002/1002 999/999
f 995/995 1003/1003 1001/1001
f 1004/1004 1005/1005 1006/1006
f 1007/1007 1004/1004 1008/1008
f 1004/1004 1009/1009 1008/1008
f 1009/1009 1010/1010 1008/1008
f 1004/1004 1006/1006 1009/1009
f 1011/1011 1012/1012 1009/1009
f 1013/1013 1011/1011 1009/1009
f 1006/1006 1013/1013 1009/1009
f 1013/1013 1014/1014 1011/1011
f 1006/1006 1015/1015 1016/1016
f 1006/1006 1016/1016 1017/1017
f 1006/1006 1017/1017 1013/1013
f 1016/1016 1018/1018 1017/1017
f 1017/1017 1019/1019 1013/1013
f 1019/1019 1020/1020 1013/1013
f 1017/1017 1021/1021 1019/1019
f 1022/1022 1023/1023 1024/1024
f 1025/1025 1022/1022 1026/1026
f 1022/1022 1027/1027 1026/1026
f 1027/1027 1028/1028 1026/1026
f 1022/1022 1024/1024 1027/1027
f 1029/1029 1030/1030 1027/1027
f 1031/1031 1029/1029 1027/1027
f 1024/1024 1031/1031 1027/1027
f 1031/1031 1032/1032 1029/1029
f 1024/1024 1033/1033 1034/1034
f 1024/1024 1034/1034 1035/1035
f 1024/1024 1035/1035 1031/1031
f 1034/1034 1036/1036 1035/1035
f 1035/1035 1037/1037 1031/1031
f 1037/1037 1038/1038 1031/1031
f 1035/1035 1039/1039 1037/1037
f 1040/1040 1041/1041 1042/1042
f 1043/1043 1040/1040 1044/1044
f 1040/1040 1042/1042 1044/1044
f 1042/1042 1045/1045 1044/1044
f 1045/1045 1046/1046 1044/1044
f 1042/1042 1047/1047 1048/1048
f 1042/1042 1048/1048 1049/1049
f 1042/1042 1049/1049 1045/1045
f 1048/1048 1050/1050 1049/1049
f 1051/1051 1052/1052 1045/1045
f 1053/1053 1051/1051 1045/1045
f 1049/1049 1053/1053 1045/1045
f 1053/1053 1054/1054 1051/1051
f 1049/1049 1055/1055 1053/1053
f 1055/1055 1056/1056 1053/1053
f 1049/1049 1057/1057 1055/1055
f 1058/1058 1059/1059 1060/1060
f 1061/1061 1062/1062 1063/1063
f 1064/1064 1065/1065 1066/1066
f 1067/1067 1068/1068 1069/1069
f 1070/1070 1071/1071 1072/1072
f 1072/1072 1071/1071 1073/1073
f 1072/1072 1073/1073 1074/1074
f 1074/1074 1075/1075 1072/1072
f 1075/1075 1076/1076 1072/1072
f 1072/1072 1077/1077 1070/1070
f 1072/1072 1078/1078 1077/1077
f 1079/1079 1080/1080 1081/1081
f 1081/1081 1082/1082 1083/1083
f 1082/1082 1081/1081 1084/1084
f 1084/1084 1081/1081 1085/1085
f 1081/1081 1086/1086 1085/1085
f 1086/1086 1081/1081 1080/1080
f 1080/1080 1087/1087 1086/1086
f 1088/1088 1089/1089 1090/1090
f 1090/1090 1091/1091 1088/1088
f 1092/1092 1090/1090 1093/1093
f 1093/1093 1090/1090 1094/1094
f 1090/1090 1095/1095 1094/1094
f 1095/1095 1090/1090 1089/1089
f 1089/1089 1096/1096 1095/1095
f 1097/1097 1098/1098 1099/1099
f 1099/1099 1098/1098 1100/1100
f 1099/1099 1100/1100 1101/1101
f 1101/1101 1102/1102 1099/1099
f 1099/1099 1103/1103 1097/1097
f 1103/1103 1099/1099 1104/1104
f 1104/1104 1105/1105 1103/1103
f 1106/1106 1107/1107 1108/1108
f 1109/1109 1110/1110 1111/1111
f 1112/1112 1113/1113 1114/1114
f 1115/1115 1116/1116 1117/1117
f 1118/1118 1119/1119 1120/1120
f 1120/1120 1121/1121 1118/1118
f 1120/1120 1119/1119 1122/1122
f 1122/1122 1123/1123 1120/1120
f 1124/1124 1125/1125 1126/1126
f 1126/1126 1127/1127 1124/1124
f 1128/1128 1127/1127 1126/1126
f 1126/1126 1129/1129 1128/1128
f 1130/1130 1131/1131 1132/1132
f 1133/1133 1134/1134 1135/1135
f 1136/1136 1137/1137 1138/1138
f 1139/1139 1140/1140 1141/1141
f 1142/1142 1143/1143 1144/1144
f 1145/1145 1146/1146 1147/1147
f 1148/1148 1149/1149 1150/1150
f 1151/1151 1152/1152 1153/1153
f 1154/1154 1155/1155 1156/1156
f 1156/1156 1157/1157 1154/1154
f 1158/1158 1159/1159 1160/1160
f 1160/1160 1161/1161 1158/1158
f 1162/1162 1163/1163 1164/1164
f 1165/1165 1166/1166 1167/1167
f 1168/1168 1169/1169 1170/1170
f 1171/1171 1172/1172 1173/1173
f 1174/1174 1175/1175 1176/1176
f 1177/1177 1178/1178 1179/1179
f 1180/1180 1181/1181 1182/1182
f 1183/1183 1184/1184 1185/1185
f 1186/1186 1187/1187 1188/1188
f 1189/1189 1190/1190 1191/1191
f 1192/1192 1193/1193 1194/1194
f 1195/1195 1196/1196 1197/1197
f 1198/1198 1199/1199 1200/1200
f 1200/1200 1201/1201 1198/1198
f 1202/1202 1203/1203 1204/1204
f 1205/1205 1206/1206 1207/1207
f 1208/1208 1209/1209 1210/1210
f 1211/1211 1212/1212 1213/1213
f 1214/1214 1215/1215 1216/1216
f 1217/1217 1218/1218 1219/1219
f 1220/1220 1221/1221 1222/1222
f 1223/1223 1224/1224 1225/1225
f 1226/1226 1227/1227 1228/1228
f 1229/1229 1230/1230 1231/1231
f 1232/1232 1233/1233 1234/1234
f 1234/1234 1235/1235 1232/1232
f 1236/1236 1237/1237 1238/1238
f 1238/1238 1239/1239 1236/1236
f 1240/1240 1241/1241 1242/1242
f 1242/1242 1243/1243 1240/1240
f 1244/1244 1245/1245 1246/1246
f 1246/1246 1247/1247 1244/1244
f 1248/1248 1249/1249 1250/1250
f 1251/1251 1252/1252 1253/1253
f 1254/1254 1255/1255 1256/1256
f 1257/1257 1258/1258 1259/1259
f 1260/1260 1261/1261 1262/1262
f 1263/1263 1264/1264 1265/1265
f 1266/1266 1267/1267 1268/1268
f 1269/1269 1270/1270 1271/1271
f 1272/1272 1273/1273 1274/1274
f 1275/1275 1276/1276 1277/1277
f 1278/1278 1279/1279 1280/1280
f 1281/1281 1282/1282 1283/1283
f 1284/1284 1285/1285 1286/1286
f 1286/1286 1287/1287 1284/1284
f 1288/1288 1289/1289 1290/1290
f 1290/1290 1291/1291 1288/1288
f 1292/1292 1293/1293 1294/1294
f 1294/1294 1295/1295 1292/1292
f 1296/1296 1297/1297 1298/1298
f 1298/1298 1299/1299 1296/1296
f 1300/1300 1301/1301 1302/1302
f 1303/1303 1301/1301 1300/1300
f 1300/1300 1302/1302 1304/1304
f 1304/1304 1305/1305 1300/1300
f 1306/1306 1303/1303 1300/1300
f 1300/1300 1307/1307 1306/1306
f 1308/1308 1309/1309 1310/1310
f 1311/1311 1310/1310 1309/1309
f 1309/1309 1312/1312 1311/1311
f 1310/1310 1313/1313 1308/1308
f 1313/1313 1310/1310 1314/1314
f 1314/1314 1315/1315 1313/1313
f 1316/1316 1317/1317 1318/1318
f 1317/1317 1319/1319 1318/1318
f 1319/1319 1317/1317 1320/1320
f 1320/1320 1321/1321 1319/1319
f 1318/1318 1322/1322 1316/1316
f 1323/1323 1316/1316 1322/1322
f 1322/1322 1324/1324 1323/1323
f 1325/1325 1326/1326 1327/1327
f 1327/1327 1328/1328 1325/1325
f 1326/1326 1329/1329 1327/1327
f 1327/1327 1329/1329 1330/1330
f 1327/1327 1330/1330 1331/1331
f 1331/1331 1332/1332 1327/1327
f 1333/1333 1334/1334 1335/1335
f 1336/1336 1337/1337 1338/1338
f 1339/1339 1340/1340 1341/1341
f 1342/1342 1343/1343 1344/1344
f 1345/1345 1346/1346 1347/1347
f 1347/1347 1348/1348 1345/1345
f 1349/1349 1350/1350 1351/1351
f 1351/1351 1352/1352 1349/1349
f 1353/1353 1354/1354 1355/1355
f 1355/1355 1356/1356 1353/1353
f 1357/1357 1358/1358 1359/1359
f 1359/1359 1360/1360 1357/1357
f 1361/1361 1362/1362 1363/1363
f 1364/1364 1361/1361 1365/1365
f 1361/1361 1363/1363 1365/1365
f 1363/1363 1366/1366 1365/1365
f 1366/1366 1367/1367 1365/1365
f 1363/1363 1368/1368 1369/1369
f 1363/1363 1369/1369 1370/1370
f 1363/1363 1370/1370 1366/1366
f 1369/1369 1371/1371 1370/1370
f 1372/1372 1373/1373 1366/1366
f 1374/1374 1372/1372 1366/1366
f 1370/1370 1374/1374 1366/1366
f 1374/1374 1375/1375 1372/1372
f 1370/1370 1376/1376 1374/1374
f 1376/1376 1377/1377 1374/1374
f 1370/1370 1378/1378 1376/1376
f 1379/1379 1380/1380 1381/1381
f 1382/1382 1379/1379 1383/1383
f 1379/1379 1384/1384 1383/1383
f 1384/1384 1385/1385 1383/1383
f 1379/1379 1381/1381 1384/1384
f 1386/1386 1387/1387 1384/1384
f 1388/1388 1386/1386 1384/1384
f 1381/1381 1388/1388 1384/1384
f 1388/1388 1389/1389 1386/1386
f 1381/1381 1390/1390 1391/1391
f 1381/1381 1391/1391 1392/1392
f 1381/1381 1392/1392 1388/1388
f 1391/1391 1393/1393 1392/1392
f 1392/1392 1394/1394 1388/1388
f 1394/1394 1395/1395 1388/1388
f 1392/1392 1396/1396 1394/1394
f 1397/1397 1398/1398 1399/1399
f 1400/1400 1397/1397 1401/1401
f 1397/1397 1402/1402 1401/1401
f 1402/1402 1403/1403 1401/1401
f 1397/1397 1399/1399 1402/1402
f 1404/1404 1405/1405 1402/1402
f 1406/1406 1404/1404 1402/1402
f 1399/1399 1406/1406 1402/1402
f 1406/1406 1407/1407 1404/1404
f 1399/1399 1408/1408 1409/1409
f 1399/1399 1409/1409 1410/1410
f 1399/1399 1410/1410 1406/1406
f 1409/1409 1411/1411 1410/1410
f 1410/1410 1412/1412 1406/1406
f 1412/1412 1413/1413 1406/1406
f 1410/1410 1414/1414 1412/1412
f 1415/1415 1416/1416 1417/1417
f 1418/1418 1415/1415 1419/1419
f 1415/1415 1417/1417 1419/1419
f 1417/1417 1420/1420 1419/1419
f 1420/1420 1421/1421 1419/1419
f 1417/1417 1422/1422 1423/1423
f 1417/1417 1423/1423 1424/1424
f 1417/1417 1424/1424 1420/1420
f 1423/1423 1425/1425 1424/1424
f 1426/1426 1427/1427 1420/1420
f 1428/1428 1426/1426 1420/1420
f 1424/1424 1428/1428 1420/1420
f 1428/1428 1429/1429 1426/1426
f 1424/1424 1430/1430 1428/1428
f 1430/1430 1431/1431 1428/1428
f 1424/1424 1432/1432 1430/1430
f 1433/1433 1434/1434 1435/1435
f 1436/1436 1437/1437 1438/1438
f 1439/1439 1440/1440 1441/1441
f 1442/1442 1443/1443 1444/1444
f 1445/1445 1446/1446 1447/1447
f 1447/1447 1448/1448 1445/1445
f 1449/1449 1450/1450 1451/1451
f 1451/1451 1452/1452 1449/1449
f 1453/1453 1454/1454 1455/1455
f 1455/1455 1456/1456 1453/1453
f 1457/1457 1458/1458 1459/1459
f 1459/1459 1460/1460 1457/1457
f 1461/1461 1462/1462 1463/1463
f 1464/1464 1465/1465 1466/1466
f 1467/1467 1468/1468 1469/1469
f 1470/1470 1471/1471 1472/1472
f 1473/1473 1474/1474 1475/1475
f 1475/1475 1476/1476 1473/1473
f 1477/1477 1478/1478 1479/1479
f 1480/1480 1481/1481 1482/1482
f 1483/1483 1484/1484 1485/1485
f 1485/1485 1486/1486 1483/1483
f 1487/1487 1488/1488 1489/1489
f 1489/1489 1490/1490 1487/1487
f 1491/1491 1492/1492 1493/1493
f 1493/1493 1494/1494 1491/1491
f 1495/1495 1496/1496 1497/1497
f 1497/1497 1498/1498 1495/1495
f 1499/1499 1500/1500 1501/1501
f 1501/1501 1502/1502 1499/1499
f 1503/1503 1504/1504 1505/1505
f 1505/1505 1506/1506 1503/1503
f 1507/1507 1508/1508 1509/1509
f 1509/1509 1510/1510 1507/1507
f 1511/1511 1512/1512 1513/1513
f 1513/1513 1514/1514 1511/1511
f 1515/1515 1516/1516 1517/1517
f 1517/1517 1518/1518 1515/1515
f 1519/1519 1520/1520 1521/1521
f 1521/1521 1522/1522 1519/1519
f 1523/1523 1524/1524 1525/1525
f 1526/1526 1527/1527 1528/1528
f 1528/1528 1529/1529 1526/1526
f 1530/1530 1531/1531 1532/1532
f 1532/1532 1533/1533 1530/1530
f 1534/1534 1535/1535 1536/1536
f 1537/1537 1538/1538 1539/1539
f 1540/1540 1541/1541 1542/1542
f 1543/1543 1544/1544 1545/1545
f 1546/1546 1547/1547 1548/1548
f 1549/1549 1550/1550 1551/1551
f 1552/1552 1553/1553 1554/1554
f 1554/1554 1555/1555 1552/1552
f 1556/1556 1557/1557 1558/1558
f 1558/1558 1559/1559 1556/1556
f 1560/1560 1561/1561 1562/1562
f 1563/1563 1564/1564 1565/1565
f 1566/1566 1567/1567 1568/1568
f 1569/1569 1570/1570 1571/1571
f 1572/1572 1573/1573 1574/1574
f 1575/1575 1576/1576 1577/1577
f 1577/1577 1578/1578 1575/1575
f 1579/1579 1580/1580 1581/1581
f 1581/1581 1582/1582 1579/1579
f 1583/1583 1584/1584 1585/1585
f 1585/1585 1586/1586 1583/1583
f 1587/1587 1588/1588 1589/1589
f 1589/1589 1590/1590 1587/1587
f 1591/1591 1592/1592 1593/1593
f 1593/1593 1594/1594 1591/1591
f 1595/1595 1596/1596 1597/1597
f 1597/1597 1598/1598 1595/1595
f 1599/1599 1600/1600 1601/1601
f 1601/1601 1602/1602 1599/1599
f 1603/1603 1604/1604 1605/1605
f 1605/1605 1606/1606 1603/1603
f 1607/1607 1608/1608 1609/1609
f 1607/1607 1609/1609 1610/1610
f 1609/1609 1611/1611 1610/1610
f 1612/1612 1607/1607 1610/1610
f 1613/1613 1614/1614 1615/1615
f 1613/1613 1615/1615 1616/1616
f 1615/1615 1617/1617 1616/1616
f 1618/1618 1613/1613 1616/1616
f 1619/1619 1620/1620 1621/1621
f 1619/1619 1621/1621 1622/1622
f 1621/1621 1623/1623 1622/1622
f 1624/1624 1619/1619 1622/1622
f 1625/1625 1626/1626 1627/1627
f 1625/1625 1627/1627 1628/1628
f 1627/1627 1629/1629 1628/1628
f 1630/1630 1625/1625 1628/1628
f 1631/1631 1632/1632 1633/1633
f 1633/1633 1634/1634 1631/1631
f 1635/1635 1636/1636 1637/1637
f 1637/1637 1638/1638 1635/1635
f 1639/1639 1640/1640 1641/1641
f 1642/1642 1643/1643 1644/1644
f 1645/1645 1646/1646 1647/1647
f 1647/1647 1648/1648 1645/1645
f 1649/1649 1650/1650 1651/1651
f 1652/1652 1653/1653 1654/1654
f 1655/1655 1656/1656 1657/1657
f 1658/1658 1659/1659 1660/1660
f 1661/1661 1662/1662 1663/1663
f 1663/1663 1664/1664 1661/1661
f 1662/1662 1661/1661 1665/1665
f 1665/1665 1666/1666 1662/1662
f 1667/1667 1663/1663 1662/1662
f 1662/1662 1668/1668 1667/1667
f 1669/1669 1670/1670 1671/1671
f 1671/1671 1672/1672 1669/1669
f 1673/1673 1669/1669 1672/1672
f 1672/1672 1674/1674 1673/1673
f 1672/1672 1671/1671 1675/1675
f 1675/1675 1676/1676 1672/1672
f 1677/1677 1678/1678 1679/1679
f 1679/1679 1680/1680 1677/1677
f 1681/1681 1677/1677 1680/1680
f 1680/1680 1682/1682 1681/1681
f 1680/1680 1679/1679 1683/1683
f 1683/1683 1684/1684 1680/1680
f 1685/1685 1686/1686 1687/1687
f 1687/1687 1688/1688 1685/1685
f 1686/1686 1685/1685 1689/1689
f 1689/1689 1690/1690 1686/1686
f 1691/1691 1687/1687 1686/1686
f 1686/1686 1692/1692 1691/1691
f 1693/1693 1694/1694 1695/1695
f 1695/1695 1694/1694 1696/1696
f 1693/1693 1695/1695 1697/1697
f 1698/1698 1695/1695 1696/1696
f 1699/1699 1700/1700 1701/1701
f 1700/1700 1702/1702 1701/1701
f 1703/1703 1702/1702 1700/1700
f 1703/1703 1700/1700 1704/1704
f 1705/1705 1706/1706 1707/1707
f 1708/1708 1709/1709 1710/1710
f 1711/1711 1712/1712 1713/1713
f 1714/1714 1715/1715 1716/1716
f 1717/1717 1718/1718 1719/1719
f 1719/1719 1720/1720 1717/1717
f 1721/1721 1720/1720 1719/1719
f 1719/1719 1722/1722 1721/1721
f 1723/1723 1721/1721 1722/1722
f 1722/1722 1724/1724 1723/1723
f 1725/1725 1723/1723 1724/1724
f 1724/1724 1726/1726 1725/1725
f 1727/1727 1725/1725 1726/1726
f 1727/1727 1726/1726 1728/1728
f 1728/1728 1729/1729 1727/1727
f 1729/1729 1728/1728 1730/1730
f 1730/1730 1731/1731 1729/1729
f 1732/1732 1731/1731 1730/1730
f 1730/1730 1733/1733 1732/1732
f 1734/1734 1732/1732 1733/1733
f 1733/1733 1735/1735 1734/1734
f 1733/1733 1736/1736 1735/1735
f 1736/1736 1733/1733 1737/1737
f 1737/1737 1738/1738 1736/1736
f 1737/1737 1739/1739 1738/1738
f 1740/1740 1739/1739 1737/1737
f 1737/1737 1741/1741 1740/1740
f 1742/1742 1743/1743 1744/1744
f 1744/1744 1745/1745 1742/1742
f 1744/1744 1743/1743 1746/1746
f 1744/1744 1746/1746 1747/1747
f 1744/1744 1747/1747 1748/1748
f 1744/1744 1748/1748 1749/1749
f 1749/1749 1750/1750 1744/1744
f 1750/1750 1751/1751 1744/1744
f 1744/1744 1751/1751 1752/1752
f 1744/1744 1752/1752 1753/1753
f 1753/1753 1754/1754 1744/1744
f 1753/1753 1755/1755 1754/1754
f 1755/1755 1756/1756 1754/1754
f 1756/1756 1757/1757 1754/1754
f 1757/1757 1758/1758 1754/1754
f 1754/1754 1758/1758 1759/1759
f 1759/1759 1760/1760 1754/1754
f 1761/1761 1762/1762 1763/1763
f 1764/1764 1762/1762 1761/1761
f 1764/1764 1765/1765 1762/1762
f 1766/1766 1764/1764 1761/1761
f 1767/1767 1768/1768 1769/1769
f 1767/1767 1769/1769 1770/1770
f 1769/1769 1771/1771 1770/1770
f 1772/1772 1767/1767 1770/1770
f 1773/1773 1774/1774 1775/1775
f 1773/1773 1775/1775 1776/1776
f 1775/1775 1777/1777 1776/1776
f 1778/1778 1773/1773 1776/1776
f 1779/1779 1780/1780 1781/1781
f 1782/1782 1780/1780 1779/1779
f 1782/1782 1783/1783 1780/1780
f 1784/1784 1782/1782 1779/1779
f 1785/1785 1786/1786 1787/1787
f 1787/1787 1788/1788 1785/1785
f 1789/1789 1787/1787 1786/1786
f 1786/1786 1790/1790 1789/1789
f 1791/1791 1789/1789 1790/1790
f 1790/1790 1792/1792 1791/1791
f 1793/1793 1791/1791 1792/1792
f 1792/1792 1794/1794 1793/1793
f 1795/1795 1793/1793 1794/1794
f 1794/1794 1796/1796 1795/1795
f 1797/1797 1798/1798 1799/1799
f 1799/1799 1800/1800 1797/1797
f 1800/1800 1799/1799 1801/1801
f 1801/1801 1802/1802 1800/1800
f 1802/1802 1801/1801 1803/1803
f 1803/1803 1804/1804 1802/1802
f 1804/1804 1803/1803 1805/1805
f 1805/1805 1806/1806 1804/1804
f 1806/1806 1805/1805 1807/1807
f 1807/1807 1808/1808 1806/1806
f 1809/1809 1810/1810 1811/1811
f 1811/1811 1812/1812 1809/1809
f 1812/1812 1811/1811 1813/1813
f 1813/1813 1814/1814 1812/1812
f 1814/1814 1813/1813 1815/1815
f 1815/1815 1816/1816 1814/1814
f 1816/1816 1815/1815 1817/1817
f 1817/1817 1818/1818 1816/1816
f 1818/1818 1817/1817 1819/1819
f 1819/1819 1820/1820 1818/1818
f 1821/1821 1822/1822 1823/1823
f 1823/1823 1824/1824 1821/1821
f 1825/1825 1823/1823 1822/1822
f 1822/1822 1826/1826 1825/1825
f 1827/1827 1825/1825 1826/1826
f 1826/1826 1828/1828 1827/1827
f 1829/1829 1827/1827 1828/1828
f 1828/1828 1830/1830 1829/1829
f 1831/1831 1829/1829 1830/1830
f 1830/1830 1832/1832 1831/1831
f 1833/1833 1834/1834 1835/1835
f 1835/1835 1836/1836 1833/1833
f 1837/1837 1838/1838 1839/1839
f 1839/1839 1840/1840 1837/1837
f 1841/1841 1842/1842 1843/1843
f 1843/1843 1844/1844 1841/1841
f 1845/1845 1846/1846 1847/1847
f 1847/1847 1848/1848 1845/1845
f 1849/1849 1850/1850 1851/1851
f 1851/1851 1852/1852 1849/1849
f 1853/1853 1854/1854 1855/1855
f 1855/1855 1856/1856 1853/1853
f 1857/1857 1858/1858 1859/1859
f 1859/1859 1860/1860 1857/1857
f 1861/1861 1862/1862 1863/1863
f 1863/1863 1864/1864 1861/1861
f 1865/1865 1866/1866 1867/1867
f 1867/1867 1868/1868 1865/1865
f 1869/1869 1870/1870 1871/1871
f 1871/1871 1872/1872 1869/1869
f 1873/1873 1874/1874 1875/1875
f 1875/1875 1876/1876 1873/1873
f 1877/1877 1878/1878 1879/1879
f 1879/1879 1880/1880 1877/1877
f 1881/1881 1882/1882 1883/1883
f 1884/1884 1885/1885 1886/1886
f 1887/1887 1888/1888 1889/1889
f 1890/1890 1891/1891 1892/1892
f 1893/1893 1894/1894 1895/1895
f 1896/1896 1897/1897 1898/1898
f 1899/1899 1900/1900 1901/1901
f 1902/1902 1903/1903 1904/1904
f 1905/1905 1906/1906 1907/1907
f 1907/1907 1908/1908 1905/1905
f 1909/1909 1910/1910 1911/1911
f 1912/1912 1913/1913 1914/1914
f 1915/1915 1916/1916 1917/1917
f 1917/1917 1918/1918 1915/1915
f 1919/1919 1920/1920 1921/1921
f 1922/1922 1923/1923 1924/1924
f 1925/1925 1926/1926 1927/1927
f 1928/1928 1929/1929 1930/1930
f 1931/1931 1932/1932 1933/1933
f 1934/1934 1935/1935 1936/1936
f 1937/1937 1938/1938 1939/1939
f 1939/1939 1940/1940 1937/1937
f 1941/1941 1942/1942 1943/1943
f 1943/1943 1944/1944 1941/1941
f 1945/1945 1946/1946 1947/1947
f 1947/1947 1948/1948 1945/1945
f 1949/1949 1950/1950 1951/1951
f 1951/1951 1952/1952 1949/1949
f 1953/1953 1954/1954 1955/1955
f 1955/1955 1956/1956 1953/1953
f 1957/1957 1958/1958 1959/1959
f 1960/1960 1961/1961 1962/1962
f 1963/1963 1964/1964 1965/1965
f 1965/1965 1966/1966 1963/1963
f 1967/1967 1968/1968 1969/1969
f 1970/1970 1971/1971 1972/1972
f 1973/1973 1974/1974 1975/1975
f 1976/1976 1977/1977 1978/1978
f 1979/1979 1980/1980 1981/1981
f 1982/1982 1983/1983 1984/1984
f 1985/1985 1986/1986 1987/1987
f 1988/1988 1989/1989 1990/1990
f 1991/1991 1992/1992 1993/1993
f 1994/1994 1995/1995 1996/1996
f 1997/1997 1998/1998 1999/1999
f 1999/1999 2000/2000 1997/1997
f 2001/2001 2002/2002 2003/2003
f 2003/2003 2004/2004 2001/2001
f 2005/2005 2006/2006 2007/2007
f 2007/2007 2008/2008 2005/2005
f 2009/2009 2010/2010 2011/2011
f 2011/2011 2012/2012 2009/2009
f 2013/2013 2014/2014 2015/2015
f 2016/2016 2017/2017 2018/2018
f 2019/2019 2020/2020 2021/2021
f 2022/2022 2023/2023 2024/2024
f 2025/2025 2026/2026 2027/2027
f 2028/2028 2029/2029 2030/2030
f 2031/2031 2032/2032 2033/2033
f 2034/2034 2035/2035 2036/2036
f 2037/2037 2038/2038 2039/2039
f 2039/2039 2040/2040 2037/2037
f 2041/2041 2042/2042 2043/2043
f 2043/2043 2044/2044 2041/2041
f 2045/2045 2046/2046 2047/2047
f 2047/2047 2048/2048 2045/2045
f 2049/2049 2050/2050 2051/2051
f 2051/2051 2052/2052 2049/2049
f 2053/2053 2054/2054 2055/2055
f 2056/2056 2057/2057 2058/2058
f 2059/2059 2060/2060 2061/2061
f 2062/2062 2063/2063 2064/2064
f 2065/2065 2066/2066 2067/2067
f 2068/2068 2069/2069 2070/2070
f 2071/2071 2072/2072 2073/2073
f 2073/2073 2074/2074 2071/2071
f 2075/2075 2074/2074 2073/2073
f 2073/2073 2076/2076 2075/2075
f 2077/2077 2078/2078 2079/2079
f 2079/2079 2080/2080 2081/2081
f 2082/2082 2083/2083 2084/2084
f 2085/2085 2083/2083 2082/2082
f 2086/2086 2087/2087 2088/2088
f 2089/2089 2090/2090 2091/2091
f 2092/2092 2093/2093 2094/2094
f 2095/2095 2096/2096 2097/2097
f 2098/2098 2099/2099 2100/2100
f 2101/2101 2102/2102 2103/2103
f 2104/2104 2105/2105 2106/2106
f 2107/2107 2108/2108 2109/2109
f 2110/2110 2111/2111 2112/2112
f 2113/2113 2114/2114 2115/2115
f 2116/2116 2117/2117 2118/2118
f 2118/2118 2119/2119 2116/2116
f 2120/2120 2121/2121 2122/2122
f 2122/2122 2123/2123 2120/2120
f 2124/2124 2125/2125 2126/2126
f 2126/2126 2127/2127 2124/2124
f 2128/2128 2129/2129 2130/2130
f 2130/2130 2131/2131 2128/2128
f 2132/2132 2133/2133 2134/2134
f 2135/2135 2136/2136 2137/2137
f 2138/2138 2139/2139 2140/2140
f 2141/2141 2142/2142 2143/2143
f 2144/2144 2145/2145 2146/2146
f 2147/2147 2148/2148 2149/2149
f 2150/2150 2151/2151 2152/2152
f 2153/2153 2154/2154 2155/2155
f 2156/2156 2157/2157 2158/2158
f 2159/2159 2160/2160 2161/2161
f 2162/2162 2163/2163 2164/2164
f 2165/2165 2166/2166 2167/2167
f 2168/2168 2169/2169 2170/2170
f 2171/2171 2172/2172 2173/2173
f 2174/2174 2175/2175 2176/2176
f 2177/2177 2178/2178 2179/2179
f 2180/2180 2181/2181 2182/2182
f 2183/2183 2184/2184 2185/2185
f 2186/2186 2187/2187 2188/2188
f 2189/2189 2190/2190 2191/2191
f 2192/2192 2193/2193 2194/2194
f 2194/2194 2195/2195 2192/2192
f 2196/2196 2197/2197 2198/2198
f 2198/2198 2199/2199 2196/2196
f 2200/2200 2201/2201 2202/2202
f 2202/2202 2203/2203 2200/2200
f 2204/2204 2205/2205 2206/2206
f 2206/2206 2207/2207 2204/2204
f 2208/2208 2209/2209 2210/2210
f 2211/2211 2212/2212 2213/2213
f 2214/2214 2215/2215 2216/2216
f 2217/2217 2218/2218 2219/2219
f 2220/2220 2221/2221 2222/2222
f 2223/2223 2224/2224 2225/2225
f 2226/2226 2227/2227 2228/2228
f 2229/2229 2230/2230 2231/2231
f 2232/2232 2233/2233 2234/2234
f 2235/2235 2236/2236 2237/2237
f 2238/2238 2239/2239 2240/2240
f 2241/2241 2242/2242 2243/2243
f 2244/2244 2245/2245 2246/2246
f 2247/2247 2248/2248 2249/2249
f 2250/2250 2251/2251 2252/2252
f 2253/2253 2254/2254 2255/2255
f 2256/2256 2257/2257 2258/2258
f 2259/2259 2260/2260 2261/2261
f 2262/2262 2263/2263 2264/2264
f 2265/2265 2266/2266 2267/2267
f 2268/2268 2269/2269 2270/2270
f 2271/2271 2272/2272 2273/2273
f 2274/2274 2275/2275 2276/2276
f 2277/2277 2278/2278 2279/2279
f 2280/2280 2281/2281 2282/2282
f 2282/2282 2283/2283 2280/2280
f 2282/2282 2281/2281 2284/2284
f 2284/2284 2285/2285 2282/2282
f 2286/2286 2287/2287 2288/2288
f 2288/2288 2289/2289 2286/2286
f 2290/2290 2289/2289 2288/2288
f 2288/2288 2291/2291 2290/2290
f 2292/2292 2293/2293 2294/2294
f 2294/2294 2295/2295 2292/2292
f 2296/2296 2295/2295 2294/2294
f 2294/2294 2297/2297 2296/2296
f 2298/2298 2299/2299 2300/2300
f 2300/2300 2301/2301 2298/2298
f 2300/2300 2299/2299 2302/2302
f 2302/2302 2303/2303 2300/2300
f 2304/2304 2305/2305 2306/2306
f 2307/2307 2308/2308 2309/2309
f 2310/2310 2311/2311 2312/2312
f 2313/2313 2314/2314 2315/2315
f 2316/2316 2317/2317 2318/2318
f 2316/2316 2318/2318 2319/2319
f 2318/2318 2320/2320 2319/2319
f 2318/2318 2321/2321 2320/2320
f 2322/2322 2323/2323 2324/2324
f 2325/2325 2322/2322 2324/2324
f 2326/2326 2325/2325 2324/2324
f 2326/2326 2324/2324 2327/2327
f 2328/2328 2329/2329 2330/2330
f 2331/2331 2328/2328 2330/2330
f 2332/2332 2331/2331 2330/2330
f 2332/2332 2330/2330 2333/2333
f 2334/2334 2335/2335 2336/2336
f 2334/2334 2336/2336 2337/2337
f 2336/2336 2338/2338 2337/2337
f 2336/2336 2339/2339 2338/2338
f 2340/2340 2341/2341 2342/2342
f 2343/2343 2344/2344 2345/2345
f 2346/2346 2347/2347 2348/2348
f 2349/2349 2350/2350 2351/2351
f 2352/2352 2353/2353 2354/2354
f 2355/2355 2356/2356 2357/2357
f 2358/2358 2359/2359 2360/2360
f 2361/2361 2362/2362 2363/2363
f 2364/2364 2365/2365 2366/2366
f 2367/2367 2368/2368 2369/2369
f 2370/2370 2371/2371 2372/2372
f 2373/2373 2374/2374 2375/2375
f 2376/2376 2377/2377 2378/2378
f 2379/2379 2380/2380 2381/2381
f 2382/2382 2383/2383 2384/2384
f 2385/2385 2386/2386 2387/2387
f 2388/2388 2389/2389 2390/2390
f 2391/2391 2392/2392 2393/2393
f 2394/2394 2395/2395 2396/2396
f 2397/2397 2398/2398 2399/2399
f 2400/2400 2401/2401 2402/2402
f 2403/2403 2404/2404 2405/2405
f 2406/2406 2407/2407 2408/2408
f 2409/2409 2410/2410 2411/2411
f 2412/2412 2413/2413 2414/2414
f 2415/2415 2416/2416 2417/2417
f 2418/2418 2419/2419 2420/2420
f 2421/2421 2422/2422 2423/2423
f 2424/2424 2425/2425 2426/2426
f 2427/2427 2428/2428 2429/2429
f 2430/2430 2431/2431 2432/2432
f 2433/2433 2434/2434 2435/2435
f 2436/2436 2437/2437 2438/2438
f 2438/2438 2439/2439 2436/2436
f 2438/2438 2437/2437 2440/2440
f 2438/2438 2440/2440 2441/2441
f 2438/2438 2441/2441 2442/2442
f 2438/2438 2442/2442 2443/2443
f 2443/2443 2444/2444 2438/2438
f 2443/2443 2445/2445 2444/2444
f 2445/2445 2446/2446 2444/2444
f 2444/2444 2446/2446 2447/2447
f 2444/2444 2447/2447 2448/2448
f 2448/2448 2449/2449 2444/2444
f 2448/2448 2450/2450 2449/2449
f 2450/2450 2451/2451 2449/2449
f 2451/2451 2452/2452 2449/2449
f 2452/2452 2453/2453 2449/2449
f 2449/2449 2453/2453 2454/2454
f 2454/2454 2455/2455 2449/2449
f 2456/2456 2457/2457 2458/2458
f 2458/2458 2459/2459 2456/2456
f 2460/2460 2459/2459 2458/2458
f 2458/2458 2461/2461 2460/2460
f 2462/2462 2460/2460 2461/2461
f 2463/2463 2462/2462 2461/2461
f 2461/2461 2464/2464 2463/2463
f 2465/2465 2463/2463 2464/2464
f 2464/2464 2466/2466 2465/2465
f 2465/2465 2466/2466 2467/2467
f 2467/2467 2468/2468 2465/2465
f 2467/2467 2469/2469 2468/2468
f 2470/2470 2469/2469 2467/2467
f 2467/2467 2471/2471 2470/2470
f 2472/2472 2470/2470 2471/2471
f 2471/2471 2473/2473 2472/2472
f 2472/2472 2473/2473 2474/2474
f 2474/2474 2475/2475 2472/2472
f 2475/2475 2474/2474 2476/2476
f 2476/2476 2477/2477 2475/2475
f 2476/2476 2478/2478 2477/2477
f 2478/2478 2476/2476 2479/2479
f 2479/2479 2480/2480 2478/2478
f 2481/2481 2480/2480 2479/2479
f 2479/2479 2482/2482 2481/2481
f 2483/2483 2484/2484 2485/2485
f 2483/2483 2485/2485 2486/2486
f 2483/2483 2486/2486 2487/2487
f 2488/2488 2483/2483 2487/2487
f 2489/2489 2490/2490 2491/2491
f 2492/2492 2490/2490 2489/2489
f 2493/2493 2492/2492 2489/2489
f 2494/2494 2493/2493 2489/2489
f 2495/2495 2496/2496 2497/2497
f 2498/2498 2496/2496 2495/2495
f 2499/2499 2498/2498 2495/2495
f 2500/2500 2499/2499 2495/2495
f 2501/2501 2502/2502 2503/2503
f 2501/2501 2503/2503 2504/2504
f 2501/2501 2504/2504 2505/2505
f 2506/2506 2501/2501 2505/2505
f 2507/2507 2508/2508 2509/2509
f 2510/2510 2509/2509 2508/2508
f 2508/2508 2511/2511 2510/2510
f 2509/2509 2512/2512 2507/2507
f 2513/2513 2507/2507 2512/2512
f 2512/2512 2514/2514 2513/2513
f 2515/2515 2513/2513 2514/2514
f 2514/2514 2516/2516 2515/2515
f 2517/2517 2518/2518 2519/2519
f 2518/2518 2517/2517 2520/2520
f 2519/2519 2521/2521 2517/2517
f 2521/2521 2519/2519 2522/2522
f 2522/2522 2523/2523 2521/2521
f 2520/2520 2524/2524 2518/2518
f 2524/2524 2520/2520 2525/2525
f 2525/2525 2526/2526 2524/2524
f 2527/2527 2528/2528 2529/2529
f 2528/2528 2527/2527 2530/2530
f 2529/2529 2531/2531 2527/2527
f 2531/2531 2529/2529 2532/2532
f 2532/2532 2533/2533 2531/2531
f 2530/2530 2534/2534 2528/2528
f 2534/2534 2530/2530 2535/2535
f 2535/2535 2536/2536 2534/2534
f 2537/2537 2538/2538 2539/2539
f 2540/2540 2539/2539 2538/2538
f 2538/2538 2541/2541 2540/2540
f 2539/2539 2542/2542 2537/2537
f 2543/2543 2537/2537 2542/2542
f 2542/2542 2544/2544 2543/2543
f 2545/2545 2543/2543 2544/2544
f 2544/2544 2546/2546 2545/2545
